instrument,timeframe,N,M,model,price_series,indicators,segment,seeds,n_train,n_fit,n_es,n_val,excluded_gaps,h1_dir_n,h1_dir_excluded,h1_dir_acc,h1_dir_se,h1_mae_high,h1_mae_low,h1_mae_close,h2_dir_n,h2_dir_excluded,h2_dir_acc,h2_dir_se,h2_mae_high,h2_mae_low,h2_mae_close,h1_dir_acc_minus_ZERO,h1_mae_high_minus_ZERO,h1_mae_low_minus_ZERO,h1_mae_close_minus_ZERO,h1_dir_acc_minus_REPEAT,h1_mae_high_minus_REPEAT,h1_mae_low_minus_REPEAT,h1_mae_close_minus_REPEAT,h1_dir_acc_minus_MEAN,h1_mae_high_minus_MEAN,h1_mae_low_minus_MEAN,h1_mae_close_minus_MEAN,h1_dir_acc_min,h1_dir_acc_max,h1_mae_high_min,h1_mae_high_max,h1_mae_low_min,h1_mae_low_max,h1_mae_close_min,h1_mae_close_max,h2_dir_acc_minus_ZERO,h2_mae_high_minus_ZERO,h2_mae_low_minus_ZERO,h2_mae_close_minus_ZERO,h2_dir_acc_minus_REPEAT,h2_mae_high_minus_REPEAT,h2_mae_low_minus_REPEAT,h2_mae_close_minus_REPEAT,h2_dir_acc_minus_MEAN,h2_mae_high_minus_MEAN,h2_mae_low_minus_MEAN,h2_mae_close_minus_MEAN,h2_dir_acc_min,h2_dir_acc_max,h2_mae_high_min,h2_mae_high_max,h2_mae_low_min,h2_mae_low_max,h2_mae_close_min,h2_mae_close_max
EURUSD,M5,21,1,ZERO,mid,sma100 atr14 ema21,val,,657069,591351,65697,109511,0,0.0,109511.0,,,14.917462348937988,14.975408554077148,16.737565994262695,,,,,,,,,,,,,,,,,,,,,,,,,,,,,,,,,,,,,,,,,,,,,,,
EURUSD,M5,21,1,REPEAT,mid,sma100 atr14 ema21,val,,657069,591351,65697,109511,0,105635.0,3876.0,0.4958299805935532,0.0015383887170505,14.774606704711914,14.86838722229004,23.976112365722656,,,,,,,,,,,,,,,,,,,,,,,,,,,,,,,,,,,,,,,,,,,,,,,
EURUSD,M5,21,1,MEAN,mid,sma100 atr14 ema21,val,,657069,591351,65697,109511,0,107487.0,2024.0,0.4958460092848437,0.0015250779201278,14.917462348937988,14.975408554077148,16.73818016052246,,,,,,,,,,,,,,,,,,,,,,,,,,,,,,,,,,,,,,,,,,,,,,,
EURUSD,M5,21,1,lgbm,mid,sma100 atr14 ema21,val,42,657069,591351,65697,109511,0,107487.0,2024.0,0.5017257900955464,0.0015250779201278,11.183069229125977,11.285747528076172,16.738384246826172,,,,,,,,,-3.734393119812012,-3.689661026000977,0.0008182525634765,0.0058958095019931,-3.591537475585937,-3.582639694213867,-7.237728118896484,0.0058797808107026,-3.734393119812012,-3.689661026000977,0.0002040863037109,,,,,,,,,,,,,,,,,,,,,,,,,,,,
EURUSD,M5,21,1,gru,mid,sma100 atr14 ema21,val,0 1 2,657069,591351,65697,109511,0,107487.0,2024.0,0.504978896672776,0.0015250779201278,11.140585581461588,11.22669760386149,16.74891535441081,,,,,,,,,-3.7768767674764,-3.748710950215658,0.0113493601481131,0.0091489160792226,-3.634021123250326,-3.6416896184285488,-7.227197011311848,0.0091328873879322,-3.7768767674764,-3.748710950215658,0.0107351938883475,0.5002186310902714,0.5079404951296436,11.022863388061523,11.30788230895996,11.188458442687988,11.29591464996338,16.741846084594727,16.757478713989258,,,,,,,,,,,,,,,,,,,,
EURUSD,M5,21,2,ZERO,mid,sma100 atr14 ema21,val,,657068,591350,65696,109510,0,0.0,109510.0,,,14.917518615722656,14.975210189819336,16.7374210357666,0.0,109510.0,,,22.869298934936523,23.137540817260746,23.884504318237305,,,,,,,,,,,,,,,,,,,,,,,,,,,,,,,,,,,,,,,,
EURUSD,M5,21,2,REPEAT,mid,sma100 atr14 ema21,val,,657068,591350,65696,109510,0,105634.0,3876.0,0.4958252077929455,0.0015383959987263,14.774686813354492,14.868176460266112,23.976093292236328,106229.0,3281.0,0.4944789087725574,0.0015340815885434,33.4501838684082,33.60596466064453,41.7409553527832,,,,,,,,,,,,,,,,,,,,,,,,,,,,,,,,,,,,,,,,
EURUSD,M5,21,2,MEAN,mid,sma100 atr14 ema21,val,,657068,591350,65696,109510,0,107486.0,2024.0,0.4958413188694341,0.0015250850144209,14.917518615722656,14.975210189819336,16.738037109375,108103.0,1407.0,0.4936218236311666,0.0015207265601639,22.869298934936523,23.137540817260746,23.88568115234375,,,,,,,,,,,,,,,,,,,,,,,,,,,,,,,,,,,,,,,,
EURUSD,M5,21,2,lgbm,mid,sma100 atr14 ema21,val,42,657068,591350,65696,109510,0,107486.0,2024.0,0.5017211543828963,0.0015250850144209,11.189291000366213,11.28456974029541,16.73824119567871,108103.0,1407.0,0.5082005124742144,0.0015207265601639,20.415266036987305,20.701648712158203,23.880504608154297,,-3.728227615356445,-3.690640449523926,0.0008201599121093,0.0058959465899508,-3.585395812988281,-3.583606719970703,-7.237852096557617,0.0058798355134621,-3.728227615356445,-3.690640449523926,0.0002040863037109,,,,,,,,,,-2.4540328979492188,-2.435892105102539,-0.0039997100830078,0.0137216037016569,-13.034917831420898,-12.904315948486328,-17.860450744628906,0.0145786888430478,-2.4540328979492188,-2.435892105102539,-0.0051765441894531,,,,,,,,
EURUSD,M5,21,2,gru,mid,sma100 atr14 ema21,val,0 1 2,657068,591350,65696,109510,0,107486.0,2024.0,0.5055076940252684,0.0015250850144209,11.161003430684408,11.265578905741371,16.74574152628581,108103.0,1407.0,0.5093228988403036,0.0015207265601639,20.348324457804363,20.55948003133138,23.88444709777832,,-3.756515185038248,-3.709631284077963,0.0083204905192069,0.0096824862323229,-3.613683382670084,-3.60259755452474,-7.23035176595052,0.0096663751558342,-3.756515185038248,-3.709631284077963,0.0077044169108084,0.5019351357386078,0.5082708445751074,11.10269832611084,11.222187042236328,11.123807907104492,11.41982364654541,16.7420654296875,16.74867057800293,,-2.5209744771321603,-2.578060785929363,-5.7220458984375e-05,0.0148439900677461,-13.10185941060384,-13.046484629313152,-17.856508255004883,0.0157010752091369,-2.5209744771321603,-2.578060785929363,-0.0012340545654296,0.5080617559179671,0.5113179097712367,20.30974769592285,20.387800216674805,20.54785346984864,20.57439041137696,23.878005981445312,23.88951301574707
EURUSD,M5,37,1,ZERO,mid,sma100 atr14 ema21,val,,657053,591335,65681,109495,0,0.0,109495.0,,,14.917804718017578,14.975547790527344,16.73868179321289,,,,,,,,,,,,,,,,,,,,,,,,,,,,,,,,,,,,,,,,,,,,,,,
EURUSD,M5,37,1,REPEAT,mid,sma100 atr14 ema21,val,,657053,591335,65681,109495,0,105619.0,3876.0,0.4958198808926424,0.0015385052362722,14.775802612304688,14.86916732788086,23.97797584533692,,,,,,,,,,,,,,,,,,,,,,,,,,,,,,,,,,,,,,,,,,,,,,,
EURUSD,M5,37,1,MEAN,mid,sma100 atr14 ema21,val,,657053,591335,65681,109495,0,107471.0,2024.0,0.4958640005210708,0.0015251914406989,14.917804718017578,14.975547790527344,16.73929214477539,,,,,,,,,,,,,,,,,,,,,,,,,,,,,,,,,,,,,,,,,,,,,,,
EURUSD,M5,37,1,lgbm,mid,sma100 atr14 ema21,val,42,657053,591335,65681,109495,0,107471.0,2024.0,0.4968782276148915,0.0015251914406989,11.18276309967041,11.282185554504396,16.739206314086914,,,,,,,,,-3.735041618347168,-3.693362236022949,0.0005245208740234,0.001058346722249,-3.5930395126342773,-3.586981773376465,-7.23876953125,0.0010142270938206,-3.735041618347168,-3.693362236022949,-8.58306884765625e-05,,,,,,,,,,,,,,,,,,,,,,,,,,,,
EURUSD,M5,37,1,gru,mid,sma100 atr14 ema21,val,0 1 2,657053,591335,65681,109495,0,107471.0,2024.0,0.5052246652585349,0.0015251914406989,11.101581573486328,11.250394503275553,16.750239690144856,,,,,,,,,-3.81622314453125,-3.725153287251791,0.0115578969319649,0.0094047843658925,-3.67422103881836,-3.6187728246053066,-7.227736155192058,0.0093606647374641,-3.81622314453125,-3.725153287251791,0.0109475453694649,0.5032148207423398,0.5066296954527267,11.081703186035156,11.12155818939209,11.206543922424316,11.285624504089355,16.748106002807617,16.7537899017334,,,,,,,,,,,,,,,,,,,,
EURUSD,M5,37,2,ZERO,mid,sma100 atr14 ema21,val,,657052,591334,65680,109494,0,0.0,109494.0,,,14.917865753173828,14.975350379943848,16.73853874206543,0.0,109494.0,,,22.87077140808105,23.13839530944824,23.88605690002441,,,,,,,,,,,,,,,,,,,,,,,,,,,,,,,,,,,,,,,,
EURUSD,M5,37,2,REPEAT,mid,sma100 atr14 ema21,val,,657052,591334,65680,109494,0,105618.0,3876.0,0.4958151072733814,0.0015385125196027,14.775882720947266,14.868956565856934,23.977956771850582,106213.0,3281.0,0.4944686620281886,0.0015341971317495,33.453094482421875,33.60813522338867,41.74366760253906,,,,,,,,,,,,,,,,,,,,,,,,,,,,,,,,,,,,,,,,
EURUSD,M5,37,2,MEAN,mid,sma100 atr14 ema21,val,,657052,591334,65680,109494,0,107470.0,2024.0,0.495859309574765,0.0015251985365763,14.917865753173828,14.975350379943848,16.739151000976562,108087.0,1407.0,0.4936393830895482,0.0015208391117408,22.87077140808105,23.13839530944824,23.887226104736328,,,,,,,,,,,,,,,,,,,,,,,,,,,,,,,,,,,,,,,,
EURUSD,M5,37,2,lgbm,mid,sma100 atr14 ema21,val,42,657052,591334,65680,109494,0,107470.0,2024.0,0.49687354610589,0.0015251985365763,11.179980278015137,11.285595893859863,16.73906135559082,108087.0,1407.0,0.5080722010972643,0.0015208391117408,20.43036842346192,20.656938552856445,23.88474464416504,,-3.7378854751586914,-3.689754486083984,0.0005226135253906,0.0010584388325086,-3.595902442932129,-3.5833606719970703,-7.238895416259766,0.0010142365311249,-3.7378854751586914,-3.689754486083984,-8.96453857421875e-05,,,,,,,,,,-2.4404029846191406,-2.481456756591797,-0.001312255859375,0.0136035390690756,-13.02272605895996,-12.951196670532228,-17.858922958374023,0.014432818007716,-2.4404029846191406,-2.481456756591797,-0.002481460571289,,,,,,,,
EURUSD,M5,37,2,gru,mid,sma100 atr14 ema21,val,0 1 2,657052,591334,65680,109494,0,107470.0,2024.0,0.5062405012251481,0.0015251985365763,11.068953196207682,11.244425773620604,16.746095657348633,108087.0,1407.0,0.5090343889644453,0.0015208391117408,20.33906428019206,20.554086049397785,23.88616689046224,,-3.8489125569661455,-3.730924606323242,0.0075569152832031,0.0104253939517666,-3.706929524739584,-3.624530792236328,-7.231861114501953,0.010381191650383,-3.8489125569661455,-3.730924606323242,0.0069446563720703,0.5046524611519494,0.5081045873266958,11.059104919433594,11.079819679260254,11.158185958862305,11.309587478637695,16.744524002075195,16.747591018676758,,-2.531707127888996,-2.584309260050457,0.0001099904378243,0.0145657269362566,-13.114030202229817,-13.054049173990888,-17.857500712076824,0.015395005874897,-2.531707127888996,-2.584309260050457,-0.0010592142740897,0.5052041411085515,0.5127073561112807,20.31285095214844,20.388139724731445,20.52554512023925,20.57276153564453,23.881362915039062,23.891685485839844
EURUSD,M5,42,1,ZERO,mid,sma100 atr14 ema21,val,,657048,591330,65676,109490,0,0.0,109490.0,,,14.91770362854004,14.97544765472412,16.738401412963867,,,,,,,,,,,,,,,,,,,,,,,,,,,,,,,,,,,,,,,,,,,,,,,
EURUSD,M5,42,1,REPEAT,mid,sma100 atr14 ema21,val,,657048,591330,65676,109490,0,105614.0,3876.0,0.4958244172174144,0.001538541653959,14.775221824645996,14.868590354919434,23.97718048095703,,,,,,,,,,,,,,,,,,,,,,,,,,,,,,,,,,,,,,,,,,,,,,,
EURUSD,M5,42,1,MEAN,mid,sma100 atr14 ema21,val,,657048,591330,65676,109490,0,107466.0,2024.0,0.4958498501851748,0.0015252269210764,14.91770362854004,14.97544765472412,16.739015579223633,,,,,,,,,,,,,,,,,,,,,,,,,,,,,,,,,,,,,,,,,,,,,,,
EURUSD,M5,42,1,lgbm,mid,sma100 atr14 ema21,val,42,657048,591330,65676,109490,0,107466.0,2024.0,0.5013864850278228,0.0015252269210764,11.17438793182373,11.28120231628418,16.739116668701172,,,,,,,,,-3.7433156967163086,-3.694245338439941,0.0007152557373046,0.0055620678104084,-3.6008338928222656,-3.587388038635254,-7.238063812255859,0.0055366348426479,-3.7433156967163086,-3.694245338439941,0.000101089477539,,,,,,,,,,,,,,,,,,,,,,,,,,,,
EURUSD,M5,42,1,gru,mid,sma100 atr14 ema21,val,0 1 2,657048,591330,65676,109490,0,107466.0,2024.0,0.5069510356763999,0.0015252269210764,11.14109230041504,11.205607414245604,16.749919255574543,,,,,,,,,-3.776611328125,-3.769840240478516,0.0115178426106758,0.0111266184589854,-3.634129524230957,-3.662982940673828,-7.227261225382488,0.011101185491225,-3.776611328125,-3.769840240478516,0.0109036763509102,0.5055552453799341,0.5077698993169932,11.065632820129396,11.233078002929688,11.144036293029783,11.27115535736084,16.74529457092285,16.75478744506836,,,,,,,,,,,,,,,,,,,,
EURUSD,M5,42,2,ZERO,mid,sma100 atr14 ema21,val,,657047,591329,65675,109489,0,0.0,109489.0,,,14.917762756347656,14.975250244140623,16.738256454467773,0.0,109489.0,,,22.87090110778809,23.138803482055664,23.885801315307617,,,,,,,,,,,,,,,,,,,,,,,,,,,,,,,,,,,,,,,,
EURUSD,M5,42,2,REPEAT,mid,sma100 atr14 ema21,val,,657047,591329,65675,109489,0,105613.0,3876.0,0.4958196434151098,0.0015385489378066,14.775301933288574,14.868379592895508,23.977161407470703,106208.0,3281.0,0.4944542783971075,0.0015342332443558,33.4527587890625,33.60751724243164,41.74329376220703,,,,,,,,,,,,,,,,,,,,,,,,,,,,,,,,,,,,,,,,
EURUSD,M5,42,2,MEAN,mid,sma100 atr14 ema21,val,,657047,591329,65675,109489,0,107465.0,2024.0,0.4958451588889406,0.0015252340174491,14.917762756347656,14.975250244140623,16.738872528076172,108082.0,1407.0,0.4936252104883329,0.0015208742892339,22.87090110778809,23.138803482055664,23.886978149414062,,,,,,,,,,,,,,,,,,,,,,,,,,,,,,,,,,,,,,,,
EURUSD,M5,42,2,lgbm,mid,sma100 atr14 ema21,val,42,657047,591329,65675,109489,0,107465.0,2024.0,0.5013818452519425,0.0015252340174491,11.17612648010254,11.302522659301758,16.738971710205078,108082.0,1407.0,0.5085213078958568,0.0015208742892339,20.42265892028809,20.66032218933105,23.89006805419922,,-3.741636276245117,-3.672727584838867,0.0007152557373046,0.0055622018368326,-3.599175453186035,-3.56585693359375,-7.238189697265625,0.0055366863630019,-3.741636276245117,-3.672727584838867,9.918212890625e-05,,,,,,,,,,-2.4482421875,-2.4784812927246094,0.0042667388916015,0.0140670294987492,-13.030099868774414,-12.947195053100586,-17.853225708007812,0.0148960974075239,-2.4482421875,-2.4784812927246094,0.0030899047851562,,,,,,,,
EURUSD,M5,42,2,gru,mid,sma100 atr14 ema21,val,0 1 2,657047,591329,65675,109489,0,107465.0,2024.0,0.5053459265807473,0.0015252340174491,11.12942632039388,11.304709752400717,16.746684392293293,108082.0,1407.0,0.5056068540552543,0.0015208742892339,20.33418909708659,20.61939748128255,23.8927001953125,,-3.788336435953776,-3.670540491739908,0.0084279378255196,0.0095262831656374,-3.645875612894693,-3.563669840494791,-7.23047701517741,0.0095007676918066,-3.788336435953776,-3.670540491739908,0.0078118642171212,0.5040059554273484,0.5076536546782674,11.083659172058104,11.16366958618164,11.229001998901367,11.388677597045898,16.745023727416992,16.748714447021484,,-2.536712010701496,-2.519406000773113,0.0068988800048828,0.0111525756581467,-13.11856969197591,-12.98811976114909,-17.85059356689453,0.0119816435669213,-2.536712010701496,-2.519406000773113,0.0057220458984375,0.5046076127384763,0.5065690864343739,20.32295799255371,20.349592208862305,20.603240966796875,20.637575149536133,23.88603401184082,23.900453567504883
EURUSD,M5,108,1,ZERO,mid,sma100 atr14 ema21,val,,656982,591264,65610,109424,0,0.0,109424.0,,,14.91795825958252,14.97678565979004,16.735034942626953,,,,,,,,,,,,,,,,,,,,,,,,,,,,,,,,,,,,,,,,,,,,,,,
EURUSD,M5,108,1,REPEAT,mid,sma100 atr14 ema21,val,,656982,591264,65610,109424,0,105549.0,3875.0,0.4958739542771603,0.0015390153193454,14.772069931030272,14.86635971069336,23.971332550048828,,,,,,,,,,,,,,,,,,,,,,,,,,,,,,,,,,,,,,,,,,,,,,,
EURUSD,M5,108,1,MEAN,mid,sma100 atr14 ema21,val,,656982,591264,65610,109424,0,107401.0,2023.0,0.4957868176273964,0.0015256883914275,14.91795825958252,14.97678565979004,16.735658645629883,,,,,,,,,,,,,,,,,,,,,,,,,,,,,,,,,,,,,,,,,,,,,,,
EURUSD,M5,108,1,lgbm,mid,sma100 atr14 ema21,val,42,656982,591264,65610,109424,0,107401.0,2023.0,0.5016526847980931,0.0015256883914275,11.18941879272461,11.315796852111816,16.736177444458008,,,,,,,,,-3.72853946685791,-3.660988807678223,0.0011425018310546,0.0057787305209327,-3.582651138305664,-3.550562858581543,-7.23515510559082,0.0058658671706967,-3.72853946685791,-3.660988807678223,0.000518798828125,,,,,,,,,,,,,,,,,,,,,,,,,,,,
EURUSD,M5,108,1,gru,mid,sma100 atr14 ema21,val,0 1 2,656982,591264,65610,109424,0,107401.0,2023.0,0.5079313352141351,0.0015256883914275,11.13486417134603,11.182193438212076,16.745731989542644,,,,,,,,,-3.7830940882364894,-3.794592221577963,0.0106970469156912,0.0120573809369747,-3.637205759684244,-3.684166272481283,-7.225600560506184,0.0121445175867387,-3.7830940882364894,-3.794592221577963,0.0100733439127616,0.507146115957952,0.5084403310956136,11.03675365447998,11.253586769104004,11.064827919006348,11.261259078979492,16.739852905273438,16.75607681274414,,,,,,,,,,,,,,,,,,,,
EURUSD,M5,108,2,ZERO,mid,sma100 atr14 ema21,val,,656981,591263,65609,109423,0,0.0,109423.0,,,14.918015480041504,14.976588249206545,16.734891891479492,0.0,109423.0,,,22.86902236938477,23.13758087158203,23.883041381835938,,,,,,,,,,,,,,,,,,,,,,,,,,,,,,,,,,,,,,,,
EURUSD,M5,108,2,REPEAT,mid,sma100 atr14 ema21,val,,656981,591263,65609,109423,0,105548.0,3875.0,0.4958691780043203,0.0015390226099226,14.772150039672852,14.866147994995115,23.9713134765625,106142.0,3281.0,0.4945073580674944,0.0015347101698803,33.445823669433594,33.600677490234375,41.734954833984375,,,,,,,,,,,,,,,,,,,,,,,,,,,,,,,,,,,,,,,,
EURUSD,M5,108,2,MEAN,mid,sma100 atr14 ema21,val,,656981,591263,65609,109423,0,107400.0,2023.0,0.4957821229050279,0.0015256954942433,14.918015480041504,14.976588249206545,16.735515594482422,108016.0,1407.0,0.4935565101466449,0.0015213388610314,22.86902236938477,23.13758087158203,23.88422966003418,,,,,,,,,,,,,,,,,,,,,,,,,,,,,,,,,,,,,,,,
EURUSD,M5,108,2,lgbm,mid,sma100 atr14 ema21,val,42,656981,591263,65609,109423,0,107400.0,2023.0,0.5016480446927374,0.0015256954942433,11.189997673034668,11.319363594055176,16.736034393310547,108016.0,1407.0,0.5089708932010073,0.0015213388610314,20.380651473999023,20.675647735595703,23.879371643066406,,-3.728017807006836,-3.657224655151367,0.0011425018310546,0.005778866688417,-3.582152366638184,-3.5467844009399414,-7.235279083251953,0.0058659217877094,-3.728017807006836,-3.657224655151367,0.000518798828125,,,,,,,,,,-2.488370895385742,-2.461933135986328,-0.0036697387695312,0.0144635351335128,-13.06517219543457,-12.925029754638672,-17.85558319091797,0.0154143830543623,-2.488370895385742,-2.461933135986328,-0.0048580169677734,,,,,,,,
EURUSD,M5,108,2,gru,mid,sma100 atr14 ema21,val,0 1 2,656981,591263,65609,109423,0,107399.66666666669,2023.3333333333333,0.5065937494005383,0.0015256978618817,11.092607816060385,11.165984789530436,16.74249203999837,108016.0,1407.0,0.5063354811632844,0.0015213388610314,20.30506642659505,20.56306266784668,23.890108108520508,,-3.825407663981119,-3.8106034596761074,0.007600148518879,0.0107245713962179,-3.679542223612467,-3.7001632054646816,-7.228821436564129,0.0108116264955103,-3.825407663981119,-3.8106034596761074,0.0069764455159493,0.5055307262569833,0.508193668528864,11.042402267456056,11.162714958190918,11.0601224899292,11.225289344787598,16.739282608032227,16.74671745300293,,-2.5639559427897147,-2.574518203735352,0.0070667266845703,0.0118281230957899,-13.140757242838545,-13.037614822387695,-17.844846725463867,0.0127789710166394,-2.5639559427897147,-2.574518203735352,0.0058784484863281,0.5023237298178048,0.5121093171382017,20.26881217956543,20.347843170166016,20.50153541564941,20.60779190063477,23.87747573852539,23.89827919006348
EURUSD,H4,21,1,ZERO,mid,sma100 atr14 ema21,val,,28180,25350,2809,4696,0,0.0,4696.0,,,134.80535888671875,134.1613006591797,144.42791748046875,,,,,,,,,,,,,,,,,,,,,,,,,,,,,,,,,,,,,,,,,,,,,,,
EURUSD,H4,21,1,REPEAT,mid,sma100 atr14 ema21,val,,28180,25350,2809,4696,0,4683.0,13.0,0.4939141575912876,0.0073064753836966,140.6588592529297,139.87808227539062,214.3269805908203,,,,,,,,,,,,,,,,,,,,,,,,,,,,,,,,,,,,,,,,,,,,,,,
EURUSD,H4,21,1,MEAN,mid,sma100 atr14 ema21,val,,28180,25350,2809,4696,0,4688.0,8.0,0.5059726962457338,0.0073025779729623,134.80535888671875,134.1613006591797,144.42787170410156,,,,,,,,,,,,,,,,,,,,,,,,,,,,,,,,,,,,,,,,,,,,,,,
EURUSD,H4,21,1,lgbm,mid,sma100 atr14 ema21,val,42,28180,25350,2809,4696,0,4688.0,8.0,0.494240614334471,0.0073025779729623,103.48504638671876,102.8982925415039,144.4240264892578,,,,,,,,,-31.3203125,-31.26300811767578,-0.0038909912109375,0.0003264567431833,-37.17381286621094,-36.97978973388672,-69.9029541015625,-0.0117320819112628,-31.3203125,-31.26300811767578,-0.00384521484375,,,,,,,,,,,,,,,,,,,,,,,,,,,,
EURUSD,H4,21,1,gru,mid,sma100 atr14 ema21,val,0 1 2,28180,25350,2809,4696,0,4688.0,8.0,0.5123009101251422,0.0073025779729623,98.3230489095052,99.58446756998698,144.3557891845703,,,,,,,,,-36.482309977213546,-34.576833089192704,-0.0721282958984375,0.0183867525338545,-42.33581034342448,-40.29361470540364,-69.97119140625,0.0063282138794084,-36.482309977213546,-34.576833089192704,-0.07208251953125,0.5113054607508533,0.5132252559726962,97.12185668945312,98.93106842041016,98.95252227783205,100.58960723876952,144.31314086914062,144.38955688476562,,,,,,,,,,,,,,,,,,,,
EURUSD,H4,21,2,ZERO,mid,sma100 atr14 ema21,val,,28179,25349,2808,4695,0,0.0,4695.0,,,134.80975341796875,134.16831970214844,144.4490966796875,0.0,4695.0,,,199.0087890625,202.7508087158203,213.1749725341797,,,,,,,,,,,,,,,,,,,,,,,,,,,,,,,,,,,,,,,,
EURUSD,H4,21,2,REPEAT,mid,sma100 atr14 ema21,val,,28179,25349,2808,4695,0,4682.0,13.0,0.493806065783853,0.007307255614932,140.67550659179688,139.90467834472656,214.36453247070312,4685.0,10.0,0.4922091782283885,0.007304915670714,306.5732727050781,309.4271545410156,378.207763671875,,,,,,,,,,,,,,,,,,,,,,,,,,,,,,,,,,,,,,,,
EURUSD,H4,21,2,MEAN,mid,sma100 atr14 ema21,val,,28179,25349,2808,4695,0,4687.0,8.0,0.5058672925112012,0.0073033569561607,134.80975341796875,134.16831970214844,144.44903564453125,4690.0,5.0,0.5046908315565032,0.0073010207540571,199.0087890625,202.7508087158203,213.17481994628903,,,,,,,,,,,,,,,,,,,,,,,,,,,,,,,,,,,,,,,,
EURUSD,H4,21,2,lgbm,mid,sma100 atr14 ema21,val,42,28179,25349,2808,4695,0,4687.0,8.0,0.4943460635801152,0.0073033569561607,103.26432800292967,102.94417572021484,144.4451904296875,4690.0,5.0,0.5262260127931769,0.0073010207540571,182.7391357421875,184.8156890869141,212.91661071777344,,-31.545425415039062,-31.2241439819336,-0.00390625,0.0005399977962621,-37.41117858886719,-36.96050262451172,-69.91934204101562,-0.0115212289310859,-31.545425415039062,-31.2241439819336,-0.00384521484375,,,,,,,,,,-16.2696533203125,-17.93511962890625,-0.25836181640625,0.0340168345647884,-123.83413696289062,-124.61146545410156,-165.29115295410156,0.0215351812366737,-16.2696533203125,-17.93511962890625,-0.258209228515625,,,,,,,,
EURUSD,H4,21,2,gru,mid,sma100 atr14 ema21,val,0 1 2,28179,25349,2808,4695,0,4687.0,8.0,0.510987838702795,0.0073033569561607,98.85130055745442,99.31494140625,144.41226196289062,4690.0,5.0,0.5122956645344705,0.0073010207540571,178.33894856770834,180.8808848063151,213.11358133951825,,-35.95845286051433,-34.85337829589844,-0.036834716796875,0.0171817729189419,-41.82420603434245,-40.58973693847656,-69.9522705078125,0.0051205461915937,-35.95845286051433,-34.85337829589844,-0.036773681640625,0.507360785150416,0.5156816727117559,98.34052276611328,99.17132568359376,97.99481964111328,100.9572982788086,144.36761474609375,144.4613494873047,,-20.669840494791657,-21.86992390950521,-0.0613911946614678,0.020086486306082,-128.23432413736978,-128.54626973470053,-165.09418233235678,0.0076048329779673,-20.669840494791657,-21.86992390950521,-0.0612386067708428,0.5072494669509595,0.5155650319829425,178.03591918945312,178.5830078125,180.36363220214844,181.20635986328125,213.0180206298828,213.20217895507807
EURUSD,H4,37,1,ZERO,mid,sma100 atr14 ema21,val,,28164,25334,2793,4680,0,0.0,4680.0,,,134.834716796875,134.30783081054688,144.56997680664062,,,,,,,,,,,,,,,,,,,,,,,,,,,,,,,,,,,,,,,,,,,,,,,
EURUSD,H4,37,1,REPEAT,mid,sma100 atr14 ema21,val,,28164,25334,2793,4680,0,4667.0,13.0,0.4949646453824727,0.0073189891593115,140.83941650390625,140.00534057617188,214.4279937744141,,,,,,,,,,,,,,,,,,,,,,,,,,,,,,,,,,,,,,,,,,,,,,,
EURUSD,H4,37,1,MEAN,mid,sma100 atr14 ema21,val,,28164,25334,2793,4680,0,4672.0,8.0,0.4940068493150685,0.0073150716997581,134.834716796875,134.30783081054688,144.57003784179688,,,,,,,,,,,,,,,,,,,,,,,,,,,,,,,,,,,,,,,,,,,,,,,
EURUSD,H4,37,1,lgbm,mid,sma100 atr14 ema21,val,42,28164,25334,2793,4680,0,4672.0,8.0,0.4946489726027397,0.0073150716997581,102.39144897460938,102.89447784423828,144.5735321044922,,,,,,,,,-32.443267822265625,-31.4133529663086,0.0035552978515625,-0.0003156727797329,-38.44796752929688,-37.1108627319336,-69.85446166992188,0.0006421232876712,-32.443267822265625,-31.4133529663086,0.0034942626953125,,,,,,,,,,,,,,,,,,,,,,,,,,,,
EURUSD,H4,37,1,gru,mid,sma100 atr14 ema21,val,0 1 2,28164,25334,2793,4680,0,4672.0,8.0,0.5105593607305936,0.0073150716997581,98.02657063802084,98.74123636881512,144.60587056477866,,,,,,,,,-36.80814615885417,-35.566594441731766,0.0358937581380303,0.0155947153481209,-42.81284586588542,-41.264104207356766,-69.82212320963541,0.0165525114155251,-36.80814615885417,-35.566594441731766,0.0358327229817803,0.5017123287671232,0.5233304794520548,96.86753845214844,98.85457611083984,97.48597717285156,99.73575592041016,144.37152099609375,144.8114776611328,,,,,,,,,,,,,,,,,,,,
EURUSD,H4,37,2,ZERO,mid,sma100 atr14 ema21,val,,28163,25333,2792,4679,0,0.0,4679.0,,,134.83912658691406,134.3148956298828,144.5912628173828,0.0,4679.0,,,199.068603515625,202.98963928222656,213.49722290039065,,,,,,,,,,,,,,,,,,,,,,,,,,,,,,,,,,,,,,,,
EURUSD,H4,37,2,REPEAT,mid,sma100 atr14 ema21,val,,28163,25333,2792,4679,0,4666.0,13.0,0.494856408058294,0.0073197734067458,140.85617065429688,140.0320587158203,214.4656982421875,4669.0,10.0,0.4926108374384236,0.0073174214203711,306.81427001953125,309.64031982421875,378.61328125,,,,,,,,,,,,,,,,,,,,,,,,,,,,,,,,,,,,,,,,
EURUSD,H4,37,2,MEAN,mid,sma100 atr14 ema21,val,,28163,25333,2792,4679,0,4671.0,8.0,0.4941126097195461,0.0073158546884357,134.83912658691406,134.3148956298828,144.59130859375,4674.0,5.0,0.5053487376979033,0.0073135064763103,199.068603515625,202.98963928222656,213.4971160888672,,,,,,,,,,,,,,,,,,,,,,,,,,,,,,,,,,,,,,,,
EURUSD,H4,37,2,lgbm,mid,sma100 atr14 ema21,val,42,28163,25333,2792,4679,0,4671.0,8.0,0.4947548704774138,0.0073158546884357,102.27935028076172,102.8297348022461,144.5948028564453,4674.0,5.0,0.521181001283697,0.0073135064763103,183.0009613037109,184.5219116210937,213.51210021972656,,-32.559776306152344,-31.48516082763672,0.0035400390625,-0.0001015375808802,-38.57682037353516,-37.20232391357422,-69.87089538574219,0.0006422607578677,-32.559776306152344,-31.48516082763672,0.0034942626953125,,,,,,,,,,-16.067642211914062,-18.46772766113281,0.0148773193359375,0.0285701638452733,-123.81330871582033,-125.118408203125,-165.10118103027344,0.0158322635857937,-16.067642211914062,-18.46772766113281,0.014984130859375,,,,,,,,
EURUSD,H4,37,2,gru,mid,sma100 atr14 ema21,val,0 1 2,28163,25333,2792,4679,0,4671.0,8.0,0.50974095482766,0.0073158546884357,98.87797292073569,98.7935078938802,144.6543223063151,4674.0,5.0,0.517757809157039,0.0073135064763103,178.87459818522134,180.04790751139322,213.3460795084636,,-35.96115366617839,-35.52138773600261,0.0630594889322821,0.0148845467693659,-41.9781977335612,-41.23855082194011,-69.8113759358724,0.0156283451081138,-35.96115366617839,-35.52138773600261,0.0630137125650946,0.5052451295225862,0.5180903446799401,98.0746841430664,99.6220703125,98.10173034667967,99.51519775390624,144.43504333496094,144.77708435058594,,-20.19400533040365,-22.941731770833343,-0.1511433919270928,0.0251469717186152,-127.9396718343099,-129.59241231282553,-165.26720174153647,0.0124090714591356,-20.19400533040365,-22.941731770833343,-0.1510365804036553,0.5083440308087291,0.5284552845528455,178.7279815673828,179.038818359375,179.97723388671875,180.09547424316406,213.14385986328125,213.45343017578125
EURUSD,H4,42,1,ZERO,mid,sma100 atr14 ema21,val,,28159,25329,2788,4675,0,0.0,4675.0,,,134.8468475341797,134.2816619873047,144.6041717529297,,,,,,,,,,,,,,,,,,,,,,,,,,,,,,,,,,,,,,,,,,,,,,,
EURUSD,H4,42,1,REPEAT,mid,sma100 atr14 ema21,val,,28159,25329,2788,4675,0,4662.0,13.0,0.4952809952809953,0.0073229129193957,140.89454650878906,140.14373779296875,214.50930786132807,,,,,,,,,,,,,,,,,,,,,,,,,,,,,,,,,,,,,,,,,,,,,,,
EURUSD,H4,42,1,MEAN,mid,sma100 atr14 ema21,val,,28159,25329,2788,4675,0,4667.0,8.0,0.4938932933361902,0.0073189891593115,134.8468475341797,134.2816619873047,144.6044158935547,,,,,,,,,,,,,,,,,,,,,,,,,,,,,,,,,,,,,,,,,,,,,,,
EURUSD,H4,42,1,lgbm,mid,sma100 atr14 ema21,val,42,28159,25329,2788,4675,0,4667.0,8.0,0.5061067066638097,0.0073189891593115,102.15520477294922,102.3900375366211,144.60687255859375,,,,,,,,,-32.69164276123047,-31.8916244506836,0.0027008056640625,0.0108257113828144,-38.73934173583984,-37.753700256347656,-69.90243530273438,0.0122134133276194,-32.69164276123047,-31.8916244506836,0.0024566650390625,,,,,,,,,,,,,,,,,,,,,,,,,,,,
EURUSD,H4,42,1,gru,mid,sma100 atr14 ema21,val,0 1 2,28159,25329,2788,4675,0,4667.0,8.0,0.515106063852582,0.0073189891593115,97.15352630615234,98.0307108561198,144.4581044514974,,,,,,,,,-37.693321228027344,-36.25095113118489,-0.1460673014322822,0.0198250685715866,-43.74102020263672,-42.11302693684896,-70.05120340983072,0.0212127705163917,-37.693321228027344,-36.25095113118489,-0.1463114420572822,0.514677523034069,0.5155346046710949,96.2425765991211,97.75574493408205,97.4947509765625,98.5687255859375,144.42578125,144.48916625976562,,,,,,,,,,,,,,,,,,,,
EURUSD,H4,42,2,ZERO,mid,sma100 atr14 ema21,val,,28158,25328,2787,4674,0,0.0,4674.0,,,134.85122680664062,134.28872680664062,144.62548828125,0.0,4674.0,,,199.1859436035156,202.9652099609375,213.49562072753903,,,,,,,,,,,,,,,,,,,,,,,,,,,,,,,,,,,,,,,,
EURUSD,H4,42,2,REPEAT,mid,sma100 atr14 ema21,val,,28158,25328,2787,4674,0,4661.0,13.0,0.4951727097189444,0.007323698428963,140.91131591796875,140.17051696777344,214.5470733642578,4664.0,10.0,0.4922813036020583,0.0073213426582177,306.9729309082031,309.7964172363281,378.8116149902344,,,,,,,,,,,,,,,,,,,,,,,,,,,,,,,,,,,,,,,,
EURUSD,H4,42,2,MEAN,mid,sma100 atr14 ema21,val,,28158,25328,2787,4674,0,4666.0,8.0,0.4939991427346764,0.0073197734067458,134.85122680664062,134.28872680664062,144.625732421875,4669.0,5.0,0.5050331976868708,0.0073174214203711,199.1859436035156,202.9652099609375,213.49514770507807,,,,,,,,,,,,,,,,,,,,,,,,,,,,,,,,,,,,,,,,
EURUSD,H4,42,2,lgbm,mid,sma100 atr14 ema21,val,42,28158,25328,2787,4674,0,4666.0,8.0,0.5060008572653236,0.0073197734067458,102.38450622558594,102.95916748046876,144.62818908691406,4669.0,5.0,0.4949668023131292,0.0073174214203711,182.97183227539065,184.9187774658203,213.50979614257807,,-32.46672058105469,-31.329559326171875,0.0027008056640625,0.0108281475463791,-38.52680969238281,-37.21134948730469,-69.91888427734375,0.0120017145306472,-32.46672058105469,-31.329559326171875,0.0024566650390625,,,,,,,,,,-16.214111328125,-18.046432495117188,0.0141754150390625,0.0026854987110708,-124.0010986328125,-124.8776397705078,-165.30181884765625,-0.0100663953737416,-16.214111328125,-18.046432495117188,0.0146484375,,,,,,,,
EURUSD,H4,42,2,gru,mid,sma100 atr14 ema21,val,0 1 2,28158,25328,2787,4674,0,4666.0,8.0,0.5140734390627233,0.0073197734067458,97.5898208618164,98.44839477539062,144.55007934570312,4669.0,5.0,0.5149568073106304,0.0073174214203711,178.36822001139322,180.28882853190103,213.34521993001303,,-37.26140594482422,-35.84033203125,-0.075408935546875,0.0189007293437788,-43.32149505615234,-41.72212219238281,-69.99699401855469,0.0200742963280469,-37.26140594482422,-35.84033203125,-0.075653076171875,0.5111444492070296,0.5171453064723532,97.4360580444336,97.69174194335938,98.18138122558594,98.92611694335938,144.49497985839844,144.59461975097656,,-20.817723592122405,-22.676381429036468,-0.1504007975260322,0.0226755037085721,-128.6047108968099,-129.5075887044271,-165.46639506022134,0.0099236096237596,-20.817723592122405,-22.676381429036468,-0.1499277750650947,0.506104090811737,0.5228100235596488,178.0024871826172,178.67544555664062,179.76246643066406,180.90505981445312,213.1336212158203,213.4847869873047
EURUSD,H4,108,1,ZERO,mid,sma100 atr14 ema21,val,,28093,25263,2722,4609,0,0.0,4609.0,,,135.13046264648438,134.32896423339844,144.73226928710938,,,,,,,,,,,,,,,,,,,,,,,,,,,,,,,,,,,,,,,,,,,,,,,
EURUSD,H4,108,1,REPEAT,mid,sma100 atr14 ema21,val,,28093,25263,2722,4609,0,4596.0,13.0,0.4936901653611836,0.007375305159564,140.8053741455078,140.43186950683594,214.7969207763672,,,,,,,,,,,,,,,,,,,,,,,,,,,,,,,,,,,,,,,,,,,,,,,
EURUSD,H4,108,1,MEAN,mid,sma100 atr14 ema21,val,,28093,25263,2722,4609,0,4601.0,8.0,0.4914149098022169,0.0073712966233912,135.13046264648438,134.32896423339844,144.73326110839844,,,,,,,,,,,,,,,,,,,,,,,,,,,,,,,,,,,,,,,,,,,,,,,
EURUSD,H4,108,1,lgbm,mid,sma100 atr14 ema21,val,42,28093,25263,2722,4609,0,4601.0,8.0,0.4920669419691371,0.0073712966233912,102.62062072753906,102.72355651855467,144.7259521484375,,,,,,,,,-32.50984191894531,-31.60540771484375,-0.006317138671875,-0.0016232233920465,-38.18475341796875,-37.70831298828125,-70.07096862792969,0.0006520321669202,-32.50984191894531,-31.60540771484375,-0.0073089599609375,,,,,,,,,,,,,,,,,,,,,,,,,,,,
EURUSD,H4,108,1,gru,mid,sma100 atr14 ema21,val,0 1 2,28093,25263,2722,4609,0,4601.0,8.0,0.5052524813446353,0.0073712966233912,98.03993479410808,97.60609690348308,144.70441182454428,,,,,,,,,-37.0905278523763,-36.72286732991536,-0.0278574625650946,0.0115623159834516,-42.765439351399735,-42.82577260335286,-70.09250895182291,0.0138375715424183,-37.0905278523763,-36.72286732991536,-0.0288492838541571,0.5016300804173006,0.508150402086503,97.88497924804688,98.19599151611328,96.8574447631836,98.38441467285156,144.67816162109375,144.72442626953125,,,,,,,,,,,,,,,,,,,,
EURUSD,H4,108,2,ZERO,mid,sma100 atr14 ema21,val,,28092,25262,2721,4608,0,0.0,4608.0,,,135.13490295410156,134.33604431152344,144.75390625,0.0,4608.0,,,199.8158416748047,202.87579345703125,213.74978637695312,,,,,,,,,,,,,,,,,,,,,,,,,,,,,,,,,,,,,,,,
EURUSD,H4,108,2,REPEAT,mid,sma100 atr14 ema21,val,,28092,25262,2721,4608,0,4595.0,13.0,0.4935799782372144,0.0073761076518312,140.82237243652344,140.45909118652344,214.8352813720703,4598.0,10.0,0.4921705089169204,0.0073737009604892,306.8232421875,310.1716613769531,379.1393127441406,,,,,,,,,,,,,,,,,,,,,,,,,,,,,,,,,,,,,,,,
EURUSD,H4,108,2,MEAN,mid,sma100 atr14 ema21,val,,28092,25262,2721,4608,0,4600.0,8.0,0.4915217391304348,0.0073720978077448,135.13490295410156,134.33604431152344,144.75491333007812,4603.0,5.0,0.5020638713882251,0.0073696950380115,199.8158416748047,202.87579345703125,213.7494354248047,,,,,,,,,,,,,,,,,,,,,,,,,,,,,,,,,,,,,,,,
EURUSD,H4,108,2,lgbm,mid,sma100 atr14 ema21,val,42,28092,25262,2721,4608,0,4600.0,8.0,0.4921739130434782,0.0073720978077448,103.05935668945312,102.52782440185548,144.74815368652344,4603.0,5.0,0.505974364544862,0.0073696950380115,183.1770935058593,184.30226135253903,213.72691345214844,,-32.07554626464844,-31.80821990966797,-0.0057525634765625,-0.0014060651937361,-37.76301574707031,-37.93126678466797,-70.08712768554688,0.0006521739130434,-32.07554626464844,-31.80821990966797,-0.0067596435546875,,,,,,,,,,-16.638748168945312,-18.573532104492188,-0.0228729248046875,0.0138038556279416,-123.64614868164062,-125.86940002441406,-165.4123992919922,0.0039104931566369,-16.638748168945312,-18.573532104492188,-0.02252197265625,,,,,,,,
EURUSD,H4,108,2,gru,mid,sma100 atr14 ema21,val,0 1 2,28092,25262,2721,4608,0,4600.0,8.0,0.5102173913043478,0.0073720978077448,98.23437245686848,98.03790537516277,144.77424112955728,4603.0,5.0,0.5167644289955825,0.0073696950380115,179.27153523763022,180.3160146077474,213.67174275716147,,-36.90053049723308,-36.29813893636067,0.0203348795572821,0.0166374130671334,-42.58799997965495,-42.42118581136067,-70.06104024251303,0.018695652173913,-36.90053049723308,-36.29813893636067,0.0193277994791571,0.5076086956521739,0.5128260869565218,97.46488189697266,98.74254608154295,97.5094223022461,98.4747543334961,144.6826934814453,144.87811279296875,,-20.54430643717447,-22.559778849283845,-0.0780436197916571,0.0245939200786621,-127.55170694986978,-129.85564676920572,-165.46756998697916,0.0147005576073574,-20.54430643717447,-22.559778849283845,-0.0776926676432196,0.5131436019986965,0.5209645883119705,178.80633544921875,179.867431640625,180.16940307617188,180.42626953125,213.58721923828125,213.80584716796875
GBPUSD,H4,21,1,ZERO,mid,sma100 atr14 ema21,val,,28176,25347,2808,4695,0,0.0,4695.0,,,168.45870971679688,170.9496612548828,199.8852996826172,,,,,,,,,,,,,,,,,,,,,,,,,,,,,,,,,,,,,,,,,,,,,,,
GBPUSD,H4,21,1,REPEAT,mid,sma100 atr14 ema21,val,,28176,25347,2808,4695,0,4687.0,8.0,0.4932792831235332,0.0073033569561607,187.12918090820312,191.39244079589844,293.1137390136719,,,,,,,,,,,,,,,,,,,,,,,,,,,,,,,,,,,,,,,,,,,,,,,
GBPUSD,H4,21,1,MEAN,mid,sma100 atr14 ema21,val,,28176,25347,2808,4695,0,4690.0,5.0,0.4968017057569296,0.0073010207540571,168.45870971679688,170.9496612548828,199.8957977294922,,,,,,,,,,,,,,,,,,,,,,,,,,,,,,,,,,,,,,,,,,,,,,,
GBPUSD,H4,21,1,lgbm,mid,sma100 atr14 ema21,val,42,28176,25347,2808,4695,0,4690.0,5.0,0.4976545842217484,0.0073010207540571,137.5777587890625,141.82550048828125,199.88345336914065,,,,,,,,,-30.88095092773437,-29.12416076660156,-0.0018463134765625,0.0043753010982152,-49.55142211914063,-49.56694030761719,-93.23028564453124,0.0008528784648187,-30.88095092773437,-29.12416076660156,-0.0123443603515625,,,,,,,,,,,,,,,,,,,,,,,,,,,,
GBPUSD,H4,21,1,gru,mid,sma100 atr14 ema21,val,0 1 2,28176,25347,2808,4695,0,4690.0,5.0,0.507178393745558,0.0073010207540571,131.63924153645834,134.99794006347656,200.0236612955729,,,,,,,,,-36.81946818033853,-35.95172119140625,0.1383616129557197,0.0138991106220247,-55.48993937174478,-56.39450073242188,-93.09007771809895,0.0103766879886283,-36.81946818033853,-35.95172119140625,0.1278635660807197,0.5063965884861408,0.5081023454157783,130.77920532226562,132.6726837158203,133.7210235595703,136.17747497558594,199.9400177001953,200.0658721923828,,,,,,,,,,,,,,,,,,,,
GBPUSD,H4,21,2,ZERO,mid,sma100 atr14 ema21,val,,28175,25346,2807,4694,0,0.0,4694.0,,,168.44754028320312,170.9527130126953,199.91574096679688,0.0,4694.0,,,262.4965209960937,272.0701904296875,292.64263916015625,,,,,,,,,,,,,,,,,,,,,,,,,,,,,,,,,,,,,,,,
GBPUSD,H4,21,2,REPEAT,mid,sma100 atr14 ema21,val,,28175,25346,2807,4694,0,4686.0,8.0,0.4933845497225779,0.0073041361887003,187.1230316162109,191.4282073974609,293.11920166015625,4688.0,6.0,0.4831484641638225,0.0073025779729623,415.216552734375,423.8445739746094,519.7894287109375,,,,,,,,,,,,,,,,,,,,,,,,,,,,,,,,,,,,,,,,
GBPUSD,H4,21,2,MEAN,mid,sma100 atr14 ema21,val,,28175,25346,2807,4694,0,4689.0,5.0,0.4966943911281723,0.007301799238972,168.44754028320312,170.9527130126953,199.9264678955078,4691.0,3.0,0.507567682796845,0.0073002425180847,262.4965209960937,272.0701904296875,292.6143493652344,,,,,,,,,,,,,,,,,,,,,,,,,,,,,,,,,,,,,,,,
GBPUSD,H4,21,2,lgbm,mid,sma100 atr14 ema21,val,42,28175,25346,2807,4694,0,4689.0,5.0,0.4975474514821923,0.007301799238972,136.79541015625,142.1427764892578,199.91444396972656,4691.0,3.0,0.5099125985930505,0.0073002425180847,250.13864135742188,262.8729858398437,292.4974670410156,,-31.652130126953125,-28.8099365234375,-0.0012969970703125,0.0041629017596144,-50.32762145996094,-49.285430908203125,-93.20475769042967,0.00085306035402,-31.652130126953125,-28.8099365234375,-0.01202392578125,,,,,,,,,,-12.357879638671877,-9.19720458984375,-0.145172119140625,0.0267641344292279,-165.07791137695312,-160.97158813476562,-227.29196166992188,0.0023449157962054,-12.357879638671877,-9.19720458984375,-0.11688232421875,,,,,,,,
GBPUSD,H4,21,2,gru,mid,sma100 atr14 ema21,val,0 1 2,28175,25346,2807,4694,0,4689.0,5.0,0.5025236368806426,0.007301799238972,132.03483072916666,135.6983388264974,200.1450754801432,4691.0,3.0,0.4986854259930363,0.0073002425180847,240.5855967203776,250.71147664388025,293.32750447591144,,-36.41270955403647,-35.25437418619791,0.2293345133463447,0.0091390871580647,-55.08820088704428,-55.72986857096353,-92.97412618001304,0.0058292457524702,-36.41270955403647,-35.25437418619791,0.2186075846354072,0.5013862230752826,0.5033056088718277,131.32667541503906,132.86233520507812,134.51187133789062,136.8084259033203,200.09689331054688,200.2066802978516,,-21.910924275716155,-21.35871378580728,0.6848653157551894,0.0155369618292137,-174.6309560139974,-173.13309733072916,-226.4619242350261,-0.0088822568038087,-21.910924275716155,-21.35871378580728,0.7131551106770644,0.4922191430398636,0.5039437220208911,240.1746368408203,240.87745666503903,250.4975433349609,250.9383850097656,293.0320739746094,293.6441345214844
GBPUSD,H4,37,1,ZERO,mid,sma100 atr14 ema21,val,,28160,25331,2792,4679,0,0.0,4679.0,,,168.70684814453125,171.0887908935547,199.97381591796875,,,,,,,,,,,,,,,,,,,,,,,,,,,,,,,,,,,,,,,,,,,,,,,
GBPUSD,H4,37,1,REPEAT,mid,sma100 atr14 ema21,val,,28160,25331,2792,4679,0,4671.0,8.0,0.4936844358809676,0.0073158546884357,187.3236846923828,191.58078002929688,293.2287902832031,,,,,,,,,,,,,,,,,,,,,,,,,,,,,,,,,,,,,,,,,,,,,,,
GBPUSD,H4,37,1,MEAN,mid,sma100 atr14 ema21,val,,28160,25331,2792,4679,0,4674.0,5.0,0.4970047068891741,0.0073135064763103,168.70684814453125,171.0887908935547,199.9837188720703,,,,,,,,,,,,,,,,,,,,,,,,,,,,,,,,,,,,,,,,,,,,,,,
GBPUSD,H4,37,1,lgbm,mid,sma100 atr14 ema21,val,42,28160,25331,2792,4679,0,4674.0,5.0,0.4974326059050064,0.0073135064763103,136.47616577148438,142.81640625,199.9340209960937,,,,,,,,,-32.230682373046875,-28.272384643554688,-0.039794921875,0.0037481700240387,-50.84751892089844,-48.76437377929688,-93.29476928710938,0.0004278990158322,-32.230682373046875,-28.272384643554688,-0.0496978759765625,,,,,,,,,,,,,,,,,,,,,,,,,,,,
GBPUSD,H4,37,1,gru,mid,sma100 atr14 ema21,val,0 1 2,28160,25331,2792,4679,0,4674.0,5.0,0.5013550135501355,0.0073135064763103,131.7802480061849,135.86761474609375,200.0554453531901,,,,,,,,,-36.926600138346345,-35.22117614746094,0.0816294352213446,0.0076705776691677,-55.54343668619791,-55.713165283203125,-93.17334493001304,0.0043503066609613,-36.926600138346345,-35.22117614746094,0.0717264811197821,0.4978605049208386,0.5040650406504065,130.5765380859375,132.49099731445312,134.5591278076172,138.29917907714844,200.02281188964844,200.0736846923828,,,,,,,,,,,,,,,,,,,,
GBPUSD,H4,37,2,ZERO,mid,sma100 atr14 ema21,val,,28159,25330,2791,4678,0,0.0,4678.0,,,168.69570922851562,171.0918731689453,200.0043792724609,0.0,4678.0,,,262.7996520996094,272.3087463378906,292.9983825683594,,,,,,,,,,,,,,,,,,,,,,,,,,,,,,,,,,,,,,,,
GBPUSD,H4,37,2,REPEAT,mid,sma100 atr14 ema21,val,,28159,25330,2791,4678,0,4670.0,8.0,0.4937901498929336,0.0073166379285952,187.3175506591797,191.61671447753903,293.2342834472656,4672.0,6.0,0.4830907534246575,0.0073150716997581,415.5161437988281,424.18951416015625,520.2388916015625,,,,,,,,,,,,,,,,,,,,,,,,,,,,,,,,,,,,,,,,
GBPUSD,H4,37,2,MEAN,mid,sma100 atr14 ema21,val,,28159,25330,2791,4678,0,4673.0,5.0,0.4968970682644982,0.0073142889624278,168.69570922851562,171.0918731689453,200.0144805908203,4675.0,3.0,0.508235294117647,0.0073127242412713,262.7996520996094,272.3087463378906,292.9671630859375,,,,,,,,,,,,,,,,,,,,,,,,,,,,,,,,,,,,,,,,
GBPUSD,H4,37,2,lgbm,mid,sma100 atr14 ema21,val,42,28159,25330,2791,4678,0,4673.0,5.0,0.4973250588487053,0.0073142889624278,136.46336364746094,142.26515197753906,199.965072631836,4675.0,3.0,0.5084491978609625,0.0073127242412713,248.9088287353516,262.06170654296875,293.0836181640625,,-32.23234558105469,-28.82672119140625,-0.039306640625,0.0035349089557716,-50.85418701171875,-49.3515625,-93.26921081542967,0.0004279905842071,-32.23234558105469,-28.82672119140625,-0.049407958984375,,,,,,,,,,-13.890823364257812,-10.247039794921877,0.085235595703125,0.025358444436305,-166.60731506347656,-162.1278076171875,-227.1552734375,0.0002139037433155,-13.890823364257812,-10.247039794921877,0.116455078125,,,,,,,,
GBPUSD,H4,37,2,gru,mid,sma100 atr14 ema21,val,0 1 2,28159,25330,2791,4678,0,4673.0,5.0,0.500677651758328,0.0073142889624278,131.72177124023438,135.8348592122396,200.25699361165368,4675.0,3.0,0.495187165775401,0.0073127242412713,240.92159525553384,250.1456298828125,293.7049255371094,,-36.97393798828125,-35.25701395670572,0.2526143391927178,0.0068875018653943,-55.59577941894531,-55.78185526529947,-92.97728983561196,0.0037805834938298,-36.97393798828125,-35.25701395670572,0.2425130208333428,0.4998930023539482,0.5022469505670876,131.2933349609375,131.97576904296875,134.7342071533203,136.5281524658203,200.2079620361328,200.3436889648437,,-21.87805684407553,-22.163116455078125,0.70654296875,0.0120964123507434,-174.59454854329428,-174.04388427734375,-226.53396606445312,-0.013048128342246,-21.87805684407553,-22.163116455078125,0.737762451171875,0.4909090909090909,0.5033155080213904,240.07028198242188,241.45909118652344,249.9123077392578,250.2978363037109,293.5600280761719,293.9926452636719
GBPUSD,H4,42,1,ZERO,mid,sma100 atr14 ema21,val,,28155,25326,2787,4674,0,0.0,4674.0,,,168.77557373046875,171.0517120361328,199.98876953125,,,,,,,,,,,,,,,,,,,,,,,,,,,,,,,,,,,,,,,,,,,,,,,
GBPUSD,H4,42,1,REPEAT,mid,sma100 atr14 ema21,val,,28155,25326,2787,4674,0,4666.0,8.0,0.4933561937419631,0.0073197734067458,187.3702392578125,191.6977996826172,293.38970947265625,,,,,,,,,,,,,,,,,,,,,,,,,,,,,,,,,,,,,,,,,,,,,,,
GBPUSD,H4,42,1,MEAN,mid,sma100 atr14 ema21,val,,28155,25326,2787,4674,0,4669.0,5.0,0.4975369458128079,0.0073174214203711,168.77557373046875,171.0517120361328,199.9974822998047,,,,,,,,,,,,,,,,,,,,,,,,,,,,,,,,,,,,,,,,,,,,,,,
GBPUSD,H4,42,1,lgbm,mid,sma100 atr14 ema21,val,42,28155,25326,2787,4674,0,4669.0,5.0,0.4973227671878346,0.0073174214203711,136.25564575195312,142.02919006347656,199.97512817382807,,,,,,,,,-32.519927978515625,-29.02252197265625,-0.013641357421875,0.0039665734458714,-51.114593505859375,-49.66860961914063,-93.41458129882812,-0.0002141786249732,-32.519927978515625,-29.02252197265625,-0.0223541259765625,,,,,,,,,,,,,,,,,,,,,,,,,,,,
GBPUSD,H4,42,1,gru,mid,sma100 atr14 ema21,val,0 1 2,28155,25326,2787,4674,0,4669.0,5.0,0.5065324480616834,0.0073174214203711,131.0907948811849,135.7085418701172,200.04332987467447,,,,,,,,,-37.684778849283845,-35.343170166015625,0.0545603434244696,0.0131762543197202,-56.2794443766276,-55.9892578125,-93.34637959798178,0.0089955022488755,-37.684778849283845,-35.343170166015625,0.0458475748697821,0.5033197686870851,0.5129578068108803,130.69712829589844,131.74302673339844,135.3041229248047,136.04563903808594,199.9730224609375,200.0887145996093,,,,,,,,,,,,,,,,,,,,
GBPUSD,H4,42,2,ZERO,mid,sma100 atr14 ema21,val,,28154,25325,2786,4673,0,0.0,4673.0,,,168.764404296875,171.0548095703125,200.0193634033203,0.0,4673.0,,,262.8611145019531,272.2930603027344,292.9442443847656,,,,,,,,,,,,,,,,,,,,,,,,,,,,,,,,,,,,,,,,
GBPUSD,H4,42,2,REPEAT,mid,sma100 atr14 ema21,val,,28154,25325,2786,4673,0,4665.0,8.0,0.4934619506966773,0.0073205579063361,187.36412048339844,191.7337951660156,293.395263671875,4667.0,6.0,0.4829655024641097,0.0073189891593115,415.7025451660156,424.4230651855469,520.4805297851562,,,,,,,,,,,,,,,,,,,,,,,,,,,,,,,,,,,,,,,,
GBPUSD,H4,42,2,MEAN,mid,sma100 atr14 ema21,val,,28154,25325,2786,4673,0,4668.0,5.0,0.4974293059125964,0.0073182051638983,168.764404296875,171.0548095703125,200.0283050537109,4670.0,3.0,0.5085653104925053,0.0073166379285952,262.8611145019531,272.2930603027344,292.9111633300781,,,,,,,,,,,,,,,,,,,,,,,,,,,,,,,,,,,,,,,,
GBPUSD,H4,42,2,lgbm,mid,sma100 atr14 ema21,val,42,28154,25325,2786,4673,0,4668.0,5.0,0.4972150814053128,0.0073182051638983,137.17239379882812,141.51739501953125,200.00621032714844,4670.0,3.0,0.5109207708779443,0.0073166379285952,247.263916015625,261.9116516113281,292.763671875,,-31.592010498046875,-29.53741455078125,-0.013153076171875,0.0037531307086354,-50.19172668457031,-50.216400146484375,-93.38905334472656,-0.0002142245072835,-31.592010498046875,-29.53741455078125,-0.0220947265625,,,,,,,,,,-15.597198486328123,-10.38140869140625,-0.180572509765625,0.0279552684138346,-168.43862915039062,-162.51141357421875,-227.71685791015625,0.0023554603854389,-15.597198486328123,-10.38140869140625,-0.147491455078125,,,,,,,,
GBPUSD,H4,42,2,gru,mid,sma100 atr14 ema21,val,0 1 2,28154,25325,2786,4673,0,4668.0,5.0,0.506569551556698,0.0073182051638983,131.55828857421875,135.57286580403647,200.1744130452474,4670.0,3.0,0.4982869379014989,0.0073166379285952,240.86608378092447,250.15733337402344,293.4380391438802,,-37.20611572265625,-35.48194376627603,0.1550496419270928,0.0131076008600206,-55.80583190917969,-56.16092936197916,-93.2208506266276,0.0091402456441016,-37.20611572265625,-35.48194376627603,0.1461079915364678,0.5057840616966581,0.5074978577549272,131.00082397460938,132.46365356445312,134.28013610839844,136.2720489501953,200.10562133789065,200.2533721923828,,-21.99503072102865,-22.135726928710938,0.4937947591145644,0.0153214354373892,-174.83646138509116,-174.26573181152344,-227.0424906412761,-0.0102783725910063,-21.99503072102865,-22.135726928710938,0.5268758138020644,0.4957173447537473,0.5027837259100643,240.706771850586,241.01519775390625,249.9668884277344,250.379150390625,293.3905639648437,293.4862060546875
GBPUSD,H4,108,1,ZERO,mid,sma100 atr14 ema21,val,,28089,25260,2721,4608,0,0.0,4608.0,,,168.7613983154297,170.65264892578125,199.47645568847656,,,,,,,,,,,,,,,,,,,,,,,,,,,,,,,,,,,,,,,,,,,,,,,
GBPUSD,H4,108,1,REPEAT,mid,sma100 atr14 ema21,val,,28089,25260,2721,4608,0,4600.0,8.0,0.4934782608695652,0.0073720978077448,187.29666137695312,190.74240112304688,292.5479736328125,,,,,,,,,,,,,,,,,,,,,,,,,,,,,,,,,,,,,,,,,,,,,,,
GBPUSD,H4,108,1,MEAN,mid,sma100 atr14 ema21,val,,28089,25260,2721,4608,0,4603.0,5.0,0.4985878774712144,0.0073696950380115,168.7613983154297,170.65264892578125,199.48416137695312,,,,,,,,,,,,,,,,,,,,,,,,,,,,,,,,,,,,,,,,,,,,,,,
GBPUSD,H4,108,1,lgbm,mid,sma100 atr14 ema21,val,42,28089,25260,2721,4608,0,4603.0,5.0,0.4981533782315881,0.0073696950380115,137.1659698486328,149.10459899902344,199.4862670898437,,,,,,,,,-31.595428466796875,-21.54804992675781,0.0098114013671875,0.0046751173620229,-50.13069152832031,-41.63780212402344,-93.06170654296876,-0.0004344992396262,-31.595428466796875,-21.54804992675781,0.002105712890625,,,,,,,,,,,,,,,,,,,,,,,,,,,,
GBPUSD,H4,108,1,gru,mid,sma100 atr14 ema21,val,0 1 2,28089,25260,2721,4608,0,4603.0,5.0,0.5058295314649865,0.0073696950380115,130.9724324544271,134.4090830485026,199.57779439290368,,,,,,,,,-37.7889658610026,-36.243565877278655,0.1013387044270928,0.0123512705954213,-56.32422892252603,-56.33331807454428,-92.97017923990884,0.0072416539937721,-37.7889658610026,-36.243565877278655,0.0936330159505303,0.5027156202476646,0.50858135998262,130.72499084472656,131.206787109375,134.0467071533203,134.72442626953125,199.48287963867188,199.6703491210937,,,,,,,,,,,,,,,,,,,,
GBPUSD,H4,108,2,ZERO,mid,sma100 atr14 ema21,val,,28088,25259,2720,4607,0,0.0,4607.0,,,168.7500457763672,170.6556396484375,199.50738525390625,0.0,4607.0,,,262.67877197265625,271.7065734863281,292.64825439453125,,,,,,,,,,,,,,,,,,,,,,,,,,,,,,,,,,,,,,,,
GBPUSD,H4,108,2,REPEAT,mid,sma100 atr14 ema21,val,,28088,25259,2720,4607,0,4599.0,8.0,0.4935855620787127,0.0073728992533968,187.29042053222656,190.77870178222656,292.55340576171875,4601.0,6.0,0.483373179743534,0.0073712966233912,414.9338073730469,422.659423828125,519.0517578125,,,,,,,,,,,,,,,,,,,,,,,,,,,,,,,,,,,,,,,,
GBPUSD,H4,108,2,MEAN,mid,sma100 atr14 ema21,val,,28088,25259,2720,4607,0,4602.0,5.0,0.4984789222077357,0.0073704957001941,168.7500457763672,170.6556396484375,199.51535034179688,4604.0,3.0,0.5102085143353605,0.0073688946367017,262.67877197265625,271.7065734863281,292.6029968261719,,,,,,,,,,,,,,,,,,,,,,,,,,,,,,,,,,,,,,,,
GBPUSD,H4,108,2,lgbm,mid,sma100 atr14 ema21,val,42,28088,25259,2720,4607,0,4602.0,5.0,0.4980443285528031,0.0073704957001941,137.0580291748047,149.51351928710938,199.5175323486328,4604.0,3.0,0.5108601216333623,0.0073688946367017,252.1764373779297,267.0326538085937,292.69488525390625,,-31.6920166015625,-21.142120361328125,0.0101470947265625,0.0044587664740903,-50.23239135742188,-41.26518249511719,-93.03587341308594,-0.0004345936549326,-31.6920166015625,-21.142120361328125,0.0021820068359375,,,,,,,,,,-10.502334594726562,-4.673919677734375,0.046630859375,0.0274869418898282,-162.7573699951172,-155.62677001953125,-226.3568725585937,0.0006516072980017,-10.502334594726562,-4.673919677734375,0.091888427734375,,,,,,,,
GBPUSD,H4,108,2,gru,mid,sma100 atr14 ema21,val,0 1 2,28088,25259,2720,4607,0,4602.0,5.0,0.5058670143415905,0.0073704957001941,131.48348490397134,133.92558797200522,199.6314290364584,4604.0,3.0,0.502678830002896,0.0073688946367017,240.36036682128903,249.5580902099609,293.29429117838544,,-37.26656087239584,-36.73005167643228,0.1240437825520928,0.0122814522628778,-55.80693562825522,-56.85311381022135,-92.9219767252604,0.0073880921338547,-37.26656087239584,-36.73005167643228,0.1160786946614678,0.5045632333767927,0.5073880921338548,131.4289093017578,131.5726776123047,133.19277954101562,134.68499755859375,199.58306884765625,199.71641540527344,,-22.318405151367188,-22.148483276367188,0.6460367838541856,0.019305650259362,-174.5734405517578,-173.10133361816406,-225.75746663411456,-0.0075296843324644,-22.318405151367188,-22.148483276367188,0.6912943522135606,0.4928323197219809,0.512380538662033,239.59950256347656,241.3260192871093,249.147705078125,250.0689392089844,293.049072265625,293.7157592773437
USDJPY,H4,21,1,ZERO,mid,sma100 atr14 ema21,val,,28171,25342,2808,4694,0,0.0,4694.0,,,142.24404907226562,153.5070037841797,187.26300048828125,,,,,,,,,,,,,,,,,,,,,,,,,,,,,,,,,,,,,,,,,,,,,,,
USDJPY,H4,21,1,REPEAT,mid,sma100 atr14 ema21,val,,28171,25342,2808,4694,0,4679.0,15.0,0.4889933746527036,0.0073095978092167,177.80975341796875,192.03717041015625,279.87664794921875,,,,,,,,,,,,,,,,,,,,,,,,,,,,,,,,,,,,,,,,,,,,,,,
USDJPY,H4,21,1,MEAN,mid,sma100 atr14 ema21,val,,28171,25342,2808,4694,0,4688.0,6.0,0.4601109215017064,0.0073025779729623,142.24404907226562,153.5070037841797,187.3025054931641,,,,,,,,,,,,,,,,,,,,,,,,,,,,,,,,,,,,,,,,,,,,,,,
USDJPY,H4,21,1,lgbm,mid,sma100 atr14 ema21,val,42,28171,25342,2808,4694,0,4688.0,6.0,0.507679180887372,0.0073025779729623,130.96337890625,144.17489624023438,187.31089782714844,,,,,,,,,-11.280670166015623,-9.332107543945312,0.0478973388671875,0.0186858062346683,-46.84637451171875,-47.86227416992188,-92.56575012207033,0.0475682593856655,-11.280670166015623,-9.332107543945312,0.008392333984375,,,,,,,,,,,,,,,,,,,,,,,,,,,,
USDJPY,H4,21,1,gru,mid,sma100 atr14 ema21,val,0 1 2,28171,25342,2808,4694,0,4688.0,6.0,0.4910409556313993,0.0073025779729623,128.63298797607422,142.58192443847656,187.4271697998047,,,,,,,,,-13.611061096191406,-10.925079345703123,0.1641693115234375,0.0020475809786957,-49.17676544189453,-49.45524597167969,-92.44947814941406,0.0309300341296928,-13.611061096191406,-10.925079345703123,0.124664306640625,0.4684300341296928,0.5255972696245734,127.91739654541016,129.2257080078125,141.4510498046875,143.85372924804688,187.04031372070312,187.7449188232422,,,,,,,,,,,,,,,,,,,,
USDJPY,H4,21,2,ZERO,mid,sma100 atr14 ema21,val,,28170,25341,2807,4693,0,0.0,4693.0,,,142.26321411132812,153.51199340820312,187.29139709472656,0.0,4693.0,,,239.8805694580078,257.2689514160156,274.7397155761719,,,,,,,,,,,,,,,,,,,,,,,,,,,,,,,,,,,,,,,,
USDJPY,H4,21,2,REPEAT,mid,sma100 atr14 ema21,val,,28170,25341,2807,4693,0,4678.0,15.0,0.4890979050876443,0.0073103790412832,177.83474731445312,192.066162109375,279.9174194335937,4680.0,13.0,0.5023504273504273,0.0073088168275585,395.6146240234375,406.4180603027344,488.3989868164063,,,,,,,,,,,,,,,,,,,,,,,,,,,,,,,,,,,,,,,,
USDJPY,H4,21,2,MEAN,mid,sma100 atr14 ema21,val,,28170,25341,2807,4693,0,4687.0,6.0,0.4602090889694901,0.0073033569561607,142.26321411132812,153.51199340820312,187.3311309814453,4689.0,4.0,0.4615056515248454,0.007301799238972,239.8805694580078,257.2689514160156,274.81915283203125,,,,,,,,,,,,,,,,,,,,,,,,,,,,,,,,,,,,,,,,
USDJPY,H4,21,2,lgbm,mid,sma100 atr14 ema21,val,42,28170,25341,2807,4693,0,4687.0,6.0,0.5075741412417325,0.0073033569561607,131.3495330810547,144.17425537109375,187.3395233154297,4689.0,4.0,0.4879505224994668,0.007301799238972,234.16189575195312,251.3075256347656,275.715087890625,,-10.913681030273438,-9.337738037109377,0.048126220703125,0.0184762361540882,-46.48521423339844,-47.89190673828125,-92.57789611816406,0.0473650522722424,-10.913681030273438,-9.337738037109377,0.008392333984375,,,,,,,,,,-5.718673706054688,-5.96142578125,0.975372314453125,-0.0143999048509604,-161.45272827148438,-155.11053466796875,-212.68389892578125,0.0264448709746214,-5.718673706054688,-5.96142578125,0.89593505859375,,,,,,,,
USDJPY,H4,21,2,gru,mid,sma100 atr14 ema21,val,0 1 2,28170,25341,2807,4693,0,4687.0,6.0,0.499324372377498,0.0073033569561607,128.77752176920572,142.50561014811197,187.35773722330728,4689.0,4.0,0.5114807705978531,0.007301799238972,231.18663533528647,248.69625345865884,274.93239339192706,,-13.485692342122404,-11.006383260091155,0.0663401285807196,0.0102264672898537,-49.057225545247405,-49.56055196126303,-92.55968221028648,0.0391152834080079,-13.485692342122404,-11.006383260091155,0.0266062418619696,0.4881587369319394,0.5203755067207169,127.95249938964844,129.5500030517578,141.86447143554688,142.8728485107422,187.2666931152344,187.41580200195312,,-8.693934122721345,-8.57269795735678,0.1926778157551893,0.0091303432474257,-164.42798868815103,-157.72180684407553,-213.4665934244792,0.0499751190730077,-8.693934122721345,-8.57269795735678,0.1132405598958143,0.4856046065259117,0.5342290467050543,231.12796020507807,231.2475433349609,247.9315490722656,249.660400390625,274.1490478515625,275.6730651855469
USDJPY,H4,37,1,ZERO,mid,sma100 atr14 ema21,val,,28155,25326,2792,4678,0,0.0,4678.0,,,142.35028076171875,153.6846160888672,187.6513519287109,,,,,,,,,,,,,,,,,,,,,,,,,,,,,,,,,,,,,,,,,,,,,,,
USDJPY,H4,37,1,REPEAT,mid,sma100 atr14 ema21,val,,28155,25326,2792,4678,0,4663.0,15.0,0.489170062191722,0.0073221276625258,178.19496154785156,192.4473114013672,280.4195251464844,,,,,,,,,,,,,,,,,,,,,,,,,,,,,,,,,,,,,,,,,,,,,,,
USDJPY,H4,37,1,MEAN,mid,sma100 atr14 ema21,val,,28155,25326,2792,4678,0,4672.0,6.0,0.460402397260274,0.0073150716997581,142.35028076171875,153.6846160888672,187.6923217773437,,,,,,,,,,,,,,,,,,,,,,,,,,,,,,,,,,,,,,,,,,,,,,,
USDJPY,H4,37,1,lgbm,mid,sma100 atr14 ema21,val,42,28155,25326,2792,4678,0,4672.0,6.0,0.5081335616438356,0.0073150716997581,130.8790283203125,144.07359313964844,188.7298583984375,,,,,,,,,-11.47125244140625,-9.61102294921875,1.0785064697265625,0.0189634994521135,-47.31593322753906,-48.37371826171875,-91.68966674804688,0.0477311643835616,-11.47125244140625,-9.61102294921875,1.03753662109375,,,,,,,,,,,,,,,,,,,,,,,,,,,,
USDJPY,H4,37,1,gru,mid,sma100 atr14 ema21,val,0 1 2,28155,25326,2792,4678,0,4672.0,6.0,0.5200485159817352,0.0073150716997581,128.88001251220703,142.55819193522134,187.40204366048167,,,,,,,,,-13.47026824951172,-11.126424153645845,-0.2493082682291572,0.0308784537900131,-49.31494903564453,-49.88911946614584,-93.0174814860026,0.0596461187214611,-13.47026824951172,-11.126424153645845,-0.2902781168619697,0.4993578767123288,0.5344606164383562,127.62248992919922,130.31947326660156,141.67330932617188,143.16024780273438,187.2605133056641,187.5592193603516,,,,,,,,,,,,,,,,,,,,
USDJPY,H4,37,2,ZERO,mid,sma100 atr14 ema21,val,,28154,25325,2791,4677,0,0.0,4677.0,,,142.36952209472656,153.6896209716797,187.679916381836,0.0,4677.0,,,240.2362823486328,257.7491455078125,275.388916015625,,,,,,,,,,,,,,,,,,,,,,,,,,,,,,,,,,,,,,,,
USDJPY,H4,37,2,REPEAT,mid,sma100 atr14 ema21,val,,28154,25325,2791,4677,0,4662.0,15.0,0.4892749892749893,0.0073229129193957,178.22012329101562,192.4764862060547,280.4605407714844,4664.0,13.0,0.5032161234991424,0.0073213426582177,396.4471740722656,407.1748962402344,489.2882080078125,,,,,,,,,,,,,,,,,,,,,,,,,,,,,,,,,,,,,,,,
USDJPY,H4,37,2,MEAN,mid,sma100 atr14 ema21,val,,28154,25325,2791,4677,0,4671.0,6.0,0.4605009633911368,0.0073158546884357,142.36952209472656,153.6896209716797,187.72116088867188,4673.0,4.0,0.4611598544832013,0.0073142889624278,240.2362823486328,257.7491455078125,275.4700622558594,,,,,,,,,,,,,,,,,,,,,,,,,,,,,,,,,,,,,,,,
USDJPY,H4,37,2,lgbm,mid,sma100 atr14 ema21,val,42,28154,25325,2791,4677,0,4671.0,6.0,0.5086705202312138,0.0073158546884357,130.74830627441406,144.16661071777344,188.3729705810547,4673.0,4.0,0.5073828375775733,0.0073142889624278,235.53030395507807,251.52833557128903,277.1588439941406,,-11.6212158203125,-9.52301025390625,0.69305419921875,0.0193955309562245,-47.47181701660156,-48.30987548828125,-92.08757019042967,0.048169556840077,-11.6212158203125,-9.52301025390625,0.6518096923828125,,,,,,,,,,-4.705978393554688,-6.2208099365234375,1.769927978515625,0.0041667140784309,-160.9168701171875,-155.6465606689453,-212.12936401367188,0.0462229830943719,-4.705978393554688,-6.2208099365234375,1.68878173828125,,,,,,,,
USDJPY,H4,37,2,gru,mid,sma100 atr14 ema21,val,0 1 2,28154,25325,2791,4677,0,4671.0,6.0,0.4864768429315635,0.0073158546884357,130.31689453125,143.68817647298178,187.9849650065104,4673.0,4.0,0.4846280048505599,0.0073142889624278,231.4695078531901,250.69966634114584,275.8724975585937,,-12.052627563476562,-10.001444498697907,0.3050486246744697,-0.0027981463434257,-47.903228759765625,-48.78830973307291,-92.47557576497395,0.0259758795404267,-12.052627563476562,-10.001444498697907,0.2638041178385322,0.4641404410190537,0.5257974737743524,129.00950622558594,131.93026733398438,142.7886505126953,144.57797241210938,187.3305053710937,188.4681091308593,,-8.766774495442718,-7.049479166666657,0.48358154296875,-0.0185881186485823,-164.97766621907553,-156.47522989908853,-213.41571044921875,0.0234681503673586,-8.766774495442718,-7.049479166666657,0.402435302734375,0.47185961908838,0.5056708752407447,231.20358276367188,231.9319610595703,249.73524475097656,251.5334625244141,275.4379272460937,276.3169250488281
USDJPY,H4,42,1,ZERO,mid,sma100 atr14 ema21,val,,28150,25321,2787,4673,0,0.0,4673.0,,,142.3031463623047,153.73841857910156,187.6430511474609,,,,,,,,,,,,,,,,,,,,,,,,,,,,,,,,,,,,,,,,,,,,,,,
USDJPY,H4,42,1,REPEAT,mid,sma100 atr14 ema21,val,,28150,25321,2787,4673,0,4658.0,15.0,0.4892657793044225,0.0073260564752046,178.0430145263672,192.51925659179688,280.30450439453125,,,,,,,,,,,,,,,,,,,,,,,,,,,,,,,,,,,,,,,,,,,,,,,
USDJPY,H4,42,1,MEAN,mid,sma100 atr14 ema21,val,,28150,25321,2787,4673,0,4667.0,6.0,0.4606813799014356,0.0073189891593115,142.3031463623047,153.73841857910156,187.68240356445312,,,,,,,,,,,,,,,,,,,,,,,,,,,,,,,,,,,,,,,,,,,,,,,
USDJPY,H4,42,1,lgbm,mid,sma100 atr14 ema21,val,42,28150,25321,2787,4673,0,4667.0,6.0,0.503964002571245,0.0073189891593115,131.42652893066406,144.44969177246094,188.43893432617188,,,,,,,,,-10.876617431640623,-9.288726806640623,0.7958831787109375,0.0146982232668224,-46.616485595703125,-48.06956481933594,-91.86557006835938,0.0432826226698093,-10.876617431640623,-9.288726806640623,0.75653076171875,,,,,,,,,,,,,,,,,,,,,,,,,,,,
USDJPY,H4,42,1,gru,mid,sma100 atr14 ema21,val,0 1 2,28150,25321,2787,4673,0,4667.0,6.0,0.4821084208270838,0.0073189891593115,129.29190572102866,143.73132832845053,187.89659627278647,,,,,,,,,-13.011240641276032,-10.007090250651032,0.2535451253255303,-0.0071573584773387,-48.75110880533853,-48.787928263346345,-92.40790812174478,0.0214270409256481,-13.011240641276032,-10.007090250651032,0.2141927083333428,0.4694664666809514,0.4921791300621384,127.9200439453125,130.67442321777344,143.12954711914062,144.15945434570312,187.65206909179688,188.19747924804688,,,,,,,,,,,,,,,,,,,,
USDJPY,H4,42,2,ZERO,mid,sma100 atr14 ema21,val,,28149,25320,2786,4672,0,0.0,4672.0,,,142.32240295410156,153.74343872070312,187.67166137695312,0.0,4672.0,,,240.1845245361328,257.760009765625,275.337646484375,,,,,,,,,,,,,,,,,,,,,,,,,,,,,,,,,,,,,,,,
USDJPY,H4,42,2,REPEAT,mid,sma100 atr14 ema21,val,,28149,25320,2786,4672,0,4657.0,15.0,0.4893708395963066,0.0073268429969176,178.06817626953125,192.5484771728516,280.3455810546875,4659.0,13.0,0.5028976175144881,0.0073252702067317,396.2046203613281,407.1716613769531,489.1338806152344,,,,,,,,,,,,,,,,,,,,,,,,,,,,,,,,,,,,,,,,
USDJPY,H4,42,2,MEAN,mid,sma100 atr14 ema21,val,,28149,25320,2786,4672,0,4666.0,6.0,0.460780111444492,0.0073197734067458,142.32240295410156,153.74343872070312,187.7112731933593,4668.0,4.0,0.461439588688946,0.0073182051638983,240.1845245361328,257.760009765625,275.4161071777344,,,,,,,,,,,,,,,,,,,,,,,,,,,,,,,,,,,,,,,,
USDJPY,H4,42,2,lgbm,mid,sma100 atr14 ema21,val,42,28149,25320,2786,4672,0,4666.0,6.0,0.506215173596228,0.0073197734067458,131.97198486328125,144.1945343017578,188.30332946777344,4668.0,4.0,0.5032133676092545,0.0073182051638983,235.2535858154297,251.183349609375,276.5693054199219,,-10.350418090820312,-9.548904418945312,0.6316680908203125,0.0168443339999214,-46.09619140625,-48.35394287109375,-92.04225158691406,0.0454350621517359,-10.350418090820312,-9.548904418945312,0.5920562744140625,,,,,,,,,,-4.930938720703125,-6.57666015625,1.231658935546875,0.0003157500947663,-160.95103454589844,-155.98831176757812,-212.5645751953125,0.0417737789203084,-4.930938720703125,-6.57666015625,1.1531982421875,,,,,,,,
USDJPY,H4,42,2,gru,mid,sma100 atr14 ema21,val,0 1 2,28149,25320,2786,4672,0,4666.0,6.0,0.5047149592798972,0.0073197734067458,129.95087687174478,143.45020039876303,187.6909383138021,4668.0,4.0,0.501713796058269,0.0073182051638983,231.7255859375,249.89928181966147,275.38011678059894,,-12.37152608235678,-10.293238321940096,0.0192769368489678,0.0153441196835905,-48.11729939778647,-49.09827677408853,-92.6546427408854,0.0439348478354051,-12.37152608235678,-10.293238321940096,-0.0203348795572821,0.488641234462066,0.5261465923703387,129.7149200439453,130.3892822265625,142.71827697753906,144.02784729003906,187.37472534179688,187.88543701171875,,-8.458938598632812,-7.860727945963532,0.0424702962239393,-0.001183821456219,-164.47903442382812,-157.27237955729166,-213.75376383463544,0.040274207369323,-8.458938598632812,-7.860727945963532,-0.0359903971354356,0.4937874892887746,0.5124250214224507,231.39035034179688,232.22677612304688,249.13668823242188,250.91786193847656,275.2123413085937,275.5578308105469
USDJPY,H4,108,1,ZERO,mid,sma100 atr14 ema21,val,,28084,25255,2721,4607,0,0.0,4607.0,,,142.8367156982422,154.46080017089844,188.9987030029297,,,,,,,,,,,,,,,,,,,,,,,,,,,,,,,,,,,,,,,,,,,,,,,
USDJPY,H4,108,1,REPEAT,mid,sma100 atr14 ema21,val,,28084,25255,2721,4607,0,4592.0,15.0,0.4893292682926829,0.0073785167012619,179.46852111816406,193.64825439453125,282.1939392089844,,,,,,,,,,,,,,,,,,,,,,,,,,,,,,,,,,,,,,,,,,,,,,,
USDJPY,H4,108,1,MEAN,mid,sma100 atr14 ema21,val,,28084,25255,2721,4607,0,4601.0,6.0,0.4601173657900456,0.0073712966233912,142.8367156982422,154.46080017089844,189.04139709472656,,,,,,,,,,,,,,,,,,,,,,,,,,,,,,,,,,,,,,,,,,,,,,,
USDJPY,H4,108,1,lgbm,mid,sma100 atr14 ema21,val,42,28084,25255,2721,4607,0,4601.0,6.0,0.4920669419691371,0.0073712966233912,134.95217895507812,145.43679809570312,188.9426727294922,,,,,,,,,-7.8845367431640625,-9.024002075195312,-0.0560302734375,0.0027376736764542,-44.51634216308594,-48.211456298828125,-93.2512664794922,0.0319495761790915,-7.8845367431640625,-9.024002075195312,-0.098724365234375,,,,,,,,,,,,,,,,,,,,,,,,,,,,
USDJPY,H4,108,1,gru,mid,sma100 atr14 ema21,val,0 1 2,28084,25255,2721,4607,0,4601.0,6.0,0.5151054118669854,0.0073712966233912,130.8801015218099,145.0625254313151,188.8733418782552,,,,,,,,,-11.956614176432282,-9.398274739583345,-0.1253611246744697,0.0257761435743025,-48.58841959635416,-48.58572896321616,-93.32059733072916,0.0549880460769398,-11.956614176432282,-9.398274739583345,-0.1680552164713447,0.4877200608563355,0.5309715279287112,130.64712524414062,131.32687377929688,144.0644989013672,145.6473846435547,188.72659301757807,189.07293701171875,,,,,,,,,,,,,,,,,,,,
USDJPY,H4,108,2,ZERO,mid,sma100 atr14 ema21,val,,28083,25254,2720,4606,0,0.0,4606.0,,,142.85626220703125,154.46597290039062,189.0279998779297,0.0,4606.0,,,241.550048828125,259.6399841308594,277.5098876953125,,,,,,,,,,,,,,,,,,,,,,,,,,,,,,,,,,,,,,,,
USDJPY,H4,108,2,REPEAT,mid,sma100 atr14 ema21,val,,28083,25254,2720,4606,0,4591.0,15.0,0.489435852755391,0.0073793202424242,179.49435424804688,193.6781311035156,282.2359924316406,4593.0,13.0,0.5029392553886349,0.0073777134225375,398.9912109375,409.6915893554688,492.5899963378906,,,,,,,,,,,,,,,,,,,,,,,,,,,,,,,,,,,,,,,,
USDJPY,H4,108,2,MEAN,mid,sma100 atr14 ema21,val,,28083,25254,2720,4606,0,4600.0,6.0,0.4602173913043478,0.0073720978077448,142.85626220703125,154.46597290039062,189.07095336914065,4602.0,4.0,0.459800086918731,0.0073704957001941,241.550048828125,259.6399841308594,277.5950927734375,,,,,,,,,,,,,,,,,,,,,,,,,,,,,,,,,,,,,,,,
USDJPY,H4,108,2,lgbm,mid,sma100 atr14 ema21,val,42,28083,25254,2720,4606,0,4600.0,6.0,0.4919565217391304,0.0073720978077448,134.65940856933594,145.42518615722656,188.9720458984375,4602.0,4.0,0.4884832681442851,0.0073704957001941,236.87022399902344,253.6459503173828,278.1033935546875,,-8.196853637695312,-9.040786743164062,-0.0559539794921875,0.0025206689837394,-44.83494567871094,-48.25294494628906,-93.26394653320312,0.0317391304347826,-8.196853637695312,-9.040786743164062,-0.098907470703125,,,,,,,,,,-4.6798248291015625,-5.9940338134765625,0.593505859375,-0.0144559872443498,-162.12098693847656,-156.04563903808594,-214.48660278320312,0.0286831812255541,-4.6798248291015625,-5.9940338134765625,0.50830078125,,,,,,,,
USDJPY,H4,108,2,gru,mid,sma100 atr14 ema21,val,0 1 2,28083,25254,2720,4606,0,4600.0,6.0,0.5,0.0073720978077448,130.9299112955729,144.79339599609375,189.30791727701825,4602.0,4.0,0.4818194987686513,0.0073704957001941,233.13623555501303,251.3661193847656,278.2613525390625,,-11.926350911458345,-9.672576904296877,0.2799173990885322,0.010564147244609,-48.56444295247397,-48.88473510742188,-92.9280751546224,0.0397826086956522,-11.926350911458345,-9.672576904296877,0.2369639078775947,0.4676086956521739,0.5273913043478261,130.436767578125,131.8494415283203,144.01141357421875,145.59225463867188,189.12628173828125,189.64569091796875,,-8.41381327311197,-8.27386474609375,0.75146484375,-0.0211197566199836,-165.85497538248697,-158.32546997070312,-214.32864379882807,0.0220194118499203,-8.41381327311197,-8.27386474609375,0.666259765625,0.4617557583659278,0.4932637983485441,232.6958923339844,233.6109619140625,250.5713806152344,252.5530548095703,277.96844482421875,278.7760314941406
NZDUSD,H4,21,1,ZERO,mid,sma100 atr14 ema21,val,,27870,25071,2778,4644,0,0.0,4644.0,,,102.51678466796876,101.92593383789062,128.9081573486328,,,,,,,,,,,,,,,,,,,,,,,,,,,,,,,,,,,,,,,,,,,,,,,
NZDUSD,H4,21,1,REPEAT,mid,sma100 atr14 ema21,val,,27870,25071,2778,4644,0,4630.0,14.0,0.5028077753779697,0.0073481753072155,121.61111450195312,121.40320587158205,187.3224639892578,,,,,,,,,,,,,,,,,,,,,,,,,,,,,,,,,,,,,,,,,,,,,,,
NZDUSD,H4,21,1,MEAN,mid,sma100 atr14 ema21,val,,27870,25071,2778,4644,0,4639.0,5.0,0.4904074153912481,0.0073410438473196,102.51678466796876,101.92593383789062,128.91748046875,,,,,,,,,,,,,,,,,,,,,,,,,,,,,,,,,,,,,,,,,,,,,,,
NZDUSD,H4,21,1,lgbm,mid,sma100 atr14 ema21,val,42,27870,25071,2778,4644,0,4639.0,5.0,0.5026945462384135,0.0073410438473196,89.3230209350586,90.3199462890625,129.24118041992188,,,,,,,,,-13.193763732910156,-11.605987548828123,0.3330230712890625,-0.0001132291395562,-32.28809356689453,-31.08325958251953,-58.08128356933594,0.0122871308471653,-13.193763732910156,-11.605987548828123,0.323699951171875,,,,,,,,,,,,,,,,,,,,,,,,,,,,
NZDUSD,H4,21,1,gru,mid,sma100 atr14 ema21,val,0 1 2,27870,25071,2778,4644,0,4639.0,5.0,0.4962994898325788,0.0073410438473196,88.3633804321289,89.80530039469402,129.06104024251303,,,,,,,,,-14.153404235839844,-12.12063344319661,0.1528828938802178,-0.0065082855453909,-33.24773406982422,-31.597905476888016,-58.26142374674478,0.0058920744413307,-14.153404235839844,-12.12063344319661,0.1435597737630303,0.4914852338866134,0.5020478551411942,87.6452407836914,89.3208999633789,89.40393829345703,90.54287719726562,129.02435302734375,129.1006622314453,,,,,,,,,,,,,,,,,,,,
NZDUSD,H4,21,2,ZERO,mid,sma100 atr14 ema21,val,,27869,25070,2777,4643,0,0.0,4643.0,,,102.5140151977539,101.94226837158205,128.92762756347656,0.0,4643.0,,,165.61676025390625,167.39076232910156,190.9758758544922,,,,,,,,,,,,,,,,,,,,,,,,,,,,,,,,,,,,,,,,
NZDUSD,H4,21,2,REPEAT,mid,sma100 atr14 ema21,val,,27869,25070,2777,4643,0,4629.0,14.0,0.502700367249946,0.0073489689752318,121.63644409179688,121.42440032958984,187.3595733642578,4630.0,13.0,0.4922246220302376,0.0073481753072155,264.9091186523437,269.1889953613281,331.83416748046875,,,,,,,,,,,,,,,,,,,,,,,,,,,,,,,,,,,,,,,,
NZDUSD,H4,21,2,MEAN,mid,sma100 atr14 ema21,val,,27869,25070,2777,4643,0,4638.0,5.0,0.4905131522207848,0.0073418352065465,102.5140151977539,101.94226837158205,128.93695068359375,4639.0,4.0,0.4869583962060789,0.0073410438473196,165.61676025390625,167.39076232910156,191.0012359619141,,,,,,,,,,,,,,,,,,,,,,,,,,,,,,,,,,,,,,,,
NZDUSD,H4,21,2,lgbm,mid,sma100 atr14 ema21,val,42,27869,25070,2777,4643,0,4638.0,5.0,0.5040965933592065,0.0073418352065465,89.22472381591797,90.44922637939452,128.97068786621094,4639.0,4.0,0.5035568010347058,0.0073410438473196,159.68795776367188,162.7062225341797,190.9588623046875,,-13.289291381835938,-11.4930419921875,0.043060302734375,0.0013962261092604,-32.411720275878906,-30.975173950195312,-58.38888549804688,0.0135834411384216,-13.289291381835938,-11.4930419921875,0.0337371826171875,,,,,,,,,,-5.928802490234375,-4.684539794921875,-0.0170135498046875,0.0113321790044682,-105.22116088867188,-106.48277282714844,-140.87530517578125,0.0165984048286269,-5.928802490234375,-4.684539794921875,-0.0423736572265625,,,,,,,,
NZDUSD,H4,21,2,gru,mid,sma100 atr14 ema21,val,0 1 2,27869,25070,2777,4643,0,4638.0,5.0,0.4976282880551961,0.0073418352065465,89.03609466552734,90.16443125406902,129.12042744954428,4639.0,4.0,0.5037005101674211,0.0073410438473196,158.94623311360678,163.17797342936197,191.20308430989584,,-13.477920532226562,-11.777837117513016,0.1927998860677178,-0.0050720791947498,-32.60034942626953,-31.25996907552083,-58.23914591471353,0.0071151358344113,-13.477920532226562,-11.777837117513016,0.1834767659505303,0.4911599827511858,0.5043122035360069,88.62129974365234,89.48274230957031,89.8954849243164,90.43702697753906,129.04576110839844,129.22393798828125,,-6.67052714029947,-4.212788899739593,0.2272084554036553,0.0114758881371835,-105.96288553873696,-106.01102193196616,-140.6310831705729,0.0167421139613422,-6.67052714029947,-4.212788899739593,0.2018483479817803,0.4977365811597327,0.515628368182798,158.24412536621094,159.4883575439453,162.7969207763672,163.62582397460938,190.86700439453125,191.4706268310547
NZDUSD,H4,37,1,ZERO,mid,sma100 atr14 ema21,val,,27854,25055,2762,4628,0,0.0,4628.0,,,102.58055877685548,101.92852020263672,128.992431640625,,,,,,,,,,,,,,,,,,,,,,,,,,,,,,,,,,,,,,,,,,,,,,,
NZDUSD,H4,37,1,REPEAT,mid,sma100 atr14 ema21,val,,27854,25055,2762,4628,0,4614.0,14.0,0.5023840485478978,0.0073609049405035,121.7148895263672,121.5212860107422,187.5139312744141,,,,,,,,,,,,,,,,,,,,,,,,,,,,,,,,,,,,,,,,,,,,,,,
NZDUSD,H4,37,1,MEAN,mid,sma100 atr14 ema21,val,,27854,25055,2762,4628,0,4623.0,5.0,0.4899415963659961,0.0073537363899241,102.58055877685548,101.92852020263672,129.00228881835938,,,,,,,,,,,,,,,,,,,,,,,,,,,,,,,,,,,,,,,,,,,,,,,
NZDUSD,H4,37,1,lgbm,mid,sma100 atr14 ema21,val,42,27854,25055,2762,4628,0,4623.0,5.0,0.5020549426779147,0.0073537363899241,89.20030975341797,90.52046966552734,128.97117614746094,,,,,,,,,-13.3802490234375,-11.408050537109377,-0.0212554931640625,-0.000329105869983,-32.51457977294922,-31.000816345214844,-58.542755126953125,0.0121133463119186,-13.3802490234375,-11.408050537109377,-0.0311126708984375,,,,,,,,,,,,,,,,,,,,,,,,,,,,
NZDUSD,H4,37,1,gru,mid,sma100 atr14 ema21,val,0 1 2,27854,25055,2762,4628,0,4623.0,5.0,0.4938351719662557,0.0073537363899241,89.32319895426433,89.70528157552083,129.2647705078125,,,,,,,,,-13.25735982259114,-12.22323862711589,0.2723388671875,-0.008548876581642,-32.39169057210286,-31.81600443522136,-58.24916076660156,0.0038935756002596,-13.25735982259114,-12.22323862711589,0.262481689453125,0.490590525632706,0.4964308890330954,88.82451629638672,89.95362091064453,89.48147583007812,89.92496490478516,129.16400146484375,129.34713745117188,,,,,,,,,,,,,,,,,,,,
NZDUSD,H4,37,2,ZERO,mid,sma100 atr14 ema21,val,,27853,25054,2761,4627,0,0.0,4627.0,,,102.57778930664062,101.94488525390624,129.01199340820312,0.0,4627.0,,,165.76699829101562,167.45826721191406,191.17678833007807,,,,,,,,,,,,,,,,,,,,,,,,,,,,,,,,,,,,,,,,
NZDUSD,H4,37,2,REPEAT,mid,sma100 atr14 ema21,val,,27853,25054,2761,4627,0,4613.0,14.0,0.5022761760242792,0.0073617027408571,121.74032592773438,121.5425796508789,187.5512237548828,4614.0,13.0,0.4919809276116168,0.0073609049405035,265.2195739746094,269.4520263671875,332.16143798828125,,,,,,,,,,,,,,,,,,,,,,,,,,,,,,,,,,,,,,,,
NZDUSD,H4,37,2,MEAN,mid,sma100 atr14 ema21,val,,27853,25054,2761,4627,0,4622.0,5.0,0.4900475984422328,0.0073545318614381,102.57778930664062,101.94488525390624,129.02183532714844,4623.0,4.0,0.4866969500324464,0.0073537363899241,165.76699829101562,167.45826721191406,191.2036895751953,,,,,,,,,,,,,,,,,,,,,,,,,,,,,,,,,,,,,,,,
NZDUSD,H4,37,2,lgbm,mid,sma100 atr14 ema21,val,42,27853,25054,2761,4627,0,4622.0,5.0,0.5038944180008654,0.0073545318614381,89.4142837524414,90.53463745117188,129.04690551757812,4623.0,4.0,0.5044343499891845,0.0073537363899241,159.39305114746094,162.5929412841797,191.2164764404297,,-13.16350555419922,-11.410247802734377,0.034912109375,0.0016182419765862,-32.32604217529297,-31.00794219970703,-58.50431823730469,0.0138468195586326,-13.16350555419922,-11.410247802734377,0.0250701904296875,,,,,,,,,,-6.373947143554688,-4.865325927734375,0.0396881103515625,0.0124534223775676,-105.82652282714844,-106.8590850830078,-140.94496154785156,0.017737399956738,-6.373947143554688,-4.865325927734375,0.012786865234375,,,,,,,,
NZDUSD,H4,37,2,gru,mid,sma100 atr14 ema21,val,0 1 2,27853,25054,2761,4627,0,4622.0,5.0,0.4988460983701139,0.0073545318614381,89.34243520100911,89.86840057373047,129.19349670410156,4623.0,4.0,0.5031364914557647,0.0073537363899241,159.13298543294272,162.9409942626953,191.37125142415368,,-13.235354105631515,-12.07648468017578,0.1815032958984375,-0.0034300776541652,-32.397890726725265,-31.67417907714844,-58.35772705078125,0.0087984999278811,-13.235354105631515,-12.07648468017578,0.171661376953125,0.4963219385547382,0.5006490696668109,88.50900268554688,90.053466796875,89.82240295410156,89.91139221191406,129.1094970703125,129.2936248779297,,-6.634012858072907,-4.51727294921875,0.1944630940755303,0.0111555638441478,-106.08658854166666,-106.5110321044922,-140.7901865641276,0.0164395414233182,-6.634012858072907,-4.51727294921875,0.1675618489583428,0.499891845122215,0.5070300670560243,158.59515380859375,159.4882049560547,162.55641174316406,163.20883178710938,191.1166229248047,191.60952758789065
NZDUSD,H4,42,1,ZERO,mid,sma100 atr14 ema21,val,,27849,25050,2757,4623,0,0.0,4623.0,,,102.60202026367188,101.94459533691406,129.04013061523438,,,,,,,,,,,,,,,,,,,,,,,,,,,,,,,,,,,,,,,,,,,,,,,
NZDUSD,H4,42,1,REPEAT,mid,sma100 atr14 ema21,val,,27849,25050,2757,4623,0,4609.0,14.0,0.5020611846387503,0.0073648965382918,121.77677154541016,121.58435821533205,187.64794921875,,,,,,,,,,,,,,,,,,,,,,,,,,,,,,,,,,,,,,,,,,,,,,,
NZDUSD,H4,42,1,MEAN,mid,sma100 atr14 ema21,val,,27849,25050,2757,4623,0,4618.0,5.0,0.4900389779125162,0.007357716330893,102.60202026367188,101.94459533691406,129.04989624023438,,,,,,,,,,,,,,,,,,,,,,,,,,,,,,,,,,,,,,,,,,,,,,,
NZDUSD,H4,42,1,lgbm,mid,sma100 atr14 ema21,val,42,27849,25050,2757,4623,0,4618.0,5.0,0.5017323516673885,0.007357716330893,89.51776885986328,90.47289276123048,129.13616943359375,,,,,,,,,-13.084251403808594,-11.471702575683594,0.096038818359375,-0.0003288329713617,-32.259002685546875,-31.11146545410156,-58.51177978515625,0.0116933737548722,-13.084251403808594,-11.471702575683594,0.086273193359375,,,,,,,,,,,,,,,,,,,,,,,,,,,,
NZDUSD,H4,42,1,gru,mid,sma100 atr14 ema21,val,0 1 2,27849,25050,2757,4623,0,4618.0,5.0,0.4936480438862422,0.007357716330893,88.49510447184245,89.52515411376953,129.2875773111979,,,,,,,,,-14.106915791829422,-12.419441223144531,0.2474466959635322,-0.008413140752508,-33.281667073567704,-32.0592041015625,-58.36037190755209,0.003609065973726,-14.106915791829422,-12.419441223144531,0.2376810709635322,0.4867908185361628,0.4987007362494586,88.01718139648438,89.33624267578125,89.01826477050781,89.87386322021484,129.27294921875,129.2962188720703,,,,,,,,,,,,,,,,,,,,
NZDUSD,H4,42,2,ZERO,mid,sma100 atr14 ema21,val,,27848,25049,2756,4622,0,0.0,4622.0,,,102.59922790527344,101.9609832763672,129.05970764160156,0.0,4622.0,,,165.80792236328125,167.51055908203125,191.2562713623047,,,,,,,,,,,,,,,,,,,,,,,,,,,,,,,,,,,,,,,,
NZDUSD,H4,42,2,REPEAT,mid,sma100 atr14 ema21,val,,27848,25049,2756,4622,0,4608.0,14.0,0.501953125,0.0073656956373598,121.80225372314452,121.6056900024414,187.685302734375,4609.0,13.0,0.4918637448470384,0.0073648965382918,265.3955993652344,269.6385803222656,332.3949584960937,,,,,,,,,,,,,,,,,,,,,,,,,,,,,,,,,,,,,,,,
NZDUSD,H4,42,2,MEAN,mid,sma100 atr14 ema21,val,,27848,25049,2756,4622,0,4617.0,5.0,0.49014511587611,0.0073585130948057,102.59922790527344,101.9609832763672,129.0694580078125,4618.0,4.0,0.4865742745777393,0.007357716330893,165.80792236328125,167.51055908203125,191.28292846679688,,,,,,,,,,,,,,,,,,,,,,,,,,,,,,,,,,,,,,,,
NZDUSD,H4,42,2,lgbm,mid,sma100 atr14 ema21,val,42,27848,25049,2756,4622,0,4617.0,5.0,0.5072557938055015,0.0073585130948057,89.33706665039062,90.5376968383789,129.35159301757812,4618.0,4.0,0.5012992637505413,0.007357716330893,159.3712921142578,162.7508087158203,191.2367706298828,,-13.262161254882812,-11.42328643798828,0.2918853759765625,0.0053026688055014,-32.465187072753906,-31.0679931640625,-58.33370971679688,0.0171106779293914,-13.262161254882812,-11.42328643798828,0.282135009765625,,,,,,,,,,-6.4366302490234375,-4.7597503662109375,-0.019500732421875,0.0094355189035029,-106.02430725097656,-106.88777160644533,-141.15818786621094,0.014724989172802,-6.4366302490234375,-4.7597503662109375,-0.0461578369140625,,,,,,,,
NZDUSD,H4,42,2,gru,mid,sma100 atr14 ema21,val,0 1 2,27848,25049,2756,4622,0,4617.0,5.0,0.4892065554833586,0.0073585130948057,88.23318227132161,89.96216074625652,129.32957458496094,4618.0,4.0,0.5017323516673885,0.007357716330893,158.81121317545572,163.22112019856772,191.5199940999349,,-14.366045633951828,-11.998822530110672,0.269866943359375,-0.0127465695166413,-33.56907145182292,-31.64352925618489,-58.35572814941406,-0.0009385603927514,-14.366045633951828,-11.998822530110672,0.2601165771484375,0.4849469352393329,0.4929607970543643,87.4923095703125,88.77033233642578,89.62052154541016,90.24884033203124,129.24481201171875,129.39590454101562,,-6.99670918782553,-4.289438883463532,0.2637227376302178,0.0098686068203501,-106.58438618977866,-106.41746012369792,-140.87496439615884,0.0151580770896492,-6.99670918782553,-4.289438883463532,0.2370656331380303,0.4939367691641403,0.51277609354699,158.18031311035156,159.55686950683594,162.68759155273438,163.92051696777344,191.2825469970703,191.910873413086
NZDUSD,H4,108,1,ZERO,mid,sma100 atr14 ema21,val,,27783,24984,2691,4557,0,0.0,4557.0,,,102.88996124267578,101.9389419555664,129.10105895996094,,,,,,,,,,,,,,,,,,,,,,,,,,,,,,,,,,,,,,,,,,,,,,,
NZDUSD,H4,108,1,REPEAT,mid,sma100 atr14 ema21,val,,27783,24984,2691,4557,0,4543.0,14.0,0.5014307726172132,0.0074182016720135,122.03873443603516,121.82444763183594,187.92022705078125,,,,,,,,,,,,,,,,,,,,,,,,,,,,,,,,,,,,,,,,,,,,,,,
NZDUSD,H4,108,1,MEAN,mid,sma100 atr14 ema21,val,,27783,24984,2691,4557,0,4552.0,5.0,0.4887961335676625,0.0074108645841094,102.88996124267578,101.9389419555664,129.11207580566406,,,,,,,,,,,,,,,,,,,,,,,,,,,,,,,,,,,,,,,,,,,,,,,
NZDUSD,H4,108,1,lgbm,mid,sma100 atr14 ema21,val,42,27783,24984,2691,4557,0,4552.0,5.0,0.4887961335676625,0.0074108645841094,89.10261535644531,90.06407165527344,129.11412048339844,,,,,,,,,-13.787345886230469,-11.874870300292969,0.0130615234375,-0.0126346390495507,-32.936119079589844,-31.7603759765625,-58.80610656738281,0.0,-13.787345886230469,-11.874870300292969,0.002044677734375,,,,,,,,,,,,,,,,,,,,,,,,,,,,
NZDUSD,H4,108,1,gru,mid,sma100 atr14 ema21,val,0 1 2,27783,24984,2691,4557,0,4552.0,5.0,0.4921646162858817,0.0074108645841094,89.0952631632487,89.9029057820638,129.2236328125,,,,,,,,,-13.79469807942708,-12.036036173502607,0.1225738525390625,-0.0092661563313315,-32.943471272786454,-31.92154184977214,-58.69659423828125,0.0033684827182191,-13.79469807942708,-12.036036173502607,0.1115570068359375,0.4855008787346221,0.4964850615114236,88.75294494628906,89.5220718383789,89.47098541259766,90.35450744628906,129.2045135498047,129.2386932373047,,,,,,,,,,,,,,,,,,,,
NZDUSD,H4,108,2,ZERO,mid,sma100 atr14 ema21,val,,27782,24983,2690,4556,0,0.0,4556.0,,,102.88712310791016,101.95549774169922,129.12094116210938,0.0,4556.0,,,166.15321350097656,167.25604248046875,191.1659393310547,,,,,,,,,,,,,,,,,,,,,,,,,,,,,,,,,,,,,,,,
NZDUSD,H4,108,2,REPEAT,mid,sma100 atr14 ema21,val,,27782,24983,2690,4556,0,4542.0,14.0,0.5013210039630119,0.0074190182498873,122.06463623046876,121.84613800048828,187.95819091796875,4543.0,13.0,0.4904248294078802,0.0074182016720135,265.7964172363281,269.8602905273437,332.7486877441406,,,,,,,,,,,,,,,,,,,,,,,,,,,,,,,,,,,,,,,,
NZDUSD,H4,108,2,MEAN,mid,sma100 atr14 ema21,val,,27782,24983,2690,4556,0,4551.0,5.0,0.4889035376840255,0.0074116787411658,102.88712310791016,101.95549774169922,129.1319580078125,4552.0,4.0,0.484622144112478,0.0074108645841094,166.15321350097656,167.25604248046875,191.19639587402344,,,,,,,,,,,,,,,,,,,,,,,,,,,,,,,,,,,,,,,,
NZDUSD,H4,108,2,lgbm,mid,sma100 atr14 ema21,val,42,27782,24983,2690,4556,0,4551.0,5.0,0.4889035376840255,0.0074116787411658,89.29212951660156,90.15220642089844,129.13400268554688,4552.0,4.0,0.4982425307557118,0.0074108645841094,159.64085388183594,162.64662170410156,191.1108856201172,,-13.594993591308594,-11.80329132080078,0.0130615234375,-0.0124174662789864,-32.77250671386719,-31.693931579589844,-58.82418823242188,0.0,-13.594993591308594,-11.80329132080078,0.002044677734375,,,,,,,,,,-6.512359619140625,-4.609420776367188,-0.0550537109375,0.0078177013478315,-106.1555633544922,-107.2136688232422,-141.63780212402344,0.0136203866432337,-6.512359619140625,-4.609420776367188,-0.08551025390625,,,,,,,,
NZDUSD,H4,108,2,gru,mid,sma100 atr14 ema21,val,0 1 2,27782,24983,2690,4556,0,4551.0,5.0,0.4949095436900315,0.0074116787411658,89.43022155761719,90.04555765787761,129.28466288248697,4552.0,4.0,0.4933362624487405,0.0074108645841094,159.6389923095703,162.8601837158203,191.4446258544922,,-13.456901550292969,-11.90994008382161,0.1637217203775947,-0.0064114602729804,-32.63441467285156,-31.800580342610672,-58.67352803548178,0.0060060060060059,-13.456901550292969,-11.90994008382161,0.1527048746744697,0.4935179081520545,0.4957152274225445,88.9774169921875,89.70720672607422,89.06893157958984,90.76144409179688,129.21095275878906,129.35595703125,,-6.51422119140625,-4.3958587646484375,0.2786865234375,0.0029114330408602,-106.1574249267578,-107.00010681152344,-141.30406188964844,0.0087141183362624,-6.51422119140625,-4.3958587646484375,0.24822998046875,0.4914323374340949,0.4953866432337434,159.3743896484375,159.8768310546875,162.6439666748047,163.2610321044922,191.3736267089844,191.53623962402344
EURGBP,H4,21,1,ZERO,mid,sma100 atr14 ema21,val,,27879,25080,2778,4645,0,0.0,4645.0,,,79.39761352539062,76.48849487304688,94.2273406982422,,,,,,,,,,,,,,,,,,,,,,,,,,,,,,,,,,,,,,,,,,,,,,,
EURGBP,H4,21,1,REPEAT,mid,sma100 atr14 ema21,val,,27879,25080,2778,4645,0,4623.0,22.0,0.4858317110101665,0.0073537363899241,91.97987365722656,87.81754302978516,139.42401123046875,,,,,,,,,,,,,,,,,,,,,,,,,,,,,,,,,,,,,,,,,,,,,,,
EURGBP,H4,21,1,MEAN,mid,sma100 atr14 ema21,val,,27879,25080,2778,4645,0,4632.0,13.0,0.4974093264248704,0.0073465887423029,79.39761352539062,76.48849487304688,94.23442840576172,,,,,,,,,,,,,,,,,,,,,,,,,,,,,,,,,,,,,,,,,,,,,,,
EURGBP,H4,21,1,lgbm,mid,sma100 atr14 ema21,val,42,27879,25080,2778,4645,0,4632.0,13.0,0.5038860103626943,0.0073465887423029,67.04716491699219,63.72338485717773,94.1821060180664,,,,,,,,,-12.350448608398438,-12.76511001586914,-0.0452346801757812,0.0180542993525277,-24.93270874023437,-24.094158172607425,-45.24190521240234,0.0064766839378238,-12.350448608398438,-12.76511001586914,-0.0523223876953125,,,,,,,,,,,,,,,,,,,,,,,,,,,,
EURGBP,H4,21,1,gru,mid,sma100 atr14 ema21,val,0 1 2,27879,25080,2778,4645,0,4632.0,13.0,0.5145365572826712,0.0073465887423029,65.21200052897136,62.34427007039388,94.21613057454428,,,,,,,,,-14.185612996419266,-14.144224802652992,-0.0112101236979214,0.0287048462725046,-26.767873128255204,-25.47327295939128,-45.20788065592448,0.0171272308578007,-14.185612996419266,-14.144224802652992,-0.0182978312174526,0.5010794473229706,0.5246113989637305,64.77902221679688,65.62300109863281,61.43529891967773,63.38533401489258,94.117919921875,94.405517578125,,,,,,,,,,,,,,,,,,,,
EURGBP,H4,21,2,ZERO,mid,sma100 atr14 ema21,val,,27878,25079,2777,4644,0,0.0,4644.0,,,79.40896606445312,76.48135375976562,94.2341766357422,0.0,4644.0,,,126.20095825195312,123.3035125732422,136.32310485839844,,,,,,,,,,,,,,,,,,,,,,,,,,,,,,,,,,,,,,,,
EURGBP,H4,21,2,REPEAT,mid,sma100 atr14 ema21,val,,27878,25079,2777,4644,0,4622.0,22.0,0.4857204673301601,0.0073545318614381,91.98546600341795,87.83624267578125,139.4438018798828,4629.0,15.0,0.4854180168502916,0.0073489689752318,203.12608337402344,198.5826873779297,247.4744873046875,,,,,,,,,,,,,,,,,,,,,,,,,,,,,,,,,,,,,,,,
EURGBP,H4,21,2,MEAN,mid,sma100 atr14 ema21,val,,27878,25079,2777,4644,0,4631.0,13.0,0.4973007989635068,0.0073473818962855,79.40896606445312,76.48135375976562,94.24156188964844,4637.0,7.0,0.4867371145136942,0.0073426268217525,126.20095825195312,123.3035125732422,136.37060546875,,,,,,,,,,,,,,,,,,,,,,,,,,,,,,,,,,,,,,,,
EURGBP,H4,21,2,lgbm,mid,sma100 atr14 ema21,val,42,27878,25079,2777,4644,0,4631.0,13.0,0.505938242280285,0.0073473818962855,67.21049499511719,63.65514755249024,94.158203125,4637.0,7.0,0.4871684278628423,0.0073426268217525,119.4104232788086,118.14338684082033,136.35536193847656,,-12.198471069335938,-12.82620620727539,-0.0759735107421875,0.0202177749501249,-24.77497100830078,-24.181095123291016,-45.28559875488281,0.0086374433167782,-12.198471069335938,-12.82620620727539,-0.0833587646484375,,,,,,,,,,-6.790534973144531,-5.160125732421875,0.032257080078125,0.0017504110125507,-83.71566009521484,-80.43930053710938,-111.11912536621094,0.0004313133491481,-6.790534973144531,-5.160125732421875,-0.0152435302734375,,,,,,,,
EURGBP,H4,21,2,gru,mid,sma100 atr14 ema21,val,0 1 2,27878,25079,2777,4644,0,4631.0,13.0,0.5047146044770748,0.0073473818962855,65.75938924153645,62.66345469156901,94.33018747965497,4637.0,7.0,0.5118970598806699,0.0073426268217525,117.90094757080078,113.9058329264323,136.38113403320312,,-13.649576822916671,-13.817899068196615,0.0960108439127651,0.0189941371469147,-26.226076761881515,-25.17278798421224,-45.11361440022786,0.007413805513568,-13.649576822916671,-13.817899068196615,0.0886255900065151,0.4975167350464262,0.5130641330166271,65.67483520507812,65.80836486816406,62.15143203735352,63.58100509643555,94.24862670898438,94.4032974243164,,-8.300010681152344,-9.397679646809893,0.0580291748046875,0.0264790430303782,-85.22513580322266,-84.67685445149739,-111.09335327148438,0.0251599453669756,-8.300010681152344,-9.397679646809893,0.010528564453125,0.5093810653439724,0.513694198835454,117.84498596191406,118.00188446044922,113.82227325439452,113.9812240600586,136.30496215820312,136.47242736816406
EURGBP,H4,37,1,ZERO,mid,sma100 atr14 ema21,val,,27863,25064,2762,4629,0,0.0,4629.0,,,79.13489532470703,76.27911376953125,93.91099548339844,,,,,,,,,,,,,,,,,,,,,,,,,,,,,,,,,,,,,,,,,,,,,,,
EURGBP,H4,37,1,REPEAT,mid,sma100 atr14 ema21,val,,27863,25064,2762,4629,0,4607.0,22.0,0.4857825048838723,0.0073664949965935,91.53985595703124,87.45841217041016,138.8961944580078,,,,,,,,,,,,,,,,,,,,,,,,,,,,,,,,,,,,,,,,,,,,,,,
EURGBP,H4,37,1,MEAN,mid,sma100 atr14 ema21,val,,27863,25064,2762,4629,0,4616.0,13.0,0.4978336221837088,0.0073593101176182,79.13489532470703,76.27911376953125,93.9172134399414,,,,,,,,,,,,,,,,,,,,,,,,,,,,,,,,,,,,,,,,,,,,,,,
EURGBP,H4,37,1,lgbm,mid,sma100 atr14 ema21,val,42,27863,25064,2762,4629,0,4616.0,13.0,0.5095320623916811,0.0073593101176182,66.68119049072266,64.7095718383789,93.83704376220705,,,,,,,,,-12.453704833984377,-11.569541931152344,-0.0739517211914062,0.0237495575078087,-24.8586654663086,-22.74884033203125,-45.05915069580078,0.0116984402079722,-12.453704833984377,-11.569541931152344,-0.080169677734375,,,,,,,,,,,,,,,,,,,,,,,,,,,,
EURGBP,H4,37,1,gru,mid,sma100 atr14 ema21,val,0 1 2,27863,25064,2762,4629,0,4616.0,13.0,0.5140092432120161,0.0073593101176182,64.70536804199219,61.48728942871094,93.9116948445638,,,,,,,,,-14.429527282714844,-14.791824340820312,0.0006993611653598,0.0282267383281437,-26.834487915039062,-25.97112274169922,-44.984499613444015,0.0161756210283072,-14.429527282714844,-14.791824340820312,-0.0055185953776089,0.5116984402079723,0.5177642980935875,64.14253997802734,65.58223724365234,61.021244049072266,61.94972610473633,93.8721923828125,93.97390747070312,,,,,,,,,,,,,,,,,,,,
EURGBP,H4,37,2,ZERO,mid,sma100 atr14 ema21,val,,27862,25063,2761,4628,0,0.0,4628.0,,,79.146240234375,76.27189636230469,93.91778564453124,0.0,4628.0,,,125.68936157226562,122.97669219970705,135.83946228027344,,,,,,,,,,,,,,,,,,,,,,,,,,,,,,,,,,,,,,,,
EURGBP,H4,37,2,REPEAT,mid,sma100 atr14 ema21,val,,27862,25063,2761,4628,0,4606.0,22.0,0.4856708640903169,0.0073672946161342,91.54537963867188,87.47709655761719,138.9159393310547,4613.0,15.0,0.4855842185128983,0.0073617027408571,202.00767517089844,197.78543090820312,246.26663208007807,,,,,,,,,,,,,,,,,,,,,,,,,,,,,,,,,,,,,,,,
EURGBP,H4,37,2,MEAN,mid,sma100 atr14 ema21,val,,27862,25063,2761,4628,0,4615.0,13.0,0.4977248104008667,0.0073601073994707,79.146240234375,76.27189636230469,93.92427825927734,4621.0,7.0,0.4869075957584938,0.0073553275911522,125.68936157226562,122.97669219970705,135.88491821289062,,,,,,,,,,,,,,,,,,,,,,,,,,,,,,,,,,,,,,,,
EURGBP,H4,37,2,lgbm,mid,sma100 atr14 ema21,val,42,27862,25063,2761,4628,0,4615.0,13.0,0.5098591549295775,0.0073601073994707,66.34423828125,63.1268310546875,93.84073638916016,4621.0,7.0,0.4940489071629517,0.0073553275911522,119.43706512451172,118.0050811767578,135.94944763183594,,-12.802001953125,-13.145065307617188,-0.0770492553710937,0.0241882908392604,-25.201141357421875,-24.350265502929688,-45.07520294189453,0.0121343445287107,-12.802001953125,-13.145065307617188,-0.0835418701171875,,,,,,,,,,-6.252296447753906,-4.971611022949219,0.1099853515625,0.0084646886500533,-82.57061004638672,-79.78034973144531,-110.3171844482422,0.0071413114044578,-6.252296447753906,-4.971611022949219,0.0645294189453125,,,,,,,,
EURGBP,H4,37,2,gru,mid,sma100 atr14 ema21,val,0 1 2,27862,25063,2761,4628,0,4615.0,13.0,0.5070422535211266,0.0073601073994707,65.38590494791667,62.22378412882487,94.0091298421224,4621.0,7.0,0.5085479333477603,0.0073553275911522,117.60611470540364,113.37420399983723,135.88402303059897,,-13.760335286458329,-14.04811223347982,0.0913441975911411,0.0213713894308096,-26.159474690755204,-25.25331242879232,-44.906809488932296,0.0093174431202598,-13.760335286458329,-14.04811223347982,0.0848515828450473,0.4964247020585048,0.514409534127844,65.22404479980469,65.50448608398438,61.81868362426758,62.99455642700195,93.90019989013672,94.10411834716795,,-8.083246866861984,-9.602488199869796,0.0445607503255303,0.0229637148348619,-84.4015604654948,-84.41122690836589,-110.38260904947916,0.0216403375892664,-8.083246866861984,-9.602488199869796,-0.0008951822916571,0.4955637307942004,0.5163384548798962,117.27970886230467,117.98719787597656,113.1184539794922,113.7581024169922,135.67367553710938,136.0828094482422
EURGBP,H4,42,1,ZERO,mid,sma100 atr14 ema21,val,,27858,25059,2757,4624,0,0.0,4624.0,,,79.09685516357422,76.23539733886719,93.8721923828125,,,,,,,,,,,,,,,,,,,,,,,,,,,,,,,,,,,,,,,,,,,,,,,
EURGBP,H4,42,1,REPEAT,mid,sma100 atr14 ema21,val,,27858,25059,2757,4624,0,4602.0,22.0,0.4852238157322903,0.0073704957001941,91.4498291015625,87.49632263183594,138.98280334472656,,,,,,,,,,,,,,,,,,,,,,,,,,,,,,,,,,,,,,,,,,,,,,,
EURGBP,H4,42,1,MEAN,mid,sma100 atr14 ema21,val,,27858,25059,2757,4624,0,4611.0,13.0,0.4983734547820429,0.0073632991200889,79.09685516357422,76.23539733886719,93.87762451171876,,,,,,,,,,,,,,,,,,,,,,,,,,,,,,,,,,,,,,,,,,,,,,,
EURGBP,H4,42,1,lgbm,mid,sma100 atr14 ema21,val,42,27858,25059,2757,4624,0,4611.0,13.0,0.5018434179136847,0.0073632991200889,67.07975769042969,64.47351837158203,93.82160949707033,,,,,,,,,-12.017097473144531,-11.761878967285156,-0.0505828857421875,0.0166196021813944,-24.37007141113281,-23.022804260253903,-45.16119384765625,0.0034699631316417,-12.017097473144531,-11.761878967285156,-0.0560150146484375,,,,,,,,,,,,,,,,,,,,,,,,,,,,
EURGBP,H4,42,1,gru,mid,sma100 atr14 ema21,val,0 1 2,27858,25059,2757,4624,0,4611.0,13.0,0.5142774524687342,0.0073632991200889,64.63939158121745,62.0982920328776,93.89785512288412,,,,,,,,,-14.457463582356766,-14.137105305989586,0.0256627400716098,0.0290536367364439,-26.810437520345047,-25.398030598958336,-45.08494822184245,0.0159039976866913,-14.457463582356766,-14.137105305989586,0.0202306111653598,0.5048796356538712,0.5248319236608111,64.45706176757812,64.84312438964844,61.807376861572266,62.44751739501953,93.80416107177734,94.06253814697266,,,,,,,,,,,,,,,,,,,,
EURGBP,H4,42,2,ZERO,mid,sma100 atr14 ema21,val,,27857,25058,2756,4623,0,0.0,4623.0,,,79.10820770263672,76.22816467285156,93.87897491455078,0.0,4623.0,,,125.58155059814452,122.81584167480467,135.69143676757812,,,,,,,,,,,,,,,,,,,,,,,,,,,,,,,,,,,,,,,,
EURGBP,H4,42,2,REPEAT,mid,sma100 atr14 ema21,val,,27857,25058,2756,4623,0,4601.0,22.0,0.4851119321886546,0.0073712966233912,91.45532989501952,87.51502990722656,139.00259399414062,4608.0,15.0,0.4850260416666667,0.0073656956373598,202.0068206787109,197.85972595214844,246.4028778076172,,,,,,,,,,,,,,,,,,,,,,,,,,,,,,,,,,,,,,,,
EURGBP,H4,42,2,MEAN,mid,sma100 atr14 ema21,val,,27857,25058,2756,4623,0,4610.0,13.0,0.4982646420824295,0.0073640976992485,79.10820770263672,76.22816467285156,93.88468170166016,4616.0,7.0,0.4874350086655112,0.0073593101176182,125.58155059814452,122.81584167480467,135.73570251464844,,,,,,,,,,,,,,,,,,,,,,,,,,,,,,,,,,,,,,,,
EURGBP,H4,42,2,lgbm,mid,sma100 atr14 ema21,val,42,27857,25058,2756,4623,0,4610.0,13.0,0.5017353579175705,0.0073640976992485,67.1178207397461,64.40437316894531,93.828857421875,4616.0,7.0,0.4904679376083189,0.0073593101176182,118.3810577392578,117.49077606201172,135.71539306640625,,-11.990386962890623,-11.82379150390625,-0.0501174926757812,0.0166234257289158,-24.33750915527344,-23.11065673828125,-45.173736572265625,0.003470715835141,-11.990386962890623,-11.82379150390625,-0.0558242797851562,,,,,,,,,,-7.200492858886719,-5.325065612792969,0.023956298828125,0.0054418959416522,-83.62576293945312,-80.36894989013672,-110.68748474121094,0.0030329289428076,-7.200492858886719,-5.325065612792969,-0.0203094482421875,,,,,,,,
EURGBP,H4,42,2,gru,mid,sma100 atr14 ema21,val,0 1 2,27857,25058,2756,4623,0,4610.0,13.0,0.5159797541576283,0.0073640976992485,64.71603902180989,62.17992146809896,93.83094533284503,4616.0,7.0,0.5181975736568457,0.0073593101176182,116.96766662597656,113.53502146402997,135.4704844156901,,-14.392168680826828,-14.048243204752602,-0.0480295817057339,0.0308678219689736,-26.73929087320964,-25.3351084391276,-45.17164866129558,0.0177151120751988,-14.392168680826828,-14.048243204752602,-0.0537363688151089,0.5095444685466377,0.5214750542299349,64.32320404052734,65.12919616699219,61.44101333618164,62.75260162353516,93.80159759521484,93.84561920166016,,-8.613883972167969,-9.280820210774737,-0.2209523518880303,0.033171531990179,-85.03915405273438,-84.32470448811848,-110.93239339192708,0.0307625649913344,-8.613883972167969,-9.280820210774737,-0.2652180989583428,0.5173310225303293,0.5192807625649913,116.48127746582033,117.65045928955078,113.31725311279295,113.75546264648438,135.37249755859375,135.56178283691406
EURGBP,H4,108,1,ZERO,mid,sma100 atr14 ema21,val,,27792,24993,2691,4558,0,0.0,4558.0,,,78.48650360107422,75.80956268310547,92.9963836669922,,,,,,,,,,,,,,,,,,,,,,,,,,,,,,,,,,,,,,,,,,,,,,,
EURGBP,H4,108,1,REPEAT,mid,sma100 atr14 ema21,val,,27792,24993,2691,4558,0,4536.0,22.0,0.4852292768959436,0.0074239233864562,90.77884674072266,86.49385833740234,137.56834411621094,,,,,,,,,,,,,,,,,,,,,,,,,,,,,,,,,,,,,,,,,,,,,,,
EURGBP,H4,108,1,MEAN,mid,sma100 atr14 ema21,val,,27792,24993,2691,4558,0,4545.0,13.0,0.4987898789878988,0.007416569324833,78.48650360107422,75.80956268310547,93.0011215209961,,,,,,,,,,,,,,,,,,,,,,,,,,,,,,,,,,,,,,,,,,,,,,,
EURGBP,H4,108,1,lgbm,mid,sma100 atr14 ema21,val,42,27792,24993,2691,4558,0,4545.0,13.0,0.4987898789878988,0.007416569324833,65.83366394042969,63.744590759277344,92.99659729003906,,,,,,,,,-12.652839660644531,-12.064971923828123,0.000213623046875,0.0135606020919551,-24.94518280029297,-22.749267578125,-44.57174682617188,0.0,-12.652839660644531,-12.064971923828123,-0.0045242309570312,,,,,,,,,,,,,,,,,,,,,,,,,,,,
EURGBP,H4,108,1,gru,mid,sma100 atr14 ema21,val,0 1 2,27792,24993,2691,4558,0,4545.0,13.0,0.5114044737807114,0.007416569324833,64.11691029866536,60.85438537597656,93.0323486328125,,,,,,,,,-14.36959330240886,-14.955177307128906,0.0359649658203125,0.0261751968847678,-26.661936442057296,-25.63947296142578,-44.53599548339844,0.0126145947928126,-14.36959330240886,-14.955177307128906,0.0312271118164062,0.5016501650165016,0.5192519251925193,63.83657836914063,64.28068542480469,60.77204132080078,60.95123291015625,92.95442199707033,93.1326141357422,,,,,,,,,,,,,,,,,,,,
EURGBP,H4,108,2,ZERO,mid,sma100 atr14 ema21,val,,27791,24992,2690,4557,0,0.0,4557.0,,,78.4979019165039,75.80216217041016,93.0030746459961,0.0,4557.0,,,124.69102478027344,121.65015411376952,134.3861083984375,,,,,,,,,,,,,,,,,,,,,,,,,,,,,,,,,,,,,,,,
EURGBP,H4,108,2,REPEAT,mid,sma100 atr14 ema21,val,,27791,24992,2690,4557,0,4535.0,22.0,0.4851157662624035,0.0074247418554942,90.78428649902344,86.51261901855469,137.58810424804688,4542.0,15.0,0.4841479524438573,0.0074190182498873,200.353744506836,195.8990631103516,244.315673828125,,,,,,,,,,,,,,,,,,,,,,,,,,,,,,,,,,,,,,,,
EURGBP,H4,108,2,MEAN,mid,sma100 atr14 ema21,val,,27791,24992,2690,4557,0,4544.0,13.0,0.4986795774647887,0.0074173853637115,78.4979019165039,75.80216217041016,93.0080795288086,4550.0,7.0,0.4872527472527472,0.007412493166611,124.69102478027344,121.65015411376952,134.43052673339844,,,,,,,,,,,,,,,,,,,,,,,,,,,,,,,,,,,,,,,,
EURGBP,H4,108,2,lgbm,mid,sma100 atr14 ema21,val,42,27791,24992,2690,4557,0,4544.0,13.0,0.4986795774647887,0.0074173853637115,66.1753921508789,63.65827941894531,93.00405883789062,4550.0,7.0,0.4887912087912088,0.007412493166611,118.23953247070312,116.0255889892578,134.35414123535156,,-12.322509765625,-12.143882751464844,0.0009841918945312,0.0135638112023852,-24.60889434814453,-22.85433959960937,-44.58404541015625,0.0,-12.322509765625,-12.143882751464844,-0.0040206909179687,,,,,,,,,,-6.4514923095703125,-5.624565124511719,-0.0319671630859375,0.0046432563473514,-82.11421203613281,-79.87347412109375,-109.96153259277344,0.0015384615384615,-6.4514923095703125,-5.624565124511719,-0.076385498046875,,,,,,,,
EURGBP,H4,108,2,gru,mid,sma100 atr14 ema21,val,0 1 2,27791,24992,2690,4557,0,4544.0,13.0,0.5135710093896714,0.0074173853637115,64.63707224527995,61.46621068318685,93.01027425130208,4550.0,7.0,0.5167032967032967,0.007412493166611,115.71094004313152,112.03192647298177,134.19063313802084,,-13.860829671223954,-14.335951487223303,0.0071996053059848,0.0284552431272678,-26.147214253743485,-25.04640833536784,-44.5778299967448,0.0148914319248826,-13.860829671223954,-14.335951487223303,0.0021947224934848,0.511443661971831,0.5149647887323944,64.23301696777344,65.1526107788086,61.19844436645508,61.7911262512207,92.99797058105467,93.01751708984376,,-8.980084737141922,-9.618227640787763,-0.1954752604166572,0.0325553442594394,-84.64280446370442,-83.8671366373698,-110.12504069010416,0.0294505494505494,-8.980084737141922,-9.618227640787763,-0.2398935953775947,0.5147252747252747,0.5186813186813187,115.48677825927734,115.9053955078125,111.93760681152344,112.13983917236328,134.12989807128906,134.27420043945312
EURJPY,H4,21,1,ZERO,mid,sma100 atr14 ema21,val,,27879,25080,2778,4646,0,0.0,4646.0,,,169.16395568847656,183.4654235839844,210.99644470214844,,,,,,,,,,,,,,,,,,,,,,,,,,,,,,,,,,,,,,,,,,,,,,,
EURJPY,H4,21,1,REPEAT,mid,sma100 atr14 ema21,val,,27879,25080,2778,4646,0,4634.0,12.0,0.4719464825205006,0.0073450032046255,194.4931182861328,208.4277801513672,313.53778076171875,,,,,,,,,,,,,,,,,,,,,,,,,,,,,,,,,,,,,,,,,,,,,,,
EURJPY,H4,21,1,MEAN,mid,sma100 atr14 ema21,val,,27879,25080,2778,4646,0,4637.0,9.0,0.4705628639206383,0.0073426268217525,169.16395568847656,183.4654235839844,211.0007476806641,,,,,,,,,,,,,,,,,,,,,,,,,,,,,,,,,,,,,,,,,,,,,,,
EURJPY,H4,21,1,lgbm,mid,sma100 atr14 ema21,val,42,27879,25080,2778,4646,0,4637.0,9.0,0.4729350873409532,0.0073426268217525,142.80755615234375,159.03280639648438,211.024169921875,,,,,,,,,-26.35639953613281,-24.4326171875,0.0277252197265625,0.0009886048204525,-51.68556213378906,-49.39497375488281,-102.51361083984376,0.0023722234203148,-26.35639953613281,-24.4326171875,0.0234222412109375,,,,,,,,,,,,,,,,,,,,,,,,,,,,
EURJPY,H4,21,1,gru,mid,sma100 atr14 ema21,val,0 1 2,27879,25080,2778,4646,0,4637.0,9.0,0.5107468909496082,0.0073426268217525,140.79090881347656,156.73150634765625,211.04194132486973,,,,,,,,,-28.373046875,-26.733917236328125,0.0454966227213446,0.0388004084291075,-53.70220947265625,-51.69627380371094,-102.49583943684895,0.0401840270289698,-28.373046875,-26.733917236328125,0.0411936442057196,0.4912659046797498,0.5272805693336209,138.55751037597656,144.7792205810547,155.65789794921875,157.73358154296875,210.7063903808593,211.3680114746093,,,,,,,,,,,,,,,,,,,,
EURJPY,H4,21,2,ZERO,mid,sma100 atr14 ema21,val,,27878,25079,2777,4645,0,0.0,4645.0,,,169.1652374267578,183.50474548339844,211.0084991455078,0.0,4645.0,,,271.8798217773437,292.21337890625,306.7960205078125,,,,,,,,,,,,,,,,,,,,,,,,,,,,,,,,,,,,,,,,
EURJPY,H4,21,2,REPEAT,mid,sma100 atr14 ema21,val,,27878,25079,2777,4645,0,4633.0,12.0,0.4718325059356788,0.0073457958451291,194.5240020751953,208.47254943847656,313.604736328125,4640.0,5.0,0.5021551724137931,0.0073402527439337,436.2157287597656,450.6565246582031,545.0121459960938,,,,,,,,,,,,,,,,,,,,,,,,,,,,,,,,,,,,,,,,
EURJPY,H4,21,2,MEAN,mid,sma100 atr14 ema21,val,,27878,25079,2777,4645,0,4636.0,9.0,0.470448662640207,0.0073434186930755,169.1652374267578,183.50474548339844,211.0125732421875,4643.0,2.0,0.469093258668964,0.0073378809674453,271.8798217773437,292.21337890625,306.8060607910156,,,,,,,,,,,,,,,,,,,,,,,,,,,,,,,,,,,,,,,,
EURJPY,H4,21,2,lgbm,mid,sma100 atr14 ema21,val,42,27878,25079,2777,4645,0,4636.0,9.0,0.5273943054357204,0.0073434186930755,144.13507080078125,159.0297088623047,211.0360107421875,4643.0,2.0,0.514107258238208,0.0073378809674453,256.92987060546875,278.44482421875,306.8134460449219,,-25.03016662597656,-24.47503662109375,0.0275115966796875,0.0555617995000415,-50.38893127441406,-49.44284057617188,-102.5687255859375,0.0569456427955133,-25.03016662597656,-24.47503662109375,0.0234375,,,,,,,,,,-14.949951171875,-13.7685546875,0.017425537109375,0.0119520858244148,-179.28585815429688,-172.21170043945312,-238.19869995117188,0.045013999569244,-14.949951171875,-13.7685546875,0.00738525390625,,,,,,,,
EURJPY,H4,21,2,gru,mid,sma100 atr14 ema21,val,0 1 2,27878,25079,2777,4645,0,4636.0,9.0,0.5020851308599368,0.0073434186930755,139.2462158203125,153.06783040364584,211.1302998860677,4643.0,2.0,0.5028358101801996,0.0073378809674453,254.55008443196616,273.38641357421875,306.8384195963542,,-29.919021606445312,-30.436915079752595,0.1218007405599053,0.0302526249242579,-55.27778625488281,-55.40471903483072,-102.47443644205728,0.0316364682197297,-29.919021606445312,-30.436915079752595,0.1177266438802178,0.4943917169974116,0.5103537532355479,136.72384643554688,142.01182556152344,151.2241973876953,155.21148681640625,210.76942443847656,211.5673828125,,-17.329737345377595,-18.82696533203125,0.0423990885416856,0.0006806377664064,-181.66564432779947,-177.27011108398438,-238.1737263997396,0.0337425515112356,-17.329737345377595,-18.82696533203125,0.0323588053385606,0.4960155072151626,0.5085074305405988,253.58009338378903,256.250244140625,271.9803161621094,275.9769592285156,306.75506591796875,306.9461364746094
EURJPY,H4,37,1,ZERO,mid,sma100 atr14 ema21,val,,27863,25064,2762,4630,0,0.0,4630.0,,,169.35398864746094,183.62905883789065,211.2390899658203,,,,,,,,,,,,,,,,,,,,,,,,,,,,,,,,,,,,,,,,,,,,,,,
EURJPY,H4,37,1,REPEAT,mid,sma100 atr14 ema21,val,,27863,25064,2762,4630,0,4618.0,12.0,0.4716327414465136,0.007357716330893,194.6888732910156,208.66436767578125,313.8390808105469,,,,,,,,,,,,,,,,,,,,,,,,,,,,,,,,,,,,,,,,,,,,,,,
EURJPY,H4,37,1,MEAN,mid,sma100 atr14 ema21,val,,27863,25064,2762,4630,0,4621.0,9.0,0.4708937459424367,0.0073553275911522,169.35398864746094,183.62905883789065,211.23956298828125,,,,,,,,,,,,,,,,,,,,,,,,,,,,,,,,,,,,,,,,,,,,,,,
EURJPY,H4,37,1,lgbm,mid,sma100 atr14 ema21,val,42,27863,25064,2762,4630,0,4621.0,9.0,0.5284570439298854,0.0073553275911522,143.12351989746094,158.3391571044922,211.20864868164065,,,,,,,,,-26.23046875,-25.28990173339844,-0.0304412841796875,0.0568243024833717,-51.56535339355469,-50.32521057128906,-102.63043212890624,0.0575632979874486,-26.23046875,-25.28990173339844,-0.030914306640625,,,,,,,,,,,,,,,,,,,,,,,,,,,,
EURJPY,H4,37,1,gru,mid,sma100 atr14 ema21,val,0 1 2,27863,25064,2762,4630,0,4621.0,9.0,0.5165548582557888,0.0073553275911522,140.31043497721353,155.2698720296224,211.1501668294271,,,,,,,,,-29.043553670247405,-28.35918680826822,-0.0889231363932196,0.0449221168092752,-54.37843831380209,-53.394495646158845,-102.68891398111978,0.0456611123133521,-29.043553670247405,-28.35918680826822,-0.0893961588541571,0.5107119671066869,0.5269422202986367,138.4352264404297,144.00299072265625,152.41641235351562,159.3563690185547,210.953369140625,211.3460235595703,,,,,,,,,,,,,,,,,,,,
EURJPY,H4,37,2,ZERO,mid,sma100 atr14 ema21,val,,27862,25063,2761,4629,0,0.0,4629.0,,,169.3552703857422,183.66856384277344,211.2512359619141,0.0,4629.0,,,272.3147888183594,292.5077209472656,307.2065124511719,,,,,,,,,,,,,,,,,,,,,,,,,,,,,,,,,,,,,,,,
EURJPY,H4,37,2,REPEAT,mid,sma100 atr14 ema21,val,,27862,25063,2761,4629,0,4617.0,12.0,0.4715183019276586,0.0073585130948057,194.7199249267578,208.70933532714844,313.9063415527344,4624.0,5.0,0.5021626297577855,0.0073529411764705,436.8281555175781,451.29833984375,545.7753295898438,,,,,,,,,,,,,,,,,,,,,,,,,,,,,,,,,,,,,,,,
EURJPY,H4,37,2,MEAN,mid,sma100 atr14 ema21,val,,27862,25063,2761,4629,0,4620.0,9.0,0.4707792207792208,0.0073561235792062,169.3552703857422,183.66856384277344,211.25146484375,4627.0,2.0,0.5307974929760104,0.0073505570830786,272.3147888183594,292.5077209472656,307.2060241699219,,,,,,,,,,,,,,,,,,,,,,,,,,,,,,,,,,,,,,,,
EURJPY,H4,37,2,lgbm,mid,sma100 atr14 ema21,val,42,27862,25063,2761,4629,0,4620.0,9.0,0.5285714285714286,0.0073561235792062,142.52972412109375,157.9684295654297,211.2205505371093,4627.0,2.0,0.5215042143937757,0.0073505570830786,256.7103576660156,277.503173828125,306.6911926269531,,-26.82554626464844,-25.70013427734375,-0.0306854248046875,0.0570531266437699,-52.19020080566406,-50.74090576171875,-102.685791015625,0.0577922077922077,-26.82554626464844,-25.70013427734375,-0.030914306640625,,,,,,,,,,-15.60443115234375,-15.004547119140623,-0.51531982421875,0.0193415846359902,-180.1177978515625,-173.795166015625,-239.08413696289065,-0.0092932785822347,-15.60443115234375,-15.004547119140623,-0.51483154296875,,,,,,,,
EURJPY,H4,37,2,gru,mid,sma100 atr14 ema21,val,0 1 2,27862,25063,2761,4629,0,4620.0,9.0,0.5046897546897546,0.0073561235792062,141.6969197591146,155.89382934570312,211.3248494466146,4627.0,2.0,0.4956415243858512,0.0073505570830786,256.0115458170573,275.73741658528644,307.7139078776042,,-27.658350626627595,-27.774734497070312,0.0736134847005303,0.0331714527620959,-53.02300516764322,-52.81550598144531,-102.58149210611978,0.0339105339105338,-27.658350626627595,-27.774734497070312,0.0733846028645928,0.4887445887445887,0.5142857142857142,140.18719482421875,142.51649475097656,151.11302185058594,158.6793975830078,211.14324951171875,211.65089416503903,,-16.303243001302064,-16.770304361979186,0.5073954264323106,-0.0065211053719342,-180.8166097005208,-175.56092325846356,-238.0614217122396,-0.0351559685901592,-16.303243001302064,-16.770304361979186,0.5078837076823106,0.4882213097039118,0.5081046034147396,254.3607177734375,257.0284729003906,271.1496276855469,278.4237060546875,307.5701599121094,307.8097229003906
EURJPY,H4,42,1,ZERO,mid,sma100 atr14 ema21,val,,27858,25059,2757,4625,0,0.0,4625.0,,,169.36953735351562,183.65966796875,211.27740478515625,,,,,,,,,,,,,,,,,,,,,,,,,,,,,,,,,,,,,,,,,,,,,,,
EURJPY,H4,42,1,REPEAT,mid,sma100 atr14 ema21,val,,27858,25059,2757,4625,0,4613.0,12.0,0.472143941036202,0.0073617027408571,194.62356567382807,208.6846466064453,313.82183837890625,,,,,,,,,,,,,,,,,,,,,,,,,,,,,,,,,,,,,,,,,,,,,,,
EURJPY,H4,42,1,MEAN,mid,sma100 atr14 ema21,val,,27858,25059,2757,4625,0,4616.0,9.0,0.5292461005199307,0.0073593101176182,169.36953735351562,183.65966796875,211.2770538330078,,,,,,,,,,,,,,,,,,,,,,,,,,,,,,,,,,,,,,,,,,,,,,,
EURJPY,H4,42,1,lgbm,mid,sma100 atr14 ema21,val,42,27858,25059,2757,4625,0,4616.0,9.0,0.4750866551126516,0.0073593101176182,142.60394287109375,158.21559143066406,211.2732086181641,,,,,,,,,-26.765594482421875,-25.444076538085938,-0.0041961669921875,0.0029427140764495,-52.019622802734375,-50.46905517578125,-102.5486297607422,-0.054159445407279,-26.765594482421875,-25.444076538085938,-0.00384521484375,,,,,,,,,,,,,,,,,,,,,,,,,,,,
EURJPY,H4,42,1,gru,mid,sma100 atr14 ema21,val,0 1 2,27858,25059,2757,4625,0,4616.0,9.0,0.4901790872328133,0.0073593101176182,143.64842224121094,158.8339589436849,211.65994262695312,,,,,,,,,-25.721115112304688,-24.82570902506509,0.382537841796875,0.0180351461966112,-50.97514343261719,-49.85068766276041,-102.16189575195312,-0.0390670132871173,-25.721115112304688,-24.82570902506509,0.3828887939453125,0.4763864818024263,0.5047660311958405,142.83131408691406,144.06268310546875,158.20126342773438,159.44729614257812,211.352783203125,212.0392303466797,,,,,,,,,,,,,,,,,,,,
EURJPY,H4,42,2,ZERO,mid,sma100 atr14 ema21,val,,27857,25058,2756,4624,0,0.0,4624.0,,,169.37081909179688,183.6992034912109,211.28958129882807,0.0,4624.0,,,272.410400390625,292.6883544921875,307.340087890625,,,,,,,,,,,,,,,,,,,,,,,,,,,,,,,,,,,,,,,,
EURJPY,H4,42,2,REPEAT,mid,sma100 atr14 ema21,val,,27857,25058,2756,4624,0,4612.0,12.0,0.4720294882914137,0.007362500800672,194.6546325683593,208.72967529296875,313.88916015625,4619.0,5.0,0.5020567222342498,0.0073569198257398,436.9007263183594,451.496337890625,546.017822265625,,,,,,,,,,,,,,,,,,,,,,,,,,,,,,,,,,,,,,,,
EURJPY,H4,42,2,MEAN,mid,sma100 atr14 ema21,val,,27857,25058,2756,4624,0,4615.0,9.0,0.5293607800650054,0.0073601073994707,169.37081909179688,183.6992034912109,211.2890014648437,4622.0,2.0,0.5311553440069234,0.0073545318614381,272.410400390625,292.6883544921875,307.33843994140625,,,,,,,,,,,,,,,,,,,,,,,,,,,,,,,,,,,,,,,,
EURJPY,H4,42,2,lgbm,mid,sma100 atr14 ema21,val,42,27857,25058,2756,4624,0,4615.0,9.0,0.5278439869989165,0.0073601073994707,142.19065856933594,158.42042541503906,211.2851409912109,4622.0,2.0,0.5190393768931199,0.0073545318614381,256.93487548828125,277.5180969238281,306.895263671875,,-27.180160522460938,-25.278778076171875,-0.0044403076171875,0.0558144987075028,-52.46397399902344,-50.30924987792969,-102.60401916503906,-0.0015167930660888,-27.180160522460938,-25.278778076171875,-0.0038604736328125,,,,,,,,,,-15.47552490234375,-15.170257568359377,-0.44482421875,0.01698265465887,-179.96585083007812,-173.97824096679688,-239.12255859375,-0.0121159671138035,-15.47552490234375,-15.170257568359377,-0.44317626953125,,,,,,,,
EURJPY,H4,42,2,gru,mid,sma100 atr14 ema21,val,0 1 2,27857,25058,2756,4624,0,4615.0,9.0,0.5049476345250993,0.0073601073994707,142.39193216959634,156.6478271484375,211.4509684244792,4622.0,2.0,0.5049040819270157,0.0073545318614381,256.3753356933594,275.7200012207031,307.5766194661458,,-26.97888692220053,-27.05137634277344,0.1613871256510322,0.0329181462336855,-52.26270039876303,-52.08184814453125,-102.43819173177084,-0.0244131455399061,-26.97888692220053,-27.05137634277344,0.1619669596354072,0.4764897074756229,0.5209100758396533,139.864013671875,144.3846893310547,152.53041076660156,159.15313720703125,211.16336059570312,211.82525634765625,,-16.035064697265625,-16.968353271484375,0.2365315755208143,0.0028473596927659,-180.525390625,-175.77633666992188,-238.4412027994792,-0.0262512620799076,-16.035064697265625,-16.968353271484375,0.2381795247395643,0.4787970575508438,0.5218520121159671,255.59039306640625,256.8707580566406,271.2092590332031,279.6697082519531,306.9615478515625,308.0360717773437
EURJPY,H4,108,1,ZERO,mid,sma100 atr14 ema21,val,,27792,24993,2691,4559,0,0.0,4559.0,,,169.7932891845703,184.25,212.6209716796875,,,,,,,,,,,,,,,,,,,,,,,,,,,,,,,,,,,,,,,,,,,,,,,
EURJPY,H4,108,1,REPEAT,mid,sma100 atr14 ema21,val,,27792,24993,2691,4559,0,4547.0,12.0,0.4728392346602155,0.0074149380547539,195.5084381103516,210.1839294433593,315.61767578125,,,,,,,,,,,,,,,,,,,,,,,,,,,,,,,,,,,,,,,,,,,,,,,
EURJPY,H4,108,1,MEAN,mid,sma100 atr14 ema21,val,,27792,24993,2691,4559,0,4550.0,9.0,0.4707692307692308,0.007412493166611,169.7932891845703,184.25,212.6289978027344,,,,,,,,,,,,,,,,,,,,,,,,,,,,,,,,,,,,,,,,,,,,,,,
EURJPY,H4,108,1,lgbm,mid,sma100 atr14 ema21,val,42,27792,24993,2691,4559,0,4550.0,9.0,0.4753846153846154,0.007412493166611,144.4519805908203,160.0826416015625,212.5480194091797,,,,,,,,,-25.34130859375,-24.1673583984375,-0.0729522705078125,0.0025453807243998,-51.05645751953125,-50.10128784179688,-103.06965637207033,0.0046153846153846,-25.34130859375,-24.1673583984375,-0.0809783935546875,,,,,,,,,,,,,,,,,,,,,,,,,,,,
EURJPY,H4,108,1,gru,mid,sma100 atr14 ema21,val,0 1 2,27792,24993,2691,4559,0,4550.0,9.0,0.5064468864468864,0.007412493166611,142.19393412272134,158.93238321940103,212.70087178548167,,,,,,,,,-27.599355061848968,-25.317616780598968,0.0799001057942803,0.0336076517866708,-53.31450398763022,-51.25154622395834,-102.91680399576822,0.0356776556776556,-27.599355061848968,-25.317616780598968,0.0718739827474053,0.4764835164835165,0.5268131868131868,139.536376953125,144.20269775390625,154.1685791015625,161.9970245361328,212.36260986328125,213.16799926757807,,,,,,,,,,,,,,,,,,,,
EURJPY,H4,108,2,ZERO,mid,sma100 atr14 ema21,val,,27791,24992,2690,4558,0,0.0,4558.0,,,169.79457092285156,184.2901306152344,212.63360595703125,0.0,4558.0,,,273.9494934082031,294.3872985839844,309.4955139160156,,,,,,,,,,,,,,,,,,,,,,,,,,,,,,,,,,,,,,,,
EURJPY,H4,108,2,REPEAT,mid,sma100 atr14 ema21,val,,27791,24992,2690,4558,0,4546.0,12.0,0.4727232732072151,0.0074157535552299,195.54014587402344,210.2299194335937,315.6863708496094,4553.0,5.0,0.5016472655392049,0.0074100506952942,439.31591796875,454.5205078125,549.2730102539062,,,,,,,,,,,,,,,,,,,,,,,,,,,,,,,,,,,,,,,,
EURJPY,H4,108,2,MEAN,mid,sma100 atr14 ema21,val,,27791,24992,2690,4558,0,4549.0,9.0,0.4706528907452187,0.0074133078605923,169.79457092285156,184.2901306152344,212.6414337158203,4556.0,2.0,0.4690517998244073,0.0074076106368244,273.9494934082031,294.3872985839844,309.5102844238281,,,,,,,,,,,,,,,,,,,,,,,,,,,,,,,,,,,,,,,,
EURJPY,H4,108,2,lgbm,mid,sma100 atr14 ema21,val,42,27791,24992,2690,4558,0,4549.0,9.0,0.475269289953836,0.0074133078605923,143.70668029785156,160.1986083984375,212.56044006347656,4556.0,2.0,0.5212906057945567,0.0074076106368244,260.4593200683594,280.3819580078125,309.2976989746094,,-26.087890625,-24.091522216796875,-0.0731658935546875,0.0025460167466208,-51.83346557617188,-50.03131103515625,-103.1259307861328,0.0046163992086172,-26.087890625,-24.091522216796875,-0.08099365234375,,,,,,,,,,-13.49017333984375,-14.005340576171877,-0.19781494140625,0.0196433402553517,-178.85659790039062,-174.1385498046875,-239.97531127929688,0.0522388059701492,-13.49017333984375,-14.005340576171877,-0.21258544921875,,,,,,,,
EURJPY,H4,108,2,gru,mid,sma100 atr14 ema21,val,0 1 2,27791,24992,2690,4558,0,4549.0,9.0,0.5143987689602111,0.0074133078605923,142.53707885742188,158.6902821858724,212.5966644287109,4556.0,2.0,0.5131694468832309,0.0074076106368244,257.8981424967448,277.59499104817706,309.39513142903644,,-27.257492065429688,-25.59984842936197,-0.0369415283203125,0.0416754957529959,-53.00306701660156,-51.53963724772135,-103.08970642089844,0.0437458782149923,-27.257492065429688,-25.59984842936197,-0.044769287109375,0.5042866564080017,0.5284677951198066,139.58010864257812,144.76841735839844,155.64515686035156,160.6685028076172,212.3424530029297,212.78097534179688,,-16.051350911458314,-16.79230753580731,-0.1003824869791856,0.0115221813440259,-181.4177754720052,-176.92551676432294,-239.8778788248698,0.0441176470588234,-16.051350911458314,-16.79230753580731,-0.1151529947916856,0.5004389815627743,0.5291922739244952,255.57745361328125,259.5888977050781,274.8656311035156,279.8481750488281,308.93927001953125,309.7154541015625
GBPJPY,H4,21,1,ZERO,mid,sma100 atr14 ema21,val,,27874,25075,2778,4645,0,0.0,4645.0,,,220.3596954345703,240.2319183349609,274.4195861816406,,,,,,,,,,,,,,,,,,,,,,,,,,,,,,,,,,,,,,,,,,,,,,,
GBPJPY,H4,21,1,REPEAT,mid,sma100 atr14 ema21,val,,27874,25075,2778,4645,0,4638.0,7.0,0.4879258300991806,0.0073418352065465,250.6479034423828,266.0393981933594,401.3797607421875,,,,,,,,,,,,,,,,,,,,,,,,,,,,,,,,,,,,,,,,,,,,,,,
GBPJPY,H4,21,1,MEAN,mid,sma100 atr14 ema21,val,,27874,25075,2778,4645,0,4641.0,4.0,0.4720965309200603,0.0073394618962512,220.3596954345703,240.2319183349609,274.5150451660156,,,,,,,,,,,,,,,,,,,,,,,,,,,,,,,,,,,,,,,,,,,,,,,
GBPJPY,H4,21,1,lgbm,mid,sma100 atr14 ema21,val,42,27874,25075,2778,4645,0,4641.0,4.0,0.4979530273647921,0.0073394618962512,183.4600067138672,204.11866760253903,274.5737609863281,,,,,,,,,-36.899688720703125,-36.11325073242188,0.1541748046875,0.0100271972656114,-67.18789672851562,-61.92073059082031,-126.80599975585938,0.0258564964447317,-36.899688720703125,-36.11325073242188,0.0587158203125,,,,,,,,,,,,,,,,,,,,,,,,,,,,
GBPJPY,H4,21,1,gru,mid,sma100 atr14 ema21,val,0 1 2,27874,25075,2778,4645,0,4641.0,4.0,0.5043453278747396,0.0073394618962512,178.38593546549478,196.09491475423167,274.7671305338542,,,,,,,,,-41.97375996907553,-44.13700358072916,0.3475443522135606,0.0164194977755589,-72.26196797688803,-69.9444834391276,-126.61263020833331,0.0322487969546793,-41.97375996907553,-44.13700358072916,0.2520853678385606,0.4960137901314372,0.5128205128205128,177.45025634765625,179.41807556152344,195.1421356201172,197.42955017089844,274.6065979003906,274.9989929199219,,,,,,,,,,,,,,,,,,,,
GBPJPY,H4,21,2,ZERO,mid,sma100 atr14 ema21,val,,27873,25074,2777,4644,0,0.0,4644.0,,,220.3490600585937,240.2866668701172,274.41387939453125,0.0,4644.0,,,349.85675048828125,383.807861328125,397.6745300292969,,,,,,,,,,,,,,,,,,,,,,,,,,,,,,,,,,,,,,,,
GBPJPY,H4,21,2,REPEAT,mid,sma100 atr14 ema21,val,,27873,25074,2777,4644,0,4637.0,7.0,0.4878153978865646,0.0073426268217525,250.6888427734375,266.0799865722656,401.4469299316406,4639.0,5.0,0.4914852338866134,0.0073410438473196,562.0415649414062,582.4910888671875,708.8717651367188,,,,,,,,,,,,,,,,,,,,,,,,,,,,,,,,,,,,,,,,
GBPJPY,H4,21,2,MEAN,mid,sma100 atr14 ema21,val,,27873,25074,2777,4644,0,4640.0,4.0,0.4719827586206896,0.0073402527439337,220.3490600585937,240.2866668701172,274.510986328125,4642.0,2.0,0.4614390348987505,0.0073386713041343,349.85675048828125,383.807861328125,397.9420166015625,,,,,,,,,,,,,,,,,,,,,,,,,,,,,,,,,,,,,,,,
GBPJPY,H4,21,2,lgbm,mid,sma100 atr14 ema21,val,42,27873,25074,2777,4644,0,4640.0,4.0,0.5051724137931034,0.0073402527439337,183.5785675048828,203.2050018310547,274.447509765625,4642.0,2.0,0.4627315812149935,0.0073386713041343,330.7825012207031,362.5984191894531,397.7984619140625,,-36.77049255371094,-37.0816650390625,0.03363037109375,0.0173570159065388,-67.11027526855469,-62.87498474121094,-126.99942016601562,0.0331896551724137,-36.77049255371094,-37.0816650390625,-0.0634765625,,,,,,,,,,-19.074249267578125,-21.209442138671875,0.123931884765625,-0.0287536526716199,-231.25906372070312,-219.8926696777344,-311.07330322265625,0.0012925463162429,-19.074249267578125,-21.209442138671875,-0.1435546875,,,,,,,,
GBPJPY,H4,21,2,gru,mid,sma100 atr14 ema21,val,0 1 2,27873,25074,2777,4644,0,4640.0,4.0,0.5051005747126437,0.0073402527439337,178.05565897623697,197.65758768717447,274.7734069824219,4642.0,2.0,0.4984202211690363,0.0073386713041343,327.97022501627606,354.96875,399.5496419270833,,-42.29340108235678,-42.62907918294272,0.359527587890625,0.0172851768260791,-72.63318379720053,-68.42239888509116,-126.67352294921876,0.033117816091954,-42.29340108235678,-42.62907918294272,0.262420654296875,0.4989224137931034,0.5146551724137931,177.5097198486328,178.45831298828125,194.711181640625,201.34585571289065,274.5608825683594,274.978515625,,-21.88652547200519,-28.839111328125,1.87511189778644,0.0069349872824228,-234.0713399251302,-227.5223388671875,-309.32212320963544,0.0369811862702857,-21.88652547200519,-28.839111328125,1.6076253255208144,0.4872899612236105,0.5148642826367945,327.6374816894531,328.1552429199219,353.70635986328125,356.4437561035156,398.6318054199219,400.1882629394531
GBPJPY,H4,37,1,ZERO,mid,sma100 atr14 ema21,val,,27858,25059,2762,4629,0,0.0,4629.0,,,220.4073181152344,240.1614227294922,274.4179077148437,,,,,,,,,,,,,,,,,,,,,,,,,,,,,,,,,,,,,,,,,,,,,,,
GBPJPY,H4,37,1,REPEAT,mid,sma100 atr14 ema21,val,,27858,25059,2762,4629,0,4622.0,7.0,0.4883167459974037,0.0073545318614381,250.3894958496093,265.93475341796875,401.2125854492188,,,,,,,,,,,,,,,,,,,,,,,,,,,,,,,,,,,,,,,,,,,,,,,
GBPJPY,H4,37,1,MEAN,mid,sma100 atr14 ema21,val,,27858,25059,2762,4629,0,4625.0,4.0,0.4724324324324324,0.007352146220938,220.4073181152344,240.1614227294922,274.5023803710937,,,,,,,,,,,,,,,,,,,,,,,,,,,,,,,,,,,,,,,,,,,,,,,
GBPJPY,H4,37,1,lgbm,mid,sma100 atr14 ema21,val,42,27858,25059,2762,4629,0,4625.0,4.0,0.502054054054054,0.007352146220938,183.4264373779297,203.3024139404297,274.4129943847656,,,,,,,,,-36.98088073730469,-36.8590087890625,-0.004913330078125,0.0137373080566503,-66.96305847167969,-62.63233947753906,-126.79959106445312,0.0296216216216215,-36.98088073730469,-36.8590087890625,-0.089385986328125,,,,,,,,,,,,,,,,,,,,,,,,,,,,
GBPJPY,H4,37,1,gru,mid,sma100 atr14 ema21,val,0 1 2,27858,25059,2762,4629,0,4625.0,4.0,0.5103423423423423,0.007352146220938,177.55429077148438,195.1408030192057,274.8729349772136,,,,,,,,,-42.85302734375,-45.02061971028647,0.4550272623698106,0.0220255963449386,-72.835205078125,-70.79395039876303,-126.3396504720052,0.0379099099099098,-42.85302734375,-45.02061971028647,0.3705546061198106,0.4962162162162162,0.5187027027027027,177.5263214111328,177.5784454345703,193.8472442626953,195.8506774902344,274.3495788574219,275.6117248535156,,,,,,,,,,,,,,,,,,,,
GBPJPY,H4,37,2,ZERO,mid,sma100 atr14 ema21,val,,27857,25058,2761,4628,0,0.0,4628.0,,,220.39663696289065,240.21633911132807,274.41217041015625,0.0,4628.0,,,349.8287658691406,383.5160217285156,397.3483276367188,,,,,,,,,,,,,,,,,,,,,,,,,,,,,,,,,,,,,,,,
GBPJPY,H4,37,2,REPEAT,mid,sma100 atr14 ema21,val,,27857,25058,2761,4628,0,4621.0,7.0,0.4882060160138498,0.0073553275911522,250.43052673339844,265.9754638671875,401.2799377441406,4623.0,5.0,0.4912394548994159,0.0073537363899241,561.8942260742188,582.1146240234375,708.5453491210938,,,,,,,,,,,,,,,,,,,,,,,,,,,,,,,,,,,,,,,,
GBPJPY,H4,37,2,MEAN,mid,sma100 atr14 ema21,val,,27857,25058,2761,4628,0,4624.0,4.0,0.472318339100346,0.0073529411764705,220.39663696289065,240.21633911132807,274.49822998046875,4626.0,2.0,0.4615218331171639,0.0073513515231871,349.8287658691406,383.5160217285156,397.5881042480469,,,,,,,,,,,,,,,,,,,,,,,,,,,,,,,,,,,,,,,,
GBPJPY,H4,37,2,lgbm,mid,sma100 atr14 ema21,val,42,27857,25058,2761,4628,0,4624.0,4.0,0.504757785467128,0.0073529411764705,183.86822509765625,203.0458831787109,274.3543701171875,4626.0,2.0,0.5134025075659316,0.0073513515231871,330.3465881347656,361.8114318847656,397.3150939941406,,-36.528411865234375,-37.17045593261719,-0.05780029296875,0.0165517694532781,-66.56230163574219,-62.92958068847656,-126.92556762695312,0.0324394463667819,-36.528411865234375,-37.17045593261719,-0.14385986328125,,,,,,,,,,-19.482177734375,-21.70458984375,-0.033233642578125,0.0221630526665156,-231.54763793945312,-220.30319213867188,-311.2302551269531,0.0518806744487677,-19.482177734375,-21.70458984375,-0.27301025390625,,,,,,,,
GBPJPY,H4,37,2,gru,mid,sma100 atr14 ema21,val,0 1 2,27857,25058,2761,4628,0,4624.0,4.0,0.5049740484429066,0.0073529411764705,178.12598164876303,198.35565694173167,274.95664469401044,4626.0,2.0,0.5158524283037901,0.0073513515231871,327.5841979980469,353.25001017252606,398.3006184895833,,-42.2706553141276,-41.860682169596345,0.5444742838541856,0.0167680324290567,-72.30454508463541,-67.61980692545572,-126.3232930501302,0.0326557093425605,-42.2706553141276,-41.860682169596345,0.4584147135416856,0.479022491349481,0.5181660899653979,177.4768524169922,178.50958251953125,196.32278442382807,202.32867431640625,274.2731018066406,275.8097229003906,,-22.24456787109375,-30.266011555989564,0.9522908528645644,0.0246129734043741,-234.31002807617188,-228.86461385091144,-310.24473063151044,0.0543305951866261,-22.24456787109375,-30.266011555989564,0.7125142415364394,0.5101599654128837,0.5220492866407264,327.0855712890625,328.5352783203125,352.1468811035156,354.3490295410156,397.980712890625,398.60198974609375
GBPJPY,H4,42,1,ZERO,mid,sma100 atr14 ema21,val,,27853,25054,2757,4624,0,0.0,4624.0,,,220.4457855224609,240.25973510742188,274.4608459472656,,,,,,,,,,,,,,,,,,,,,,,,,,,,,,,,,,,,,,,,,,,,,,,
GBPJPY,H4,42,1,REPEAT,mid,sma100 atr14 ema21,val,,27853,25054,2757,4624,0,4617.0,7.0,0.4888455707169157,0.0073585130948057,250.32472229003903,266.0590515136719,401.1865234375,,,,,,,,,,,,,,,,,,,,,,,,,,,,,,,,,,,,,,,,,,,,,,,
GBPJPY,H4,42,1,MEAN,mid,sma100 atr14 ema21,val,,27853,25054,2757,4624,0,4620.0,4.0,0.4725108225108225,0.0073561235792062,220.4457855224609,240.25973510742188,274.5506591796875,,,,,,,,,,,,,,,,,,,,,,,,,,,,,,,,,,,,,,,,,,,,,,,
GBPJPY,H4,42,1,lgbm,mid,sma100 atr14 ema21,val,42,27853,25054,2757,4624,0,4620.0,4.0,0.4733766233766234,0.0073561235792062,183.3226623535156,202.6500244140625,274.5386962890625,,,,,,,,,-37.12312316894531,-37.609710693359375,0.077850341796875,-0.0154689473402923,-67.00205993652344,-63.409027099609375,-126.6478271484375,0.0008658008658009,-37.12312316894531,-37.609710693359375,-0.011962890625,,,,,,,,,,,,,,,,,,,,,,,,,,,,
GBPJPY,H4,42,1,gru,mid,sma100 atr14 ema21,val,0 1 2,27853,25054,2757,4624,0,4620.0,4.0,0.5092352092352093,0.0073561235792062,177.68963114420572,195.59821065266928,274.70969645182294,,,,,,,,,-42.75615437825522,-44.6615244547526,0.2488505045573106,0.0203896385182935,-72.63509114583334,-70.4608408610026,-126.47682698567706,0.0367243867243867,-42.75615437825522,-44.6615244547526,0.1590372721354356,0.5019480519480519,0.5155844155844156,175.05880737304688,179.38812255859375,193.739990234375,197.04568481445312,274.5233154296875,274.9988708496094,,,,,,,,,,,,,,,,,,,,
GBPJPY,H4,42,2,ZERO,mid,sma100 atr14 ema21,val,,27852,25053,2756,4623,0,0.0,4623.0,,,220.4351348876953,240.314682006836,274.4551086425781,0.0,4623.0,,,350.01220703125,383.59326171875,397.5334167480469,,,,,,,,,,,,,,,,,,,,,,,,,,,,,,,,,,,,,,,,
GBPJPY,H4,42,2,REPEAT,mid,sma100 atr14 ema21,val,,27852,25053,2756,4623,0,4616.0,7.0,0.4887348353552859,0.0073593101176182,250.36578369140625,266.0998229980469,401.2539367675781,4618.0,5.0,0.4913382416630576,0.007357716330893,562.0286865234375,582.2472534179688,708.8059692382812,,,,,,,,,,,,,,,,,,,,,,,,,,,,,,,,,,,,,,,,
GBPJPY,H4,42,2,MEAN,mid,sma100 atr14 ema21,val,,27852,25053,2756,4623,0,4619.0,4.0,0.4723966226455943,0.0073569198257398,220.4351348876953,240.314682006836,274.54656982421875,4621.0,2.0,0.4620212075308375,0.0073553275911522,350.01220703125,383.59326171875,397.7824401855469,,,,,,,,,,,,,,,,,,,,,,,,,,,,,,,,,,,,,,,,
GBPJPY,H4,42,2,lgbm,mid,sma100 atr14 ema21,val,42,27852,25053,2756,4623,0,4619.0,4.0,0.4732626109547521,0.0073569198257398,183.66159057617188,203.6333923339844,274.5348815917969,4621.0,2.0,0.5159056481281108,0.0073553275911522,331.62713623046875,358.793212890625,397.2090148925781,,-36.77354431152344,-36.68128967285156,0.07977294921875,-0.0154722244005338,-66.70419311523438,-62.4664306640625,-126.71905517578124,0.0008659883091577,-36.77354431152344,-36.68128967285156,-0.011688232421875,,,,,,,,,,-18.38507080078125,-24.800048828125,-0.32440185546875,0.0245674064650531,-230.40155029296875,-223.4540405273437,-311.5969543457031,0.0538844405972733,-18.38507080078125,-24.800048828125,-0.57342529296875,,,,,,,,
GBPJPY,H4,42,2,gru,mid,sma100 atr14 ema21,val,0 1 2,27852,25053,2756,4623,0,4619.0,4.0,0.5128815760987226,0.0073569198257398,178.58895874023438,195.4085693359375,274.76563517252606,4621.0,2.0,0.5204501190218568,0.0073553275911522,328.0350646972656,351.9423522949219,398.5018107096354,,-41.84617614746094,-44.90611267089844,0.3105265299479356,0.0241467407434367,-71.77682495117188,-70.69125366210938,-126.48830159505206,0.0404849534531283,-41.84617614746094,-44.90611267089844,0.2190653483073106,0.5057371725481706,0.5213249621130115,177.9500274658203,179.4628448486328,194.77212524414065,196.0408172607422,274.3753356933594,275.0580139160156,,-21.97714233398437,-31.650909423828125,0.9683939615885606,0.0291118773587991,-233.99362182617188,-230.30490112304688,-310.3041585286458,0.0584289114910193,-21.97714233398437,-31.650909423828125,0.7193705240885606,0.5182860852629301,0.5236961696602467,327.8645935058594,328.2860107421875,351.331787109375,352.2503356933594,397.8604736328125,399.1536254882813
GBPJPY,H4,108,1,ZERO,mid,sma100 atr14 ema21,val,,27787,24988,2691,4558,0,0.0,4558.0,,,220.819580078125,240.4706573486328,275.02313232421875,,,,,,,,,,,,,,,,,,,,,,,,,,,,,,,,,,,,,,,,,,,,,,,
GBPJPY,H4,108,1,REPEAT,mid,sma100 atr14 ema21,val,,27787,24988,2691,4558,0,4551.0,7.0,0.4878048780487805,0.0074116787411658,250.3798828125,266.9706115722656,402.2164306640625,,,,,,,,,,,,,,,,,,,,,,,,,,,,,,,,,,,,,,,,,,,,,,,
GBPJPY,H4,108,1,MEAN,mid,sma100 atr14 ema21,val,,27787,24988,2691,4558,0,4554.0,4.0,0.4727711901624945,0.0074092370745731,220.819580078125,240.4706573486328,275.11737060546875,,,,,,,,,,,,,,,,,,,,,,,,,,,,,,,,,,,,,,,,,,,,,,,
GBPJPY,H4,108,1,lgbm,mid,sma100 atr14 ema21,val,42,27787,24988,2691,4558,0,4554.0,4.0,0.5114185331576636,0.0074092370745731,183.2963256835937,204.77500915527344,275.0840759277344,,,,,,,,,-37.52325439453125,-35.695648193359375,0.060943603515625,0.0236136551088831,-67.08355712890625,-62.19560241699219,-127.13235473632812,0.038647342995169,-37.52325439453125,-35.695648193359375,-0.033294677734375,,,,,,,,,,,,,,,,,,,,,,,,,,,,
GBPJPY,H4,108,1,gru,mid,sma100 atr14 ema21,val,0 1 2,27787,24988,2691,4558,0,4554.0,4.0,0.5123700775874689,0.0074092370745731,178.47368367513022,196.5784708658854,275.4127909342448,,,,,,,,,-42.34589640299478,-43.892186482747405,0.3896586100260606,0.0245651995386884,-71.90619913736978,-70.39214070638022,-126.80363972981768,0.0395988874249743,-42.34589640299478,-43.892186482747405,0.2954203287760606,0.4995608256477821,0.5210803689064558,177.37425231933594,179.33230590820312,194.30197143554688,197.98220825195312,275.1815795898437,275.84002685546875,,,,,,,,,,,,,,,,,,,,
GBPJPY,H4,108,2,ZERO,mid,sma100 atr14 ema21,val,,27786,24987,2690,4557,0,0.0,4557.0,,,220.8089141845703,240.5264434814453,275.0174560546875,0.0,4557.0,,,350.3890075683594,384.2820434570313,398.0623168945313,,,,,,,,,,,,,,,,,,,,,,,,,,,,,,,,,,,,,,,,
GBPJPY,H4,108,2,REPEAT,mid,sma100 atr14 ema21,val,,27786,24987,2690,4557,0,4550.0,7.0,0.4876923076923077,0.007412493166611,250.4215545654297,267.0121765136719,402.2850646972656,4552.0,5.0,0.4909929701230228,0.0074108645841094,562.95849609375,583.6875,709.678955078125,,,,,,,,,,,,,,,,,,,,,,,,,,,,,,,,,,,,,,,,
GBPJPY,H4,108,2,MEAN,mid,sma100 atr14 ema21,val,,27786,24987,2690,4557,0,4553.0,4.0,0.4726553920491983,0.0074100506952942,220.8089141845703,240.5264434814453,275.1133117675781,4555.0,2.0,0.4614709110867179,0.0074084237217988,350.3890075683594,384.2820434570313,398.3333740234375,,,,,,,,,,,,,,,,,,,,,,,,,,,,,,,,,,,,,,,,
GBPJPY,H4,108,2,lgbm,mid,sma100 atr14 ema21,val,42,27786,24987,2690,4557,0,4553.0,4.0,0.5115308587744345,0.0074100506952942,183.6664276123047,205.0868225097656,275.07989501953125,4555.0,2.0,0.5170142700329309,0.0074084237217988,332.994140625,361.932861328125,398.4458923339844,,-37.142486572265625,-35.43962097167969,0.06243896484375,0.0238385510821267,-66.755126953125,-61.92535400390625,-127.20516967773438,0.0388754667252361,-37.142486572265625,-35.43962097167969,-0.033416748046875,,,,,,,,,,-17.394866943359375,-22.34918212890625,0.383575439453125,0.026021299909908,-229.96435546875,-221.754638671875,-311.2330627441406,0.0555433589462129,-17.394866943359375,-22.34918212890625,0.112518310546875,,,,,,,,
GBPJPY,H4,108,2,gru,mid,sma100 atr14 ema21,val,0 1 2,27786,24987,2690,4557,0,4553.0,4.0,0.5131415184127681,0.0074100506952942,178.53254191080728,198.2199961344401,275.42125447591144,4555.0,2.0,0.5140870837907062,0.0074084237217988,328.2366638183594,354.4970397949219,399.1159159342448,,-42.27637227376303,-42.30644734700522,0.4037984212239394,0.0254492107204604,-71.8890126546224,-68.79218037923178,-126.8638102213542,0.0404861263635698,-42.27637227376303,-42.30644734700522,0.3079427083333144,0.5097737755326158,0.5168021084998902,177.4423065185547,179.58299255371094,197.24415588378903,199.8988800048828,275.1677551269531,275.612060546875,,-22.15234375,-29.78500366210937,1.0535990397135606,0.0230941136676833,-234.72183227539065,-229.19046020507807,-310.5630391438802,0.0526161727039883,-22.15234375,-29.78500366210937,0.7825419108073106,0.5099890230515917,0.5214050493962679,327.4710998535156,329.4385986328125,353.7108459472656,355.5408020019531,398.677734375,399.7451171875
EURNZD,H4,21,1,ZERO,mid,sma100 atr14 ema21,val,,24915,22412,2482,4151,0,0.0,4151.0,,,216.4487152099609,215.1723022460937,260.863037109375,,,,,,,,,,,,,,,,,,,,,,,,,,,,,,,,,,,,,,,,,,,,,,,
EURNZD,H4,21,1,REPEAT,mid,sma100 atr14 ema21,val,,24915,22412,2482,4151,0,4144.0,7.0,0.5125482625482626,0.007767122075015,240.7542724609375,237.3206481933593,373.2080078125,,,,,,,,,,,,,,,,,,,,,,,,,,,,,,,,,,,,,,,,,,,,,,,
EURNZD,H4,21,1,MEAN,mid,sma100 atr14 ema21,val,,24915,22412,2482,4151,0,4147.0,4.0,0.4977091873643597,0.0077643121423062,216.4487152099609,215.1723022460937,260.864990234375,,,,,,,,,,,,,,,,,,,,,,,,,,,,,,,,,,,,,,,,,,,,,,,
EURNZD,H4,21,1,lgbm,mid,sma100 atr14 ema21,val,42,24915,22412,2482,4151,0,4147.0,4.0,0.4921630094043887,0.0077643121423062,182.3529510498047,180.3817749023437,260.886962890625,,,,,,,,,-34.09576416015625,-34.79052734375,0.02392578125,-0.0203852531438738,-58.40132141113281,-56.938873291015625,-112.321044921875,-0.005546177959971,-34.09576416015625,-34.79052734375,0.02197265625,,,,,,,,,,,,,,,,,,,,,,,,,,,,
EURNZD,H4,21,1,gru,mid,sma100 atr14 ema21,val,0 1 2,24915,22412,2482,4151,0,4147.0,4.0,0.4858934169278996,0.0077643121423062,180.87890625,179.8447723388672,261.9534403483073,,,,,,,,,-35.56980895996094,-35.32752990722656,1.0904032389323106,-0.0266548456203629,-59.8753662109375,-57.47587585449219,-111.25456746419268,-0.01181577043646,-35.56980895996094,-35.32752990722656,1.0884501139323106,0.4839643115505184,0.4883047986496262,180.15936279296875,181.69189453125,179.29290771484375,180.8446044921875,261.61474609375,262.4400939941406,,,,,,,,,,,,,,,,,,,,
EURNZD,H4,21,2,ZERO,mid,sma100 atr14 ema21,val,,24914,22411,2481,4150,0,0.0,4150.0,,,216.4556121826172,215.1471405029297,260.8949279785156,0.0,4150.0,,,342.26275634765625,342.0977783203125,382.2137451171875,,,,,,,,,,,,,,,,,,,,,,,,,,,,,,,,,,,,,,,,
EURNZD,H4,21,2,REPEAT,mid,sma100 atr14 ema21,val,,24914,22411,2481,4150,0,4143.0,7.0,0.5126719768283853,0.0077680593974193,240.78759765625,237.28277587890625,373.1956481933594,4144.0,6.0,0.5021718146718147,0.007767122075015,536.8607177734375,530.0963745117188,663.60888671875,,,,,,,,,,,,,,,,,,,,,,,,,,,,,,,,,,,,,,,,
EURNZD,H4,21,2,MEAN,mid,sma100 atr14 ema21,val,,24914,22411,2481,4150,0,4146.0,4.0,0.4978292329956584,0.0077652484476629,216.4556121826172,215.1471405029297,260.8968505859375,4147.0,3.0,0.5008439836026043,0.0077643121423062,342.26275634765625,342.0977783203125,382.2132568359375,,,,,,,,,,,,,,,,,,,,,,,,,,,,,,,,,,,,,,,,
EURNZD,H4,21,2,lgbm,mid,sma100 atr14 ema21,val,42,24914,22411,2481,4150,0,4146.0,4.0,0.4922817173178967,0.0077652484476629,181.4930114746093,179.48031616210938,260.9186706542969,4147.0,3.0,0.5022908126356402,0.0077643121423062,327.3294677734375,325.1540222167969,382.5123596191406,,-34.96260070800781,-35.66682434082031,0.02374267578125,-0.0203902595104885,-59.29458618164063,-57.80245971679688,-112.2769775390625,-0.0055475156777616,-34.96260070800781,-35.66682434082031,0.021820068359375,,,,,,,,,,-14.93328857421875,-16.943756103515625,0.298614501953125,0.0001189979638255,-209.53125,-204.94235229492188,-281.0965270996094,0.0014468290330359,-14.93328857421875,-16.943756103515625,0.299102783203125,,,,,,,,
EURNZD,H4,21,2,gru,mid,sma100 atr14 ema21,val,0 1 2,24914,22411,2481,4150,0,4146.0,4.0,0.4860106126386879,0.0077652484476629,180.11570739746094,179.66657511393228,262.3369852701823,4147.0,3.0,0.4890282131661441,0.0077643121423062,326.80420939127606,325.68226114908856,384.5408528645833,,-36.33990478515625,-35.480565388997405,1.4420572916666856,-0.0266613641896973,-60.67189025878906,-57.61620076497397,-110.85866292317706,-0.0118186203569705,-36.33990478515625,-35.480565388997405,1.4401346842448106,0.4826338639652677,0.490352146647371,178.57432556152344,182.235092163086,179.12924194335938,180.2530670166016,262.237060546875,262.50958251953125,,-15.45854695638019,-16.41551717122394,2.3271077473958144,-0.0131436015056705,-210.05650838216144,-204.4141133626302,-279.0680338541667,-0.0118157704364601,-15.45854695638019,-16.41551717122394,2.3275960286458144,0.486375693272245,0.4909573185435254,326.0631408691406,327.2723388671875,324.98956298828125,326.5018310546875,384.3486022949219,384.7938232421875
EURNZD,H4,37,1,ZERO,mid,sma100 atr14 ema21,val,,24899,22396,2466,4135,0,0.0,4135.0,,,216.60047912597656,215.2745056152344,261.1178894042969,,,,,,,,,,,,,,,,,,,,,,,,,,,,,,,,,,,,,,,,,,,,,,,
EURNZD,H4,37,1,REPEAT,mid,sma100 atr14 ema21,val,,24899,22396,2466,4135,0,4128.0,7.0,0.5133236434108527,0.0077821600795586,240.8373565673828,237.45138549804688,373.41790771484375,,,,,,,,,,,,,,,,,,,,,,,,,,,,,,,,,,,,,,,,,,,,,,,
EURNZD,H4,37,1,MEAN,mid,sma100 atr14 ema21,val,,24899,22396,2466,4135,0,4131.0,4.0,0.4977003146937787,0.0077793338001556,216.60047912597656,215.2745056152344,261.11981201171875,,,,,,,,,,,,,,,,,,,,,,,,,,,,,,,,,,,,,,,,,,,,,,,
EURNZD,H4,37,1,lgbm,mid,sma100 atr14 ema21,val,42,24899,22396,2466,4135,0,4131.0,4.0,0.4981844589687726,0.0077793338001556,183.01907348632807,178.83291625976562,261.1148986816406,,,,,,,,,-33.58140563964844,-36.44158935546875,-0.00299072265625,-0.01513918444208,-57.81828308105469,-58.61846923828125,-112.30300903320312,0.0004841442749939,-33.58140563964844,-36.44158935546875,-0.004913330078125,,,,,,,,,,,,,,,,,,,,,,,,,,,,
EURNZD,H4,37,1,gru,mid,sma100 atr14 ema21,val,0 1 2,24899,22396,2466,4135,0,4131.0,4.0,0.495118211893811,0.0077793338001556,182.46082051595053,177.71427408854166,262.2963358561198,,,,,,,,,-34.13965861002603,-37.56023152669272,1.1784464518229356,-0.0182054315170416,-58.37653605143228,-59.73711140950522,-111.12157185872394,-0.0025821027999676,-34.13965861002603,-37.56023152669272,1.1765238444010606,0.4839022028564512,0.5049624788186879,180.30079650878903,184.6332855224609,177.06007385253906,178.16358947753906,262.0711975097656,262.42144775390625,,,,,,,,,,,,,,,,,,,,
EURNZD,H4,37,2,ZERO,mid,sma100 atr14 ema21,val,,24898,22395,2465,4134,0,0.0,4134.0,,,216.6074066162109,215.2491607666016,261.14996337890625,0.0,4134.0,,,342.68310546875,342.45245361328125,382.6087341308594,,,,,,,,,,,,,,,,,,,,,,,,,,,,,,,,,,,,,,,,
EURNZD,H4,37,2,REPEAT,mid,sma100 atr14 ema21,val,,24898,22395,2465,4134,0,4127.0,7.0,0.5134480251999031,0.0077831028574504,240.870834350586,237.4134063720703,373.4055480957031,4128.0,6.0,0.502906976744186,0.0077821600795586,537.2008666992188,530.4692993164062,664.1304931640625,,,,,,,,,,,,,,,,,,,,,,,,,,,,,,,,,,,,,,,,
EURNZD,H4,37,2,MEAN,mid,sma100 atr14 ema21,val,,24898,22395,2465,4134,0,4130.0,4.0,0.497820823244552,0.0077802755511184,216.6074066162109,215.2491607666016,261.15185546875,4131.0,3.0,0.5003631082062454,0.0077793338001556,342.68310546875,342.45245361328125,382.60888671875,,,,,,,,,,,,,,,,,,,,,,,,,,,,,,,,,,,,,,,,
EURNZD,H4,37,2,lgbm,mid,sma100 atr14 ema21,val,42,24898,22395,2465,4134,0,4130.0,4.0,0.4983050847457627,0.0077802755511184,183.05479431152344,178.9319610595703,261.1468811035156,4131.0,3.0,0.4928588719438392,0.0077793338001556,329.13055419921875,324.92144775390625,382.7556762695313,,-33.5526123046875,-36.31719970703125,-0.003082275390625,-0.0151429404541403,-57.8160400390625,-58.4814453125,-112.2586669921875,0.0004842615012106,-33.5526123046875,-36.31719970703125,-0.004974365234375,,,,,,,,,,-13.55255126953125,-17.531005859375,0.146942138671875,-0.0100481048003467,-208.0703125,-205.5478515625,-281.37481689453125,-0.0075042362624061,-13.55255126953125,-17.531005859375,0.14678955078125,,,,,,,,
EURNZD,H4,37,2,gru,mid,sma100 atr14 ema21,val,0 1 2,24898,22395,2465,4134,0,4130.0,4.0,0.4864406779661017,0.0077802755511184,180.10726420084634,178.26751200358072,262.5002136230469,4131.0,3.0,0.485838779956427,0.0077793338001556,326.1029866536458,325.8795878092448,384.611083984375,,-36.50014241536459,-36.98164876302084,1.350250244140625,-0.0270073472338013,-60.76357014973959,-59.14589436848959,-110.90533447265624,-0.0113801452784503,-36.50014241536459,-36.98164876302084,1.348358154296875,0.4857142857142857,0.4878934624697336,179.05572509765625,181.49658203125,176.9506378173828,179.89410400390625,261.7783508300781,263.2357788085937,,-16.580118815104186,-16.57286580403644,2.002349853515625,-0.017068196787759,-211.0978800455729,-204.58971150716144,-279.5194091796875,-0.0145243282498184,-16.580118815104186,-16.57286580403644,2.002197265625,0.4826918421689664,0.4877753570564028,324.8770446777344,327.4808959960937,325.57672119140625,326.3262634277344,383.7595520019531,385.8612060546875
EURNZD,H4,42,1,ZERO,mid,sma100 atr14 ema21,val,,24894,22391,2461,4130,0,0.0,4130.0,,,216.636947631836,215.2535400390625,261.1590881347656,,,,,,,,,,,,,,,,,,,,,,,,,,,,,,,,,,,,,,,,,,,,,,,
EURNZD,H4,42,1,REPEAT,mid,sma100 atr14 ema21,val,,24894,22391,2461,4130,0,4123.0,7.0,0.513461072034926,0.0077868773983403,240.9676818847656,237.4616241455078,373.5854797363281,,,,,,,,,,,,,,,,,,,,,,,,,,,,,,,,,,,,,,,,,,,,,,,
EURNZD,H4,42,1,MEAN,mid,sma100 atr14 ema21,val,,24894,22391,2461,4130,0,4126.0,4.0,0.4978187106156083,0.0077840459780667,216.636947631836,215.2535400390625,261.1607666015625,,,,,,,,,,,,,,,,,,,,,,,,,,,,,,,,,,,,,,,,,,,,,,,
EURNZD,H4,42,1,lgbm,mid,sma100 atr14 ema21,val,42,24894,22391,2461,4130,0,4126.0,4.0,0.4983034415899176,0.0077840459780667,183.00735473632807,179.18380737304688,261.1588134765625,,,,,,,,,-33.62959289550781,-36.069732666015625,-0.000274658203125,-0.0151576304450083,-57.9603271484375,-58.27781677246094,-112.42666625976562,0.0004847309743092,-33.62959289550781,-36.069732666015625,-0.001953125,,,,,,,,,,,,,,,,,,,,,,,,,,,,
EURNZD,H4,42,1,gru,mid,sma100 atr14 ema21,val,0 1 2,24894,22391,2461,4130,0,4126.0,4.0,0.4890935530780417,0.0077840459780667,182.85905965169272,179.2177988688151,261.9008382161458,,,,,,,,,-33.77788798014322,-36.035741170247405,0.7417500813801894,-0.0243675189568842,-58.10862223307291,-58.24382527669272,-111.68464152018232,-0.0087251575375665,-33.77788798014322,-36.035741170247405,0.7400716145833144,0.4781871061560834,0.4997576345128454,181.6006622314453,183.645248413086,177.21116638183594,180.5359802246093,261.8188171386719,261.9522705078125,,,,,,,,,,,,,,,,,,,,
EURNZD,H4,42,2,ZERO,mid,sma100 atr14 ema21,val,,24893,22390,2460,4129,0,0.0,4129.0,,,216.6438446044922,215.2281494140625,261.19122314453125,0.0,4129.0,,,342.7020263671875,342.4670715332031,382.6615295410156,,,,,,,,,,,,,,,,,,,,,,,,,,,,,,,,,,,,,,,,
EURNZD,H4,42,2,REPEAT,mid,sma100 atr14 ema21,val,,24893,22390,2460,4129,0,4122.0,7.0,0.5135856380397865,0.0077878218919332,241.001205444336,237.423583984375,373.5731506347656,4123.0,6.0,0.5025466893039049,0.0077868773983403,537.4784545898438,530.7135009765625,664.409912109375,,,,,,,,,,,,,,,,,,,,,,,,,,,,,,,,,,,,,,,,
EURNZD,H4,42,2,MEAN,mid,sma100 atr14 ema21,val,,24893,22390,2460,4129,0,4125.0,4.0,0.4979393939393939,0.0077849894416152,216.6438446044922,215.2281494140625,261.19287109375,4126.0,3.0,0.5004847309743092,0.0077840459780667,342.7020263671875,342.4670715332031,382.6614685058594,,,,,,,,,,,,,,,,,,,,,,,,,,,,,,,,,,,,,,,,
EURNZD,H4,42,2,lgbm,mid,sma100 atr14 ema21,val,42,24893,22390,2460,4129,0,4125.0,4.0,0.4984242424242424,0.0077849894416152,183.03517150878903,179.151611328125,261.1908569335937,4126.0,3.0,0.4946679592825981,0.0077840459780667,329.10418701171875,325.3410339355469,383.15814208984375,,-33.608673095703125,-36.0765380859375,-0.0003662109375,-0.015161395615544,-57.96603393554688,-58.27197265625,-112.38229370117188,0.0004848484848484,-33.608673095703125,-36.0765380859375,-0.00201416015625,,,,,,,,,,-13.59783935546875,-17.12603759765625,0.496612548828125,-0.0078787300213067,-208.374267578125,-205.3724670410156,-281.25177001953125,-0.005816771691711,-13.59783935546875,-17.12603759765625,0.496673583984375,,,,,,,,
EURNZD,H4,42,2,gru,mid,sma100 atr14 ema21,val,0 1 2,24893,22390,2460,4129,0,4125.0,4.0,0.4930101010101009,0.0077849894416152,183.1315155029297,179.12740071614584,262.0687662760417,4126.0,3.0,0.4890127645823234,0.0077840459780667,326.7652180989583,325.1366170247396,383.840576171875,,-33.5123291015625,-36.10074869791666,0.8775431315104356,-0.0205755370296855,-57.86968994140625,-58.29618326822916,-111.50438435872394,-0.004929292929293,-33.5123291015625,-36.10074869791666,0.8758951822916856,0.4860606060606061,0.504969696969697,181.6923370361328,183.858627319336,178.15869140625,179.97677612304688,261.718994140625,262.5333557128906,,-15.936808268229186,-17.33045450846356,1.179046630859375,-0.0135339247215814,-210.71323649088544,-205.5768839518229,-280.5693359375,-0.0114719663919857,-15.936808268229186,-17.33045450846356,1.179107666015625,0.4835191468734852,0.4949103247697528,325.36627197265625,327.4963073730469,324.6763000488281,325.6667785644531,383.2691345214844,384.7261657714844
EURNZD,H4,108,1,ZERO,mid,sma100 atr14 ema21,val,,24828,22325,2395,4064,0,0.0,4064.0,,,217.0663146972656,215.84532165527344,262.60113525390625,,,,,,,,,,,,,,,,,,,,,,,,,,,,,,,,,,,,,,,,,,,,,,,
EURNZD,H4,108,1,REPEAT,mid,sma100 atr14 ema21,val,,24828,22325,2395,4064,0,4058.0,6.0,0.5135534746180385,0.0078489937450137,241.8422698974609,238.6317596435547,375.468994140625,,,,,,,,,,,,,,,,,,,,,,,,,,,,,,,,,,,,,,,,,,,,,,,
EURNZD,H4,108,1,MEAN,mid,sma100 atr14 ema21,val,,24828,22325,2395,4064,0,4061.0,3.0,0.497168185176065,0.0078460940489312,217.0663146972656,215.84532165527344,262.6040954589844,,,,,,,,,,,,,,,,,,,,,,,,,,,,,,,,,,,,,,,,,,,,,,,
EURNZD,H4,108,1,lgbm,mid,sma100 atr14 ema21,val,42,24828,22325,2395,4064,0,4061.0,3.0,0.4974144299433637,0.0078460940489312,181.2703552246093,178.81454467773438,262.614501953125,,,,,,,,,-35.79595947265625,-37.03077697753906,0.01336669921875,-0.0161390446746747,-60.57191467285156,-59.81721496582031,-112.8544921875,0.0002462447672986,-35.79595947265625,-37.03077697753906,0.010406494140625,,,,,,,,,,,,,,,,,,,,,,,,,,,,
EURNZD,H4,108,1,gru,mid,sma100 atr14 ema21,val,0 1 2,24828,22325,2395,4064,0,4061.0,3.0,0.4927357793646885,0.0078460940489312,182.64249674479169,179.56595357259116,263.3785400390625,,,,,,,,,-34.42381795247397,-36.27936808268228,0.77740478515625,-0.0208176952533499,-59.19977315266928,-59.06580607096353,-112.0904541015625,-0.0044324058113765,-34.42381795247397,-36.27936808268228,0.774444580078125,0.4890421078552081,0.4996306328490519,180.8016357421875,184.6241912841797,176.93492126464844,182.1712341308593,263.2535705566406,263.6036376953125,,,,,,,,,,,,,,,,,,,,
EURNZD,H4,108,2,ZERO,mid,sma100 atr14 ema21,val,,24827,22324,2394,4063,0,0.0,4063.0,,,217.0732421875,215.81935119628903,262.6341247558594,0.0,4063.0,,,343.9570007324219,343.83935546875,384.58984375,,,,,,,,,,,,,,,,,,,,,,,,,,,,,,,,,,,,,,,,
EURNZD,H4,108,2,REPEAT,mid,sma100 atr14 ema21,val,,24827,22324,2394,4063,0,4057.0,6.0,0.5136800591570125,0.0078499610250402,241.87657165527344,238.5933990478516,375.4569396972656,4057.0,6.0,0.5006162188809465,0.0078499610250402,540.502197265625,533.9642944335938,669.0609130859375,,,,,,,,,,,,,,,,,,,,,,,,,,,,,,,,,,,,,,,,
EURNZD,H4,108,2,MEAN,mid,sma100 atr14 ema21,val,,24827,22324,2394,4063,0,4060.0,3.0,0.4972906403940886,0.0078470602571793,217.0732421875,215.81935119628903,262.63702392578125,4060.0,3.0,0.5004926108374385,0.0078470602571793,343.9570007324219,343.83935546875,384.5900573730469,,,,,,,,,,,,,,,,,,,,,,,,,,,,,,,,,,,,,,,,
EURNZD,H4,108,2,lgbm,mid,sma100 atr14 ema21,val,42,24827,22324,2394,4063,0,4060.0,3.0,0.4975369458128079,0.0078470602571793,181.57704162597656,179.24913024902344,262.6473693847656,4060.0,3.0,0.5002463054187192,0.0078470602571793,328.3035888671875,326.1063232421875,384.6302490234375,,-35.49620056152344,-36.570220947265625,0.01324462890625,-0.0161431133442046,-60.29953002929688,-59.344268798828125,-112.8095703125,0.0002463054187192,-35.49620056152344,-36.570220947265625,0.010345458984375,,,,,,,,,,-15.653411865234377,-17.7330322265625,0.0404052734375,-0.0003699134622273,-212.1986083984375,-207.85797119140625,-284.4306640625,-0.0002463054187192,-15.653411865234377,-17.7330322265625,0.040191650390625,,,,,,,,
EURNZD,H4,108,2,gru,mid,sma100 atr14 ema21,val,0 1 2,24827,22324,2394,4063,0,4060.0,3.0,0.4881773399014777,0.0078470602571793,181.64110819498697,180.06790161132812,263.42760213216144,4060.0,3.0,0.4921182266009852,0.0078470602571793,327.4916076660156,327.6644388834636,385.6758117675781,,-35.43213399251303,-35.75144958496094,0.7934773763020644,-0.0255027192555347,-60.23546346028647,-58.52549743652344,-112.0293375651042,-0.0091133004926108,-35.43213399251303,-35.75144958496094,0.7905782063801894,0.4862068965517241,0.4896551724137931,181.1414337158203,182.55796813964844,178.58921813964844,181.88023376464844,263.2802734375,263.60601806640625,,-16.46539306640625,-16.17491658528644,1.085968017578125,-0.0084979922799613,-213.0105895996093,-206.2998555501302,-283.3851013183594,-0.0083743842364532,-16.46539306640625,-16.17491658528644,1.08575439453125,0.491871921182266,0.4923645320197044,327.1063842773437,328.2481689453125,326.7982482910156,328.5618591308594,385.2969970703125,385.9609375
GBPNZD,H4,21,1,ZERO,mid,sma100 atr14 ema21,val,,24920,22416,2483,4152,0,0.0,4152.0,,,274.9321594238281,281.700439453125,287.929443359375,,,,,,,,,,,,,,,,,,,,,,,,,,,,,,,,,,,,,,,,,,,,,,,
GBPNZD,H4,21,1,REPEAT,mid,sma100 atr14 ema21,val,,24920,22416,2483,4152,0,4143.0,9.0,0.5027757663528843,0.0077680593974193,262.7762451171875,268.7424011230469,418.65533447265625,,,,,,,,,,,,,,,,,,,,,,,,,,,,,,,,,,,,,,,,,,,,,,,
GBPNZD,H4,21,1,MEAN,mid,sma100 atr14 ema21,val,,24920,22416,2483,4152,0,4147.0,5.0,0.4977091873643597,0.0077643121423062,274.9321594238281,281.700439453125,287.953857421875,,,,,,,,,,,,,,,,,,,,,,,,,,,,,,,,,,,,,,,,,,,,,,,
GBPNZD,H4,21,1,lgbm,mid,sma100 atr14 ema21,val,42,24920,22416,2483,4152,0,4147.0,5.0,0.5039787798408488,0.0077643121423062,197.2325439453125,201.98239135742188,288.7540588378906,,,,,,,,,-77.69961547851562,-79.71804809570312,0.824615478515625,0.0012030134879644,-65.543701171875,-66.760009765625,-129.90127563476562,0.006269592476489,-77.69961547851562,-79.71804809570312,0.800201416015625,,,,,,,,,,,,,,,,,,,,,,,,,,,,
GBPNZD,H4,21,1,gru,mid,sma100 atr14 ema21,val,0 1 2,24920,22416,2483,4152,0,4147.0,5.0,0.5052648500924363,0.0077643121423062,196.1259562174479,202.63106282552084,288.44028727213544,,,,,,,,,-78.80620320638022,-79.06937662760416,0.5108439127604356,0.0024890837395519,-66.65028889973959,-66.11133829752603,-130.2150472005208,0.0075556627280765,-78.80620320638022,-79.06937662760416,0.4864298502604356,0.4965034965034965,0.5157945502773089,194.7988128662109,197.11915588378903,200.01998901367188,206.0476226806641,288.1153259277344,288.6033020019531,,,,,,,,,,,,,,,,,,,,
GBPNZD,H4,21,2,ZERO,mid,sma100 atr14 ema21,val,,24919,22415,2482,4151,0,0.0,4151.0,,,274.90045166015625,281.7574768066406,287.8895568847656,0.0,4151.0,,,395.9315185546875,407.2703247070313,418.5087890625,,,,,,,,,,,,,,,,,,,,,,,,,,,,,,,,,,,,,,,,
GBPNZD,H4,21,2,REPEAT,mid,sma100 atr14 ema21,val,,24919,22415,2482,4151,0,4142.0,9.0,0.5026557218734911,0.0077689970592487,262.8211364746094,268.7662048339844,418.6607971191406,4147.0,4.0,0.4892693513383168,0.0077643121423062,588.9949340820312,594.9215698242188,738.7998046875,,,,,,,,,,,,,,,,,,,,,,,,,,,,,,,,,,,,,,,,
GBPNZD,H4,21,2,MEAN,mid,sma100 atr14 ema21,val,,24919,22415,2482,4151,0,4146.0,5.0,0.4975880366618427,0.0077652484476629,274.90045166015625,281.7574768066406,287.91473388671875,4151.0,0.0,0.4902433148638882,0.0077605703049118,395.9315185546875,407.2703247070313,418.6260070800781,,,,,,,,,,,,,,,,,,,,,,,,,,,,,,,,,,,,,,,,
GBPNZD,H4,21,2,lgbm,mid,sma100 atr14 ema21,val,42,24919,22415,2482,4151,0,4146.0,5.0,0.5130246020260492,0.0077652484476629,199.1537933349609,201.6515350341797,289.3478698730469,4151.0,0.0,0.5037340399903638,0.0077605703049118,356.0076904296875,359.03619384765625,420.1946105957031,,-75.74665832519531,-80.10594177246094,1.45831298828125,0.0103688801525581,-63.66734313964844,-67.11466979980469,-129.31292724609375,0.0154365653642064,-75.74665832519531,-80.10594177246094,1.433135986328125,,,,,,,,,,-39.923828125,-48.234130859375,1.685821533203125,0.0144646886520469,-232.9872436523437,-235.8853759765625,-318.6051940917969,0.0134907251264755,-39.923828125,-48.234130859375,1.568603515625,,,,,,,,
GBPNZD,H4,21,2,gru,mid,sma100 atr14 ema21,val,0 1 2,24919,22415,2482,4151,0,4146.0,5.0,0.5077986814600418,0.0077652484476629,197.36381022135416,200.7016347249349,288.2513427734375,4151.0,0.0,0.5122460451296876,0.0077605703049118,355.0948994954427,358.12647501627606,418.7088317871094,,-77.53664143880209,-81.05584208170572,0.361785888671875,0.0051429595865507,-65.45732625325522,-68.06457010904947,-130.40945434570312,0.010210644798199,-77.53664143880209,-81.05584208170572,0.33660888671875,0.5014471780028944,0.5178485287023638,197.20155334472656,197.4494171142578,198.5247344970703,202.18215942382807,288.1640625,288.34527587890625,,-40.83661905924481,-49.14384969075519,0.200042724609375,0.0229766937913707,-233.90003458658856,-236.7950948079427,-320.0909729003906,0.0220027302657994,-40.83661905924481,-49.14384969075519,0.08282470703125,0.5102384967477717,0.5145748012527102,354.2603454589844,356.5145263671875,357.708251953125,358.4064636230469,418.6281127929688,418.8643798828125
GBPNZD,H4,37,1,ZERO,mid,sma100 atr14 ema21,val,,24904,22400,2467,4136,0,0.0,4136.0,,,275.1389465332031,281.80029296875,288.301025390625,,,,,,,,,,,,,,,,,,,,,,,,,,,,,,,,,,,,,,,,,,,,,,,
GBPNZD,H4,37,1,REPEAT,mid,sma100 atr14 ema21,val,,24904,22400,2467,4136,0,4127.0,9.0,0.5018173007026896,0.0077831028574504,262.9874267578125,269.18218994140625,419.3225402832031,,,,,,,,,,,,,,,,,,,,,,,,,,,,,,,,,,,,,,,,,,,,,,,
GBPNZD,H4,37,1,MEAN,mid,sma100 atr14 ema21,val,,24904,22400,2467,4136,0,4131.0,5.0,0.4981844589687726,0.0077793338001556,275.1389465332031,281.80029296875,288.3229675292969,,,,,,,,,,,,,,,,,,,,,,,,,,,,,,,,,,,,,,,,,,,,,,,
GBPNZD,H4,37,1,lgbm,mid,sma100 atr14 ema21,val,42,24904,22400,2467,4136,0,4131.0,5.0,0.514161220043573,0.0077793338001556,197.8044891357422,201.3404083251953,288.6257019042969,,,,,,,,,-77.33445739746094,-80.45988464355469,0.324676513671875,0.0123439193408834,-65.18293762207031,-67.84178161621094,-130.69683837890625,0.0159767610748003,-77.33445739746094,-80.45988464355469,0.302734375,,,,,,,,,,,,,,,,,,,,,,,,,,,,
GBPNZD,H4,37,1,gru,mid,sma100 atr14 ema21,val,0 1 2,24904,22400,2467,4136,0,4131.0,5.0,0.504397643831195,0.0077793338001556,196.6727803548177,202.3588256835937,288.858642578125,,,,,,,,,-78.46616617838541,-79.44146728515625,0.5576171875,0.0025803431285054,-66.31464640299478,-66.8233642578125,-130.46389770507812,0.0062131848624223,-78.46616617838541,-79.44146728515625,0.535675048828125,0.4935850883563302,0.5098039215686274,194.8613739013672,197.69342041015625,198.2612762451172,207.70675659179688,288.5901184082031,289.1963195800781,,,,,,,,,,,,,,,,,,,,
GBPNZD,H4,37,2,ZERO,mid,sma100 atr14 ema21,val,,24903,22399,2466,4135,0,0.0,4135.0,,,275.1071472167969,281.85760498046875,288.2610778808594,0.0,4135.0,,,396.6559143066406,407.4803161621094,419.0531921386719,,,,,,,,,,,,,,,,,,,,,,,,,,,,,,,,,,,,,,,,
GBPNZD,H4,37,2,REPEAT,mid,sma100 atr14 ema21,val,,24903,22399,2466,4135,0,4126.0,9.0,0.5016965584100824,0.0077840459780667,263.03253173828125,269.2061767578125,419.32818603515625,4131.0,4.0,0.4887436456063907,0.0077793338001556,590.0357666015625,596.12841796875,739.9884033203125,,,,,,,,,,,,,,,,,,,,,,,,,,,,,,,,,,,,,,,,
GBPNZD,H4,37,2,MEAN,mid,sma100 atr14 ema21,val,,24903,22399,2466,4135,0,4130.0,5.0,0.4980629539951574,0.0077802755511184,275.1071472167969,281.85760498046875,288.2837219238281,4135.0,0.0,0.490689238210399,0.0077755702131911,396.6559143066406,407.4803161621094,419.165283203125,,,,,,,,,,,,,,,,,,,,,,,,,,,,,,,,,,,,,,,,
GBPNZD,H4,37,2,lgbm,mid,sma100 atr14 ema21,val,42,24903,22399,2466,4135,0,4130.0,5.0,0.5101694915254237,0.0077802755511184,195.8987579345703,203.60548400878903,288.7388000488281,4135.0,0.0,0.4911729141475212,0.0077755702131911,357.4587097167969,358.3392333984375,420.2257080078125,,-79.20838928222656,-78.25212097167969,0.47772216796875,0.0084729331153412,-67.13377380371094,-65.60069274902344,-130.58938598632812,0.0121065375302663,-79.20838928222656,-78.25212097167969,0.455078125,,,,,,,,,,-39.19720458984375,-49.14108276367188,1.172515869140625,0.0024292685411304,-232.5770568847656,-237.7891845703125,-319.7626953125,0.0004836759371221,-39.19720458984375,-49.14108276367188,1.0604248046875,,,,,,,,
GBPNZD,H4,37,2,gru,mid,sma100 atr14 ema21,val,0 1 2,24903,22399,2466,4135,0,4130.0,5.0,0.4970944309927361,0.0077802755511184,196.15968322753903,200.4076588948568,288.80641682942706,4135.0,0.0,0.5158403869407496,0.0077755702131911,354.40582275390625,359.8039855957031,419.1086527506511,,-78.94746398925781,-81.44994608561197,0.5453389485676894,-0.0046021274173463,-66.87284851074219,-68.79851786295572,-130.5217692057292,-0.0009685230024212,-78.94746398925781,-81.44994608561197,0.5226949055989394,0.4895883777239709,0.5070217917675545,194.5172271728516,198.42518615722656,199.993408203125,200.7171325683593,288.4823913574219,289.0121459960937,,-42.250091552734375,-47.67633056640625,0.0554606119791856,0.0270967413343589,-235.62994384765625,-236.32443237304688,-320.87975056966144,0.0251511487303505,-42.250091552734375,-47.67633056640625,-0.0566304524739393,0.5105199516324063,0.5189842805320435,353.8306579589844,354.7872314453125,359.0008239746094,361.340576171875,418.82720947265625,419.2799987792969
GBPNZD,H4,42,1,ZERO,mid,sma100 atr14 ema21,val,,24899,22395,2462,4131,0,0.0,4131.0,,,275.1300048828125,281.76715087890625,288.5389709472656,,,,,,,,,,,,,,,,,,,,,,,,,,,,,,,,,,,,,,,,,,,,,,,
GBPNZD,H4,42,1,REPEAT,mid,sma100 atr14 ema21,val,,24899,22395,2462,4131,0,4122.0,9.0,0.5021834061135371,0.0077878218919332,263.23602294921875,269.2440185546875,419.6316833496094,,,,,,,,,,,,,,,,,,,,,,,,,,,,,,,,,,,,,,,,,,,,,,,
GBPNZD,H4,42,1,MEAN,mid,sma100 atr14 ema21,val,,24899,22395,2462,4131,0,4126.0,5.0,0.4983034415899176,0.0077840459780667,275.1300048828125,281.76715087890625,288.5604858398437,,,,,,,,,,,,,,,,,,,,,,,,,,,,,,,,,,,,,,,,,,,,,,,
GBPNZD,H4,42,1,lgbm,mid,sma100 atr14 ema21,val,42,24899,22395,2462,4131,0,4126.0,5.0,0.5089675230247213,0.0077840459780667,198.48321533203125,201.4331817626953,289.3104858398437,,,,,,,,,-76.64678955078125,-80.33396911621094,0.771514892578125,0.0067841169111841,-64.7528076171875,-67.81083679199219,-130.32119750976562,0.0106640814348036,-76.64678955078125,-80.33396911621094,0.75,,,,,,,,,,,,,,,,,,,,,,,,,,,,
GBPNZD,H4,42,1,gru,mid,sma100 atr14 ema21,val,0 1 2,24899,22395,2462,4131,0,4126.0,5.0,0.5066246566488931,0.0077840459780667,196.2555694580078,202.5970052083333,288.9401550292969,,,,,,,,,-78.87443542480469,-79.17014567057291,0.40118408203125,0.004441250535356,-66.98045349121094,-66.64701334635416,-130.6915283203125,0.0083212150589755,-78.87443542480469,-79.17014567057291,0.379669189453125,0.5009694619486185,0.5116335433834222,194.82546997070312,197.0066833496093,199.33966064453125,205.1676025390625,288.8768615722656,289.00115966796875,,,,,,,,,,,,,,,,,,,,
GBPNZD,H4,42,2,ZERO,mid,sma100 atr14 ema21,val,,24898,22394,2461,4130,0,0.0,4130.0,,,275.0981140136719,281.824462890625,288.4990234375,0.0,4130.0,,,396.7289123535156,407.5980529785156,419.2801513671875,,,,,,,,,,,,,,,,,,,,,,,,,,,,,,,,,,,,,,,,
GBPNZD,H4,42,2,REPEAT,mid,sma100 atr14 ema21,val,,24898,22394,2461,4130,0,4121.0,9.0,0.5020626061635526,0.0077887667292909,263.28125,269.2680358886719,419.6374206542969,4126.0,4.0,0.4890935530780417,0.0077840459780667,590.3627319335938,596.4794311523438,740.4213256835938,,,,,,,,,,,,,,,,,,,,,,,,,,,,,,,,,,,,,,,,
GBPNZD,H4,42,2,MEAN,mid,sma100 atr14 ema21,val,,24898,22394,2461,4130,0,4125.0,5.0,0.4981818181818181,0.0077849894416152,275.0981140136719,281.824462890625,288.5212707519531,4130.0,0.0,0.4907990314769976,0.0077802755511184,396.7289123535156,407.5980529785156,419.391357421875,,,,,,,,,,,,,,,,,,,,,,,,,,,,,,,,,,,,,,,,
GBPNZD,H4,42,2,lgbm,mid,sma100 atr14 ema21,val,42,24898,22394,2461,4130,0,4125.0,5.0,0.5056969696969696,0.0077849894416152,197.2377777099609,201.52569580078125,289.1416320800781,4130.0,0.0,0.4900726392251815,0.0077802755511184,355.9961242675781,359.0301513671875,419.4953002929688,,-77.86033630371094,-80.29876708984375,0.642608642578125,0.003634363533417,-66.04347229003906,-67.74234008789062,-130.49578857421875,0.0075151515151514,-77.86033630371094,-80.29876708984375,0.620361328125,,,,,,,,,,-40.7327880859375,-48.567901611328125,0.21514892578125,0.0009790861471398,-234.3666076660156,-237.44927978515625,-320.926025390625,-0.000726392251816,-40.7327880859375,-48.567901611328125,0.10394287109375,,,,,,,,
GBPNZD,H4,42,2,gru,mid,sma100 atr14 ema21,val,0 1 2,24898,22394,2461,4130,0,4125.0,5.0,0.5014949494949495,0.0077849894416152,196.07847595214844,200.2903696695964,288.88232421875,4130.0,0.0,0.5144471347861178,0.0077802755511184,354.6704508463542,359.78087361653644,419.4510294596354,,-79.01963806152344,-81.53409322102866,0.38330078125,-0.000567656668603,-67.20277404785156,-68.97766621907553,-130.75509643554688,0.0033131313131313,-79.01963806152344,-81.53409322102866,0.361053466796875,0.4989090909090909,0.504,195.0910186767578,197.00827026367188,197.5385589599609,202.40841674804688,288.7578125,289.0563049316406,,-42.05846150716144,-47.81717936197919,0.1708780924479356,0.0253535817080761,-235.6922810872396,-236.6985575358073,-320.9702962239583,0.0236481033091202,-42.05846150716144,-47.81717936197919,0.0596720377604356,0.5029055690072639,0.5234866828087167,354.6448669433594,354.6915588378906,358.3310241699219,361.8440551757813,419.2188720703125,419.8720703125
GBPNZD,H4,108,1,ZERO,mid,sma100 atr14 ema21,val,,24833,22329,2396,4065,0,0.0,4065.0,,,275.47509765625,281.81915283203125,289.5202941894531,,,,,,,,,,,,,,,,,,,,,,,,,,,,,,,,,,,,,,,,,,,,,,,
GBPNZD,H4,108,1,REPEAT,mid,sma100 atr14 ema21,val,,24833,22329,2396,4065,0,4056.0,9.0,0.5027120315581854,0.0078509286627665,263.8493347167969,270.193115234375,420.6790771484375,,,,,,,,,,,,,,,,,,,,,,,,,,,,,,,,,,,,,,,,,,,,,,,
GBPNZD,H4,108,1,MEAN,mid,sma100 atr14 ema21,val,,24833,22329,2396,4065,0,4060.0,5.0,0.4982758620689655,0.0078470602571793,275.47509765625,281.81915283203125,289.5443420410156,,,,,,,,,,,,,,,,,,,,,,,,,,,,,,,,,,,,,,,,,,,,,,,
GBPNZD,H4,108,1,lgbm,mid,sma100 atr14 ema21,val,42,24833,22329,2396,4065,0,4060.0,5.0,0.4982758620689655,0.0078470602571793,203.2729034423828,201.2073516845703,289.54852294921875,,,,,,,,,-72.20219421386719,-80.61180114746094,0.028228759765625,-0.0044361694892199,-60.57643127441406,-68.98576354980469,-131.13055419921875,0.0,-72.20219421386719,-80.61180114746094,0.004180908203125,,,,,,,,,,,,,,,,,,,,,,,,,,,,
GBPNZD,H4,108,1,gru,mid,sma100 atr14 ema21,val,0 1 2,24833,22329,2396,4065,0,4060.0,5.0,0.5014778325123154,0.0078470602571793,196.41720072428384,203.58588663736973,290.0291748046875,,,,,,,,,-79.05789693196616,-78.23326619466147,0.508880615234375,-0.00123419904587,-67.43213399251303,-66.60722859700522,-130.64990234375,0.0032019704433498,-79.05789693196616,-78.23326619466147,0.484832763671875,0.4982758620689655,0.5054187192118227,193.8165740966797,198.27870178222656,201.87063598632807,204.4744415283203,289.9072265625,290.1622314453125,,,,,,,,,,,,,,,,,,,,
GBPNZD,H4,108,2,ZERO,mid,sma100 atr14 ema21,val,,24832,22328,2395,4064,0,0.0,4064.0,,,275.442626953125,281.8774719238281,289.4799499511719,0.0,4064.0,,,397.559814453125,408.4620361328125,420.7982177734375,,,,,,,,,,,,,,,,,,,,,,,,,,,,,,,,,,,,,,,,
GBPNZD,H4,108,2,REPEAT,mid,sma100 atr14 ema21,val,,24832,22328,2395,4064,0,4055.0,9.0,0.5025893958076448,0.0078518966584133,263.8954162597656,270.2177734375,420.6851501464844,4060.0,4.0,0.4881773399014778,0.0078470602571793,592.23583984375,598.873291015625,743.561279296875,,,,,,,,,,,,,,,,,,,,,,,,,,,,,,,,,,,,,,,,
GBPNZD,H4,108,2,MEAN,mid,sma100 atr14 ema21,val,,24832,22328,2395,4064,0,4059.0,5.0,0.4981522542498152,0.0078480268224668,275.442626953125,281.8774719238281,289.5047302246094,4064.0,0.0,0.4904035433070866,0.0078431975642269,397.559814453125,408.4620361328125,420.9230346679688,,,,,,,,,,,,,,,,,,,,,,,,,,,,,,,,,,,,,,,,
GBPNZD,H4,108,2,lgbm,mid,sma100 atr14 ema21,val,42,24832,22328,2395,4064,0,4059.0,5.0,0.4981522542498152,0.0078480268224668,202.4923095703125,201.1720123291016,289.50897216796875,4064.0,0.0,0.4904035433070866,0.0078431975642269,356.5122985839844,362.2931213378906,420.9237060546875,,-72.9503173828125,-80.70545959472656,0.029022216796875,-0.0044371415578295,-61.403106689453125,-69.04576110839844,-131.17617797851562,0.0,-72.9503173828125,-80.70545959472656,0.004241943359375,,,,,,,,,,-41.04751586914063,-46.16891479492188,0.12548828125,0.0022262034056088,-235.7235412597656,-236.5801696777344,-322.6375732421875,0.0,-41.04751586914063,-46.16891479492188,0.00067138671875,,,,,,,,
GBPNZD,H4,108,2,gru,mid,sma100 atr14 ema21,val,0 1 2,24832,22328,2395,4064,0,4059.0,5.0,0.5049683830171635,0.0078480268224668,196.78180440266928,201.84786478678384,289.7799377441406,4064.0,0.0,0.5133694225721785,0.0078431975642269,356.2774353027344,361.3084920247396,420.82566324869794,,-78.66082255045572,-80.02960713704428,0.29998779296875,0.0023789872095186,-67.11361185709634,-68.36990865071616,-130.90521240234375,0.0068161287673482,-78.66082255045572,-80.02960713704428,0.27520751953125,0.4937176644493717,0.5109632914510963,195.39791870117188,197.8160095214844,200.46408081054688,203.63400268554688,289.6295471191406,290.0281066894531,,-41.28237915039063,-47.153544108072936,0.0274454752604356,0.0251920826707007,-235.9584045410156,-237.56479899088544,-322.73561604817706,0.0229658792650919,-41.28237915039063,-47.153544108072936,-0.0973714192708143,0.5066437007874016,0.5209153543307087,355.5132141113281,356.6825256347656,360.8020629882813,362.2294616699219,420.3866271972656,421.1839599609375
NZDJPY,H4,21,1,ZERO,mid,sma100 atr14 ema21,val,,24924,22420,2483,4153,0,0.0,4153.0,,,117.36788177490234,127.4158172607422,164.60968017578125,,,,,,,,,,,,,,,,,,,,,,,,,,,,,,,,,,,,,,,,,,,,,,,
NZDJPY,H4,21,1,REPEAT,mid,sma100 atr14 ema21,val,,24924,22420,2483,4153,0,4138.0,15.0,0.4980666988883518,0.007772751104918,150.1437530517578,158.89044189453125,237.5027618408203,,,,,,,,,,,,,,,,,,,,,,,,,,,,,,,,,,,,,,,,,,,,,,,
NZDJPY,H4,21,1,MEAN,mid,sma100 atr14 ema21,val,,24924,22420,2483,4153,0,4145.0,8.0,0.4772014475271411,0.007766185091831,117.36788177490234,127.4158172607422,164.61619567871094,,,,,,,,,,,,,,,,,,,,,,,,,,,,,,,,,,,,,,,,,,,,,,,
NZDJPY,H4,21,1,lgbm,mid,sma100 atr14 ema21,val,42,24924,22420,2483,4153,0,4145.0,8.0,0.5196622436670688,0.007766185091831,108.8250503540039,118.5785140991211,164.52110290527344,,,,,,,,,-8.542831420898438,-8.837303161621094,-0.0885772705078125,0.0215955447787169,-41.31870269775391,-40.31192779541016,-72.98165893554688,0.0424607961399277,-8.542831420898438,-8.837303161621094,-0.0950927734375,,,,,,,,,,,,,,,,,,,,,,,,,,,,
NZDJPY,H4,21,1,gru,mid,sma100 atr14 ema21,val,0 1 2,24924,22420,2483,4153,0,4145.0,8.0,0.509449135504624,0.007766185091831,108.4233169555664,117.0405731201172,164.61927286783853,,,,,,,,,-8.944564819335938,-10.375244140625,0.0095926920572821,0.0113824366162721,-41.720436096191406,-41.84986877441406,-72.88348897298178,0.0322476879774829,-8.944564819335938,-10.375244140625,0.0030771891275946,0.4895054282267792,0.5194209891435464,107.83914947509766,109.21469116210938,116.15126037597656,117.87179565429688,164.53709411621094,164.75437927246094,,,,,,,,,,,,,,,,,,,,
NZDJPY,H4,21,2,ZERO,mid,sma100 atr14 ema21,val,,24923,22419,2482,4152,0,0.0,4152.0,,,117.38478088378906,127.42852783203124,164.62391662597656,0.0,4152.0,,,200.8708648681641,215.9122009277344,240.31358337402344,,,,,,,,,,,,,,,,,,,,,,,,,,,,,,,,,,,,,,,,
NZDJPY,H4,21,2,REPEAT,mid,sma100 atr14 ema21,val,,24923,22419,2482,4152,0,4137.0,15.0,0.4981870920957215,0.0077736904669499,150.15101623535156,158.92449951171875,237.5190277099609,4143.0,9.0,0.4793627805937726,0.0077680593974193,334.3817443847656,346.71026611328125,423.7391662597656,,,,,,,,,,,,,,,,,,,,,,,,,,,,,,,,,,,,,,,,
NZDJPY,H4,21,2,MEAN,mid,sma100 atr14 ema21,val,,24923,22419,2482,4152,0,4144.0,8.0,0.4773166023166023,0.007767122075015,117.38478088378906,127.42852783203124,164.6299591064453,4150.0,2.0,0.4720481927710843,0.0077615052570633,200.8708648681641,215.9122009277344,240.32839965820312,,,,,,,,,,,,,,,,,,,,,,,,,,,,,,,,,,,,,,,,
NZDJPY,H4,21,2,lgbm,mid,sma100 atr14 ema21,val,42,24923,22419,2482,4152,0,4144.0,8.0,0.519546332046332,0.007767122075015,108.47989654541016,118.60420989990234,164.53530883789062,4150.0,2.0,0.5091566265060241,0.0077615052570633,196.88204956054688,211.102294921875,240.3792724609375,,-8.904884338378906,-8.824317932128906,-0.0886077880859375,0.0213592399506105,-41.671119689941406,-40.320289611816406,-72.98371887207031,0.0422297297297297,-8.904884338378906,-8.824317932128906,-0.0946502685546875,,,,,,,,,,-3.988815307617188,-4.809906005859375,0.0656890869140625,0.0297938459122514,-137.49969482421875,-135.60797119140625,-183.35989379882807,0.0371084337349397,-3.988815307617188,-4.809906005859375,0.050872802734375,,,,,,,,
NZDJPY,H4,21,2,gru,mid,sma100 atr14 ema21,val,0 1 2,24923,22419,2482,4152,0,4144.0,8.0,0.4957368082368082,0.007767122075015,108.9160639444987,118.4927495320638,164.78010050455728,4150.0,2.0,0.5032931726907631,0.0077615052570633,196.6044158935547,210.5664316813151,240.52655537923167,,-8.46871693929036,-8.935778299967453,0.1561838785807197,-0.0024502838589132,-41.23495229085286,-40.43174997965495,-72.73892720540366,0.0184202059202059,-8.46871693929036,-8.935778299967453,0.1501413981119697,0.4790057915057915,0.5108590733590733,108.55218505859376,109.5972137451172,117.9159927368164,119.21356964111328,164.66246032714844,164.9022216796875,,-4.266448974609375,-5.34576924641928,0.2129720052083428,0.0239303920969904,-137.77732849121094,-136.14383443196616,-183.21261088053384,0.0312449799196787,-4.266448974609375,-5.34576924641928,0.1981557210286553,0.4886746987951807,0.5130120481927711,196.4446258544922,196.83914184570312,210.0035095214844,211.0583648681641,240.4374847412109,240.6737060546875
NZDJPY,H4,37,1,ZERO,mid,sma100 atr14 ema21,val,,24908,22404,2467,4137,0,0.0,4137.0,,,117.41604614257812,127.50202178955078,164.7266082763672,,,,,,,,,,,,,,,,,,,,,,,,,,,,,,,,,,,,,,,,,,,,,,,
NZDJPY,H4,37,1,REPEAT,mid,sma100 atr14 ema21,val,,24908,22404,2467,4137,0,4122.0,15.0,0.4983017952450267,0.0077878218919332,150.2367706298828,159.00169372558594,237.5604248046875,,,,,,,,,,,,,,,,,,,,,,,,,,,,,,,,,,,,,,,,,,,,,,,
NZDJPY,H4,37,1,MEAN,mid,sma100 atr14 ema21,val,,24908,22404,2467,4137,0,4129.0,8.0,0.4773552918382175,0.0077812176441837,117.41604614257812,127.50202178955078,164.7329559326172,,,,,,,,,,,,,,,,,,,,,,,,,,,,,,,,,,,,,,,,,,,,,,,
NZDJPY,H4,37,1,lgbm,mid,sma100 atr14 ema21,val,42,24908,22404,2467,4137,0,4129.0,8.0,0.5211915718091548,0.0077812176441837,108.70836639404295,119.02839660644533,164.73117065429688,,,,,,,,,-8.707679748535156,-8.473625183105469,0.0045623779296875,0.022889776564128,-41.52840423583984,-39.97329711914063,-72.82925415039062,0.0438362799709372,-8.707679748535156,-8.473625183105469,-0.0017852783203125,,,,,,,,,,,,,,,,,,,,,,,,,,,,
NZDJPY,H4,37,1,gru,mid,sma100 atr14 ema21,val,0 1 2,24908,22404,2467,4137,0,4129.0,8.0,0.5006862032776298,0.0077812176441837,108.6387227376302,118.91504414876302,164.95154825846353,,,,,,,,,-8.777323404947921,-8.586977640787765,0.2249399820963447,0.002384408032603,-41.59804789225261,-40.08664957682292,-72.60887654622397,0.0233309114394122,-8.777323404947921,-8.586977640787765,0.2185923258463447,0.488011625090821,0.5148946476144345,108.07178497314452,109.13706970214844,117.5993194580078,120.1017608642578,164.67759704589844,165.3063507080078,,,,,,,,,,,,,,,,,,,,
NZDJPY,H4,37,2,ZERO,mid,sma100 atr14 ema21,val,,24907,22403,2466,4136,0,0.0,4136.0,,,117.4330062866211,127.5147933959961,164.74093627929688,0.0,4136.0,,,201.087142944336,216.016342163086,240.5543975830078,,,,,,,,,,,,,,,,,,,,,,,,,,,,,,,,,,,,,,,,
NZDJPY,H4,37,2,REPEAT,mid,sma100 atr14 ema21,val,,24907,22403,2466,4136,0,4121.0,15.0,0.4984227129337539,0.0077887667292909,150.24407958984375,159.03590393066406,237.57676696777344,4127.0,9.0,0.4792827719893385,0.0077831028574504,334.5221252441406,346.9598693847656,423.9156188964844,,,,,,,,,,,,,,,,,,,,,,,,,,,,,,,,,,,,,,,,
NZDJPY,H4,37,2,MEAN,mid,sma100 atr14 ema21,val,,24907,22403,2466,4136,0,4128.0,8.0,0.4774709302325581,0.0077821600795586,117.4330062866211,127.5147933959961,164.74679565429688,4134.0,2.0,0.4724238026124818,0.0077765105978125,201.087142944336,216.016342163086,240.5698699951172,,,,,,,,,,,,,,,,,,,,,,,,,,,,,,,,,,,,,,,,
NZDJPY,H4,37,2,lgbm,mid,sma100 atr14 ema21,val,42,24907,22403,2466,4136,0,4128.0,8.0,0.5210755813953488,0.0077821600795586,108.71432495117188,118.96427154541016,164.7455291748047,4134.0,2.0,0.5101596516690856,0.0077765105978125,197.200439453125,210.92303466796875,240.59132385253903,,-8.718681335449219,-8.550521850585938,0.0045928955078125,0.0226528684615948,-41.52975463867188,-40.07163238525391,-72.83123779296875,0.0436046511627906,-8.718681335449219,-8.550521850585938,-0.0012664794921875,,,,,,,,,,-3.8867034912109375,-5.093307495117188,0.03692626953125,0.0308768796797471,-137.32168579101562,-136.03683471679688,-183.3242950439453,0.0377358490566037,-3.8867034912109375,-5.093307495117188,0.021453857421875,,,,,,,,
NZDJPY,H4,37,2,gru,mid,sma100 atr14 ema21,val,0 1 2,24907,22403,2466,4136,0,4128.0,8.0,0.4950742894056847,0.0077821600795586,108.68663279215497,119.04161326090497,164.90199279785156,4134.0,2.0,0.5074181583615546,0.0077765105978125,196.56353759765625,211.0127919514974,240.7459309895833,,-8.746373494466141,-8.473180135091141,0.1610565185546875,-0.0033484235280691,-41.5574467976888,-39.99429066975911,-72.67477416992188,0.0176033591731266,-8.746373494466141,-8.473180135091141,0.1551971435546875,0.4924903100775193,0.4978197674418604,107.92139434814452,109.14449310302734,118.31670379638672,120.26827239990234,164.89382934570312,164.90689086914062,,-4.523605346679688,-5.003550211588532,0.1915334065755303,0.028135386372216,-137.95858764648438,-135.94707743326822,-183.16968790690103,0.0349943557490727,-4.523605346679688,-5.003550211588532,0.1760609944661553,0.5012094823415578,0.5140299951620706,196.43121337890625,196.70339965820312,210.76974487304688,211.3010711669922,240.66542053222656,240.8227081298828
NZDJPY,H4,42,1,ZERO,mid,sma100 atr14 ema21,val,,24903,22399,2462,4132,0,0.0,4132.0,,,117.40044403076172,127.46930694580078,164.67050170898438,,,,,,,,,,,,,,,,,,,,,,,,,,,,,,,,,,,,,,,,,,,,,,,
NZDJPY,H4,42,1,REPEAT,mid,sma100 atr14 ema21,val,,24903,22399,2462,4132,0,4117.0,15.0,0.4984211804712169,0.0077925495205432,150.35987854003906,158.79452514648438,237.4151763916016,,,,,,,,,,,,,,,,,,,,,,,,,,,,,,,,,,,,,,,,,,,,,,,
NZDJPY,H4,42,1,MEAN,mid,sma100 atr14 ema21,val,,24903,22399,2462,4132,0,4124.0,8.0,0.4772065955383123,0.0077859332483037,117.40044403076172,127.46930694580078,164.6775360107422,,,,,,,,,,,,,,,,,,,,,,,,,,,,,,,,,,,,,,,,,,,,,,,
NZDJPY,H4,42,1,lgbm,mid,sma100 atr14 ema21,val,42,24903,22399,2462,4132,0,4124.0,8.0,0.5196411251212415,0.0077859332483037,108.81385803222656,118.83155822753906,164.66598510742188,,,,,,,,,-8.586585998535156,-8.637748718261719,-0.0045166015625,0.0212199446500245,-41.5460205078125,-39.96296691894531,-72.74919128417969,0.0424345295829292,-8.586585998535156,-8.637748718261719,-0.0115509033203125,,,,,,,,,,,,,,,,,,,,,,,,,,,,
NZDJPY,H4,42,1,gru,mid,sma100 atr14 ema21,val,0 1 2,24903,22399,2462,4132,0,4124.0,8.0,0.4911897833818299,0.0077859332483037,108.61887868245442,119.54359944661458,164.95819600423178,,,,,,,,,-8.781565348307296,-7.925707499186203,0.2876942952474053,-0.0072313970893869,-41.74099985758464,-39.2509256998698,-72.45698038736978,0.0139831878435176,-8.781565348307296,-7.925707499186203,0.2806599934895928,0.481086323957323,0.4966052376333656,107.36078643798828,109.3166732788086,119.47251892089844,119.62696838378906,164.84136962890625,165.14442443847656,,,,,,,,,,,,,,,,,,,,
NZDJPY,H4,42,2,ZERO,mid,sma100 atr14 ema21,val,,24902,22398,2461,4131,0,0.0,4131.0,,,117.41739654541016,127.48208618164062,164.684814453125,0.0,4131.0,,,200.9788818359375,215.9056396484375,240.4344024658203,,,,,,,,,,,,,,,,,,,,,,,,,,,,,,,,,,,,,,,,
NZDJPY,H4,42,2,REPEAT,mid,sma100 atr14 ema21,val,,24902,22398,2461,4131,0,4116.0,15.0,0.4985422740524781,0.0077934960798568,150.36721801757812,158.8287353515625,237.43148803710932,4122.0,9.0,0.4791363415817564,0.0077878218919332,334.4715576171875,346.69366455078125,423.7953186035156,,,,,,,,,,,,,,,,,,,,,,,,,,,,,,,,,,,,,,,,
NZDJPY,H4,42,2,MEAN,mid,sma100 atr14 ema21,val,,24902,22398,2461,4131,0,4123.0,8.0,0.4773223381033228,0.0077868773983403,117.41739654541016,127.48208618164062,164.6913604736328,4129.0,2.0,0.4720271252119157,0.0077812176441837,200.9788818359375,215.9056396484375,240.4513092041016,,,,,,,,,,,,,,,,,,,,,,,,,,,,,,,,,,,,,,,,
NZDJPY,H4,42,2,lgbm,mid,sma100 atr14 ema21,val,42,24902,22398,2461,4131,0,4123.0,8.0,0.5195246179966044,0.0077868773983403,108.82444763183594,118.63558959960938,164.680419921875,4129.0,2.0,0.4720271252119157,0.0077812176441837,196.9737091064453,210.5877227783203,240.45301818847656,,-8.592948913574219,-8.84649658203125,-0.00439453125,0.0209823439441262,-41.54277038574219,-40.193145751953125,-72.75106811523438,0.0422022798932816,-8.592948913574219,-8.84649658203125,-0.0109405517578125,,,,,,,,,,-4.005172729492188,-5.317916870117188,0.01861572265625,-0.0071092163698407,-137.4978485107422,-136.10594177246094,-183.34230041503903,0.0,-4.005172729492188,-5.317916870117188,0.001708984375,,,,,,,,
NZDJPY,H4,42,2,gru,mid,sma100 atr14 ema21,val,0 1 2,24902,22398,2461,4131,0,4123.0,8.0,0.4810413129598189,0.0077868773983403,108.48959604899088,119.12691752115886,165.10486857096353,4129.0,2.0,0.4937434407039638,0.0077812176441837,196.42303466796875,211.3379364013672,240.9269358317057,,-8.927800496419266,-8.355168660481766,0.4200541178385322,-0.0175009610926591,-41.87762196858724,-39.70181783040364,-72.32661946614584,0.0037189748564961,-8.927800496419266,-8.355168660481766,0.4135080973307197,0.4751394615571186,0.4853262187727383,107.76090240478516,108.90757751464844,118.42152404785156,119.63317108154295,165.0122833251953,165.2047576904297,,-4.55584716796875,-4.5677032470703125,0.4925333658854072,0.0146070991222073,-138.04852294921875,-135.35572814941406,-182.8683827718099,0.0217163154920481,-4.55584716796875,-4.5677032470703125,0.4756266276041572,0.4887381932671349,0.5006054734802615,196.2868804931641,196.62155151367188,210.9100341796875,211.69967651367188,240.623779296875,241.4236297607422
NZDJPY,H4,108,1,ZERO,mid,sma100 atr14 ema21,val,,24837,22333,2396,4066,0,0.0,4066.0,,,117.83760833740234,127.88095092773438,165.71372985839844,,,,,,,,,,,,,,,,,,,,,,,,,,,,,,,,,,,,,,,,,,,,,,,
NZDJPY,H4,108,1,REPEAT,mid,sma100 atr14 ema21,val,,24837,22333,2396,4066,0,4051.0,15.0,0.4981486052826462,0.0078557722246208,151.36166381835938,159.83767700195312,238.91232299804688,,,,,,,,,,,,,,,,,,,,,,,,,,,,,,,,,,,,,,,,,,,,,,,
NZDJPY,H4,108,1,MEAN,mid,sma100 atr14 ema21,val,,24837,22333,2396,4066,0,4058.0,8.0,0.4778215869886644,0.0078489937450137,117.83760833740234,127.88095092773438,165.71627807617188,,,,,,,,,,,,,,,,,,,,,,,,,,,,,,,,,,,,,,,,,,,,,,,
NZDJPY,H4,108,1,lgbm,mid,sma100 atr14 ema21,val,42,24837,22333,2396,4066,0,4058.0,8.0,0.5049285362247412,0.0078489937450137,109.25564575195312,119.38719177246094,165.96376037597656,,,,,,,,,-8.581962585449219,-8.493759155273438,0.250030517578125,0.0067799309420949,-42.10601806640625,-40.45048522949219,-72.94856262207031,0.0271069492360768,-8.581962585449219,-8.493759155273438,0.2474822998046875,,,,,,,,,,,,,,,,,,,,,,,,,,,,
NZDJPY,H4,108,1,gru,mid,sma100 atr14 ema21,val,0 1 2,24837,22333,2396,4066,0,4058.0,8.0,0.5018892722194841,0.0078489937450137,109.35117848714192,119.4554189046224,165.73837280273438,,,,,,,,,-8.486429850260421,-8.425532023111984,0.0246429443359375,0.0037406669368378,-42.01048533121745,-40.382258097330734,-73.1739501953125,0.0240676852308197,-8.486429850260421,-8.425532023111984,0.0220947265625,0.4908822079842286,0.5192212912764909,109.08091735839844,109.55250549316406,118.4656753540039,120.4173355102539,165.64634704589844,165.83946228027344,,,,,,,,,,,,,,,,,,,,
NZDJPY,H4,108,2,ZERO,mid,sma100 atr14 ema21,val,,24836,22332,2395,4065,0,0.0,4065.0,,,117.85482788085938,127.89397430419922,165.72853088378906,0.0,4065.0,,,202.0553741455078,217.06683349609375,242.13223266601562,,,,,,,,,,,,,,,,,,,,,,,,,,,,,,,,,,,,,,,,
NZDJPY,H4,108,2,REPEAT,mid,sma100 atr14 ema21,val,,24836,22332,2395,4065,0,4050.0,15.0,0.4982716049382716,0.007856742013183862,151.36936950683594,159.87269592285156,238.9292755126953,4056.0,9.0,0.4780571992110454,0.007850928662766597,336.6424255371094,349.02423095703125,426.7929992675781,,,,,,,,,,,,,,,,,,,,,,,,,,,,,,,,,,,,,,,,
NZDJPY,H4,108,2,MEAN,mid,sma100 atr14 ema21,val,,24836,22332,2395,4065,0,4057.0,8.0,0.47793936406211485,0.007849961025040266,117.85482788085938,127.89397430419922,165.73062133789062,4063.0,2.0,0.47304947083435883,0.00784416270267452,202.0553741455078,217.06683349609375,242.13755798339844,,,,,,,,,,,,,,,,,,,,,,,,,,,,,,,,,,,,,,,,
NZDJPY,H4,108,2,lgbm,mid,sma100 atr14 ema21,val,42,24836,22332,2395,4065,0,4057.0,8.0,0.50529948237614,0.007849961025040266,109.08090209960938,119.5088119506836,165.88800048828125,4063.0,2.0,0.5043071621954222,0.00784416270267452,198.4860076904297,212.6278839111328,242.1195831298828,,-8.77392578125,-8.385162353515625,0.1594696044921875,0.007027877437868368,-42.28846740722656,-40.36388397216797,-73.04127502441406,0.027360118314025128,-8.77392578125,-8.385162353515625,0.157379150390625,,,,,,,,,,-3.569366455078125,-4.4389495849609375,-0.0126495361328125,0.026249962984376762,-138.1564178466797,-136.39634704589844,-184.6734161376953,0.03125769136106332,-3.569366455078125,-4.4389495849609375,-0.017974853515625,,,,,,,,
NZDJPY,H4,108,2,gru,mid,sma100 atr14 ema21,val,0 1 2,24836,22332,2395,4065,0,4057.0,8.0,0.5035740695094898,0.007849961025040266,109.33807373046875,119.06558736165364,165.75020345052084,4063.0,2.0,0.5083271802444828,0.00784416270267452,197.89915466308594,212.23814900716147,242.3857421875,,-8.516754150390625,-8.828386942545578,0.021672566731780307,0.005302464571218191,-42.03129577636719,-40.80710856119792,-73.17907206217447,0.02563470544737495,-8.516754150390625,-8.828386942545578,0.019582112630217807,0.4905102292334237,0.5139265467093912,109.12764739990234,109.4792251586914,117.74527740478516,119.85338592529297,165.56617736816406,165.88885498046875,,-4.156219482421875,-4.828684488932282,0.253509521484375,0.030269981033437365,-138.74327087402344,-136.78608194986978,-184.40725708007812,0.035277709410123925,-4.156219482421875,-4.828684488932282,0.2481842041015625,0.49643120846665023,0.5178439576667487,197.6543426513672,198.10000610351562,211.93917846679688,212.83241271972656,241.8373565673828,242.98570251464844
