tree
version=v4
num_class=1
num_tree_per_iteration=1
label_index=0
max_feature_idx=293
objective=regression
feature_names=Column_0 Column_1 Column_2 Column_3 Column_4 Column_5 Column_6 Column_7 Column_8 Column_9 Column_10 Column_11 Column_12 Column_13 Column_14 Column_15 Column_16 Column_17 Column_18 Column_19 Column_20 Column_21 Column_22 Column_23 Column_24 Column_25 Column_26 Column_27 Column_28 Column_29 Column_30 Column_31 Column_32 Column_33 Column_34 Column_35 Column_36 Column_37 Column_38 Column_39 Column_40 Column_41 Column_42 Column_43 Column_44 Column_45 Column_46 Column_47 Column_48 Column_49 Column_50 Column_51 Column_52 Column_53 Column_54 Column_55 Column_56 Column_57 Column_58 Column_59 Column_60 Column_61 Column_62 Column_63 Column_64 Column_65 Column_66 Column_67 Column_68 Column_69 Column_70 Column_71 Column_72 Column_73 Column_74 Column_75 Column_76 Column_77 Column_78 Column_79 Column_80 Column_81 Column_82 Column_83 Column_84 Column_85 Column_86 Column_87 Column_88 Column_89 Column_90 Column_91 Column_92 Column_93 Column_94 Column_95 Column_96 Column_97 Column_98 Column_99 Column_100 Column_101 Column_102 Column_103 Column_104 Column_105 Column_106 Column_107 Column_108 Column_109 Column_110 Column_111 Column_112 Column_113 Column_114 Column_115 Column_116 Column_117 Column_118 Column_119 Column_120 Column_121 Column_122 Column_123 Column_124 Column_125 Column_126 Column_127 Column_128 Column_129 Column_130 Column_131 Column_132 Column_133 Column_134 Column_135 Column_136 Column_137 Column_138 Column_139 Column_140 Column_141 Column_142 Column_143 Column_144 Column_145 Column_146 Column_147 Column_148 Column_149 Column_150 Column_151 Column_152 Column_153 Column_154 Column_155 Column_156 Column_157 Column_158 Column_159 Column_160 Column_161 Column_162 Column_163 Column_164 Column_165 Column_166 Column_167 Column_168 Column_169 Column_170 Column_171 Column_172 Column_173 Column_174 Column_175 Column_176 Column_177 Column_178 Column_179 Column_180 Column_181 Column_182 Column_183 Column_184 Column_185 Column_186 Column_187 Column_188 Column_189 Column_190 Column_191 Column_192 Column_193 Column_194 Column_195 Column_196 Column_197 Column_198 Column_199 Column_200 Column_201 Column_202 Column_203 Column_204 Column_205 Column_206 Column_207 Column_208 Column_209 Column_210 Column_211 Column_212 Column_213 Column_214 Column_215 Column_216 Column_217 Column_218 Column_219 Column_220 Column_221 Column_222 Column_223 Column_224 Column_225 Column_226 Column_227 Column_228 Column_229 Column_230 Column_231 Column_232 Column_233 Column_234 Column_235 Column_236 Column_237 Column_238 Column_239 Column_240 Column_241 Column_242 Column_243 Column_244 Column_245 Column_246 Column_247 Column_248 Column_249 Column_250 Column_251 Column_252 Column_253 Column_254 Column_255 Column_256 Column_257 Column_258 Column_259 Column_260 Column_261 Column_262 Column_263 Column_264 Column_265 Column_266 Column_267 Column_268 Column_269 Column_270 Column_271 Column_272 Column_273 Column_274 Column_275 Column_276 Column_277 Column_278 Column_279 Column_280 Column_281 Column_282 Column_283 Column_284 Column_285 Column_286 Column_287 Column_288 Column_289 Column_290 Column_291 Column_292 Column_293
feature_infos=[-10245:19550] [-9157.5:19595] [-10267.5:18945] [-9485:19447.5] [-13226.39453125:22482.150390625] [169.64253234863281:2611.72900390625] [-10151.6083984375:19334.744140625] [-9497.5:19447.5] [-8652.5:19582.5] [-9690:18900] [-9212.5:19402.5] [-13118.4453125:22363.42578125] [169.64253234863281:2611.72900390625] [-10066.2353515625:19340.904296875] [-9215:19402.5] [-8412.5:19892.5] [-9492.5:18897.5] [-8520:19130] [-13019.169921875:22235.375] [169.64253234863281:2611.72900390625] [-9794.7587890625:19303.322265625] [-8517.5:19130] [-7797.5:19620] [-9287.5:18625] [-8600:19215] [-12915.9453125:22107.150390625] [169.64253234863281:2611.72900390625] [-9506.826171875:19295.29296875] [-8600:19220] [-8157.5:19865] [-10247.5:18320] [-8282.5:19482.5] [-12816.01953125:21983.44921875] [169.64253234863281:2611.72900390625] [-9244.841796875:19277.310546875] [-8290:19480] [-7857.5:19925] [-10260:18817.5] [-8542.5:19237.5] [-12717.4453125:21873.349609375] [169.64253234863281:2611.72900390625] [-8968.0380859375:19262.783203125] [-8542.5:19235] [-8080:19775] [-9355:18860] [-8474:19392.5] [-12622.9697265625:21762.92578125] [169.64253234863281:2611.72900390625] [-8657.3076171875:19229.802734375] [-8474:19390] [-8185:19835] [-10365:18940] [-9555:19312.5] [-12534.669921875:21653.05078125] [169.64253234863281:2611.72900390625] [-8394.1435546875:19237.3203125] [-9540:19312.5] [-8317.5:20432.5] [-9910:19082.5] [-8730:20050] [-12443.8447265625:21544.80078125] [169.64253234863281:2611.72900390625] [-8363.7666015625:19263.927734375] [-8720:20047.5] [-8290:21182.5] [-9330:19418.5] [-8526.5:20800] [-12336.4951171875:21457.224609375] [169.64253234863281:2611.72900390625] [-8255.923828125:19403.5703125] [-8531.5:20797.5] [-8221.5:21242.5] [-9162.5:19570] [-8682.5:20527.5] [-12242.0947265625:21355.150390625] [169.64253234863281:2611.72900390625] [-8148.9853515625:19458.701171875] [-8675:20525] [-8157.5:20970] [-10115:19297.5] [-9252.5:19737.5] [-12146.294921875:21228.724609375] [169.64253234863281:2611.72900390625] [-8132.7138671875:19271.091796875] [-9242.5:19720] [-8630:19932.5] [-11222.5:17122.5] [-8967.5:17677.5] [-12052.26953125:21102.875] [169.64253234863281:2611.72900390625] [-8116.103515625:19126.21875] [-8962.5:17677.5] [-8590:18017.5] [-11003:17335] [-9145:17700] [-11952.044921875:20974.775390625] [169.64253234863281:2611.72900390625] [-8140.09423828125:18996.5625] [-9142.5:17702.5] [-7860:18042.5] [-12045:17665] [-8647.5:17977.5] [-11859.4697265625:20863.375] [169.64253234863281:2611.72900390625] [-8143.94921875:18903.921875] [-8647.5:17977.5] [-7791.5:17999.5] [-9987.5:17392.5] [-8502.5:17705] [-11764.7197265625:20744.349609375] [169.64253234863281:2611.72900390625] [-8077.2265625:18731.74609375] [-8492.5:17705] [-7540:19077.5] [-12207.5:17313.5] [-8810:18695] [-11673.5947265625:20631.474609375] [169.64253234863281:2611.72900390625] [-8008.7265625:18474.99609375] [-8810:18692.5] [-7762.5:19137.5] [-13720:17465] [-10322.5:17905] [-11586.3447265625:20513.32421875] [169.64253234863281:2611.72900390625] [-7866.478515625:18202.49609375] [-10322.5:17887.5] [-7465:18100] [-13227.5:15012.5] [-9830:15442.5] [-11500.919921875:20379.150390625] [169.64253234863281:2611.72900390625] [-7760.1171875:17834.54296875] [-9830:15426] [-9132.5:15934.5] [-11090:15017.5] [-9930:15572.5] [-11408.6953125:20222.875] [169.64253234863281:2611.72900390625] [-7668.50927734375:17375.0390625] [-9925:15572.5] [-8913:16269] [-11270:15230] [-10480:15600] [-11320.4951171875:20065.224609375] [169.64253234863281:2611.72900390625] [-7597.5087890625:16891.5625] [-10472.5:15599] [-9955:16975.5] [-11912.5:15560] [-10752.5:15872.5] [-11226.669921875:19891.275390625] [169.64253234863281:2611.72900390625] [-7554.326171875:16798.921875] [-10747.5:15872.5] [-9557.5:16651] [-11122.5:14822.5] [-10642.5:15622] [-11138.8203125:19721.55078125] [169.64253234863281:2611.72900390625] [-7228.70556640625:16626.74609375] [-10635:15624] [-10117.5:16661] [-12635:15615.5] [-12155:15896.5] [-11057.5947265625:19531.57421875] [169.64253234863281:2611.72900390625] [-7161.07421875:16369.9970703125] [-12147.5:15895.5] [-11630:17272] [-13587.5:15736.5] [-12427.5:15852.5] [-10974.669921875:19375.55078125] [169.64253234863281:2611.72900390625] [-7138.93115234375:16002.04296875] [-12422.5:15852.5] [-11232.5:17214] [-13095:15717] [-11935:16377] [-10881.14453125:19218.025390625] [169.64253234863281:2611.72900390625] [-7072.66455078125:15542.5390625] [-11930:16381] [-10740:17335] [-12305:16244.5] [-11185:16498] [-10778.044921875:19057.349609375] [169.64253234863281:2611.72900390625] [-7037.876953125:14968.8984375] [-11182.5:16502] [-9727.5:17315.5] [-11555:15675] [-11020:16555] [-10672.64453125:18904.599609375] [169.64253234863281:2611.72900390625] [-7314.599609375:14777.404296875] [-11025:16554] [-10400:17930.5] [-12332.5:15824] [-10865:17006] [-10558.0947265625:18742.900390625] [169.64253234863281:2611.72900390625] [-7637.36328125:14980.00390625] [-10890:17010] [-9907.5:18051.5] [-11840:15786.5] [-11110:16656.5] [-10440.3203125:18581.55078125] [169.64253234863281:2611.72900390625] [-7953.0576171875:15106.048828125] [-11110:16655.5] [-8830:18032] [-11242.5:16251.5] [-10617.5:17184] [-10325.2451171875:18418.69921875] [169.64253234863281:2611.72900390625] [-8045.05224609375:15294.9541015625] [-10617.5:17183] [-8900:18559.5] [-10912.5:13813.5] [-10455:14746] [-10203.5947265625:18265.5] [169.64253234863281:2611.72900390625] [-8264.138671875:15174.23046875] [-10455:14745] [-8407.5:16121.5] [-10857.5:13809] [-9962.5:14741.5] [-10068.9453125:18102.19921875] [169.64253234863281:2611.72900390625] [-8184.8984375:14052.80078125] [-9962.5:14740.5] [-6750:16117] [-10365:13466] [-7760:14398.5] [-9939.0947265625:17916.025390625] [169.64253234863281:2611.72900390625] [-7939.453125:13363.7734375] [-7760:14397.5] [-6450:15774] [-8462.5:12407.5] [-8005:13412.5] [-9802.89453125:17712.849609375] [169.64253234863281:2611.72900390625] [-7783.13916015625:12613.2939453125] [-8005:13414.5] [-5727.5:13826] [-8407.5:13406] [-7065:13522] [-9682.39453125:17529.775390625] [169.64253234863281:2611.72900390625] [-7646.490234375:11895.4033203125] [-7065:13522] [-5315:13850] [-7467.5:12836.5] [-5787.5:12988.5] [-9559.6201171875:17354.94921875] [169.64253234863281:2611.72900390625] [-7469.3095703125:11938.904296875] [-5787.5:12988.5] [-4822.5:15004.5] [-6432.5:12985.5] [-5625:14167.5] [-9435.8203125:17183.525390625] [169.64253234863281:2611.72900390625] [-7098.462890625:12141.50390625] [-5625:14171.5] [-3345:14555.5] [-6387.5:12948] [-4235:13528] [-9319.080078125:17005.69921875] [169.64253234863281:2611.72900390625] [-6675.87548828125:12267.548828125] [-4235:13527.5] [-3530:14450] [-6405:13413] [-4970:14345.5] [-9187.5546875:16811.724609375] [169.64253234863281:2611.72900390625] [-6313.9775390625:12456.4541015625] [-4970:14344.5] [-3110:15721] [-5787.5:8427] [-3950:11128.5] [-9046.330078125:16585.125] [169.64253234863281:2611.72900390625] [-5821.4775390625:12335.73046875] [-3960:11125.5] [0:12050.5] [-5814.5:0] none [-8901.60546875:16358.1748046875] [169.64253234863281:2611.72900390625] [-5292.25244140625:11214.30078125]
tree_sizes=2897 2886 2887 2898 2892 2890 2900 2886 2897 2881 2914 2883 2900 2915 2915 2894 2894 2903 2889 2850 2903 2895 2892 2891 2860 2894 2917 2870 2886 2907 2886 2915 2891 2896 2898 2876 2913 2891 2905 2900 2930 2917 2865 2894 2904 2918 2886 2912 2896 2923 2942 2922 2860 2869 2923 2889 2865 2918 2905 2916 2918 2885 2904 2849 2924 2904 2852

Tree=0
num_leaves=31
num_cat=0
split_feature=292 264 292 208 264 264 243 287 283 117 191 37 248 285 264 89 19 233 266 264 243 243 289 288 190 187 33 47 173 243
split_gain=1.75784e+08 7.0967e+07 2.61895e+07 2.10652e+07 1.34951e+07 1.28505e+07 7.95954e+06 6.09564e+06 8.65055e+06 6.92404e+06 4.58968e+06 4.56707e+06 4.24329e+06 3.76032e+06 4.36376e+06 3.6722e+06 3.48895e+06 3.93445e+06 3.5952e+06 3.30707e+06 6.86074e+06 4.24474e+06 3.03819e+06 3.02152e+06 2.64628e+06 3.82036e+06 2.63743e+06 2.92384e+06 2.58411e+06 2.50248e+06
threshold=890.77328491210949 505.08055114746099 1367.7973632812502 1169.2799072265627 387.46055603027349 615.86886596679699 552.06869506835949 887.75000000000011 58.750000000000007 1683.2846679687502 3153.5000000000005 -6734.9999999999991 -1542.7499999999998 453.98098754882818 464.46052551269537 1039.5981445312502 1039.5981445312502 -1247.7499999999998 -49.749999999999993 714.96121215820324 648.61227416992199 781.07574462890636 -224.74999999999997 186.25000000000003 -2335.9999999999995 761.29205322265636 610.08047485351574 564.86022949218761 562.89102172851574 424.83662414550787
decision_type=2 2 2 2 2 2 2 2 2 2 2 2 2 2 2 2 2 2 2 2 2 2 2 2 2 2 2 2 2 2
left_child=1 4 11 -4 22 6 28 8 9 16 -9 12 -2 14 29 26 -5 -18 -19 20 -7 24 -1 -24 25 -21 27 -13 -3 -6
right_child=2 5 3 7 13 19 -8 10 -10 -11 -12 15 -14 -15 -16 -17 17 18 -20 21 -22 -23 23 -25 -26 -27 -28 -29 -30 -31
leaf_value=-258.29221971735097 -307.67411362743883 -263.08558884092122 -337.25869799391933 -267.20536363697556 -260.96726838965509 -267.47247616698752 -260.28881878644279 -292.35589934921774 -271.69365068257804 -312.2604015130903 -322.3816136369756 -270.40761362743882 -279.22108732670739 -258.26958416216769 -264.23972904027471 -277.14714327291261 -280.12479545862533 -316.78161363459139 -286.80161363697562 -271.87454845643549 -262.19506631623671 -264.89606896205106 -254.85159153618201 -257.5269863623472 -269.34222289645578 -298.05036364174396 -269.17895407503715 -295.71494696531346 -266.44623994293227 -258.34680794666906
leaf_weight=1551 20 2176 24 20 2039 1171 2925 35 81 33 20 25 38 3560 650 557 44 20 20 46 1299 716 3166 1583 714 20 329 21 776 1647
leaf_count=1551 20 2176 24 20 2039 1171 2925 35 81 33 20 25 38 3560 650 557 44 20 20 46 1299 716 3166 1583 714 20 329 21 776 1647
internal_value=-261.323 -260.359 -279.326 -292.348 -258.097 -263.621 -262.137 -288.4 -284.647 -292.306 -303.274 -275.419 -289.032 -259.474 -260.462 -274.572 -285.974 -290.442 -301.792 -265.821 -264.697 -267.676 -256.371 -255.743 -270.228 -279.807 -270.747 -281.961 -263.969 -259.796
internal_weight=25326 24039 1287 297 14196 9843 5877 273 218 137 55 990 58 7896 4336 932 104 84 40 3966 2470 1496 6300 4749 780 66 375 46 2952 3686
internal_count=25326 24039 1287 297 14196 9843 5877 273 218 137 55 990 58 7896 4336 932 104 84 40 3966 2470 1496 6300 4749 780 66 375 46 2952 3686
is_linear=0
shrinkage=1


Tree=1
num_leaves=31
num_cat=0
split_feature=292 264 292 208 264 264 243 54 84 82 37 4 285 264 243 5 121 276 289 126 134 262 32 264 243 243 288 159 45 289
split_gain=1.58645e+08 6.40477e+07 2.3636e+07 1.92621e+07 1.21991e+07 1.15975e+07 7.18348e+06 5.72595e+06 6.49955e+06 4.25082e+06 4.12178e+06 3.95528e+06 3.58104e+06 4.22247e+06 4.00972e+06 3.39273e+06 3.28291e+06 3.10844e+06 3.2989e+06 3.08542e+06 3.83033e+06 4.0008e+06 4.07641e+06 2.98463e+06 6.19182e+06 3.83088e+06 2.94308e+06 2.74879e+06 4.56174e+06 2.66464e+06
threshold=890.77328491210949 505.08055114746099 1367.7973632812502 1218.723571777344 389.25843811035162 615.86886596679699 552.06869506835949 1082.6817016601565 8170.2500000000009 1289.656921386719 -6734.9999999999991 -5021.1076660156241 486.58226013183599 455.44989013671881 423.27095031738287 1169.2799072265627 3329.5000000000005 1531.7500000000002 -309.74999999999994 -5663.7499999999991 2161.7500000000005 1144.7500000000002 9778.0747070312518 714.96121215820324 648.61227416992199 781.07574462890636 250.25000000000003 1218.723571777344 3352.5000000000005 -224.74999999999997
decision_type=2 2 2 2 2 2 2 2 2 2 2 2 2 2 2 2 2 2 2 2 2 2 2 2 2 2 2 2 2 2
left_child=1 4 10 -4 26 6 -3 -5 19 -10 11 -2 13 14 -6 -12 -16 18 27 -9 -21 22 -22 24 -7 -25 29 28 -17 -1
right_child=2 5 3 7 12 23 -8 8 9 -11 15 -13 -14 -15 16 17 -18 -19 -20 20 21 -23 -24 25 -26 -27 -28 -29 -30 -31
leaf_value=3.3208810965948636 -12.808924244557108 -2.5139477921731213 -64.312513580322261 -8.8025533448094908 0.49130457085031387 -5.842238749817084 0.98223579027433683 -42.027616376876836 -60.632936390963472 -30.770227182828464 -10.268654163217382 -38.938531570434577 3.7003152854211709 -0.6878433454253734 3.8841758326972164 -18.336051850388014 -15.989347916557676 -32.181436167092158 -8.6734724153348104 -12.379406694103691 -53.768171119689946 -15.841411809921267 -23.66308366526728 -8.4596741568870275 -0.82869926798885096 -3.3946518444003511 2.5648108815526158 -13.250040685887241 -42.577828015221492 5.9119793977323747
leaf_weight=1350 28 2952 35 46 1948 1171 2925 20 22 26 586 30 1789 2053 1985 69 21 29 123 68 22 35 23 780 1299 716 1306 98 27 3744
leaf_count=1350 28 2952 35 46 1948 1171 2925 20 22 26 586 30 1789 2053 1985 69 21 29 123 68 22 35 23 780 1299 716 1306 98 27 3744
internal_value=-2.00779e-08 0.915653 -17.1029 -29.4739 3.06469 -2.18378 -0.773887 -24.8199 -28.231 -44.4573 -13.3915 -26.3242 1.73667 1.15186 2.10707 -12.5867 3.67613 -16.5127 -15.0793 -23.595 -21.1041 -28.52 -38.3811 -4.27304 -3.20556 -6.03551 4.68239 -19.1407 -25.1541 5.22529
internal_weight=25326 24039 1287 297 14196 9843 5877 262 216 48 990 58 7796 6007 3954 932 2006 346 317 168 148 80 45 3966 2470 1496 6400 194 96 5094
internal_count=25326 24039 1287 297 14196 9843 5877 262 216 48 990 58 7796 6007 3954 932 2006 346 317 168 148 80 45 3966 2470 1496 6400 194 96 5094
is_linear=0
shrinkage=0.05


Tree=2
num_leaves=31
num_cat=0
split_feature=292 264 292 287 222 264 243 122 198 199 37 248 283 288 289 89 117 246 178 247 43 262 191 288 264 243 243 287 208 289
split_gain=1.43177e+08 5.78031e+07 2.13315e+07 1.81348e+07 1.1074e+07 1.04668e+07 6.49939e+06 5.08611e+06 6.19471e+06 6.26946e+06 3.71991e+06 3.67147e+06 3.54707e+06 3.50637e+06 4.72983e+06 3.12043e+06 3.85409e+06 3.67794e+06 7.02445e+06 5.06633e+06 4.42378e+06 3.1137e+06 4.12198e+06 2.76953e+06 2.69363e+06 5.58811e+06 3.45737e+06 2.67429e+06 2.61424e+06 2.58481e+06
threshold=890.77328491210949 505.08055114746099 1367.7973632812502 1568.7500000000002 379.81909179687506 615.86886596679699 579.76806640625011 -5654.9999999999991 3276.2500000000005 5251.2500000000009 -6734.9999999999991 -1542.7499999999998 58.750000000000007 370.25000000000006 -197.24999999999997 1169.2799072265627 1289.656921386719 1417.0000000000002 3120.2500000000005 -1080.2499999999998 1859.7500000000002 155.25000000000003 -774.74999999999989 420.25000000000006 714.96121215820324 648.61227416992199 781.07574462890636 255.25000000000003 1289.656921386719 -224.74999999999997
decision_type=2 2 2 2 2 2 2 2 2 2 2 2 2 2 2 2 2 2 2 2 2 2 2 2 2 2 2 2 2 2
left_child=1 4 10 7 27 6 23 -4 12 -10 11 -2 21 14 -6 -12 17 19 -19 20 -17 22 -9 -3 25 -7 -26 29 -11 -1
right_child=2 5 3 -5 13 24 -8 8 9 28 15 -13 -14 -15 -16 16 -18 18 -20 -21 -22 -23 -24 -25 26 -27 -28 -29 -30 -31
leaf_value=3.0818470808291019 -42.348163039684295 -1.1495756325780242 -47.892246682303295 -68.753472080230708 0.73186108204484135 -5.5501267913057708 1.8984036598868337 -18.276108096867073 -56.799972880970351 -38.579976949237647 -9.72405660038444 -15.881638141682274 -9.2237087775499393 -0.51407329967253346 3.3549109906796533 -15.740491520731073 -10.533338023174956 -46.025765327846301 -11.865626366933187 -4.2653589811462629 -44.792339296340941 -8.6224917851961589 -42.221265360713005 -4.3781572781710407 -8.0366904454353527 -0.78726420765936245 -3.2249192629529784 1.2880989206742637 -15.731684959030922 5.6071555894087766
leaf_weight=1374 20 3375 21 25 3044 1171 1675 41 22 21 584 38 78 1418 3947 38 177 34 27 52 20 26 32 827 780 1299 716 553 31 3860
leaf_count=1374 20 3375 21 25 3044 1171 1675 41 22 21 584 38 78 1418 3947 38 177 34 27 52 20 26 32 827 780 1299 716 553 31 3860
internal_value=-2.61821e-08 0.86987 -16.2477 -28.0002 2.91146 -2.0746 -0.735193 -24.2545 -22.2769 -34.4252 -12.722 -25.008 -17.1979 1.75296 2.21279 -11.9574 -15.7053 -21.0587 -30.9057 -15.598 -25.7584 -23.4807 -28.7726 -1.785 -4.05938 -3.04529 -5.73373 4.59485 -24.9589 4.94423
internal_weight=25326 24039 1287 297 14196 9843 5877 272 251 74 990 58 177 8409 6991 932 348 171 61 110 58 99 73 4202 3966 2470 1496 5787 52 5234
internal_count=25326 24039 1287 297 14196 9843 5877 272 251 74 990 58 177 8409 6991 932 348 171 61 110 58 99 73 4202 3966 2470 1496 5787 52 5234
is_linear=0
shrinkage=0.05


Tree=3
num_leaves=31
num_cat=0
split_feature=292 264 292 208 264 264 19 84 122 267 288 289 289 89 40 243 264 243 289 243 288 288 3 193 264 243 264 243 212 263
split_gain=1.29217e+08 5.21673e+07 1.92517e+07 1.6768e+07 1.01657e+07 9.58348e+06 4.98582e+06 4.6434e+06 5.77646e+06 3.82125e+06 3.64908e+06 4.78957e+06 3.56724e+06 3.8249e+06 3.6528e+06 3.42532e+06 5.02879e+06 3.81066e+06 2.89635e+06 2.87794e+06 2.72205e+06 2.69213e+06 4.58619e+06 2.67343e+06 2.58212e+06 3.57338e+06 2.40778e+06 2.65314e+06 2.40103e+06 2.63561e+06
threshold=890.77328491210949 505.08055114746099 1367.7973632812502 1169.2799072265627 389.25843811035162 686.02239990234386 1039.5981445312502 8170.2500000000009 -5654.9999999999991 1625.2500000000002 537.75000000000011 -328.24999999999994 -897.74999999999989 1039.5981445312502 728.91870117187511 499.16918945312506 464.46052551269537 424.83662414550787 -897.74999999999989 542.22628784179699 572.75000000000011 943.00000000000011 -1979.7499999999998 7534.0148925781259 318.05302429199224 341.01805114746099 564.66024780273449 588.91662597656261 -223.74999999999997 3826.005004882813
decision_type=2 2 2 2 2 2 2 2 2 2 2 2 2 2 2 2 2 2 2 2 2 2 2 2 2 2 2 2 2 2
left_child=1 4 12 -4 24 10 -5 8 -8 -9 11 -3 14 -14 -2 16 17 -6 23 -13 -20 -15 -23 -10 -1 -26 -21 -28 -24 -30
right_child=2 5 3 6 15 -7 7 9 18 -11 -12 19 13 21 -16 -17 -18 -19 20 26 -22 22 28 -25 25 -27 27 -29 29 -31
leaf_value=5.6302718893936419 -37.884507515316919 -2.6428774956310201 -66.669226296742764 -3.0900659680366518 0.33954922370439028 -5.0720875389049471 -47.28101200580597 -55.145496295747307 -36.734874283926828 -27.336348107655848 -4.0775729840353039 -1.628652368847435 -6.224314086577472 -11.475560826126829 -15.787896654166673 3.8045099312824426 -1.292661612521788 3.1886719952320188 -3.1907269142769481 2.929045430232053 -19.591522207260134 -39.212724945068366 -28.36994989568537 -14.491727571053937 0.99607827826853734 4.3599120820470478 -3.0276959994818364 1.1010797888237553 0.31195484995841982 -22.484315345400859
leaf_weight=2200 21 2307 24 28 2146 1988 20 21 35 30 958 1521 306 392 171 1389 1671 2590 37 1082 80 25 22 22 1054 3146 531 1456 32 21
leaf_count=2200 21 2307 24 28 2146 1988 20 21 35 30 958 1521 306 392 171 1389 1671 2590 37 1082 80 25 22 22 1054 3146 531 1456 32 21
internal_value=1.55397e-08 0.826377 -15.4353 -26.6002 2.76589 -1.97087 -23.0777 -25.362 -21.8327 -38.7872 -1.18599 -0.784342 -12.0859 -10.6137 -18.2047 1.55359 1.0656 1.89766 -18.9076 0.149785 -14.4049 -13.3436 -20.6665 -28.1498 4.24262 3.51575 1.03118 -0.00228203 -14.4844 -8.72053
internal_weight=25326 24039 1287 297 14196 9843 273 245 194 51 7855 6897 990 798 192 7796 6407 4736 174 4590 117 492 100 57 6400 4200 3069 1987 75 53
internal_count=25326 24039 1287 297 14196 9843 273 245 194 51 7855 6897 990 798 192 7796 6407 4736 174 4590 117 492 100 57 6400 4200 3069 1987 75 53
is_linear=0
shrinkage=0.05


Tree=4
num_leaves=31
num_cat=0
split_feature=292 264 292 287 89 264 243 117 267 240 260 288 289 274 37 4 234 5 276 289 135 173 289 260 47 254 159 92 283 122
split_gain=1.16619e+08 4.7081e+07 1.73746e+07 1.59253e+07 9.42471e+06 8.84637e+06 5.7834e+06 4.478e+06 7.13771e+06 4.29435e+06 6.60986e+06 3.69164e+06 4.44341e+06 3.47961e+06 3.27778e+06 3.32373e+06 2.76134e+06 2.71971e+06 2.63319e+06 2.86121e+06 2.61799e+06 2.35747e+06 2.34505e+06 2.87274e+06 2.32747e+06 3.2728e+06 2.29314e+06 4.09812e+06 3.18277e+06 2.21214e+06
threshold=890.77328491210949 505.08055114746099 1367.7973632812502 1568.7500000000002 374.01257324218756 615.86886596679699 552.06869506835949 1683.2846679687502 1937.7500000000002 624.75000000000011 2219.0000000000005 370.25000000000006 -197.24999999999997 897.00000000000011 -6734.9999999999991 -5021.1076660156241 -810.74999999999989 1169.2799072265627 1531.7500000000002 -309.74999999999994 -6067.7499999999991 579.90786743164074 -426.74999999999994 373.75000000000006 601.67877197265636 -299.74999999999994 1218.723571777344 1049.0000000000002 -382.24999999999994 3506.7500000000005
decision_type=2 2 2 2 2 2 2 2 2 2 2 2 2 2 2 2 2 2 2 2 2 2 2 2 2 2 2 2 2 2
left_child=1 4 14 7 -1 6 21 9 -9 13 -11 12 -6 16 15 -2 -4 -16 19 26 -7 -3 -22 -24 -25 -26 27 -19 -29 -13
right_child=2 5 3 -5 11 20 -8 8 -10 10 -12 29 -14 -15 17 -17 -18 18 -20 -21 22 -23 23 24 25 -27 -28 28 -30 -31
leaf_value=4.2874255147077669 -10.625010347366334 -1.5588357741339989 -11.865054224087643 -63.460243785858154 0.69229494321103358 -21.741359872817995 0.93476397729989813 -47.137664037001763 -13.139061678372897 -45.435434292208768 -15.43097264925639 -0.40234749326169894 3.1715329434261497 0.50654967427253728 -8.6884155067058959 -34.577849276860555 -30.000495873728109 -11.464005556313888 -28.700213376406964 -6.9939074089735502 -5.5886416555993437 -5.3051828910378083 -1.0658769681326625 -1.3541169055870601 -11.486220721163249 -4.2873744644144871 -11.361731836017299 -17.911588922413912 -43.325235053471161 -17.142390703558924
leaf_weight=5337 28 2445 65 25 3205 20 2925 38 26 31 45 1490 4144 36 586 30 31 46 29 123 1082 507 1257 483 190 934 98 22 28 20
leaf_count=5337 28 2445 65 25 3205 20 2925 38 26 31 45 1490 4144 36 586 30 31 46 29 123 1082 507 1257 483 190 934 98 22 28 20
internal_value=-6.56135e-09 0.785058 -14.6636 -25.2702 2.62759 -1.87232 -0.640956 -21.7601 -33.3257 -18.2014 -27.6696 1.62764 2.0903 -12.7501 -11.4816 -23.0144 -17.7213 -10.7639 -14.2789 -12.9596 -3.69702 -2.20226 -3.60556 -2.85637 -4.25689 -5.50426 -16.742 -22.2344 -32.1432 -0.62407
internal_weight=25326 24039 1287 297 14196 9843 5877 272 64 208 76 8859 7349 132 990 58 96 932 346 317 3966 2952 3946 2864 1607 1124 194 96 50 1510
internal_count=25326 24039 1287 297 14196 9843 5877 272 64 208 76 8859 7349 132 990 58 96 932 346 317 3966 2952 3946 2864 1607 1124 194 96 50 1510
is_linear=0
shrinkage=0.05


Tree=5
num_leaves=31
num_cat=0
split_feature=292 264 292 208 222 264 287 283 117 117 288 289 289 40 89 201 180 285 19 124 252 253 89 48 127 2 243 264 131 6
split_gain=1.05248e+08 4.24906e+07 1.56806e+07 1.48497e+07 8.79435e+06 8.0029e+06 4.31252e+06 6.72843e+06 5.26441e+06 4.02352e+06 3.32785e+06 4.57982e+06 3.13701e+06 3.32891e+06 3.27755e+06 2.86773e+06 4.21667e+06 3.58512e+06 2.61471e+06 2.96717e+06 2.58827e+06 4.04358e+06 2.45254e+06 2.44262e+06 5.97595e+06 2.84857e+06 2.37469e+06 3.37548e+06 2.59777e+06 4.77353e+06
threshold=890.77328491210949 505.08055114746099 1367.7973632812502 1169.2799072265627 379.81909179687506 686.02239990234386 887.75000000000011 58.750000000000007 1683.2846679687502 1289.656921386719 304.25000000000006 -248.74999999999997 -897.74999999999989 728.91870117187511 1039.5981445312502 401.45658874511724 438.62648010253912 486.58226013183599 1039.5981445312502 1218.723571777344 1267.7500000000002 1503.5000000000002 464.84754943847662 -1537.5659179687498 1256.7500000000002 -3820.9999999999995 736.49240112304699 744.63302612304699 686.02239990234386 -3629.670776367187
decision_type=2 2 2 2 2 2 2 2 2 2 2 2 2 2 2 2 2 2 2 2 2 2 2 2 2 2 2 2 2 2
left_child=1 4 12 -4 -1 10 7 8 18 -8 11 -3 13 -2 -14 -6 -17 20 -5 -20 22 -22 -18 24 25 -16 28 -28 -7 -30
right_child=2 5 3 6 15 26 9 -9 -10 -11 -12 -13 14 -15 23 16 17 -19 19 -21 21 -23 -24 -25 -26 -27 27 -29 29 -31
leaf_value=3.9963605732177592 -35.432578974678407 -1.7935655151376644 -61.714117733637494 -2.5208564186096192 -0.40640247425209114 -3.8065037725283375 -51.093056261539459 -6.1113027189984734 -41.689352714654177 -22.98015770299094 -2.518294395229443 1.1630516101415316 -5.4637532270811739 -14.338320926825205 -8.9689752186498346 3.8621049077138419 2.1259842705388334 3.1711255523560409 -36.672488707762504 -16.345158271748442 -27.010222122885967 -1.4387393969755908 -0.69095370873528428 -9.7655012800945027 -42.867755335569385 -26.067963773554023 1.8451710695096297 -4.6122003241278788 -33.197650252580644 -8.1817013791857693
leaf_weight=5787 21 2654 24 20 1648 417 20 81 33 35 2615 2586 306 171 93 1977 1273 1471 26 58 22 52 1966 346 20 33 263 878 20 410
leaf_count=5787 21 2654 24 20 1648 417 20 81 33 35 2615 2586 306 171 93 1977 1273 1471 26 58 22 52 1966 346 20 33 263 878 20 410
internal_value=3.428e-09 0.745805 -13.9304 -24.0067 2.49621 -1.77871 -20.6918 -17.5353 -24.2896 -33.203 -1.06147 -0.334441 -10.9075 -16.6455 -9.52692 1.46382 1.91969 1.11698 -18.7685 -22.637 0.204927 -9.04107 0.416166 -12.054 -17.4775 -13.4473 -4.61267 -3.12378 -6.61837 -9.34523
internal_weight=25326 24039 1287 297 14196 9843 273 218 137 55 7855 5240 990 192 798 8409 6761 4784 104 84 3313 74 3239 492 146 126 1988 1141 847 430
internal_count=25326 24039 1287 297 14196 9843 273 218 137 55 7855 5240 990 192 798 8409 6761 4784 104 84 3313 74 3239 492 146 126 1988 1141 847 430
is_linear=0
shrinkage=0.05


Tree=6
num_leaves=31
num_cat=0
split_feature=292 264 292 287 264 264 243 122 198 199 222 243 288 289 274 191 37 248 264 192 192 89 117 246 178 247 43 135 243 264
split_gain=9.49866e+07 3.86168e+07 1.41518e+07 1.36369e+07 9.29327e+06 6.61623e+06 5.11286e+06 4.21704e+06 4.70651e+06 5.74964e+06 4.09383e+06 4.06871e+06 3.52098e+06 3.64176e+06 3.00063e+06 3.79162e+06 2.95666e+06 3.00477e+06 2.71985e+06 2.43646e+06 2.68826e+06 2.40956e+06 3.36571e+06 3.12736e+06 5.99851e+06 4.43665e+06 3.8762e+06 2.31266e+06 2.29807e+06 4.82443e+06
threshold=890.77328491210949 483.66952514648443 1367.7973632812502 1568.7500000000002 615.86886596679699 348.02774047851568 510.92840576171881 -5654.9999999999991 3276.2500000000005 5251.2500000000009 535.47491455078136 579.76806640625011 374.25000000000006 -207.24999999999997 101.25000000000001 -169.24999999999997 -6734.9999999999991 -1542.7499999999998 543.88418579101574 1765.7500000000002 73.250000000000014 1169.2799072265627 1289.656921386719 1417.0000000000002 3120.2500000000005 -1080.2499999999998 1859.7500000000002 -6067.7499999999991 645.25024414062511 686.02239990234386
decision_type=2 2 2 2 2 2 2 2 2 2 2 2 2 2 2 2 2 2 2 2 2 2 2 2 2 2 2 2 2 2
left_child=1 5 16 7 6 -1 -3 -4 14 -10 -8 18 13 -7 15 -9 17 -2 -12 20 -16 -18 23 25 -25 26 -23 -6 -29 -30
right_child=2 4 3 -5 27 12 10 8 9 -11 11 -13 -14 -15 19 -17 21 -19 -20 -21 -22 22 -24 24 -26 -27 -28 28 29 -31
leaf_value=4.3825135811654397 -37.002417206764221 -2.3960134533250192 -41.081906400408066 -58.146143564224246 -20.323030539751056 0.90222418028032603 2.546505843598434 -13.987000669751849 -49.773566124655986 -19.281063532829286 0.13430428969349875 1.5422206639606211 -0.46913016713128758 3.1491777027673593 -7.2345739758532988 -39.821141529083256 -7.7179552547327468 -13.059176998389397 -3.5095976220580924 1.4734234554011649 -28.82465939294724 -13.071894655729594 -8.1407503178900935 -41.029108529932358 -9.4619625040778406 -2.3362173328032863 -40.266336193084719 -5.1205052818845012 0.39845866460078644 -4.0006445891386262
leaf_weight=3700 20 2178 21 25 20 2922 1651 49 22 52 920 1473 1364 4710 46 20 584 38 1155 41 21 38 177 34 27 52 20 1184 950 1812
leaf_count=3700 20 2178 21 25 20 2922 1651 49 22 52 920 1473 1364 4710 46 20 584 38 1155 41 21 38 177 34 27 52 20 1184 950 1812
internal_value=-1.55055e-08 0.708515 -13.2339 -22.8064 -1.41165 2.60274 -0.362284 -19.5582 -17.7574 -28.3464 0.489699 -0.4674 1.87072 2.28891 -13.3304 -21.4752 -10.3621 -21.3155 -1.89399 -8.12683 -14.0016 -9.68048 -12.9739 -17.9766 -27.0568 -12.9413 -22.4493 -3.36353 -3.27757 -2.48756
internal_weight=25326 24039 1287 297 11343 12696 7377 272 251 74 5199 3548 8996 7632 177 69 990 58 2075 108 67 932 348 171 61 110 58 3966 3946 2762
internal_count=25326 24039 1287 297 11343 12696 7377 272 251 74 5199 3548 8996 7632 177 69 990 58 2075 108 67 932 348 171 61 110 58 3966 3946 2762
is_linear=0
shrinkage=0.05


Tree=7
num_leaves=31
num_cat=0
split_feature=292 89 292 208 264 264 68 19 84 122 110 131 82 89 47 289 40 288 183 264 121 113 68 59 194 82 243 264 280 289
split_gain=8.57254e+07 3.5317e+07 1.2772e+07 1.30502e+07 9.12045e+06 5.36936e+06 6.86579e+06 3.73832e+06 3.88313e+06 4.7151e+06 3.69297e+06 7.36323e+06 3.39903e+06 2.96565e+06 2.95518e+06 2.76315e+06 3.02411e+06 2.94734e+06 3.69329e+06 3.40811e+06 4.10606e+06 2.93921e+06 2.75697e+06 2.64011e+06 3.20304e+06 2.50298e+06 2.4196e+06 5.0301e+06 2.38322e+06 2.37635e+06
threshold=890.77328491210949 526.45324707031261 1367.7973632812502 1169.2799072265627 387.46055603027349 612.75967407226574 544.05801391601574 1039.5981445312502 8170.2500000000009 -5654.9999999999991 474.70594787597662 449.41687011718756 1289.656921386719 496.88316345214849 572.43716430664074 -897.74999999999989 728.91870117187511 1063.2500000000002 689.75000000000011 1289.656921386719 894.75000000000011 -1143.2499999999998 615.86886596679699 4008.0000000000005 472.90928649902349 582.10635375976574 648.61227416992199 686.02239990234386 963.75000000000011 -897.74999999999989
decision_type=2 2 2 2 2 2 2 2 2 2 2 2 2 2 2 2 2 2 2 2 2 2 2 2 2 2 2 2 2 2
left_child=1 4 15 -4 -1 6 -3 -5 9 -9 11 23 -10 -13 -8 16 -2 19 21 28 -21 -19 25 -6 -25 -16 -7 -28 -17 -11
right_child=2 5 3 7 10 26 14 8 12 29 -12 13 -14 -15 22 17 -18 18 -20 20 -22 -23 -24 24 -26 -27 27 -29 -30 -31
leaf_value=3.5629238884262833 -33.135601873624893 -3.8775200710784108 -57.015018558502199 -1.2510931423732214 1.6750552144563096 -5.349696531675427 2.4498893368628294 -40.300817689895638 -46.5045887152354 -23.037775367602968 2.3952787177248043 -1.4118258097622216 -20.643589713783175 -6.8701652835113833 -0.19833932509514648 -6.9780739796620583 -13.03024004669261 -13.111912446022036 -9.233192802220584 -10.136294188909233 -35.176087743585761 -39.065106652180361 0.94121166987051152 -0.54520848205215056 -25.265779695510865 -4.9850849519324392 0.65142817771497252 -4.0734980072367746 3.3865025981780024 -10.587768258651097
leaf_weight=6248 21 1334 24 28 4004 1088 1125 20 24 57 3446 1535 27 297 568 526 171 20 80 64 22 24 1244 38 20 526 835 1731 62 117
leaf_count=6248 21 1334 24 28 4004 1088 1125 20 24 57 3446 1535 27 297 568 526 171 20 80 64 22 24 1244 38 20 526 835 1731 62 117
internal_value=3.01468e-09 0.673089 -12.5722 -21.666 2.0842 -1.92973 -0.829775 -18.5584 -20.5364 -17.309 1.09501 0.334797 -32.8135 -2.29672 0.344263 -9.84402 -15.2293 -8.54832 -15.6327 -7.24496 -16.5418 -27.2682 -0.668924 1.52164 -9.06954 -2.49983 -3.37377 -2.53596 -5.88521 -14.6662
internal_weight=25326 24039 1287 297 15588 8451 4797 273 245 194 9340 5894 51 1832 3463 990 192 798 124 674 86 44 2338 4062 58 1094 3654 2566 588 174
internal_count=25326 24039 1287 297 15588 8451 4797 273 245 194 9340 5894 51 1832 3463 990 192 798 124 674 86 44 2338 4062 58 1094 3654 2566 588 174
is_linear=0
shrinkage=0.05


Tree=8
num_leaves=31
num_cat=0
split_feature=292 264 292 287 89 264 117 233 243 264 243 267 247 260 288 288 289 243 264 68 187 283 37 141 268 12 89 33 47 243
split_gain=7.73672e+07 3.21523e+07 1.15267e+07 1.19571e+07 7.9452e+06 4.76562e+06 3.78212e+06 6.12891e+06 3.53535e+06 3.78639e+06 4.23041e+06 3.31044e+06 3.22727e+06 5.91166e+06 3.06716e+06 3.00807e+06 4.31066e+06 2.84457e+06 2.9693e+06 3.71333e+06 4.67588e+06 2.71343e+06 2.63167e+06 3.01767e+06 2.20409e+06 2.69164e+06 2.1869e+06 2.16384e+06 2.56671e+06 2.14445e+06
threshold=890.77328491210949 524.67218017578136 1367.7973632812502 1568.7500000000002 374.01257324218756 686.02239990234386 1683.2846679687502 -155.24999999999997 579.76806640625011 612.75967407226574 648.61227416992199 1752.0000000000002 127.75000000000001 2219.0000000000005 436.25000000000006 207.25000000000003 -197.24999999999997 499.16918945312506 455.44989013671881 398.62911987304693 470.10787963867193 -314.74999999999994 -6734.9999999999991 -3229.7499999999995 593.00000000000011 696.83001708984386 1039.5981445312502 610.08047485351574 564.86022949218761 744.63302612304699
decision_type=2 2 2 2 2 2 2 2 2 2 2 2 2 2 2 2 2 2 2 2 2 2 2 2 2 2 2 2 2 2
left_child=1 4 22 6 -1 8 12 -8 14 -10 24 -9 21 -14 -3 16 -6 18 19 20 -17 -4 23 -2 -11 -26 27 28 -24 -7
right_child=2 5 3 -5 15 29 7 11 9 10 -12 -13 13 -15 -16 17 -18 -19 -20 -21 -22 -23 26 -25 25 -27 -28 -29 -30 -31
leaf_value=3.5556290208910606 -11.411679776718742 -1.59231308923042 -17.163647701865749 -53.674403390884407 0.50623705401079166 -5.7424307660324629 -51.120309638977055 -32.762183752059933 1.7523276238646479 -3.3533895393799655 0.70711020579366157 -5.2186975955963142 -37.532370289393832 -10.627416980266572 -5.4756641867173963 -1.9737040219924009 3.1401736632087482 2.5640021411238973 -2.6911275634956029 1.9833760555506992 -26.588643989562993 -2.3225779972859284 -5.0896079635620124 -35.406249215602877 -6.7495294667906682 -27.974697914123535 -10.696027300216565 -4.3367127407602624 -28.801049800146195 -2.4481801873398208
leaf_weight=5353 38 2568 57 25 3025 917 20 20 1570 770 934 24 35 49 634 546 3193 897 1116 1346 20 67 25 20 59 20 557 329 21 1071
leaf_count=5353 38 2568 57 25 3025 917 20 20 1570 770 934 24 35 49 634 546 3193 897 1116 1346 20 67 25 20 59 20 557 329 21 1071
internal_value=-9.20275e-09 0.639435 -11.9436 -20.5827 1.99716 -1.82333 -17.5412 -28.1703 -1.17298 -0.0382436 -1.61491 -17.7385 -14.2708 -21.8378 -2.36122 1.17468 1.85879 0.0909097 -0.641707 0.554503 -2.84349 -9.14468 -9.35181 -19.6857 -4.16941 -12.123 -8.70872 -5.75691 -15.9144 -3.96771
internal_weight=25326 24039 1287 297 15496 8543 272 64 6555 3353 1783 44 208 84 3202 10143 6218 3925 3028 1912 566 124 990 58 849 79 932 375 46 1988
internal_count=25326 24039 1287 297 15496 8543 272 64 6555 3353 1783 44 208 84 3202 10143 6218 3925 3028 1912 566 124 990 58 849 79 932 375 46 1988
is_linear=0
shrinkage=0.05


Tree=9
num_leaves=31
num_cat=0
split_feature=292 89 292 208 264 264 68 12 185 144 110 89 47 26 289 93 233 276 288 183 264 121 113 281 71 280 5 288 281 243
split_gain=6.98239e+07 2.94636e+07 1.04028e+07 1.16455e+07 7.5495e+06 4.29239e+06 6.10067e+06 3.70489e+06 6.25211e+06 4.6124e+06 3.38404e+06 6.53127e+06 2.6235e+06 2.67196e+06 2.49469e+06 2.83822e+06 3.4864e+06 2.89841e+06 2.64144e+06 3.33183e+06 2.97862e+06 3.74698e+06 2.62858e+06 2.26588e+06 2.14339e+06 2.13424e+06 2.21128e+06 2.11235e+06 2.13458e+06 2.03516e+06
threshold=890.77328491210949 526.45324707031261 1367.7973632812502 1218.723571777344 387.46055603027349 612.75967407226574 544.05801391601574 1367.7973632812502 3937.7500000000005 8132.7148437500009 474.70594787597662 463.21072387695318 583.89093017578136 621.24331665039074 -897.74999999999989 -5603.9999999999991 1410.2500000000002 -802.24999999999989 1063.2500000000002 689.75000000000011 1289.656921386719 894.75000000000011 -1143.2499999999998 -20.249999999999996 -2000.2499999999998 963.75000000000011 593.72119140625011 245.25000000000003 -58.749999999999993 648.61227416992199
decision_type=2 2 2 2 2 2 2 2 2 2 2 2 2 2 2 2 2 2 2 2 2 2 2 2 2 2 2 2 2 2
left_child=1 4 14 -4 27 6 -3 23 9 24 11 -6 -8 -14 15 -2 17 -17 20 22 25 -22 -20 -5 -9 26 -16 28 -1 -7
right_child=2 5 3 7 10 29 12 8 -10 -11 -12 -13 13 -15 18 16 -18 -19 19 -21 21 -23 -24 -25 -26 -27 -28 -29 -30 -31
leaf_value=1.507359727014608 -30.085089165965719 -3.6593326736155007 -46.642302806036817 -20.788887053880938 1.1741194041172578 -4.8731898238991995 1.9848645335071287 -13.221136077245077 -40.207486457824707 -1.525947920481364 2.241060149863344 -2.7908606379825684 -2.947780227223042 0.70689317038697541 -21.008948283021653 -15.282166574218056 -28.93017753314972 -1.0030732813206586 -12.023858174085618 -8.2814729455858469 -8.9915172096341855 -32.911387703635476 -36.567342869440715 -6.6567690476488615 -34.519657728407118 3.6260180419491186 -5.4733767416907027 1.4524430906475734 4.2033116228558089 -2.292647605789615
leaf_weight=897 24 1334 35 39 4548 1088 1406 21 35 36 3446 1346 858 1199 24 77 25 66 20 80 64 22 24 104 27 62 502 1305 4046 2566
leaf_count=897 24 1334 35 39 4548 1088 1406 21 35 36 3446 1346 858 1199 24 77 25 66 20 80 64 22 24 104 27 62 502 1305 4046 2566
internal_value=-8.88837e-09 0.607463 -11.3464 -19.5536 1.89635 -1.7699 -0.786421 -15.9349 -22.4527 -15.0549 0.996369 0.268646 0.320268 -0.817516 -8.88422 -14.0012 -11.7035 -8.69182 -7.65308 -14.3598 -6.41921 -15.1106 -25.4112 -10.511 -25.2016 -5.14802 -6.18222 3.2417 3.71408 -3.06102
internal_weight=25326 24039 1287 297 15588 8451 4797 262 119 84 9340 5894 3463 2057 990 192 168 143 798 124 674 86 44 143 48 588 526 6248 4943 3654
internal_count=25326 24039 1287 297 15588 8451 4797 262 119 84 9340 5894 3463 2057 990 192 168 143 798 124 674 86 44 143 48 588 526 6248 4943 3654
is_linear=0
shrinkage=0.05


Tree=10
num_leaves=31
num_cat=0
split_feature=292 264 288 22 264 289 243 5 124 264 222 243 113 54 87 248 206 15 243 222 280 149 222 243 219 289 288 289 243 113
split_gain=6.30161e+07 2.67805e+07 9.55908e+06 9.11906e+06 7.24575e+06 6.50671e+06 4.87213e+06 4.50399e+06 5.05134e+06 4.01137e+06 3.98509e+06 3.07441e+06 3.00167e+06 3.48768e+06 3.8462e+06 3.87756e+06 2.98423e+06 2.85782e+06 2.81212e+06 2.98018e+06 2.7064e+06 2.91028e+06 2.63981e+06 2.61759e+06 2.2129e+06 2.19432e+06 2.59345e+06 2.20361e+06 2.16149e+06 2.49314e+06
threshold=890.77328491210949 464.46052551269537 1063.2500000000002 -3249.7499999999995 615.86886596679699 -897.74999999999989 477.25939941406256 1169.2799072265627 1169.2799072265627 329.77078247070318 507.97488403320318 579.76806640625011 -4621.4999999999991 1125.5928955078127 -449.74999999999994 139.75000000000003 216.50000000000003 6950.0000000000009 376.59948730468756 395.61787414550787 963.75000000000011 6340.0000000000009 568.46231079101574 510.92840576171881 -590.74999999999989 -426.74999999999994 166.25000000000003 -109.74999999999999 447.62635803222662 3778.5000000000005
decision_type=2 2 2 2 2 2 2 2 2 2 2 2 2 2 2 2 2 2 2 2 2 2 2 2 2 2 2 2 2 2
left_child=1 9 5 -4 6 12 -3 24 -9 -1 -8 22 -2 -14 -15 16 -16 -10 -11 -20 21 -7 23 -12 -5 -6 -27 -28 29 -21
right_child=2 4 3 7 25 20 10 8 17 18 11 -13 13 14 15 -17 -18 -19 19 28 -22 -23 -24 -25 -26 26 27 -29 -30 -31
leaf_value=4.0308278592675926 -28.221631681002108 -2.7926410191299329 -43.098244748844046 -22.374296355247498 -4.6758267559820696 -6.831805499367305 2.3202278972632531 -42.967088856299718 -23.747586787663977 0.54483745229121794 -2.4734877727868532 1.492259646047339 -7.0656989738858984 -7.2454290811405633 -23.047713749408725 -14.247105701549636 -50.361745796203621 -3.9345014376299723 4.3809945255463765 1.0375690950980456 1.99493834215052 -24.206722248077394 -3.2040049182401753 0.81479269679606325 -3.5740550879802968 0.42896404130997196 -4.1150447676648048 -0.69199078523576185 3.2219338971312412 -15.865574732693759
leaf_weight=2700 39 1495 36 20 1092 670 1885 24 52 2872 911 1595 116 43 20 37 20 28 1495 2592 85 25 1088 1803 72 775 1388 711 1615 22
leaf_count=2700 39 1495 36 20 1092 670 1885 24 52 2872 911 1595 116 43 20 37 20 28 1495 2592 85 25 1088 1803 72 775 1388 711 1615 22
internal_value=-3.97577e-09 0.57709 -10.7791 -19.9681 -0.994169 -8.75835 -0.192714 -15.7197 -22.8486 2.34962 0.341053 -0.350209 -15.3715 -13.2479 -19.224 -25.9134 -36.7047 -16.813 1.82156 2.46215 -6.42681 -7.4568 -1.12315 -0.288974 -7.66106 -2.76784 -2.04288 -2.95554 1.78382 0.895309
internal_weight=25326 24039 1287 232 12743 1055 8777 196 104 11296 7282 5397 275 236 120 77 40 80 8596 5724 780 695 3802 2714 92 3966 2874 2099 4229 2614
internal_count=25326 24039 1287 232 12743 1055 8777 196 104 11296 7282 5397 275 236 120 77 40 80 8596 5724 780 695 3802 2714 92 3966 2874 2099 4229 2614
is_linear=0
shrinkage=0.05


Tree=11
num_leaves=31
num_cat=0
split_feature=264 89 292 208 89 288 289 288 289 79 19 84 30 267 142 278 68 101 78 5 26 283 12 22 254 84 267 1 248 34
split_gain=5.72685e+07 1.75862e+07 1.60874e+07 1.06554e+07 5.71047e+06 4.1865e+06 4.16234e+06 4.67743e+06 4.01686e+06 3.68869e+06 3.1412e+06 3.23208e+06 4.07188e+06 3.13386e+06 2.96432e+06 2.74765e+06 2.73197e+06 2.44675e+06 2.38141e+06 2.15226e+06 2.12988e+06 2.25728e+06 2.42816e+06 2.1803e+06 2.15517e+06 2.10093e+06 2.47482e+06 2.03384e+06 2.00631e+06 1.88318e+06
threshold=714.96121215820324 461.62380981445318 1367.7973632812502 1169.2799072265627 1039.5981445312502 382.25000000000006 -239.24999999999997 370.25000000000006 -222.24999999999997 -6486.2499999999991 1039.5981445312502 8170.2500000000009 -5667.7499999999991 1625.2500000000002 -5926.2499999999991 696.83001708984386 476.07710266113287 -2965.7499999999995 3192.2500000000005 523.13400268554699 530.97247314453136 127.75000000000001 721.68511962890636 -3336.9999999999995 332.75000000000006 562.75000000000011 1486.2500000000002 1322.7500000000002 407.25000000000006 -1354.8822631835935
decision_type=2 2 2 2 2 2 2 2 2 2 2 2 2 2 2 2 2 2 2 2 2 2 2 2 2 2 2 2 2 2
left_child=1 5 4 -4 9 8 19 16 -1 -2 -5 12 -12 -13 -14 18 -8 -16 27 -3 23 -22 -23 -21 -24 -19 28 -11 -27 -6
right_child=2 6 3 10 29 -7 7 -9 -10 15 11 13 14 -15 17 -17 -18 25 -20 20 21 22 24 -25 -26 26 -28 -29 -30 -31
leaf_value=1.0932197549281899 -20.616135183970133 -0.25376781489124695 -49.719097566604617 0.89524308145046239 -13.730664169914508 -0.31955489139504517 -2.014360898574294 -1.7328515666913322 3.3017923769753446 -11.362382867085 -33.589947733671771 -42.797700872875396 -27.881195597026661 -17.613687489827473 6.4007636826971313 -3.1331639984569315 1.6268066117180955 -24.641944034894308 -25.654726682390489 -16.951568311766575 -1.2605633913099341 -3.8201293794751532 -24.884199360438757 -4.4868893291385481 -4.6865847702026366 -8.1852457853463978 1.0920432658422561 1.9404022192955019 -27.663385305404667 -7.7773422541134316
leaf_weight=2970 33 1774 24 28 189 1380 591 2007 6710 102 23 21 23 30 23 1643 4014 24 21 38 2233 327 28 457 25 39 42 40 20 447
leaf_count=2970 33 1774 24 28 189 1380 591 2007 6710 102 23 21 23 30 23 1643 4014 24 21 38 2233 327 28 457 25 39 42 40 20 447
internal_value=1.95606e-09 0.833546 -6.78203 -17.7778 -5.46254 2.25686 -0.536029 0.281561 2.62416 -4.05015 -14.9698 -16.7829 -13.8384 -27.9836 -11.1818 -3.74744 1.1595 -8.58659 -9.93924 -1.64334 -2.43649 -1.8668 -5.42922 -5.44377 -15.357 -11.3443 -8.18442 -7.61512 -14.788 -9.54649
internal_weight=25326 22554 2772 297 2475 11060 11494 6612 9680 1839 273 245 194 51 171 1806 4605 148 163 4882 3108 2613 380 495 53 125 101 142 59 636
internal_count=25326 22554 2772 297 2475 11060 11494 6612 9680 1839 273 245 194 51 171 1806 4605 148 163 4882 3108 2613 380 495 53 125 101 142 59 636
is_linear=0
shrinkage=0.05


Tree=12
num_leaves=31
num_cat=0
split_feature=264 264 292 287 89 288 289 289 260 79 288 117 233 254 246 247 260 267 278 78 274 274 276 260 117 101 155 289 288 271
split_gain=5.16848e+07 1.6168e+07 1.45189e+07 1.00667e+07 5.1537e+06 3.65854e+06 3.98773e+06 3.62392e+06 4.26471e+06 3.32905e+06 3.15819e+06 3.11484e+06 5.09707e+06 3.00136e+06 2.75953e+06 2.72883e+06 4.88408e+06 2.72203e+06 2.47975e+06 2.14922e+06 2.13888e+06 2.08438e+06 1.90308e+06 3.29029e+06 2.43147e+06 1.85872e+06 2.53559e+06 1.75237e+06 1.74841e+06 2.22329e+06
threshold=714.96121215820324 464.46052551269537 1367.7973632812502 1568.7500000000002 1039.5981445312502 207.25000000000003 -207.24999999999997 -328.24999999999994 61.750000000000007 -6486.2499999999991 382.25000000000006 1683.2846679687502 -155.24999999999997 -323.74999999999994 2576.2500000000005 356.75000000000006 2219.0000000000005 1752.0000000000002 696.83001708984386 3192.2500000000005 949.75000000000011 544.75000000000011 152.75000000000003 280.25000000000006 645.25024414062511 179.75000000000003 -399.74999999999994 -1280.7499999999998 1241.2500000000002 846.42968750000011
decision_type=2 2 2 2 2 2 2 2 2 2 2 2 2 2 2 2 2 2 2 2 2 2 2 2 2 2 2 2 2 2
left_child=1 5 4 11 9 6 -1 14 -9 -2 21 15 -13 22 -3 20 -17 -14 19 25 -4 -10 23 -12 -24 26 -11 -20 -29 -30
right_child=2 7 3 -5 -6 -7 -8 8 10 18 13 12 17 -15 -16 16 -18 -19 27 -21 -22 -23 24 -25 -26 -27 -28 28 29 -31
leaf_value=1.2048841408495845 -19.585328275732923 -1.8031391759339721 -10.533489488582223 -47.252337661743169 -9.069165250813624 0.79335085651055259 3.5733608607663139 1.7694236619797683 -0.66140761421915295 -5.0759658327642478 -3.2803796829061307 -44.673266143798827 -27.854102706909181 -1.5790233097038551 -17.566409061636246 -34.373146371841436 -8.4415787810864664 -2.8781376918156942 -13.448625661165288 -24.371990573973886 4.0210207402706146 1.9613357005166898 -1.5608790879186831 -21.618988736470541 -16.724976523220541 -0.14530871212482452 -22.730791727701824 -2.435074757301777 -2.8637166049745346 -24.858545407056809
leaf_weight=2752 33 3294 98 25 636 3531 5017 2442 2624 53 47 20 20 1519 28 30 46 24 39 21 34 1065 152 51 32 56 33 1557 27 20
leaf_count=2752 33 3294 98 25 636 3531 5017 2442 2624 53 47 20 20 1519 28 30 46 24 39 21 34 1065 152 51 32 56 33 1557 27 20
internal_value=-9.91781e-09 0.791868 -6.44293 -16.8889 -5.18941 2.12785 2.73438 -0.549575 0.0310749 -3.84764 -0.742158 -14.0982 -23.7441 -2.45849 -1.936 -11.1302 -18.6777 -14.2308 -3.56007 -9.44228 -6.7846 0.0957682 -7.19574 -12.8239 -4.19811 -7.23436 -11.8505 -2.97651 -2.72188 -12.2232
internal_weight=25326 22554 2772 297 2475 11300 7769 11254 7932 1839 5490 272 64 1801 3322 208 76 44 1806 163 132 3689 282 98 184 142 86 1643 1604 47
internal_count=25326 22554 2772 297 2475 11300 7769 11254 7932 1839 5490 272 64 1801 3322 208 76 44 1806 163 132 3689 282 98 184 142 86 1643 1604 47
is_linear=0
shrinkage=0.05


Tree=13
num_leaves=31
num_cat=0
split_feature=264 89 292 208 89 288 289 289 288 79 289 287 283 117 264 75 243 225 278 264 250 288 285 78 241 239 19 124 110 59
split_gain=4.66456e+07 1.47027e+07 1.31033e+07 9.48209e+06 4.65121e+06 3.66038e+06 3.65684e+06 3.56068e+06 3.24862e+06 3.00446e+06 2.83427e+06 5.10326e+06 3.58411e+06 3.78645e+06 2.78377e+06 2.65223e+06 2.33121e+06 2.55361e+06 2.24432e+06 2.11112e+06 3.14363e+06 1.87174e+06 1.85851e+06 1.78979e+06 2.20908e+06 2.16438e+06 1.78858e+06 2.32761e+06 1.7121e+06 1.85393e+06
threshold=714.96121215820324 464.84754943847662 1367.7973632812502 1169.2799072265627 1039.5981445312502 235.25000000000003 -207.24999999999997 -111.24999999999999 382.25000000000006 -6486.2499999999991 -161.24999999999997 887.75000000000011 58.750000000000007 1683.2846679687502 524.67218017578136 471.67485046386724 550.26699829101574 2516.2500000000005 690.89605712890636 612.75967407226574 655.58581542968761 1241.2500000000002 502.06129455566412 2671.0000000000005 -215.74999999999997 -397.24999999999994 1039.5981445312502 1218.723571777344 446.43244934082037 3879.2500000000005
decision_type=2 2 2 2 2 2 2 2 2 2 2 2 2 2 2 2 2 2 2 2 2 2 2 2 2 2 2 2 2 2
left_child=1 5 4 -4 9 6 -1 14 -9 -2 11 12 13 26 15 -3 17 -16 23 -18 -21 -20 -17 24 25 -11 -5 -28 29 -7
right_child=2 7 3 10 -6 28 -8 8 -10 18 -12 -13 -14 -15 16 22 19 -19 21 20 -22 -23 -24 -25 -26 -27 27 -29 -30 -31
leaf_value=1.1523331662468661 -18.606061932534882 -3.3110008161215783 -46.175877567877372 1.3506292013823986 -8.6157070543874745 0.20357559735141184 3.3589706565771928 2.0961977505382943 -1.3199148362500699 -6.4784543564445087 -0.91639758806962246 -32.244991232219498 -2.0446581857899826 -31.75546783208847 -3.2759626161378281 -0.25314603333629798 0.056043134599119075 -16.968421460560389 -2.6012000306655403 -4.5207269036391393 -0.36951646489043133 -12.519505833606331 2.4795671568565267 -22.040361159046494 1.0152108271916709 -26.799394347667693 -27.718007219754732 -9.7142209871061933 3.340422146679253 -11.22323146607313
leaf_weight=2903 33 498 24 20 636 2537 5315 2030 1059 38 39 38 60 32 1256 1888 1777 35 1627 878 949 49 928 24 48 20 26 58 465 36
leaf_count=2903 33 498 24 20 636 2537 5315 2030 1059 38 39 38 60 32 1256 1888 1777 35 1627 878 949 49 928 24 48 20 26 58 465 36
internal_value=1.03581e-09 0.752275 -6.12078 -16.0445 -4.92994 2.03126 2.57948 -0.521957 0.925054 -3.65526 -13.3955 -15.4754 -12.2242 -16.7151 -1.06646 0.052571 -1.82406 -3.64718 -3.38207 -1.171 -2.36446 -2.89117 0.647407 -9.71083 -6.91924 -13.4857 -12.0873 -15.2868 0.548299 0.043698
internal_weight=25326 22554 2772 297 2475 11256 8218 11298 3089 1839 273 234 196 136 8209 3314 4895 1291 1806 3604 1827 1676 2816 130 106 58 104 84 3038 2573
internal_count=25326 22554 2772 297 2475 11256 8218 11298 3089 1839 273 234 196 136 8209 3314 4895 1291 1806 3604 1827 1676 2816 130 106 58 104 84 3038 2573
is_linear=0
shrinkage=0.05


Tree=14
num_leaves=31
num_cat=0
split_feature=131 292 264 287 89 289 260 108 122 198 199 159 288 79 289 282 192 198 108 51 287 274 157 292 288 239 253 110 34 127
split_gain=4.24989e+07 1.26551e+07 1.26429e+07 8.69326e+06 4.7728e+06 3.64053e+06 3.70174e+06 3.15211e+06 2.94426e+06 3.11251e+06 5.20576e+06 2.84323e+06 2.74765e+06 2.74256e+06 2.60613e+06 3.05599e+06 2.3933e+06 4.19137e+06 2.33889e+06 3.91467e+06 2.13479e+06 2.0344e+06 2.03197e+06 1.96114e+06 1.74782e+06 1.7223e+06 3.14835e+06 2.26676e+06 1.67009e+06 5.17149e+06
threshold=690.89605712890636 1367.7973632812502 438.44039916992193 1568.7500000000002 1039.5981445312502 -352.24999999999994 -340.24999999999994 3929.5000000000005 -5654.9999999999991 3276.2500000000005 5251.2500000000009 690.89605712890636 200.25000000000003 -6486.2499999999991 -236.74999999999997 56.750000000000007 1765.7500000000002 23.750000000000004 3769.2500000000005 3522.5000000000005 21.750000000000004 154.75000000000003 -3870.4999999999995 612.75967407226574 436.25000000000006 -327.24999999999994 -182.74999999999997 890.77328491210949 -1354.8822631835935 1322.0000000000002
decision_type=2 2 2 2 2 2 2 2 2 2 2 2 2 2 2 2 2 2 2 2 2 2 2 2 2 2 2 2 2 2
left_child=2 4 7 8 11 18 -7 14 -3 16 -11 -2 -8 -13 -1 -16 17 -10 22 -20 -18 -14 -4 -15 -23 26 -25 -28 29 -6
right_child=1 3 5 -5 28 6 12 -9 9 10 -12 13 21 23 15 -17 20 -19 19 -21 -22 24 -24 25 -26 -27 27 -29 -30 -31
leaf_value=0.76687286568559421 -6.8536099906252552 -30.63344302319345 -10.682943375635956 -43.458382156372068 -9.1579621622662355 2.6975652666913885 0.86560801358183836 -17.688618659973145 -6.9698934237957006 -40.143830498782073 -11.129348076994603 -16.693619155883791 -3.2450929038081231 3.864961765588276 3.1492597004814642 0.46760745441027346 -8.7106738461388495 -30.641992751411774 -27.935906527259135 -3.9129876433997541 11.172249214737505 0.48337429908715424 -1.3137693475823404 -2.8861388540038697 -1.7033556954291733 -1.4460332459008782 -15.839001466398654 0.40864355604031255 -6.5553580311326574 -34.947228527069093
leaf_weight=2429 452 21 59 25 167 1304 3559 20 100 22 52 33 820 126 5853 1298 27 23 22 74 27 2048 3022 429 1650 1074 92 28 448 22
leaf_count=2429 452 21 59 25 167 1304 3559 20 100 22 52 33 820 126 5853 1298 27 23 22 74 27 2048 3022 429 1650 1074 92 28 448 22
internal_value=-6.05675e-09 -5.41687 0.774467 -15.2422 -4.40045 -0.26978 0.225643 2.14047 -12.6488 -11.1442 -19.7553 -3.31185 -0.173439 -2.41349 2.18187 2.6625 -7.54403 -11.3964 -1.73266 -9.41824 1.23079 -0.991935 -1.49319 -2.14406 -0.492316 -2.61056 -4.88871 -12.0479 -8.21824 -12.1599
internal_weight=25326 3168 22158 297 2871 12558 9381 9600 272 251 74 2234 8077 1782 9580 7151 177 123 3177 96 54 4518 3081 1749 3698 1623 549 120 637 189
internal_count=25326 3168 22158 297 2871 12558 9381 9600 272 251 74 2234 8077 1782 9580 7151 177 123 3177 96 54 4518 3081 1749 3698 1623 549 120 637 189
is_linear=0
shrinkage=0.05


Tree=15
num_leaves=31
num_cat=0
split_feature=131 292 201 264 288 250 289 289 260 289 108 288 264 243 246 131 159 79 26 262 110 283 230 262 115 254 226 23 54 198
split_gain=3.83553e+07 1.15477e+07 1.33199e+07 1.14102e+07 4.35332e+06 3.52373e+06 6.30425e+06 3.28558e+06 3.34082e+06 3.13038e+06 2.84478e+06 2.47976e+06 2.38508e+06 3.75434e+06 2.24071e+06 2.135e+06 2.81138e+06 3.37388e+06 2.58669e+06 2.25888e+06 2.09904e+06 2.08614e+06 2.07506e+06 3.70823e+06 3.65312e+06 2.06526e+06 4.0176e+06 2.11864e+06 3.00772e+06 2.23743e+06
threshold=690.89605712890636 1082.6817016601565 890.77328491210949 438.44039916992193 1063.2500000000002 1495.4898681640627 -176.74999999999997 -352.24999999999994 -340.24999999999994 -309.74999999999994 3929.5000000000005 200.25000000000003 329.77078247070318 381.26451110839849 1769.2500000000002 1082.6817016601565 690.89605712890636 -3451.2499999999995 671.90725708007824 339.75000000000006 1082.6817016601565 -76.749999999999986 1180.0330200195315 2787.5000000000005 -1887.2499999999998 -2209.7499999999995 -1673.4999999999998 1709.7500000000002 1125.5928955078127 2684.2500000000005
decision_type=2 2 2 2 2 2 2 2 2 2 2 2 2 2 2 2 2 2 2 2 2 2 2 2 2 2 2 2 2 2
left_child=3 15 -3 10 9 22 -7 14 -9 25 12 -10 -1 -14 -5 16 -2 18 -18 -20 21 -17 24 -24 -6 26 -4 -27 -29 -30
right_child=1 2 4 7 5 6 -8 8 11 -11 -12 -13 13 -15 -16 20 17 -19 19 -21 -22 -23 23 -25 -26 27 -28 28 29 -31
leaf_value=3.3327893690375259 -6.5109295025995353 -49.728196870713013 -10.928454629112693 -1.3412409756127734 -6.6489778127670291 -38.433413806714512 -4.2975172213145667 2.5626869991178873 0.82232761636803442 -1.4544141379798332 -16.804188027381898 -0.94233827330510123 0.28775652148512765 2.635176411573148 -7.4311799267564655 -7.782924058220603 -22.753577171839201 -1.2719246798721346 -3.634733673743904 -19.028908031327386 -5.7040132318933807 -30.095006904602055 2.5381281879213122 -23.337366733551026 -35.31868606567383 -3.7604126547920638 -35.835584583282468 -1.3707643519277157 -12.299940098298563 -29.115368341516564
leaf_weight=2698 452 21 85 3018 25 38 21 1304 3559 164 20 4518 3097 3785 159 22 26 1541 160 28 144 20 45 20 20 169 20 46 74 27
leaf_count=2698 452 21 85 3018 25 38 21 1304 3559 164 20 4518 3097 3785 159 22 26 1541 160 28 144 20 45 20 20 169 20 46 74 27
internal_value=-4.47753e-09 -5.14603 -10.4505 0.735744 -9.3566 -16.4251 -26.2833 -0.256291 0.214361 -7.31458 2.03345 -0.164767 2.07278 1.5788 -1.64603 -3.4281 -2.99453 -2.08889 -7.97177 -5.92748 -8.57259 -18.4077 -11.1375 -5.42356 -19.3911 -9.5974 -15.6727 -7.57872 -11.9685 -16.7952
internal_weight=25326 3168 775 22158 754 169 59 12558 9381 585 9600 8077 9580 6882 3177 2393 2207 1755 214 188 186 42 110 65 45 421 105 316 147 101
internal_count=25326 3168 775 22158 754 169 59 12558 9381 585 9600 8077 9580 6882 3177 2393 2207 1755 214 188 186 42 110 65 45 421 105 316 147 101
is_linear=0
shrinkage=0.05


Tree=16
num_leaves=31
num_cat=0
split_feature=264 89 288 289 289 19 101 37 173 68 47 51 47 159 26 131 110 70 177 89 150 213 268 264 236 274 213 47 68 138
split_gain=3.50103e+07 1.14709e+07 1.03649e+07 8.95377e+06 6.13261e+06 5.22351e+06 4.45826e+06 5.18977e+06 3.89107e+06 3.59422e+06 4.62681e+06 3.46682e+06 3.62825e+06 3.22304e+06 3.09149e+06 2.86832e+06 3.49089e+06 2.86268e+06 3.69783e+06 2.61489e+06 2.4394e+06 3.1211e+06 3.03288e+06 2.3489e+06 3.45853e+06 2.66164e+06 3.27342e+06 2.33202e+06 2.04835e+06 2.41825e+06
threshold=714.96121215820324 503.97985839843756 1063.2500000000002 -769.49999999999989 -862.24999999999989 1169.2799072265627 7942.5000000000009 -3068.7499999999995 342.75126647949224 518.44088745117199 559.19299316406261 -6670.4999999999991 1169.2799072265627 361.00086975097662 591.37487792968761 383.00495910644537 447.99578857421881 3684.0000000000005 2986.5000000000005 457.12890625000006 1538.0000000000002 -2305.9999999999995 -670.74999999999989 1289.656921386719 1289.656921386719 842.25000000000011 1366.2500000000002 606.83093261718761 639.33035278320324 574.18927001953136
decision_type=2 2 2 2 2 2 2 2 2 2 2 2 2 2 2 2 2 2 2 2 2 2 2 2 2 2 2 2 2 2
left_child=1 8 4 -4 11 -5 7 -7 -1 -3 -11 -2 -13 -10 -12 -15 17 19 -19 -17 21 -14 -22 -6 -25 26 -26 -16 29 -29
right_child=2 9 3 5 23 6 -8 -9 13 10 14 12 20 15 27 16 -18 18 -20 -21 22 -23 -24 24 25 -27 -28 28 -30 -31
leaf_value=3.0025140139645732 -30.341525936126711 -2.9168372716621138 -43.665558648109439 -5.6585796494338965 -2.7041857874264057 -36.614198539370584 -40.845272463843941 -7.9127409919859879 -1.3530685348340443 1.7439006769724561 -2.9649380902877871 -5.3700078409242433 -23.522927364226312 3.265883054753381 2.1667786727048721 0.64181144885399066 2.0330347812535012 -27.24266450188377 2.0903622422899519 -2.8458377042375851 -39.770946798324587 -3.549875597458966 -12.868228158083831 -22.755734284009254 -5.6822114174182605 2.3157991262582636 -28.81398241043091 0.59874155434469389 -0.041637208955522746 -5.1163956684869465
leaf_weight=3400 20 1618 24 148 1923 21 21 63 1225 1978 1553 241 31 1651 761 3198 3874 22 21 646 20 53 22 35 65 65 20 288 1801 518
leaf_count=3400 20 1618 24 148 1923 21 21 63 1225 1978 1553 241 31 1651 761 3198 3874 22 21 646 20 53 22 35 65 65 20 288 1801 518
internal_value=1.80728e-09 0.651732 -5.30273 -14.4787 -4.284 -11.71 -20.2395 -15.0881 1.53007 -0.795877 -0.298455 -10.0694 -8.9647 1.05942 -1.11938 1.37342 0.970833 -0.0878156 -12.9172 0.0556977 -15.8403 -10.9209 -25.679 -3.22187 -8.60296 -5.30064 -11.125 -0.268386 -0.979227 -3.07426
internal_weight=25326 22554 2772 277 2495 253 105 84 14037 8517 6899 387 367 10637 4921 9412 7761 3887 43 3844 126 84 42 2108 185 150 85 3368 2607 806
internal_count=25326 22554 2772 277 2495 253 105 84 14037 8517 6899 387 367 10637 4921 9412 7761 3887 43 3844 126 84 42 2108 185 150 85 3368 2607 806
is_linear=0
shrinkage=0.05


Tree=17
num_leaves=31
num_cat=0
split_feature=89 173 292 201 89 159 173 30 31 68 68 229 159 89 201 222 289 283 117 274 213 225 131 68 201 138 255 213 166 173
split_gain=3.19003e+07 1.10252e+07 7.99712e+06 8.66627e+06 3.57698e+06 3.42318e+06 3.40304e+06 3.1603e+06 3.3803e+06 2.89676e+06 2.80175e+06 2.71077e+06 2.63727e+06 2.53432e+06 2.54668e+06 2.70144e+06 2.36606e+06 4.23923e+06 2.72672e+06 2.9943e+06 3.09437e+06 2.45428e+06 2.28493e+06 2.69568e+06 2.20677e+06 2.33091e+06 2.33414e+06 2.48108e+06 2.79077e+06 1.99611e+06
threshold=736.49240112304699 500.89712524414068 1367.7973632812502 1125.5928955078127 353.00482177734381 527.86770629882824 561.11114501953136 -3902.9999999999995 -3685.2499999999995 375.50595092773443 736.49240112304699 999.20349121093761 604.26492309570324 392.68626403808599 472.89662170410162 454.09684753417974 -161.24999999999997 895.25000000000011 1683.2846679687502 949.75000000000011 1366.2500000000002 2431.2500000000005 655.58581542968761 709.18753051757824 1125.5928955078127 1039.5981445312502 1531.0000000000002 -186.24999999999997 1082.6817016601565 588.96624755859386
decision_type=2 2 2 2 2 2 2 2 2 2 2 2 2 2 2 2 2 2 2 2 2 2 2 2 2 2 2 2 2 2
left_child=1 4 7 -4 -1 -3 -7 8 10 -6 -2 -9 29 -11 15 -15 17 18 19 20 -5 -20 -14 -24 25 -13 27 -27 -29 -8
right_child=2 5 3 16 9 6 12 11 -10 13 -12 24 22 14 -16 -17 -18 -19 21 -21 -22 -23 23 -25 -26 26 -28 28 -30 -31
leaf_value=2.7320819999157351 -23.007228167176248 -2.6199010513530894 -44.063072823768579 -6.251229156591954 -0.96803420473269064 1.4286838147993122 -0.99967691028526573 -2.3110932417871655 -22.613126656947994 3.2618882256395061 -5.5323871154579329 -4.1482016582041981 1.0889452826137409 0.99414007330887788 2.376288689398931 -1.7408820702200671 0.1845210870107015 -28.48498837682936 -32.005464868960175 4.089662466878476 -26.168919112132148 -9.1488712300856907 -2.895893574043813 2.0469085975243004 -3.6221125189020245 -10.20259061600937 -3.8741480342852763 -11.809299060276578 -35.416416889621367 -4.4201989547353078
leaf_weight=3978 25 1979 21 78 1632 2083 934 1314 39 1417 278 96 1738 3531 2129 1213 42 36 23 46 26 24 1059 373 287 49 39 21 31 785
leaf_count=3978 25 1979 21 78 1632 2083 934 1314 39 1417 278 96 1738 3531 2129 1213 42 36 23 46 26 24 1059 373 287 49 39 21 31 785
internal_value=3.40739e-09 0.584008 -5.39199 -13.1034 1.46534 -0.784612 -0.263665 -4.34446 -8.75759 0.957468 -6.97421 -3.52285 -0.984705 1.33653 0.939581 0.294818 -10.7392 -12.7082 -9.82519 -6.53242 -11.2307 -20.334 -0.129548 -1.60842 -6.5673 -10.1489 -14.2637 -18.2756 -25.8828 -2.5617
internal_weight=25326 22851 2475 296 13900 8951 6972 2179 342 9922 303 1837 4889 8290 6873 4744 275 233 197 150 104 47 3170 1432 523 236 140 101 52 1719
internal_count=25326 22851 2475 296 13900 8951 6972 2179 342 9922 303 1837 4889 8290 6873 4744 275 233 197 150 104 47 3170 1432 523 236 140 101 52 1719
is_linear=0
shrinkage=0.05


Tree=18
num_leaves=31
num_cat=0
split_feature=271 89 288 22 289 51 289 47 288 250 236 289 288 185 163 206 262 247 232 218 264 254 246 278 138 5 275 272 274 281
split_gain=2.89054e+07 8.76146e+06 8.48247e+06 8.56483e+06 5.79055e+06 3.09264e+06 3.02692e+06 3.01943e+06 2.8866e+06 2.88517e+06 4.34772e+06 2.56443e+06 2.56254e+06 2.54548e+06 2.15634e+06 2.57348e+06 2.11907e+06 2.11487e+06 2.69585e+06 2.706e+06 2.59603e+06 2.27635e+06 3.92561e+06 1.94354e+06 2.34488e+06 2.07969e+06 2.24297e+06 3.18659e+06 2.14526e+06 2.99523e+06
threshold=690.89605712890636 461.62380981445318 1063.2500000000002 -3249.7499999999995 -862.24999999999989 -6670.4999999999991 -101.74999999999999 1169.2799072265627 382.25000000000006 1495.4898681640627 1683.2846679687502 -188.74999999999997 382.25000000000006 80.250000000000014 1201.7500000000002 -3070.2499999999995 2787.5000000000005 2376.2500000000005 3112.7500000000005 3170.5000000000005 1218.723571777344 1005.5000000000001 1395.2500000000002 690.89605712890636 652.10885620117199 813.91189575195324 -895.74999999999989 -2746.568237304687 1375.5000000000002 1019.7500000000001
decision_type=2 2 2 2 2 2 2 2 2 2 2 2 2 2 2 2 2 2 2 2 2 2 2 2 2 2 2 2 2 2
left_child=1 8 4 -4 5 -2 -3 -7 11 13 -11 -1 -8 -5 15 -9 -15 18 19 23 -19 22 -21 24 -6 -25 -27 -28 29 -29
right_child=2 6 3 9 17 7 12 14 -10 10 -12 -13 -14 16 -16 -17 -18 20 -20 21 -22 -23 -24 25 -26 26 27 28 -30 -31
leaf_value=0.88384572755355184 -28.39547362804413 -0.82989890255068421 -35.106847598101645 -17.368995609737578 -0.0094263649698513655 -5.0839414589987033 2.1783183234078543 -24.104446347554529 -0.50799720502793788 -33.780253926029914 -5.8988882985608333 2.5676126698048902 -1.0121952694862029 -0.68764305047988894 -24.320607165801221 -4.8640503875792973 -15.905529618263245 -5.0900702223939414 5.5999992177943989 -5.804614376299309 -24.893568646389507 0.92202751159667962 -32.071630325317379 -0.65558796285020526 -11.776807791875758 0.19283337229099431 -24.598925118219285 -4.8541798106144336 2.7367208940226857 -18.765978915350779
leaf_weight=3604 20 8327 37 42 67 254 1820 24 1375 27 29 6070 962 125 39 63 28 59 99 33 23 25 25 1154 115 244 21 491 82 42
leaf_count=3604 20 8327 37 42 67 254 1820 24 1375 27 29 6070 962 125 39 63 28 59 99 33 23 25 25 1154 115 244 21 491 82 42
internal_value=-2.8941e-09 0.63871 -4.46734 -12.6489 -3.64918 -9.23169 -0.352846 -8.22307 1.63565 -9.33842 -19.3417 1.94033 1.07506 -6.46568 -14.5512 -10.1717 -3.47262 -2.74877 -2.47877 -2.82666 -10.6447 -11.6903 -17.1266 -2.49468 -7.44486 -2.05174 -3.8826 -5.44613 -4.79213 -5.95042
internal_weight=25326 22158 3168 288 2880 400 11109 380 11049 251 56 9674 2782 195 126 87 153 2480 2398 2299 82 83 58 2216 182 2034 880 636 615 533
internal_count=25326 22158 3168 288 2880 400 11109 380 11049 251 56 9674 2782 195 126 87 153 2480 2398 2299 82 83 58 2216 182 2034 880 636 615 533
is_linear=0
shrinkage=0.05


Tree=19
num_leaves=31
num_cat=0
split_feature=131 89 292 201 289 288 288 5 229 131 261 289 86 253 152 6 5 0 19 248 104 30 61 138 253 227 11 9 19 275
split_gain=2.6098e+07 8.09934e+06 7.43548e+06 1.1519e+07 3.88312e+06 3.73811e+06 2.88573e+06 2.82611e+06 3.27641e+06 5.42285e+06 3.50179e+06 2.46398e+06 2.41701e+06 2.31822e+06 2.0887e+06 2.70528e+06 2.31159e+06 2.15454e+06 2.81084e+06 2.08033e+06 2.07502e+06 3.40118e+06 1.85265e+06 1.84757e+06 2.61369e+06 5.09966e+06 2.17315e+06 1.82465e+06 1.81921e+06 2.5486e+06
threshold=690.89605712890636 395.83140563964849 1082.6817016601565 890.77328491210949 -197.24999999999997 197.25000000000003 1063.2500000000002 1125.5928955078127 1289.656921386719 1289.656921386719 971.25000000000011 -309.74999999999994 3047.2500000000005 -324.74999999999994 655.58581542968761 -1277.494934082031 663.29534912109386 -3768.7499999999995 676.67611694335949 -1128.7499999999998 3784.695922851563 3242.7500000000005 714.96121215820324 1082.6817016601565 1477.7500000000002 2131.2500000000005 2807.3950195312505 -4418.2499999999991 1289.656921386719 -354.24999999999994
decision_type=2 2 2 2 2 2 2 2 2 2 2 2 2 2 2 2 2 2 2 2 2 2 2 2 2 2 2 2 2 2
left_child=1 -1 14 -4 20 -6 11 -8 12 -10 -11 -5 -9 -7 15 -2 -17 18 -16 -15 -3 -22 -18 -19 26 -26 -25 -20 29 -13
right_child=2 4 3 6 5 13 7 8 9 10 -12 28 -14 19 17 16 22 23 27 -21 21 -23 -24 24 25 -27 -28 -29 -30 -31
leaf_value=2.0435229890611541 1.665767757239796 -0.70713759471613669 -45.027426519848056 -7.8467983208472836 1.9647036303948859 2.5893726049514036 -0.81122492154439296 -16.825711852709453 -44.226758488741787 -24.614509094102043 1.211984143938337 2.5417902276871054 4.22467093706131 -16.365545922233945 -21.70869843055462 -3.4176949364798412 -26.718865613142654 -1.5416572399728747 -2.5268168029424394 -0.5857976081675792 -23.756033648615301 -3.5030352762483421 -8.5521034012670096 -8.835428860783578 -36.146915550231931 -2.564031921670987 4.5785404177812437 -14.650149846688297 5.1142202598253892 -14.40713862010411
leaf_weight=6800 42 7116 21 421 3480 634 36 30 22 35 21 47 25 21 29 35 36 1867 152 3874 23 210 23 72 20 26 52 39 75 42
leaf_count=6800 42 7116 21 421 3480 634 36 30 22 35 21 47 25 21 29 35 36 1867 152 3874 23 210 23 72 20 26 52 39 75 42
internal_value=-3.81785e-09 0.606901 -4.24486 -8.50136 -0.0291863 0.732398 -7.48405 -13.2391 -16.603 -23.1929 -14.9296 -5.82149 -7.25736 -0.214483 -2.86634 -8.88408 -13.5978 -2.50373 -7.20447 -0.670875 -0.859167 -5.50226 -19.6369 -1.99605 -6.98629 -17.1653 -3.21022 -5.00226 -0.622373 -5.45658
internal_weight=25326 22158 3168 775 15358 8009 754 169 133 78 56 585 55 4529 2393 136 94 2257 220 3895 7349 233 59 2037 170 46 124 191 164 89
internal_count=25326 22158 3168 775 15358 8009 754 169 133 78 56 585 55 4529 2393 136 94 2257 220 3895 7349 233 59 2037 170 46 124 191 164 89
is_linear=0
shrinkage=0.05


Tree=20
num_leaves=31
num_cat=0
split_feature=271 89 289 288 68 173 246 238 47 117 215 264 68 110 131 243 232 51 40 2 45 222 89 159 167 208 278 131 53 211
split_gain=2.38518e+07 7.54711e+06 7.1307e+06 9.64564e+06 4.61351e+06 4.44127e+06 4.27691e+06 3.76756e+06 3.45713e+06 3.30866e+06 1.08931e+07 3.28751e+06 3.10299e+06 3.01025e+06 4.94597e+06 2.90166e+06 2.81636e+06 2.75289e+06 2.56908e+06 2.18674e+06 3.63448e+06 2.15873e+06 2.15141e+06 2.0109e+06 2.14236e+06 1.9613e+06 1.84828e+06 1.92193e+06 2.01078e+06 1.79777e+06
threshold=690.89605712890636 526.45324707031261 -897.74999999999989 1023.0000000000001 544.05801391601574 1125.5928955078127 1441.2500000000002 1183.2500000000002 583.89093017578136 1289.656921386719 1367.7973632812502 351.25585937500006 618.48980712890636 474.70594787597662 449.41687011718756 376.59948730468756 2743.7500000000005 -6670.4999999999991 1169.2799072265627 7130.5000000000009 3718.0000000000005 399.69038391113287 496.88316345214849 402.88180541992193 3239.421508789063 1125.5928955078127 702.87695312500011 686.02239990234386 -2868.277465820312 2148.5000000000005
decision_type=2 2 2 2 2 2 2 2 2 2 2 2 2 2 2 2 2 2 2 2 2 2 2 2 2 2 2 2 2 2
left_child=1 11 3 17 -3 26 7 -7 -6 10 16 -1 -10 14 15 -13 -8 -2 -19 20 29 -17 -16 -23 -25 -20 27 -4 -29 -11
right_child=2 4 5 -5 8 6 9 -9 12 19 -12 13 -14 -15 22 21 -18 18 25 -21 -22 23 -24 24 -26 -27 -28 28 -30 -31
leaf_value=2.4430470173168932 -26.460998142659662 -3.1840258244109521 -1.8152239157412298 -41.806204563638438 1.7515322177441774 -5.1037436268067573 -20.304189318579599 17.333372968137265 -3.0061336214939551 -15.070092014644457 -50.623075467889961 -0.88156319125529825 0.13325702972995365 1.9786891223409864 -1.2570797676433147 3.1718217784302647 -0.79547724594941016 -4.2626729545876847 -27.199408603849868 6.3244199792544045 -26.783798439502718 -0.74486430227476275 -5.8301966279258144 2.1079975713402646 -10.561013216832105 -10.361299899646214 -1.6418359571536218 -22.055033845371671 -7.0890920060707776 2.7310643608505663
leaf_weight=3893 20 1582 156 23 1695 290 37 20 1240 23 22 1635 2155 3541 1612 1443 37 227 21 24 25 1223 306 1799 34 98 1948 27 133 37
leaf_count=3893 20 1582 156 23 1695 290 37 20 1240 23 22 1635 2155 3541 1612 1443 37 227 21 24 25 1223 306 1799 34 98 1948 27 133 37
internal_value=8.38264e-10 0.580196 -4.05807 -10.3984 -0.825647 -3.17056 -7.36152 -3.65619 -0.0926502 -12.9647 -19.7333 1.18589 -1.01338 0.763729 0.229431 0.922372 -10.5498 -8.4247 -7.38214 -7.00341 -10.7666 1.57795 -1.98668 0.825342 1.873 -13.3327 -2.21723 -5.76427 -9.61459 -4.09271
internal_weight=25326 22158 3168 389 6672 2779 515 310 5090 205 96 15486 3395 11593 8052 6134 74 366 346 109 85 4499 1918 3056 1833 119 2264 316 160 60
internal_count=25326 22158 3168 389 6672 2779 515 310 5090 205 96 15486 3395 11593 8052 6134 74 366 346 109 85 4499 1918 3056 1833 119 2264 316 160 60
is_linear=0
shrinkage=0.05


Tree=21
num_leaves=31
num_cat=0
split_feature=89 173 246 14 255 83 30 142 115 159 89 68 47 68 288 289 47 220 254 253 210 288 274 260 288 178 284 246 261 2
split_gain=2.17673e+07 7.76054e+06 5.9394e+06 1.05766e+07 3.99832e+06 6.4679e+06 3.8785e+06 5.9915e+06 5.21753e+06 3.15322e+06 2.86011e+06 4.50938e+06 3.17451e+06 3.72608e+06 2.79795e+06 3.0963e+06 2.75746e+06 2.83643e+06 2.34337e+06 3.00555e+06 3.90187e+06 3.35965e+06 2.99166e+06 5.27733e+06 2.61204e+06 3.06995e+06 2.33977e+06 2.20638e+06 2.37024e+06 2.24956e+06
threshold=736.49240112304699 500.89712524414068 2739.0000000000005 -2918.2499999999995 1648.0000000000002 3472.135131835938 -5667.7499999999991 -3554.2499999999995 -3356.2499999999995 527.86770629882824 559.19299316406261 615.86886596679699 667.65841674804699 709.18753051757824 370.25000000000006 -90.249999999999986 606.83093261718761 800.25000000000011 -562.24999999999989 -192.24999999999997 873.50000000000011 1023.0000000000001 199.75000000000003 560.75000000000011 462.25000000000006 765.75000000000011 2991.1750488281255 1395.2500000000002 421.25000000000006 3452.2500000000005
decision_type=2 2 2 2 2 2 2 2 2 2 2 2 2 2 2 2 2 2 2 2 2 2 2 2 2 2 2 2 2 2
left_child=1 14 6 -4 5 -5 7 -2 -9 -3 -11 16 -13 26 15 -1 -12 -18 19 20 21 -8 23 -21 -24 -26 -14 -20 29 -29
right_child=2 9 3 4 -6 -7 18 8 -10 10 11 12 13 -15 -16 -17 17 -19 27 22 -22 -23 24 -25 25 -27 -28 28 -30 -31
leaf_value=0.96679186556503593 -4.6789527374765152 -2.4272642360726291 -46.741025471687323 -1.9712092603955949 -4.5887867705627059 -34.64356873071555 -1.2374347696327734 -44.383771551223028 -11.888706591129305 1.2035161645576722 -1.4909140560827978 2.0118987857899744 -2.656971237409206 2.072292138815448 -0.55229109010906086 2.704538911039895 -3.7277570814813288 -11.982791520136374 0.29361074720578034 -9.9463972915621373 -20.739675587621232 -19.58927505704073 1.261327705860138 -36.34158182144165 -16.92373543489175 2.3996807548307606 -11.474403478678536 -13.172970331377455 -1.2403429922262827 0.46430845033554802
leaf_weight=8269 115 1979 20 28 159 33 611 21 30 2465 1290 1431 655 457 1916 3715 454 135 678 136 29 26 100 22 61 31 85 108 225 42
leaf_count=8269 115 1979 20 28 159 33 611 21 30 2465 1290 1431 655 457 1916 3715 454 135 678 136 29 26 100 22 61 31 85 108 225 42
internal_value=-5.41774e-09 0.482419 -4.45404 -11.9286 -8.76386 -19.6464 -3.6514 -11.0048 -25.269 -0.665828 -0.165844 -0.914784 0.422536 -1.47753 1.22184 1.50549 -2.78518 -5.61983 -3.06142 -4.7745 -2.80307 -1.98649 -8.52586 -13.6217 -4.33242 -10.4126 -3.66978 -1.40854 -4.48602 -9.35453
internal_weight=25326 22851 2475 240 220 61 2235 166 51 8951 6972 4507 2628 1197 13900 11984 1879 589 2069 1016 666 637 350 158 192 92 740 1053 375 150
internal_count=25326 22851 2475 240 220 61 2235 166 51 8951 6972 4507 2628 1197 13900 11984 1879 589 2069 1016 666 637 350 158 192 92 740 1053 375 150
is_linear=0
shrinkage=0.05


Tree=22
num_leaves=31
num_cat=0
split_feature=89 89 246 14 68 45 260 30 142 115 47 68 289 131 110 131 159 167 190 247 266 47 68 284 274 213 163 167 211 201
split_gain=1.9645e+07 7.1216e+06 5.36031e+06 9.54539e+06 4.10285e+06 3.72099e+06 5.40166e+06 3.50034e+06 5.40733e+06 4.70882e+06 3.39879e+06 3.90092e+06 3.04952e+06 2.93189e+06 3.47122e+06 3.85811e+06 3.52896e+06 2.8002e+06 3.2224e+06 2.30251e+06 3.20934e+06 1.88463e+06 3.08645e+06 2.11918e+06 1.9422e+06 2.95904e+06 1.87714e+06 3.25633e+06 1.87152e+06 3.10119e+06
threshold=736.49240112304699 526.45324707031261 2739.0000000000005 -2918.2499999999995 544.05801391601574 5543.5000000000009 2097.0000000000005 -5667.7499999999991 -3554.2499999999995 -3356.2499999999995 591.37487792968761 618.48980712890636 -347.24999999999994 363.78628540039068 474.70594787597662 449.41687011718756 387.60412597656256 3239.421508789063 2978.5000000000005 -2938.7499999999995 -1101.7499999999998 667.65841674804699 709.18753051757824 2991.1750488281255 618.75000000000011 1112.2500000000002 1410.5000000000002 596.11804199218761 2763.2500000000005 635.98635864257824
decision_type=2 2 2 2 2 2 2 2 2 2 2 2 2 2 2 2 2 2 2 2 2 2 2 2 2 2 2 2 2 2
left_child=1 13 7 -4 -3 26 -7 8 -2 -10 -6 28 -8 -1 15 16 -15 -18 -19 20 -9 -13 23 -23 25 -25 27 -5 -12 -30
right_child=2 4 3 5 10 6 12 19 9 -11 11 21 -14 14 -16 -17 17 18 -20 -21 -22 22 -24 24 -26 -27 -28 -29 29 -31
leaf_value=2.1041133737365971 -4.4450051104504125 -3.0346171816795087 -44.403974313735965 1.8876389533281328 1.4407437394304796 -37.91963780143044 -0.32225234383030943 -5.3794709602507149 -42.164583469572527 -11.294271178245545 -2.9529080175495395 1.5588148200074132 -23.389474238520084 -0.97741336077376784 1.8712451102344752 -1.9003767851415452 1.8732222532218807 -25.581985836029055 0.16042398868068575 -2.5207520890994246 -26.167749855915709 -2.2664009419449589 1.9749275337660679 -6.4850029739049759 -2.7358302048274452 -32.066319224238399 0.49408275073336577 -26.644478893280031 -22.350582225756213 0.061075282918995825
leaf_weight=4699 115 1642 20 20 2031 22 38 82 21 30 1167 1119 23 1989 3636 1985 3240 20 31 1963 24 684 458 26 42 20 97 20 33 29
leaf_count=4699 115 1642 20 20 2031 22 38 82 21 30 1167 1119 23 1989 3636 1985 3240 20 31 1963 24 684 458 26 42 20 97 20 33 29
internal_value=4.92958e-09 0.458298 -4.23134 -11.3322 -0.836403 -8.32567 -16.6799 -3.46883 -10.4546 -24.0056 -0.19289 -1.1202 -9.01973 1.06009 0.610045 -0.0211631 0.685322 1.69024 -9.93464 -2.90835 -10.0863 0.0739766 -1.27686 -3.20604 -10.5096 -17.6073 -3.26431 -12.3784 -3.40264 -11.8677
internal_weight=25326 22851 2475 240 7251 220 83 2235 166 51 5609 3578 61 15600 10901 7265 5280 3291 51 2069 106 2349 1230 772 88 46 137 40 1229 62
internal_count=25326 22851 2475 240 7251 220 83 2235 166 51 5609 3578 61 15600 10901 7265 5280 3291 51 2069 106 2349 1230 772 88 46 137 40 1229 62
is_linear=0
shrinkage=0.05


Tree=23
num_leaves=31
num_cat=0
split_feature=131 264 292 4 289 253 254 253 254 89 159 288 283 287 250 241 281 269 44 247 33 108 51 114 36 280 43 243 222 44
split_gain=1.78757e+07 5.8737e+06 5.31432e+06 7.31541e+06 2.93497e+06 3.34857e+06 3.64607e+06 2.8408e+06 3.74519e+06 2.10325e+06 2.48965e+06 2.04556e+06 2.04092e+06 3.32957e+06 2.45468e+06 3.33154e+06 2.40853e+06 3.49998e+06 2.69613e+06 1.99793e+06 3.19129e+06 1.99287e+06 3.02027e+06 1.80979e+06 1.7198e+06 3.46714e+06 1.60157e+06 1.5096e+06 3.04256e+06 2.80535e+06
threshold=690.89605712890636 392.44279479980474 1367.7973632812502 -666.27499389648426 -352.24999999999994 -51.249999999999993 -291.74999999999994 351.25000000000006 70.250000000000014 1039.5981445312502 690.89605712890636 467.25000000000006 58.750000000000007 792.75000000000011 1495.4898681640627 1572.7500000000002 398.25000000000006 -1316.4999999999998 5671.7500000000009 -2091.2499999999995 686.02239990234386 3769.2500000000005 3522.5000000000005 -4169.4999999999991 4425.2500000000009 926.25000000000011 -4209.9999999999991 1289.656921386719 1289.656921386719 -2531.4999999999995
decision_type=2 2 2 2 2 2 2 2 2 2 2 2 2 2 2 2 2 2 2 2 2 2 2 2 2 2 2 2 2 2
left_child=1 -1 9 -4 21 -6 -7 -8 -9 10 -2 -10 16 -14 -15 -16 17 -5 -18 20 -12 23 -23 26 -13 -26 -3 28 -11 -30
right_child=2 4 3 12 5 6 7 8 11 27 19 24 13 14 15 -17 18 -19 -20 -21 -22 22 -24 -25 25 -27 -28 -29 29 -31
leaf_value=1.7521509279799226 -5.4460209219658795 -2.4986013941331344 -39.083740653991697 -19.77078414625592 1.6513099517658369 -2.302052037114358 2.484087029203311 -2.7428927587398464 1.1450207154402885 -5.2751564816901073 -23.300745539367199 -0.81079872407500153 3.2502721839313269 1.7971487783250355 -4.3698840308189393 -32.566093167391692 -34.174263971502135 0.21178452798298431 -9.1273855129877735 -0.73866490937662777 -3.6726532893465058 -24.114247002808945 -3.4964503865975605 -0.88467414492710084 -19.138153477718955 3.0150377475854122 -15.846435585774874 -0.41304667722888111 -31.580034542083741 -8.2342067979997218
leaf_weight=6600 452 55 20 36 3504 1642 1243 1120 3224 461 24 1092 79 21 20 22 22 56 21 1607 151 23 78 3468 38 33 38 123 22 31
leaf_count=6600 452 55 20 36 3504 1642 1243 1120 3224 461 24 1092 79 21 20 22 22 56 21 1607 151 23 78 3468 38 33 38 123 22 31
internal_value=-5.62061e-10 0.50228 -3.5131 -9.88018 -0.0279397 0.353085 -0.188976 0.325049 -0.162273 -2.85444 -2.13179 0.496558 -7.77161 -3.5869 -12.1605 -19.1393 -12.1733 -7.60748 -21.9421 -1.29115 -6.36451 -1.2657 -8.19159 -1.06926 -1.30107 -8.8416 -7.95256 -5.38881 -6.57951 -17.9249
internal_weight=25326 22158 3168 297 15558 11896 8392 6750 5507 2871 2234 4387 277 142 63 42 135 92 43 1782 175 3662 101 3561 1163 71 93 637 514 53
internal_count=25326 22158 3168 297 15558 11896 8392 6750 5507 2871 2234 4387 277 142 63 42 135 92 43 1782 175 3662 101 3561 1163 71 93 637 514 53
is_linear=0
shrinkage=0.05


Tree=24
num_leaves=31
num_cat=0
split_feature=271 288 289 89 5 110 289 15 289 288 260 51 95 30 288 288 73 260 288 278 131 61 247 232 211 180 90 8 288 59
split_gain=1.62914e+07 5.63093e+06 6.76849e+06 5.38977e+06 4.16522e+06 4.58929e+06 3.79295e+06 3.52147e+06 3.37055e+06 2.8578e+06 2.3614e+06 2.30905e+06 2.14093e+06 1.67352e+06 4.00506e+06 2.67975e+06 1.91629e+06 1.65944e+06 1.59304e+06 1.64731e+06 1.91109e+06 3.10548e+06 1.80292e+06 2.44285e+06 2.15436e+06 2.33984e+06 2.03193e+06 1.64517e+06 1.59151e+06 2.22187e+06
threshold=690.89605712890636 1063.2500000000002 -897.74999999999989 395.83140563964849 1289.656921386719 1218.723571777344 -862.24999999999989 6950.0000000000009 -197.24999999999997 197.25000000000003 -229.74999999999997 -6670.4999999999991 1650.3850097656252 4739.7500000000009 317.75000000000006 530.25000000000011 94.500000000000014 205.75000000000003 120.75000000000001 690.89605712890636 686.02239990234386 744.63302612304699 2376.2500000000005 2898.2500000000005 3567.5000000000005 1125.5928955078127 4208.3034667968759 577.75000000000011 237.75000000000003 3879.2500000000005
decision_type=2 2 2 2 2 2 2 2 2 2 2 2 2 2 2 2 2 2 2 2 2 2 2 2 2 2 2 2 2 2
left_child=3 6 -3 28 -4 -6 11 -7 -5 -10 -11 -2 -13 14 16 -16 -14 -15 -8 20 -20 -22 23 24 -21 -26 27 -24 -1 -30
right_child=1 2 4 8 5 7 18 -9 9 10 -12 12 13 17 15 -17 -18 -19 19 22 21 -23 26 -25 25 -27 -28 -29 29 -31
leaf_value=2.0675881264249565 -23.764325690269473 -38.07884334445 -3.787118252470929 -0.8123484996279704 -38.140358419418334 -18.818546190715974 0.49285539192758343 6.672538905143738 1.7551808234249913 2.7077056529936208 -0.60561241416198985 -2.4398902835090306 3.3529398568471276 -15.811233882904055 -38.310460530753652 -14.082545051574707 -12.515891118691519 1.279581930077806 -1.7743829338086976 -2.0565544715957236 -23.306734559410501 -3.3467598044872284 -13.932834257862787 5.2320340272599619 -3.3181475829195097 -25.882116470336918 -21.842085742950442 4.8146225891113286 0.46684864863908948 -15.907965172472457
leaf_weight=5247 20 20 186 7352 20 42 523 20 3453 623 3930 183 30 20 21 25 52 49 72 1576 38 40 22 113 27 20 24 25 1532 21
leaf_count=5247 20 20 186 7352 20 42 523 20 3453 623 3930 183 30 20 21 25 52 49 72 1576 38 40 22 113 27 20 24 25 1532 21
internal_value=-3.63113e-09 -3.35381 -10.0198 0.479505 -7.92589 -17.3138 -2.68721 -10.5956 -0.0393868 0.670433 -0.152242 -7.20533 -6.33381 -9.951 -13.3345 -25.1431 -6.71022 -3.67428 -1.95848 -2.61359 -7.64855 -13.0709 -2.19563 -1.87623 -2.37114 -12.9198 -10.0052 -3.96078 1.65144 0.245425
internal_weight=25326 3168 288 22158 268 82 2880 62 15358 8006 4553 400 380 197 128 46 82 69 2480 1957 150 78 1807 1736 1623 47 71 47 6800 1553
internal_count=25326 3168 288 22158 268 82 2880 62 15358 8006 4553 400 380 197 128 46 82 69 2480 1957 150 78 1807 1736 1623 47 71 47 6800 1553
is_linear=0
shrinkage=0.05


Tree=25
num_leaves=31
num_cat=0
split_feature=222 288 57 222 289 288 248 257 289 264 288 201 185 233 180 287 13 141 136 282 206 201 180 236 179 201 131 75 268 273
split_gain=1.48489e+07 5.66406e+06 6.97301e+06 4.54828e+06 2.5516e+06 2.72736e+06 2.48477e+06 2.70151e+06 2.47644e+06 2.63916e+06 2.46361e+06 2.31995e+06 2.21759e+06 3.79983e+06 4.01056e+06 2.10257e+06 2.14562e+06 3.01079e+06 5.78913e+06 2.65439e+06 2.43868e+06 2.09318e+06 2.54109e+06 1.90812e+06 1.76906e+06 1.7204e+06 2.25829e+06 3.4853e+06 2.41644e+06 3.37855e+06
threshold=659.46487426757824 1063.2500000000002 -3108.9999999999995 382.77713012695318 -328.24999999999994 477.75000000000006 2242.5000000000005 615.86886596679699 -491.24999999999994 736.49240112304699 127.25000000000001 389.34660339355474 -140.74999999999997 2848.7500000000005 1218.723571777344 272.75000000000006 4101.9702148437509 -2162.2499999999995 -2824.2499999999995 -1900.7499999999998 3206.2500000000005 696.83001708984386 752.59484863281261 761.29205322265636 52.024999618530281 761.29205322265636 1039.5981445312502 1169.2799072265627 593.00000000000011 226.25000000000003
decision_type=2 2 2 2 2 2 2 2 2 2 2 2 2 2 2 2 2 2 2 2 2 2 2 2 2 2 2 2 2 2
left_child=3 8 -3 -1 6 11 -5 -8 9 -2 -10 -6 -4 -14 -15 16 17 18 19 -11 23 -12 -23 24 -19 -24 -27 28 29 -28
right_child=1 2 12 4 5 -7 7 -9 10 15 21 -13 13 14 -16 -17 -18 20 -20 -21 -22 22 25 -25 -26 26 27 -29 -30 -31
leaf_value=1.6819693989309794 -0.36332802421314542 -29.365050175629165 -14.943107426166534 -0.9133101553465871 -1.7873783955837812 -1.3735709785596635 -26.433171911239626 -0.44514195144176488 1.879716637627832 4.9494829808964447 -4.8265817296858842 0.99434712089849708 -0.41294556434561569 -2.0387039844806378 -29.810301445997681 4.2216921679827637 -11.150174677056139 -0.38477320330483572 -35.956154854297637 -11.243297289477454 -18.802975214611401 2.1224770056943481 -7.5759864194525619 -0.093129000200587481 -17.356214441972622 0.28288857946948459 -7.7777881255403898 -1.0464508477790815 2.6162100315093997 -26.770903348295317
leaf_weight=6000 311 38 61 3886 818 1766 20 20 464 34 539 8955 164 26 26 49 184 28 20 99 22 416 144 314 34 552 61 213 24 38
leaf_count=6000 311 38 61 3886 818 1766 20 20 464 34 539 8955 164 26 26 49 184 28 20 99 22 416 144 314 34 552 61 213 24 38
internal_value=-6.68614e-10 -2.85462 -9.28 0.513473 0.0601285 0.43475 -1.04093 -13.4392 -2.28384 -4.26072 -1.40066 0.761517 -6.52465 -4.14721 -15.9245 -5.80675 -6.47531 -4.91419 -10.8753 -7.10379 -2.6226 -2.16669 -1.17658 -1.67587 -9.69169 -2.50643 -1.68434 -4.9162 -11.6175 -15.0681
internal_weight=25326 3861 315 21465 15465 11539 3926 40 3546 1095 2451 9773 277 216 52 784 735 551 153 133 398 1987 1448 376 62 1032 888 336 123 99
internal_count=25326 3861 315 21465 15465 11539 3926 40 3546 1095 2451 9773 277 216 52 784 735 551 153 133 398 1987 1448 376 62 1032 888 336 123 99
is_linear=0
shrinkage=0.05


Tree=26
num_leaves=31
num_cat=0
split_feature=89 292 257 68 47 68 131 63 173 68 89 159 152 6 110 5 117 254 30 292 180 110 38 267 204 260 1 89 173 159
split_gain=1.36909e+07 7.00251e+06 1.10702e+07 2.71189e+06 4.25018e+06 2.54437e+06 2.39685e+06 2.42143e+06 2.37752e+06 3.11275e+06 2.97405e+06 4.00973e+06 2.26989e+06 2.89985e+06 2.08214e+06 1.90075e+06 3.92989e+06 2.60756e+06 2.30653e+06 1.81821e+06 1.79004e+06 2.07579e+06 2.01276e+06 1.77073e+06 1.74178e+06 1.71823e+06 1.69237e+06 1.58796e+06 1.51187e+06 1.49238e+06
threshold=542.50674438476574 999.20349121093761 916.47631835937511 561.18298339843761 601.67877197265636 618.48980712890636 690.89605712890636 -6216.2499999999991 342.75126647949224 519.84939575195324 464.84754943847662 376.70822143554693 655.58581542968761 -1277.494934082031 474.70594787597662 1289.656921386719 1125.5928955078127 -2762.7499999999995 -6149.4999999999991 618.48980712890636 408.85072326660162 446.43244934082037 4218.7500000000009 1573.7500000000002 -345.24999999999994 662.25000000000011 2973.7500000000005 526.45324707031261 368.37614440917974 655.58581542968761
decision_type=2 2 2 2 2 2 2 2 2 2 2 2 2 2 2 2 2 2 2 2 2 2 2 2 2 2 2 2 2 2
left_child=8 3 -3 -2 -5 19 -7 -8 -1 10 11 28 13 -9 24 -4 -17 -18 -19 -6 -13 22 -22 26 -12 -15 29 -16 -10 -21
right_child=1 2 15 4 5 6 7 12 9 -11 14 20 -14 25 27 16 17 18 -20 23 21 -23 -24 -25 -26 -27 -28 -29 -30 -31
leaf_value=2.021891805701725 -2.9553655538784001 -42.39556538820267 -3.1022746953146516 1.6158111673610565 -2.3841661216376666 0.50597654999144337 -17.492089172363283 4.1548478817117624 0.14057825391858866 2.3751176526811704 0.2962642696698507 2.5692203375920757 -1.4327581724671001 -7.563632093255336 0.59862993944491261 -26.038996841289379 -21.730952167510988 -21.355872602462767 -3.7943104936686129 -11.588992788786648 -0.016157900320118494 2.2604937320332694 -11.626066239256609 -20.668877311374832 -3.735990907825935 -23.196299365162851 2.0089516420364379 -3.1272982879433524 -2.5112894722998145 -1.6906687621559418
leaf_weight=3400 1568 20 605 1574 616 1770 25 29 1162 1965 375 2179 1841 39 1695 27 25 20 287 119 2122 1383 38 23 937 32 50 344 1000 56
leaf_count=3400 1568 20 605 1574 616 1770 25 29 1162 1965 375 2179 1841 39 1695 27 25 20 287 119 2122 1383 38 23 937 32 50 344 1000 56
internal_value=8.74956e-10 -1.60342 -5.57642 -1.09846 -0.626866 -1.39425 -0.828748 -2.03041 0.84286 0.53917 0.218063 0.748425 -1.83126 -9.16773 -1.02973 -4.81254 -7.69474 -6.20289 -4.93839 -3.83953 1.44154 0.748006 -0.220406 -7.45445 -2.58348 -14.6093 -6.10364 -0.029972 -1.086 -8.42153
internal_weight=25326 8726 984 7742 6174 4600 3736 1966 16600 13200 11235 7884 1941 100 3351 964 359 332 307 864 5722 3543 2160 248 1312 71 225 2039 2162 175
internal_count=25326 8726 984 7742 6174 4600 3736 1966 16600 13200 11235 7884 1941 100 3351 964 359 332 307 864 5722 3543 2160 248 1312 71 225 2039 2162 175
is_linear=0
shrinkage=0.05


Tree=27
num_leaves=31
num_cat=0
split_feature=264 292 243 288 289 254 225 289 211 199 288 274 275 125 276 243 222 201 45 49 191 54 205 274 103 47 289 226 269 3
split_gain=1.24503e+07 5.4058e+06 8.5268e+06 2.758e+06 3.25695e+06 2.23903e+06 6.24912e+06 2.26951e+06 2.20283e+06 4.23337e+06 4.21682e+06 2.0618e+06 2.12668e+06 1.96761e+06 2.82599e+06 2.05075e+06 2.66138e+06 2.03417e+06 1.83273e+06 2.0095e+06 1.73106e+06 6.4912e+06 5.3693e+06 2.91268e+06 1.93445e+06 1.8665e+06 2.77585e+06 1.68937e+06 1.6862e+06 1.67974e+06
threshold=574.09155273437511 999.20349121093761 890.77328491210949 385.25000000000006 -122.24999999999999 -2209.7499999999995 177.25000000000003 -270.74999999999994 -558.24999999999989 -823.74999999999989 712.75000000000011 66.250000000000014 -950.24999999999989 -5770.2294921874991 -308.24999999999994 604.26492309570324 659.46487426757824 696.83001708984386 -179.24999999999997 57.750000000000007 2973.0000000000005 1367.7973632812502 4506.2500000000009 842.25000000000011 1495.4898681640627 1289.656921386719 -387.74999999999994 -2892.2499999999995 -1058.2499999999998 7608.7500000000009
decision_type=2 2 2 2 2 2 2 2 2 2 2 2 2 2 2 2 2 2 2 2 2 2 2 2 2 2 2 2 2 2
left_child=3 13 -3 4 -1 6 7 -4 27 10 -10 12 28 14 -2 18 -17 -18 -15 -20 24 23 -23 -22 25 29 -27 -7 -11 -13
right_child=1 2 5 -5 -6 8 -8 -9 9 11 -12 20 -14 15 -16 16 17 -19 19 -21 21 22 -24 -25 -26 26 -28 -29 -30 -31
leaf_value=0.36294718048012753 0.059584990791652519 -36.749388744717557 -9.1836771062442235 -0.78488403592155143 1.8430869113918587 -5.8486236607586903 -36.127222499847413 7.7593497380614282 -6.78975989109761 -15.17786694985849 -33.700226227442428 1.7020861726696208 -24.190555696053938 -0.85691223030794983 -25.639065232276916 1.0316597492517248 -3.5393432213694136 -0.62932394517014967 -13.954994469530442 -3.7066121493889526 -14.389644977781508 -42.084203290939335 -7.0062352816263846 4.5732096147390058 6.5686083537645832 2.1517253252176141 -19.551170012530161 4.8006265624364222 1.7886799104511739 -11.279825564088494
leaf_weight=9596 23 21 112 2734 6066 54 20 24 37 27 24 177 22 697 20 1579 872 1929 51 770 27 20 24 81 78 26 34 120 32 29
leaf_count=9596 23 21 112 2734 6066 54 20 24 37 27 24 177 22 697 20 1579 872 1929 51 770 27 20 24 81 78 26 34 120 32 29
internal_value=-2.48745e-09 -1.80622 -5.22889 0.680427 0.936215 -4.54508 -10.0314 -6.19373 -3.49107 -4.85109 -17.3775 -3.52681 -10.9229 -1.23645 -11.8933 -1.15876 -0.609882 -1.53526 -2.74247 -4.34324 -2.31898 -6.76266 -22.9508 -0.167504 -0.355492 -2.38587 -10.1466 1.49569 -5.97567 -0.125465
internal_weight=25326 6930 989 18396 15662 968 156 136 812 638 61 577 81 5941 43 5898 4380 2801 1518 821 496 152 44 108 344 266 60 174 59 206
internal_count=25326 6930 989 18396 15662 968 156 136 812 638 61 577 81 5941 43 5898 4380 2801 1518 821 496 152 44 108 344 266 60 174 59 206
is_linear=0
shrinkage=0.05


Tree=28
num_leaves=31
num_cat=0
split_feature=89 292 257 68 47 68 289 288 131 63 117 68 89 211 127 289 275 215 241 231 250 287 269 201 254 282 19 42 107 68
split_gain=1.14589e+07 5.65837e+06 9.5484e+06 2.47093e+06 3.72113e+06 2.29014e+06 2.1759e+06 2.78878e+06 2.11795e+06 2.0638e+06 2.0766e+06 1.98084e+06 1.95388e+06 1.68136e+06 2.22886e+06 1.62032e+06 2.36974e+06 2.62883e+06 2.14655e+06 3.81782e+06 1.83725e+06 5.03024e+06 2.39728e+06 2.27643e+06 1.74432e+06 2.28296e+06 1.7371e+06 1.61492e+06 2.77621e+06 1.61343e+06
threshold=542.50674438476574 999.20349121093761 916.47631835937511 561.18298339843761 601.67877197265636 618.48980712890636 -313.24999999999994 197.25000000000003 690.89605712890636 -6216.2499999999991 736.49240112304699 532.51162719726574 752.59484863281261 2097.0000000000005 2351.0000000000005 -197.24999999999997 -359.74999999999994 1082.6817016601565 1378.2500000000002 2593.7500000000005 1495.4898681640627 792.75000000000011 -1189.7499999999998 1125.5928955078127 -819.74999999999989 -1900.7499999999998 1367.7973632812502 4210.2500000000009 3322.2500000000005 518.44088745117199
decision_type=2 2 2 2 2 2 2 2 2 2 2 2 2 2 2 2 2 2 2 2 2 2 2 2 2 2 2 2 2 2
left_child=6 3 -3 -2 -5 13 29 -8 -7 -10 -11 27 -12 -6 -15 20 -17 -18 -19 -20 23 22 -22 -4 25 -25 -24 -9 -29 -1
right_child=1 2 15 4 5 8 7 11 9 10 12 -13 -14 14 -16 16 17 18 19 -21 21 -23 26 24 -26 -27 -28 28 -30 -31
leaf_value=-0.78813583950159638 -2.7854833755281052 -39.23320202827454 -7.9218949930084506 1.5356226504508175 -2.8393431530020399 0.51029990382282076 1.6645332805323616 0.0022118487523288956 -16.148242927551269 -4.2909556582610717 3.0298388382426484 3.3330456351585642 -1.6129914370788159 -19.921799060276577 -3.8917691155483851 6.5424471681768246 10.04543005180359 -1.1791380311142314 -31.72951958520072 -3.7362294624591699 -16.704677439958623 -29.803541607326931 5.4895320287970613 5.3942955854776748 1.5471467706290158 -8.784408301115036 -7.8724883539336066 -23.32447075366974 -1.6729038949598349 2.3152503885573053
leaf_weight=2954 1568 20 235 1574 772 1770 7828 4797 25 550 285 456 1106 35 57 77 25 55 21 29 39 27 43 37 198 122 56 20 57 488
leaf_count=2954 1568 20 235 1574 772 1770 7828 4797 25 550 285 456 1106 35 57 77 25 55 21 29 39 27 43 37 198 122 56 20 57 488
internal_value=-1.37321e-09 -1.46691 -5.0383 -1.01299 -0.562838 -1.28088 0.771102 1.06389 -0.74437 -1.87396 -1.6901 0.181732 -0.661729 -3.60077 -9.99015 -4.32886 -0.408787 -4.52606 -7.99546 -15.4934 -5.4008 -10.0666 -6.20501 -4.10037 -1.5848 -5.48496 -2.06878 -0.113097 -7.29669 -0.348144
internal_weight=25326 8726 984 7742 6174 4600 16600 13158 3736 1966 1941 5330 1391 864 92 964 207 130 105 50 757 165 138 592 357 159 99 4874 77 3442
internal_count=25326 8726 984 7742 6174 4600 16600 13158 3736 1966 1941 5330 1391 864 92 964 207 130 105 50 757 165 138 592 357 159 99 4874 77 3442
is_linear=0
shrinkage=0.05


Tree=29
num_leaves=31
num_cat=0
split_feature=47 138 47 26 204 226 69 131 292 89 68 89 68 47 26 143 282 61 289 68 89 246 42 198 47 26 292 35 254 225
split_gain=1.04758e+07 4.87979e+06 1.28314e+07 3.05873e+06 2.38874e+06 4.38608e+06 3.07626e+06 2.87345e+06 2.73493e+06 2.30948e+06 2.76043e+06 3.17332e+06 2.84515e+06 2.30438e+06 2.78422e+06 2.1345e+06 3.88353e+06 2.0906e+06 1.94206e+06 1.9083e+06 1.92087e+06 1.89433e+06 1.72758e+06 2.98277e+06 1.71261e+06 3.29783e+06 1.71124e+06 1.70598e+06 1.60995e+06 2.73706e+06
threshold=559.19299316406261 846.42968750000011 633.10632324218761 588.96624755859386 3704.7500000000005 1943.0000000000002 6235.7028808593759 1169.2799072265627 1218.723571777344 353.00482177734381 518.44088745117199 489.83811950683599 383.13781738281256 667.65841674804699 744.63302612304699 -5486.2499999999991 -595.74999999999989 519.84939575195324 -1100.2499999999998 642.47378540039074 639.33035278320324 -54.749999999999993 4210.2500000000009 1295.2500000000002 437.40573120117193 463.26106262207037 570.54171752929699 416.00000000000006 -2118.2499999999995 57.250000000000007
decision_type=2 2 2 2 2 2 2 2 2 2 2 2 2 2 2 2 2 2 2 2 2 2 2 2 2 2 2 2 2 2
left_child=9 3 -3 17 15 8 27 -8 -6 -1 11 12 26 19 18 16 -4 -2 -15 20 -5 -22 24 -24 -14 -26 -11 -7 29 -17
right_child=1 2 4 13 5 6 7 -9 -10 10 -12 -13 22 14 -16 28 -18 -19 -20 -21 21 -23 23 -25 25 -27 -28 -29 -30 -31
leaf_value=1.7298645956438969 -14.009833182469009 -42.030991797013719 -3.0377802988378013 0.60418770264220112 -34.822887789635438 -8.5604094759623219 -27.553878539800646 -4.080132627487183 -11.873282696219052 -1.0026252719698943 1.8172838757640477 -1.6904710027042436 1.8690283665127638 -15.830767580764046 0.52337367576985405 -4.4354700229629396 -29.912341054081921 -2.4450624038157809 -2.7302860731854071 2.9658162703442446 3.0625823244452479 -7.0136744517226548 -19.077149460850091 -0.1587941838277353 -1.7340073903983559 1.4782138382753696 -13.031272781689962 5.8541551176401292 -1.4839347974863832 -24.089428367614747
leaf_weight=4000 40 22 41 1365 21 30 22 32 34 2052 2632 2186 3206 29 1009 155 20 1696 1155 732 64 172 29 74 1289 2102 30 65 1002 20
leaf_count=4000 40 22 41 1365 21 30 22 32 34 2052 2632 2186 3206 29 1009 155 20 1696 1155 732 64 172 29 74 1289 2102 30 65 1002 20
internal_value=-2.8145e-09 -1.53482 -4.13366 -0.927237 -3.55548 -8.5687 -4.11437 -13.6435 -20.6359 0.673752 0.363131 0.0141769 0.438495 -0.242851 -1.40652 -2.72939 -11.8491 -2.71153 -3.05116 0.850985 -0.115947 -4.28113 0.940177 -5.48532 1.0405 0.257172 -1.17595 1.30219 -2.25675 -6.68164
internal_weight=25326 7726 1464 6262 1442 204 149 54 55 17600 13600 10968 8782 4526 2193 1238 61 1736 1184 2333 1601 236 6700 103 6597 3391 2082 95 1177 175
internal_count=25326 7726 1464 6262 1442 204 149 54 55 17600 13600 10968 8782 4526 2193 1238 61 1736 1184 2333 1601 236 6700 103 6597 3391 2082 95 1177 175
is_linear=0
shrinkage=0.05


Tree=30
num_leaves=31
num_cat=0
split_feature=180 292 250 240 152 289 288 131 66 275 240 257 159 173 264 288 257 254 268 211 190 217 206 289 158 225 274 3 54 267
split_gain=9.58423e+06 4.00529e+06 9.92041e+06 2.60731e+06 2.39784e+06 2.34484e+06 2.66751e+06 1.94166e+06 1.74585e+06 1.90752e+06 1.89068e+06 3.88808e+06 1.89067e+06 1.8774e+06 1.79867e+06 1.7982e+06 1.73607e+06 1.92263e+06 2.91021e+06 1.80833e+06 3.37683e+06 3.52059e+06 2.72904e+06 2.58557e+06 2.4232e+06 1.97735e+06 1.78129e+06 1.67874e+06 2.18918e+06 1.67377e+06
threshold=576.05075073242199 999.20349121093761 916.47631835937511 1963.7500000000002 596.30377197265636 -313.24999999999994 370.25000000000006 655.58581542968761 -6128.7499999999991 -606.24999999999989 -1365.2499999999998 781.07574462890636 714.96121215820324 1082.6817016601565 667.65841674804699 572.75000000000011 955.20053100585949 -3206.2499999999995 -1927.2499999999998 -558.24999999999989 -77.249999999999986 367.25000000000006 -2393.9999999999995 -897.74999999999989 -1686.502502441406 -371.24999999999994 66.250000000000014 2444.7500000000005 1125.5928955078127 -53.249999999999993
decision_type=2 2 2 2 2 2 2 2 2 2 2 2 2 2 2 2 2 2 2 2 2 2 2 2 2 2 2 2 2 2
left_child=3 4 -3 5 -2 -1 -7 -6 -9 -10 11 -11 14 -14 15 -12 -4 18 -18 22 21 25 23 24 -19 -21 27 -22 -29 -16
right_child=1 2 16 -5 7 6 -8 8 9 10 12 -13 13 -15 29 -17 17 19 -20 20 26 -23 -24 -25 -26 -27 -28 28 -30 -31
leaf_value=-0.4185958852607165 -2.985346616027837 -38.559852027893072 10.06456253311851 -6.1820917109859757 0.83687225162704415 1.2662223214988151 -0.50299181167372353 -14.225128305875339 0.62902576780325503 -1.8954599149227143 0.16502848006690127 -16.097770859070227 0.56205253318212056 -9.7004583094982397 -19.365444480289113 -7.6349830834420178 -5.508193813993576 -2.3799364948272705 -28.280430927276612 -21.339552516937257 -2.4979657163491122 -32.62394843578339 5.874705054291657 0.55628421983203369 -26.427048093622382 -2.1630201742053035 -2.3266899113770294 -5.2764748482477097 -27.60515765314517 -5.1149400614528702
leaf_weight=4052 1316 21 22 141 1605 11697 2605 26 949 150 393 71 860 47 22 91 47 20 20 20 37 20 112 74 22 41 476 21 23 325
leaf_count=4052 1316 21 22 141 1605 11697 2605 26 949 150 393 71 860 47 22 91 47 20 20 20 37 20 112 74 22 41 476 21 23 325
internal_value=1.87036e-09 -1.60048 -4.56588 0.591126 -1.10616 0.64316 0.943973 -0.561328 -1.32619 -1.21086 -2.10216 -6.45819 -1.54826 0.0302576 -3.27115 -1.3015 -3.81837 -4.14573 -12.3059 -3.5144 -4.88026 -14.4192 0.307624 -5.06749 -14.976 -8.45041 -3.49309 -10.3475 -16.9483 -6.01843
internal_weight=25326 6831 976 18495 5855 18354 14302 4539 2934 2908 1959 221 1738 907 831 484 955 933 67 866 638 81 228 116 42 61 557 81 44 347
internal_count=25326 6831 976 18495 5855 18354 14302 4539 2934 2908 1959 221 1738 907 831 484 955 933 67 866 638 81 228 116 42 61 557 81 44 347
is_linear=0
shrinkage=0.05


Tree=31
num_leaves=31
num_cat=0
split_feature=89 287 30 5 117 288 190 183 68 47 264 110 131 243 1 264 289 47 275 163 264 159 173 274 282 241 131 117 281 162
split_gain=8.83111e+06 4.63466e+06 9.74349e+06 3.96298e+06 3.37114e+06 2.9444e+06 2.97307e+06 6.76365e+06 2.6283e+06 3.69211e+06 1.9972e+06 2.56438e+06 2.49928e+06 2.35409e+06 2.35229e+06 2.1559e+06 1.81193e+06 3.49173e+06 2.17159e+06 2.38735e+06 1.89813e+06 1.79915e+06 2.72569e+06 1.6645e+06 2.54607e+06 1.67977e+06 1.58719e+06 2.24176e+06 1.57826e+06 2.55167e+06
threshold=554.23242187500011 1568.7500000000002 -1459.2499999999998 1289.656921386719 1082.6817016601565 1063.2500000000002 3687.5000000000005 1007.2500000000001 591.37487792968761 606.83093261718761 348.02774047851568 539.27526855468761 529.32925415039074 376.59948730468756 5343.5000000000009 387.46055603027349 -491.24999999999994 612.75967407226574 -652.24999999999989 -4746.7499999999991 1367.7973632812502 480.08139038085943 467.50103759765631 130.75000000000003 -4.7499999999999991 1202.2500000000002 630.40139770507824 621.24331665039074 1317.2500000000002 3880.0000000000005
decision_type=2 2 2 2 2 2 2 2 2 2 2 2 2 2 2 2 2 2 2 2 2 2 2 2 2 2 2 2 2 2
left_child=10 3 -3 8 -4 28 7 -7 -2 -10 -1 12 13 -12 15 -15 17 -11 -18 -20 23 22 -17 25 -25 -21 -26 -28 29 -5
right_child=1 2 4 5 -6 6 -8 -9 9 16 11 -13 -14 14 -16 21 18 -19 19 20 -22 -23 -24 24 26 -27 27 -29 -30 -31
leaf_value=1.6664515390895431 -2.5428161508528033 -43.682817988395698 -14.604586469210112 -3.2708628697930098 11.674238604955052 -29.051494171505887 -32.088908386230472 10.619557736136699 2.5094621865026312 -22.448277100649747 -1.2323031838737841 2.3342014037328744 -2.2587507102895654 2.7057878043337409 -7.7072637428720316 0.50845933784162911 1.9095808119509454 -2.3379613110269255 -15.6272837468556 -2.8657443871354111 -13.056580958142877 1.5209859427749803 -2.2641884465862736 1.2453717809521032 1.4324273347854615 -17.336014479682557 -15.700441521746772 -2.722923837743215 4.9675966292619709 -15.619375034478995
leaf_weight=3697 2049 20 26 214 23 21 20 22 887 22 1973 1462 1014 1218 83 4125 767 1143 28 446 32 2599 1129 1254 228 21 35 676 40 52
leaf_count=3697 2049 20 26 214 23 21 20 22 887 22 1973 1462 1014 1218 83 4125 767 1143 28 446 32 2599 1129 1254 228 21 35 676 40 52
internal_value=-1.85007e-09 -1.37078 -14.2735 -1.25889 -2.26963 -6.31896 -16.1624 -8.75468 -1.01282 -0.446847 0.635947 0.355878 0.117652 0.334212 0.67185 0.748519 -1.01053 -2.71773 -0.440157 -1.10275 -0.951676 0.444947 -0.087338 -0.806053 -0.228875 -3.51644 -2.19768 -3.36176 -4.29238 -5.68486
internal_weight=25326 8026 69 7957 49 369 63 43 7588 5539 17300 13603 12141 11127 9154 9071 4652 1165 3487 2720 2692 7853 5254 2660 2193 467 939 711 306 266
internal_count=25326 8026 69 7957 49 369 63 43 7588 5539 17300 13603 12141 11127 9154 9071 4652 1165 3487 2720 2692 7853 5254 2660 2193 467 939 711 306 266
is_linear=0
shrinkage=0.05


Tree=32
num_leaves=31
num_cat=0
split_feature=222 287 19 5 187 288 190 183 201 215 229 289 288 288 289 232 273 282 64 289 206 163 26 271 180 8 254 20 79 127
split_gain=8.05718e+06 4.14373e+06 1.03023e+07 3.69816e+06 2.68461e+06 2.65732e+06 2.68319e+06 6.10419e+06 1.97312e+06 5.0661e+06 1.84861e+06 1.89188e+06 2.1041e+06 1.81203e+06 1.65549e+06 1.5449e+06 2.0508e+06 1.64084e+06 1.88004e+06 1.52833e+06 1.48542e+06 1.94772e+06 1.44376e+06 1.40249e+06 1.39972e+06 1.3361e+06 3.98412e+06 1.39102e+06 1.68486e+06 2.65984e+06
threshold=537.28536987304699 1568.7500000000002 721.68511962890636 1289.656921386719 1169.2799072265627 1063.2500000000002 3687.5000000000005 1007.2500000000001 495.37322998046881 465.96903991699224 522.85247802734386 -491.24999999999994 510.75000000000006 370.25000000000006 -152.24999999999997 -304.74999999999994 151.25000000000003 62.750000000000007 -523.49999999999989 -897.74999999999989 -2393.9999999999995 1201.7500000000002 1169.2799072265627 1218.723571777344 506.68415832519537 -6273.4999999999991 -1837.7499999999998 -5108.8620605468741 -3979.2499999999995 -2180.2499999999995
decision_type=2 2 2 2 2 2 2 2 2 2 2 2 2 2 2 2 2 2 2 2 2 2 2 2 2 2 2 2 2 2
left_child=8 3 -3 10 -4 19 7 -7 9 13 -2 25 22 14 -1 16 -14 18 -18 20 -5 -22 23 -13 -10 26 -12 -27 29 -29
right_child=1 2 4 5 -6 6 -8 -9 24 -11 11 12 15 -15 -16 -17 17 -19 -20 -21 21 -23 -24 -25 -26 27 -28 28 -30 -31
leaf_value=0.34576738081740782 -6.8081065845948006 -43.640034320354459 7.5919381618499759 -21.031561962040989 -15.415278618676323 -27.598919205438524 -30.484462833404542 10.088579672033138 3.108466459819434 -1.9747931556837188 -25.752224640412766 0.020859514391948705 -1.4183663278376617 -0.87368124382987244 1.6441235297210881 -1.351855892654372 -7.8305119800567624 -6.2675779322534808 -29.510210234522823 -1.9397979147599214 2.8700581981289774 -15.157158226802432 8.0308026160512664 -11.005512594354563 0.9356864380503751 4.1549008904154912 5.0821145486831671 -4.4953506015442519 -1.9724474140019912 -25.046230273246767
leaf_weight=4583 130 20 32 22 21 21 20 22 1231 1923 22 5180 135 1412 5288 1173 20 80 20 224 31 29 56 29 1863 86 20 74 1539 20
leaf_count=4583 130 20 32 22 21 21 20 22 1231 1923 22 5180 135 1412 5288 1173 20 80 20 224 31 29 56 29 1863 86 20 74 1539 20
internal_value=-2.41178e-09 -1.19846 -13.0627 -1.10172 -1.52413 -6.00302 -15.3543 -8.31694 0.663639 0.397366 -0.891033 -0.800044 -0.416377 0.801661 1.04131 -2.11865 -5.64588 -10.4018 -18.6704 -4.07776 -9.91805 -5.8431 0.0453214 -0.0405275 1.80016 -2.25824 -11.0692 -2.04296 -2.36937 -8.86788
internal_weight=25326 9026 73 8953 53 369 63 43 16300 13206 8584 8454 6693 11283 9871 1428 255 120 40 306 82 60 5265 5209 3094 1761 42 1719 1633 94
internal_count=25326 9026 73 8953 53 369 63 43 16300 13206 8584 8454 6693 11283 9871 1428 255 120 40 306 82 60 5265 5209 3094 1761 42 1719 1633 94
is_linear=0
shrinkage=0.05


Tree=33
num_leaves=31
num_cat=0
split_feature=5 246 289 289 26 47 61 232 18 4 37 218 215 159 148 275 274 188 281 48 281 268 191 190 15 254 241 40 288 178
split_gain=7.43935e+06 3.97458e+06 1.00897e+07 2.64799e+06 1.98975e+06 4.18281e+06 2.08966e+06 1.96364e+06 1.94859e+06 2.35374e+06 2.38021e+06 1.92683e+06 1.89607e+06 3.91885e+06 1.88114e+06 1.86859e+06 2.42055e+06 2.00928e+06 1.90265e+06 1.80981e+06 4.08749e+06 1.7902e+06 1.68882e+06 1.99227e+06 3.58445e+06 1.68663e+06 3.05594e+06 3.7274e+06 1.72577e+06 1.84053e+06
threshold=521.44338989257824 2739.0000000000005 -1172.7499999999998 -426.74999999999994 491.20996093750006 458.64300537109381 451.35649108886724 3402.5000000000005 2789.369995117188 3139.410034179688 -1830.4999999999998 3002.7500000000005 1367.7973632812502 1495.4898681640627 5104.7500000000009 -329.74999999999994 150.25000000000003 3449.382690429688 975.25000000000011 -6664.3264160156241 -3.7499999999999996 -878.24999999999989 -169.24999999999997 1690.2500000000002 5292.7500000000009 575.25000000000011 1030.2500000000002 1082.6817016601565 359.75000000000006 2445.2500000000005
decision_type=2 2 2 2 2 2 2 2 2 2 2 2 2 2 2 2 2 2 2 2 2 2 2 2 2 2 2 2 2 2
left_child=4 3 -3 8 5 -1 -7 15 11 -10 21 19 14 -14 -4 16 17 -5 -18 20 -2 -11 -12 24 -24 26 28 -28 -17 -30
right_child=1 2 12 7 -6 6 -8 -9 9 10 22 -13 13 -15 -16 25 18 -19 -20 -21 -22 -23 23 -25 -26 -27 27 -29 29 -31
leaf_value=0.86232215437795956 2.0124023335320609 -40.021976761590871 -4.8562715213828618 -0.33323971070798541 2.0265288045078225 -4.5960792519473168 -0.75738192025769868 11.249887421396044 -16.287455214523685 -20.348716652724477 0.8516232482194902 -15.5436110496521 -30.221429489851001 -2.9989407661633614 5.1241634547710424 -0.29615743016364271 3.0617125229979005 -15.540628576278687 -8.355631081603077 -1.0107283983364554 -26.787647836858579 -3.9569238024373208 -6.2056555690346187 -2.1223354645646535 -29.583648681640625 0.611502800468682 -5.0305937659224647 -27.430707778930664 -3.1245295035801117 7.5404660923140385
leaf_weight=10684 28 21 180 1710 2367 441 1808 36 41 36 200 24 20 39 64 2005 918 22 38 1733 22 31 91 208 20 1118 260 20 1099 42
leaf_count=10684 28 21 180 1710 2367 441 1808 36 41 36 200 24 20 39 64 2005 918 22 38 1733 22 31 91 208 20 1118 260 20 1099 42
internal_value=5.72828e-10 -1.05861 -6.50627 -0.876685 0.693701 0.449767 -1.5101 -0.39866 -2.30408 -4.70576 -3.89544 -1.47074 -4.1834 -12.2269 -2.23845 -0.456645 0.58832 -0.526405 2.60789 -1.28131 -10.6596 -12.7645 -2.7505 -5.00888 -10.4179 -1.07479 -1.62508 -6.6306 -1.17958 -2.73195
internal_weight=25326 10026 324 9702 15300 12933 2249 7268 2434 627 586 1807 303 59 244 7232 2688 1732 956 1783 50 67 519 319 111 4544 3426 280 3146 1141
internal_count=25326 10026 324 9702 15300 12933 2249 7268 2434 627 586 1807 303 59 244 7232 2688 1732 956 1783 50 67 519 319 111 4544 3426 280 3146 1141
is_linear=0
shrinkage=0.05


Tree=34
num_leaves=31
num_cat=0
split_feature=89 47 107 289 288 180 159 173 201 211 212 255 232 253 201 233 267 208 48 16 143 197 260 201 222 215 117 138 257 260
split_gain=6.78702e+06 4.24778e+06 8.23954e+06 3.15452e+06 2.29287e+06 2.16912e+06 2.25533e+06 2.66256e+06 2.06588e+06 1.9656e+06 5.44421e+06 3.74862e+06 2.7722e+06 2.77827e+06 2.60088e+06 3.13838e+06 2.21071e+06 2.12662e+06 1.81948e+06 1.9392e+06 1.78517e+06 2.21067e+06 1.57216e+06 1.55608e+06 1.87877e+06 1.82086e+06 1.49766e+06 1.44752e+06 1.36599e+06 1.54003e+06
threshold=736.49240112304699 624.39785766601574 -916.74999999999989 -111.24999999999999 195.25000000000003 524.85437011718761 627.13027954101574 588.96624755859386 552.13006591796886 1035.2500000000002 -492.24999999999994 -948.74999999999989 -260.74999999999994 2261.5000000000005 761.29205322265636 -1039.2499999999998 159.25000000000003 686.02239990234386 -1506.0900878906248 -5449.2499999999991 1152.7500000000002 1489.2500000000002 61.750000000000007 494.05737304687506 554.03875732421886 465.96903991699224 449.43608093261724 564.86022949218761 790.22567749023449 1414.7500000000002
decision_type=2 2 2 2 2 2 2 2 2 2 2 2 2 2 2 2 2 2 2 2 2 2 2 2 2 2 2 2 2 2
left_child=3 2 -2 5 -5 23 7 8 -7 12 -11 -12 14 -14 15 16 -3 -18 19 -13 21 -21 -6 25 -25 -1 -9 -26 -16 -30
right_child=1 9 -4 4 22 6 -8 26 -10 10 11 18 13 -15 28 -17 17 -19 -20 20 -22 -23 -24 24 27 -27 -28 -29 29 -31
leaf_value=0.3543856968683361 -41.479675407409673 -1.2749592745822409 2.8627861976623539 1.9934677900611135 2.017181647610832 -2.0712537953789476 0.46637862731637186 -16.642361461032522 0.82309604173818518 -27.094139720916747 -18.994194762287915 4.1162597656250002 1.6636523671460872 -16.793572448548815 3.0128865471335526 -22.114803525173304 -4.6177353650331501 -23.869368663200966 -1.882771726082245 -19.682967029918327 -24.653626840010933 1.4970546211515154 -0.2573883661970704 2.389353182668589 -1.1493555133841162 -1.6469380295220413 -3.464644927074521 -14.857818737484161 -3.300909756560229 10.867012276649476
leaf_weight=6486 20 115 22 3668 996 1379 1850 22 1115 25 37 21 700 21 132 33 32 26 730 22 23 28 3202 1421 232 1378 1081 21 468 20
leaf_count=6486 20 115 22 3668 996 1379 1850 22 1115 25 37 21 700 21 132 33 32 26 730 22 23 28 3202 1421 232 1378 1081 21 468 20
internal_value=4.24004e-09 -2.48709 -18.2527 0.269378 1.08022 -0.156253 -0.952289 -1.68193 -0.777268 -2.21493 -4.09285 -3.42498 -1.13941 1.12606 -3.11691 -7.98437 -5.28897 -13.2478 -2.72588 -9.2734 -13.1252 -7.82215 0.282267 0.298351 1.68256 0.00369596 -3.72748 -2.28721 -1.49965 -2.72026
internal_weight=25326 2475 42 22851 7866 14985 5447 3597 2494 2433 886 861 1547 721 826 206 173 58 824 94 73 50 4198 9538 1674 7864 1103 253 620 488
internal_count=25326 2475 42 22851 7866 14985 5447 3597 2494 2433 886 861 1547 721 826 206 173 58 824 94 73 50 4198 9538 1674 7864 1103 253 620 488
is_linear=0
shrinkage=0.05


Tree=35
num_leaves=31
num_cat=0
split_feature=47 287 30 5 117 288 190 183 61 289 288 289 68 120 46 65 215 281 162 267 289 58 141 211 262 211 212 292 217 205
split_gain=6.22832e+06 3.34717e+06 8.90106e+06 2.77504e+06 2.62158e+06 2.35573e+06 2.45082e+06 5.43314e+06 2.30743e+06 1.6853e+06 2.21707e+06 1.52877e+06 1.49189e+06 1.40819e+06 1.85073e+06 2.83869e+06 1.61008e+06 1.37746e+06 2.16313e+06 3.04359e+06 1.45342e+06 1.84285e+06 1.40141e+06 1.37241e+06 1.33113e+06 1.30812e+06 3.99958e+06 2.20229e+06 1.78886e+06 1.58646e+06
threshold=559.19299316406261 1568.7500000000002 -1459.2499999999998 1289.656921386719 1082.6817016601565 1063.2500000000002 3687.5000000000005 1007.2500000000001 519.84939575195324 -305.24999999999994 195.25000000000003 -111.24999999999999 535.67300415039074 -1266.7499999999998 -3901.119995117187 -1665.7499999999998 1082.6817016601565 1317.2500000000002 3880.0000000000005 778.25000000000011 -934.74999999999989 -3227.7499999999995 3215.2500000000005 1442.2500000000002 271.25000000000006 857.75000000000011 10.750000000000002 890.77328491210949 810.25000000000011 -235.24999999999997
decision_type=2 2 2 2 2 2 2 2 2 2 2 2 2 2 2 2 2 2 2 2 2 2 2 2 2 2 2 2 2 2
left_child=9 3 -3 8 -4 17 7 -7 24 -1 -11 25 -12 -13 15 -15 -16 18 20 -20 21 -5 23 -22 -2 29 27 28 -27 -10
right_child=1 2 4 5 -6 6 -8 -9 11 10 12 13 -14 14 16 -17 -18 -19 19 -21 22 -23 -24 -25 -26 26 -28 -29 -30 -31
leaf_value=-0.3948046610067395 -3.9057619503566197 -40.258431420326239 -11.357819412372731 0.60093099420720886 11.613753870259162 -25.584374400547574 -28.578986473083496 9.9712677435441464 -1.1356319781223401 1.3234883835054885 -0.24318278153296025 3.4148622824963839 2.3720614328027749 2.918795041684751 0.53817716741490629 -19.257067972613921 -9.919537254383691 5.149393999576569 -28.646402141026091 -3.9931638871469808 0.55504150665723362 -18.893940473485877 10.320247496091405 -10.891333926788398 -21.929629702568054 -2.7345930475741627 -1.6303328331570719 -20.786775068232888 -18.725342733963679 1.5339571762983866
leaf_weight=3918 21 20 27 22 23 21 20 22 3106 7929 5143 340 610 27 1171 31 38 40 21 31 104 27 26 35 20 73 1721 38 23 678
leaf_count=3918 21 20 27 22 23 21 20 22 3106 7929 5143 340 610 27 1171 31 38 40 21 31 104 27 26 35 20 73 1721 38 23 678
internal_value=1.08034e-09 -1.18345 -12.0673 -1.08394 -0.790896 -5.31418 -14.1188 -7.39312 -0.869729 0.519509 0.781334 -0.802802 0.0341158 0.557657 -0.209075 -8.93382 0.209481 -3.50147 -4.80235 -13.9493 -2.57973 -10.1411 -0.334218 -2.32714 -12.6979 -1.19051 -2.27817 -10.5985 -6.56571 -0.657307
internal_weight=25326 7726 70 7656 50 369 63 43 7287 17600 13682 7246 5753 1607 1267 58 1209 306 266 52 214 49 165 139 41 5639 1855 134 96 3784
internal_count=25326 7726 70 7656 50 369 63 43 7287 17600 13682 7246 5753 1607 1267 58 1209 306 266 52 214 49 165 139 41 5639 1855 134 96 3784
is_linear=0
shrinkage=0.05


Tree=36
num_leaves=31
num_cat=0
split_feature=5 246 289 128 276 289 26 232 26 47 61 275 274 80 142 188 188 29 136 273 89 288 261 253 211 261 79 183 92 205
split_gain=5.74854e+06 3.20293e+06 8.80621e+06 2.27494e+06 2.5051e+06 1.80346e+06 1.97748e+06 1.81442e+06 1.7869e+06 3.5597e+06 1.87307e+06 1.77292e+06 2.21409e+06 1.75028e+06 2.14988e+06 1.73892e+06 1.65599e+06 1.95244e+06 1.64295e+06 1.53554e+06 2.22605e+06 1.79229e+06 1.96096e+06 2.94578e+06 1.81105e+06 2.11643e+06 1.73689e+06 3.24548e+06 1.53735e+06 2.25569e+06
threshold=521.44338989257824 2739.0000000000005 -1172.7499999999998 -6041.4999999999991 -499.74999999999994 -426.74999999999994 481.35401916503912 3402.5000000000005 491.20996093750006 458.64300537109381 451.35649108886724 -329.74999999999994 150.25000000000003 8135.5000000000009 4367.0000000000009 3449.382690429688 395.85900878906256 219.75000000000003 -5522.4999999999991 -138.24999999999997 709.18753051757824 362.75000000000006 204.25000000000003 227.75000000000003 2307.2500000000005 111.25000000000001 385.50000000000006 1440.2500000000002 -1254.7499999999998 -789.74999999999989
decision_type=2 2 2 2 2 2 2 2 2 2 2 2 2 2 2 2 2 2 2 2 2 2 2 2 2 2 2 2 2 2
left_child=8 3 -3 4 -2 6 -5 11 9 -1 -11 12 15 14 16 -7 -4 -18 -6 20 -13 24 23 -23 -21 -26 27 28 -25 -30
right_child=1 2 13 5 18 7 -8 -9 -10 10 -12 19 -14 -15 -16 -17 17 -19 -20 21 -22 22 -24 26 25 -27 -28 -29 29 -31
leaf_value=0.75921686896234919 0.17069192746790446 -37.132374100458058 5.3074002239439224 -16.810263538360598 -25.486755233764651 -0.22156859431952994 -1.7499688252180245 10.895088209046259 1.8728570392812527 -4.3510552429423042 -0.7167302272587488 -2.7266879031892683 2.609826928285695 -13.686168941698577 6.7953176174523691 -14.369490205157888 -21.170012297630311 -4.5764968801767401 -6.5161386035737543 0.51589672257716357 -15.452104537934066 0.36417317837045871 -0.44933557020345694 -2.3193495110256004 -14.987153459787368 -1.6043016300264714 -2.7447858739417534 -27.997747192382818 -17.365877509850723 -5.447669107306238
leaf_weight=10684 41 21 36 22 25 1699 2355 36 2367 441 1808 244 945 38 53 22 20 156 21 2286 40 281 1012 103 40 113 230 20 65 102
leaf_count=10684 41 21 36 22 25 1699 2355 36 2367 441 1808 244 945 38 53 22 20 156 21 2286 40 281 1012 103 40 113 230 20 65 102
internal_value=-1.33524e-09 -0.930567 -5.82089 -0.767253 -8.8162 -0.694424 -1.88936 -0.302001 0.609795 0.378629 -1.42937 -0.357971 0.665309 -3.65079 -2.21176 -0.402425 -4.46353 -6.46212 -16.8263 -0.959395 -4.519 -0.721642 -1.91229 -3.76062 0.163414 -5.10309 -5.9896 -8.56308 -7.12347 -10.0865
internal_weight=25326 10026 324 9702 87 9615 2377 7238 15300 12933 2249 7202 2666 303 265 1721 212 176 46 4536 284 4252 1813 801 2439 153 520 290 270 167
internal_count=25326 10026 324 9702 87 9615 2377 7238 15300 12933 2249 7202 2666 303 265 1721 212 176 46 4536 284 4252 1813 801 2439 153 520 290 270 167
is_linear=0
shrinkage=0.05


Tree=37
num_leaves=31
num_cat=0
split_feature=89 287 41 117 5 68 54 30 120 260 234 84 194 68 89 75 45 211 212 267 274 275 117 89 205 89 68 257 110 281
split_gain=5.28168e+06 2.86608e+06 8.09851e+06 3.07437e+06 2.45856e+06 2.13049e+06 3.30577e+06 2.10911e+06 1.763e+06 3.01731e+06 2.44315e+06 2.03897e+06 2.31516e+06 1.66237e+06 2.15726e+06 2.32274e+06 1.66874e+06 1.51024e+06 3.16704e+06 1.77958e+06 2.69677e+06 1.71708e+06 1.97699e+06 1.59759e+06 1.58128e+06 1.51386e+06 2.7978e+06 3.43435e+06 2.26437e+06 2.47367e+06
threshold=540.77932739257824 1568.7500000000002 -450.13116455078119 1082.6817016601565 1289.656921386719 591.37487792968761 604.26492309570324 -6149.4999999999991 5040.0000000000009 2097.0000000000005 2082.0000000000005 4031.2500000000005 1082.6817016601565 530.97247314453136 464.84754943847662 491.20996093750006 5180.2500000000009 872.25000000000011 1.0000000180025095e-35 452.25000000000006 733.25000000000011 -1736.2499999999998 1289.656921386719 1169.2799072265627 -347.24999999999994 702.87695312500011 702.87695312500011 790.22567749023449 709.18753051757824 -109.74999999999999
decision_type=2 2 2 2 2 2 2 2 2 2 2 2 2 2 2 2 2 2 2 2 2 2 2 2 2 2 2 2 2 2
left_child=13 4 -3 -4 5 -2 -7 -6 11 10 -10 12 -9 14 -1 16 -16 24 19 -19 -21 -20 23 -23 25 -8 27 28 29 -27
right_child=1 2 3 -5 7 6 17 8 9 -11 -12 -13 -14 -15 15 -17 -18 18 21 20 -22 22 -24 -25 -26 26 -28 -29 -30 -31
leaf_value=0.72224884955586721 -1.873437276187601 -37.958400878906254 -12.455542733577582 12.10153109741211 -18.35404007876361 2.8181255198366859 0.65792013203636523 -16.930070795331684 -8.2248441934585568 0.53302716230734803 -30.490697409889915 9.4931969615391321 -1.5296527509940299 2.1782538312778637 -1.7532842019908412 0.56274213551807473 -16.273712539672854 -4.4628456215389445 -14.050869330993066 -31.354996609687806 -7.3158796472208838 -1.1248950474027177 8.8933955490589138 -10.694000504811605 2.1047592778184896 3.2088707944621215 -0.92687793728453483 -26.333452965996482 2.3494526473142332 -16.266966128775053
leaf_weight=11298 2743 20 26 25 27 793 1218 28 28 39 22 35 190 1397 1854 1931 20 61 26 20 28 1420 48 45 682 23 1142 22 59 56
leaf_count=11298 2743 20 26 25 27 793 1218 28 28 39 22 35 190 1397 1854 1931 20 61 26 20 28 1420 48 45 682 23 1142 22 59 56
internal_value=-4.62756e-10 -0.987263 -10.9926 -0.417761 -0.906123 -0.730364 -0.174728 -4.90048 -3.83835 -9.89104 -18.0218 -1.70915 -3.50769 0.528096 0.375459 -0.654247 -1.90825 -0.664075 -1.89393 -10.1301 -17.3322 -1.3106 -1.09167 -1.41883 -0.0310951 -0.609132 -1.79444 -7.98665 -5.0618 -10.5968
internal_weight=25326 8826 71 51 8755 8386 5643 369 342 89 50 253 218 16500 15103 3805 1874 4850 1648 109 48 1539 1513 1465 3202 2520 1302 160 138 79
internal_count=25326 8826 71 51 8755 8386 5643 369 342 89 50 253 218 16500 15103 3805 1874 4850 1648 109 48 1539 1513 1465 3202 2520 1302 160 138 79
is_linear=0
shrinkage=0.05


Tree=38
num_leaves=31
num_cat=0
split_feature=5 267 282 289 250 22 199 190 240 26 47 288 68 89 141 113 32 65 33 47 281 103 110 54 26 289 131 117 267 211
split_gain=4.83485e+06 2.87091e+06 6.77099e+06 1.97465e+06 1.9479e+06 3.98319e+06 2.13581e+06 3.13255e+06 1.63901e+06 1.62028e+06 3.90017e+06 1.52461e+06 1.59572e+06 2.67281e+06 2.64041e+06 1.50203e+06 2.07387e+06 3.304e+06 1.46482e+06 1.59303e+06 1.41541e+06 1.41321e+06 1.28367e+06 1.25201e+06 1.22023e+06 1.4196e+06 1.22293e+06 2.66548e+06 1.65197e+06 1.60418e+06
threshold=515.51989746093761 3159.0000000000005 1229.7500000000002 -111.24999999999999 1495.4898681640627 248.75000000000003 2858.0000000000005 6276.2500000000009 2304.7500000000005 461.72012329101568 457.20115661621099 188.25000000000003 400.03868103027349 372.91564941406256 3215.2500000000005 -1324.7499999999998 -3955.4999999999995 -911.74999999999989 365.54344177246099 372.93989562988287 22.250000000000004 452.83813476562506 1683.2846679687502 444.78276062011724 481.35401916503912 -452.24999999999994 583.89093017578136 579.90786743164074 987.75000000000011 1000.7500000000001
decision_type=2 2 2 2 2 2 2 2 2 2 2 2 2 2 2 2 2 2 2 2 2 2 2 2 2 2 2 2 2 2
left_child=9 3 8 4 22 -6 -7 -8 -3 10 11 20 13 -13 18 -5 17 -17 19 -15 -1 -12 24 -14 25 -2 -26 28 -28 -29
right_child=1 2 -4 15 5 6 7 -9 -10 -11 21 12 23 14 -16 16 -18 -19 -20 -21 -22 -23 -24 -25 26 -27 27 29 -30 -31
leaf_value=0.051664491663267323 -15.366557591756186 9.391282268192457 -32.473087739944461 3.0181496953336815 -26.367783910577948 1.0433734539482329 -26.437083316984634 -0.24209104156494143 -7.4377747340080065 1.4657273530062154 -4.8596872644554274 0.30449536094322643 2.104953156936705 -3.023134958818555 -21.100669645071033 -1.2580253742043936 0.24118865285076738 -22.16344258343732 -1.4339048188078078 -11.42953813240446 1.6055203801757174 -1.1957193931532617 11.323966841470629 -2.3766564293110624 -0.20061673148179421 -3.020524835815797 -4.5674790009427761 -0.48545491971792387 -16.171930569760942 -2.600455461780093
leaf_weight=2275 30 23 24 475 22 90 21 25 39 3821 404 1537 911 160 20 63 1866 27 623 87 4119 755 21 188 3068 104 313 2879 34 1302
leaf_count=2275 30 23 24 475 22 90 21 25 39 3821 404 1537 911 160 20 63 1866 27 623 87 4119 755 21 188 3068 104 313 2879 34 1302
internal_value=1.09942e-09 -0.825872 -9.92358 -0.750204 -1.13328 -6.62923 -3.43623 -12.2007 -1.19474 0.577889 0.271685 0.592347 -0.24237 -0.958137 -3.13866 0.496096 -0.116365 -7.52965 -2.72574 -5.98409 1.05265 -2.47289 -1.02125 1.33831 -1.05479 -5.78456 -0.97135 -1.49357 -5.70451 -1.14408
internal_weight=25326 10426 86 10340 7909 158 136 46 62 14900 11079 9920 3526 2427 890 2431 1956 90 870 247 6394 1159 7751 1099 7730 134 7596 4528 347 4181
internal_count=25326 10426 86 10340 7909 158 136 46 62 14900 11079 9920 3526 2427 890 2431 1956 90 870 247 6394 1159 7751 1099 7730 134 7596 4528 347 4181
is_linear=0
shrinkage=0.05


Tree=39
num_leaves=31
num_cat=0
split_feature=264 288 117 289 79 282 2 237 78 55 79 168 288 243 264 243 289 281 220 243 222 112 219 131 241 271 269 278 129 243
split_gain=4.43852e+06 2.84226e+06 7.73116e+06 2.15096e+06 2.01571e+06 3.45873e+06 3.13534e+06 2.71861e+06 2.64629e+06 2.45417e+06 2.31572e+06 2.03639e+06 1.90566e+06 1.83905e+06 3.09157e+06 1.34494e+06 1.37434e+06 1.44855e+06 2.88587e+06 1.33755e+06 1.89241e+06 1.33129e+06 1.31362e+06 1.72992e+06 3.21317e+06 2.07887e+06 1.90478e+06 1.31999e+06 1.30821e+06 1.28747e+06
threshold=533.80200195312511 1942.5000000000002 1082.6817016601565 -474.74999999999994 -3979.2499999999995 -1406.2499999999998 -7166.2499999999991 -1693.6818847656248 1996.7500000000002 -3291.163940429687 1448.2500000000002 1339.2500000000002 510.75000000000006 510.92840576171881 464.46052551269537 537.25256347656261 -498.24999999999994 1317.2500000000002 3616.2500000000005 475.82536315917974 507.97488403320318 3938.7500000000005 1556.2500000000002 1039.5981445312502 1487.7500000000002 1125.5928955078127 263.25000000000006 506.46571350097662 4938.2500000000009 575.97357177734386
decision_type=2 2 2 2 2 2 2 2 2 2 2 2 2 2 2 2 2 2 2 2 2 2 2 2 2 2 2 2 2 2
left_child=13 3 -3 4 5 9 -7 -8 -6 -2 11 -10 29 14 21 -12 17 18 -17 -16 -21 -1 23 27 25 26 -25 -14 -19 -5
right_child=1 2 -4 12 8 6 7 -9 10 -11 15 -13 22 -15 19 16 -18 28 -20 20 -22 -23 -24 24 -26 -27 -28 -29 -30 -31
leaf_value=0.69202481483633249 8.0971620420976134 -31.000011209079197 4.4788609564961757 -1.0721283057181836 -0.35156035454831502 -27.951035291498357 -5.0782958183579776 -24.456791616195726 -6.7169998258914596 -11.353039857615595 -15.875831851959228 -23.800985941520107 -13.238979190826416 1.8907563584074449 -2.3860801956047362 -2.0045385024845603 -12.365027838244158 -2.6506411830584211 -21.466549539566042 1.4684070195296683 -2.1044870078925948 -9.8548832368850725 0.84359481345022358 -20.027702981233599 -23.082094870673288 -0.023533528191702707 -0.91586296775124298 -1.6154742501002586 13.257721897533962 0.59303463538646983
leaf_weight=11225 55 28 34 1689 1294 22 131 21 53 23 20 26 25 2074 1280 400 34 24 20 802 689 30 346 32 27 98 22 1062 28 3712
leaf_count=11225 55 28 34 1689 1294 22 131 21 53 23 20 26 25 2074 1280 400 34 24 20 802 689 30 346 32 27 98 22 1062 28 3712
internal_value=3.83029e-09 -0.874404 -11.5439 -0.802218 -2.18539 -6.3871 -10.309 -7.75559 -1.62781 2.36185 -4.35752 -12.3396 -0.377978 0.501071 0.295581 -3.15869 -2.65604 -1.95666 -2.9313 -1.20047 -0.182649 0.663912 -1.88665 -2.63283 -7.18748 -4.36409 -12.2414 -1.8828 5.9154 0.0723051
internal_weight=25326 9226 62 9164 2151 252 174 152 1899 78 605 79 7013 16100 14026 526 506 472 420 2771 1491 11255 1612 1266 179 152 54 1087 52 5401
internal_count=25326 9226 62 9164 2151 252 174 152 1899 78 605 79 7013 16100 14026 526 506 472 420 2771 1491 11255 1612 1266 179 152 54 1087 52 5401
is_linear=0
shrinkage=0.05


Tree=40
num_leaves=31
num_cat=0
split_feature=222 267 282 201 222 289 288 201 240 255 253 243 140 135 268 198 163 274 236 264 113 285 264 243 281 274 224 275 287 248
split_gain=4.08164e+06 2.50027e+06 6.05253e+06 1.8061e+06 2.28067e+06 1.69922e+06 1.61985e+06 1.65298e+06 1.50335e+06 1.49501e+06 1.69007e+06 1.4844e+06 1.39292e+06 3.15646e+06 3.0443e+06 2.94876e+06 1.96667e+06 2.3225e+06 1.35078e+06 2.78576e+06 1.88476e+06 1.37292e+06 2.04719e+06 1.56776e+06 1.34641e+06 1.29711e+06 1.63115e+06 1.33874e+06 1.28605e+06 1.25004e+06
threshold=537.28536987304699 3159.0000000000005 1229.7500000000002 522.88528442382824 489.62602233886724 -491.24999999999994 497.75000000000006 559.09616088867199 2304.7500000000005 915.25000000000011 1863.0000000000002 474.42420959472662 2238.7500000000005 1898.7500000000002 114.75000000000001 3735.0000000000005 -2976.7499999999995 496.25000000000006 458.31889343261724 429.39915466308599 3778.5000000000005 401.25140380859381 376.53460693359381 411.63664245605474 1713.7500000000002 130.75000000000003 2033.0000000000002 -301.74999999999994 -1424.4999999999998 -527.24999999999989
decision_type=2 2 2 2 2 2 2 2 2 2 2 2 2 2 2 2 2 2 2 2 2 2 2 2 2 2 2 2 2 2
left_child=3 5 8 4 18 12 7 -7 -3 10 -8 -6 16 -14 15 29 17 28 19 20 21 22 -1 -24 -10 26 -9 -27 -2 -15
right_child=1 2 -4 -5 11 6 9 25 24 -11 -12 -13 13 14 -16 -17 -18 -19 -20 -21 -22 -23 23 -25 -26 27 -28 -29 -30 -31
leaf_value=0.92612514657626643 7.6885405441125236 9.0216523377791695 -30.652963399887085 2.0621533642406145 -3.6995958500016819 -1.6163637164195412 -2.54889435172081 -0.50086891212945939 -16.233970677852632 0.28028805666442574 -15.216868133898135 -0.48492653587724821 -24.33599828720093 -11.129546389535621 4.1178123057928202 -22.152037886210852 -0.60523060377059101 -16.392599184085164 1.696294940364518 -1.3365438755225629 -13.293735911945502 2.0048378917072021 -1.86020839239069 1.6503675850615445 1.8930114019484749 2.8160979260784207 -13.645725385348001 0.39813163028043863 -4.3966136382038439 -2.079064354483898
leaf_weight=5204 24 23 24 1610 495 1201 1059 1418 20 580 27 1308 20 54 86 28 1287 39 2085 2083 24 1715 1361 415 21 825 24 1870 266 130
leaf_count=5204 24 23 24 1610 495 1201 1059 1418 20 580 27 1308 20 54 86 28 1287 39 2085 2083 24 1715 1361 415 21 825 24 1870 266 130
internal_value=-3.27018e-10 -0.853002 -9.23976 0.472343 0.298103 -0.77043 -0.408161 0.0166363 -1.20982 -1.76925 -2.86384 -1.36749 -2.08239 -5.10729 -3.81678 -7.03552 -1.48714 -4.93704 0.531133 0.306234 0.6987 0.737322 0.42589 -1.03989 -6.94942 0.490708 -0.719646 1.13833 -3.39646 -4.73518
internal_weight=25326 9026 88 16300 14690 8938 7004 5338 64 1666 1086 1803 1934 318 298 212 1616 329 12887 10802 8719 8695 6980 1776 41 4137 1442 2695 290 184
internal_count=25326 9026 88 16300 14690 8938 7004 5338 64 1666 1086 1803 1934 318 298 212 1616 329 12887 10802 8719 8695 6980 1776 41 4137 1442 2695 290 184
is_linear=0
shrinkage=0.05


Tree=41
num_leaves=31
num_cat=0
split_feature=5 289 259 180 159 254 229 26 73 40 227 5 289 275 73 26 47 219 26 282 281 191 47 170 265 26 215 103 54 287
split_gain=3.78836e+06 2.42252e+06 7.9291e+06 1.77733e+06 2.00896e+06 2.01295e+06 1.85249e+06 1.74215e+06 2.3525e+06 2.06203e+06 1.61759e+06 1.49011e+06 1.46325e+06 1.47884e+06 1.53306e+06 1.45748e+06 3.28654e+06 1.41197e+06 1.36316e+06 1.34237e+06 1.57214e+06 1.3259e+06 3.40458e+06 1.67869e+06 1.94905e+06 1.31364e+06 1.59793e+06 1.29261e+06 1.28373e+06 1.54014e+06
threshold=515.51989746093761 -1280.7499999999998 400.75000000000006 1125.5928955078127 1169.2799072265627 -3206.2499999999995 1289.656921386719 540.77932739257824 4303.5000000000009 530.97247314453136 1874.2500000000002 574.18927001953136 -111.24999999999999 -2191.2499999999995 -6131.2499999999991 461.72012329101568 457.20115661621099 332.75000000000006 461.72012329101568 56.750000000000007 22.250000000000004 2801.0000000000005 1367.7973632812502 1630.2500000000002 1717.7590942382815 566.64770507812511 570.64227294921886 452.83813476562506 601.67877197265636 107.25000000000001
decision_type=2 2 2 2 2 2 2 2 2 2 2 2 2 2 2 2 2 2 2 2 2 2 2 2 2 2 2 2 2 2
left_child=15 2 -2 7 6 -6 10 8 9 18 17 -9 13 -13 -15 16 19 -5 -3 20 -1 23 -23 24 -7 26 -16 -18 -27 -30
right_child=1 3 -4 4 5 21 -8 11 -10 -11 -12 12 -14 14 25 -17 27 -19 -20 -21 -22 22 -24 -25 -26 28 -28 -29 29 -31
leaf_value=-0.24101925222291032 -1.9836602019750185 -13.340458121299745 -28.939374163746834 -4.8366762060385486 -15.097034221225314 0.017991452539092175 -20.579970020718047 1.2742846397773306 -16.970590072631836 -3.682021157054665 6.8946713352203375 7.1162098637798383 0.98388153984015503 -13.335470400305466 -0.67123485494771773 1.3535923864852342 -4.5809886886397067 -20.46932821199298 -0.1892262411993039 -0.8350794951234628 1.2323987477856524 1.4712123889549107 -18.954952554141776 7.6632978339043873 -13.181184854815085 1.141704167668316 -7.2987818817759678 -1.0768486747135784 -0.41291378917766208 -2.7900557579106366
leaf_weight=2649 185 20 32 52 27 286 27 1568 25 730 20 57 1355 25 193 3821 404 20 1331 1552 5719 51 34 63 31 794 172 755 2372 956
leaf_count=2649 185 20 32 52 27 286 27 1568 25 730 20 57 1355 25 193 3821 404 20 1331 1552 5719 51 34 63 31 794 172 755 2372 956
internal_value=-3.78469e-09 -0.731049 -5.9587 -0.619932 -3.2347 -1.82467 -9.06437 -0.453478 -1.72403 -1.54087 -5.68479 -0.0963261 -0.459108 -0.887046 -0.988151 0.511538 0.221125 -9.17908 -0.383915 0.515482 0.765969 -1.05402 -6.69925 0.208728 -1.27278 -0.919356 -3.79435 -2.29831 -0.664777 -1.09577
internal_weight=25326 10426 217 10209 611 492 119 9598 2106 2081 92 7492 5924 4569 4512 14900 11079 72 1351 9920 8368 465 85 380 317 4487 365 1159 4122 3328
internal_count=25326 10426 217 10209 611 492 119 9598 2106 2081 92 7492 5924 4569 4512 14900 11079 72 1351 9920 8368 465 85 380 317 4487 365 1159 4122 3328
is_linear=0
shrinkage=0.05


Tree=42
num_leaves=31
num_cat=0
split_feature=131 117 289 248 47 68 82 75 134 267 282 288 250 103 149 89 274 289 73 85 191 160 41 48 85 289 99 58 3 44
split_gain=3.47795e+06 2.35274e+06 2.82483e+06 8.59134e+06 2.18967e+06 1.83328e+06 1.85651e+06 3.01249e+06 5.27668e+06 2.03863e+06 2.30416e+06 1.67572e+06 1.71323e+06 3.93806e+06 2.0086e+06 1.6486e+06 1.63403e+06 1.61668e+06 1.54321e+06 2.23493e+06 2.08141e+06 1.51124e+06 2.01437e+06 2.54356e+06 1.88899e+06 2.37499e+06 1.53248e+06 1.6883e+06 1.48698e+06 1.47089e+06
threshold=542.48040771484386 554.23242187500011 -1172.7499999999998 1910.7500000000002 606.83093261718761 630.40139770507824 769.72937011718761 781.07574462890636 -1919.7499999999998 322.75000000000006 21.750000000000004 572.75000000000011 1495.4898681640627 1289.656921386719 4818.0000000000009 642.47378540039074 1113.7500000000002 -122.24999999999999 -19.749999999999996 4163.5000000000009 264.25000000000006 -4384.3896484374991 -1468.7669677734373 -2069.4013671874995 4334.5000000000009 -120.74999999999999 3641.2500000000005 3164.5000000000005 5608.0000000000009 3851.7500000000005
decision_type=2 2 2 2 2 2 2 2 2 2 2 2 2 2 2 2 2 2 2 2 2 2 2 2 2 2 2 2 2 2
left_child=17 -2 3 18 -4 15 -7 8 -8 -10 -11 -9 14 -14 21 -6 -17 29 -3 20 -20 -13 23 -23 26 -26 27 -24 -15 -1
right_child=1 2 4 -5 5 6 7 11 9 10 -12 12 13 28 -16 16 -18 -19 19 -21 -22 22 24 -25 25 -27 -28 -29 -30 -31
leaf_value=0.076027545101894162 -2.8812975231221141 0.18173561991241419 0.95982047166134543 -37.033574075698851 -1.5356642856813261 0.50897634849320317 -32.39166275084019 0.070040071025814707 1.6035703901260618 -20.500428776815536 -1.2124415890375775 6.8348563657866581 -25.940744378016547 -10.032874621285334 8.2978206834127732 -5.1420286723251998 -19.114136646104896 1.0068971455111624 -7.3218621526445666 1.8845513098948712 -26.919579541683198 -5.6802984200025861 0.27906747767419526 -23.89813234806061 -2.4124604582786562 -23.177172624781022 11.508796635380499 -14.964087495803833 4.7804026186466215 -5.471561898081756
leaf_weight=9538 1183 152 2349 20 548 2227 20 1150 63 32 30 36 26 36 43 232 23 6941 42 37 20 95 198 24 40 21 27 20 32 121
leaf_count=9538 1183 152 2349 20 548 2227 20 1150 63 32 30 36 26 36 43 232 23 6941 42 37 20 95 198 24 40 21 27 20 32 121
internal_value=3.16684e-09 -0.808155 -0.483016 -5.49531 -0.296227 -0.895547 -0.469577 -1.62079 -8.54617 -4.7309 -11.1675 -1.04631 -3.19314 -9.39011 -2.03736 -3.0811 -6.40226 0.424817 -2.9823 -7.84022 -13.6437 -3.00138 -3.83457 -9.35448 -1.68793 -9.56097 0.27229 -1.11939 -3.06192 0.00653191
internal_weight=25326 8726 7543 271 7272 4923 4120 1893 145 125 62 1748 598 94 504 803 255 16600 251 99 62 461 425 119 306 61 245 218 68 9659
internal_count=25326 8726 7543 271 7272 4923 4120 1893 145 125 62 1748 598 94 504 803 255 16600 251 99 62 461 425 119 306 61 245 218 68 9659
is_linear=0
shrinkage=0.05


Tree=43
num_leaves=31
num_cat=0
split_feature=289 287 288 65 12 176 124 226 282 184 192 171 289 253 276 292 48 281 258 274 275 259 138 281 204 246 226 117 138 250
split_gain=3.2287e+06 6.94882e+06 2.74167e+06 2.40653e+06 1.71024e+06 1.90061e+06 2.23601e+06 1.86987e+06 1.63575e+06 1.58019e+06 1.63202e+06 1.58164e+06 1.33571e+06 1.31508e+06 2.36832e+06 1.44487e+06 1.24868e+06 3.38003e+06 1.21423e+06 1.18735e+06 2.37784e+06 1.53898e+06 1.39533e+06 2.19436e+06 3.78413e+06 1.49688e+06 1.82374e+06 1.3948e+06 1.33188e+06 1.79163e+06
threshold=-426.74999999999994 1568.7500000000002 202.75000000000003 7756.2500000000009 1289.656921386719 -2510.7499999999995 1169.2799072265627 2760.5000000000005 -847.24999999999989 4122.2500000000009 1252.2500000000002 -870.49999999999989 -127.24999999999999 1863.0000000000002 156.25000000000003 955.20053100585949 -6664.3264160156241 -24.749999999999996 2282.4992675781255 154.75000000000003 -139.74999999999997 863.25000000000011 1039.5981445312502 1050.2500000000002 2467.0000000000005 1809.0000000000002 1459.2500000000002 865.92257690429699 686.02239990234386 663.29534912109386
decision_type=2 2 2 2 2 2 2 2 2 2 2 2 2 2 2 2 2 2 2 2 2 2 2 2 2 2 2 2 2 2
left_child=1 4 12 8 7 -6 -7 13 -4 10 11 -8 -2 16 -15 -16 17 -1 -14 21 -21 -10 27 24 -24 -25 -27 28 -22 -30
right_child=2 -3 3 -5 5 6 9 -9 19 -11 -12 -13 18 14 15 -17 -18 -19 -20 20 22 -23 23 25 -26 26 -28 -29 29 -31
leaf_value=1.7069860996738559 0.34477906777777334 -29.937628132956373 3.2558534497557918 -13.848262811429572 -15.702055195758218 -18.45502556392125 5.9197218687784288 8.5343404063811672 -1.3072729804310019 -12.046926894554726 10.058294175800526 -8.8960837918658591 1.5064262039340499 -16.500918478714791 -6.4106626216660842 8.6419804000854494 -0.75720451134889721 -24.657518234252933 -10.840994783043861 1.6770260657694345 -0.30237841022506279 -11.462525883473848 -3.7324410473858869 6.6292013940603844 -27.261245399475101 -17.730131158828737 0.29692067491247304 5.831485209519836 -7.3574225486435516 -0.92365514577563967
leaf_weight=31 6971 21 309 33 38 21 31 52 2046 26 38 43 4460 38 44 25 3886 20 20 1443 4922 38 54 46 25 20 47 87 161 330
leaf_count=31 6971 21 309 33 38 21 31 52 2046 26 38 43 4460 38 44 25 3886 20 20 1443 4922 38 54 46 25 20 47 87 161 330
internal_value=3.0342e-09 -1.24593 0.255804 -0.369245 -1.10558 -5.65614 -3.25522 -0.886719 -0.32256 -0.942211 1.63567 -2.68946 0.777687 -1.00786 -6.47715 -0.956806 -0.859215 -8.63204 1.4513 -0.442501 -0.135831 -1.49245 -0.595416 -4.78535 -11.1783 -0.315965 -5.08429 -0.449149 -0.550094 -3.0333
internal_weight=25326 4314 21012 9561 4293 197 159 4096 9528 138 112 74 11451 4044 107 69 3937 51 4480 9219 7135 2084 5692 192 79 113 67 5500 5413 491
internal_count=25326 4314 21012 9561 4293 197 159 4096 9528 138 112 74 11451 4044 107 69 3937 51 4480 9219 7135 2084 5692 192 79 113 67 5500 5413 491
is_linear=0
shrinkage=0.05


Tree=44
num_leaves=31
num_cat=0
split_feature=89 267 282 75 47 61 289 110 131 278 236 211 212 115 253 232 113 225 198 264 243 173 255 211 159 135 75 96 279 265
split_gain=3.00207e+06 1.82778e+06 4.98685e+06 1.64392e+06 1.79019e+06 1.5148e+06 1.51508e+06 1.4355e+06 2.56471e+06 1.427e+06 2.19119e+06 1.33469e+06 4.0467e+06 3.35796e+06 2.5409e+06 2.04901e+06 2.12754e+06 2.00644e+06 2.88541e+06 2.13164e+06 4.15742e+06 2.37368e+06 1.64616e+06 1.53116e+06 1.52864e+06 1.49579e+06 1.44832e+06 2.22198e+06 1.74415e+06 1.52012e+06
threshold=540.77932739257824 3159.0000000000005 1229.7500000000002 562.90643310546886 606.83093261718761 579.90786743164074 -97.749999999999986 506.77168273925787 489.77264404296881 659.46487426757824 627.13027954101574 1000.7500000000001 378.75000000000006 -2078.2499999999995 2261.5000000000005 1980.5000000000002 1167.7500000000002 -785.49999999999989 -560.74999999999989 781.07574462890636 800.77172851562511 790.22567749023449 -969.74999999999989 -545.24999999999989 790.22567749023449 -466.74999999999994 655.58581542968761 606.83093261718761 1704.7255859375002 521.70968627929699
decision_type=2 2 2 2 2 2 2 2 2 2 2 2 2 2 2 2 2 2 2 2 2 2 2 2 2 2 2 2 2 2
left_child=7 3 -3 -2 -5 -6 11 8 9 -1 -11 14 13 -13 17 16 -15 18 19 -7 21 -21 -14 -22 -19 -20 27 -24 -29 -28
right_child=1 2 -4 4 5 6 -8 -9 -10 10 -12 12 22 15 -16 -17 -18 24 25 20 23 -23 26 -25 -26 -27 29 28 -30 -31
leaf_value=0.48837564299444969 -2.1504279758725882 -0.50690045087568225 -27.349880892783403 0.96700961514459438 -7.5686096160150163 0.21167987812995911 1.1682034422577035 1.5173816628966272 -1.6981583978908592 -17.766534909164463 -0.61462882677714026 -28.227709155082707 -12.99490786297568 -2.1180981192588808 -17.835116704305015 8.4474099689722077 -13.30701298883983 -0.28734280988275135 -6.2316874063931982 -6.5805854921340945 -1.3824028921913203 -27.961717040450488 1.921914933681488 -13.827622661436047 2.8920517568116102 -24.17315269651867 -6.8138825963621272 -5.1288164704638044 -18.164193996306391 0.72931890739813143
leaf_weight=12398 1549 62 24 1889 82 625 883 2441 1574 27 60 20 29 75 21 20 98 1371 26 25 292 27 100 27 522 21 73 149 31 785
leaf_count=12398 1549 62 24 1889 82 625 883 2441 1574 27 60 20 29 75 21 20 98 1371 26 25 292 27 100 27 522 21 73 149 31 785
internal_value=1.57465e-09 -0.744316 -7.99796 -0.672942 -0.354679 -0.825571 -0.719646 0.398141 0.203813 0.443597 -5.93763 -1.10401 -2.38797 -8.72559 -0.504796 -6.70464 -8.45633 -0.380839 -2.14175 -1.57047 -4.57275 -17.6823 -1.23123 -2.43576 0.589384 -14.2481 -0.93145 -4.0539 -7.3738 0.0875314
internal_weight=25326 8826 86 8740 7191 5302 5220 16500 14059 12485 87 4337 1380 213 2957 193 173 2936 1043 996 371 52 1167 319 1893 47 1138 280 180 858
internal_count=25326 8826 86 8740 7191 5302 5220 16500 14059 12485 87 4337 1380 213 2957 193 173 2936 1043 996 371 52 1167 319 1893 47 1138 280 180 858
is_linear=0
shrinkage=0.05


Tree=45
num_leaves=31
num_cat=0
split_feature=288 289 289 274 253 247 208 268 247 260 253 254 163 84 289 13 274 211 276 239 275 284 254 198 253 134 262 288 192 0
split_gain=2.87731e+06 3.03348e+06 2.70338e+06 1.70086e+06 2.2243e+06 2.97407e+06 2.39395e+06 2.13682e+06 1.82819e+06 1.55526e+06 1.52274e+06 1.856e+06 1.49404e+06 3.64672e+06 2.89713e+06 2.87549e+06 3.29712e+06 2.13304e+06 1.44803e+06 1.43935e+06 1.69666e+06 1.55219e+06 1.42262e+06 1.41771e+06 1.36674e+06 1.34755e+06 1.9682e+06 1.76622e+06 1.45281e+06 1.29817e+06
threshold=497.75000000000006 -1443.7499999999998 -139.74999999999997 502.75000000000006 425.75000000000006 -1097.2499999999998 752.59484863281261 -1099.7499999999998 -2266.7499999999995 881.25000000000011 -13.749999999999998 -207.74999999999997 -2482.7499999999995 -4419.7499999999991 -276.74999999999994 -985.37539672851551 434.75000000000006 -1316.2499999999998 402.75000000000006 -2326.4999999999995 -786.99999999999989 5197.5998535156259 -207.74999999999997 2251.5000000000005 607.75000000000011 -1399.2499999999998 -967.74999999999989 685.25000000000011 -549.74999999999989 -4531.2499999999991
decision_type=2 2 2 2 2 2 2 2 2 2 2 2 2 2 2 2 2 2 2 2 2 2 2 2 2 2 2 2 2 2
left_child=2 -2 3 4 9 6 -6 -7 -5 19 -4 -12 13 24 15 16 -15 -16 -9 -1 21 -21 -22 -13 -3 -14 27 28 -27 -28
right_child=1 12 10 8 5 7 -8 18 -10 -11 11 23 25 14 17 -17 -18 -19 -20 20 22 -23 -24 -25 -26 26 29 -29 -30 -31
leaf_value=-4.9726490908739525 -18.387247061729433 0.18974236641769057 1.841536521426248 -13.381118506735021 -4.5660170653770713 -10.880623821020126 -26.732883759907317 -1.1873187431274315 1.0988966451063316 -10.4833184838295 -1.4516368496574121 0.99938327239463165 2.968500698097412 -11.884601143428258 6.0246588117197941 -2.7653563646169808 -37.750754659826107 -9.1149532413482657 -11.894384111044928 1.2929817624244417 -0.80854950803618209 -11.760874209196672 1.1569518100558536 -4.3150998919509176 15.490637903213504 4.0279072970648606 -12.565445328752201 -18.472406380971275 -12.292298356831076 -0.88550120513495156
leaf_weight=147 26 54 2849 22 29 60 21 2391 2378 36 1069 4611 206 28 38 26 22 60 32 2301 4784 23 1140 129 20 30 24 30 25 2715
leaf_count=147 26 54 2849 22 29 60 21 2391 2378 36 1069 4611 206 28 38 26 22 60 32 2301 4784 23 1140 129 20 30 24 30 25 2715
internal_value=-2.18968e-09 -1.37591 0.20643 -0.239468 -0.503379 -1.80266 -13.8761 -1.55954 0.966163 -0.113024 0.894692 0.430317 -1.24098 -4.97212 -8.92612 -16.2524 -23.2657 -3.24449 -1.32872 -0.0685532 0.01885 1.16379 -0.430313 0.854749 4.32512 -0.93559 -1.22038 -8.71344 -3.39037 -0.987845
internal_weight=25326 3304 22022 13364 10964 2533 50 2483 2400 8431 8658 5809 3278 248 174 76 50 98 2423 8395 8248 2324 5924 4740 74 3030 2824 85 55 2739
internal_count=25326 3304 22022 13364 10964 2533 50 2483 2400 8431 8658 5809 3278 248 174 76 50 98 2423 8395 8248 2324 5924 4740 74 3030 2824 85 55 2739
is_linear=0
shrinkage=0.05


Tree=46
num_leaves=31
num_cat=0
split_feature=289 287 288 65 275 274 222 8 178 275 18 12 226 206 124 184 192 282 277 283 253 276 292 45 162 244 240 288 48 254
split_gain=2.63466e+06 5.95112e+06 2.31428e+06 2.10212e+06 1.52571e+06 2.08381e+06 1.90952e+06 1.90774e+06 2.40039e+06 1.83436e+06 1.57578e+06 1.40596e+06 1.71375e+06 1.66462e+06 1.91924e+06 1.27882e+06 1.67779e+06 1.41343e+06 1.23507e+06 1.98381e+06 1.12775e+06 2.06193e+06 1.30082e+06 1.1189e+06 1.09705e+06 1.51945e+06 1.09213e+06 2.30445e+06 1.09083e+06 3.08312e+06
threshold=-426.74999999999994 1568.7500000000002 177.75000000000003 7756.2500000000009 -672.24999999999989 154.75000000000003 671.90725708007824 2034.2500000000002 -212.74999999999997 -121.74999999999999 -3935.862426757812 1289.656921386719 2760.5000000000005 -3070.2499999999995 1169.2799072265627 4122.2500000000009 1206.7500000000002 -647.24999999999989 3706.5974121093755 88.250000000000014 1863.0000000000002 156.25000000000003 955.20053100585949 2938.5000000000005 -129.74999999999997 -686.78750610351551 -1590.2499999999998 657.75000000000011 -6664.3264160156241 -1837.7499999999998
decision_type=2 2 2 2 2 2 2 2 2 2 2 2 2 2 2 2 2 2 2 2 2 2 2 2 2 2 2 2 2 2
left_child=1 11 -2 4 18 6 24 8 10 26 -8 12 20 -13 -15 16 17 -16 -4 -20 28 -22 -23 -9 -6 -26 27 -7 29 -1
right_child=2 -3 3 -5 5 9 7 23 -10 -11 -12 13 -14 14 15 -17 -18 -19 19 -21 21 22 -24 -25 25 -27 -28 -29 -30 -31
leaf_value=-20.095315742492676 0.7652919983002805 -27.677665242694673 1.8713997475175734 -12.884353672374381 -0.11436495510687739 -0.03423768937587738 -17.418794361203908 7.2261837482452398 -22.137022512800556 -0.47912077522021107 -0.55118849754333499 -16.183952007622555 8.2220131177168625 -17.351316815330872 1.8953705665583795 -11.252636647224428 9.50702890371665 -11.733257112900418 -15.257652800423759 2.4874839332368639 -15.330881347311172 -6.001903675344181 8.2807067832946775 -8.2581407743692399 -13.331317826360465 -2.2487722356657409 1.8366670933572782 -18.109451153164819 -0.68014474996009477 4.4966773827075963
leaf_weight=26 10318 21 1087 33 805 110 20 28 34 6032 45 29 52 21 52 26 39 30 28 36 38 44 25 20 32 923 1440 21 3886 25
leaf_count=26 10318 21 1087 33 805 110 20 28 34 6032 45 29 52 21 52 26 39 30 28 36 38 44 25 20 32 923 1440 21 3886 25
internal_value=2.4458e-11 -1.12549 0.231076 -0.284356 -0.245355 -0.453446 -1.93128 -7.4059 -11.3721 -0.0827727 -5.74122 -0.995608 -0.797168 -5.12155 -3.21197 -1.19206 0.969716 -3.09071 1.47398 -5.27601 -0.913141 -5.97794 -0.827045 0.774382 -1.47402 -2.62012 1.43904 -2.93179 -0.77549 -8.04042
internal_weight=25326 4314 21012 10694 10661 9510 1907 147 99 7603 65 4293 4096 197 168 147 121 82 1151 64 4044 107 69 48 1760 955 1571 131 3937 51
internal_count=25326 4314 21012 10694 10661 9510 1907 147 99 7603 65 4293 4096 197 168 147 121 82 1151 64 4044 107 69 48 1760 955 1571 131 3937 51
is_linear=0
shrinkage=0.05


Tree=47
num_leaves=31
num_cat=0
split_feature=289 287 5 180 159 89 11 260 68 247 5 287 37 36 274 198 288 281 80 216 246 201 222 243 163 243 264 36 211 288
split_gain=2.50792e+06 2.84921e+06 6.97919e+06 1.84442e+06 2.28066e+06 1.88612e+06 1.65998e+06 1.55882e+06 1.41289e+06 1.88806e+06 1.26196e+06 2.37644e+06 1.45269e+06 2.12294e+06 1.65017e+06 1.80088e+06 1.21233e+06 1.45303e+06 1.57366e+06 1.99575e+06 1.19866e+06 1.19425e+06 1.63266e+06 1.39418e+06 1.29631e+06 1.2478e+06 1.64443e+06 1.91677e+06 1.15629e+06 1.14711e+06
threshold=-111.24999999999999 1568.7500000000002 696.83001708984386 576.05075073242199 604.26492309570324 635.98635864257824 6379.7675781250009 55.250000000000007 621.24331665039074 24.250000000000004 1289.656921386719 752.75000000000011 -6061.2499999999991 -3477.2499999999995 150.25000000000003 442.75000000000006 389.25000000000006 387.75000000000006 -399.49999999999994 65.632843017578139 45.250000000000007 547.25030517578136 515.28646850585949 478.46987915039068 -353.24999999999994 474.42420959472662 483.66952514648443 4425.2500000000009 -44.749999999999993 177.75000000000003
decision_type=2 2 2 2 2 2 2 2 2 2 2 2 2 2 2 2 2 2 2 2 2 2 2 2 2 2 2 2 2 2
left_child=1 3 -3 21 6 -6 29 -2 9 20 -10 12 -12 -14 15 -15 -9 18 -18 -20 -7 22 25 24 28 26 27 -1 -24 -5
right_child=7 2 -4 4 5 8 -8 16 10 -11 11 -13 13 14 -16 -17 17 -19 19 -21 -22 -23 23 -25 -26 -27 -28 -29 -30 -31
leaf_value=0.090725210707485862 1.7954231322677794 -35.316908216476442 1.1735857690635481 -1.2825962086804281 1.3188943687958785 -5.6145558037169998 -17.425491895675659 0.74208513296740342 -0.55853025332267081 -13.01206435153359 -14.076021001550059 -15.601559759441177 12.635571162223817 -3.5065171896242626 0.13174372609795593 -20.115866763393086 1.2486690474090292 -0.321370529119264 -21.208797121047976 -5.1685410664813354 5.2430192605043073 1.435819274906379 -6.9035599631647919 -1.2731392416099074 -1.0887853835310255 1.2690404204401358 -2.8413720543840157 -13.019870253971645 -22.323882827758791 -4.6076714260667568
leaf_weight=6408 2378 20 38 539 1013 73 20 4151 2743 57 24 38 25 51 164 24 67 1540 24 101 39 1359 31 1410 42 1860 539 28 20 500
leaf_count=6408 2378 20 38 539 1013 73 20 4151 2743 57 24 38 25 51 164 24 67 1540 24 101 39 1359 31 1410 42 1860 539 28 20 500
internal_value=8.80573e-10 -0.346184 -11.4093 -0.308455 -1.08127 -0.564075 -3.15738 0.715123 -1.15316 -5.60398 -0.908065 -3.84908 -2.29841 -1.22772 -2.67785 -8.82151 0.278448 -0.832727 -4.93423 -8.24827 -1.83379 0.0423751 -0.140803 -1.66423 -7.59373 0.118362 -0.188486 0.0336872 -12.9507 -2.88273
internal_weight=25326 17065 58 17007 5310 4251 1059 8261 3238 169 3069 326 288 264 239 75 5883 1732 192 125 112 11697 10338 1503 93 8835 6975 6436 51 1039
internal_count=25326 17065 58 17007 5310 4251 1059 8261 3238 169 3069 326 288 264 239 75 5883 1732 192 125 112 11697 10338 1503 93 8835 6975 6436 51 1039
is_linear=0
shrinkage=0.05


Tree=48
num_leaves=31
num_cat=0
split_feature=5 267 278 240 61 289 19 26 47 61 68 89 128 276 134 162 163 265 115 170 112 255 288 254 199 191 226 253 268 203
split_gain=2.32002e+06 1.53471e+06 4.64673e+06 2.30676e+06 1.49374e+06 1.39532e+06 1.41963e+06 1.36527e+06 2.0841e+06 1.46175e+06 1.40344e+06 3.86013e+06 1.25829e+06 2.12348e+06 1.88681e+06 1.32211e+06 1.89433e+06 2.77291e+06 1.9649e+06 3.22369e+06 1.45059e+06 1.41325e+06 1.09738e+06 1.09691e+06 1.17732e+06 1.51588e+06 3.15256e+06 1.15774e+06 2.46556e+06 1.29329e+06
threshold=521.44338989257824 3159.0000000000005 1125.5928955078127 2304.7500000000005 1289.656921386719 -57.749999999999993 492.74760437011724 491.20996093750006 458.64300537109381 451.35649108886724 401.64936828613287 386.14636230468756 -6041.4999999999991 -499.74999999999994 -5083.9999999999991 -3179.7499999999995 -3428.2499999999995 -1632.2533569335935 -4383.4999999999991 -2678.2499999999995 -3543.7499999999995 -90.749999999999986 245.25000000000003 -3206.2499999999995 5251.2500000000009 3876.2500000000005 1943.0000000000002 2167.0000000000005 -193.24999999999997 3338.7500000000005
decision_type=2 2 2 2 2 2 2 2 2 2 2 2 2 2 2 2 2 2 2 2 2 2 2 2 2 2 2 2 2 2
left_child=7 5 -3 -4 -5 6 22 8 10 -10 11 -1 13 -8 -15 21 17 20 19 -18 -17 -14 -2 -20 25 27 -27 -25 -29 -30
right_child=1 2 3 4 -6 -7 12 -9 9 -11 -12 -13 15 14 -16 16 18 -19 23 -21 -22 -23 -24 24 -26 26 -28 28 29 -31
leaf_value=0.65356909806600827 -11.11451165552797 -28.354871873855593 12.839552093687514 2.5090982982090542 -15.750805830955507 1.1405951206065432 1.6193059624695196 1.4914285763518207 -3.7791010274714427 -0.56852974714834936 1.2980748507759887 -2.25126754809915 1.5365295921706341 -22.910994412348824 -2.4836876225471496 4.4373696762582533 3.0138214917409991 -17.805900084666717 -9.0309796810150154 -24.081825330983037 -7.6453909202858261 12.81212468580766 -1.1614132429631252 -0.38900759833922183 6.9832377653855549 -23.565691067955711 -0.47050087292989096 -16.284288950527415 -3.5920071818395565 5.9577283482218899
leaf_weight=5760 58 20 21 21 24 1106 41 2367 441 1808 3497 1427 176 26 20 46 21 39 38 23 54 33 53 7808 52 22 45 34 202 43
leaf_count=5760 58 20 21 21 24 1106 41 2367 441 1808 3497 1427 176 26 20 46 21 39 38 23 54 33 53 7808 52 22 45 34 202 43
internal_value=3.02387e-10 -0.591172 -7.2418 -0.843904 -7.22952 -0.533632 -0.743242 0.387392 0.185331 -1.19808 0.476541 0.0768052 -0.671741 -6.65481 -14.0296 -0.611467 -0.708895 -6.49757 -0.611812 -11.1498 -2.08732 3.31689 -6.36213 -0.555569 -0.516321 -0.564147 -8.054 -0.502095 -3.66691 -1.91593
internal_weight=25326 10026 86 66 45 9940 8834 15300 12933 2249 10684 7187 8723 87 46 8636 8427 139 8288 44 100 209 111 8244 8206 8154 67 8087 279 245
internal_count=25326 10026 86 66 45 9940 8834 15300 12933 2249 10684 7187 8723 87 46 8636 8427 139 8288 44 100 209 111 8244 8206 8154 67 8087 279 245
is_linear=0
shrinkage=0.05


Tree=49
num_leaves=31
num_cat=0
split_feature=288 289 289 274 253 247 260 268 247 260 276 163 84 79 224 185 183 266 122 134 122 231 149 253 254 203 275 242 288 247
split_gain=2.21184e+06 2.56669e+06 2.03772e+06 1.50704e+06 1.87814e+06 2.53694e+06 2.12727e+06 1.79375e+06 1.58449e+06 1.36603e+06 1.29682e+06 1.28385e+06 1.98364e+06 2.48589e+06 1.56845e+06 1.91649e+06 1.8909e+06 1.56661e+06 1.28088e+06 1.27541e+06 1.98029e+06 1.5339e+06 2.29227e+06 1.24507e+06 1.64806e+06 1.23563e+06 1.17654e+06 1.63027e+06 2.72143e+06 1.2647e+06
threshold=497.75000000000006 -1443.7499999999998 -139.74999999999997 502.75000000000006 425.75000000000006 -1097.2499999999998 540.25000000000011 -1099.7499999999998 -2266.7499999999995 881.25000000000011 402.75000000000006 -1970.2499999999998 -4419.7499999999991 -4300.2499999999991 -1479.7499999999998 -1622.7499999999998 -1651.9999999999998 -162.24999999999997 -2437.2499999999995 -941.74999999999989 -1494.7499999999998 -1342.7499999999998 -281.74999999999994 -13.749999999999998 -277.24999999999994 2337.7500000000005 -786.99999999999989 -5856.0551757812491 151.75000000000003 -2670.4999999999995
decision_type=2 2 2 2 2 2 2 2 2 2 2 2 2 2 2 2 2 2 2 2 2 2 2 2 2 2 2 2 2 2
left_child=2 -2 3 4 9 6 -6 -7 -5 26 -9 12 17 -14 -15 16 18 -3 -16 -13 -21 22 -22 -4 -25 -26 29 28 -28 -1
right_child=1 11 23 8 5 7 -8 10 -10 -11 -12 19 13 14 15 -17 -18 -19 -20 20 21 -23 -24 24 25 -27 27 -29 -30 -31
leaf_value=-3.1413341748845447 -16.854197971637433 -3.7466497705096291 1.6347134132611623 -12.428095956282183 -4.3786596898237873 -9.964041722615562 -25.430507860183717 -1.0786271128107046 1.0522951233304905 -9.8148234069347389 -11.21123378276825 2.4909725999875039 -18.956141439080238 1.0038550053873372 -17.116279054724654 -1.9666600193696864 -25.651708275931227 10.079566850662232 -1.7454485972722371 -13.432505634427072 -1.4732757284091069 -0.72960184341138035 -21.658073305541819 -1.7456663960395868 0.83747385522822393 -3.6556477446533457 3.2143846885017733 -0.35762716140575956 -20.190561623043486 1.1908863374738898
leaf_weight=182 26 42 2849 22 30 60 20 2391 2378 36 32 278 32 93 23 85 21 40 33 32 39 2538 22 802 4849 158 23 5898 27 2265
leaf_count=182 26 42 2849 22 30 60 20 2391 2378 36 32 278 32 93 23 85 21 40 33 32 39 2538 22 802 4849 158 23 5898 27 2265
internal_value=-2.27105e-09 -1.20635 0.18099 -0.206138 -0.454557 -1.64847 -12.7994 -1.42392 0.928725 -0.0958603 -1.21245 -1.08223 -3.86054 -5.82008 -4.17164 -7.14275 -12.8566 2.99785 -8.05847 -0.729809 -1.07013 -0.917916 -8.75304 0.778539 0.358632 0.69569 -0.0541828 -0.433843 -9.42429 0.86867
internal_weight=25326 3304 22022 13364 10964 2533 50 2483 2400 8431 2423 3278 369 287 255 162 77 82 56 2909 2631 2599 61 8658 5809 5007 8395 5948 50 2447
internal_count=25326 3304 22022 13364 10964 2533 50 2483 2400 8431 2423 3278 369 287 255 162 77 82 56 2909 2631 2599 61 8658 5809 5007 8395 5948 50 2447
is_linear=0
shrinkage=0.05


Tree=50
num_leaves=31
num_cat=0
split_feature=289 287 58 253 254 162 269 227 253 254 266 254 253 117 233 6 254 253 239 82 230 250 232 247 108 275 254 246 267 283
split_gain=2.04329e+06 4.98438e+06 2.01399e+06 1.77532e+06 3.41959e+06 2.42072e+06 1.68481e+06 2.52852e+06 1.40418e+06 3.15657e+06 1.93263e+06 1.61927e+06 1.86953e+06 1.82387e+06 1.54881e+06 1.39346e+06 1.22755e+06 2.13576e+06 1.56508e+06 1.17951e+06 1.53499e+06 1.44327e+06 1.17037e+06 1.1135e+06 2.39578e+06 1.2353e+06 1.88901e+06 3.01194e+06 2.19121e+06 3.48591e+06
threshold=-426.74999999999994 1568.7500000000002 6312.7500000000009 30.750000000000004 -291.74999999999994 2289.5000000000005 1222.2500000000002 1142.7500000000002 581.75000000000011 189.75000000000003 1075.2500000000002 107.75000000000001 351.25000000000006 639.33035278320324 -34.249999999999993 4261.3144531250009 -516.74999999999989 -334.74999999999994 -605.74999999999989 503.97985839843756 -354.82919311523432 515.26843261718761 1148.7500000000002 -2382.2499999999995 -5749.2499999999991 -950.24999999999989 -1139.7499999999998 -665.74999999999989 1.0000000180025095e-35 -354.24999999999994
decision_type=2 2 2 2 2 2 2 2 2 2 2 2 2 2 2 2 2 2 2 2 2 2 2 2 2 2 2 2 2 2
left_child=1 23 3 16 5 -5 7 -4 11 10 15 12 -6 -14 -11 -10 17 -2 19 20 -19 -21 -18 24 -1 -25 27 -27 -29 -30
right_child=2 -3 6 4 8 -7 -8 -9 9 14 -12 -13 13 -15 -16 -17 22 18 -20 21 -22 -23 -24 25 -26 26 -28 28 29 -31
leaf_value=-20.01068163826352 1.1383422726064301 -25.291158821469264 -16.76417600631714 -2.5011846241904601 1.1097746812267097 3.7982192058161086 -17.243860410821849 5.3018998738881713 -2.7225860290087134 2.5192108239779087 -14.748404884338379 2.3704561694406379 -2.0219711206317363 4.2386387766772557 -0.057803888019971786 4.8771599736064672 2.145499866841313 0.35763935553417969 -0.1842536032169253 -15.03772238173136 -13.650733184509656 -4.3446732240708643 -6.0147968398200149 0.75633077649523162 -2.5544236989673657 -1.3733192496452469 -0.66353663560857745 -5.7837108022180104 -35.003622114658356 -7.4626048900462969
leaf_weight=21 3750 21 20 1876 2442 166 29 37 1048 663 32 1317 1039 131 4835 64 1864 176 1278 41 22 137 45 1131 307 281 2419 87 20 27
leaf_count=21 3750 21 20 1876 2442 166 29 37 1048 663 32 1317 1039 131 4835 64 1864 176 1278 41 22 137 45 1131 307 281 2419 87 20 27
internal_value=-5.27917e-10 -0.991164 0.203497 0.234878 -0.10267 -1.98909 -7.43239 -2.44058 0.230237 -0.244253 -2.63381 0.869628 0.322399 -1.321 0.252957 -2.28519 0.863218 0.478196 -1.01851 -3.85409 -1.19885 -6.80768 1.95314 -0.872296 -3.67205 -0.640689 -1.19822 -4.31482 -10.4832 -19.1822
internal_weight=25326 4314 21012 20926 13613 2042 86 57 11571 6642 1144 4929 3612 1170 5498 1112 7313 5404 1654 376 198 178 1909 4293 328 3965 2834 415 134 47
internal_count=25326 4314 21012 20926 13613 2042 86 57 11571 6642 1144 4929 3612 1170 5498 1112 7313 5404 1654 376 198 178 1909 4293 328 3965 2834 415 134 47
is_linear=0
shrinkage=0.05


Tree=51
num_leaves=31
num_cat=0
split_feature=288 289 274 253 288 247 124 281 4 211 158 101 275 254 262 253 30 225 274 281 245 57 248 163 84 289 108 275 13 134
split_gain=1.90022e+06 2.23517e+06 1.81579e+06 2.15653e+06 2.15517e+06 1.7005e+06 4.98747e+06 3.42846e+06 1.63241e+06 1.6273e+06 2.33463e+06 1.63157e+06 1.50396e+06 1.55149e+06 2.03664e+06 1.51158e+06 1.38752e+06 1.25809e+06 1.24324e+06 1.21738e+06 1.29108e+06 1.27673e+06 1.2192e+06 1.15741e+06 2.83894e+06 2.35668e+06 2.37306e+06 1.43778e+06 1.3002e+06 1.20165e+06
threshold=497.75000000000006 -1443.7499999999998 146.75000000000003 -227.24999999999997 118.25000000000001 -1080.2499999999998 681.98138427734386 -54.749999999999993 7866.5048828125009 2257.5000000000005 -2535.6101074218745 -5781.4999999999991 -77.749999999999986 182.25000000000003 1055.2500000000002 310.75000000000006 -5324.2499999999991 2052.0000000000005 489.75000000000006 -189.74999999999997 717.25000000000011 -2952.2499999999995 841.75000000000011 -2430.2499999999995 -4419.7499999999991 -276.74999999999994 -3709.2499999999995 -314.74999999999994 -985.37539672851551 -1399.2499999999998
decision_type=2 2 2 2 2 2 2 2 2 2 2 2 2 2 2 2 2 2 2 2 2 2 2 2 2 2 2 2 2 2
left_child=2 -2 3 8 19 6 -6 -8 -1 11 -11 -4 -13 14 15 -14 -7 -12 -15 20 21 -5 -22 24 -3 26 -26 -27 -28 -25
right_child=1 23 9 4 5 16 7 -9 -10 10 17 12 13 18 -16 -17 -18 -19 -20 -21 22 -23 -24 29 25 27 28 -29 -30 -31
leaf_value=0.56593295821577028 -15.720506605735194 4.0929485437032342 -12.543467321603195 -13.196904572573576 -1.6797363520502211 8.1332921187082938 -3.7518790149688721 -30.30457960867113 -10.272208189964296 -18.537831575870513 -4.7516901320057947 1.4369336315145633 0.59147491011165521 -0.52806477152672626 -15.659819726510481 -1.6102310494021439 -1.7515633855845267 0.052979280507080333 1.8415277474867289 0.35992386194349124 -18.259790219863259 -0.7508609002782749 -2.4825606327056886 3.0189958073496821 -26.776059350967412 5.4823366622130081 -14.576598799973727 -6.7556830232342087 1.2135390541770243 -0.99186721543232981
leaf_weight=4719 26 74 23 22 143 36 20 31 35 20 185 4865 1742 787 22 1411 2561 517 1866 2643 24 325 25 200 25 36 32 72 22 2817
leaf_count=4719 26 74 23 22 143 36 20 31 35 20 185 4865 1742 787 22 1411 2561 517 1866 2643 24 325 25 200 25 36 32 72 22 2817
internal_value=2.71274e-09 -1.11814 0.167757 -0.304224 -0.948717 -1.95186 -6.46743 -19.8918 0.48614 0.604499 -1.69311 0.759302 0.787916 0.24614 -0.499591 -0.393811 -1.61454 -1.21321 1.1386 -0.0274373 -2.61278 -1.53995 -10.2102 -1.00232 -4.19663 -7.477 -14.0399 -2.67634 -8.14358 -0.725983
internal_weight=25326 3304 22022 10584 5830 2791 194 51 4754 11438 722 10716 10693 5828 3175 3153 2597 702 2653 3039 396 347 49 3278 261 187 79 108 54 3017
internal_count=25326 3304 22022 10584 5830 2791 194 51 4754 11438 722 10716 10693 5828 3175 3153 2597 702 2653 3039 396 347 49 3278 261 187 79 108 54 3017
is_linear=0
shrinkage=0.05


Tree=52
num_leaves=31
num_cat=0
split_feature=289 287 5 180 275 201 108 131 21 260 183 292 194 5 128 276 273 18 131 159 173 117 128 131 250 288 82 68 64 162
split_gain=1.82135e+06 2.11906e+06 6.42264e+06 1.32874e+06 1.26539e+06 1.26057e+06 1.47318e+06 1.31307e+06 1.02974e+06 1.83398e+06 1.05182e+06 1.02237e+06 951441 966397 958060 1.97317e+06 2.01844e+06 1.36726e+06 941763 1.55677e+06 2.20168e+06 1.44804e+06 958937 927514 978768 1.3578e+06 909716 1.36235e+06 1.14854e+06 892661
threshold=-111.24999999999999 1568.7500000000002 696.83001708984386 524.85437011718761 -121.74999999999999 489.64710998535162 3929.5000000000005 596.30377197265636 2835.7500000000005 1439.7500000000002 401.25000000000006 1039.5981445312502 500.86297607421881 591.37487792968761 -6041.4999999999991 -499.74999999999994 -74.749999999999986 -4648.4772949218741 455.72532653808599 386.02037048339849 359.40846252441412 494.26380920410162 -3308.7499999999995 539.24108886718761 384.42428588867193 160.75000000000003 418.52803039550787 363.87638854980474 -1372.9999999999998 -3179.7499999999995
decision_type=2 2 2 2 2 2 2 2 2 2 2 2 2 2 2 2 2 2 2 2 2 2 2 2 2 2 2 2 2 2
left_child=1 3 -3 5 8 6 18 -7 11 10 -10 -2 13 -5 15 17 -17 -14 19 20 -1 23 -21 24 25 -20 27 -22 -28 -16
right_child=4 2 -4 12 -6 7 -8 -9 9 -11 -12 -13 14 -15 29 16 -18 -19 21 22 26 -23 -24 -25 -26 -27 28 -29 -30 -31
leaf_value=0.45294282337018521 1.4198514115135605 -32.770413322448732 2.234911015786623 -2.6421806052327157 0.044520820186196887 1.4780200759694917 -9.8451003637069316 -9.0689603934685401 -8.7223578539761633 -16.052894633866494 1.0184276914665464 10.846699027357431 11.435655717849732 -12.299532333016396 2.583774483309321 -24.443309263388315 -3.4163232460021975 -6.6274839693849747 -2.105335441045463 -6.9902383722577781 -3.3483456263448965 0.39016989612390129 1.3491878713948831 -10.189364023837779 -1.5048155752025814 -13.84848494052887 -14.584624828611101 0.55737525111032749 -3.7622368766874228 -0.70940895731413267
leaf_weight=2207 3499 20 38 136 4506 1807 39 30 33 21 173 29 20 32 212 21 25 22 64 35 486 945 2282 36 921 40 28 413 197 7009
leaf_count=2207 3499 20 38 136 4506 1807 39 30 33 21 173 29 20 32 212 21 25 22 64 35 486 945 2282 36 921 40 28 413 197 7009
internal_value=1.91402e-09 -0.295017 -9.83589 -0.262479 0.609426 0.128986 -0.152019 1.30578 1.28731 -1.97692 -0.541989 1.49734 -0.761431 -4.48168 -0.67592 -5.86147 -13.0156 1.97401 -0.102629 0.227904 -0.464421 -1.03326 1.22321 -2.30107 -2.02402 -6.62193 -2.26569 -1.55406 -5.10902 -0.612725
internal_weight=25326 17065 58 17007 8261 9530 7693 1837 3755 227 206 3528 7477 168 7309 88 46 42 7654 5648 3331 2006 2317 1061 1025 104 1124 899 225 7221
internal_count=25326 17065 58 17007 8261 9530 7693 1837 3755 227 206 3528 7477 168 7309 88 46 42 7654 5648 3331 2006 2317 1061 1025 104 1124 899 225 7221
is_linear=0
shrinkage=0.05


Tree=53
num_leaves=31
num_cat=0
split_feature=5 26 47 26 47 38 26 68 89 267 155 54 61 289 16 4 68 101 286 71 100 281 281 0 100 288 92 13 282 241
split_gain=1.70424e+06 1.72533e+06 1.97127e+06 1.99787e+06 1.72781e+06 1.55835e+06 1.43739e+06 1.39752e+06 1.60443e+06 1.29261e+06 4.46836e+06 2.90898e+06 1.04576e+06 954977 954775 954235 1.29244e+06 949714 2.90887e+06 2.75955e+06 1.73483e+06 1.40236e+06 1.94322e+06 1.37837e+06 1.3457e+06 1.22534e+06 1.10268e+06 976798 921840 1.2682e+06
threshold=492.74760437011724 452.97486877441412 372.93989562988287 378.54905700683599 449.62045288085943 3496.7500000000005 478.68170166015631 354.66441345214849 334.04429626464849 3159.0000000000005 1810.2500000000002 1125.5928955078127 470.41799926757818 -59.749999999999993 6941.5000000000009 -4008.904907226562 477.50320434570318 -3147.4999999999995 -192.12851715087888 -1723.2499999999998 -2356.2499999999995 219.25000000000003 193.75000000000003 -4531.2499999999991 -3390.9999999999995 289.75000000000006 -2223.7499999999995 -1267.8400878906248 -1406.2499999999998 -2586.2499999999995
decision_type=2 2 2 2 2 2 2 2 2 2 2 2 2 2 2 2 2 2 2 2 2 2 2 2 2 2 2 2 2 2
left_child=1 2 7 5 -5 -4 15 8 -1 13 -11 -12 -6 17 -13 16 -2 18 19 21 26 22 24 25 28 -22 -19 -23 -8 -30
right_child=6 -3 3 4 12 -7 9 -9 -10 10 11 14 -14 -15 -16 -17 -18 20 -20 -21 23 27 -24 -25 -26 -27 -28 -29 29 -31
leaf_value=0.91736482227394078 -0.88096757481495536 1.4694177286903625 -2.2415249559802648 0.49248629284659656 -3.1600575550564138 -15.994654660565514 3.1497094148120217 2.075056121541905 -1.3369105082718189 -27.114213935136799 13.306409095764161 -0.88707427978515629 0.2502930635078387 1.0003822481735154 -16.151755934953691 -2.1856660260187164 -16.827730991222239 0.24228075811914349 -18.583998034550593 -18.217545819282531 -2.5068005924162113 2.6737925285959059 -18.078473907709121 -0.4759370564307448 -14.382568241301039 -17.128847188534944 3.5320649187276967 -7.1606370244707378 -13.292647732221164 -1.67415947246944
leaf_weight=2714 24 2896 1073 3038 622 21 86 1471 1113 20 25 21 352 1332 20 572 27 603 26 24 38 257 20 8149 21 23 441 28 26 243
leaf_count=2714 24 2896 1073 3038 622 21 86 1471 1113 20 25 21 352 1332 20 572 27 603 26 24 38 257 20 8149 21 23 441 28 26 243
internal_value=-1.37361e-09 0.39002 0.0895647 -0.611501 -0.0950347 -2.50552 -0.431337 0.765224 0.261758 -0.303567 -6.41032 -0.136416 -1.92757 -0.25716 -8.33326 -2.76997 -9.32337 -0.424917 -2.15991 -1.5542 -0.287864 -0.966947 -2.89181 -0.531989 -2.08401 -8.02003 1.63193 1.7076 -1.35649 -2.79714
internal_weight=25326 13300 10404 5106 4012 1094 12026 5298 3827 11403 86 66 974 11317 41 623 51 9985 731 705 9254 681 396 8210 376 61 1044 285 355 269
internal_count=25326 13300 10404 5106 4012 1094 12026 5298 3827 11403 86 66 974 11317 41 623 51 9985 731 705 9254 681 396 8210 376 61 1044 285 355 269
is_linear=0
shrinkage=0.05


Tree=54
num_leaves=31
num_cat=0
split_feature=288 289 274 260 98 288 289 128 273 211 79 220 184 282 254 253 30 268 253 50 222 275 33 19 205 247 84 79 135 22
split_gain=1.59997e+06 1.95773e+06 1.60491e+06 1.95263e+06 2.07766e+06 2.07576e+06 1.43632e+06 2.35229e+06 1.4393e+06 1.43047e+06 1.53842e+06 1.62561e+06 1.36538e+06 1.21052e+06 1.19629e+06 1.7273e+06 1.17412e+06 1.42056e+06 2.21888e+06 1.14435e+06 1.52768e+06 2.47529e+06 2.57908e+06 1.32308e+06 1.13614e+06 1.85268e+06 1.81367e+06 2.68872e+06 1.54631e+06 1.73327e+06
threshold=497.75000000000006 -1443.7499999999998 146.75000000000003 -185.24999999999997 3873.2500000000005 118.25000000000001 -645.74999999999989 -3543.9999999999995 -384.74999999999994 2307.2500000000005 -52.249999999999993 1913.2500000000002 -3212.2499999999995 -12.749999999999998 435.25000000000006 715.25000000000011 -5324.2499999999991 -1099.7499999999998 792.75000000000011 966.75000000000011 652.10885620117199 -572.24999999999989 721.68511962890636 690.89605712890636 -635.74999999999989 -1724.2499999999998 -4419.7499999999991 -4300.2499999999991 -557.74999999999989 -437.24999999999994
decision_type=2 2 2 2 2 2 2 2 2 2 2 2 2 2 2 2 2 2 2 2 2 2 2 2 2 2 2 2 2 2
left_child=2 -2 3 4 -1 12 7 -4 -8 13 11 -11 -5 -10 15 -15 -7 18 -18 20 -19 23 -23 -22 26 -26 -3 -28 -29 -30
right_child=1 24 6 5 -6 16 8 -9 9 10 -12 -13 -14 14 -16 -17 17 19 -20 -21 21 22 -24 -25 25 -27 27 28 29 -31
leaf_value=0.53174010887575285 -14.692106876006495 4.5508828784028692 -18.879233326230729 -12.439515842090955 -12.891743377159381 6.2629600325296089 3.0970674127469895 -1.5857020929648653 1.0549427332139112 -20.859545271737236 -1.0923930857016042 -2.5930876881911837 0.06139360258356346 -0.077779570545624871 1.5555454534640658 -3.6461591347978621 -3.0464573287963868 -2.199555731614109 -22.729533059256418 -0.44390301431591317 -10.293268707820348 -6.3880807325243953 -25.076333173116051 5.205213117599488 -15.134584958212717 -0.21766309831622085 -16.525166983074612 -1.039985874011804 -14.265152638785693 -3.7238700802413582
leaf_weight=4803 26 84 21 22 29 43 575 309 6681 21 533 29 3059 2059 804 406 45 1523 21 900 21 48 30 40 21 2366 36 531 49 191
leaf_count=4803 26 84 21 22 29 43 575 309 6681 21 533 29 3059 2059 804 406 45 1523 21 900 21 48 30 40 21 2366 36 531 49 191
internal_value=-2.57642e-09 -1.02601 0.153934 -0.289795 0.451177 -0.912252 0.564532 -2.6862 0.661106 0.528126 -1.87907 -10.265 -0.0278696 0.66917 -0.119251 -0.665513 -1.93239 -2.06648 -9.30925 -1.8799 -2.65752 -7.67531 -13.5759 -0.13033 -0.917612 -0.348897 -2.44121 -3.16901 -2.54538 -5.87605
internal_weight=25326 3304 22022 10584 4832 5752 11438 330 11108 10533 583 50 3081 9950 3269 2465 2671 2628 66 2562 1662 139 78 61 3278 2387 891 807 771 240
internal_count=25326 3304 22022 10584 4832 5752 11438 330 11108 10533 583 50 3081 9950 3269 2465 2671 2628 66 2562 1662 139 78 61 3278 2387 891 807 771 240
is_linear=0
shrinkage=0.05


Tree=55
num_leaves=31
num_cat=0
split_feature=289 287 5 120 60 102 121 267 134 236 180 201 108 131 288 149 146 159 138 152 191 110 89 89 4 75 68 75 220 12
split_gain=1.52043e+06 1.82647e+06 5.84059e+06 1.16313e+06 2.15376e+06 2.59208e+06 2.23577e+06 1.46909e+06 1.1243e+06 1.15855e+06 1.06037e+06 1.11318e+06 1.30035e+06 1.17388e+06 1.03774e+06 1.01479e+06 2.47516e+06 1.04952e+06 1.6904e+06 933808 1.40268e+06 891818 1.50823e+06 1.24998e+06 1.28432e+06 1.25886e+06 1.07349e+06 972734 968882 868385
threshold=-111.24999999999999 1568.7500000000002 696.83001708984386 -211.74999999999997 -3655.2700195312495 -3550.190063476562 -810.74999999999989 215.25000000000003 -84.499999999999986 606.83093261718761 524.85437011718761 489.64710998535162 3929.5000000000005 596.30377197265636 1241.2500000000002 4818.0000000000009 5005.3969726562509 526.38235473632824 511.12016296386724 471.42587280273443 2172.7500000000005 576.05075073242199 639.33035278320324 559.19299316406261 -3862.4299316406245 554.23242187500011 535.67300415039074 635.98635864257824 1150.5000000000002 648.61227416992199
decision_type=2 2 2 2 2 2 2 2 2 2 2 2 2 2 2 2 2 2 2 2 2 2 2 2 2 2 2 2 2 2
left_child=1 10 -3 14 5 -5 7 -6 9 -8 11 12 -1 -13 -2 16 17 18 19 20 -10 23 -23 26 25 -25 -12 28 -24 -29
right_child=3 2 -4 4 6 -7 8 -9 15 -11 21 13 -14 -15 -16 -17 -18 -19 -20 -21 -22 22 27 24 -26 -27 -28 29 -30 -31
leaf_value=-0.10729634736698419 1.403233678623022 -30.997923336029057 2.3835614963581686 -2.5823156040694037 -17.237400209903718 -23.180812128384911 -1.5509835651138317 -3.1680731608650903 0.36808125147765552 -12.175305149384908 -1.4905347973537033 1.3790829319677995 -9.2604616947663132 -8.5932624348004669 -9.7497755504789811 10.606065006256104 -14.589425980603252 1.9032149804428871 -3.5356882083688825 2.7300005030015422 -5.9768627826372791 1.0269485867587553 -2.5205617076002258 -19.988506932485674 -2.5146296207376775 -4.804302105536828 1.3247819279797941 1.2781004484968876 -11.154039692234349 -0.96888889379519139
leaf_weight=7654 3055 20 38 56 28 21 307 55 2708 28 1173 1807 39 30 21 25 27 1150 284 406 90 1496 267 21 745 39 476 511 37 2712
leaf_count=7654 3055 20 38 56 28 21 307 55 2708 28 1173 1807 39 30 21 25 27 1150 284 406 90 1496 267 21 745 39 476 511 37 2712
internal_value=-3.57101e-09 -0.269546 -9.1273 0.556809 0.0998393 -8.20009 0.224956 -7.91435 0.359396 -2.43899 -0.239338 0.110367 -0.153699 1.21622 1.32709 0.55928 0.505439 0.593314 0.161437 0.489147 0.163991 -0.685063 -0.303383 -1.46631 -3.0814 -10.1188 -0.677866 -0.867651 -3.57135 -0.612633
internal_weight=25326 17065 58 8261 5185 77 5108 83 5025 335 17007 9530 7693 1837 3076 4690 4665 4638 3488 3204 2798 7477 5023 2454 805 60 1649 3527 304 3223
internal_count=25326 17065 58 8261 5185 77 5108 83 5025 335 17007 9530 7693 1837 3076 4690 4665 4638 3488 3204 2798 7477 5023 2454 805 60 1649 3527 304 3223
is_linear=0
shrinkage=0.05


Tree=56
num_leaves=31
num_cat=0
split_feature=289 287 58 243 282 288 149 274 204 180 259 259 283 274 275 268 12 103 285 173 15 82 236 117 89 43 192 268 267 68
split_gain=1.44546e+06 4.00233e+06 1.64983e+06 1.60039e+06 1.51677e+06 1.43932e+06 1.29139e+06 1.27429e+06 1.18212e+06 2.37869e+06 1.29739e+06 1.19259e+06 1.0558e+06 1.0337e+06 2.11498e+06 1.20427e+06 1.16546e+06 1.44717e+06 1.19113e+06 1.36641e+06 1.03246e+06 1.10945e+06 1.73749e+06 1.01401e+06 1.73053e+06 982991 2.29948e+06 1.70972e+06 1.04448e+06 967440
threshold=-426.74999999999994 1568.7500000000002 6312.7500000000009 1495.4898681640627 -847.24999999999989 164.75000000000003 4818.0000000000009 1375.5000000000002 2400.5000000000005 1125.5928955078127 182.75000000000003 315.75000000000006 -33.749999999999993 154.75000000000003 -121.74999999999999 -603.74999999999989 552.20501708984386 627.13027954101574 453.98098754882818 554.15768432617199 6332.5000000000009 1289.656921386719 1218.723571777344 846.42968750000011 752.59484863281261 2082.7500000000005 -68.749999999999986 -385.74999999999994 174.75000000000003 702.87695312500011
decision_type=2 2 2 2 2 2 2 2 2 2 2 2 2 2 2 2 2 2 2 2 2 2 2 2 2 2 2 2 2 2
left_child=1 -1 4 6 -2 12 -4 8 13 10 -10 -12 -6 15 -15 -7 17 -17 -18 -20 21 -9 -23 24 29 26 -21 -28 -29 -13
right_child=2 -3 3 -5 5 7 -8 20 9 -11 11 23 -14 14 -16 16 18 -19 19 25 -22 22 -24 -25 -26 -27 27 28 -30 -31
leaf_value=-0.72713295264746935 2.7388597913086414 -22.608609338033769 -8.2929853251486119 -16.302497929540177 0.10866045386994178 0.3457081408167344 6.9500994215408971 1.8799668871465511 4.4111711415979604 -15.283519142695836 -13.91381639086682 -2.5577614138780396 1.1722192701735252 1.5461218605932809 -0.46568341400883401 -1.4139225252375192 -13.251679857162868 10.970362520217897 2.3336510053163844 -2.5773343728698848 10.832548395792644 -17.219026031494142 2.5530803375244142 7.342836031546959 -13.632129108204561 0.81035394592718646 -20.299732085069024 2.2238012254238129 -13.93542678833008 7.4609457162710342
leaf_weight=4293 572 21 33 29 5271 937 24 659 72 35 23 329 4187 1751 5145 1379 34 24 79 131 30 20 25 26 34 55 42 20 20 26
leaf_count=4293 572 21 33 29 5271 937 24 659 72 35 23 329 4187 1751 5145 1379 34 24 79 131 30 20 25 26 34 55 42 20 20 26
internal_value=-2.8229e-09 -0.833649 0.171158 -6.73998 0.19956 0.1282 -1.87484 -0.263533 -0.408854 -2.67419 -1.80885 -2.83131 0.579492 -0.280477 0.0451448 -1.10572 -1.86804 -1.20207 -4.32042 -3.44531 1.74839 1.36129 -6.23452 -2.2171 -2.85607 -5.14882 -6.68757 -13.2539 -5.85581 -1.824
internal_weight=25326 4314 21012 86 20926 20354 57 10896 10162 545 510 438 9458 9617 6896 2721 1784 1403 381 347 734 704 45 415 389 268 213 82 40 355
internal_count=25326 4314 21012 86 20926 20354 57 10896 10162 545 510 438 9458 9617 6896 2721 1784 1403 381 347 734 704 45 415 389 268 213 82 40 355
is_linear=0
shrinkage=0.05


Tree=57
num_leaves=31
num_cat=0
split_feature=5 26 5 26 89 68 54 211 64 261 192 205 233 183 3 26 47 212 279 229 288 13 253 258 252 4 26 5 117 90
split_gain=1.3985e+06 1.44838e+06 2.32119e+06 1.51854e+06 1.45526e+06 1.78365e+06 1.93384e+06 1.51983e+06 9.38366e+06 2.74954e+06 1.88228e+06 2.03517e+06 1.75419e+06 1.87532e+06 1.81896e+06 1.37365e+06 1.62961e+06 1.36525e+06 1.82856e+06 1.72489e+06 1.35406e+06 1.33567e+06 1.31666e+06 1.24192e+06 1.22416e+06 1.19607e+06 2.12163e+06 1.15619e+06 1.08455e+06 1.35049e+06
threshold=342.78768920898443 378.54905700683599 454.52519226074224 461.72012329101568 539.27526855468761 591.37487792968761 604.26492309570324 1035.2500000000002 -3055.7499999999995 -936.74999999999989 743.75000000000011 2582.5000000000005 -443.74999999999994 3150.2500000000005 969.25000000000011 432.87086486816412 397.15451049804693 1.0000000180025095e-35 362.83126831054693 1683.2846679687502 190.25000000000003 3787.9218750000005 2261.5000000000005 1209.6657714843752 -2233.9999999999995 4487.0700683593759 391.08285522460943 511.20114135742193 521.44338989257824 5416.0144042968759
decision_type=2 2 2 2 2 2 2 2 2 2 2 2 2 2 2 2 2 2 2 2 2 2 2 2 2 2 2 2 2 2
left_child=-1 20 15 27 24 -6 -7 22 -9 10 -10 12 14 -14 -12 16 -3 18 -11 -19 -2 -22 23 -8 -5 -18 -27 -4 29 -26
right_child=1 2 3 4 5 6 7 8 9 17 11 -13 13 -15 -16 -17 25 19 -20 -21 21 -23 -24 -25 28 26 -28 -29 -30 -31
leaf_value=0.94353437029888088 -0.38303089316851036 1.5214240151015996 -1.7081153472499988 -11.504398855141233 -1.6516219581934966 2.2912678454485205 0.12293414021135073 -26.535603637953063 -18.422976812239618 3.819563111804781 0.70100646018981938 -18.486293353817683 -2.8081031260036289 15.212161246213046 -20.623627462387088 2.0889264125308915 -0.45950461479704013 -0.39422379134017338 -14.653025447033549 11.52542468655494 -2.4774967067223868 -14.19332899093628 -11.028607029525133 6.5033810398517522 0.21630900216757631 -20.721468694210053 -2.3932163240114845 -11.638434646924338 1.7990217141862281 -10.809032324382237
leaf_weight=3400 1565 1445 1278 21 2548 756 3431 37 31 21 20 22 42 22 20 1725 1441 1450 37 31 904 25 26 78 3451 20 75 30 1346 28
leaf_count=3400 1565 1445 1278 21 2548 756 3431 37 31 21 20 22 42 22 20 1725 1441 1450 37 31 904 25 26 78 3451 20 75 30 1346 28
internal_value=5.19927e-09 -0.146311 -0.000724739 -0.309648 -0.151121 -0.542635 -0.0735616 -0.412934 -1.62587 -1.08244 -7.38558 -4.67003 -1.74736 3.38636 -9.96131 0.965956 0.316132 -0.439433 -7.96467 -0.144724 -1.28065 -2.79278 0.181699 0.264762 0.54142 -0.817752 -6.2518 -1.93587 0.593847 0.127574
internal_weight=25326 21926 19432 14726 13418 8572 6024 5268 1733 1696 157 126 104 64 40 4706 2981 1539 58 1481 2494 929 3535 3509 4846 1536 95 1308 4825 3479
internal_count=25326 21926 19432 14726 13418 8572 6024 5268 1733 1696 157 126 104 64 40 4706 2981 1539 58 1481 2494 929 3535 3509 4846 1536 95 1308 4825 3479
is_linear=0
shrinkage=0.05


Tree=58
num_leaves=31
num_cat=0
split_feature=253 20 260 52 262 278 8 13 260 61 246 289 275 198 247 274 274 288 274 282 211 269 170 169 162 135 175 241 275 136
split_gain=1.29931e+06 7.61939e+06 2.44233e+06 3.98325e+06 2.18296e+06 2.21271e+06 1.34308e+06 2.7803e+06 1.28182e+06 1.50228e+06 1.34406e+06 1.17605e+06 1.4268e+06 1.40615e+06 1.32915e+06 2.24714e+06 1.25373e+06 1.15865e+06 1.46467e+06 1.58381e+06 1.18471e+06 1.34149e+06 1.16132e+06 1.42583e+06 1.59267e+06 1.43986e+06 1.455e+06 1.31642e+06 1.12482e+06 1.85303e+06
threshold=2167.0000000000005 -3331.744506835937 2097.0000000000005 4078.7500000000005 763.25000000000011 800.77172851562511 5311.2500000000009 4524.5393066406259 3471.7500000000005 1169.2799072265627 3358.7500000000005 -313.24999999999994 -423.74999999999994 3735.0000000000005 -2382.2499999999995 482.75000000000006 -184.74999999999997 164.75000000000003 470.25000000000006 -2.2499999999999996 2257.5000000000005 -27.749999999999996 182.25000000000003 309.25000000000006 1.0000000180025095e-35 -544.49999999999989 494.25000000000006 -644.74999999999989 -950.24999999999989 -3405.4999999999995
decision_type=2 2 2 2 2 2 2 2 2 2 2 2 2 2 2 2 2 2 2 2 2 2 2 2 2 2 2 2 2 2
left_child=11 -2 3 -3 -5 -6 7 -4 10 -10 -8 13 -13 14 15 -1 -14 -18 20 -20 -19 -22 23 -21 -25 -26 -27 -24 -16 -30
right_child=1 2 6 4 5 -7 8 -9 9 -11 -12 12 16 -15 28 -17 17 18 19 22 21 -23 27 24 25 26 -28 -29 29 -31
leaf_value=-2.2482737452304127 -32.593479661941529 -0.80985366387095881 0.73075315478223346 -3.1078186947674982 -11.909191066568548 -34.888158542364835 4.2734065723419192 -13.884366942096401 7.8867415019444058 -10.425308609008789 17.540225246974401 1.1111220068698977 -4.9319624338594696 -11.131555581092835 1.0048948474854857 -16.970178958347866 0.6020868885832672 -0.85536410242411565 1.9507521907747849 -0.4532602399327349 3.5174658219019572 -10.259089082034667 -10.978677431742351 -14.79608950398185 3.9711086141211647 -2.9893002315195734 -13.501248151295613 0.8239029816735679 -6.9044330360578456 -0.48268543794649732
leaf_weight=349 20 123 270 21 22 20 60 37 21 24 28 3928 126 31 1332 28 6002 3949 1130 916 24 67 24 33 56 167 41 1514 115 4848
leaf_count=349 20 123 270 21 22 20 60 37 21 24 28 3928 126 31 1332 28 6002 3949 1130 916 24 67 24 33 56 167 41 1514 115 4848
internal_value=-1.42711e-09 -2.2136 -1.243 -6.04646 -16.2703 -22.8516 0.787561 -1.03068 4.98455 -1.87969 8.49467 0.057941 0.2687 -0.507301 -0.457938 -3.34168 0.0331651 0.0780984 -0.318945 0.374752 -0.98534 -6.62571 -0.272606 -1.42938 -4.43991 -3.14539 -5.06137 0.639727 -0.285234 -0.631487
internal_weight=25326 646 626 186 63 42 440 307 133 45 88 24680 17977 6703 6672 377 14049 13923 7921 3881 4040 91 2751 1213 297 264 208 1538 6295 4963
internal_count=25326 646 626 186 63 42 440 307 133 45 88 24680 17977 6703 6672 377 14049 13923 7921 3881 4040 91 2751 1213 297 264 208 1538 6295 4963
is_linear=0
shrinkage=0.05


Tree=59
num_leaves=31
num_cat=0
split_feature=289 287 33 253 30 136 82 282 120 248 260 232 100 252 260 142 281 253 254 211 145 156 47 275 135 253 254 250 33 253
split_gain=1.23919e+06 1.43048e+06 5.41776e+06 1.04285e+06 831643 2.95325e+06 5.36272e+06 1.54553e+06 1.64818e+06 887258 780541 2.87788e+06 1.76181e+06 1.73336e+06 2.44511e+06 1.84281e+06 1.64038e+06 1.41817e+06 1.6458e+06 3.49208e+06 2.02503e+06 2.16434e+06 1.92801e+06 1.86545e+06 1.37577e+06 1.22246e+06 1.83823e+06 1.28302e+06 2.21106e+06 1.18963e+06
threshold=-111.24999999999999 1568.7500000000002 709.18753051757824 -564.74999999999989 -6149.4999999999991 -2824.2499999999995 781.07574462890636 -1708.7499999999998 -4048.7499999999995 -1542.7499999999998 -769.74999999999989 -2489.4999999999995 -3957.7499999999995 -923.24999999999989 531.25000000000011 -2681.9999999999995 481.25000000000006 -227.24999999999997 -331.74999999999994 3567.5000000000005 1169.2799072265627 -2526.9999999999995 800.77172851562511 -1736.2499999999998 2515.7500000000005 472.25000000000006 189.75000000000003 709.18753051757824 728.91870117187511 972.75000000000011
decision_type=2 2 2 2 2 2 2 2 2 2 2 2 2 2 2 2 2 2 2 2 2 2 2 2 2 2 2 2 2 2
left_child=1 4 -3 -2 5 7 -7 -1 9 -9 -6 12 -12 14 15 -13 -16 -15 19 20 21 22 -19 -20 -17 -25 27 28 -27 -28
right_child=3 2 -4 -5 10 6 -8 8 -10 -11 11 13 -14 17 16 24 -18 18 23 -21 -22 -23 -24 25 -26 26 29 -29 -30 -31
leaf_value=12.48431115611033 2.2675664317235351 -27.630455509640957 3.8637976752387155 0.32386339716901347 0.88977850057656982 1.1958249480636032 -31.659184510584762 -15.986059931914012 4.8290576995687289 -3.0538909733295441 -23.063182894750074 2.7440065061462486 -3.0529182737523861 1.0197356019896591 -20.917858242988586 -2.1730607682904597 -2.1692767715454102 -4.0879562158541516 -12.839253102030074 -19.902149017333986 6.168066376447678 -1.0081780916143481 -16.852184557914736 0.90600388672897791 -13.616260027002406 -2.1760191166311378 1.2863157707780679 1.4794717912956821 -14.757385607560478 -0.48550782840650736
leaf_weight=22 760 22 36 7501 1546 27 23 21 47 36 22 203 22 2376 28 966 20 166 28 25 92 2870 36 2959 27 1165 1536 236 36 2472
leaf_count=22 760 22 36 7501 1546 27 23 21 47 36 22 203 22 2376 28 966 20 166 28 25 92 2870 36 2959 27 1165 1536 236 36 2472
internal_value=3.76978e-09 -0.243343 -8.0823 0.502681 -0.216609 -3.6358 -13.9175 0.444232 -2.10271 -7.81837 -0.180855 -0.289144 -13.0581 -0.252281 -2.04089 -1.59681 -13.1059 -0.0933165 -0.320888 -1.28844 -1.14137 -1.36027 -6.36277 0.0450426 -2.48421 0.0879698 -0.356578 -1.89086 -2.55315 0.193514
internal_weight=25326 17065 58 8261 17007 176 50 126 104 57 16831 15285 44 15241 1244 1196 48 13997 11621 3189 3164 3072 202 8432 993 8404 5445 1437 1201 4008
internal_count=25326 17065 58 8261 17007 176 50 126 104 57 16831 15285 44 15241 1244 1196 48 13997 11621 3189 3164 3072 202 8432 993 8404 5445 1437 1201 4008
is_linear=0
shrinkage=0.05


Tree=60
num_leaves=31
num_cat=0
split_feature=5 26 288 5 26 47 108 26 47 26 47 150 289 40 273 283 26 26 281 12 26 254 240 233 226 57 5 274 254 268
split_gain=1.17971e+06 1.33735e+06 1.28789e+06 1.12326e+06 1.93967e+06 1.37638e+06 1.49659e+06 1.37116e+06 1.26221e+06 1.30607e+06 1.42016e+06 1.41123e+06 1.14738e+06 5.08778e+06 1.87172e+06 1.86844e+06 1.38007e+06 1.21351e+06 1.51839e+06 1.17621e+06 1.33278e+06 1.39568e+06 2.02286e+06 1.25964e+06 1.14871e+06 1.10302e+06 1.04154e+06 1.02514e+06 1.00882e+06 1.87478e+06
threshold=342.78768920898443 354.66441345214849 190.25000000000003 454.52519226074224 432.87086486816412 374.04188537597662 3769.2500000000005 461.72012329101568 505.41020202636724 545.70819091796886 559.19299316406261 -3409.4999999999995 -1280.7499999999998 627.13027954101574 266.25000000000006 -1429.2499999999998 591.37487792968761 800.77172851562511 -774.74999999999989 648.61227416992199 621.24331665039074 -534.74999999999989 -87.249999999999986 796.50000000000011 2505.2500000000005 4850.7500000000009 511.20114135742193 -69.749999999999986 -3206.2499999999995 -2171.2499999999995
decision_type=2 2 2 2 2 2 2 2 2 2 2 2 2 2 2 2 2 2 2 2 2 2 2 2 2 2 2 2 2 2
left_child=-1 2 -2 4 5 -3 -7 26 25 11 -11 -10 13 -12 15 -15 -14 -17 -19 24 21 -21 -23 -24 -18 -9 -5 -20 29 -22
right_child=1 3 -4 7 -6 6 -8 8 9 10 12 -13 16 14 -16 17 19 18 27 20 28 22 23 -25 -26 -27 -28 -29 -30 -31
leaf_value=0.8665907042777331 -0.5573947594440668 1.2873199231255432 -4.0646606158400758 -1.6075603585929288 1.9483930620894485 -0.53448251128249724 -13.070909921328226 0.96184283839356088 -14.002235447276725 1.4580387622246054 -28.00979471206665 -1.2803362667948108 -1.8415998385730366 4.0334512760764678 12.993950288295748 -15.333287327364088 0.96223860717757759 -14.888329896472749 6.9785415585835784 1.2390995255112649 0.0022383444649832591 -23.828180780410769 4.1509169896443687 -13.167085099220277 9.5350229632854475 -7.6176178825528993 -11.03264685213566 -7.6355198097229007 -0.15582801077731046 -19.187866711616518
leaf_weight=3400 740 1354 405 1278 1725 2952 24 2652 22 1280 20 2384 1128 57 20 32 1691 21 30 40 35 20 21 21 40 38 30 20 3826 20
leaf_count=3400 740 1354 405 1278 1725 2952 24 2652 22 1280 20 2384 1128 57 20 32 1691 21 30 40 35 20 21 21 40 38 30 20 3826 20
internal_value=-3.90404e-09 -0.13438 -1.79796 -0.0427193 0.530556 -0.0342871 -0.635583 -0.278437 -0.1278 -0.370634 -0.0739953 -1.39666 -0.352468 -4.08542 -1.42716 -3.2298 -0.243349 -7.24926 -3.60576 0.0721614 -0.400757 -6.04254 -10.7404 -4.50808 1.16034 0.840646 -1.82373 1.13292 -0.252481 -6.97598
internal_weight=25326 21926 1145 20781 6055 4330 2976 14726 13418 10728 8322 2406 7042 200 180 160 6842 103 71 5714 3983 102 62 42 1731 2690 1308 50 3881 55
internal_count=25326 21926 1145 20781 6055 4330 2976 14726 13418 10728 8322 2406 7042 200 180 160 6842 103 71 5714 3983 102 62 42 1731 2690 1308 50 3881 55
is_linear=0
shrinkage=0.05


Tree=61
num_leaves=31
num_cat=0
split_feature=253 92 260 104 211 289 257 180 152 131 117 89 36 110 96 30 48 110 208 213 82 276 68 287 287 45 187 187 185 231
split_gain=1.11024e+06 7.05004e+06 2.60894e+06 3.36566e+06 2.98799e+06 1.60562e+06 1.12502e+06 1.0233e+06 1.41167e+06 1.65035e+06 1.27751e+06 1.2475e+06 1.3704e+06 1.2617e+06 1.37544e+06 1.51439e+06 1.33548e+06 1.33041e+06 1.14804e+06 1.78195e+06 1.14114e+06 980436 977051 964991 1.17286e+06 1.82179e+06 1.14206e+06 2.73963e+06 2.12044e+06 1.04301e+06
threshold=2167.0000000000005 -2424.7499999999995 2097.0000000000005 4066.505737304688 2994.7500000000005 -701.74999999999989 1289.656921386719 320.85877990722662 341.08103942871099 363.78628540039068 389.47242736816412 438.81561279296881 4425.2500000000009 447.99578857421881 481.33253479003912 -4813.9999999999991 3732.098266601563 470.34989929199224 486.79122924804693 1240.5000000000002 409.00318908691412 -287.24999999999994 480.21446228027349 143.25000000000003 -80.749999999999986 2134.7500000000005 1169.2799072265627 1367.7973632812502 4541.7500000000009 3058.0000000000005
decision_type=2 2 2 2 2 2 2 2 2 2 2 2 2 2 2 2 2 2 2 2 2 2 2 2 2 2 2 2 2 2
left_child=7 -2 3 -3 -5 6 -4 -1 -9 -10 20 12 -12 16 15 -15 22 18 19 21 -11 -16 -13 24 -7 -26 28 -28 29 -25
right_child=1 2 5 4 -6 23 -8 8 9 10 11 13 -14 14 17 -17 -18 -19 -20 -21 -22 -23 -24 26 25 -27 27 -29 -30 -31
leaf_value=1.0595542385841152 -31.268994390964508 -1.7283542618889252 1.8151720004422325 -30.1964446026346 -6.56981415450573 0.79388034860293066 15.988989700589862 -1.7659535099800576 1.6840402381747692 -0.85925430521446655 1.0369424851507048 -2.0732036225992974 -11.486066644841976 -9.9780215452457313 -11.409170281546457 1.5495993853360241 -13.099012939453125 -0.092653184492751339 0.61899896549851929 -18.191940226762192 -4.550815132725984 -2.3852265359288038 1.6205835512706213 3.3413611940163026 -0.51356309141431544 -18.893749855114862 -16.343545073050041 5.7888837430497695 15.463539956410726 -5.2988036495573985
leaf_weight=2293 20 132 28 23 32 60 28 1137 1428 1343 3119 1023 22 29 35 1621 25 11756 146 23 248 215 217 136 28 26 27 29 30 47
leaf_count=2293 20 132 28 23 32 60 28 1137 1428 1343 3119 1023 22 29 35 1621 25 11756 146 23 248 215 217 136 28 26 27 29 30 47
internal_value=-1.26301e-09 -2.04621 -1.11258 -6.05826 -16.45 0.994127 8.90208 0.0535597 -0.0494798 0.0423616 -0.0759068 0.0426721 0.94923 -0.146029 -0.0077308 1.34699 -1.65747 -0.191328 -2.95987 -4.87384 -1.43468 -3.64858 -1.42679 -0.162128 -4.01741 -9.36328 1.47171 -4.88211 3.1422 1.1223
internal_weight=25326 646 626 187 55 439 56 24680 22387 21250 19822 18231 3141 15090 13825 1650 1265 12175 419 273 1591 250 1240 383 114 54 269 56 213 183
internal_count=25326 646 626 187 55 439 56 24680 22387 21250 19822 18231 3141 15090 13825 1650 1265 12175 419 273 1591 250 1240 383 114 54 269 56 213 183
is_linear=0
shrinkage=0.05


Tree=62
num_leaves=31
num_cat=0
split_feature=288 289 274 260 98 288 184 30 268 253 15 289 128 243 222 236 176 287 269 50 268 222 208 50 241 192 205 84 79 247
split_gain=1.07031e+06 1.63269e+06 1.31359e+06 1.56349e+06 1.69987e+06 1.61011e+06 1.20082e+06 1.10575e+06 1.20812e+06 1.81854e+06 1.08754e+06 1.08597e+06 1.98033e+06 1.28202e+06 1.38174e+06 1.46658e+06 1.45974e+06 1.38135e+06 1.14626e+06 1.03262e+06 1.31453e+06 2.01786e+06 1.75214e+06 1.25303e+06 1.02905e+06 1.60353e+06 1.01905e+06 1.64275e+06 2.25618e+06 1.54931e+06
threshold=497.75000000000006 -1443.7499999999998 146.75000000000003 -185.24999999999997 3873.2500000000005 118.25000000000001 -3212.2499999999995 -5324.2499999999991 -1099.7499999999998 792.75000000000011 2223.0000000000005 -645.74999999999989 -3543.9999999999995 761.29205322265636 744.63302612304699 714.96121215820324 2521.2500000000005 -419.74999999999994 1673.5000000000002 966.75000000000011 -822.99999999999989 663.29534912109386 696.83001708984386 -112.24999999999999 2437.0000000000005 2819.2500000000005 -635.74999999999989 -4419.7499999999991 -4300.2499999999991 -1724.2499999999998
decision_type=2 2 2 2 2 2 2 2 2 2 2 2 2 2 2 2 2 2 2 2 2 2 2 2 2 2 2 2 2 2
left_child=2 -2 3 4 -1 6 -5 -7 9 10 -9 12 -4 14 24 -16 -17 -15 -19 20 -10 -22 -23 -24 -13 -26 27 -3 -29 -28
right_child=1 26 11 5 -6 7 -8 8 19 -11 -12 13 -14 17 15 16 -18 18 -20 -21 21 22 23 -25 25 -27 29 28 -30 -31
leaf_value=0.46037047231917794 -13.3193001472033 4.4713414105276268 -17.186940089861551 -11.693317379734733 -11.68149601179978 6.2221739358680201 0.030078576804811869 -10.818328549645164 4.5987564538605517 -20.689845484778996 4.7314215784487521 0.55627346799134691 -1.319488509621435 -7.6756234518686925 -14.961487192577787 0.7625571066861625 -13.862130374000186 2.899414589775887 14.794636917114259 -0.324951094435321 -2.2427786898174413 -17.83218779563904 0.5016657629678416 -14.398680677868072 -14.490834678670971 1.5136240173788633 -13.722637349083312 -15.110555492507087 -2.3045121260499521 -0.081561336821907179
leaf_weight=4803 26 84 21 22 29 43 3059 22 64 21 23 10286 309 30 27 91 21 569 21 900 1495 39 43 21 29 34 21 36 771 2366
leaf_count=4803 26 84 21 22 29 43 3059 22 64 21 23 10286 309 30 27 91 21 569 21 900 1495 39 43 21 29 34 21 36 771 2366
internal_value=-9.22641e-10 -0.83917 0.125902 -0.275539 0.387499 -0.832528 -0.0536328 -1.73098 -1.86112 -8.54041 -2.87068 0.49737 -2.32924 0.581344 0.450742 -4.50124 -1.97957 2.79062 3.3228 -1.68905 -2.42773 -2.70914 -9.47821 -4.38751 0.517254 -5.85351 -0.740182 -2.18313 -2.87579 -0.201571
internal_weight=25326 3304 22022 10584 4832 5752 3081 2671 2628 66 45 11438 330 11108 10488 139 112 620 590 2562 1662 1598 103 64 10349 63 3278 891 807 2387
internal_count=25326 3304 22022 10584 4832 5752 3081 2671 2628 66 45 11438 330 11108 10488 139 112 620 590 2562 1662 1598 103 64 10349 63 3278 891 807 2387
is_linear=0
shrinkage=0.05


Tree=63
num_leaves=31
num_cat=0
split_feature=289 287 240 202 53 88 163 157 103 145 117 82 68 283 5 261 211 285 261 64 224 20 281 78 289 26 142 136 266 252
split_gain=1.03779e+06 1.27987e+06 5.28438e+06 991571 2.55847e+06 3.36426e+06 947824 1.69059e+06 1.0233e+06 2.1164e+06 1.00255e+06 1.05181e+06 1.08208e+06 793713 990661 1.79767e+06 4.11291e+06 1.53178e+06 1.33342e+06 1.23925e+06 1.37916e+06 1.33589e+06 1.55537e+06 1.88136e+06 1.50002e+06 1.24027e+06 1.13758e+06 1.29668e+06 1.12976e+06 1.06375e+06
threshold=-111.24999999999999 1568.7500000000002 1186.7500000000002 -884.21658325195301 -3803.9975585937495 -3732.849975585937 -1238.7499999999998 -684.74999999999989 1495.4898681640627 1125.5928955078127 639.33035278320324 639.33035278320324 635.98635864257824 -1429.2499999999998 1289.656921386719 -539.74999999999989 2583.5000000000005 1125.5928955078127 -305.74999999999994 7186.2500000000009 1267.7500000000002 6245.3859863281259 215.75000000000003 5144.0000000000009 -209.74999999999997 1289.656921386719 2602.7500000000005 2249.7500000000005 869.25000000000011 -1974.4999999999998
decision_type=2 2 2 2 2 2 2 2 2 2 2 2 2 2 2 2 2 2 2 2 2 2 2 2 2 2 2 2 2 2
left_child=1 13 -3 -2 5 -5 7 -6 9 10 11 -8 -13 -1 19 16 17 -16 -17 21 -21 25 23 -23 -24 -15 27 28 -20 -19
right_child=3 2 -4 4 6 -7 8 -9 -10 -11 -12 12 -14 14 15 18 -18 29 26 20 -22 22 24 -25 -26 -27 -28 -29 -30 -31
leaf_value=4.2440071354508397 1.4716688060563197 -28.440671971440317 3.3115652611381132 -3.2073423027265364 -1.5440387629523067 -26.078745906352999 0.32838150224948104 -16.780305967330932 11.699771449565887 -12.256402949853378 2.5727355201468609 -15.533500761985778 -2.0757549431364413 -0.18055374092450052 -15.263670297102497 10.353443624292103 -26.590165270929756 -10.463143557593938 6.0357490961368274 -1.6025216585881001 11.077861518485875 -3.0355258407592776 1.5900651396740051 -23.083665873787623 -12.821367062693056 8.7466153560540629 3.3483820790510914 -16.2266707329523 -7.900472457481154 2.3467036381573747
leaf_weight=100 1873 20 38 82 203 20 5426 20 20 33 505 20 59 16316 22 28 23 21 26 37 51 25 84 22 23 39 65 21 33 71
leaf_count=100 1873 20 38 82 203 20 5426 20 20 33 505 20 59 16316 22 28 23 21 26 37 51 25 84 22 23 39 65 21 33 71
internal_value=-7.58341e-10 -0.222692 -7.63748 0.460021 0.1634 -7.69193 0.290865 -2.91052 0.408614 0.371244 0.440581 0.244988 -5.48278 -0.197405 -0.223674 -3.02416 -7.30281 -3.4115 0.364133 -0.171367 5.74634 -0.202911 -4.83802 -12.4198 -1.50772 -0.159266 -1.56484 -5.55683 -1.75909 -0.577283
internal_weight=25326 17065 58 8261 6388 102 6286 223 6063 6043 6010 5505 79 17007 16907 310 137 114 173 16597 88 16509 154 47 107 16355 145 80 59 92
internal_count=25326 17065 58 8261 6388 102 6286 223 6063 6043 6010 5505 79 17007 16907 310 137 114 173 16597 88 16509 154 47 107 16355 145 80 59 92
is_linear=0
shrinkage=0.05


Tree=64
num_leaves=31
num_cat=0
split_feature=253 254 289 253 254 253 259 232 78 289 211 247 67 150 215 275 241 99 252 269 80 134 281 204 291 93 227 79 191 274
split_gain=993544 3.38026e+06 3.2502e+06 1.88111e+06 1.40683e+06 2.22395e+06 1.36322e+06 2.07393e+06 1.34834e+06 1.30316e+06 1.24772e+06 2.03882e+06 2.31081e+06 3.57072e+06 1.63251e+06 1.52826e+06 1.84298e+06 1.4142e+06 1.24174e+06 1.97908e+06 1.74388e+06 1.72751e+06 1.24784e+06 1.22837e+06 1.88996e+06 1.29028e+06 1.25727e+06 1.24835e+06 1.16476e+06 1.13401e+06
threshold=193.25000000000003 61.250000000000007 -1280.7499999999998 590.25000000000011 -807.24999999999989 -564.74999999999989 -990.74999999999989 2898.2500000000005 -950.99999999999989 -180.24999999999997 -1112.7499999999998 -1114.7499999999998 3596.4199218750005 57.750000000000007 1495.4898681640627 -203.24999999999997 1449.7500000000002 2831.7500000000005 -1654.4999999999998 -462.74999999999994 4493.7500000000009 3293.0000000000005 998.00000000000011 5926.2500000000009 8625.6728515625018 5774.5000000000009 4102.5000000000009 -1456.7499999999998 -2281.7499999999995 77.750000000000014
decision_type=2 2 2 2 2 2 2 2 2 2 2 2 2 2 2 2 2 2 2 2 2 2 2 2 2 2 2 2 2 2
left_child=4 6 -3 -4 5 9 -2 10 -5 -1 -8 12 13 -12 15 29 17 28 19 -7 21 22 -20 24 25 27 -25 -10 -17 -13
right_child=1 2 3 8 -6 18 7 -9 23 -11 11 14 -14 -15 -16 16 -18 -19 20 -21 -22 -23 -24 26 -26 -27 -28 -29 -30 -31
leaf_value=-0.23728951400082487 -13.266226820647717 -16.712028721400671 1.7903556318894287 1.9601775582591694 0.80570067509523202 -19.83409008185069 1.9483546415907673 10.984624831816731 -6.1814174762793952 1.7752221560089039 -6.3875510281905896 -1.2408519693485414 4.7746845903067756 -29.072940657355574 -14.70344912280207 -11.905766074888168 -12.911348722531244 2.4722313902562574 -1.2702858997299069 -0.42368345589473333 11.665204941332341 -12.795238762392717 -13.531819938478016 15.88621711730957 -12.682261811533282 7.8600990722576789 1.5687689864117167 -0.27821066199139649 -2.1481610343881488 1.4056925867812502
leaf_weight=2321 24 28 1789 750 6770 24 261 34 91 1231 82 1011 29 22 23 31 39 168 1740 29 25 34 21 23 31 48 46 5648 2278 675
leaf_count=2321 24 28 1789 750 6770 24 261 34 91 1231 82 1011 29 22 23 31 39 168 1740 29 25 34 21 23 31 48 46 5648 2278 675
internal_value=2.33158e-09 -0.301802 0.294888 0.351403 0.324966 -0.274955 -1.38036 -1.31905 -0.0364666 0.460177 -1.40962 -1.61073 -7.70615 -11.1864 -1.41885 -1.34613 -2.12671 -1.95691 -1.66908 -9.2133 -1.44938 -1.63204 -1.41651 -0.290838 -0.369493 -0.303535 6.34125 -0.371814 -2.27916 -0.181292
internal_weight=25326 13131 8454 8426 12195 5425 4677 4653 6637 3552 4619 4358 133 104 4225 4202 2516 2477 1873 53 1820 1795 1761 5887 5818 5787 69 5739 2309 1686
internal_count=25326 13131 8454 8426 12195 5425 4677 4653 6637 3552 4619 4358 133 104 4225 4202 2516 2477 1873 53 1820 1795 1761 5887 5818 5787 69 5739 2309 1686
is_linear=0
shrinkage=0.05


Tree=65
num_leaves=31
num_cat=0
split_feature=267 285 285 43 264 243 222 201 180 159 292 289 246 138 59 170 110 89 131 117 4 186 124 89 68 220 127 5 194 110
split_gain=967074 3.99275e+06 1.66998e+06 2.29934e+06 889033 1.09657e+06 1.79034e+06 1.88334e+06 1.32646e+06 1.21057e+06 1.17616e+06 1.25214e+06 1.2285e+06 975819 1.63816e+06 3.33091e+06 1.03509e+06 1.80892e+06 1.2475e+06 1.86463e+06 1.75819e+06 1.52635e+06 1.49637e+06 1.1646e+06 1.57383e+06 1.86792e+06 2.42074e+06 1.12304e+06 1.07999e+06 1.04519e+06
threshold=3159.0000000000005 1169.2799072265627 1683.2846679687502 6498.7500000000009 292.95344543457037 331.93615722656256 372.73376464843756 389.34660339355474 435.73738098144537 440.08410644531256 591.33609008789074 -7.7499999999999991 549.75000000000011 485.19105529785162 4008.0000000000005 2943.2500000000005 540.77932739257824 593.72119140625011 559.16317749023449 579.90786743164074 -3862.4299316406245 -3417.8349609374995 624.39785766601574 635.98635864257824 630.40139770507824 1150.5000000000002 2351.0000000000005 702.87695312500011 550.37551879882824 601.67877197265636
decision_type=2 2 2 2 2 2 2 2 2 2 2 2 2 2 2 2 2 2 2 2 2 2 2 2 2 2 2 2 2 2
left_child=4 -2 3 -3 -1 -6 -7 -8 -9 10 11 -10 -12 14 -11 -16 17 -15 -18 20 21 -20 -22 29 25 27 -27 -25 -19 -21
right_child=1 2 -4 -5 5 6 7 8 9 13 12 -13 -14 16 15 -17 18 28 19 23 22 -23 -24 24 -26 26 -28 -29 -30 -31
leaf_value=1.2428848218401629 -24.259886772292003 7.1068446838855754 10.958684356689453 -16.073870140573256 -1.4106819627967415 1.2904751085752411 -1.8352701905273943 1.0517212072302931 -1.2092972122951358 1.0545314319410088 -18.97587107181549 -13.548194869359335 -1.6607936051984629 -0.80923641950648906 -23.922497501373293 2.0888695292174817 1.3376132472186737 -3.7358521917591925 -5.1804047493047491 -0.56262176267680575 -1.2974265085275358 -21.899685578346254 -11.885908914293562 -0.86768596408377707 -0.044388133475776553 -19.478159119631794 -1.7338671064376834 -10.810004461965255 -19.62259674549103 1.9650466876211041
leaf_weight=1400 21 20 25 23 1401 2507 1493 2626 983 2404 20 21 21 3630 20 32 1589 23 43 610 715 20 35 339 3936 37 40 31 20 1241
leaf_count=1400 21 20 25 23 1401 2507 1493 2626 983 2404 20 21 21 3630 20 32 1589 23 43 610 715 20 35 339 3936 37 40 31 20 1241
internal_value=-2.83476e-09 -5.20284 0.682426 -5.29214 0.0183482 -0.0535716 0.0311722 -0.127244 0.0110771 -0.161771 -1.80636 -1.46738 -10.1072 -0.0453747 0.864612 -7.9155 -0.226943 -0.930004 0.0720773 -0.213283 -2.46546 -10.4881 -1.79156 0.0804315 -0.363681 -3.17517 -10.2603 -1.70069 -11.125 1.13205
internal_weight=25326 89 68 43 25237 23837 22436 19929 18436 15810 1045 1004 41 14765 2456 52 12309 3673 8636 7047 813 63 750 6234 4383 447 77 370 43 1851
internal_count=25326 89 68 43 25237 23837 22436 19929 18436 15810 1045 1004 41 14765 2456 52 12309 3673 8636 7047 813 63 750 6234 4383 447 77 370 43 1851
is_linear=0
shrinkage=0.05


Tree=66
num_leaves=31
num_cat=0
split_feature=253 48 260 52 262 278 234 112 245 8 13 262 275 78 72 254 253 254 253 216 253 159 131 262 50 163 19 252 88 80
split_gain=891409 6.44809e+06 1.95007e+06 3.23686e+06 1.98348e+06 1.89128e+06 1.18249e+06 2.15514e+06 1.49325e+06 1.06365e+06 1.85713e+06 1.02219e+06 1.05964e+06 950112 1.20465e+06 885077 3.68562e+06 1.6048e+06 2.0147e+06 1.73189e+06 1.50249e+06 1.44802e+06 1.41564e+06 1.31144e+06 1.26969e+06 1.81768e+06 1.18342e+06 1.39375e+06 2.34378e+06 3.97377e+06
threshold=2167.0000000000005 -3333.387817382812 2097.0000000000005 4078.7500000000005 763.25000000000011 800.77172851562511 3897.7500000000005 7743.7500000000009 3653.7500000000005 5630.2500000000009 4369.8168945312509 200.25000000000003 596.25000000000011 3058.7500000000005 3220.5000000000005 182.25000000000003 351.25000000000006 -291.74999999999994 37.750000000000007 1201.316345214844 727.75000000000011 1289.656921386719 1169.2799072265627 -967.74999999999989 2510.2500000000005 -172.24999999999997 1367.7973632812502 -398.74999999999994 50.640001296997077 -599.74999999999989
decision_type=2 2 2 2 2 2 2 2 2 2 2 2 2 2 2 2 2 2 2 2 2 2 2 2 2 2 2 2 2 2
left_child=15 -2 3 11 -5 -6 8 -8 9 10 13 -3 -13 -4 -15 16 17 18 -1 24 -17 22 -22 -18 -20 -26 27 28 29 -25
right_child=1 2 6 4 5 -7 7 -9 -10 -11 -12 12 -14 14 -16 20 23 -19 19 -21 21 -23 -24 26 25 -27 -28 -29 -30 -31
leaf_value=0.22635545415251945 -29.780913386344913 -10.55781071753729 2.5790666810253211 -1.9024506795974006 -10.606052788821135 -31.85051703453064 0.41060998767030005 17.880420324537489 -13.608850588798525 5.7998777670403054 -11.248447941674998 5.4009346111004177 -5.1987020956503383 -14.388712674095519 0.46494295642926142 1.8084792340171096 -10.999804018603431 1.1837464564675955 -2.0270217574425344 2.6338160750901172 0.064205433157456443 8.7307020733753848 -12.110208080212276 -5.457306460432104 -0.759137337996314 -20.429325599514922 5.4966828442987854 -1.307695501512693 0.30955982037952973 -29.251844424786778
leaf_weight=9272 20 21 171 21 22 20 51 27 20 73 38 65 37 21 39 1735 36 3420 1369 203 4697 48 24 74 24 23 61 3587 84 23
leaf_count=9272 20 21 171 21 22 20 51 27 20 73 38 65 37 21 39 1735 36 3420 1369 203 4697 48 24 74 24 23 61 3587 84 23
internal_value=-2.49555e-09 -1.8335 -0.940614 -5.2328 -14.4491 -20.7225 0.873808 6.45785 -0.329383 0.447194 -1.00539 -0.512238 1.55597 0.679611 -4.73384 0.047992 -0.131122 0.23889 -0.0578142 -1.68525 0.548541 0.090166 0.00231475 -1.50117 -2.30444 -10.385 -1.41187 -1.52371 -5.80459 -11.0993
internal_weight=25326 646 626 186 63 42 440 78 362 342 269 123 102 231 60 24680 18176 14311 10891 1619 6504 4769 4721 3865 1416 47 3829 3768 181 97
internal_count=25326 646 626 186 63 42 440 78 362 342 269 123 102 231 60 24680 18176 14311 10891 1619 6504 4769 4721 3865 1416 47 3829 3768 181 97
is_linear=0
shrinkage=0.05


end of trees

feature_importances:
Column_289=112
Column_288=91
Column_264=70
Column_89=62
Column_243=51
Column_68=45
Column_253=42
Column_292=42
Column_47=41
Column_274=37
Column_254=36
Column_5=34
Column_26=33
Column_131=33
Column_287=33
Column_117=31
Column_260=29
Column_275=27
Column_159=24
Column_211=24
Column_281=24
Column_222=23
Column_201=22
Column_267=22
Column_110=20
Column_247=20
Column_282=19
Column_246=17
Column_173=16
Column_30=15
Column_180=15
Column_268=15
Column_283=15
Column_19=14
Column_79=14
Column_208=14
Column_276=13
Column_163=12
Column_250=12
Column_262=12
Column_61=11
Column_84=11
Column_198=11
Column_232=11
Column_248=11
Column_278=11
Column_54=10
Column_82=10
Column_138=10
Column_191=10
Column_241=10
Column_4=9
Column_37=9
Column_108=9
Column_183=9
Column_192=9
Column_233=9
Column_240=9
Column_285=9
Column_12=8
Column_48=8
Column_75=8
Column_122=8
Column_134=8
Column_190=8
Column_215=8
Column_226=8
Column_236=8
Column_257=8
Column_269=8
Column_13=7
Column_33=7
Column_40=7
Column_45=7
Column_78=7
Column_113=7
Column_124=7
Column_135=7
Column_162=7
Column_205=7
Column_225=7
Column_261=7
Column_51=6
Column_103=6
Column_128=6
Column_142=6
Column_199=6
Column_206=6
Column_212=6
Column_213=6
Column_252=6
Column_255=6
Column_271=6
Column_273=6
Column_3=5
Column_8=5
Column_15=5
Column_22=5
Column_43=5
Column_101=5
Column_115=5
Column_127=5
Column_136=5
Column_149=5
Column_152=5
Column_178=5
Column_185=5
Column_187=5
Column_204=5
Column_220=5
Column_229=5
Column_259=5
Column_266=5
Column_2=4
Column_6=4
Column_36=4
Column_50=4
Column_58=4
Column_59=4
Column_64=4
Column_65=4
Column_73=4
Column_80=4
Column_92=4
Column_120=4
Column_121=4
Column_141=4
Column_170=4
Column_184=4
Column_194=4
Column_227=4
Column_239=4
Column_280=4
Column_0=3
Column_1=3
Column_18=3
Column_20=3
Column_44=3
Column_57=3
Column_100=3
Column_112=3
Column_150=3
Column_167=3
Column_188=3
Column_219=3
Column_224=3
Column_231=3
Column_234=3
Column_265=3
Column_284=3
Column_11=2
Column_14=2
Column_16=2
Column_32=2
Column_34=2
Column_38=2
Column_41=2
Column_42=2
Column_52=2
Column_53=2
Column_63=2
Column_71=2
Column_85=2
Column_88=2
Column_90=2
Column_93=2
Column_96=2
Column_98=2
Column_99=2
Column_104=2
Column_107=2
Column_143=2
Column_145=2
Column_155=2
Column_157=2
Column_158=2
Column_176=2
Column_203=2
Column_216=2
Column_217=2
Column_218=2
Column_230=2
Column_245=2
Column_258=2
Column_279=2
Column_9=1
Column_21=1
Column_23=1
Column_29=1
Column_31=1
Column_35=1
Column_46=1
Column_49=1
Column_55=1
Column_60=1
Column_66=1
Column_67=1
Column_69=1
Column_70=1
Column_72=1
Column_83=1
Column_86=1
Column_87=1
Column_95=1
Column_102=1
Column_114=1
Column_125=1
Column_126=1
Column_129=1
Column_140=1
Column_144=1
Column_146=1
Column_148=1
Column_156=1
Column_160=1
Column_166=1
Column_168=1
Column_169=1
Column_171=1
Column_175=1
Column_177=1
Column_179=1
Column_186=1
Column_193=1
Column_197=1
Column_202=1
Column_210=1
Column_237=1
Column_238=1
Column_242=1
Column_244=1
Column_263=1
Column_272=1
Column_277=1
Column_286=1
Column_291=1

parameters:
[boosting: gbdt]
[objective: regression]
[metric: l2]
[tree_learner: serial]
[device_type: cpu]
[data_sample_strategy: bagging]
[data: ]
[valid: ]
[num_iterations: 1000]
[learning_rate: 0.05]
[num_leaves: 31]
[num_threads: 0]
[seed: 42]
[deterministic: 1]
[force_col_wise: 0]
[force_row_wise: 0]
[histogram_pool_size: -1]
[max_depth: -1]
[min_data_in_leaf: 20]
[min_sum_hessian_in_leaf: 0.001]
[bagging_fraction: 1]
[pos_bagging_fraction: 1]
[neg_bagging_fraction: 1]
[bagging_freq: 0]
[bagging_seed: 400]
[bagging_by_query: 0]
[feature_fraction: 1]
[feature_fraction_bynode: 1]
[feature_fraction_seed: 30056]
[extra_trees: 0]
[extra_seed: 12879]
[early_stopping_round: 0]
[early_stopping_min_delta: 0]
[first_metric_only: 0]
[max_delta_step: 0]
[lambda_l1: 0]
[lambda_l2: 0]
[linear_lambda: 0]
[min_gain_to_split: 0]
[drop_rate: 0.1]
[max_drop: 50]
[skip_drop: 0.5]
[xgboost_dart_mode: 0]
[uniform_drop: 0]
[drop_seed: 17869]
[top_rate: 0.2]
[other_rate: 0.1]
[min_data_per_group: 100]
[max_cat_threshold: 32]
[cat_l2: 10]
[cat_smooth: 10]
[max_cat_to_onehot: 4]
[top_k: 20]
[monotone_constraints: ]
[monotone_constraints_method: basic]
[monotone_penalty: 0]
[feature_contri: ]
[forcedsplits_filename: ]
[refit_decay_rate: 0.9]
[cegb_tradeoff: 1]
[cegb_penalty_split: 0]
[cegb_penalty_feature_lazy: ]
[cegb_penalty_feature_coupled: ]
[path_smooth: 0]
[interaction_constraints: ]
[verbosity: -1]
[saved_feature_importance_type: 0]
[use_quantized_grad: 0]
[num_grad_quant_bins: 4]
[quant_train_renew_leaf: 0]
[stochastic_rounding: 1]
[linear_tree: 0]
[max_bin: 255]
[max_bin_by_feature: ]
[min_data_in_bin: 3]
[bin_construct_sample_cnt: 200000]
[data_random_seed: 175]
[is_enable_sparse: 1]
[enable_bundle: 1]
[use_missing: 1]
[zero_as_missing: 0]
[feature_pre_filter: 1]
[pre_partition: 0]
[two_round: 0]
[header: 0]
[label_column: ]
[weight_column: ]
[group_column: ]
[ignore_column: ]
[categorical_feature: ]
[forcedbins_filename: ]
[precise_float_parser: 0]
[parser_config_file: ]
[objective_seed: 16083]
[num_class: 1]
[is_unbalance: 0]
[scale_pos_weight: 1]
[sigmoid: 1]
[boost_from_average: 1]
[reg_sqrt: 0]
[alpha: 0.9]
[fair_c: 1]
[poisson_max_delta_step: 0.7]
[tweedie_variance_power: 1.5]
[lambdarank_truncation_level: 30]
[lambdarank_norm: 1]
[label_gain: ]
[lambdarank_position_bias_regularization: 0]
[eval_at: ]
[multi_error_top_k: 1]
[auc_mu_weights: ]
[num_machines: 1]
[local_listen_port: 12400]
[time_out: 120]
[machine_list_filename: ]
[machines: ]
[gpu_platform_id: -1]
[gpu_device_id: -1]
[gpu_device_id_list: ]
[gpu_use_dp: 0]
[num_gpu: 1]

end of parameters

pandas_categorical:null
