tree
version=v4
num_class=1
num_tree_per_iteration=1
label_index=0
max_feature_idx=146
objective=regression
feature_names=Column_0 Column_1 Column_2 Column_3 Column_4 Column_5 Column_6 Column_7 Column_8 Column_9 Column_10 Column_11 Column_12 Column_13 Column_14 Column_15 Column_16 Column_17 Column_18 Column_19 Column_20 Column_21 Column_22 Column_23 Column_24 Column_25 Column_26 Column_27 Column_28 Column_29 Column_30 Column_31 Column_32 Column_33 Column_34 Column_35 Column_36 Column_37 Column_38 Column_39 Column_40 Column_41 Column_42 Column_43 Column_44 Column_45 Column_46 Column_47 Column_48 Column_49 Column_50 Column_51 Column_52 Column_53 Column_54 Column_55 Column_56 Column_57 Column_58 Column_59 Column_60 Column_61 Column_62 Column_63 Column_64 Column_65 Column_66 Column_67 Column_68 Column_69 Column_70 Column_71 Column_72 Column_73 Column_74 Column_75 Column_76 Column_77 Column_78 Column_79 Column_80 Column_81 Column_82 Column_83 Column_84 Column_85 Column_86 Column_87 Column_88 Column_89 Column_90 Column_91 Column_92 Column_93 Column_94 Column_95 Column_96 Column_97 Column_98 Column_99 Column_100 Column_101 Column_102 Column_103 Column_104 Column_105 Column_106 Column_107 Column_108 Column_109 Column_110 Column_111 Column_112 Column_113 Column_114 Column_115 Column_116 Column_117 Column_118 Column_119 Column_120 Column_121 Column_122 Column_123 Column_124 Column_125 Column_126 Column_127 Column_128 Column_129 Column_130 Column_131 Column_132 Column_133 Column_134 Column_135 Column_136 Column_137 Column_138 Column_139 Column_140 Column_141 Column_142 Column_143 Column_144 Column_145 Column_146
feature_infos=[-18745:31025] [-17115:31327.5] [-21432.5:30320] [-18440:30667.5] [-11803.3251953125:34970.2734375] [215.35255432128906:4107.3359375] [-11139.626953125:31198.84375] [-18442.5:30685] [-16837.5:30707.5] [-19622.5:28327.5] [-19145:28770] [-11757.275390625:34754.1484375] [215.35255432128906:4107.3359375] [-11009.43359375:30978.0390625] [-19145:28770] [-17515:29015] [-21832.5:26655] [-20900:27305] [-11700.275390625:34547.375] [215.35255432128906:4107.3359375] [-10743.939453125:30644.126953125] [-20900:27310] [-19270:27897.5] [-23587.5:24765] [-20595:24822.5] [-11638.150390625:34326.57421875] [215.35255432128906:4107.3359375] [-10940.44140625:30114.88671875] [-20597.5:24825] [-18992.5:26665] [-22692.5:22970] [-19935:23182.5] [-11575.4501953125:34104.9765625] [215.35255432128906:4107.3359375] [-11472.8095703125:29484.669921875] [-19932.5:23180] [-18097.5:23784] [-20540:21102.5] [-19040:22085] [-11506.875:33875.6015625] [215.35255432128906:4107.3359375] [-12041.41796875:28747.8828125] [-19037.5:22086] [-17692.5:24340] [-20807.5:21758] [-19460:22987.5] [-11438.275390625:33641.875] [215.35255432128906:4107.3359375] [-12715.8349609375:27957.392578125] [-19457.5:22985.5] [-17782.5:25519.5] [-21362.5:21541.5] [-18602.5:23167] [-11351:33379.875] [215.35255432128906:4107.3359375] [-13250.986328125:26986.947265625] [-18600:23169] [-16887.5:25303] [-20467.5:22052.5] [-17707.5:23282] [-11247.599609375:33102.6484375] [215.35255432128906:4107.3359375] [-13635.44140625:26086.54296875] [-17705:23280] [-14105:25814] [-17990:22759] [-16585:23988.5] [-11143.6748046875:32796.8515625] [215.35255432128906:4107.3359375] [-13683.5830078125:25100.720703125] [-16582.5:23986.5] [-13742.5:26520.5] [-17095:19633.5] [-15047.5:20863] [-11027:32497.67578125] [215.35255432128906:4107.3359375] [-13807.576171875:24128.3828125] [-15025:20861] [-13007.5:23395] [-17325:19784.5] [-14332.5:21014] [-10905.4501953125:32190.650390625] [215.35255432128906:4107.3359375] [-13376.4326171875:23217.84765625] [-14335:21012] [-12730:23546] [-15172.5:19031.5] [-13672.5:20261] [-10783.6748046875:31872.400390625] [215.35255432128906:4107.3359375] [-12729.7109375:22283.7265625] [-13670:20259] [-10192.5:22793] [-13790:17769] [-11465:19192.5] [-10652:31576.80078125] [215.35255432128906:4107.3359375] [-12432.919921875:21629.068359375] [-11465:19192] [-11430:20333] [-14545:19080] [-13197.5:19281] [-10509.2001953125:31254.92578125] [215.35255432128906:4107.3359375] [-12139.017578125:20810.2890625] [-13195:19280.5] [-11520:20743.5] [-15100:17781] [-12340:18407] [-10361.7998046875:30943.55078125] [215.35255432128906:4107.3359375] [-11771.3798828125:20160.037109375] [-12337.5:18406] [-8717.5:22530.5] [-12557.5:18402.5] [-11217.5:21238] [-10227.125:30623.525390625] [215.35255432128906:4107.3359375] [-11189.6630859375:19465.259765625] [-11215:21240] [-7842.5:22421.5] [-11727.5:20075.5] [-8415:21157] [-10100.1748046875:30324.5] [215.35255432128906:4107.3359375] [-10612.8759765625:18938.873046875] [-8412.5:21158] [-7480:22173] [-11500:20830] [-8785:22059.5] [-9958.224609375:29992.625] [215.35255432128906:4107.3359375] [-10064.88671875:18497.720703125] [-8762.5:22057.5] [-4677.5:24591.5] [-10257.5:11798] [-6772.5:17212.5] [-9812.1748046875:29626] [215.35255432128906:4107.3359375] [-9231.2607421875:18380.8828125] [-6789.5:17212] [0:18646.5] [-9058:0] none [-9667.4248046875:29211.025390625] [215.35255432128906:4107.3359375] [-8392.0556640625:16709.892578125]
tree_sizes=2795 2823 2825 2827 2811 2800 2803 2802 2804 2812 2830 2801 2796 2805 2816 2814 2816 2808 2804 2802 2817 2841 2792 2823 2824 2850 2800 2826 2805 2821 2801 2832 2834 2799 2821 2827 2831 2826 2818 2824 2855 2785 2796 2834 2804 2849 2826 2824 2828 2854 2811 2828 2847 2832 2794 2800 2834 2841 2812 2860 2822 2843 2836 2849 2827 2816 2872 2859 2856 2858 2857 2803 2852 2851 2856 2837 2843 2849 2800 2833 2807 2851 2812 2830 2838 2811 2858 2843 2795 2845 2858 2859 2791 2793 2859 2866 2851 2875 2816 2865 2842 2829 2850 2838 2810 2861 2832 2838 2839 2850 2849 2829 2823 2836 2857 2832 2845 2788 2895 2851 2826 2846 2866 2847 2835 2804 2830 2804 2823 2833

Tree=0
num_leaves=31
num_cat=0
split_feature=145 46 82 124 142 136 0 93 117 61 115 107 107 138 57 57 141 145 124 87 141 34 5 131 10 55 141 145 129 135
split_gain=3.4459e+08 1.32058e+08 1.30977e+08 5.83202e+07 5.35981e+07 3.81339e+07 2.15814e+07 1.93296e+07 1.92471e+07 1.77339e+07 1.6667e+07 1.44765e+07 1.56196e+07 1.72154e+07 2.05372e+07 2.45705e+07 1.70921e+07 1.41357e+07 1.36196e+07 1.34909e+07 1.57386e+07 1.24293e+07 1.25886e+07 1.23461e+07 1.39061e+07 2.06757e+07 1.18985e+07 1.39974e+07 1.41775e+07 1.18042e+07
threshold=1014.5462951660157 9962.8227539062518 2784.5214843750005 597.94873046875011 -1177.7499999999998 382.75000000000006 10405.000000000002 1070.2500000000002 828.10830688476574 1890.4719848632815 -782.24999999999989 -4898.7499999999991 111.25000000000001 1748.4644165039065 3450.5000000000005 69.750000000000014 444.25000000000006 1890.4719848632815 467.31889343261724 1575.2500000000002 566.25000000000011 -2486.2475585937495 1890.4719848632815 1141.4506835937502 6910.5000000000009 5485.9943847656259 900.50000000000011 1515.713562011719 -884.74999999999989 172.75000000000003
decision_type=2 2 2 2 2 2 2 2 2 2 2 2 2 2 2 2 2 2 2 2 2 2 2 2 2 2 2 2 2 2
left_child=3 7 5 18 -4 10 23 11 -5 -8 -3 -2 13 29 15 16 -15 -14 -1 -12 -21 -9 26 -7 25 -25 27 28 -23 -13
right_child=1 2 4 8 -6 6 9 21 -10 -11 19 12 17 14 -16 -17 -18 -19 -20 20 -22 22 -24 24 -26 -27 -28 -29 -30 -31
leaf_value=344.09420396665928 337.58136619567625 395.69926621548666 509.79986078328511 350.42348713048295 412.69532446397625 356.43756912565846 462.72759846798908 401.59486130462705 355.36203608207188 396.94069491770483 338.26837336174975 360.40454813125655 354.8123770741422 410.070823736119 420.31869568827369 337.41184862398643 367.82335605924652 314.56026126540752 347.74740577442782 392.77338698282153 347.25083010799841 403.08107914868538 338.10006912615518 389.60006944802024 367.1453246405826 451.86319579508523 378.61719485128441 334.80458309186781 364.52871537965984 375.31483251593988
leaf_weight=3861 67 35 30 7597 27 24 21 30 2665 20 56 1570 422 39 25 39 62 23 7521 39 37 26 32 40 27 20 250 36 288 145
leaf_count=3861 67 35 30 7597 27 24 21 30 2665 20 56 1570 422 39 25 39 62 23 7521 39 37 26 32 40 27 20 250 36 288 145
internal_value=351.306 366.03 393.991 348.973 463.803 381.516 399.637 362.588 351.706 430.636 365.024 360.495 361.155 363.149 378.575 371.121 384.137 352.732 346.508 356.89 370.611 370.149 368.656 388.186 396.945 410.354 370.286 364.335 367.721 361.665
internal_weight=25074 3430 376 21644 57 319 152 3054 10262 41 167 2392 2325 1880 165 140 101 445 11382 132 76 662 632 111 87 60 600 350 314 1715
internal_count=25074 3430 376 21644 57 319 152 3054 10262 41 167 2392 2325 1880 165 140 101 445 11382 132 76 662 632 111 87 60 600 350 314 1715
is_linear=0
shrinkage=1


Tree=1
num_leaves=31
num_cat=0
split_feature=145 46 82 124 142 136 142 69 117 141 135 137 135 92 107 2 107 81 38 124 93 142 57 5 34 135 122 78 4 121
split_gain=3.10992e+08 1.19182e+08 1.18207e+08 5.26462e+07 4.83723e+07 3.44158e+07 2.07237e+07 1.82847e+07 1.77917e+07 1.56981e+07 2.33238e+07 2.01566e+07 1.98053e+07 1.59934e+07 1.48994e+07 1.45301e+07 1.26805e+07 2.92596e+07 1.59739e+07 1.21132e+07 1.20022e+07 1.49868e+07 1.61302e+07 1.41997e+07 1.176e+07 1.17497e+07 1.75885e+07 1.09479e+07 1.04827e+07 1.04787e+07
threshold=1014.5462951660157 9962.8227539062518 2784.5214843750005 595.73245239257824 -1177.7499999999998 382.75000000000006 -685.74999999999989 7376.3999023437509 794.26083374023449 299.25000000000006 -1057.2499999999998 10210.680175781252 -919.74999999999989 1878.7500000000002 -4898.7499999999991 7562.2500000000009 -3099.2499999999995 5228.3273925781259 168.00000000000003 467.31889343261724 1070.2500000000002 -2441.7499999999995 -2934.2499999999995 1890.4719848632815 -2486.2475585937495 435.25000000000006 695.25000000000011 -1670.7499999999998 9972.8076171875018 2415.0000000000005
decision_type=2 2 2 2 2 2 2 2 2 2 2 2 2 2 2 2 2 2 2 2 2 2 2 2 2 2 2 2 2 2
left_child=3 7 5 19 -4 9 15 14 -5 10 -3 13 -13 -11 -2 -7 17 -16 -19 -1 21 -18 -23 24 -22 26 -8 -24 -29 -26
right_child=1 2 4 8 -6 6 25 -9 -10 11 -12 12 -14 -15 16 -17 20 18 -20 -21 23 22 27 -25 29 -27 -28 28 -30 -31
leaf_value=-6.8512007524380723 -12.904397688192482 78.451613388061531 150.56917602539065 -1.0743464358823265 58.319863948115596 42.448751996911092 19.121841485159738 41.663110035023792 3.3566686333673164 -2.8907738629509421 7.2120094581886578 -45.393102104433126 17.495434375036332 45.606309464398556 13.806692839524139 96.083551965441018 -35.179737586975101 91.423647041320805 30.920084937413534 -3.3981555916282633 50.530833728496845 23.657192790659167 -4.7748993924494547 -15.578511092242074 18.323151014001649 17.811622209297983 82.412124600617787 7.6890622558110309 35.339222083772931 -5.2449371154491722
leaf_weight=3861 68 20 30 7015 27 23 21 47 3346 34 27 31 21 34 223 28 20 20 24 7422 26 158 178 34 507 57 23 1662 35 52
leaf_count=3861 68 20 30 7015 27 23 21 47 3346 34 27 31 21 34 223 28 20 20 24 7422 26 158 178 34 507 57 23 1662 35 52
internal_value=1.09655e-07 13.988 40.5505 -2.21672 106.872 28.6999 45.9142 10.7177 0.356614 13.0318 37.5267 3.43788 -19.9958 21.3578 10.234 71.8953 10.7693 21.159 58.4217 -4.57977 9.73115 7.89109 8.31481 15.834 17.6597 32.795 52.2054 7.02195 8.25934 16.1308
internal_weight=25074 3430 376 21644 57 319 152 3054 10361 167 47 120 52 68 3007 51 2939 267 44 11283 2672 2053 2033 619 585 101 44 1875 1697 559
internal_count=25074 3430 376 21644 57 319 152 3054 10361 167 47 120 52 68 3007 51 2939 267 44 11283 2672 2053 2033 619 585 101 44 1875 1697 559
is_linear=0
shrinkage=0.05


Tree=2
num_leaves=31
num_cat=0
split_feature=145 46 82 145 142 136 142 69 117 115 107 2 87 141 124 107 81 38 121 136 121 41 135 122 38 57 78 115 142 83
split_gain=2.8067e+08 1.07562e+08 1.06682e+08 4.77671e+07 4.3656e+07 3.10603e+07 1.87031e+07 1.65019e+07 1.58431e+07 1.48837e+07 1.34467e+07 1.31134e+07 1.19996e+07 1.34209e+07 1.18212e+07 1.14441e+07 2.64068e+07 1.44164e+07 1.12671e+07 2.31305e+07 1.27318e+07 1.44059e+07 1.06041e+07 1.58736e+07 1.0383e+07 9.71458e+06 1.18528e+07 9.43458e+06 9.10254e+06 9.16237e+06
threshold=1014.5462951660157 9962.8227539062518 2784.5214843750005 597.94873046875011 -1177.7499999999998 382.75000000000006 -685.74999999999989 7376.3999023437509 828.10830688476574 -782.24999999999989 -4898.7499999999991 7562.2500000000009 1575.2500000000002 566.25000000000011 505.65686035156256 -3099.2499999999995 5228.3273925781259 168.00000000000003 1199.7500000000002 1790.2500000000002 2415.0000000000005 3751.8586425781255 435.25000000000006 695.25000000000011 4320.2500000000009 -2934.2499999999995 -1670.7499999999998 -1206.9999999999998 -515.24999999999989 3045.3896484375005
decision_type=2 2 2 2 2 2 2 2 2 2 2 2 2 2 2 2 2 2 2 2 2 2 2 2 2 2 2 2 2 2
left_child=3 7 5 14 -4 9 11 10 -5 -3 -2 -7 -11 -14 -1 16 27 -18 19 25 24 -22 23 -8 28 -17 -27 -12 -20 -30
right_child=1 2 4 8 -6 6 22 -9 -10 12 15 -13 13 -15 -16 18 17 -19 20 -21 21 -23 -24 -25 -26 26 -28 -29 29 -31
leaf_value=-5.8945300803128253 -12.259177499658922 41.368286249637606 143.04071177164712 -0.79542482961935612 55.403871380841295 40.326314975904381 18.165749086652482 39.579954794873586 3.6854059484430479 -12.868321122441973 8.529415338270125 91.279374735695981 38.100037599832589 -3.9372410645356051 -2.6704997797285994 20.499844004673029 86.85246518611909 29.374080554644269 33.328686366975312 -37.975251607541686 21.425315419605802 -24.272131311192233 16.921041221367684 78.291518733812424 42.13722934382303 -4.8192178945431765 8.7900323858349463 36.175045755747206 16.316839644339233 -18.30420781011167
leaf_weight=5880 68 35 30 7594 27 23 21 47 2665 56 186 28 39 37 5505 159 20 24 64 27 35 34 57 23 56 174 1987 37 113 23
leaf_count=5880 68 35 30 7594 27 23 21 47 2665 56 186 28 39 37 5505 159 20 24 64 27 35 34 57 23 56 174 1987 37 113 23
internal_value=8.06879e-08 13.2886 38.5229 -2.10589 101.529 27.2649 43.6185 10.1818 0.368569 12.3802 9.72228 68.3005 4.69392 17.6345 -4.33561 10.2309 20.101 55.5006 9.24459 8.03638 17.9697 -1.09227 31.1553 49.5951 23.1075 8.57186 7.69424 13.1164 17.7792 10.4618
internal_weight=25074 3430 376 21644 57 319 152 3054 10259 167 3007 51 132 76 11385 2939 267 44 2672 2347 325 69 101 44 256 2320 2161 223 200 136
internal_count=25074 3430 376 21644 57 319 152 3054 10259 167 3007 51 132 76 11385 2939 267 44 2672 2347 325 69 101 44 256 2320 2161 223 200 136
is_linear=0
shrinkage=0.05


Tree=3
num_leaves=31
num_cat=0
split_feature=145 46 82 134 124 136 131 96 138 69 115 127 117 107 107 81 98 142 124 120 121 136 145 61 53 141 103 92 57 92
split_gain=2.53572e+08 9.8371e+07 9.78263e+07 4.19326e+07 3.98306e+07 2.87523e+07 1.77715e+07 1.73141e+07 1.69269e+07 1.529e+07 1.37923e+07 1.29488e+07 1.23393e+07 1.13277e+07 1.2154e+07 2.24443e+07 1.22069e+07 1.07735e+07 1.01074e+07 1.00802e+07 1.06241e+07 1.07352e+07 1.05043e+07 1.10389e+07 1.16973e+07 1.25162e+07 1.15121e+07 8.29354e+06 8.22049e+06 1.24445e+07
threshold=987.75860595703136 9962.8227539062518 2784.5214843750005 902.75000000000011 595.73245239257824 382.75000000000006 1141.4506835937502 1748.4644165039065 1647.119079589844 7376.3999023437509 -782.24999999999989 520.25000000000011 789.78158569335949 -4898.7499999999991 -3099.2499999999995 5228.3273925781259 -2064.2499999999995 -454.74999999999994 467.31889343261724 4857.5000000000009 1049.2500000000002 1790.2500000000002 1077.258728027344 1006.120086669922 6316.5625000000009 1235.7500000000002 1473.834655761719 3684.2500000000005 -2934.2499999999995 -1297.7499999999998
decision_type=2 2 2 2 2 2 2 2 2 2 2 2 2 2 2 2 2 2 2 2 2 2 2 2 2 2 2 2 2 2
left_child=4 9 5 -4 18 10 -7 8 -8 13 -3 -12 -6 -2 15 -15 -17 -9 -1 20 21 28 27 -24 26 -26 -25 -22 -16 -30
right_child=1 2 3 -5 12 6 7 17 -10 -11 11 -13 -14 14 19 16 -18 -19 -20 -21 22 -23 23 24 25 -27 -28 -29 29 -31
leaf_value=-6.2147727268736652 -11.165769499626713 39.299872458321715 58.546468043327337 144.97130920410157 -0.99630182749215579 4.9097548263413566 49.491465532152283 49.634496977390391 106.31988366127014 37.600957456801801 -21.131967338355814 13.536561977020419 2.7773622077791447 13.053959613473252 18.278286561946995 28.346213174819948 80.753765754699714 10.144817204629222 -3.0605557121914679 -22.627550389216498 -5.5326241505296929 -25.164486700057985 46.983380112383102 16.557945766696683 17.122355151730915 59.202109387715659 -15.984511731610155 26.136740762846813 -3.8257023516247468 8.2210086953118697
leaf_weight=3861 69 35 32 25 6912 28 38 39 20 47 37 99 3155 232 173 25 20 31 7422 26 79 25 36 154 43 30 33 28 239 2081
leaf_count=3861 69 35 32 25 6912 28 38 39 20 47 37 99 3155 232 173 25 20 31 7422 26 79 25 36 154 43 30 33 28 239 2081
internal_value=3.12372e-08 12.0394 36.0059 96.4521 -2.09998 25.4695 40.9922 48.8852 69.0875 9.28391 11.3084 4.10468 0.186365 8.87975 9.30876 19.3222 51.6385 32.1462 -4.13992 8.36756 8.64345 7.4371 16.1809 21.0343 17.4414 34.4154 10.8152 2.75469 7.76403 6.97999
internal_weight=25074 3724 384 57 21350 327 156 128 58 3340 171 136 10067 3293 3224 277 45 70 11283 2947 2921 2518 403 296 260 73 187 107 2493 2320
internal_count=25074 3724 384 57 21350 327 156 128 58 3340 171 136 10067 3293 3224 277 45 70 11283 2947 2921 2518 403 296 260 73 187 107 2493 2320
is_linear=0
shrinkage=0.05


Tree=4
num_leaves=31
num_cat=0
split_feature=145 4 101 145 136 82 93 142 129 115 138 119 141 54 19 74 106 9 69 9 100 117 107 63 103 61 80 37 23 128
split_gain=2.28849e+08 8.96135e+07 6.84002e+07 3.61824e+07 2.56681e+07 2.08637e+07 2.0564e+07 1.64064e+07 1.48378e+07 1.28563e+07 1.25611e+07 1.61292e+07 1.47661e+07 1.52017e+07 1.73804e+07 1.17207e+07 1.14409e+07 1.21884e+07 1.12035e+07 1.69435e+07 1.1395e+07 1.09345e+07 1.05388e+07 1.25406e+07 1.50853e+07 1.89788e+07 1.14133e+07 1.119e+07 1.24494e+07 1.40269e+07
threshold=987.75860595703136 11597.850097656252 -2491.9999999999995 597.94873046875011 410.25000000000006 2784.5214843750005 1131.2500000000002 -1134.7499999999998 1483.7500000000002 -361.24999999999994 2299.0893554687505 994.25000000000011 900.50000000000011 1748.4644165039065 1515.713562011719 14152.347656250002 2428.0000000000005 1747.0000000000002 4470.4946289062509 2315.5000000000005 3138.0000000000005 789.78158569335949 -4898.7499999999991 -3375.2499999999995 1647.119079589844 1515.713562011719 -3009.7499999999995 -7241.2499999999991 -2402.2499999999995 -1067.2499999999998
decision_type=2 2 2 2 2 2 2 2 2 2 2 2 2 2 2 2 2 2 2 2 2 2 2 2 2 2 2 2 2 2
left_child=3 6 -3 -1 5 9 22 -6 -9 -4 11 16 18 14 -14 -10 -8 -18 19 -13 -20 -5 -2 27 -25 -26 -27 -24 29 -29
right_child=1 2 4 21 7 -7 10 8 15 -11 -12 12 13 -15 -16 -17 17 -19 20 -21 -22 -23 23 24 25 26 -28 28 -30 -31
leaf_value=-3.9206944035171327 -12.133767163926278 117.29875286865236 44.584858942031865 -0.92219675350026198 88.910999107360851 62.076872953772551 19.27720088052078 60.846880442036529 39.109374917520057 0.63385296891434029 54.646850767589754 -1.0506374957131557 18.223970278568355 -22.637121772766115 63.095972776412964 -8.3988126774132255 71.121723172297848 26.925927039904476 -24.316856756607692 31.96961906332719 16.447886503736179 2.638493880031604 -3.3978886274857958 5.0030073676150035 64.833147754669184 48.179967386072335 10.246858692643656 16.295021039881604 -6.2639798559461326 42.403088018040599
leaf_weight=11385 69 25 20 6810 20 21 142 45 37 99 21 122 214 20 24 20 26 39 60 57 24 3155 55 2064 20 22 201 141 35 81
leaf_count=11385 69 25 20 6810 20 21 142 45 37 99 21 122 214 20 24 20 26 39 60 57 24 3155 55 2064 20 22 201 141 35 81
internal_value=-4.67119e-08 11.4374 38.2785 -1.99498 30.7384 16.129 9.19607 47.5033 39.3841 8.02058 16.5228 15.423 10.7319 19.2306 22.7489 22.4398 27.2301 44.6042 2.39478 9.46419 -12.6698 0.205147 7.15452 7.66269 6.39031 18.1738 13.9891 17.0709 21.4514 25.8209
internal_weight=25074 3724 287 21350 262 140 3437 122 102 119 749 728 521 258 238 57 207 65 263 179 84 9965 2688 2619 2307 243 223 312 257 222
internal_count=25074 3724 287 21350 262 140 3437 122 102 119 749 728 521 258 238 57 207 65 263 179 84 9965 2688 2619 2307 243 223 312 257 222
is_linear=0
shrinkage=0.05


Tree=5
num_leaves=31
num_cat=0
split_feature=145 46 82 134 124 131 136 141 137 96 138 92 107 72 5 12 89 19 26 141 135 117 38 99 122 141 33 6 21 113
split_gain=2.07025e+08 7.94243e+07 8.08672e+07 3.87394e+07 3.54438e+07 2.3004e+07 2.27384e+07 1.88502e+07 2.17446e+07 1.53933e+07 1.51395e+07 1.32474e+07 1.67719e+07 1.29518e+07 1.28315e+07 1.40419e+07 2.14207e+07 1.30063e+07 1.71099e+07 1.28443e+07 1.24372e+07 1.19967e+07 1.16138e+07 1.15181e+07 9.97383e+06 1.16546e+07 9.89086e+06 9.46413e+06 1.60421e+07 1.30712e+07
threshold=1014.5462951660157 9962.8227539062518 2784.5214843750005 902.75000000000011 595.73245239257824 1141.4506835937502 410.25000000000006 299.25000000000006 10210.680175781252 1748.4644165039065 1647.119079589844 2107.2500000000005 -1247.2499999999998 1469.7500000000002 1890.4719848632815 1515.713562011719 1473.834655761719 1286.4824218750002 1245.2596435546877 1667.0000000000002 -1016.2499999999999 838.07479858398449 5098.7500000000009 3975.5000000000005 849.25000000000011 884.50000000000011 909.79022216796886 -7270.4916992187491 -3754.9999999999995 -1618.2499999999998
decision_type=2 2 2 2 2 2 2 2 2 2 2 2 2 2 2 2 2 2 2 2 2 2 2 2 2 2 2 2 2 2
left_child=4 11 5 -4 -1 -3 7 -7 13 10 -8 27 -13 -9 15 17 -17 18 22 -16 -10 -6 26 -19 -24 -26 -14 -2 29 -29
right_child=1 2 3 -5 21 6 9 8 20 -11 -12 12 14 -15 19 16 -18 23 -20 -21 -22 -23 24 -25 25 -27 -28 28 -30 -31
leaf_value=-3.7475431173998572 -12.109624247811736 -7.4842177970736632 51.518562567234042 134.58754811859131 -0.65005501482810035 46.410179371303983 44.899929889879729 4.7745108962059026 -42.708605158770524 28.600534936359953 98.644329166412362 59.645237731933598 -6.3012070680919443 53.364640478293097 9.1977110093639745 75.458714692488954 18.293743331808795 6.0899396720685459 55.876263985267059 -42.19659161567688 8.5964582857631502 3.3406131979195508 53.515982252975995 -30.229164180049192 -6.6548852256366189 33.63555963897705 14.212912068357799 1.4863158540164725 5.7133152696879819 24.6172142452908
leaf_weight=11283 64 51 32 25 7887 36 38 32 27 70 20 20 76 24 31 23 57 114 26 20 21 2474 29 27 28 50 259 85 1928 217
leaf_count=11283 64 51 32 25 7887 36 38 32 27 70 20 20 76 24 31 23 57 114 26 20 21 2474 29 27 28 50 259 85 1928 217
internal_value=-6.77309e-08 11.4128 33.0968 87.9523 -1.80862 23.2951 29.1523 15.2264 4.43201 44.3838 63.4325 8.7431 14.4643 25.5989 13.2432 15.0345 34.7287 12.4475 16.4582 -10.9569 -20.2626 0.302837 14.1395 -0.864782 28.4804 19.1723 9.55896 6.84766 7.39172 18.1069
internal_weight=25074 3430 376 57 21644 319 268 140 104 128 58 3054 760 56 740 689 80 609 468 51 48 10361 442 141 107 78 335 2294 2230 302
internal_count=25074 3430 376 57 21644 319 268 140 104 128 58 3054 760 56 740 689 80 609 468 51 48 10361 442 141 107 78 335 2294 2230 302
is_linear=0
shrinkage=0.05


Tree=6
num_leaves=31
num_cat=0
split_feature=145 46 82 142 124 131 86 117 87 20 110 80 17 58 104 121 128 142 107 107 15 61 30 94 85 113 44 104 141 91
split_gain=1.8684e+08 7.16804e+07 7.29827e+07 3.73922e+07 3.33135e+07 2.07611e+07 2.07607e+07 1.67897e+07 1.64857e+07 1.90877e+07 2.60815e+07 1.72847e+07 1.49122e+07 1.30026e+07 1.38763e+07 1.25543e+07 2.1668e+07 9.98696e+06 9.3252e+06 1.19258e+07 3.04217e+07 1.37486e+07 1.37179e+07 1.69586e+07 1.2943e+07 1.43859e+07 1.455e+07 1.92994e+07 1.11434e+07 1.1053e+07
threshold=1014.5462951660157 9962.8227539062518 2784.5214843750005 -1177.7499999999998 505.65686035156256 1141.4506835937502 1341.5000000000002 789.78158569335949 4307.5000000000009 11418.990722656252 2042.5865478515627 2876.5000000000005 6762.5000000000009 3556.7500000000005 2454.7426757812505 1199.7500000000002 1371.7500000000002 -1292.9999999999998 -4898.7499999999991 -2101.2499999999995 4805.5000000000009 2299.0893554687505 -3164.7499999999995 -1259.4999999999998 -814.74999999999989 -1618.2499999999998 -6004.9999999999991 -3256.2141113281245 227.75000000000003 -3316.2499999999995
decision_type=2 2 2 2 2 2 2 2 2 2 2 2 2 2 2 2 2 2 2 2 2 2 2 2 2 2 2 2 2 2
left_child=4 15 5 -4 -1 -3 13 -6 11 12 -11 -8 -10 14 -7 16 18 -17 -2 20 22 -21 23 24 25 -20 -27 -28 -29 -24
right_child=1 2 3 -5 7 6 8 -9 9 10 -12 -13 -14 -15 -16 17 -18 -19 19 21 -22 -23 29 -25 -26 26 27 28 -30 -31
leaf_value=-4.907695330962075 -10.54604670068492 -7.1100064258949436 121.97353866418203 40.867127243677778 -1.3782783484913494 2.2700540245795735 26.258992892219908 2.5728400167618619 29.226518328984579 82.456597140983305 16.193349037748394 84.286139624046555 -29.23176788330078 -22.417446148913839 42.530352288170867 49.851050879738551 -38.268852586012621 15.044892881253014 5.8391619811937652 6.7123989422615118 63.162504456837979 -24.907110870906287 -16.170561533604026 64.179490470886236 -20.292840645530006 6.9751931966737262 68.707735318403977 -4.8433104601773351 43.095108671541567 8.7232952917279718
leaf_weight=5940 69 51 30 27 12260 49 21 3444 24 27 33 33 20 23 38 22 26 326 103 1936 30 35 53 20 22 43 39 22 27 281
leaf_count=5940 69 51 30 27 12260 49 21 3444 24 27 33 33 20 23 38 22 26 326 103 1936 30 35 53 20 22 43 39 22 27 281
internal_value=4.54571e-08 10.8421 31.442 83.5547 -1.71819 22.1303 27.6947 -0.51177 39.3063 27.6684 46.0118 61.72 2.65457 11.0162 19.855 8.30595 7.15632 17.2453 7.59701 8.07647 14.0066 6.15092 11.5891 19.8374 16.3732 19.8204 30.8134 42.4616 21.5717 4.77307
internal_weight=25074 3430 376 57 21644 319 268 15704 158 104 60 54 44 110 87 3054 2706 348 2680 2611 640 1971 610 276 256 234 131 88 49 334
internal_count=25074 3430 376 57 21644 319 268 15704 158 104 60 54 44 110 87 3054 2706 348 2680 2611 640 1971 610 276 256 234 131 88 49 334
is_linear=0
shrinkage=0.05


Tree=7
num_leaves=31
num_cat=0
split_feature=145 4 101 124 136 93 115 113 142 129 117 73 119 120 58 106 20 74 141 79 29 87 122 107 103 61 82 33 63 79
split_gain=1.6863e+08 6.72534e+07 5.53321e+07 2.86437e+07 2.10756e+07 1.63622e+07 1.52083e+07 1.5451e+07 1.39115e+07 1.30871e+07 1.28676e+07 1.1739e+07 1.3027e+07 1.24881e+07 1.23297e+07 1.15232e+07 1.95015e+07 1.05761e+07 1.00775e+07 9.52813e+06 9.28526e+06 9.17172e+06 8.82861e+06 8.59521e+06 1.06134e+07 1.74995e+07 1.38213e+07 1.41336e+07 1.24232e+07 1.19305e+07
threshold=987.75860595703136 11597.850097656252 -2491.9999999999995 505.65686035156256 410.25000000000006 1131.2500000000002 -1267.2499999999998 4278.7500000000009 -1134.7499999999998 1483.7500000000002 789.78158569335949 7265.0000000000009 994.25000000000011 1745.5000000000002 -499.24999999999994 2428.0000000000005 1476.131042480469 14152.347656250002 740.25000000000011 2195.2500000000005 5049.2500000000009 1359.7500000000002 2981.0000000000005 -4898.7499999999991 1647.119079589844 1515.713562011719 2784.5214843750005 1748.4644165039065 -3375.2499999999995 -3621.4999999999995
decision_type=2 2 2 2 2 2 2 2 2 2 2 2 2 2 2 2 2 2 2 2 2 2 2 2 2 2 2 2 2 2
left_child=3 5 -3 -1 6 22 -4 18 -6 19 -5 12 15 -14 -15 20 -17 -11 21 -10 -7 -8 23 -2 28 -26 27 -27 -25 -29
right_child=1 2 4 10 8 11 7 -9 9 17 -12 -13 13 14 -16 16 -18 -19 -20 -21 -22 -23 -24 24 25 26 -28 29 -30 -31
leaf_value=-4.6623105978225716 -11.089921043230142 104.14247951030733 53.417320643588909 -1.3085528135691211 79.609647893905645 9.4169364166259779 -12.922175550460816 41.297282836914064 28.437427210807801 33.925053013982001 2.2721166659988428 49.579785106493084 -10.784640881635141 44.8223882039388 9.9626113047463232 76.96098653475444 20.93024991208857 -11.203787860870362 -32.54515758861195 74.738936451911925 41.52448343549456 22.606993601872372 -24.134809915224711 16.270436716177027 59.628680783226379 -3.1956574279968053 -26.70734067644392 43.095201948972857 4.3568859466265168 14.90803572760688
leaf_weight=5940 69 25 20 12255 20 115 34 25 20 37 3155 23 69 27 419 24 44 20 22 25 28 39 24 245 21 73 21 52 2048 135
leaf_count=5940 69 25 20 12255 20 115 34 25 20 37 3155 23 69 27 419 24 44 20 22 25 28 39 24 245 21 73 21 52 2048 135
internal_value=6.19999e-08 9.81791 33.0705 -1.7125 26.2888 7.87625 13.0507 6.32298 41.4801 34.0037 -0.575457 14.4117 13.2976 9.01048 12.073 23.7613 40.7058 18.0904 -2.88079 54.1605 15.7037 6.05916 6.05518 6.32716 6.79027 15.6013 12.311 15.4625 5.62981 22.7462
internal_weight=25074 3724 287 21350 262 3437 140 120 122 102 15410 749 726 515 446 211 68 57 95 45 143 73 2688 2664 2595 302 281 260 2293 187
internal_count=25074 3724 287 21350 262 3437 140 120 122 102 15410 749 726 515 446 211 68 57 95 45 143 73 2688 2664 2595 302 281 260 2293 187
is_linear=0
shrinkage=0.05


Tree=8
num_leaves=31
num_cat=0
split_feature=145 46 82 134 145 136 73 85 141 135 135 108 113 136 142 26 88 115 121 90 142 59 141 121 128 17 37 93 121 82
split_gain=1.52664e+08 5.88889e+07 6.31944e+07 3.48677e+07 2.72585e+07 1.84277e+07 1.41746e+07 1.58309e+07 1.19189e+07 1.81951e+07 1.54363e+07 1.43639e+07 1.13514e+07 1.77913e+07 3.12171e+07 9.4222e+06 9.3161e+06 9.24048e+06 1.36508e+07 9.03054e+06 8.90314e+06 9.4216e+06 9.09032e+06 9.80784e+06 8.39496e+06 8.32651e+06 8.20077e+06 8.19807e+06 2.0161e+07 1.19136e+07
threshold=1014.5462951660157 9962.8227539062518 2784.5214843750005 902.75000000000011 597.94873046875011 382.75000000000006 7265.0000000000009 5071.0000000000009 299.25000000000006 -1057.2499999999998 -934.74999999999989 -268.74999999999994 2502.2500000000005 1577.5000000000002 -445.24999999999994 1515.713562011719 7718.8449707031259 924.75000000000011 91.750000000000014 4979.5341796875009 -1134.7499999999998 -1215.7499999999998 237.75000000000003 2415.0000000000005 -120.74999999999999 5205.5000000000009 2466.7500000000005 1996.0000000000002 495.25000000000006 2784.5214843750005
decision_type=2 2 2 2 2 2 2 2 2 2 2 2 2 2 2 2 2 2 2 2 2 2 2 2 2 2 2 2 2 2
left_child=4 12 5 -4 -1 8 7 19 9 -3 11 -10 13 27 -15 -8 -6 -14 -19 -7 -20 -22 -23 26 -18 -13 -24 29 -29 -2
right_child=1 2 3 -5 16 6 15 -9 10 -11 -12 25 17 14 -16 -17 24 18 20 -21 21 22 23 -25 -26 -27 -28 28 -30 -31
leaf_value=-3.2374909222491177 6.5661617655698228 65.832427711486829 42.399186217784887 121.20783395385743 0.19488519988917519 22.374612533129181 81.812772331237795 -8.1080745824178067 -51.456776943206791 2.9109078160038706 20.145431140683733 23.58723276138306 45.824438542905064 -67.934316739169034 10.480081969102224 34.888083068184237 43.423245297307552 -15.292907539166903 38.770384803185095 58.016185901783132 45.952347308113467 -19.633827965909788 9.3838152456996777 -3.4295218152266282 5.9989853136761244 -18.977856847974987 28.399894820505921 38.638751428089449 -4.9014463942983877 -32.181886283755304
leaf_weight=11385 2438 20 32 25 10193 52 20 30 20 27 53 20 23 22 30 23 23 38 39 27 21 22 117 65 43 27 110 63 46 20
leaf_count=11385 2438 20 32 25 10193 52 20 30 20 27 53 20 23 22 30 23 23 38 39 27 21 22 117 65 43 27 110 63 46 20
internal_value=-2.56175e-09 9.80049 28.472 76.9644 -1.55312 19.8073 32.4037 22.8135 8.34226 29.686 -0.0173764 -15.9671 7.5017 6.25937 -22.6952 56.7135 0.316128 14.9814 13.2596 34.5559 16.1606 13.5285 11.36 13.6951 19.0408 -0.865053 18.5987 6.84591 20.264 6.25088
internal_weight=25074 3430 376 57 21644 319 152 109 167 47 120 67 3054 2619 52 43 10259 435 412 79 374 335 314 292 66 47 227 2567 109 2458
internal_count=25074 3430 376 57 21644 319 152 109 167 47 120 67 3054 2619 52 43 10259 435 412 79 374 335 314 292 66 47 227 2567 109 2458
is_linear=0
shrinkage=0.05


Tree=9
num_leaves=31
num_cat=0
split_feature=145 46 82 142 124 131 145 104 24 136 141 141 79 117 48 128 121 128 129 141 27 128 87 85 117 115 40 58 43 105
split_gain=1.37779e+08 5.31472e+07 5.70329e+07 3.21136e+07 2.55564e+07 1.77871e+07 1.90666e+07 2.33669e+07 1.46953e+07 1.64329e+07 1.8314e+07 1.66429e+07 1.49113e+07 1.28644e+07 1.08708e+07 9.38327e+06 1.04387e+07 1.27192e+07 1.11234e+07 8.4819e+06 8.01118e+06 7.76768e+06 7.39056e+06 1.55313e+07 1.69761e+07 1.66386e+07 8.91481e+06 1.28747e+07 1.56156e+07 1.72475e+07
threshold=1014.5462951660157 9962.8227539062518 2784.5214843750005 -1177.7499999999998 505.65686035156256 1141.4506835937502 2784.5214843750005 2454.7426757812505 4069.0000000000005 205.25000000000003 448.25000000000006 1569.2500000000002 2195.2500000000005 789.78158569335949 7898.7023925781259 2370.2500000000005 1049.2500000000002 922.75000000000011 1340.5000000000002 1081.7500000000002 11092.375000000002 -111.24999999999999 4307.5000000000009 3861.2500000000005 2784.5214843750005 924.75000000000011 1890.4719848632815 -458.74999999999994 -3442.4999999999995 -1800.2499999999998
decision_type=2 2 2 2 2 2 2 2 2 2 2 2 2 2 2 2 2 2 2 2 2 2 2 2 2 2 2 2 2 2
left_child=4 14 5 -4 -1 -3 7 -7 12 10 -10 19 -9 -6 15 16 17 22 -19 -11 -13 -18 23 24 26 -25 -2 28 -28 -30
right_child=1 2 3 -5 13 6 -8 8 9 11 -12 20 -14 -15 -16 -17 21 18 -20 -21 -22 -23 -24 25 -26 -27 27 -29 29 -31
leaf_value=-4.2690539330298005 5.7659979380922648 -8.2481916091021379 108.72009848276774 33.556236231768573 -1.1772764748065403 0.12458250045776367 -13.59624132792155 35.903375442822771 37.455131346649594 42.719351768493652 -20.258958346503121 1.3734193055526072 94.35996891021729 2.2812705831154405 32.699188316740639 -20.58794631958008 -9.8281544784019736 18.022050361633301 -25.317312003018564 88.216460291544593 44.642084121704102 17.145829784621053 -18.530005514210668 58.225891801516219 -35.653722198804218 8.9667231321334846 -1.6254153695217397 -13.445544949599677 67.714727572032388 21.556055617659059
leaf_weight=5940 2246 51 30 27 12260 55 30 24 27 20 28 23 20 3444 41 31 29 20 57 21 20 335 29 30 24 40 43 28 28 73
leaf_count=5940 2246 51 30 27 12260 55 30 24 27 20 28 23 20 3444 41 31 29 20 57 21 20 335 29 30 24 40 43 28 28 73
internal_value=1.6235e-08 9.31046 27.0484 73.1162 -1.47546 18.8169 23.9673 28.7022 37.2912 29.3194 8.07341 43.2305 62.4746 -0.418792 7.12662 6.77863 7.06313 5.96005 -14.0603 66.0227 21.4984 14.9968 6.56673 6.85646 6.19082 30.0778 6.60615 17.577 23.6091 34.3525
internal_weight=25074 3430 376 57 21644 319 268 238 183 139 55 84 44 15704 3054 3013 2982 2618 77 41 43 364 2541 2512 2442 70 2418 172 144 101
internal_count=25074 3430 376 57 21644 319 268 238 183 139 55 84 44 15704 3054 3013 2982 2618 77 41 43 364 2541 2512 2442 70 2418 172 144 101
is_linear=0
shrinkage=0.05


Tree=10
num_leaves=31
num_cat=0
split_feature=145 4 100 124 136 142 113 145 136 86 96 129 117 142 93 121 110 110 99 132 22 43 107 52 119 114 63 115 107 134
split_gain=1.24431e+08 5.01142e+07 4.53003e+07 2.19892e+07 1.95666e+07 2.05719e+07 1.3275e+07 1.52685e+07 1.47368e+07 1.28266e+07 1.77472e+07 1.27085e+07 9.88691e+06 9.37726e+06 9.21861e+06 1.68755e+07 9.404e+06 1.0825e+07 1.15587e+07 1.44834e+07 1.15054e+07 1.0193e+07 8.79418e+06 9.52549e+06 8.64868e+06 1.02167e+07 9.03334e+06 8.80742e+06 1.54505e+07 8.86762e+06
threshold=987.75860595703136 11597.850097656252 -3384.7499999999995 505.65686035156256 410.25000000000006 -1027.7499999999998 2502.2500000000005 2042.5865478515627 1790.2500000000002 2162.2500000000005 1565.8640136718752 2126.2500000000005 789.78158569335949 -1232.2499999999998 1996.0000000000002 341.75000000000006 2784.5214843750005 1890.4719848632815 1271.5000000000002 -786.30484008789051 -356.74999999999994 -3442.4999999999995 4245.7500000000009 6598.7500000000009 -3651.2499999999995 -3379.4999999999995 -3375.2499999999995 -1748.2499999999998 -2464.4999999999995 -116.74999999999999
decision_type=2 2 2 2 2 2 2 2 2 2 2 2 2 2 2 2 2 2 2 2 2 2 2 2 2 2 2 2 2 2
left_child=3 6 -3 -1 9 -6 8 13 14 -4 -11 -7 -5 -8 16 -16 17 24 19 20 21 -19 23 -15 -2 -26 27 29 -29 -27
right_child=1 2 4 12 5 11 7 -9 -10 10 -12 -13 -14 22 15 -17 -18 18 -20 -21 -22 -23 -24 -25 25 26 -28 28 -30 -31
leaf_value=-4.0556014549280031 -15.643455460492303 87.756107442132361 -5.1295503706545453 -1.117408558481245 81.636980292910621 40.524629910597724 35.346079968183467 46.085511420113704 -26.329713953865902 -0.41581202420321378 51.842946922779085 2.9473680359976635 2.0212580409669649 9.4004435632669061 35.86956902664371 0.22364846840500832 -28.921583433151245 5.9974488019943237 -12.983253924051921 47.511072078280982 -14.495581817626954 51.477043472636836 -16.368071556091309 37.432849074854992 20.128286617638867 17.729285608019151 3.5479306887870425 45.286912767622205 10.367608225457023 -21.719444468103607
leaf_weight=5940 51 29 74 12255 21 63 39 35 36 33 32 35 3155 371 69 64 20 28 24 45 27 22 30 33 109 28 2225 45 107 29
leaf_count=5940 51 29 74 12255 21 63 39 35 36 33 32 35 3155 371 69 64 20 28 24 45 27 22 30 33 109 28 2225 45 107 29
internal_value=-1.97273e-08 8.43369 28.5059 -1.47106 21.8459 36.7276 6.7576 14.2191 5.46349 9.10551 25.3116 27.1042 -0.474807 11.8611 5.85912 18.7166 5.23954 5.48889 18.7359 24.9757 11.8058 26.0085 9.75071 11.6902 4.7433 5.15216 4.48149 14.4201 20.7056 -2.34112
internal_weight=25074 3724 287 21350 258 119 3437 508 2929 139 65 98 15410 473 2893 133 2760 2740 146 122 77 50 434 404 2594 2543 2434 209 152 57
internal_count=25074 3724 287 21350 258 119 3437 508 2929 139 65 98 15410 473 2893 133 2760 2740 146 122 77 50 434 404 2594 2543 2434 209 152 57
is_linear=0
shrinkage=0.05


Tree=11
num_leaves=31
num_cat=0
split_feature=145 46 61 134 124 135 131 104 124 80 107 84 20 19 85 69 120 1 121 128 129 88 87 85 115 117 121 145 19 31
split_gain=1.12395e+08 4.3374e+07 4.93614e+07 4.42973e+07 2.09151e+07 1.75394e+07 2.00927e+07 1.65003e+07 1.36614e+07 1.5637e+07 1.61929e+07 9.8324e+06 1.75691e+07 2.3924e+07 1.0256e+07 9.37266e+06 9.56103e+06 8.63656e+06 8.37229e+06 1.13333e+07 9.96932e+06 8.20284e+06 7.98438e+06 1.32338e+07 1.54747e+07 1.45055e+07 7.77278e+06 1.09363e+07 1.16646e+07 1.70225e+07
threshold=1014.5462951660157 9962.8227539062518 2784.5214843750005 902.75000000000011 597.94873046875011 -3349.9999999999995 1141.4506835937502 2454.7426757812505 2784.5214843750005 964.25000000000011 -771.74999999999989 4085.0000000000005 11418.990722656252 1565.8640136718752 3467.5000000000005 7376.3999023437509 4857.5000000000009 7700.2500000000009 1049.2500000000002 922.75000000000011 1340.5000000000002 7718.8449707031259 4307.5000000000009 3861.2500000000005 924.75000000000011 2784.5214843750005 -4282.9999999999991 1748.4644165039065 2299.0893554687505 -993.24999999999989
decision_type=2 2 2 2 2 2 2 2 2 2 2 2 2 2 2 2 2 2 2 2 2 2 2 2 2 2 2 2 2 2
left_child=4 15 5 -4 -1 -3 -7 -8 9 -9 -11 14 17 -14 -12 16 18 -13 19 22 -21 -6 23 25 -25 26 -2 -28 -29 -30
right_child=1 2 3 -5 21 6 7 8 -10 10 11 12 13 -15 -16 -17 -18 -19 -20 20 -22 -23 -24 24 -26 -27 27 28 29 -31
leaf_value=-2.8084655214200573 -12.419725377219065 -26.937068866548085 32.737127168716924 128.18095898628235 0.19054755795152956 -8.3205983853807641 0.97656619732196526 -2.3325843117453835 -4.6063332340934062 82.455228250676939 30.725299330552417 24.03046283721924 86.959527551560186 10.548817729949953 76.484846363067632 28.591957916097439 -24.099085807800293 -20.051585170030595 13.458276408124755 16.839424362182619 -24.190028464166744 17.874578937617216 -22.179270019531252 55.621238451990592 7.6505120539665228 -33.072046899795531 5.5748403456628575 29.753064250946046 -32.435567769137293 29.763687099109998
leaf_weight=11382 56 21 31 20 10196 51 52 22 22 22 24 25 21 20 25 47 26 20 364 20 57 66 25 29 40 24 2226 96 22 22
leaf_count=11382 56 21 31 20 10196 51 52 22 22 22 24 25 21 20 25 47 26 20 364 20 57 66 25 29 40 24 2226 96 22 22
internal_value=7.84869e-09 8.40916 24.4334 70.1661 -1.33263 17.2569 20.3098 26.0811 32.5758 37.1457 42.6777 36.1954 26.01 49.686 54.072 6.43629 6.09 4.43844 6.3533 5.36507 -13.533 0.304282 5.93796 6.21746 27.8121 5.60829 5.99158 6.42735 19.9822 -1.33594
internal_weight=25074 3430 376 51 21644 325 304 253 201 179 157 135 86 41 49 3054 3007 45 2981 2617 77 10262 2540 2515 69 2446 2422 2366 140 44
internal_count=25074 3430 376 51 21644 325 304 253 201 179 157 135 86 41 49 3054 3007 45 2981 2617 77 10262 2540 2515 69 2446 2422 2366 140 44
is_linear=0
shrinkage=0.05


Tree=12
num_leaves=31
num_cat=0
split_feature=145 4 101 124 101 100 86 142 124 40 73 32 135 106 127 125 145 93 119 120 58 6 106 22 16 107 145 127 79 120
split_gain=1.01591e+08 4.13009e+07 3.94503e+07 1.86965e+07 1.58291e+07 2.24652e+07 1.99937e+07 1.56247e+07 1.39914e+07 1.32676e+07 1.26282e+07 1.13395e+07 9.13236e+06 8.95605e+06 8.80077e+06 8.53004e+06 8.4355e+06 7.85708e+06 1.12259e+07 1.06229e+07 1.09783e+07 9.29198e+06 1.95135e+07 9.7662e+06 1.24739e+07 8.39486e+06 1.19222e+07 8.20906e+06 8.67296e+06 1.3219e+07
threshold=987.75860595703136 11597.850097656252 -2491.9999999999995 505.65686035156256 3612.0000000000005 2241.0000000000005 1718.5000000000002 -804.74999999999989 1890.4719848632815 1438.1508789062502 7265.0000000000009 12383.914550781252 -670.24999999999989 2603.2500000000005 4212.5000000000009 3250.708618164063 1890.4719848632815 1131.2500000000002 994.25000000000011 1745.5000000000002 -275.74999999999994 1110.4190673828127 2603.2500000000005 3494.2500000000005 3156.0000000000005 133.25000000000003 2042.5865478515627 1409.5000000000002 -811.24999999999989 1095.2500000000002
decision_type=2 2 2 2 2 2 2 2 2 2 2 2 2 2 2 2 2 2 2 2 2 2 2 2 2 2 2 2 2 2
left_child=3 10 -3 -1 5 6 11 14 -9 -8 17 16 -13 15 -6 -5 -4 25 21 -20 -21 22 -19 -23 -25 27 -27 -2 -29 -30
right_child=1 2 4 13 7 -7 9 8 -10 -11 -12 12 -14 -15 -16 -17 -18 18 19 20 -22 23 -24 24 -26 26 -28 28 29 -31
leaf_value=-3.7123980356843655 4.9972375016073007 85.853833679199226 4.5907678677485544 -0.5342022023281936 38.040417282104492 -36.178505143252288 21.457453685760498 46.609428440440787 -7.1067108648794672 76.094629516601557 42.24093104203542 -33.831554031372072 7.7512459662652793 7.9883042646374349 82.539545876979844 -29.19796438950759 47.197468975612097 16.175147470675018 -11.776819922958595 36.612100791229921 7.0512861428330247 0.31444100009070503 77.19133289337158 59.890378150939945 14.387981805058779 0.46344274969934257 -38.883167877197266 7.2829142469700763 61.435196603428238 15.806975523944487
leaf_weight=5940 1950 25 26 15073 25 22 25 22 27 20 24 23 31 311 20 26 21 38 69 34 412 72 20 20 61 515 20 123 22 57
leaf_count=5940 1950 25 26 15073 25 22 25 22 27 20 24 23 31 311 20 26 21 38 69 34 412 72 20 20 61 515 20 123 22 57
internal_value=-3.64043e-08 7.62042 25.8423 -1.3292 20.116 10.923 18.0205 36.546 17.0107 45.7406 6.09884 5.67 -9.95995 -0.410565 57.8178 -0.58356 23.6278 5.84469 10.46 6.48027 9.3048 20.1734 37.2152 13.7132 25.6231 4.59769 -1.00746 5.99116 15.586 28.5136
internal_weight=25074 3724 287 21350 262 168 146 94 49 45 3437 101 54 15410 45 15099 47 3413 726 515 446 211 58 153 81 2687 535 2152 202 79
internal_count=25074 3724 287 21350 262 168 146 94 49 45 3437 101 54 15410 45 15099 47 3413 726 515 446 211 58 153 81 2687 535 2152 202 79
is_linear=0
shrinkage=0.05


Tree=13
num_leaves=31
num_cat=0
split_feature=124 32 61 134 117 135 9 104 120 37 110 65 73 101 21 12 9 92 86 110 117 19 141 54 103 12 128 19 8 16
split_gain=9.20982e+07 3.92496e+07 4.13487e+07 3.9928e+07 2.36358e+07 2.34211e+07 1.54625e+07 1.2803e+07 1.2528e+07 1.07287e+07 1.14502e+07 1.86387e+07 1.18398e+07 1.07777e+07 1.17336e+07 1.23521e+07 1.55828e+07 1.11818e+07 1.10801e+07 1.03459e+07 1.95817e+07 1.69689e+07 1.37808e+07 2.10573e+07 9.44798e+06 1.13544e+07 1.13426e+07 1.09817e+07 1.04303e+07 1.66058e+07
threshold=1088.9631958007815 10178.282226562502 2784.5214843750005 902.75000000000011 731.28948974609386 -3349.9999999999995 7315.7500000000009 2454.7426757812505 4857.5000000000009 -7241.2499999999991 1890.4719848632815 1237.2500000000002 477.25000000000006 -4308.7499999999991 -3754.9999999999995 1014.5462951660157 -4773.2499999999991 -3334.9999999999995 773.75000000000011 2042.5865478515627 1373.502868652344 1286.4824218750002 2169.2500000000005 2042.5865478515627 1401.3559570312502 1515.713562011719 986.00000000000011 1286.4824218750002 -286.24999999999994 2166.2500000000005
decision_type=2 2 2 2 2 2 2 2 2 2 2 2 2 2 2 2 2 2 2 2 2 2 2 2 2 2 2 2 2 2
left_child=4 8 5 -4 -1 -3 -6 -7 9 -2 13 12 -12 -11 15 -15 17 -17 -16 20 -9 -22 23 -21 25 27 -26 28 -20 -30
right_child=1 2 3 -5 6 7 -8 19 -10 10 11 -13 -14 14 18 16 -18 -19 24 22 21 -23 -24 -25 26 -27 -28 -29 29 -31
leaf_value=-2.0034078352729465 -13.107981287349356 -32.453838313709603 29.503939259436823 118.79744659605481 1.5882192590083779 0.66135829424453996 44.57313915434338 11.290317413330079 -28.127466487884522 -22.426750093698502 18.852243534156255 57.275888470241 -22.059655089605425 54.210931245485938 3.2170025330109504 39.220739964076451 37.113660196988086 -0.21023277730941775 52.47130319504511 -11.295344014601275 89.786053303309856 37.33108396859005 -18.812474274635317 51.856324311458707 7.7284402278753435 49.849586818529218 -28.643190624095777 -1.6206862099384993 -0.38586040034736557 26.092529196801941
leaf_weight=16730 66 22 31 21 5579 59 21 50 26 32 112 28 21 21 1385 21 53 125 21 22 21 58 24 33 104 23 27 89 97 152
leaf_count=16730 66 22 31 21 5579 59 21 50 26 32 112 28 21 21 1385 21 53 125 21 22 21 58 24 33 104 23 27 89 97 152
internal_value=-2.82661e-08 8.64442 24.5187 65.5648 -1.06226 17.1333 1.74941 21.2191 6.39176 6.76934 7.33702 20.1983 12.3925 6.37392 6.80906 17.74 13.8914 5.46135 5.54203 27.0504 35.7769 51.2748 12.8008 26.5957 11.8192 15.7928 0.231997 13.6108 18.6316 15.7777
internal_weight=25074 2744 341 52 22330 289 5600 267 2403 2377 2311 161 133 2150 2118 220 199 146 1898 208 129 79 79 55 513 382 131 359 270 249
internal_count=25074 2744 341 52 22330 289 5600 267 2403 2377 2311 161 133 2150 2118 220 199 146 1898 208 129 79 79 55 513 382 131 359 270 249
is_linear=0
shrinkage=0.05


Tree=14
num_leaves=31
num_cat=0
split_feature=124 32 82 142 117 135 9 104 145 114 120 42 142 128 86 136 5 75 37 63 113 94 29 114 87 48 50 59 124 59
split_gain=8.31186e+07 3.54227e+07 3.80651e+07 2.57017e+07 2.13313e+07 2.07149e+07 1.39549e+07 1.34619e+07 1.13644e+07 1.61723e+07 1.13065e+07 1.01728e+07 1.10662e+07 1.48771e+07 1.02511e+07 1.01064e+07 1.35205e+07 1.07515e+07 9.18966e+06 1.55308e+07 1.21742e+07 1.22322e+07 1.11483e+07 1.00556e+07 1.02814e+07 9.72438e+06 1.35481e+07 1.09618e+07 9.15734e+06 8.78432e+06
threshold=1088.9631958007815 10178.282226562502 2784.5214843750005 -1177.7499999999998 731.28948974609386 -3349.9999999999995 7315.7500000000009 2454.7426757812505 2784.5214843750005 -1718.7499999999998 4857.5000000000009 5113.7500000000009 -1063.2499999999998 -746.24999999999989 -5709.9999999999991 85.250000000000014 2299.0893554687505 1373.502868652344 -7241.2499999999991 -3375.2499999999995 -2122.7499999999995 -2703.9999999999995 -4306.2499999999991 -3379.4999999999995 -3648.7499999999995 516.09783935546886 -1131.7499999999998 136.75000000000003 467.31889343261724 -3621.4999999999995
decision_type=2 2 2 2 2 2 2 2 2 2 2 2 2 2 2 2 2 2 2 2 2 2 2 2 2 2 2 2 2 2
left_child=4 10 5 -4 28 -3 -6 -7 9 -9 11 14 -13 -14 -2 -11 17 -17 -16 20 -20 22 -22 25 -25 26 -21 -27 -1 -23
right_child=1 2 3 -5 6 7 -8 8 -10 15 -12 12 13 -15 18 16 -18 -19 19 23 21 29 -24 24 -26 27 -28 -29 -30 -31
leaf_value=-4.038883625056978 -14.40752489951349 -33.324607238769538 91.256185297812181 24.529104430587203 1.5088082618688554 -0.90744845713338551 42.344482844216486 64.72307490961893 -9.064288112095424 2.8445300355900169 -26.721093691312348 -6.1259251932944023 63.352750753319782 17.52589668670258 -16.675819942563077 17.840108917698718 -3.5494822068647909 54.065332262604329 -14.332740684177566 33.138776824951172 71.124146886305383 8.8053086772256961 26.178426567283839 -24.549736973444624 4.9619758993042407 65.826902923583987 -17.942264729958993 15.213323228255561 -1.2624938085001192 44.440153240022205
leaf_weight=3861 62 20 31 27 5579 62 21 28 21 43 26 31 23 77 43 33 22 54 23 25 22 98 37 30 1815 20 27 23 12869 21
leaf_count=3861 62 20 31 27 5579 62 21 28 21 43 26 31 23 77 43 33 22 54 23 25 22 98 37 30 1815 20 27 23 12869 21
internal_value=-3.70572e-08 8.2122 23.2928 60.1936 -1.00915 15.7301 1.66194 19.4605 25.7432 29.804 6.07218 6.43087 19.9748 28.0661 5.64091 23.3716 31.4694 40.3247 6.21005 6.66969 19.8997 24.323 42.9378 5.29895 4.48211 21.1629 6.61593 38.7545 -1.90324 15.0938
internal_weight=25074 2744 341 58 22330 283 5600 263 201 180 2403 2377 131 100 2246 152 109 87 2184 2141 201 178 59 1940 1845 95 52 43 16730 119
internal_count=25074 2744 341 58 22330 283 5600 263 201 180 2403 2377 131 100 2246 152 109 87 2184 2141 201 178 59 1940 1845 95 52 43 16730 119
is_linear=0
shrinkage=0.05


Tree=15
num_leaves=31
num_cat=0
split_feature=145 89 11 142 73 120 1 124 19 115 135 110 68 142 51 31 52 4 86 134 85 132 121 99 114 129 26 68 54 33
split_gain=7.53277e+07 3.18407e+07 3.19994e+07 2.38179e+07 2.27291e+07 1.65388e+07 1.56396e+07 1.49418e+07 1.28826e+07 1.61871e+07 9.43164e+06 1.18679e+07 2.22775e+07 1.96406e+07 1.86561e+07 1.59312e+07 1.37703e+07 1.22826e+07 8.83993e+06 1.0728e+07 1.29723e+07 1.10486e+07 8.69831e+06 8.24468e+06 8.50728e+06 9.77259e+06 8.17322e+06 1.15359e+07 1.05421e+07 1.06386e+07
threshold=987.75860595703136 2784.5214843750005 8818.4897460937518 -1292.9999999999998 7265.0000000000009 4857.5000000000009 5070.5000000000009 501.83404541015631 2042.5865478515627 2961.2500000000005 -3349.9999999999995 1890.4719848632815 2299.0893554687505 -1177.7499999999998 2134.7500000000005 405.25000000000006 594.25000000000011 5471.8649902343759 1167.2500000000002 -580.24999999999989 1339.7500000000002 -234.98639678955075 -1405.7499999999998 2311.2500000000005 -478.24999999999994 198.25000000000003 909.79022216796886 848.21084594726574 1077.258728027344 1102.340026855469
decision_type=2 2 2 2 2 2 2 2 2 2 2 2 2 2 2 2 2 2 2 2 2 2 2 2 2 2 2 2 2 2
left_child=7 4 -3 -4 5 10 -5 -1 9 -6 -2 18 14 -14 16 -15 17 -13 19 20 21 22 -12 24 25 -9 27 -20 29 -28
right_child=1 2 3 6 8 -7 -8 23 -10 -11 11 12 13 15 -16 -17 -18 -19 26 -21 -22 -23 -24 -25 -26 -27 28 -29 -30 -31
leaf_value=-3.325363485167891 -13.992109154873209 -21.738883647918701 82.278930091857916 57.917574112755915 8.4999735695975165 -33.0831935439791 -0.61296536445617678 0.039735995743027032 0.54760689511895178 62.948779081686951 9.8203845120694524 8.0413993644714363 -47.453892745971679 -15.159298453792449 59.502544736862184 36.397918977408573 -11.537250308332773 45.925371105774587 12.467712198495866 2.6147443534910217 52.86429590106011 -24.620490336418154 41.89154293060303 5.2061347569121388 -1.684940845323093 6.0083833519847092 18.118823017191005 -15.119440428415935 8.4616913144323558 54.907179135861604
leaf_weight=5742 61 20 32 21 21 28 25 6142 24 39 137 40 20 31 36 29 29 46 80 2260 20 20 25 642 8052 772 135 72 450 23
leaf_count=5742 61 20 32 21 21 28 25 6142 24 39 137 40 20 31 36 29 29 46 80 2260 20 20 25 642 8052 772 135 72 450 23
internal_value=-1.65789e-08 6.5619 34.6846 49.1522 5.80183 5.1922 26.1075 -1.14457 31.5077 43.8917 5.49718 5.84148 16.789 -4.54346 28.091 9.76002 18.2578 28.3049 5.0566 3.60149 14.6414 10.4411 14.7696 -0.342278 -0.58029 0.70618 9.77037 -0.599886 12.3629 23.4741
internal_weight=25074 3724 98 78 3626 3542 46 21350 84 60 3514 3453 231 80 151 60 115 86 3222 2462 202 182 162 15608 14966 6914 760 152 608 158
internal_count=25074 3724 98 78 3626 3542 46 21350 84 60 3514 3453 231 80 151 60 115 86 3222 2462 202 182 162 15608 14966 6914 760 152 608 158
is_linear=0
shrinkage=0.05


Tree=16
num_leaves=31
num_cat=0
split_feature=67 117 82 142 135 70 108 23 136 142 129 76 135 59 65 52 26 115 101 117 98 114 93 93 19 124 142 36 85 82
split_gain=6.86548e+07 3.66174e+07 3.39395e+07 2.07432e+07 1.25164e+07 1.51897e+07 2.03402e+07 1.67894e+07 1.18542e+07 1.1802e+07 1.0483e+07 9.96786e+06 9.62894e+06 9.90906e+06 9.16604e+06 1.11607e+07 9.03319e+06 8.8825e+06 9.37384e+06 8.17e+06 7.22868e+06 7.21103e+06 8.74714e+06 1.20764e+07 8.97089e+06 1.17128e+07 7.92578e+06 7.19736e+06 1.38175e+07 1.14033e+07
threshold=7655.5000000000009 828.10830688476574 2784.5214843750005 -1292.9999999999998 -3349.9999999999995 7575.5000000000009 -1550.4999999999998 2739.7500000000005 2253.0000000000005 -1134.7499999999998 1682.0000000000002 2559.975219726563 162.75000000000003 -3376.2499999999995 -2285.7499999999995 411.25000000000006 770.16400146484386 1032.7500000000002 117.25000000000001 412.72427368164068 2165.2500000000005 -657.74999999999989 1163.7500000000002 1383.2500000000002 2299.0893554687505 2042.5865478515627 -430.74999999999994 7713.7500000000009 3467.5000000000005 1024.2224731445315
decision_type=2 2 2 2 2 2 2 2 2 2 2 2 2 2 2 2 2 2 2 2 2 2 2 2 2 2 2 2 2 2
left_child=1 11 4 -4 -2 6 7 -6 12 -7 -11 19 21 -14 -8 17 -17 18 -16 -1 -5 22 24 -24 25 -3 -23 28 -18 -30
right_child=2 8 3 20 5 9 14 -9 -10 10 -12 -13 13 -15 15 16 27 -19 -20 -21 -22 26 23 -25 -26 -27 -28 -29 29 -31
leaf_value=-4.8374419770804691 -22.209073554144965 3.7630646600341366 76.213786824544272 3.4626403700221666 17.478409385681154 66.943961119651803 -22.031492640421945 72.364275966991087 -32.618937851294227 44.743003799438476 -0.60328110914963951 4.7277521070512156 39.400573379516601 7.4162761855079102 40.590922393798827 28.965003962265822 -1.9457633358240127 54.458597201392763 -5.3341738891601569 -1.3525889024373741 44.996078701019286 3.7523412845101776 54.937116565704343 6.232458620710033 -22.945165904875726 37.502378214322604 -2.6434863225822034 -18.545713823683123 -1.5861375229031434 27.670482634504637
leaf_weight=1873 27 2417 33 22 38 20 26 22 23 25 26 622 25 772 20 38 240 21 25 16482 20 868 20 35 31 26 1096 34 51 96
leaf_count=1873 27 2417 33 22 38 20 26 22 23 25 26 622 25 772 20 38 240 21 25 16482 20 868 20 35 31 26 1096 34 51 96
internal_value=-2.51559e-08 -0.470043 14.563 46.5487 11.1794 12.5012 9.95757 37.6032 3.19892 34.3911 21.6253 -1.49725 3.35465 8.41955 6.94715 8.38229 5.61788 27.6075 15.077 -1.70819 23.2405 2.45621 4.22142 23.9432 3.78298 4.12214 0.183183 3.51054 5.44829 17.5202
internal_weight=25074 24290 784 75 709 682 611 60 5313 71 51 18977 5290 797 551 525 459 66 45 18355 42 4493 2529 55 2474 2443 1964 421 387 147
internal_count=25074 24290 784 75 709 682 611 60 5313 71 51 18977 5290 797 551 525 459 66 45 18355 42 4493 2529 55 2474 2443 1964 421 387 147
is_linear=0
shrinkage=0.05


Tree=17
num_leaves=31
num_cat=0
split_feature=124 32 61 134 110 117 9 13 142 142 74 127 120 20 114 23 118 57 114 65 120 71 79 9 25 89 80 17 26 37
split_gain=6.26503e+07 2.62435e+07 2.98784e+07 3.38222e+07 1.93061e+07 1.61894e+07 1.22087e+07 1.03828e+07 1.3607e+07 1.62799e+07 1.29371e+07 1.16087e+07 1.01127e+07 8.84959e+06 1.03429e+07 8.85069e+06 1.19576e+07 1.18517e+07 1.14768e+07 1.58871e+07 1.14684e+07 1.2967e+07 1.17216e+07 1.12874e+07 1.07807e+07 1.05829e+07 1.04612e+07 9.68654e+06 1.45752e+07 1.42887e+07
threshold=1088.9631958007815 10178.282226562502 2784.5214843750005 902.75000000000011 2784.5214843750005 731.28948974609386 7315.7500000000009 11634.190917968752 -1357.4999999999998 -675.24999999999989 10411.362304687502 4212.5000000000009 4857.5000000000009 -7134.9187011718741 -2349.7499999999995 -3446.4999999999995 -1135.956848144531 -1944.7499999999998 -3081.7499999999995 -1469.7499999999998 418.75000000000006 1185.5000000000002 -1577.2499999999998 -4402.7499999999991 -3763.4675292968745 1168.1457519531252 -3817.4999999999995 3825.0000000000005 939.43435668945324 -653.74999999999989
decision_type=2 2 2 2 2 2 2 2 2 2 2 2 2 2 2 2 2 2 2 2 2 2 2 2 2 2 2 2 2 2
left_child=5 12 4 -4 7 -1 -7 8 -3 10 -10 -9 13 14 -2 20 17 -17 19 -18 22 -22 23 24 -15 27 -19 29 -29 -20
right_child=1 2 3 -5 -6 6 -8 11 9 -11 -12 -13 -14 15 -16 16 18 26 25 -21 21 -23 -24 -25 -26 -27 -28 28 -30 -31
leaf_value=-1.6550379702223059 3.2374702056248985 -15.972484478269307 21.812239102394351 103.99531397138324 -30.116481217094091 1.3076345709230144 39.502956204187306 15.883042363197573 15.236240740617118 8.3470838271505468 65.689057604471842 61.186610764723561 -25.726050244844881 25.24214471238 -39.686716676794966 9.5670864008916059 63.659046325683597 -44.499093463204126 25.04334976565972 11.35914677763885 18.007230717452 61.275920677185063 -13.376291841474075 28.110331801573437 -4.8140754033060915 2.705004786599476 -7.8068412315414619 4.0972646408892697 41.280288914839431 1.8321954282487813
leaf_weight=16730 36 35 31 21 23 5579 21 31 24 123 27 26 26 42 23 95 20 22 89 53 129 20 58 72 103 1082 166 47 60 260
leaf_count=16730 36 35 31 21 23 5579 21 31 24 123 27 26 26 42 23 95 20 22 89 53 129 20 58 72 103 1082 166 47 60 260
internal_value=2.47709e-08 7.12971 20.1101 55.0016 13.8321 -0.876128 1.45087 17.6322 12.4733 18.1952 41.9466 36.5478 5.28771 5.62695 -13.4957 6.11367 4.65185 -4.82701 6.31698 25.6879 12.6436 23.8151 6.59069 11.9275 3.89186 5.39755 -12.1006 11.7864 24.9476 7.75137
internal_weight=25074 2744 341 52 289 22330 5600 266 209 174 51 57 2403 2377 59 2318 1894 283 1611 73 424 149 275 217 145 1538 188 456 107 349
internal_count=25074 2744 341 52 289 22330 5600 266 209 174 51 57 2403 2377 59 2318 1894 283 1611 73 424 149 275 217 145 1538 188 456 107 349
is_linear=0
shrinkage=0.05


Tree=18
num_leaves=31
num_cat=0
split_feature=67 117 82 138 134 135 108 84 23 87 141 136 87 93 119 99 76 135 59 114 23 29 142 142 135 75 114 93 86 37
split_gain=5.70852e+07 2.99254e+07 2.87686e+07 1.79512e+07 1.63049e+07 1.09653e+07 1.32972e+07 1.80073e+07 1.15945e+07 1.10829e+07 1.18763e+07 1.07879e+07 9.78582e+06 1.0687e+07 9.55007e+06 1.39263e+07 8.90686e+06 8.56675e+06 1.27598e+07 8.03724e+06 7.61138e+06 8.24112e+06 7.55118e+06 7.45686e+06 1.7202e+07 9.69512e+06 7.08727e+06 8.73296e+06 1.57921e+07 1.03043e+07
threshold=7655.5000000000009 828.10830688476574 2784.5214843750005 2784.5214843750005 705.25000000000011 -3349.9999999999995 -1550.4999999999998 5382.5000000000009 2739.7500000000005 4307.5000000000009 977.75000000000011 2253.0000000000005 3267.5000000000005 1423.7500000000002 2673.0000000000005 2608.5000000000005 2559.975219726563 62.750000000000007 -3376.2499999999995 -205.24999999999997 200.25000000000003 57.750000000000007 -383.24999999999994 -539.74999999999989 -289.74999999999994 1647.119079589844 -657.74999999999989 903.00000000000011 1305.5000000000002 2323.2500000000005
decision_type=2 2 2 2 2 2 2 2 2 2 2 2 2 2 2 2 2 2 2 2 2 2 2 2 2 2 2 2 2 2
left_child=1 16 5 -4 -5 -2 8 9 -7 10 14 17 13 -12 15 20 19 26 -19 -1 21 -8 -17 24 -9 -25 27 -3 -29 -30
right_child=2 11 3 4 -6 6 7 23 -10 -11 12 -13 -14 -15 -16 22 -18 18 -20 -21 -22 -23 -24 25 -26 -27 -28 28 29 -31
leaf_value=-0.65649924801156123 -21.087105503788703 3.278702945966709 4.7603073987093838 26.815100402417393 82.770501448313397 16.295686852304559 -7.6200193977355957 6.9764094772247169 60.686707917849219 -20.186193718910218 23.93907165082296 -31.28075056490691 48.803012661139178 -10.205551078102806 -30.449488064220976 34.397353825569155 4.5271574002945156 39.915285172133615 6.2504698877704561 -2.7727810061388691 -6.5355237984790477 30.196339214549347 -1.330916539615109 30.652098256349564 59.756669566505835 -12.465750321474943 -0.27981176117947704 47.280470512155446 -18.496426257380733 28.202745427120302
leaf_weight=10548 27 2389 22 23 30 38 25 26 24 40 75 23 24 33 21 50 622 29 957 7807 179 34 21 32 38 22 1835 32 27 21
leaf_count=10548 27 2389 22 23 30 38 25 26 24 40 75 23 24 33 21 50 622 29 957 7807 179 34 21 32 38 22 1835 32 27 21
internal_value=1.90599e-08 -0.428612 13.2793 42.7279 58.488 10.1642 11.4014 9.19359 33.4793 5.06229 7.2483 2.8882 19.9236 13.506 2.17817 4.39558 -1.35722 3.03676 7.24061 -1.55663 -1.40203 14.1725 23.8298 26.7692 38.3147 13.0856 2.0737 3.82286 20.0729 1.93446
internal_weight=25074 24290 784 75 53 709 682 620 62 502 462 5313 132 108 330 309 18977 5290 986 18355 238 59 71 118 64 54 4304 2469 80 48
internal_count=25074 24290 784 75 53 709 682 620 62 502 462 5313 132 108 330 309 18977 5290 986 18355 238 59 71 118 64 54 4304 2469 80 48
is_linear=0
shrinkage=0.05


Tree=19
num_leaves=31
num_cat=0
split_feature=145 81 61 134 117 110 128 82 110 82 61 142 80 63 59 1 15 144 108 86 1 135 29 26 93 12 114 120 89 43
split_gain=5.20094e+07 2.74811e+07 2.02604e+07 2.51219e+07 1.6001e+07 1.50964e+07 9.54317e+06 8.68421e+06 1.33107e+07 1.07001e+07 1.91679e+07 1.03856e+07 8.47996e+06 9.6062e+06 1.33573e+07 1.0978e+07 1.64632e+07 8.87434e+06 8.39859e+06 1.53506e+07 1.76318e+07 9.32704e+06 1.01515e+07 9.28462e+06 8.45027e+06 7.78995e+06 7.66298e+06 9.31903e+06 9.09193e+06 7.57905e+06
threshold=1168.1457519531252 8731.8046875000018 2784.5214843750005 902.75000000000011 731.28948974609386 2784.5214843750005 2370.2500000000005 1154.7329101562502 1088.9631958007815 1373.502868652344 1401.3559570312502 -562.74999999999989 -3817.4999999999995 -3375.2499999999995 -3621.4999999999995 -5459.7499999999991 -2402.2499999999995 -5649.6599121093741 4863.7500000000009 1341.5000000000002 4856.2500000000009 -951.24999999999989 4111.0000000000009 1565.8640136718752 -35.249999999999993 1341.8898925781252 -3081.7499999999995 -725.24999999999989 889.42071533203136 -1102.9999999999998
decision_type=2 2 2 2 2 2 2 2 2 2 2 2 2 2 2 2 2 2 2 2 2 2 2 2 2 2 2 2 2 2
left_child=4 6 5 -4 -1 7 12 8 -3 11 -11 -9 29 14 15 -14 -17 -15 19 21 -21 22 -12 -22 -23 -6 27 -19 -28 -2
right_child=1 2 3 -5 25 -7 -8 9 -10 10 18 -13 13 17 -16 16 -18 26 -20 20 23 24 -24 -25 -26 -27 28 -29 -30 -31
leaf_value=-1.5021222688649198 -0.94433681619578391 10.882875693880994 19.809964401491229 90.638392275855665 1.7311568331480069 -25.144295137578794 -27.249242815764052 -34.847342863082886 64.675372961293107 58.248762173122827 9.7624961660666898 13.492775527954102 -14.486982182094032 -20.865229856967929 55.994275638035369 44.803391483502509 -1.7552316030940496 8.2665366896663794 -13.125933573796198 6.1470553678435254 25.288065986633303 40.896731569550255 -38.838967636653358 69.268693163394929 -1.2077059672429014 -10.733192823082209 30.945705521106721 37.898735959713278 3.9564808533901714 -30.260340353158803
leaf_weight=16728 145 23 31 21 6062 22 23 20 23 27 22 25 28 32 21 39 37 83 26 37 20 22 21 30 26 128 32 39 1255 26
leaf_count=16728 145 23 31 21 6062 22 23 20 23 27 22 25 28 32 21 39 37 83 26 37 20 22 21 30 26 128 32 39 1255 26
internal_value=3.03016e-09 7.42443 19.3251 48.4138 -0.69845 14.928 4.74678 17.6658 37.7791 14.3136 18.6588 -7.99172 5.17045 6.32488 19.6211 12.2765 22.1367 5.1715 13.419 17.2963 32.3134 2.93939 -13.9731 51.6764 18.0902 1.47341 5.76282 17.7391 4.62754 -5.40174
internal_weight=25074 2156 396 52 22918 344 1760 322 46 276 231 45 1737 1566 125 104 76 1441 204 178 87 91 43 50 48 6190 1409 122 1287 171
internal_count=25074 2156 396 52 22918 344 1760 322 46 276 231 45 1737 1566 125 104 76 1441 204 178 87 91 43 50 48 6190 1409 122 1287 171
is_linear=0
shrinkage=0.05


Tree=20
num_leaves=31
num_cat=0
split_feature=124 32 82 134 135 113 124 104 110 40 142 5 120 142 73 37 23 120 94 120 71 87 4 123 137 110 114 37 132 86
split_gain=4.73711e+07 1.91772e+07 2.37558e+07 1.9427e+07 1.46376e+07 1.30728e+07 1.19694e+07 9.4358e+06 9.1545e+06 1.4525e+07 1.15061e+07 1.28663e+07 9.12696e+06 8.83306e+06 8.22187e+06 8.02383e+06 8.44843e+06 1.31153e+07 1.35158e+07 1.29934e+07 1.25034e+07 1.22445e+07 8.61885e+06 8.52824e+06 1.62628e+07 8.51675e+06 1.77654e+07 1.20457e+07 8.35412e+06 8.32175e+06
threshold=1088.9631958007815 10178.282226562502 2784.5214843750005 902.75000000000011 -3349.9999999999995 3740.0000000000005 501.83404541015631 2454.7426757812505 2042.5865478515627 1024.2224731445315 -454.74999999999994 1373.502868652344 4857.5000000000009 -212.24999999999997 -5308.7499999999991 -7241.2499999999991 -3446.4999999999995 -2150.9999999999995 -2538.7499999999995 452.75000000000006 1244.7500000000002 -3648.7499999999995 2470.712524414063 -1135.6000366210935 -3754.2175292968745 1890.4719848632815 -1434.2499999999998 327.75000000000006 -786.30484008789051 773.75000000000011
decision_type=2 2 2 2 2 2 2 2 2 2 2 2 2 2 2 2 2 2 2 2 2 2 2 2 2 2 2 2 2 2
left_child=5 12 4 -4 -3 6 -1 -6 9 -9 11 -11 15 -12 -8 -2 17 -17 23 -20 22 -18 -21 24 -19 29 28 -28 -27 -23
right_child=1 2 3 -5 7 -7 14 8 -10 10 13 -13 -14 -15 -16 16 21 18 19 20 -22 25 -24 -25 -26 26 27 -29 -30 -31
leaf_value=-2.7956939417732611 -12.242612088810315 -29.914574928283692 20.363231968879703 78.550089399631204 -2.5952281182812111 20.968099367964097 24.416635423548083 -7.404244248072307 5.4340791437360982 75.535977447474451 -6.1809053139253098 29.30419610528385 -24.838439002403845 38.624368199435146 -0.19629536426820632 -22.529957756629358 -17.141608509872899 18.609823911330277 -0.61551899144143774 4.6775010940190915 57.010428152084359 1.7976803255981055 36.44879229227702 12.541235791112102 70.586893477263274 19.268615283966067 -28.450310811129484 23.872416903755884 63.453691880599308 9.4082601345267296
leaf_weight=5742 66 20 32 26 62 69 34 24 72 27 22 34 26 22 16485 26 66 34 165 74 20 1232 30 43 27 20 22 22 23 507
leaf_count=5742 66 20 32 26 62 69 34 24 72 27 22 34 26 22 16485 26 66 34 165 74 20 1232 30 43 27 20 22 22 23 507
internal_value=-1.06352e-08 6.19965 17.2958 46.447 11.3213 -0.761838 -0.829192 14.4571 19.717 27.6889 35.7102 49.7674 4.62505 16.2217 -0.145636 4.94732 5.43825 11.8623 14.1377 8.57525 20.8049 4.01558 13.8423 29.5947 41.6161 4.7803 20.0471 -2.28895 42.9025 4.01652
internal_weight=25074 2744 341 58 283 22330 22261 263 201 129 105 61 2403 44 16519 2377 2311 419 393 289 124 1892 104 104 61 1826 87 44 43 1739
internal_count=25074 2744 341 58 283 22330 22261 263 201 129 105 61 2403 44 16519 2377 2311 419 393 289 124 1892 104 104 61 1826 87 44 43 1739
is_linear=0
shrinkage=0.05


Tree=21
num_leaves=31
num_cat=0
split_feature=67 93 117 101 142 138 136 99 114 113 108 109 136 76 135 135 114 59 138 135 19 110 4 141 92 99 115 13 114 26
split_gain=4.31808e+07 2.37092e+07 2.29968e+07 1.25944e+07 2.47744e+07 1.93485e+07 9.44452e+06 9.42431e+06 8.86135e+06 1.20231e+07 1.12067e+07 1.06144e+07 8.78059e+06 7.73412e+06 7.6723e+06 7.60798e+06 7.17615e+06 6.95803e+06 6.81861e+06 6.59467e+06 6.44431e+06 1.29646e+07 1.33758e+07 1.26909e+07 7.38291e+06 8.37508e+06 1.157e+07 1.22744e+07 8.9243e+06 8.25672e+06
threshold=7655.5000000000009 -5528.4999999999991 828.10830688476574 3612.0000000000005 -874.74999999999989 2042.5865478515627 2253.0000000000005 6597.5000000000009 -1718.7499999999998 -266.74999999999994 -1690.2499999999998 13457.535156250002 -123.74999999999999 2559.975219726563 -1968.9999999999998 162.75000000000003 -267.74999999999994 -3376.2499999999995 762.11062622070324 -65.749999999999986 2299.0893554687505 1890.4719848632815 5471.8649902343759 573.25000000000011 4291.2500000000009 2380.7500000000005 1012.2500000000001 -385.45599365234369 -657.74999999999989 883.51229858398449
decision_type=2 2 2 2 2 2 2 2 2 2 2 2 2 2 2 2 2 2 2 2 2 2 2 2 2 2 2 2 2 2
left_child=2 -2 13 8 5 -5 15 -6 9 10 14 -10 -11 16 -3 18 19 -17 -4 -1 21 24 -23 -22 25 28 27 -27 -20 -28
right_child=1 3 6 4 7 -7 -8 -9 11 12 -12 -13 -14 -15 -16 17 -18 -19 20 -21 23 22 -24 -25 -26 26 29 -29 -30 -31
leaf_value=-0.91742863163899957 59.458871459960939 -4.0695269811721078 31.004784357547763 17.687517197315511 20.680326001927003 76.618082955678304 -29.436017824255902 -10.308482744580225 5.1618038379418829 18.564788610284978 -20.438249450683596 -32.048550319671634 64.339968986511238 4.2965032345516505 34.158604649135043 33.137005279541022 -2.4297255050428803 6.3352211368304001 3.1150628142096135 3.1391167616065583 11.611151466369629 4.8973863555163879 49.267224568334122 -42.847983123945156 -17.323066427193435 52.836137882868449 -17.409181978967457 13.610687417499092 -1.7147411777894879 7.3679807168648654
leaf_weight=8658 25 21 20 26 59 30 23 42 459 22 25 20 20 622 35 25 8564 772 2398 1133 20 41 29 23 51 24 45 118 1591 133
leaf_count=8658 25 21 20 26 59 30 23 42 459 22 25 20 20 622 35 25 8564 772 2398 1133 20 41 29 23 51 24 45 118 1591 133
internal_value=-7.77067e-09 11.5494 -0.372776 9.97135 22.5834 49.2575 2.53482 7.79389 6.68215 18.6533 7.39673 3.60814 40.3625 -1.18682 19.8231 2.67382 -1.37263 7.17593 1.87521 -0.448011 1.74496 1.93194 23.2792 -17.5182 1.58921 1.81305 9.5958 20.2403 1.18871 1.10409
internal_weight=25074 784 24290 759 157 56 5313 101 602 123 81 479 42 18977 56 5290 18355 797 4493 9791 4473 4430 70 43 4360 4309 320 142 3989 178
internal_count=25074 784 24290 759 157 56 5313 101 602 123 81 479 42 18977 56 5290 18355 797 4493 9791 4473 4430 70 43 4360 4309 320 142 3989 178
is_linear=0
shrinkage=0.05


Tree=22
num_leaves=31
num_cat=0
split_feature=117 46 86 117 86 58 84 79 142 129 26 138 106 82 104 15 26 117 96 1 5 5 87 136 101 101 103 33 131 40
split_gain=3.90519e+07 1.66819e+07 1.85505e+07 1.54293e+07 1.3067e+07 1.26529e+07 1.2068e+07 1.43076e+07 1.12924e+07 1.91855e+07 1.7596e+07 1.10214e+07 1.12719e+07 1.09144e+07 8.79264e+06 8.53478e+06 8.51994e+06 1.08398e+07 1.02341e+07 8.6077e+06 8.35494e+06 8.25643e+06 7.34886e+06 8.96708e+06 8.93343e+06 8.52605e+06 7.29729e+06 7.4452e+06 6.77287e+06 9.77872e+06
threshold=1286.4824218750002 9962.8227539062518 -3986.2499999999995 731.28948974609386 1341.5000000000002 3119.2500000000005 4085.0000000000005 2113.0000000000005 -1961.7499999999998 1936.2500000000002 1473.834655761719 1401.3559570312502 2603.2500000000005 1226.166442871094 2454.7426757812505 -152.74999999999997 924.58404541015636 946.10641479492199 1168.1457519531252 6383.0000000000009 1077.258728027344 1890.4719848632815 -4880.4999999999991 -308.24999999999994 2837.2500000000005 1888.2500000000002 1341.8898925781252 1341.8898925781252 1126.3332519531252 978.78335571289074
decision_type=2 2 2 2 2 2 2 2 2 2 2 2 2 2 2 2 2 2 2 2 2 2 2 2 2 2 2 2 2 2
left_child=3 13 -3 -1 5 14 7 -6 -8 10 -10 12 -5 15 -4 -2 17 19 28 -14 -17 -11 -15 24 25 -24 -25 -28 29 -18
right_child=1 2 4 11 6 -7 8 -9 9 21 -12 -13 16 22 -16 20 18 -19 -20 -21 -22 -23 23 26 -26 -27 27 -29 -30 -31
leaf_value=-1.3117684157153375 0.26462082333034942 65.030351543426519 -3.1029089647180896 1.0603081711743627 18.435805650190876 -28.823814189910891 46.290358952681231 75.459725657376381 -1.9249234324151818 4.6571104730878563 60.622349491326702 -29.256891816237882 4.1439028919543199 -17.335612902641298 27.22021499845717 10.699218904972078 34.762468124017481 -14.293385107626378 -4.3727183688361695 34.826688010604293 44.611562481948312 -40.231213254928591 10.234668827362551 14.454038832946257 -21.657672805786135 37.728345932499053 -14.301713017131505 1.4308029629274743 33.917682671925377 5.7670942211151122
leaf_weight=16731 36 20 51 6340 22 25 24 22 22 21 23 29 149 40 45 32 41 71 53 27 42 20 312 88 20 31 89 485 63 100
leaf_count=16731 36 20 51 6340 22 25 24 22 22 21 23 29 149 40 45 32 41 71 53 27 42 20 312 88 20 31 89 485 63 100
internal_value=-9.19956e-09 7.90703 18.5372 -0.492431 15.1559 2.86005 24.817 46.9478 15.9646 7.50164 30.0437 1.50209 1.63242 5.23817 11.1111 20.2326 8.82929 2.1981 15.2025 8.85092 29.9468 -17.2396 3.68945 4.50994 10.8255 12.7195 1.04689 -1.00856 20.2882 14.1984
internal_weight=25074 1470 295 23604 275 121 154 44 110 86 45 6873 6844 1175 96 110 504 247 257 176 74 41 1065 1025 363 343 662 574 204 141
internal_count=25074 1470 295 23604 275 121 154 44 110 86 45 6873 6844 1175 96 110 504 247 257 176 74 41 1065 1025 363 343 662 574 204 141
is_linear=0
shrinkage=0.05


Tree=23
num_leaves=31
num_cat=0
split_feature=124 89 11 142 1 107 73 106 113 124 86 73 127 65 65 141 79 23 108 136 131 141 110 26 89 106 24 85 82 19
split_gain=3.56515e+07 1.48366e+07 1.87899e+07 1.47024e+07 1.23972e+07 1.15007e+07 1.44051e+07 1.75661e+07 1.07017e+07 9.94226e+06 8.35956e+06 1.08354e+07 1.01079e+07 9.2614e+06 8.38341e+06 9.35196e+06 8.74853e+06 9.43263e+06 1.11116e+07 8.03671e+06 7.53044e+06 1.02156e+07 8.24375e+06 9.92482e+06 8.58645e+06 7.79717e+06 7.50311e+06 7.49201e+06 7.85004e+06 7.31809e+06
threshold=1088.9631958007815 2784.5214843750005 8818.4897460937518 -1292.9999999999998 5070.5000000000009 -4898.7499999999991 7265.0000000000009 6070.0000000000009 3740.0000000000005 501.83404541015631 773.75000000000011 72.250000000000014 -209.74999999999997 -2033.7499999999998 -843.74999999999989 1667.0000000000002 -1382.2499999999998 2490.7500000000005 -1690.2499999999998 1214.5000000000002 2042.5865478515627 422.75000000000006 1126.3332519531252 1077.258728027344 1114.236511230469 -437.74999999999994 1607.2500000000002 4529.5000000000009 1245.2596435546877 2042.5865478515627
decision_type=2 2 2 2 2 2 2 2 2 2 2 2 2 2 2 2 2 2 2 2 2 2 2 2 2 2 2 2 2 2
left_child=8 5 -3 -4 -5 -2 7 10 9 -1 11 20 -12 -13 -15 16 -16 26 -19 -14 22 -22 23 -7 -24 -23 -18 28 -21 -8
right_child=1 2 3 4 -6 6 29 -9 -10 -11 12 13 19 14 15 -17 17 18 -20 27 21 25 24 -25 -26 -27 -28 -29 -30 -31
leaf_value=-2.5141119124857663 -17.747054344841413 -18.754078636169435 61.595566606521608 45.784471266610282 -6.3267171370983126 4.3507632386116759 36.220555790987881 -39.983717068758878 18.999817585599597 -0.098866090871431112 32.72393829663595 -33.964137580177997 5.4383952761899375 15.472258824196416 -30.022418154202974 -36.584558267593387 0.16800656741059672 43.455250566655941 4.6707280504703519 8.1279763793945303 48.322606309254965 -14.378644707089379 -13.537871815136501 30.046385341532091 4.6154725251675677 26.948735202789308 -15.616659160863575 1.0693890973925591 43.361515804778698 2.6335699641186263
leaf_weight=5742 56 20 32 21 25 84 55 22 69 16519 45 22 480 69 26 20 254 22 115 25 24 21 70 68 938 25 107 32 43 23
leaf_count=5742 56 20 32 21 25 84 55 22 69 16519 45 22 480 69 26 20 254 22 115 25 24 21 70 68 938 25 107 32 43 23
internal_value=-2.71584e-08 5.37836 24.4825 35.5688 17.4632 4.6708 5.15551 4.49843 -0.660914 -0.721854 4.89145 3.21433 9.89596 -2.08986 -0.945918 -3.02837 -1.7476 -0.271405 10.8989 8.12482 5.95267 21.8787 4.99162 15.8462 3.35482 8.08189 -4.51055 21.0197 30.408 26.3167
internal_weight=25074 2744 98 78 46 2646 2590 2512 22330 22261 2490 1865 625 635 613 544 524 498 137 580 1230 70 1160 152 1008 46 361 100 68 78
internal_count=25074 2744 98 78 46 2646 2590 2512 22330 22261 2490 1865 625 635 613 544 524 498 137 580 1230 70 1160 152 1008 46 361 100 68 78
is_linear=0
shrinkage=0.05


Tree=24
num_leaves=31
num_cat=0
split_feature=117 4 82 138 136 19 0 124 97 135 108 70 145 54 142 117 135 92 99 115 13 26 37 72 56 26 1 116 121 23
split_gain=3.28144e+07 1.67193e+07 2.02375e+07 1.43571e+07 1.31788e+07 1.05931e+07 1.8782e+07 1.58389e+07 9.20349e+06 9.00923e+06 1.14932e+07 1.43624e+07 9.03305e+06 8.00303e+06 7.29589e+06 6.79578e+06 6.7265e+06 9.0976e+06 7.33632e+06 1.12499e+07 1.16121e+07 6.98024e+06 7.90641e+06 8.38032e+06 6.46827e+06 1.08753e+07 6.27293e+06 7.42607e+06 6.79409e+06 1.31515e+07
threshold=838.07479858398449 8955.2124023437518 2784.5214843750005 2784.5214843750005 -545.24999999999989 2299.0893554687505 231.25000000000003 2042.5865478515627 4771.9375000000009 -3349.9999999999995 -1550.4999999999998 7575.5000000000009 1890.4719848632815 522.90921020507824 -2441.7499999999995 412.72427368164068 143.75000000000003 4291.2500000000009 2380.7500000000005 1012.2500000000001 -385.45599365234369 883.51229858398449 2466.7500000000005 2077.7500000000005 3220.2500000000005 954.06277465820324 -209.49999999999997 -4157.5800781249991 -242.24999999999997 1648.7500000000002
decision_type=2 2 2 2 2 2 2 2 2 2 2 2 2 2 2 2 2 2 2 2 2 2 2 2 2 2 2 2 2 2
left_child=8 5 9 -4 -5 7 -7 13 15 -3 12 -12 -11 -2 -15 -1 17 18 26 20 -20 -21 23 -23 -22 -26 27 -16 29 -28
right_child=1 2 3 4 -6 6 -8 -9 -10 10 11 -13 -14 14 16 -17 -18 -19 19 21 24 22 -24 -25 25 -27 28 -29 -30 -31
leaf_value=-3.8992241036917288 27.605607491154828 -21.232669067382815 0.41434718045321378 20.076270755132043 69.090420594066387 -51.939455175399786 13.666939849853515 34.26268409337753 26.220501232147218 50.417296423230852 3.2804177485624062 28.441611209649309 10.602299680380987 -21.310118261611823 -2.5548618385682302 -0.73454212011925046 6.3772388154473489 -17.392011855897447 50.540758735656738 -16.288747651841906 4.1157637947314489 9.3391118503752217 25.105685423612599 -21.764355463692638 3.742498388744536 55.260369644165046 -1.4717824799938339 5.3185026789198568 -4.7952283787459447 9.2633783558276317
leaf_weight=1881 31 26 22 24 32 24 20 39 31 28 445 65 29 33 392 17282 835 63 25 45 74 63 40 33 21 20 1127 1269 673 382
leaf_count=1881 31 26 22 24 32 24 20 39 31 28 445 65 29 33 392 17282 835 63 25 45 74 63 40 33 21 20 1127 1269 673 382
internal_value=2.05775e-08 3.26802 10.6966 34.639 48.0844 2.3111 -22.1184 2.51921 -1.00114 7.54737 8.86709 6.48724 30.1605 2.2777 2.1236 -1.04518 2.27636 1.46628 1.7516 9.01327 19.6563 0.781072 6.42917 -1.35271 12.9423 28.8732 1.14504 3.46037 -0.617451 1.2458
internal_weight=25074 5880 671 78 56 5209 44 5165 19194 593 567 510 57 5126 5095 19163 5062 4227 4164 321 140 181 136 96 115 41 3843 1661 2182 1509
internal_count=25074 5880 671 78 56 5209 44 5165 19194 593 567 510 57 5126 5095 19163 5062 4227 4164 321 140 181 136 96 115 41 3843 1661 2182 1509
is_linear=0
shrinkage=0.05


Tree=25
num_leaves=31
num_cat=0
split_feature=117 4 100 136 26 124 145 129 113 79 58 120 80 19 127 114 54 141 73 86 48 22 110 131 37 11 28 8 12 38
split_gain=2.97145e+07 1.51705e+07 1.59822e+07 1.17083e+07 1.48881e+07 1.16398e+07 1.11091e+07 9.15164e+06 7.25903e+06 7.12493e+06 6.94864e+06 7.66498e+06 6.41704e+06 7.31383e+06 6.15795e+06 6.07338e+06 5.97974e+06 6.08137e+06 5.94923e+06 5.8666e+06 5.85507e+06 1.76771e+07 1.46978e+07 1.51586e+07 1.42838e+07 1.06592e+07 8.76142e+06 9.65726e+06 1.24735e+07 8.13308e+06
threshold=1180.005310058594 11597.850097656252 -3384.7499999999995 33.250000000000007 1264.2258911132815 1245.2596435546877 597.94873046875011 15.250000000000002 3740.0000000000005 -5922.4999999999991 7307.7500000000009 1968.2500000000002 399.25000000000006 2042.5865478515627 -617.74999999999989 -267.74999999999994 1373.502868652344 104.75000000000001 -5308.7499999999991 259.75000000000006 5622.6467285156259 4091.0000000000005 1226.166442871094 2042.5865478515627 6453.7500000000009 9856.9921875000018 -1212.2499999999998 105.25000000000001 1126.3332519531252 -6358.7499999999991
decision_type=2 2 2 2 2 2 2 2 2 2 2 2 2 2 2 2 2 2 2 2 2 2 2 2 2 2 2 2 2 2
left_child=5 9 -3 12 -5 6 15 -6 16 14 11 -9 -4 -14 -2 19 17 -8 -19 -1 21 26 -23 -24 25 -22 29 -28 -29 -11
right_child=1 2 3 4 7 -7 8 10 -10 20 -12 -13 13 -15 -16 -17 -18 18 -20 -21 24 22 23 -25 -26 -27 27 28 -30 -31
leaf_value=-0.88350138600332384 0.14909159703688188 52.447236383372342 -25.560437618602407 57.462282816569008 44.386326694488531 -36.866238546371463 -2.0513704678007691 -5.1641200024148697 15.342156584004323 -16.310552670878749 -12.600451256434123 32.209019436555756 -8.7820467337965962 28.668045728856868 -34.001722153750329 -2.7607588862561245 -20.133247059413364 22.593832308053972 0.99908883038160712 5.4224291842092169 -5.8395873920337573 48.694697617159953 6.2812041450463809 48.103013100990886 16.016241278214888 -42.542122056749136 -10.158930173498639 -10.382561157117872 6.5226074220261712 10.036832670931988
leaf_weight=5376 33 29 22 24 20 22 1861 23 83 31 30 34 32 22 22 5613 35 32 9598 396 74 36 130 26 55 27 169 136 552 531
leaf_count=5376 33 29 22 24 20 22 1861 23 83 31 30 34 32 22 22 5613 35 32 9598 396 74 36 130 26 55 27 169 136 552 531
internal_value=2.47688e-08 5.75618 17.6841 12.8139 21.8713 -0.514695 -0.479915 13.8883 0.608441 4.21118 6.87722 17.1286 -2.79813 6.4754 -13.5112 -1.58968 0.502342 0.565195 1.07085 -0.45087 4.76281 5.65845 19.8971 13.2515 -4.48637 -15.6512 3.73187 0.550282 3.18089 8.58351
internal_weight=25074 2058 236 207 131 23016 22994 107 11609 1822 87 57 76 54 55 11385 11526 11491 9630 5772 1767 1611 192 156 156 101 1419 857 688 562
internal_count=25074 2058 236 207 131 23016 22994 107 11609 1822 87 57 76 54 55 11385 11526 11491 9630 5772 1767 1611 192 156 156 101 1419 857 688 562
is_linear=0
shrinkage=0.05


Tree=26
num_leaves=31
num_cat=0
split_feature=117 4 113 19 0 124 61 43 110 73 13 120 24 108 115 99 97 71 54 129 140 93 131 122 69 101 33 106 142 107
split_gain=2.73872e+07 1.38808e+07 1.74869e+07 9.66136e+06 1.65948e+07 1.40072e+07 8.19153e+06 1.53654e+07 1.50972e+07 1.15788e+07 1.03121e+07 9.39012e+06 1.59152e+07 9.05938e+06 8.74204e+06 8.13492e+06 8.06241e+06 7.79687e+06 7.11028e+06 6.94682e+06 6.5056e+06 9.9831e+06 6.49883e+06 6.91571e+06 6.8015e+06 6.71572e+06 6.3918e+06 8.23877e+06 6.26407e+06 6.19299e+06
threshold=838.07479858398449 8955.2124023437518 -2122.7499999999995 2299.0893554687505 231.25000000000003 2042.5865478515627 2784.5214843750005 367.00000000000006 2784.5214843750005 7265.0000000000009 11634.190917968752 3887.7500000000005 5841.7500000000009 -1550.4999999999998 -1748.2499999999998 3304.5000000000005 4771.9375000000009 6550.5000000000009 522.90921020507824 2993.5000000000005 1213.0000000000002 780.75000000000011 996.66073608398449 695.25000000000011 5545.0695800781259 1948.2500000000002 706.83471679687511 2291.5000000000005 -576.74999999999989 265.25000000000006
decision_type=2 2 2 2 2 2 2 2 2 2 2 2 2 2 2 2 2 2 2 2 2 2 2 2 2 2 2 2 2 2
left_child=16 3 -3 5 -5 18 8 -8 9 11 -11 13 -13 14 -4 -9 -1 20 -2 26 22 -22 -15 24 25 -24 -20 29 -25 -28
right_child=1 2 6 4 -6 -7 7 15 -10 10 -12 12 -14 17 -16 -17 -18 -19 19 -21 21 -23 23 28 -26 -27 27 -29 -30 -31
leaf_value=-0.95582978056465473 25.958733614029423 52.598116700545603 2.9590438479468939 -49.247701228410008 12.420564231872559 32.163988176981611 -7.4947219516920001 21.82973629179455 -33.331027404121734 -1.5265896297636488 40.758979657421946 15.021422307491305 -46.605961799621582 20.931301595182983 45.318740772892689 66.386525955200199 24.563700400244805 32.000497673034673 -6.2071172675877948 -24.352054107666017 45.047367442737929 2.9239019345014525 -8.1640743920060466 24.106649726315553 -29.169052910804751 22.448148189839863 2.5762727026395229 8.1540442874814794 -1.173162391220314 -2.4416607016977925
leaf_weight=19163 31 23 21 24 20 39 23 21 23 21 46 20 22 34 29 20 31 25 223 25 22 39 122 38 32 21 3543 560 69 744
leaf_count=19163 31 23 21 24 20 39 23 21 23 21 46 20 22 34 29 20 31 25 223 25 22 39 122 38 32 21 3543 560 69 744
internal_value=3.46726e-08 2.98556 9.75424 2.11365 -21.2167 2.3124 8.23355 25.2153 6.37254 8.00031 27.5053 5.3549 -17.2596 7.45625 27.5277 43.5648 -0.914613 4.9598 2.08528 1.94002 3.16665 18.116 0.280864 -2.2089 -8.33152 -3.66857 2.06967 2.45046 7.80471 1.70542
internal_weight=25074 5880 671 5209 44 5165 648 64 584 561 67 494 42 452 50 41 19194 402 5126 5095 377 61 316 282 175 143 5070 4847 107 4287
internal_count=25074 5880 671 5209 44 5165 648 64 584 561 67 494 42 452 50 41 19194 402 5126 5095 377 61 316 282 175 143 5070 4847 107 4287
is_linear=0
shrinkage=0.05


Tree=27
num_leaves=31
num_cat=0
split_feature=117 68 98 114 142 26 115 142 142 129 107 87 100 93 100 55 114 122 134 12 86 52 127 79 5 44 115 130 99 116
split_gain=2.48433e+07 1.32425e+07 1.18887e+07 1.07289e+07 9.96075e+06 1.3283e+07 9.92333e+06 1.28265e+07 1.20557e+07 9.77559e+06 9.45626e+06 9.17513e+06 1.73756e+07 1.18211e+07 8.79908e+06 8.29022e+06 8.2298e+06 1.55818e+07 1.35586e+07 2.39612e+07 1.29804e+07 1.06441e+07 9.37054e+06 8.43136e+06 1.30773e+07 1.02489e+07 8.87557e+06 9.82916e+06 8.12403e+06 7.73892e+06
threshold=1286.4824218750002 1014.5462951660157 2087.7500000000005 -485.74999999999994 -376.24999999999994 1014.5462951660157 2668.2500000000005 -822.49999999999989 -590.24999999999989 198.25000000000003 -2052.2499999999995 4307.5000000000009 1813.7500000000002 2846.2500000000005 3138.0000000000005 -3316.3259277343745 -2436.7499999999995 -766.74999999999989 872.75000000000011 1890.4719848632815 -3304.4999999999995 -4122.2499999999991 -199.74999999999997 533.25000000000011 2042.5865478515627 2032.7500000000002 924.75000000000011 7908.7448730468759 -1354.7499999999998 13307.629882812502
decision_type=2 2 2 2 2 2 2 2 2 2 2 2 2 2 2 2 2 2 2 2 2 2 2 2 2 2 2 2 2 2
left_child=2 -2 3 9 5 -4 11 29 -9 -1 15 13 -13 16 -14 -11 18 20 -3 -20 -18 -19 -22 25 26 -23 -25 -28 -17 -8
right_child=1 6 4 -5 -6 -7 7 8 -10 10 -12 12 14 -15 -16 28 17 21 19 -21 22 23 -24 24 -26 -27 27 -29 -30 -31
leaf_value=0.070301523049686246 42.386061264038091 6.7932024853138984 5.0906051105671919 -1.5830138278153589 0.94809244927387448 24.870335745314758 20.994399106161936 -25.206710591523546 16.374582344955869 41.465764433337796 3.6917882133599558 25.785960922241216 -53.983243088495172 40.759596642203952 -11.168036781038557 -2.9296135084969657 -31.280645007353566 30.913944650888443 0.50826781713045566 67.75841951017027 7.173241161326974 2.9287851136742216 -17.310417307340185 25.996827022676115 -26.010472993850712 -22.50790334181352 -5.139355391905859 34.207590652931309 34.577171603116128 57.857886091868082
leaf_weight=8637 25 237 290 12863 657 120 35 23 72 31 942 20 21 23 28 42 52 40 26 27 98 396 65 108 20 44 65 21 22 24
leaf_count=8637 25 237 290 12863 657 120 35 23 72 31 942 20 21 23 28 42 52 40 26 27 98 396 65 108 20 44 65 21 22 24
internal_value=2.44057e-08 6.30663 -0.392762 -0.636924 4.7644 10.8798 5.68242 17.6793 6.30753 0.621041 5.20806 4.25134 -13.4874 5.25296 -29.5174 20.2431 4.57185 2.23208 11.9058 34.7678 -9.52927 5.87573 -2.59018 4.34434 12.4848 0.385116 16.4534 4.46862 9.96334 35.9897
internal_weight=25074 1470 23604 22537 1067 410 1445 154 95 9674 1037 1291 69 1222 49 95 1199 909 290 53 215 694 163 654 214 440 194 86 64 59
internal_count=25074 1470 23604 22537 1067 410 1445 154 95 9674 1037 1291 69 1222 49 95 1199 909 290 53 215 694 163 654 214 440 194 86 64 59
is_linear=0
shrinkage=0.05


Tree=28
num_leaves=31
num_cat=0
split_feature=117 4 113 19 0 124 82 93 101 138 142 30 97 142 75 145 57 113 63 80 44 142 142 136 107 85 142 124 135 92
split_gain=2.27871e+07 1.13956e+07 1.52696e+07 8.7989e+06 1.48688e+07 1.21881e+07 7.27607e+06 1.38236e+07 1.57941e+07 1.01288e+07 9.2896e+06 7.25733e+06 7.14725e+06 6.65402e+06 6.28135e+06 6.17854e+06 6.62763e+06 8.39427e+06 7.8919e+06 9.15099e+06 6.57507e+06 6.57418e+06 1.11233e+07 8.73443e+06 7.06692e+06 8.25829e+06 6.8537e+06 5.8394e+06 5.80995e+06 8.81112e+06
threshold=838.07479858398449 8955.2124023437518 -2122.7499999999995 2299.0893554687505 231.25000000000003 2042.5865478515627 2784.5214843750005 -3351.2499999999995 -2075.4999999999995 2784.5214843750005 -2441.7499999999995 5199.5000000000009 4771.9375000000009 -2441.7499999999995 551.84924316406261 2784.5214843750005 -864.74999999999989 -97.749999999999986 719.75000000000011 964.25000000000011 -374.24999999999994 -454.74999999999994 -1292.9999999999998 23.250000000000004 3225.0000000000005 3651.2500000000005 -247.24999999999997 399.58711242675787 143.75000000000003 4291.2500000000009
decision_type=2 2 2 2 2 2 2 2 2 2 2 2 2 2 2 2 2 2 2 2 2 2 2 2 2 2 2 2 2 2
left_child=12 3 -3 5 -5 13 7 -4 -9 -8 -10 -11 27 -2 -15 16 -12 -18 20 -20 -19 22 -21 -24 25 -25 -23 -1 29 -16
right_child=1 2 6 4 -6 -7 9 8 10 11 15 -13 -14 14 28 -17 17 18 19 21 -22 26 23 24 -26 -27 -28 -29 -30 -31
leaf_value=-3.780729061138647 -20.468513279972655 48.891811669391139 -30.6943489382267 -46.86459219455719 11.508533172607422 29.968807961390571 -5.0233417692638582 48.830985624139963 36.695396899140398 59.368444366455087 -22.875343370437623 18.185840938402261 23.15448140175112 29.345236024402439 1.4702146806145779 -23.028726387023926 30.832463076620389 5.1946360852983267 -17.45208629662136 -14.802524055540562 35.85508453775855 -15.370581291567895 2.5233257813887167 15.264198446273804 5.4597165405750276 53.571704124001897 6.3849696475884015 -0.61107950963563529 5.7578586892329824 -17.518256061692394
leaf_weight=1584 33 23 25 24 20 39 21 22 23 20 20 23 31 21 4176 20 33 36 53 32 34 62 55 24 24 34 87 17579 834 62
leaf_count=1584 33 23 25 24 20 39 21 22 23 20 20 23 31 21 4176 20 33 36 53 32 34 62 55 24 24 34 87 17579 834 62
internal_value=1.63517e-08 2.72331 8.85622 1.93329 -20.3314 2.12296 7.4352 5.68126 7.30808 23.4399 5.60695 37.3405 -0.834274 1.91111 2.05611 4.21584 5.31885 6.50848 4.68832 1.78294 20.0869 4.98877 11.7391 17.9386 28.2782 37.7203 -2.66768 -0.87308 1.94313 1.19242
internal_weight=25074 5880 671 5209 44 5165 648 584 559 64 537 43 19194 5126 5093 514 494 474 441 371 70 318 169 137 82 58 149 19163 5072 4238
internal_count=25074 5880 671 5209 44 5165 648 584 559 64 537 43 19194 5126 5093 514 494 474 441 371 70 318 169 137 82 58 149 19163 5072 4238
is_linear=0
shrinkage=0.05


Tree=29
num_leaves=31
num_cat=0
split_feature=117 82 98 33 131 12 3 87 74 68 114 142 26 129 107 29 113 131 23 44 115 122 19 1 17 31 108 73 87 56
split_gain=2.08977e+07 1.2278e+07 1.02829e+07 9.95853e+06 9.74439e+06 2.08946e+07 2.40389e+07 1.02104e+07 1.01237e+07 9.57476e+06 9.49969e+06 8.77167e+06 1.18061e+07 8.66416e+06 8.42617e+06 7.75964e+06 7.62593e+06 7.52786e+06 7.42202e+06 1.42908e+07 7.40886e+06 7.75652e+06 7.21924e+06 6.51337e+06 7.18998e+06 8.67414e+06 6.74063e+06 1.53646e+07 7.91196e+06 1.20831e+07
threshold=1286.4824218750002 1226.166442871094 2087.7500000000005 1180.005310058594 2784.5214843750005 2299.0893554687505 3319.2500000000005 -4880.4999999999991 7909.2199707031259 1014.5462951660157 -485.74999999999994 -376.24999999999994 1014.5462951660157 198.25000000000003 -2052.2499999999995 4111.0000000000009 1790.2500000000002 842.90814208984386 -6473.7499999999991 -6004.9999999999991 -1506.9999999999998 -457.74999999999994 1315.5429687500002 -4816.2499999999991 -4317.4999999999991 -4429.2499999999991 4863.7500000000009 7265.0000000000009 4307.5000000000009 3346.2500000000005
decision_type=2 2 2 2 2 2 2 2 2 2 2 2 2 2 2 2 2 2 2 2 2 2 2 2 2 2 2 2 2 2
left_child=2 3 10 9 7 -6 8 -3 -7 -2 13 12 -4 -1 17 -13 -17 -15 19 -9 -11 -22 -14 -20 -25 -26 27 28 29 -27
right_child=1 4 11 -5 5 6 -8 18 -10 20 -12 15 22 14 -16 16 -18 -19 23 -21 21 -23 -24 24 25 26 -28 -29 -30 -31
leaf_value=0.077921518789796473 43.208529458727156 -23.827086437449736 4.7169381061093558 46.936470712934224 -16.463844135829383 -14.340785350799562 72.577346611022946 1.85663161277771 35.365081133161276 30.670642425900418 -1.4775426289311704 4.4107476096956626 29.655851359367372 46.363159236907961 3.4834981326907561 18.963351867596309 -11.112705131777364 11.839092674255372 -21.243612197593407 50.046338325500493 -27.379880874807185 10.30394134256575 -0.54189808082580571 25.591652446322971 -26.846033541361493 2.186623911197723 -15.839841628629109 39.62160985310873 -14.296792405446372 18.898286689949035
leaf_weight=8637 21 34 290 28 28 20 26 40 21 21 12863 460 95 20 942 24 173 75 27 25 22 36 25 36 24 803 43 30 60 125
leaf_count=8637 21 34 290 28 28 20 26 40 21 21 12863 460 95 20 942 24 173 75 27 25 22 36 25 36 24 803 43 30 60 125
internal_value=-1.83178e-08 5.78417 -0.360224 20.5802 4.37293 19.8092 34.9681 3.19695 11.1183 13.2005 -0.5873 4.43602 10.1748 0.596409 4.9148 0.854743 -7.44862 19.1073 3.95442 20.3911 5.22365 -3.98992 23.3647 3.02377 3.60827 2.87886 3.55125 4.37032 3.29994 4.43766
internal_weight=25074 1470 23604 128 1342 95 67 1247 41 100 22537 1067 410 9674 1037 657 197 95 1213 65 79 58 120 1148 1121 1085 1061 1018 988 928
internal_count=25074 1470 23604 128 1342 95 67 1247 41 100 22537 1067 410 9674 1037 657 197 95 1213 65 79 58 120 1148 1121 1085 1061 1018 988 928
is_linear=0
shrinkage=0.05


Tree=30
num_leaves=31
num_cat=0
split_feature=117 73 131 127 99 73 142 45 97 37 23 138 64 1 36 85 126 113 114 136 142 103 136 121 86 117 55 58 33 25
split_gain=1.90729e+07 1.02728e+07 1.153e+07 1.67328e+07 1.38279e+07 9.94356e+06 9.89212e+06 1.15465e+07 6.45929e+06 5.98428e+06 7.89588e+06 1.13553e+07 1.16322e+07 6.36479e+06 7.35362e+06 7.42888e+06 5.39552e+06 5.46672e+06 7.01724e+06 6.32496e+06 8.16008e+06 5.8045e+06 5.56613e+06 5.27183e+06 5.24922e+06 8.8451e+06 9.07073e+06 1.61892e+07 1.00588e+07 8.76149e+06
threshold=838.07479858398449 7265.0000000000009 2784.5214843750005 1677.7500000000002 6597.5000000000009 477.25000000000006 -1961.7499999999998 8700.0000000000018 4771.9375000000009 -7241.2499999999991 -6473.7499999999991 1245.2596435546877 -3594.9999999999995 -5459.7499999999991 -4808.7499999999991 -4339.2499999999991 3653.7500000000005 3740.0000000000005 2459.0000000000005 1577.5000000000002 -822.49999999999989 1088.9631958007815 477.75000000000006 -2213.2499999999995 1203.2500000000002 1180.005310058594 3833.351684570313 2932.5000000000005 1341.8898925781252 -2666.3525390624995
decision_type=2 2 2 2 2 2 2 2 2 2 2 2 2 2 2 2 2 2 2 2 2 2 2 2 2 2 2 2 2 2
left_child=8 2 4 5 9 -4 -3 -8 -1 23 11 -11 -13 -12 -15 -16 17 18 24 20 -19 -22 -20 -2 -17 29 -27 28 -28 -26
right_child=1 6 3 -5 -6 -7 7 -9 -10 10 13 12 -14 14 15 16 -18 19 22 -21 21 -23 -24 -25 25 26 27 -29 -30 -31
leaf_value=-0.8001518802421318 -0.38372863856228917 49.214819081624348 24.571272715815795 52.268347440447123 -35.137210113525391 -20.167095665309741 42.350018672943122 -2.475443847506654 22.041758383474043 -3.9710029919942222 -16.45704282677692 5.310450313709401 49.269124418146475 26.906599315007526 -27.597671408880327 1.5183236539480034 -19.693029260635377 34.471936407089231 -34.704509121438733 33.766495541163856 14.924805092400518 -14.778109620746813 -0.62185100150108341 -26.820760351238832 23.958569669723513 5.3735550168671731 73.255893602371216 8.6541909429762107 26.472241557085955 0.83661732158741031
leaf_weight=19163 44 21 27 28 25 23 20 51 31 42 46 27 34 30 21 4297 28 20 23 28 29 38 25 33 44 162 20 72 27 595
leaf_count=19163 44 21 27 28 25 23 20 51 31 42 46 27 34 30 21 4297 28 20 23 28 29 38 25 33 44 162 20 72 27 595
internal_value=3.09183e-08 2.4915 2.22802 21.3217 1.96719 3.99162 19.0681 10.1514 -0.76326 2.13036 2.32045 16.0364 29.812 2.06382 2.21988 2.08347 2.19872 2.31266 2.0771 13.097 6.44471 -1.92162 -16.9531 -11.7139 2.25219 5.67984 13.0729 23.5544 46.3802 2.42874
internal_weight=25074 5880 5788 78 5710 50 92 71 19194 5685 5608 103 61 5505 5459 5429 5408 5380 5265 115 87 67 48 77 5217 920 281 119 47 639
internal_count=25074 5880 5788 78 5710 50 92 71 19194 5685 5608 103 61 5505 5459 5429 5408 5380 5265 115 87 67 48 77 5217 920 281 119 47 639
is_linear=0
shrinkage=0.05


Tree=31
num_leaves=31
num_cat=0
split_feature=67 93 5 135 136 93 108 74 101 142 108 121 142 58 44 0 141 107 105 48 93 19 79 141 109 94 120 106 80 71
split_gain=1.75276e+07 1.27814e+07 1.08987e+07 9.83268e+06 8.84296e+06 8.23446e+06 1.03346e+07 8.01918e+06 7.94529e+06 1.84398e+07 1.02148e+07 9.23053e+06 9.4973e+06 9.77576e+06 8.93209e+06 8.70626e+06 7.72424e+06 6.72979e+06 1.26304e+07 1.45851e+07 1.05994e+07 6.45617e+06 6.7817e+06 6.41478e+06 6.2959e+06 6.12908e+06 6.05694e+06 6.05652e+06 5.86797e+06 5.79692e+06
threshold=7655.5000000000009 -5528.4999999999991 750.93786621093761 -3349.9999999999995 2253.0000000000005 652.75000000000011 -757.24999999999989 7211.0400390625009 3612.0000000000005 -1292.9999999999998 -1637.9999999999998 2415.0000000000005 -497.24999999999994 5672.5000000000009 1787.7500000000002 2283.0000000000005 90.750000000000014 -678.74999999999989 141.25000000000003 132.25512695312503 -378.24999999999994 2299.0893554687505 959.75000000000011 1346.2500000000002 13457.535156250002 -262.24999999999994 1515.5000000000002 342.75000000000006 -5063.7499999999991 6550.5000000000009
decision_type=2 2 2 2 2 2 2 2 2 2 2 2 2 2 2 2 2 2 2 2 2 2 2 2 2 2 2 2 2 2
left_child=2 -2 28 -3 5 7 -7 16 10 -10 14 12 13 -11 15 -5 -4 18 21 -20 -21 22 26 25 29 -19 -18 -9 -1 -12
right_child=1 3 4 8 -6 6 -8 27 9 11 24 -13 -14 -15 -16 -17 17 23 19 20 -22 -23 -24 -25 -26 -27 -28 -29 -30 -31
leaf_value=24.319398266336194 42.534733573913577 -21.853977727890015 -3.9394112624627322 33.928147048950194 -29.544049528370735 38.115124340679337 4.3305851761319429 -0.49683542633056643 58.822387185304059 57.605120102564491 2.123623445478509 -7.1137422601381948 0.90626063066370355 10.27354368209839 51.525240631103522 -12.725511913299561 2.870408745086733 -4.8383179777970344 -1.8764081327538742 66.303143782842724 20.296280539420344 -21.266569540330345 -16.360192019144694 -13.631274335839775 -25.054108285903933 1.544097353823346 20.451625194549564 -34.079065086101664 -0.95267644289367714 23.807565931840376
leaf_weight=23 25 30 737 20 23 23 1430 25 23 24 467 48 34 20 20 20 2422 489 38 21 31 28 45 89 20 1630 50 29 17157 33
leaf_count=23 25 30 737 20 23 23 1430 25 23 24 467 48 34 20 20 20 2422 489 38 21 31 28 45 89 20 1630 50 29 17157 33
internal_value=-8.22555e-09 7.35825 -0.2375 6.1996 1.40884 1.50929 4.86537 0.643767 7.35407 17.6528 4.70837 10.1377 20.7539 36.0908 24.2426 10.6013 0.829336 1.55504 3.26121 21.6694 38.876 2.61023 2.87585 -0.481088 2.45442 0.0712323 3.22602 -18.5317 -0.918843 3.55476
internal_weight=25074 784 24290 759 7110 7087 1453 5634 729 149 580 126 78 44 60 40 5580 4843 2635 90 52 2545 2517 2208 520 2119 2472 54 17180 500
internal_count=25074 784 24290 759 7110 7087 1453 5634 729 149 580 126 78 44 60 40 5580 4843 2635 90 52 2545 2517 2208 520 2119 2472 54 17180 500
is_linear=0
shrinkage=0.05


Tree=32
num_leaves=31
num_cat=0
split_feature=117 82 47 131 127 72 71 33 138 106 68 114 120 90 137 141 26 5 103 82 75 142 31 13 86 12 136 136 141 74
split_gain=1.59011e+07 1.08247e+07 9.00898e+06 1.051e+07 1.59123e+07 1.02744e+07 1.00554e+07 9.00299e+06 8.7427e+06 9.33869e+06 8.41113e+06 8.15703e+06 8.23679e+06 9.07694e+06 1.12461e+07 7.81342e+06 7.77658e+06 7.36702e+06 8.87284e+06 1.47291e+07 7.28978e+06 1.902e+07 1.39982e+07 1.13221e+07 1.2629e+07 1.18709e+07 9.19459e+06 8.63501e+06 1.20837e+07 8.22863e+06
threshold=1286.4824218750002 1226.166442871094 1168.1457519531252 2784.5214843750005 1677.7500000000002 472.75000000000006 2200.2500000000005 1180.005310058594 1401.3559570312502 2603.2500000000005 1014.5462951660157 -714.74999999999989 -459.74999999999994 -3560.7712402343745 -3754.2175292968745 170.25000000000003 1341.8898925781252 1141.4506835937502 1126.3332519531252 1141.4506835937502 2299.0893554687505 -1232.2499999999998 157.25000000000003 11634.190917968752 3808.2500000000005 1438.1508789062502 1309.0000000000002 -446.74999999999994 725.25000000000011 8855.6123046875018
decision_type=2 2 2 2 2 2 2 2 2 2 2 2 2 2 2 2 2 2 2 2 2 2 2 2 2 2 2 2 2 2
left_child=8 7 6 20 5 -5 -3 10 9 11 -2 12 -1 14 -14 -13 17 -15 19 -19 23 -22 -23 24 26 -26 27 28 -4 -28
right_child=1 2 3 4 -6 -7 -8 -9 -10 -11 -12 15 13 16 -16 -17 -18 18 -20 -21 21 22 -24 -25 25 -27 29 -29 -30 -31
leaf_value=-1.0067670985728288 40.047151415688653 -27.867726891835531 14.769955350971223 20.793278316528568 45.194162302750811 -25.172870883941652 11.681854537963869 43.998266839981085 -27.750605195144132 5.6062516843999619 4.4451799226712572 -2.5818959327032309 7.9689059185076365 1.7594686069608276 47.050343549251558 -0.25680966626972379 -20.469143782163922 11.060900129318238 1.0770070376992227 55.376567596435557 -43.594970032264449 -20.059910729352168 22.871716069066249 31.465857139386628 -46.587644817518154 -1.7082942962646486 10.334493535881242 0.39473593555741027 -16.598113901955742 46.191471592585252
leaf_weight=3069 21 45 250 31 39 20 25 28 29 655 79 5610 79 3748 24 10152 38 75 100 25 29 34 43 38 23 41 48 617 35 24
leaf_count=3069 21 45 250 31 39 20 25 28 29 655 79 5610 79 3748 24 10152 38 75 100 25 29 34 43 38 23 41 48 617 35 24
internal_value=-1.54225e-08 5.04552 3.72042 4.68145 21.1523 2.76734 -13.7429 18.9384 -0.314223 -0.280473 11.9216 -0.448702 0.95101 2.42042 17.0753 -1.08435 2.04173 2.2584 11.6084 22.1398 3.42732 -9.08309 3.91489 4.65976 3.67842 -17.8368 5.09215 3.71963 10.9177 22.2868
internal_weight=25074 1470 1342 1272 90 51 70 128 23604 23575 100 22920 7158 4089 103 15762 3986 3948 200 100 1182 106 77 1076 1038 64 974 902 285 72
internal_count=25074 1470 1342 1272 90 51 70 128 23604 23575 100 22920 7158 4089 103 15762 3986 3948 200 100 1182 106 77 1076 1038 64 974 902 285 72
is_linear=0
shrinkage=0.05


Tree=33
num_leaves=31
num_cat=0
split_feature=5 86 142 129 40 136 119 141 142 118 142 86 106 141 142 141 79 73 141 22 142 64 50 50 78 124 65 50 141 145
split_gain=1.47198e+07 1.12062e+07 9.22145e+06 9.11087e+06 1.16069e+07 9.54894e+06 1.12508e+07 6.57722e+06 1.40113e+07 6.39296e+06 6.35841e+06 6.08281e+06 8.31631e+06 1.02287e+07 7.6982e+06 5.96241e+06 1.05037e+07 8.74312e+06 5.96077e+06 6.19988e+06 6.59755e+06 1.01967e+07 9.67755e+06 6.27984e+06 6.04872e+06 8.60113e+06 1.5581e+07 1.64773e+07 1.11782e+07 1.11538e+07
threshold=750.93786621093761 2162.2500000000005 -2441.7499999999995 1483.7500000000002 1890.4719848632815 -876.24999999999989 -164.74999999999997 765.25000000000011 -914.74999999999989 2670.308471679688 -508.74999999999994 2354.5000000000005 3110.5000000000005 1569.2500000000002 -421.74999999999994 1235.7500000000002 6233.7500000000009 4369.2500000000009 90.750000000000014 -3788.7499999999995 -939.24999999999989 985.75000000000011 -1832.2499999999998 2341.2500000000005 2453.2500000000005 2042.5865478515627 -790.74999999999989 1355.2500000000002 509.75000000000006 1890.4719848632815
decision_type=2 2 2 2 2 2 2 2 2 2 2 2 2 2 2 2 2 2 2 2 2 2 2 2 2 2 2 2 2 2
left_child=-1 18 -3 5 15 -4 -7 8 -8 10 -10 -9 -13 14 -14 -5 17 -17 19 -2 21 22 -21 -23 25 29 27 28 -27 -20
right_child=1 2 3 4 -6 6 7 11 9 -11 -12 12 13 -15 -16 16 -18 -19 24 20 -22 23 -24 -25 -26 26 -28 -29 -30 -31
leaf_value=-0.81770400992991987 -22.700138460623251 40.584329514276419 -12.609006412212665 -8.8090950604641076 -30.441688938140871 47.259584567857829 43.138386873765427 44.525437126159673 31.138775691279662 -7.4250709426055836 1.8443130169884634 0.81437911669413254 52.642234568442063 -6.3680507550388583 18.650777920087179 16.478978672027591 40.26364814094876 -14.670235715661107 2.125421446716472 20.56865891574158 -4.0994097446005773 41.950264552787502 -10.308132608546767 7.8484627432293372 -3.2793601004606381 48.12573030645197 49.412733136690584 -26.782426548004153 6.7272516050509044 -22.596612504772519
leaf_weight=17226 37 21 39 66 30 23 22 20 27 103 59 60 31 20 36 50 23 41 5581 36 652 27 86 27 546 22 26 28 63 46
leaf_count=17226 37 21 39 66 30 23 22 20 27 103 59 60 31 20 36 50 23 41 5581 36 652 27 86 27 546 22 26 28 63 46
internal_value=1.82776e-08 1.79482 7.97398 6.92042 -1.64818 11.01 13.3071 11.2412 5.37357 0.977667 11.0414 18.6548 15.135 25.0112 34.3782 3.15074 10.0749 2.44472 1.21711 -2.67536 -1.78053 6.80987 -1.19695 24.8994 1.75054 2.22684 14.5137 6.48385 17.4422 1.92332
internal_weight=25074 7848 671 650 210 440 401 378 211 189 86 167 147 87 67 180 114 91 7177 865 828 176 122 54 6312 5766 139 113 85 5627
internal_count=25074 7848 671 650 210 440 401 378 211 189 86 167 147 87 67 180 114 91 7177 865 828 176 122 54 6312 5766 139 113 85 5627
is_linear=0
shrinkage=0.05


Tree=34
num_leaves=31
num_cat=0
split_feature=67 93 135 26 136 128 101 101 142 121 142 58 109 68 104 86 34 136 52 61 110 2 61 6 123 75 44 57 72 85
split_gain=1.37273e+07 1.09685e+07 8.75722e+06 8.32466e+06 7.93897e+06 7.82235e+06 6.68259e+06 7.82926e+06 1.56951e+07 7.73378e+06 7.86707e+06 8.66068e+06 7.15452e+06 7.31073e+06 1.27013e+07 1.1399e+07 1.39751e+07 9.30286e+06 9.03937e+06 8.65753e+06 1.00339e+07 5.98609e+06 1.18426e+07 7.99701e+06 1.46135e+07 7.96554e+06 7.70879e+06 1.07234e+07 7.66684e+06 7.64424e+06
threshold=7655.5000000000009 -5528.4999999999991 -3349.9999999999995 713.06219482421886 2253.0000000000005 -3137.2499999999995 -2491.9999999999995 3612.0000000000005 -1292.9999999999998 2415.0000000000005 -479.74999999999994 5672.5000000000009 13457.535156250002 1748.4644165039065 2722.4636230468755 455.75000000000006 3135.5134277343755 -1.0000000180025095e-35 278.75000000000006 1401.3559570312502 1245.2596435546877 669.75000000000011 2299.0893554687505 1543.8215332031252 3643.4199218750005 2042.5865478515627 2813.7500000000005 3353.5000000000005 -2164.7499999999995 -1529.9999999999998
decision_type=2 2 2 2 2 2 2 2 2 2 2 2 2 2 2 2 2 2 2 2 2 2 2 2 2 2 2 2 2 2
left_child=3 -2 -3 5 21 -1 -4 12 -9 10 11 -10 13 19 15 16 18 -16 -15 20 -8 22 25 24 28 26 27 -5 -23 -25
right_child=1 2 6 4 -6 -7 7 8 9 -11 -12 -13 -14 14 17 -17 -18 -19 -20 -21 -22 23 -24 29 -26 -27 -28 -29 -30 -31
leaf_value=26.53318296854313 39.098329388141636 -21.036404876708986 33.66600568944758 0.2479517867315908 -28.246049386522046 -0.91431504822191345 0.42143913223109114 53.848105853536858 52.766652997334802 -6.8583131790161138 0.1071441072406191 8.7986199333554236 -22.645481931246245 55.675881609916694 9.3566644906997691 -27.702599119103475 -13.333900353113812 52.474119423175686 9.2310445287010889 -11.249748101667926 23.821529319368562 31.803762708391464 -29.566894464781793 -19.319006613797921 39.904383261063522 22.166724731808618 -29.228218698501589 26.898295835444806 5.0284698433972697 2.0289236851908945
leaf_weight=26 25 30 22 5638 23 16080 218 23 24 48 33 21 26 20 22 23 30 29 22 110 58 28 33 43 34 42 22 38 592 1691
leaf_count=26 25 30 22 5638 23 16080 218 23 24 48 33 21 26 20 22 23 30 29 22 110 58 28 33 43 34 42 22 38 592 1691
internal_value=-2.08488e-09 6.51189 5.43855 -0.210182 1.08834 -0.870006 6.52806 5.68359 15.8659 8.9326 18.6501 32.2482 2.96467 4.2163 13.7467 2.9413 12.7303 33.8744 31.3476 0.611529 5.33885 1.17102 0.30008 3.27651 7.98793 0.471789 0.311876 0.426372 6.23768 1.49953
internal_weight=25074 784 759 24290 8184 16106 729 707 149 126 78 45 558 532 146 95 72 51 42 386 276 8161 5773 2388 654 5740 5698 5676 620 1734
internal_count=25074 784 759 24290 8184 16106 729 707 149 126 78 45 558 532 146 95 72 51 42 386 276 8161 5773 2388 654 5740 5698 5676 620 1734
is_linear=0
shrinkage=0.05


Tree=35
num_leaves=31
num_cat=0
split_feature=117 82 33 47 58 131 127 72 138 98 114 26 129 107 68 142 26 75 142 31 13 86 72 29 136 136 141 6 85 101
split_gain=1.24191e+07 9.31148e+06 8.20135e+06 8.00402e+06 9.29452e+06 8.84323e+06 1.35936e+07 8.64482e+06 7.9816e+06 8.10061e+06 7.40953e+06 8.0216e+06 8.227e+06 7.49694e+06 7.38429e+06 7.35654e+06 9.88567e+06 7.02128e+06 1.66879e+07 1.20086e+07 9.30832e+06 1.13465e+07 1.15653e+07 8.32326e+06 7.87354e+06 7.71759e+06 1.06153e+07 7.85948e+06 8.26281e+06 1.47705e+07
threshold=1286.4824218750002 1226.166442871094 1180.005310058594 1168.1457519531252 -1500.9999999999998 2784.5214843750005 1677.7500000000002 472.75000000000006 1401.3559570312502 2087.7500000000005 -485.74999999999994 1401.3559570312502 198.25000000000003 -2052.2499999999995 1014.5462951660157 -376.24999999999994 1014.5462951660157 2299.0893554687505 -1232.2499999999998 157.25000000000003 11634.190917968752 3808.2500000000005 5175.5000000000009 7860.5000000000009 1309.0000000000002 -446.74999999999994 725.25000000000011 -3239.9233398437495 -2827.4999999999995 -1374.7499999999998
decision_type=2 2 2 2 2 2 2 2 2 2 2 2 2 2 2 2 2 2 2 2 2 2 2 2 2 2 2 2 2 2
left_child=8 2 14 4 -3 17 7 -7 9 10 11 12 -1 -14 -2 16 -11 20 -19 -20 21 24 -23 -24 25 26 27 -5 -29 -30
right_child=1 3 -4 5 -6 6 -8 -9 -10 15 -12 -13 13 -15 -16 -17 -18 18 19 -21 -22 22 23 -25 -26 -27 -28 28 29 -31
leaf_value=0.20233476421072627 37.000014050801596 -39.275178925887403 41.262434850420277 -2.7100618975503106 -0.48518343174711193 18.786288359857377 41.465549251972107 -23.377274265289309 -26.49263951531772 4.3057067734884544 -1.2320879533986584 -18.798359928490981 18.727104291386077 3.6162951782106205 3.6419290717644026 0.75490068251353049 21.523836681398294 -41.61933607397409 -19.323089240579044 20.440757303459701 28.500605186663179 -47.502979769025529 20.280990507489161 -23.726832641254774 20.556771985689799 0.23180794617828326 -15.609761719703677 -9.5825135179187946 42.584831186876464 11.672583673521878
leaf_weight=8590 21 23 28 56 47 31 39 20 29 284 12857 53 90 933 79 650 118 29 34 43 38 21 21 22 72 617 35 23 59 112
leaf_count=8590 21 23 28 56 47 31 39 20 29 284 12857 53 90 933 79 650 118 29 34 43 38 21 21 22 72 617 35 23 59 112
internal_value=-3.4997e-08 4.459 17.3442 3.23001 -13.2305 4.13586 19.2443 2.25156 -0.277696 -0.245449 -0.445756 0.600164 0.707115 4.94569 10.6471 4.04308 9.35978 2.98547 -9.29239 2.8827 4.195 3.3052 -17.0883 -2.23464 4.64522 3.37512 10.1801 13.7907 18.5538 22.3382
internal_weight=25074 1470 128 1342 70 1272 90 51 23604 23575 22523 9666 9613 1023 100 1052 402 1182 106 77 1076 1038 64 43 974 902 285 250 194 171
internal_count=25074 1470 128 1342 70 1272 90 51 23604 23575 22523 9666 9613 1023 100 1052 402 1182 106 77 1076 1038 64 43 974 902 285 250 194 171
is_linear=0
shrinkage=0.05


Tree=36
num_leaves=31
num_cat=0
split_feature=67 93 135 141 19 110 18 108 120 5 129 101 101 142 122 5 114 99 96 121 142 58 135 41 129 57 100 114 93 115
split_gain=1.14768e+07 9.46074e+06 7.77644e+06 7.39447e+06 7.27624e+06 8.1453e+06 1.08445e+07 7.26063e+06 7.06324e+06 6.64458e+06 8.04606e+06 5.95636e+06 6.62637e+06 1.37893e+07 7.05081e+06 9.47143e+06 1.691e+07 1.06699e+07 8.78888e+06 6.95392e+06 6.73514e+06 7.64566e+06 5.9888e+06 6.84693e+06 7.15515e+06 8.67084e+06 7.40223e+06 5.69402e+06 5.66777e+06 1.03624e+07
threshold=7655.5000000000009 -5528.4999999999991 -3349.9999999999995 200.25000000000003 2299.0893554687505 1890.4719848632815 5582.7624511718759 -937.24999999999989 -472.74999999999994 750.93786621093761 2993.5000000000005 -2491.9999999999995 3612.0000000000005 -1292.9999999999998 2607.7500000000005 1890.4719848632815 -502.24999999999994 498.25000000000006 2042.5865478515627 2415.0000000000005 -479.74999999999994 5672.5000000000009 -2138.9999999999995 2756.9350585937505 -553.74999999999989 1369.7500000000002 -595.74999999999989 -2349.7499999999995 652.75000000000011 989.00000000000011
decision_type=2 2 2 2 2 2 2 2 2 2 2 2 2 2 2 2 2 2 2 2 2 2 2 2 2 2 2 2 2 2
left_child=3 -2 -3 7 5 9 -7 8 -1 -5 28 -4 14 -14 15 18 17 -17 22 20 21 -15 -13 -24 -25 -26 -27 -10 -11 -30
right_child=1 2 11 4 -6 6 -8 -9 27 10 -12 12 13 19 -16 16 -18 -19 -20 -21 -22 -23 23 24 25 26 -28 -29 29 -31
leaf_value=-0.75337432092141987 36.218151092529297 -19.991019392013552 31.605002628673208 -0.27301759307311219 -20.458521238187465 2.1484744310379029 44.127385330200198 -1.7999516947261978 20.843803412573678 1.1945450807206712 -28.138768577575686 28.381442893635143 50.155807594631028 49.13058700561524 -16.765549054256706 17.229577779769897 -2.5871520332668139 65.436865858598182 -26.454227373335097 -6.9180327514807392 0.11293443622011129 7.8193171546572735 -15.487574969085992 -13.807565120940513 34.210132319838912 27.239939320471979 1.1278408099751953 4.2366236562771391 10.580966623095131 1.142641554165446
leaf_weight=1187 25 30 22 8737 41 40 25 8668 56 3666 22 22 23 24 43 24 46 22 27 48 33 21 51 47 27 31 218 659 507 682
leaf_count=1187 25 30 22 8737 41 40 25 8668 56 3666 22 22 23 24 43 24 46 22 27 48 33 21 51 47 27 31 218 659 507 682
internal_value=-1.04486e-08 5.95421 4.95737 -0.192182 0.573539 0.636578 18.2942 -1.1861 1.61143 0.552272 2.03075 5.98405 5.1868 14.5543 2.68545 4.30951 18.849 40.2852 1.14725 8.05556 17.2701 29.852 3.02917 1.53786 4.22608 7.29703 4.37874 5.53733 2.16746 5.16723
internal_weight=25074 784 759 24290 13720 13679 65 10570 1902 13614 4877 729 707 149 558 515 92 46 423 126 78 45 396 374 323 276 249 715 4855 1189
internal_count=25074 784 759 24290 13720 13679 65 10570 1902 13614 4877 729 707 149 558 515 92 46 423 126 78 45 396 374 323 276 249 715 4855 1189
is_linear=0
shrinkage=0.05


Tree=37
num_leaves=31
num_cat=0
split_feature=113 142 107 23 64 93 142 127 50 141 99 1 97 142 128 5 145 31 58 135 133 134 26 106 129 136 1 115 142 33
split_gain=1.06241e+07 8.50522e+06 8.12885e+06 1.07136e+07 2.58338e+07 9.17294e+06 8.17349e+06 7.71635e+06 8.3094e+06 7.31844e+06 6.93807e+06 6.55701e+06 6.2709e+06 6.2183e+06 7.17053e+06 6.58362e+06 1.61684e+07 6.10278e+06 9.5019e+06 8.0842e+06 7.14974e+06 7.00258e+06 6.62928e+06 6.35639e+06 9.76828e+06 7.36441e+06 6.38356e+06 6.04476e+06 5.81071e+06 5.74654e+06
threshold=3740.0000000000005 -1232.2499999999998 -1760.2499999999998 3873.7500000000005 3457.5000000000005 -638.24999999999989 -2441.7499999999995 1677.7500000000002 3708.7500000000005 487.75000000000006 6597.5000000000009 -1539.7499999999998 2129.867553710938 -209.74999999999997 2370.2500000000005 1515.713562011719 1473.834655761719 5212.0000000000009 3896.7500000000005 -1202.7499999999998 905.25000000000011 -676.49999999999989 871.29827880859386 2513.7500000000005 1572.2500000000002 74.750000000000014 -5459.7499999999991 760.75000000000011 -16.749999999999996 1890.4719848632815
decision_type=2 2 2 2 2 2 2 2 2 2 2 2 2 2 2 2 2 2 2 2 2 2 2 2 2 2 2 2 2 2
left_child=2 10 3 7 -5 -6 -4 8 12 29 -2 -9 28 14 15 16 -3 18 21 -19 -20 -11 -21 26 25 -25 -23 -27 -1 -8
right_child=1 13 6 4 5 -7 9 11 -10 17 -12 -13 -14 -15 -16 -17 -18 19 20 22 -22 23 -24 24 -26 27 -28 -29 -30 -31
leaf_value=1.4730306707814118 12.128961614493667 14.975219258390092 -28.414851797544038 65.315603372325072 23.343551540374758 -23.97065311613537 -0.88452130875935819 44.026337089538572 -29.56663954598563 30.844470863342288 49.365064308860092 5.2623328407605499 26.444895832355208 18.618090660021856 -20.097697422083687 22.847765629108139 -29.447898730364713 -12.861488500134698 1.8717469328216145 1.8170719557878923 -31.071056114435198 -25.652361948593803 25.115919135529321 -8.8751921624848347 -3.4438517478043149 35.508471516200473 0.76291441369319024 12.839145165940991 27.303291816061193 14.364353178393456
leaf_weight=2107 29 54 26 23 20 21 17677 20 21 20 22 24 26 65 34 39 33 29 28 49 40 23 81 33 137 35 4090 184 22 62
leaf_count=2107 29 54 26 23 20 21 17677 20 21 20 22 24 26 65 34 39 33 29 28 49 40 23 81 33 137 35 4090 184 22 62
internal_value=-1.46608e-08 9.75569 -0.10858 2.73362 22.9023 -0.890553 -0.396915 2.15218 1.733 -0.364522 28.1916 22.8823 2.03801 5.57688 0.27889 5.77733 -1.87493 1.37876 1.04516 11.0091 -17.5064 1.32413 16.334 1.19299 7.30208 13.1441 0.6152 16.4621 1.73995 -0.831225
internal_weight=25074 276 24798 2284 64 41 22514 2220 2176 22488 51 44 2155 225 160 126 87 4749 4590 159 68 4522 130 4502 389 252 4113 219 2129 17739
internal_count=25074 276 24798 2284 64 41 22514 2220 2176 22488 51 44 2155 225 160 126 87 4749 4590 159 68 4522 130 4502 389 252 4113 219 2129 17739
is_linear=0
shrinkage=0.05


Tree=38
num_leaves=31
num_cat=0
split_feature=106 61 114 23 5 0 110 79 117 5 66 113 73 99 33 110 129 105 84 123 134 127 8 141 134 106 121 61 30 126
split_gain=9.61926e+06 8.69934e+06 8.48259e+06 9.80791e+06 1.04918e+07 1.35412e+07 1.39275e+07 8.86723e+06 8.10677e+06 7.38828e+06 8.64156e+06 7.28277e+06 6.57186e+06 1.17924e+07 8.89918e+06 7.4079e+06 6.49334e+06 6.46187e+06 7.55576e+06 9.19759e+06 6.11151e+06 9.49525e+06 8.93146e+06 5.97767e+06 6.65639e+06 6.929e+06 6.75432e+06 6.38395e+06 6.36583e+06 5.91942e+06
threshold=2603.2500000000005 2784.5214843750005 -485.74999999999994 2645.5000000000005 2299.0893554687505 4617.2500000000009 1168.1457519531252 1299.7500000000002 2784.5214843750005 1438.1508789062502 3831.2500000000005 17.250000000000004 7265.0000000000009 6597.5000000000009 1890.4719848632815 1565.8640136718752 45.250000000000007 2433.7500000000005 3234.0000000000005 1570.5050048828127 1781.2500000000002 1350.2500000000002 661.75000000000011 884.50000000000011 1595.5000000000002 2969.2500000000005 1333.5000000000002 1373.502868652344 -974.24999999999989 2612.0000000000005
decision_type=2 2 2 2 2 2 2 2 2 2 2 2 2 2 2 2 2 2 2 2 2 2 2 2 2 2 2 2 2 2
left_child=2 8 3 7 5 6 16 11 12 10 -7 -1 13 17 15 -14 -5 18 19 -2 21 -13 -23 28 25 -25 27 -26 -19 -4
right_child=1 -3 29 4 -6 9 -8 -9 -10 -11 -12 20 14 -15 -16 -17 -18 23 -20 -21 -22 22 -24 24 26 -27 -28 -29 -30 -31
leaf_value=0.078313273719130883 22.147146409749986 30.025108614834878 -0.97741141342746851 1.8718799903625396 44.508377289772035 -4.7860568850954008 45.431068673815048 -11.353334602109747 -26.806701369512652 -29.429846357262655 28.4113537589709 3.1738078548059896 14.231808902599193 -31.152938461303712 -5.7345067660013838 53.82737386794318 28.137576740438291 -26.626637252807615 39.49691939302113 -1.8886584346214037 -22.835922379927204 49.173737343874848 3.0069640111923217 -8.297243409156799 0.91313269713829315 24.690748696449475 6.981519372665395 -35.806528539657592 -0.47153989542776076 -22.851306078510902
leaf_weight=7914 72 33 13523 82 20 107 35 153 21 23 24 2053 27 24 24 21 33 25 23 89 22 22 20 20 29 78 171 20 335 31
leaf_count=7914 72 33 13523 82 20 107 35 153 21 23 24 2053 27 24 24 21 33 25 23 89 22 22 20 20 29 78 171 20 335 31
internal_value=-1.56308e-08 4.77534 -0.200841 0.865367 9.42953 7.12171 17.8141 0.592902 3.92423 -3.293 1.29591 0.775114 4.59787 3.41733 19.1251 31.5549 9.40899 4.37984 12.6899 8.86027 3.37997 3.65527 27.1896 2.12462 7.11989 17.9585 2.29177 -14.0745 -2.28787 -1.02744
internal_weight=25074 1012 24062 10508 324 304 150 10184 979 154 131 10031 958 886 72 48 115 862 184 161 2117 2095 42 678 318 98 220 49 360 13554
internal_count=25074 1012 24062 10508 324 304 150 10184 979 154 131 10031 958 886 72 48 115 862 184 161 2117 2095 42 678 318 98 220 49 360 13554
is_linear=0
shrinkage=0.05


Tree=39
num_leaves=31
num_cat=0
split_feature=113 142 33 122 99 80 85 85 138 142 36 37 7 46 58 59 134 142 89 82 128 19 127 145 37 113 23 138 66 91
split_gain=9.11614e+06 7.64835e+06 7.27701e+06 6.89724e+06 6.28285e+06 6.09302e+06 5.53542e+06 9.40257e+06 1.1076e+07 9.28878e+06 9.52476e+06 8.85966e+06 1.22575e+07 7.17521e+06 5.84527e+06 5.74669e+06 7.20837e+06 5.48142e+06 6.65643e+06 1.0547e+07 8.19273e+06 6.90451e+06 5.20294e+06 5.04559e+06 4.90819e+06 7.70917e+06 7.23374e+06 8.84512e+06 9.09599e+06 7.14243e+06
threshold=3740.0000000000005 -1232.2499999999998 594.04864501953136 2981.0000000000005 6597.5000000000009 -5063.7499999999991 4529.5000000000009 3651.2500000000005 1168.1457519531252 -962.74999999999989 4586.2500000000009 5043.7500000000009 3405.5000000000005 14799.205078125002 3896.7500000000005 5470.0000000000009 1117.7500000000002 -209.74999999999997 1168.1457519531252 1438.1508789062502 1042.7500000000002 916.51937866210949 2737.2500000000005 1373.502868652344 -7241.2499999999991 154.75000000000003 -6473.7499999999991 1245.2596435546877 -4129.4999999999991 -4883.4999999999991
decision_type=2 2 2 2 2 2 2 2 2 2 2 2 2 2 2 2 2 2 2 2 2 2 2 2 2 2 2 2 2 2
left_child=2 4 5 6 -2 -1 7 13 -9 -10 -11 12 -8 24 -14 -13 -17 18 21 -20 -21 -3 -7 -5 25 -4 27 -26 -29 -28
right_child=1 17 3 23 -6 22 11 8 9 10 -12 15 14 -15 -16 16 -18 -19 19 20 -22 -23 -24 -25 26 -27 29 28 -30 -31
leaf_value=25.861469922746934 11.234083228275694 -1.0313262238646999 -2.4470102197032868 -1.7482297247106378 46.668320690501822 -1.1421019736923259 5.161264066038461 3.0945745721350626 -1.4515642833709717 17.565020196942182 60.789073028564452 25.363650026207878 -18.931283166885375 29.889835684640065 -53.47703278859457 -25.869511253356933 8.0407719711462668 17.318281634404112 -34.330286475464156 18.466242492826364 -14.366526794433595 34.214791552225755 24.383074169158938 -35.241444131602414 -3.0100742132767389 -37.723326528640023 -22.27850028486813 2.6286748962402342 41.669590179340261 0.66833912602277679
leaf_weight=21 29 33 59 22 22 11141 29 137 20 26 25 21 25 21 24 25 42 65 27 38 38 24 20 23 46 21 34 25 37 12954
leaf_count=21 29 33 59 22 22 11141 29 137 20 26 25 21 25 21 24 25 42 65 27 38 38 24 20 23 46 21 34 25 37 12954
internal_value=-1.03203e-08 9.03686 -0.10058 0.675619 26.5194 -1.04573 0.740421 0.852793 11.4007 27.428 38.7533 -8.33399 -20.6033 0.686546 -35.8517 2.54104 -4.61232 5.07414 0.0999543 -7.48668 2.04986 13.8091 -1.09636 -18.867 0.640002 -11.707 0.715426 13.6021 25.9273 0.608269
internal_weight=25074 276 24798 13616 51 11182 13571 13405 208 71 51 166 78 13197 49 88 67 225 160 103 76 57 11161 45 13176 80 13096 108 62 12988
internal_count=25074 276 24798 13616 51 11182 13571 13405 208 71 51 166 78 13197 49 88 67 225 160 103 76 57 11161 45 13176 80 13096 108 62 12988
is_linear=0
shrinkage=0.05


Tree=40
num_leaves=31
num_cat=0
split_feature=118 58 114 106 121 107 1 73 52 138 58 33 4 40 109 43 6 4 28 136 142 142 120 75 134 71 128 93 127 132
split_gain=8.5941e+06 1.31224e+07 8.38012e+06 1.22119e+07 7.07482e+06 8.81754e+06 1.33013e+07 1.28249e+07 7.05493e+06 6.44218e+06 1.26617e+07 1.23088e+07 1.03596e+07 8.49773e+06 9.36547e+06 6.74682e+06 7.82256e+06 7.31114e+06 6.41448e+06 6.00764e+06 7.24412e+06 5.98735e+06 5.93285e+06 6.18393e+06 5.8364e+06 5.76806e+06 6.37904e+06 7.61618e+06 7.44076e+06 6.358e+06
threshold=1794.0407714843752 -1054.7499999999998 -160.24999999999997 2362.7500000000005 -3471.9999999999995 -2373.7499999999995 8777.5000000000018 7265.0000000000009 8357.5000000000018 1565.8640136718752 5672.5000000000009 1515.713562011719 10609.912597656252 1748.4644165039065 8276.7099609375018 1890.2500000000002 281.75564575195318 -2102.5825195312495 4335.2500000000009 420.25000000000006 -522.24999999999989 -914.74999999999989 1112.7500000000002 1373.502868652344 1052.7500000000002 2538.2500000000005 -22.749999999999996 1383.2500000000002 1733.7500000000002 433.18421936035162
decision_type=2 2 2 2 2 2 2 2 2 2 2 2 2 2 2 2 2 2 2 2 2 2 2 2 2 2 2 2 2 2
left_child=2 -2 3 18 -3 6 -6 9 -9 11 12 15 21 14 -13 -7 -17 -18 25 -10 -21 -11 -19 24 -24 26 27 28 29 -1
right_child=1 4 -4 -5 5 7 -8 8 19 10 -12 13 -14 -15 -16 16 17 22 -20 20 -22 -23 23 -25 -26 -27 -28 -29 -30 -31
leaf_value=-0.22931373305473432 33.264086903163367 -23.517110663193925 -1.5725009321477632 35.340916454315185 51.213204889712131 13.362159727749072 -3.1679254705255686 45.834516646645284 -9.6596575546264649 5.8298860168457036 -35.836093949549131 59.234614216197627 13.919355175656788 -2.4915616500945319 13.098771938410673 -28.809245069460435 24.873583126068116 4.887356476539221 27.978967725662962 44.27648567926316 2.2299680709838867 -28.29060122701857 -4.5600477428287851 -20.584572297334674 2.5869280921987623 -9.1759256235972231 3.828784473809673 -22.550937131933267 28.580121994018555 3.6650600761962324
leaf_weight=11823 35 26 8226 25 23 114 22 22 20 20 33 22 59 21 22 22 32 585 21 21 20 36 514 40 643 158 1259 37 23 1150
leaf_count=11823 35 26 8226 25 23 114 22 22 20 20 33 22 59 21 22 22 32 585 21 21 20 36 514 40 643 158 1259 37 23 1150
internal_value=-3.20847e-08 2.87715 -0.29782 0.425519 2.41814 2.71247 24.6269 2.2734 21.5611 1.53328 -8.53522 2.2728 -0.701061 23.6771 36.1667 1.55933 0.826472 1.18589 0.3652 12.8068 23.766 -16.1047 0.760522 -1.25635 -0.588133 0.325069 0.430104 0.101788 0.166281 0.115906
internal_weight=25074 2352 22722 14496 2317 2291 45 2246 83 2163 148 2015 115 65 44 1950 1836 1814 14471 61 41 56 1782 1197 1157 14450 14292 13033 12996 12973
internal_count=25074 2352 22722 14496 2317 2291 45 2246 83 2163 148 2015 115 65 44 1950 1836 1814 14471 61 41 56 1782 1197 1157 14450 14292 13033 12996 12973
is_linear=0
shrinkage=0.05


Tree=41
num_leaves=31
num_cat=0
split_feature=33 13 12 40 142 141 19 80 145 62 81 134 144 104 93 92 38 31 109 95 127 99 29 8 3 65 2 86 107 134
split_gain=8.16019e+06 8.6289e+06 1.4256e+07 2.18059e+07 8.80738e+06 1.41614e+07 7.57304e+06 8.99541e+06 7.86244e+06 9.53574e+06 1.16666e+07 1.13362e+07 8.82795e+06 1.10051e+07 7.9683e+06 7.59558e+06 7.79728e+06 1.1032e+07 8.71886e+06 8.28124e+06 7.5777e+06 7.14413e+06 8.66276e+06 6.7392e+06 6.60371e+06 6.17152e+06 8.99563e+06 1.41655e+07 2.07198e+07 7.84598e+06
threshold=1180.005310058594 11634.190917968752 2299.0893554687505 1890.4719848632815 -2441.7499999999995 667.25000000000011 1286.4824218750002 -4290.2499999999991 1154.7329101562502 5757.7077636718759 8731.8046875000018 1094.5000000000002 7675.7700195312509 2722.4636230468755 385.25000000000006 -2391.4999999999995 2944.2500000000005 577.75000000000011 3641.4299316406255 -1738.6550292968748 1238.2500000000002 3975.5000000000005 5049.2500000000009 3409.7500000000005 4070.5000000000005 -1647.2499999999998 -1900.2499999999998 -2019.7499999999998 -771.74999999999989 475.25000000000006
decision_type=2 2 2 2 2 2 2 2 2 2 2 2 2 2 2 2 2 2 2 2 2 2 2 2 2 2 2 2 2 2
left_child=-1 4 3 -3 5 -2 7 -6 14 10 21 -11 -12 -14 -8 -9 17 20 19 -19 -17 22 25 -18 -15 26 -10 29 -29 -28
right_child=1 2 -4 -5 6 -7 8 15 9 11 12 -13 13 24 -16 16 23 18 -20 -21 -22 -23 -24 -25 -26 -27 27 28 -30 -31
leaf_value=-0.26972186348579069 2.7391623101915634 35.826603776613872 51.280013171831769 -24.458691711425782 -25.183374519348146 -48.454429661143912 -3.1026177621045652 36.461165014902754 1.3453661372848587 -34.723835563659669 44.66124799251557 0.15651000972950099 -2.3889389511310695 15.091008193750639 -27.724335128494673 7.7750459610040368 0.52555090622468437 -18.874643424705223 -19.630530096287842 14.069103095714864 30.903323090621612 -18.657645510028047 30.060100122860504 34.055931267839803 50.751352262496951 -2.0502478397213006 16.49244212574429 67.793134929515702 6.4051455352987565 -19.969294235229494
leaf_weight=23016 35 30 24 30 20 22 151 24 255 36 24 66 66 37 42 260 22 27 64 65 41 41 28 47 20 465 36 27 28 25
leaf_count=23016 35 30 24 30 20 22 151 24 255 36 24 66 66 37 42 260 22 27 64 65 41 41 28 47 20 465 36 27 28 25
internal_value=-1.02415e-08 3.01648 18.7114 5.68396 2.34861 -17.0198 2.92451 7.75555 0.880197 2.44241 3.85767 -12.1542 16.9224 11.51 -8.46071 8.95333 7.69822 5.33276 -5.45819 4.40083 10.9254 1.73555 2.70329 23.3651 27.6034 1.78703 6.59656 18.1401 36.5411 1.54911
internal_weight=25074 2058 84 60 1974 57 1917 570 1347 1154 1052 102 147 123 193 550 526 457 156 92 301 905 864 69 57 836 371 116 55 61
internal_count=25074 2058 84 60 1974 57 1917 570 1347 1154 1052 102 147 123 193 550 526 457 156 92 301 905 864 69 57 836 371 116 55 61
is_linear=0
shrinkage=0.05


Tree=42
num_leaves=31
num_cat=0
split_feature=5 86 26 31 120 1 141 136 145 12 99 77 19 5 5 89 145 54 58 23 141 78 85 99 82 122 113 141 131 128
split_gain=7.78296e+06 6.61445e+06 8.14588e+06 6.40394e+06 6.40309e+06 6.19195e+06 6.42629e+06 5.13028e+06 6.4644e+06 9.52266e+06 7.49719e+06 5.52025e+06 5.27869e+06 1.01269e+07 7.47497e+06 8.75342e+06 8.3713e+06 6.96666e+06 6.20753e+06 5.02293e+06 4.8968e+06 6.1443e+06 6.90123e+06 6.27341e+06 7.87771e+06 6.19426e+06 6.02369e+06 6.51832e+06 1.00955e+07 6.50409e+06
threshold=750.93786621093761 2162.2500000000005 766.55093383789074 -682.24999999999989 1016.7500000000001 2303.7500000000005 444.25000000000006 -1059.7499999999998 2299.0893554687505 2299.0893554687505 6597.5000000000009 7301.2500000000009 1473.834655761719 1315.5429687500002 1077.258728027344 1168.1457519531252 1067.1999511718752 1748.4644165039065 1672.2500000000002 4524.5000000000009 90.750000000000014 2453.2500000000005 1796.2500000000002 3975.5000000000005 1114.236511230469 2981.0000000000005 2502.2500000000005 1346.2500000000002 2784.5214843750005 -207.24999999999997
decision_type=2 2 2 2 2 2 2 2 2 2 2 2 2 2 2 2 2 2 2 2 2 2 2 2 2 2 2 2 2 2
left_child=-1 20 -3 -4 5 -5 -7 -6 10 -10 12 -12 13 14 18 16 -16 19 -9 -14 -2 25 -23 24 -24 26 27 28 -22 -28
right_child=1 2 3 4 7 6 -8 8 9 -11 11 -13 17 -15 15 -17 -18 -19 -20 -21 21 22 23 -25 -26 -27 29 -29 -30 -31
leaf_value=-0.59459032321416749 -2.6667556732358961 34.056654235839851 -22.189965023313249 41.913658950442361 -19.320671031786048 -5.5985613584518434 24.633789776533078 -19.951102226011216 3.4959223716489731 46.50845421877775 -36.239201049804691 0.055876934528350831 44.157894378662114 -18.908166814222934 6.4010370254516609 -3.3144866174267187 45.458191497185652 -3.7030079994201657 4.2933052645640428 10.540048933029176 1.8459102465649693 -20.692433784846909 -6.9338645437617359 -28.601134200323198 6.0054120608589106 -24.071228649305262 -11.313935516357423 -7.5887970811646923 36.580948797861737 16.680528103718995
leaf_weight=17226 865 25 21 21 23 32 39 31 31 22 20 22 25 48 23 31 34 25 178 20 5391 54 243 21 228 23 25 184 21 122
leaf_count=17226 865 25 21 21 23 32 39 31 31 22 20 22 25 48 23 31 34 25 178 20 5391 54 243 21 228 23 25 184 21 122
internal_value=3.11932e-10 1.3051 6.05241 4.96865 5.88118 18.0625 11.0079 3.77859 4.82032 21.3502 2.90329 -17.2275 4.94062 2.40054 5.84437 18.0688 29.6983 17.4596 0.697245 29.2166 0.861258 1.34474 -3.72474 -1.86244 -0.670266 1.82478 1.92849 1.66604 1.98069 11.9196
internal_weight=25074 7848 671 646 625 92 71 533 510 53 457 42 415 345 297 88 57 70 209 45 7177 6312 546 492 471 5766 5743 5596 5412 147
internal_count=25074 7848 671 646 625 92 71 533 510 53 457 42 415 345 297 88 57 70 209 45 7177 6312 546 492 471 5766 5743 5596 5412 147
is_linear=0
shrinkage=0.05


Tree=43
num_leaves=31
num_cat=0
split_feature=90 107 50 73 114 99 108 100 145 6 107 52 128 113 135 27 142 145 88 65 32 55 50 87 71 66 134 127 2 26
split_gain=7.15932e+06 1.13091e+07 1.86973e+07 7.40868e+06 6.9489e+06 9.85461e+06 6.63304e+06 6.33663e+06 1.10411e+07 9.95737e+06 6.24156e+06 5.95284e+06 5.89043e+06 5.81449e+06 5.65079e+06 5.62025e+06 1.22647e+07 6.68409e+06 8.94029e+06 6.40191e+06 1.14649e+07 7.9381e+06 5.40025e+06 1.01041e+07 5.1712e+06 7.05573e+06 6.17082e+06 9.76935e+06 5.71746e+06 6.83067e+06
threshold=2329.8662109375005 -2306.4999999999995 2958.0000000000005 7265.0000000000009 -478.24999999999994 2448.2500000000005 -2425.9999999999995 -2617.2499999999995 1890.4719848632815 1543.8215332031252 -1694.7499999999998 8357.5000000000018 319.75000000000006 17.250000000000004 1669.5000000000002 1939.242858886719 -421.74999999999994 1565.8640136718752 7018.8925781250009 5522.5000000000009 12383.914550781252 5905.4628906250009 2097.7500000000005 2363.0000000000005 2441.7500000000005 2356.7500000000005 1781.2500000000002 1581.0000000000002 990.75000000000011 718.53363037109386
decision_type=2 2 2 2 2 2 2 2 2 2 2 2 2 2 2 2 2 2 2 2 2 2 2 2 2 2 2 2 2 2
left_child=4 2 -2 10 5 13 -4 -6 14 -10 -3 -5 -13 -1 -9 16 -12 22 -19 20 21 -20 23 -17 26 -26 27 28 -15 -30
right_child=1 3 6 11 7 -7 -8 8 9 -11 15 12 -14 24 -16 17 -18 18 19 -21 -22 -23 -24 -25 25 -27 -28 -29 29 -31
leaf_value=0.0052949685794754222 61.712138548351476 -21.611818401155801 -16.59528896331787 37.448580368359885 22.726597104753768 30.33665165219988 18.527122674337246 -1.0437078045791099 -52.181105566024783 -3.942181139406951 46.541077492453837 -10.728882994651796 20.209672079086303 2.078791706152344 24.31872268373316 5.4568477040806487 -0.14839271368124549 -35.450363863431491 2.285397072558133 -25.944399765014648 29.540142280714857 -34.038855525425504 1.4322659287124233 44.142724609375001 -30.545244167469168 3.9197079947500519 -24.354431257247924 37.483805440721056 2.4898568803137477 16.628252545350829
leaf_weight=8020 21 29 20 24 28 28 41 12643 20 23 22 25 40 1788 22 86 39 26 53 25 28 21 1537 21 27 33 20 21 182 161
leaf_count=8020 21 29 20 24 28 28 41 12643 20 23 22 25 40 1788 22 86 39 26 53 25 28 21 1537 21 27 33 20 21 182 161
internal_value=-1.12971e-08 2.82544 21.0203 2.07039 -0.25264 0.714375 7.01158 -1.03318 -1.08553 -26.3789 1.40549 16.1678 8.31023 0.633471 -0.999651 1.76475 16.6904 1.25809 -8.73781 -3.2691 2.28857 -8.02284 2.18837 13.0494 2.89063 -11.5895 3.29063 3.54756 3.21313 9.12625
internal_weight=25074 2058 82 1976 23016 10280 61 12736 12708 43 1887 89 65 10252 12665 1858 61 1797 153 127 102 74 1644 107 2232 60 2172 2152 2131 343
internal_count=25074 2058 82 1976 23016 10280 61 12736 12708 43 1887 89 65 10252 12665 1858 61 1797 153 127 102 74 1644 107 2232 60 2172 2152 2131 343
is_linear=0
shrinkage=0.05


Tree=44
num_leaves=31
num_cat=0
split_feature=26 19 23 131 127 30 15 56 141 20 132 108 135 131 72 79 68 142 87 86 15 20 44 2 8 1 6 145 121 17
split_gain=6.90295e+06 1.11402e+07 1.49915e+07 9.18909e+06 1.16201e+07 8.21025e+06 1.04969e+07 8.73003e+06 7.96722e+06 7.04676e+06 6.65931e+06 6.16783e+06 8.72951e+06 6.52862e+06 5.84101e+06 7.35477e+06 5.78812e+06 9.97357e+06 7.98484e+06 9.56722e+06 7.62121e+06 9.3187e+06 7.59327e+06 5.73266e+06 7.45983e+06 8.53747e+06 8.95415e+06 5.55387e+06 5.532e+06 8.71728e+06
threshold=1209.4280395507815 1286.4824218750002 4939.0000000000009 2784.5214843750005 1677.7500000000002 -574.24999999999989 -4185.2499999999991 644.25000000000011 703.50000000000011 -3604.4084472656245 395.05204772949224 4863.7500000000009 1669.5000000000002 1286.4824218750002 168.25000000000003 2113.0000000000005 2299.0893554687505 -962.74999999999989 -1001.2499999999999 557.75000000000011 -4575.4999999999991 -4312.6796874999991 -6004.9999999999991 3221.0000000000005 861.75000000000011 -625.74999999999989 -1367.290832519531 1890.4719848632815 -4282.9999999999991 -4317.4999999999991
decision_type=2 2 2 2 2 2 2 2 2 2 2 2 2 2 2 2 2 2 2 2 2 2 2 2 2 2 2 2 2 2
left_child=27 2 5 11 8 6 -2 -7 -5 -8 -11 12 13 23 -9 -16 20 -18 -19 -20 22 -22 -15 24 25 26 -3 -1 -23 -30
right_child=1 3 -4 4 -6 7 9 14 -10 10 -12 -13 -14 16 15 -17 17 18 19 -21 21 28 -24 -25 -26 -27 -28 -29 29 -31
leaf_value=-0.20491323259938748 -12.422801297505698 -7.5240374170629112 52.588672628402712 25.097633724212649 37.941238983901769 -16.371439661979675 42.578280340773716 27.26476318589572 -15.923493028509206 10.940696524059963 41.997790184021 -19.655278259668595 33.301574566364287 6.2469211578369146 -7.3035491125924255 26.864030524662567 -30.952836294735182 -22.71437884739467 39.039215896243142 -8.1427613821896649 -18.416825691223146 -20.187318667121559 42.761875311533615 -29.985092388499869 4.6213669087714377 -20.883622411886851 24.940613042391263 -20.137405035836355 32.58519309714989 3.5897507954934165
leaf_weight=23177 30 116 20 20 37 55 28 29 29 126 20 39 20 35 63 21 34 21 21 22 50 23 24 22 159 96 26 35 27 649
leaf_count=23177 30 116 20 20 37 55 28 29 29 126 20 39 20 35 63 21 34 21 21 22 50 23 24 22 159 96 26 35 27 649
internal_value=7.08206e-09 2.92915 10.4185 0.932006 16.7907 8.15124 14.8921 -0.0341072 0.819824 19.6016 15.1951 -0.0534311 0.51495 0.0200571 7.91769 1.23835 2.40685 -9.06853 2.55751 14.8996 3.79867 2.43578 21.1005 -5.14089 -3.76414 -9.36622 -1.57981 -0.234968 3.92738 4.74785
internal_weight=25074 1862 392 1470 86 372 204 168 49 174 146 1384 1345 1325 113 84 906 98 64 43 808 749 59 419 397 238 142 23212 699 676
internal_count=25074 1862 392 1470 86 372 204 168 49 174 146 1384 1345 1325 113 84 906 98 64 43 808 749 59 419 397 238 142 23212 699 676
is_linear=0
shrinkage=0.05


Tree=45
num_leaves=31
num_cat=0
split_feature=113 142 107 23 64 93 142 120 48 37 137 141 91 50 65 86 64 73 129 107 144 107 142 128 135 135 134 75 106 114
split_gain=6.69573e+06 6.58723e+06 6.0045e+06 7.25419e+06 2.14576e+07 7.58194e+06 6.95186e+06 6.58382e+06 1.01459e+07 9.96216e+06 1.24154e+07 5.80378e+06 5.72047e+06 1.39815e+07 9.546e+06 5.5292e+06 6.59667e+06 5.41634e+06 5.15916e+06 5.96503e+06 5.97224e+06 6.04955e+06 5.02103e+06 5.88199e+06 5.3133e+06 7.3422e+06 4.95309e+06 4.73685e+06 5.80276e+06 7.40587e+06
threshold=3740.0000000000005 -1232.2499999999998 -1760.2499999999998 3873.7500000000005 3457.5000000000005 -638.24999999999989 -2441.7499999999995 -441.74999999999994 -3924.9631347656245 -6111.4999999999991 -3754.2175292968745 170.25000000000003 -1659.7499999999998 1212.7500000000002 -3249.2499999999995 439.75000000000006 1931.0000000000002 408.25000000000006 -1926.7499999999998 -4898.7499999999991 -1525.7325439453123 -3394.9999999999995 -209.74999999999997 2370.2500000000005 -300.74999999999994 -1035.7499999999998 2353.5000000000005 536.92144775390636 -374.24999999999994 -485.74999999999994
decision_type=2 2 2 2 2 2 2 2 2 2 2 2 2 2 2 2 2 2 2 2 2 2 2 2 2 2 2 2 2 2
left_child=2 26 3 7 -5 -6 -4 12 9 -9 -11 -8 13 18 -14 16 17 -16 19 -1 -21 -22 23 24 25 -3 -2 -13 -29 -30
right_child=1 22 6 4 5 -7 11 8 -10 10 -12 27 14 -15 15 -17 -18 -19 -20 20 21 -23 -24 -25 -26 -27 -28 28 29 -31
leaf_value=-11.452658491274891 7.4421695947647102 13.521966247558595 -26.173443310077374 57.606909362129549 19.300805110931396 -23.714927546183269 -1.3516334092061308 -3.1180925015040808 3.1857439763594577 16.102444012959801 58.97212827205658 -1.1701764732362194 36.594584668766366 -40.031305631001793 4.2252303542257046 -22.844398307800294 27.067056912389297 -16.414941460745677 -3.0160931377752029 3.5595123355453078 43.806965001424153 7.0599005335853207 15.785913311884954 -19.148630237579347 12.072256072759629 -26.773891639709475 38.660224971064821 -2.2607715609972567 3.8395641657452595 0.50523532768332413
leaf_weight=34 24 20 26 23 20 21 8327 35 687 57 24 3905 22 24 346 20 29 35 788 74 24 21 65 34 80 26 27 1289 2210 6757
leaf_count=34 24 20 26 23 20 21 8327 35 687 57 24 3905 22 24 346 20 29 35 788 74 24 21 65 34 80 26 27 1289 2210 6757
internal_value=-1.07436e-10 7.74481 -0.0861992 2.35655 18.9525 -2.73164 -0.334011 1.87811 5.4952 19.1727 28.8046 -0.304136 -0.171665 -2.3459 4.47023 2.82666 4.07891 2.32915 -1.38474 7.01725 12.2944 26.6583 4.06724 -0.693467 4.2865 -9.25395 23.9694 0.311817 0.87609 1.32701
internal_weight=25074 276 24798 2284 64 41 22514 2220 803 116 81 22488 1417 965 452 430 410 381 941 153 119 45 225 160 126 46 51 14161 10256 8967
internal_count=25074 276 24798 2284 64 41 22514 2220 803 116 81 22488 1417 965 452 430 410 381 941 153 119 45 225 160 126 46 51 14161 10256 8967
is_linear=0
shrinkage=0.05


Tree=46
num_leaves=31
num_cat=0
split_feature=118 73 114 106 59 121 107 1 73 138 33 58 4 40 109 114 52 43 31 40 25 107 141 135 73 36 33 0 26 5
split_gain=6.06455e+06 1.11184e+07 6.71534e+06 1.00355e+07 6.4113e+06 9.96233e+06 6.42428e+06 1.26038e+07 9.5018e+06 8.60638e+06 8.99692e+06 8.26192e+06 7.51499e+06 6.96232e+06 7.99895e+06 6.46456e+06 5.79089e+06 5.16085e+06 7.19201e+06 6.33905e+06 5.99216e+06 8.66163e+06 5.91583e+06 5.18804e+06 6.09285e+06 5.79563e+06 7.27332e+06 7.29204e+06 6.26729e+06 8.88965e+06
threshold=1794.0407714843752 -479.24999999999994 -160.24999999999997 2362.7500000000005 -236.74999999999997 -3471.9999999999995 -2373.7499999999995 8777.5000000000018 7265.0000000000009 1565.8640136718752 1473.834655761719 5672.5000000000009 10609.912597656252 1748.4644165039065 8276.7099609375018 -1.0000000180025095e-35 8357.5000000000018 1890.2500000000002 2005.5000000000002 1264.2258911132815 887.39251708984386 667.25000000000011 492.75000000000006 -560.74999999999989 3971.5000000000005 3835.7500000000005 1154.7329101562502 3016.7500000000005 924.58404541015636 954.06277465820324
decision_type=2 2 2 2 2 2 2 2 2 2 2 2 2 2 2 2 2 2 2 2 2 2 2 2 2 2 2 2 2 2
left_child=2 -2 3 -1 -3 -6 7 -7 9 10 17 12 -11 14 -12 -14 -10 -8 -19 20 21 -20 -22 24 -24 -25 27 -27 -29 -30
right_child=1 4 -4 -5 5 6 8 -9 16 11 13 -13 15 -15 -16 -17 -18 18 19 -21 22 -23 23 25 -26 26 -28 28 29 -31
leaf_value=0.34265559880216689 34.932384725717398 27.237572532653811 -1.3912452619836195 32.048810562133788 -29.611385826110844 46.510313665348548 11.797302682399751 -7.7617727661132818 40.347667173905812 -17.418540503761985 43.364321153814146 -32.614781027129204 -13.778296511513847 -7.3082294321060175 7.0301401376724248 20.954749896075274 10.424639404797164 -9.0837203473545785 27.136216287259703 -12.342580676233615 -2.5861190603927868 4.5929335097275157 6.2130897175181996 7.4548792134478408 37.531724590063099 -33.703213413357737 22.117245456150599 -7.5677706565270881 38.135023727416993 -0.35664483323693275
leaf_weight=14471 26 25 8226 25 25 23 110 20 22 55 33 33 21 20 28 37 61 172 54 77 615 202 44 318 24 20 28 179 20 60
leaf_count=14471 26 25 8226 25 25 23 110 20 22 55 33 33 21 20 28 37 61 172 54 77 615 202 44 318 24 20 28 179 20 60
internal_value=1.99837e-09 2.41692 -0.25018 0.397336 2.05346 1.77984 2.12465 21.2675 1.75602 1.11518 1.96905 -10.605 -4.17733 18.2926 26.6863 8.37899 18.356 1.28147 0.643444 1.66299 2.35252 9.34816 0.983345 4.15105 17.2667 2.72407 -2.17626 -4.61431 -2.36807 9.26627
internal_weight=25074 2352 22722 14496 2326 2301 2276 43 2233 2150 2004 146 113 81 61 58 83 1923 1813 1641 1564 256 1308 693 68 625 307 279 259 80
internal_count=25074 2352 22722 14496 2326 2301 2276 43 2233 2150 2004 146 113 81 61 58 83 1923 1813 1641 1564 256 1308 693 68 625 307 279 259 80
is_linear=0
shrinkage=0.05


Tree=47
num_leaves=31
num_cat=0
split_feature=141 108 85 33 110 19 99 1 8 122 103 75 122 141 1 142 92 134 44 72 108 107 29 70 24 17 89 34 106 93
split_gain=5.80374e+06 5.97341e+06 6.83257e+06 5.90968e+06 7.62312e+06 6.66597e+06 1.53003e+07 1.10271e+07 9.72522e+06 1.17629e+07 8.49354e+06 5.9748e+06 5.79249e+06 5.72766e+06 5.31982e+06 5.30531e+06 4.96032e+06 1.39447e+07 5.85589e+06 8.78482e+06 6.2956e+06 1.62032e+07 9.8361e+06 9.65516e+06 1.1875e+07 1.34782e+07 8.22454e+06 8.29759e+06 6.15831e+06 8.41468e+06
threshold=200.25000000000003 -937.24999999999989 1667.7500000000002 1154.7329101562502 1473.834655761719 1286.4824218750002 3975.5000000000005 -172.74999999999997 547.25000000000011 71.750000000000014 1226.166442871094 1168.1457519531252 -1033.7499999999998 977.75000000000011 3147.2500000000005 -279.24999999999994 -3334.9999999999995 -427.74999999999994 -7072.2499999999991 -5297.2499999999991 -463.24999999999994 -350.74999999999994 981.25000000000011 2815.7500000000005 2587.0000000000005 1547.7500000000002 1890.4719848632815 1747.6444091796877 192.25000000000003 -1704.7499999999998
decision_type=2 2 2 2 2 2 2 2 2 2 2 2 2 2 2 2 2 2 2 2 2 2 2 2 2 2 2 2 2 2
left_child=1 2 12 4 -2 6 7 10 9 -9 13 -7 14 -5 -1 -10 17 -13 -18 -20 23 22 28 24 25 -21 27 -24 -22 -30
right_child=3 -3 -4 5 -6 11 -8 8 15 -11 -12 16 -14 -15 -16 -17 18 -19 19 20 21 -23 26 -25 -26 -27 -28 -29 29 -31
leaf_value=-2.7934886388248152 0.32366556078268904 -1.4382480682670811 30.70869951248169 17.686401114463806 -29.134433711658826 -13.77667173885164 42.488115568161014 4.1442191576957708 8.4358229196645365 -50.084336711764337 1.3394082442308086 -15.659508389518374 3.5729887974458236 45.991703971227011 21.625491731063178 -5.324575168320111 -22.150989686525786 35.878132987022404 29.008160331331453 -1.6148372644990809 -12.611067164713338 -0.92314551353454599 42.475842285156254 -33.876660449688252 26.181588259610265 -37.186668659845985 55.239551717584789 4.7269330076269203 40.861481730143232 4.2411385647712221
leaf_weight=737 12573 8751 20 120 22 63 30 20 187 20 78 21 1148 21 23 112 26 35 29 237 31 515 24 26 33 30 22 37 21 62
leaf_count=737 12573 8751 20 120 22 63 30 20 187 20 78 21 1148 21 23 112 26 35 29 237 31 515 24 26 33 30 22 37 21 62
internal_value=9.98258e-09 -0.883187 1.63618 0.655197 0.27221 3.33504 7.7035 5.83335 0.183906 -22.9701 14.5784 1.21569 1.33143 21.9021 -2.05449 3.28143 2.03772 16.5515 1.29411 1.8654 1.10708 3.74195 15.9375 -4.6476 -2.11441 -5.61167 29.0312 19.579 6.40437 13.5065
internal_weight=25074 10679 1928 14395 12595 1800 588 558 339 40 219 1212 1908 141 760 299 1149 56 1093 1067 1038 712 197 326 300 267 83 61 114 83
internal_count=25074 10679 1928 14395 12595 1800 588 558 339 40 219 1212 1908 141 760 299 1149 56 1093 1067 1038 712 197 326 300 267 83 61 114 83
is_linear=0
shrinkage=0.05


Tree=48
num_leaves=31
num_cat=0
split_feature=124 2 61 30 110 141 87 84 136 133 8 73 99 13 130 64 72 12 63 44 107 92 44 72 120 54 138 129 135 114
split_gain=5.49175e+06 5.20515e+06 9.19017e+06 1.53644e+07 1.02611e+07 5.6186e+06 6.96171e+06 1.66638e+07 6.43285e+06 5.5699e+06 5.38183e+06 5.22236e+06 6.61378e+06 5.41788e+06 6.99483e+06 6.75901e+06 6.77467e+06 9.77839e+06 8.27963e+06 6.02327e+06 7.0721e+06 6.64209e+06 7.67329e+06 5.7621e+06 5.79071e+06 5.19212e+06 7.70235e+06 5.30607e+06 5.1596e+06 6.09751e+06
threshold=467.31889343261724 990.75000000000011 2784.5214843750005 2816.5000000000005 2784.5214843750005 1411.2500000000002 745.25000000000011 308.75000000000006 808.25000000000011 2404.0000000000005 335.25000000000006 7265.0000000000009 6597.5000000000009 1207.4935302734377 2391.904907226563 -1612.2499999999998 -1103.7499999999998 1515.713562011719 -1129.2499999999998 -41.749999999999993 -2164.2499999999995 228.75000000000003 3060.5000000000005 -2330.4999999999995 340.25000000000006 1438.1508789062502 978.78335571289074 579.75000000000011 -495.74999999999994 899.25000000000011
decision_type=2 2 2 2 2 2 2 2 2 2 2 2 2 2 2 2 2 2 2 2 2 2 2 2 2 2 2 2 2 2
left_child=-1 5 4 -4 11 8 7 10 -2 -8 -7 12 13 14 28 -15 17 23 -18 -20 21 -21 -23 24 -17 26 -10 -28 -3 -30
right_child=1 2 3 -5 -6 6 9 -9 25 -11 -12 -13 -14 15 -16 16 18 -19 19 20 -22 22 -24 -25 -26 -27 27 -29 29 -31
leaf_value=-1.7344619522028482 -0.16323954383245817 -2.5730994234402336 -6.7383564949035648 53.813383405858815 -31.826575121672256 1.3565702922203962 -4.0565733375027779 -49.239000789872534 4.4970755290106998 24.948363356590274 -26.622759072676953 14.56836877581361 -25.302610546609632 -20.978886228288925 28.82144392248123 5.2411563597619537 28.715949682089004 40.136990422787875 -6.1503459771828997 0.93131298907967508 0.63849360453282367 48.604785222592568 7.3008139957081184 10.37416552298331 -28.082028180902654 -13.5683062349047 2.8151092710949128 33.046087374585738 9.7779356463384026 -4.462238887081976
leaf_weight=3861 15425 186 20 22 23 68 96 29 224 20 23 77 23 35 31 32 26 23 322 43 3626 23 22 173 22 28 21 47 411 92
leaf_count=3861 15425 186 20 22 23 68 96 29 224 20 23 77 23 35 31 32 26 23 322 43 3626 23 22 173 22 28 21 47 411 92
internal_value=-2.84814e-08 0.315691 1.68453 24.9792 1.49602 -0.132453 -7.79013 -16.2334 -0.0176725 0.944278 -5.71513 1.64435 1.44884 1.57027 5.5876 0.904874 1.0825 9.07118 0.590831 0.409648 0.978393 14.9838 28.4117 5.92354 -8.33496 6.99911 8.97133 23.7101 4.54225 7.17337
internal_weight=25074 21213 5232 42 5190 15981 236 120 15745 116 91 5167 5090 5067 720 4347 4312 250 4062 4036 3714 88 45 227 54 320 292 68 689 503
internal_count=25074 21213 5232 42 5190 15981 236 120 15745 116 91 5167 5090 5067 720 4347 4312 250 4062 4036 3714 88 45 227 54 320 292 68 689 503
is_linear=0
shrinkage=0.05


Tree=49
num_leaves=31
num_cat=0
split_feature=113 142 114 142 120 7 100 96 120 99 73 79 17 1 39 87 10 78 107 62 80 106 41 141 87 9 52 124 92 36
split_gain=5.32143e+06 5.68622e+06 4.96106e+06 8.98878e+06 7.742e+06 7.65753e+06 6.23141e+06 6.1828e+06 6.58157e+06 5.76372e+06 5.75237e+06 7.71131e+06 7.41969e+06 6.10826e+06 6.64406e+06 5.72481e+06 5.6317e+06 5.28891e+06 7.76521e+06 1.00372e+07 1.00131e+07 7.85231e+06 5.99734e+06 5.42582e+06 5.22289e+06 5.92016e+06 5.88647e+06 7.09509e+06 8.60064e+06 8.18795e+06
threshold=3740.0000000000005 -1232.2499999999998 -1718.7499999999998 -2441.7499999999995 -459.74999999999994 -3823.9999999999995 -299.24999999999994 1890.4719848632815 970.25000000000011 -237.74999999999997 408.25000000000006 582.25000000000011 3431.0000000000005 3558.2500000000005 8033.7148437500009 -4058.9999999999995 -4240.7499999999991 -1724.7499999999998 -2101.2499999999995 -2518.080688476562 265.75000000000006 -450.74999999999994 560.20855712890636 2707.5000000000005 4307.5000000000009 3680.2500000000005 3096.0000000000005 1168.1457519531252 1688.2500000000002 3311.2500000000005
decision_type=2 2 2 2 2 2 2 2 2 2 2 2 2 2 2 2 2 2 2 2 2 2 2 2 2 2 2 2 2 2
left_child=2 -2 4 -4 6 16 10 8 -7 -9 12 -12 13 14 -1 -5 -6 22 19 -19 21 -21 -17 24 26 -26 -20 29 -29 -28
right_child=1 -3 3 15 5 7 -8 9 -10 -11 11 -13 -14 -15 -16 17 -18 18 23 20 -22 -23 -24 -25 25 -27 27 28 -30 -31
leaf_value=0.10368588297955089 21.978579280890671 3.4875918289323651 -32.982780184064595 26.483547062873839 11.227878006717615 4.5137946967758351 22.111615717411041 5.5662801980972292 -17.801754485236273 36.934536997477217 -23.501728962235532 2.775475300482984 30.96949687957764 -27.137772407531738 22.849383227030437 -3.5208949218604193 37.438210666179657 44.855184831619262 -0.33432159841888287 8.2744321976389212 36.8130440961747 -25.908880360921223 -27.103275755473547 24.06456379786782 -34.01540100263513 -4.8768108742104639 14.87200454774656 -6.3898152797704659 19.710890361643212 -1.2607032805355165
leaf_weight=1184 51 225 21 20 57 402 32 32 36 27 59 53 20 20 33 726 32 20 21056 56 21 24 28 23 23 72 95 42 127 457
leaf_count=1184 51 225 21 20 57 402 32 32 36 27 59 53 20 20 33 726 32 20 21056 56 21 24 28 23 23 72 95 42 127 457
internal_value=-6.26113e-09 6.9044 -0.0768455 -0.285571 2.31935 7.14513 0.300855 4.72643 2.67964 19.9212 -0.208965 -11.067 0.758495 0.270039 0.720455 -0.255442 20.6518 -0.278928 -0.137906 12.4937 6.08544 -1.98056 -4.39663 -0.207713 -0.233237 -11.9314 -0.182204 4.26021 13.2243 1.51576
internal_weight=25074 276 24798 22811 1987 586 1401 497 438 59 1369 112 1257 1237 1217 22790 89 22770 22016 121 101 80 754 21895 21872 95 21777 721 169 552
internal_count=25074 276 24798 22811 1987 586 1401 497 438 59 1369 112 1257 1237 1217 22790 89 22770 22016 121 101 80 754 21895 21872 95 21777 721 169 552
is_linear=0
shrinkage=0.05


Tree=50
num_leaves=31
num_cat=0
split_feature=75 113 89 12 12 117 94 138 136 75 85 128 29 141 26 127 122 85 122 111 5 84 142 128 141 66 82 59 136 99
split_gain=5.06385e+06 4.59605e+06 5.14098e+06 1.05111e+07 1.31198e+07 9.60536e+06 8.55041e+06 8.11145e+06 6.12065e+06 6.95308e+06 4.20717e+06 8.57822e+06 7.11703e+06 1.13871e+07 8.53804e+06 4.83043e+06 4.80459e+06 4.77408e+06 1.53929e+07 7.18237e+06 6.82329e+06 8.68596e+06 5.39983e+06 4.68576e+06 5.43032e+06 4.4602e+06 4.36763e+06 4.85438e+06 4.35881e+06 4.1657e+06
threshold=363.62052917480474 3740.0000000000005 1126.3332519531252 1473.834655761719 1890.4719848632815 2299.0893554687505 4571.5000000000009 1180.005310058594 700.25000000000011 1315.5429687500002 4529.5000000000009 -639.24999999999989 6224.0000000000009 1051.0000000000002 1373.502868652344 1265.5000000000002 2981.0000000000005 3651.2500000000005 158.75000000000003 3635.7224121093755 1077.258728027344 3465.5000000000005 -237.24999999999997 -60.249999999999993 1667.0000000000002 3347.2500000000005 786.11251831054699 3761.2500000000005 -302.24999999999994 2608.5000000000005
decision_type=2 2 2 2 2 2 2 2 2 2 2 2 2 2 2 2 2 2 2 2 2 2 2 2 2 2 2 2 2 2
left_child=-1 10 7 8 -5 -6 -7 -3 -4 -10 12 15 16 14 28 -12 17 19 -19 29 26 -22 25 -13 -25 -21 -20 -28 -14 -2
right_child=1 2 3 4 5 6 -8 -9 9 -11 11 23 13 -15 -16 -17 -18 18 20 22 21 -23 -24 24 -26 -27 27 -29 -30 -31
leaf_value=-3.5046567308767274 -0.028427308038826496 7.7350661237423246 -25.897784924507143 40.599617188771568 -22.332751542550547 -4.1039261779785159 39.757694816589357 42.859628829089075 -18.382357017199197 19.295048400878908 -2.1456242257898506 -31.309522162581032 29.517216926574708 34.740596349615799 -17.776027617735021 27.000700709933326 -17.941358071404533 45.345906448364261 3.8593377193934479 -38.42996231361672 -3.3364469316270617 36.07223698188519 6.1649295759201053 -2.1732109698786668 -30.803711689602245 -8.8058902541796371 -0.74572679079495952 -32.280093263543172 3.1480255053156903 4.5063705312613127
leaf_weight=990 22656 65 38 30 27 25 20 22 24 25 44 33 25 38 34 21 37 24 71 27 27 29 20 67 22 24 26 23 42 518
leaf_count=990 22656 65 38 30 27 25 20 22 24 25 44 33 25 38 34 21 37 24 71 27 27 29 20 67 22 24 26 23 42 518
internal_value=-1.88911e-08 0.144063 6.55918 1.92933 12.8192 1.24405 15.3901 16.6171 -10.8381 0.840809 0.069694 -7.4005 0.128833 11.4094 2.63131 7.27088 0.0620587 0.090471 7.78247 0.0242891 2.66019 17.0716 -15.8543 -15.2172 -9.25041 -24.4892 -4.06515 -15.5476 12.9873 0.0729374
internal_weight=25074 24084 276 189 102 72 45 87 87 49 23808 187 23621 139 101 65 23482 23445 200 23245 176 56 71 122 89 51 120 49 67 23174
internal_count=25074 24084 276 189 102 72 45 87 87 49 23808 187 23621 139 101 65 23482 23445 200 23245 176 56 71 122 89 51 120 49 67 23174
is_linear=0
shrinkage=0.05


Tree=51
num_leaves=31
num_cat=0
split_feature=141 108 85 37 36 107 93 100 106 34 33 110 19 99 1 8 122 103 75 9 3 10 142 86 31 86 19 92 134 44
split_gain=4.89431e+06 5.15123e+06 5.66926e+06 5.29088e+06 7.50296e+06 4.78369e+06 8.32785e+06 5.16864e+06 4.63155e+06 4.61359e+06 4.57799e+06 6.51842e+06 6.23608e+06 1.33033e+07 9.89944e+06 8.51243e+06 1.03913e+07 7.58653e+06 5.26604e+06 5.1311e+06 7.04513e+06 5.83566e+06 4.72005e+06 4.50071e+06 7.41985e+06 6.33424e+06 5.5626e+06 4.45306e+06 1.23619e+07 5.15379e+06
threshold=200.25000000000003 -937.24999999999989 1667.7500000000002 -3950.4999999999995 -4808.7499999999991 -4151.7499999999991 -3530.4999999999995 -3619.7499999999995 -1871.2499999999998 -5222.3959960937491 1154.7329101562502 1473.834655761719 1286.4824218750002 3975.5000000000005 -172.74999999999997 547.25000000000011 71.750000000000014 1226.166442871094 1168.1457519531252 -2119.2499999999995 -3035.4999999999995 -4032.4999999999995 -279.24999999999994 1503.5000000000002 2933.5000000000005 -1469.7499999999998 1209.4280395507815 -3334.9999999999995 -427.74999999999994 -7072.2499999999991
decision_type=2 2 2 2 2 2 2 2 2 2 2 2 2 2 2 2 2 2 2 2 2 2 2 2 2 2 2 2 2 2
left_child=1 2 3 4 8 -5 7 -7 -1 -6 11 -2 13 14 17 16 -16 19 -14 20 21 -12 23 25 -25 -17 -27 28 -20 -29
right_child=10 -3 -4 5 9 6 -8 -9 -10 -11 12 -13 18 -15 15 22 -18 -19 27 -21 -22 -23 -24 24 -26 26 -28 29 -30 -31
leaf_value=-3.9586899844082923 0.31217308451723702 -1.3264918204898437 28.010714540481572 25.836717937106176 -32.152766148249313 -0.5222067466148963 2.4776823224178992 -30.751495564368465 29.286688995361331 -8.1547608504856921 11.605090647730336 -26.927964366566052 -13.164611574203249 39.620845820109054 3.9112297201156618 24.327571105957034 -47.057714090347297 1.2154347820159717 -14.894103863125757 36.938746023178105 1.2184706546822373 43.90698243600351 -5.1305351123213772 42.387367894432764 1.7712482701177183 -12.11024007015541 10.147522855721988 -21.017114345843979 33.630653152465825 1.513585018143826
leaf_weight=22 12573 8751 20 21 24 26 1643 31 20 121 29 22 63 30 20 29 20 78 21 36 49 27 112 22 23 61 52 26 35 1067
leaf_count=22 12573 8751 20 21 24 26 1643 31 20 121 29 22 63 30 20 29 20 78 21 36 49 27 112 22 23 61 52 26 35 1067
internal_value=-2.70271e-09 -0.811044 1.52852 1.25093 -6.73663 2.11884 1.82586 -16.9627 11.8724 -12.1268 0.601677 0.264592 2.96033 7.18558 5.44175 0.0889596 -21.5732 13.7276 0.910459 20.6492 15.0642 27.1792 2.98691 7.8487 21.628 3.48201 -1.86773 1.6822 15.4339 0.977631
internal_weight=25074 10679 1928 1908 187 1721 1700 57 42 145 14395 12595 1800 588 558 339 40 219 1212 141 105 56 299 187 45 142 113 1149 56 1093
internal_count=25074 10679 1928 1908 187 1721 1700 57 42 145 14395 12595 1800 588 558 339 40 219 1212 141 105 56 299 187 45 142 113 1149 56 1093
is_linear=0
shrinkage=0.05


Tree=52
num_leaves=31
num_cat=0
split_feature=33 80 127 71 27 99 18 113 114 12 106 86 92 0 121 134 51 127 145 134 107 5 5 120 79 127 47 126 135 115
split_gain=4.53068e+06 5.28044e+06 4.54434e+06 3.51178e+06 1.27758e+07 1.26171e+07 9.4649e+06 1.05529e+07 5.4516e+06 6.37972e+06 6.43135e+06 8.98379e+06 8.237e+06 6.83136e+06 6.25765e+06 7.9956e+06 6.73473e+06 6.45415e+06 6.29866e+06 6.17466e+06 8.59968e+06 1.44355e+07 7.61838e+06 1.0909e+07 8.29118e+06 1.25455e+07 7.17424e+06 7.08035e+06 7.01326e+06 6.88259e+06
threshold=594.04864501953136 -5063.7499999999991 2434.7500000000005 -1562.7499999999998 991.74844360351574 -2729.2499999999995 5368.2475585937509 -389.74999999999994 -703.24999999999989 509.07528686523443 61.750000000000007 524.75000000000011 -635.24999999999989 8282.5000000000018 -1711.9999999999998 383.25000000000006 -2303.9999999999995 1503.0000000000002 1046.584899902344 1140.2500000000002 -49.749999999999993 1373.502868652344 2042.5865478515627 2724.0000000000005 6233.7500000000009 4212.5000000000009 592.28817749023449 3653.7500000000005 726.50000000000011 1032.7500000000002
decision_type=2 2 2 2 2 2 2 2 2 2 2 2 2 2 2 2 2 2 2 2 2 2 2 2 2 2 2 2 2 2
left_child=1 -1 -3 4 6 -5 -2 -8 9 -7 11 -11 -12 14 15 -14 -16 18 -18 29 21 -21 24 -24 25 26 -22 -25 -26 -10
right_child=3 2 -4 5 -6 8 7 -9 19 10 12 -13 13 -15 16 -17 17 -19 -20 20 22 -23 23 27 28 -27 -28 -29 -30 -31
leaf_value=24.299982924688432 -1.3269095769450772 -0.86152697599000716 14.718655482758869 29.64959417518817 -19.616803454423465 28.042379653950533 34.764681404515322 -10.105979137420654 0.082054307343538857 1.5017414173002515 24.985493683365156 -15.804060444584142 8.873748858563312 -16.34157906545175 -13.020637193432561 40.495437000415947 7.7008735511361097 33.3140358543396 -3.1124914828687906 5.605924059400623 27.826173881248192 38.794234919831865 -45.806225585937504 16.488370967864991 6.0238948465389166 -32.764665948427641 1.746958297001389 -22.404056514393201 43.461215272816752 -4.4848325596396332
leaf_weight=21 1378 11119 47 38 93 24 38 20 5981 2876 53 77 77 37 54 27 451 20 192 149 27 42 20 25 29 26 1132 22 22 957
leaf_count=21 1378 11119 47 38 93 24 38 20 5981 2876 53 77 77 37 54 27 451 20 192 149 27 42 20 25 29 26 1132 22 22 957
internal_value=-1.41073e-08 -0.748837 -0.795947 0.603243 -1.65723 0.882922 -0.494111 19.292 0.794193 2.34311 2.18349 1.05049 5.8561 4.67445 5.62158 17.0832 3.95908 5.34205 4.472 0.0799858 2.99575 12.9039 1.54337 -14.8777 2.43351 1.58395 2.3545 -1.7166 22.1733 -0.547884
internal_weight=25074 11187 11166 13887 1529 12358 1436 58 12320 3888 3864 2953 911 858 821 104 717 663 643 8432 1494 191 1303 67 1236 1185 1159 47 51 6938
internal_count=25074 11187 11166 13887 1529 12358 1436 58 12320 3888 3864 2953 911 858 821 104 717 663 643 8432 1494 191 1303 67 1236 1185 1159 47 51 6938
is_linear=0
shrinkage=0.05


Tree=53
num_leaves=31
num_cat=0
split_feature=33 113 142 135 30 135 100 114 92 29 86 108 48 128 115 79 86 135 51 92 139 33 19 107 71 91 33 114 86 15
split_gain=4.38807e+06 3.94207e+06 4.73446e+06 4.49892e+06 4.30237e+06 6.35623e+06 6.00488e+06 6.22411e+06 3.88106e+06 6.2894e+06 1.13596e+07 9.10353e+06 9.00931e+06 5.3883e+06 8.57817e+06 8.68614e+06 4.79524e+06 4.75281e+06 4.474e+06 3.99226e+06 8.72708e+06 5.43026e+06 4.47637e+06 7.54148e+06 6.16895e+06 5.9714e+06 4.50109e+06 4.08973e+06 6.1023e+06 8.70785e+06
threshold=357.29637145996099 3740.0000000000005 -1232.2499999999998 -830.24999999999989 5199.5000000000009 1316.0000000000002 3653.2500000000005 3625.5000000000005 4291.2500000000009 6224.0000000000009 -2092.7499999999995 414.75000000000006 6765.5053710937509 -631.74999999999989 1510.5000000000002 3618.7500000000005 4433.2500000000009 -1057.2499999999998 5158.2500000000009 2910.2500000000005 2778.712280273438 1473.834655761719 1286.4824218750002 730.25000000000011 3198.7500000000005 3094.5000000000005 786.21664428710949 -160.24999999999997 -398.24999999999994 -2186.2499999999995
decision_type=2 2 2 2 2 2 2 2 2 2 2 2 2 2 2 2 2 2 2 2 2 2 2 2 2 2 2 2 2 2
left_child=-1 8 3 -3 5 -4 -6 -8 9 12 -11 -12 19 17 -15 -16 -17 -10 -13 20 27 22 23 24 -21 -25 -26 28 -2 -30
right_child=1 2 4 -5 6 -7 7 -9 13 10 11 18 -14 14 15 16 -18 -19 -20 21 -22 -23 -24 25 26 -27 -28 -29 29 -31
leaf_value=-3.4459687646557855 -0.13326687977688376 2.0735428401402065 3.506369913040206 32.247950213750208 -25.523765792846682 32.148951578140263 16.844663677215575 -9.7365913644128916 -7.5894079906599856 45.431560363769535 -12.890922932521157 5.7938659438899922 -27.803281085655609 -34.011956144060406 21.654789402173915 -28.291308713151565 -0.90539378180648356 23.085783328180728 29.879541205975318 2.3019949029473699 -26.968174343109133 19.832903797836867 -12.917132393519083 6.9773908839389254 13.140448644757271 -5.622622182948052 45.257412330309556 -0.83599223622218555 18.470275198817255 1.8160460835111889
leaf_weight=891 10027 21 86 30 25 25 40 49 28 20 46 51 29 35 23 31 33 23 31 34 30 51 42 206 20 173 24 8718 80 4152
leaf_count=891 10027 21 86 30 25 25 40 49 28 20 46 51 29 35 23 31 33 23 31 34 30 51 42 206 20 173 24 8718 80 4152
internal_value=-2.26404e-09 0.126963 6.06831 19.8232 2.95054 9.9574 -3.87193 2.21004 0.0583722 0.112762 10.3878 4.91227 0.0482871 -7.40345 -13.1087 -4.69941 -14.1704 6.2445 14.8994 0.082574 -0.0180661 4.29244 2.70414 4.13979 18.2981 1.22593 30.6588 0.0171214 0.538718 2.13087
internal_weight=25074 24183 276 51 225 111 114 89 23907 23734 148 128 23586 173 122 87 64 51 82 23557 23007 550 499 457 78 379 44 22977 14259 4232
internal_count=25074 24183 276 51 225 111 114 89 23907 23734 148 128 23586 173 122 87 64 51 82 23557 23007 550 499 457 78 379 44 22977 14259 4232
is_linear=0
shrinkage=0.05


Tree=54
num_leaves=31
num_cat=0
split_feature=141 89 47 32 142 72 76 103 110 144 79 124 138 136 142 141 136 75 135 138 33 145 145 79 36 99 5 9 82 40
split_gain=4.29782e+06 3.64887e+06 8.79322e+06 7.89784e+06 6.71975e+06 6.29678e+06 4.61856e+06 4.6118e+06 1.61237e+07 9.15966e+06 9.16862e+06 7.55667e+06 1.316e+07 6.9631e+06 6.72421e+06 8.12634e+06 6.41658e+06 6.1074e+06 8.53399e+06 9.48075e+06 7.6878e+06 5.70014e+06 8.49443e+06 5.59024e+06 6.12759e+06 6.03913e+06 5.08231e+06 4.28928e+06 6.06529e+06 3.96905e+06
threshold=360.75000000000006 2784.5214843750005 2299.0893554687505 10178.282226562502 -1134.7499999999998 -277.74999999999994 1360.5805664062502 1565.8640136718752 1473.834655761719 -74.517498016357408 -1148.2499999999998 1401.3559570312502 1438.1508789062502 78.750000000000014 -333.24999999999994 1766.2500000000002 324.25000000000006 1438.1508789062502 -1559.2499999999998 2042.5865478515627 2042.5865478515627 1473.834655761719 1438.1508789062502 -1509.7499999999998 566.75000000000011 1557.7500000000002 1748.4644165039065 908.50000000000011 1438.1508789062502 1154.7329101562502
decision_type=2 2 2 2 2 2 2 2 2 2 2 2 2 2 2 2 2 2 2 2 2 2 2 2 2 2 2 2 2 2
left_child=-1 2 7 -3 -4 -5 -6 8 11 10 -10 21 16 -14 17 -16 -13 -9 19 -19 23 22 26 24 -20 -25 29 -11 -29 -2
right_child=1 3 4 5 6 -7 -8 14 9 27 -12 12 13 -15 15 -17 -18 18 20 -21 -22 -23 -24 25 -26 -27 -28 28 -30 -31
leaf_value=-0.46184066179865524 0.5726173416865955 -7.2275265622884035 -39.810794721330922 45.260239128839402 -26.861705150604248 7.769826098283132 2.331359048116775 37.237921723865327 -23.716484215146021 -39.953545009728636 19.988541235242572 55.041741838455202 -24.466788083031066 9.5536284615408711 -10.911546894873696 19.266430155436197 18.479647432963056 8.0014307247267826 12.541915598782627 -34.272042928423204 35.671868743896482 -19.890583974664864 33.477416316270833 39.8795967022578 -25.697670316696168 8.5137300273828345 -23.148021362044595 -34.494887136529989 -1.8292945925394695 4.7437812637094519
leaf_weight=16741 6863 32 21 21 20 24 42 21 21 33 28 20 21 53 87 30 30 36 22 21 35 33 20 21 20 57 22 27 30 622
leaf_count=16741 6863 32 21 21 20 24 42 21 21 33 28 20 21 53 87 30 30 36 22 21 35 33 20 21 20 57 22 27 30 622
internal_value=-3.44866e-09 0.927838 0.826794 11.7618 -15.3656 25.2654 -7.08576 0.991234 0.74001 -16.1372 1.25782 1.04531 13.2884 -0.100814 6.60646 -3.1736 33.1045 11.5175 8.9697 -7.57301 15.0532 0.844498 0.935405 9.03936 -5.66741 16.9584 0.848708 -25.6079 -17.3025 0.919239
internal_weight=25074 8333 8256 77 83 45 62 8173 7823 139 49 7684 124 74 350 117 50 233 212 57 155 7560 7527 120 42 78 7507 90 57 7485
internal_count=25074 8333 8256 77 83 45 62 8173 7823 139 49 7684 124 74 350 117 50 233 212 57 155 7560 7527 120 42 78 7507 90 57 7485
is_linear=0
shrinkage=0.05


Tree=55
num_leaves=31
num_cat=0
split_feature=55 43 71 99 113 66 24 58 57 80 86 120 141 108 142 48 0 93 48 73 101 19 12 137 83 100 134 4 72 76
split_gain=4.02253e+06 8.14907e+06 8.37819e+06 1.037e+07 7.04287e+06 6.6257e+06 6.03573e+06 1.0343e+07 7.35152e+06 5.81905e+06 5.38946e+06 4.88917e+06 8.32071e+06 8.13414e+06 6.64258e+06 5.86537e+06 9.01161e+06 7.15753e+06 4.74649e+06 4.7312e+06 5.04512e+06 4.83577e+06 6.13408e+06 4.60266e+06 4.3446e+06 6.10003e+06 4.37782e+06 4.22242e+06 6.17683e+06 8.36206e+06
threshold=2817.029174804688 2096.7500000000005 -969.24999999999989 -237.74999999999997 1573.5000000000002 1058.2500000000002 3728.7500000000005 751.75000000000011 5042.5000000000009 -92.749999999999986 -1033.2499999999998 887.75000000000011 498.25000000000006 -200.74999999999997 -1232.2499999999998 3474.201782226563 4617.2500000000009 1691.5000000000002 2901.316284179688 7265.0000000000009 108.25000000000001 2042.5865478515627 1226.166442871094 6930.3300781250009 2107.085815429688 555.25000000000011 1229.2500000000002 944.06750488281261 3872.0000000000005 3607.1076660156255
decision_type=2 2 2 2 2 2 2 2 2 2 2 2 2 2 2 2 2 2 2 2 2 2 2 2 2 2 2 2 2 2
left_child=6 2 -2 -4 -5 -6 8 -8 24 -3 -11 12 14 -13 -12 -14 -17 -18 -15 20 -20 22 -21 -16 -1 -26 -27 28 29 -22
right_child=1 9 3 4 5 -7 7 -9 -10 10 11 13 15 18 23 16 17 -19 19 21 27 -23 -24 -25 25 26 -28 -29 -30 -31
leaf_value=-0.12848376330262892 -17.18860952203924 -9.5264115858078 45.355132049560552 1.5326167746023698 42.748667460221512 9.2185199527179496 45.043472595214844 -0.27080857613507442 28.665976704250681 23.242524056599059 -17.615113300230444 -30.437797000191427 0.026477517022026911 19.55478636680111 1.377511913424293 41.15367405540065 1.2807808619279129 36.477428619861605 23.610063457489016 -0.336327870686849 4.422986689279246 -8.0762424966563344 32.678856928208297 19.407410820519054 -11.062794132954485 -3.7905081762848498 6.9797909458791185 -2.7879076513238719 -13.927484358440745 43.556398038864138
leaf_weight=22326 22 120 25 88 26 34 20 34 22 29 41 22 45 31 259 38 52 20 20 24 43 23 34 41 218 367 127 881 22 20
leaf_count=22326 22 120 25 88 26 34 20 34 22 29 41 22 45 31 259 38 52 20 20 24 43 23 34 41 218 367 127 881 22 20
internal_value=-1.03155e-08 2.17479 11.8743 15.5702 10.539 23.7483 -0.184416 16.5123 -0.223515 1.10317 1.87858 1.49519 5.6279 -0.33501 1.26176 15.2334 21.4544 11.0576 0.268142 -0.292201 -1.24648 11.3241 19.0174 3.8416 -0.251103 -4.09603 -1.02163 -1.76111 8.88131 16.8463
internal_weight=25074 1960 195 173 148 60 23114 54 23060 1765 1645 1616 496 1120 341 155 110 72 1098 1067 986 81 58 300 23038 712 494 966 85 63
internal_count=25074 1960 195 173 148 60 23114 54 23060 1765 1645 1616 496 1120 341 155 110 72 1098 1067 986 81 58 300 23038 712 494 966 85 63
is_linear=0
shrinkage=0.05


Tree=56
num_leaves=31
num_cat=0
split_feature=75 114 120 5 79 29 93 77 100 126 103 107 87 121 139 119 145 135 72 135 87 121 107 3 65 24 54 33 45 23
split_gain=3.92951e+06 3.53933e+06 6.52271e+06 6.96307e+06 9.43015e+06 6.48538e+06 5.45169e+06 5.54826e+06 5.35203e+06 5.06846e+06 5.69756e+06 5.00049e+06 9.13019e+06 1.0194e+07 5.9115e+06 6.50844e+06 4.87823e+06 5.18507e+06 5.12507e+06 5.2171e+06 5.25682e+06 4.79436e+06 4.77692e+06 4.75523e+06 4.74081e+06 4.66161e+06 7.10112e+06 6.8972e+06 1.50371e+07 5.69734e+06
threshold=363.62052917480474 -1759.4999999999998 -459.74999999999994 2299.0893554687505 1040.2500000000002 -3944.9999999999995 -4678.7499999999991 -3327.2499999999995 -299.24999999999994 -778.74999999999989 1890.4719848632815 -2101.2499999999995 -1099.7499999999998 -1072.2499999999998 -763.43991088867176 -849.49999999999989 1565.8640136718752 93.750000000000014 -1466.7499999999998 -951.24999999999989 -3037.7499999999995 -1089.7499999999998 -2373.7499999999995 -6086.2499999999991 -2893.2499999999995 5408.7500000000009 2299.0893554687505 1890.4719848632815 -3435.9999999999995 -4179.4999999999991
decision_type=2 2 2 2 2 2 2 2 2 2 2 2 2 2 2 2 2 2 2 2 2 2 2 2 2 2 2 2 2 2
left_child=-1 2 8 4 5 23 -3 21 25 -7 16 12 14 -14 15 -9 17 18 19 -11 -21 -8 -20 -4 -17 26 27 -2 -29 -28
right_child=1 6 3 -5 -6 9 7 11 -10 10 -12 -13 13 -15 -16 24 -18 -19 22 20 -22 -23 -24 -25 -26 -27 29 28 -30 -31
leaf_value=-3.0872677432442313 -0.57290263762557647 25.414214806329639 9.3693919301033031 28.715729590023269 -17.650971250999266 20.209403943098508 -24.114061657218045 -5.0873731053927367 20.852304655505765 27.342968055725102 28.88399189994449 -0.089442635757524397 53.927884647846227 7.8437142848968513 -19.49482420727059 28.979384042121268 -21.293816920689174 23.385651610692342 -23.814603972434998 -17.841939836281998 6.3571968097784897 -3.4569651621359365 -0.027739984758438602 43.848481235504153 3.4931437479125131 23.783509941101073 -2.4086294555664063 -11.336664981842041 48.566519502482635 -40.148990428447725
leaf_weight=990 1198 21 20 34 41 52 43 68 31 25 21 21842 20 30 27 37 21 30 32 26 164 81 62 20 36 20 20 20 22 20
leaf_count=990 1198 21 20 34 41 52 43 68 31 25 21 21842 20 30 27 37 21 30 32 26 164 81 62 20 36 20 20 20 22 20
internal_value=-1.03575e-09 0.126906 2.21057 6.8017 5.35213 7.34606 -0.0494154 -0.07352 0.32031 5.56658 3.56808 -0.0142361 7.52091 26.2774 1.93862 6.0429 2.09132 3.53996 1.61319 5.871 3.04574 -10.6203 -8.1254 26.6089 16.4108 -0.1693 -0.543562 0.125317 20.0412 -21.2788
internal_weight=25074 24084 1879 548 514 473 22205 22184 1331 433 381 22060 218 50 168 141 360 339 309 215 190 124 94 40 73 1300 1280 1240 42 40
internal_count=25074 24084 1879 548 514 473 22205 22184 1331 433 381 22060 218 50 168 141 360 339 309 215 190 124 94 40 73 1300 1280 1240 42 40
is_linear=0
shrinkage=0.05


Tree=57
num_leaves=31
num_cat=0
split_feature=141 108 37 36 117 75 34 94 106 1 122 107 99 78 121 63 15 67 115 47 122 44 33 45 99 85 23 45 121 113
split_gain=3.87716e+06 4.32777e+06 5.3203e+06 6.50738e+06 4.88211e+06 8.09979e+06 4.19415e+06 4.11813e+06 4.11698e+06 3.98452e+06 4.67652e+06 3.9843e+06 6.62021e+06 4.18202e+06 4.25256e+06 3.51276e+06 1.1572e+07 7.13268e+06 6.84085e+06 9.49957e+06 7.21614e+06 5.77232e+06 5.51576e+06 5.01977e+06 9.15579e+06 7.60968e+06 6.5008e+06 5.23374e+06 4.86512e+06 4.83584e+06
threshold=200.25000000000003 -937.24999999999989 -3950.4999999999995 -4808.7499999999991 1515.713562011719 1373.502868652344 -5222.3959960937491 -2301.4999999999995 -1871.2499999999998 3084.7500000000005 -1082.7499999999998 -1909.7499999999998 -627.24999999999989 -727.24999999999989 -699.24999999999989 -3375.2499999999995 -404.24999999999994 2582.502563476563 -1616.2499999999998 1077.258728027344 -752.24999999999989 -6004.9999999999991 570.39422607421886 -2204.7499999999995 -2399.2499999999995 -2827.4999999999995 -4008.7499999999995 -4225.9999999999991 -2213.2499999999995 -21.749999999999996
decision_type=2 2 2 2 2 2 2 2 2 2 2 2 2 2 2 2 2 2 2 2 2 2 2 2 2 2 2 2 2 2
left_child=1 2 3 8 5 9 -5 -3 -1 10 -4 12 13 14 -12 16 17 18 28 22 -21 -19 -20 24 25 -17 29 -26 -2 -25
right_child=15 7 4 6 -6 -7 -8 -9 -10 -11 11 -13 -14 -15 -16 23 -18 21 19 20 -22 -23 -24 26 27 -27 -28 -29 -30 -31
leaf_value=-4.1869986794211647 -0.09988622689011073 -22.799700645966965 -1.7976025158070403 -30.705485749244691 21.948261802427233 -29.705886087417607 -7.8243420634387952 -1.1398680089717812 27.157256031036379 18.528677703238824 6.7334519840950193 2.1434297366913206 33.156306307132432 -8.3864896480853748 28.803027520179754 -3.2584758025628555 -22.700695285726997 9.8463161032540469 24.701925086975098 7.1368026242111675 38.548354309070405 40.61614482932621 -4.5150047217096603 -0.43593676370732926 -21.167330192164943 33.049696371632244 0.56848536703164454 -3.4816577820425461 -27.091805243492129 23.723576372974325
leaf_weight=22 101 22 556 24 31 20 121 8729 20 37 172 835 26 39 25 27 34 35 20 33 41 27 84 34 44 31 12962 849 20 53
leaf_count=22 101 22 556 24 31 20 121 8729 20 37 172 835 26 39 25 27 34 35 20 33 41 27 84 34 44 31 12962 849 20 53
internal_value=2.1761e-09 -0.721864 1.42257 -6.59169 2.28338 1.92688 -11.6116 -1.19432 10.7388 2.30123 1.938 3.83134 9.21076 6.5727 9.53416 0.535519 5.18553 7.81193 4.61154 10.8471 24.5405 23.2461 1.10364 0.404322 -3.10276 16.1476 0.659915 -4.35307 -4.56136 14.2819
internal_weight=25074 10679 1928 187 1741 1710 145 8751 42 1690 1653 1097 262 236 197 14395 395 361 299 178 74 62 104 14000 951 58 13049 893 121 87
internal_count=25074 10679 1928 187 1741 1710 145 8751 42 1690 1653 1097 262 236 197 14395 395 361 299 178 74 62 104 14000 951 58 13049 893 121 87
is_linear=0
shrinkage=0.05


Tree=58
num_leaves=31
num_cat=0
split_feature=106 127 28 92 64 80 61 12 5 131 82 115 10 136 59 121 59 49 61 36 58 51 24 36 45 25 134 107 107 113
split_gain=3.60459e+06 6.57369e+06 5.00155e+06 6.76077e+06 6.0648e+06 7.50411e+06 4.95885e+06 7.66889e+06 8.36779e+06 9.58623e+06 1.27426e+07 7.68618e+06 7.47667e+06 6.35232e+06 5.86235e+06 5.30844e+06 4.68777e+06 7.15387e+06 8.73553e+06 5.85903e+06 6.9807e+06 5.12135e+06 6.59581e+06 6.31427e+06 5.488e+06 4.94827e+06 4.42289e+06 4.32706e+06 4.25753e+06 1.21002e+07
threshold=2603.2500000000005 3428.0000000000005 7455.2500000000009 4291.2500000000009 6006.0000000000009 3712.5000000000005 2784.5214843750005 1890.4719848632815 1515.713562011719 1438.1508789062502 1401.3559570312502 2668.2500000000005 7881.2500000000009 838.25000000000011 4807.5000000000009 2988.7500000000005 4056.7500000000005 3846.2500000000005 932.28591918945324 3990.2500000000005 2692.0000000000005 5158.2500000000009 3893.7500000000005 6826.5000000000009 4885.0000000000009 6921.3176269531259 677.75000000000011 2305.2500000000005 -678.74999999999989 1991.2500000000002
decision_type=2 2 2 2 2 2 2 2 2 2 2 2 2 2 2 2 2 2 2 2 2 2 2 2 2 2 2 2 2 2
left_child=1 2 3 4 5 28 7 8 9 12 -11 -9 16 -12 -10 -13 17 19 -19 25 -21 22 -18 -23 -24 27 -4 -2 29 -1
right_child=6 -3 26 -5 -6 -7 -8 11 14 10 13 15 -14 -15 -16 -17 21 18 -20 20 -22 23 24 -25 -26 -27 -28 -29 -30 -31
leaf_value=0.66887918506380539 7.9596209588834057 -27.441939415714955 0.52620330083937883 -24.25565355892839 -26.957567065102712 23.397434892373926 21.986800592595884 -31.618631899356842 10.666291013257258 -35.473224527771407 -11.311370275417964 16.440828661123913 27.48703006867207 17.725398906584712 40.979048989035874 -18.437778434753419 8.7427831676271222 6.3108841387430834 41.501371521785344 -31.481980119705202 7.1357884667136453 22.153751065499254 -32.072126955304832 -7.2593579840015723 -6.833275757517133 25.173706238845298 32.60635407187722 -4.0702495175549114 -0.61641256189011406 35.503921722412109
leaf_weight=8736 207 22 21 29 21 34 33 32 58 37 48 24 33 31 22 20 36 45 29 25 22 36 35 37 56 29 22 117 15152 25
leaf_count=8736 207 22 21 29 21 34 33 32 58 37 48 24 33 31 22 20 36 45 29 25 22 36 35 37 56 29 22 117 15152 25
internal_value=-5.37311e-09 -0.122945 -0.0979441 -0.128473 -0.0992804 -0.0757274 2.92322 2.28063 3.56446 2.06382 -11.2583 -12.9733 4.24963 0.082805 19.0023 0.586916 3.1119 5.82052 20.1018 3.17849 -13.4056 -3.30754 -9.3736 7.24574 -16.5405 5.38657 16.9393 3.6155 -0.109102 0.768283
internal_weight=25074 24062 24040 23997 23968 23947 1012 979 903 823 116 76 707 79 80 44 674 474 74 400 47 200 127 73 91 353 43 324 23913 8761
internal_count=25074 24062 24040 23997 23968 23947 1012 979 903 823 116 76 707 79 80 44 674 474 74 400 47 200 127 73 91 353 43 324 23913 8761
is_linear=0
shrinkage=0.05


Tree=59
num_leaves=31
num_cat=0
split_feature=141 127 129 114 93 122 134 145 141 113 61 73 113 2 82 113 52 142 40 78 5 37 107 26 128 0 1 0 145 86
split_gain=3.47855e+06 4.0415e+06 5.36031e+06 3.71913e+06 4.11143e+06 1.19261e+07 5.61255e+06 4.10075e+06 6.95428e+06 6.89045e+06 6.74256e+06 5.91099e+06 5.20855e+06 5.19575e+06 4.44198e+06 4.20835e+06 4.13536e+06 3.7236e+06 7.91663e+06 6.60295e+06 5.66623e+06 3.58336e+06 3.40582e+06 4.06533e+06 4.0964e+06 4.9534e+06 3.63572e+06 7.6763e+06 4.899e+06 8.00688e+06
threshold=200.25000000000003 -2177.4999999999995 -2180.9999999999995 -114.24999999999999 -3530.4999999999995 -648.24999999999989 -34.249999999999993 1154.7329101562502 113.75000000000001 -540.24999999999989 1154.7329101562502 -1805.7499999999998 1270.7500000000002 1105.5000000000002 1114.236511230469 429.75000000000006 841.25000000000011 -894.74999999999989 1315.5429687500002 138.75000000000003 813.68896484375011 -3950.4999999999995 -1247.2499999999998 1102.340026855469 -1669.4999999999998 481.25000000000006 -584.74999999999989 -938.74999999999989 877.20416259765636 -2284.2499999999995
decision_type=2 2 2 2 2 2 2 2 2 2 2 2 2 2 2 2 2 2 2 2 2 2 2 2 2 2 2 2 2 2
left_child=1 -1 -3 4 5 6 -4 10 9 -9 12 -10 14 -13 21 -12 -11 19 -19 -5 -21 -6 26 24 25 -24 27 28 -23 -30
right_child=-2 2 3 17 7 -7 -8 8 11 16 15 13 -14 -15 -16 -17 -18 18 -20 20 -22 22 23 -25 -26 -27 -28 -29 29 -31
leaf_value=16.52737522686229 0.50724383442575638 -20.858988150683317 -10.195203445697654 -20.441821794509892 -8.0613010804741485 16.684836456924678 -37.453988838195805 32.990404835262815 16.638280246875905 -3.2987460580739114 -7.4418143033981323 -21.474524063287781 -23.739297435594644 7.5651433070500689 18.394796845407196 -31.643736698316491 20.115966132192902 -2.3412307311338827 -28.170226891835529 -2.9126106897989912 20.096528810443303 1.9792184329193452 30.932309847292693 -16.515882405256615 -0.4396879690876796 -2.2535062080079857 -0.87827657691523686 22.910072293001065 -3.4746205300092701 29.723836000760397
leaf_weight=34 14395 33 58 20 135 32 28 37 27 44 82 43 23 24 33 23 33 2668 30 45 66 891 23 39 5451 22 610 51 32 42
leaf_count=34 14395 33 58 20 135 32 28 37 27 44 82 43 23 24 33 23 33 2668 30 45 66 891 23 39 5451 22 610 51 32 42
internal_value=-3.1795e-09 -0.683751 -0.738723 -0.676155 -0.111823 -9.37389 -19.0702 0.0307636 6.95538 15.2573 -0.162387 -3.11285 0.0172903 -11.0723 0.0918436 -12.7432 6.73613 -2.22872 -2.62843 6.00356 10.7685 0.00905889 0.161202 -0.429809 -0.315661 14.7081 2.17304 4.00503 3.0059 15.3677
internal_weight=25074 10679 10645 10612 7783 118 86 7665 208 114 7457 94 7352 67 7329 105 77 2829 2698 131 111 7296 7161 5535 5496 45 1626 1016 965 74
internal_count=25074 10679 10645 10612 7783 118 86 7665 208 114 7457 94 7352 67 7329 105 77 2829 2698 131 111 7296 7161 5535 5496 45 1626 1016 965 74
is_linear=0
shrinkage=0.05


Tree=60
num_leaves=31
num_cat=0
split_feature=33 39 136 92 10 4 66 115 80 135 145 33 85 107 72 139 120 68 73 142 52 142 79 101 136 100 106 54 122 82
split_gain=3.4024e+06 3.08694e+06 5.33821e+06 4.42612e+06 8.05823e+06 1.10876e+07 9.13787e+06 7.59964e+06 7.30697e+06 6.51951e+06 6.37962e+06 6.11486e+06 5.01128e+06 6.73996e+06 1.06264e+07 6.92818e+06 6.681e+06 4.96174e+06 4.69569e+06 5.00149e+06 7.35215e+06 4.90428e+06 1.07805e+07 7.77726e+06 4.95979e+06 8.4484e+06 1.223e+07 4.6112e+06 5.68399e+06 4.56142e+06
threshold=357.29637145996099 -7689.7126464843741 -397.24999999999994 -2391.4999999999995 -1488.7499999999998 5694.0124511718759 -2573.4999999999995 -2036.2499999999998 -2707.2499999999995 -1513.2499999999998 1341.8898925781252 1102.340026855469 -1845.9999999999998 -3394.9999999999995 -291.24999999999994 -775.18499755859364 -1174.4999999999998 429.14125061035162 7265.0000000000009 -1961.7499999999998 8357.5000000000018 -1961.7499999999998 100.75000000000001 -503.24999999999994 -876.24999999999989 -2196.4999999999995 -1397.2499999999998 828.10830688476574 -2633.7499999999995 970.91552734375011
decision_type=2 2 2 2 2 2 2 2 2 2 2 2 2 2 2 2 2 2 2 2 2 2 2 2 2 2 2 2 2 2
left_child=-1 2 -2 4 5 7 10 27 11 -8 -6 -9 17 14 15 16 -14 -5 21 -20 -21 22 23 -15 25 26 -23 28 -3 -27
right_child=1 3 -4 12 6 -7 9 8 -10 -11 -12 -13 13 18 -16 -17 -18 -19 19 20 -22 24 -24 -25 -26 29 -28 -29 -30 -31
leaf_value=-3.0343620364279325 -17.329755930969679 29.193781826712872 -0.14582361569841401 20.389747028350833 -3.7385685131467628 36.967741501331332 26.992538665771487 1.6897689782248602 37.4140926361084 -7.3253493924294748 -36.903822662090434 25.609440788469819 -5.6740911165873209 -8.6752943754196163 -10.54798386891683 46.355051339190943 31.633758783340454 -4.8866965476692803 33.615759048461918 30.765331001281737 -5.2086660725729814 1.6717017963125897 5.3407877988593526 -52.769674110412602 0.022953966614412347 -1.4852655575105125 43.883294749259953 -8.6688102360775598 -3.8208998858928682 8.8050273718152727
leaf_weight=891 69 22 131 20 29 32 25 90 27 31 29 38 24 20 33 23 24 664 20 20 49 37 43 20 22049 280 32 95 32 175
leaf_count=891 69 22 131 20 29 32 25 90 27 31 29 38 24 20 33 23 24 664 20 20 49 37 43 20 22049 280 32 95 32 175
internal_value=-1.43254e-09 0.111798 -6.07428 0.163385 5.07543 8.97275 -6.41142 6.02591 13.7769 7.99514 -20.3212 8.79092 0.069457 0.195698 12.8953 23.7915 12.9798 -4.14762 0.13763 11.6 5.21858 0.092602 -12.0391 -30.7225 0.13721 4.94489 21.2481 -2.0372 9.62953 2.47254
internal_weight=25074 24183 200 23983 450 336 114 304 155 56 58 128 23533 22849 104 71 48 684 22745 89 69 22656 83 40 22573 524 69 149 54 455
internal_count=25074 24183 200 23983 450 336 114 304 155 56 58 128 23533 22849 104 71 48 684 22745 89 69 22656 83 40 22573 524 69 149 54 455
is_linear=0
shrinkage=0.05


Tree=61
num_leaves=31
num_cat=0
split_feature=124 2 61 30 110 141 142 43 134 9 136 2 65 40 107 36 85 54 33 51 104 82 13 61 120 136 106 142 115 39
split_gain=3.17623e+06 3.81473e+06 6.20549e+06 1.23435e+07 8.45287e+06 5.99933e+06 6.04473e+06 8.48431e+06 6.39021e+06 6.25597e+06 5.2296e+06 5.05193e+06 4.97707e+06 8.16263e+06 7.21796e+06 6.44005e+06 5.26175e+06 4.93567e+06 6.48818e+06 4.36531e+06 4.87755e+06 4.47091e+06 7.60467e+06 6.3684e+06 5.4771e+06 6.15876e+06 6.88341e+06 7.55071e+06 4.21229e+06 7.15607e+06
threshold=467.31889343261724 990.75000000000011 2784.5214843750005 2816.5000000000005 2784.5214843750005 1411.2500000000002 -394.74999999999994 1536.5000000000002 2353.5000000000005 -3365.4999999999995 808.25000000000011 151.25000000000003 -239.74999999999997 1890.4719848632815 -1534.2499999999998 3404.7500000000005 969.75000000000011 1438.1508789062502 1193.3194580078127 -27.749999999999996 1118.5239868164065 2299.0893554687505 11634.190917968752 1315.5429687500002 4857.5000000000009 1577.5000000000002 4090.0000000000005 -193.74999999999997 965.75000000000011 -3095.7900390624995
decision_type=2 2 2 2 2 2 2 2 2 2 2 2 2 2 2 2 2 2 2 2 2 2 2 2 2 2 2 2 2 2
left_child=-1 5 4 -4 12 10 7 -7 9 -8 -2 -11 13 14 -3 16 -16 18 -12 20 -14 22 24 -24 25 28 27 -27 29 -21
right_child=1 2 3 -5 -6 6 8 -9 -10 11 17 -13 19 -15 15 -17 -18 -19 -20 21 -22 -23 23 -25 -26 26 -28 -29 -30 -31
leaf_value=-1.3190621871650761 -0.15620754461889452 -5.2672763263478002 -7.8752210044860851 46.398254411870788 -28.98729141898777 -9.2392555029887085 -33.164981955573673 -46.79242486499605 14.69468583405018 6.6533655208453801 5.5641398439421161 -15.899181813543493 0.28614749080604979 28.549695979527066 5.447782594468114 -15.528009986877443 18.158320421041903 -13.751415984971183 29.104658982248022 25.177388387737853 -13.845951074361802 -20.416118718187015 1.1436034003893534 38.493063583374024 -18.98661514941384 -8.6117031208304464 34.323454638889864 22.666576036725729 -1.4183975391527535 1.7398790420422339
leaf_weight=3861 15425 170 20 22 23 53 21 21 40 57 259 44 144 35 507 32 97 28 33 33 106 24 21 25 34 43 28 35 1345 2488
leaf_count=3861 15425 170 20 22 23 53 21 21 40 57 259 44 144 35 507 32 97 28 33 33 106 24 21 25 34 43 28 35 1345 2488
internal_value=7.09375e-09 0.240084 1.41193 20.5537 1.25702 -0.143564 -8.05644 -19.8962 -2.64814 -8.33432 -0.0249587 -3.17151 1.39165 4.91116 3.88468 6.33095 7.48904 6.30164 8.22454 0.707433 -5.70586 1.10079 1.22824 21.4422 0.996123 1.16717 13.0574 5.42342 0.841161 2.04668
internal_weight=25074 21213 5232 42 5190 15981 236 74 162 122 15745 101 5167 841 806 636 604 320 292 4326 250 4076 4052 46 4006 3972 106 78 3866 2521
internal_count=25074 21213 5232 42 5190 15981 236 74 162 122 15745 101 5167 841 806 636 604 320 292 4326 250 4076 4052 46 4006 3972 106 78 3866 2521
is_linear=0
shrinkage=0.05


Tree=62
num_leaves=31
num_cat=0
split_feature=141 78 33 129 30 97 107 128 65 135 135 87 107 127 47 101 136 38 138 142 141 113 79 125 142 4 56 136 23 121
split_gain=3.08477e+06 5.42773e+06 7.58628e+06 3.94295e+06 6.55463e+06 1.00637e+07 5.12715e+06 5.29776e+06 6.22205e+06 8.05977e+06 8.50071e+06 5.09603e+06 7.88273e+06 4.86683e+06 4.82679e+06 4.96227e+06 4.63047e+06 7.53191e+06 6.85434e+06 9.40217e+06 8.2391e+06 1.08384e+07 7.98928e+06 8.5929e+06 4.95983e+06 4.51099e+06 4.424e+06 4.26771e+06 4.97939e+06 6.24416e+06
threshold=110.25000000000001 3079.7500000000005 1077.258728027344 -1327.2499999999998 2555.0000000000005 4771.9375000000009 -4898.7499999999991 -3137.2499999999995 -4866.2499999999991 -1016.2499999999999 -729.74999999999989 -3648.7499999999995 -3686.2499999999995 -179.74999999999997 2042.5865478515627 -3579.4999999999995 -1128.7499999999998 5477.0000000000009 2042.5865478515627 -1709.9999999999998 1569.2500000000002 2678.7500000000005 2511.0000000000005 1984.842712402344 -522.24999999999989 -7576.4274902343741 -5954.9999999999991 -414.74999999999994 -4008.7499999999995 -2466.2499999999995
decision_type=2 2 2 2 2 2 2 2 2 2 2 2 2 2 2 2 2 2 2 2 2 2 2 2 2 2 2 2 2 2
left_child=1 -1 -3 4 14 -6 -5 -8 9 -9 -11 13 -13 -10 25 -16 17 -14 19 -18 22 -22 23 -20 -23 -2 -12 28 29 -27
right_child=3 2 -4 6 5 -7 7 8 11 10 26 12 16 -15 15 -17 18 -19 20 -21 21 24 -24 -25 -26 27 -28 -29 -30 -31
leaf_value=-1.1865083387937638 -14.448861571281189 -1.1272185466228388 32.985038047283886 -19.223147131414976 40.381404749552416 -1.6955141685627126 -23.771135587277623 25.380908489227295 0.87915683675695355 -22.277457533942329 -9.2470391845703119 23.259066458006163 -3.9711175187338483 -28.1573595646889 2.7280121196400038 -31.683887357711793 -28.813108591522493 -36.648875954037628 28.2773082447052 0.18300546663154954 -32.720756359100342 29.262104488554456 40.711611944256411 -15.107652291797457 -4.0110969225565594 9.3454491460046096 18.499368293612612 -2.3568043679681447 5.2088687090972678 41.621523832108664
leaf_weight=5662 31 39 28 34 30 27 23 56 27 27 20 37 110 31 22 20 28 21 25 18150 20 21 33 21 24 43 51 131 259 23
leaf_count=5662 31 39 28 34 30 27 23 56 27 27 20 37 110 31 22 20 28 21 25 18150 20 21 33 21 24 43 51 131 259 23
internal_value=5.2022e-09 -1.01909 13.1286 0.301804 4.3406 20.4502 0.175638 0.210862 0.240355 10.2491 1.6024 0.157254 0.203672 -14.6404 2.60478 -13.6586 0.157444 -9.20954 0.224417 0.138342 11.0901 -2.09503 21.9387 8.47113 11.5164 4.00737 10.6835 5.26207 8.33307 20.5932
internal_weight=25074 5729 67 19345 586 57 18759 18725 18702 154 98 18548 18490 58 529 42 18453 131 18322 18178 144 65 79 46 45 487 71 456 325 66
internal_count=25074 5729 67 19345 586 57 18759 18725 18702 154 98 18548 18490 58 529 42 18453 131 18322 18178 144 65 79 46 45 487 71 456 325 66
is_linear=0
shrinkage=0.05


Tree=63
num_leaves=31
num_cat=0
split_feature=114 120 24 91 0 4 134 6 16 23 72 86 85 129 37 73 142 79 106 87 136 142 106 99 119 100 23 34 57 31
split_gain=2.95073e+06 5.74256e+06 7.29537e+06 8.44391e+06 7.4047e+06 9.67827e+06 4.99168e+06 4.75971e+06 1.03575e+07 7.45234e+06 5.34114e+06 4.45806e+06 4.36879e+06 7.10615e+06 3.80208e+06 3.73504e+06 5.03588e+06 8.24613e+06 1.03976e+07 5.65726e+06 4.78961e+06 4.83327e+06 3.97017e+06 3.78809e+06 8.30028e+06 5.2359e+06 6.47198e+06 5.21049e+06 7.28228e+06 7.07125e+06
threshold=-2536.7499999999995 -676.74999999999989 -4498.4999999999991 -3316.2499999999995 1727.2500000000002 4787.0200195312509 916.25000000000011 -6236.6743164062491 -6694.4999999999991 -5724.9999999999991 -5297.2499999999991 -2180.4999999999995 -194.24999999999997 -1926.7499999999998 -7241.2499999999991 7265.0000000000009 -1961.7499999999998 100.75000000000001 70.750000000000014 -4058.9999999999995 -65.749999999999986 -454.74999999999994 6070.0000000000009 2257.7500000000005 1037.7500000000002 365.25000000000006 -2749.7499999999995 2139.965698242188 2732.0000000000005 5636.2500000000009
decision_type=2 2 2 2 2 2 2 2 2 2 2 2 2 2 2 2 2 2 2 2 2 2 2 2 2 2 2 2 2 2
left_child=1 6 -3 -4 5 11 7 10 -9 -10 -1 -5 13 -11 -2 16 17 18 -16 -18 -17 -22 23 -21 27 -26 -27 28 -25 -29
right_child=14 2 3 4 -6 -7 -8 8 9 12 -12 -13 -14 -15 15 20 19 -19 -20 22 21 -23 -24 24 25 26 -28 29 -30 -31
leaf_value=-0.72972398904653701 -15.30487295011195 36.804693433512817 -14.759004116223919 0.4343665259225028 -2.9962548911571503 45.286486727850786 17.457420395582151 31.108037581352086 -31.219493594169617 13.086202268780404 -34.203881471807307 27.819250098518708 -11.590267047606982 -3.1031285077967543 -5.9149790234035926 -11.0995782661438 19.745182140668234 5.9012611062186107 -53.480087814331057 -0.23150152990676587 27.396820650885747 -0.49651136016845704 -18.907122458730424 8.4865559123283205 -22.506488403320315 26.313859605789187 0.059602066175402882 -0.22048473038624242 30.804799717547851 24.815995609399046
leaf_weight=26 41 23 36 42 51 28 39 26 20 106 22 23 65 188 27 20 36 35 20 22580 41 25 28 129 25 24 1070 194 51 33
leaf_count=26 41 23 36 42 51 28 39 26 20 106 22 23 65 188 27 20 36 35 20 22580 41 25 28 129 25 24 1070 194 51 33
internal_value=-9.22629e-09 3.21247 10.2881 6.89986 12.3146 20.7108 0.293053 -1.18467 0.579756 -1.51453 -16.072 10.1244 0.14034 2.73384 -0.0915815 -0.065953 -0.102838 -12.4727 -26.1555 -0.0608717 10.3356 16.8312 -0.0904158 -0.0685595 2.34247 0.118539 0.635564 8.45691 14.8101 3.41918
internal_weight=25074 695 203 180 144 93 492 453 405 379 48 65 359 294 24379 24338 24252 82 47 24170 86 66 24134 24106 1526 1119 1094 407 180 227
internal_count=25074 695 203 180 144 93 492 453 405 379 48 65 359 294 24379 24338 24252 82 47 24170 86 66 24134 24106 1526 1119 1094 407 180 227
is_linear=0
shrinkage=0.05


Tree=64
num_leaves=31
num_cat=0
split_feature=55 43 136 44 80 24 58 57 43 52 89 86 15 35 17 36 62 136 142 107 129 141 92 100 87 128 113 135 142 141
split_gain=2.88635e+06 7.37915e+06 7.28481e+06 5.54923e+06 5.16583e+06 4.83453e+06 8.86058e+06 6.00096e+06 4.78501e+06 6.58858e+06 4.97759e+06 4.61813e+06 4.63076e+06 7.55576e+06 7.43313e+06 6.25154e+06 6.36831e+06 4.90185e+06 6.73709e+06 5.08049e+06 8.54913e+06 7.05778e+06 6.94058e+06 5.99936e+06 9.88814e+06 1.17332e+07 7.91414e+06 8.26562e+06 5.58663e+06 5.5346e+06
threshold=2817.029174804688 2096.7500000000005 808.25000000000011 -276.24999999999994 -92.749999999999986 3728.7500000000005 751.75000000000011 5042.5000000000009 1458.2500000000002 1058.7500000000002 865.55978393554699 -1033.2499999999998 3929.2500000000005 1968.7500000000002 2860.7500000000005 2576.2500000000005 4612.3422851562509 -1128.7499999999998 -1961.7499999999998 754.25000000000011 -206.24999999999997 440.25000000000006 900.75000000000011 3138.0000000000005 3836.2500000000005 676.25000000000011 5553.7500000000009 988.00000000000011 -78.749999999999986 301.25000000000006
decision_type=2 2 2 2 2 2 2 2 2 2 2 2 2 2 2 2 2 2 2 2 2 2 2 2 2 2 2 2 2 2
left_child=5 2 3 -2 -3 7 -7 -1 -5 -10 -11 -6 13 -13 -14 -15 -17 -16 -19 21 -21 29 -23 24 -22 -26 -25 -28 -24 -20
right_child=1 4 -4 8 11 6 -8 -9 9 10 -12 12 14 15 17 16 -18 18 19 20 23 22 28 26 25 -27 27 -29 -30 -31
leaf_value=-0.21613297535527409 -7.2359222841759525 -9.1927332250277214 34.67377382602011 33.387426293414578 21.329217022040794 41.194525890350349 -0.74693423158982231 25.910062018307777 -9.2965413502284466 4.7617067163640803 33.423844357899263 -15.423448916843959 -29.474370349537242 28.036734881997109 -14.500629472732545 3.9425580816268919 32.111892398198442 26.872811985015872 3.5311983984869886 14.93021430200146 -4.4056927068263105 -12.566886894519513 18.810359871219582 10.996649017849485 -48.066262940437568 -6.1015478981865776 4.8572382803886169 -34.227089722951256 -8.8199043841589067 -16.235933633951042
leaf_weight=23038 48 120 28 23 29 20 34 22 35 33 28 42 22 32 56 450 21 24 111 62 322 26 142 111 31 36 31 24 21 52
leaf_count=23038 48 120 28 23 29 20 34 22 35 33 28 42 22 32 56 450 21 24 111 62 322 26 142 111 31 36 31 24 21 52
internal_value=-2.2621e-09 1.84222 11.0722 7.11504 0.822481 -0.156215 14.7869 -0.191208 12.9037 7.99609 17.9181 1.55307 1.19818 4.95026 -0.711142 6.65144 5.19852 -0.107909 0.703765 0.0556152 -2.67896 4.84889 11.4239 -4.64611 -8.04201 -25.5181 3.31176 -12.1977 15.2506 -2.77488
internal_weight=25074 1960 195 167 1765 23114 54 23060 119 96 61 1645 1616 545 1071 503 471 1049 993 969 617 352 189 555 389 67 166 55 163 163
internal_count=25074 1960 195 167 1765 23114 54 23060 119 96 61 1645 1616 545 1071 503 471 1049 993 969 617 352 189 555 389 67 166 55 163 163
is_linear=0
shrinkage=0.05


Tree=65
num_leaves=31
num_cat=0
split_feature=75 121 140 107 135 57 57 128 87 5 5 100 86 72 5 141 122 26 114 127 26 110 141 99 101 110 129 46 126 110
split_gain=2.85105e+06 2.68154e+06 1.17956e+07 7.01749e+06 6.47036e+06 5.64817e+06 4.73006e+06 4.58661e+06 4.92942e+06 4.75767e+06 8.07962e+06 4.45979e+06 5.01181e+06 4.24752e+06 3.89536e+06 3.79123e+06 6.41895e+06 3.74645e+06 3.52562e+06 5.00102e+06 8.04137e+06 1.15351e+07 5.96929e+06 4.80994e+06 8.3389e+06 6.14516e+06 6.74203e+06 5.2862e+06 9.37225e+06 7.54202e+06
threshold=363.62052917480474 1263.0000000000002 2238.0000000000005 1168.0000000000002 1669.5000000000002 3076.5000000000005 2530.2500000000005 2370.2500000000005 6335.2500000000009 1373.502868652344 1473.834655761719 2557.5000000000005 2631.2500000000005 1886.7500000000002 1226.166442871094 509.75000000000006 1807.7500000000002 1088.9631958007815 -160.24999999999997 1677.7500000000002 2042.5865478515627 1438.1508789062502 600.75000000000011 2608.5000000000005 2555.7500000000005 1057.5335083007815 885.25000000000011 9962.8227539062518 1149.7500000000002 1473.834655761719
decision_type=2 2 2 2 2 2 2 2 2 2 2 2 2 2 2 2 2 2 2 2 2 2 2 2 2 2 2 2 2 2
left_child=-1 2 18 5 7 6 -3 8 9 11 -11 12 -5 -12 -6 -13 -17 -9 19 -2 21 22 -21 -20 25 -25 -27 29 -29 -26
right_child=1 3 -4 4 14 -7 -8 17 -10 10 13 15 -14 -15 -16 16 -18 -19 23 20 -22 -23 -24 24 27 26 -28 28 -30 -31
leaf_value=-2.6297084207227925 0.43311055698264112 11.255903735646497 -38.379495935440069 0.50568303480003662 6.0713763203731803 28.966883975581119 -14.678513322557723 -0.38597336292266848 21.643589878082278 -37.011882757103962 16.66067897796631 -4.5453705874885006 -16.018307182024113 -12.224172979082381 30.587241877042331 38.128974878220333 7.3634605118496852 -29.687200705210373 -1.064318339089209 -2.8434980487823491 35.95855320358276 -17.125678800281726 31.581499043632956 4.2974183225768732 -1.103640077719048 28.757314271085406 0.92586891949176797 -6.2030500825246175 36.220335628675379 -23.958178016814319
leaf_weight=990 14254 108 20 342 43 38 21 20 26 23 20 41 53 35 26 21 88 24 8192 20 25 38 34 174 201 68 32 30 23 44
leaf_count=990 14254 108 20 342 43 38 21 20 26 23 20 41 53 35 26 21 88 24 8192 20 25 38 34 174 201 68 32 30 23 44
internal_value=-7.75755e-09 0.108097 0.00241943 2.74208 0.707689 12.0247 7.03402 -0.746145 0.312995 -0.577207 -12.127 1.07579 -1.71146 -1.72059 15.3092 8.41555 13.2908 -16.3685 0.0356002 0.517615 10.8127 3.97962 18.8315 -0.754796 3.67808 9.974 19.8513 -2.11079 12.2071 -5.20813
internal_weight=25074 24084 23155 929 762 167 129 693 649 623 78 545 395 55 69 150 109 44 23135 14371 117 92 54 8764 572 274 100 298 53 245
internal_count=25074 24084 23155 929 762 167 129 693 649 623 78 545 395 55 69 150 109 44 23135 14371 117 92 54 8764 572 274 100 298 53 245
is_linear=0
shrinkage=0.05


Tree=66
num_leaves=31
num_cat=0
split_feature=141 92 100 124 1 130 2 85 26 105 142 93 108 142 26 115 129 128 100 141 80 72 107 105 115 138 99 114 94 142
split_gain=2.70603e+06 3.38701e+06 7.81409e+06 7.2338e+06 7.48115e+06 8.37377e+06 1.20049e+07 5.04296e+06 4.94076e+06 4.73372e+06 5.22433e+06 5.47668e+06 4.98724e+06 4.64516e+06 4.50495e+06 4.44303e+06 4.88378e+06 4.17102e+06 4.36692e+06 5.2821e+06 4.1022e+06 1.00052e+07 6.18463e+06 6.19738e+06 6.11133e+06 5.79555e+06 5.536e+06 4.60964e+06 1.06103e+07 4.19486e+06
threshold=72.750000000000014 -2391.4999999999995 -3384.7499999999995 2784.5214843750005 -2909.7499999999995 -3880.6174316406245 -5511.2499999999991 -1845.9999999999998 1067.1999511718752 -1220.7499999999998 -1444.7499999999998 -1511.9999999999998 -2263.7499999999995 -522.24999999999989 725.34695434570324 -1023.2499999999999 -1066.4999999999998 -1223.4999999999998 -2983.9999999999995 950.25000000000011 -359.74999999999994 -923.24999999999989 -2101.2499999999995 -1019.4999999999999 -1144.7499999999998 1046.584899902344 1140.2500000000002 1430.7500000000002 1449.7500000000002 -894.74999999999989
decision_type=2 2 2 2 2 2 2 2 2 2 2 2 2 2 2 2 2 2 2 2 2 2 2 2 2 2 2 2 2 2
left_child=-1 2 3 4 5 -2 -7 13 -4 10 11 -9 -11 14 -3 16 -6 -12 -19 -20 -14 24 26 25 -22 -24 -23 28 29 -26
right_child=1 7 8 -5 15 6 -8 9 -10 12 17 -13 20 -15 -16 -17 -18 18 19 -21 21 22 23 -25 27 -27 -28 -29 -30 -31
leaf_value=-1.2872523162685279 -2.3550588192763153 -0.48598500064320183 9.9114681221363021 29.695646753311156 -5.4838701292872436 -3.9764561386108399 42.937356624603275 23.842357664975253 34.237836865016391 -24.930518732070922 -1.1750484635517615 -6.7112924814224248 -1.0837497923641723 -0.5472355387761042 -14.5243584741844 11.279009332656862 -26.98023233625624 21.481484556198122 4.0885789455896511 -19.660174051920574 30.193903171539308 1.6326480547587079 -5.9125291073322295 0.21306821857864625 24.271708481887291 -34.890046006982978 38.389233918190001 27.153004588251534 -24.223719866045059 4.8765836853549489
leaf_weight=3511 108 88 82 20 64 25 30 55 28 20 584 20 5602 325 163 20 45 35 958 24 25 21 80 12295 29 22 20 23 31 721
leaf_count=3511 108 88 82 20 64 25 30 55 28 20 584 20 5602 325 163 20 45 35 958 24 25 21 80 12295 29 22 20 23 31 721
internal_value=-5.51902e-09 0.209597 4.64497 0.605057 -1.38745 5.73229 21.6129 0.121062 16.1036 0.250302 2.79698 15.6947 0.0243375 -4.49321 -9.60254 -10.3837 -14.3585 2.19278 4.12671 3.50816 0.0507882 0.529848 0.175363 0.111244 5.84841 -12.1626 19.5627 5.09139 4.44169 5.62653
internal_weight=25074 21563 422 312 292 163 55 21141 110 20565 1676 75 18889 576 251 129 109 1601 1017 982 18869 13267 12438 12397 829 102 41 804 781 750
internal_count=25074 21563 422 312 292 163 55 21141 110 20565 1676 75 18889 576 251 129 109 1601 1017 982 18869 13267 12438 12397 829 102 41 804 781 750
is_linear=0
shrinkage=0.05


Tree=67
num_leaves=31
num_cat=0
split_feature=33 39 136 114 93 44 120 123 120 62 37 68 115 43 30 112 29 79 107 113 106 5 120 131 16 23 27 73 141 69
split_gain=2.57866e+06 2.56867e+06 4.69162e+06 3.50162e+06 4.43411e+06 5.60287e+06 4.41131e+06 6.31524e+06 4.32011e+06 8.37552e+06 6.98793e+06 7.7796e+06 6.16416e+06 5.02577e+06 1.63724e+07 4.85032e+06 7.37626e+06 8.30299e+06 6.64625e+06 5.32973e+06 4.46576e+06 4.14204e+06 5.52715e+06 3.89593e+06 3.86839e+06 8.9266e+06 6.89712e+06 3.79055e+06 3.49987e+06 5.05111e+06
threshold=357.29637145996099 -7689.7126464843741 -397.24999999999994 -1759.4999999999998 -4678.7499999999991 -3576.2499999999995 1320.2500000000002 3159.547485351563 -441.74999999999994 -3428.657348632812 -6111.4999999999991 1067.1999511718752 -328.74999999999994 4448.7500000000009 2816.5000000000005 -1260.2499999999998 322.75000000000006 -2336.9999999999995 -1319.7499999999998 -1005.4999999999999 -900.74999999999989 2042.5865478515627 941.25000000000011 2042.5865478515627 -6694.4999999999991 -5724.9999999999991 -6002.5263671874991 -295.74999999999994 487.75000000000006 4470.4946289062509
decision_type=2 2 2 2 2 2 2 2 2 2 2 2 2 2 2 2 2 2 2 2 2 2 2 2 2 2 2 2 2 2
left_child=-1 2 -2 8 -5 6 7 -6 13 10 -10 -12 21 14 15 19 17 -17 -19 24 -21 22 -11 -15 26 -26 -3 -14 29 -7
right_child=1 3 -4 4 5 28 -8 -9 9 12 11 -13 27 23 -16 16 -18 18 -20 20 -22 -23 -24 -25 25 -27 -28 -29 -30 -31
leaf_value=-2.6416284897445159 -16.097442978015845 -0.56795544335336401 0.012209485323374509 23.503950035572053 -5.7424743999036405 -0.18122752686681151 7.9475456908897115 -32.709778014473294 -4.1174004459381104 5.7881225764931514 16.125290531706479 54.41879661650885 -2.5678598272800448 -1.1450641846656799 44.006818658655341 -5.0949934959411625 -3.351242474642667 54.095987764994305 15.190467871790347 -5.5471478968551482 -29.246774744033814 22.172066317967008 -19.559914792102319 -32.35374641418457 -26.909278532663979 0.81729436791278709 36.087125401269823 -29.227333230972292 1.2534691706002261 -8.4229836658594461
leaf_weight=891 69 33 131 20 387 16671 54 23 20 331 36 21 40 20 22 20 55 21 23 97 25 35 23 20 30 897 21 20 4830 188
leaf_count=891 69 33 131 20 387 16671 54 23 20 331 36 21 40 20 22 20 55 21 23 97 25 35 23 20 30 897 21 20 4830 188
internal_value=3.63358e-09 0.0973283 -5.54562 0.144386 -0.0282292 -0.0494743 -5.48598 -7.25527 2.25897 6.07549 21.3111 30.2334 3.4627 0.695507 1.25644 0.48679 10.0771 21.6171 33.759 -0.547888 -10.4036 5.76353 4.14122 -16.7494 0.6778 -0.0800057 13.6868 -11.4544 0.0668307 -0.273134
internal_weight=25074 24183 200 23983 22173 22153 464 410 1810 526 77 57 449 1284 1244 1222 119 64 44 1103 122 389 354 40 981 927 54 60 21689 16859
internal_count=25074 24183 200 23983 22173 22153 464 410 1810 526 77 57 449 1284 1244 1222 119 64 44 1103 122 389 354 40 981 927 54 60 21689 16859
is_linear=0
shrinkage=0.05


Tree=68
num_leaves=31
num_cat=0
split_feature=114 113 24 27 4 81 34 24 128 86 38 43 136 54 4 65 52 91 126 85 134 127 100 87 99 6 45 142 5 141
split_gain=2.52548e+06 4.94515e+06 5.58796e+06 8.14127e+06 6.9775e+06 6.30222e+06 6.25934e+06 1.19199e+07 4.74437e+06 5.59706e+06 8.47473e+06 8.72712e+06 7.94264e+06 4.66543e+06 4.73623e+06 7.29636e+06 5.97233e+06 4.56916e+06 4.38939e+06 6.01584e+06 4.28985e+06 6.11568e+06 4.24829e+06 4.47424e+06 6.7051e+06 6.24567e+06 8.03207e+06 4.36581e+06 5.98084e+06 9.93754e+06
threshold=-485.74999999999994 17.250000000000004 6563.7500000000009 7344.2351074218759 8955.2124023437518 6782.2973632812509 1587.1950683593752 2170.2500000000005 -902.24999999999989 1203.2500000000002 990.75000000000011 1239.0000000000002 -207.24999999999997 2299.0893554687505 6834.5126953125009 -2705.9999999999995 799.50000000000011 -413.49999999999994 -219.74999999999997 -1914.2499999999998 1781.2500000000002 1677.7500000000002 -2617.2499999999995 855.75000000000011 2895.5000000000005 -4939.1760253906241 -1819.2499999999998 -2441.7499999999995 1890.4719848632815 1119.0000000000002
decision_type=2 2 2 2 2 2 2 2 2 2 2 2 2 2 2 2 2 2 2 2 2 2 2 2 2 2 2 2 2 2
left_child=1 2 3 4 5 13 -6 -8 9 10 11 18 -11 14 -1 -16 -17 -12 19 -3 21 -10 -2 24 -24 -25 -27 -28 -29 -30
right_child=22 8 -4 -5 6 -7 7 -9 20 12 17 -13 -14 -15 15 16 -18 -19 -20 -21 -22 -23 23 25 -26 26 27 28 29 -31
leaf_value=-0.068496083457621496 17.491903687968399 -31.326123771667483 23.601274322509767 -31.93540325522423 37.3678720517592 -16.15292827223168 -9.9753259340922042 37.501844367980958 3.601358108906263 -3.1934412703794592 -37.059763956069951 28.54461092758179 34.374832057952879 -22.506561047097914 38.557339515686039 -12.293820435660226 23.480251092910766 -11.10299677875909 13.434636409862623 -2.5038828630722008 -14.832775079050373 28.998389013608296 -1.0263051851365443 27.977608081272674 -27.487439739704133 -23.565884562099683 23.570005834670297 0.97665299348938683 7.5375489091873167 -24.973276210249519
leaf_weight=7854 33 20 25 20 22 61 39 20 1921 34 21 25 24 23 20 28 20 88 37 191 31 24 9611 21 24 34 21 4685 40 57
leaf_count=7854 33 20 25 20 22 61 39 20 1921 34 21 25 24 23 20 28 20 88 37 191 31 24 9611 21 24 34 21 4685 40 57
internal_value=-7.0116e-09 0.588868 -0.00123054 -0.0740149 0.00478168 -0.142946 14.6061 6.11863 2.57508 -2.12038 -4.31776 0.388032 12.3521 -0.0200245 0.0452609 13.1842 2.61204 -16.1038 -2.45033 -5.23585 3.62062 3.91474 -0.427604 -0.468406 -1.09222 0.768815 0.650687 0.822114 0.722218 -11.5668
internal_weight=25074 10548 8132 8107 8087 8006 81 59 2416 440 382 273 58 7945 7922 68 48 109 248 211 1976 1945 14526 14493 9635 4858 4837 4803 4782 97
internal_count=25074 10548 8132 8107 8087 8006 81 59 2416 440 382 273 58 7945 7922 68 48 109 248 211 1976 1945 14526 14493 9635 4858 4837 4803 4782 97
is_linear=0
shrinkage=0.05


Tree=69
num_leaves=31
num_cat=0
split_feature=107 105 98 87 6 107 45 113 71 26 36 15 20 39 115 142 85 104 106 120 6 39 90 9 24 142 33 79 122 133
split_gain=2.41377e+06 6.90128e+06 1.05791e+07 5.44572e+06 7.24851e+06 6.17951e+06 5.79749e+06 5.37245e+06 7.33305e+06 6.66093e+06 6.3076e+06 5.69489e+06 5.4859e+06 4.9299e+06 7.3324e+06 7.64492e+06 5.59808e+06 4.67105e+06 4.62695e+06 4.8842e+06 8.64635e+06 9.4475e+06 6.07801e+06 7.89552e+06 8.45982e+06 4.45407e+06 5.57646e+06 5.90848e+06 5.16467e+06 5.282e+06
threshold=-678.74999999999989 132.25000000000003 -335.74999999999994 855.75000000000011 -4939.1760253906241 1797.7500000000002 -1849.2499999999998 1991.2500000000002 2121.2500000000005 1401.3559570312502 1931.0000000000002 6150.0000000000009 4848.3823242187509 2814.4599609375005 -257.74999999999994 -685.74999999999989 1137.2500000000002 -441.22177124023432 1014.2500000000001 -459.74999999999994 5712.9316406250009 8033.7148437500009 -3560.7712402343745 -5909.7499999999991 -4981.2499999999991 -508.74999999999994 2042.5865478515627 6233.7500000000009 -932.74999999999989 -617.24999999999989
decision_type=2 2 2 2 2 2 2 2 2 2 2 2 2 2 2 2 2 2 2 2 2 2 2 2 2 2 2 2 2 2
left_child=1 7 -3 5 -5 -2 17 8 11 12 -11 18 -10 16 15 -15 -4 -6 19 20 21 -1 23 -21 -25 -8 27 28 -27 -30
right_child=3 2 13 4 6 -7 25 -9 9 10 -12 -13 -14 14 -16 -17 -18 -19 -20 22 -22 -23 -24 24 -26 26 -28 -29 29 -31
leaf_value=-1.0321408339819933 -0.93563292203325976 40.998705557118292 7.5181381034851071 28.389028720060988 -1.4100640296936036 -27.461409169977362 3.8921838987551598 22.284670802525113 -10.034041454619969 -2.6004493284225467 -38.394725430011754 24.888859232266746 11.971809811592102 8.819565391540527 0.096559382499532498 47.953109804789229 -12.507641141456471 -35.173323407173157 -15.861347291635912 -0.31187409903552082 -30.858093229929608 24.383582512108056 1.2370793020959314 48.75886962197044 12.166326113683837 18.134306865930558 -20.543501120060682 24.170010772118204 -15.033348981408697 0.29756503881503427
leaf_weight=3102 11040 23 90 24 21 22 1055 28 97 20 32 24 40 26 47 24 57 20 43 74 24 37 4953 22 56 40 32 26 57 3918
leaf_count=3102 11040 23 90 24 21 22 1055 28 97 20 32 24 40 26 47 24 57 20 43 74 24 37 4953 22 56 40 32 26 57 3918
internal_value=7.98516e-09 0.666024 8.58198 -0.361345 0.974364 -0.988387 0.847076 0.418882 0.347056 -9.3919 -24.6277 0.567892 -3.60898 5.52631 14.2755 27.6037 -0.24696 -17.8799 0.497659 0.582739 -0.961145 -0.732561 1.53931 11.3877 22.4873 0.996804 0.246835 0.41147 0.257617 0.0777255
internal_weight=25074 8819 267 16255 5193 11062 5169 8552 8524 189 52 8335 137 244 97 50 147 41 8311 8268 3163 3139 5105 152 78 5128 4073 4041 4015 3975
internal_count=25074 8819 267 16255 5193 11062 5169 8552 8524 189 52 8335 137 244 97 50 147 41 8311 8268 3163 3139 5105 152 78 5128 4073 4041 4015 3975
is_linear=0
shrinkage=0.05


Tree=70
num_leaves=31
num_cat=0
split_feature=141 78 5 50 108 6 0 128 15 78 141 127 107 77 133 64 114 113 140 127 100 113 17 43 17 107 141 10 90 120
split_gain=2.35992e+06 5.56963e+06 6.01923e+06 4.04789e+06 4.3521e+06 3.97901e+06 3.89419e+06 3.54804e+06 3.70116e+06 3.47919e+06 2.97092e+06 3.01563e+06 2.92208e+06 3.80873e+06 2.88054e+06 2.57521e+06 2.55326e+06 5.23042e+06 4.46602e+06 8.50276e+06 4.0037e+06 3.98359e+06 6.05142e+06 6.14181e+06 5.95291e+06 7.89323e+06 7.36872e+06 8.36604e+06 5.56258e+06 4.39785e+06
threshold=97.250000000000014 3079.7500000000005 1102.340026855469 -3069.2499999999995 -957.24999999999989 3910.797973632813 4022.5000000000005 -1248.9999999999998 -3100.9999999999995 -2767.2499999999995 1.0000000180025095e-35 1322.7500000000002 -1391.2499999999998 -1532.7499999999998 -392.74999999999994 -2819.7499999999995 -485.74999999999994 -266.74999999999994 1006.0000000000001 1792.7500000000002 -2617.2499999999995 999.25000000000011 1287.7500000000002 2417.2500000000005 2792.2500000000005 -1821.4999999999998 453.25000000000006 3558.2500000000005 2116.6132812500005 1212.2500000000002
decision_type=2 2 2 2 2 2 2 2 2 2 2 2 2 2 2 2 2 2 2 2 2 2 2 2 2 2 2 2 2 2
left_child=1 3 -3 14 5 7 10 9 -9 -5 -6 12 13 -12 15 -1 17 18 19 -2 -18 24 29 -24 28 -26 -27 -28 -19 -23
right_child=16 2 -4 4 6 -7 -8 8 -10 -11 11 -13 -14 -15 -16 -17 20 21 -20 -21 -22 22 23 -25 25 26 27 -29 -30 -31
leaf_value=-10.105295881731758 -0.26802413762906435 1.5266941772566902 34.272182837776519 15.375300898918738 -13.480905392590692 24.384164247512818 -19.005336529016496 23.696700962384543 3.5492795022557355 -3.6811646974988679 1.6316461208254793 -13.178308021797324 -0.94166275293369783 -18.078432847742448 2.1196444034576416 -30.196040948954494 17.451727746427061 2.4831482994014702 -19.46602467219035 30.897129110856493 -0.25725570818044752 -2.9352009655879097 -38.754114904403686 -7.1254731467275905 40.011318660917738 -1.6364042320636789 39.142882340954202 6.6628040517460221 -12.760493676388851 21.396220695055447
leaf_weight=58 4214 36 23 26 51 20 32 24 454 304 43 53 3711 57 32 22 32 3165 30 22 12221 65 20 66 21 99 31 55 61 26
leaf_count=58 4214 36 23 26 51 20 32 24 454 304 43 53 3711 57 32 22 32 3165 30 22 12221 65 20 66 21 99 31 55 61 26
internal_value=7.62933e-09 -0.978544 14.2919 -1.1629 -0.942515 2.35321 -1.63389 1.80789 4.56087 -2.17975 -1.4919 -1.33366 -1.16894 -9.6031 -10.5589 -15.6303 0.240455 0.942901 -0.242311 -0.106165 -0.211007 2.34387 -4.9709 -14.481 2.72112 10.9617 7.66421 18.3707 2.19491 4.01663
internal_weight=25074 4946 59 4887 4775 828 3947 808 478 330 3915 3864 3811 100 112 80 20128 7875 4266 4236 12253 3609 177 86 3432 206 185 86 3226 91
internal_count=25074 4946 59 4887 4775 828 3947 808 478 330 3915 3864 3811 100 112 80 20128 7875 4266 4236 12253 3609 177 86 3432 206 185 86 3226 91
is_linear=0
shrinkage=0.05


Tree=71
num_leaves=31
num_cat=0
split_feature=106 127 59 85 100 117 82 115 137 93 129 142 49 10 64 100 26 37 70 32 141 87 120 5 51 114 127 11 134 93
split_gain=2.2787e+06 5.80173e+06 4.37229e+06 5.74543e+06 5.33801e+06 5.1842e+06 8.2632e+06 7.89377e+06 8.9797e+06 6.88348e+06 6.66801e+06 6.20251e+06 6.65838e+06 9.7811e+06 5.25845e+06 4.75417e+06 4.53803e+06 4.82994e+06 4.43328e+06 5.52135e+06 4.36656e+06 3.63979e+06 3.55286e+06 6.68881e+06 5.7979e+06 3.61506e+06 4.95797e+06 7.16777e+06 4.65371e+06 5.01531e+06
threshold=2603.2500000000005 3428.0000000000005 1668.5000000000002 1121.2500000000002 810.25000000000011 1473.834655761719 1401.3559570312502 2668.2500000000005 12727.662109375002 4083.7500000000005 1067.2500000000002 -376.24999999999994 3846.2500000000005 4134.2500000000009 4148.7500000000009 1813.7500000000002 1114.236511230469 1735.2500000000002 5172.5000000000009 9523.3276367187518 821.75000000000011 3267.5000000000005 2573.7500000000005 1088.9631958007815 16.750000000000004 -160.24999999999997 1677.7500000000002 8818.4897460937518 1715.5000000000002 -716.24999999999989
decision_type=2 2 2 2 2 2 2 2 2 2 2 2 2 2 2 2 2 2 2 2 2 2 2 2 2 2 2 2 2 2
left_child=1 22 3 -2 -4 11 -7 10 9 -9 -8 12 13 15 -14 -6 17 -17 -16 -20 21 -13 25 -24 -25 26 -1 28 29 -28
right_child=2 -3 4 -5 5 6 7 8 -10 -11 -12 20 14 -15 18 16 -18 -19 19 -21 -22 -23 23 24 -26 -27 27 -29 -30 -31
leaf_value=0.29112166645877824 -8.8715210283124772 -25.762604577974841 22.546834302831581 12.941029307900406 -15.861536461966379 -35.792312615850697 -3.4152376126020387 14.033553142981098 29.35837589132375 -24.686504809061688 -36.49450979614258 -3.7601290761809993 32.577991697192196 -31.248632188276812 0.60329440510462207 -10.382713564236958 31.525959048271183 17.142491528567145 30.952738160443932 -1.503632335662842 2.2530352010726928 -20.965345618989733 -3.5274067780067178 2.5107032995957597 33.876394956252156 -0.9008431026595185 30.64370044072469 38.323824958801275 -9.8259273856878284 -3.2582462117075921
leaf_weight=14718 37 22 27 164 21 23 39 22 29 24 25 97 32 22 63 30 20 34 38 20 200 45 58 26 34 9108 24 20 32 20
leaf_count=14718 37 22 27 164 21 23 39 22 29 24 25 97 32 22 63 30 20 34 38 20 200 45 58 26 34 9108 24 20 32 20
internal_value=3.64933e-10 -0.0977521 2.32422 8.92578 0.688074 -0.0647146 -8.03164 -3.43814 7.56873 -6.16822 -16.3368 2.01027 7.52841 -0.934486 14.5532 5.41705 10.7367 4.24005 9.78627 19.7609 -2.5075 -9.21249 -0.0742651 8.58039 20.2846 -0.116956 0.364997 11.6909 4.68229 15.2337
internal_weight=25074 24062 1012 201 811 784 162 139 75 46 64 622 280 127 153 105 84 64 121 58 342 142 24040 118 60 23922 14814 96 76 44
internal_count=25074 24062 1012 201 811 784 162 139 75 46 64 622 280 127 153 105 84 64 121 58 342 142 24040 118 60 23922 14814 96 76 44
is_linear=0
shrinkage=0.05


Tree=72
num_leaves=31
num_cat=0
split_feature=39 136 114 142 78 39 117 107 62 84 106 114 12 121 101 128 15 43 97 106 108 71 127 112 134 137 134 3 65 73
split_gain=2.26734e+06 4.17097e+06 3.15997e+06 4.0097e+06 3.86878e+06 7.85685e+06 5.61096e+06 5.55681e+06 1.15287e+07 6.1407e+06 6.08283e+06 3.74681e+06 3.69571e+06 3.21604e+06 6.52964e+06 5.45804e+06 8.35679e+06 4.42397e+06 1.29422e+07 4.98745e+06 4.3766e+06 3.95778e+06 4.29358e+06 3.78557e+06 5.11899e+06 6.45132e+06 4.85857e+06 4.67743e+06 3.39313e+06 8.11911e+06
threshold=-7689.7126464843741 -397.24999999999994 -1759.4999999999998 -16.749999999999996 -1724.7499999999998 5588.6501464843759 1565.8640136718752 -2101.2499999999995 -2518.080688476562 179.75000000000003 -450.74999999999994 -1507.7499999999998 1286.4824218750002 -482.74999999999994 1117.7500000000002 -422.24999999999994 -2402.2499999999995 4448.7500000000009 2829.873657226563 -552.24999999999989 -2053.7499999999995 2245.2500000000005 1409.5000000000002 -1424.4999999999998 -427.74999999999994 846.53997802734386 -146.74999999999997 1687.7500000000002 -1429.2499999999998 -680.74999999999989
decision_type=2 2 2 2 2 2 2 2 2 2 2 2 2 2 2 2 2 2 2 2 2 2 2 2 2 2 2 2 2 2
left_child=1 -1 3 13 5 6 12 8 -6 10 11 -10 -4 14 15 17 -17 18 21 -19 -18 22 23 28 25 -25 -26 -28 29 -2
right_child=2 -3 4 -5 7 -7 -8 -9 9 -11 -12 -13 -14 -15 -16 16 20 19 -20 -21 -22 -23 -24 24 26 -27 27 -29 -30 -31
leaf_value=-15.251542195720951 0.38375042485546423 -0.062043036941353602 -2.7538480709151898 22.794843619802723 45.231925401687626 -31.75344641208649 22.789611400876726 -0.05537894056853529 -6.4101700059572853 26.939481685472572 -22.931285278320313 18.185625825822353 -22.316905029296876 -12.233839492797852 25.632982148795293 32.932896928226249 -11.374700564722861 2.5846441622133609 41.386570692062378 -27.277597904821921 11.828768060975158 -18.828474971771239 24.242573366165161 36.883015581539702 -12.422463111877441 0.2220819564092727 2.7241430237076503 25.613728860446386 -4.8770551832112146 24.916988045828685
leaf_weight=69 925 131 703 23 20 24 21 22155 30 23 25 32 25 40 29 34 31 27 20 29 59 25 20 28 40 21 110 28 292 35
leaf_count=69 925 131 703 23 20 24 21 22155 30 23 25 32 25 40 29 34 31 27 20 29 59 25 20 28 40 21 110 28 292 35
internal_value=2.13775e-09 -5.30242 0.0426342 2.05076 -0.115522 -3.59299 -2.69065 0.00510114 10.3123 3.96328 -2.11089 6.28443 -3.42566 1.78466 2.10454 1.70876 11.8145 0.925562 1.42627 -12.8797 3.83646 0.901859 1.23092 0.919739 6.86048 21.1712 2.92102 7.36841 -0.157377 1.27819
internal_weight=25074 200 24874 1816 23058 773 749 22285 130 110 87 62 728 1793 1753 1724 124 1600 1544 56 90 1524 1499 1479 227 49 178 138 1252 960
internal_count=25074 200 24874 1816 23058 773 749 22285 130 110 87 62 728 1793 1753 1724 124 1600 1544 56 90 1524 1499 1479 227 49 178 138 1252 960
is_linear=0
shrinkage=0.05


Tree=73
num_leaves=31
num_cat=0
split_feature=141 137 114 131 117 79 129 58 58 122 139 119 100 22 73 107 127 35 144 63 22 135 132 44 133 24 38 61 59 54
split_gain=2.16743e+06 3.98109e+06 3.1168e+06 4.49354e+06 4.57874e+06 6.12165e+06 2.70216e+06 5.22347e+06 1.40421e+07 5.37696e+06 4.77166e+06 5.24333e+06 4.54573e+06 5.66901e+06 5.04679e+06 4.3813e+06 4.13237e+06 5.83573e+06 5.28693e+06 4.3822e+06 7.34821e+06 7.44805e+06 8.66406e+06 6.48813e+06 5.6619e+06 5.58787e+06 4.25686e+06 4.21457e+06 3.99887e+06 3.84839e+06
threshold=170.25000000000003 9206.2802734375018 -86.249999999999986 1438.1508789062502 1046.584899902344 1119.2500000000002 -1327.2499999999998 -1322.2499999999998 -1004.7499999999999 -1082.7499999999998 -972.61157226562489 -1264.4999999999998 -290.24999999999994 4942.7500000000009 37.250000000000007 -4898.7499999999991 -727.74999999999989 1138.7500000000002 3399.755004882813 -3375.2499999999995 -610.24999999999989 -1016.2499999999999 -3485.8989257812495 -3576.2499999999995 314.75000000000006 -4981.2499999999991 -4746.2499999999991 2784.5214843750005 -21.749999999999996 1034.9852294921877
decision_type=2 2 2 2 2 2 2 2 2 2 2 2 2 2 2 2 2 2 2 2 2 2 2 2 2 2 2 2 2 2
left_child=1 2 -1 4 -4 -6 7 9 -9 10 11 -2 14 -14 28 -8 17 18 -17 20 21 25 -23 -21 29 -18 -26 -25 -10 -24
right_child=6 -3 3 -5 5 -7 15 8 12 -11 -12 -13 13 -15 -16 16 19 -19 -20 23 -22 22 24 27 26 -27 -28 -29 -30 -31
leaf_value=-0.14441628010725027 1.788149423218788 18.927340287428635 -2.4356337478153787 -22.197807809284754 -0.84098579168319709 31.100752512613937 -19.524355867930822 50.144958416223531 -1.1694848196847099 18.480438612529209 -24.659136572751134 -23.738572554154828 30.284781207757842 -2.2889111952348187 -7.9071493705113731 -5.3477363782142531 43.288097015380863 -29.669134048793627 21.30155365943909 -7.4204335693089938 -17.16074275641606 -18.39325826818293 -3.2803611296496982 0.3734032422377922 38.885205745697021 10.48287014078211 9.6835431355696464 17.270089527078579 30.070131912231446 16.340500555540384
leaf_weight=6956 235 26 2134 28 40 24 28 20 21 35 22 22 34 22 72 268 25 23 20 269 29 33 73 14443 24 27 26 37 20 38
leaf_count=6956 235 26 2134 28 40 24 28 20 21 35 22 22 34 22 72 268 25 23 20 269 29 33 73 14443 24 27 26 37 20 38
internal_value=2.6336e-10 -0.610214 -0.665537 -2.29398 -2.04043 11.1372 0.354144 3.96031 10.5278 0.0072639 -2.31016 -0.397017 5.83938 17.488 0.0666257 0.236075 0.272155 -5.43264 -3.49709 0.390246 6.64397 9.45021 4.94594 0.273643 9.72975 26.2546 23.7003 0.416578 14.0694 3.43669
internal_weight=25074 9208 9182 2226 2198 64 15866 503 189 314 279 257 169 56 113 15363 15335 311 288 15024 275 246 194 14749 161 52 50 14480 41 111
internal_count=25074 9208 9182 2226 2198 64 15866 503 189 314 279 257 169 56 113 15363 15335 311 288 15024 275 246 194 14749 161 52 50 14480 41 111
is_linear=0
shrinkage=0.05


Tree=74
num_leaves=31
num_cat=0
split_feature=33 135 79 142 12 103 43 71 108 121 142 86 77 114 40 26 103 65 3 137 64 71 33 106 86 85 114 134 23 40
split_gain=2.12137e+06 2.46854e+06 3.81617e+06 7.57397e+06 5.3819e+06 6.74102e+06 6.42277e+06 4.80615e+06 4.59921e+06 4.10991e+06 3.88964e+06 3.70427e+06 4.75712e+06 6.44392e+06 6.17755e+06 5.75125e+06 5.36753e+06 3.87738e+06 6.20902e+06 3.358e+06 6.89358e+06 1.18016e+07 8.49897e+06 5.70155e+06 4.98746e+06 4.4662e+06 4.19061e+06 3.74077e+06 5.59951e+06 6.22023e+06
threshold=357.29637145996099 -265.24999999999994 6233.7500000000009 -1547.2499999999998 1748.4644165039065 1565.8640136718752 2129.2500000000005 1031.7500000000002 4863.7500000000009 -2213.2499999999995 -445.24999999999994 5806.5000000000009 4379.0000000000009 2191.0000000000005 1647.119079589844 770.16400146484386 1006.120086669922 4615.2500000000009 8081.2500000000009 7308.0075683593759 2276.2500000000005 605.75000000000011 1890.4719848632815 3463.7500000000005 1378.7500000000002 3861.2500000000005 -925.74999999999989 131.25000000000003 2645.5000000000005 1154.7329101562502
decision_type=2 2 2 2 2 2 2 2 2 2 2 2 2 2 2 2 2 2 2 2 2 2 2 2 2 2 2 2 2 2
left_child=-1 11 3 -3 9 -6 7 -7 -4 -5 -8 12 13 19 15 -14 -15 -17 -19 23 21 -21 -23 25 26 27 -22 28 -2 -30
right_child=1 2 8 4 5 6 10 -9 -10 -11 -12 -13 14 16 -16 17 -18 18 -20 20 24 22 -24 -25 -26 -27 -28 -29 29 -31
leaf_value=-2.3959796788014147 0.031007679862977828 -30.175495800971987 29.60741900920868 16.948306389344044 -30.114392992655436 -3.9274065998622349 -29.371507920159235 25.123189250628155 0.78337076248661175 0.68813277524765526 -2.0015392625331878 -17.930732968648275 23.911148140980647 -2.8506299392036771 31.039395504731399 14.756698426746187 -37.813745966411773 -24.493724065274002 10.495532374154955 -2.6279731559753419 -1.0299153426114251 16.077933739253453 56.936714248657225 -20.627052327564783 9.5775961258194666 16.69705851203517 -27.695932813791128 -1.5267530246264676 5.5290309412889691 34.048411308635366
leaf_weight=891 7303 20 25 39 30 35 27 24 31 10959 25 30 26 23 26 21 21 32 21 50 34 35 20 35 44 38 26 5015 146 22
leaf_count=891 7303 20 25 39 30 35 27 24 31 10959 25 30 26 23 26 21 21 32 21 50 34 35 20 35 44 38 26 5015 146 22
internal_value=-9.93856e-10 0.0882776 0.631492 0.566154 0.621351 -9.08513 -3.40155 7.88978 13.6512 0.745793 -16.2129 -0.381506 -0.340814 -0.435893 9.32708 3.68188 -19.5376 -3.42571 -10.6301 -0.370066 5.91563 14.953 30.9357 -0.474669 -3.20863 -0.418351 -12.5852 -0.47044 0.238623 9.26371
internal_weight=25074 24183 11215 11159 11139 141 111 59 56 10998 52 12968 12938 12812 126 100 44 74 53 12768 209 105 55 12559 104 12524 60 12486 7471 168
internal_count=25074 24183 11215 11159 11139 141 111 59 56 10998 52 12968 12938 12812 126 100 44 74 53 12768 209 105 55 12559 104 12524 60 12486 7471 168
is_linear=0
shrinkage=0.05


Tree=75
num_leaves=31
num_cat=0
split_feature=121 140 107 135 57 57 121 113 110 87 5 12 134 133 127 142 134 19 120 99 27 134 108 57 129 92 57 5 134 5
split_gain=2.09107e+06 1.0188e+07 6.22558e+06 5.70103e+06 4.72809e+06 5.27605e+06 4.07415e+06 5.39135e+06 4.87064e+06 3.93394e+06 3.70819e+06 3.37419e+06 3.05775e+06 4.74273e+06 4.28685e+06 4.08719e+06 3.48263e+06 5.81647e+06 3.26175e+06 4.30941e+06 6.96649e+06 1.00287e+07 6.14687e+06 5.73891e+06 5.20607e+06 4.91312e+06 8.10988e+06 5.99284e+06 4.14573e+06 4.13428e+06
threshold=1263.0000000000002 2238.0000000000005 1168.0000000000002 1669.5000000000002 3076.5000000000005 2581.0000000000005 2415.0000000000005 3740.0000000000005 1034.9852294921877 4307.5000000000009 1226.166442871094 823.85534667968761 2834.7500000000005 1789.5000000000002 2434.7500000000005 -416.74999999999994 2222.0000000000005 1515.713562011719 3425.0000000000005 2257.7500000000005 2335.4130859375005 1852.5000000000002 800.75000000000011 2732.0000000000005 1404.5000000000002 2444.5000000000005 1741.0000000000002 808.21493530273449 1595.5000000000002 1401.3559570312502
decision_type=2 2 2 2 2 2 2 2 2 2 2 2 2 2 2 2 2 2 2 2 2 2 2 2 2 2 2 2 2 2
left_child=1 12 4 6 5 -2 7 -4 -8 -10 11 -5 13 14 16 -16 18 -18 19 -1 22 24 23 -21 25 27 -27 -22 29 -24
right_child=2 -3 3 10 -6 -7 8 -9 9 -11 -12 -13 -14 -15 15 -17 17 -19 -20 20 21 -23 28 -25 -26 26 -28 -29 -30 -31
leaf_value=-0.15858312753546303 10.761212359147299 -35.7611807513237 -0.80980418814632482 20.120026136338712 26.534067248984389 -17.137475233078003 2.2902978152559519 14.820169703566259 -30.757752923042545 -7.7131389700848123 29.01968777179718 -7.9608309040898861 16.756621770505554 -12.717771360680864 -0.045065219061715261 30.793614474209875 4.6691165924072271 -33.007063019843329 -17.743518139765815 11.91918956653492 5.5077139623237379 33.469866679963609 5.329440251754149 45.162661895155907 -26.791874856948851 28.056429043081074 -0.31830057128865452 -21.353788999148779 -14.205353037516275 23.814902625364418
leaf_weight=22988 111 20 501 20 38 20 57 62 31 46 26 23 27 74 21 22 20 21 26 37 33 21 274 20 20 27 374 56 24 34
leaf_count=22988 111 20 501 20 38 20 57 62 31 46 26 23 27 74 21 22 20 21 26 37 33 21 274 20 20 27 374 56 24 34
internal_value=-1.12305e-09 -0.0898647 2.32005 0.403661 11.0062 6.50187 -0.953528 0.911436 -8.78916 -16.9908 14.1132 5.10003 -0.0602853 -0.079132 -0.0401921 15.7329 -0.0684816 -14.6284 -0.0435398 -0.024291 3.33126 -0.392747 8.41467 23.5836 -1.78709 -0.766487 1.59222 -11.3939 5.81038 7.37004
internal_weight=25074 24139 935 766 169 131 697 563 134 77 69 43 24119 24092 24018 43 23975 41 23934 23908 920 531 389 57 510 490 401 89 332 308
internal_count=25074 24139 935 766 169 131 697 563 134 77 69 43 24119 24092 24018 43 23975 41 23934 23908 920 531 389 57 510 490 401 89 332 308
is_linear=0
shrinkage=0.05


Tree=76
num_leaves=31
num_cat=0
split_feature=65 64 114 0 61 136 110 49 94 15 31 17 99 66 64 27 39 5 135 127 103 80 138 129 137 29 18 73 110 120
split_gain=2.04223e+06 7.75754e+06 1.11072e+07 7.52325e+06 6.38021e+06 6.04369e+06 5.94376e+06 5.35143e+06 8.61442e+06 5.22457e+06 6.41473e+06 6.25443e+06 5.32703e+06 5.9154e+06 6.00936e+06 5.09465e+06 5.09025e+06 4.46944e+06 6.22083e+06 6.29749e+06 5.49955e+06 7.41674e+06 5.96176e+06 3.94585e+06 3.72597e+06 5.97555e+06 5.37798e+06 3.68722e+06 6.64851e+06 5.38147e+06
threshold=-1188.2499999999998 -570.24999999999989 -3081.7499999999995 -5479.2499999999991 2784.5214843750005 200.25000000000003 2784.5214843750005 200.25000000000003 -1784.7499999999998 -2186.2499999999995 -2849.7499999999995 -338.24999999999994 -1238.9999999999998 -1427.2499999999998 -303.24999999999994 -3090.1374511718745 -4238.4951171874991 2042.5865478515627 459.25000000000006 520.25000000000011 1647.119079589844 158.25000000000003 1647.119079589844 -2180.9999999999995 4312.6550292968759 1800.5000000000002 2842.7524414062505 7265.0000000000009 1565.8640136718752 4857.5000000000009
decision_type=2 2 2 2 2 2 2 2 2 2 2 2 2 2 2 2 2 2 2 2 2 2 2 2 2 2 2 2 2 2
left_child=1 7 -3 -4 6 -6 17 -1 -9 10 -5 16 -13 14 -14 -12 -11 20 19 -19 23 -22 -23 -2 26 -26 -15 28 29 -25
right_child=4 2 3 9 5 -7 -8 8 -10 11 15 12 13 24 -16 -17 -18 18 -20 -21 21 22 -24 27 25 -27 -28 -29 -30 -31
leaf_value=0.22347051538453405 -16.628298867715372 33.360810412782612 -25.044780696522107 -2.7185706959051248 1.3858234286308289 38.115075347537086 -27.566647567749023 -38.641158228335172 -2.2966611036232538 -16.164366606871287 38.88314278664128 -10.049935974945894 9.0561558678036658 8.5369342210934249 47.351978168487555 11.727303063563811 1.0650186741088246 -25.26185879914657 -31.858335130031293 6.1590483757165764 -11.936072994000984 37.711953569495158 9.4796833600997932 -0.23463964971989693 37.26892414855957 3.6372873187065125 -10.127247338245313 15.484552355070372 -18.522821102142334 -25.560717260269893
leaf_weight=5820 37 33 22 34 24 21 20 23 56 48 31 37 21 197 20 39 401 23 26 52 33 23 100 17724 25 28 48 37 50 21
leaf_count=5820 37 33 22 34 24 21 20 23 56 48 31 37 21 197 20 39 401 23 26 52 33 23 100 17724 25 28 48 37 50 21
internal_value=-9.65606e-10 0.733584 4.84352 3.85396 -0.277569 18.5261 -0.3242 0.0480147 -12.878 4.53832 15.0991 3.20702 7.96438 9.93054 27.737 23.7535 -0.776876 -0.294141 -10.7829 -3.4767 -0.235369 9.11188 14.7589 -0.316973 7.48066 19.5013 4.88028 -0.283128 -0.315913 -0.264611
internal_weight=25074 6883 984 951 18191 45 18146 5899 79 929 104 825 376 339 41 70 449 18126 101 75 18025 156 123 17869 298 53 245 17832 17795 17745
internal_count=25074 6883 984 951 18191 45 18146 5899 79 929 104 825 376 339 41 70 449 18126 101 75 18025 156 123 17869 298 53 245 17832 17795 17745
is_linear=0
shrinkage=0.05


Tree=77
num_leaves=31
num_cat=0
split_feature=39 136 1 123 20 62 37 61 127 110 99 107 121 129 135 9 86 0 24 107 134 78 120 141 141 5 113 129 124 73
split_gain=2.01486e+06 3.84354e+06 3.0249e+06 2.86952e+06 2.48195e+06 4.17507e+06 4.48867e+06 3.88459e+06 8.65577e+06 6.4134e+06 3.3209e+06 2.97571e+06 8.53003e+06 7.44765e+06 7.38119e+06 8.18614e+06 8.75992e+06 5.01491e+06 6.30368e+06 9.8526e+06 4.51514e+06 4.16382e+06 4.09305e+06 3.82009e+06 3.71084e+06 3.12404e+06 6.19748e+06 6.74264e+06 5.32224e+06 5.20869e+06
threshold=-7689.7126464843741 -397.24999999999994 -2909.7499999999995 -6694.1398925781241 -7134.9187011718741 -6237.3620605468741 -7241.2499999999991 2784.5214843750005 422.25000000000006 2784.5214843750005 -2399.2499999999995 -3394.9999999999995 -3103.7499999999995 -1327.2499999999998 -452.74999999999994 -4588.9999999999991 -3986.2499999999995 -5479.2499999999991 -4981.2499999999991 -2373.7499999999995 272.75000000000006 -184.74999999999997 -143.74999999999997 329.25000000000006 453.25000000000006 2042.5865478515627 2243.0000000000005 -316.74999999999994 1890.4719848632815 4369.2500000000009
decision_type=2 2 2 2 2 2 2 2 2 2 2 2 2 2 2 2 2 2 2 2 2 2 2 2 2 2 2 2 2 2
left_child=1 -1 -3 -2 10 -6 -7 9 -9 11 -5 12 13 23 15 -14 -17 21 19 -19 -18 24 -21 -8 -13 -20 27 -27 -29 -28
right_child=3 2 -4 4 5 6 7 8 -10 -11 -12 17 14 -15 -16 16 20 18 25 22 -22 -23 -24 -25 -26 26 29 28 -30 -31
leaf_value=-14.549106360518415 16.971321548461912 5.9052817353388161 -9.7967515609702289 1.9851860415935516 22.878783712387087 -18.689489927142859 13.530481476479389 -7.3488637089729316 27.945481639159354 -26.37487420621126 -26.828423614501954 -6.9677323771304778 44.339700397491455 -22.552058508457282 -7.5125372409820557 -11.319330729757038 12.999932840336925 42.795576849850747 0.032034588217953373 -12.728714599298394 40.540301251953302 10.488641681671144 18.199079961776732 -6.5234256347020469 -27.038011367900953 -20.917873646662787 -38.304050636291507 -4.9579407379031188 24.111155722218175 -6.2906525717841255
leaf_weight=69 25 82 49 20 20 32 47 32 38 23 20 61 25 39 34 28 46 22 24052 23 22 20 20 48 37 26 24 32 31 27
leaf_count=69 25 82 49 20 20 32 47 32 38 23 20 61 25 39 34 28 46 22 24052 23 22 20 20 48 37 26 24 32 31 27
internal_value=-4.04924e-09 -4.99848 0.0320021 0.0401904 0.0231564 0.0432213 0.0247974 0.0489868 11.8109 0.0156358 -12.4216 0.0402458 5.08404 -4.15464 13.071 18.8548 12.2181 -0.0195554 0.0304655 15.5804 21.9101 -10.3022 1.65631 3.39798 -14.5453 -0.0113146 -7.4587 0.504798 9.3459 -21.3558
internal_weight=25074 200 131 24874 24849 24809 24789 24757 70 24687 40 24664 289 134 155 121 96 24375 24257 65 68 118 43 95 98 24192 140 89 63 51
internal_count=25074 200 131 24874 24849 24809 24789 24757 70 24687 40 24664 289 134 155 121 96 24375 24257 65 68 118 43 95 98 24192 140 89 63 51
is_linear=0
shrinkage=0.05


Tree=78
num_leaves=31
num_cat=0
split_feature=113 89 5 33 61 99 26 141 75 61 85 128 127 127 141 79 110 81 136 122 127 107 115 128 14 24 134 102 9 57
split_gain=2.04046e+06 4.04497e+06 7.78414e+06 1.08638e+07 7.99254e+06 7.1755e+06 6.7405e+06 4.40876e+06 5.55538e+06 4.12056e+06 4.04104e+06 5.26569e+06 4.13986e+06 3.82145e+06 5.06664e+06 3.71914e+06 7.74398e+06 7.32401e+06 2.90618e+06 2.67322e+06 2.83359e+06 4.78776e+06 5.66668e+06 3.26039e+06 2.71007e+06 4.38226e+06 2.70531e+06 5.65683e+06 4.55278e+06 4.57213e+06
threshold=3740.0000000000005 1126.3332519531252 1473.834655761719 1890.4719848632815 2299.0893554687505 4438.7500000000009 946.10641479492199 884.50000000000011 1373.502868652344 794.32638549804699 4529.5000000000009 -639.24999999999989 1265.5000000000002 1322.7500000000002 1667.0000000000002 3256.2500000000005 1024.2224731445315 1290.559997558594 151.75000000000003 2981.0000000000005 2434.7500000000005 904.75000000000011 1823.2500000000002 986.00000000000011 4967.2500000000009 3473.7500000000005 1957.0000000000002 4004.880004882813 1884.2500000000002 2794.7500000000005
decision_type=2 2 2 2 2 2 2 2 2 2 2 2 2 2 2 2 2 2 2 2 2 2 2 2 2 2 2 2 2 2
left_child=10 6 7 -4 -5 -6 9 -3 -9 -2 15 12 -12 -13 -15 19 17 -17 -19 20 26 22 23 -22 25 -23 -1 28 29 -28
right_child=1 2 3 4 5 -7 -8 8 -10 -11 11 13 -14 14 -16 16 -18 18 -20 -21 21 24 -24 -25 -26 -27 27 -29 -30 -31
leaf_value=-0.021921202063692549 14.982772873900831 -28.392809167861941 34.328360539097943 -27.941004505157469 -12.526649293445406 26.137226050240653 32.380775698026021 -17.041265152522495 12.551372876660578 -12.109206882476807 -4.592644589597529 -32.901083464849563 22.389938070944378 -3.3779758814053658 -30.082170845114668 24.98395374218623 29.385285458420267 -21.594670511328658 0.17303740252619204 -14.046293658368729 21.122256124587288 2.641976243654887 39.245064144134524 -6.4211682406338788 18.308251254558567 -20.369394500732426 1.3624558808147045 -17.434938259228417 17.783917088344179 -24.814202998984946
leaf_weight=24034 32 25 31 20 21 28 30 35 29 25 44 21 21 78 23 24 33 23 46 34 21 120 20 22 20 25 69 69 29 22
leaf_count=24034 32 25 31 20 21 28 30 35 29 25 44 21 21 78 23 24 33 23 46 34 21 120 20 22 20 25 69 69 29 22
internal_value=9.40683e-10 4.27539 0.168609 9.74142 -1.30489 9.56699 13.197 -10.5874 -3.6321 3.10033 -0.0475848 -7.36996 4.12481 -13.4942 -9.45913 0.00805224 8.57628 1.19244 -7.08287 -0.0360399 -0.0165582 5.53145 17.2572 7.03027 1.05435 -1.3255 -0.068779 -6.02741 0.531922 -4.96597
internal_weight=25074 276 189 100 69 49 87 89 64 57 24798 187 65 122 101 24611 126 93 69 24485 24451 228 63 43 165 145 24223 189 120 91
internal_count=25074 276 189 100 69 49 87 89 64 57 24798 187 65 122 101 24611 126 93 69 24485 24451 228 63 43 165 145 24223 189 120 91
is_linear=0
shrinkage=0.05


Tree=79
num_leaves=31
num_cat=0
split_feature=141 50 121 0 22 107 100 72 86 117 92 100 124 29 43 85 134 11 38 140 134 52 26 86 130 127 142 19 38 66
split_gain=1.99749e+06 2.93981e+06 4.1978e+06 3.36471e+06 3.11937e+06 2.66016e+06 4.52448e+06 2.74228e+06 2.62884e+06 3.96671e+06 2.47405e+06 6.95827e+06 5.64582e+06 6.42059e+06 6.45685e+06 4.51486e+06 3.99123e+06 6.16649e+06 5.14891e+06 9.48632e+06 4.73345e+06 4.40334e+06 3.98869e+06 3.96484e+06 1.25752e+07 4.66101e+06 3.72518e+06 3.80111e+06 3.75856e+06 3.66218e+06
threshold=70.250000000000014 -3069.2499999999995 -2604.2499999999995 4022.5000000000005 -3546.4999999999995 -198.74999999999997 42.750000000000007 773.75000000000011 1659.0000000000002 670.41979980468761 -2391.4999999999995 -3384.7499999999995 2784.5214843750005 -1529.2499999999998 -2228.4999999999995 -1845.9999999999998 -182.24999999999997 -5956.1374511718741 -4335.4999999999991 80.250000000000014 -623.49999999999989 -5949.9999999999991 1067.1999511718752 -3486.7499999999995 4565.7575683593759 -4.7499999999999991 -522.24999999999989 678.77499389648449 -423.24999999999994 -2144.7499999999995
decision_type=2 2 2 2 2 2 2 2 2 2 2 2 2 2 2 2 2 2 2 2 2 2 2 2 2 2 2 2 2 2
left_child=1 4 -3 5 -1 6 -4 -8 -7 -10 11 12 13 14 16 26 17 -2 19 21 -19 -18 -13 24 25 -17 27 -12 -29 -15
right_child=10 2 3 -5 -6 8 7 -9 9 -11 15 22 -14 29 -16 23 18 20 -20 -21 -22 -23 -24 -25 -26 -27 -28 28 -30 -31
leaf_value=-22.099357015946335 -10.223756281534833 14.995569389622387 -0.31669547156746997 -15.7017274755698 -1.9349661258133974 -3.5550011228472913 22.326365073521934 -0.76521641731262213 -6.222901103496552 25.268005256652835 1.3501858951414334 9.2088776686105387 25.855271749496463 -22.245992483411516 27.260628350575765 10.967282439314801 -26.157421468651815 6.24014478452278 -21.109982481980936 30.663590087890626 36.606264574187144 3.6140661592836736 31.032580339908602 0.18134287723115805 37.451150933627424 -21.224200396104294 -0.70534463532817515 -10.001184600199053 -32.937732620835305 0.42172967365809849
leaf_weight=34 30 41 2150 39 44 978 36 20 20 20 68 83 20 49 24 23 23 33 39 20 21 27 28 20612 29 22 326 167 20 28
leaf_count=34 30 41 2150 39 44 978 36 20 20 20 68 83 20 49 24 23 23 33 39 20 21 27 28 20612 29 22 326 167 20 28
internal_value=6.11507e-09 -1.13022 -0.903719 -1.1035 -10.7246 -0.926904 0.0487532 14.0794 -3.04115 9.52255 0.176213 3.95353 0.149683 -1.599 2.80249 0.100727 -0.238937 7.95171 -6.55099 1.56044 18.0492 -10.0808 14.714 0.222819 11.7757 -4.77078 -4.24627 -8.7731 -12.4543 -14.0032
internal_weight=25074 3382 3304 3263 78 3224 2206 56 1018 40 21692 425 314 294 217 21267 193 84 109 70 54 50 111 20686 74 45 581 255 187 77
internal_count=25074 3382 3304 3263 78 3224 2206 56 1018 40 21692 425 314 294 217 21267 193 84 109 70 54 50 111 20686 74 45 581 255 187 77
is_linear=0
shrinkage=0.05


Tree=80
num_leaves=31
num_cat=0
split_feature=121 140 107 135 57 57 135 135 128 0 141 6 108 99 54 86 135 37 5 129 26 12 4 118 78 129 114 106 18 23
split_gain=1.94049e+06 9.22357e+06 5.48284e+06 5.07e+06 4.14076e+06 4.658e+06 3.97513e+06 1.08708e+07 5.19668e+06 4.54573e+06 6.38521e+06 6.01463e+06 7.25362e+06 4.41949e+06 4.3037e+06 3.83594e+06 5.10456e+06 3.21653e+06 3.12486e+06 3.07225e+06 3.06528e+06 2.93728e+06 2.90007e+06 2.78895e+06 2.95168e+06 2.73921e+06 2.6987e+06 4.31442e+06 6.32073e+06 4.60813e+06
threshold=1263.0000000000002 2238.0000000000005 1168.0000000000002 1669.5000000000002 3076.5000000000005 2581.0000000000005 -1332.4999999999998 -872.24999999999989 2370.2500000000005 2854.2500000000005 515.25000000000011 4763.2263183593759 3303.7500000000005 3304.5000000000005 902.12527465820324 2631.2500000000005 315.25000000000006 2550.2500000000005 1226.166442871094 1936.2500000000002 1114.236511230469 823.85534667968761 5694.0124511718759 2108.521850585938 2688.2500000000005 1404.5000000000002 -160.24999999999997 192.25000000000003 -3847.872436523437 -2442.9999999999995
decision_type=2 2 2 2 2 2 2 2 2 2 2 2 2 2 2 2 2 2 2 2 2 2 2 2 2 2 2 2 2 2
left_child=1 26 4 6 5 22 -4 -8 9 15 -11 13 -13 -12 -15 17 -17 23 21 -14 -10 -5 25 24 -9 -2 27 -1 -29 -30
right_child=2 -3 3 18 -6 -7 7 8 20 10 11 12 19 14 -16 16 -18 -19 -20 -21 -22 -23 -24 -25 -26 -27 -28 28 29 -31
leaf_value=-0.13675604005467351 7.1334292020797738 -34.027561724185944 18.73353678894043 19.104983391761781 24.917966724696914 -16.04043224811554 -36.979337038312643 -2.381372967077775 -4.0478042364120483 -8.8586194632483313 9.7453600733569186 -10.2763982256905 26.396635082789828 13.706524600982668 45.753679656982428 2.9893696133047345 -30.08378165108817 15.740375775557297 27.048956636282117 0.73852198123931889 -31.730273437500003 -7.0948060657667078 -4.4395551021282484 -12.81691988132618 15.360086780124242 25.371268201555527 -0.7293950109131877 -4.2383518241538907 9.6702770706601626 2.0387067937536254
leaf_weight=11116 50 20 25 20 38 20 21 178 20 61 66 61 28 20 22 20 28 26 26 20 20 23 26 54 27 35 9243 386 211 3163
leaf_count=11116 50 20 25 20 38 20 21 178 20 61 66 61 28 20 22 20 28 26 26 20 20 23 26 54 27 35 9243 386 211 3163
internal_value=-4.39622e-10 -0.0865684 2.23495 0.436506 10.3865 6.17121 -0.843369 -1.57168 -0.429494 0.71352 5.43362 9.45125 1.16528 17.8139 30.4931 -3.22698 -16.3033 -1.02465 13.3651 15.7058 -17.889 5.09114 10.1733 -2.70763 -0.0446929 14.6431 -0.0584238 0.358475 1.82257 2.51596
internal_weight=25074 24139 935 766 169 131 697 672 651 611 278 217 109 108 42 333 48 285 69 48 40 43 111 259 205 85 24119 14876 3760 3374
internal_count=25074 24139 935 766 169 131 697 672 651 611 278 217 109 108 42 333 48 285 69 48 40 43 111 259 205 85 24119 14876 3760 3374
is_linear=0
shrinkage=0.05


Tree=81
num_leaves=31
num_cat=0
split_feature=33 97 54 134 82 141 79 108 128 26 96 75 103 45 66 75 138 124 138 145 142 100 92 114 78 66 86 24 31 94
split_gain=1.89721e+06 4.32084e+06 3.55972e+06 2.78603e+06 4.5197e+06 2.66504e+06 2.81172e+06 3.53555e+06 3.9569e+06 6.3006e+06 4.02465e+06 2.6115e+06 3.74897e+06 5.28524e+06 7.10798e+06 4.1436e+06 2.52586e+06 3.14073e+06 3.7909e+06 2.42016e+06 2.4193e+06 2.36194e+06 2.59079e+06 2.36317e+06 3.55096e+06 3.40052e+06 2.34168e+06 8.78236e+06 5.86257e+06 7.02422e+06
threshold=500.27058410644537 -1415.548889160156 503.77525329589849 872.75000000000011 479.95982360839849 35.250000000000007 -3898.7499999999995 -867.24999999999989 -1200.9999999999998 703.27374267578136 889.42071533203136 532.43481445312511 540.16906738281261 1260.7500000000002 1196.7500000000002 588.69924926757824 818.44149780273449 643.98223876953136 670.41979980468761 588.68725585937511 -675.24999999999989 -1514.7499999999998 -1370.2499999999998 -413.24999999999994 -27.249999999999996 -157.99999999999997 -1838.2499999999998 6563.7500000000009 2444.7500000000005 632.25000000000011
decision_type=2 2 2 2 2 2 2 2 2 2 2 2 2 2 2 2 2 2 2 2 2 2 2 2 2 2 2 2 2 2
left_child=1 -1 3 21 -5 6 -4 8 -8 19 -11 16 13 15 -15 20 17 18 -7 -10 -13 22 -2 24 -23 -26 27 28 29 -14
right_child=2 -3 5 4 -6 11 7 -9 9 10 -12 12 26 14 -16 -17 -18 -19 -20 -21 -22 23 -24 -25 25 -27 -28 -29 -30 -31
leaf_value=3.1310172246636885 1.7910647044310701 -1.2931505272689146 -18.103268405369349 -3.8141181400844029 25.858430590954693 -1.9753140818179062 -2.8785127846021501 -3.8516071702166848 10.497574683030447 41.817350759506226 10.097284622192383 12.812962308744105 -1.42563938064616 31.759177584118312 5.3421088592759496 13.260053183237714 13.703928068967967 -17.511329102516175 19.942265887260437 -7.7120712190061003 0.34891370150883122 2.3471734652443539 -18.804285581295307 1.0883032751916557 30.107255458831787 9.2084957132061707 0.47945984496110788 31.731649570465091 -17.824577276795001 27.629649589175269
leaf_weight=620 37 5023 28 21 33 1454 126 683 36 20 20 41 2197 36 87 75 26 32 20 37 772 189 26 465 24 103 12748 20 54 21
leaf_count=620 37 5023 28 21 33 1454 126 683 36 20 20 41 2197 36 87 75 26 32 20 37 772 189 26 465 24 103 12748 20 54 21
internal_value=-6.57472e-10 -0.807064 0.234381 3.30881 14.3191 0.0854124 -2.49408 -2.02005 3.21408 10.0076 25.9573 0.224781 0.413036 3.36033 13.0739 2.01486 -1.7476 -2.01436 -1.67792 1.26803 0.977482 2.60436 -6.7086 3.3556 6.69198 13.1579 0.214917 -1.25646 -1.54685 -1.15054
internal_weight=25074 5643 19431 898 54 18533 950 922 239 113 40 17583 16051 1011 123 888 1532 1506 1474 73 813 844 63 781 316 127 15040 2292 2272 2218
internal_count=25074 5643 19431 898 54 18533 950 922 239 113 40 17583 16051 1011 123 888 1532 1506 1474 73 813 844 63 781 316 127 15040 2292 2272 2218
is_linear=0
shrinkage=0.05


Tree=82
num_leaves=31
num_cat=0
split_feature=135 107 5 106 107 135 26 68 36 131 55 17 117 5 68 5 27 51 134 114 100 49 4 51 145 59 0 94 2 144
split_gain=1.8652e+06 4.12213e+06 6.7991e+06 7.83733e+06 8.43685e+06 6.66043e+06 6.67888e+06 7.01981e+06 5.84409e+06 5.3432e+06 5.28513e+06 6.09362e+06 6.22832e+06 5.28108e+06 6.59752e+06 8.73723e+06 6.70733e+06 6.34214e+06 4.97285e+06 4.85176e+06 4.84291e+06 4.82822e+06 4.73545e+06 4.66012e+06 4.41601e+06 4.81523e+06 4.34818e+06 4.26665e+06 5.87244e+06 4.7697e+06
threshold=-257.74999999999994 -294.74999999999994 2042.5865478515627 4090.0000000000005 3225.0000000000005 205.75000000000003 1180.005310058594 1067.1999511718752 3835.7500000000005 2299.0893554687505 2817.029174804688 1465.5000000000002 1315.5429687500002 1154.7329101562502 1114.236511230469 1226.166442871094 2388.268188476563 850.75000000000011 1852.5000000000002 -772.24999999999989 2384.2500000000005 3098.5000000000005 5093.0349121093759 3481.0000000000005 1401.3559570312502 3385.7500000000005 3707.2500000000005 3084.2500000000005 4583.7500000000009 2280.755004882813
decision_type=2 2 2 2 2 2 2 2 2 2 2 2 2 2 2 2 2 2 2 2 2 2 2 2 2 2 2 2 2 2
left_child=-1 5 3 8 23 18 7 -7 10 -4 13 -12 -13 -3 15 -15 17 -16 21 -8 24 -2 26 -5 25 -10 -22 28 29 -27
right_child=1 2 9 4 -6 6 19 -9 20 -11 11 12 -14 14 16 -17 -18 -19 -20 -21 22 -23 -24 -25 -26 27 -28 -29 -30 -31
leaf_value=-0.40144837790914201 0.99578977858023721 -0.063566102081960438 -31.975436913172405 45.980284044959333 3.3943897623004333 6.5714951407206925 7.6847290493721196 -18.696836977005006 -5.9393028615928092 -0.32343150774637858 32.454939789772034 5.7879484368163139 -20.516333866119385 -41.527293718272247 -4.7502837195992473 1.4303998351097107 -26.498772801293271 19.268032588958743 -22.665211894295435 31.046278518179193 -4.2481405210494998 19.398437658283445 -6.6567095573131851 13.436185638471082 5.2993601179122933 -5.655713280439377 25.849533189137777 -41.309257826805123 2.1808501911163329 -36.109632976849873
leaf_weight=13433 3588 6324 30 22 99 328 43 30 122 24 20 361 24 29 128 20 27 35 22 46 20 36 65 22 40 20 30 20 30 36
leaf_count=13433 3588 6324 30 22 99 328 43 30 122 24 20 361 24 29 128 20 27 35 22 46 20 36 65 22 40 20 30 20 30 36
internal_value=2.62307e-09 0.463247 -0.229606 -0.10222 11.491 1.74095 7.50138 4.45404 -0.327744 -17.9079 0.00277821 5.54606 4.1482 -0.339296 -7.63517 -23.9935 -3.41643 0.407023 1.03472 19.7592 -6.341 1.1786 2.24206 29.7082 -10.024 -12.7123 13.8105 -20.5077 -15.6702 -25.2332
internal_weight=25074 11641 7548 7494 143 4093 447 358 7351 54 6968 405 385 6563 239 49 190 163 3646 89 383 3624 115 44 268 228 50 106 86 56
internal_count=25074 11641 7548 7494 143 4093 447 358 7351 54 6968 405 385 6563 239 49 190 163 3646 89 383 3624 115 44 268 228 50 106 86 56
is_linear=0
shrinkage=0.05


Tree=83
num_leaves=31
num_cat=0
split_feature=65 64 114 0 61 110 136 106 70 22 15 9 63 45 52 13 62 142 65 86 64 86 88 76 31 139 8 100 5 103
split_gain=1.86282e+06 6.91297e+06 9.70413e+06 6.60005e+06 5.16253e+06 5.1053e+06 4.97334e+06 4.69403e+06 6.10802e+06 6.69255e+06 6.28474e+06 6.24727e+06 5.4977e+06 5.05448e+06 4.68876e+06 4.68521e+06 4.64577e+06 4.26497e+06 3.75401e+06 3.58438e+06 3.567e+06 3.45919e+06 3.39734e+06 5.26446e+06 3.83983e+06 3.33316e+06 3.3171e+06 4.81232e+06 3.7855e+06 5.61632e+06
threshold=-1188.2499999999998 -570.24999999999989 -3081.7499999999995 -5479.2499999999991 2784.5214843750005 2784.5214843750005 200.25000000000003 -325.99999999999994 -1352.2499999999998 1375.2500000000002 -1904.4999999999998 -1619.7499999999998 -1637.7499999999998 -1508.7499999999998 -1814.7499999999998 4679.4475097656259 -2207.702026367187 -1177.7499999999998 -1772.2499999999998 -2053.7499999999995 -104.24999999999999 217.75000000000003 4789.9375000000009 186.76296997070315 622.25000000000011 -1443.9134521484373 -3123.9999999999995 -457.24999999999994 2042.5865478515627 1647.119079589844
decision_type=2 2 2 2 2 2 2 2 2 2 2 2 2 2 2 2 2 2 2 2 2 2 2 2 2 2 2 2 2 2
left_child=1 15 -3 -4 5 25 -6 17 9 -9 14 20 -13 -14 -10 -1 -16 -5 -15 -19 -12 22 23 -20 -25 -2 27 -27 29 -28
right_child=4 2 3 7 6 -7 -8 8 10 -11 11 12 13 18 16 -17 -18 19 21 -21 -22 -23 -24 24 -26 26 28 -29 -30 -31
leaf_value=0.17836755582336869 -12.569318229501897 31.235715530135419 -23.412177383899689 20.573864800589426 1.100708544254303 -25.555002412796021 34.419187018984836 6.728662513964105 3.7209918660086561 40.294899905169451 -0.7371941882685612 28.982862182617186 -13.023993990156384 -13.583407853898548 40.843229699134831 -15.841380985923436 10.864315980672837 -14.592840224045975 9.5591514267835276 0.083934298259779244 -18.093805238673852 25.705072538669295 25.811254755655927 -21.184707641601562 3.2173812640340707 27.687978150294381 -0.31025414761669246 -0.88772778791539819 -10.2354173805996 9.3105792311281945
leaf_weight=5853 55 33 22 21 24 20 21 33 37 27 95 25 36 21 28 46 24 52 166 208 43 26 21 28 38 26 17763 34 95 153
leaf_count=5853 55 33 22 21 24 20 21 33 37 27 95 25 36 21 28 46 24 52 166 208 43 26 21 28 38 26 17763 34 95 153
internal_value=-1.51135e-09 0.700622 4.58038 3.65543 -0.265097 -0.307043 16.6493 4.29643 6.63689 21.8335 5.08622 2.90314 6.36214 4.67905 17.3262 0.0534466 27.0068 -1.10078 6.80341 -2.85142 -6.14541 8.33791 6.55314 4.80995 -7.13502 -0.279185 -0.241779 11.4951 -0.280878 -0.228094
internal_weight=25074 6883 984 951 18191 18146 45 929 648 60 588 499 361 336 89 5899 52 281 300 260 138 279 253 232 66 18126 18071 60 18011 17916
internal_count=25074 6883 984 951 18191 18146 45 929 648 60 588 499 361 336 89 5899 52 281 300 260 138 279 253 232 66 18126 18071 60 18011 17916
is_linear=0
shrinkage=0.05


Tree=84
num_leaves=31
num_cat=0
split_feature=114 120 104 37 43 15 137 101 5 124 5 142 128 71 9 8 37 86 65 5 62 93 69 33 29 107 73 69 111 134
split_gain=1.79411e+06 4.54419e+06 5.21905e+06 5.73923e+06 4.70577e+06 9.44686e+06 4.65422e+06 4.30546e+06 4.29879e+06 7.78431e+06 5.12796e+06 6.05885e+06 5.21688e+06 6.56752e+06 5.92963e+06 6.00482e+06 6.86629e+06 5.08773e+06 4.57424e+06 4.20908e+06 1.21334e+07 6.5406e+06 5.59793e+06 6.87616e+06 5.05295e+06 3.78406e+06 4.49392e+06 5.97211e+06 6.97062e+06 4.28201e+06
threshold=-714.74999999999989 -459.74999999999994 -3522.8669433593745 -6111.4999999999991 4448.7500000000009 5104.5000000000009 -3754.2175292968745 858.25000000000011 1401.3559570312502 1315.5429687500002 1141.4506835937502 -88.749999999999986 -1574.7499999999998 2295.0000000000005 -3969.2499999999995 -326.24999999999994 -2412.7499999999995 -2564.2499999999995 -2965.7499999999995 2299.0893554687505 5757.7077636718759 -1648.7499999999998 -255.64528656005857 1565.8640136718752 -766.24999999999989 -4898.7499999999991 -5308.7499999999991 -3587.8300781249995 -3109.2653808593745 177.75000000000003
decision_type=2 2 2 2 2 2 2 2 2 2 2 2 2 2 2 2 2 2 2 2 2 2 2 2 2 2 2 2 2 2
left_child=1 4 3 -3 5 7 -5 25 10 -10 17 12 -12 14 -14 16 18 -4 -16 20 22 -21 24 -24 -11 -1 -27 29 -29 -28
right_child=-2 2 8 6 -6 -7 -8 -9 9 19 11 -13 13 -15 15 -17 -18 -19 -20 21 -22 -23 23 -25 -26 26 27 28 -30 -31
leaf_value=-12.305317500107726 -0.28794120796861267 -0.95762465518453854 -6.0849932006340133 11.612043278033918 -17.000619179552253 33.718817691802982 39.597071202596027 22.382383847236635 -23.964963111010466 2.7384255284557537 26.554357828412737 33.322809080644092 -14.689910575321742 -17.748696668686406 24.138582212274727 2.3172700053332629 36.528776066170799 1.7461516185870889 -7.1219854774475095 -6.4810378456115734 -40.9287442111969 33.955951023101811 -5.7877265984671453 24.558836359977722 -21.050442186216031 16.018758082389834 -4.0819342814422237 28.523696445283434 -0.3865021767386686 -18.044500897725424
leaf_weight=71 17133 46 220 39 44 20 24 20 44 49 28 22 28 31 22 111 36 3622 25 20 20 20 35 40 41 40 205 21 2922 75
leaf_count=71 17133 46 220 39 44 20 24 20 44 49 28 22 28 31 22 111 36 3622 25 20 20 20 35 40 41 40 205 21 2922 75
internal_value=-4.13253e-09 0.621244 1.661 12.4693 -0.75466 -0.542798 22.273 -0.747101 1.3941 -4.73099 1.79161 8.05396 6.07561 3.80919 6.81953 9.92398 20.0968 1.29773 7.51062 -0.969684 -4.14961 13.7375 0.308471 10.3971 -8.09873 -0.88585 -0.637372 -0.844088 -0.180211 -7.82191
internal_weight=25074 7941 4523 109 3418 3374 63 3354 4414 269 4145 303 281 253 222 194 83 3842 47 225 185 40 165 75 90 3334 3263 3223 2943 280
internal_count=25074 7941 4523 109 3418 3374 63 3354 4414 269 4145 303 281 253 222 194 83 3842 47 225 185 40 165 75 90 3334 3263 3223 2943 280
is_linear=0
shrinkage=0.05


Tree=85
num_leaves=31
num_cat=0
split_feature=121 136 135 140 121 110 134 133 73 57 98 33 10 15 59 9 38 89 128 16 26 124 36 134 133 127 142 15 28 72
split_gain=1.76834e+06 9.19357e+06 4.60892e+06 5.47069e+06 6.49551e+06 5.65833e+06 4.01335e+06 8.88865e+06 4.04509e+06 3.77355e+06 3.70204e+06 5.14514e+06 4.39633e+06 3.63574e+06 7.8276e+06 5.46068e+06 3.9588e+06 3.17174e+06 3.01425e+06 2.87912e+06 3.16839e+06 7.70472e+06 2.7117e+06 2.61142e+06 4.66624e+06 3.07018e+06 3.07643e+06 2.86405e+06 4.64919e+06 4.64055e+06
threshold=1333.5000000000002 2253.0000000000005 -1332.4999999999998 1573.7500000000002 2415.0000000000005 1034.9852294921877 902.75000000000011 855.50000000000011 2530.5000000000005 3076.5000000000005 1630.2500000000002 1193.3194580078127 2421.5000000000005 5104.5000000000009 2602.0000000000005 9259.7500000000018 666.25000000000011 1401.3559570312502 868.50000000000011 2428.5000000000005 858.86340332031261 1014.5462951660157 2523.7500000000005 2834.7500000000005 1789.5000000000002 2434.7500000000005 -416.74999999999994 10873.750000000002 7455.2500000000009 4366.2500000000009
decision_type=2 2 2 2 2 2 2 2 2 2 2 2 2 2 2 2 2 2 2 2 2 2 2 2 2 2 2 2 2 2
left_child=1 23 -2 4 6 -6 8 9 -4 -8 11 -9 22 14 16 -15 -5 -7 -14 -20 -21 -22 -12 24 25 27 -27 28 -1 -30
right_child=2 -3 3 13 5 17 7 10 -10 -11 12 -13 18 15 -16 -17 -18 -19 19 20 21 -23 -24 -25 -26 26 -28 -29 29 -31
leaf_value=-0.061175455476195933 21.175439108571698 -33.146654219854447 0.46118387946715722 23.298087844848634 0.7047743956247966 -37.923882154984909 9.5970515707264781 3.5383172316428944 -21.71783526364495 37.938642664750418 -4.336757927355559 30.916823270104146 -10.620581038792928 -8.4930515662483543 37.500856275558469 20.927978960673016 -4.7364961904637957 -13.100312626746394 24.402990729808806 -2.9337390208202936 36.866751480102543 -1.4420562165124078 -20.999139751926549 15.211341067722865 -12.199079803273648 -0.66817663056509835 25.801371595133908 -14.344100058419365 33.956806139945989 1.9212804647592401
leaf_weight=23981 31 21 52 20 45 22 23 78 34 24 115 22 30 46 30 24 34 31 20 72 21 35 31 28 79 21 23 35 20 26
leaf_count=23981 31 21 52 20 45 22 23 78 34 24 115 22 30 46 30 24 34 31 20 72 21 35 31 28 79 21 23 35 20 26
internal_value=-6.35326e-09 -0.078175 2.25535 1.53035 -0.463335 -12.3339 1.6252 3.43877 -8.30727 24.0694 1.15189 9.56159 -1.4437 10.01 17.0232 1.59416 5.64668 -23.4044 3.83114 6.76054 4.00391 12.9237 -7.87466 -0.0494946 -0.0671627 -0.0274041 13.1682 -0.0515336 -0.0307137 15.8498
internal_weight=25074 24234 840 809 655 98 557 471 86 47 424 100 324 154 84 70 54 53 178 148 128 56 146 24213 24185 24106 44 24062 24027 46
internal_count=25074 24234 840 809 655 98 557 471 86 47 424 100 324 154 84 70 54 53 178 148 128 56 146 24213 24185 24106 44 24062 24027 46
is_linear=0
shrinkage=0.05


Tree=86
num_leaves=31
num_cat=0
split_feature=82 135 86 77 106 40 26 91 107 9 107 72 85 142 142 12 51 71 128 135 121 134 131 138 23 40 31 100 121 83
split_gain=1.75517e+06 2.0845e+06 3.27536e+06 3.98775e+06 5.48148e+06 5.33926e+06 5.01717e+06 3.8643e+06 7.32138e+06 3.3626e+06 3.24755e+06 8.09392e+06 3.18541e+06 6.90581e+06 5.31087e+06 4.32814e+06 6.1384e+06 6.96692e+06 5.83541e+06 4.56889e+06 3.64694e+06 2.756e+06 7.80082e+06 6.67455e+06 4.91949e+06 7.82807e+06 5.7286e+06 6.03334e+06 4.25036e+06 4.12106e+06
threshold=350.24629211425787 -265.24999999999994 5806.5000000000009 4379.0000000000009 3463.7500000000005 1647.119079589844 770.16400146484386 3272.7500000000005 1506.2500000000002 6386.5000000000009 1708.7500000000002 1950.7500000000002 7300.0000000000009 -1547.2499999999998 -522.24999999999989 1748.4644165039065 42.250000000000007 1031.7500000000002 1242.2500000000002 135.25000000000003 -2213.2499999999995 131.25000000000003 2784.5214843750005 2299.0893554687505 2645.5000000000005 1154.7329101562502 2639.5000000000005 -811.74999999999989 -3471.9999999999995 2107.085815429688
decision_type=2 2 2 2 2 2 2 2 2 2 2 2 2 2 2 2 2 2 2 2 2 2 2 2 2 2 2 2 2 2
left_child=-1 2 3 4 7 6 -5 21 -9 -8 -6 -12 13 -3 -14 20 17 -17 19 -18 -15 23 28 24 29 26 -26 -28 -23 -2
right_child=1 12 -4 5 10 -7 9 8 -10 -11 11 -13 14 15 -16 16 18 -19 -20 -21 -22 22 -24 -25 25 -27 27 -29 -30 -31
leaf_value=-2.3163150656497993 0.28139659476434292 -28.840736241340636 -16.858251495361326 22.179658820078927 -30.314509790593931 28.719131895212026 -13.727165648184325 26.660674449801448 -8.5610014362335214 7.5974114497502647 17.070038490295413 -24.896332020229764 28.398418567798757 15.938297995542868 -2.6810164281300137 -8.8663131677374558 -13.195778139829637 24.491282886007557 0.83913653829823387 -46.215529875321828 0.62149618178478794 -14.751733214168226 28.428201931173152 -24.148292378016883 24.434042351586481 31.670637949307761 -18.276286506652834 5.8755247141902496 -1.2536895511437738 -7.7346353067130584
leaf_weight=792 7176 20 30 26 22 26 38 36 25 36 20 27 27 39 28 49 20 23 23 22 11037 59 22 28 28 30 35 99 5067 164
leaf_count=792 7176 20 30 26 22 26 38 36 25 36 20 27 27 39 28 49 20 23 23 22 11037 59 22 28 28 30 35 99 5067 164
internal_value=2.76328e-09 0.0755507 -0.356233 -0.318046 -0.404922 8.53368 3.28546 -0.328974 12.2256 -3.35305 -14.4597 -7.0383 0.572592 0.513819 12.5762 0.566177 -8.26647 1.78959 -19.4055 -30.4918 0.675429 -0.389237 -1.28154 0.218379 0.308962 8.20979 3.86519 -0.432784 -1.40905 0.102292
internal_weight=25074 24282 12994 12964 12838 126 100 12769 61 74 69 47 11288 11233 55 11213 137 72 65 42 11076 12708 5148 7560 7532 192 162 134 5126 7340
internal_count=25074 24282 12994 12964 12838 126 100 12769 61 74 69 47 11288 11233 55 11213 137 72 65 42 11076 12708 5148 7560 7532 192 162 134 5126 7340
is_linear=0
shrinkage=0.05


Tree=87
num_leaves=31
num_cat=0
split_feature=114 120 58 9 122 113 141 140 142 112 119 93 78 18 100 120 30 129 90 107 62 86 100 134 128 106 136 110 75 103
split_gain=1.74167e+06 3.69774e+06 4.45186e+06 5.84715e+06 4.47982e+06 4.99064e+06 4.37862e+06 5.84327e+06 4.29936e+06 4.21186e+06 3.78906e+06 3.65214e+06 4.17482e+06 4.3033e+06 4.286e+06 3.75933e+06 3.56527e+06 9.30908e+06 4.01585e+06 3.54548e+06 8.41494e+06 4.4884e+06 3.48659e+06 3.18546e+06 8.48881e+06 3.72825e+06 4.84755e+06 3.53993e+06 2.9875e+06 4.95766e+06
threshold=-1718.7499999999998 -459.74999999999994 -3975.4999999999995 -5909.7499999999991 -766.74999999999989 -1037.2499999999998 1346.2500000000002 545.25000000000011 -804.74999999999989 -1889.2499999999998 -999.74999999999989 -4678.7499999999991 -1724.7499999999998 6182.8076171875009 -3158.2499999999995 1150.2500000000002 2342.0000000000005 -1024.7499999999998 1581.6795043945315 -2101.2499999999995 -2518.080688476562 -629.74999999999989 -2453.9999999999995 387.75000000000006 -228.74999999999997 -954.49999999999989 -42.249999999999993 838.07479858398449 1057.5335083007815 1209.4280395507815
decision_type=2 2 2 2 2 2 2 2 2 2 2 2 2 2 2 2 2 2 2 2 2 2 2 2 2 2 2 2 2 2
left_child=1 10 3 -3 5 -4 7 23 -7 -5 16 -2 13 15 -14 28 18 -18 -1 20 -16 -22 -12 24 -6 27 -27 -25 -13 -30
right_child=11 2 4 9 6 8 -8 -9 -10 -11 22 12 14 -15 19 -17 17 -19 -20 -21 21 -23 -24 25 -26 26 -28 -29 29 -31
leaf_value=0.48059615769178299 21.234708597660067 -4.7087052195160473 32.963018139203392 12.911167522072795 0.56346534978140861 23.182069053649904 -21.950052369832992 23.639114860008505 -6.7461682113011676 39.072717090606687 -27.006485780080158 -2.7112717477174906 22.041805475408381 -25.5701266115362 38.263771762847902 11.978927201491137 28.983341847525704 -9.0820020215264687 -16.236194471410805 -0.082420771641228283 -3.6735179804373481 23.227647447586062 -2.5367622195063415 0.32830813952854704 31.825736796855928 -13.849689040865218 17.929333326646262 -22.413673088767311 -25.027516870271594 -1.6172377109527589
leaf_weight=1238 20 27 24 40 228 20 20 29 30 25 24 611 22 22 20 39 36 29 37 22171 69 20 37 28 24 21 28 44 42 49
leaf_count=1238 20 27 24 40 228 20 20 29 30 25 24 611 22 22 20 39 36 29 37 22171 69 20 37 28 24 21 28 44 42 49
internal_value=4.90151e-09 1.41967 4.74743 14.8492 2.87371 14.2212 0.883862 2.01988 5.22513 22.9733 0.0230159 -0.122319 -0.140838 -3.77766 -0.0164145 -3.13065 0.577807 12.0003 -0.00451855 -0.0381955 8.95739 2.37169 -12.1642 0.339026 3.54082 -6.32918 4.30975 -13.5696 -3.97007 -12.422
internal_weight=25074 1989 588 92 496 74 422 402 50 65 1401 23085 23065 763 22302 741 1340 65 1275 22280 109 89 61 373 252 121 49 72 702 91
internal_count=25074 1989 588 92 496 74 422 402 50 65 1401 23085 23065 763 22302 741 1340 65 1275 22280 109 89 61 373 252 121 49 72 702 91
is_linear=0
shrinkage=0.05


Tree=88
num_leaves=31
num_cat=0
split_feature=106 127 105 100 123 142 52 129 2 52 29 142 100 142 73 43 142 3 80 113 17 113 68 16 93 4 104 1 93 120
split_gain=1.72501e+06 5.17914e+06 4.21494e+06 5.90466e+06 4.98526e+06 3.6285e+06 4.63631e+06 4.88089e+06 4.54919e+06 7.2717e+06 5.96403e+06 4.97012e+06 6.32087e+06 5.04366e+06 5.97679e+06 5.03337e+06 4.2198e+06 4.18729e+06 4.13002e+06 3.90676e+06 3.77058e+06 3.09054e+06 4.42378e+06 3.2557e+06 3.05194e+06 3.56985e+06 3.15884e+06 2.88976e+06 2.77906e+06 2.51879e+06
threshold=2603.2500000000005 3428.0000000000005 2433.7500000000005 -262.74999999999994 -1023.3749999999999 -1961.7499999999998 8357.5000000000018 1682.0000000000002 2574.7500000000005 1528.5000000000002 3973.2500000000005 -376.24999999999994 2241.0000000000005 -762.74999999999989 4369.2500000000009 4715.7500000000009 -242.24999999999997 2607.5000000000005 4076.2500000000005 1716.2500000000002 2428.0000000000005 2978.7500000000005 1168.1457519531252 1216.2500000000002 3075.7500000000005 -2733.222534179687 2136.432495117188 6010.5000000000009 2089.2500000000005 2573.7500000000005
decision_type=2 2 2 2 2 2 2 2 2 2 2 2 2 2 2 2 2 2 2 2 2 2 2 2 2 2 2 2 2 2
left_child=1 29 3 -2 -5 -4 8 -8 10 -10 17 12 -11 14 -14 -15 27 19 -17 -7 24 22 23 -6 25 -21 -27 -13 -25 -1
right_child=2 -3 5 4 21 6 7 -9 9 11 -12 16 13 15 -16 18 -18 -19 -20 20 -22 -23 -24 28 -26 26 -28 -29 -30 -31
leaf_value=-0.09880507391606197 -16.613122277032762 -24.333780401403256 17.777521751666892 29.648882066049886 -10.811575085183849 22.440976123809818 1.3569750022888183 -26.508867847558225 29.367306956538449 -9.9248581910744704 -20.804232899709181 -1.4923043060302736 -13.990453221721035 4.4995393203966545 15.960411206218931 46.039593272859406 1.0808972707349962 -19.489760476571544 18.683135067450035 -22.976324301499588 16.029541041933257 -4.0787472155035998 25.793658477381655 1.000575296695416 12.432367431658966 2.7059630651583619 -14.270451574325563 -26.3767361504691 25.146382370862096 7.2242639315330379
leaf_weight=23922 21 22 29 31 23 20 30 33 27 39 44 20 31 33 36 22 146 27 37 26 29 41 38 26 26 87 40 28 22 118
leaf_count=23922 21 22 29 31 23 20 30 33 27 39 44 20 31 33 36 22 146 27 37 26 29 41 38 26 26 87 40 28 22 118
internal_value=1.7438e-09 -0.0850509 2.02223 8.48386 11.3957 0.41081 -0.234049 -13.2394 0.907091 4.26913 -3.80427 2.54043 8.1133 12.5378 2.10255 20.1373 -3.14734 -0.870939 28.8838 1.33392 -0.695603 7.62333 12.025 4.6559 -3.40526 -6.09663 -2.64094 -16.0082 12.0674 -0.0628599
internal_weight=25074 24062 1012 202 181 810 781 63 718 419 299 392 198 159 67 92 194 255 59 228 208 150 109 71 179 153 127 48 48 24040
internal_count=25074 24062 1012 202 181 810 781 63 718 419 299 392 198 159 67 92 194 255 59 228 208 150 109 71 179 153 127 48 48 24040
is_linear=0
shrinkage=0.05


Tree=89
num_leaves=31
num_cat=0
split_feature=72 64 136 134 43 38 22 86 85 23 42 43 135 72 16 141 100 115 27 102 73 12 145 75 117 122 142 43 72 122
split_gain=1.73683e+06 8.4646e+06 8.16864e+06 6.78429e+06 6.60452e+06 6.51485e+06 1.12601e+07 5.895e+06 5.89276e+06 5.72465e+06 6.55802e+06 8.5207e+06 5.41985e+06 5.19546e+06 5.06885e+06 7.32533e+06 5.58021e+06 4.37518e+06 4.16561e+06 8.32979e+06 4.92225e+06 4.32434e+06 5.98669e+06 6.07777e+06 5.71841e+06 4.64066e+06 3.80789e+06 4.25786e+06 5.13616e+06 3.79707e+06
threshold=-1215.2499999999998 -318.74999999999994 640.25000000000011 -623.49999999999989 1825.2500000000002 2121.2500000000005 1685.7500000000002 -1139.7499999999998 -814.74999999999989 -2858.2499999999995 -2026.7499999999998 -1102.9999999999998 -377.24999999999994 59.250000000000007 -2418.2499999999995 1191.2500000000002 -1852.2499999999998 270.75000000000006 968.80789184570324 4833.7749023437509 -1848.4999999999998 2042.5865478515627 1748.4644165039065 1647.119079589844 1515.713562011719 -734.49999999999989 -1292.9999999999998 2373.2500000000005 511.25000000000006 207.75000000000003
decision_type=2 2 2 2 2 2 2 2 2 2 2 2 2 2 2 2 2 2 2 2 2 2 2 2 2 2 2 2 2 2
left_child=1 4 3 -3 18 6 -5 14 -8 10 -9 12 -12 -13 16 26 -2 -4 19 21 -20 22 23 24 -1 -23 -16 -28 -29 -10
right_child=7 2 17 5 -6 -7 8 9 29 -11 11 13 -14 -15 15 -17 -18 -19 20 -21 -22 25 -24 -25 -26 -27 27 28 -30 -31
leaf_value=0.39820304821191832 -31.747692252794902 25.179775798965146 42.661912332262318 0.76387133379968319 -25.519311313629153 -19.207305143725488 38.477853399912519 -1.5640166732572742 1.7669864855314559 -0.11521913204949251 48.430897061030073 0.55798302888870244 13.648892364047823 25.664882603398077 10.421564989566804 21.549747330142608 -7.160648674011231 13.635034095539766 -13.54009188989113 23.010488900905703 -0.59362168264389037 -30.738608847493708 24.450713484103865 -25.247433936077616 24.367671611785891 1.7710816190356302 -2.8704945456715674 -24.300874202728274 4.689847599376332 27.868550421974874
leaf_weight=5305 30 37 21 390 25 31 30 124 38 17058 24 87 21 27 50 31 100 34 116 41 200 23 26 23 25 21 1042 50 22 22
leaf_count=5305 30 37 21 390 25 31 30 124 38 17058 24 87 21 27 50 31 100 34 116 41 200 23 26 23 25 21 1042 50 22 22
internal_value=3.68218e-09 0.710234 6.34862 4.50497 0.124542 3.00797 4.44271 -0.243822 20.3843 0.00179451 7.05486 13.7765 32.1993 6.50435 -3.45834 -2.43833 -12.8346 24.718 0.235458 0.558258 -5.34612 0.38851 0.516209 0.399957 0.51063 -15.2226 -3.07719 -3.68305 -15.4426 11.3376
internal_weight=25074 6408 603 548 5805 511 480 18666 90 17341 283 159 45 114 1325 1195 130 55 5780 5464 316 5423 5379 5353 5330 44 1164 1114 72 60
internal_count=25074 6408 603 548 5805 511 480 18666 90 17341 283 159 45 114 1325 1195 130 55 5780 5464 316 5423 5379 5353 5330 44 1164 1114 72 60
is_linear=0
shrinkage=0.05


Tree=90
num_leaves=31
num_cat=0
split_feature=107 105 98 92 28 86 42 59 72 19 40 100 78 87 80 72 23 4 40 87 107 101 40 12 66 59 136 71 119 134
split_gain=1.6872e+06 4.95143e+06 8.19825e+06 5.2208e+06 6.24362e+06 5.9914e+06 5.74423e+06 6.02356e+06 5.33934e+06 5.28603e+06 6.0623e+06 4.91935e+06 4.40748e+06 4.29741e+06 4.29439e+06 6.49396e+06 5.83194e+06 7.01443e+06 5.93154e+06 4.72923e+06 6.49777e+06 5.62464e+06 5.20979e+06 6.20827e+06 5.10079e+06 5.86858e+06 4.61793e+06 4.59296e+06 4.55453e+06 1.00605e+07
threshold=-678.74999999999989 132.25000000000003 -335.74999999999994 960.75000000000011 5873.7500000000009 -398.24999999999994 1884.7500000000002 1177.7500000000002 30.750000000000004 895.14331054687511 1245.2596435546877 -655.24999999999989 944.25000000000011 914.50000000000011 -359.74999999999994 -463.24999999999994 -3757.4999999999995 -1109.1950073242185 1515.713562011719 855.75000000000011 1446.2500000000002 1680.7500000000002 842.88632202148449 848.21084594726574 2239.7500000000005 2355.5000000000005 210.25000000000003 1164.2500000000002 1037.7500000000002 -280.74999999999994
decision_type=2 2 2 2 2 2 2 2 2 2 2 2 2 2 2 2 2 2 2 2 2 2 2 2 2 2 2 2 2 2
left_child=1 3 -3 4 5 6 7 12 11 -9 -11 -5 -1 -10 -2 16 17 -16 -18 20 21 22 -17 27 25 -25 -20 -24 -21 -30
right_child=14 2 -4 8 -6 -7 -8 9 13 10 -12 -13 -14 -15 15 19 18 -19 26 28 -22 -23 23 24 -26 -27 -28 -29 29 -31
leaf_value=0.2211191663649939 -1.9630173206303245 35.798761730608732 4.5719647099737264 -4.0217067231302677 27.802635265531997 4.5800529735884545 -9.5932889164678325 0.95933558843573741 -23.187756964445114 45.361630096435547 9.5789505045989465 23.902984615489064 -11.729381659626961 -6.3690912017339398 3.7450971926412273 -0.84523467796571239 2.7039722700632911 40.660871419039637 -29.339501483623799 2.087710300965552 -28.435536995801062 23.465942886601326 -11.395654511018234 -3.7192293693909897 -22.459209252806275 22.2293276289235 1.0753918409347534 -38.427098586342552 -36.260945938825607 -0.63349755815256426
leaf_weight=7113 3140 23 244 46 21 813 151 49 50 20 29 24 78 158 31 5520 1919 22 26 2820 22 23 55 414 34 23 24 22 20 2140
leaf_count=7113 3140 23 244 46 21 813 151 49 50 20 29 24 78 158 31 5520 1919 22 26 2820 22 23 55 414 34 23 24 22 20 2140
internal_value=3.00254e-09 0.556833 7.26191 0.347495 0.573944 0.50466 0.0593242 0.259289 -6.3922 12.5717 24.1841 5.55247 0.0914934 -10.412 -0.302105 0.095552 2.70155 19.0686 2.261 -0.379463 -1.31127 -1.2133 -1.30685 -5.95667 -3.80488 -2.35352 -14.7404 -19.1189 0.764345 -0.963381
internal_weight=25074 8819 267 8552 8274 8253 7440 7289 278 98 49 70 7191 208 16255 13115 2022 53 1969 11093 6113 6091 6068 548 471 437 50 77 4980 2160
internal_count=25074 8819 267 8552 8274 8253 7440 7289 278 98 49 70 7191 208 16255 13115 2022 53 1969 11093 6113 6091 6068 548 471 437 50 77 4980 2160
is_linear=0
shrinkage=0.05


Tree=91
num_leaves=31
num_cat=0
split_feature=39 136 1 123 107 36 114 1 110 107 135 73 120 97 130 101 50 71 18 112 48 135 38 89 45 92 115 120 75 47
split_gain=1.67769e+06 3.43085e+06 2.68578e+06 2.59247e+06 2.15178e+06 2.4783e+06 2.1238e+06 4.63368e+06 4.56641e+06 3.46895e+06 3.48596e+06 3.3622e+06 4.63301e+06 3.18761e+06 9.95841e+06 7.03818e+06 4.64022e+06 7.3319e+06 5.85198e+06 5.40499e+06 4.13983e+06 4.09333e+06 4.07338e+06 3.67569e+06 6.10173e+06 3.83988e+06 3.30281e+06 4.66273e+06 3.93631e+06 7.06235e+06
threshold=-7689.7126464843741 -397.24999999999994 -2909.7499999999995 -6694.1398925781241 -2464.4999999999995 -2236.4999999999995 -1759.4999999999998 -5459.7499999999991 1209.4280395507815 -3099.2499999999995 -3349.9999999999995 7265.0000000000009 4857.5000000000009 4771.9375000000009 9341.0625000000018 772.75000000000011 -442.24999999999994 -1795.2499999999998 8282.1347656250018 -754.24999999999989 -2272.7802734374995 62.750000000000007 7058.2500000000009 1647.119079589844 1235.7500000000002 1073.7500000000002 -3654.9999999999995 -2715.2499999999995 2042.5865478515627 1647.119079589844
decision_type=2 2 2 2 2 2 2 2 2 2 2 2 2 2 2 2 2 2 2 2 2 2 2 2 2 2 2 2 2 2
left_child=1 4 -3 -2 -1 -6 13 8 -8 -9 -11 12 -12 14 15 16 18 -18 19 21 -19 26 -15 25 -25 -22 -5 -28 29 -29
right_child=3 2 -4 6 5 -7 7 9 -10 10 11 -13 -14 22 -16 -17 17 20 -20 -21 23 -23 -24 24 -26 -27 27 28 -30 -31
leaf_value=-24.269021463394168 16.129716209411622 5.7258991485688746 -9.0698260151610093 -10.284860960074834 5.7089899102846786 -18.884168560504914 2.3353240089416505 20.74189269065857 -25.64346893540451 -19.546513615483825 -0.076649509039646083 10.427993864762158 -17.324697729257437 -23.424741690499445 32.742521256666919 29.665994866327807 -26.133642959594727 -19.497218592413542 28.010268659177036 27.656636165437245 -0.0069661184631544977 20.261715216636659 5.3255438761277638 31.058833141128225 -2.5219836419628514 -15.249469683999601 24.956723412600432 2.0067258135664896 23.638087134361271 -22.251215867073306
leaf_weight=28 25 82 49 56 21 20 25 20 35 23 22829 76 39 28 26 22 31 29 23 21 406 30 22 24 31 46 22 934 20 31
leaf_count=28 25 82 49 56 21 20 25 20 35 23 22829 76 39 28 26 22 31 29 23 21 406 30 22 24 31 46 22 934 20 31
internal_value=2.47111e-09 -4.56112 0.19162 0.0366738 -13.5845 -6.28767 0.020483 -0.108771 -13.9856 -0.0725497 -0.0906752 -0.0711719 -0.106065 1.6736 2.02885 1.56619 1.2034 -2.49142 3.04594 2.53051 -1.12405 2.04776 -10.7746 -0.073123 12.1315 -1.55819 1.53373 2.19097 1.68249 1.22746
internal_weight=25074 200 131 24874 69 41 24849 23047 60 22987 22967 22944 22868 1802 1752 1726 1704 567 1137 1114 536 1093 50 507 55 452 1063 1007 985 965
internal_count=25074 200 131 24874 69 41 24849 23047 60 22987 22967 22944 22868 1802 1752 1726 1704 567 1137 1114 536 1093 50 507 55 452 1063 1007 985 965
is_linear=0
shrinkage=0.05


Tree=92
num_leaves=31
num_cat=0
split_feature=55 36 11 80 79 106 72 23 135 23 87 65 51 16 92 75 86 113 134 121 142 142 135 52 99 103 96 5 82 117
split_gain=1.66325e+06 6.20182e+06 6.88825e+06 1.12368e+07 5.97781e+06 7.01502e+06 5.0037e+06 6.00215e+06 4.67924e+06 4.6e+06 6.44376e+06 7.24361e+06 5.84417e+06 4.4047e+06 4.39886e+06 6.20569e+06 8.71174e+06 4.179e+06 4.04737e+06 6.32955e+06 7.28783e+06 8.20483e+06 4.461e+06 3.94218e+06 3.88593e+06 3.69481e+06 3.88141e+06 3.50293e+06 4.65356e+06 3.97998e+06
threshold=2817.029174804688 3404.7500000000005 1058.5775146484377 1793.5000000000002 1299.7500000000002 -536.24999999999989 1135.7500000000002 1810.2500000000002 -1513.2499999999998 625.75000000000011 -201.74999999999997 -264.24999999999994 85.250000000000014 2293.5000000000005 975.25000000000011 712.92288208007824 85.750000000000014 2581.7500000000005 -427.74999999999994 -366.74999999999994 -1961.7499999999998 -1093.9999999999998 -1294.7499999999998 3505.7500000000005 651.75000000000011 1046.584899902344 777.53591918945324 1473.834655761719 1067.1999511718752 895.14331054687511
decision_type=2 2 2 2 2 2 2 2 2 2 2 2 2 2 2 2 2 2 2 2 2 2 2 2 2 2 2 2 2 2
left_child=-1 9 3 -3 5 -4 -6 -8 -7 -2 -11 -12 -13 -9 15 -14 -17 -16 -15 27 -21 -22 -23 24 -10 26 -5 28 29 -20
right_child=1 2 4 25 6 8 7 13 23 10 11 12 14 18 17 16 -18 -19 19 20 21 22 -24 -25 -26 -27 -28 -29 -30 -31
leaf_value=-0.11858428865294826 19.454409325797602 40.778638134002691 13.880680994306292 -2.5348529279232026 25.233260097503663 -28.503371111551925 -24.715155498186746 21.758120195070902 0.22758745887062767 -7.869161324752004 26.202100610733034 -21.24816948118664 -1.5283831499241016 -19.009570397271052 1.9786026548177944 8.0694076372229535 53.190321102142335 20.101387129170554 21.599108220790995 28.113818340301517 -25.044958021766263 21.58203752154396 -1.9210688523535062 2.6390631157418958 -15.281966458182588 -13.038061312528757 22.720633869335572 -9.3547871017456057 27.245701037049294 -1.2214696841580528
leaf_weight=23114 53 25 35 32 20 30 24 24 55 95 42 21 27 27 349 23 20 35 29 20 38 21 523 69 152 26 29 20 40 56
leaf_count=23114 53 25 35 32 20 30 24 24 55 95 42 21 27 27 349 23 20 35 29 20 38 21 523 69 152 26 29 20 40 56
internal_value=-5.65712e-09 1.39845 -0.617027 11.2345 -1.73906 -7.32412 0.522819 -0.078408 -9.7495 5.32332 4.09955 6.29883 4.53896 0.662547 5.73176 17.2591 29.0559 3.63042 0.00842051 0.695818 -1.563 -2.58283 -1.01378 -7.71104 -11.1611 2.74475 9.47185 10.0738 13.1824 6.56437
internal_weight=25074 1960 1295 112 1183 341 842 822 306 665 612 517 475 798 454 70 43 384 774 747 602 582 544 276 207 87 61 145 125 85
internal_count=25074 1960 1295 112 1183 341 842 822 306 665 612 517 475 798 454 70 43 384 774 747 602 582 544 276 207 87 61 145 125 85
is_linear=0
shrinkage=0.05


Tree=93
num_leaves=31
num_cat=0
split_feature=121 136 135 140 128 135 134 133 94 33 2 6 69 61 72 15 57 9 128 65 86 86 85 141 23 122 73 72 86 40
split_gain=1.57216e+06 8.19046e+06 4.09582e+06 4.93811e+06 5.72088e+06 4.35148e+06 3.37645e+06 6.18884e+06 3.5925e+06 5.4747e+06 4.47399e+06 3.92e+06 4.52221e+06 3.78534e+06 3.4346e+06 3.09599e+06 6.92685e+06 4.71718e+06 4.34044e+06 2.95104e+06 2.94137e+06 3.70078e+06 2.83484e+06 2.58741e+06 8.57925e+06 6.8086e+06 6.35156e+06 4.47678e+06 5.95832e+06 4.7348e+06
threshold=1333.5000000000002 2253.0000000000005 -1332.4999999999998 1573.7500000000002 2370.2500000000005 -872.24999999999989 902.75000000000011 829.25000000000011 1600.2500000000002 1193.3194580078127 2512.7500000000005 4763.2263183593759 6280.5144042968759 871.29827880859386 2224.2500000000005 5104.5000000000009 3450.5000000000005 6386.5000000000009 2370.2500000000005 620.25000000000011 2631.2500000000005 1167.2500000000002 2010.5000000000002 1346.2500000000002 -2092.7499999999995 2177.7500000000005 -540.74999999999989 817.75000000000011 773.75000000000011 1565.8640136718752
decision_type=2 2 2 2 2 2 2 2 2 2 2 2 2 2 2 2 2 2 2 2 2 2 2 2 2 2 2 2 2 2
left_child=1 23 -2 4 5 -4 14 -8 9 22 20 13 -13 -12 -7 16 19 -17 -19 -5 21 -10 -9 25 26 -1 -25 29 -29 -26
right_child=2 -3 3 15 -6 6 7 8 10 -11 11 12 -14 -15 -16 17 -18 18 -20 -21 -22 -23 -24 24 27 -27 -28 28 -30 -31
leaf_value=-0.0079869806073747437 19.96243260291315 -31.286050542195639 -19.903664512634279 21.144338711102804 -22.563413269179208 0.43070367522861652 19.941648004452389 -2.4938665583729747 -17.679706615871854 31.600468947670677 3.5996986765414478 -12.579859602909822 11.797689058482646 23.522050722021806 -20.899805223941804 -14.163337666647775 40.074776259335607 -2.994345929405906 29.189310970306394 -1.2508953696803042 -19.760516649309327 0.53047984530848846 19.435793800354006 -9.9800328223601635 2.385528613696589 27.209280627706779 -43.166347394670765 -26.452371666349212 -1.7338265119814407 28.889793062210085
leaf_weight=23814 31 21 25 24 28 46 48 56 36 22 64 52 30 38 32 28 22 22 20 38 34 124 20 46 107 23 21 29 153 20
leaf_count=23814 31 21 25 24 28 46 48 56 36 22 64 52 30 38 32 28 22 22 20 38 34 124 20 46 107 23 21 29 153 20
internal_value=-5.31381e-09 -0.0737112 2.12657 1.44312 -0.451039 0.536435 1.38528 2.83 1.10445 9.6354 -1.10728 4.47824 -3.66124 11.0218 -8.32027 9.49943 15.9711 1.73339 12.3312 7.41823 -6.40488 -3.56681 3.2771 -0.0466407 -4.16203 0.0182746 -20.3817 -0.645135 -5.6725 6.55943
internal_weight=25074 24234 840 809 655 627 602 524 476 98 378 184 82 102 78 154 84 70 42 62 194 160 76 24213 376 23837 67 309 182 127
internal_count=25074 24234 840 809 655 627 602 524 476 98 378 184 82 102 78 154 84 70 42 62 194 160 76 24213 376 23837 67 309 182 127
is_linear=0
shrinkage=0.05


Tree=94
num_leaves=31
num_cat=0
split_feature=141 50 121 129 16 79 22 108 107 128 141 44 55 115 128 107 98 142 120 94 92 100 124 1 57 134 140 29 5 70
split_gain=1.56288e+06 2.58579e+06 3.57623e+06 2.99697e+06 2.90311e+06 3.82233e+06 2.48791e+06 2.32822e+06 3.35108e+06 3.24471e+06 2.71096e+06 2.42361e+06 2.34768e+06 2.14459e+06 2.1138e+06 2.77725e+06 3.34075e+06 2.74836e+06 3.18669e+06 2.12423e+06 2.09939e+06 6.20571e+06 4.59114e+06 5.75696e+06 6.54387e+06 5.2652e+06 5.4405e+06 4.87447e+06 4.48487e+06 4.00165e+06
threshold=70.250000000000014 -3069.2499999999995 -2604.2499999999995 -391.24999999999994 2363.2500000000005 1528.5000000000002 -3546.4999999999995 -867.24999999999989 -1508.2499999999998 -261.74999999999994 1.0000000180025095e-35 483.25000000000006 225.69744110107425 -2598.2499999999995 -639.24999999999989 -57.749999999999993 588.75000000000011 -774.49999999999989 1662.7500000000002 1050.7500000000002 -2391.4999999999995 -3384.7499999999995 2784.5214843750005 -2909.7499999999995 -2557.7499999999995 -507.74999999999994 -559.74999999999989 -4306.2499999999991 1057.5335083007815 -5538.9999999999991
decision_type=2 2 2 2 2 2 2 2 2 2 2 2 2 2 2 2 2 2 2 2 2 2 2 2 2 2 2 2 2 2
left_child=1 3 13 6 7 -6 -1 9 -9 11 -10 12 -4 -3 19 16 -16 -17 -19 -12 21 22 23 24 25 28 -27 -28 -2 -22
right_child=20 2 4 -5 5 -7 -8 8 10 -11 14 -13 -14 -15 15 17 -18 18 -20 -21 29 -23 -24 -25 -26 26 27 -29 -30 -31
leaf_value=-26.778387453726364 -0.5762119206515226 2.1699705314636231 1.3553307168794513 5.1580043191495157 -15.237786300151379 3.661168098449707 -5.5064161795156972 -17.194658121195708 -13.455902786688373 17.050768650279327 -4.1607188189525557 13.569022525323405 -10.098850211318659 25.047500451405845 0.83968369757093075 11.199528955826255 15.716497475061662 -2.8424894356456547 -21.097176559448243 8.3505563974380497 22.441113357543948 13.797330588263435 23.223746566772462 -9.3922987783872163 31.495421781539918 -28.69340918540955 11.911372400993525 -12.842526477092022 31.350086784362794 0.06529006036529475
leaf_weight=28 22 20 514 23 77 41 27 33 44 34 589 37 49 21 1165 33 39 547 25 36 20 111 20 130 20 20 43 37 22 21247
leaf_count=28 22 20 514 23 77 41 27 33 44 34 589 37 49 21 1165 33 39 547 25 36 20 111 20 130 20 20 43 37 22 21247
internal_value=3.57592e-10 -0.999734 -0.787308 -9.99787 -0.971702 -8.6712 -16.3358 -0.682818 -1.3664 2.02457 -1.15562 1.17308 0.35843 13.8877 -0.93326 -0.0671707 1.32157 -2.83089 -3.64033 -3.44007 0.155869 3.63544 0.0431755 -1.53373 4.69562 0.973421 -5.36853 0.462694 15.3869 0.0863328
internal_weight=25074 3382 3304 78 3263 118 55 3145 2511 634 2478 600 563 41 2434 1809 1204 605 572 625 21692 425 314 294 164 144 100 80 44 21267
internal_count=25074 3382 3304 78 3263 118 55 3145 2511 634 2478 600 563 41 2434 1809 1204 605 572 625 21692 425 314 294 164 144 100 80 44 21267
is_linear=0
shrinkage=0.05


Tree=95
num_leaves=31
num_cat=0
split_feature=14 36 133 52 141 104 125 145 13 4 80 86 78 101 130 17 65 51 93 12 73 73 64 36 64 65 100 122 13 25
split_gain=1.56021e+06 5.12809e+06 4.87033e+06 4.51018e+06 6.33712e+06 4.06383e+06 4.69447e+06 4.02354e+06 3.86986e+06 6.28484e+06 4.26805e+06 3.86977e+06 4.32812e+06 5.81269e+06 8.3811e+06 6.1661e+06 3.58916e+06 5.27215e+06 5.23128e+06 5.30808e+06 5.22936e+06 4.00059e+06 6.61684e+06 3.69989e+06 3.86298e+06 4.41252e+06 4.59014e+06 5.08902e+06 3.54333e+06 7.71531e+06
threshold=1755.7500000000002 3404.7500000000005 -40.249999999999993 3348.7500000000005 1411.2500000000002 -644.09231567382801 -440.85493469238276 2042.5865478515627 5563.6638183593759 9972.8076171875018 -32.249999999999993 2803.7500000000005 2887.0000000000005 2006.2500000000002 547.32250976562511 763.00000000000011 -239.74999999999997 -27.749999999999996 -1819.7499999999998 1515.713562011719 -528.24999999999989 1741.2500000000002 1557.0000000000002 3404.7500000000005 -91.249999999999986 -1171.7499999999998 -1324.4999999999998 -414.24999999999994 1544.1569824218752 6626.2624511718759
decision_type=2 2 2 2 2 2 2 2 2 2 2 2 2 2 2 2 2 2 2 2 2 2 2 2 2 2 2 2 2 2
left_child=1 3 -3 4 8 -2 -7 -6 9 11 -11 12 28 14 -14 -15 18 21 -8 23 -19 22 -18 24 -20 -26 -27 -28 29 -1
right_child=5 2 -4 -5 7 6 16 -9 -10 10 -12 -13 13 15 -16 -17 17 20 19 -21 -22 -23 -24 -25 25 26 27 -29 -30 -31
leaf_value=0.095141750790941601 -19.224870971679689 5.9296860207682078 -21.702441038535195 20.291463873121472 -6.0844884811099185 25.160381832122805 -6.3336181425904661 -27.669305801391602 -21.515789937973025 35.894496955871581 4.619984916845957 20.877250116521665 0.018522440868875254 17.578851011821204 -40.71599162646703 -15.603814738137382 -11.27540722653106 -20.048899523417155 -2.5030658006668092 26.374568331767531 0.91426790011709036 -26.385487302144369 17.767077209472657 -11.424316958723397 26.507256301989159 -14.620651335943315 30.099845703442892 6.5777929011467968 -2.2286804529131743 19.381632885566127
leaf_weight=18538 25 23 52 27 215 20 83 24 21 20 24 22 23 28 28 28 91 30 77 34 3558 27 25 29 36 21 27 155 1711 52
leaf_count=18538 25 23 52 27 215 20 83 24 21 20 24 22 23 28 28 28 91 30 77 34 3558 27 25 29 36 21 27 155 1711 52
internal_value=6.82413e-10 -0.177878 -13.2286 -0.130732 -0.157326 0.874534 0.993804 -8.252 -0.0629311 -0.0409271 18.8357 -0.0815815 -0.104175 -10.1338 -22.3455 0.987518 0.878533 0.363764 5.03568 7.52553 0.738991 -9.051 -5.01625 5.66794 7.23654 10.3744 7.5134 10.0673 -0.0513122 0.14909
internal_weight=25074 20836 75 20761 20734 4238 4213 239 20495 20474 44 20430 20408 107 51 56 4193 3731 462 379 3588 143 116 345 316 239 203 182 20301 18590
internal_count=25074 20836 75 20761 20734 4238 4213 239 20495 20474 44 20430 20408 107 51 56 4193 3731 462 379 3588 143 116 345 316 239 203 182 20301 18590
is_linear=0
shrinkage=0.05


Tree=96
num_leaves=31
num_cat=0
split_feature=39 136 1 123 120 107 36 114 1 4 107 135 139 76 97 130 101 50 71 92 78 33 98 45 113 38 106 18 6 78
split_gain=1.54852e+06 3.06835e+06 2.35125e+06 2.29e+06 2.06009e+06 1.92483e+06 2.24775e+06 1.81238e+06 4.07295e+06 4.75612e+06 3.12222e+06 3.33756e+06 3.19768e+06 3.57221e+06 2.9431e+06 8.68948e+06 6.08607e+06 4.07485e+06 6.544e+06 5.02535e+06 4.76641e+06 7.09563e+06 6.80779e+06 4.18991e+06 4.04729e+06 3.68437e+06 3.63985e+06 3.63179e+06 5.37467e+06 4.02961e+06
threshold=-7689.7126464843741 -397.24999999999994 -2909.7499999999995 -6694.1398925781241 -800.24999999999989 -2464.4999999999995 -2236.4999999999995 -1759.4999999999998 -5459.7499999999991 2543.102416992188 -3099.2499999999995 -3349.9999999999995 -1992.6187744140623 -4107.7219238281241 4771.9375000000009 9341.0625000000018 772.75000000000011 -442.24999999999994 -1523.2499999999998 316.25000000000006 -160.74999999999997 1102.340026855469 -1696.4999999999998 83.250000000000014 -159.74999999999997 7058.2500000000009 -857.24999999999989 5368.2475585937509 416.80413818359381 -3723.2499999999995
decision_type=2 2 2 2 2 2 2 2 2 2 2 2 2 2 2 2 2 2 2 2 2 2 2 2 2 2 2 2 2 2
left_child=1 5 4 -2 -3 -1 -7 14 9 -9 -10 -12 13 -13 15 16 17 19 -19 27 21 26 -22 -23 -24 -16 -20 29 -29 -5
right_child=3 2 -4 7 -6 6 -8 8 10 -11 11 12 -14 -15 25 -17 -18 18 20 -21 22 23 24 -25 -26 -27 -28 28 -30 -31
leaf_value=-23.020768754822868 15.160381866455078 -8.2162843023027694 -8.5528568803047644 -7.9525192742395889 9.9407650251857582 5.4109600410574963 -18.010367596149447 -23.06373873949051 19.681405901908875 6.7988289070129397 -19.119829231241475 4.5008273536083747 -0.011049680935113868 -11.130455721903218 -22.445071424756733 30.578687843909634 27.586437212337149 -20.006424017747246 -4.2539877176284788 26.510171170668169 -20.496630988554521 35.837657984097795 1.3620825745985898 9.0132098996961449 -16.268643692920083 4.8979497129266916 18.813229987621309 28.939302462916221 0.88511998339703224 2.6491567883585456
leaf_weight=28 25 21 49 99 61 21 20 40 20 20 23 51 22764 129 28 26 22 48 118 22 55 24 227 37 38 22 20 31 38 947
leaf_count=28 25 21 49 99 61 21 20 40 20 20 23 51 22764 129 28 26 22 48 118 22 55 24 227 37 38 22 20 31 38 947
internal_value=3.43243e-09 -4.38202 0.112631 0.0352337 5.29079 -12.9153 -6.01408 0.0200167 -0.0993848 -13.1095 -0.0654261 -0.0826219 -0.0635382 -6.70159 1.54712 1.88848 1.4563 1.11894 -2.34348 2.84558 -0.709911 5.36626 -4.48853 19.5671 -1.1661 -10.4141 -0.910913 2.37866 13.4892 1.64575
internal_weight=25074 200 131 24874 82 69 41 24849 23047 60 22987 22967 22944 180 1802 1752 1726 1704 567 1137 519 199 320 61 265 50 138 1115 69 1046
internal_count=25074 200 131 24874 82 69 41 24849 23047 60 22987 22967 22944 180 1802 1752 1726 1704 567 1137 519 199 320 61 265 50 138 1115 69 1046
is_linear=0
shrinkage=0.05


Tree=97
num_leaves=31
num_cat=0
split_feature=124 96 5 19 95 82 75 145 145 105 115 96 68 135 61 106 10 23 48 142 72 92 121 142 51 77 77 65 104 19
split_gain=1.53678e+06 2.20879e+06 6.67124e+06 3.43327e+06 3.12369e+06 3.77932e+06 2.24008e+06 6.21056e+06 3.81168e+06 4.49442e+06 6.57242e+06 3.49456e+06 3.72695e+06 3.51454e+06 3.06571e+06 2.83644e+06 2.62374e+06 2.57903e+06 5.16123e+06 4.35321e+06 3.82995e+06 2.86209e+06 2.85397e+06 2.75339e+06 2.63792e+06 5.46806e+06 4.35678e+06 5.236e+06 4.62073e+06 5.2391e+06
threshold=399.58711242675787 445.86541748046881 490.59976196289068 475.99217224121099 -3678.1874999999995 431.95756530761724 540.16906738281261 871.36383056640636 479.95982360839849 -192.24999999999997 -25.249999999999996 505.65686035156256 561.79129028320324 -3349.9999999999995 522.90921020507824 1317.7500000000002 -717.24999999999989 -6473.7499999999991 -4310.5478515624991 -1444.7499999999998 -6069.9999999999991 -4077.2499999999995 -4282.9999999999991 -274.24999999999994 -2262.7499999999995 249.50000000000003 -374.74999999999994 -1879.4999999999998 -1839.7928466796873 1438.1508789062502
decision_type=2 2 2 2 2 2 2 2 2 2 2 2 2 2 2 2 2 2 2 2 2 2 2 2 2 2 2 2 2 2
left_child=-1 2 4 -4 5 -2 7 14 9 -8 -11 12 -10 -13 -3 -9 -12 18 19 -15 -19 -22 -23 -21 25 26 28 -28 -24 -30
right_child=1 6 3 -5 -6 -7 8 15 11 10 16 13 -14 17 -16 -17 -18 20 -20 23 21 22 24 -25 -26 -27 27 -29 29 -31
leaf_value=-1.5073971285639951 1.5654000484582151 -0.3225727306348094 24.898435672636957 7.1589967992862418 -0.20549214443915195 28.698993890626088 -2.0647654028927409 30.603233541141858 20.934596033794126 30.340187343798188 18.63803212275872 -9.5121117395289403 -3.5592365143299105 23.658610289437433 -3.0452161697630746 4.586369681954384 -0.37788300196329755 -17.162192988395692 26.317859688511604 -5.6678670163949327 18.599417672838484 -15.820548961843764 0.19004905657668419 10.38288628427606 0.41304247214517464 -16.185398227660382 25.61469076907996 0.58840124167894059 -3.4398295245682009 -18.869698155721029
leaf_weight=1584 33 3660 31 227 1079 21 82 22 41 38 26 94 25 21 1441 20 60 32 27 90 21 28 1421 38 14039 61 33 57 662 60
leaf_count=1584 33 3660 31 227 1079 21 82 22 41 38 26 94 25 21 1441 20 60 32 27 90 21 28 1421 38 14039 61 33 57 662 60
internal_value=2.43552e-09 0.101648 2.03419 9.29048 0.381828 12.1174 -0.0199936 -0.934041 0.25725 7.01715 13.0229 0.174114 11.6566 0.12869 -1.0917 18.2143 5.37111 0.183316 6.20372 2.55888 0.118761 0.152517 0.12884 -0.9028 0.156182 -1.41577 -1.0123 9.76471 -1.4649 -4.72209
internal_weight=25074 23490 1391 258 1133 54 22099 5143 16956 206 124 16750 66 16684 5101 42 86 16590 176 149 16414 16382 16361 128 16333 2294 2233 90 2143 722
internal_count=25074 23490 1391 258 1133 54 22099 5143 16956 206 124 16750 66 16684 5101 42 86 16590 176 149 16414 16382 16361 128 16333 2294 2233 90 2143 722
is_linear=0
shrinkage=0.05


Tree=98
num_leaves=31
num_cat=0
split_feature=135 107 5 106 107 135 26 68 36 52 5 121 5 126 38 36 26 68 27 22 26 12 114 131 69 134 142 99 94 61
split_gain=1.51512e+06 3.37977e+06 5.6695e+06 6.37466e+06 7.1668e+06 5.58027e+06 5.37675e+06 6.01098e+06 5.18736e+06 4.65212e+06 6.59254e+06 6.52827e+06 6.72453e+06 9.74872e+06 7.1485e+06 6.36829e+06 4.85955e+06 5.30204e+06 4.56147e+06 4.50268e+06 5.60107e+06 7.19264e+06 4.38988e+06 4.28781e+06 4.24943e+06 4.2481e+06 4.19985e+06 4.19944e+06 4.14059e+06 4.05569e+06
threshold=-257.74999999999994 -294.74999999999994 2042.5865478515627 4090.0000000000005 3225.0000000000005 205.75000000000003 1180.005310058594 1067.1999511718752 3835.7500000000005 3348.7500000000005 1154.7329101562502 1333.5000000000002 1226.166442871094 1019.2500000000001 2075.5000000000005 422.25000000000006 1154.7329101562502 1180.005310058594 186.46639251708987 5640.0000000000009 871.29827880859386 1077.258728027344 -772.24999999999989 2299.0893554687505 5545.0695800781259 1852.5000000000002 -304.24999999999994 1765.2500000000002 1027.7500000000002 1141.4506835937502
decision_type=2 2 2 2 2 2 2 2 2 2 2 2 2 2 2 2 2 2 2 2 2 2 2 2 2 2 2 2 2 2
left_child=-1 5 3 8 -5 25 7 -7 9 10 16 12 13 18 15 -14 17 -3 -12 28 -21 -22 -8 -4 -23 -2 -18 -17 -10 -6
right_child=1 2 23 4 29 6 22 -9 19 -11 11 -13 14 -15 -16 27 26 -19 -20 20 21 24 -24 -25 -26 -27 -28 -29 -30 -31
leaf_value=-0.36181843976827777 1.0610086762537525 0.1737948050155057 -28.954826304117837 27.152223733338445 13.762554399345232 6.072356244521897 6.3599748389665471 -17.309909048080446 -27.019490678848758 13.226122259732449 5.4420234185457232 8.5163313636779794 -13.560207065514156 -54.226927604675296 -28.031260849634805 -1.5786325687315408 33.620024890899657 -22.896188125610351 -27.922861289268454 -9.677068612223767 31.93537027652447 -15.516053179899851 28.581710123886236 -0.60056390762329104 14.906630819494076 -20.976885197379374 3.1435876846313477 22.808410024642946 -7.4955058677283608 -6.5284270030147624
leaf_weight=13433 3624 6562 30 44 46 328 43 30 31 66 20 50 56 20 30 41 20 25 21 61 26 24 46 24 22 22 26 31 219 53
leaf_count=13433 3624 6562 30 44 46 328 43 30 31 66 20 50 56 20 30 41 20 25 21 61 26 24 46 24 22 22 26 31 219 53
internal_value=-5.04965e-09 0.417516 -0.209853 -0.0935297 10.362 1.57446 6.84714 4.11295 -0.296923 0.0144748 -0.111861 -7.78526 -11.5071 -25.6078 -6.06312 -0.914335 0.199332 0.086236 -11.6473 -5.96225 1.47052 10.915 17.8454 -16.3529 -0.966074 0.928032 16.3942 8.92134 -9.91648 2.89971
internal_weight=25074 11641 7548 7494 143 4093 447 358 7351 6968 6902 269 219 61 158 128 6633 6587 41 383 133 72 89 54 46 3646 46 72 250 99
internal_count=25074 11641 7548 7494 143 4093 447 358 7351 6968 6902 269 219 61 158 128 6633 6587 41 383 133 72 89 54 46 3646 46 72 250 99
is_linear=0
shrinkage=0.05


Tree=99
num_leaves=31
num_cat=0
split_feature=2 13 123 71 72 63 44 5 137 141 86 80 141 101 136 126 128 106 11 76 18 68 106 107 107 142 23 142 115 99
split_gain=1.53953e+06 4.67163e+06 7.13264e+06 4.37895e+06 7.29852e+06 5.67504e+06 5.35864e+06 4.71524e+06 4.94641e+06 4.30817e+06 4.25224e+06 1.00746e+07 3.80992e+06 3.71939e+06 3.60454e+06 4.8809e+06 4.31417e+06 4.15705e+06 3.81955e+06 9.07233e+06 4.74498e+06 4.15151e+06 3.57517e+06 5.45518e+06 5.34069e+06 5.27233e+06 3.83437e+06 3.74503e+06 3.52001e+06 5.27065e+06
threshold=1076.0000000000002 1286.8919677734377 3643.4199218750005 -1523.2499999999998 -1103.7499999999998 -1109.7499999999998 -41.749999999999993 1647.119079589844 437.91999816894537 1411.2500000000002 575.25000000000011 575.75000000000011 1766.2500000000002 -1292.2499999999998 808.25000000000011 1438.2500000000002 1242.2500000000002 2243.2500000000005 8352.5375976562518 139.30487823486331 7902.4875488281259 1401.3559570312502 -664.74999999999989 -1413.7499999999998 -2464.4999999999995 -822.49999999999989 -425.74999999999994 -2441.7499999999995 989.00000000000011 2311.2500000000005
decision_type=2 2 2 2 2 2 2 2 2 2 2 2 2 2 2 2 2 2 2 2 2 2 2 2 2 2 2 2 2 2
left_child=9 2 28 -3 7 -6 13 8 -5 14 11 12 -11 -7 18 17 -17 -16 20 -20 -1 -21 -8 24 -24 -26 -25 -28 29 -2
right_child=1 3 -4 4 5 6 22 -9 -10 10 -12 -13 -14 -15 15 16 -18 -19 19 21 -22 -23 23 26 25 -27 27 -29 -30 -31
leaf_value=-0.2470059756492281 3.9639907453831071 -14.731098862570159 31.709108261440111 27.812159762779874 25.179662743481725 -26.467702969637784 9.2161775811810358 29.523254005432133 3.6311178279726692 -14.145767427312917 0.41760251187441644 -38.260026644070948 4.7910940724976205 -5.1276303850909581 5.8730331952925088 -18.573894735284753 10.249185094833374 28.968010669662842 34.757321937267598 18.069782543182374 -22.971207859205165 -4.5338547600282206 5.9243965943654384 21.100939239155164 -39.50287083387375 -10.34696230335512 20.738247750022197 0.049913623008555293 -3.6610925281551525 24.198519137326411
leaf_weight=18799 602 49 23 24 22 22 107 25 178 58 114 30 49 284 270 37 20 21 26 28 23 74 36 22 20 69 22 3844 142 34
leaf_count=18799 602 49 23 24 22 22 107 25 178 58 114 30 49 284 270 37 20 21 26 28 23 74 36 22 20 69 22 3844 142 34
internal_value=2.18664e-09 0.736969 4.2678 0.138282 0.294133 -0.152168 -0.278083 9.03926 6.50411 -0.208284 -6.71667 -12.6532 -5.47375 -6.66188 -0.123633 4.91896 -8.46053 7.53968 -0.216236 8.39171 -0.274774 1.67107 0.196054 -0.0444529 -10.3258 -16.8989 0.286093 0.167643 3.45655 5.04571
internal_weight=25074 5525 801 4724 4675 4448 4426 227 202 19549 251 137 107 306 19298 348 57 291 18950 128 18822 102 4120 4013 125 89 3888 3866 778 636
internal_count=25074 5525 801 4724 4675 4448 4426 227 202 19549 251 137 107 306 19298 348 57 291 18950 128 18822 102 4120 4013 125 89 3888 3866 778 636
is_linear=0
shrinkage=0.05


Tree=100
num_leaves=31
num_cat=0
split_feature=37 129 135 113 23 138 5 109 72 65 16 78 134 120 121 51 130 141 66 44 120 135 141 5 26 16 2 66 114 100
split_gain=1.49789e+06 3.68634e+06 7.08105e+06 3.09429e+06 2.53265e+06 5.52645e+06 7.80847e+06 9.11673e+06 2.75616e+06 5.35524e+06 5.21604e+06 4.37635e+06 7.75723e+06 4.63477e+06 3.02151e+06 2.86444e+06 2.61331e+06 2.46049e+06 1.84542e+06 3.78734e+06 4.01812e+06 3.76311e+06 3.60736e+06 3.4436e+06 3.32071e+06 4.5052e+06 7.31687e+06 3.28326e+06 3.06702e+06 4.68902e+06
threshold=-7241.2499999999991 -746.74999999999989 -433.24999999999994 -2455.7499999999995 -6473.7499999999991 1245.2596435546877 2042.5865478515627 -5328.6398925781241 -6069.9999999999991 -5461.4999999999991 -3379.2499999999995 -3723.2499999999995 355.75000000000006 -2715.2499999999995 -4282.9999999999991 -2845.9999999999995 -3803.5124511718745 217.75000000000003 -3270.2499999999995 -3576.2499999999995 1320.2500000000002 -41.749999999999993 503.25000000000006 481.68525695800787 1014.5462951660157 -1847.2499999999998 -4888.7499999999991 -999.24999999999989 -939.74999999999989 -959.74999999999989
decision_type=2 2 2 2 2 2 2 2 2 2 2 2 2 2 2 2 2 2 2 2 2 2 2 2 2 2 2 2 2 2
left_child=1 3 -3 -1 5 -2 7 -7 -6 10 16 12 17 15 -15 -13 -10 -11 21 20 22 23 28 -16 -25 26 -26 -24 -20 -30
right_child=4 2 -4 -5 8 6 -8 -9 9 11 -12 13 -14 14 18 -17 -18 -19 19 -21 -22 -23 27 24 25 -27 -28 -29 29 -31
leaf_value=-11.208288504860619 -4.9295738316499271 -33.728485547579254 5.3080777838116608 13.479399147033693 -13.646861125327446 4.0400810605003725 -8.4691786993117564 48.727874656677244 12.893701509995893 -13.174438719749453 -5.2680462100289089 30.297810267060996 -35.560507782300313 -18.542433142662048 22.068673386573792 4.1528583006425341 37.866288185119629 10.571360842386882 -6.1416327861603355 0.038415588806310741 15.080224792480468 22.177228076641377 -9.375791755357346 -4.4748455749539131 -8.9667849001677151 -12.389822888374329 25.572587776184083 -32.113586001396179 14.863589988853418 -6.3739742130884594
leaf_weight=22 52 26 21 30 37 21 21 25 22 20 22 20 24 22 20 22 20 24 256 23868 25 26 77 137 23 21 46 20 51 53
leaf_count=22 52 26 21 30 37 21 21 25 22 20 22 20 24 22 20 22 20 24 256 23868 25 26 77 137 23 21 46 20 51 53
internal_value=4.75565e-09 -6.13809 -16.2866 3.03461 0.0243312 7.30124 16.7938 28.3269 -0.0105076 0.0098214 14.4545 -0.027523 -12.6945 0.00736807 -0.0209139 16.6028 24.7854 -0.222184 -0.00436543 -0.0501985 -4.43825 4.08368 -5.506 2.17909 0.426709 7.88796 14.0595 -14.064 -3.2001 4.0406
internal_weight=25074 99 47 52 24975 119 67 46 24856 24819 64 24755 68 24687 24645 42 42 44 24623 24350 482 273 457 247 227 90 69 97 360 104
internal_count=25074 99 47 52 24975 119 67 46 24856 24819 64 24755 68 24687 24645 42 42 44 24623 24350 482 273 457 247 227 90 69 97 360 104
is_linear=0
shrinkage=0.05


Tree=101
num_leaves=31
num_cat=0
split_feature=33 137 103 26 89 54 134 126 2 136 135 9 37 113 23 100 114 79 109 138 72 4 78 93 47 110 9 40 52 114
split_gain=1.48734e+06 3.80254e+06 3.32211e+06 3.33301e+06 3.48359e+06 3.10638e+06 3.75268e+06 4.2889e+06 3.00423e+06 3.06545e+06 2.85097e+06 2.51062e+06 2.48532e+06 3.24542e+06 3.1474e+06 4.54758e+06 5.21552e+06 3.99134e+06 2.76641e+06 2.60758e+06 2.4544e+06 6.24175e+06 5.39712e+06 2.61612e+06 3.41008e+06 3.46292e+06 2.45239e+06 4.03148e+06 2.14292e+06 2.63022e+06
threshold=505.65686035156256 -2391.652465820312 473.97473144531256 440.85023498535162 518.42474365234386 503.77525329589849 872.75000000000011 825.25000000000011 -1335.2499999999998 -187.74999999999997 -489.74999999999994 2738.7500000000005 -7241.2499999999991 510.75000000000006 -6473.7499999999991 -3158.2499999999995 -1532.7499999999998 -5922.4999999999991 -5328.6398925781241 1245.2596435546877 -4664.9999999999991 6834.5126953125009 -3723.2499999999995 -4678.7499999999991 1014.5462951660157 1401.3559570312502 -8019.9999999999991 1341.8898925781252 -5049.9999999999991 -4661.4999999999991
decision_type=2 2 2 2 2 2 2 2 2 2 2 2 2 2 2 2 2 2 2 2 2 2 2 2 2 2 2 2 2 2
left_child=1 2 8 4 10 6 -2 -8 -1 -10 -4 -3 13 26 15 18 -17 -16 -14 -18 21 23 -22 -19 -25 -26 27 -7 -24 -30
right_child=5 11 3 -5 -6 12 7 -9 9 -11 -12 -13 14 -15 17 16 19 20 -20 -21 22 -23 28 24 25 -27 -28 -29 29 -31
leaf_value=4.3824935069692286 2.4475522717380933 -1.3344580952190814 2.5417464415232343 -2.4908234451908662 -4.2384918362753732 -11.292380765676498 33.847762062436061 3.7196259816487633 32.335107776096891 7.898139473886201 25.049665530639537 5.86626045425092 9.2517060019753199 -24.927594124187124 -16.11276054194099 -17.0975529890794 -0.73996429236038874 -10.777696984389733 34.945398979187011 23.338016310605138 -24.692096710205078 31.851081557500933 16.050952766055154 -6.1683305884852553 24.79902766942978 -0.63609461991683303 -15.095434158325197 20.074355788457964 -13.623846518652782 0.096198871764190563
leaf_weight=247 698 5090 24 332 35 20 21 27 21 33 34 124 22 22 38 26 23 29 20 22 22 21 21 33 32 23 25 21 35 17933
leaf_count=247 698 5090 24 332 35 20 21 27 21 33 34 124 22 22 38 26 23 29 20 22 22 21 21 33 32 23 25 21 35 17933
internal_value=-1.8579e-09 -0.69115 2.69909 -0.147318 8.21875 0.214562 3.37751 16.9007 6.71811 17.4014 15.736 -1.16321 0.0862415 -8.29635 0.126551 8.44537 0.730716 0.0748646 21.4868 11.0315 0.108758 6.75147 0.0578615 2.24642 6.53845 14.1625 -2.75261 4.77351 0.08813 0.0694735
internal_weight=25074 5940 726 425 93 19134 746 48 301 54 58 5214 18388 88 18300 113 71 18187 42 45 18149 138 18011 117 88 55 66 41 17989 17968
internal_count=25074 5940 726 425 93 19134 746 48 301 54 58 5214 18388 88 18300 113 71 18187 42 45 18149 138 18011 117 88 55 66 41 17989 17968
is_linear=0
shrinkage=0.05


Tree=102
num_leaves=31
num_cat=0
split_feature=114 87 34 45 107 133 129 134 4 6 113 128 86 136 38 36 113 30 85 30 122 120 141 86 103 64 133 6 0 123
split_gain=1.46966e+06 3.76373e+06 4.78647e+06 7.33041e+06 4.28968e+06 3.73193e+06 5.0853e+06 3.73169e+06 4.32719e+06 7.23469e+06 3.48705e+06 4.07433e+06 4.77309e+06 6.95121e+06 5.57605e+06 6.44253e+06 4.84432e+06 4.65486e+06 3.39973e+06 4.94371e+06 3.88461e+06 7.24671e+06 3.88332e+06 3.37632e+06 3.34214e+06 3.4777e+06 3.32827e+06 3.88097e+06 7.39936e+06 4.0986e+06
threshold=-205.24999999999997 932.25000000000011 -2535.897827148437 -1749.2499999999998 1797.7500000000002 -907.99999999999989 -1394.2499999999998 2353.5000000000005 8103.3525390625009 3645.7224121093755 25.250000000000004 -902.24999999999989 1236.7500000000002 -207.24999999999997 990.75000000000011 1098.2500000000002 663.75000000000011 516.75000000000011 1049.7500000000002 -1468.7499999999998 -1148.2499999999998 -407.24999999999994 667.25000000000011 -4369.9999999999991 1647.119079589844 3585.0000000000005 1789.5000000000002 3645.7224121093755 3865.7500000000005 2591.1650390625005
decision_type=2 2 2 2 2 2 2 2 2 2 2 2 2 2 2 2 2 2 2 2 2 2 2 2 2 2 2 2 2 2
left_child=10 4 -3 -4 7 6 -5 8 24 -10 -1 12 14 -14 15 18 -16 -17 20 -20 -12 -22 -23 -13 25 26 27 29 -29 -2
right_child=1 2 3 5 -6 -7 -8 -9 9 -11 11 23 13 -15 16 17 -18 -19 19 -21 21 22 -24 -25 -26 -27 -28 28 -30 -31
leaf_value=-0.25645545880019288 -0.75868753993821736 16.427723208690683 -29.649890756607057 -6.1548961094447545 -23.229896571419459 0.51580513191747945 24.805376789304944 17.435732832661383 -32.116633839607239 0.36504138946533204 -19.695040285296557 21.413986909389497 -3.8450086089067685 26.931651398539543 -7.2807985407169742 34.124808674766903 -28.484474828508169 0.42008086204528805 27.952580471038818 -3.5511700572389544 25.776317110061644 -7.8835008414960148 13.390263787408671 1.7792838339165564 16.833436034275934 -21.94656794548035 -20.936965029580254 21.022559284730391 -6.6637090877045031 -5.2883232264185303
leaf_weight=9126 5739 48 20 21 22 4066 36 27 30 40 41 22 43 32 107 21 36 20 20 33 20 202 24 4566 26 20 21 55 43 547
leaf_count=9126 5739 48 20 21 22 4066 36 27 30 40 41 22 43 32 107 21 36 20 20 33 20 202 24 4566 26 20 21 55 43 547
internal_value=-1.38467e-09 -0.441475 0.72931 0.547431 -1.18832 0.693913 13.399 -1.11426 -1.19107 -13.5557 0.331916 1.3671 -2.51118 9.28637 -4.19976 -1.03986 -12.6188 17.6835 -3.29767 8.33704 -5.44624 -3.07144 -5.62434 1.87343 -1.0569 -1.1293 -1.06429 -0.998922 8.8745 -1.15285
internal_weight=25074 10761 4191 4143 6570 4123 57 6548 6521 70 14313 5187 599 75 524 381 143 41 340 53 287 246 226 4588 6451 6425 6405 6384 98 6286
internal_count=25074 10761 4191 4143 6570 4123 57 6548 6521 70 14313 5187 599 75 524 381 143 41 340 53 287 246 226 4588 6451 6425 6405 6384 98 6286
is_linear=0
shrinkage=0.05


Tree=103
num_leaves=31
num_cat=0
split_feature=114 120 104 37 5 124 5 142 127 96 86 22 82 47 137 71 44 43 97 101 13 4 137 12 33 129 134 22 1 134
split_gain=1.4299e+06 3.60599e+06 3.89319e+06 4.73982e+06 4.16754e+06 6.68079e+06 4.26074e+06 5.10434e+06 4.5172e+06 7.47107e+06 4.51026e+06 4.31627e+06 4.26186e+06 6.04514e+06 3.82408e+06 3.80012e+06 5.08457e+06 3.76489e+06 7.85233e+06 4.5894e+06 3.93908e+06 3.87633e+06 5.48126e+06 3.88354e+06 4.83884e+06 3.75874e+06 5.49218e+06 3.90315e+06 5.37909e+06 3.63897e+06
threshold=-714.74999999999989 -459.74999999999994 -3522.8669433593745 -6111.4999999999991 1401.3559570312502 1315.5429687500002 1141.4506835937502 -88.749999999999986 -20.749999999999996 1126.3332519531252 -2564.2499999999995 -161.99999999999997 1141.4506835937502 1264.2258911132815 -3754.2175292968745 2295.0000000000005 -1220.7499999999998 4448.7500000000009 2829.873657226563 804.75000000000011 4679.4475097656259 8955.2124023437518 5594.8999023437509 2042.5865478515627 1890.4719848632815 662.75000000000011 644.25000000000011 4942.7500000000009 -155.49999999999997 1781.2500000000002
decision_type=2 2 2 2 2 2 2 2 2 2 2 2 2 2 2 2 2 2 2 2 2 2 2 2 2 2 2 2 2 2
left_child=1 17 3 -3 6 -6 10 8 12 11 -4 -10 -8 -14 -5 16 -11 18 19 20 21 22 23 24 -1 26 27 28 -7 -27
right_child=-2 2 4 14 5 25 7 -9 9 15 -12 -13 13 -15 -16 -17 -18 -19 -20 -21 -22 -23 -24 -25 -26 29 -28 -29 -30 -31
leaf_value=-0.61803954627856905 -0.25705812699061725 -1.3861454082571942 -5.7595998835563664 10.061596356752592 -22.599113338643857 -10.795891846992353 1.0554230058894438 30.543202608281916 33.345031936963402 -10.315149659743676 1.6137326880145773 3.3579987558691453 41.671601333618163 8.1209486994250071 35.428416657447819 -22.581440977255504 10.240882945060731 -15.202409283274955 29.997661036536808 23.207537152767184 -17.747477935342229 15.028638321314103 -22.46937289402403 -18.246493641022713 24.052971565723421 -1.0420894182645357 17.382172233679078 -23.356452207565312 11.043516651048499 -28.672141205180779
leaf_weight=3180 17133 46 220 39 44 54 34 22 24 65 3622 24 25 29 24 24 56 44 21 20 34 39 29 31 20 26 44 20 59 22
leaf_count=3180 17133 46 220 39 44 54 34 22 24 65 3622 24 25 29 24 24 56 44 21 20 34 39 29 31 20 26 44 20 59 22
internal_value=5.24949e-10 0.554612 1.48084 10.8158 1.25032 -4.78054 1.64171 7.35002 5.53418 1.25349 1.19152 18.3515 14.9225 23.6537 19.7251 -4.40655 -0.801614 -0.671054 -0.481552 -0.672444 -0.815739 -0.641238 -0.828699 -0.634462 -0.463846 -1.29602 2.06936 -2.99654 0.606985 -13.7059
internal_weight=25074 7941 4523 109 4414 269 4145 303 281 193 3842 48 88 54 63 145 121 3418 3374 3353 3333 3299 3260 3231 3200 225 177 133 113 48
internal_count=25074 7941 4523 109 4414 269 4145 303 281 193 3842 48 88 54 63 145 121 3418 3374 3353 3333 3299 3260 3231 3200 225 177 133 113 48
is_linear=0
shrinkage=0.05


Tree=104
num_leaves=31
num_cat=0
split_feature=55 43 136 117 66 145 41 104 120 141 121 141 100 127 89 138 5 19 141 103 33 127 142 61 129 128 136 2 94 94
split_gain=1.418e+06 5.44572e+06 4.94628e+06 4.26534e+06 5.19087e+06 3.89847e+06 3.89273e+06 6.22515e+06 3.97573e+06 5.18801e+06 4.27307e+06 5.65133e+06 5.17738e+06 4.96061e+06 4.64277e+06 1.0546e+07 6.64721e+06 8.67984e+06 5.07928e+06 4.65919e+06 8.01075e+06 4.14091e+06 3.87369e+06 4.55241e+06 4.52682e+06 3.65156e+06 3.46972e+06 3.34692e+06 4.83735e+06 4.69695e+06
threshold=2817.029174804688 2129.2500000000005 776.00000000000011 1315.5429687500002 13.750000000000002 1114.236511230469 3156.608276367188 2039.2615966796877 887.75000000000011 950.25000000000011 1263.0000000000002 1766.2500000000002 936.50000000000011 2098.2500000000005 1154.7329101562502 1180.005310058594 1473.834655761719 2042.5865478515627 1025.5000000000002 1034.9852294921877 978.78335571289074 1051.2500000000002 -1444.7499999999998 1748.4644165039065 1404.5000000000002 744.75000000000011 147.25000000000003 4313.0000000000009 2326.2500000000005 1633.5000000000002
decision_type=2 2 2 2 2 2 2 2 2 2 2 2 2 2 2 2 2 2 2 2 2 2 2 2 2 2 2 2 2 2
left_child=-1 2 3 5 -5 26 -3 -8 9 21 11 13 -12 22 15 19 18 -18 -16 20 -14 27 -10 24 -24 -15 -2 29 -29 -9
right_child=1 6 -4 4 -6 -7 7 8 10 -11 12 -13 14 25 16 -17 17 -19 -20 -21 -22 -23 23 -25 -26 -27 -28 28 -30 -31
leaf_value=-0.10949318996542408 -0.1888894557952881 6.5839461423792294 27.429105364891793 6.0649377700610039 -24.309724695574154 31.55607756614685 -11.904340703798844 13.356891873544152 -22.076728771414079 20.760998582839967 24.359774497839123 -22.551959429289166 -0.47737692344335864 -0.91280422210693368 -33.764495242083512 33.608123003203296 26.688192452324763 -13.044351850237167 -6.0948258954425194 -21.509938225746154 28.056898889870482 -16.642298155564529 -2.7921303145393086 18.761803734820823 -23.159880248431506 27.895196741277523 20.119104070374462 -5.1344978518669429 20.217526869340375 -4.2932015313551979
leaf_weight=23114 58 222 31 39 22 20 111 137 28 44 26 38 162 22 27 29 27 28 43 20 29 26 460 23 29 22 33 130 22 52
leaf_count=23114 58 222 31 39 22 20 111 137 28 44 26 38 162 22 27 29 27 28 43 20 29 26 460 23 29 22 33 130 22 52
internal_value=-4.80506e-09 1.29124 9.04491 5.73148 -4.88986 11.5684 0.395395 -0.499627 0.389364 4.53706 -1.29346 -3.86818 2.80237 -2.65245 1.26677 5.33647 -6.54704 6.46072 -16.7674 1.45079 3.85505 2.59196 -3.96786 -2.97753 -4.00003 13.4912 7.17555 4.0585 -1.46513 8.50078
internal_weight=25074 1960 203 172 61 111 1757 1535 1424 411 1013 622 391 584 365 240 125 55 70 211 191 367 540 512 489 44 91 341 152 189
internal_count=25074 1960 203 172 61 111 1757 1535 1424 411 1013 622 391 584 365 240 125 55 70 211 191 367 540 512 489 44 91 341 152 189
is_linear=0
shrinkage=0.05


Tree=105
num_leaves=31
num_cat=0
split_feature=33 80 122 135 37 69 138 103 117 13 105 73 24 82 110 3 145 10 80 118 61 137 117 16 43 105 93 92 99 110
split_gain=1.36695e+06 3.36275e+06 3.07152e+06 2.8284e+06 2.53165e+06 6.34558e+06 2.34872e+06 2.31305e+06 3.91036e+06 5.38956e+06 4.91164e+06 4.02777e+06 3.7344e+06 3.5847e+06 3.85972e+06 3.31158e+06 2.91778e+06 2.62304e+06 3.78099e+06 3.10064e+06 2.94308e+06 3.02657e+06 2.96758e+06 3.20076e+06 3.59938e+06 2.86513e+06 3.22925e+06 2.33727e+06 3.01019e+06 3.12712e+06
threshold=594.04864501953136 -5063.7499999999991 2063.2500000000005 -3349.9999999999995 4187.7500000000009 -518.23522949218739 498.71292114257818 546.71847534179699 522.90921020507824 568.18515014648449 -30.749999999999996 -2957.7499999999995 1280.2500000000002 551.84924316406261 485.53334045410162 1315.2500000000002 478.13288879394537 2674.5000000000005 1218.2500000000002 1934.8887329101565 518.42474365234386 -2428.1000976562495 503.77525329589849 -2585.2499999999995 -1903.9999999999998 1007.7500000000001 1070.2500000000002 306.50000000000006 803.25000000000011 526.26000976562511
decision_type=2 2 2 2 2 2 2 2 2 2 2 2 2 2 2 2 2 2 2 2 2 2 2 2 2 2 2 2 2 2
left_child=1 -1 7 4 5 -2 -5 8 11 12 15 -3 13 14 -10 -11 -9 19 -19 20 21 22 23 -13 -25 -22 -27 -12 29 -29
right_child=3 2 -4 6 -6 -7 -8 16 9 10 27 17 -14 -15 -16 -17 -18 18 -20 -21 25 -23 -24 24 -26 26 -28 28 -30 -31
leaf_value=19.578082293555852 -15.496418815567381 18.718480389206501 11.027383778835166 6.0164061532645938 -22.367813801765443 15.933893713584315 0.31397620719409575 17.379703278541566 18.728246158361436 10.235811879173403 -11.978276815868561 -2.773579005621098 -17.126395737330121 6.5653983755964012 -1.6915381912067908 29.84216758771376 -1.7790493725196825 25.407859711025072 1.6710465300467707 -14.624632043838501 -3.7966310583204632 -0.59493761691691838 -4.8062989529998354 26.614739100499591 5.773237447008281 14.963679066234164 -4.4349800051712407 -0.43053853822791055 2.6924485620952421 22.232949340558715
leaf_weight=21 42 27 58 183 24 26 13612 20 24 62 21 108 30 207 647 33 3124 23 62 40 996 4809 96 22 355 45 41 23 248 45
leaf_count=21 42 27 58 183 24 26 13612 20 24 62 21 108 30 207 647 33 3124 23 62 40 996 4809 96 22 355 45 41 23 248 45
internal_value=-7.1738e-09 -0.411321 -0.448916 0.33135 -8.40648 -3.47895 0.389623 -0.508839 -0.0555026 2.40782 7.00504 -0.553819 0.220593 0.813315 -0.961173 17.0464 -1.65717 -0.632696 8.09395 -0.746603 -0.660831 -0.183114 3.2256 4.81542 6.98945 -3.04059 5.71548 4.17437 5.24781 14.5674
internal_weight=25074 11187 11166 13887 92 68 13795 11108 7964 1340 432 6624 908 878 671 95 3144 6597 85 6512 6472 5390 581 485 377 1082 86 337 316 68
internal_count=25074 11187 11166 13887 92 68 13795 11108 7964 1340 432 6624 908 878 671 95 3144 6597 85 6512 6472 5390 581 485 377 1082 86 337 316 68
is_linear=0
shrinkage=0.05


Tree=106
num_leaves=31
num_cat=0
split_feature=135 121 142 141 145 145 73 93 15 101 132 115 134 23 43 101 71 75 8 5 79 77 78 29 106 3 8 5 129 5
split_gain=1.35528e+06 2.70095e+06 7.5334e+06 7.56229e+06 4.33467e+06 8.40265e+06 5.71355e+06 4.51892e+06 3.98544e+06 4.32403e+06 2.80703e+06 2.64205e+06 6.91421e+06 5.18006e+06 5.25008e+06 7.43444e+06 5.77489e+06 7.34869e+06 8.225e+06 7.37583e+06 5.41002e+06 4.85509e+06 5.63863e+06 4.5305e+06 4.48787e+06 3.61474e+06 3.39968e+06 3.26138e+06 5.55485e+06 4.27632e+06
threshold=-345.24999999999994 -1495.7499999999998 -379.74999999999994 268.25000000000006 2299.0893554687505 2042.5865478515627 7265.0000000000009 -2211.7499999999995 -2346.7499999999995 -859.24999999999989 69.875984191894545 1012.2500000000001 -266.74999999999994 2645.5000000000005 1890.2500000000002 17.750000000000004 1490.7500000000002 996.66073608398449 4141.2500000000009 828.10830688476574 2389.7500000000005 3381.5000000000005 2501.7500000000005 3823.7500000000005 -450.74999999999994 3319.2500000000005 5548.7500000000009 618.38656616210949 -365.74999999999994 1515.713562011719
decision_type=2 2 2 2 2 2 2 2 2 2 2 2 2 2 2 2 2 2 2 2 2 2 2 2 2 2 2 2 2 2
left_child=11 2 -2 -4 5 7 -6 8 9 -3 -5 13 -13 21 -15 23 -17 19 -19 -18 26 22 -1 25 -25 -16 -20 28 -14 -29
right_child=1 4 3 10 6 -7 -8 -9 -10 -11 -12 12 27 14 15 16 17 18 20 -21 -22 -23 -24 24 -26 -27 -28 29 -30 -31
leaf_value=-0.32702040171409119 -11.142632813887163 7.9920627558409283 -2.9542597914996902 12.487418860738927 0.5452394748556203 -30.69630721699108 34.790403711228144 0.35031457706788727 -11.953309552043889 -16.741816409428917 28.961240713936942 -27.695266498838151 28.829329490661621 29.534045818873814 -6.5041143962315147 -11.844970620473227 11.349196480142261 50.703110296130184 11.12379214040935 -13.949311463832856 -0.95092312097549447 24.173099975585941 -9.2813186391105855 1.4469606058938165 -19.937588177293037 22.497480934316464 39.310482688572101 -5.9875684396938613 0.40072319317059435 6.1492629902307385
leaf_weight=9874 55 67 76 99 29 22 21 13278 141 24 35 28 20 21 21 30 103 20 20 40 32 20 179 42 59 22 23 465 122 86
leaf_count=9874 55 67 76 99 29 22 21 13278 141 24 35 28 20 21 21 30 103 20 20 40 32 20 179 42 59 22 23 465 122 86
internal_value=5.8468e-09 0.330999 5.3303 9.64464 0.233457 0.179161 14.9282 0.229439 -6.68859 1.46884 16.7903 -0.408243 -3.33617 -0.207307 5.14763 3.90463 8.82797 11.4338 22.2132 4.27269 14.6158 -0.437496 -0.486457 -5.25824 -11.045 8.33391 26.2004 -2.35196 4.40475 -4.09325
internal_weight=25074 13847 265 210 13582 13532 50 13510 232 91 134 11227 721 10506 433 412 268 238 95 143 75 10073 10053 144 101 43 43 693 142 551
internal_count=25074 13847 265 210 13582 13532 50 13510 232 91 134 11227 721 10506 433 412 268 238 95 143 75 10073 10053 144 101 43 43 693 142 551
is_linear=0
shrinkage=0.05


Tree=107
num_leaves=31
num_cat=0
split_feature=65 57 71 52 55 86 6 45 58 92 107 65 142 61 82 115 136 48 18 113 44 142 10 107 82 127 84 19 78 141
split_gain=1.38689e+06 5.44845e+06 5.33353e+06 4.57671e+06 5.61055e+06 4.0648e+06 5.79806e+06 6.1637e+06 5.57296e+06 4.49071e+06 4.25476e+06 3.87002e+06 3.59589e+06 3.32251e+06 3.9129e+06 7.32686e+06 3.38343e+06 3.23308e+06 5.39791e+06 5.29173e+06 4.66171e+06 4.09391e+06 3.04771e+06 3.03213e+06 5.39852e+06 5.27251e+06 4.19035e+06 6.54719e+06 9.88269e+06 6.92714e+06
threshold=-1188.2499999999998 95.250000000000014 -1562.7499999999998 1245.5000000000002 2345.7548828125005 -295.74999999999994 -3746.9926757812495 -2032.9999999999998 -2076.7499999999995 1055.2500000000002 849.25000000000011 -1746.7499999999998 -329.74999999999994 2784.5214843750005 2299.0893554687505 1510.5000000000002 200.25000000000003 -69.109992980957017 5368.2475585937509 161.25000000000003 -232.24999999999997 -1063.2499999999998 -1134.7499999999998 -1319.7499999999998 1057.5335083007815 1265.5000000000002 -2207.2499999999995 1014.5462951660157 -491.24999999999994 600.75000000000011
decision_type=2 2 2 2 2 2 2 2 2 2 2 2 2 2 2 2 2 2 2 2 2 2 2 2 2 2 2 2 2 2
left_child=1 5 -3 4 11 17 -7 12 -9 -10 -11 22 -8 14 -2 -16 -15 18 20 21 23 -20 -4 25 -25 26 -1 -28 29 -29
right_child=13 2 3 -5 -6 6 7 8 9 10 -12 -13 -14 16 15 -17 -18 -19 19 -21 -22 -23 -24 24 -26 -27 27 28 -30 -31
leaf_value=-1.4703450548315937 -0.22117389105630036 -17.274891789754232 5.0307977628707894 -7.6126086866533429 34.21436833043893 25.526683321866123 2.1757137000560762 28.37248200636644 7.4442437282361489 -22.253615990706855 7.9413131141662605 5.2167724244635219 -26.268542259216311 0.51593220233917236 -34.362609338760379 1.9455173988685464 27.997398249308272 -3.2939260863700426 9.4853941129601527 -6.675378112792969 20.580086714880807 39.655048695477575 29.628751819274004 -0.30317871899685805 -8.0172032171174106 19.670169536884018 1.4280871084562081 21.266484156639681 -9.0939542353153229 -6.0096381417342597
leaf_weight=940 18089 21 20 37 24 33 20 26 190 28 20 176 25 24 24 33 21 663 23 20 28 22 34 2774 247 39 1259 138 48 28
leaf_count=940 18089 21 20 37 24 33 20 26 190 28 20 176 25 24 24 33 21 663 23 20 28 22 34 2774 247 39 1259 138 48 28
internal_value=-1.38202e-09 0.604531 7.06042 8.81658 11.2098 0.297997 5.60525 3.47772 6.39324 3.99215 -9.6724 8.80933 -13.6267 -0.228739 -0.262389 -13.3421 13.3406 0.00660445 0.399751 14.7241 0.230493 24.235 20.5184 0.126384 -0.933885 1.4327 1.13793 2.80241 10.8878 16.6657
internal_weight=25074 6883 312 291 254 6571 342 309 264 238 48 230 45 18191 18146 57 45 6229 5566 65 5501 45 54 5473 3021 2452 2413 1473 214 166
internal_count=25074 6883 312 291 254 6571 342 309 264 238 48 230 45 18191 18146 57 45 6229 5566 65 5501 45 54 5473 3021 2452 2413 1473 214 166
is_linear=0
shrinkage=0.05


Tree=108
num_leaves=31
num_cat=0
split_feature=39 136 1 92 110 19 68 136 45 142 51 52 73 40 12 85 98 15 75 115 135 108 86 130 127 91 107 51 92 91
split_gain=1.365e+06 2.76838e+06 2.0541e+06 1.9165e+06 4.65758e+06 1.21235e+07 6.35206e+06 4.84512e+06 7.30785e+06 6.57434e+06 5.51901e+06 4.45291e+06 3.6184e+06 3.28315e+06 3.39015e+06 3.21617e+06 4.04964e+06 5.40387e+06 3.35999e+06 3.30899e+06 4.24111e+06 2.87807e+06 2.74024e+06 9.82764e+06 3.20748e+06 3.18818e+06 2.56448e+06 4.55025e+06 9.38246e+06 4.84688e+06
threshold=-7689.7126464843741 -397.24999999999994 -2909.7499999999995 -2391.4999999999995 1088.9631958007815 1114.236511230469 1154.7329101562502 -1377.2499999999998 -1713.7499999999998 -1232.2499999999998 -4440.2499999999991 -2554.2499999999995 -2608.2499999999995 483.21421813964849 541.75433349609386 -1845.9999999999998 -2858.7499999999995 1160.2500000000002 456.58299255371099 -735.74999999999989 -514.74999999999989 -1163.2499999999998 -3486.7499999999995 4565.7575683593759 -4.7499999999999991 -2373.4999999999995 -1821.4999999999998 4175.5000000000009 1910.7500000000002 669.25000000000011
decision_type=2 2 2 2 2 2 2 2 2 2 2 2 2 2 2 2 2 2 2 2 2 2 2 2 2 2 2 2 2 2
left_child=1 -1 -3 4 5 12 11 -8 9 -9 -11 -6 13 -2 -15 18 17 -17 -5 21 -21 -20 23 24 -18 -24 27 28 29 -27
right_child=3 2 -4 15 6 -7 7 8 -10 10 -12 -13 -14 14 -16 16 22 -19 19 20 -22 -23 25 -25 -26 26 -28 -29 -30 -31
leaf_value=-12.21965292752653 20.89526308298111 4.9950234677733452 -7.9443035322792683 11.467320017682182 -35.053628193248407 44.345415060860773 -13.3129156042368 35.505386226654053 -14.489551634173239 -5.8566095906634672 21.327556136160187 -2.4556878995895386 19.538171038908118 -19.320609224410287 2.2032072936984854 32.110801737204845 8.317810142338276 0.12371998140888829 -4.7143833845272702 8.3255825309470151 -5.9923782011529187 -14.99538560197467 -11.312402236581811 32.781622748715534 -19.999516849517825 2.9414181991876056 -0.070771896048476932 -19.034084860483805 34.562799246414848 -15.750776605473625
leaf_weight=69 20 82 49 36 22 21 39 25 31 43 33 20 34 21 142 23 20 31 359 101 106 84 62 28 20 946 22524 24 23 36
leaf_count=69 20 82 49 36 22 21 39 25 31 43 33 20 34 21 142 23 20 31 359 101 106 84 62 28 20 946 22524 24 23 36
internal_value=1.02648e-09 -4.11418 0.155123 0.0330801 3.26278 8.06966 -2.10828 2.17094 6.74571 13.2635 5.94704 -19.5308 4.5591 1.77611 -0.5698 -0.0265602 0.0709812 13.7478 -3.40169 -4.22521 0.99368 -6.66383 0.0397963 10.0625 -5.84085 0.0109356 0.0407427 2.48171 2.99552 2.25616
internal_weight=25074 200 131 24874 451 238 213 171 132 101 76 42 217 183 163 24423 23737 54 686 650 207 443 23683 68 40 23615 23553 1029 1005 982
internal_count=25074 200 131 24874 451 238 213 171 132 101 76 42 217 183 163 24423 23737 54 686 650 207 443 23683 68 40 23615 23553 1029 1005 982
is_linear=0
shrinkage=0.05


Tree=109
num_leaves=31
num_cat=0
split_feature=107 134 73 142 38 99 15 1 23 52 122 107 100 120 142 36 57 66 36 38 73 120 117 15 142 52 114 121 134 120
split_gain=1.38412e+06 4.05204e+06 3.34037e+06 4.81406e+06 2.73865e+06 5.12669e+06 3.96363e+06 4.58127e+06 4.02459e+06 2.71842e+06 2.70892e+06 2.49872e+06 5.2014e+06 3.82409e+06 3.75753e+06 3.95474e+06 5.28392e+06 4.57551e+06 3.35329e+06 2.50401e+06 2.14224e+06 3.4599e+06 5.64941e+06 3.49796e+06 3.38013e+06 4.83474e+06 2.57968e+06 2.37148e+06 4.08938e+06 4.74678e+06
threshold=-4898.7499999999991 644.25000000000011 -5308.7499999999991 -774.49999999999989 -6358.7499999999991 -1863.7499999999998 -6482.4999999999991 -5459.7499999999991 -6473.7499999999991 -3167.2499999999995 -677.24999999999989 -3394.9999999999995 -3158.2499999999995 -771.99999999999989 -608.24999999999989 -1497.2499999999998 -2675.7499999999995 -1176.2499999999998 -3163.7499999999995 -3983.2499999999995 7265.0000000000009 4857.5000000000009 1515.713562011719 10873.750000000002 -1961.7499999999998 8357.5000000000018 3625.5000000000005 -3103.7499999999995 -829.74999999999989 -1123.4999999999998
decision_type=2 2 2 2 2 2 2 2 2 2 2 2 2 2 2 2 2 2 2 2 2 2 2 2 2 2 2 2 2 2
left_child=1 -1 3 -2 5 -4 -6 9 -9 10 -8 12 14 -14 15 16 19 -17 -16 -10 21 23 -23 27 -22 -26 -27 28 -13 -30
right_child=2 -3 4 -5 6 -7 7 8 11 -11 -12 20 13 -15 18 17 -18 -19 -20 -21 24 22 -24 -25 25 26 -28 -29 29 -31
leaf_value=-11.307368948552515 0.004312856992085775 13.024058712612499 -30.542538052513489 28.565064727783206 18.492874842676624 1.4537689085929626 -32.638138969378041 16.084602322945226 15.624509439014254 -1.2012420842141818 -8.096734984024712 25.807531754175827 6.1287878865003584 37.048392807245257 -22.933172067006431 -19.176970199584961 30.892131437104325 10.011912720778893 0.82088507994627347 -8.5134749109094798 25.803379783630376 -33.550688517093661 4.0305792474746704 -17.70510549715587 23.174922466278076 6.7121882265264334 -16.353029420640734 -0.051490150982369448 -8.9329007904116917 20.552231198265442
leaf_weight=77 36 22 21 25 29 31 22 39 21 33 23 24 20 20 24 25 29 29 39 22 20 20 20 28 20 22 27 24246 39 21
leaf_count=77 36 22 21 25 29 31 22 39 21 33 23 24 20 20 24 25 29 29 39 22 20 20 20 28 20 22 27 24246 39 21
internal_value=1.08587e-09 -5.90039 0.0233889 11.7095 -0.00522372 -11.4678 0.0187508 -0.00282329 0.0352977 -12.1013 -20.0948 0.00997309 5.20862 21.5886 1.74196 6.72707 14.3985 -3.50146 -8.22828 3.27484 -0.0386441 -0.0668899 -14.7601 -0.0427613 7.70452 2.45848 -5.99722 -0.0224347 8.36422 1.3869
internal_weight=25074 99 24975 61 24914 52 24862 24833 24755 78 45 24716 229 40 189 126 72 54 63 43 24487 24398 40 24358 89 69 49 24330 84 60
internal_count=25074 99 24975 61 24914 52 24862 24833 24755 78 45 24716 229 40 189 126 72 54 63 43 24487 24398 40 24358 89 69 49 24330 84 60
is_linear=0
shrinkage=0.05


Tree=110
num_leaves=31
num_cat=0
split_feature=141 78 5 50 114 19 113 40 0 133 64 7 2 95 132 43 138 16 5 82 100 113 9 80 129 30 97 19 135 114
split_gain=1.3338e+06 3.77825e+06 4.17511e+06 2.96031e+06 3.12659e+06 5.90163e+06 3.36136e+06 3.16833e+06 2.98375e+06 2.01855e+06 2.19655e+06 1.99981e+06 3.02577e+06 2.77361e+06 2.81355e+06 2.52441e+06 2.5097e+06 2.41698e+06 2.62191e+06 6.36164e+06 2.52521e+06 2.47743e+06 2.06236e+06 6.71028e+06 1.83917e+06 4.13333e+06 6.62135e+06 4.03394e+06 3.98702e+06 4.49278e+06
threshold=97.250000000000014 3079.7500000000005 1102.340026855469 -3069.2499999999995 -2261.7499999999995 790.26177978515636 -1314.7499999999998 1193.3194580078127 3865.7500000000005 -226.74999999999997 -2819.7499999999995 -780.24999999999989 -906.74999999999989 1829.122497558594 -962.44876098632801 1047.7500000000002 766.20074462890636 -1847.2499999999998 1209.4280395507815 1057.5335083007815 -1423.7499999999998 -755.74999999999989 -1023.9999999999999 -959.74999999999989 -1327.2499999999998 2555.0000000000005 4771.9375000000009 2299.0893554687505 -2351.2499999999995 -79.249999999999986
decision_type=2 2 2 2 2 2 2 2 2 2 2 2 2 2 2 2 2 2 2 2 2 2 2 2 2 2 2 2 2 2
left_child=1 3 -3 9 5 6 -5 -7 11 10 -1 15 13 14 -13 22 -16 -14 19 20 -19 -22 -6 -24 25 27 -27 -2 29 -26
right_child=24 2 -4 4 8 7 -8 -9 -10 -11 -12 12 17 -15 16 -17 -18 18 -20 -21 21 -23 23 -25 28 26 -28 -29 -30 -31
leaf_value=-7.2032597151669595 2.5986095097994717 1.2101190576950709 28.481987380592724 10.146952842695768 -0.10710463231635413 -11.197290364371407 34.95820037841797 9.0260520261876724 -14.351576904552738 5.4739018630981455 -24.361631789574258 6.7059775389157812 16.184115495681763 9.9064525516195729 -8.811299226985259 17.750191951933363 -27.132892663138257 -7.3027808182296301 -14.301288045080085 18.968436313286809 11.22684640186589 -1.1737975452253551 32.413240727924169 0.48243904364736462 -32.432740755081177 31.906201305389402 -1.9016520432063513 -15.969825920366473 0.13083950948414103 -0.63847615051269535
leaf_weight=66 518 36 23 43 1646 45 20 34 41 20 26 26 20 22 170 21 21 168 38 39 41 2283 21 76 20 30 28 31 19476 25
leaf_count=66 518 36 23 43 1646 45 20 34 41 20 26 26 20 22 170 21 21 168 38 39 41 2283 21 76 20 30 28 31 19476 25
internal_value=2.51408e-09 -0.735659 11.8415 -0.887501 -0.699032 6.60909 18.0235 -2.49357 -0.923024 -8.92267 -12.0524 -0.803126 -1.62721 -7.0101 -8.72514 0.518029 -10.8257 -1.1303 -1.26509 -1.06937 -1.38296 -0.955025 0.310413 7.39529 0.180771 2.89119 15.5852 1.55012 0.0964917 -14.7693
internal_weight=25074 4946 59 4887 4775 142 63 79 4633 112 92 4592 2828 239 217 1764 191 2589 2569 2531 2492 2324 1743 97 20128 607 58 549 19521 45
internal_count=25074 4946 59 4887 4775 142 63 79 4633 112 92 4592 2828 239 217 1764 191 2589 2569 2531 2492 2324 1743 97 20128 607 58 549 19521 45
is_linear=0
shrinkage=0.05


Tree=111
num_leaves=31
num_cat=0
split_feature=135 107 92 135 5 106 107 26 68 101 37 51 4 51 114 138 142 92 136 94 57 107 141 75 102 75 12 75 54 100
split_gain=1.28572e+06 2.5969e+06 5.60262e+06 5.08982e+06 4.97886e+06 5.35485e+06 6.40334e+06 4.51868e+06 5.41797e+06 4.02786e+06 3.96304e+06 3.8982e+06 3.89321e+06 3.73655e+06 4.45526e+06 3.86458e+06 3.42537e+06 3.31425e+06 4.01794e+06 3.26386e+06 6.04337e+06 7.00252e+06 4.94772e+06 5.3945e+06 6.52438e+06 5.82582e+06 5.11568e+06 5.30257e+06 1.09152e+07 4.72909e+06
threshold=-350.24999999999994 -294.74999999999994 -688.24999999999989 205.75000000000003 2042.5865478515627 4090.0000000000005 3225.0000000000005 1180.005310058594 1067.1999511718752 -22.249999999999996 3848.7500000000005 3481.0000000000005 1814.5449829101565 -2144.2499999999995 -2680.9999999999995 1515.713562011719 -939.24999999999989 4291.2500000000009 870.75000000000011 2236.0000000000005 1895.7500000000002 1446.2500000000002 1411.2500000000002 1401.3559570312502 1083.789978027344 1286.4824218750002 639.87963867187511 1209.4280395507815 1102.340026855469 590.75000000000011
decision_type=2 2 2 2 2 2 2 2 2 2 2 2 2 2 2 2 2 2 2 2 2 2 2 2 2 2 2 2 2 2
left_child=-1 3 -3 13 5 17 11 8 -5 12 -6 -7 -9 14 -2 -16 -8 19 -19 22 21 -21 23 25 -25 -4 -24 28 -28 -29
right_child=1 2 4 7 10 6 16 9 -10 -11 -12 -13 -14 -15 15 -17 -18 18 -20 20 -22 -23 26 24 -26 -27 27 29 -30 -31
leaf_value=-0.40101241747872307 20.096177882239932 -19.630687819300473 -0.14558073969487262 5.6485456311848106 -5.1675798514404816 40.237075424194337 20.279952959580854 26.449856152741809 -16.550399068196615 33.882400206724803 -32.792817840576177 10.472095463492655 0.85856744675409224 1.2979176591203188 -2.6244367229780963 -24.40186101822626 -1.8558429300083834 -23.01521781103952 0.94290903363909051 38.653825653076176 1.6763918886907765 5.0794996284857028 5.8624920040953397 8.9861283801850824 -24.536298861909422 17.899222151438394 -10.808752426404631 -12.452053328922817 -50.884063393729079 18.525943604382601
leaf_weight=11122 21 37 7438 328 37 22 22 23 30 24 20 22 42 4151 681 21 85 35 35 25 488 41 51 21 47 45 89 28 21 22
leaf_count=11122 21 37 7438 328 37 22 22 23 30 24 20 22 42 4151 681 21 85 35 35 25 488 41 51 21 47 45 89 28 21 22
internal_value=2.73981e-10 0.319672 -0.215934 1.18846 -0.132348 -0.0340094 9.29811 6.29484 3.7883 16.3773 -14.8606 25.3546 9.91395 0.720147 -2.59704 -3.2759 2.69544 -0.202045 -11.0362 -0.110849 3.5969 17.797 -0.375484 -0.164463 -14.1838 -0.037066 -7.92722 -12.3227 -18.4595 1.17827
internal_weight=25074 13952 8631 5321 8594 8537 151 447 358 89 57 44 65 4874 723 702 107 8386 70 8316 554 66 7762 7551 68 7483 211 160 110 50
internal_count=25074 13952 8631 5321 8594 8537 151 447 358 89 57 44 65 4874 723 702 107 8386 70 8316 554 66 7762 7551 68 7483 211 160 110 50
is_linear=0
shrinkage=0.05


Tree=112
num_leaves=31
num_cat=0
split_feature=100 144 109 108 142 108 142 117 72 121 41 117 145 99 117 6 115 80 11 137 142 7 23 5 142 92 121 120 36 45
split_gain=1.29244e+06 5.10545e+06 9.83421e+06 3.46816e+06 2.0851e+06 1.0999e+07 4.53861e+06 6.95297e+06 3.28784e+06 4.35533e+06 3.70882e+06 3.43986e+06 3.29336e+06 2.54101e+06 2.36813e+06 2.36792e+06 1.93197e+06 6.10599e+06 1.92744e+06 3.77662e+06 5.79609e+06 3.77295e+06 4.97577e+06 3.00723e+06 2.83932e+06 2.39814e+06 7.71592e+06 3.40441e+06 3.18937e+06 5.85344e+06
threshold=4702.5000000000009 12510.709960937502 9729.5249023437518 4863.7500000000009 -1709.9999999999998 1763.5000000000002 -1547.2499999999998 1209.4280395507815 -4664.9999999999991 -2604.2499999999995 -3409.131225585937 2042.5865478515627 1515.713562011719 -1398.2499999999998 715.31750488281261 -1149.630920410156 -2351.2499999999995 -922.74999999999989 15684.417480468752 9206.2802734375018 -464.74999999999994 4046.2500000000005 6075.0000000000009 1088.9631958007815 -266.74999999999994 4291.2500000000009 1049.2500000000002 3887.7500000000005 6826.5000000000009 3854.7500000000005
decision_type=2 2 2 2 2 2 2 2 2 2 2 2 2 2 2 2 2 2 2 2 2 2 2 2 2 2 2 2 2 2
left_child=3 2 -2 4 5 8 7 13 10 16 -1 12 14 -6 -11 -16 17 -10 19 25 21 -21 -23 -22 -25 27 -27 -8 29 -28
right_child=1 -3 -4 -5 6 -7 18 -9 9 11 -12 -13 -14 -15 15 -17 -18 -19 -20 20 23 22 -24 24 -26 26 28 -29 -30 -31
leaf_value=-0.76500889914376402 12.325698648558722 20.314930689012684 -30.728567577543714 -18.273872390160193 14.124605150222777 -37.419529077281126 -0.011198872184602984 27.163818033689111 17.471702005924325 -16.628850555290349 -28.198601254549892 14.72769422531128 -23.750035278320311 -7.9959033038165117 15.759857176599049 -5.1609396783929125 23.612514461789814 -16.508564052581786 -12.662559547424317 2.3687382539113364 11.69594427963783 44.766590227399554 11.752499876976014 -23.17807061672211 0.83728032410144815 -18.305277753856085 -13.347885009516842 14.773373949833406 -12.016740911978262 16.611377813560622
leaf_weight=28 36 37 21 26 20 23 24179 39 39 23 22 20 25 37 21 38 21 20 30 24 29 21 25 20 32 73 23 39 27 56
leaf_count=28 36 37 21 26 20 23 24179 39 39 23 22 20 25 37 21 38 21 20 30 24 29 21 25 20 32 73 23 39 27 56
internal_value=-4.05318e-09 5.85189 -3.5364 -0.0220207 -0.00300381 -4.29346 0.0456842 10.8962 -1.32887 1.45057 -12.8358 -4.30566 -7.8633 -0.234321 -3.01978 2.28545 10.5886 5.95297 0.00330297 0.0187819 7.90182 18.4394 26.8241 -1.20477 -8.39939 -0.0300085 -5.7961 0.0126098 2.81872 7.88906
internal_weight=25074 94 57 24980 24954 280 24674 96 257 207 50 127 107 57 82 59 80 59 24578 24548 151 70 46 81 52 24397 179 24218 106 79
internal_count=25074 94 57 24980 24954 280 24674 96 257 207 50 127 107 57 82 59 80 59 24578 24548 151 70 46 81 52 24397 179 24218 106 79
is_linear=0
shrinkage=0.05


Tree=113
num_leaves=31
num_cat=0
split_feature=2 13 4 141 145 134 4 71 72 121 63 44 29 115 64 64 115 133 117 145 135 136 126 141 106 11 76 18 5 1
split_gain=1.26508e+06 4.22202e+06 5.93679e+06 3.89105e+06 4.25428e+06 3.92922e+06 3.92386e+06 3.65429e+06 4.94884e+06 6.64055e+06 4.77948e+06 4.77629e+06 3.54221e+06 5.52788e+06 4.82868e+06 3.84855e+06 3.5303e+06 4.92171e+06 1.06535e+07 6.19545e+06 3.28575e+06 3.16466e+06 4.38153e+06 3.88958e+06 3.74954e+06 3.19082e+06 7.26511e+06 3.91926e+06 3.5434e+06 4.4971e+06
threshold=1076.0000000000002 1286.8919677734377 3961.6774902343755 1411.2500000000002 2042.5865478515627 2353.5000000000005 4551.0375976562509 -2019.7499999999998 -1103.7499999999998 -2604.2499999999995 -1109.7499999999998 -74.749999999999986 3316.0000000000005 113.25000000000001 -262.24999999999994 645.25000000000011 989.00000000000011 143.25000000000003 1034.9852294921877 865.59936523437511 -885.74999999999989 808.25000000000011 1438.2500000000002 1191.2500000000002 2243.2500000000005 8352.5375976562518 139.30487823486331 7902.4875488281259 2299.0893554687505 1801.2500000000002
decision_type=2 2 2 2 2 2 2 2 2 2 2 2 2 2 2 2 2 2 2 2 2 2 2 2 2 2 2 2 2 2
left_child=3 2 16 21 5 6 -5 -3 9 -9 -10 -12 13 15 -15 -11 17 19 -19 -2 -21 25 24 -24 -23 27 -27 -1 29 -28
right_child=1 7 -4 4 -6 -7 -8 8 10 12 11 -13 -14 14 -16 -17 -18 18 -20 20 -22 22 23 -25 -26 26 28 -29 -30 -31
leaf_value=-0.22339477734246885 3.811365515682084 -17.595477212708573 24.469706578815686 -4.2791592958107803 -23.715192268740747 8.2332388784371187 -25.073435287122376 33.99170536824635 23.072966783696955 -1.7691265955430653 -6.5043466375455923 0.14423985073596404 -8.5041424478803371 3.195109426407587 34.45583732604981 20.347835461298626 -4.09186788359992 6.6907704995673845 40.656382619417634 -0.62325228055318194 -25.444161027272543 5.5167323779176787 -19.198691879619254 7.2555953741073616 27.450524562313447 31.266394882362626 -0.05188939770062765 -20.875955191902491 -11.520992259418264 28.167972187995915
leaf_weight=18799 342 29 34 142 31 51 27 21 22 109 289 4137 42 21 30 24 139 206 26 24 30 270 33 24 21 26 48 23 34 20
leaf_count=18799 342 29 34 142 31 51 27 21 22 109 289 4137 42 21 30 24 139 206 26 24 30 270 33 24 21 26 48 23 34 20
internal_value=6.0798e-09 0.668056 4.02468 -0.188808 -6.3741 -3.93058 -7.60132 0.0989073 0.208202 7.09691 -0.174332 -0.289886 4.59784 7.58851 21.5838 2.2219 3.11838 4.71428 10.4973 1.32627 -14.4126 -0.108359 4.61654 -8.06004 7.09958 -0.195127 7.67251 -0.248632 1.65838 8.24807
internal_weight=25074 5525 801 19549 251 220 169 4724 4695 247 4448 4426 226 184 51 133 767 628 232 396 54 19298 348 57 291 18950 128 18822 102 68
internal_count=25074 5525 801 19549 251 220 169 4724 4695 247 4448 4426 226 184 51 133 767 628 232 396 54 19298 348 57 291 18950 128 18822 102 68
is_linear=0
shrinkage=0.05


Tree=114
num_leaves=31
num_cat=0
split_feature=107 134 73 142 38 99 15 1 23 52 122 107 100 121 136 145 96 136 73 120 117 142 52 15 114 93 92 121 72 82
split_gain=1.25829e+06 3.5117e+06 3.1258e+06 4.32602e+06 2.41769e+06 4.67284e+06 3.59383e+06 4.05529e+06 3.60341e+06 2.45111e+06 2.48461e+06 2.10859e+06 4.79012e+06 4.10821e+06 4.01457e+06 4.07509e+06 4.57783e+06 2.61796e+06 1.97019e+06 3.1067e+06 4.94681e+06 3.0607e+06 4.40122e+06 3.02779e+06 2.31671e+06 1.95474e+06 4.7211e+06 4.59661e+06 4.2334e+06 3.39131e+06
threshold=-4898.7499999999991 644.25000000000011 -5308.7499999999991 -774.49999999999989 -6358.7499999999991 -1863.7499999999998 -6482.4999999999991 -5459.7499999999991 -6473.7499999999991 -3167.2499999999995 -677.24999999999989 -3394.9999999999995 -3619.7499999999995 -2122.9999999999995 -284.74999999999994 1102.340026855469 1341.8898925781252 92.750000000000014 7265.0000000000009 4857.5000000000009 1515.713562011719 -1961.7499999999998 8357.5000000000018 10873.750000000002 3625.5000000000005 -3530.4999999999995 -2391.4999999999995 -769.24999999999989 -3755.2499999999995 1264.2258911132815
decision_type=2 2 2 2 2 2 2 2 2 2 2 2 2 2 2 2 2 2 2 2 2 2 2 2 2 2 2 2 2 2
left_child=1 -1 3 -2 5 -4 -6 9 -9 10 -8 12 14 -14 15 -10 -17 -16 19 23 -21 -20 -23 25 -24 27 28 29 -27 -13
right_child=2 -3 4 -5 6 -7 7 8 11 -11 -12 18 13 -15 17 16 -18 -19 21 20 -22 22 24 -25 -26 26 -28 -29 -30 -31
leaf_value=-10.659380801312336 0.23083879674474397 11.991735107248481 -28.986210541498096 27.305173248291016 17.608392009241829 1.5610148583689045 -30.989307964931836 15.218767418005527 20.222249065745963 -1.0359111814787896 -7.485917174297831 -4.2935925095731564 4.4013782478514178 27.595769094739644 -23.741676529594091 -13.730062462301817 14.140716435359076 -2.1462189899550546 24.612015380859376 -31.569643793106081 3.5971347332000736 22.163375654220584 6.3740727337923921 -16.472886335424015 -15.483928332505403 30.201500357281077 -0.029267086123533594 15.395661337479304 5.4015652547908743 -21.973607056670719
leaf_weight=77 36 22 21 25 29 31 22 39 33 33 23 110 42 35 23 34 26 36 20 20 20 20 22 28 27 22 24060 23 79 36
leaf_count=77 36 22 21 25 29 31 22 39 33 33 23 110 42 35 23 34 26 36 20 20 20 20 22 28 27 22 24060 23 79 36
internal_value=-1.25187e-09 -5.6258 0.0223005 11.3269 -0.00537792 -10.7754 0.017148 -0.00339507 0.0324709 -11.3862 -18.9765 0.00850802 4.7841 14.9443 -0.36284 6.10936 -1.65272 -10.5648 -0.0361528 -0.0632406 -13.9863 7.38957 2.39755 -0.0403767 -5.67013 -0.0214654 0.0160172 -5.38015 10.8035 -8.65305
internal_weight=25074 99 24975 61 24914 52 24862 24833 24755 78 45 24716 229 77 152 93 60 59 24487 24398 40 89 69 24358 49 24330 24161 169 101 146
internal_count=25074 99 24975 61 24914 52 24862 24833 24755 78 45 24716 229 77 152 93 60 59 24487 24398 40 89 69 24358 49 24330 24161 169 101 146
is_linear=0
shrinkage=0.05


Tree=115
num_leaves=31
num_cat=0
split_feature=82 135 86 77 114 40 26 65 3 85 142 58 106 107 82 43 26 12 142 30 121 142 141 79 80 5 19 93 47 50
split_gain=1.25628e+06 1.39651e+06 2.78416e+06 3.30591e+06 4.7603e+06 3.79346e+06 3.91071e+06 2.86234e+06 3.95085e+06 2.43757e+06 5.86764e+06 3.90158e+06 5.58776e+06 5.056e+06 4.87106e+06 4.41359e+06 4.09031e+06 4.0099e+06 3.79077e+06 3.30876e+06 2.68253e+06 6.32392e+06 5.7639e+06 3.77187e+06 3.37141e+06 3.01466e+06 6.13644e+06 3.64619e+06 3.4323e+06 4.4869e+06
threshold=350.24629211425787 -265.24999999999994 5806.5000000000009 4379.0000000000009 2459.0000000000005 1647.119079589844 770.16400146484386 4615.2500000000009 8081.2500000000009 7300.0000000000009 -1547.2499999999998 3896.7500000000005 4090.0000000000005 3225.0000000000005 1515.713562011719 5114.5000000000009 932.28591918945324 1141.4506835937502 -522.24999999999989 3704.2500000000005 -1459.7499999999998 -359.24999999999994 296.25000000000006 -1643.7499999999998 -445.74999999999994 1748.4644165039065 1890.4719848632815 242.75000000000003 1565.8640136718752 1194.2500000000002
decision_type=2 2 2 2 2 2 2 2 2 2 2 2 2 2 2 2 2 2 2 2 2 2 2 2 2 2 2 2 2 2
left_child=-1 2 3 4 -2 6 -5 -8 -9 10 -3 12 20 -14 15 19 -17 -18 -11 -13 21 23 -23 -12 -24 28 -27 -28 -22 -30
right_child=1 9 -4 5 -6 -7 7 8 -10 18 11 14 13 -15 -16 16 17 -19 -20 -21 25 22 24 -25 -26 26 27 -29 29 -31
leaf_value=-1.9596605109276646 -0.28757992933326654 -26.638918285369876 -15.503895128568013 20.062685511662409 -20.568107207068081 24.819600765521713 13.142790040515719 -19.728301456570627 8.1822635650634776 24.338642586602106 -24.039208443959556 -4.5434035491943368 30.82026148828967 -0.9666367574171586 -26.541416689065784 -6.7250189462382544 22.119841826663301 -3.4315211091722762 -1.9189031021935599 -31.465053558349609 0.42199275759277832 -2.5685754776000977 11.64877680540085 4.9768941970098588 30.921813476085664 -24.353808941067879 11.396394867367215 -15.230315093994143 -1.2883964982526057 26.525346677056675
leaf_weight=792 12809 20 30 26 29 26 21 32 21 27 24 25 29 22 26 76 34 28 28 21 10591 55 78 21 32 37 36 20 29 29
leaf_count=792 12809 20 30 26 29 26 21 32 21 27 24 25 29 22 26 76 34 28 28 21 10591 55 78 21 32 37 36 20 29 29
internal_value=-3.38418e-09 0.0639178 -0.289498 -0.254291 -0.333392 7.80524 3.3815 -2.47945 -8.6694 0.470747 0.419334 0.467596 0.596446 17.1083 -6.28351 -3.42098 1.04993 10.5805 10.9712 -16.8337 0.519556 6.11621 10.6475 -10.4984 17.2555 0.410144 -8.55298 1.88686 0.488421 12.6185
internal_weight=25074 24282 12994 12964 12838 126 100 74 53 11288 11233 11213 11003 51 210 184 138 62 55 46 10952 210 165 45 110 10742 93 56 10649 58
internal_count=25074 24282 12994 12964 12838 126 100 74 53 11288 11233 11213 11003 51 210 184 138 62 55 46 10952 210 165 45 110 10742 93 56 10649 58
is_linear=0
shrinkage=0.05


Tree=116
num_leaves=31
num_cat=0
split_feature=72 78 115 91 6 121 128 110 76 23 58 6 18 113 142 43 73 33 45 8 142 136 103 26 51 49 57 57 140 87
split_gain=1.24439e+06 6.45944e+06 8.90204e+06 5.61794e+06 7.14302e+06 6.08556e+06 8.15972e+06 6.89547e+06 5.10373e+06 4.60584e+06 4.53652e+06 5.10975e+06 5.40071e+06 6.62078e+06 5.42075e+06 4.45444e+06 4.35029e+06 4.25328e+06 3.95788e+06 4.05372e+06 3.24345e+06 4.48385e+06 4.23368e+06 3.17966e+06 4.11375e+06 6.43897e+06 4.37633e+06 3.12363e+06 3.10469e+06 3.31896e+06
threshold=-1131.2499999999998 -7.7499999999999991 -1370.7499999999998 -1146.4999999999998 -1197.5219726562498 -1757.4999999999998 47.750000000000007 1193.3194580078127 -3328.019653320312 -3099.4999999999995 -1342.2499999999998 1185.9946899414065 5368.2475585937509 196.75000000000003 -822.49999999999989 -2780.7499999999995 -79.749999999999986 595.79785156250011 -2073.7499999999995 -1609.7499999999998 -217.24999999999997 624.25000000000011 1647.119079589844 852.73684692382824 -864.24999999999989 -1235.7499999999998 -964.49999999999989 781.25000000000011 100.25000000000001 668.25000000000011
decision_type=2 2 2 2 2 2 2 2 2 2 2 2 2 2 2 2 2 2 2 2 2 2 2 2 2 2 2 2 2 2
left_child=1 10 -3 4 16 27 7 -7 -4 15 11 12 -1 14 -14 -5 -2 -12 19 -10 21 22 28 -13 25 -25 -27 -6 29 -20
right_child=3 2 8 9 5 6 -8 -9 18 -11 17 23 13 -15 -16 -17 -18 -19 20 -21 -22 -23 -24 24 -26 26 -28 -29 -30 -31
leaf_value=-0.40065952541907635 -11.441891400567417 29.462466589180202 25.221330035174336 -15.362426681518555 22.989539819775207 -4.1567715156151026 22.870505556464195 -27.883193249172635 0.71743381727825517 -0.1653484338030437 -0.59042707030550912 0.7515047299450841 8.8518545875549322 -8.7664517402648929 43.310565893990656 9.3916755866465262 -36.173413948785694 4.9922227861744224 8.8896790113337598 -24.828363442420962 -0.90037217799972447 30.919900245666504 -12.370545376671686 -16.058590229743949 -32.236882920265195 -12.746023685455322 13.676104527428038 0.49695395107926993 -4.0672500332196559 29.694525231014598
leaf_weight=4627 116 37 27 20 33 205 24 36 44 17471 590 87 25 22 21 199 21 809 149 24 159 20 27 104 20 25 42 29 39 22
leaf_count=4627 116 37 27 20 33 205 24 36 44 17471 590 87 25 22 21 199 21 809 149 24 159 20 27 104 20 25 42 29 39 22
internal_value=2.22919e-09 0.570518 5.77961 -0.217472 -5.64844 -1.63295 -4.93223 -7.70097 4.06481 -0.0750202 0.122529 -0.585079 -0.195079 13.7935 24.583 7.13103 -15.2329 2.63785 2.88459 -8.29873 4.71263 8.18526 6.26673 -7.1716 -10.7806 -8.27104 3.8171 12.4688 8.66295 11.5663
internal_weight=25074 6920 548 18154 464 327 265 241 511 17690 6372 4973 4695 68 46 219 137 1399 484 68 416 257 237 278 191 171 67 62 210 171
internal_count=25074 6920 548 18154 464 327 265 241 511 17690 6372 4973 4695 68 46 219 137 1399 484 68 416 257 237 278 191 171 67 62 210 171
is_linear=0
shrinkage=0.05


Tree=117
num_leaves=31
num_cat=0
split_feature=55 43 136 117 66 78 138 25 100 80 103 136 35 36 79 99 99 65 100 134 117 3 13 88 6 28 135 6 71 100
split_gain=1.22883e+06 4.73218e+06 4.06997e+06 3.5847e+06 4.70772e+06 4.34694e+06 4.17616e+06 3.33968e+06 3.49611e+06 8.83395e+06 3.79342e+06 3.2539e+06 3.0914e+06 5.24387e+06 5.02049e+06 4.8722e+06 4.74024e+06 4.50891e+06 4.38288e+06 4.25827e+06 5.98083e+06 7.79966e+06 4.19432e+06 3.58842e+06 3.60329e+06 4.90357e+06 3.56303e+06 3.16855e+06 2.8858e+06 2.84261e+06
threshold=2817.029174804688 2129.2500000000005 870.75000000000011 1315.5429687500002 13.750000000000002 -658.24999999999989 1126.3332519531252 1225.6375122070315 244.75000000000003 1667.0000000000002 1014.5462951660157 147.25000000000003 1968.7500000000002 3404.7500000000005 1299.7500000000002 572.25000000000011 803.25000000000011 422.25000000000006 764.25000000000011 205.75000000000003 1193.3194580078127 8081.2500000000009 2956.253784179688 7718.8449707031259 4763.2263183593759 2076.5000000000005 -125.24999999999999 5346.6206054687509 946.25000000000011 3138.0000000000005
decision_type=2 2 2 2 2 2 2 2 2 2 2 2 2 2 2 2 2 2 2 2 2 2 2 2 2 2 2 2 2 2
left_child=-1 2 3 6 5 -5 11 8 -3 -10 -11 -2 17 23 15 -15 -17 -9 19 -16 -21 -22 -20 24 25 -14 -19 -26 -18 -24
right_child=1 7 -4 4 -6 -7 -8 12 9 10 -12 -13 13 14 18 16 28 26 22 20 21 -23 29 -25 27 -27 -28 -29 -30 -31
leaf_value=-0.1019281879278937 -0.57167147135330454 -6.8654819095835968 27.321010295867922 -9.9285251855850234 -21.834784652875818 23.037139673233032 31.794623366594319 9.1862621216546927 40.780250090644472 12.137931494125681 -8.172272720336915 18.502969076898363 28.467751784758136 2.7551468814412754 -4.9302283358066639 -30.75569575383113 -25.213752061670476 -6.6087693313072471 16.432235085964205 4.0233227584813092 45.039468792768631 3.5072594821453098 -4.4467511419241674 19.726066701840132 -24.253407306671143 3.8763050977342814 -32.961052687271781 2.2180473795303932 -6.052816258176513 2.6901321944407219
leaf_weight=23114 59 34 25 20 23 20 20 21 21 67 35 36 22 96 47 26 22 29 32 74 26 20 428 39 20 258 23 26 184 207
leaf_count=23114 59 34 25 20 23 20 20 21 21 67 35 36 22 96 47 26 22 29 32 74 26 20 428 39 20 258 23 26 184 207
internal_value=-1.58449e-09 1.20202 8.42989 5.77665 -3.80996 6.55431 11.0284 0.366932 7.32593 11.2488 5.16874 6.65661 -0.315919 0.164621 -1.47755 -6.71822 -10.6382 -10.3678 0.58352 7.8274 12.8241 26.982 -1.23017 5.39259 3.67785 5.80849 -18.2646 -9.29128 -8.09913 -2.12024
internal_weight=25074 1960 203 178 63 40 115 1757 157 123 102 95 1600 1527 1162 328 232 73 834 167 120 46 667 365 326 280 52 46 206 635
internal_count=25074 1960 203 178 63 40 115 1757 157 123 102 95 1600 1527 1162 328 232 73 834 167 120 46 667 365 326 280 52 46 206 635
is_linear=0
shrinkage=0.05


Tree=118
num_leaves=31
num_cat=0
split_feature=107 105 98 92 86 72 100 113 43 118 87 80 72 13 43 93 101 45 122 142 121 141 94 129 70 51 104 43 133 142
split_gain=1.19333e+06 3.63098e+06 6.71042e+06 4.10398e+06 5.28976e+06 4.04365e+06 4.55116e+06 4.00825e+06 4.05004e+06 5.46206e+06 3.76298e+06 3.4603e+06 5.3127e+06 4.19087e+06 3.82148e+06 3.66747e+06 4.83333e+06 3.6606e+06 3.61694e+06 4.36772e+06 3.85974e+06 3.75905e+06 4.18096e+06 3.65172e+06 3.62651e+06 3.60994e+06 4.91491e+06 3.61617e+06 4.24256e+06 3.53941e+06
threshold=-678.74999999999989 132.25000000000003 -335.74999999999994 960.75000000000011 -398.24999999999994 30.750000000000004 -655.24999999999989 1991.2500000000002 2336.2500000000005 1217.617858886719 914.50000000000011 -359.74999999999994 -463.24999999999994 -5128.2570800781241 -1591.7499999999998 337.25000000000006 1948.2500000000002 -2955.9999999999995 459.75000000000006 -1961.7499999999998 -399.74999999999994 487.75000000000006 3581.2500000000005 234.75000000000003 264.25000000000006 2932.5000000000005 3249.194946289063 -439.74999999999994 20.250000000000004 -247.24999999999997
decision_type=2 2 2 2 2 2 2 2 2 2 2 2 2 2 2 2 2 2 2 2 2 2 2 2 2 2 2 2 2 2
left_child=1 3 -3 4 7 6 -5 8 9 -1 -7 17 13 -13 -14 16 -16 -2 21 -20 -21 22 25 29 -25 26 27 28 -17 -23
right_child=11 2 -4 5 -6 10 -8 -9 -10 -11 -12 12 14 -15 15 18 -18 -19 19 20 -22 23 -24 24 -26 -27 -28 -29 -30 -31
leaf_value=0.10393429963555806 -10.834185939303069 32.027982565112737 3.7764823699583774 -4.5005630285843559 4.3118531423401754 -21.139681799113752 22.358786439895631 21.885119374593103 -8.2068313634314514 26.269469413757328 -5.401512460420026 25.234471015930179 -15.563423555653271 2.2324656157505944 -1.1608274836431851 1.6526908012536858 -25.789160768985752 -1.4243304702520563 21.188793663356616 -17.689985013730599 -0.50428436229390716 4.0593897165711388 -21.116374033973329 -18.387590577006343 3.7948003847884317 10.831553277969361 -23.202669947558928 0.79087657020770408 32.283695144653322 17.189555221522621
leaf_weight=7270 107 23 244 46 816 50 24 21 147 20 158 20 41 2002 5060 26 20 3033 23 33 3278 97 21 20 234 95 21 1995 20 109
leaf_count=7270 107 23 244 46 816 50 24 21 147 20 158 20 41 2002 5060 26 20 3033 23 33 3278 97 21 20 234 95 21 1995 20 109
internal_value=-7.48409e-09 0.468297 6.21013 0.289033 0.489805 -5.68647 4.70836 0.0716244 0.0100293 0.175719 -9.18473 -0.25407 0.102885 2.45998 -0.32676 -0.270236 -1.25779 -1.74498 0.569813 -0.524736 -0.67557 1.95314 1.08574 6.06012 2.04816 1.30189 0.862845 1.11046 14.9705 11.0069
internal_weight=25074 8819 267 8552 8274 278 70 7458 7437 7290 208 16255 13115 2022 11093 11052 5080 3140 5972 3334 3311 2638 2178 460 254 2157 2062 2041 46 206
internal_count=25074 8819 267 8552 8274 278 70 7458 7437 7290 208 16255 13115 2022 11093 11052 5080 3140 5972 3334 3311 2638 2178 460 254 2157 2062 2041 46 206
is_linear=0
shrinkage=0.05


Tree=119
num_leaves=31
num_cat=0
split_feature=39 136 1 123 0 1 81 10 48 84 142 114 134 121 94 100 101 121 66 66 23 50 28 78 99 6 27 66 129 41
split_gain=1.19137e+06 2.33708e+06 1.79468e+06 1.72412e+06 1.7707e+06 5.08369e+06 7.33024e+06 3.80614e+06 4.20441e+06 3.35017e+06 2.86427e+06 4.81922e+06 4.63062e+06 4.93024e+06 3.25762e+06 3.58398e+06 3.90036e+06 2.68398e+06 2.4813e+06 2.36093e+06 4.96463e+06 5.17118e+06 4.6004e+06 3.10861e+06 4.04403e+06 3.65488e+06 3.12138e+06 3.11303e+06 2.88198e+06 2.72973e+06
threshold=-7689.7126464843741 -397.24999999999994 -2909.7499999999995 -6694.1398925781241 -5020.4999999999991 -3920.7499999999995 258.00750732421881 -3869.2499999999995 -4082.820678710937 -5083.7499999999991 -262.24999999999994 -1759.4999999999998 360.25000000000006 -945.24999999999989 -517.74999999999989 -3924.7499999999995 -4308.7499999999991 -859.74999999999989 -1375.7499999999998 -3270.2499999999995 -2060.2499999999995 -2780.2499999999995 -3166.2499999999995 -1724.7499999999998 -2729.2499999999995 851.25915527343761 168.77437591552737 -3102.7499999999995 -2723.7499999999995 -553.26470947265614
decision_type=2 2 2 2 2 2 2 2 2 2 2 2 2 2 2 2 2 2 2 2 2 2 2 2 2 2 2 2 2 2
left_child=1 -1 -3 -2 10 6 7 8 17 -7 12 -12 14 -14 15 16 -5 -6 -13 20 21 -11 -23 25 -25 26 27 -21 -26 -29
right_child=3 2 -4 4 5 9 -8 -9 -10 19 11 18 13 -15 -16 -17 -18 -19 -20 23 -22 22 -24 24 28 -27 -28 29 -30 -31
leaf_value=-11.290975223632827 13.154860778808596 4.6030073864067473 -7.4916667636559939 -6.8507640058344066 2.9327255582031997 -15.244413962629109 36.569392361640929 21.136431005001072 -8.1029859322768001 2.9094613224267962 25.0081355321975 5.0002872340819415 -28.679305375814437 -3.8543171119689945 17.438089621663092 -10.176303010547862 23.657728255987166 21.060691724563469 -17.19454628944397 -14.728765721122423 -7.7492750967465911 39.447129135131838 11.152957104000391 20.179740669250492 -14.935674154758454 -13.130438599405409 17.624597194194795 -0.89233561687563601 0.079922279297998444 -13.186765452226005
leaf_weight=69 25 82 49 22 69 36 20 30 65 160 21 34 40 40 20 85 20 29 20 48 65 20 51 25 32 79 20 760 22990 48
leaf_count=69 25 82 49 22 69 36 20 30 65 160 21 34 40 40 20 85 20 29 20 48 65 20 51 25 32 79 20 760 22990 48
internal_value=-5.74866e-09 -3.84361 0.0790453 0.0309046 0.0177009 0.0645167 7.75542 4.76952 1.7572 -0.00280318 -3.78755 4.68386 -6.58648 -16.2668 -1.31827 -4.27203 7.67709 8.29712 -3.22002 0.0197788 4.45795 7.89289 19.1231 -0.0349541 0.0808767 -2.8303 -1.9014 -2.35762 0.059051 -1.6227
internal_weight=25074 200 131 24874 24849 24547 213 193 163 24334 302 75 227 80 147 127 42 98 54 24298 296 231 71 24002 23047 955 876 856 23022 808
internal_count=25074 200 131 24874 24849 24547 213 193 163 24334 302 75 227 80 147 127 42 98 54 24298 296 231 71 24002 23047 955 876 856 23022 808
is_linear=0
shrinkage=0.05


Tree=120
num_leaves=31
num_cat=0
split_feature=65 57 58 113 56 132 17 30 78 47 129 54 13 110 86 79 105 101 5 61 82 115 136 107 94 86 43 54 5 120
split_gain=1.20444e+06 4.45473e+06 4.73786e+06 7.04778e+06 5.67727e+06 6.23971e+06 3.69476e+06 6.39354e+06 3.24352e+06 4.26962e+06 7.99847e+06 4.66756e+06 3.62093e+06 5.2471e+06 4.29867e+06 3.74893e+06 3.49011e+06 2.98098e+06 2.91218e+06 2.90682e+06 3.51165e+06 6.40782e+06 2.90747e+06 2.90337e+06 5.24764e+06 1.10116e+07 5.70051e+06 3.6853e+06 3.54266e+06 3.48414e+06
threshold=-1188.2499999999998 95.250000000000014 -2114.7499999999995 -1314.7499999999998 14.750000000000002 131.12017059326175 599.25000000000011 -1184.2499999999998 -84.749999999999986 1473.834655761719 -195.74999999999997 1373.502868652344 -3969.567260742187 1193.3194580078127 -387.74999999999994 -1690.2499999999998 -332.74999999999994 -772.74999999999989 1168.1457519531252 2784.5214843750005 2299.0893554687505 1510.5000000000002 200.25000000000003 -1280.2499999999998 -566.24999999999989 -1219.7499999999998 629.75000000000011 766.42202758789074 774.20596313476574 -441.74999999999994
decision_type=2 2 2 2 2 2 2 2 2 2 2 2 2 2 2 2 2 2 2 2 2 2 2 2 2 2 2 2 2 2
left_child=1 8 -3 -4 5 18 7 -6 23 11 -11 12 14 15 -10 -14 17 -17 -5 20 -2 -22 -21 24 26 -26 29 28 -25 -1
right_child=19 2 3 4 6 -7 -8 -9 9 10 -12 -13 13 -15 -16 16 -18 -19 -20 22 21 -23 -24 27 25 -27 -28 -29 -30 -31
leaf_value=-0.42766011124128411 -0.2055930357698609 -12.489778378804525 36.277039355323431 -0.47624278477260051 -15.801076440811158 39.28778346932453 -5.3588673321242188 16.526894397735596 3.7468111419677737 -24.224983232899717 7.0907274766401818 26.79662774334783 -15.659506452601889 -14.403683159991008 34.846676146984102 0.73524194413965405 2.5482974964884386 16.328855568347592 23.075842076256166 0.59052818616231284 -32.293578839302064 1.6611209580392547 26.065779440743583 -0.55092887750297481 37.440455352848971 -7.8413511276245123 -15.501502434712535 -4.1153501153095347 9.7434551381516741 3.2308987999370653
leaf_weight=1604 18089 30 21 35 20 23 97 65 25 38 44 23 23 41 20 44 402 101 21 24 24 33 21 2122 29 25 53 795 87 1095
leaf_count=1604 18089 30 21 35 20 23 97 65 25 38 44 23 23 41 20 44 402 101 21 24 24 33 21 2122 29 25 53 795 87 1095
internal_value=3.95081e-09 0.563366 6.40091 8.41056 6.16843 17.3613 1.30998 8.92031 0.286191 3.35562 -7.42143 4.65712 3.88089 2.87277 17.569 4.11546 4.94695 11.597 8.35579 -0.213163 -0.244638 -12.6356 12.479 -0.115846 1.04064 16.4767 0.73775 -1.1961 -0.145491 1.05664
internal_weight=25074 6883 312 282 261 79 182 85 6571 761 82 679 656 611 45 570 547 145 56 18191 18146 57 45 5810 2806 54 2752 3004 2209 2699
internal_count=25074 6883 312 282 261 79 182 85 6571 761 82 679 656 611 45 570 547 145 56 18191 18146 57 45 5810 2806 54 2752 3004 2209 2699
is_linear=0
shrinkage=0.05


Tree=121
num_leaves=31
num_cat=0
split_feature=13 12 110 127 120 142 141 107 73 142 120 38 99 107 121 7 87 134 77 63 40 22 54 12 44 138 61 61 57 1
split_gain=1.18673e+06 8.23876e+06 8.29756e+06 5.3228e+06 2.575e+06 5.13523e+06 2.78211e+06 2.14166e+06 2.78081e+06 3.76231e+06 4.29975e+06 2.79919e+06 3.48031e+06 3.07424e+06 5.38115e+06 5.53341e+06 8.19878e+06 3.06934e+06 2.38737e+06 2.84709e+06 5.41817e+06 4.82303e+06 4.50712e+06 4.32752e+06 3.87627e+06 3.81371e+06 2.98541e+06 4.77848e+06 4.05633e+06 3.27523e+06
threshold=11634.190917968752 2299.0893554687505 2784.5214843750005 4212.5000000000009 4857.5000000000009 -372.74999999999994 2707.5000000000005 -4898.7499999999991 -5308.7499999999991 -534.24999999999989 -1398.4999999999998 -6358.7499999999991 -1863.7499999999998 -3394.9999999999995 -3103.7499999999995 -4168.7499999999991 -1734.2499999999998 143.25000000000003 -3946.2499999999995 -3375.2499999999995 970.91552734375011 -858.24999999999989 852.73684692382824 1193.3194580078127 -3576.2499999999995 1193.3194580078127 1077.258728027344 939.43435668945324 -2230.9999999999995 -2909.7499999999995
decision_type=2 2 2 2 2 2 2 2 2 2 2 2 2 2 2 2 2 2 2 2 2 2 2 2 2 2 2 2 2 2
left_child=4 2 3 -2 6 -6 7 -1 9 10 -9 12 -10 14 17 -16 -17 -13 -15 20 22 23 -20 25 26 -22 27 -21 -29 -28
right_child=1 -3 -4 -5 5 -7 -8 8 11 -11 -12 13 -14 18 15 16 -18 -19 19 24 21 -23 -24 -25 -26 -27 29 28 -30 -31
leaf_value=-7.632601837554704 -6.6848368372235987 30.947858889897663 -28.505421309037644 25.404245718320212 -25.244281186317579 5.6784624786376954 13.891762374507056 18.591784610748292 -27.32936002640497 28.451743545532224 -13.80180429276966 3.0454273685812954 -0.78980005900065109 -7.9588072475634126 30.001537066698077 -1.6880978819160235 28.053144402801991 -15.370171077592033 4.3512654761050618 -4.9674278450699951 16.173995723947883 -9.8340453556605762 -14.891018496619331 7.31997946923779 0.012894440390179085 44.006693253517156 -17.722830961926565 -3.713479804992676 22.080402530772346 -4.0416856696672534
leaf_weight=92 28 24 22 24 29 25 36 20 21 20 21 64 30 95 32 84 32 35 94 208 32 21 45 62 23615 20 74 27 35 107
leaf_count=92 28 24 22 24 29 25 36 20 21 20 21 64 30 95 32 84 32 35 94 208 32 21 45 62 23615 20 74 27 35 107
internal_value=-8.59024e-09 5.49139 -2.76477 8.12551 -0.0215469 -10.9282 0.00208517 -0.0180076 0.0102469 10.6727 1.99995 -0.0160502 -11.7179 0.00812902 5.5583 11.5943 6.51638 -3.46514 -0.0479746 -0.0170984 5.05091 12.1854 -1.87825 16.2416 -0.0747994 26.8789 -4.66657 -1.33583 10.8476 -9.63508
internal_weight=25074 98 74 52 24976 54 24922 24886 24794 61 41 24733 51 24682 247 148 116 99 24435 24340 274 135 139 114 24066 52 451 270 62 181
internal_count=25074 98 74 52 24976 54 24922 24886 24794 61 41 24733 51 24682 247 148 116 99 24435 24340 274 135 139 114 24066 52 451 270 62 181
is_linear=0
shrinkage=0.05


Tree=122
num_leaves=31
num_cat=0
split_feature=14 44 86 9 138 19 70 77 114 141 99 64 127 49 121 37 100 120 99 65 51 73 128 108 107 129 50 125 142 82
split_gain=1.13535e+06 4.54203e+06 5.32e+06 4.52879e+06 9.2529e+06 5.33092e+06 4.30363e+06 5.79191e+06 5.56512e+06 3.97341e+06 4.40102e+06 4.09531e+06 4.23512e+06 5.30205e+06 6.08996e+06 3.96912e+06 3.96755e+06 3.35218e+06 4.77993e+06 3.85254e+06 4.80464e+06 5.23397e+06 3.93106e+06 3.7132e+06 4.97937e+06 4.35954e+06 3.66841e+06 3.75034e+06 3.6613e+06 3.50973e+06
threshold=1755.7500000000002 1698.7500000000002 -326.24999999999994 685.25000000000011 848.29348754882824 1438.1508789062502 2815.7500000000005 2404.7500000000005 1301.0000000000002 1411.2500000000002 2686.2500000000005 2625.7500000000005 1733.7500000000002 1513.2500000000002 -141.74999999999997 1821.2500000000002 857.75000000000011 -2150.9999999999995 -1951.7499999999998 -239.74999999999997 -27.749999999999996 -528.24999999999989 -1728.7499999999998 -2263.7499999999995 -2306.4999999999995 -709.24999999999989 2488.2500000000005 1930.1338500976565 -2441.7499999999995 2299.0893554687505
decision_type=2 2 2 2 2 2 2 2 2 2 2 2 2 2 2 2 2 2 2 2 2 2 2 2 2 2 2 2 2 2
left_child=1 6 -3 5 15 -4 7 9 -8 11 -11 12 -1 14 -14 -5 -13 -2 -19 22 -21 -22 -20 -23 25 -25 27 -24 -26 -30
right_child=17 2 3 4 -6 -7 8 -9 -10 10 -12 16 13 -15 -16 -17 -18 18 19 20 21 23 26 24 28 -27 -28 -29 29 -31
leaf_value=-0.081024391111809327 20.212721061706546 -23.103899862827401 -0.92066148331290809 -10.591917991549222 -26.063778720078648 25.962282317334957 30.477071362275343 -12.33918096770843 -4.6049324417114255 -4.287039387999978 -27.073584000269577 0.6759558216521615 25.303297621628335 27.938814867459811 0.64173606184662368 6.1533980108896893 24.008755296979633 -18.027226410192604 22.001651370525362 -8.7929411853670238 -20.538309801035915 -18.411755706787112 3.9404631427655823 34.712618379592897 20.16443525950114 4.3684953360721988 -8.350841554888973 20.70043562038525 0.74669072961515093 -13.627917365140693
leaf_weight=19807 22 39 114 67 54 22 26 96 20 181 24 38 29 26 183 75 35 34 32 141 29 25 341 20 24 29 54 37 3407 43
leaf_count=19807 22 39 114 67 54 22 26 96 20 181 24 38 29 26 183 75 35 34 32 141 29 25 341 20 24 29 54 37 3407 43
internal_value=-2.89082e-09 -0.151739 -5.6346 -3.58248 -8.44693 3.42805 -0.0523426 -0.0867573 15.224 -0.0288803 -6.95473 0.0416933 -0.00135733 6.62875 4.01525 -1.74756 11.8629 0.746018 0.644437 0.796239 0.260127 0.616985 5.09207 0.7899 0.92616 16.7539 3.83951 5.58099 0.702913 0.567529
internal_weight=25074 20836 371 332 196 136 20465 20419 46 20323 205 20118 20045 238 212 142 73 4238 4216 4182 3718 3577 464 3548 3523 49 432 378 3474 3450
internal_count=25074 20836 371 332 196 136 20465 20419 46 20323 205 20118 20045 238 212 142 73 4238 4216 4182 3718 3577 464 3548 3523 49 432 378 3474 3450
is_linear=0
shrinkage=0.05


Tree=123
num_leaves=31
num_cat=0
split_feature=72 58 44 91 16 136 128 113 4 43 23 15 51 63 48 22 17 78 34 78 27 114 57 137 107 107 94 86 57 64
split_gain=1.1255e+06 5.43745e+06 5.41218e+06 4.78232e+06 6.39237e+06 4.99085e+06 4.1697e+06 6.07809e+06 3.64401e+06 9.15834e+06 3.57347e+06 4.64511e+06 3.66194e+06 3.55755e+06 3.13927e+06 3.4746e+06 5.4709e+06 3.00026e+06 4.22737e+06 4.46216e+06 3.95974e+06 3.61252e+06 3.52054e+06 3.36502e+06 3.30634e+06 3.10156e+06 7.53725e+06 6.3564e+06 5.27618e+06 4.66846e+06
threshold=-1215.2499999999998 -1214.2499999999998 -2336.2499999999995 -1146.4999999999998 -2381.4999999999995 -1128.7499999999998 47.750000000000007 603.00000000000011 7380.1923828125009 1919.5000000000002 -3099.4999999999995 -4185.2499999999991 -2429.7499999999995 -1637.7499999999998 3250.4970703125005 1685.7500000000002 1581.7500000000002 -7.7499999999999991 -4819.8823242187491 432.75000000000006 3121.450073242188 -763.24999999999989 -827.24999999999989 252.63749694824222 121.25000000000001 -1280.2499999999998 -566.24999999999989 -1255.7499999999998 -495.74999999999994 -1177.2499999999998
decision_type=2 2 2 2 2 2 2 2 2 2 2 2 2 2 2 2 2 2 2 2 2 2 2 2 2 2 2 2 2 2
left_child=1 17 -3 4 -2 -6 7 -7 14 -10 11 -5 -12 -14 15 -4 -17 20 -19 21 25 -20 23 -21 -23 26 28 -28 -1 -30
right_child=3 2 8 10 5 6 -8 -9 9 -11 12 -13 13 -15 -16 16 -18 18 19 22 -22 24 -24 -25 -26 -27 27 -29 29 -31
leaf_value=1.11865756491909 -19.661391963879581 27.89871053281038 1.9898862221142624 -16.8900245821476 17.267805336261617 -4.0333986461162565 11.947659067205482 -29.469046943664551 36.354263237544465 -1.7732069889704389 -10.311858265779236 8.3277701464153466 12.727067447591711 -0.12604100597773338 -17.021482286453246 34.696476520810812 5.5000197312411139 27.022895998954773 18.428975418723862 -4.4562579383452734 -13.00949628392204 -2.3006755334138869 6.9139843295260182 -28.867111665010455 17.16344168027242 -1.4812577446362252 38.867396601041158 1.1999158132643928 -30.778419297391721 -4.9046984649839862
leaf_weight=2456 64 23 824 20 29 388 37 25 28 36 88 210 54 17751 20 21 68 20 58 48 61 80 41 20 30 2423 24 21 22 84
leaf_count=2456 64 23 824 20 29 388 37 25 28 36 88 210 54 17751 20 21 68 20 58 48 61 80 41 20 30 2423 24 21 22 84
internal_value=-1.38637e-09 0.571737 3.91923 -0.196276 -4.81986 -2.83686 -4.13249 -5.57309 3.36605 14.9076 -0.0577446 6.13492 -0.137346 -0.0870594 2.57435 3.00361 12.3891 -0.0619765 4.82296 3.22007 -0.346955 8.33172 -4.65843 -11.6359 3.00772 -0.193393 1.00357 21.2892 0.647269 -10.2747
internal_weight=25074 6408 1020 18666 543 479 450 413 997 64 18123 230 17893 17805 933 913 89 5388 297 277 5091 168 109 68 110 5030 2607 45 2562 106
internal_count=25074 6408 1020 18666 543 479 450 413 997 64 18123 230 17893 17805 933 913 89 5388 297 277 5091 168 109 68 110 5030 2607 45 2562 106
is_linear=0
shrinkage=0.05


Tree=124
num_leaves=31
num_cat=0
split_feature=39 136 92 100 131 131 36 17 41 113 59 57 8 78 85 98 15 75 115 135 31 112 29 141 114 107 106 86 130 91
split_gain=1.13937e+06 2.1212e+06 1.56965e+06 3.74739e+06 4.35699e+06 4.96156e+06 5.32193e+06 4.29222e+06 4.11175e+06 3.66274e+06 4.68482e+06 3.59856e+06 5.82288e+06 4.34277e+06 2.74767e+06 3.1463e+06 4.62412e+06 2.89462e+06 2.7508e+06 3.71002e+06 2.85074e+06 3.22211e+06 2.6224e+06 2.55398e+06 2.3498e+06 2.28423e+06 3.36718e+06 2.24967e+06 8.1828e+06 2.78023e+06
threshold=-7689.7126464843741 -397.24999999999994 -2391.4999999999995 -3384.7499999999995 2784.5214843750005 1193.3194580078127 -4808.7499999999991 -4092.9999999999995 -3724.3920898437495 -1251.7499999999998 -3376.2499999999995 -5212.9999999999991 -4307.4999999999991 -3723.2499999999995 -1845.9999999999998 -2858.7499999999995 1160.2500000000002 456.58299255371099 -735.74999999999989 -514.74999999999989 235.25000000000003 -1135.7499999999998 -1404.7499999999998 338.75000000000006 -2680.9999999999995 -1413.7499999999998 -664.74999999999989 -3486.7499999999995 4565.7575683593759 -2373.4999999999995
decision_type=2 2 2 2 2 2 2 2 2 2 2 2 2 2 2 2 2 2 2 2 2 2 2 2 2 2 2 2 2 2
left_child=1 -1 3 4 5 6 -2 -8 -9 24 -11 -7 -13 -14 17 16 -16 -4 20 25 21 -19 -15 -10 -5 26 -20 28 -17 -29
right_child=2 -3 14 9 -6 11 7 8 23 10 -12 12 13 22 15 27 -18 18 19 -21 -22 -23 -24 -25 -26 -27 -28 29 -30 -31
leaf_value=-10.853862473239069 21.860811696733748 -0.0217007152906811 10.657574371496837 10.313029254164015 22.651115822792054 -25.858386349678042 -15.661777957280478 25.41278365135193 7.0480101108551025 37.218606957522304 8.9599970709193837 15.304577827453613 -31.349794077873231 9.8549229939778655 29.108248343675037 -5.3913250291347508 -0.48118331586160973 -5.0609464253115863 3.7870392920115061 -5.6833814659208626 11.848974066688902 -16.740168273952644 -11.200036780834198 -12.717812567490798 -8.9330395665662046 -2.6175282669067386 26.757020681875726 -10.561332655722097 29.851146357400076 0.040603066039970867
leaf_weight=69 35 131 36 35 20 24 33 20 44 22 44 28 20 21 23 40 31 351 39 106 21 71 50 26 29 35 27 62 28 23553
leaf_count=69 35 131 36 35 20 24 33 20 44 22 44 28 20 21 23 40 31 351 39 106 21 71 50 26 29 35 27 62 28 23553
internal_value=3.25417e-09 -3.7588 0.0302227 2.9531 0.0526468 -1.44891 4.65819 -0.236859 5.41894 10.115 18.3795 -8.19663 -4.63459 -10.7697 -0.0237517 0.0664058 12.1217 -3.14338 -3.90774 0.850638 -6.13119 -7.02593 -4.97251 -0.293581 1.59215 7.70812 13.1838 0.0389182 9.12028 0.0127682
internal_weight=25074 200 24874 451 321 301 158 123 90 130 66 143 119 91 24423 23737 54 686 650 207 443 422 71 70 64 101 66 23683 68 23615
internal_count=25074 200 24874 451 321 301 158 123 90 130 66 143 119 91 24423 23737 54 686 650 207 443 422 71 70 64 101 66 23683 68 23615
is_linear=0
shrinkage=0.05


Tree=125
num_leaves=31
num_cat=0
split_feature=106 127 105 100 67 113 5 114 145 135 82 59 44 37 108 135 5 131 30 128 123 59 127 22 141 129 8 5 71 139
split_gain=1.12019e+06 3.67194e+06 3.58987e+06 4.16013e+06 4.08886e+06 2.87134e+06 4.19781e+06 4.20606e+06 2.86702e+06 2.81905e+06 3.75075e+06 3.41126e+06 6.27432e+06 5.52663e+06 4.5385e+06 4.23606e+06 6.37213e+06 5.41448e+06 3.33917e+06 2.69511e+06 2.61674e+06 3.78091e+06 2.54212e+06 2.53778e+06 2.23478e+06 3.2545e+06 3.11178e+06 2.61717e+06 2.21511e+06 5.89804e+06
threshold=2603.2500000000005 3428.0000000000005 2433.7500000000005 -262.74999999999994 -2015.210021972656 2978.7500000000005 1014.5462951660157 1245.2500000000002 987.75860595703136 1669.5000000000002 1168.1457519531252 4056.7500000000005 4356.5000000000009 4586.0000000000009 2015.5000000000002 -501.74999999999994 1438.1508789062502 1264.2258911132815 3704.2500000000005 -787.24999999999989 -1271.972473144531 -161.99999999999997 1864.7500000000002 3494.2500000000005 694.75000000000011 1936.2500000000002 6872.5000000000009 1438.1508789062502 2121.2500000000005 457.56884765625006
decision_type=2 2 2 2 2 2 2 2 2 2 2 2 2 2 2 2 2 2 2 2 2 2 2 2 2 2 2 2 2 2
left_child=1 28 3 -2 -5 6 8 -8 -6 11 -11 13 18 19 -14 16 17 -16 23 -4 22 -22 -21 -13 -17 26 -26 -27 -1 -30
right_child=2 -3 9 4 5 -7 7 -9 -10 10 -12 12 14 -15 15 24 -18 -19 -20 20 21 -23 -24 -25 25 27 -28 -29 29 -31
leaf_value=0.093898577968137456 -13.472901110422043 -20.486279591647062 -12.75763711648829 30.240134312889793 10.418397459872935 -3.7943458889805997 33.603876233869983 4.1937364315986638 -11.773620488426902 23.488518293972675 -1.7286046536763511 -19.403042861938477 -16.955160040174214 24.077366666440611 19.647506350562686 -15.286552966082539 35.784668254852299 -16.703442645072936 -28.448282314749328 2.7771108453924005 23.031897055584452 2.0186141974814116 -20.99671619664068 3.1259402313232423 -4.9200143313407905 0.66455229653252501 20.716483560101739 -21.894114875793459 -13.547261631481275 -1.0259393057379713
leaf_weight=22061 21 22 34 22 43 43 31 20 22 29 30 25 35 27 21 27 21 20 34 22 23 309 23 25 20 36 29 20 99 1880
leaf_count=22061 21 22 34 22 43 43 31 20 22 29 30 25 35 27 21 27 21 20 34 22 23 309 23 25 20 36 29 20 99 1880
internal_value=1.01457e-09 -0.0685374 1.62959 7.59288 10.037 7.24157 11.3325 22.0705 2.90725 0.142451 10.6663 -0.684319 -4.67064 2.16435 -0.38315 2.60665 13.3872 1.91534 -16.3592 0.724812 1.94074 3.47435 -9.37396 -8.13855 -2.45695 0.842089 10.2526 -7.39211 -0.0498523 -1.65232
internal_weight=25074 24062 1012 202 181 159 116 51 65 810 59 751 313 438 229 194 62 41 84 411 377 332 45 50 132 105 49 56 24040 1979
internal_count=25074 24062 1012 202 181 159 116 51 65 810 59 751 313 438 229 194 62 41 84 411 377 332 45 50 132 105 49 56 24040 1979
is_linear=0
shrinkage=0.05


Tree=126
num_leaves=31
num_cat=0
split_feature=33 54 84 10 97 5 90 134 78 141 136 108 105 26 45 107 75 81 68 71 89 129 115 82 47 75 4 103 103 87
split_gain=1.13058e+06 2.97943e+06 3.02244e+06 5.8796e+06 2.96996e+06 2.59441e+06 2.94108e+06 2.44304e+06 2.27957e+06 1.70416e+06 2.19958e+06 2.52911e+06 4.02025e+06 3.18298e+06 1.75625e+06 2.79651e+06 1.73064e+06 1.69976e+06 1.8005e+06 2.24234e+06 1.92019e+06 1.68832e+06 1.67339e+06 1.67047e+06 3.94482e+06 2.17148e+06 1.74422e+06 1.66839e+06 1.6588e+06 1.65498e+06
threshold=500.27058410644537 488.94856262207037 -458.24999999999994 -539.74999999999989 -1415.548889160156 501.89695739746099 1081.1940917968752 150.75000000000003 -27.249999999999996 35.250000000000007 -1377.2499999999998 -867.24999999999989 -999.24999999999989 703.27374267578136 -2778.2499999999995 -1174.2499999999998 454.19151306152349 6267.9626464843759 503.77525329589849 -900.24999999999989 497.42205810546881 138.25000000000003 -850.74999999999989 488.94856262207037 440.85023498535162 518.42474365234386 -321.58250427246088 445.86541748046881 435.14595031738287 -556.24999999999989
decision_type=2 2 2 2 2 2 2 2 2 2 2 2 2 2 2 2 2 2 2 2 2 2 2 2 2 2 2 2 2 2
left_child=4 2 21 8 -1 6 7 -5 -4 10 -3 12 -12 -14 -13 -16 -11 18 23 -20 -21 22 -2 -6 26 -26 -25 -18 -7 -17
right_child=1 9 3 5 17 28 -8 -9 -10 16 11 14 13 -15 15 29 27 -19 19 20 -22 -23 -24 24 25 -27 -28 -29 -30 -31
leaf_value=2.6419264032379277 7.352705456993796 -15.507619134311021 8.3097489294798486 4.2921136690222701 -1.088367995610166 21.039642543792723 11.090679581348713 -15.980205065295809 28.156784209226956 -14.146231987362818 -0.39291236248551586 11.188409650893441 5.1903001181284587 30.941448464393616 -16.672940854022379 -7.4605034506404326 7.7080207626360497 13.169275308223 -12.019876636975054 -8.0122391576331768 -1.0857275374049757 10.107065777156665 -8.197378429844056 21.849005289077759 1.4215100780971333 -8.8892578913220053 6.284549538294474 0.1849201804463389 5.5044577827463392 -1.3633666477117883
leaf_weight=620 22 29 23 23 3761 20 26 42 39 21 196 21 30 20 38 143 74 21 69 126 486 23 81 30 427 58 45 17936 122 502
leaf_count=620 22 29 23 23 3761 20 26 42 39 21 196 21 30 20 38 143 74 21 69 126 486 23 81 30 427 58 45 17936 122 502
internal_value=8.97437e-09 0.180932 4.34137 7.11011 -0.623019 3.46886 -3.12189 -8.80692 20.7942 0.0887943 -1.94287 -1.52879 2.83548 15.4908 -3.0538 -3.4917 0.199104 -1.02602 -1.08562 -3.47515 -2.51177 -2.141 -4.876 -0.709019 1.83872 0.18847 12.5103 0.215831 7.69251 -2.71513
internal_weight=25074 19431 421 295 5643 233 91 65 62 19010 979 950 246 50 704 683 18031 5023 5002 681 612 126 103 4321 560 485 75 18010 142 645
internal_count=25074 19431 421 295 5643 233 91 65 62 19010 979 950 246 50 704 683 18031 5023 5002 681 612 126 103 4321 560 485 75 18010 142 645
is_linear=0
shrinkage=0.05


Tree=127
num_leaves=31
num_cat=0
split_feature=121 136 98 85 142 140 2 124 6 135 61 86 24 58 142 79 101 121 108 142 0 142 91 86 94 13 134 133 99 27
split_gain=1.09687e+06 6.869e+06 3.45192e+06 4.94921e+06 4.81148e+06 4.18589e+06 3.37096e+06 5.04892e+06 3.57879e+06 4.80062e+06 3.27854e+06 3.02112e+06 2.9358e+06 4.15536e+06 3.3406e+06 2.84725e+06 2.67465e+06 2.57313e+06 3.45561e+06 2.40056e+06 2.39476e+06 2.72134e+06 2.3944e+06 2.24293e+06 2.16088e+06 2.14347e+06 2.0211e+06 3.67475e+06 2.04252e+06 6.9745e+06
threshold=1333.5000000000002 2253.0000000000005 1630.2500000000002 2270.7500000000005 -562.74999999999989 1573.7500000000002 2386.5000000000005 1473.834655761719 4763.2263183593759 -1035.7499999999998 871.29827880859386 2631.2500000000005 3473.7500000000005 1718.7500000000002 -554.74999999999989 2113.0000000000005 4181.2500000000009 2415.0000000000005 2461.2500000000005 -425.74999999999994 1143.2500000000002 -249.74999999999997 2565.7500000000005 2001.2500000000002 2908.2500000000005 401.37908935546881 2834.7500000000005 1789.5000000000002 2380.7500000000005 2388.268188476563
decision_type=2 2 2 2 2 2 2 2 2 2 2 2 2 2 2 2 2 2 2 2 2 2 2 2 2 2 2 2 2 2
left_child=1 26 3 4 -2 6 7 11 10 -10 -8 22 13 -7 -14 -12 -16 18 -11 -20 25 -22 23 -4 -24 -6 27 28 -1 -30
right_child=2 -3 5 -5 20 12 8 -9 9 17 15 -13 14 -15 16 -17 -18 -19 19 -21 21 -23 24 -25 -26 -27 -28 -29 29 -31
leaf_value=-0.10599006894372814 27.188175659179691 -28.645290100006832 -1.4495737311451935 28.860396743774416 0.72231669924979991 5.4113841915130614 2.0111792148514227 -27.59799783229828 17.709105390051135 -15.548946837584177 3.2356137704849246 -16.489078945235203 15.628040938541808 34.020478959517042 7.1585050062699755 27.433192253112793 -16.327445517645941 -17.058586833643357 17.384256037076316 -3.9933750974720925 -20.254082149008045 3.3566207954516778 17.986186310097022 -17.547218249394344 -3.3990641730172295 20.535283310413362 13.388824064391001 -10.818461824368827 7.9361394295769365 -1.2409303645834866
leaf_weight=23238 20 21 129 25 43 30 88 24 23 30 20 38 29 22 22 31 27 43 24 29 23 26 27 26 21 20 28 79 341 527
leaf_count=23238 20 21 129 25 43 30 88 24 23 30 20 38 29 22 22 31 27 43 24 29 23 26 27 26 21 20 28 79 341 527
internal_value=-3.0062e-09 -0.0615691 1.77627 8.46157 4.59816 0.239531 -1.65832 -5.72797 2.08632 -3.29707 7.85701 -3.55005 8.3127 17.5152 2.17768 17.9439 -5.78273 -7.13153 -1.9886 5.68706 0.564228 -7.72595 -1.12796 -4.14982 8.63014 7.01215 -0.0367784 -0.0523218 -0.0170391 2.36435
internal_weight=25074 24234 840 157 132 683 553 265 288 149 139 241 130 52 78 51 49 126 83 53 112 49 203 155 48 63 24213 24185 24106 868
internal_count=25074 24234 840 157 132 683 553 265 288 149 139 241 130 52 78 51 49 126 83 53 112 49 203 155 48 63 24213 24185 24106 868
is_linear=0
shrinkage=0.05


Tree=128
num_leaves=31
num_cat=0
split_feature=114 113 128 86 136 38 36 31 113 86 65 136 0 6 123 48 126 89 0 0 99 86 71 102 135 135 23 66 130 3
split_gain=1.12625e+06 3.01953e+06 3.5377e+06 4.05792e+06 5.56413e+06 4.46383e+06 5.43059e+06 4.01181e+06 3.85123e+06 3.19076e+06 4.73033e+06 3.69405e+06 3.66753e+06 4.87206e+06 4.96687e+06 3.70721e+06 4.86698e+06 3.81093e+06 3.70176e+06 4.88751e+06 1.15976e+07 3.5739e+06 3.46335e+06 3.67151e+06 3.15047e+06 2.95801e+06 2.93579e+06 6.59741e+06 4.33197e+06 4.04884e+06
threshold=-205.24999999999997 25.250000000000004 -902.24999999999989 1236.7500000000002 -207.24999999999997 990.75000000000011 1098.2500000000002 1019.2500000000001 663.75000000000011 1412.2500000000002 1148.2500000000002 400.75000000000006 1869.2500000000002 1642.5820922851565 4308.6225585937509 1226.912780761719 -346.24999999999994 742.54556274414074 1215.2500000000002 1376.7500000000002 595.25000000000011 202.25000000000003 1968.2500000000002 3360.2099609375005 -1232.7499999999998 633.00000000000011 1688.5000000000002 2134.7500000000005 9341.0625000000018 3903.2500000000005
decision_type=2 2 2 2 2 2 2 2 2 2 2 2 2 2 2 2 2 2 2 2 2 2 2 2 2 2 2 2 2 2
left_child=1 26 3 5 -5 6 -3 -8 -7 12 -11 -12 13 14 18 -14 17 -17 22 20 -20 -19 23 24 -4 -26 27 -1 29 -28
right_child=-2 2 9 4 -6 8 7 -9 -10 10 11 -13 15 -15 -16 16 -18 21 19 -21 -22 -23 -24 -25 25 -27 28 -29 -30 -31
leaf_value=-0.35110696189653018 -0.38646848622642271 -3.1626310232456998 21.558667511940001 -3.2305587316668309 24.304757496714593 -6.6901921285647097 31.363891211010163 0.073749918937683109 -25.595960834291247 -24.24073576750579 -5.4838035607337954 14.857826212474279 21.528090304467412 -4.8202652282568446 26.81597074508667 4.415287416511112 2.4693220397991102 11.582582077980042 4.1671078263259522 3.3960696021842356 49.167916180870748 41.115649627503899 -12.353934651480781 -14.986302537629099 1.5351423655569643 20.360324632553827 6.0548376696168891 -21.799728488922121 23.818212039654071 -6.1725404591002366
leaf_weight=8728 10761 340 20 43 32 107 21 20 36 27 110 28 36 285 20 36 370 20 41 157 22 21 45 33 3296 21 242 36 26 94
leaf_count=8728 10761 340 20 43 32 107 21 20 36 27 110 28 36 285 20 36 370 20 41 157 22 21 45 33 3296 21 242 36 26 94
internal_value=3.6974e-09 0.29056 1.25385 -2.36001 8.51784 -3.91695 -1.08971 16.1004 -11.4497 1.72567 -5.10121 -1.35652 1.98034 1.47624 1.96721 6.09253 4.8494 16.2861 1.83049 8.11695 19.8817 26.7093 1.4255 1.6095 1.77362 1.65433 -0.25695 -0.439212 4.1556 2.63408
internal_weight=25074 14313 5187 599 75 524 381 41 143 4588 165 138 4423 3940 3655 483 447 77 3635 220 63 41 3415 3370 3337 3317 9126 8764 362 336
internal_count=25074 14313 5187 599 75 524 381 41 143 4588 165 138 4423 3940 3655 483 447 77 3635 220 63 41 3415 3370 3337 3317 9126 8764 362 336
is_linear=0
shrinkage=0.05


Tree=129
num_leaves=31
num_cat=0
split_feature=1 125 140 19 68 90 65 15 2 65 64 100 12 39 72 48 92 113 18 65 63 128 93 122 92 112 9 19 103 27
split_gain=1.06161e+06 4.05298e+06 3.71265e+06 3.75806e+06 6.05676e+06 3.77509e+06 3.31941e+06 3.18243e+06 3.04441e+06 3.25193e+06 5.16582e+06 4.87192e+06 4.68867e+06 4.39525e+06 5.50867e+06 7.44333e+06 5.16781e+06 4.94777e+06 4.48725e+06 4.37501e+06 5.69806e+06 4.00032e+06 3.96342e+06 4.35047e+06 5.61128e+06 4.0023e+06 3.09314e+06 2.96977e+06 7.79205e+06 5.69698e+06
threshold=-209.49999999999997 386.38655090332037 867.75000000000011 1341.8898925781252 1077.258728027344 197.89471435546878 561.25000000000011 1287.7500000000002 669.75000000000011 -239.74999999999997 -13.749999999999998 -3384.7499999999995 1438.1508789062502 -2286.2199707031245 1543.2500000000002 1275.5213623046877 2107.2500000000005 1081.7500000000002 -2217.3273925781245 -1171.7499999999998 29.250000000000004 -483.74999999999994 -1535.2499999999998 649.25000000000011 695.75000000000011 182.75000000000003 1319.7500000000002 1102.340026855469 1286.4824218750002 -97.917118072509751
decision_type=2 2 2 2 2 2 2 2 2 2 2 2 2 2 2 2 2 2 2 2 2 2 2 2 2 2 2 2 2 2
left_child=1 7 3 4 5 -3 -7 -1 27 10 11 -10 -13 14 16 -16 17 -11 -15 20 21 -12 -21 24 25 -24 -25 -2 29 -29
right_child=8 2 -4 -5 -6 6 -8 -9 9 13 19 12 -14 18 15 -17 -18 -19 -20 22 -22 -23 23 26 -26 -27 -28 28 -30 -31
leaf_value=0.29804970903596484 -0.63541319298483234 -11.990426290446315 24.295592924526758 -12.102243502650943 33.459257755279545 21.460711823900542 1.9891856648371773 -17.93141317764918 -20.108780202557966 15.224327464699748 14.539140551884969 -0.89990579719784902 19.482718203862508 -18.100615990502494 -20.90161978015394 14.869779471250681 36.000919396536695 -9.1966219237872533 -0.14225199573467795 -6.6078151182124492 2.3731417920854354 42.255166012307875 7.5718008969306956 -14.052344613415855 18.20367382693291 -6.0309166338132778 3.6393677838643392 -17.066737845827031 1.7471355239334316 -4.3814077478090612
leaf_weight=9823 7206 29 28 28 20 33 65 24 31 80 30 474 30 35 33 26 21 28 5651 76 45 23 250 42 100 69 60 135 322 257
leaf_count=9823 7206 29 28 28 20 33 65 24 31 80 30 474 30 35 33 26 21 28 5651 76 45 23 250 42 100 69 60 135 322 257
internal_value=1.10413e-09 0.397788 7.39102 4.68629 7.8841 3.85652 8.54592 0.253619 -0.266092 0.485427 2.82321 -0.869993 0.313346 -0.00409715 7.51766 -5.13795 13.3059 8.89297 -0.252794 5.66617 15.4575 26.5668 4.05888 5.61487 7.86918 4.62952 -3.64545 -0.940182 -4.01604 -8.75008
internal_weight=25074 10050 203 175 147 127 98 9847 15024 7104 1230 535 504 5874 188 59 129 108 5686 695 98 53 597 521 419 319 102 7920 714 392
internal_count=25074 10050 203 175 147 127 98 9847 15024 7104 1230 535 504 5874 188 59 129 108 5686 695 98 53 597 521 419 319 102 7920 714 392
is_linear=0
shrinkage=0.05


end of trees

feature_importances:
Column_142=160
Column_141=106
Column_107=105
Column_135=92
Column_136=89
Column_5=75
Column_114=75
Column_86=73
Column_134=71
Column_121=64
Column_113=63
Column_120=62
Column_145=61
Column_117=56
Column_100=55
Column_99=52
Column_82=51
Column_106=51
Column_26=50
Column_73=50
Column_127=50
Column_129=50
Column_128=49
Column_93=47
Column_115=47
Column_124=46
Column_33=45
Column_110=43
Column_23=42
Column_92=41
Column_19=40
Column_72=40
Column_1=38
Column_85=38
Column_61=37
Column_87=37
Column_79=36
Column_101=36
Column_138=36
Column_4=35
Column_65=35
Column_108=35
Column_43=34
Column_57=34
Column_122=34
Column_12=32
Column_75=32
Column_78=32
Column_37=31
Column_80=30
Column_36=29
Column_58=29
Column_71=28
Column_52=27
Column_103=27
Column_131=27
Column_0=26
Column_6=26
Column_15=26
Column_9=25
Column_40=25
Column_44=25
Column_64=24
Column_2=22
Column_38=22
Column_13=21
Column_51=21
Column_54=21
Column_59=21
Column_68=21
Column_94=21
Column_29=20
Column_66=20
Column_89=19
Column_104=19
Column_137=19
Column_24=18
Column_45=18
Column_17=17
Column_31=17
Column_50=17
Column_22=16
Column_30=16
Column_39=16
Column_133=16
Column_8=15
Column_48=15
Column_63=15
Column_105=15
Column_16=14
Column_27=14
Column_98=14
Column_10=13
Column_91=13
Column_97=13
Column_123=13
Column_140=13
Column_3=12
Column_18=12
Column_46=12
Column_47=12
Column_55=12
Column_69=12
Column_96=12
Column_77=11
Column_119=11
Column_126=11
Column_130=11
Column_34=10
Column_76=10
Column_84=10
Column_11=9
Column_62=9
Column_81=9
Column_109=9
Column_132=9
Column_20=8
Column_32=8
Column_67=8
Column_70=8
Column_90=8
Column_28=7
Column_41=7
Column_118=7
Column_139=7
Column_144=7
Column_25=6
Column_49=6
Column_74=6
Column_112=6
Column_7=5
Column_56=5
Column_88=5
Column_125=5
Column_102=4
Column_14=3
Column_35=3
Column_42=3
Column_83=3
Column_95=3
Column_21=2
Column_111=2
Column_116=2
Column_53=1

parameters:
[boosting: gbdt]
[objective: regression]
[metric: l2]
[tree_learner: serial]
[device_type: cpu]
[data_sample_strategy: bagging]
[data: ]
[valid: ]
[num_iterations: 1000]
[learning_rate: 0.05]
[num_leaves: 31]
[num_threads: 0]
[seed: 42]
[deterministic: 1]
[force_col_wise: 0]
[force_row_wise: 0]
[histogram_pool_size: -1]
[max_depth: -1]
[min_data_in_leaf: 20]
[min_sum_hessian_in_leaf: 0.001]
[bagging_fraction: 1]
[pos_bagging_fraction: 1]
[neg_bagging_fraction: 1]
[bagging_freq: 0]
[bagging_seed: 400]
[bagging_by_query: 0]
[feature_fraction: 1]
[feature_fraction_bynode: 1]
[feature_fraction_seed: 30056]
[extra_trees: 0]
[extra_seed: 12879]
[early_stopping_round: 0]
[early_stopping_min_delta: 0]
[first_metric_only: 0]
[max_delta_step: 0]
[lambda_l1: 0]
[lambda_l2: 0]
[linear_lambda: 0]
[min_gain_to_split: 0]
[drop_rate: 0.1]
[max_drop: 50]
[skip_drop: 0.5]
[xgboost_dart_mode: 0]
[uniform_drop: 0]
[drop_seed: 17869]
[top_rate: 0.2]
[other_rate: 0.1]
[min_data_per_group: 100]
[max_cat_threshold: 32]
[cat_l2: 10]
[cat_smooth: 10]
[max_cat_to_onehot: 4]
[top_k: 20]
[monotone_constraints: ]
[monotone_constraints_method: basic]
[monotone_penalty: 0]
[feature_contri: ]
[forcedsplits_filename: ]
[refit_decay_rate: 0.9]
[cegb_tradeoff: 1]
[cegb_penalty_split: 0]
[cegb_penalty_feature_lazy: ]
[cegb_penalty_feature_coupled: ]
[path_smooth: 0]
[interaction_constraints: ]
[verbosity: -1]
[saved_feature_importance_type: 0]
[use_quantized_grad: 0]
[num_grad_quant_bins: 4]
[quant_train_renew_leaf: 0]
[stochastic_rounding: 1]
[linear_tree: 0]
[max_bin: 255]
[max_bin_by_feature: ]
[min_data_in_bin: 3]
[bin_construct_sample_cnt: 200000]
[data_random_seed: 175]
[is_enable_sparse: 1]
[enable_bundle: 1]
[use_missing: 1]
[zero_as_missing: 0]
[feature_pre_filter: 1]
[pre_partition: 0]
[two_round: 0]
[header: 0]
[label_column: ]
[weight_column: ]
[group_column: ]
[ignore_column: ]
[categorical_feature: ]
[forcedbins_filename: ]
[precise_float_parser: 0]
[parser_config_file: ]
[objective_seed: 16083]
[num_class: 1]
[is_unbalance: 0]
[scale_pos_weight: 1]
[sigmoid: 1]
[boost_from_average: 1]
[reg_sqrt: 0]
[alpha: 0.9]
[fair_c: 1]
[poisson_max_delta_step: 0.7]
[tweedie_variance_power: 1.5]
[lambdarank_truncation_level: 30]
[lambdarank_norm: 1]
[label_gain: ]
[lambdarank_position_bias_regularization: 0]
[eval_at: ]
[multi_error_top_k: 1]
[auc_mu_weights: ]
[num_machines: 1]
[local_listen_port: 12400]
[time_out: 120]
[machine_list_filename: ]
[machines: ]
[gpu_platform_id: -1]
[gpu_device_id: -1]
[gpu_device_id_list: ]
[gpu_use_dp: 0]
[num_gpu: 1]

end of parameters

pandas_categorical:null
