tree
version=v4
num_class=1
num_tree_per_iteration=1
label_index=0
max_feature_idx=293
objective=regression
feature_names=Column_0 Column_1 Column_2 Column_3 Column_4 Column_5 Column_6 Column_7 Column_8 Column_9 Column_10 Column_11 Column_12 Column_13 Column_14 Column_15 Column_16 Column_17 Column_18 Column_19 Column_20 Column_21 Column_22 Column_23 Column_24 Column_25 Column_26 Column_27 Column_28 Column_29 Column_30 Column_31 Column_32 Column_33 Column_34 Column_35 Column_36 Column_37 Column_38 Column_39 Column_40 Column_41 Column_42 Column_43 Column_44 Column_45 Column_46 Column_47 Column_48 Column_49 Column_50 Column_51 Column_52 Column_53 Column_54 Column_55 Column_56 Column_57 Column_58 Column_59 Column_60 Column_61 Column_62 Column_63 Column_64 Column_65 Column_66 Column_67 Column_68 Column_69 Column_70 Column_71 Column_72 Column_73 Column_74 Column_75 Column_76 Column_77 Column_78 Column_79 Column_80 Column_81 Column_82 Column_83 Column_84 Column_85 Column_86 Column_87 Column_88 Column_89 Column_90 Column_91 Column_92 Column_93 Column_94 Column_95 Column_96 Column_97 Column_98 Column_99 Column_100 Column_101 Column_102 Column_103 Column_104 Column_105 Column_106 Column_107 Column_108 Column_109 Column_110 Column_111 Column_112 Column_113 Column_114 Column_115 Column_116 Column_117 Column_118 Column_119 Column_120 Column_121 Column_122 Column_123 Column_124 Column_125 Column_126 Column_127 Column_128 Column_129 Column_130 Column_131 Column_132 Column_133 Column_134 Column_135 Column_136 Column_137 Column_138 Column_139 Column_140 Column_141 Column_142 Column_143 Column_144 Column_145 Column_146 Column_147 Column_148 Column_149 Column_150 Column_151 Column_152 Column_153 Column_154 Column_155 Column_156 Column_157 Column_158 Column_159 Column_160 Column_161 Column_162 Column_163 Column_164 Column_165 Column_166 Column_167 Column_168 Column_169 Column_170 Column_171 Column_172 Column_173 Column_174 Column_175 Column_176 Column_177 Column_178 Column_179 Column_180 Column_181 Column_182 Column_183 Column_184 Column_185 Column_186 Column_187 Column_188 Column_189 Column_190 Column_191 Column_192 Column_193 Column_194 Column_195 Column_196 Column_197 Column_198 Column_199 Column_200 Column_201 Column_202 Column_203 Column_204 Column_205 Column_206 Column_207 Column_208 Column_209 Column_210 Column_211 Column_212 Column_213 Column_214 Column_215 Column_216 Column_217 Column_218 Column_219 Column_220 Column_221 Column_222 Column_223 Column_224 Column_225 Column_226 Column_227 Column_228 Column_229 Column_230 Column_231 Column_232 Column_233 Column_234 Column_235 Column_236 Column_237 Column_238 Column_239 Column_240 Column_241 Column_242 Column_243 Column_244 Column_245 Column_246 Column_247 Column_248 Column_249 Column_250 Column_251 Column_252 Column_253 Column_254 Column_255 Column_256 Column_257 Column_258 Column_259 Column_260 Column_261 Column_262 Column_263 Column_264 Column_265 Column_266 Column_267 Column_268 Column_269 Column_270 Column_271 Column_272 Column_273 Column_274 Column_275 Column_276 Column_277 Column_278 Column_279 Column_280 Column_281 Column_282 Column_283 Column_284 Column_285 Column_286 Column_287 Column_288 Column_289 Column_290 Column_291 Column_292 Column_293
feature_infos=[-6602.5:9202.5] [-6012.5:9695] [-6967.5:9187.5] [-6720:9640] [-7132.18994140625:10798.7646484375] [151.30067443847656:1441.2490234375] [-6287.337890625:9162.3759765625] [-6715:9640] [-6060:9755] [-7157.5:9440] [-6910:9620] [-7108.68994140625:10775.9150390625] [151.30067443847656:1441.2490234375] [-6264.1708984375:9203.9775390625] [-6905:9620] [-6225:9855] [-7005:9518] [-6595:9735] [-7090.39013671875:10754.1650390625] [151.30067443847656:1441.2490234375] [-6184.92822265625:9252.2529296875] [-6595:9735] [-6190:9850] [-7287.5:9531.5] [-7040:9640] [-7076.14013671875:10732.1650390625] [151.30067443847656:1441.2490234375] [-6144.2529296875:9287.501953125] [-7035:9635] [-6355:9700] [-7135:9216.5] [-6725:9325] [-7058.43994140625:10701.0146484375] [151.30067443847656:1441.2490234375] [-6095.45703125:9261.3662109375] [-6725:9320] [-5880:9385] [-6934.5:8860] [-6627.5:9160] [-7021.26513671875:10667.0654296875] [151.30067443847656:1441.2490234375] [-6029.73388671875:9204.8779296875] [-6620:9160] [-6030:9275] [-6915:8960] [-6082.5:9155] [-6991.740234375:10634.08984375] [151.30067443847656:1441.2490234375] [-6032.4853515625:9147.84375] [-6087.5:9155] [-5745:9375] [-6677.5:9038] [-6087.5:9255] [-6964.60986328125:10593.615234375] [151.30067443847656:1441.2490234375] [-6002.7138671875:9056.67578125] [-6095:9255] [-5510:9370] [-6275:9051.5] [-5652.5:9160] [-6933.43505859375:10549.7099609375] [151.30067443847656:1441.2490234375] [-5966.46728515625:8934.9326171875] [-5647.5:9155] [-5182.5:9220] [-6060:8415] [-5575:8600] [-6899.56005859375:10502.009765625] [151.30067443847656:1441.2490234375] [-5908.37890625:8789.484375] [-5570:8600] [-5070:8715] [-5947.5:8396.5] [-5532.5:8505] [-6853.384765625:10453.3603515625] [151.30067443847656:1441.2490234375] [-5824.435546875:8724.8779296875] [-5530:8500] [-4847.5:8565] [-5945:7760] [-5697.5:8505] [-6808.8349609375:10401.4345703125] [151.30067443847656:1441.2490234375] [-5742.89599609375:8667.84375] [-5692.5:8502.5] [-5012.5:8847.5] [-5792.5:7932.5] [-5507.5:8820] [-6761.01513671875:10354.66015625] [151.30067443847656:1441.2490234375] [-5701.26904296875:8576.67578125] [-5502.5:8817.5] [-4835:8850] [-5602.5:8070] [-5285:8335] [-6712.9150390625:10308.91015625] [151.30067443847656:1441.2490234375] [-5642.74462890625:8454.9326171875] [-5277.5:8332.5] [-4955:8407.5] [-5800:7867.5] [-5615:7962.5] [-6662.56494140625:10261.8095703125] [151.30067443847656:1441.2490234375] [-5598.404296875:8309.484375] [-5615:7980] [-5122.5:8137.5] [-5967.5:7305] [-5782.5:7685] [-6614.0400390625:10212.6845703125] [151.30067443847656:1441.2490234375] [-5615.14013671875:8161.34912109375] [-5782.5:7687.5] [-5272.5:8002.5] [-5957.5:7322.5] [-5660:7622.5] [-6564.740234375:10162.4853515625] [151.30067443847656:1441.2490234375] [-5619.21826171875:8051.0166015625] [-5660:7617.5] [-5390:8115] [-5815:7312.5] [-5612.5:7435] [-6517.9599609375:10109.1845703125] [151.30067443847656:1441.2490234375] [-5618.607421875:7950.923828125] [-5610:7432.5] [-5552.5:7867.5] [-5975:6907.5] [-5605:6965] [-6468.634765625:10051.7353515625] [151.30067443847656:1441.2490234375] [-5617.37060546875:7836.7490234375] [-5562.5:6965] [-5452.5:7417.5] [-5788:6830] [-5452.5:7342.5] [-6415.43505859375:9995.53515625] [151.30067443847656:1441.2490234375] [-5602.38232421875:7745.2265625] [-5498:7340] [-5225:7402.5] [-5950:6695] [-5250:6857.5] [-6355.509765625:9938.2353515625] [151.30067443847656:1441.2490234375] [-5570.34765625:7656.5693359375] [-5250:6855] [-4895:7072.5] [-5620:6749.5] [-5370:6850] [-6320.93994140625:9875.134765625] [151.30067443847656:1441.2490234375] [-5503.49755859375:7571.0166015625] [-5365:6852.5] [-4782.5:6875] [-5465:6335] [-5085:6470] [-6283.76513671875:9809.7353515625] [151.30067443847656:1441.2490234375] [-5465.45263671875:7470.923828125] [-5077.5:6470] [-4957.5:6672.5] [-6055:6094.5] [-5807.5:6250] [-6254.240234375:9740.39453125] [151.30067443847656:1441.2490234375] [-5416.5478515625:7356.7490234375] [-5802.5:6250] [-5547.5:6637.5] [-6645:6100] [-6397.5:6350] [-6227.10986328125:9671.294921875] [151.30067443847656:1441.2490234375] [-5345.72509765625:7265.2265625] [-6392.5:6350] [-5712.5:6390] [-6492.5:6020] [-6082.5:6290] [-6195.93505859375:9600.0947265625] [151.30067443847656:1441.2490234375] [-5310.43212890625:7176.5693359375] [-6082.5:6285] [-5237.5:6360] [-6292:5625] [-5985:5740] [-6162.06005859375:9524.1201171875] [151.30067443847656:1441.2490234375] [-5255.16552734375:7045.97216796875] [-5977.5:5740] [-5387.5:6432.5] [-6272.5:5560] [-5440:5690] [-6115.884765625:9443.9697265625] [151.30067443847656:1441.2490234375] [-5169.01416015625:6917.7021484375] [-5445:5692.5] [-5102.5:5940] [-6035:5257.5] [-5445:5440] [-6071.3349609375:9356.794921875] [151.30067443847656:1441.2490234375] [-5092.740234375:6768.36572265625] [-5452.5:5440] [-4460:6047.5] [-5632.5:5185] [-4667.5:5540] [-6023.51513671875:9263.5947265625] [151.30067443847656:1441.2490234375] [-5019.763671875:6656.69580078125] [-4660:5540] [-4540:5845] [-5417.5:5095] [-4775:5372.5] [-5975.4150390625:9172.044921875] [151.30067443847656:1441.2490234375] [-4908.8759765625:6539.95068359375] [-4770:5372.5] [-4427.5:6160] [-5305:5205] [-4890:5650] [-5925.06494140625:9079.599609375] [151.30067443847656:1441.2490234375] [-4716.47802734375:6408.13720703125] [-4887.5:5647.5] [-3482.5:5650] [-5112.5:4862.5] [-3945:4895] [-5876.5400390625:8983.0498046875] [151.30067443847656:1441.2490234375] [-4497.70751953125:6270.5791015625] [-3942.5:4892.5] [-3235:5285] [-4167.5:4370] [-3605:4435] [-5827.240234375:8883.275390625] [151.30067443847656:1441.2490234375] [-4282.0068359375:6080.07177734375] [-3605:4435] [-3180:4955] [-3987.5:4207.5] [-3572.5:4240] [-5780.4599609375:8783.5947265625] [151.30067443847656:1441.2490234375] [-4061.824462890625:5881.42919921875] [-3570:4235] [-2922.5:4462.5] [-4365:3720] [-3250:3865] [-5731.134765625:8692.044921875] [151.30067443847656:1441.2490234375] [-3873.476806640625:5698.1171875] [-3247.5:3867.5] [-2625:4570] [-4483:3590] [-2967.5:3895] [-5677.93505859375:8599.599609375] [151.30067443847656:1441.2490234375] [-3634.978759765625:5534.19775390625] [-2975:3900] [-2245.5:4370] [-4391:3550] [-2829.5:3732.5] [-5618.009765625:8503.0498046875] [151.30067443847656:1441.2490234375] [-3406.15234375:5354.2705078125] [-2829.5:3732.5] [-2114.5:4682.5] [-4291.5:3727.5] [-2382.5:4172.5] [-5556.009765625:8403.275390625] [151.30067443847656:1441.2490234375] [-3216.27490234375:5114.56396484375] [-2387.5:4170] [-1950:4172.5] [-3794.5:2895] [-2412.5:3182.5] [-5501.1650390625:8282.125] [151.30067443847656:1441.2490234375] [-3097.75:4709.1494140625] [-2410:3190] [-1555:3807.5] [-4102:2291] [-1870:2502.5] [-5450.1650390625:8166.9248046875] [151.30067443847656:1441.2490234375] [-2902.04541015625:4459.56396484375] [-2160:2505] [0:2642.5] [-4206.5:0] none [-5395.26513671875:8037.8251953125] [151.30067443847656:1441.2490234375] [-2638.22314453125:4054.149169921875]
tree_sizes=2844 2856 2844 2804 2839 2835 2803 2788 2808 2808 2791 2812 2783 2776 2774 2796 2776 2760 2757 2746 2791 2747 2747 2763 2803 2760 2787 2759 2786 2738 2761 2737 2728 2774 2734 2742 2733 2771 2782 2733 2770 2734 2716 2723 2723 2732 2775 2735 2755 2717 2724 2805 2739 2745 2761 2747 2729 2742 2724 2732 2745 2760 2732

Tree=0
num_leaves=31
num_cat=0
split_feature=40 11 68 191 276 283 247 80 243 289 292 252 262 211 226 240 177 170 194 239 15 289 26 73 266 227 128 264 278 215
split_gain=1.52228e+06 2.22331e+06 3.69076e+06 2.1434e+06 1.53329e+06 1.37487e+06 2.24919e+06 1.44449e+06 1.30115e+06 880596 1.63461e+06 1.23506e+06 1.56904e+06 1.41083e+06 1.37398e+06 1.22572e+06 2.14127e+06 1.89359e+06 1.36041e+06 1.29993e+06 1.16889e+06 1.11816e+06 1.37339e+06 1.22161e+06 1.05668e+06 1.38807e+06 1.03337e+06 974734 953728 942908
threshold=1045.2505493164065 6270.4875488281259 469.80149841308599 1219.2500000000002 -1079.4999999999998 430.75000000000006 -931.24999999999989 -218.24999999999997 588.47909545898449 -72.749999999999986 724.36727905273449 550.25000000000011 1651.2500000000002 2349.7500000000005 -645.74999999999989 -856.74999999999989 467.75000000000006 643.75000000000011 436.54501342773443 1169.5000000000002 2585.2500000000005 -554.24999999999989 458.16539001464849 1794.7500000000002 1393.5000000000002 1876.2500000000002 934.75000000000011 775.33657836914074 530.86532592773449 674.41351318359386
decision_type=2 2 2 2 2 2 2 2 2 2 2 2 2 2 2 2 2 2 2 2 2 2 2 2 2 2 2 2 2 2
left_child=1 4 -3 -4 8 6 -2 -8 -1 11 24 13 14 15 -13 16 20 -18 -17 29 -6 22 -16 -24 25 -11 -19 -23 -26 -20
right_child=5 2 3 -5 9 -7 7 -9 -10 10 -12 12 -14 -15 21 18 17 26 19 -21 -22 27 23 -25 28 -27 -28 -29 -30 -31
leaf_value=-2.2439430429260803 -16.71451995664966 -8.2898462021545356 28.142503516363359 8.2382433473078294 -0.43225681440241753 -16.162853625358462 12.056938788353088 -4.4003533122353931 -15.478558303013607 0.91786528480009633 13.989230304021323 -12.378558603787816 8.4774245672676454 -10.964242520428572 0.61561893329886863 0.46358443558392959 -21.7970202522887 4.6102528131049247 2.0745203693634089 11.343396759091499 7.1469224368733384 -0.72649483343659371 -20.884065455410923 -4.221565490089989 0.35678956698956632 11.697146872141643 -8.7129501632589861 8.8320539462928576 -14.899519899429201 -2.2867960357260984
leaf_weight=65 20 23 21 38 2343 24 24 30 26 6664 24 26 45 27 36 11326 20 22 1649 36 52 2190 22 22 21 30 43 27 20 134
leaf_count=65 20 23 21 38 2343 24 24 30 26 6664 24 26 45 27 36 11326 20 22 1649 36 52 2190 22 22 21 30 43 27 20 134
internal_value=0.455768 0.480196 8.69975 15.3228 0.453095 -5.7637 -2.39101 2.914 -6.02526 0.476886 0.963576 0.294337 -0.769881 0.455343 -0.949015 0.475076 -0.54448 -8.3432 0.66743 1.93668 -0.267698 -0.819643 -6.62702 -12.5528 0.91716 0.966174 -4.20356 -0.610085 -7.08531 1.74675
internal_weight=25050 24952 82 59 24870 98 74 54 91 24779 6759 18020 2368 15652 2323 15625 2480 85 13145 1819 2395 2297 80 44 6735 6694 65 2217 41 1783
internal_count=25050 24952 82 59 24870 98 74 54 91 24779 6759 18020 2368 15652 2323 15625 2480 85 13145 1819 2395 2297 80 44 6735 6694 65 2217 41 1783
is_linear=0
shrinkage=1


Tree=1
num_leaves=31
num_cat=0
split_feature=40 11 96 191 269 276 283 247 80 257 289 292 252 262 170 204 2 250 274 248 70 23 211 215 213 101 240 177 51 57
split_gain=1.37386e+06 2.00654e+06 3.4855e+06 2.40561e+06 1.91713e+06 1.38379e+06 1.24082e+06 2.0299e+06 1.30366e+06 1.1789e+06 794737 1.47524e+06 1.11464e+06 1.41606e+06 1.3817e+06 1.34284e+06 1.70077e+06 1.58316e+06 1.78961e+06 1.53406e+06 1.64409e+06 1.45213e+06 1.27327e+06 1.20108e+06 1.67847e+06 1.12202e+06 1.11653e+06 1.61606e+06 1.69567e+06 1.48446e+06
threshold=1045.2505493164065 6270.4875488281259 476.75883483886724 1219.2500000000002 537.75000000000011 -1079.4999999999998 430.75000000000006 -931.24999999999989 -218.24999999999997 588.47909545898449 -72.749999999999986 724.36727905273449 550.25000000000011 1651.2500000000002 3193.5000000000005 1948.7500000000002 4029.0000000000005 560.00579833984386 1076.2500000000002 764.75000000000011 1087.2500000000002 244.75000000000003 2349.7500000000005 518.72827148437511 870.25000000000011 2217.7500000000005 -966.74999999999989 665.75000000000011 1353.7500000000002 3670.7500000000005
decision_type=2 2 2 2 2 2 2 2 2 2 2 2 2 2 2 2 2 2 2 2 2 2 2 2 2 2 2 2 2 2
left_child=1 5 -3 -4 -5 9 7 -2 -9 -1 12 -12 22 14 15 17 21 23 19 -19 -21 -17 26 -14 -25 -23 27 -7 -29 -28
right_child=6 2 3 4 -6 10 -8 8 -10 -11 11 -13 13 -15 -16 16 -18 18 -20 20 -22 25 -24 24 -26 -27 29 28 -30 -31
leaf_value=-2.2648188661663764 -16.311774014234544 -9.7373783338637594 27.583897599719819 -4.2605216789245608 17.631978435516356 -0.90405031977028694 -15.787691124280295 11.021111154556275 -4.6133156951268512 -14.478147579061574 0.43832170182320485 12.856788110733033 -1.4781167273148812 7.6205735100640197 -11.492664819775207 11.129641334472165 16.153865246772767 -1.5562748986621235 3.0354619417435087 -19.979454756892007 -5.896034492254258 -3.2284060800776766 -10.849010326244214 11.293452482873745 -3.6238035894704588 4.1486546907080228 0.14298355175409388 -1.7626721015343301 -20.865311490921748 9.5573422834986737
leaf_weight=62 20 21 21 20 20 1769 24 24 30 29 6735 24 1778 45 33 31 20 43 39 43 40 136 27 44 33 83 13767 26 21 42
leaf_count=62 20 21 21 20 20 1769 24 24 30 29 6735 24 1778 45 33 31 20 43 39 43 40 136 27 44 33 83 13767 26 21 42
internal_value=2.38259e-08 0.0232059 7.83178 13.8802 6.68573 -0.00254011 -5.9085 -2.70444 2.33532 -6.15698 0.0200618 0.482417 -0.15336 -1.16437 -1.33454 -1.18816 2.1236 -1.63082 -6.32421 -9.22125 -13.1923 1.00118 -0.00040419 -1.21335 4.90034 -0.432534 0.0183422 -1.14717 -10.2979 0.171617
internal_weight=25050 24952 82 61 40 24870 98 74 54 91 24779 6759 18020 2368 2323 2290 270 2020 165 126 83 250 15652 1855 77 219 15625 1816 47 13809
internal_count=25050 24952 82 61 40 24870 98 74 54 91 24779 6759 18020 2368 2323 2290 270 2020 165 126 83 250 15652 1855 77 219 15625 1816 47 13809
is_linear=0
shrinkage=0.05


Tree=2
num_leaves=31
num_cat=0
split_feature=15 191 261 282 162 254 275 205 49 40 288 22 269 4 155 240 164 240 120 199 253 5 274 275 267 124 12 19 227 95
split_gain=1.2555e+06 3.80382e+06 2.26882e+06 1.39858e+06 1.86717e+06 923733 1.44558e+06 2.24734e+06 1.13199e+06 2.03129e+06 1.35197e+06 1.35151e+06 2.47477e+06 1.18522e+06 1.94763e+06 1.05081e+06 2.20296e+06 850637 1.29567e+06 1.1786e+06 951603 1.08294e+06 954322 1.30462e+06 918390 989510 840599 815209 796254 848101
threshold=5298.7500000000009 1408.7500000000002 1078.2500000000002 -1092.2499999999998 1205.7500000000002 727.25000000000011 -294.24999999999994 860.75000000000011 3486.0000000000005 403.54847717285162 417.75000000000006 3858.0000000000005 170.25000000000003 5106.8376464843759 1235.7500000000002 1986.0000000000002 2885.5000000000005 -856.74999999999989 1675.2500000000002 -64.749999999999986 114.75000000000001 429.29431152343756 -439.74999999999994 -862.24999999999989 790.25000000000011 1045.2505493164065 530.86532592773449 636.49594116210949 -2029.4999999999998 -2522.8049316406245
decision_type=2 2 2 2 2 2 2 2 2 2 2 2 2 2 2 2 2 2 2 2 2 2 2 2 2 2 2 2 2 2
left_child=3 -2 -3 4 -1 8 7 -7 11 -10 -11 13 -13 17 -15 16 -8 18 24 -20 21 -19 -22 -24 25 28 -17 -23 -5 -30
right_child=1 2 -4 5 -6 6 15 -9 9 10 -12 12 -14 14 -16 26 -18 20 19 -21 22 27 23 -25 -26 -27 -28 -29 29 -31
leaf_value=-2.4145372277160861 22.477418479919436 -8.238578785382785 10.050917050043743 4.8562504871074976 -17.376337627569836 -19.676489540382669 -0.91593146160195671 -0.35467803506728485 17.324204388031593 -3.3830214079943577 9.4183450756650995 -21.606665430068972 2.9689915339152022 13.539685383785603 0.42868953971977697 0.80001680919102258 -14.067467826785464 0.33519360135792081 -17.498685464121049 -3.1016058249907061 9.4152230657063996 2.5680039835429711 -8.9709250672942122 -0.14239052713962194 9.5642198064110513 -11.773390660285949 13.272604907642711 -1.6199221998229065 -2.8173294318839908 -0.35719513414396586
leaf_weight=159 25 39 30 65 24 27 907 34 26 55 33 20 21 43 83 35 33 8154 21 44 26 920 42 11352 22 20 22 133 416 2219
leaf_count=159 25 39 30 65 24 27 907 34 26 55 33 20 21 43 83 35 33 8154 21 44 26 920 42 11352 22 20 22 133 416 2219
internal_value=-2.00168e-08 5.76764 -0.286624 -0.0217246 -4.37674 0.0104462 -1.43507 -8.90696 0.0749352 5.04534 1.41749 0.0509266 -9.01913 0.0667107 4.90308 -0.977912 -1.37763 0.0407065 -0.775906 -7.75297 0.151834 0.530062 -0.1531 -0.174934 -0.610512 -0.692808 5.614 2.03904 -0.610729 -0.745588
internal_weight=25050 94 69 24956 183 24773 1058 61 23715 114 88 23601 41 23560 126 997 940 23434 2807 65 20627 9207 11420 11394 2742 2720 57 1053 2700 2635
internal_count=25050 94 69 24956 183 24773 1058 61 23715 114 88 23601 41 23560 126 997 940 23434 2807 65 20627 9207 11420 11394 2742 2720 57 1053 2700 2635
is_linear=0
shrinkage=0.05


Tree=3
num_leaves=31
num_cat=0
split_feature=40 11 82 191 36 155 115 276 120 265 166 257 247 64 243 2 220 16 261 3 75 118 260 3 268 4 218 285 180 138
split_gain=1.21659e+06 1.74025e+06 3.13087e+06 1.79515e+06 1.21642e+06 1.61746e+06 1.38823e+06 1.18097e+06 1.06963e+06 852796 713019 1.22748e+06 2.71441e+06 1.53408e+06 2.08325e+06 2.44169e+06 1.47333e+06 1.42116e+06 996590 1.60711e+06 2.32314e+06 1.07977e+06 1.37606e+06 1.006e+06 935449 1.05266e+06 1.33488e+06 1.23734e+06 789450 973893
threshold=1045.2505493164065 6270.4875488281259 480.18733215332037 1262.7500000000002 1721.2500000000002 810.25000000000011 -1286.4999999999998 -1079.4999999999998 790.25000000000011 -1634.2774658203123 1045.2505493164065 879.99746704101574 -499.24999999999994 4073.7500000000005 570.11660766601574 4029.0000000000005 1369.5000000000002 3948.2500000000005 727.00000000000011 2585.7500000000005 518.72827148437511 2220.695434570313 1999.0000000000002 2847.0000000000005 575.25000000000011 -523.32501220703114 1085.2500000000002 447.01040649414068 611.19790649414074 393.05549621582037
decision_type=2 2 2 2 2 2 2 2 2 2 2 2 2 2 2 2 2 2 2 2 2 2 2 2 2 2 2 2 2 2
left_child=1 7 -3 -4 5 6 -2 8 9 -1 11 13 -13 17 -15 -16 -17 18 -9 21 23 22 24 -21 25 26 -20 -27 29 -26
right_child=4 2 3 -5 -6 -7 -8 10 -10 -11 -12 12 -14 14 15 16 -18 -19 19 20 -22 -23 -24 -25 28 27 -28 -29 -30 -31
leaf_value=-10.726888071972391 0.7178643269972369 -5.5689899810155232 26.465806398391727 7.3702843315899376 -14.367861999784196 7.554662398055747 -17.254892385573616 0.066890761205341889 -15.901328907012939 0.98258141328891124 7.3634441028941771 -21.190401676722939 4.5476250171661379 19.804190566323022 -9.7584236524723202 0.31791120290756231 17.48373122024536 -10.877621246973675 -2.8141488631566367 -13.097579324813118 -21.554950096296228 7.3286953700216193 11.189468862896874 -0.46102769258653836 1.2336530711248663 0.45865698357423146 -19.49047152598699 -10.410949693785774 8.9937685739426385 -4.0938135012477437
leaf_weight=23 22 30 20 32 28 27 21 23856 20 48 33 21 20 22 27 25 25 30 24 21 23 38 21 63 206 96 24 36 21 147
leaf_count=23 22 30 20 32 28 27 21 23856 20 48 33 21 20 22 27 25 25 30 24 21 23 38 21 63 206 96 24 36 21 147
internal_value=-2.41371e-09 0.0218373 7.29385 14.7147 -5.56004 -2.03691 -8.05953 -0.00213959 -5.6877 -2.81063 0.0187404 0.00894592 -8.63527 0.0232917 6.23491 2.35797 8.90082 -0.00170016 0.0115761 -1.82118 -7.47531 -0.834247 -1.37371 -3.62017 -1.84993 -4.81152 -11.1523 -2.50578 -0.424569 -0.984867
internal_weight=25050 24952 82 52 98 70 43 24870 91 71 24779 24746 41 24705 99 77 50 24606 24576 720 107 613 575 84 554 180 48 132 374 353
internal_count=25050 24952 82 52 98 70 43 24870 91 71 24779 24746 41 24705 99 77 50 24606 24576 720 107 613 575 84 554 180 48 132 374 353
is_linear=0
shrinkage=0.05


Tree=4
num_leaves=31
num_cat=0
split_feature=225 177 22 142 282 252 213 277 10 61 267 70 276 238 202 261 267 236 173 281 277 269 259 236 255 56 241 51 274 209
split_gain=1.12889e+06 2.77537e+06 2.60763e+06 1.33412e+06 1.21683e+06 1.07615e+06 1.94934e+06 2.55012e+06 2.18192e+06 1.429e+06 1.44374e+06 1.39137e+06 1.4417e+06 1.47759e+06 1.06348e+06 1.01529e+06 1.84512e+06 1.83016e+06 1.19264e+06 1.19372e+06 1.22969e+06 1.1889e+06 1.00221e+06 962159 3.08025e+06 1.56515e+06 2.22318e+06 1.67049e+06 1.33364e+06 1.04776e+06
threshold=2856.5000000000005 3105.2500000000005 3858.0000000000005 2870.2500000000005 92.750000000000014 -913.24999999999989 427.75000000000006 2492.8999023437505 2282.7500000000005 653.59622192382824 -598.49999999999989 3763.2500000000005 602.75000000000011 832.25000000000011 -1115.9910888671873 291.25000000000006 861.00000000000011 512.03503417968761 674.41351318359386 283.25000000000006 2713.454956054688 1031.2500000000002 380.25000000000006 696.40509033203136 -503.74999999999994 600.75000000000011 -174.74999999999997 1139.7500000000002 426.75000000000006 -259.99395751953119
decision_type=2 2 2 2 2 2 2 2 2 2 2 2 2 2 2 2 2 2 2 2 2 2 2 2 2 2 2 2 2 2
left_child=1 5 3 -2 -4 6 7 8 9 -1 -11 15 13 -13 -12 16 23 -18 19 20 -17 -20 -19 -7 29 26 -26 -27 -29 -25
right_child=2 -3 4 -5 -6 11 -8 -9 -10 10 14 12 -14 -15 -16 18 17 22 21 -21 -22 -23 -24 24 25 27 -28 28 -30 -31
leaf_value=-0.78521510449613996 6.6371868133544929 -13.522354883426116 6.2555384202436972 -10.457748552322387 23.082209078470868 0.17327654703646247 -13.500410504774615 12.969015016863423 -17.939610557556154 -19.296375397273476 5.0461196613311774 2.7765402071616232 -3.4181534813983099 17.62865723696622 -11.25937957763672 -1.7736566861203582 0.32991675428654021 15.239578315323474 -8.9235206187525886 0.020441637152856181 -12.409977370074818 4.7233149814605708 2.2612160773504351 15.872353756946067 -12.115589849410519 -23.569998831976029 4.9269351048469545 -13.038798315657511 2.5869214361364192 0.22447400093078615
leaf_weight=949 21 38 22 25 21 20037 33 31 20 21 20 34 28 33 20 921 76 51 79 2298 28 20 21 23 31 21 50 36 22 20
leaf_count=949 21 38 22 25 21 20037 33 31 20 21 20 34 28 33 20 921 76 51 79 2298 28 20 21 23 31 21 50 36 22 20
internal_value=-1.55847e-08 -0.0200427 5.62118 -2.65354 14.4732 0.000544222 -1.53284 -1.16061 -1.58587 -1.26204 -8.68015 0.0709425 6.10989 10.0918 -3.10663 0.0467704 0.179252 5.74174 -0.76047 -0.59564 -2.08748 -6.16658 11.4542 0.138577 -3.28639 -6.47932 -1.59551 -11.4868 -7.1118 8.59427
internal_weight=25050 24961 89 46 43 24923 1094 1061 1030 1010 61 23829 95 67 40 23734 20388 148 3346 3247 949 99 72 20240 203 160 81 79 58 43
internal_count=25050 24961 89 46 43 24923 1094 1061 1030 1010 61 23829 95 67 40 23734 20388 148 3346 3247 949 99 72 20240 203 160 81 79 58 43
is_linear=0
shrinkage=0.05


Tree=5
num_leaves=31
num_cat=0
split_feature=40 11 96 191 269 282 281 227 247 216 261 73 7 277 142 65 222 1 128 264 185 134 206 247 289 267 264 255 276 69
split_gain=1.0955e+06 1.53195e+06 2.90179e+06 1.84164e+06 1.63359e+06 1.14645e+06 2.27136e+06 1.24735e+06 1.0112e+06 2.45877e+06 975502 801339 897733 730150 1.10275e+06 944313 978278 882317 1.08491e+06 772203 1.39925e+06 1.26974e+06 1.00719e+06 765349 1.44143e+06 1.10247e+06 1.29892e+06 1.24169e+06 904606 1.10027e+06
threshold=1045.2505493164065 6270.4875488281259 476.75883483886724 1219.2500000000002 537.75000000000011 -320.24999999999994 271.75000000000006 1000.5000000000001 -2053.7499999999995 -438.48403930664057 -1856.7499999999998 4637.5000000000009 5115.0000000000009 -1757.4349975585935 116.25000000000001 -159.74999999999997 588.47909545898449 -2626.9999999999995 -1335.2499999999998 505.92158508300787 -2012.2499999999998 -2002.2499999999998 -206.24999999999997 283.75000000000006 -27.249999999999996 826.25000000000011 480.18733215332037 666.25000000000011 -80.749999999999986 3952.567749023438
decision_type=2 2 2 2 2 2 2 2 2 2 2 2 2 2 2 2 2 2 2 2 2 2 2 2 2 2 2 2 2 2
left_child=1 8 -3 -4 -5 6 -2 -7 9 10 -1 12 13 14 15 16 19 18 -15 20 21 -10 -21 25 28 -19 -27 -28 -25 -30
right_child=5 2 3 4 -6 7 -8 -9 11 -11 -12 -13 -14 17 -16 -17 -18 23 -20 22 -22 -23 -24 24 -26 26 27 -29 29 -31
leaf_value=5.4250135161659934 -8.6786581754684455 -9.1870200026602973 24.352642101333256 -4.0368838873505597 16.171933927536013 -17.607657411162343 13.074507327079772 -1.2586511564254761 -3.3675476253032688 -20.732714366912845 -6.1241612666990699 7.1793589665339539 -10.089189581437545 1.6782547441183351 -10.317404307088545 9.7354545229957221 -8.7600321549635662 0.17161197047394228 15.181483922685898 4.5554935220718384 -0.77346663488847456 -18.425400406973704 -5.9360234260559084 -2.7445280904855838 1.9250106480510778 -0.053311479983166758 10.211671528956863 -2.3997698068618774 -0.62495893908901512 9.3278272594724392
leaf_weight=33 30 21 21 20 20 28 20 20 42 20 41 39 22 51 31 21 39 18211 21 125 1435 21 28 541 533 117 89 25 3357 28
leaf_count=33 30 21 21 20 20 28 20 20 42 20 41 39 22 51 31 21 39 18211 21 125 1435 21 28 541 533 117 89 25 3357 28
internal_value=-6.93499e-10 0.0207221 6.84365 12.3624 6.06753 -5.27609 0.022608 -10.7956 -0.00177411 -5.17787 -0.973854 0.017864 0.00657325 0.01556 -0.971357 -0.802024 -0.932963 0.090396 5.6167 -0.748072 -1.09365 -8.38683 2.63548 0.0730215 -0.514817 0.215152 3.64765 7.446 -0.846051 -0.542632
internal_weight=25050 24952 82 61 40 98 50 48 24870 94 74 24776 24737 24715 1742 1711 1690 22973 72 1651 1498 63 153 22901 4459 18442 231 114 3926 3385
internal_count=25050 24952 82 61 40 98 50 48 24870 94 74 24776 24737 24715 1742 1711 1690 22973 72 1651 1498 63 153 22901 4459 18442 231 114 3926 3385
is_linear=0
shrinkage=0.05


Tree=6
num_leaves=31
num_cat=0
split_feature=40 11 68 170 36 245 282 252 71 71 257 250 64 208 70 187 10 243 50 247 289 267 289 229 255 264 69 164 283 281
split_gain=988691 1.38258e+06 2.75298e+06 2.18681e+06 1.16178e+06 1.45265e+06 1.18883e+06 961133 2.79871e+06 1.58778e+06 1.30317e+06 1.10072e+06 1.04276e+06 941384 774691 1.45968e+06 882854 768560 722403 719357 1.36061e+06 1.154e+06 1.06334e+06 1.51001e+06 1.04407e+06 1.15299e+06 846893 970001 1.65351e+06 808157
threshold=1045.2505493164065 6270.4875488281259 469.80149841308599 2598.7500000000005 1721.2500000000002 -422.24999999999994 -320.24999999999994 -913.24999999999989 3116.7500000000005 2073.2500000000005 570.11660766601574 530.86532592773449 1116.2500000000002 560.00579833984386 4661.2500000000009 570.11660766601574 5065.0000000000009 552.32839965820324 287.25000000000006 283.75000000000006 -27.249999999999996 861.00000000000011 -554.24999999999989 598.99819946289074 666.25000000000011 473.41499328613287 3952.567749023438 2885.5000000000005 293.50000000000006 165.25000000000003
decision_type=2 2 2 2 2 2 2 2 2 2 2 2 2 2 2 2 2 2 2 2 2 2 2 2 2 2 2 2 2 2
left_child=1 7 -3 -4 5 -2 -7 8 9 10 11 -1 13 -12 16 -16 19 -13 -15 21 22 -9 23 -21 25 -23 27 29 -29 -24
right_child=4 2 3 -5 -6 6 -8 14 -10 -11 12 17 -14 18 15 -17 -18 -19 -20 20 -22 24 26 -25 -26 -27 -28 28 -30 -31
leaf_value=-1.1409580232982846 -11.541032608350118 -8.1717965302260023 4.2503956290653777 23.846149571736657 -13.620011241095407 11.671564234857975 -4.4045678346053414 0.15563261806743925 -17.999343744993208 10.674845102855137 -11.360344932925317 12.360754642119774 -15.062784866333008 -3.8821062229462528 -2.5346815860271459 16.568189334869384 -10.194797378494627 0.86622640653090055 6.3881100794543393 -2.3411477722227576 1.8600722101273768 0.89059132148977371 -1.8887682409191606 -17.278245110097142 -2.5299526544327433 9.7106706214222047 8.1235430434898088 -0.38119074606126357 -18.821290736198428 -0.23762202447532427
leaf_weight=814 24 23 35 24 28 23 23 19010 25 28 31 26 25 67 20 20 21 33 23 64 536 64 1005 23 47 88 27 31 20 2822
leaf_count=814 24 23 35 24 28 23 23 19010 25 28 31 26 25 67 20 20 21 33 23 64 536 64 1005 23 47 88 27 31 20 2822
internal_value=1.59306e-09 0.019686 6.50146 12.2215 -5.01229 -1.5692 3.6335 -0.0016854 -1.46621 -1.07144 -1.3942 -0.662972 -5.76654 -3.84583 0.0642853 7.01675 0.0525798 5.93161 -1.2575 0.0616456 -0.505283 0.195284 -0.822876 -6.29004 3.98306 5.99695 -0.701073 -0.762513 -7.6126 -0.671226
internal_weight=25050 24952 82 59 98 70 46 24870 1072 1047 1019 873 146 121 23798 40 23758 59 90 23737 4528 19209 3992 87 199 152 3905 3878 51 3827
internal_count=25050 24952 82 59 98 70 46 24870 1072 1047 1019 873 146 121 23798 40 23758 59 90 23737 4528 19209 3992 87 199 152 3905 3878 51 3827
is_linear=0
shrinkage=0.05


Tree=7
num_leaves=31
num_cat=0
split_feature=225 177 34 282 252 213 277 250 245 202 70 107 190 159 261 3 54 93 3 260 289 197 255 36 32 226 142 46 245 288
split_gain=994428 2.52659e+06 2.24073e+06 1.83017e+06 849619 1.64556e+06 2.25186e+06 1.84888e+06 1.6434e+06 1.19522e+06 1.13047e+06 1.35028e+06 2.10517e+06 1.44538e+06 924469 1.60245e+06 2.49189e+06 1.30847e+06 1.08306e+06 1.05962e+06 1.00581e+06 920039 897066 845070 818598 859939 666389 665284 636325 636112
threshold=2856.5000000000005 3105.2500000000005 3514.3359375000005 92.750000000000014 -913.24999999999989 427.75000000000006 2492.8999023437505 653.59622192382824 -1561.7499999999998 -775.21130371093739 3763.2500000000005 3235.7500000000005 1664.7500000000002 505.92158508300787 727.00000000000011 2585.7500000000005 505.92158508300787 2059.2500000000005 2847.0000000000005 1999.0000000000002 -47.249999999999993 2782.0000000000005 -317.24999999999994 -3454.2499999999995 -398.68501281738276 1153.5000000000002 2870.2500000000005 1250.3875122070315 922.75000000000011 25.250000000000004
decision_type=2 2 2 2 2 2 2 2 2 2 2 2 2 2 2 2 2 2 2 2 2 2 2 2 2 2 2 2 2 2
left_child=1 4 26 -4 5 6 7 22 -9 -10 14 12 -12 -13 21 17 18 19 -17 20 24 -6 23 -1 25 -16 -2 -26 -29 -25
right_child=2 -3 3 -5 10 -7 -8 8 9 -11 11 13 -14 -15 15 16 -18 -19 -20 -21 -22 -23 -24 29 27 -27 -28 28 -30 -31
leaf_value=6.7189423121904071 3.4887508964538578 -12.901756152981207 2.2577248746698557 22.031210235595704 0.083129128395939916 -12.357247365875679 12.257990203365203 -18.501901935253823 2.9783716328938805 -12.574415883563814 1.9406551877657574 -7.0724930389722189 23.905051125288011 10.03062098593939 -4.0007125804003554 -13.261688575744628 -22.057609889818277 7.8473775264693479 0.29314060211181642 9.9027415299415598 2.1676235282324194 7.6727585190534597 -11.286057696342468 -4.5901482450151905 0.64186675227895573 -13.847230447928112 -9.1217489394274622 0.91932768718056068 -6.1227290717217162 -0.4125154541701645
leaf_weight=38 20 38 22 25 22986 33 31 28 30 21 24 30 20 21 85 20 23 41 56 20 123 40 20 103 158 30 22 46 106 790
leaf_count=38 20 38 22 25 22986 33 31 28 30 21 24 30 20 21 85 20 23 41 56 20 123 40 20 103 158 30 22 46 106 790
internal_value=2.78471e-08 -0.0188112 5.27581 12.7755 0.000831388 -1.36164 -1.01964 -1.41926 -8.76918 -3.42572 0.0633829 5.50679 11.9245 -0.0300343 0.0415946 -1.73801 -7.63781 -0.778929 -3.27392 -1.4016 -1.81417 0.0963136 -0.8087 -0.583623 -2.96655 -6.56937 -3.11675 -1.63002 -3.99158 -0.89437
internal_weight=25050 24961 89 47 24923 1094 1061 1030 79 51 23829 95 44 51 23734 708 99 609 76 568 548 23026 951 931 425 115 42 310 152 893
internal_count=25050 24961 89 47 24923 1094 1061 1030 79 51 23829 95 44 51 23734 708 99 609 76 568 548 23026 951 931 425 115 42 310 152 893
is_linear=0
shrinkage=0.05


Tree=8
num_leaves=31
num_cat=0
split_feature=225 197 271 281 72 191 8 166 236 255 267 273 158 39 27 226 72 281 183 171 261 164 232 220 280 276 234 87 57 261
split_gain=897471 2.32746e+06 2.07607e+06 1.06767e+06 1.01985e+06 1.91219e+06 1.174e+06 978721 812161 1.64313e+06 2.32379e+06 2.04635e+06 1.18458e+06 1.15597e+06 1.3565e+06 1.35381e+06 1.52958e+06 1.48621e+06 1.07783e+06 2.17017e+06 1.2547e+06 1.17409e+06 990868 962755 1.13388e+06 1.42029e+06 867514 800998 1.75995e+06 767805
threshold=2856.5000000000005 3300.7500000000005 636.49594116210949 820.25000000000011 4356.7500000000009 1831.0000000000002 5363.7500000000009 467.49603271484381 611.19790649414074 702.75000000000011 843.75000000000011 1033.7500000000002 3151.109985351563 76.777500152587905 -829.97540283203114 -504.74999999999994 -1040.7499999999998 205.25000000000003 1672.7500000000002 1732.2500000000002 -565.74999999999989 1467.2500000000002 2301.2500000000005 1484.2500000000002 553.75000000000011 147.25000000000003 -648.24999999999989 3618.7500000000005 3670.7500000000005 727.00000000000011
decision_type=2 2 2 2 2 2 2 2 2 2 2 2 2 2 2 2 2 2 2 2 2 2 2 2 2 2 2 2 2 2
left_child=1 4 7 -4 6 -6 8 -2 22 10 13 23 -12 15 -15 16 17 -10 21 -20 -21 -16 27 24 25 -11 -18 28 29 -1
right_child=2 -3 3 -5 5 -7 -8 -9 9 11 12 -13 -14 14 18 -17 26 -19 19 20 -22 -23 -24 -25 -26 -27 -28 -29 -30 -31
leaf_value=0.073961743494875221 5.0003720326857142 -13.090884283886238 4.2027926063537597 19.844870885213219 18.417040661403114 -3.1853852009773256 -11.830102212088448 -9.7509357949961792 -7.5262949705123905 -8.5173730821320515 2.4762147145393567 4.6090825796127319 15.691698420842489 9.8733635533240545 -0.59392136959029151 0.96242533581597467 4.857377019135849 -24.408177453821356 -20.565284662246707 7.5043472383333301 -8.3876591806058531 11.051500432387643 6.7546917499195445 -1.1921417417270799 -3.6337460674088575 -23.684338839506282 -9.3811039638519294 -9.7249608448573532 11.248272732325963 -1.720175210610519
leaf_weight=23276 22 34 20 24 21 20 21 23 32 33 39 34 30 31 367 56 23 22 20 23 27 23 55 28 29 29 20 21 35 612
leaf_count=23276 22 34 20 24 21 20 21 23 32 33 39 34 30 31 367 56 23 22 20 23 27 23 55 28 29 29 20 21 35 612
internal_value=2.6809e-08 -0.0178706 5.01202 12.7348 -3.92617e-05 7.87927 -0.0130205 -2.53919 -0.00304028 -1.50734 -0.49844 -6.20895 8.22208 -1.43278 -0.250271 -5.22763 -8.80128 -14.4041 -0.932516 -6.64532 -1.07734 0.0928599 0.0512421 -9.29981 -11.7945 -15.6116 -1.76517 0.0358441 0.0444123 0.0279967
internal_weight=25050 24961 89 44 24927 41 24886 45 24865 866 713 153 69 644 491 153 97 54 460 70 50 390 23999 119 91 62 43 23944 23923 23888
internal_count=25050 24961 89 44 24927 41 24886 45 24865 866 713 153 69 644 491 153 97 54 460 70 50 390 23999 119 91 62 43 23944 23923 23888
is_linear=0
shrinkage=0.05


Tree=9
num_leaves=31
num_cat=0
split_feature=40 166 108 23 0 201 135 105 145 187 73 241 205 168 94 36 85 173 289 234 171 261 267 264 276 227 226 184 108 197
split_gain=893938 1.22478e+06 2.9555e+06 1.1075e+06 1.72e+06 971466 1.46348e+06 2.36739e+06 2.02526e+06 2.16584e+06 910135 1.9645e+06 1.79492e+06 1.04101e+06 1.18132e+06 741289 737244 661724 660877 691928 1.50683e+06 674432 1.17198e+06 1.19496e+06 944176 770688 897954 766950 1.39861e+06 842481
threshold=1045.2505493164065 1045.2505493164065 194.25000000000003 695.25000000000011 -303.49999999999994 1045.2505493164065 3672.0000000000005 4473.7500000000009 476.75883483886724 598.99819946289074 3703.7500000000005 645.25000000000011 1173.2500000000002 2895.0000000000005 2421.2500000000005 -925.24999999999989 -3141.2499999999995 467.49603271484381 -7.2499999999999991 -1897.7499999999998 -1419.2499999999998 291.25000000000006 790.25000000000011 500.19013977050787 116.25000000000001 -252.24999999999997 -1.0000000180025095e-35 -231.24999999999997 -1201.7499999999998 -649.74999999999989
decision_type=2 2 2 2 2 2 2 2 2 2 2 2 2 2 2 2 2 2 2 2 2 2 2 2 2 2 2 2 2 2
left_child=1 5 -3 4 15 6 7 10 -8 -10 13 -12 -13 16 -15 -2 17 -1 19 20 -18 22 -21 -24 -23 -25 -27 29 -29 -26
right_child=3 2 -4 -5 -6 -7 8 -9 9 -11 11 12 -14 14 -16 -17 18 -19 -20 21 -22 24 23 25 27 26 -28 28 -30 -31
leaf_value=2.1540336326316551 -0.65790604352951054 -2.9439593112027205 22.066091433025544 -12.768499094645183 10.263072785464201 -11.011911382675173 18.589590534210206 -17.2046755027771 -9.7497207164764408 10.719441495622908 -6.505337711175283 22.572807111740115 3.6957364965887631 -16.552046347856521 -1.4694924613108507 -13.364402510903099 0.28462103750647566 -7.1376874988729302 1.753237020422715 0.062262755789342553 -16.185472797212146 -2.2256551101774216 0.51617399532686581 14.693163511829992 7.4270339083671573 -1.1843315880874108 11.746452975273133 12.979969533284507 0.011857336418186143 -3.1772028917781379
leaf_weight=27 24 27 21 30 22 20 25 20 24 28 24 20 34 20 37 22 41 66 538 20579 21 756 110 31 20 29 25 21 2093 295
leaf_count=27 24 27 21 30 22 20 25 20 24 28 24 20 34 20 37 22 41 66 538 20579 21 756 110 31 20 29 25 21 2093 295
internal_value=5.8415e-09 0.0187189 7.99794 -4.76606 -1.23557 0.00333975 0.012193 -0.00916997 6.89469 1.27214 0.00470464 5.39722 10.6872 -0.0123181 -6.76162 -6.73493 0.00328748 -4.44009 0.0201137 -0.0187032 -5.29396 -0.00505215 0.0988201 3.95684 -0.682553 8.40946 4.80214 -0.20228 0.14068 -2.50392
internal_weight=25050 24952 48 98 68 24904 24884 24807 77 52 24787 78 54 24709 57 46 24652 93 24559 24021 62 23959 20774 195 3185 85 54 2429 2114 315
internal_count=25050 24952 48 98 68 24904 24884 24807 77 52 24787 78 54 24709 57 46 24652 93 24559 24021 62 23959 20774 195 3185 85 54 2429 2114 315
is_linear=0
shrinkage=0.05


Tree=10
num_leaves=31
num_cat=0
split_feature=40 18 82 170 283 247 51 276 120 227 234 141 110 45 283 23 179 292 178 265 100 221 179 30 262 133 288 190 117 150
split_gain=806779 1.14019e+06 2.38482e+06 1.16549e+06 1.04581e+06 1.58516e+06 1.00463e+06 846309 783182 713319 1.48666e+06 1.01662e+06 1.09725e+06 1.54006e+06 970547 863955 1.12159e+06 822345 710833 710460 705383 632945 1.01521e+06 603826 659974 594724 661885 850773 583636 1.66544e+06
threshold=1045.2505493164065 6259.3676757812509 480.18733215332037 2598.7500000000005 430.75000000000006 -931.24999999999989 -1362.2499999999998 -1079.4999999999998 790.25000000000011 -2029.4999999999998 -1897.7499999999998 -2105.4999999999995 480.18733215332037 -3202.7499999999995 -26.749999999999996 -3123.9999999999995 -1156.1300048828123 491.92401123046881 -1938.9999999999998 -1634.2774658203123 -3141.4999999999995 -1980.1549682617185 -2152.6025390624995 -3059.2499999999995 -819.74999999999989 -2266.2499999999995 593.25000000000011 -1515.2499999999998 775.33657836914074 2064.5000000000005
decision_type=2 2 2 2 2 2 2 2 2 2 2 2 2 2 2 2 2 2 2 2 2 2 2 2 2 2 2 2 2 2
left_child=1 7 -3 -4 5 -2 -7 8 19 14 -11 12 17 -14 18 16 23 -12 -9 -1 -19 25 -23 24 -13 -17 27 -27 -24 -30
right_child=4 2 3 -5 -6 6 -8 9 -10 10 11 15 13 -15 -16 21 -18 20 -20 -21 -22 22 28 -25 -26 26 -28 -29 29 -31
leaf_value=-9.5781416934469483 -13.610889534950259 -5.2457773494720463 5.9369761302553377 21.198571377044374 -13.597476347287497 11.759393131732942 -2.3632616267484781 6.3451236724853519 -13.554195976257326 -11.513733207327981 -3.1037391799337724 8.5299157229336835 -17.834997551257796 -3.4365451732048622 13.399656065650611 5.4729987102396356 12.677578287654454 -0.61515287711070143 -4.8653423529404867 1.109564869105816 11.705539600905919 8.2437483862826699 0.082713246749633484 7.4093228022257493 -0.78578338628368716 -8.1598987695647462 -9.8249197483062751 -0.83636157836672698 -6.478514137166612 8.0417178382873526
leaf_weight=23 20 30 29 22 24 20 34 31 20 28 102 22 26 65 23 34 27 26 26 48 21 38 22740 39 140 41 22 1210 94 25
leaf_count=23 20 30 29 22 24 20 34 31 20 28 102 22 26 65 23 34 27 26 26 48 21 38 22740 39 140 41 22 1210 94 25
internal_value=-1.4316e-08 0.0177829 5.94034 12.5204 -4.52776 -1.58623 2.86735 -0.00150568 -4.81453 0.0161693 0.000902121 0.01397 -3.22435 -7.55039 4.7299 0.0457806 3.10924 -0.582275 1.23158 -2.35265 4.88984 0.016923 0.0780113 1.82394 0.479312 -1.05327 -1.22757 -1.07638 0.0644368 -3.42805
internal_weight=25050 24952 81 51 98 74 54 24871 91 24780 24700 24672 240 91 80 24432 228 149 57 71 47 24204 22897 201 162 1307 1273 1251 22859 119
internal_count=25050 24952 81 51 98 74 54 24871 91 24780 24700 24672 240 91 80 24432 228 149 57 71 47 24204 22897 201 162 1307 1273 1251 22859 119
is_linear=0
shrinkage=0.05


Tree=11
num_leaves=31
num_cat=0
split_feature=225 177 22 142 282 282 65 288 283 225 261 3 54 93 3 260 267 257 289 236 259 41 55 267 283 285 128 234 259 281
split_gain=780662 2.12116e+06 1.9329e+06 1.06049e+06 944363 758436 1.0488e+06 2.45116e+06 1.66295e+06 1.03091e+06 676323 1.35525e+06 2.45766e+06 1.15107e+06 1.05473e+06 925126 881423 963010 869947 803680 1.94851e+06 1.24673e+06 1.58653e+06 1.45821e+06 1.22694e+06 1.19743e+06 1.05675e+06 982094 1.86653e+06 1.54132e+06
threshold=2856.5000000000005 3105.2500000000005 3858.0000000000005 2870.2500000000005 92.750000000000014 -1092.2499999999998 3558.5000000000005 630.25000000000011 102.75000000000001 876.75000000000011 727.00000000000011 2585.7500000000005 505.92158508300787 2059.2500000000005 2847.0000000000005 1999.0000000000002 1003.2500000000001 439.06622314453131 -47.249999999999993 611.19790649414074 730.25000000000011 -1698.2520751953123 -1303.8634643554685 843.75000000000011 -605.49999999999989 505.92158508300787 444.25000000000006 -1249.2499999999998 -107.24999999999999 55.250000000000007
decision_type=2 2 2 2 2 2 2 2 2 2 2 2 2 2 2 2 2 2 2 2 2 2 2 2 2 2 2 2 2 2
left_child=1 5 3 -2 -4 9 10 8 -8 -1 16 13 14 15 -13 18 19 -18 -12 25 21 -21 -23 24 -24 -7 -22 29 -29 -26
right_child=2 -3 4 -5 -6 6 7 -9 -10 -11 11 12 -14 -15 -16 -17 17 -19 -20 20 26 22 23 -25 27 -27 -28 28 -30 -31
leaf_value=-1.8417223028410441 5.8336374192010787 -11.820793839504844 5.0562858148054648 -9.4076998620033265 19.879849769955591 -0.0082236235181722302 3.9581943882836237 -5.9998083516955383 20.373418998718265 -13.569419802370527 -2.6656135079942924 -12.444714488983156 -20.840310366948447 7.4699249860717032 0.87083993944628491 9.3568258464336402 -0.45514432130188781 5.6569855196311565 2.1104988682560806 -6.7216149032115942 -4.9397353156920403 12.267815238952636 10.54944483666193 10.463447393689838 -19.127927360534667 1.7625657579844785 -19.268306740847503 2.695373313554696 -4.1012034010502605 -1.9795467696691817
leaf_weight=174 21 38 22 25 21 21993 36 32 27 21 424 20 24 41 58 20 116 145 123 80 31 25 21 28 20 998 22 189 217 38
leaf_count=174 21 38 22 25 21 21993 36 32 27 21 424 20 24 41 58 20 116 145 123 80 31 25 21 28 20 998 22 189 217 38
internal_value=2.7855e-08 -0.0166671 4.67448 -2.4497 12.2957 0.00133057 0.0258241 5.2693 10.9933 -3.10471 0.00560207 -1.51518 -6.84856 -0.620436 -2.5434 -1.20545 0.0507367 2.94048 -1.59164 0.0188618 -1.68684 -0.897793 -0.0317968 -0.631193 -1.27171 0.0686433 -10.8874 -1.80672 -0.93728 -7.89278
internal_weight=25050 24961 89 46 43 24923 24728 95 63 195 24633 710 102 608 78 567 23923 261 547 23662 671 618 538 513 485 22991 53 464 406 58
internal_count=25050 24961 89 46 43 24923 24728 95 63 195 24633 710 102 608 78 567 23923 261 547 23662 671 618 538 513 485 22991 53 464 406 58
is_linear=0
shrinkage=0.05


Tree=12
num_leaves=31
num_cat=0
split_feature=222 224 271 184 198 40 227 135 166 180 168 94 126 49 219 239 10 4 141 111 229 274 289 40 159 100 280 275 288 227
split_gain=759964 2.71926e+06 1.91024e+06 1.85006e+06 1.61941e+06 1.17142e+06 1.6771e+06 991683 1.58422e+06 2.64124e+06 1.24231e+06 981406 1.18337e+06 754107 1.74681e+06 1.83215e+06 1.07231e+06 695287 1.3878e+06 1.10021e+06 1.1878e+06 892798 704136 674133 976512 632455 767801 726094 622075 786982
threshold=1045.2505493164065 660.25000000000011 1045.2505493164065 -2503.7499999999995 -951.24999999999989 1045.2505493164065 1245.5000000000002 3672.0000000000005 469.80149841308599 560.00579833984386 2895.0000000000005 2421.2500000000005 3331.5000000000005 3486.0000000000005 828.75000000000011 1448.5000000000002 4148.7500000000009 5106.8376464843759 1141.2500000000002 2988.054565429688 487.39910888671881 154.75000000000003 -176.24999999999997 530.86532592773449 523.98001098632824 -3570.2499999999995 -8.2499999999999982 -897.24999999999989 40.250000000000007 -1022.9999999999999
decision_type=2 2 2 2 2 2 2 2 2 2 2 2 2 2 2 2 2 2 2 2 2 2 2 2 2 2 2 2 2 2
left_child=2 3 5 -2 -5 7 -7 10 -9 -10 13 -12 -13 16 23 -16 17 19 -19 25 -21 -20 -23 24 -15 26 27 -1 29 -27
right_child=1 -3 -4 4 -6 6 -8 8 9 -11 11 12 -14 14 15 -17 -18 18 21 20 -22 22 -24 -25 -26 28 -28 -29 -30 -31
leaf_value=-7.5341867611958442 -12.69344619404186 18.254388207655687 -13.562948256272538 14.85743984498761 -3.270288958719799 -14.352827173290832 3.9962926387786868 16.725433214851048 -12.820866222381591 12.023574339825174 -15.670095355510711 2.6175607808889492 -10.719303302107186 -4.8894548291745394 22.186129624503 3.5050775991167344 -11.296844827561152 15.120305793935604 -7.6461860049854629 1.1170726019760657 -12.397870750684996 8.8069747602617419 -0.50406641907162142 -6.6123801410198215 9.1305455764134731 -3.5214395324435346 -11.892409535249074 3.6382743084069453 0.1250110620990775 -0.40132516968791815
leaf_weight=26 22 26 26 22 28 33 20 23 20 23 20 39 29 23 21 35 21 22 22 29 37 37 45 32 27 215 24 33 20702 3368
leaf_count=26 22 26 26 22 28 33 20 23 20 23 20 39 29 23 21 35 21 22 22 29 37 37 45 32 27 215 24 33 20702 3368
internal_value=-4.44196e-08 4.39443 -0.0172593 -0.610559 4.70591 -0.00313 -7.42863 0.0126924 6.13348 0.468021 -0.00359216 -5.93383 -3.07022 0.0175196 3.70332 10.5105 -0.00317283 0.00648381 3.71116 -0.0126203 -6.45949 1.29768 3.69726 -0.945474 2.68135 0.00484089 -4.35233 -1.28518 0.0197326 -0.588549
internal_weight=25050 98 24952 72 50 24926 53 24873 66 43 24807 88 68 24719 138 56 24581 24560 126 24434 66 104 82 82 50 24368 83 59 24285 3583
internal_count=25050 98 24952 72 50 24926 53 24873 66 43 24807 88 68 24719 138 56 24581 24560 126 24434 66 104 82 82 50 24368 83 59 24285 3583
is_linear=0
shrinkage=0.05


Tree=13
num_leaves=31
num_cat=0
split_feature=40 166 108 23 0 201 135 105 145 187 72 221 254 24 282 283 4 141 274 163 117 37 264 258 206 254 222 36 288 275
split_gain=695386 1.05712e+06 2.51696e+06 991178 1.47674e+06 850520 1.17712e+06 2.02573e+06 1.71721e+06 1.79223e+06 781611 1.40911e+06 1.3581e+06 911681 1.11138e+06 1.68678e+06 848332 1.48114e+06 879966 833487 799716 1.15672e+06 980262 807298 817502 726681 668422 640714 601771 739695
threshold=1045.2505493164065 1045.2505493164065 194.25000000000003 695.25000000000011 -303.49999999999994 1045.2505493164065 3672.0000000000005 4473.7500000000009 476.75883483886724 598.99819946289074 3508.7500000000005 2997.6425781250005 184.25000000000003 3620.2500000000005 -202.74999999999997 -137.74999999999997 5106.8376464843759 1141.2500000000002 154.75000000000003 862.75000000000011 775.33657836914074 1546.5000000000002 611.19790649414074 2083.674438476563 2382.5000000000005 -7.7499999999999991 455.76057434082037 -925.24999999999989 40.250000000000007 -578.74999999999989
decision_type=2 2 2 2 2 2 2 2 2 2 2 2 2 2 2 2 2 2 2 2 2 2 2 2 2 2 2 2 2 2
left_child=1 5 -3 4 27 6 7 10 -8 -10 13 -12 -13 16 15 -15 20 -18 -19 -16 23 22 -22 24 28 -20 -25 -2 29 -1
right_child=3 2 -4 -5 -6 -7 8 -9 9 -11 11 12 -14 14 19 -17 17 18 25 -21 21 -23 -24 26 -26 -27 -28 -29 -30 -31
leaf_value=-2.3721176403303783 -0.30954395929972334 -2.6680423701250997 20.412021290688287 -11.774110476175945 9.7909257151863809 -10.304555969238281 16.951847564697268 -15.914998555183411 -9.0205482165018722 9.599623137712479 -3.1888501912355425 1.5881337207296622 18.423526035308839 -2.2199121545862268 -5.6960808031486749 -21.37795969128609 16.169946248190744 -7.263876732912931 11.561994063854218 5.8191367363929754 -11.043240951299667 -15.322410066127777 2.0543137302398682 -1.3271887045640212 7.6527006258283343 1.2807843075079077 -13.485479097366335 -12.122650225595995 0.10926456602130308 -0.30258228702667433
leaf_weight=502 24 27 21 30 22 20 25 20 24 28 32 23 25 27 33 20 21 22 23 30 20 20 50 26 35 68 20 22 20704 3086
leaf_count=502 24 27 21 30 22 20 25 20 24 28 32 23 25 27 33 20 21 22 23 30 20 20 50 26 35 68 20 22 20704 3086
internal_value=3.14388e-09 0.0165097 7.42949 -4.20357 -0.863632 0.00222194 0.0105058 -0.00865346 6.18302 1.0057 0.00418097 4.9384 10.3566 -0.0117958 -4.55358 -10.3723 0.00851547 3.97599 1.70986 -0.212644 -0.013217 -4.71775 -1.68784 0.00415499 0.0166682 3.87933 -6.6134 -5.95929 0.00566613 -0.592133
internal_weight=25050 24952 48 98 68 24904 24884 24807 77 52 24787 80 48 24707 110 47 24597 134 113 63 24463 90 70 24373 24327 91 46 46 24292 3588
internal_count=25050 24952 48 98 68 24904 24884 24807 77 52 24787 80 48 24707 110 47 24597 134 113 63 24463 90 70 24373 24327 91 46 46 24292 3588
is_linear=0
shrinkage=0.05


Tree=14
num_leaves=31
num_cat=0
split_feature=225 197 271 281 72 191 8 166 240 0 23 254 232 289 117 288 135 246 262 260 156 143 264 275 284 178 75 43 19 6
split_gain=688581 1.8255e+06 1.71634e+06 832656 787968 1.49227e+06 971055 685591 639541 1.35903e+06 2.21137e+06 1.03643e+06 1.36969e+06 912199 1.44549e+06 977004 1.01039e+06 814202 1.19993e+06 1.06741e+06 753839 910498 945171 816906 1.00438e+06 750574 748949 748436 737256 768356
threshold=2856.5000000000005 3300.7500000000005 636.49594116210949 820.25000000000011 4356.7500000000009 1831.0000000000002 5363.7500000000009 467.49603271484381 -856.74999999999989 3847.0000000000005 2872.0000000000005 -557.74999999999989 1216.7500000000002 -92.249999999999986 1045.2505493164065 520.25000000000011 -2173.9999999999995 34.750000000000007 -179.74999999999997 286.75000000000006 622.25000000000011 1225.2500000000002 500.19013977050787 -158.24999999999997 1488.0349731445315 -1014.7499999999999 422.71945190429693 1.0000000180025095e-35 636.49594116210949 -1789.0212402343748
decision_type=2 2 2 2 2 2 2 2 2 2 2 2 2 2 2 2 2 2 2 2 2 2 2 2 2 2 2 2 2 2
left_child=1 4 7 -4 6 -6 8 -2 9 10 13 12 20 14 17 16 -15 19 -19 -1 26 22 -22 24 -23 -21 -10 -27 29 -28
right_child=2 -3 3 -5 5 -7 -8 -9 11 -11 -12 -13 -14 15 -16 -17 -18 18 -20 25 21 23 -24 -25 -26 27 28 -29 -30 -31
leaf_value=-0.9248345875560422 3.83455011736263 -11.593447378102471 3.8773593902587891 17.691009521484375 16.235121599833171 -2.8485376358032228 -10.758562941778274 -8.5116541323454484 0.69344833484015311 10.477485119854963 -15.598933235168458 -0.034179495407960468 11.655444135665896 -6.3211676363063898 -11.46573088385842 10.502243190341526 1.4643494604504406 12.094359557381992 -0.16590543594211341 -1.1151436411101243 -2.8525252134983359 2.7926006228835494 -14.842458933049983 9.1206394791603085 -8.498862438817179 -18.5193567943573 -0.1431284601871784 -4.8405757582187654 -2.1793783566308398 4.7819000228162274
leaf_weight=2218 22 34 20 24 21 20 21 23 1847 27 25 19312 30 46 33 27 443 29 64 29 65 54 22 24 31 20 104 20 63 332
leaf_count=2218 22 34 20 24 21 20 21 23 1847 27 25 19312 30 46 33 27 443 29 64 29 65 54 22 24 31 20 104 20 63 332
internal_value=-1.9635e-08 -0.0156534 4.39015 11.4121 0.000138534 6.92602 -0.0112719 -2.47573 -0.0021952 -0.689252 -0.791317 0.0913944 1.03427 -0.664929 -1.07297 1.2432 0.73197 -0.928867 3.65719 -1.11536 0.908925 -2.06999 -5.88446 0.974597 -1.32546 -7.23968 1.1578 -11.68 2.87656 3.60712
internal_weight=25050 24961 89 44 24927 41 24886 45 24865 2981 2954 21884 2572 2929 2413 516 489 2380 93 2287 2542 196 87 109 85 69 2346 40 499 436
internal_count=25050 24961 89 44 24927 41 24886 45 24865 2981 2954 21884 2572 2929 2413 516 489 2380 93 2287 2542 196 87 109 85 69 2346 40 499 436
is_linear=0
shrinkage=0.05


Tree=15
num_leaves=31
num_cat=0
split_feature=222 224 225 127 271 40 227 135 166 180 168 94 126 49 219 239 62 30 85 40 159 173 79 220 233 132 267 253 262 261
split_gain=688399 2.35302e+06 1.72132e+06 1.8302e+06 1.69694e+06 974276 1.49232e+06 796681 1.27288e+06 2.18655e+06 1.05595e+06 887904 983965 661138 1.51459e+06 1.59127e+06 905880 851393 570084 567551 894089 564624 541818 1.13205e+06 641280 1.33288e+06 1.33868e+06 870353 967199 1.05283e+06
threshold=1045.2505493164065 660.25000000000011 102.75000000000001 -476.24999999999994 1045.2505493164065 1045.2505493164065 1245.5000000000002 3672.0000000000005 469.80149841308599 560.00579833984386 2895.0000000000005 2421.2500000000005 3331.5000000000005 3486.0000000000005 828.75000000000011 1448.5000000000002 3603.4338378906255 3124.7500000000005 -3141.2499999999995 530.86532592773449 505.92158508300787 467.49603271484381 -3304.7499999999995 -1432.2499999999998 -869.74999999999989 1995.1714477539065 764.75000000000011 114.75000000000001 -652.74999999999989 -826.74999999999989
decision_type=2 2 2 2 2 2 2 2 2 2 2 2 2 2 2 2 2 2 2 2 2 2 2 2 2 2 2 2 2 2
left_child=4 2 3 -2 5 7 -7 10 -9 -10 13 -12 -13 16 19 -16 18 -18 21 20 -15 -1 23 -20 25 26 -24 -26 -29 -30
right_child=1 -3 -4 -5 -6 6 -8 8 9 -11 11 12 -14 14 15 -17 17 -19 22 -21 -22 -23 24 -25 27 -27 -28 28 29 -31
leaf_value=2.1945201909100569 -5.2647216047559473 17.075274936969464 -10.454003652819882 14.947322418292366 -12.783475156930777 -13.306630755193305 4.0021510982513426 14.991697014933047 -11.671983356475831 10.933047783893088 -14.731504803895952 2.4396017954899718 -9.7217791442213386 -5.0766543821855024 20.686985270182291 3.2772221320016044 0.46791383079860521 -12.515150821208955 14.38388669013977 -6.0611305475234989 8.3929533685956681 -6.3884408914681643 -0.66670709848797538 0.91661550383752499 0.47755832290109756 -12.172600211620331 12.313100297749044 9.8597777922948211 -10.64955266416073 -0.16693369580496475
leaf_weight=27 21 26 27 24 26 33 20 23 20 23 20 39 29 22 21 35 23 28 20 32 28 66 2934 71 9097 25 20 24 24 12222
leaf_count=27 21 26 27 24 26 33 20 23 20 23 20 39 29 22 21 35 23 28 20 32 28 66 2934 71 9097 25 20 24 24 12222
internal_value=-1.19434e-08 4.1824 -0.473354 5.51504 -0.0164266 -0.00310943 -6.77501 0.0113203 5.49742 0.41908 -0.00327566 -5.47065 -2.74687 0.0161883 3.46732 9.80588 -0.00318667 -6.66004 0.0106535 -0.861462 2.46633 -3.89661 0.0255234 3.87646 0.0111295 -0.676123 -0.578828 0.106947 -0.167825 -0.187478
internal_weight=25050 98 72 45 24952 24926 53 24873 66 43 24807 88 68 24719 138 56 24581 51 24530 82 50 93 24437 91 24346 2979 2954 21367 12270 12246
internal_count=25050 98 72 45 24952 24926 53 24873 66 43 24807 88 68 24719 138 56 24581 51 24530 82 50 93 24437 91 24346 2979 2954 21367 12270 12246
is_linear=0
shrinkage=0.05


Tree=16
num_leaves=31
num_cat=0
split_feature=288 142 51 191 274 280 56 96 214 205 227 178 252 70 289 260 143 271 227 233 247 268 283 3 248 264 277 1 135 142
split_gain=622977 1.09136e+06 748854 2.29541e+06 1.8149e+06 2.21735e+06 772895 3.88553e+06 1.01704e+06 735029 724154 981033 827484 721856 704430 688415 937767 1.24527e+06 671389 1.49553e+06 1.44253e+06 840122 1.78976e+06 606126 578327 561023 559691 999425 1.63617e+06 891809
threshold=76.750000000000014 2607.0000000000005 4536.0000000000009 1408.7500000000002 668.25000000000011 910.75000000000011 3850.0000000000005 578.96932983398449 4989.7924804687509 1136.7500000000002 -1022.9999999999999 -553.24999999999989 386.75000000000006 3763.2500000000005 -554.24999999999989 -1211.4999999999998 -896.74999999999989 426.99803161621099 -2029.4999999999998 -1939.2499999999998 -1788.4999999999998 -988.99999999999989 -209.74999999999997 4248.7500000000009 -1013.7499999999999 624.58282470703136 -1757.4349975585935 -2626.9999999999995 -1398.9999999999998 116.25000000000001
decision_type=2 2 2 2 2 2 2 2 2 2 2 2 2 2 2 2 2 2 2 2 2 2 2 2 2 2 2 2 2 2
left_child=1 10 6 -4 -5 -6 8 9 13 -8 11 15 -12 18 -14 -1 -17 -18 21 20 -20 22 -2 26 -13 -22 29 28 -28 -21
right_child=2 -3 3 4 5 -7 7 -9 -10 -11 12 24 14 -15 -16 16 17 -19 19 23 25 -23 -24 -25 -26 -27 27 -29 -30 -31
leaf_value=-12.338063042163849 0.69980233291099814 -10.808811460494995 19.654854688644409 -12.269298672676086 17.340674854408611 -4.227334979864267 7.9094287430538861 -18.762220410377747 11.432987728118897 -3.8196892651644618 -0.022668691659485051 10.15159937313625 -8.9575734669342637 8.6413259162902829 -1.3967790601941923 -1.4702585520128981 -3.3101282741725444 -17.165789143244425 -16.432131091447978 -0.68133357992990096 -6.4190677971675489 -3.1259513594887474 20.142265458106994 -6.7249641120433807 0.10283529149161447 4.3118462290082666 -0.059390672130717172 0.21688464857708409 16.794617545604705 -10.225340539395809
leaf_weight=20 29 25 20 20 22 26 34 31 20 22 6239 21 32 25 826 278 50 24 26 1169 29 22 20 32 45 21 36 15837 24 25
leaf_count=20 29 25 20 20 22 26 34 31 20 22 6239 21 32 25 826 278 50 24 26 1169 29 22 20 32 45 21 36 15837 24 25
internal_value=-9.77658e-10 -0.379259 0.163934 4.76472 0.385267 5.658 0.140668 -4.56025 0.164288 3.30156 -0.344655 -2.31773 -0.222885 0.151257 -1.67877 -3.31446 -2.80175 -7.80386 0.138967 0.118936 -6.87947 4.99111 8.6355 0.149998 3.30017 -1.91208 0.162871 0.241287 6.68221 -0.881166
internal_weight=25050 7560 17490 88 68 48 17402 87 17315 56 7535 438 7097 17295 858 372 352 74 17270 17199 76 71 49 17123 66 50 17091 15897 60 1194
internal_count=25050 7560 17490 88 68 48 17402 87 17315 56 7535 438 7097 17295 858 372 352 74 17270 17199 76 71 49 17123 66 50 17091 15897 60 1194
is_linear=0
shrinkage=0.05


Tree=17
num_leaves=31
num_cat=0
split_feature=225 177 22 142 131 282 225 70 288 244 205 215 111 95 72 65 79 206 282 247 138 232 11 183 253 176 289 197 283 184
split_gain=600283 1.60584e+06 1.58758e+06 909715 799084 612889 922505 781140 1.98871e+06 1.17597e+06 732832 714744 704905 2.46761e+06 724457 627446 757681 634466 765337 928740 750091 757193 740912 665162 631403 598590 957439 835825 891154 764132
threshold=2856.5000000000005 3105.2500000000005 3858.0000000000005 2870.2500000000005 653.59622192382824 -1092.2499999999998 876.75000000000011 3763.2500000000005 653.75000000000011 1641.7701416015627 2153.7500000000005 464.46438598632818 2988.054565429688 2549.1025390625005 2476.2500000000005 2769.5000000000005 2638.5000000000005 965.75000000000011 -612.74999999999989 58.750000000000007 775.33657836914074 2301.2500000000005 5463.7824707031259 1713.5000000000002 -149.74999999999997 1976.7500000000002 -31.249999999999996 2020.7500000000002 -1.0000000180025095e-35 1337.2500000000002
decision_type=2 2 2 2 2 2 2 2 2 2 2 2 2 2 2 2 2 2 2 2 2 2 2 2 2 2 2 2 2 2
left_child=1 5 3 -2 -4 6 -1 10 9 -9 12 -12 15 -14 -15 17 -17 22 19 -19 21 24 -7 -21 -20 26 29 -27 -29 -26
right_child=2 -3 4 -5 -6 7 -8 8 -10 -11 11 -13 13 14 -16 16 -18 18 20 23 -22 -23 -24 -25 25 27 -28 28 -30 -31
leaf_value=-1.596363703855153 5.3144216446649466 -10.285265636444093 17.361982843150265 -8.8019121932983406 3.6966111946105955 0.063171174619512521 -12.690341508956184 1.355048038341381 -6.1495615855852765 14.929627456191259 0.91621415723453881 10.924834507654111 -19.739708158373833 -9.3217261997136216 0.54830629332611958 7.3478387460112575 -0.407713750485451 1.1465971963746209 7.7558144699443474 -4.1896332979202269 -8.2529926996678125 6.7527428625311181 8.8530465920766197 -16.630391519719904 -1.1137221118732747 3.3127658969962717 2.011726803502234 4.1286569695427735 -3.5223835942038786 -4.1805640665193406
leaf_weight=174 21 38 23 25 20 22151 21 27 30 39 44 30 20 22 120 64 62 28 22 21 32 35 24 22 1102 194 202 53 135 249
leaf_count=174 21 38 23 25 20 22151 21 27 30 39 44 30 20 22 120 64 62 28 22 21 32 35 24 22 1102 194 202 53 135 249
internal_value=-1.07503e-08 -0.0146153 4.09902 -2.3575 11.006 0.00104429 -2.7911 0.0230626 4.52453 9.37639 0.00551869 4.97376 -0.00945199 -3.29676 -0.980854 0.0123772 3.53161 -0.00589328 -0.837617 -5.94009 -0.658627 -0.536629 0.0726845 -10.5547 -0.666996 -0.76276 -1.19891 1.0104 -1.36544 -1.67897
internal_weight=25050 24961 89 46 43 24923 195 24728 96 66 24632 74 24558 162 142 24396 126 24270 2095 71 2024 1992 22175 43 1957 1935 1553 382 188 1351
internal_count=25050 24961 89 46 43 24923 195 24728 96 66 24632 74 24558 162 142 24396 126 24270 2095 71 2024 1992 22175 43 1957 1935 1553 382 188 1351
is_linear=0
shrinkage=0.05


Tree=18
num_leaves=31
num_cat=0
split_feature=222 184 271 40 227 136 192 135 166 180 86 64 185 178 168 282 205 215 22 267 4 141 14 58 124 45 248 269 40 25
split_gain=605252 2.13675e+06 1.47613e+06 857096 1.33253e+06 711747 973732 690063 1.16648e+06 1.89665e+06 925635 935725 1.23503e+06 2.07323e+06 1.06059e+06 1.19909e+06 560379 675659 562739 959867 622303 1.53309e+06 685421 714163 644171 985358 698317 778019 707826 1.06675e+06
threshold=1045.2505493164065 -1784.4999999999998 1045.2505493164065 1045.2505493164065 1168.7500000000002 -590.24999999999989 1172.2500000000002 3672.0000000000005 469.80149841308599 560.00579833984386 4290.0000000000009 4073.7500000000005 588.25000000000011 2462.7500000000005 2895.0000000000005 -99.749999999999986 2153.7500000000005 464.46438598632818 3858.0000000000005 313.75000000000006 5106.8376464843759 1141.2500000000002 3007.2500000000005 1848.7500000000002 724.36727905273449 2001.7500000000002 862.50000000000011 361.25000000000006 653.59622192382824 3233.472534179688
decision_type=2 2 2 2 2 2 2 2 2 2 2 2 2 2 2 2 2 2 2 2 2 2 2 2 2 2 2 2 2 2
left_child=2 -2 3 7 -5 -3 -7 10 -9 -10 11 14 -13 -14 16 -16 18 -18 20 -20 24 -22 23 -23 -1 26 27 28 -26 -30
right_child=1 5 -4 4 -6 6 -8 8 9 -11 -12 12 13 -15 15 -17 17 -19 19 -21 21 22 -24 -25 25 -27 -28 -29 29 -31
leaf_value=0.011003197253964427 -7.1937758700052896 2.1168170394897463 -11.922879673884466 -12.777110630273819 3.4320755731491817 19.742298880867338 4.6573076850175861 14.205180319495824 -11.006129302978517 10.047128009796143 -9.2557971194938382 -2.8909070725440982 21.737259570035068 -0.50569556713104247 -15.638715203430344 -0.85679646379807428 0.34274536109552156 10.314964258259742 -11.25931139945984 -0.20994917802643359 15.199040787634642 -7.0057132889242739 7.3325506440524393 3.0990711940659419 -10.464175932407379 -13.029792434518988 -10.206282932236791 8.1341563784557831 -3.7531412810695417 9.9497535014152536
leaf_weight=24223 30 25 26 32 21 23 20 23 20 23 27 25 22 20 23 34 41 29 30 57 23 34 29 36 20 22 20 23 49 20
leaf_count=24223 30 25 26 32 21 23 20 23 20 23 27 25 22 20 23 34 41 29 30 57 23 34 29 36 20 22 20 23 49 20
internal_value=-7.75536e-09 3.9217 -0.0154026 -0.00298209 -6.3546 8.82558 12.726 0.0105521 5.11637 0.254915 -0.00303213 0.00704958 5.90796 11.1454 -0.00894852 -6.82143 0.00680065 4.47409 -0.00591839 -4.02007 0.00833654 3.57044 0.868851 -1.80897 -0.00949081 -3.23304 -1.60025 -0.0634533 -2.18194 0.218712
internal_weight=25050 98 24952 24926 53 68 43 24873 66 43 24807 24780 67 42 24713 57 24656 70 24586 87 24499 122 99 70 24377 154 132 112 89 69
internal_count=25050 98 24952 24926 53 68 43 24873 66 43 24807 24780 67 42 24713 57 24656 70 24586 87 24499 122 99 70 24377 154 132 112 89 69
is_linear=0
shrinkage=0.05


Tree=19
num_leaves=31
num_cat=0
split_feature=267 61 222 16 51 257 120 45 288 281 289 64 51 126 135 0 261 3 66 278 6 260 272 181 22 276 32 191 253 36
split_gain=574285 1.36151e+06 1.14376e+06 1.92764e+06 1.29844e+06 1.1546e+06 1.22456e+06 1.68125e+06 1.14146e+06 1.11405e+06 814431 712388 1.56035e+06 1.00872e+06 1.50754e+06 1.33971e+06 657385 1.2015e+06 1.29751e+06 3.17037e+06 965627 792570 788887 854620 701441 693288 688926 1.02978e+06 714944 691571
threshold=-632.24999999999989 653.59622192382824 1045.2505493164065 2418.2500000000005 -1620.2499999999998 879.99746704101574 897.75000000000011 3484.5000000000005 247.75000000000003 706.25000000000011 -738.49999999999989 4073.7500000000005 3617.7500000000005 4158.0000000000009 2675.5000000000005 5136.5000000000009 727.00000000000011 2585.7500000000005 2958.0000000000005 476.75883483886724 2598.0593261718755 1999.0000000000002 1546.6129150390627 3016.739135742188 2916.5000000000005 550.75000000000011 -398.68501281738276 1088.2500000000002 1159.7500000000002 1429.5000000000002
decision_type=2 2 2 2 2 2 2 2 2 2 2 2 2 2 2 2 2 2 2 2 2 2 2 2 2 2 2 2 2 2
left_child=1 8 5 4 -4 11 -7 -8 -1 -9 -3 16 -13 14 -14 -15 22 20 19 -19 21 26 -2 24 25 -24 27 28 -18 -28
right_child=2 10 3 -5 -6 6 7 9 -10 -11 -12 12 13 15 -16 -17 17 18 -20 -21 -22 -23 23 -25 -26 -27 29 -29 -30 -31
leaf_value=-1.8302319722849807 0.047200795761153456 -16.470052967900816 9.4353272979909715 16.297826007316853 -6.5569708267847702 4.2684248053509259 -19.685755705833436 -11.239744777906509 4.375603700327602 5.0467847937629342 -3.013672174106945 15.919962882995605 4.9754508165297686 -2.1482165745326451 -11.733078713770267 15.50763394399123 -7.4847852500709324 -2.8548172087139556 -0.023062527413461723 -25.674471498572309 8.6819838947720012 7.9118623347332075 8.1849368562569502 -4.6430706694722179 15.01399762392044 -3.3694929695129399 1.2704928193574752 -11.691056360138788 1.1518625778310438 -2.854864998019877
leaf_weight=469 23326 23 22 29 30 23 24 21 88 21 22 22 27 21 27 22 37 45 51 23 27 24 37 20 20 20 257 36 68 168
leaf_count=469 23326 23 22 29 30 23 24 21 88 21 22 22 27 21 27 22 37 45 51 23 27 24 37 20 20 20 257 36 68 168
internal_value=-3.07222e-09 -1.52564 0.037567 5.9692 0.209001 0.0178492 -5.6667 -9.12894 -0.849777 -3.09648 -9.89138 0.0386881 3.8978 1.17113 -3.37881 6.88501 0.0196792 -1.45169 -6.05173 -10.5732 -0.564491 -0.987635 0.0659129 4.56568 6.95757 4.13075 -1.365 -4.39353 -1.89153 -0.360237
internal_weight=25050 602 24448 81 52 24367 89 66 557 42 45 24278 119 97 54 43 24159 736 119 68 617 590 23423 97 77 57 566 141 105 425
internal_count=25050 602 24448 81 52 24367 89 66 557 42 45 24278 119 97 54 43 24159 736 119 68 617 590 23423 97 77 57 566 141 105 425
is_linear=0
shrinkage=0.05


Tree=20
num_leaves=31
num_cat=0
split_feature=288 142 169 217 143 292 227 233 108 44 59 51 240 219 211 292 269 253 49 134 272 223 40 117 259 52 231 248 225 192
split_gain=556800 957904 689496 731835 717523 835303 685721 1.56502e+06 1.15879e+06 1.14762e+06 1.02473e+06 829257 2.41465e+06 2.2984e+06 826770 825111 541146 538137 1.14522e+06 1.15601e+06 977978 1.06147e+06 782382 1.32511e+06 903824 842164 841084 1.01538e+06 911052 881660
threshold=76.750000000000014 2607.0000000000005 -886.74999999999989 282.25000000000006 -844.74999999999989 393.05549621582037 -2029.4999999999998 -1939.2499999999998 -922.74999999999989 -2736.9999999999995 -1270.7499999999998 4536.0000000000009 1986.0000000000002 895.25000000000011 -1391.9999999999998 1045.2505493164065 -679.74999999999989 114.75000000000001 -1030.7499999999998 404.25000000000006 -1003.9317321777343 -1683.7613525390623 724.36727905273449 473.41499328613287 -475.49999999999994 -926.74999999999989 -642.24999999999989 -977.74999999999989 -752.24999999999989 -664.24999999999989
decision_type=2 2 2 2 2 2 2 2 2 2 2 2 2 2 2 2 2 2 2 2 2 2 2 2 2 2 2 2 2 2
left_child=1 2 4 -4 -1 -6 8 10 9 -2 14 15 13 -13 -8 17 -5 18 19 -9 -19 -22 23 -20 -24 -25 27 29 -29 -27
right_child=6 -3 3 16 5 -7 7 11 -10 -11 -12 12 -14 -15 -16 -17 -18 20 22 -21 21 -23 24 25 -26 26 -28 28 -30 -31
leaf_value=-1.1927486672735033 7.771082195838293 -10.129609978675843 0.15762606932927575 -9.2164866286516194 -3.0933846732794215 -14.731482113826843 -8.3953247388203938 -0.31317557906629623 15.232071014642717 -6.7339815635681148 -12.635571756118384 0.66966321391444061 -9.440243057977586 20.083250963687899 5.6349987711225245 -7.7556631933559075 -0.94372543770073103 8.6438171327114102 0.69998446588295193 -8.9980143411037243 -11.618478675037622 -0.087919101878748324 1.9751199976603191 9.9581948765118931 -9.7034036430152693 0.72837117195129397 4.6325282995107111 3.1368727658803648 -5.3036195582654102 14.086188648995899
leaf_weight=802 30 25 4933 20 58 21 21 2184 20 25 39 31 21 30 21 33 1701 32 4568 39 20 9821 30 45 37 30 257 52 83 21
leaf_count=802 30 25 4933 20 58 21 21 2184 20 25 39 31 21 30 21 33 1701 32 4568 39 20 9821 30 45 37 30 257 52 83 21
internal_value=9.59073e-09 -0.35855 -0.326131 -0.152095 -1.64059 -6.18706 0.154982 0.134437 4.92566 1.17787 -6.79943 0.166838 5.18307 10.2173 -1.38016 0.142995 -1.03986 0.158133 0.482183 -0.465541 -0.0829759 -0.111353 0.893424 0.964554 -4.47421 3.4411 2.77909 0.218162 -2.05247 6.22865
internal_weight=25050 7560 7535 6654 881 79 17490 17415 75 55 81 17334 82 61 42 17252 1721 17219 7346 2223 9873 9841 5123 5056 67 488 443 186 135 51
internal_count=25050 7560 7535 6654 881 79 17490 17415 75 55 81 17334 82 61 42 17252 1721 17219 7346 2223 9873 9841 5123 5056 67 488 443 186 135 51
is_linear=0
shrinkage=0.05


Tree=21
num_leaves=31
num_cat=0
split_feature=143 255 222 267 226 271 107 177 243 292 267 8 261 152 183 31 13 289 182 177 225 271 152 62 288 281 9 10 52 12
split_gain=540244 1.46344e+06 755866 2.04422e+06 1.55703e+06 1.4014e+06 673202 1.11678e+06 1.08093e+06 574257 867092 879247 775815 868324 624079 523882 785693 522846 1.14715e+06 1.49203e+06 865200 816034 859164 744117 711388 681229 725165 641442 769230 623741
threshold=-2175.7499999999995 322.25000000000006 1045.2505493164065 -397.74999999999994 -100.74999999999999 1045.2505493164065 4115.2500000000009 3105.2500000000005 636.49594116210949 491.92401123046881 -632.24999999999989 -2768.7499999999995 -1240.4999999999998 441.63258361816412 -1790.4999999999998 -3302.4999999999995 14.71591091156006 -582.74999999999989 1456.0000000000002 1559.2500000000002 -1177.2499999999998 578.96932983398449 578.96932983398449 -993.00057983398426 84.750000000000014 -353.99999999999994 -2339.7499999999995 -1243.4999999999998 12.750000000000002 444.00724792480474
decision_type=2 2 2 2 2 2 2 2 2 2 2 2 2 2 2 2 2 2 2 2 2 2 2 2 2 2 2 2 2 2
left_child=1 9 5 -4 -5 6 7 17 -8 14 11 -11 -12 -14 -1 -15 -17 18 20 -20 23 22 -22 -2 -23 26 -19 -28 -29 -27
right_child=2 -3 3 4 -6 -7 8 -9 -10 10 12 -13 13 15 -16 16 -18 25 19 -21 21 24 -24 -25 -26 29 27 28 -30 -31
leaf_value=-7.1144881576299674 -13.035984553337096 -13.793386669953666 -8.1562103704972699 3.8853830013519679 21.044590640068055 -12.322573716387801 -0.86143585373373599 -9.6291589673360196 12.278695016071715 0.91536941440017139 10.672272538221799 -12.916391586065295 10.024527126110414 -6.3257015451308227 -0.99489004799700165 5.6200058285782983 -6.4679946517944336 12.151307048797609 -18.35262677452781 -2.0679365017475226 -0.39565846519470216 -0.37806927771181675 -10.78840560913086 -1.0647085445898552 9.1845728153135724 -0.065583876934409216 -3.8049023225903511 7.3041530116725326 -0.98841286351283397 0.67667601699983382
leaf_weight=62 25 24 22 39 20 23 34 30 29 27 26 20 22 31 127 41 20 20 22 39 375 37 21 27 41 20409 36 67 48 3286
leaf_count=62 25 24 22 39 20 23 34 30 29 27 26 20 22 31 127 41 20 20 22 39 375 37 21 27 41 20409 36 67 48 3286
internal_value=-4.11413e-09 -1.8228 0.0295789 4.85167 9.70206 0.0136813 0.0252406 0.0119578 5.1872 -1.05872 0.905719 -4.97049 2.87844 1.10091 -3.00238 -1.033 1.65673 0.0237859 -1.45043 -7.9411 -0.697712 -0.0260538 -0.946789 -6.82013 4.64845 0.0600453 3.20459 2.01959 3.84291 0.037352
internal_weight=25050 400 24650 81 59 24569 24546 24483 63 376 187 47 140 114 189 92 61 24453 587 61 526 474 396 52 78 23866 171 151 115 23695
internal_count=25050 400 24650 81 59 24569 24546 24483 63 376 187 47 140 114 189 92 61 24453 587 61 526 474 396 52 78 23866 171 151 115 23695
is_linear=0
shrinkage=0.05


Tree=22
num_leaves=31
num_cat=0
split_feature=225 197 194 54 75 233 254 253 43 87 184 120 152 260 275 68 68 231 156 68 117 205 64 275 60 288 127 239 162 52
split_gain=527507 1.52488e+06 1.39756e+06 2.66098e+06 1.70871e+06 644472 634920 946168 1.71195e+06 991328 878539 726080 1.10778e+06 670352 599238 849614 1.26094e+06 944015 841063 694469 681578 982311 1.19181e+06 694671 569572 966273 765245 1.22696e+06 1.06823e+06 1.44613e+06
threshold=2856.5000000000005 3300.7500000000005 724.36727905273449 560.00579833984386 447.01040649414068 2122.2500000000005 828.75000000000011 1383.2500000000002 2030.7500000000002 565.25000000000011 -307.24999999999994 2997.7500000000005 483.63320922851568 1999.0000000000002 525.25000000000011 390.08749389648443 365.99279785156256 1246.2500000000002 604.75000000000011 570.11660766601574 420.31375122070318 1799.7500000000002 1005.2500000000001 291.75000000000006 5987.1423339843759 319.75000000000006 3567.5000000000005 833.75000000000011 2525.7500000000005 3221.2500000000005
decision_type=2 2 2 2 2 2 2 2 2 2 2 2 2 2 2 2 2 2 2 2 2 2 2 2 2 2 2 2 2 2
left_child=1 5 3 4 -2 6 7 24 9 -9 -8 13 -13 14 15 16 -12 18 -17 -16 -19 22 -22 -24 26 -26 28 -28 -1 -30
right_child=2 -3 -4 -5 -6 -7 10 8 -10 -11 11 12 -14 -15 19 17 -18 20 -20 -21 21 -23 23 -25 25 -27 27 -29 29 -31
leaf_value=-0.0086191308465845915 -1.7517971793810529 -10.595321850215688 14.456258259648862 -14.054436822371052 18.036552467346194 8.756201455706643 -11.791813464164735 6.3379739195959912 14.653383290383125 -5.7413375290957367 -1.5335998730101716 -0.89145791313864964 -15.376148758625442 7.3252821083068858 0.24376775172778539 -5.3544566026548068 8.9538412470370528 -15.494187842715872 5.0432795804900099 9.8664423284076506 0.31483259300390881 4.0755188739299779 -19.783650168505584 -6.9083350539207462 -1.3962028095668013 13.788915328979494 1.2117297725677492 -14.97851421182806 2.2377174891081433 16.2527880021504
leaf_weight=23815 24 34 23 22 20 21 20 35 31 33 218 33 22 25 175 41 33 22 37 21 24 20 22 20 22 20 25 22 149 21
leaf_count=23815 24 34 23 22 20 21 20 35 31 33 218 33 22 25 175 41 33 22 37 21 24 20 22 20 22 20 25 22 149 21
internal_value=-5.00654e-09 -0.0137007 3.84252 0.143793 7.24291 0.000732401 -0.00664995 0.0373107 4.91535 0.475955 -1.45639 -1.16648 -6.68533 -0.705175 -1.02233 -2.05261 -0.154773 -4.61368 -0.422197 1.27477 -7.64086 -5.63187 -8.5735 -13.6525 0.0172506 5.83481 0.00708346 -6.36668 0.0195732 3.96899
internal_weight=25050 24961 89 66 44 24927 24906 24173 99 68 733 713 55 658 633 437 251 186 78 196 108 86 66 42 24074 42 24032 47 23985 170
internal_count=25050 24961 89 66 44 24927 24906 24173 99 68 733 713 55 658 633 437 251 186 78 196 108 86 66 42 24074 42 24032 47 23985 170
is_linear=0
shrinkage=0.05


Tree=23
num_leaves=31
num_cat=0
split_feature=288 275 96 170 227 233 247 108 44 51 240 218 56 96 49 33 69 62 193 245 259 81 205 246 32 33 289 163 252 177
split_gain=507625 627907 624864 587004 514065 1.34835e+06 930387 824915 1.15134e+06 662690 1.80135e+06 1.86513e+06 736386 3.30727e+06 955159 1.00085e+06 670829 664162 627868 619822 580750 675996 874083 673948 1.15773e+06 1.50765e+06 865118 1.51041e+06 969394 821879
threshold=40.250000000000007 -973.24999999999989 724.36727905273449 1040.2500000000002 -2029.4999999999998 -1939.2499999999998 -1788.4999999999998 -648.74999999999989 -2736.9999999999995 4536.0000000000009 1986.0000000000002 2109.5000000000005 3850.0000000000005 578.96932983398449 3486.0000000000005 406.79368591308599 3952.567749023438 3603.4338378906255 4121.1650390625009 -1314.7499999999998 -129.74999999999997 4779.5400390625009 1517.2500000000002 -265.24999999999994 4722.9174804687509 444.00724792480474 -327.24999999999994 -1081.7499999999998 -261.74999999999994 -272.74999999999994
decision_type=2 2 2 2 2 2 2 2 2 2 2 2 2 2 2 2 2 2 2 2 2 2 2 2 2 2 2 2 2 2
left_child=1 -1 3 -3 7 6 -6 8 -2 12 11 -11 14 -14 17 -16 -17 20 -19 -8 21 22 23 -7 25 -25 27 28 -27 -29
right_child=4 2 -4 -5 5 9 19 -9 -10 10 -12 -13 13 -15 15 16 -18 18 -20 -21 -22 -23 -24 24 -26 26 -28 29 -30 -31
leaf_value=-4.4538304911851885 6.9560430140108682 -0.34116685448427575 8.1631131853376129 -3.3447582901177699 -13.476947060946763 -0.041069088791559467 4.6140926992893219 12.565940348307294 -6.4823756183896748 0.60684277072097315 -7.8091155659068718 17.832546769777935 2.6685988923959565 -17.623556948092677 14.549870955944062 -1.2973391684618862 9.5643276260012673 -11.986519119956277 -0.78494624433846316 -6.3641058339012995 -0.10913750455576983 9.3930331207457041 -10.029229612350465 0.53708467318230502 -10.823922902061826 6.6523909759521489 2.2126864790161953 -1.2863732843982931 21.862016409093684 7.918992847017944
leaf_weight=100 37 3338 21 171 29 3805 20 21 28 33 22 30 57 31 22 44 21 22 29 36 13039 21 20 3419 21 20 474 49 22 48
leaf_count=100 37 3338 21 171 29 3805 20 21 28 33 22 30 57 31 22 44 21 22 29 36 13039 21 20 3419 21 20 474 49 22 48
internal_value=1.00878e-08 -0.546757 -0.436075 -0.487537 0.0926576 0.0771058 -6.20773 3.9506 1.16719 0.102246 4.50825 8.80956 0.0845507 -4.47977 0.103608 5.33178 2.21181 0.0819375 -5.617 -2.44332 0.0958187 0.434143 0.410262 0.436832 0.885491 0.946478 3.22986 6.6985 14.6193 3.26886
internal_weight=25050 3630 3530 3509 21420 21334 85 86 65 21249 85 63 21164 88 21076 87 65 20989 51 56 20938 7899 7878 7858 4053 4032 613 139 42 97
internal_count=25050 3630 3530 3509 21420 21334 85 86 65 21249 85 63 21164 88 21076 87 65 20989 51 56 20938 7899 7878 7858 4053 4032 613 139 42 97
is_linear=0
shrinkage=0.05


Tree=24
num_leaves=31
num_cat=0
split_feature=40 283 247 159 177 287 236 246 110 233 278 241 240 197 178 204 71 61 246 215 236 257 249 116 19 259 170 36 40 288
split_gain=502023 897863 1.14466e+06 800251 1.91198e+06 1.0688e+06 1.98128e+06 785439 778186 552202 1.2106e+06 674178 874518 667170 1.0979e+06 1.42551e+06 1.13046e+06 772965 772703 729076 924826 882401 881826 1.47821e+06 785494 644925 954955 1.65976e+06 702477 1.20285e+06
threshold=1045.2505493164065 430.75000000000006 -931.24999999999989 879.99746704101574 -2184.2499999999995 -1.0000000180025095e-35 879.99746704101574 816.25000000000011 879.99746704101574 -909.74999999999989 879.99746704101574 -1049.7499999999998 -1182.7499999999998 632.75000000000011 -104.24999999999999 131.25000000000003 1092.7500000000002 537.80807495117199 -425.74999999999994 636.49594116210949 611.19790649414074 545.15829467773449 -2130.932495117187 -4566.3474121093741 598.99819946289074 -129.74999999999997 2018.7500000000002 3512.7500000000005 408.65106201171881 179.75000000000003
decision_type=2 2 2 2 2 2 2 2 2 2 2 2 2 2 2 2 2 2 2 2 2 2 2 2 2 2 2 2 2 2
left_child=3 2 -2 8 -5 -6 -7 -4 9 10 13 -11 -13 14 15 16 19 -16 -15 20 21 24 23 -23 -1 26 27 28 -14 -30
right_child=1 -3 7 4 5 6 -8 -9 -10 11 -12 12 25 18 17 -17 -18 -19 -20 -21 -22 22 -24 -25 -26 -27 -28 -29 29 -31
leaf_value=-0.52395974534632883 -11.064306926727296 -11.975372298558554 10.800787453055383 -6.2153883349510934 2.3024848628688503 3.2972150848025366 25.28647418022156 -1.6865130087908575 -9.003767120838166 7.2296844735290069 -12.078886569064597 -10.120812124865395 0.22337272421848597 -13.0036795657614 1.6164288450642066 -11.25532059967518 -6.0410331705565099 9.8226257829955141 -0.98881631344556808 5.4922983982983764 -8.3929329537056585 -0.061298770904541014 0.54057208847999572 16.966824575570914 -6.3749140088841072 -0.1042529206861524 -9.7014688077180296 12.047605209965861 0.36152846400513083 3.5208061371929946
leaf_weight=2067 20 24 20 31 37 21 20 34 24 33 23 21 5958 23 220 32 93 33 32 51 37 25 100 26 59 14627 23 31 833 472
leaf_count=2067 20 24 20 31 37 21 20 34 24 33 23 21 5958 23 220 32 93 33 32 51 37 25 100 26 59 14627 23 31 833 472
internal_value=-6.7746e-09 -3.57164 -0.846106 0.0140278 4.28886 8.46363 14.0237 2.93841 -0.00472831 0.00397377 -0.654619 0.088431 0.0777021 -0.56071 -0.451381 -0.770241 -0.633739 2.6868 -6.01321 -0.421105 -0.551435 -0.424015 3.26929 8.61971 -0.686333 0.0874619 0.470708 0.502784 0.453508 1.50419
internal_weight=25050 98 74 24952 109 78 41 54 24843 24819 2821 21998 21965 2798 2743 2490 2458 253 55 2365 2314 2277 151 51 2126 21944 7317 7294 7263 1305
internal_count=25050 98 74 24952 109 78 41 54 24843 24819 2821 21998 21965 2798 2743 2490 2458 253 55 2365 2314 2277 151 51 2126 21944 7317 7294 7263 1305
is_linear=0
shrinkage=0.05


Tree=25
num_leaves=31
num_cat=0
split_feature=143 255 142 91 254 292 267 8 261 159 253 183 229 226 271 227 107 180 177 26 147 289 261 262 283 289 163 129 267 131
split_gain=495145 1.30275e+06 605299 586337 698356 504219 762310 736371 681274 803635 652272 555112 500349 1.42009e+06 1.40214e+06 886192 588677 1.01784e+06 931290 891968 485199 478981 490169 981048 787895 1.02889e+06 897563 999838 792814 1.04565e+06
threshold=-2175.7499999999995 322.25000000000006 -2446.7499999999995 -1660.7499999999998 -882.24999999999989 491.92401123046881 -632.24999999999989 -2768.7499999999995 -1240.4999999999998 449.77992248535162 -120.74999999999999 -1790.4999999999998 1045.2505493164065 -100.74999999999999 1045.2505493164065 -686.74999999999989 4115.2500000000009 570.11660766601574 3105.2500000000005 414.58963012695318 -2857.4999999999995 -7.2499999999999991 291.25000000000006 789.75000000000011 334.75000000000006 -298.24999999999994 -1660.2499999999998 -1307.2499999999998 736.25000000000011 653.59622192382824
decision_type=2 2 2 2 2 2 2 2 2 2 2 2 2 2 2 2 2 2 2 2 2 2 2 2 2 2 2 2 2 2
left_child=1 5 3 4 -2 11 7 -7 -8 -10 20 -1 14 15 16 -14 18 19 21 -18 -11 22 23 24 28 -26 -27 -28 -4 -30
right_child=2 -3 12 -5 -6 6 8 -9 9 10 -12 -13 13 -15 -16 -17 17 -19 -20 -21 -22 -23 -24 -25 25 26 27 -29 29 -31
leaf_value=-6.7236697066214779 1.4461733531951904 -13.039368589719139 0.078770053725617795 -1.3499195213317872 14.221258279551632 0.69332684057730221 9.9698238922999458 -11.964825024604799 9.130058702826501 -11.052161124348642 3.4861087191395641 -0.95210664366173947 5.4613760893161487 14.10792851050695 -12.911202328545707 -8.1736666332591668 7.7426924705505371 13.517167182402179 -8.8024152898788461 -7.0113819758097335 -0.9290459280383998 1.4864631568898961 -0.58955765449196684 9.5941534536856192 -12.913359966278078 9.0295324087142941 -12.452475513730732 -1.3205444131549557 2.0558369707561539 14.153784551620484
leaf_weight=62 20 24 19802 25 23 27 26 20 24 20 41 127 26 24 21 22 20 22 30 21 29 539 3269 27 20 20 21 511 167 20
leaf_count=62 20 24 19802 25 23 27 26 20 24 20 41 127 26 24 21 22 20 22 30 21 29 539 3269 27 20 20 21 511 167 20
internal_value=-3.6197e-09 -1.74506 0.0283174 4.73918 8.27936 -1.02415 0.816605 -4.69312 2.6663 1.00058 -1.16728 -2.84542 0.015286 4.1773 0.00305977 -0.788018 0.0141341 4.84115 0.00168418 0.185728 -5.06093 0.0125107 -0.0207903 0.0695196 0.0570122 -1.77269 -1.36904 -1.75996 0.10937 3.34974
internal_weight=25050 400 24650 68 43 376 187 47 140 114 90 189 24582 72 24510 48 24489 63 24426 41 49 24396 23857 20588 20561 572 552 532 19989 187
internal_count=25050 400 24650 68 43 376 187 47 140 114 90 189 24582 72 24510 48 24489 63 24426 41 49 24396 23857 20588 20561 572 552 532 19989 187
is_linear=0
shrinkage=0.05


Tree=26
num_leaves=31
num_cat=0
split_feature=289 262 197 288 72 236 32 74 183 232 170 73 240 282 222 199 197 180 166 265 163 164 287 128 183 204 282 54 103 23
split_gain=472876 819586 1.12148e+06 1.68327e+06 1.54029e+06 787844 1.23756e+06 1.65653e+06 1.10478e+06 1.59324e+06 1.05792e+06 1.04035e+06 953226 1.25941e+06 936418 1.25542e+06 1.48733e+06 1.81407e+06 1.43265e+06 1.23542e+06 914671 893199 895334 846612 1.24997e+06 811932 1.01906e+06 754013 1.20992e+06 970742
threshold=-70.749999999999986 1651.2500000000002 3300.7500000000005 362.75000000000006 4356.7500000000009 611.19790649414074 290.55499267578131 422.72250366210943 1672.7500000000002 964.25000000000011 717.75000000000011 1920.7500000000002 558.75000000000011 -188.74999999999997 545.15829467773449 1600.7500000000002 993.75000000000011 598.99819946289074 500.19013977050787 579.34249877929699 1650.7500000000002 1025.7500000000002 557.25000000000011 712.25000000000011 685.75000000000011 -415.24999999999994 -278.74999999999994 653.59622192382824 560.00579833984386 -1212.7499999999998
decision_type=2 2 2 2 2 2 2 2 2 2 2 2 2 2 2 2 2 2 2 2 2 2 2 2 2 2 2 2 2 2
left_child=1 2 4 -4 5 14 11 -8 10 20 21 23 -11 -14 -1 16 19 18 -18 27 -10 22 -9 24 25 -7 -27 28 29 -16
right_child=-2 -3 3 -5 -6 6 7 8 9 12 -12 -13 13 -15 15 -17 17 -19 -20 -21 -22 -23 -24 -25 -26 26 -28 -29 -30 -31
leaf_value=-0.1474383868130954 0.36452897589327449 5.5637271854612571 3.1656821207566694 -14.918232190224433 10.351114134788514 -4.0690401204427085 12.883998166431082 0.40117529667703444 -19.81211515509564 7.5275999307632446 7.4161357467824764 5.2489618372349511 -11.717013310563976 3.5967046747207641 -3.8207037571072577 10.103910748903141 -1.7686158878462657 5.0802669186745923 -17.494465115865072 12.964594487043527 -5.3791615168253584 -10.547107956626199 -10.472636499404908 -14.665464803907605 2.8871798763404026 -20.949433726356144 -5.550734982165423 -2.9289634013755457 6.3117113153796112 2.9907377631677425
leaf_weight=16972 6565 63 22 31 35 60 22 354 23 23 44 21 29 25 85 43 28 31 30 26 21 22 20 27 37 21 22 72 140 136
leaf_count=16972 6565 63 22 31 35 60 22 354 23 23 44 21 29 25 85 43 28 31 30 26 21 22 20 27 37 21 22 72 140 136
internal_value=-1.46984e-09 -0.129463 -0.148933 -7.4117 -0.127978 -0.147983 -1.71233 -0.574781 -1.10258 -5.33374 0.060993 -5.23995 -0.996636 -4.62733 -0.0793093 1.87718 1.23166 -4.6839 -9.90268 2.37868 -12.9237 -0.756245 -0.180312 -6.55891 -4.99551 -7.82715 -13.071 1.74304 2.67485 0.370953
internal_weight=25050 18485 18422 53 18369 18334 771 583 561 121 440 188 77 54 17563 591 548 89 58 459 44 396 374 167 140 103 43 433 361 221
internal_count=25050 18485 18422 53 18369 18334 771 583 561 121 440 188 77 54 17563 591 548 89 58 459 44 396 374 167 140 103 43 433 361 221
is_linear=0
shrinkage=0.05


Tree=27
num_leaves=31
num_cat=0
split_feature=225 177 271 281 166 252 253 276 177 283 288 246 269 61 19 267 287 261 288 254 138 0 197 131 113 169 241 100 261 229
split_gain=468309 1.34543e+06 1.25967e+06 616111 525629 467493 1.25814e+06 941549 1.31435e+06 1.23772e+06 1.13373e+06 915724 772319 1.10288e+06 1.03462e+06 779549 744105 557851 528421 500834 1.43565e+06 911638 864419 855425 1.55341e+06 777092 755045 713799 647928 700433
threshold=2856.5000000000005 3105.2500000000005 636.49594116210949 820.25000000000011 467.49603271484381 -913.24999999999989 -244.74999999999997 107.25000000000001 665.75000000000011 205.25000000000003 429.75000000000006 -739.74999999999989 -80.749999999999986 653.59622192382824 449.77992248535162 -632.24999999999989 117.75000000000001 -1317.4999999999998 39.750000000000007 -645.24999999999989 674.41351318359386 2408.7500000000005 326.25000000000006 879.99746704101574 1554.7500000000002 437.25000000000006 -427.74999999999994 -2032.2499999999998 -1139.7499999999998 464.46438598632818
decision_type=2 2 2 2 2 2 2 2 2 2 2 2 2 2 2 2 2 2 2 2 2 2 2 2 2 2 2 2 2 2
left_child=1 5 4 -4 -2 6 7 8 9 10 12 -8 13 17 -14 -15 -9 18 -1 20 26 22 -22 -21 25 27 -7 -25 -28 -30
right_child=2 -3 3 -5 -6 19 11 16 -10 -11 -12 -13 14 15 -16 -17 -18 -19 -20 23 21 -23 -24 24 -26 -27 28 -29 29 -31
leaf_value=-3.6406538719480688 3.2638247793371029 -9.4139903771249873 3.1548300838470462 15.037262280782066 -7.5465511985447096 0.023954163824850036 -2.7398898913310124 -0.43048206567764286 -12.610555005073548 -10.277076516729414 10.539768973640776 -16.777879281271073 -1.3320783134164482 -14.546124036788942 12.547854681015016 -1.7911867141723634 9.816025331858043 -1.5254307805876666 2.3982279278010856 -0.016875152305336455 6.8623036890699156 14.552709724352912 -5.2193110901117326 1.8601460170745849 -14.671553482328143 6.5613699674606325 -5.4109127879142767 -11.498361902236939 1.4037010001837529 5.4988712074112724
leaf_weight=44 22 38 20 24 23 2232 26 34 24 33 23 21 29 25 25 23 37 545 205 20798 57 26 20 20 28 24 28 20 439 137
leaf_count=44 22 38 20 24 23 2232 26 34 24 33 23 21 29 25 25 23 37 545 205 20798 57 26 20 20 28 24 28 20 439 137
internal_value=-7.44049e-09 -0.0129091 3.6205 9.63616 -2.26148 0.00142467 -1.00923 -0.649973 -1.05438 -0.763051 -0.421416 -9.01218 -0.702786 -1.07454 5.09382 -8.43438 4.90925 -0.629612 1.33112 0.0478241 0.658954 6.45763 3.72422 -0.0381553 -4.84886 -0.551429 0.448353 -4.81911 2.01666 2.37773
internal_weight=25050 24961 89 44 45 24923 1094 1047 976 952 919 47 896 842 54 48 71 794 249 23829 2939 103 77 20890 92 64 2836 40 604 576
internal_count=25050 24961 89 44 45 24923 1094 1047 976 952 919 47 896 842 54 48 71 794 249 23829 2939 103 77 20890 92 64 2836 40 604 576
is_linear=0
shrinkage=0.05


Tree=28
num_leaves=31
num_cat=0
split_feature=120 66 1 161 269 153 268 155 61 229 257 66 280 12 266 183 142 127 40 38 103 152 5 176 172 26 271 222 273 260
split_gain=462330 825131 785616 610265 1.25385e+06 1.01865e+06 1.83797e+06 1.58436e+06 945312 926759 1.12385e+06 1.52223e+06 841698 1.4364e+06 1.00666e+06 880122 877329 837465 799886 783161 881315 1.37205e+06 1.2509e+06 1.49531e+06 1.0087e+06 1.01985e+06 852693 847259 770937 905922
threshold=-1136.2499999999998 98.250000000000014 -3291.2499999999995 -37.749999999999993 -1085.2499999999998 -663.12243652343739 -492.74999999999994 273.25000000000006 537.80807495117199 1045.2505493164065 879.99746704101574 2813.5000000000005 54.750000000000007 653.59622192382824 281.25000000000006 -1069.2499999999998 -794.74999999999989 -486.24999999999994 545.15829467773449 3103.2500000000005 449.77992248535162 483.63320922851568 512.03503417968761 1807.2500000000002 4602.1325683593759 598.99819946289074 636.49594116210949 775.33657836914074 368.75000000000006 404.25000000000006
decision_type=2 2 2 2 2 2 2 2 2 2 2 2 2 2 2 2 2 2 2 2 2 2 2 2 2 2 2 2 2 2
left_child=1 -1 -2 8 -5 6 7 -6 18 10 19 -12 13 -10 -14 -15 -16 -17 -4 27 21 -21 23 -22 25 26 -24 -7 29 -8
right_child=2 -3 3 4 5 9 28 -9 12 -11 11 -13 14 15 16 17 -18 -19 -20 20 22 -23 24 -25 -26 -27 -28 -29 -30 -31
leaf_value=-0.55350848980048173 8.2972252368927002 -10.748758764266968 0.26955890027039325 -8.9057166489159183 -4.2290378021471424 -0.1165464178186584 -0.71483011916279793 -21.324069329966672 3.3386787151596673 8.1648358316982499 2.418992280960083 -13.108224412014611 8.3300223184767219 6.1487233114242557 6.4625074403039342 -12.495595160846053 -5.6364273455835168 -2.3909064469167163 -5.9483926149515014 1.442001089049924 2.0791106462478637 -11.901343584873461 0.18681251975623045 17.534055387272556 8.7427408330580771 4.9933793328025127 -13.898927933829171 -9.1527472496032711 4.0278416200117633 -9.5733590472685659
leaf_weight=2573 29 20 9668 41 33 11407 120 23 232 34 27 38 105 20 29 29 31 70 52 155 29 22 22 34 34 33 21 26 55 38
leaf_count=2573 29 20 9668 41 33 11407 120 23 232 34 27 38 105 20 29 29 31 70 52 155 29 22 22 34 34 33 21 26 55 38
internal_value=-2.32211e-09 -0.632145 0.0729907 0.0623566 -0.176624 -0.14717 -3.18977 -11.2502 0.347003 -0.0782875 -0.101943 -6.65846 2.43246 1.0479 5.37779 -3.41816 0.211391 -5.35087 0.236294 -0.0657741 2.264 -0.216494 4.80185 10.4199 1.58425 -1.61824 -6.69227 -0.137096 -1.07059 -2.84536
internal_weight=25050 2593 22457 22428 12192 12151 269 56 10236 11882 11848 65 516 351 165 119 60 99 9720 11783 350 177 173 63 110 76 43 11433 213 158
internal_count=25050 2593 22457 22428 12192 12151 269 56 10236 11882 11848 65 516 351 165 119 60 99 9720 11783 350 177 173 63 110 76 43 11433 213 158
is_linear=0
shrinkage=0.05


Tree=29
num_leaves=31
num_cat=0
split_feature=288 224 205 78 214 49 47 47 22 80 198 191 219 219 204 82 51 206 4 148 22 291 96 276 36 30 41 75 141 183
split_gain=452584 795168 787641 683671 525087 468355 1.38569e+06 1.77293e+06 1.34379e+06 1.7359e+06 1.16218e+06 1.26675e+06 1.68507e+06 1.03952e+06 965201 957065 1.0869e+06 879312 572409 1.05282e+06 1.16089e+06 904595 1.35757e+06 1.54417e+06 1.31571e+06 874389 801354 760509 684329 486301
threshold=20.250000000000004 616.75000000000011 -1133.7499999999998 666.75000000000011 582.23001098632824 3486.0000000000005 397.35771179199224 418.37471008300787 3858.0000000000005 2613.2500000000005 -1400.2499999999998 1262.7500000000002 1021.5000000000001 392.75000000000006 1652.0000000000002 624.58282470703136 4536.0000000000009 745.75000000000011 5106.8376464843759 1590.7500000000002 2697.2500000000005 2778.712524414063 487.39910888671881 167.75000000000003 2977.0000000000005 1251.7500000000002 2883.311645507813 496.07127380371099 1141.2500000000002 2061.2500000000005
decision_type=2 2 2 2 2 2 2 2 2 2 2 2 2 2 2 2 2 2 2 2 2 2 2 2 2 2 2 2 2 2
left_child=1 2 -1 -3 -5 8 14 -8 18 -10 -9 17 13 -13 -7 16 -14 -12 21 25 29 -2 23 26 -24 -20 -23 -22 -27 -21
right_child=5 3 -4 4 -6 6 7 10 9 -11 11 12 15 -15 -16 -17 -18 -19 19 20 27 22 24 -25 -26 28 -28 -29 -30 -31
leaf_value=-3.5500031010972131 0.05723182864100132 0.61815931995709739 -0.013096312944446074 -13.884881970882416 -4.8382080493149937 2.3050100644429525 -13.686884365081788 -9.553366212844848 -0.89199682570792538 -18.627592238512907 13.639055870708667 -0.013662009239196776 1.9053336461385091 -15.941420100984118 16.983109100659689 -2.7122422146797183 16.876988290656698 2.078250971333734 0.59478261756896977 -0.86793851733207716 -0.92628487834223994 -13.947480810772289 -16.866653085524035 4.8656946412978641 -0.41762996293604382 19.054776916503908 -2.1184521245520291 11.446323494289233 5.9749378192424771 -11.640542946078561
leaf_weight=180 22803 48 1254 20 81 21 20 20 37 22 38 20 27 21 24 30 22 29 25 20 27 22 31 62 20 20 41 23 20 22
leaf_count=180 22803 48 1254 20 81 21 20 20 37 22 38 20 27 21 24 30 22 29 25 20 27 22 31 62 20 20 41 23 20 22
internal_value=-2.34999e-09 -0.818284 -0.45706 -4.29477 -6.62963 0.0551985 2.11793 0.528968 0.0310096 -7.50527 1.90248 3.1277 0.0527285 -8.17178 10.1333 4.32115 8.6273 8.63513 0.0502282 3.05904 -0.382554 0.029671 -3.54118 -0.736224 -10.4161 7.93021 -6.24922 4.76511 12.5149 -6.51073
internal_weight=25050 1583 1434 149 101 23467 272 227 23195 59 207 187 120 41 45 79 49 67 23136 157 92 22979 176 125 51 65 63 50 40 42
internal_count=25050 1583 1434 149 101 23467 272 227 23195 59 207 187 120 41 45 79 49 67 23136 157 92 22979 176 125 51 65 63 50 40 42
is_linear=0
shrinkage=0.05


Tree=30
num_leaves=31
num_cat=0
split_feature=221 179 222 264 82 213 191 160 268 141 136 278 40 25 138 98 163 27 222 155 16 257 254 288 222 226 261 40 227 41
split_gain=441760 815768 780836 870027 1.38349e+06 1.08326e+06 1.05756e+06 1.02852e+06 898588 704589 1.3195e+06 862602 680260 660041 596896 593562 616761 959655 583958 697228 586872 580411 543512 1.0156e+06 617576 1.31934e+06 1.45726e+06 683280 909283 668677
threshold=-1980.1549682617185 -2152.6025390624995 588.47909545898449 505.92158508300787 570.11660766601574 -459.74999999999994 -2074.2499999999995 -2384.825317382812 -1411.2499999999998 -61.249999999999993 -205.74999999999997 434.12649536132818 383.09368896484381 -4330.5124511718741 505.92158508300787 -520.74999999999989 -909.74999999999989 -2737.1125488281245 406.79368591308599 -735.74999999999989 -2331.7499999999995 537.80807495117199 -1954.2499999999998 292.25000000000006 1045.2505493164065 -100.74999999999999 -747.24999999999989 1045.2505493164065 1464.7500000000002 -2182.958862304687
decision_type=2 2 2 2 2 2 2 2 2 2 2 2 2 2 2 2 2 2 2 2 2 2 2 2 2 2 2 2 2 2
left_child=2 -2 3 6 5 14 7 -1 -8 11 -11 15 -12 -4 -5 16 -10 -18 -13 -20 -21 -7 23 -3 27 26 -26 29 -29 -24
right_child=1 22 13 4 -6 21 8 -9 9 10 12 18 -14 -15 -16 -17 17 -19 19 20 -22 -23 24 -25 25 -27 -28 28 -30 -31
leaf_value=-2.5346099236181807 7.2816895760022682 -8.9592438860373065 -13.905081846714021 5.5941673655258981 11.138509754130716 -0.0013690057008162789 8.9233430206775672 -14.271246552467346 -1.0602475504613318 14.480925614493234 -6.3676984014511113 -11.081376982287125 4.5666877284194483 -2.4579200401902201 -3.3122509384155272 -6.9871721700259615 10.175158939361573 0.64994544066121229 -0.84319577016563052 -13.86438249297764 -2.9956001820387663 -11.007238706111908 2.5579665004529737 3.6607572202682501 8.3087862088130073 13.439163886176216 -8.2759314572369611 -10.47164732524327 2.1642473300298053 0.027094721179892051
leaf_weight=56 39 44 20 76 38 23 24 28 783 21 25 27 33 34 25 35 30 223 107 23 27 25 264 25 26 27 27 35 24 22856
leaf_count=56 39 44 20 76 38 23 24 28 783 21 25 27 33 34 25 35 30 223 107 23 27 25 264 25 26 27 27 35 24 22856
internal_value=3.92597e-09 0.0563508 -0.782382 -0.586297 2.62247 0.450591 -1.00241 -6.44682 -0.665645 -0.83816 3.74187 -1.12646 -0.14641 -6.69761 3.38961 -0.58313 -0.366777 1.77942 -4.28903 -3.12092 -7.99524 -5.73359 0.0442714 -4.38678 0.0574165 4.44295 -0.140032 0.0422803 -5.33162 0.0559939
internal_weight=25050 23367 1683 1629 187 149 1442 84 1358 1334 79 1255 58 54 101 1071 1036 253 184 157 50 48 23328 69 23259 80 53 23179 59 23120
internal_count=25050 23367 1683 1629 187 149 1442 84 1358 1334 79 1255 58 54 101 1071 1036 253 184 157 50 48 23328 69 23259 80 53 23179 59 23120
is_linear=0
shrinkage=0.05


Tree=31
num_leaves=31
num_cat=0
split_feature=288 112 252 12 169 143 110 208 215 58 227 233 108 59 38 87 253 260 289 112 65 136 221 52 51 240 219 56 96 52
split_gain=429427 817297 574996 761100 630896 653349 736384 630646 599227 588730 533966 1.13047e+06 963701 828852 795139 659923 530355 754027 500937 491950 682001 562114 491994 469698 464397 1.88197e+06 1.80535e+06 642830 2.73242e+06 727959
threshold=76.750000000000014 3072.7500000000005 386.75000000000006 491.92401123046881 -886.74999999999989 -844.74999999999989 368.34750366210943 452.66287231445318 624.58282470703136 915.25000000000011 -2029.4999999999998 -1939.2499999999998 -922.74999999999989 -1270.7499999999998 -2672.9999999999995 -1985.4999999999998 731.75000000000011 685.75000000000011 -442.24999999999994 -1598.7499999999998 -2144.7499999999995 -1034.7499999999998 2997.6425781250005 -1987.2499999999998 4536.0000000000009 1986.0000000000002 895.25000000000011 3850.0000000000005 578.96932983398449 3467.7500000000005
decision_type=2 2 2 2 2 2 2 2 2 2 2 2 2 2 2 2 2 2 2 2 2 2 2 2 2 2 2 2 2 2
left_child=1 2 4 7 5 -1 -7 18 -5 -9 12 13 14 15 -2 -12 17 19 -4 21 -21 -6 23 -22 27 26 -26 29 -29 -13
right_child=10 -3 3 8 16 6 -8 9 -10 -11 11 24 -14 -15 -16 -17 -18 -19 -20 20 22 -23 -24 -25 25 -27 -28 28 -30 -31
leaf_value=-0.95430963191868678 6.8316876769065864 -10.165108519544205 -7.5395463956519961 -2.970750189395178 1.6322263445015306 -2.2142511044957618 -12.42605610644376 10.269092018707939 -12.747812548875809 -1.0439405233963677 -6.8770539001985034 0.12688314906071646 13.744817169234157 -11.023905617151506 -5.1940596845414904 5.6721115618944173 7.1836955363933859 -6.6485218150275092 -1.146187994018611 -5.6946307693536475 6.4848048133509497 10.400836291096427 6.7912652958874347 -0.0075816239514105059 -0.11806478192729336 -9.0105701628185457 17.087692818641663 2.4858635496210173 -16.3344085483253 4.9376194683811336
leaf_weight=797 28 21 32 42 108 51 27 23 25 23 22 17089 20 39 27 20 26 42 720 52 28 22 27 5494 31 21 30 54 30 79
leaf_count=797 28 21 32 42 108 51 27 23 25 23 22 17089 20 39 27 20 26 42 720 52 28 22 27 5494 31 21 30 54 30 79
internal_value=-4.93604e-09 -0.31488 -0.287442 -1.50036 -0.130239 -1.38173 -5.74911 -1.0706 -6.61891 4.61258 0.136106 0.117976 4.34592 -5.77513 0.928139 -0.901261 0.0585966 0.0265071 -1.41825 0.0754255 0.00484993 3.11614 0.0582601 0.0253388 0.145514 3.89938 8.34378 0.127671 -4.23566 0.14902
internal_weight=25050 7560 7539 865 6674 875 78 798 67 46 17490 17415 75 81 55 42 5799 5773 752 5731 5601 130 5549 5522 17334 82 61 17252 84 17168
internal_count=25050 7560 7539 865 6674 875 78 798 67 46 17490 17415 75 81 55 42 5799 5773 752 5731 5601 130 5549 5522 17334 82 61 17252 84 17168
is_linear=0
shrinkage=0.05


Tree=32
num_leaves=31
num_cat=0
split_feature=143 255 142 91 254 255 114 92 19 30 66 78 257 58 206 126 219 156 255 252 130 65 107 190 30 257 254 169 222 37
split_gain=419402 1.09733e+06 547239 527765 627948 473885 508169 733106 744026 458785 448357 994341 1.04249e+06 719654 511422 751557 1.29226e+06 779722 740858 667935 600779 511152 855308 735644 632549 542763 501041 518418 534603 495053
threshold=-2175.7499999999995 322.25000000000006 -2446.7499999999995 -1660.7499999999998 -882.24999999999989 40.250000000000007 -1542.2499999999998 -1391.2499999999998 570.11660766601574 -4009.4999999999995 -1890.9999999999998 -1254.7499999999998 452.66287231445318 -2669.7499999999995 -533.74999999999989 -956.49999999999989 -42.249999999999993 -701.74999999999989 177.25000000000003 -18.749999999999996 -2757.6650390624995 -2144.7499999999995 -1361.7499999999998 -540.24999999999989 -2806.9999999999995 461.08456420898443 -146.74999999999997 -790.74999999999989 476.75883483886724 -2020.2499999999998
decision_type=2 2 2 2 2 2 2 2 2 2 2 2 2 2 2 2 2 2 2 2 2 2 2 2 2 2 2 2 2 2
left_child=1 5 3 4 -2 6 7 -1 -9 -4 11 14 -13 -12 18 17 -17 19 26 20 -16 22 23 -15 25 -23 27 -11 29 -29
right_child=2 -3 9 -5 -6 -7 -8 8 -10 10 13 12 -14 21 15 16 -18 -19 -20 -21 -22 24 -24 -25 -26 -27 -28 28 -30 -31
leaf_value=-0.93818407864879372 1.3844323730468751 -11.971709386507671 5.9051718104969382 -1.2716705398559571 13.498416535750678 5.3134081998041705 6.0916913736434211 -2.4545292393914586 -14.990217704772949 -0.68509324960747875 8.364906663161058 -0.99330182075500495 -14.303112985406603 -1.8297196230580732 -11.278184911182949 -3.207320307074367 11.689861037830513 -10.574771995404188 6.6488816709053227 0.79313122403362524 -2.9343774193144863 9.4598761121431991 3.8992381439208987 -13.010444478158441 0.043273670638818297 -0.82278614782151716 -6.1004144007819043 3.6528361996918015 9.1595886177486854 -4.0071639937739221
leaf_weight=278 20 24 33 25 23 28 21 29 20 486 26 31 28 31 28 37 24 34 41 92 94 33 25 28 23331 21 35 66 27 31
leaf_count=278 20 24 33 25 23 28 21 29 20 486 26 31 28 31 28 37 24 34 41 92 94 33 25 28 23331 21 35 66 27 31
internal_value=6.1188e-09 -1.60605 0.0260617 4.5053 7.86401 -0.944415 -1.44792 -1.93211 -7.57114 0.013671 0.00575135 -1.00311 -7.30982 0.0510096 -0.629146 -2.31815 2.65387 -3.54111 0.131645 -2.42361 -4.84935 0.0417991 -3.85158 -7.13583 0.0557843 5.46106 -0.282629 0.0511782 2.93689 1.20479
internal_weight=25050 400 24650 68 43 376 348 327 49 24582 24549 1054 59 23495 995 309 61 248 686 214 122 23469 84 59 23385 54 645 610 124 97
internal_count=25050 400 24650 68 43 376 348 327 49 24582 24549 1054 59 23495 995 309 61 248 686 214 122 23469 84 59 23385 54 645 610 124 97
is_linear=0
shrinkage=0.05


Tree=33
num_leaves=31
num_cat=0
split_feature=289 248 170 191 229 20 217 4 265 253 117 236 268 82 292 156 149 281 122 227 209 184 62 103 64 190 274 23 255 192
split_gain=402257 445981 1.17546e+06 1.15963e+06 1.01497e+06 979926 725231 755060 1.32438e+06 764019 788119 1.10125e+06 1.08352e+06 783700 916745 706950 758163 691767 874233 746963 1.86586e+06 794212 1.03161e+06 854332 848007 2.00238e+06 1.42266e+06 1.26949e+06 726644 851541
threshold=-7.2499999999999991 538.25000000000011 2598.7500000000005 -1533.2499999999998 1045.2505493164065 5280.8427734375009 1815.2500000000002 5106.8376464843759 826.74783325195324 691.25000000000011 402.01121520996099 674.41351318359386 55.750000000000007 441.63258361816412 496.07127380371099 333.25000000000006 851.25000000000011 170.25000000000003 2950.2500000000005 682.75000000000011 1995.3743896484377 -307.24999999999994 -839.45953369140614 323.27478027343756 4073.7500000000005 2863.0000000000005 1670.0000000000002 4651.2500000000009 436.25000000000006 -19.749999999999996
decision_type=2 2 2 2 2 2 2 2 2 2 2 2 2 2 2 2 2 2 2 2 2 2 2 2 2 2 2 2 2 2
left_child=1 2 5 -3 17 6 7 9 -9 -1 -11 12 13 -12 -15 -14 -17 18 -5 20 28 -21 23 -23 -24 -26 27 -27 -19 -30
right_child=-2 3 -4 4 -6 -7 -8 8 -10 10 11 -13 15 14 -16 16 -18 19 -20 21 -22 22 24 -25 25 26 -28 -29 29 -31
leaf_value=0.0033746619531475593 1.339764314100663 -12.556871204376222 9.4864954348766446 -1.5881428013660919 9.5556634864807126 -9.6584358297861552 -6.5889220634248211 8.1388479471206665 -5.1023206178958604 0.11019637690650093 18.199119047685102 -6.1384703289378777 5.6748644836365232 -1.4905697214603426 12.0001996958957 -9.7081161057949075 4.0592626607418065 2.0090485197119414 -11.099794162750245 -6.8817175425387722 -15.158985241254172 -3.3220709453929551 -0.016301266850167813 7.8036205685138702 18.949768297672275 4.3501796150207523 11.338223847888765 -13.251382185163955 1.8188944361103117 -2.6407655749729964
leaf_weight=20370 548 20 33 717 25 26 41 69 26 225 22 22 63 20 34 20 20 160 25 37 24 22 1653 80 20 20 21 21 134 532
leaf_count=20370 548 20 33 717 25 26 41 69 26 225 22 22 63 20 34 20 20 160 25 37 24 22 1653 80 20 20 21 21 134 532
internal_value=4.79082e-09 -0.0299645 0.0572776 -0.551554 -0.482775 0.0424306 0.0544802 0.0675183 4.51495 0.0472016 2.14287 4.41825 5.71573 10.2444 7.00362 2.37417 -2.82443 -0.555182 -1.90862 -0.186515 -1.41591 0.371108 0.517191 5.40396 0.2299 5.19296 0.755279 -4.66525 -1.0166 -1.74348
internal_weight=25050 24502 20991 3511 3491 20958 20932 20891 95 20796 426 201 179 76 54 103 40 3466 742 2724 850 1874 1837 102 1735 82 62 41 826 666
internal_count=25050 24502 20991 3511 3491 20958 20932 20891 95 20796 426 201 179 76 54 103 40 3466 742 2724 850 1874 1837 102 1735 82 62 41 826 666
is_linear=0
shrinkage=0.05


Tree=34
num_leaves=31
num_cat=0
split_feature=267 61 288 268 124 267 143 240 171 248 288 264 277 289 137 283 90 23 22 242 73 115 138 135 264 65 225 71 44 281
split_gain=404482 928920 951451 896880 1.66693e+06 1.16165e+06 1.67056e+06 854333 832400 986947 867559 713948 669930 612995 561367 542891 482041 705419 1.14813e+06 908315 851063 870987 684526 662096 633231 542998 1.04927e+06 754837 1.11746e+06 897404
threshold=-632.24999999999989 653.59622192382824 247.75000000000003 -961.24999999999989 879.99746704101574 240.25000000000003 2030.2500000000002 -1883.9999999999998 -14.749999999999998 -799.74999999999989 106.75000000000001 552.32839965820324 758.23751831054699 -738.49999999999989 -1476.4425048828123 -478.49999999999994 -3078.3593749999995 -3123.9999999999995 -3083.2499999999995 -2103.474975585937 -1993.9999999999998 -1666.7499999999998 530.86532592773449 -1488.7499999999998 505.92158508300787 -2144.7499999999995 -1494.7499999999998 -1937.2499999999998 -1960.7499999999998 -39.249999999999993
decision_type=2 2 2 2 2 2 2 2 2 2 2 2 2 2 2 2 2 2 2 2 2 2 2 2 2 2 2 2 2 2
left_child=1 2 -1 4 5 6 8 11 9 15 -10 -5 -12 -3 -4 -2 22 18 23 -20 21 -21 24 -18 -9 26 -19 -28 29 -29
right_child=3 13 14 7 -6 -7 -8 16 10 -11 12 -13 -14 -15 -16 -17 17 25 19 20 -22 -23 -24 -25 -26 -27 27 28 -30 -31
leaf_value=-1.6172562178200498 9.3611346378326417 -13.897866240791652 9.6012859757741307 -0.49649043250828984 14.593354562612681 11.726271705444043 -12.902741331145876 -4.7944185311977678 -0.64561303413727078 -3.8305624755720298 4.1058996473039899 -11.058419166319073 15.043464062895096 -2.2236056105657056 1.1764716824580883 1.3255200172329999 -7.6548338251729167 9.9964811134338376 1.1199817007238215 7.3368507582208382 2.0567984726118005 21.603798360824584 -10.344322020273943 4.0137888309359555 3.5734180992841722 0.043629363322671755 -0.28719560641198344 -6.9894798528403044 -9.2224568865192467 -0.07557474762539973
leaf_weight=469 25 23 30 32 26 26 21 52 33 96 28 32 28 22 58 132 31 20 55 23 23 20 26 20 40 22909 443 64 67 176
leaf_count=469 25 23 30 32 26 26 21 52 33 96 28 32 28 22 58 132 31 20 55 23 23 20 26 20 40 22909 443 64 67 176
internal_value=3.20389e-09 -1.28038 -0.722117 0.0315277 2.33613 1.51688 0.785626 -0.00826793 1.62614 0.163095 5.78513 -5.77745 9.57468 -8.19045 4.04857 2.60508 0.00713647 0.022908 3.2134 5.86553 9.82015 13.9726 -3.18072 -3.0789 -1.15623 -0.000267132 -1.30627 -1.60768 -3.51314 -1.91928
internal_weight=25050 602 557 24448 415 389 363 24033 342 253 89 64 56 45 88 157 23969 23851 172 121 66 43 118 51 92 23679 770 750 307 240
internal_count=25050 602 557 24448 415 389 363 24033 342 253 89 64 56 45 88 157 23969 23851 172 121 66 43 118 51 92 23679 770 750 307 240
is_linear=0
shrinkage=0.05


Tree=35
num_leaves=31
num_cat=0
split_feature=40 23 0 166 287 201 201 218 257 36 93 70 214 89 285 194 124 12 206 175 187 257 190 149 134 98 262 64 23 29
split_gain=394001 796289 1.02132e+06 642730 1.53881e+06 542864 654117 682751 517171 501843 437434 725956 416353 984156 658503 642834 867765 672666 942976 646388 857637 846094 746023 666724 725304 624961 968104 672221 719368 650746
threshold=1045.2505493164065 695.25000000000011 -303.49999999999994 1045.2505493164065 -1.0000000180025095e-35 1045.2505493164065 879.99746704101574 1034.5000000000002 879.99746704101574 -925.24999999999989 -3594.7499999999995 -3521.2499999999995 -2160.8349609374995 570.11660766601574 505.92158508300787 518.72827148437511 505.92158508300787 552.32839965820324 -206.24999999999997 -864.24999999999989 328.27047729492193 505.92158508300787 -1899.2499999999998 -1103.7499999999998 -838.99999999999989 -2624.7499999999995 -209.74999999999997 -2591.9999999999995 -3123.9999999999995 -2501.9999999999995
decision_type=2 2 2 2 2 2 2 2 2 2 2 2 2 2 2 2 2 2 2 2 2 2 2 2 2 2 2 2 2 2
left_child=3 2 9 5 -5 6 8 -8 10 -2 -1 -12 13 15 -15 16 19 18 -17 21 -21 22 -13 -24 -25 26 -14 -27 29 -29
right_child=1 -3 -4 4 -6 -7 7 -9 -10 -11 11 12 25 14 -16 17 -18 -19 -20 20 -22 -23 23 24 -26 27 -28 28 -30 -31
leaf_value=-3.640299429544589 0.59194496472676594 -9.9496984132130954 8.6901100592179734 -3.1597823858261109 14.745110042889914 -8.233001708984375 0.41317827788492045 12.921728792190553 -6.165287125811858 -9.8628585035150707 6.9232185213189386 -9.9818798199296008 -0.44911499538937139 -1.6204510478746323 9.4649717200446783 -2.1388765811920165 7.374924801241967 -0.68522696548038065 -15.739186462989222 4.6575180562886791 -0.84998830866395392 5.1396798008366638 -1.4401409695504868 -12.199660794436932 -2.440336955100932 -7.2022186764515936 11.752100689657803 1.6542420090513028 0.034314746791944586 11.773540612061819
leaf_weight=82 24 30 22 24 24 20 24 20 34 22 38 32 37 21 37 25 31 45 26 94 285 38 485 32 47 32 29 47 23319 24
leaf_count=82 24 30 22 24 24 20 24 20 34 22 38 32 37 21 37 25 31 45 26 94 285 38 485 32 47 32 29 47 23319 24
internal_value=2.39156e-09 -3.16413 -0.170497 0.0124273 5.79266 0.00128642 0.00790456 6.09888 -0.00288462 -4.40818 0.00556179 0.0176537 0.00702374 -0.902199 5.45128 -1.22545 -0.865405 -5.1409 -9.07237 -1.11758 0.51599 -2.09411 -2.55532 -2.13396 -6.39348 0.0533984 4.91203 0.0397075 0.0496152 5.07485
internal_weight=25050 98 68 24952 48 24904 24884 44 24840 46 24806 24724 24686 1198 58 1140 1044 96 51 1013 379 634 596 564 79 23488 66 23422 23390 71
internal_count=25050 98 68 24952 48 24904 24884 44 24840 46 24806 24724 24686 1198 58 1140 1044 96 51 1013 379 634 596 564 79 23488 66 23422 23390 71
is_linear=0
shrinkage=0.05


Tree=36
num_leaves=31
num_cat=0
split_feature=288 224 205 52 69 96 82 220 126 0 56 37 283 22 57 78 57 258 260 251 131 110 261 281 257 273 138 239 160 180
split_gain=381338 690802 674409 609135 403584 1.14557e+06 3.27756e+06 990910 990103 1.18846e+06 908773 880924 619161 516995 1.03691e+06 908970 579088 590624 1.04558e+06 678368 670314 641257 533034 951852 586639 555472 643788 693253 749243 691961
threshold=20.250000000000004 616.75000000000011 -1133.7499999999998 682.00000000000011 3952.567749023438 674.41351318359386 624.58282470703136 1724.2500000000002 4158.0000000000009 5136.5000000000009 3850.0000000000005 4599.0000000000009 143.75000000000003 3858.0000000000005 2962.2500000000005 3255.5000000000005 3670.7500000000005 2083.674438476563 1999.0000000000002 1947.5631103515627 455.76057434082037 500.19013977050787 727.00000000000011 170.25000000000003 367.07226562500006 1431.2500000000002 393.05549621582037 1550.5000000000002 1415.9131469726565 319.63352966308599
decision_type=2 2 2 2 2 2 2 2 2 2 2 2 2 2 2 2 2 2 2 2 2 2 2 2 2 2 2 2 2 2
left_child=1 2 -1 -3 10 6 8 -7 11 -10 13 12 -6 16 -15 -16 17 18 19 22 -21 -19 -2 24 -24 26 29 28 -28 -25
right_child=4 3 -4 -5 5 7 -8 -9 9 -11 -12 -13 -14 14 15 -17 -18 21 -20 20 -22 -23 23 25 -26 -27 27 -29 -30 -31
leaf_value=-3.2764346014791066 0.073237645279456087 0.012985245215481726 -0.0036214264540485978 -6.5437112037952136 -0.86809569412108623 16.25448398590088 -16.705046243965626 1.3821881248837427 0.3522769610087077 16.344750675788294 -8.6649162777761628 -8.4667581774971712 10.114429153714863 -13.850866446495056 6.2322218308082 -6.6425774574279792 5.9934594221231414 -0.93082247553644959 10.714108773936395 1.6126612934955333 12.510870354516166 -11.710350556807086 -3.2451014757156376 -2.0455187772676862 -14.839846582412719 7.1007084210713707 -3.0115878626459938 -6.6939194391806458 5.1110861037228563 2.8308523835792934
leaf_weight=180 22382 58 1254 91 33 24 24 21 21 26 30 22 21 20 26 29 41 37 23 43 21 22 24 145 20 21 122 86 37 146
leaf_count=180 22382 58 1254 91 33 24 24 21 21 26 30 22 21 20 26 29 41 37 23 43 21 22 24 145 20 21 122 86 37 146
internal_value=4.39848e-09 -0.751121 -0.414435 -3.99144 0.0506679 2.33365 0.196785 9.31408 3.4947 9.19918 0.0318352 -0.0330635 3.40289 0.0430592 -4.10152 -0.556309 0.056475 0.0459507 0.0587283 0.0480946 5.18864 -4.95031 0.0337799 -1.43568 -8.51544 -0.876412 -1.18895 -3.07747 -1.12141 0.401045
internal_weight=25050 1583 1434 149 23467 192 147 45 123 47 23275 76 54 23245 75 55 23170 23129 23070 23047 64 59 22983 601 44 557 536 245 159 291
internal_count=25050 1583 1434 149 23467 192 147 45 123 47 23275 76 54 23245 75 55 23170 23129 23070 23047 64 59 22983 601 44 557 536 245 159 291
is_linear=0
shrinkage=0.05


Tree=37
num_leaves=31
num_cat=0
split_feature=282 285 229 134 5 292 135 101 284 64 238 168 57 4 198 201 278 124 186 213 9 282 281 264 96 0 22 194 204 226
split_gain=375201 674547 513873 1.20197e+06 1.12173e+06 567077 603008 1.39951e+06 1.02035e+06 984404 983117 737797 1.17441e+06 691241 650126 747172 666618 458003 1.09867e+06 1.21743e+06 781679 790553 919322 554007 518980 796475 1.15494e+06 789848 734379 1.27113e+06
threshold=-1092.2499999999998 387.31033325195318 1045.2505493164065 -767.24999999999989 653.59622192382824 1045.2505493164065 3672.0000000000005 4480.0000000000009 4516.8000488281259 4073.7500000000005 832.25000000000011 2895.0000000000005 2962.2500000000005 3308.122436523438 2231.5000000000005 449.77992248535162 879.99746704101574 724.36727905273449 3023.8774414062505 427.75000000000006 793.25000000000011 82.250000000000014 398.25000000000006 624.58282470703136 552.32839965820324 3205.7500000000005 2916.5000000000005 578.96932983398449 131.25000000000003 -471.74999999999994
decision_type=2 2 2 2 2 2 2 2 2 2 2 2 2 2 2 2 2 2 2 2 2 2 2 2 2 2 2 2 2 2
left_child=1 -1 5 -4 -5 6 7 9 -8 11 -11 14 -13 -12 16 -16 17 24 20 -20 21 22 23 -19 27 26 28 -2 -26 -30
right_child=2 -3 3 4 -6 -7 8 -9 -10 10 13 12 -14 -15 15 -17 -18 18 19 -21 -22 -23 -24 -25 25 -27 -28 -29 29 -31
leaf_value=5.0565209627151493 0.0054447828316922442 -3.305246435756656 -4.7618691884554352 -0.98037677884101881 14.026139169750792 -8.2083035241989872 -0.31939489480220912 -13.221154193878176 13.58198282068426 -1.7008484409405638 17.413622355088592 -0.47705822681125842 -15.445881972312927 4.7037850587264352 0.33769810135300093 11.163427693503245 -6.623308708793239 -9.9734174842238446 11.851477088928224 -2.5112300761791833 -13.776971058845522 -11.18713845640421 7.5479737281799322 -1.1142794596528014 2.2489761060409683 -7.5424564985128555 10.381048017827904 -2.8146975998384547 -6.7707877327414128 0.63318743077853257
leaf_weight=28 22909 174 26 20 33 21 33 20 22 26 20 38 20 23 37 28 38 25 25 36 20 25 23 60 548 26 34 251 68 393
leaf_count=28 22909 174 26 20 33 21 33 20 22 26 20 38 20 23 37 28 38 25 25 36 20 25 23 60 548 26 34 251 68 393
internal_value=4.53377e-09 -2.14619 0.0174473 4.04363 8.3633 0.00460592 0.011575 -7.31085e-05 5.24116 0.0106439 5.97446 -0.00608111 -5.63872 10.6153 0.00722832 5.00109 -0.00603099 0.00425648 -2.29871 3.37513 -4.56083 -3.17494 -1.32027 -3.71991 0.0245972 1.1017 1.31718 -0.0251189 1.01176 -0.458939
internal_weight=25050 202 24848 79 53 24769 24748 24693 55 24673 69 24604 58 43 24546 65 24481 24443 214 61 153 133 108 85 24229 1069 1043 23160 1009 461
internal_count=25050 202 24848 79 53 24769 24748 24693 55 24673 69 24604 58 43 24546 65 24481 24443 214 61 153 133 108 85 24229 1069 1043 23160 1009 461
is_linear=0
shrinkage=0.05


Tree=38
num_leaves=31
num_cat=0
split_feature=289 262 190 287 60 283 208 157 106 92 288 2 6 288 31 181 155 243 241 275 269 106 261 268 89 260 215 280 283 210
split_gain=373051 696872 1.07783e+06 1.70618e+06 1.22792e+06 1.11513e+06 745248 968817 1.2613e+06 1.39764e+06 1.03265e+06 1.03115e+06 1.21834e+06 1.01816e+06 901460 842252 1.09001e+06 841327 934358 809775 806707 797315 793704 852271 813194 829342 825197 1.06087e+06 1.2109e+06 1.14231e+06
threshold=-70.749999999999986 1651.2500000000002 3435.2500000000005 20.750000000000004 5987.1423339843759 112.75000000000001 653.59622192382824 2663.7500000000005 2857.7500000000005 2345.5000000000005 195.75000000000003 1175.7500000000002 3447.118774414063 275.25000000000006 4016.2500000000005 1227.2875976562502 1849.2500000000002 674.41351318359386 -1317.2499999999998 -456.74999999999994 -120.24999999999999 526.25000000000011 727.00000000000011 575.25000000000011 537.80807495117199 1421.2500000000002 418.37471008300787 33.250000000000007 166.75000000000003 -1560.7499999999998
decision_type=2 2 2 2 2 2 2 2 2 2 2 2 2 2 2 2 2 2 2 2 2 2 2 2 2 2 2 2 2 2
left_child=1 2 4 -4 6 -6 14 8 9 11 -10 17 13 -13 22 -11 -17 -8 -19 -14 -20 -22 24 -24 25 -1 -26 28 29 -28
right_child=-2 -3 3 -5 5 -7 7 -9 10 15 -12 12 19 -15 -16 16 -18 18 20 -21 21 -23 23 -25 26 -27 27 -29 -30 -31
leaf_value=-0.13465735665440942 0.32377449513735751 5.1347145917869756 0.72302885055541999 -17.883977933363482 1.3577294279789103 16.486668972174325 -7.4439625811419994 -12.509242930866424 -2.6656052398681642 -0.91845446597962155 12.102680834408465 2.3277977479828729 3.2610368179552482 15.623067105313144 7.937026606287275 -20.273071187734605 -4.4682260000705716 -11.457473657131196 3.6328242036700247 -7.9018599817529322 -0.54498954311661096 -11.294540720400605 -5.1813184312798768 -0.61067420909341597 -7.1825690722023996 9.1667598168055218 7.8049873929274716 4.1490740294325841 -7.4251196161905924 0.31409768437084401
leaf_weight=16383 6565 63 28 22 29 21 76 21 20 21 29 36 33 24 35 24 20 20 80 32 69 23 154 302 27 24 57 292 45 475
leaf_count=16383 6565 63 28 22 29 21 76 21 20 21 29 36 33 24 35 24 20 20 80 32 69 23 154 302 27 24 57 292 45 475
internal_value=2.03908e-09 -0.114989 -0.132942 -7.46405 -0.112991 7.71188 -0.134344 -1.98555 -1.54965 -2.36537 6.07481 -1.24207 2.50807 7.64591 -0.0794138 -9.15701 -13.0891 -2.99121 -1.22866 -2.23454 -0.0392603 -3.23238 -0.0952129 -2.15427 -0.0409489 -0.121051 1.42584 1.6933 0.45052 1.11669
internal_weight=25050 18485 18422 50 18372 50 18322 528 507 458 49 393 125 60 17794 65 44 268 192 65 172 92 17759 456 17303 16407 896 869 577 532
internal_count=25050 18485 18422 50 18372 50 18322 528 507 458 49 393 125 60 17794 65 44 268 192 65 172 92 17759 456 17303 16407 896 869 577 532
is_linear=0
shrinkage=0.05


Tree=39
num_leaves=31
num_cat=0
split_feature=143 255 142 281 283 0 257 222 159 292 192 136 30 0 194 101 150 288 87 78 132 209 170 269 262 267 12 273 114 202
split_gain=379711 941503 465187 488908 425415 407318 582202 489309 476237 560762 463252 417416 401497 404762 395206 358363 352151 342564 1.09288e+06 967296 881415 852092 943115 883539 764964 1.15839e+06 974342 943641 740173 712207
threshold=-2175.7499999999995 322.25000000000006 -2446.7499999999995 -20.249999999999996 270.25000000000006 -376.24999999999994 545.15829467773449 588.47909545898449 449.77992248535162 487.39910888671881 -2130.9999999999995 -2578.4999999999995 -4009.4999999999995 -4024.2499999999995 523.98001098632824 -2193.2499999999995 -1839.7499999999998 152.25000000000003 3618.7500000000005 3506.7500000000005 1169.5061645507815 431.03341674804693 -202.24999999999997 -54.249999999999993 879.50000000000011 826.25000000000011 467.49603271484381 -84.749999999999986 1430.2500000000002 401.14227294921881
decision_type=2 2 2 2 2 2 2 2 2 2 2 2 2 2 2 2 2 2 2 2 2 2 2 2 2 2 2 2 2 2
left_child=1 4 3 -2 5 6 8 14 9 -1 -9 -10 -4 -14 -8 -13 -5 18 19 20 -15 29 23 -23 25 26 -24 28 -28 -22
right_child=2 -3 12 16 -6 -7 7 10 11 -11 -12 15 13 17 -16 -17 -18 -19 -20 -21 21 22 24 -25 -26 -27 27 -29 -30 -31
leaf_value=-1.662657571068177 9.3790323151482493 -11.129669761657716 5.5247793284329507 -4.0341666769981392 6.1803486883640293 -6.6051610599864619 1.8264723864468662 -6.6208672904968271 -8.6173171421376669 6.7275073704620203 3.5885257732868201 1.4320789180696012 -6.3528862228393557 -0.001715978399924529 11.415949128922962 -6.9738343965439569 5.2362997554597399 0.2334340825955814 -8.3987096107006067 10.865859799310565 -2.9387479871511459 -1.2039386804287251 -0.94423354912111557 11.596183846678052 -7.5715041525820475 5.7693328869544862 -4.9212366048778806 -1.8692019159729416 -16.636924516237698 -14.96650708436966
leaf_weight=117 27 24 33 20 20 33 22 20 41 24 25 32 25 12716 21 21 21 10225 40 20 32 26 1183 28 47 59 28 74 26 20
leaf_count=117 27 24 33 20 20 33 22 20 41 24 25 32 25 12716 21 21 21 10225 40 20 32 26 1183 28 47 59 28 74 26 20
internal_value=-5.36856e-10 -1.52817 0.0247979 4.1546 -0.915306 -1.31394 -0.773349 2.6956 -2.07236 -0.234544 -0.948982 -4.82909 0.0133738 0.00596507 6.50971 -1.89857 0.714121 0.0124473 -0.145577 -0.122425 -0.137859 -1.27456 -1.0522 5.43316 -1.29935 -1.08417 -1.3926 -5.53653 -10.5621 -7.56481
internal_weight=25050 400 24650 68 376 356 323 88 235 141 45 94 24582 24549 43 53 41 24524 14299 14259 14239 1523 1471 54 1417 1370 1311 128 54 52
internal_count=25050 400 24650 68 376 356 323 88 235 141 45 94 24582 24549 43 53 41 24524 14299 14259 14239 1523 1471 54 1417 1370 1311 128 54 52
is_linear=0
shrinkage=0.05


Tree=40
num_leaves=31
num_cat=0
split_feature=240 260 197 261 51 0 69 20 6 254 205 232 233 12 275 177 286 246 232 156 228 41 262 45 72 1 289 255 40 261
split_gain=370693 828929 973070 1.6136e+06 1.07488e+06 738414 1.18709e+06 765218 769329 680017 1.17227e+06 1.35352e+06 646697 1.26957e+06 964909 842430 1.13066e+06 567372 1.03725e+06 693817 644473 752058 598301 556813 683325 536379 529319 515914 551538 515768
threshold=-856.74999999999989 813.25000000000011 948.75000000000011 -688.74999999999989 1697.7500000000002 3847.0000000000005 2645.757446289063 2209.8625488281255 2022.2471313476565 -557.74999999999989 1517.2500000000002 1216.7500000000002 2122.2500000000005 537.80807495117199 603.25000000000011 3105.2500000000005 2017.8587036132815 -102.24999999999999 -157.74999999999997 590.25000000000011 -1959.179992675781 -1521.3480224609373 -23.749999999999996 -895.24999999999989 -797.74999999999989 617.25000000000011 -7.2499999999999991 -744.24999999999989 464.46438598632818 727.00000000000011
decision_type=2 2 2 2 2 2 2 2 2 2 2 2 2 2 2 2 2 2 2 2 2 2 2 2 2 2 2 2 2 2
left_child=1 2 5 4 -4 6 7 8 -1 10 11 17 15 14 -14 26 -17 19 -19 22 -20 -22 -2 -23 -25 -24 29 -26 -29 -11
right_child=9 -3 3 -5 -6 -7 -8 -9 -10 12 -12 -13 13 -15 -16 16 -18 18 20 -21 21 23 25 24 27 -27 -28 28 -30 -31
leaf_value=-0.45056993209551816 0.91880064425470209 9.6233148288726813 7.7269359731674205 -16.933719523747765 -8.1221873656563144 7.9356700420379642 -11.37647733092308 5.5764106798630495 -7.8071979742497213 -0.024737641266161084 -10.404509370223337 13.008909474248473 6.661432075500489 10.977997678365464 -7.4450282202826603 -15.740399723052981 0.35651133855183925 8.2913592569644639 -5.4568062782287603 -3.477920991636458 11.014370676604186 -4.4941267776489253 -1.0202517755691287 10.262181492646535 -5.0982888566123119 -9.184614784240722 1.5867799297855245 0.80229184359312067 6.4283276370887101 -1.4069300946555021
leaf_weight=2770 1867 20 20 24 23 26 25 52 36 18147 23 23 22 39 27 20 24 65 31 105 22 35 103 24 27 25 491 175 58 701
leaf_count=2770 1867 20 20 24 23 26 25 52 36 18147 23 23 22 39 27 20 24 65 31 105 22 35 103 24 27 25 491 175 58 701
internal_value=2.06901e-09 -0.52185 -0.59003 -6.54748 -0.750502 -0.452818 -0.528469 -0.433577 -0.544953 0.0708925 0.833179 0.934142 -0.0302315 4.24634 -1.11152 -0.0496474 -6.96027 0.824675 2.4638 0.48358 1.44555 2.07303 0.69208 1.45639 2.18973 -2.61485 -0.0339244 1.44458 2.20276 -0.0761445
internal_weight=25050 2996 2976 67 43 2909 2883 2858 2806 22054 2583 2560 19471 88 49 19383 44 2537 437 2100 372 341 1995 319 284 128 19339 260 233 18848
internal_count=25050 2996 2976 67 43 2909 2883 2858 2806 22054 2583 2560 19471 88 49 19383 44 2537 437 2100 372 341 1995 319 284 128 19339 260 233 18848
is_linear=0
shrinkage=0.05


Tree=41
num_leaves=31
num_cat=0
split_feature=120 66 1 65 68 264 227 47 282 115 268 40 283 166 149 37 234 4 250 292 78 33 224 253 178 261 26 111 39 16
split_gain=361794 1.03298e+06 797591 653105 653421 1.21165e+06 798185 631960 787564 606265 762849 649139 1.3282e+06 1.04054e+06 783615 640683 588958 585993 542939 604021 655599 481996 470470 454884 773003 564197 462565 494770 457165 453112
threshold=-1060.7499999999998 98.250000000000014 -3291.2499999999995 -299.74999999999994 696.40509033203136 624.58282470703136 -873.24999999999989 636.49594116210949 -503.74999999999994 -1157.7499999999998 -852.24999999999989 1045.2505493164065 293.50000000000006 1045.2505493164065 310.25000000000006 -1135.2499999999998 -1897.7499999999998 -3045.4724121093745 653.59622192382824 624.58282470703136 -197.24999999999997 424.76710510253912 534.75000000000011 336.75000000000006 -1605.9999999999998 122.25000000000001 353.64941406250006 -1658.4586181640623 -315.38250732421869 -2654.7499999999995
decision_type=2 2 2 2 2 2 2 2 2 2 2 2 2 2 2 2 2 2 2 2 2 2 2 2 2 2 2 2 2 2
left_child=1 3 -2 4 7 -6 -7 18 -9 10 15 13 14 16 -13 -4 -11 21 19 20 22 -12 23 25 -25 -1 -26 -28 -29 -19
right_child=2 -3 9 -5 5 6 -8 8 -10 11 17 12 -14 -15 -16 -17 -18 29 -20 -21 -22 -23 -24 24 26 -27 27 28 -30 -31
leaf_value=-0.4882194143490215 9.1800029317537959 -10.847228745619457 2.9899875845227921 7.7824853276213011 -15.662544426172971 -9.0169883537292481 3.7160934738814833 12.45934018615101 0.69049948453903198 -7.650547487258911 0.3226178071328572 -6.9183877808707095 -14.634999167400858 9.3377626387278241 6.3071186463038131 13.230770937601726 0.02831044008713391 7.3043719992041591 -7.1845239957173668 5.9238965859284276 -7.6223484925925735 -9.4460140674010571 -6.8711450003087524 11.141232144832612 -1.8738445138269002 -8.7191518374851764 -0.33376490729195729 10.133958978950979 1.6822076581418515 1.1387039987994123
leaf_weight=2424 24 24 42 24 20 20 32 21 44 25 28 21 23 30 24 24 21327 32 30 37 32 23 28 20 90 21 63 32 32 433
leaf_count=2424 24 24 42 24 20 20 32 21 44 25 28 21 23 30 24 24 21327 32 30 37 32 23 28 20 90 21 63 32 32 433
internal_value=8.22756e-10 -0.515744 0.0700099 -0.432257 -0.49918 -5.20383 -1.18125 -0.381318 4.49274 0.0600861 1.65239 0.0168823 -4.86059 0.0323939 0.135216 6.71391 0.0193196 1.00499 -0.494103 -0.421878 -0.507507 -4.08284 -0.423494 -0.356181 1.73531 -0.558915 0.868406 2.81173 5.90808 1.56301
internal_weight=25050 2994 22056 2970 2946 72 52 2874 65 22032 582 21450 68 21382 45 66 21352 516 2809 2779 2742 51 2710 2682 237 2445 217 127 64 465
internal_count=25050 2994 22056 2970 2946 72 52 2874 65 22032 582 21450 68 21382 45 66 21352 516 2809 2779 2742 51 2710 2682 237 2445 217 127 64 465
is_linear=0
shrinkage=0.05


Tree=42
num_leaves=31
num_cat=0
split_feature=273 191 268 138 192 101 229 288 247 261 257 96 117 250 128 26 253 274 240 254 101 181 164 87 78 190 145 89 117 292
split_gain=354254 1.15089e+06 845479 1.67867e+06 1.0778e+06 741629 814991 703519 845170 674155 940256 591536 571226 503639 613025 470598 466545 459606 958413 500045 646997 456578 787186 728620 694743 677057 454808 859938 496196 452932
threshold=-676.24999999999989 1408.7500000000002 -961.24999999999989 560.00579833984386 161.75000000000003 2852.7500000000005 1045.2505493164065 429.75000000000006 -1314.4999999999998 -1181.7499999999998 570.11660766601574 480.18733215332037 383.09368896484381 570.11660766601574 345.75000000000006 323.30731201171881 -688.24999999999989 -466.74999999999994 -343.74999999999994 -1432.7499999999998 -794.74999999999989 88.326198577880874 9.2500000000000018 -473.74999999999994 411.75000000000006 -184.74999999999997 653.59622192382824 588.47909545898449 326.74089050292974 439.06622314453131
decision_type=2 2 2 2 2 2 2 2 2 2 2 2 2 2 2 2 2 2 2 2 2 2 2 2 2 2 2 2 2 2
left_child=1 5 3 13 -5 6 7 15 -9 10 11 12 -4 14 16 29 -2 18 -11 20 -19 22 24 -24 26 -23 27 28 -17 -1
right_child=2 -3 9 4 -6 -7 -8 8 -10 17 -12 -13 -14 -15 -16 21 -18 19 -20 -21 -22 25 23 -25 -26 -27 -28 -29 -30 -31
leaf_value=0.33669649934768681 2.8638001894950871 -12.229904307018629 0.021639501891638102 15.336966361497581 0.99704818606376655 8.8632349681854254 -10.377492549202659 12.76900981721424 -1.5928051614761354 1.1771889216231026 -12.224383924557614 6.1662118434906006 -9.9618660491445805 -6.1066256463527679 9.8505367290973673 -6.6175300587999066 -2.9526915326714516 0.43068612006402784 12.683148670196534 -0.002190719855526887 11.965491583347323 -12.458344811484928 11.90699939294295 -1.2791791486740114 5.2997031157357357 -2.6679881498620319 4.854506364076034 -10.681210286041788 -1.1643624723770951 8.0556388945806585
leaf_weight=200 85 22 38 38 20 20 22 21 20 131 26 20 23 24 20 47 58 31 21 23490 20 21 22 20 35 111 23 29 371 21
leaf_count=200 85 22 38 38 20 20 22 21 20 131 26 20 23 24 20 47 58 31 21 23490 20 21 22 20 35 111 23 29 371 21
internal_value=-2.21454e-09 -0.919714 0.038441 2.96067 10.3922 -0.666587 -0.864507 -0.642099 5.76325 0.00835918 -3.9515 -1.296 -3.74263 0.655715 1.6514 -0.933898 0.504664 0.0262423 2.76683 0.00854684 4.95414 -1.58618 -0.949257 5.62787 -1.49627 -4.22554 -2.00235 -2.35516 -1.77752 1.07017
internal_weight=25050 1005 24045 245 58 983 963 941 41 23800 107 81 61 187 163 900 143 23693 152 23541 51 679 547 42 505 132 470 447 418 221
internal_count=25050 1005 24045 245 58 983 963 941 41 23800 107 81 61 187 163 900 143 23693 152 23541 51 679 547 42 505 132 470 447 418 221
is_linear=0
shrinkage=0.05


Tree=43
num_leaves=31
num_cat=0
split_feature=227 197 184 267 261 12 264 198 243 268 289 177 289 262 254 275 253 217 166 168 204 205 282 233 148 142 6 5 134 90
split_gain=354052 804206 791706 1.33309e+06 1.27623e+06 678552 1.24817e+06 1.16785e+06 1.09353e+06 954117 611560 539780 962851 652423 719632 1.26204e+06 790595 773754 727259 597692 619839 635981 811651 677777 594689 732466 563016 543462 525171 630483
threshold=1876.2500000000002 3300.7500000000005 1188.7500000000002 436.75000000000006 477.00000000000006 397.35771179199224 530.86532592773449 2033.2500000000002 452.66287231445318 903.75000000000011 -140.24999999999997 2543.7500000000005 -176.24999999999997 1651.2500000000002 754.75000000000011 -290.24999999999994 1383.2500000000002 1815.2500000000002 560.00579833984386 2623.7500000000005 1948.7500000000002 1012.7500000000001 -132.24999999999997 1359.2500000000002 869.75000000000011 909.75000000000011 2022.2471313476565 512.03503417968761 1919.0000000000002 1192.518493652344
decision_type=2 2 2 2 2 2 2 2 2 2 2 2 2 2 2 2 2 2 2 2 2 2 2 2 2 2 2 2 2 2
left_child=1 11 -2 -4 -5 10 8 -8 -7 -9 -6 13 27 14 16 -16 17 -1 -18 20 21 28 -23 24 -24 -26 -22 -13 29 -17
right_child=2 -3 3 4 5 6 7 9 -10 -11 -12 12 -14 -15 15 19 18 -19 -20 -21 26 22 23 -25 25 -27 -28 -29 -30 -31
leaf_value=0.021627146201482692 8.8179316513878963 -9.1678242226441693 -10.960051848671654 9.7757443155561177 0.026997733803895804 0.5112907431342385 -7.2710183896801697 14.669608465830485 -14.271652030944825 0.67543500045250204 11.499076855750312 14.86207980201358 -3.0558359232050583 7.4722733760702198 -11.100173811479049 0.23564605196039162 1.5170989472318341 -4.2597799952862401 12.996741156144575 -9.6325156354904191 0.50221124425226327 -11.401812989136269 5.8439610078417026 -7.3178560991287229 -9.9002812633911788 0.13536161144574485 9.9849709474522133 3.3455421829223635 4.1929197160821214 -4.4113916785133132
leaf_weight=23723 35 24 22 42 26 22 22 21 29 29 21 21 26 29 33 286 37 106 22 20 49 29 29 50 24 75 23 20 57 98
leaf_count=23723 35 24 22 42 26 22 22 21 29 29 21 21 26 29 33 286 37 106 22 20 49 29 29 50 24 75 23 20 57 98
internal_value=2.7969e-09 -0.0195847 1.80419 0.755129 1.97086 0.0425884 -1.9101 2.32899 -7.8947 6.55299 5.15282 -0.0107162 4.47109 -0.0228782 -0.0316921 -1.53317 0.0168949 0.0025819 5.79764 -1.10654 -0.869705 -1.35872 -3.64505 -2.38131 -0.452967 -2.29752 3.53143 9.24426 -0.285545 -0.950317
internal_weight=25050 24781 269 234 212 170 123 72 51 50 47 24757 67 24690 24661 773 23888 23829 59 740 720 648 207 178 128 99 72 41 441 384
internal_count=25050 24781 269 234 212 170 123 72 51 50 47 24757 67 24690 24661 773 23888 23829 59 740 720 648 207 178 128 99 72 41 441 384
is_linear=0
shrinkage=0.05


Tree=44
num_leaves=31
num_cat=0
split_feature=38 64 83 108 136 135 278 61 44 257 186 252 281 47 164 54 255 38 275 57 211 272 151 169 98 121 33 227 12 39
split_gain=345952 563545 498982 597448 699783 799470 902606 532784 902930 786159 1.0329e+06 693458 711825 844088 718188 674026 606670 550396 899869 623048 507982 712246 1.76176e+06 679551 620418 496882 485015 1.44991e+06 534763 1.90778e+06
threshold=-1349.2499999999998 -259.74999999999994 -834.01043701171864 267.75000000000006 73.750000000000014 203.25000000000003 439.06622314453131 588.47909545898449 -1960.7499999999998 570.11660766601574 -1129.7550048828123 285.25000000000006 745.25000000000011 292.59603881835943 -729.74999999999989 461.08456420898443 -55.749999999999993 -3686.2499999999995 -785.49999999999989 -2483.9999999999995 678.00000000000011 -283.91955566406244 -2270.930053710937 177.25000000000003 -1071.7499999999998 -638.24999999999989 1045.2505493164065 755.25000000000011 879.99746704101574 3457.285034179688
decision_type=2 2 2 2 2 2 2 2 2 2 2 2 2 2 2 2 2 2 2 2 2 2 2 2 2 2 2 2 2 2
left_child=1 2 3 4 7 6 -6 9 17 11 16 20 13 -13 -15 -16 -11 -9 -19 -20 21 23 -23 -1 -25 -4 28 -28 -2 -30
right_child=26 -3 25 -5 5 -7 -8 8 -10 10 -12 12 -14 14 15 -17 -18 18 19 -21 -22 22 -24 24 -26 -27 27 -29 29 -31
leaf_value=-0.57449662494020304 0.073105465444316439 -6.4316197468684271 -9.9484189907709766 7.5441781461238868 -3.0488804487805616 2.748367751121521 -15.434494910140835 7.2780712334314988 11.751207559758967 -4.9410056198796921 1.9286658763885498 -2.0008006568224928 -6.3047114008948917 11.172245287283873 5.4348418422892131 -4.1328593860069907 -15.797562815926293 -9.0307092294717837 -4.4166139332687155 3.3801443838156189 -8.4363422369956975 16.010694823946274 0.84084273940987053 -0.90904771713983445 -13.063004975091843 0.052405173882194192 -14.684125304222107 1.0367048176852138 -3.9638346544126186 10.722605218986672
leaf_weight=2581 21300 39 27 24 38 25 24 30 22 31 32 53 21 39 79 24 22 24 34 104 20 21 216 21 21 23 22 44 41 48
leaf_count=2581 21300 39 27 24 38 25 24 30 22 31 32 53 21 39 79 24 22 24 34 104 20 21 216 21 21 23 22 44 41 48
internal_value=1.31872e-11 -0.45393 -0.38837 -0.317639 -0.371828 -4.79973 -7.84331 -0.258359 2.15655 -0.42082 -5.16471 -0.290578 2.44185 3.38379 5.39353 3.20547 -9.4475 1.05716 -0.0948573 1.4592 -0.49551 -0.43998 2.18501 -0.677159 -6.98603 -5.34804 0.0760605 -4.20357 0.0892662 3.95694
internal_weight=25050 3595 3556 3506 3482 87 62 3395 214 3181 85 3096 216 195 142 103 53 192 162 138 2880 2860 237 2623 42 50 21455 66 21389 89
internal_count=25050 3595 3556 3506 3482 87 62 3395 214 3181 85 3096 216 195 142 103 53 192 162 138 2880 2860 237 2623 42 50 21455 66 21389 89
is_linear=0
shrinkage=0.05


Tree=45
num_leaves=31
num_cat=0
split_feature=252 253 0 177 182 141 246 281 253 239 148 222 128 255 194 200 221 65 85 205 141 253 241 255 225 253 92 282 269 288
split_gain=331636 1.04198e+06 810189 1.32275e+06 855554 820360 704245 696671 570022 528922 508545 493179 1.40992e+06 1.01171e+06 489044 464646 747247 525610 483443 442139 986564 747935 1.05556e+06 719382 744232 607913 512236 495872 470321 462955
threshold=-913.24999999999989 -244.74999999999997 3847.0000000000005 286.25000000000006 69.250000000000014 401.75000000000006 -739.74999999999989 23.250000000000004 -356.74999999999994 -699.74999999999989 80.250000000000014 1045.2505493164065 -1957.9999999999998 35.250000000000007 480.18733215332037 173.54499816894534 287.61749267578131 -980.99999999999989 266.75000000000006 -1564.7499999999998 -2320.2499999999995 -149.74999999999997 -267.24999999999994 -963.24999999999989 -829.74999999999989 221.25000000000003 -917.24999999999989 -278.74999999999994 -1085.2499999999998 67.750000000000014
decision_type=2 2 2 2 2 2 2 2 2 2 2 2 2 2 2 2 2 2 2 2 2 2 2 2 2 2 2 2 2 2
left_child=1 2 3 4 5 8 -3 -5 10 -7 15 19 -13 -14 -6 18 -17 -18 -1 21 27 23 25 -2 29 -23 -26 -21 -22 -25
right_child=11 6 -4 7 14 9 -8 -9 -10 -11 -12 12 13 -15 -16 16 17 -19 -20 20 28 22 -24 24 26 -27 -28 -29 -30 -31
leaf_value=-0.55188084761465506 8.6671188768886385 -2.6333541466639594 8.0248891459570988 -3.4720482315008456 1.1455790208733601 -11.88812295473539 -14.944105972562518 -15.716415187290735 8.0031875991821302 -1.2192553134191604 4.7648501024689791 -6.5852729320526127 17.731041822433472 2.5044321107367677 11.456439909727678 -10.800354386121036 4.1127816344129631 -3.875870638707994 6.671041039129098 -13.387996014282107 -5.5486495057218956 4.3406938379461115 -0.34580246825167477 -8.3869997084140788 5.3618668661514919 11.839963596295089 -2.3937051021691524 -2.387246710913522 0.018452812524062428 -1.6785434361177547
leaf_weight=667 21 26 27 26 23 26 21 21 20 21 43 20 20 24 23 28 29 71 24 20 38 88 94 32 60 39 33 21 23313 131
leaf_count=667 21 26 27 26 23 26 21 21 20 21 43 20 20 24 23 28 29 71 24 20 38 88 94 32 60 39 33 21 23313 131
internal_value=-7.0836e-09 -0.850513 -0.524183 -0.75004 -0.3551 -0.684681 -8.1339 -8.94294 -0.341693 -7.12118 -0.53531 0.0389147 4.42221 9.42562 6.30101 -0.813584 -3.58067 -1.55916 -0.301012 0.027172 -0.00421299 1.50139 3.67074 -0.229401 -0.959193 6.64362 2.60989 -7.75347 0.00939325 -2.99554
internal_weight=25050 1096 1049 1022 975 929 47 47 882 47 862 23954 64 44 46 819 128 100 691 23890 23392 498 221 277 256 127 93 41 23351 163
internal_count=25050 1096 1049 1022 975 929 47 47 882 47 862 23954 64 44 46 819 128 100 691 23890 23392 498 221 277 256 127 93 41 23351 163
is_linear=0
shrinkage=0.05


Tree=46
num_leaves=31
num_cat=0
split_feature=288 224 205 78 214 253 260 259 265 184 288 193 142 202 236 206 183 233 246 267 75 233 174 240 191 224 285 188 233 257
split_gain=327991 602628 598465 548622 494278 347956 357479 347314 774012 1.26758e+06 865699 764104 715318 1.24425e+06 939580 912801 902305 641301 938731 1.07265e+06 754627 681122 714670 606898 583722 823318 860858 814660 580497 1.11643e+06
threshold=20.250000000000004 616.75000000000011 -1133.7499999999998 666.75000000000011 582.23001098632824 742.25000000000011 461.75000000000006 -129.74999999999997 -1164.9083251953123 -2275.2499999999995 149.25000000000003 -3275.912475585937 2109.2500000000005 1724.2858886718752 624.58282470703136 1081.2500000000002 1802.7500000000002 -869.74999999999989 122.25000000000001 533.25000000000011 418.37471008300787 128.25000000000003 693.63372802734386 107.25000000000001 -404.74999999999994 -792.24999999999989 483.63320922851568 366.75756835937506 2122.2500000000005 518.72827148437511
decision_type=2 2 2 2 2 2 2 2 2 2 2 2 2 2 2 2 2 2 2 2 2 2 2 2 2 2 2 2 2 2
left_child=1 2 -1 -3 -5 6 -4 12 10 -10 -9 23 13 16 -14 -15 17 18 19 24 -19 -22 -23 -11 27 26 -26 -2 -13 -30
right_child=7 3 5 4 -6 -7 -8 8 9 11 -12 28 14 15 -16 -17 -18 20 -20 -21 21 22 -24 -25 25 -27 -28 -29 29 -31
leaf_value=-3.0781830840640598 -0.44217425389143222 0.67795263423273966 0.083592676537505003 -12.853825449943542 -4.0765726622240051 6.3868296305338541 -3.9708942187982696 -0.97343261355445498 -11.376242137908937 -10.123742375654333 12.92751669883728 -0.10993419631926574 -11.043588528037072 16.12971370333717 0.98075994795018984 2.4418918806931069 -7.9711916779026843 0.33994249257032483 7.6638303177224261 -11.459756781838157 1.4231809312762629 9.5857880595657559 0.24618352579348013 0.53414124575528232 3.0995946688898677 -0.014677040897614775 15.129276275634766 -5.5789023897051813 -3.3068873232061216 8.3260097382285387
leaf_weight=180 2195 48 1176 20 81 21 57 21 25 34 24 14104 32 21 33 29 33 5371 36 22 961 54 33 22 58 171 20 80 33 55
leaf_count=180 2195 48 1176 20 81 21 57 21 25 34 24 14104 32 21 33 29 33 5371 36 22 961 54 33 22 58 171 20 80 33 55
internal_value=-5.30832e-10 -0.696603 -0.382138 -3.72307 -5.81464 0.00485442 -0.103841 0.0469904 -0.106771 -0.127413 6.44041 -0.107676 0.287624 0.325023 -4.93892 8.19078 0.281488 0.311745 -0.353698 -0.467065 0.579415 1.80671 6.04318 -5.93672 -0.371249 1.92712 6.18413 -0.622806 -0.0846751 3.96367
internal_weight=25050 1583 1434 149 101 1254 1233 23467 14318 14273 45 14248 9149 9084 65 50 9034 9001 2582 2546 6419 1048 87 56 2524 249 78 2275 14192 88
internal_count=25050 1583 1434 149 101 1254 1233 23467 14318 14273 45 14248 9149 9084 65 50 9034 9001 2582 2546 6419 1048 87 56 2524 249 78 2275 14192 88
is_linear=0
shrinkage=0.05


Tree=47
num_leaves=31
num_cat=0
split_feature=282 285 229 197 233 292 135 101 145 64 234 168 57 205 247 278 4 30 124 186 213 55 248 177 107 9 5 261 262 205
split_gain=316641 609441 420763 1.00001e+06 659067 517891 540128 1.28906e+06 928904 837035 872800 579568 1.00939e+06 556333 605762 585516 549884 457385 371751 997289 958678 814080 659522 598348 667950 508177 406065 996699 959575 954123
threshold=-1092.2499999999998 387.31033325195318 1045.2505493164065 -415.74999999999994 -938.24999999999989 1045.2505493164065 3672.0000000000005 4480.0000000000009 476.75883483886724 4073.7500000000005 721.25000000000011 2895.0000000000005 2962.2500000000005 2153.7500000000005 1014.7500000000001 879.99746704101574 3308.122436523438 1661.2500000000002 724.36727905273449 3023.8774414062505 427.75000000000006 1038.6774902343752 995.25000000000011 -342.24999999999994 -1842.2499999999998 -1411.7499999999998 429.29431152343756 257.75000000000006 655.25000000000011 -761.74999999999989
decision_type=2 2 2 2 2 2 2 2 2 2 2 2 2 2 2 2 2 2 2 2 2 2 2 2 2 2 2 2 2 2
left_child=1 -1 5 -4 -5 6 7 9 -8 11 -11 13 -13 15 -15 18 -12 -16 26 21 -21 22 23 24 -20 -25 -2 28 -28 -29
right_child=2 -3 3 4 -6 -7 8 -9 -10 10 16 12 -14 14 17 -17 -18 -19 19 20 -22 -23 -24 25 -26 -27 27 29 -30 -31
leaf_value=4.8746893167495733 -0.068745788515905501 -3.0733081413411547 -5.6897391909644721 -0.030554634048825219 11.059617118899887 -7.8442474138169063 12.625007973546568 -12.688621728122236 -0.54839274287223816 -2.7097510570829568 15.122245090658016 -0.21204440970169869 -14.089383057355882 9.6666789954708463 -4.5228944908488877 -6.2079898181714519 4.2836456584930422 5.924534726142884 -0.47164607942104342 10.846111434936525 -1.8991869124273462 -12.6942198574543 -10.999487049579621 -1.4033359339604012 -11.318317462097516 9.1978569126129148 0.76702525721347992 6.4714656152223284 9.4682391285896301 -1.6769298671000272
leaf_weight=28 20271 174 21 21 37 21 23 20 32 22 22 38 20 31 22 38 25 20 40 25 36 24 20 26 22 20 3223 38 32 658
leaf_count=28 20271 174 21 21 37 21 23 20 32 22 22 38 20 31 22 38 25 20 40 25 36 24 20 26 22 20 3223 38 32 658
internal_value=3.1821e-09 -1.97161 0.016028 3.65924 7.04421 0.00440812 0.0110681 4.40332e-05 4.96048 0.0103295 5.50965 -0.00509292 -4.99733 0.0067033 4.36512 -0.00629735 9.35703 0.452072 0.00334719 -2.07637 3.3243 -4.24375 -2.65928 -1.1148 -4.32046 3.20588 0.0216355 0.485346 0.852567 -1.23205
internal_weight=25050 202 24848 79 58 24769 24748 24693 55 24673 69 24604 58 24546 73 24473 47 42 24435 213 61 152 128 108 62 46 24222 3951 3255 696
internal_count=25050 202 24848 79 58 24769 24748 24693 55 24673 69 24604 58 24546 73 24473 47 42 24435 213 61 152 128 108 62 46 24222 3951 3255 696
is_linear=0
shrinkage=0.05


Tree=48
num_leaves=31
num_cat=0
split_feature=143 255 142 91 254 255 114 92 19 226 204 276 182 30 282 274 288 271 262 234 10 120 63 1 168 200 45 289 216 195
split_gain=318160 811156 393861 431243 529275 353127 386458 575910 610230 342442 963666 847764 750215 622245 475935 433356 335937 944637 734773 743993 680960 1.24046e+06 806603 906604 801970 720386 706632 787212 825497 1.25517e+06
threshold=-2175.7499999999995 322.25000000000006 -2446.7499999999995 -1660.7499999999998 -882.24999999999989 40.250000000000007 -1542.2499999999998 -1391.2499999999998 570.11660766601574 -1838.7499999999998 -493.74999999999994 -264.74999999999994 -1017.2499999999999 -4009.4999999999995 -278.74999999999994 -256.74999999999994 152.25000000000003 775.33657836914074 360.50000000000006 1217.7500000000002 -2790.2499999999995 -733.24999999999989 -1512.2499999999998 -266.74999999999994 -1154.7499999999998 -2850.6225585937495 -1868.2499999999998 -342.74999999999994 -446.71763610839838 -453.44071960449213
decision_type=2 2 2 2 2 2 2 2 2 2 2 2 2 2 2 2 2 2 2 2 2 2 2 2 2 2 2 2 2 2
left_child=1 5 3 4 -2 6 7 -1 -9 10 11 12 15 -11 -13 -4 17 18 19 -15 21 24 23 26 -18 -24 -22 -28 -29 -30
right_child=2 -3 9 -5 -6 -7 -8 8 -10 13 -12 14 -14 16 -16 -17 20 -19 -20 -21 22 -23 25 -25 -26 -27 27 28 29 -31
leaf_value=-0.80592265560043819 0.91005883216857919 -10.31094422141711 -2.6887344253306491 -1.3993179283142092 12.031628633841224 4.5719898598534723 5.3103765578497031 -2.0511105035913402 -13.403857359886169 7.2247420295079552 -11.487923581401509 -10.357619336935191 10.915387287139893 0.022653564352482683 -1.5784093781521447 5.630754421068275 5.8425308538807768 -9.1523235617012819 -1.2214486682711179 -5.9702145521457384 -0.15331823554407675 15.350588080883027 7.4811190784403259 8.6104525219310428 -3.1415413281191951 0.29426431879159515 -11.835248047590255 -1.5681243696915252 -18.250149607658386 -2.1840587339093611
leaf_weight=278 20 24 49 25 23 28 21 29 20 30 24 26 20 12777 38 23 54 29 1366 52 367 20 35 22 46 9248 25 280 20 31
leaf_count=278 20 24 49 25 23 28 21 29 20 30 24 26 20 12777 38 23 54 29 1366 52 367 20 35 22 46 9248 25 280 20 31
internal_value=-1.72911e-09 -1.39884 0.0226992 3.82273 6.85881 -0.829979 -1.26462 -1.68687 -6.68488 0.0121873 -2.16067 -0.725709 2.34856 0.0282153 -5.14496 -0.0311199 0.019357 -0.137438 -0.119021 -0.00163743 0.23913 3.98331 0.194325 -1.38859 1.70986 0.321361 -1.69285 -3.27996 -2.63379 -8.48449
internal_weight=25050 400 24650 68 43 376 348 327 49 24582 180 156 92 24402 64 72 24372 14224 14195 12829 10148 120 10028 745 100 9283 723 356 331 51
internal_count=25050 400 24650 68 43 376 348 327 49 24582 180 156 92 24402 64 72 24372 14224 14195 12829 10148 120 10028 745 100 9283 723 356 331 51
is_linear=0
shrinkage=0.05


Tree=49
num_leaves=31
num_cat=0
split_feature=221 179 222 264 26 208 0 191 129 268 34 191 141 136 278 40 27 218 133 127 140 274 274 129 57 222 155 219 154 201
split_gain=322265 712769 540689 649541 1.01929e+06 1.1205e+06 959283 818854 908541 737845 734574 935247 557680 1.13122e+06 732112 588060 575490 626022 670002 620930 931575 1.06111e+06 856371 882308 524740 508963 555677 504974 490451 794842
threshold=-1980.1549682617185 -2152.6025390624995 588.47909545898449 505.92158508300787 512.03503417968761 518.72827148437511 -2193.7499999999995 -2074.2499999999995 -2154.4999999999995 -1411.2499999999998 -1716.8498535156248 -1533.2499999999998 -61.249999999999993 -205.74999999999997 434.12649536132818 383.09368896484381 -1854.6959228515623 -547.24999999999989 -1220.7499999999998 -722.24999999999989 -868.74999999999989 10.750000000000002 241.75000000000003 -682.74999999999989 -975.74999999999989 406.79368591308599 -735.74999999999989 -529.74999999999989 -799.74999999999989 367.07226562500006
decision_type=2 2 2 2 2 2 2 2 2 2 2 2 2 2 2 2 2 2 2 2 2 2 2 2 2 2 2 2 2 2
left_child=2 -2 3 7 5 6 -5 8 -1 -9 11 -6 14 -14 16 -15 19 18 -18 20 28 -22 -21 -24 -20 -16 -27 -4 -11 -30
right_child=1 -3 27 4 10 -7 -8 9 -10 12 -12 -13 13 15 25 -17 17 -19 24 22 21 -23 23 -25 -26 26 -28 -29 29 -31
leaf_value=-2.3665702557563786 6.8019480986472889 0.036838583490938326 -11.89474162042141 8.181830755869548 7.8984028139779738 -8.0986919378912123 -4.4219621108128475 8.1208214424550533 -13.877241897583009 -0.45619508607743359 14.09521631476554 -4.5928807465926464 13.293475518907821 -6.034469595909119 -10.235859973342331 4.1319467460567303 -0.87192207319395887 -0.87541617584782971 -16.683201971054078 0.66003002018298751 1.8394883371113491 -11.589688483037447 16.327769388471332 1.6538086032867434 -5.2296043071150784 -0.77071558136806306 -7.1556179831624043 -1.8821378571145677 7.745310639320536 -3.2893179798126222
leaf_weight=60 39 23328 20 36 43 37 26 24 24 593 22 23 21 25 27 33 28 129 20 106 24 38 21 20 20 107 50 34 47 25
leaf_count=60 39 23328 20 36 43 37 26 24 24 593 22 23 21 25 27 33 28 129 20 106 24 38 21 20 20 107 50 34 47 25
internal_value=-2.18076e-09 0.0481297 -0.668239 -0.50507 2.26745 -1.2129 2.89637 -0.864613 -5.65533 -0.56828 6.18284 3.54538 -0.724606 3.35007 -0.981099 -0.250129 -0.480545 -2.92182 -6.80397 0.0697197 -0.529556 -6.3913 3.03349 9.16974 -10.9564 -3.89465 -2.80412 -5.59051 0.0169518 3.91384
internal_weight=25050 23367 1683 1629 187 99 62 1442 84 1358 88 66 1334 79 1255 58 1071 197 68 874 727 62 147 41 40 184 157 54 665 72
internal_count=25050 23367 1683 1629 187 99 62 1442 84 1358 88 66 1334 79 1255 58 1071 197 68 874 727 62 147 41 40 184 157 54 665 72
is_linear=0
shrinkage=0.05


Tree=50
num_leaves=31
num_cat=0
split_feature=289 287 273 190 49 47 5 288 22 94 33 204 103 274 27 233 143 258 260 251 138 228 206 168 165 68 176 233 4 145
split_gain=305953 423010 572500 348029 342941 1.31846e+06 1.6754e+06 1.22687e+06 1.03906e+06 1.3827e+06 936676 916677 750378 777617 644976 625271 1.2624e+06 469641 927693 590777 633702 512788 446761 703686 824771 633553 594090 545423 624798 995308
threshold=-7.2499999999999991 220.25000000000003 527.25000000000011 919.75000000000011 3486.0000000000005 397.35771179199224 406.79368591308599 377.75000000000006 3858.0000000000005 2631.2500000000005 483.63320922851568 1652.0000000000002 674.41351318359386 721.75000000000011 3839.153930664063 730.50000000000011 2203.5000000000005 2083.674438476563 1999.0000000000002 1947.5631103515627 480.18733215332037 2437.869995117188 965.75000000000011 118.25000000000001 -233.95999908447263 879.99746704101574 1976.7500000000002 522.75000000000011 -886.65997314453114 426.99803161621099
decision_type=2 2 2 2 2 2 2 2 2 2 2 2 2 2 2 2 2 2 2 2 2 2 2 2 2 2 2 2 2 2
left_child=4 2 3 -2 8 11 -7 14 17 -10 -9 -6 13 -12 -8 16 -16 18 19 22 -21 -19 -1 24 -24 26 27 28 29 -25
right_child=1 -3 -4 -5 5 6 7 10 9 -11 12 -13 -14 -15 15 -17 -18 21 -20 20 -22 -23 23 25 -26 -27 -28 -29 -30 -31
leaf_value=0.025639403976286276 0.13353288856091772 3.1880554696375674 -8.0160035258531561 5.1998472875670387 2.1109081404549737 -13.612115879058837 -9.909894760795261 13.850103244340668 -1.047864596048991 -16.961442863941194 -8.2988758484522513 16.559676786091018 9.1262818257013958 3.747501295966071 3.8861240457605435 6.514708645447441 -12.054588245308919 -8.5071008878595702 10.018558651468028 1.5102287330975137 12.103529410362244 0.54335897708761283 -2.508200182914734 -2.9324929678440093 10.786035631224514 -8.2154674464258655 0.80491759233710047 -0.61019396099444401 -1.8743334766215765 -15.500353263772054
leaf_weight=21915 314 176 20 38 21 20 23 24 39 21 21 23 30 37 27 23 23 34 23 48 20 29 20 50 28 29 461 1077 413 23
leaf_count=21915 314 176 20 38 21 20 23 24 39 21 21 23 30 37 27 23 23 34 23 48 20 29 20 50 28 29 461 1077 413 23
internal_value=5.20376e-09 1.16843 0.212913 0.680465 -0.0261326 1.73938 0.210133 1.5392 -0.0459518 -6.61762 5.09439 9.66367 2.70647 -0.614118 -2.60854 -0.308108 -3.4466 -0.0296382 -0.0183711 -0.0279563 4.62591 -4.34102 -0.0411334 -0.737624 5.24677 -0.877542 -0.772403 -1.23763 -2.62805 -6.89223
internal_weight=25050 548 372 352 24502 272 228 208 24230 60 112 44 88 58 96 73 50 24170 24107 24084 68 63 24016 2101 48 2053 2024 1563 486 73
internal_count=25050 548 372 352 24502 272 228 208 24230 60 112 44 88 58 96 73 50 24170 24107 24084 68 63 24016 2101 48 2053 2024 1563 486 73
is_linear=0
shrinkage=0.05


Tree=51
num_leaves=31
num_cat=0
split_feature=226 246 269 275 281 267 169 169 47 278 275 229 229 205 292 66 51 120 114 283 183 191 273 141 241 268 67 48 23 198
split_gain=301560 1.6987e+06 1.16048e+06 1.13959e+06 1.10098e+06 714148 1.67347e+06 1.34366e+06 772774 1.07599e+06 1.28584e+06 845683 658799 689302 990554 695875 676341 729487 656324 676319 648316 959567 589531 942741 667858 566677 556225 716244 649059 725333
threshold=-684.74999999999989 842.75000000000011 -1085.2499999999998 216.75000000000003 745.25000000000011 84.750000000000014 957.75000000000011 1429.7500000000002 473.41499328613287 431.49392700195318 -244.74999999999997 424.76710510253912 1045.2505493164065 -632.74999999999989 1045.2505493164065 -1935.4999999999998 -2094.4999999999995 -612.24999999999989 -851.24999999999989 270.25000000000006 -1489.4999999999998 -1150.2499999999998 -138.74999999999997 -1864.4999999999998 -239.74999999999997 -297.24999999999994 4231.1323242187509 2113.013793945313 1692.2500000000002 225.25000000000003
decision_type=2 2 2 2 2 2 2 2 2 2 2 2 2 2 2 2 2 2 2 2 2 2 2 2 2 2 2 2 2 2
left_child=1 3 -2 5 -5 22 8 -8 9 18 -11 -12 13 -4 15 16 17 -15 19 -7 -10 -22 24 -24 26 -13 27 28 29 -1
right_child=2 -3 12 4 -6 6 7 -9 20 10 11 25 -14 14 -16 -17 -18 -19 -20 -21 21 -23 23 -25 -26 -27 -28 -29 -30 -31
leaf_value=-0.080410898205649603 -10.466049884832822 -12.003501282968829 0.88039094143083385 1.4539972928437321 12.877349281311036 -1.6569500695272859 -20.547466099858283 -2.640876696326516 6.7332147325906497 -10.523021530754427 -8.8172400315602619 7.4035540172031951 6.9580002907344287 -2.4282849100919872 -11.140140709877015 0.032450606647699262 -7.4629402760948453 6.5680616543843202 0.80067933901280597 -10.832889366646608 -3.1908640313566781 2.9684303328604766 11.154888061682385 1.0343200771131398 -3.1132399179385262 -1.7476930703239881 6.9195880344935832 -6.8064691638946533 7.1260954303126187 -9.4059738431658069
leaf_weight=2939 26 31 2430 66 31 459 20 22 45 68 36 21 35 169 20 16944 56 26 345 21 114 142 24 558 195 87 28 40 31 21
leaf_count=2939 26 31 2430 66 31 459 20 22 45 68 36 21 35 169 20 16944 56 26 345 21 114 142 24 558 195 87 28 40 31 21
internal_value=3.51872e-09 -0.333134 0.0903414 -0.26504 5.10476 -0.3649 -1.34033 -11.1678 -1.03184 -1.67923 -4.85642 -2.18052 0.104288 0.0920771 -0.0191981 -0.00626299 -2.61966 -1.22877 -0.862783 -2.0584 1.19852 0.22562 -0.0139907 1.45166 -0.276133 0.0317161 -0.0952777 -0.16008 -0.071195 -0.146572
internal_weight=25050 5344 19706 5313 97 5216 1380 42 1338 1037 212 144 19680 19645 17215 17195 251 195 825 480 301 256 3836 582 3254 108 3059 3031 2991 2960
internal_count=25050 5344 19706 5313 97 5216 1380 42 1338 1037 212 144 19680 19645 17215 17195 251 195 825 480 301 256 3836 582 3254 108 3059 3031 2991 2960
is_linear=0
shrinkage=0.05


Tree=52
num_leaves=31
num_cat=0
split_feature=288 142 169 143 9 278 217 225 23 112 65 45 231 63 246 143 52 37 283 278 170 183 54 162 196 9 169 68 255 283
split_gain=296977 588515 402413 579620 661230 653958 468955 536700 617008 438785 595216 410083 873919 483738 401642 438464 387016 383383 418878 625876 551479 1.06726e+06 517879 555075 518685 522050 581198 436342 682650 490804
threshold=76.750000000000014 2607.0000000000005 -886.74999999999989 -844.74999999999989 -684.74999999999989 336.20248413085943 282.25000000000006 410.75000000000006 -1581.7499999999998 -1598.7499999999998 -2099.7499999999995 2635.7500000000005 677.75000000000011 2387.2500000000005 191.75000000000003 -1470.2499999999998 -1987.2499999999998 -1819.4999999999998 -682.49999999999989 476.75883483886724 170.25000000000003 95.750000000000014 383.09368896484381 -725.99999999999989 -1005.7499999999999 -635.24999999999989 -342.24999999999994 418.37471008300787 -328.74999999999994 -29.749999999999996
decision_type=2 2 2 2 2 2 2 2 2 2 2 2 2 2 2 2 2 2 2 2 2 2 2 2 2 2 2 2 2 2
left_child=1 2 3 14 5 -5 7 9 -9 -4 -11 13 -13 -8 -1 -16 -12 -18 -19 22 21 -21 -20 -24 -25 -26 -27 29 -29 -28
right_child=-2 -3 6 4 -6 -7 11 8 -10 10 16 12 -14 -15 15 -17 17 18 19 20 -22 -23 23 24 25 26 27 28 -30 -31
leaf_value=-0.53748475884480829 0.11318619993810311 -7.9206349048614504 2.9479249512716645 -3.5682444021815343 -0.57538942961316364 -16.201406576633456 -0.85333577935934368 8.554957865266239 1.3892744203870613 -4.8929249074723984 6.7730456386293687 -4.1374218480927603 7.0663311149763022 -6.8798340450314912 -9.5080328742663074 -0.49709826663688378 -2.3592147456898411 6.6490286449591327 -0.070118238206267017 -4.7537415573994322 -9.6497608608669712 5.7457193248412191 -3.8500320116678872 -5.332939088344574 0.2895516022809862 8.6861398790396898 3.3622408218357878 -5.0145932606748636 3.3616837064984821 11.833732085000902
leaf_weight=748 17490 25 124 21 38 20 1613 34 258 63 21 28 46 34 27 27 170 24 3596 84 27 34 42 22 162 51 92 37 71 21
leaf_count=748 17490 25 124 21 38 20 1613 34 258 63 21 28 46 34 27 27 170 24 3596 84 27 34 42 22 162 51 92 37 71 21
internal_value=-2.98109e-10 -0.261855 -0.236445 -1.24064 -5.32691 -9.73076 -0.103488 0.144442 2.22363 0.0136248 -0.0669272 -0.814144 2.82707 -0.977744 -0.838126 -5.00257 0.00133457 -0.0307444 0.0621104 0.0248172 -3.20347 -1.72847 0.139156 1.6503 2.15691 2.53658 3.87488 2.76459 0.492033 4.93659
internal_weight=25050 7560 7535 881 79 41 6654 4933 292 4641 4517 1721 74 1647 802 54 4454 4433 4263 4239 145 118 4094 498 456 434 272 221 108 113
internal_count=25050 7560 7535 881 79 41 6654 4933 292 4641 4517 1721 74 1647 802 54 4454 4433 4263 4239 145 118 4094 498 456 434 272 221 108 113
is_linear=0
shrinkage=0.05


Tree=53
num_leaves=31
num_cat=0
split_feature=143 255 142 281 283 0 144 257 222 54 262 5 257 260 217 203 226 267 248 220 232 232 248 169 276 176 184 169 117 279
split_gain=284770 713438 342318 424945 323259 328121 477239 349894 574922 400304 317099 300455 820573 818952 772056 1.52177e+06 1.10086e+06 1.16204e+06 1.03372e+06 1.00343e+06 964712 951872 862676 818762 1.03118e+06 866992 783182 1.16679e+06 722647 748720
threshold=-2175.7499999999995 322.25000000000006 -2446.7499999999995 -20.249999999999996 270.25000000000006 -376.24999999999994 -892.74999999999989 545.15829467773449 588.47909545898449 530.86532592773449 -114.74999999999999 426.99803161621099 636.49594116210949 562.25000000000011 370.25000000000006 -325.74999999999994 -145.74999999999997 861.00000000000011 149.25000000000003 119.75000000000001 2806.7500000000005 402.25000000000006 45.250000000000007 -114.74999999999999 1291.2500000000002 -52.749999999999993 -314.74999999999994 340.25000000000006 518.72827148437511 186.80445098876956
decision_type=2 2 2 2 2 2 2 2 2 2 2 2 2 2 2 2 2 2 2 2 2 2 2 2 2 2 2 2 2 2
left_child=1 4 3 -2 5 6 7 9 -9 -1 -5 12 -4 -14 16 -16 17 -13 21 28 23 -18 -19 25 26 -17 27 -25 29 -20
right_child=2 -3 11 10 -6 -7 -8 8 -10 -11 -12 14 13 -15 15 20 18 22 19 -21 -22 -23 -24 24 -26 -27 -28 -29 -30 -31
leaf_value=-1.5761711450462992 8.434849679028547 -9.6814796795447666 -0.050476471295583886 -4.1491755414009095 5.3954025888442994 -5.8864419532544687 4.5341710930451375 5.926588073936669 -3.7753198953775264 -8.5450799444447405 4.6478276950972424 0.19424689393746616 -11.191760823220918 -0.55097225964069363 -14.230415019989014 0.49053450949648597 2.8025396925431711 14.618005478900413 4.1980244661632335 -1.1131877458095552 5.7087998072306316 9.025607724141592 2.9174559159278872 -0.32480274836222334 -12.162185707092286 11.869512633176951 -0.47860122820987228 -15.484661674499513 -2.063203513103983 15.962007079805648
leaf_weight=198 27 24 20134 20 20 33 39 37 26 23 21 2255 33 40 20 47 162 23 38 200 63 99 50 30 20 26 1276 22 23 21
leaf_count=198 27 24 20134 20 20 33 39 37 26 23 21 2255 33 40 20 47 162 23 38 200 63 99 50 30 20 26 1276 22 23 21
internal_value=5.31949e-10 -1.3234 0.0214751 3.56414 -0.789907 -1.1374 -0.6522 -1.36441 1.92263 -2.30144 0.356607 0.0116752 -0.069662 -5.36119 0.387351 -0.530344 0.868093 0.395238 2.89536 0.796581 -0.345707 5.16301 6.60393 -0.614133 -0.893431 4.54332 -0.723721 -6.73859 5.45455 8.3852
internal_weight=25050 400 24650 68 376 356 323 284 63 221 41 24582 20207 73 4375 1504 2871 2328 543 282 1484 261 73 1421 1348 73 1328 52 82 59
internal_count=25050 400 24650 68 376 356 323 284 63 221 41 24582 20207 73 4375 1504 2871 2328 543 282 1484 261 73 1421 1348 73 1328 52 82 59
is_linear=0
shrinkage=0.05


Tree=54
num_leaves=31
num_cat=0
split_feature=38 64 286 83 160 136 278 213 49 121 253 178 143 37 100 118 247 19 1 12 27 61 245 10 16 9 169 215 184 107
split_gain=286876 508872 559481 463099 555169 1.0145e+06 1.01448e+06 658070 469182 438199 437431 1.05085e+06 1.08067e+06 1.03686e+06 753452 846214 733040 723637 1.24113e+06 739394 1.32582e+06 633232 625794 606219 820032 575630 610296 789438 595243 569312
threshold=-1349.2499999999998 -270.24999999999994 -304.05622863769526 -834.01043701171864 -360.57727050781244 73.750000000000014 431.49392700195318 228.25000000000003 -1454.4999999999998 -638.24999999999989 80.750000000000014 2145.0000000000005 2203.5000000000005 -1486.7499999999998 2671.2500000000005 2756.8142089843755 -1068.7499999999998 674.41351318359386 1890.7500000000002 444.00724792480474 -1563.4199218749998 473.41499328613287 -429.74999999999994 -761.74999999999989 625.50000000000011 -1811.7499999999998 -1207.7499999999998 560.00579833984386 -2031.9999999999998 -1884.2499999999998
decision_type=2 2 2 2 2 2 2 2 2 2 2 2 2 2 2 2 2 2 2 2 2 2 2 2 2 2 2 2 2 2
left_child=1 3 -3 4 5 -1 7 -7 -6 -5 11 12 14 -12 15 17 -15 19 23 21 -21 -2 -14 -19 -25 -22 28 -28 -27 -18
right_child=10 2 -4 9 8 6 -8 -9 -10 -11 13 -13 22 16 -16 -17 29 18 -20 20 25 -23 -24 24 -26 26 27 -29 -30 -31
leaf_value=-0.24082383029668383 0.29638167521674919 -11.934785017967224 -0.10811026811599732 -9.4484463431217058 0.19391950460580679 -8.0620744262422832 -14.999957173803578 4.6107507832348347 9.7872414803504952 -0.056735367878623634 3.7116650159331579 11.508590017046247 -13.696367627098448 -7.4008855138506213 9.8098693052927661 -9.697197525841851 3.8757917063674712 -13.78141724722726 3.927397322100262 -5.3146321763757802 9.3736809470823825 -4.7367980756456891 -1.9883098220825197 -0.65557225953857856 -11.496698113588188 2.0306169986724854 1.7326267378610969 6.0113626817955561 -6.7166385869722109 -0.18324903748533841
leaf_weight=3390 7735 20 20 27 26 21 23 20 25 23 174 21 21 35 21 21 87 21 43 61 28 63 25 53 26 41 569 133 37 12240
leaf_count=3390 7735 20 20 27 26 21 23 20 25 23 174 21 21 35 21 21 87 21 43 61 28 63 25 53 26 41 569 133 37 12240
internal_value=-6.94116e-10 -0.41336 -6.02145 -0.350259 -0.282099 -0.358564 -6.59512 -1.88021 4.89653 -5.12826 0.0692626 0.336922 0.310556 -0.121169 0.350277 0.327783 -0.175118 0.351679 -3.17616 0.409886 1.79331 0.255719 -7.33329 -6.23069 -4.22354 2.32992 2.07707 2.54327 -2.11872 -0.154602
internal_weight=25050 3595 40 3555 3505 3454 64 41 51 50 21455 8919 8898 12536 8852 8831 12362 8810 143 8667 869 7798 46 100 79 808 780 702 78 12327
internal_count=25050 3595 40 3555 3505 3454 64 41 51 50 21455 8919 8898 12536 8852 8831 12362 8810 143 8667 869 7798 46 100 79 808 780 702 78 12327
is_linear=0
shrinkage=0.05


Tree=55
num_leaves=31
num_cat=0
split_feature=289 262 197 288 72 283 280 231 288 124 66 47 115 173 281 221 176 148 141 27 222 85 27 197 288 27 92 250 205 170
split_gain=281964 565332 845356 1.37995e+06 1.08115e+06 565903 1.15519e+06 1.03062e+06 769920 865769 1.41992e+06 1.23924e+06 874107 783013 1.12227e+06 984824 844626 835879 1.35277e+06 965221 979361 899000 858286 901320 837495 836024 810547 793139 746893 746305
threshold=-72.749999999999986 1651.2500000000002 3300.7500000000005 362.75000000000006 4356.7500000000009 163.75000000000003 166.25000000000003 -339.74999999999994 142.75000000000003 487.39910888671881 3346.0000000000005 530.86532592773449 2066.5000000000005 653.59622192382824 85.250000000000014 1045.559997558594 -1315.7499999999998 946.25000000000011 762.75000000000011 -818.71469116210926 611.19790649414074 1818.0000000000002 1.0000000180025095e-35 -742.24999999999989 292.25000000000006 -2374.5268554687495 -1769.4999999999998 491.92401123046881 -962.24999999999989 1675.2500000000002
decision_type=2 2 2 2 2 2 2 2 2 2 2 2 2 2 2 2 2 2 2 2 2 2 2 2 2 2 2 2 2 2
left_child=1 2 4 -4 5 8 7 -7 -1 11 12 29 13 17 15 -15 -16 18 19 25 22 -19 -21 -24 27 26 -11 -25 -17 -10
right_child=-2 -3 3 -5 -6 6 -8 -9 9 10 -12 -13 -14 14 16 28 -18 21 -20 20 -22 -23 23 24 -26 -27 -28 -29 -30 -31
leaf_value=-0.22703060344921569 0.2753706195776911 4.6641804564383724 3.1531759868968621 -13.220552210653985 8.6792843696049271 -5.4072465459862098 -0.13817247188617751 -1.1837072109376512 0.20690282120317485 1.1488106076107469 -10.493307811563666 -7.3706841936651273 8.6500416356783649 2.4319081389385726 -7.1989790934324267 -3.7001628528941759 4.1165739221775786 -3.4717251422730357 14.18893693447113 9.388880898659691 15.314862864950427 5.6479220931346603 -7.4729633240472708 0.40695920546849573 -3.9567757778167727 -1.745352756929776 12.77755669096242 10.999773495696312 -16.586517663623976 4.5680992669398242
leaf_weight=11563 6780 62 22 31 35 223 1556 410 3410 43 22 53 52 23 20 22 94 88 30 57 23 39 21 30 25 126 23 43 23 101
leaf_count=11563 6780 62 22 31 35 223 1556 410 3410 43 22 53 52 23 20 22 94 88 30 57 23 39 21 30 25 126 23 43 23 101
internal_value=2.51483e-10 -0.10219 -0.11842 -6.42391 -0.100012 -0.11697 -0.870778 -2.67162 -0.0133932 0.552149 2.03423 0.217809 2.38666 1.9405 -0.900996 -5.9847 2.13139 2.88421 3.95675 3.17167 5.61184 -0.671204 4.34383 1.92729 3.94163 0.642543 5.20125 6.64656 -10.2865 0.33236
internal_weight=25050 18270 18208 53 18155 18120 2189 633 15931 4368 804 3564 782 730 182 68 114 548 421 391 199 127 176 119 98 192 66 73 45 3511
internal_count=25050 18270 18208 53 18155 18120 2189 633 15931 4368 804 3564 782 730 182 68 114 548 421 391 199 127 176 119 98 192 66 73 45 3511
is_linear=0
shrinkage=0.05


Tree=56
num_leaves=31
num_cat=0
split_feature=267 288 61 268 267 191 278 261 187 137 198 40 204 169 205 254 253 142 255 52 103 23 29 50 277 66 71 250 210 230
split_gain=272805 726296 727835 724008 1.20535e+06 1.28206e+06 1.03212e+06 628929 772139 614123 558839 2.03403e+06 882368 654794 550792 544024 434260 422508 861458 484563 487044 466055 735320 622599 520028 466193 912733 696697 571038 541923
threshold=-632.24999999999989 247.75000000000003 653.59622192382824 -961.24999999999989 240.25000000000003 1463.5000000000002 775.33657836914074 -1181.7499999999998 483.63320922851568 -1476.4425048828123 -92.749999999999986 436.54501342773443 -985.74999999999989 -1322.2499999999998 -1279.7499999999998 -1687.7499999999998 -722.24999999999989 -2792.4999999999995 322.25000000000006 -2894.9999999999995 473.41499328613287 -3123.9999999999995 -2623.7499999999995 -2178.7499999999995 -1789.9000244140623 -1890.9999999999998 -1589.4999999999998 458.16539001464849 -1263.9999999999998 -376.30853271484369
decision_type=2 2 2 2 2 2 2 2 2 2 2 2 2 2 2 2 2 2 2 2 2 2 2 2 2 2 2 2 2 2
left_child=1 2 -1 4 5 6 10 8 -5 -3 12 -12 13 -2 -14 -11 -17 18 19 20 -9 22 24 -24 -19 26 28 -28 -23 -30
right_child=3 9 -4 7 -6 -7 -8 17 -10 15 11 -13 14 -15 -16 16 -18 21 -20 -21 -22 25 23 -25 -26 -27 27 -29 29 -31
leaf_value=-1.3822553251852105 1.1783173033746623 8.7729907894134538 -9.6807487436703283 -0.79463848762023148 11.749735942880314 -10.981776170730591 10.453092821619727 -0.30021061897277834 -9.4111442865469517 -5.3693959196408594 15.227233980383193 -4.0067232533737469 -9.5452465808391569 10.06095403879881 -0.76207566715507635 8.4605823983316846 -1.0593046989440917 -0.92076547431945799 -12.410825233459473 2.1327908259088342 -10.452949551173619 2.36268021428763 13.181681907653809 2.325849337237222 5.568421726982768 0.044811888851203227 -2.6334096831304059 -12.037649302328788 -1.5097231752595488 6.478190652890639
leaf_weight=469 59 30 28 78 30 20 33 27 39 27 28 27 20 32 166 23 25 125 20 55 21 134 25 28 41 22724 54 31 609 22
leaf_count=469 59 30 28 78 30 20 33 27 39 27 28 27 20 32 166 23 25 125 20 55 21 134 25 28 41 22724 54 31 609 22
internal_value=-3.63974e-09 -1.05151 -1.84978 0.0258922 2.09651 1.34431 2.01971 -0.00986309 -3.66681 2.72692 1.18145 5.78511 0.267371 4.30188 -1.7065 0.308495 3.50231 0.00802713 -2.91488 -1.07101 -4.74203 0.0231374 2.31907 7.44653 0.681986 0.00180843 -1.14785 -6.06319 -0.601702 -1.23122
internal_weight=25050 602 497 24448 415 385 365 24033 117 105 332 55 277 91 186 75 48 23916 123 103 48 23793 219 53 166 23574 850 85 765 631
internal_count=25050 602 497 24448 415 385 365 24033 117 105 332 55 277 91 186 75 48 23916 123 103 48 23793 219 53 166 23574 850 85 765 631
is_linear=0
shrinkage=0.05


Tree=57
num_leaves=31
num_cat=0
split_feature=289 287 273 114 49 47 5 288 258 138 260 204 33 194 103 274 96 82 80 205 22 140 283 177 260 254 267 146 78 211
split_gain=270653 380308 513248 326643 326324 1.17106e+06 1.51771e+06 1.09173e+06 915524 912011 825220 807934 801879 718535 662278 692191 617387 1.7183e+06 543326 518963 515128 690712 373436 595577 585832 706378 530072 636152 1.38527e+06 1.26764e+06
threshold=-7.2499999999999991 220.25000000000003 527.25000000000011 1397.7500000000002 3486.0000000000005 397.35771179199224 406.79368591308599 377.75000000000006 2083.674438476563 537.80807495117199 1999.0000000000002 1652.0000000000002 483.63320922851568 431.49392700195318 674.41351318359386 721.75000000000011 578.96932983398449 653.59622192382824 3683.7500000000005 2153.7500000000005 3858.0000000000005 1208.7500000000002 252.75000000000003 2543.7500000000005 -564.74999999999989 -1042.2499999999998 323.25000000000006 -1486.3851928710935 -1599.7499999999998 -214.74999999999997
decision_type=2 2 2 2 2 2 2 2 2 2 2 2 2 2 2 2 2 2 2 2 2 2 2 2 2 2 2 2 2 2
left_child=4 2 3 -2 8 11 -7 16 10 13 19 -6 -9 -10 15 -14 18 -18 -8 20 22 -22 23 -1 -24 -26 -27 28 -28 -29
right_child=1 -3 -4 -5 5 6 7 12 9 -11 -12 -13 14 -15 -16 -17 17 -19 -20 -21 21 -23 24 -25 25 26 27 29 -30 -31
leaf_value=0.018079323286768322 0.23293233402413077 3.0139356733045797 -7.5984964284300807 6.3962759287460997 2.0751838252657939 -12.89930934906006 -4.1371922912597654 12.976287219921748 -7.5608271560668943 -13.91222039927607 9.4390173912048336 15.639904279294223 -7.7043217579523731 4.8288979270241477 8.6968056424458826 3.6611275724462562 -17.56137845993042 2.4775697210560677 6.0039998063019349 5.1574122438828152 -11.747172928940167 0.0016180482403985387 7.8603732490539562 8.2489622798832993 -9.4522485193998929 -2.1154772736726941 0.57868218211566702 5.1353482219077575 -16.004937463998797 -0.4240839496867585
leaf_weight=21822 329 176 20 23 21 20 25 24 25 23 23 23 21 22 30 37 20 23 28 48 22 29 20 22 23 476 34 110 20 1511
leaf_count=21822 329 176 20 23 21 20 25 24 25 23 23 23 21 22 30 37 20 23 28 48 22 29 20 22 23 476 34 110 20 1511
internal_value=-1.01163e-10 1.09896 0.192955 0.635651 -0.0245789 1.69763 0.256397 1.52137 -0.043912 -5.7538 -0.0273684 9.16583 4.87505 -1.76138 2.66563 -0.453949 -2.39126 -6.84287 1.22042 -0.0363889 -0.0467381 -5.06649 -0.036088 0.026369 -0.657925 -0.73629 -0.643093 -0.224672 -5.5634 -0.0468245
internal_weight=25050 548 372 352 24502 272 228 208 24230 70 24160 44 112 47 88 58 96 43 53 24137 24089 51 24038 21844 2194 2174 2151 1675 54 1621
internal_count=25050 548 372 352 24502 272 228 208 24230 70 24160 44 112 47 88 58 96 43 53 24137 24089 51 24038 21844 2194 2174 2151 1675 54 1621
is_linear=0
shrinkage=0.05


Tree=58
num_leaves=31
num_cat=0
split_feature=288 225 205 227 108 38 286 138 254 211 205 66 257 275 64 229 141 226 74 185 166 141 157 275 213 218 292 257 77 231
split_gain=264873 516962 500424 324057 778804 699305 651363 764845 389610 536442 375442 866032 900538 804578 1.01727e+06 716195 778961 691585 604897 620939 584145 622472 536392 520813 502928 482977 442757 413394 403639 733217
threshold=20.250000000000004 728.25000000000011 -1133.7499999999998 -2029.4999999999998 -648.74999999999989 -2672.9999999999995 -1531.6849365234373 458.16539001464849 -1954.2499999999998 -796.49999999999989 -1564.7499999999998 1291.7500000000002 545.15829467773449 -746.24999999999989 -570.74999999999989 1045.2505493164065 -2320.2499999999995 -100.74999999999999 -2501.650024414062 -838.74999999999989 560.00579833984386 -1864.4999999999998 -2257.4999999999995 -678.74999999999989 -1583.7499999999998 -834.24999999999989 1045.2505493164065 458.16539001464849 -556.74999999999989 -887.74999999999989
decision_type=2 2 2 2 2 2 2 2 2 2 2 2 2 2 2 2 2 2 2 2 2 2 2 2 2 2 2 2 2 2
left_child=1 2 -1 4 5 -2 7 -5 9 -8 11 12 18 14 -14 16 22 -17 23 25 24 -22 -12 -10 -15 28 -18 -27 29 -20
right_child=3 -3 -4 6 -6 -7 8 -9 10 -11 15 -13 13 20 -16 17 26 -19 19 -21 21 -23 -24 -25 -26 27 -28 -29 -30 -31
leaf_value=-2.7929088330020511 5.0894627416456073 -3.3685665598800107 0.027159340339951599 1.5613525485992432 11.21191680214622 -5.0042733939364554 1.119689973195394 -11.339214437979239 -8.8008232469911931 -9.9334136465321432 -1.2651897343722256 -7.9389801254272463 18.426266370500837 0.018229184150695802 3.3574657082557682 0.56993258383966261 0.021992862240684988 11.627579472615169 0.56166793495265366 -7.1605812478065491 -7.1546172390813414 2.8162757406429368 -12.437022972106934 -0.86235399733890183 9.8593440803321641 2.4947725627571344 -6.9188264162644106 9.9767843516667689 -3.3030264882331197 8.2328114432257582
leaf_weight=180 37 155 1248 20 22 32 21 27 27 23 22 25 21 20 24 31 22469 26 197 20 23 49 21 88 37 48 23 30 47 37
leaf_count=180 37 155 1248 20 22 32 21 27 27 23 22 25 21 20 24 31 22469 26 197 20 23 49 21 88 37 48 23 30 47 37
internal_value=1.23941e-09 -0.625999 -0.328311 0.0422277 3.02017 0.40831 0.0306349 -5.84961 0.0424816 -4.65807 0.0513639 1.19771 1.53965 4.63294 10.3896 0.0162003 0.00204184 5.61377 0.450105 1.41388 2.62482 -0.368871 -6.7212 -2.72617 6.40632 1.89157 0.0148953 5.37247 0.925339 1.77463
internal_weight=25050 1583 1428 23467 91 69 23376 47 23329 44 23285 693 668 174 45 22592 22535 57 494 379 129 72 43 115 57 359 22492 78 281 234
internal_count=25050 1583 1428 23467 91 69 23376 47 23329 44 23285 693 668 174 45 22592 22535 57 494 379 129 72 43 115 57 359 22492 78 281 234
is_linear=0
shrinkage=0.05


Tree=59
num_leaves=31
num_cat=0
split_feature=227 254 267 255 292 173 264 288 83 177 197 233 44 2 166 177 274 280 267 261 285 42 288 192 114 120 210 281 70 255
split_gain=261086 664072 1.11076e+06 1.07546e+06 1.09247e+06 1.06667e+06 905045 847172 652828 693590 646092 406625 1.03471e+06 1.48813e+06 973210 700480 676141 826905 512498 849973 537068 511827 439178 752186 948840 1.07502e+06 991833 911981 1.11996e+06 677284
threshold=1876.2500000000002 1209.2500000000002 436.75000000000006 1806.2500000000002 724.36727905273449 476.75883483886724 461.08456420898443 560.50000000000011 3881.879760742188 2543.7500000000005 3300.7500000000005 1271.5000000000002 -247.24999999999997 79.250000000000014 420.31375122070318 2543.7500000000005 982.75000000000011 299.75000000000006 1608.7500000000002 1190.5000000000002 545.15829467773449 927.25000000000011 653.75000000000011 1843.7500000000002 605.25000000000011 897.75000000000011 596.75000000000011 852.25000000000011 -926.74999999999989 262.75000000000006
decision_type=2 2 2 2 2 2 2 2 2 2 2 2 2 2 2 2 2 2 2 2 2 2 2 2 2 2 2 2 2 2
left_child=10 2 -2 6 5 -5 -3 -8 9 -4 11 15 -13 -14 21 18 17 -16 19 22 -20 -15 -1 24 25 27 -26 28 -24 -29
right_child=1 3 8 4 -6 -7 7 -9 -10 -11 -12 12 13 14 16 -17 -18 -19 20 -21 -22 -23 23 -25 26 -27 -28 29 -30 -31
leaf_value=0.026105395993031407 -5.0742626939501081 2.4632226824760437 6.6948924169148487 6.9461389541625982 13.17606632232666 -8.9903027443658754 -2.7430872033536438 -17.121899678593589 14.239310903549194 -3.2621773678323502 -8.2165752847989406 7.1141898681377542 -15.94788540840149 -5.5440687660513257 -2.8467449615399048 5.8670719427220961 -0.32788051020714548 -15.494537722212929 -1.1938212537765505 -9.4139943893998872 9.4566433955883156 1.7820539823218959 -12.980526524205363 -10.288026917974156 8.0099149531506484 -13.201551073789597 -1.0606914729944297 10.063119592666627 -1.5648165891851697 -0.60711022528081104
leaf_weight=23980 28 22 73 21 20 21 20 21 20 23 24 29 20 29 24 51 31 28 20 24 29 134 31 24 47 24 84 20 70 58
leaf_count=23980 28 22 73 21 20 21 20 21 20 23 24 29 20 29 24 51 31 28 20 24 29 134 31 24 47 24 84 20 70 58
internal_value=2.92367e-09 1.54932 3.86392 -1.11709 3.55797 -1.02208 -5.71795 -10.1078 6.02141 4.30934 -0.016818 -0.00886897 -1.85411 -2.83186 -1.76551 0.0133837 -6.17269 -9.65709 0.00115408 -0.00912051 5.10951 0.478633 0.00015375 -1.73817 -1.12381 -3.26463 2.19365 -1.93231 -5.06865 2.12885
internal_weight=25050 269 144 125 62 42 63 41 116 96 24781 24757 295 266 246 24462 83 52 24411 24362 49 163 24338 358 334 203 131 179 101 78
internal_count=25050 269 144 125 62 42 63 41 116 96 24781 24757 295 266 246 24462 83 52 24411 24362 49 163 24338 358 334 203 131 179 101 78
is_linear=0
shrinkage=0.05


Tree=60
num_leaves=31
num_cat=0
split_feature=120 66 1 163 175 169 103 135 129 2 53 222 281 289 257 114 187 281 264 113 107 59 269 159 133 169 93 161 279 58
split_gain=252227 642993 559817 464237 757540 685351 842930 658198 640695 570101 566278 974886 553931 733465 530914 598323 544223 498085 542033 511265 490988 691694 786183 592947 448560 442310 436435 435511 896753 1.8774e+06
threshold=-1136.2499999999998 98.250000000000014 -3291.2499999999995 -1530.7499999999998 -1373.7499999999998 -1322.2499999999998 530.86532592773449 -1793.2499999999998 -2373.9999999999995 -580.24999999999989 291.44999694824224 611.19790649414074 220.25000000000003 -267.24999999999994 545.15829467773449 -2574.7499999999995 512.03503417968761 307.75000000000006 512.03503417968761 -1786.7499999999998 -1343.2499999999998 -1534.7499999999998 -152.24999999999997 512.03503417968761 -1334.7499999999998 -1894.4999999999998 -1736.7499999999998 -37.749999999999993 -279.69915771484369 -1648.2499999999998
decision_type=2 2 2 2 2 2 2 2 2 2 2 2 2 2 2 2 2 2 2 2 2 2 2 2 2 2 2 2 2 2
left_child=1 3 -2 5 7 9 -7 -5 -8 10 11 14 -6 -14 16 -16 17 18 19 -1 21 22 -15 26 -21 -18 -24 -4 29 -29
right_child=2 -3 27 4 12 6 8 -9 -10 -11 -12 -13 13 20 15 -17 25 -19 -20 24 -22 -23 23 -25 -26 -27 -28 28 -30 -31
leaf_value=-2.6562684636976983 6.9963756067999485 -9.3974338245391849 0.28539741992767992 -12.099306203700879 -0.10673264618023048 0.94461714613026582 -0.1215121789412065 -2.4770221829987489 10.117680450320243 -5.7570748021205276 6.1683447685750092 -9.1089427947998054 -11.046491502678913 -10.786420436768697 7.2663834490674608 -3.0591255366802219 -10.562938161518263 3.7479250842730205 6.7061023513476066 1.2925066292832752 -7.5097932941773369 1.5385834346214931 1.8849102751363682 -8.3869307977181897 -6.5314363309275372 -1.3468511327107748 -4.961581587068963 -15.463933702615591 -0.077258976586005002 -1.5773148419311041
leaf_weight=234 29 20 10236 27 971 290 22 52 50 48 34 31 23 29 47 20 23 75 24 218 34 132 79 27 20 30 33 26 11785 381
leaf_count=234 29 20 10236 27 971 290 22 52 50 48 34 31 23 29 47 20 23 75 24 218 34 132 79 27 20 30 33 26 11785 381
internal_value=6.11609e-10 -0.466913 0.0539122 -0.397496 -1.00889 0.340268 2.14682 -5.76565 6.98904 -0.473131 -0.137642 -0.4346 -0.725922 -2.41005 -0.045447 4.18414 -0.499586 -0.0497167 -0.623957 -0.996672 -1.81532 -1.16995 -3.29808 -1.73577 0.635032 -5.34629 -0.13236 0.0449354 -0.156949 -2.46442
internal_weight=25050 2593 22457 2573 1407 1166 362 79 72 804 756 722 1328 357 691 67 624 571 496 472 334 300 168 139 238 53 112 22428 12192 407
internal_count=25050 2593 22457 2573 1407 1166 362 79 72 804 756 722 1328 357 691 67 624 571 496 472 334 300 168 139 238 53 112 22428 12192 407
is_linear=0
shrinkage=0.05


Tree=61
num_leaves=31
num_cat=0
split_feature=12 20 15 219 252 42 130 2 10 194 273 191 268 138 192 274 261 241 106 229 288 240 247 261 267 283 231 245 204 169
split_gain=255178 560486 586580 571171 605561 597402 573333 567997 888928 523289 502129 926479 702733 1.14383e+06 879608 735136 960294 731169 659669 606588 640609 585649 569710 531160 1.4307e+06 1.15897e+06 869729 1.2417e+06 1.4121e+06 848404
threshold=325.13258361816412 3357.3647460937505 1083.2500000000002 -501.24999999999994 -585.74999999999989 422.25000000000006 3652.869995117188 1871.2500000000002 2411.0000000000005 410.69157409667974 -676.24999999999989 1408.7500000000002 -961.24999999999989 560.00579833984386 161.75000000000003 -466.74999999999994 -1417.9999999999998 -278.74999999999994 3059.7500000000005 1045.2505493164065 429.75000000000006 -1441.7499999999998 -1525.9999999999998 477.00000000000006 790.25000000000011 754.25000000000011 692.75000000000011 944.75000000000011 905.25000000000011 1492.7500000000002
decision_type=2 2 2 2 2 2 2 2 2 2 2 2 2 2 2 2 2 2 2 2 2 2 2 2 2 2 2 2 2 2
left_child=1 2 -1 7 -5 -6 -7 -4 -9 -3 11 18 13 22 -15 17 -17 -14 19 20 -2 -22 -12 24 -18 29 27 -25 -29 -26
right_child=10 9 3 4 5 6 -8 8 -10 -11 12 -13 15 14 -16 16 23 -19 -20 -21 21 -23 -24 26 25 -27 -28 28 -30 -31
leaf_value=-0.0088123923376298881 -1.1486360418167514 8.7199786045972036 -2.0661993907029301 8.0180092644691481 -7.2026082795006889 -0.53723586466028361 -8.1508388090133668 -16.241718713343143 -1.5128064666475569 -1.1765796550295569 -5.9115281270100519 -11.432555916195824 2.2498208231192369 13.550411002259507 0.59587663173675531 -9.633756290435791 0.17851455988497078 13.182246737480165 8.1743303239345551 -9.4045951661609468 11.414844913482668 -0.6852487659454346 2.2232154467895628 -1.6171127895801076 2.4686019889149535 -8.0722709337870295 0.013906265453461115 -3.6302858461652487 -20.030654661996024 7.9147323273420342
leaf_weight=9982 671 34 152 20 35 2262 25 20 21 22 26 21 65 38 20 25 9808 20 20 21 20 20 125 277 251 21 872 35 21 100
leaf_count=9982 671 34 152 20 35 2262 25 20 21 22 26 21 65 38 20 25 9808 20 20 21 20 20 125 277 251 21 872 35 21 100
internal_value=7.83858e-10 -0.158973 -0.181302 -0.860511 -0.64506 -0.719677 -0.620463 -3.47495 -8.69764 4.83205 0.160196 -1.07404 0.241712 3.115 9.08333 0.189471 0.154959 4.82216 -0.784778 -1.02956 -0.782198 5.3648 0.822531 0.176454 0.293953 3.33757 -0.816197 -2.98992 -9.78042 4.02021
internal_weight=25050 12573 12517 2535 2342 2322 2287 193 41 56 12477 773 11704 209 58 11495 11410 85 752 732 711 40 151 11385 10180 372 1205 333 56 351
internal_count=25050 12573 12517 2535 2342 2322 2287 193 41 56 12477 773 11704 209 58 11495 11410 85 752 732 711 40 151 11385 10180 372 1205 333 56 351
is_linear=0
shrinkage=0.05


Tree=62
num_leaves=31
num_cat=0
split_feature=289 287 273 250 257 248 170 226 218 253 172 13 247 31 266 234 260 117 82 268 22 22 61 3 282 288 268 282 198 267
split_gain=247937 343234 456726 300420 470036 288606 865308 846543 738049 659451 699252 899440 631600 866387 1.20194e+06 893931 823091 619830 859007 902361 805481 1.0309e+06 695746 605120 534566 525960 896124 962030 1.23543e+06 900412
threshold=-7.2499999999999991 220.25000000000003 527.25000000000011 378.69154357910162 439.06622314453131 538.25000000000011 2598.7500000000005 -677.74999999999989 1980.5000000000002 691.25000000000011 5245.1975097656259 4390.9843750000009 534.25000000000011 1467.2500000000002 542.25000000000011 609.25000000000011 629.75000000000011 402.01121520996099 441.63258361816412 55.750000000000007 459.75000000000006 1009.7500000000001 476.75883483886724 2497.7500000000005 -305.24999999999994 147.75000000000003 -28.749999999999996 -332.24999999999994 1397.2500000000002 622.75000000000011
decision_type=2 2 2 2 2 2 2 2 2 2 2 2 2 2 2 2 2 2 2 2 2 2 2 2 2 2 2 2 2 2
left_child=5 2 3 -2 -5 6 8 -7 9 10 11 -1 13 -9 15 16 -15 24 19 -19 -20 -22 -23 -24 -11 -14 29 28 -28 -27
right_child=1 -3 -4 4 -6 7 -8 12 -10 17 -12 -13 25 14 -16 -17 -18 18 20 -21 21 22 23 -25 -26 26 27 -29 -30 -31
leaf_value=0.0042849796499518419 -0.019860066082140415 2.87107438783754 -7.1588022160530089 7.4972009427206858 -2.11156986117363 -7.9661487064953596 8.1368105389855128 -0.52572249482605071 -6.434975622729822 -7.2549730647693984 -9.3380667209625248 9.6894144227107368 -1.0881234818736916 -5.6425993423072667 0.42229426730762826 -2.820918251918529 -15.522308063507081 17.39905479067848 6.3233728041724557 4.3572831286324396 -9.6782554779052745 -5.5415410712361339 10.658658866355054 -0.9095980763435364 0.94851421824857296 1.9401762628784547 -13.718427930559432 0.42526962988729927 0.37238244669778009 10.038909533890811
leaf_weight=20433 297 176 20 35 20 37 33 858 44 22 20 24 657 49 110 93 37 21 63 36 25 20 26 20 204 156 28 1407 35 44
leaf_count=20433 297 176 20 35 20 37 33 858 44 22 20 24 657 49 110 93 37 21 63 36 25 20 26 20 204 156 28 1407 35 44
internal_value=-3.43729e-09 1.05183 0.191119 0.608728 4.0031 -0.0235248 0.0466564 -0.443113 0.0339178 0.0475274 0.00651168 0.0156475 -0.362988 -1.32326 -3.69102 -6.21876 -9.89317 1.96945 3.9183 9.16215 1.97739 -1.03136 2.24397 5.62898 0.149945 0.110337 0.581827 0.154607 -5.8902 3.7219
internal_weight=25050 548 372 352 55 24502 20991 3511 20958 20914 20477 20457 3474 1147 289 179 86 437 211 57 154 91 66 46 226 2327 1670 1470 63 200
internal_count=25050 548 372 352 55 24502 20991 3511 20958 20914 20477 20457 3474 1147 289 179 86 437 211 57 154 91 66 46 226 2327 1670 1470 63 200
is_linear=0
shrinkage=0.05


end of trees

feature_importances:
Column_288=44
Column_289=32
Column_267=31
Column_261=29
Column_40=26
Column_283=26
Column_255=23
Column_257=23
Column_281=23
Column_227=22
Column_282=22
Column_205=21
Column_253=21
Column_177=20
Column_222=20
Column_191=19
Column_142=18
Column_254=18
Column_260=18
Column_225=17
Column_264=17
Column_169=16
Column_197=16
Column_233=16
Column_247=16
Column_262=16
Column_268=16
Column_275=16
Column_292=16
Column_22=15
Column_143=15
Column_166=15
Column_240=15
Column_274=15
Column_0=14
Column_23=13
Column_135=13
Column_141=13
Column_226=13
Column_229=13
Column_252=13
Column_269=13
Column_276=13
Column_278=13
Column_51=12
Column_64=12
Column_170=12
Column_271=12
Column_4=11
Column_12=11
Column_96=11
Column_120=11
Column_138=11
Column_183=11
Column_204=11
Column_61=10
Column_66=10
Column_117=10
Column_184=10
Column_246=10
Column_248=10
Column_273=10
Column_3=9
Column_36=9
Column_49=9
Column_65=9
Column_168=9
Column_219=9
Column_236=9
Column_1=8
Column_5=8
Column_27=8
Column_30=8
Column_47=8
Column_52=8
Column_57=8
Column_68=8
Column_70=8
Column_72=8
Column_78=8
Column_82=8
Column_108=8
Column_190=8
Column_194=8
Column_206=8
Column_213=8
Column_215=8
Column_232=8
Column_234=8
Column_241=8
Column_250=8
Column_287=8
Column_10=7
Column_19=7
Column_54=7
Column_103=7
Column_107=7
Column_114=7
Column_124=7
Column_136=7
Column_159=7
Column_178=7
Column_180=7
Column_192=7
Column_198=7
Column_221=7
Column_224=7
Column_259=7
Column_277=7
Column_280=7
Column_285=7
Column_2=6
Column_9=6
Column_11=6
Column_26=6
Column_33=6
Column_37=6
Column_38=6
Column_45=6
Column_101=6
Column_128=6
Column_155=6
Column_163=6
Column_164=6
Column_187=6
Column_201=6
Column_211=6
Column_218=6
Column_231=6
Column_239=6
Column_243=6
Column_245=6
Column_6=5
Column_16=5
Column_44=5
Column_56=5
Column_69=5
Column_71=5
Column_73=5
Column_75=5
Column_87=5
Column_92=5
Column_126=5
Column_134=5
Column_145=5
Column_156=5
Column_173=5
Column_176=5
Column_217=5
Column_220=5
Column_265=5
Column_8=4
Column_32=4
Column_41=4
Column_58=4
Column_62=4
Column_80=4
Column_85=4
Column_93=4
Column_94=4
Column_100=4
Column_110=4
Column_115=4
Column_127=4
Column_129=4
Column_131=4
Column_148=4
Column_152=4
Column_179=4
Column_202=4
Column_208=4
Column_214=4
Column_258=4
Column_15=3
Column_20=3
Column_31=3
Column_39=3
Column_59=3
Column_83=3
Column_89=3
Column_91=3
Column_98=3
Column_106=3
Column_111=3
Column_112=3
Column_133=3
Column_149=3
Column_160=3
Column_162=3
Column_171=3
Column_181=3
Column_182=3
Column_185=3
Column_186=3
Column_209=3
Column_210=3
Column_266=3
Column_272=3
Column_286=3
Column_13=2
Column_25=2
Column_29=2
Column_34=2
Column_42=2
Column_43=2
Column_50=2
Column_55=2
Column_60=2
Column_63=2
Column_74=2
Column_79=2
Column_90=2
Column_95=2
Column_105=2
Column_113=2
Column_118=2
Column_121=2
Column_130=2
Column_132=2
Column_137=2
Column_140=2
Column_150=2
Column_157=2
Column_161=2
Column_172=2
Column_175=2
Column_193=2
Column_199=2
Column_200=2
Column_216=2
Column_228=2
Column_238=2
Column_251=2
Column_279=2
Column_284=2
Column_7=1
Column_14=1
Column_18=1
Column_24=1
Column_46=1
Column_48=1
Column_53=1
Column_67=1
Column_77=1
Column_81=1
Column_86=1
Column_116=1
Column_122=1
Column_144=1
Column_146=1
Column_147=1
Column_151=1
Column_153=1
Column_154=1
Column_158=1
Column_165=1
Column_174=1
Column_188=1
Column_195=1
Column_196=1
Column_203=1
Column_223=1
Column_230=1
Column_242=1
Column_244=1
Column_249=1
Column_291=1

parameters:
[boosting: gbdt]
[objective: regression]
[metric: l2]
[tree_learner: serial]
[device_type: cpu]
[data_sample_strategy: bagging]
[data: ]
[valid: ]
[num_iterations: 1000]
[learning_rate: 0.05]
[num_leaves: 31]
[num_threads: 0]
[seed: 42]
[deterministic: 1]
[force_col_wise: 0]
[force_row_wise: 0]
[histogram_pool_size: -1]
[max_depth: -1]
[min_data_in_leaf: 20]
[min_sum_hessian_in_leaf: 0.001]
[bagging_fraction: 1]
[pos_bagging_fraction: 1]
[neg_bagging_fraction: 1]
[bagging_freq: 0]
[bagging_seed: 400]
[bagging_by_query: 0]
[feature_fraction: 1]
[feature_fraction_bynode: 1]
[feature_fraction_seed: 30056]
[extra_trees: 0]
[extra_seed: 12879]
[early_stopping_round: 0]
[early_stopping_min_delta: 0]
[first_metric_only: 0]
[max_delta_step: 0]
[lambda_l1: 0]
[lambda_l2: 0]
[linear_lambda: 0]
[min_gain_to_split: 0]
[drop_rate: 0.1]
[max_drop: 50]
[skip_drop: 0.5]
[xgboost_dart_mode: 0]
[uniform_drop: 0]
[drop_seed: 17869]
[top_rate: 0.2]
[other_rate: 0.1]
[min_data_per_group: 100]
[max_cat_threshold: 32]
[cat_l2: 10]
[cat_smooth: 10]
[max_cat_to_onehot: 4]
[top_k: 20]
[monotone_constraints: ]
[monotone_constraints_method: basic]
[monotone_penalty: 0]
[feature_contri: ]
[forcedsplits_filename: ]
[refit_decay_rate: 0.9]
[cegb_tradeoff: 1]
[cegb_penalty_split: 0]
[cegb_penalty_feature_lazy: ]
[cegb_penalty_feature_coupled: ]
[path_smooth: 0]
[interaction_constraints: ]
[verbosity: -1]
[saved_feature_importance_type: 0]
[use_quantized_grad: 0]
[num_grad_quant_bins: 4]
[quant_train_renew_leaf: 0]
[stochastic_rounding: 1]
[linear_tree: 0]
[max_bin: 255]
[max_bin_by_feature: ]
[min_data_in_bin: 3]
[bin_construct_sample_cnt: 200000]
[data_random_seed: 175]
[is_enable_sparse: 1]
[enable_bundle: 1]
[use_missing: 1]
[zero_as_missing: 0]
[feature_pre_filter: 1]
[pre_partition: 0]
[two_round: 0]
[header: 0]
[label_column: ]
[weight_column: ]
[group_column: ]
[ignore_column: ]
[categorical_feature: ]
[forcedbins_filename: ]
[precise_float_parser: 0]
[parser_config_file: ]
[objective_seed: 16083]
[num_class: 1]
[is_unbalance: 0]
[scale_pos_weight: 1]
[sigmoid: 1]
[boost_from_average: 1]
[reg_sqrt: 0]
[alpha: 0.9]
[fair_c: 1]
[poisson_max_delta_step: 0.7]
[tweedie_variance_power: 1.5]
[lambdarank_truncation_level: 30]
[lambdarank_norm: 1]
[label_gain: ]
[lambdarank_position_bias_regularization: 0]
[eval_at: ]
[multi_error_top_k: 1]
[auc_mu_weights: ]
[num_machines: 1]
[local_listen_port: 12400]
[time_out: 120]
[machine_list_filename: ]
[machines: ]
[gpu_platform_id: -1]
[gpu_device_id: -1]
[gpu_device_id_list: ]
[gpu_use_dp: 0]
[num_gpu: 1]

end of parameters

pandas_categorical:null
