tree
version=v4
num_class=1
num_tree_per_iteration=1
label_index=0
max_feature_idx=293
objective=regression
feature_names=Column_0 Column_1 Column_2 Column_3 Column_4 Column_5 Column_6 Column_7 Column_8 Column_9 Column_10 Column_11 Column_12 Column_13 Column_14 Column_15 Column_16 Column_17 Column_18 Column_19 Column_20 Column_21 Column_22 Column_23 Column_24 Column_25 Column_26 Column_27 Column_28 Column_29 Column_30 Column_31 Column_32 Column_33 Column_34 Column_35 Column_36 Column_37 Column_38 Column_39 Column_40 Column_41 Column_42 Column_43 Column_44 Column_45 Column_46 Column_47 Column_48 Column_49 Column_50 Column_51 Column_52 Column_53 Column_54 Column_55 Column_56 Column_57 Column_58 Column_59 Column_60 Column_61 Column_62 Column_63 Column_64 Column_65 Column_66 Column_67 Column_68 Column_69 Column_70 Column_71 Column_72 Column_73 Column_74 Column_75 Column_76 Column_77 Column_78 Column_79 Column_80 Column_81 Column_82 Column_83 Column_84 Column_85 Column_86 Column_87 Column_88 Column_89 Column_90 Column_91 Column_92 Column_93 Column_94 Column_95 Column_96 Column_97 Column_98 Column_99 Column_100 Column_101 Column_102 Column_103 Column_104 Column_105 Column_106 Column_107 Column_108 Column_109 Column_110 Column_111 Column_112 Column_113 Column_114 Column_115 Column_116 Column_117 Column_118 Column_119 Column_120 Column_121 Column_122 Column_123 Column_124 Column_125 Column_126 Column_127 Column_128 Column_129 Column_130 Column_131 Column_132 Column_133 Column_134 Column_135 Column_136 Column_137 Column_138 Column_139 Column_140 Column_141 Column_142 Column_143 Column_144 Column_145 Column_146 Column_147 Column_148 Column_149 Column_150 Column_151 Column_152 Column_153 Column_154 Column_155 Column_156 Column_157 Column_158 Column_159 Column_160 Column_161 Column_162 Column_163 Column_164 Column_165 Column_166 Column_167 Column_168 Column_169 Column_170 Column_171 Column_172 Column_173 Column_174 Column_175 Column_176 Column_177 Column_178 Column_179 Column_180 Column_181 Column_182 Column_183 Column_184 Column_185 Column_186 Column_187 Column_188 Column_189 Column_190 Column_191 Column_192 Column_193 Column_194 Column_195 Column_196 Column_197 Column_198 Column_199 Column_200 Column_201 Column_202 Column_203 Column_204 Column_205 Column_206 Column_207 Column_208 Column_209 Column_210 Column_211 Column_212 Column_213 Column_214 Column_215 Column_216 Column_217 Column_218 Column_219 Column_220 Column_221 Column_222 Column_223 Column_224 Column_225 Column_226 Column_227 Column_228 Column_229 Column_230 Column_231 Column_232 Column_233 Column_234 Column_235 Column_236 Column_237 Column_238 Column_239 Column_240 Column_241 Column_242 Column_243 Column_244 Column_245 Column_246 Column_247 Column_248 Column_249 Column_250 Column_251 Column_252 Column_253 Column_254 Column_255 Column_256 Column_257 Column_258 Column_259 Column_260 Column_261 Column_262 Column_263 Column_264 Column_265 Column_266 Column_267 Column_268 Column_269 Column_270 Column_271 Column_272 Column_273 Column_274 Column_275 Column_276 Column_277 Column_278 Column_279 Column_280 Column_281 Column_282 Column_283 Column_284 Column_285 Column_286 Column_287 Column_288 Column_289 Column_290 Column_291 Column_292 Column_293
feature_infos=[-9804:15488.5] [-9488.5:16366.5] [-11032.5:15438.5] [-10183:16310] [-8130.509765625:17763.109375] [136.75750732421875:1862.834716796875] [-7667.75439453125:15028.4189453125] [-10165.5:16316] [-9633:16445] [-11177:15801] [-10327.5:16219] [-8060.97509765625:17714.5] [136.75750732421875:1862.834716796875] [-7664.8798828125:15136.6533203125] [-10310:16208] [-9480.5:16576] [-10827:16071] [-9987:16388] [-7994.10009765625:17668.08984375] [136.75750732421875:1862.834716796875] [-7658.75439453125:15250.412109375] [-10070.5:16394] [-9770.5:16541] [-11314.5:16115.5] [-10465:16243] [-7926.94482421875:17622.55078125] [136.75750732421875:1862.834716796875] [-7639.322265625:15340.6474609375] [-10447.5:16238] [-9618:16304.5] [-10665.5:15582.5] [-10124.5:15710] [-7863.77001953125:17563.705078125] [136.75750732421875:1862.834716796875] [-7662.08935546875:15307.724609375] [-10208:15705] [-9136.5:15771.5] [-10464:14267] [-9947:14752.5] [-7808.375:17497.609375] [136.75750732421875:1862.834716796875] [-7695.85400390625:15214.8408203125] [-9945:14758.5] [-9616.5:14988] [-10637:14483] [-9641.5:14800] [-7744.47509765625:17430.869140625] [136.75750732421875:1862.834716796875] [-7732.00341796875:15122.9462890625] [-9635.5:14806] [-8911:15018.5] [-10269.5:14527.5] [-9398.5:14830.5] [-7679.990234375:17354.2890625] [136.75750732421875:1862.834716796875] [-7686.85400390625:14962.1328125] [-9413.5:14836.5] [-7962:14983.5] [-9573.5:14558] [-8656.5:14685.5] [-7611.93505859375:17270.109375] [136.75750732421875:1862.834716796875] [-7723.00341796875:14749.302734375] [-8639:14680.5] [-7809.5:14747] [-9330.5:13242.5] [-8481:13421] [-7545.10498046875:17183.189453125] [136.75750732421875:1862.834716796875] [-7574.59423828125:14526.9111328125] [-8463.5:13423.5] [-7692:13474.5] [-9236:12653.5] [-8386.5:13007.5] [-7485.5751953125:17094.994140625] [136.75750732421875:1862.834716796875] [-7443.81298828125:14305.419921875] [-8369:13001.5] [-8137.5:13191.5] [-9681.5:12376.5] [-8832:13185] [-7436.81494140625:16997.890625] [136.75750732421875:1862.834716796875] [-7280.875:14018.3818359375] [-8814.5:13179] [-7992.5:13532] [-9536.5:12583] [-8687:13525.5] [-7403.5400390625:16909.83984375] [136.75750732421875:1862.834716796875] [-7107.00341796875:13861.4375] [-8669.5:13519.5] [-7840:13618.5] [-8887.5:12894.5] [-8346.5:13258.5] [-7386.205078125:16827.630859375] [136.75750732421875:1862.834716796875] [-6958.59423828125:13759.4892578125] [-8430:13240.5] [-7983.5:13336.5] [-9004:12533.5] [-8169:12770.5] [-7357.9150390625:16741.689453125] [136.75750732421875:1862.834716796875] [-6827.81298828125:13645.8076171875] [-8167:12752.5] [-7838.5:12848.5] [-9289.5:12240.5] [-7890.5:12379] [-7332.51513671875:16653.5390625] [136.75750732421875:1862.834716796875] [-6664.875:13530.6435546875] [-7907.5:12375] [-7133:12681.5] [-8585.5:12236.5] [-7666.5:12445] [-7311.375:16563.099609375] [136.75750732421875:1862.834716796875] [-6474.2958984375:13431.94921875] [-7643:12449] [-6321:12457] [-9245.5:11703.5] [-8326.5:12013] [-7283.91015625:16467.494140625] [136.75750732421875:1862.834716796875] [-6300.564453125:13302.953125] [-8303:12001] [-6795.5:12088.5] [-9009:11302.5] [-7329.5:11895.5] [-7248.64013671875:16367.740234375] [136.75750732421875:1862.834716796875] [-6100.4052734375:13145.09375] [-7316.5:11868.5] [-7123:12643.5] [-8667:11694.5] [-7817.5:12637] [-7215.81005859375:16279.650390625] [136.75750732421875:1862.834716796875] [-5962.77783203125:13039.3583984375] [-7800:12631] [-7231:12730] [-8775:12006] [-7925.5:12370] [-7173.23486328125:16188.0498046875] [136.75750732421875:1862.834716796875] [-5852.07080078125:12918.87109375] [-7908:12352] [-7298.5:12448] [-8842.5:11645] [-7993:11780.5] [-7133.47021484375:16089.6201171875] [136.75750732421875:1862.834716796875] [-5791.35400390625:12754.24609375] [-7975.5:11776.5] [-7146:11839.5] [-8333:10762] [-8067:11139.5] [-7089.96484375:15986.3603515625] [136.75750732421875:1862.834716796875] [-5827.50341796875:12576.0419921875] [-8054:11154] [-7860.5:11498] [-9404.5:10575] [-8727:10953] [-7046.009765625:15880.3095703125] [136.75750732421875:1862.834716796875] [-5679.09423828125:12373.583984375] [-8714:10953.5] [-8520.5:11475.5] [-10064.5:10364] [-9215:10909.5] [-6996.64990234375:15777.6953125] [136.75750732421875:1862.834716796875] [-5567.00341796875:12240.4853515625] [-9197.5:10895] [-8368:10954] [-9415.5:10039] [-8874.5:10636] [-6945.2099609375:15668.3203125] [136.75750732421875:1862.834716796875] [-5418.59423828125:12094.623046875] [-8958:10638.5] [-7886.5:10644.5] [-8968:9874.5] [-8697:10103] [-6892.4150390625:15550.08984375] [136.75750732421875:1862.834716796875] [-5287.81298828125:11902.0205078125] [-8695:10105.5] [-8366.5:10220.5] [-9387:9445.5] [-8391.5:9584] [-6829.919921875:15426.5703125] [136.75750732421875:1862.834716796875] [-5538.9072265625:11691.2919921875] [-8385.5:9589] [-7661:9673] [-9019.5:8912.5] [-8148.5:9321.5] [-6770.18994140625:15294.599609375] [136.75750732421875:1862.834716796875] [-5776.142578125:11406.810546875] [-8163.5:9307] [-6584.5:9464.5] [-8323.5:8647.5] [-7072:9352] [-6711.43017578125:15156.7099609375] [136.75750732421875:1862.834716796875] [-5872.4931640625:11095.646484375] [-7087:9337.5] [-6548.5:9396.5] [-7735:8481.5] [-6555:9078.5] [-6651.10986328125:15019.0146484375] [136.75750732421875:1862.834716796875] [-5934.53955078125:10794.7236328125] [-6547.5:9081] [-6079:9087] [-7187.5:8317] [-6541.5:8418.5] [-6590.21484375:14879.8701171875] [136.75750732421875:1862.834716796875] [-5989.7177734375:10554.4765625] [-6501:8412.5] [-5783:8953] [-7327:7888] [-6477.5:8026.5] [-6532.15478515625:14735.58984375] [136.75750732421875:1862.834716796875] [-5818.10693359375:10267.16015625] [-6460:8031.5] [-5630.5:8420] [-6678:6975] [-6137:7004.5] [-6475.35498046875:14589.349609375] [136.75750732421875:1862.834716796875] [-5538.0517578125:9894.0546875] [-6220.5:7006.5] [-5149:8001.5] [-6322:6062.5] [-5959.5:7046.5] [-6415.7001953125:14413.740234375] [136.75750732421875:1862.834716796875] [-5415.63818359375:9538.146484375] [-5957.5:7022] [-5629:7496.5] [-6649.5:6099] [-5654:6564] [-6351.384765625:14247.599609375] [136.75750732421875:1862.834716796875] [-5248.6708984375:9237.2236328125] [-5648:6611.5] [-4923.5:7365] [-6282:6080.5] [-5411:6594.5] [-6283.169921875:14052.0654296875] [136.75750732421875:1862.834716796875] [-5092.9736328125:8996.9765625] [-5426:6642] [-3590.5:7395.5] [-5586:5830] [-4098.5:6114] [-6208.740234375:13854.7998046875] [136.75750732421875:1862.834716796875] [-4841.47607421875:8709.66015625] [-4080.5:6127] [-3811:7632.5] [-5526.5:6125.5] [-3817.5:6934] [-6137.47998046875:13667.240234375] [136.75750732421875:1862.834716796875] [-4600.4326171875:8336.5546875] [-3810:6916] [-3341.5:6917.5] [-4450:5769] [-3804:6096.5] [-6065.31005859375:13484.6103515625] [136.75750732421875:1862.834716796875] [-4415.0751953125:7855.07373046875] [-3763.5:6091.5] [-2259.5:7066] [-4331:3434] [-2439.5:4998.5] [-5988.6748046875:13280.5400390625] [136.75750732421875:1862.834716796875] [-4111.568359375:7491.65771484375] [-2399:4995] [0:5732.5] [-4567.5:0] none [-5910.5498046875:13074.490234375] [136.75750732421875:1862.834716796875] [-3737.789306640625:6810.59814453125]
tree_sizes=2766 2782 2799 2779 2813 2808 2805 2795 2812 2787 2803 2810 2809 2821 2796 2796 2795 2824 2825 2812 2818 2804 2839 2819 2815 2818 2821 2812 2830 2826 2823 2841 2808 2876 2829 2860 2819 2818 2816 2882 2814 2890 2824 2848 2822 2855 2863 2860 2813 2836 2862 2885 2883 2838 2847 2856 2867 2864 2853 2866

Tree=0
num_leaves=31
num_cat=0
split_feature=242 285 285 285 264 225 134 278 225 173 47 4 208 272 152 120 292 177 65 5 135 177 93 243 264 82 82 58 209 260
split_gain=9.5049e+07 5.27042e+07 1.50677e+07 9.20012e+06 8.74725e+06 8.04122e+06 7.02483e+06 9.12564e+06 8.99746e+06 6.59055e+06 6.90749e+06 8.04857e+06 6.3532e+06 5.78095e+06 7.82691e+06 5.55959e+06 5.17114e+06 4.33079e+06 5.75996e+06 3.93827e+06 3.87504e+06 6.13848e+06 5.25496e+06 3.6321e+06 4.89981e+06 5.44043e+06 3.61104e+06 3.56689e+06 3.4112e+06 4.13316e+06
threshold=3876.772583007813 417.59962463378912 1480.4058837890627 600.94247436523449 286.50193786621099 2096.7500000000005 3010.2500000000005 1200.0135498046877 164.75000000000003 858.00915527343761 692.68301391601574 5077.7700195312509 992.53356933593761 212.4910583496094 1200.7758789062502 1628.0000000000002 626.69149780273449 3624.7500000000005 4375.5000000000009 492.22886657714849 2342.2500000000005 3086.5000000000005 398.75000000000006 683.63073730468761 1109.719909667969 1200.0135498046877 754.08599853515636 5187.2500000000009 -3178.6958007812495 -156.24999999999997
decision_type=2 2 2 2 2 2 2 2 2 2 2 2 2 2 2 2 2 2 2 2 2 2 2 2 2 2 2 2 2 2
left_child=1 4 6 -3 -1 19 8 9 -2 10 11 27 -11 -4 -15 -10 -7 18 -13 -5 22 -22 -18 -21 25 -25 -12 -8 -26 -30
right_child=2 3 13 5 -6 16 7 -9 15 12 26 17 -14 14 -16 -17 20 -19 -20 23 21 -23 -24 24 28 -27 -28 -29 29 -31
leaf_value=194.97345748905616 232.65419748765078 200.56087796319935 217.61062647142995 198.77736317150061 197.46205230948752 190.4546740359819 220.13651922412276 191.12119174666762 189.23778602520281 256.72752149034636 188.81806665527384 240.26024078761665 222.09885396649224 233.04783816000926 273.16723339267133 209.36216008709255 224.47527847036207 253.5643531171109 208.39696214862226 207.77269740827862 238.7441084022081 211.37550724215865 201.04985471367655 202.08666720745893 195.71257454711665 177.91702542173425 216.86257434798296 197.72656085420746 231.80504600472807 208.40565738822838
leaf_weight=5939 35 5112 21 357 8709 21 56 24 43 26 24 37 27 31 20 170 39 23 23 566 40 42 62 779 22 24 22 26 32 46
leaf_count=5939 35 5112 21 357 8709 21 56 24 43 26 24 37 27 31 20 170 39 23 23 566 40 42 62 779 22 24 22 26 32 46
internal_value=198.714 198.17 218.213 201.692 196.453 204.54 215.328 220.64 209.16 223.324 219.364 224.141 239.087 239.69 248.781 205.299 213.954 235.117 228.046 203.488 216.651 224.726 210.095 204.632 202.664 201.364 202.231 213.031 213.101 218.005
internal_weight=22398 21790 608 7142 14648 2030 536 288 248 264 211 165 53 72 51 213 204 83 60 1826 183 82 101 1469 903 803 46 82 100 78
internal_count=22398 21790 608 7142 14648 2030 536 288 248 264 211 165 53 72 51 213 204 83 60 1826 183 82 101 1469 903 803 46 82 100 78
is_linear=0
shrinkage=1


Tree=1
num_leaves=31
num_cat=0
split_feature=242 285 285 5 226 264 134 271 225 264 82 173 47 4 208 272 198 9 24 181 77 38 135 177 177 65 123 114 111 82
split_gain=8.57817e+07 4.75655e+07 1.35986e+07 8.61301e+06 1.01912e+07 7.8944e+06 6.33991e+06 8.3233e+06 8.14247e+06 5.8684e+06 5.76152e+06 5.57353e+06 6.18606e+06 7.03369e+06 6.17888e+06 5.21731e+06 7.08946e+06 5.09752e+06 3.69078e+06 3.64202e+06 3.63172e+06 4.6675e+06 3.49832e+06 3.62449e+06 3.43201e+06 5.07455e+06 3.36401e+06 3.54271e+06 3.27219e+06 3.25896e+06
threshold=3876.772583007813 417.59962463378912 1480.4058837890627 495.34709167480474 1725.2500000000002 286.50193786621099 3010.2500000000005 1200.0135498046877 72.750000000000014 1109.719909667969 1200.0135498046877 858.00915527343761 692.68301391601574 5077.7700195312509 992.53356933593761 212.4910583496094 2737.7500000000005 1280.7500000000002 2188.7500000000005 -3492.9204101562495 177.75000000000003 2396.2500000000005 2342.2500000000005 3086.5000000000005 3624.7500000000005 4375.5000000000009 5896.7500000000009 2127.2500000000005 -1411.478820800781 754.08599853515636
decision_type=2 2 2 2 2 2 2 2 2 2 2 2 2 2 2 2 2 2 2 2 2 2 2 2 2 2 2 2 2 2
left_child=1 5 6 -3 9 -1 8 11 -2 10 -5 12 13 -8 -13 -4 -17 -10 -19 -11 28 -22 -6 -24 25 -15 27 -20 -21 -14
right_child=2 3 15 4 22 -7 7 -9 17 19 -12 14 29 24 -16 16 -18 18 26 20 21 -23 23 -25 -26 -27 -28 -29 -30 -31
leaf_value=-3.5536990270012305 36.397098511915942 1.063388834850638 17.951611400785904 3.8308886641698581 11.612107963562012 -1.1895339676435537 13.600893087503387 -9.4790097100394117 -12.722716311750741 -3.4867491245269777 -19.797036829361549 55.112661831195538 -9.4013203183809928 39.106094352296878 21.262874071938654 66.574548339843759 29.283457359900844 30.095635414123535 -1.9585472532681056 17.489967362085977 -8.3584483313560494 23.510229918691849 38.706702616531402 11.573261528015138 49.691555175781254 9.1986298353775702 20.122719364166262 15.597167732602074 44.873856105804443 17.24096245765686
leaf_weight=5939 26 3512 21 3360 80 8709 82 21 29 21 26 26 24 37 28 25 26 20 91 24 20 27 32 20 25 23 40 42 20 22
leaf_count=5939 26 3512 21 3360 80 8709 82 21 29 21 26 26 24 37 28 25 26 20 91 24 20 27 32 20 25 23 40 42 20 22
internal_value=-4.88754e-08 -0.516875 18.5242 2.82867 4.53657 -2.14808 15.7836 20.8297 9.92355 4.02192 3.64946 23.2135 19.5762 24.0482 37.5609 38.9266 47.5634 6.82304 9.75997 15.2823 19.6137 9.94909 18.1746 28.2708 34.1269 27.6416 7.40903 3.58536 29.9372 3.34064
internal_weight=22398 21790 608 7142 3630 14648 536 288 248 3498 3386 267 213 167 54 72 51 222 193 112 91 47 132 52 85 60 173 133 44 46
internal_count=22398 21790 608 7142 3630 14648 536 288 248 3498 3386 267 213 167 54 72 51 222 193 112 91 47 132 52 85 60 173 133 44 46
is_linear=0
shrinkage=0.05


Tree=2
num_leaves=31
num_cat=0
split_feature=242 285 285 285 89 225 254 255 99 205 291 194 166 272 152 292 122 288 26 89 187 170 5 243 285 276 260 248 135 177
split_gain=7.7418e+07 4.29279e+07 1.22728e+07 7.84181e+06 7.29241e+06 6.73447e+06 5.78861e+06 6.08149e+06 6.00926e+06 5.74087e+06 5.3155e+06 5.16543e+06 5.17807e+06 4.70862e+06 6.6606e+06 4.64968e+06 4.58257e+06 3.98293e+06 3.94395e+06 3.57824e+06 4.41609e+06 4.85246e+06 3.35412e+06 3.32548e+06 4.07655e+06 4.06205e+06 4.69288e+06 4.48775e+06 3.29831e+06 5.13605e+06
threshold=3876.772583007813 417.59962463378912 1480.4058837890627 600.94247436523449 278.41178894042974 2096.7500000000005 -1028.7499999999998 2704.0000000000005 6710.5000000000009 1025.5000000000002 5098.3500976562509 1040.881042480469 858.00915527343761 212.4910583496094 1200.7758789062502 626.69149780273449 1176.0000000000002 992.25000000000011 899.23205566406261 705.22543334960949 613.32830810546886 1698.2500000000002 492.22886657714849 683.63073730468761 1039.6253662109377 -194.74999999999997 -248.74999999999997 -2271.4999999999995 2342.2500000000005 3086.5000000000005
decision_type=2 2 2 2 2 2 2 2 2 2 2 2 2 2 2 2 2 2 2 2 2 2 2 2 2 2 2 2 2 2
left_child=1 4 6 -3 -1 22 9 8 10 -2 11 12 16 -4 -15 -7 -8 -9 -14 20 -18 -22 -5 -24 -25 26 27 -26 -17 -30
right_child=2 3 13 5 -6 15 7 17 -10 -11 -12 -13 18 14 -16 28 19 -19 -20 -21 21 -23 23 24 25 -27 -28 -29 29 -31
leaf_value=-3.5337567807073 18.390812234620793 1.6431865125544753 17.054030581883023 0.0068417670012188223 -1.2070916027040717 -8.3509947458903007 -13.272524538040162 15.566312971569245 -13.441482038083286 51.639959259033212 26.444077034465604 -9.7575219779179019 14.305517113727072 30.671615014537693 67.68134441375733 10.441226535032293 9.2946327389343413 46.009110364046961 44.664769096374513 -0.60734482298091974 14.537891462716189 41.782912063598637 8.4150584931093739 2.0938206039642164 -4.0710147724265147 20.136828793497649 -13.873433940227216 27.579090478022891 36.761858789771793 11.727471926098779
leaf_weight=5248 37 5112 21 357 9400 21 20 21 23 20 61 29 23 31 20 101 141 22 20 49 44 26 566 764 21 68 26 24 40 42
leaf_count=5248 37 5112 21 357 9400 21 20 21 23 20 61 29 23 31 20 101 141 22 20 49 44 26 566 764 21 68 26 24 40 42
internal_value=-5.30259e-08 -0.491032 17.598 2.68724 -2.04068 5.31639 14.9944 13.202 11.4327 30.0572 12.8179 10.4566 12.2714 36.9803 45.1852 13.9325 9.79056 31.1417 28.4261 11.5646 14.3913 24.6575 4.3538 5.41021 3.52678 11.4029 3.03799 12.809 16.4896 23.9394
internal_weight=22398 21790 608 7142 14648 2030 536 479 436 57 413 352 323 72 51 204 280 43 43 260 211 70 1826 1469 903 139 71 45 183 82
internal_count=22398 21790 608 7142 14648 2030 536 479 436 57 413 352 323 72 51 204 280 43 43 260 211 70 1826 1469 903 139 71 45 183 82
is_linear=0
shrinkage=0.05


Tree=3
num_leaves=31
num_cat=0
split_feature=242 292 285 5 226 292 134 142 225 255 103 66 110 271 191 120 68 171 4 61 82 68 209 285 176 161 1 93 191 212
split_gain=6.98697e+07 3.88774e+07 1.10762e+07 7.85485e+06 8.63026e+06 6.26462e+06 5.38867e+06 7.72725e+06 7.31492e+06 6.68122e+06 1.03106e+07 1.36749e+07 5.29587e+06 4.92119e+06 4.91547e+06 4.72697e+06 4.4959e+06 6.91136e+06 4.20853e+06 4.5468e+06 4.06008e+06 3.92771e+06 3.71573e+06 3.64965e+06 3.25629e+06 4.51652e+06 3.0183e+06 3.62689e+06 2.93215e+06 4.42958e+06
threshold=3876.772583007813 410.71250915527349 1480.4058837890627 495.34709167480474 1725.2500000000002 290.06207275390631 3010.2500000000005 2716.5000000000005 164.75000000000003 2704.0000000000005 650.02038574218761 4640.2500000000009 589.15350341796886 1109.719909667969 2352.7500000000005 1291.2500000000002 1200.7758789062502 4067.5000000000005 5077.7700195312509 427.58976745605474 1200.0135498046877 549.38742065429699 -3178.6958007812495 943.09799194335949 -867.74999999999989 917.25000000000011 1674.5000000000002 3605.5000000000005 -166.74999999999997 919.00000000000011
decision_type=2 2 2 2 2 2 2 2 2 2 2 2 2 2 2 2 2 2 2 2 2 2 2 2 2 2 2 2 2 2
left_child=1 5 6 -3 13 -1 8 21 -2 10 12 14 18 20 -12 -10 17 -4 -9 -20 -5 -8 -15 -23 -24 -26 -6 -28 -17 -30
right_child=2 3 16 4 26 -7 7 9 15 -11 11 -13 -14 22 -16 28 -18 -19 19 -21 -22 23 24 -25 25 -27 27 -29 29 -31
leaf_value=-3.1903755777840521 30.025972021988466 0.86595623064995597 23.86138565426781 3.46117047953922 8.6235007532181296 -1.0787293296118576 52.861728591918954 4.0129620588742769 -14.614666630671577 34.089700410172746 -5.1019910955429078 -35.314859167734788 38.795691228795938 -5.165602175593377 29.953231983184818 -8.5800167913022261 19.001209852430556 63.138782207171118 39.246021598815922 8.0793536186218269 -16.004610942911221 11.276483063470749 32.401172861559637 41.120897159576423 -2.0085319841730183 26.144914914454734 31.73449260579779 7.5033650854359513 20.246898248967003 3.5674039917687574
leaf_weight=6206 35 3825 21 3402 62 8092 20 52 26 37 20 24 27 20 20 23 27 24 25 22 27 21 29 20 29 28 47 23 68 96
leaf_count=6206 35 3825 21 3402 62 8092 20 52 26 37 20 24 27 20 20 23 27 24 25 22 27 21 29 20 29 28 47 23 68 96
internal_value=-5.67452e-08 -0.46648 16.7181 2.45114 4.10463 -1.99528 14.2447 18.8969 8.84213 14.6513 10.8659 -5.47706 19.1671 3.6359 12.4256 5.36121 35.1313 44.8093 13.8138 24.6574 3.3079 34.696 14.2465 25.8347 18.761 11.8212 16.6572 23.7728 8.13861 10.4833
internal_weight=22398 21790 608 7492 3667 14298 536 288 248 227 190 64 126 3535 40 213 72 45 99 47 3429 61 106 41 86 57 132 70 187 164
internal_count=22398 21790 608 7492 3667 14298 536 288 248 227 190 64 126 3535 40 213 72 45 99 47 3429 61 106 41 86 57 132 70 187 164
is_linear=0
shrinkage=0.05


Tree=4
num_leaves=31
num_cat=0
split_feature=74 292 285 238 274 276 138 113 217 212 108 19 99 219 274 5 225 117 259 145 136 73 255 52 37 13 226 19 139 271
split_gain=6.3324e+07 3.50266e+07 1.28412e+07 9.25816e+06 7.46882e+06 6.25961e+06 5.88517e+06 5.75953e+06 6.16323e+06 5.52242e+06 5.27223e+06 5.26822e+06 6.74463e+06 6.27745e+06 5.41586e+06 5.05639e+06 3.8988e+06 3.79353e+06 3.50983e+06 3.2096e+06 3.02295e+06 2.93502e+06 2.5358e+06 5.01197e+06 3.01851e+06 2.44186e+06 2.45198e+06 2.89109e+06 3.42363e+06 2.36571e+06
threshold=4928.3625488281259 410.71250915527349 1480.4058837890627 2815.2500000000005 -177.74999999999997 -1049.7499999999998 254.89614868164065 2701.2500000000005 -482.24999999999994 -295.74999999999994 2111.2500000000005 640.96713256835949 6710.5000000000009 2790.5000000000005 698.25000000000011 499.16854858398443 1937.7500000000002 458.20018005371099 988.25000000000011 776.22653198242199 -3739.4999999999995 3212.5000000000005 1100.2500000000002 -629.74999999999989 4139.0000000000009 3923.203491210938 -1221.2499999999998 365.49266052246099 3089.732788085938 579.07751464843761
decision_type=2 2 2 2 2 2 2 2 2 2 2 2 2 2 2 2 2 2 2 2 2 2 2 2 2 2 2 2 2 2
left_child=1 6 4 15 10 -4 -1 8 -6 -7 -2 19 13 14 -13 25 20 -5 -16 -9 -17 -10 24 -24 29 -3 -27 -28 -29 -22
right_child=2 3 5 17 7 9 -8 11 21 -11 -12 12 -14 -15 18 16 -18 -19 -20 -21 22 -23 23 -25 -26 26 27 28 -30 -31
leaf_value=-3.6629041099044488 17.858817832810541 0.66288280897587348 10.164706974029542 6.3689808436802462 25.445422950867684 60.451190216064461 -1.3132914977153891 20.03343905760692 -1.4208745682239534 29.861272197299538 51.470770000219346 -6.3604936999082575 -16.652520388648622 33.932591595649718 33.288629687916149 -9.6162697519945066 10.13772459654581 30.244079845126084 7.9394185397360069 41.904741935729987 2.1723087880177063 16.776111569771398 11.702944129163569 -8.0029944861230771 22.50553788117 -9.2991286540031446 0.18558639379648062 5.33019209185312 25.524409208065126 4.9512090474777928
leaf_weight=3543 28 3751 20 28 31 25 10755 104 150 36 20 40 21 30 22 46 210 41 36 20 1622 26 44 121 21 20 52 43 41 1451
leaf_count=3543 28 3751 20 28 31 25 10755 104 150 36 20 40 21 30 22 46 210 41 36 20 1622 26 44 121 21 20 52 43 41 1451
internal_value=2.44554e-08 -0.444467 15.9023 2.32514 13.0586 34.4393 -1.89552 11.178 4.88819 42.3981 31.8638 15.9472 9.6109 13.9197 7.79336 2.15566 3.53156 20.5556 17.5546 23.5611 3.11181 1.26732 3.29146 -2.74808 3.61354 0.917799 7.04722 9.4511 15.1869 3.48444
internal_weight=22398 21789 609 7491 528 81 14298 480 207 61 48 273 149 128 98 7422 3515 69 58 124 3305 176 3259 165 3094 3907 156 136 84 3073
internal_count=22398 21789 609 7491 528 81 14298 480 207 61 48 273 149 128 98 7422 3515 69 58 124 3305 176 3259 165 3094 3907 156 136 84 3073
is_linear=0
shrinkage=0.05


Tree=5
num_leaves=31
num_cat=0
split_feature=74 292 285 238 274 276 268 113 217 89 278 244 255 271 113 5 226 117 261 73 205 184 142 68 163 78 271 126 122 4
split_gain=5.71499e+07 3.1671e+07 1.15892e+07 8.41736e+06 6.74061e+06 5.6493e+06 5.3562e+06 5.19798e+06 5.59732e+06 5.1448e+06 5.07742e+06 5.14311e+06 5.06593e+06 5.10197e+06 4.81133e+06 4.71652e+06 3.57308e+06 3.42366e+06 2.8316e+06 2.7576e+06 2.75542e+06 6.54415e+06 3.69093e+06 2.6231e+06 4.86626e+06 5.11674e+06 3.92112e+06 3.34857e+06 5.02808e+06 3.49354e+06
threshold=4928.3625488281259 406.54446411132818 1480.4058837890627 2815.2500000000005 -177.74999999999997 -1049.7499999999998 -408.74999999999994 2701.2500000000005 -290.24999999999994 278.41178894042974 1200.0135498046877 2871.560668945313 1200.2500000000002 943.09799194335949 2539.5000000000005 499.16854858398443 1725.2500000000002 458.20018005371099 1695.7500000000002 3212.5000000000005 1134.2500000000002 456.25000000000006 2716.5000000000005 944.44439697265636 1977.0000000000002 -3791.4999999999995 579.07751464843761 1382.2500000000002 1982.2500000000002 5077.7700195312509
decision_type=2 2 2 2 2 2 2 2 2 2 2 2 2 2 2 2 2 2 2 2 2 2 2 2 2 2 2 2 2 2
left_child=1 9 4 15 14 -4 -7 8 -6 -1 11 20 -13 18 -2 -3 23 -5 -14 -10 21 -9 -23 26 25 -25 -17 29 -29 -27
right_child=2 3 5 17 7 6 -8 10 19 -11 -12 12 13 -15 -16 16 -18 -19 -20 -21 -22 22 -24 24 -26 27 -28 28 -30 -31
leaf_value=-3.0808064385983056 16.891781281999179 0.84035409002720896 9.6564721679687509 6.0505317415509907 22.87036003112793 54.382713776826861 24.714635748698797 -1.0020465881593767 -1.7367775841118538 -1.1010873690664045 -5.0205103874206545 48.050701586405438 -2.2833298032934013 38.468314420259922 49.000965442657474 1.9172983017864422 12.789187572489388 28.731875817368675 21.333159206708274 15.937306115260492 3.3813015648576079 37.845974758793325 10.776469902992249 20.914179680460975 21.469863804903898 0.24014752228655409 5.4820540184947646 -29.608884569803873 -0.41192843009685653 -20.757051092928108
leaf_weight=5233 28 4142 20 28 35 32 29 31 146 8801 28 21 22 26 20 1735 97 41 30 26 61 34 20 21 22 199 1389 30 29 22
leaf_count=5233 28 4142 20 28 35 32 29 31 146 8801 28 21 22 26 20 1735 97 41 30 26 61 34 20 21 22 199 1389 30 29 22
internal_value=5.82847e-08 -0.422244 15.1072 2.14214 12.4056 32.7173 40.2782 10.6191 4.64378 -1.83929 15.1499 17.4551 26.2525 20.3838 30.2706 1.98606 3.32508 19.5279 11.3416 0.934886 11.4896 17.3086 27.8202 3.05876 -1.23078 -2.88997 3.50227 -4.67528 -15.2578 -1.85007
internal_weight=22398 21789 609 7755 528 81 61 480 207 14034 273 245 99 78 48 7686 3544 69 52 172 146 85 54 3447 323 301 3124 280 59 221
internal_count=22398 21789 609 7755 528 81 61 480 207 14034 273 245 99 78 48 7686 3544 69 52 172 146 85 54 3447 323 301 3124 280 59 221
is_linear=0
shrinkage=0.05


Tree=6
num_leaves=31
num_cat=0
split_feature=242 285 225 5 134 225 233 253 285 143 255 96 66 257 9 58 57 2 281 138 199 74 44 78 283 275 68 271 158 124
split_gain=5.17872e+07 2.88357e+07 9.12406e+06 8.23177e+06 7.23075e+06 6.97559e+06 6.48614e+06 6.21976e+06 4.82788e+06 6.07336e+06 5.26665e+06 7.06077e+06 1.31681e+07 5.56318e+06 4.45197e+06 4.56231e+06 3.44835e+06 4.04386e+06 3.82351e+06 3.35215e+06 3.24857e+06 3.082e+06 4.94247e+06 3.35157e+06 2.99197e+06 4.67827e+06 2.8708e+06 3.16061e+06 3.38448e+06 2.93972e+06
threshold=3876.772583007813 371.08140563964849 72.750000000000014 495.34709167480474 3010.2500000000005 1937.7500000000002 -800.74999999999989 -521.74999999999989 1480.4058837890627 2820.0000000000005 2704.0000000000005 666.45263671875011 4640.2500000000009 606.76919555664074 1280.7500000000002 911.25000000000011 2360.2500000000005 2945.2500000000005 662.75000000000011 248.11411285400393 3013.5000000000005 4928.3625488281259 1606.2500000000002 953.25000000000011 47.250000000000007 239.75000000000003 944.44439697265636 579.07751464843761 3672.4575195312505 858.00915527343761
decision_type=2 2 2 2 2 2 2 2 2 2 2 2 2 2 2 2 2 2 2 2 2 2 2 2 2 2 2 2 2 2
left_child=1 19 7 -3 14 21 -6 -2 9 -8 11 13 20 -11 -4 -16 -7 -18 -19 -1 -13 26 23 -23 -15 -26 27 -5 -29 -28
right_child=2 3 4 5 6 16 8 -9 -10 10 -12 12 -14 24 15 -17 17 18 -20 -21 -22 22 -24 -25 25 -27 29 28 -30 -31
leaf_value=-3.4844839719084093 54.988425195784799 0.4150172679707862 -11.335647590232618 1.7664179260279249 -6.6514174589743993 6.9049412644294001 35.773797070352657 20.919353193850132 38.77139309850233 4.3773671535735437 31.146838132958663 0.80456749534606942 -35.129419235956099 15.35056998168721 30.535422829219272 5.8864565955717012 30.326313943641129 22.175977247732661 -5.5661974709966913 -1.5692550024248657 27.840249443054201 18.783118743896484 28.140545492787517 -7.4701316372040782 52.718093204498295 18.928720730826967 -15.082112621006212 5.5468497100446044 -5.3228203356266022 -0.20438930093038105
leaf_weight=3093 21 6003 33 2004 26 155 38 37 29 47 38 25 21 34 21 177 43 27 23 8742 20 20 31 31 20 21 38 1241 76 263
leaf_count=3093 21 6003 33 2004 26 155 38 37 29 47 38 25 21 34 21 177 43 27 23 8742 20 20 31 31 20 21 38 1241 76 263
internal_value=-1.58854e-09 -0.401605 14.3931 1.58161 12.404 3.35364 17.2826 33.2547 19.4064 17.2792 14.1695 10.7379 -2.43634 17.8649 5.66697 8.50074 11.4719 19.0834 9.41458 -2.06979 12.8204 2.81009 12.3957 2.82526 26.3171 35.4113 2.59308 3.01686 4.91959 -2.08264
internal_weight=22398 21790 608 9955 550 3952 319 58 293 264 226 188 66 122 231 198 248 93 50 11835 45 3704 82 51 75 41 3622 3321 1317 301
internal_count=22398 21790 608 9955 550 3952 319 58 293 264 226 188 66 122 231 198 248 93 50 11835 45 3704 82 51 75 41 3622 3321 1317 301
is_linear=0
shrinkage=0.05


Tree=7
num_leaves=31
num_cat=0
split_feature=292 109 180 219 170 225 197 145 33 103 47 250 129 166 145 79 59 1 22 71 257 5 47 114 232 261 194 240 185 15
split_gain=4.69363e+07 2.67116e+07 8.66036e+06 7.5437e+06 7.80514e+06 6.83513e+06 6.64781e+06 5.02315e+06 4.67986e+06 6.79388e+06 8.13916e+06 6.76004e+06 5.42984e+06 4.59669e+06 4.38207e+06 4.1649e+06 6.32762e+06 3.6139e+06 3.05291e+06 2.92873e+06 2.78248e+06 3.42089e+06 4.13722e+06 2.9428e+06 3.38791e+06 5.12769e+06 3.34479e+06 3.34913e+06 2.94137e+06 3.49088e+06
threshold=481.38352966308599 5243.7575683593759 332.79200744628912 -357.74999999999994 1571.7500000000002 2923.5000000000005 672.75000000000011 633.87484741210949 1480.4058837890627 823.68878173828136 692.68301391601574 992.53356933593761 2533.5000000000005 776.22653198242199 726.51162719726574 2710.2500000000005 1692.7500000000002 4480.5000000000009 4323.7500000000009 3866.0000000000005 393.43318176269537 501.95671081542974 509.17491149902349 2377.2500000000005 917.75000000000011 480.50000000000006 456.46107482910162 461.75000000000006 -590.24999999999989 -3363.7499999999995
decision_type=2 2 2 2 2 2 2 2 2 2 2 2 2 2 2 2 2 2 2 2 2 2 2 2 2 2 2 2 2 2
left_child=2 5 -1 4 15 20 -5 18 9 10 12 17 -8 19 -14 16 -3 -11 -7 -12 -2 22 23 -22 -25 26 -26 -28 -23 -30
right_child=1 3 -4 6 -6 7 8 -9 -10 11 13 -13 14 -15 -16 -17 -18 -19 -20 -21 21 28 -24 24 25 -27 27 -29 29 -31
leaf_value=-2.2940335936064034 14.300451821547288 12.275229842322213 -0.051797490831245921 -14.679163210732597 55.423702185494562 2.7752663563873812 5.8543149921629167 33.16483755440548 -5.5799741109212242 29.973127678462436 -3.5490290562311806 49.105068189126477 19.746254238612217 -17.413795208108837 45.285639806227252 2.0402111558687119 47.262283439437553 2.8928782983259724 23.340037360558142 22.357885434627534 0.86132256196436208 1.7267513462183801 -5.6692446790776163 -0.63064759785220748 7.4828673643725256 1.1355074898949986 16.733915700018407 44.07569158644904 24.358147131878397 4.7479557046629628
leaf_weight=9191 52 28 8103 21 21 59 54 29 27 28 24 27 71 29 22 21 24 22 26 20 1215 1128 212 84 28 58 24 21 23 1706
leaf_count=9191 52 28 8103 21 21 59 54 29 27 28 24 27 71 29 22 21 24 22 26 20 1215 1128 212 84 28 58 24 21 23 1706
internal_value=1.59088e-08 4.2132 -1.24345 16.0044 28.5611 3.10359 12.5832 15.1962 14.3502 16.162 11.6881 28.9445 18.4653 -1.95917 25.7878 20.8335 28.4231 18.0578 9.06567 8.22684 2.80068 2.66776 0.849108 1.81547 7.20748 12.2335 21.051 29.4934 3.71299 5.00882
internal_weight=22398 5104 17294 439 94 4665 345 114 324 297 220 77 147 73 93 73 52 50 85 44 4551 4499 1642 1430 215 131 73 45 2857 1729
internal_count=22398 5104 17294 439 94 4665 345 114 324 297 220 77 147 73 93 73 52 50 85 44 4551 4499 1642 1430 215 131 73 45 2857 1729
is_linear=0
shrinkage=0.05


Tree=8
num_leaves=31
num_cat=0
split_feature=13 285 285 5 234 205 194 54 287 145 121 134 38 29 269 268 120 172 45 127 142 18 138 234 257 54 261 261 189 226
split_gain=4.26227e+07 2.31302e+07 1.02922e+07 7.04306e+06 6.31515e+06 5.70029e+06 5.23867e+06 5.60166e+06 4.55966e+06 7.10772e+06 4.12216e+06 5.01975e+06 3.76717e+06 4.44124e+06 4.23874e+06 3.73083e+06 4.11852e+06 3.46223e+06 3.45236e+06 4.81283e+06 3.88412e+06 3.01703e+06 2.90161e+06 2.89997e+06 6.9275e+06 3.9402e+06 3.68953e+06 3.25947e+06 3.25055e+06 3.10816e+06
threshold=3923.203491210938 371.08140563964849 1480.4058837890627 495.34709167480474 2818.0000000000005 1563.0000000000002 858.73690795898449 675.23397827148449 -304.74999999999994 1200.0135498046877 5630.5000000000009 2899.7500000000005 4860.5000000000009 4259.5000000000009 891.25000000000011 -831.74999999999989 1731.7500000000002 4584.0151367187509 3663.0000000000005 3392.0000000000005 871.25000000000011 5432.4150390625009 246.73233032226565 -974.74999999999989 1039.6253662109377 1039.6253662109377 -595.74999999999989 -529.24999999999989 193.25000000000003 -892.24999999999989
decision_type=2 2 2 2 2 2 2 2 2 2 2 2 2 2 2 2 2 2 2 2 2 2 2 2 2 2 2 2 2 2
left_child=1 22 4 -3 10 23 7 -6 -4 -10 11 15 13 14 -13 21 -17 -14 19 20 -7 -2 -1 25 27 29 -26 -25 -28 -5
right_child=2 3 8 5 6 18 -8 -9 9 -11 -12 12 17 -15 -16 16 -18 -19 -20 -21 -22 -23 -24 24 26 -27 28 -29 -30 -31
leaf_value=-3.2226747956069923 6.7762591532298506 0.30429952746594419 11.893094177544118 1.6042036236948567 27.151996059906789 23.972534980585703 44.504877580915178 -3.960020977517833 20.294138835026668 58.027717844645181 -14.169118726179006 1.6455220526837289 -8.7259894936173055 27.823277428944909 27.471877890825272 -6.1560113214677381 7.2193504943752931 13.202641279388358 -9.5876927471160887 32.781928821563717 6.2615302240955621 32.202736134529111 -1.4241478545390627 5.3622151658274948 30.702329472881377 -12.689959516363629 -4.3435047066730004 1.7267272949793573 23.218046131134034 -13.706056861707143
leaf_weight=3006 28 5910 24 627 39 38 21 23 26 24 20 47 27 75 24 93 151 54 20 25 167 20 8830 887 33 59 23 2022 20 35
leaf_count=3006 28 5910 24 627 39 38 21 23 26 24 20 47 27 75 24 93 151 54 20 25 167 20 8830 887 33 59 23 2022 20 35
internal_value=-6.62252e-09 -0.390608 12.1796 1.39729 10.0823 3.03013 22.9211 15.6104 29.8074 38.4063 8.10533 8.96369 14.5408 19.3384 10.3756 4.62809 2.12136 5.8931 10.3377 12.0703 9.54455 17.3706 -1.88092 2.53718 3.22458 -0.308716 18.1268 2.83524 8.47582 0.794749
internal_weight=22398 21702 696 9866 622 3956 83 62 74 50 539 519 227 146 71 292 244 81 250 230 205 48 11836 3706 2985 721 76 2909 43 662
internal_count=22398 21702 696 9866 622 3956 83 62 74 50 539 519 227 146 71 292 244 81 250 230 205 48 11836 3706 2985 721 76 2909 43 662
is_linear=0
shrinkage=0.05


Tree=9
num_leaves=31
num_cat=0
split_feature=292 109 180 219 170 233 40 234 257 249 276 26 79 101 250 129 145 145 47 212 64 198 226 3 274 80 190 265 82 47
split_gain=3.86686e+07 2.17698e+07 7.16359e+06 6.41156e+06 6.97257e+06 6.09912e+06 6.79368e+06 5.7729e+06 5.18052e+06 6.33705e+06 5.51256e+06 4.61219e+06 3.62595e+06 5.79685e+06 3.54527e+06 3.77775e+06 4.19956e+06 3.44108e+06 3.41912e+06 2.8573e+06 2.59401e+06 3.45501e+06 4.56546e+06 3.69938e+06 3.00934e+06 2.6551e+06 3.08921e+06 3.70494e+06 2.54574e+06 2.52179e+06
threshold=481.38352966308599 5243.7575683593759 332.79200744628912 -357.74999999999994 1571.7500000000002 -402.24999999999994 1480.4058837890627 2818.0000000000005 798.89459228515636 6636.4025878906259 1241.5000000000002 600.94247436523449 2710.2500000000005 -1130.2499999999998 739.54895019531261 2533.5000000000005 574.32891845703136 626.69149780273449 943.09799194335949 3692.2500000000005 4213.2500000000009 2095.0000000000005 1151.2500000000002 4874.7500000000009 1975.5000000000002 3537.7500000000005 1955.2500000000002 1927.6824951171877 754.08599853515636 549.32611083984386
decision_type=2 2 2 2 2 2 2 2 2 2 2 2 2 2 2 2 2 2 2 2 2 2 2 2 2 2 2 2 2 2
left_child=2 7 -1 4 12 -5 8 20 14 10 11 -10 13 -3 15 -7 -17 19 28 -9 24 22 -22 -23 25 29 -27 -28 -13 -2
right_child=1 3 -4 5 -6 6 -8 17 9 -11 -12 18 -14 -15 -16 16 -18 -19 -20 -21 21 23 -24 -25 -26 26 27 -29 -30 -31
leaf_value=-2.0841277965959462 1.079619171303263 6.3282316121188078 -0.044838522377894145 -8.7916024306241205 51.434592801048645 3.0895527856103309 -10.953899676983173 0.82587020546197898 38.89036790772721 39.708584549552519 -6.3504440654407857 18.339300224997782 1.2060283956073581 40.1188050587972 -10.903642301559449 10.772726628359628 39.64722917318344 34.496067676544193 30.453838157653809 24.91715434074402 7.3814421929253475 9.8315564879664663 29.369953393936157 -17.789437701214446 15.851702861088079 3.8091273204700364 -30.236279333450582 -0.87509345894768131 -5.7143298539248377 3.5118436782095621
leaf_weight=9191 1948 22 8103 34 21 58 26 32 27 38 22 22 21 30 20 34 20 20 22 20 90 27 32 22 41 37 22 21 22 2353
leaf_count=9191 1948 22 8103 34 21 58 26 32 27 38 22 22 21 30 20 34 20 20 22 20 90 27 32 22 41 37 22 21 22 2353
internal_value=-1.37926e-08 3.82417 -1.12863 14.4689 26.0451 11.3148 13.5129 2.82244 15.745 22.0065 16.1571 21.4814 18.7413 25.8228 8.48741 11.9501 21.467 16.8707 14.3596 10.0917 2.60222 8.64475 13.1489 -2.56971 2.36855 2.24237 -6.78297 -15.8971 6.31249 2.41025
internal_weight=22398 5104 17294 439 94 345 311 4665 285 153 115 93 73 52 132 112 54 72 66 52 4593 171 122 49 4422 4381 80 43 44 4301
internal_count=22398 5104 17294 439 94 345 311 4665 285 153 115 93 73 52 132 112 54 72 66 52 4593 171 122 49 4422 4381 80 43 44 4301
is_linear=0
shrinkage=0.05


Tree=10
num_leaves=31
num_cat=0
split_feature=13 285 285 12 233 260 269 42 282 268 212 143 268 18 171 96 257 248 65 52 138 250 68 241 257 282 124 96 211 261
split_gain=3.52139e+07 1.9121e+07 8.46911e+06 5.85623e+06 5.31702e+06 1.02277e+07 5.1973e+06 4.39349e+06 4.29943e+06 4.54511e+06 3.63668e+06 5.29216e+06 4.01297e+06 3.66151e+06 3.58638e+06 3.21291e+06 3.00382e+06 2.85798e+06 2.64951e+06 2.6462e+06 2.50862e+06 2.45096e+06 2.3617e+06 3.72335e+06 7.89604e+06 5.49651e+06 2.95443e+06 2.46483e+06 2.816e+06 3.89693e+06
threshold=3923.203491210938 371.08140563964849 1480.4058837890627 579.07751464843761 2079.0000000000005 1631.7500000000002 1739.2500000000002 5704.7500000000009 -1292.7499999999998 -408.74999999999994 1825.7500000000002 1748.7500000000002 -831.74999999999989 5432.4150390625009 2735.2500000000005 666.45263671875011 666.45263671875011 -1875.4999999999998 3178.0000000000005 1456.2500000000002 246.73233032226565 715.72747802734386 944.44439697265636 -664.24999999999989 1109.719909667969 -512.74999999999989 858.00915527343761 858.00915527343761 290.25000000000006 -1476.2499999999998
decision_type=2 2 2 2 2 2 2 2 2 2 2 2 2 2 2 2 2 2 2 2 2 2 2 2 2 2 2 2 2 2
left_child=1 20 4 17 10 -6 7 -7 -4 -10 11 12 13 -2 22 16 -12 -3 -14 -16 -1 -21 27 -24 26 -26 -25 -5 29 -29
right_child=2 3 8 14 5 6 -8 -9 9 -11 15 -13 18 -15 19 -17 -18 -19 -20 21 -22 -23 23 24 25 -27 -28 28 -30 -31
leaf_value=-2.9576398526366088 2.1999302553859628 -10.495880212454962 11.613538469587056 3.2314477392137202 50.379893838791624 12.58630963238803 24.774127631963687 -17.112623348236085 50.868579185485842 19.315533570164728 -5.8198380336165432 13.965147104833438 -5.4710666601998472 31.759503829479218 27.047733556307282 -15.946096643908271 17.060330625680777 0.64717130110984389 9.5168883695835031 17.635081437917858 -1.2853373118410667 -5.0406339515339251 -8.49556857722777 -15.77592916642466 41.183622343540193 5.6925525188446047 1.0473947905049179 23.310073120594026 19.822176473602958 -2.4629556893760509
leaf_weight=3006 22 58 28 1962 21 33 43 20 25 21 32 230 105 20 26 29 26 7300 41 26 8830 22 108 31 20 24 165 20 49 55
leaf_count=3006 22 58 28 1962 21 33 43 20 25 21 32 230 105 20 26 29 26 7300 41 26 8830 22 108 31 20 24 165 20 49 55
internal_value=1.0953e-09 -0.35504 11.0705 1.27054 9.1681 18.7723 11.8582 1.37917 27.0611 36.4639 6.94297 8.87871 2.65595 16.2759 3.35707 -2.35751 4.43679 0.559335 -1.26212 14.2008 -1.71005 7.24205 3.02739 -0.785809 2.68358 21.8249 -1.61344 3.66353 10.5002 4.40985
internal_weight=22398 21702 696 9866 622 117 96 53 74 46 505 418 188 42 2508 87 58 7358 146 74 11836 48 2434 348 240 44 196 2086 124 75
internal_count=22398 21702 696 9866 622 117 96 53 74 46 505 418 188 42 2508 87 58 7358 146 74 11836 48 2434 348 240 44 196 2086 124 75
is_linear=0
shrinkage=0.05


Tree=11
num_leaves=31
num_cat=0
split_feature=292 109 292 219 170 192 231 233 26 271 269 96 157 5 4 121 191 257 5 47 64 191 14 48 26 71 92 226 257 65
split_gain=3.19821e+07 1.78373e+07 6.0856e+06 5.51562e+06 6.12974e+06 5.90223e+06 5.0726e+06 4.35625e+06 5.13193e+06 5.77175e+06 3.68711e+06 5.31232e+06 3.29659e+06 3.23817e+06 6.16882e+06 3.81978e+06 3.00101e+06 2.77489e+06 2.94207e+06 3.69024e+06 3.15172e+06 2.86432e+06 2.63325e+06 4.45171e+06 3.12178e+06 2.7808e+06 2.58052e+06 2.47427e+06 3.71036e+06 3.98861e+06
threshold=481.38352966308599 5243.7575683593759 308.91380310058599 -357.74999999999994 1571.7500000000002 256.75000000000006 2536.2500000000005 -572.74999999999989 1480.4058837890627 943.09799194335949 -514.74999999999989 798.89459228515636 920.25000000000011 640.96713256835949 6608.5024414062509 3385.5000000000005 -2341.4999999999995 393.43318176269537 501.95671081542974 509.17491149902349 4512.7500000000009 815.25000000000011 3917.5000000000005 3536.4477539062505 574.32891845703136 3059.5000000000005 3332.5000000000005 -2366.9999999999995 1109.719909667969 -3470.2499999999995
decision_type=2 2 2 2 2 2 2 2 2 2 2 2 2 2 2 2 2 2 2 2 2 2 2 2 2 2 2 2 2 2
left_child=2 6 -1 4 12 -5 17 -7 9 13 -11 -12 16 14 26 -15 -3 -2 19 -19 22 -21 23 27 -24 -26 -9 -20 29 -29
right_child=1 3 -4 5 -6 7 -8 8 -10 10 11 -13 -14 15 -16 -17 -18 18 20 21 -22 -23 24 -25 25 -27 -28 28 -30 -31
leaf_value=-2.083984066759113 14.013755766868591 13.784620808321854 -0.1945782104052588 -16.175143327713013 47.655849865504678 -9.6727569122206081 12.590252875894066 0.65658694089845171 -7.0227304824760983 7.5028180837631231 17.976964603770863 46.568458262085919 1.3359215902245563 10.808241060801915 35.173682198601391 -11.809838928495136 38.603370017097113 1.4003425345295684 -3.3859298848126032 -1.8631099141488474 14.381934387664325 -14.497428715974094 9.680106449127198 23.733252316254838 -25.609120512008669 -2.2179120364012541 19.408488702774051 -4.9011794581809305 16.525983644104922 3.5350426972543048
leaf_weight=7614 50 29 9680 20 21 22 123 43 28 20 33 32 23 56 31 28 21 1424 146 150 61 64 21 26 24 27 32 149 52 2348
leaf_count=7614 50 29 9680 20 21 22 123 43 28 20 33 32 23 56 31 28 21 1424 146 150 61 64 21 26 24 27 32 149 52 2348
internal_value=3.97098e-08 3.47786 -1.02642 13.1133 23.8503 10.1879 2.57111 11.8102 13.3701 15.4464 26.2763 32.0528 17.0021 10.6014 16.4122 3.26888 24.2085 2.29979 2.1694 0.480333 3.13881 -5.6416 2.89325 3.14299 -6.54473 -13.2255 8.6574 2.94435 3.30693 3.03164
internal_weight=22398 5104 17294 439 94 345 4665 325 303 275 85 65 73 190 106 84 50 4542 4492 1638 2854 214 2793 2721 72 51 75 2695 2549 2497
internal_count=22398 5104 17294 439 94 345 4665 325 303 275 85 65 73 190 106 84 50 4542 4492 1638 2854 214 2793 2721 72 51 75 2695 2549 2497
is_linear=0
shrinkage=0.05


Tree=12
num_leaves=31
num_cat=0
split_feature=13 285 187 185 163 99 114 96 89 40 282 257 164 55 96 82 271 243 1 264 233 194 40 54 143 15 274 241 80 271
split_gain=2.92208e+07 1.57925e+07 7.24742e+06 1.1514e+07 6.49142e+06 5.16376e+06 5.09522e+06 4.02334e+06 1.00887e+07 8.18064e+06 5.8028e+06 3.4524e+06 4.48254e+06 4.14457e+06 3.43217e+06 3.25244e+06 3.0955e+06 5.06773e+06 3.13576e+06 3.08684e+06 3.04766e+06 3.02186e+06 3.00525e+06 2.96652e+06 4.5209e+06 6.52826e+06 2.93148e+06 2.69249e+06 2.67183e+06 2.45806e+06
threshold=3923.203491210938 410.71250915527349 1480.4058837890627 -1194.2499999999998 2061.0000000000005 4571.0000000000009 2600.5000000000005 798.89459228515636 1200.0135498046877 683.63073730468761 -586.24999999999989 705.22543334960949 4128.5000000000009 5643.2695312500009 606.76919555664074 606.76919555664074 579.07751464843761 683.63073730468761 130.25000000000003 286.50193786621099 -434.24999999999994 799.00531005859386 600.94247436523449 823.68878173828136 -844.74999999999989 -2243.2499999999995 828.25000000000011 1322.0000000000002 1429.2500000000002 633.87484741210949
decision_type=2 2 2 2 2 2 2 2 2 2 2 2 2 2 2 2 2 2 2 2 2 2 2 2 2 2 2 2 2 2
left_child=1 19 4 -4 5 6 -2 9 10 11 -9 -6 27 -14 -3 28 18 23 -17 -1 -8 -11 -19 24 -18 -26 -27 -13 -16 -25
right_child=2 14 3 -5 7 -7 20 8 -10 21 -12 12 13 -15 15 16 17 22 -20 -21 -22 -23 -24 29 25 26 -28 -29 -30 -31
leaf_value=-2.1654522372829024 2.0195225198721065 0.88901382208019641 9.1469506909770342 57.807050833702093 9.4430737413911743 -18.223424605369569 1.9286580693721771 16.049008121490481 -1.0177985871279682 5.0701338726541278 50.818479970296231 21.176593749863763 -5.3664473724365243 26.822722911834717 7.4423707956714296 -3.4994482313821074 3.6188297323756302 -12.592855856153701 4.6744113585336615 -0.67468586327881419 25.553799083621005 -20.042581169128418 2.1749912766888739 -7.779055025139634 41.473782200813297 9.3321743457587729 25.452297713539821 46.206561556729412 25.520590332031251 6.5830050675492551
leaf_weight=5939 232 5370 31 20 117 25 20 20 27 23 30 21 20 20 112 327 177 36 183 8361 43 25 800 49 20 194 33 22 25 76
leaf_count=5939 232 5370 31 20 117 25 20 20 27 23 30 21 20 20 112 327 177 36 183 8361 43 25 800 49 20 194 33 22 25 76
internal_value=4.74663e-08 -0.323419 10.0846 28.2293 8.64985 3.59478 5.44378 13.6271 23.6111 10.5273 36.9107 14.9761 22.7756 10.7281 1.55131 3.30158 2.76372 3.99001 -0.566475 -1.29382 18.0538 -8.00941 1.53906 7.72224 9.71787 14.0884 11.6756 33.9826 10.7413 0.953078
internal_weight=22398 21702 696 51 645 320 295 325 77 248 50 200 83 40 7402 2032 1895 1385 510 14300 63 48 836 549 424 247 227 43 137 125
internal_count=22398 21702 696 51 645 320 295 325 77 248 50 200 83 40 7402 2032 1895 1385 510 14300 63 48 836 549 424 247 227 43 137 125
is_linear=0
shrinkage=0.05


Tree=13
num_leaves=31
num_cat=0
split_feature=74 285 17 103 40 238 282 289 257 171 77 208 99 12 197 57 213 191 197 59 145 117 225 261 29 280 288 199 261 5
split_gain=2.65307e+07 1.48029e+07 6.25351e+06 7.85166e+06 6.35976e+06 5.06255e+06 4.78915e+06 6.65997e+06 4.01474e+06 3.70993e+06 3.40992e+06 5.69997e+06 4.10258e+06 3.18588e+06 3.1048e+06 2.99909e+06 2.88255e+06 3.28409e+06 3.78934e+06 3.30761e+06 2.44229e+06 2.39692e+06 2.32239e+06 3.28644e+06 3.47785e+06 3.1183e+06 2.96836e+06 3.68465e+06 2.67851e+06 3.9519e+06
threshold=4928.3625488281259 371.08140563964849 4730.7500000000009 823.68878173828136 606.76919555664074 2815.2500000000005 -1292.7499999999998 -272.74999999999994 798.89459228515636 4067.5000000000005 848.25000000000011 1109.719909667969 1335.5000000000002 433.70352172851568 3350.5000000000005 907.75000000000011 -67.749999999999986 -174.24999999999997 1701.2500000000002 2295.7500000000005 476.11993408203131 458.20018005371099 -1136.2499999999998 -188.24999999999997 4537.2500000000009 -114.24999999999999 614.25000000000011 1679.0000000000002 -639.24999999999989 666.45263671875011
decision_type=2 2 2 2 2 2 2 2 2 2 2 2 2 2 2 2 2 2 2 2 2 2 2 2 2 2 2 2 2 2
left_child=1 -1 10 4 8 13 -5 -8 -4 -6 12 14 15 -3 16 -2 -12 -18 19 -19 -20 -7 -15 24 25 26 27 -24 29 -27
right_child=2 5 3 6 9 21 7 -9 -10 -11 11 -13 -14 22 -16 -17 17 18 20 -21 -22 -23 23 -25 -26 28 -28 -29 -30 -31
leaf_value=-1.4827811758290448 -1.260160026550293 -0.00091828820354129283 9.9493984408494907 9.3536944770812998 -10.928988830666794 3.3531595928328382 52.003224852590847 15.983833867027649 33.005178982870923 11.313883338103423 18.91579937616984 -20.973019745236353 35.532954168319705 -1.4150881195150653 21.827920246124268 23.736060042381286 -16.411243125370572 2.887784291758682 16.057580831050874 25.109013735546785 -2.7403615412749645 22.331151384260597 1.7188578724625216 0.69991567816175793 17.703321166154815 5.1729098612334541 19.067685095469155 -14.243488483815581 3.291024478401205 16.110462387748388
leaf_weight=11836 30 4219 41 20 38 28 33 21 35 37 30 21 20 507 28 20 21 33 20 34 127 41 1579 2256 41 293 24 37 813 115
leaf_count=11836 30 4219 41 20 38 28 33 21 35 37 30 21 20 507 28 20 21 33 20 34 127 41 1579 2256 41 293 24 37 813 115
internal_value=2.61396e-08 -0.287693 10.2932 16.9123 10.3736 1.13349 30.2546 37.9957 20.5672 0.0441614 6.41482 4.19018 16.3939 1.03927 5.99368 8.73833 4.32063 2.45742 4.30901 14.1642 -0.182818 14.6299 1.81396 2.13135 3.24414 3.03693 1.61262 1.35338 4.95002 8.2558
internal_weight=22398 21789 609 225 151 9953 74 54 76 75 384 314 70 9884 293 50 265 235 214 67 147 69 5665 5158 2902 2861 1640 1616 1221 408
internal_count=22398 21789 609 225 151 9953 74 54 76 75 384 314 70 9884 293 50 265 235 214 67 147 69 5665 5158 2902 2861 1640 1616 1221 408
is_linear=0
shrinkage=0.05


Tree=14
num_leaves=31
num_cat=0
split_feature=285 88 285 40 103 172 50 225 254 47 205 211 3 159 47 63 260 259 240 252 246 171 225 129 4 4 199 267 222 164
split_gain=2.41449e+07 1.04741e+07 7.72033e+06 4.51664e+06 5.93374e+06 7.14759e+06 4.993e+06 4.42531e+06 6.04792e+06 4.41322e+06 5.1089e+06 4.25009e+06 4.15652e+06 3.80389e+06 3.73137e+06 2.90312e+06 2.64195e+06 2.76676e+06 3.16478e+06 3.54848e+06 2.80519e+06 2.3597e+06 2.16504e+06 3.05908e+06 3.42504e+06 3.69197e+06 2.37494e+06 3.37938e+06 2.47175e+06 4.59107e+06
threshold=594.35995483398449 5341.3100585937509 371.08140563964849 1480.4058837890627 823.68878173828136 6106.2399902343759 3380.0000000000005 2096.7500000000005 -613.74999999999989 705.22543334960949 2336.5000000000005 2662.5000000000005 2474.0000000000005 776.22653198242199 1200.0135498046877 3506.7500000000005 2957.2500000000005 2256.7500000000005 1503.2500000000002 1562.7500000000002 960.75000000000011 1847.0000000000002 -1238.2499999999998 -1876.7499999999998 1234.8349609375002 -2674.1174316406245 -2084.4999999999995 232.75000000000003 715.72747802734386 2531.7500000000005
decision_type=2 2 2 2 2 2 2 2 2 2 2 2 2 2 2 2 2 2 2 2 2 2 2 2 2 2 2 2 2 2
left_child=2 7 -1 4 9 6 12 11 -9 10 -3 22 -6 15 21 -11 17 18 19 20 -10 -7 23 24 25 -2 27 -24 -28 -30
right_child=1 3 -4 -5 5 14 -8 8 16 13 -12 -13 -14 -15 -16 -17 -18 -19 -20 -21 -22 -23 26 -25 -26 -27 28 -29 29 -31
leaf_value=-1.4085048943510903 11.106305467671362 7.0933229197626533 0.60827091092310814 -4.6716370099299658 3.0159316289992564 31.191264977455138 -5.9285085519154874 34.318172238089822 -9.3880265045166009 -3.8403789520263674 27.651934854719372 -18.565272374947867 31.47135291822029 -12.682165648486164 18.397644837697349 22.450664695103967 23.081739541758665 -8.5757886605878024 15.191638144963903 -14.063363020236677 11.987337414423626 55.479646387100217 3.9867337902386986 -5.9147756355363619 19.07882560299289 -14.123577703278642 4.5237335091765578 27.506353338559467 -0.55081820138031623 15.180910411834716
leaf_weight=11838 29 92 7920 37 21 20 27 22 20 21 45 24 33 37 24 21 23 31 79 26 66 20 42 159 31 29 947 24 640 50
leaf_count=11838 29 92 7920 37 21 20 27 22 20 21 45 24 33 37 24 21 23 31 79 26 66 20 42 159 31 29 947 24 640 50
internal_value=-1.59861e-08 4.49105 -0.60008 11.9659 13.6711 21.495 11.6274 3.16411 9.20572 8.41898 13.8462 2.34735 20.4054 -0.99271 33.9838 9.30514 6.95072 5.27949 7.52825 2.12282 7.01632 43.3355 2.60461 -1.76011 5.66228 -1.50864 3.24022 12.5393 2.8653 0.589162
internal_weight=22398 2640 19758 398 361 145 81 2242 267 216 137 1975 54 79 64 42 245 222 191 112 86 40 1951 248 89 58 1703 66 1637 690
internal_count=22398 2640 19758 398 361 145 81 2242 267 216 137 1975 54 79 64 42 245 222 191 112 86 40 1951 248 89 58 1703 66 1637 690
is_linear=0
shrinkage=0.05


Tree=15
num_leaves=31
num_cat=0
split_feature=285 74 5 208 185 33 219 33 234 117 166 236 273 264 234 177 121 288 282 219 260 268 72 288 156 128 109 287 247 5
split_gain=2.20139e+07 1.2542e+07 4.20149e+06 3.86145e+06 9.36557e+06 6.20492e+06 3.87659e+06 5.80557e+06 3.85185e+06 3.59159e+06 3.18912e+06 3.26727e+06 2.55121e+06 2.68352e+06 4.46322e+06 4.49216e+06 3.55073e+06 2.9282e+06 2.61769e+06 2.25715e+06 2.07037e+06 2.55222e+06 3.77625e+06 3.6052e+06 2.10833e+06 2.64402e+06 2.1611e+06 2.02358e+06 3.49826e+06 1.98275e+06
threshold=476.11993408203131 5423.5773925781259 343.47955322265631 1480.4058837890627 -851.74999999999989 1480.4058837890627 3584.2500000000005 726.51162719726574 2818.0000000000005 499.16854858398443 633.87484741210949 519.29574584960949 1174.5000000000002 798.89459228515636 -726.74999999999989 651.75000000000011 1644.2500000000002 478.25000000000006 76.750000000000014 1538.7500000000002 -1005.7499999999999 -1432.2499999999998 -2155.7499999999995 276.75000000000006 3377.2500000000005 3670.0000000000005 4527.9326171875009 1006.0000000000001 647.25000000000011 392.16378784179693
decision_type=2 2 2 2 2 2 2 2 2 2 2 2 2 2 2 2 2 2 2 2 2 2 2 2 2 2 2 2 2 2
left_child=2 8 -1 5 -5 6 9 -8 20 -3 11 -10 13 19 -15 16 -16 -17 -14 -11 29 22 -22 -24 27 -26 -27 -23 -29 -2
right_child=1 3 -4 4 -6 -7 7 -9 10 12 -12 -13 18 14 15 17 -18 -19 -20 -21 21 24 23 -25 25 26 -28 28 -30 -31
leaf_value=-1.5604920438587191 -17.285343199116845 28.304464786702937 0.018816335909252909 3.4358300715684891 41.997118728391591 -13.609891547475542 7.7775789291962347 44.611478652954105 18.243653643925985 9.5261569658915217 30.434107327461245 -6.2308198623657232 -15.188650747016073 -3.1137184057916918 20.810307702151214 17.391931575139363 -8.2986853194236758 39.673025788932016 5.5723896267462756 -7.9568457317352301 27.32302691418192 1.9123387961671356 -2.6892248967977674 14.973974652473743 21.415061479999174 -5.9632700393939846 15.401166763305666 -24.403102969825269 2.5932807445526125 -1.2019303868078206
leaf_weight=9640 21 22 7478 32 31 28 23 20 30 48 20 25 22 28 22 30 20 29 49 30 23 4261 65 52 31 29 20 20 30 219
leaf_count=9640 21 22 7478 32 31 28 23 20 30 48 20 25 22 28 22 30 20 29 49 30 23 4261 65 52 31 29 20 20 30 219
internal_value=-1.8108e-08 2.82243 -0.870571 10.9654 22.4104 9.0219 10.8694 24.9096 2.09316 8.85697 13.3363 7.11889 7.31796 10.1232 14.55 19.4468 6.94888 28.3437 -0.860609 2.80193 1.91642 2.15613 8.80198 5.16109 1.94424 9.98694 2.75691 1.79499 -8.20527 -2.60923
internal_weight=22398 5280 17118 434 63 371 343 43 4846 300 75 55 278 207 129 101 42 59 71 78 4771 4531 140 117 4391 80 49 4311 50 240
internal_count=22398 5280 17118 434 63 371 343 43 4846 300 75 55 278 207 129 101 42 59 71 78 4771 4531 140 117 4391 80 49 4311 50 240
is_linear=0
shrinkage=0.05


Tree=16
num_leaves=31
num_cat=0
split_feature=13 285 187 185 120 180 96 40 250 78 194 66 2 88 197 115 204 138 26 171 22 26 17 268 34 233 1 16 68 245
split_gain=2.00592e+07 1.0787e+07 5.45445e+06 9.3847e+06 5.20442e+06 3.01956e+06 7.04706e+06 5.69704e+06 4.34463e+06 5.35423e+06 3.24764e+06 2.97688e+06 3.04217e+06 3.70726e+06 4.36668e+06 3.46153e+06 3.48507e+06 2.75329e+06 2.72547e+06 3.28368e+06 3.63755e+06 2.6703e+06 2.65444e+06 2.47777e+06 2.46677e+06 2.31848e+06 2.24763e+06 2.52522e+06 2.20263e+06 3.49463e+06
threshold=3923.203491210938 417.59962463378912 1480.4058837890627 -1194.2499999999998 1731.7500000000002 1109.719909667969 798.89459228515636 705.22543334960949 943.09799194335949 4841.0000000000009 799.00531005859386 6829.5000000000009 4558.7500000000009 5088.4123535156259 2671.7500000000005 2620.2500000000005 2027.7500000000002 248.11411285400393 594.35995483398449 2735.2500000000005 3444.5000000000005 705.22543334960949 4730.7500000000009 -533.74999999999989 4199.8754882812509 -1396.2499999999998 2575.2500000000005 1568.7500000000002 944.44439697265636 -666.74999999999989
decision_type=2 2 2 2 2 2 2 2 2 2 2 2 2 2 2 2 2 2 2 2 2 2 2 2 2 2 2 2 2 2
left_child=1 17 4 -4 21 6 7 11 -8 -10 -9 12 15 14 -14 16 24 -1 25 28 -21 23 -7 -2 -6 26 27 -3 -20 -30
right_child=2 18 3 -5 5 22 8 10 9 -11 -12 -13 13 -15 -16 -17 -18 -19 19 20 -22 -23 -24 -25 -26 -27 -28 -29 29 -31
leaf_value=-2.3621538335589292 7.837006421089173 -2.2303473064954256 6.8687413430983018 50.799584789276125 4.5152795342838061 -16.331941509246828 10.58103401299679 3.9442803462346401 18.658747956405083 53.68745981693268 -22.651708915016869 28.664751391410832 3.2889952778816225 10.928144625100224 -24.047320161546981 19.177963553817527 -8.1622233366966253 -0.68556861584183704 3.1507307064687242 20.4601946924247 -4.6993869900703436 10.981318633372968 5.977417367100716 -12.442757120288787 26.002377694303341 1.0774937351115439 -14.969891923846621 15.06272117766467 -8.6160295869232311 2.1870678229312022
leaf_weight=3108 20 522 31 20 34 20 33 24 24 20 22 20 48 77 21 103 30 11544 1790 51 20 26 40 61 22 4264 33 22 109 239
leaf_count=3108 20 522 31 20 34 20 33 24 24 20 22 20 48 77 21 103 30 11544 1790 51 20 26 40 61 22 4264 33 22 109 239
internal_value=4.17122e-09 -0.267964 8.3554 24.0965 7.11076 9.11374 10.4409 7.78055 24.2952 34.5809 -8.77554 9.92585 8.80711 3.38593 -5.03075 12.9949 5.58959 -1.04121 1.33907 2.79441 13.373 -2.96032 -1.45904 -7.43541 12.9566 0.674977 -2.2996 -1.531 2.44311 -1.19666
internal_weight=22398 21702 696 51 645 538 478 401 77 44 46 355 335 146 69 189 86 14652 7050 2209 71 107 60 81 56 4841 577 544 2138 348
internal_count=22398 21702 696 51 645 538 478 401 77 44 46 355 335 146 69 189 86 14652 7050 2209 71 107 60 81 56 4841 577 544 2138 348
is_linear=0
shrinkage=0.05


Tree=17
num_leaves=31
num_cat=0
split_feature=285 0 152 292 152 115 176 247 229 259 162 209 154 252 159 219 33 226 129 107 142 215 264 96 51 88 261 215 54 45
split_gain=1.83046e+07 7.92459e+06 6.18824e+06 5.87611e+06 5.20897e+06 7.08697e+06 6.05658e+06 4.28984e+06 3.82085e+06 3.43338e+06 3.36332e+06 3.69069e+06 3.37051e+06 3.49833e+06 2.95913e+06 4.10675e+06 2.81917e+06 2.6621e+06 4.46092e+06 5.48459e+06 4.36698e+06 3.58057e+06 2.56906e+06 2.55662e+06 3.88292e+06 2.47063e+06 2.44858e+06 2.29802e+06 2.5679e+06 3.52236e+06
threshold=594.35995483398449 6126.7500000000009 1200.7758789062502 318.39085388183599 799.00531005859386 4712.0000000000009 5256.5000000000009 587.75000000000011 460.63888549804693 596.75000000000011 2803.2500000000005 1244.3140869140627 1745.0000000000002 935.50000000000011 776.22653198242199 1710.7500000000002 1039.6253662109377 -2366.9999999999995 -1876.7499999999998 -2701.4999999999995 -4336.7499999999991 1480.4058837890627 535.61007690429699 650.02038574218761 733.75000000000011 4482.4924316406259 1184.7500000000002 754.08599853515636 633.87484741210949 1536.2500000000002
decision_type=2 2 2 2 2 2 2 2 2 2 2 2 2 2 2 2 2 2 2 2 2 2 2 2 2 2 2 2 2 2
left_child=3 7 4 -1 6 -6 -3 10 -9 -10 11 12 13 17 15 -12 23 18 19 20 -2 27 -11 -13 -25 -26 -7 28 -19 -30
right_child=1 2 -4 -5 5 26 -8 8 9 22 14 16 -14 -15 -16 -17 -18 21 -20 -21 -22 -23 -24 24 25 -27 -28 -29 29 -31
leaf_value=-1.5337108946417668 -21.609657993316652 8.7888242880503338 32.438751047849657 0.21277061616117787 18.850016118740214 -25.371201715015232 41.675469866253081 27.974921271914525 16.474698206152716 -12.418911261785599 0.57003664324680969 -5.1018320882580976 18.319501261277633 -15.032405478378823 21.428684647018844 23.32132670593262 -15.646780336193922 1.7045995795758397 -11.335251760066942 27.732013013362884 6.7771507490248908 24.318983304500581 5.4781884853501586 -14.152276102701823 22.646786227593054 3.7082033409791837 -0.92596515893936171 0.036586803252334307 6.1451622844924332 24.272418799071477
leaf_weight=8318 20 42 37 11440 29 21 21 21 71 21 96 183 33 29 37 25 41 377 86 20 42 20 444 21 26 51 20 424 353 29
leaf_count=8318 20 42 37 11440 29 21 21 21 71 21 96 183 33 29 37 25 41 377 86 20 42 20 444 21 26 51 20 424 353 29
internal_value=-1.89984e-08 3.91035 14.3523 -0.522488 9.32069 -0.0666296 19.751 3.19167 7.05331 6.23362 2.06729 1.43824 2.52514 2.15285 9.05454 5.27072 -3.39881 2.51636 -3.37943 4.96448 -2.37988 3.33971 4.66993 -1.61174 4.90548 10.103 -13.4467 2.98503 4.63212 7.52132
internal_weight=22398 2640 170 19758 133 70 63 2470 557 536 1913 1755 1433 1400 158 121 322 1371 168 82 62 1203 465 281 98 77 41 1183 759 382
internal_count=22398 2640 170 19758 133 70 63 2470 557 536 1913 1755 1433 1400 158 121 322 1371 168 82 62 1203 465 281 98 77 41 1183 759 382
is_linear=0
shrinkage=0.05


Tree=18
num_leaves=31
num_cat=0
split_feature=74 47 225 285 274 108 287 268 40 5 278 26 281 155 135 135 120 226 276 267 281 138 188 264 26 12 233 148 24 163
split_gain=1.67908e+07 9.62886e+06 4.87084e+06 4.13593e+06 4.52045e+06 4.13868e+06 4.00092e+06 5.32211e+06 2.77139e+06 4.30685e+06 2.74101e+06 4.99093e+06 2.67634e+06 2.36516e+06 3.17891e+06 2.7597e+06 3.32719e+06 3.94216e+06 2.30989e+06 3.67936e+06 2.18679e+06 2.16203e+06 2.03699e+06 2.4421e+06 2.35403e+06 2.72053e+06 2.39945e+06 2.29453e+06 1.96173e+06 1.92404e+06
threshold=4928.3625488281259 408.05920410156256 2008.7500000000002 1480.4058837890627 -218.74999999999997 1941.2500000000002 -304.74999999999994 -408.74999999999994 1480.4058837890627 1109.719909667969 499.16854858398443 465.20338439941412 -71.749999999999986 1580.2500000000002 86.500000000000014 2342.2500000000005 4326.0000000000009 1725.2500000000002 -77.749999999999986 838.25000000000011 829.50000000000011 248.11411285400393 -3435.109497070312 1200.0135498046877 943.09799194335949 589.15350341796886 -1889.9999999999998 20.250000000000004 -3847.7499999999995 1977.0000000000002
decision_type=2 2 2 2 2 2 2 2 2 2 2 2 2 2 2 2 2 2 2 2 2 2 2 2 2 2 2 2 2 2
left_child=1 21 22 4 5 -2 -5 -8 9 12 -4 -12 -6 14 -13 -15 17 -17 19 -14 -19 -1 -3 24 25 26 27 -24 -28 -26
right_child=3 2 10 6 8 -7 7 -9 -10 -11 11 13 18 15 -16 16 -18 20 -20 -21 -22 -23 23 -25 29 -27 28 -29 -30 -31
leaf_value=-2.1688666055044146 7.1913661290581032 -8.336916420015239 -3.3375714085318826 3.8285464944510625 -8.8918639421463013 37.214968776702882 40.70550013224284 8.3281268206509687 -10.418395088337085 28.755924721956251 26.549387914793837 4.0070832308600925 4.2625992821484076 -2.3001072981922897 25.963746710121633 -3.5974115848541262 -4.7911292750259928 13.0305219663041 4.3507605364783251 26.885630923509598 33.598440202077228 -0.67622549423876099 -1.9726188770207493 16.000526857376098 -4.7703690285830538 2.777211952063944 -11.253442532174729 -15.956764840483666 0.79768701853689439 10.633668604764072
leaf_weight=3115 24 59 55 29 32 22 30 22 27 20 35 34 41 97 32 20 29 28 330 32 24 10968 110 27 258 1821 34 40 4981 22
leaf_count=3115 24 59 55 29 32 22 30 22 27 20 35 34 41 97 32 20 29 28 330 32 24 10968 110 27 258 1821 34 40 4981 22
internal_value=-1.90536e-08 -0.228871 1.19206 8.18863 6.57474 21.5505 18.7088 27.0074 5.14552 6.06909 6.92079 8.80778 5.02602 6.45567 14.6527 3.72331 9.50818 15.2676 6.13116 14.1795 22.5234 -1.00638 0.916217 0.991074 0.9353 1.11547 0.529604 -5.70172 0.715984 -3.56005
internal_weight=22398 21789 7706 609 528 46 81 52 482 455 354 299 435 264 66 198 101 72 403 73 52 14083 7352 7293 7266 6986 5165 150 5015 280
internal_count=22398 21789 7706 609 528 46 81 52 482 455 354 299 435 264 66 198 101 72 403 73 52 14083 7352 7293 7266 6986 5165 150 5015 280
is_linear=0
shrinkage=0.05


Tree=19
num_leaves=31
num_cat=0
split_feature=13 12 285 287 268 120 278 268 292 254 218 5 82 229 72 26 15 134 152 19 292 142 131 234 212 278 97 13 258 274
split_gain=1.54039e+07 8.33034e+06 4.20533e+06 3.40175e+06 5.15122e+06 2.99864e+06 4.3149e+06 4.22334e+06 3.22066e+06 3.40307e+06 4.03323e+06 3.46119e+06 7.77579e+06 4.54341e+06 2.91174e+06 2.496e+06 2.48333e+06 3.31014e+06 3.22304e+06 5.60071e+06 2.3822e+06 2.24192e+06 2.155e+06 3.02177e+06 4.55522e+06 3.74604e+06 3.79073e+06 3.51998e+06 2.96596e+06 2.89961e+06
threshold=3923.203491210938 433.70352172851568 1480.4058837890627 -304.74999999999994 -408.74999999999994 1731.7500000000002 1200.0135498046877 -831.74999999999989 1109.719909667969 -1028.7499999999998 1349.2500000000002 640.96713256835949 754.08599853515636 666.45263671875011 2908.7500000000005 705.22543334960949 4660.2500000000009 3586.0000000000005 452.36816406250006 569.05575561523449 290.06207275390631 4049.2500000000005 539.71261596679699 -931.74999999999989 -2152.7499999999995 1200.0135498046877 -3084.744262695312 3369.9350585937505 -1168.8800659179685 -908.24999999999989
decision_type=2 2 2 2 2 2 2 2 2 2 2 2 2 2 2 2 2 2 2 2 2 2 2 2 2 2 2 2 2 2
left_child=1 20 5 -4 -5 7 8 -2 9 10 -7 13 21 -11 -14 -9 17 22 -19 -20 -1 -13 -3 27 -25 26 28 -24 -26 -28
right_child=2 16 3 4 -6 6 -8 15 -10 11 -12 12 14 -15 -16 -17 -18 18 19 -21 -22 -23 23 24 25 -27 29 -29 -30 -31
leaf_value=-1.6378652450662938 17.584334693352382 0.36656747028301884 3.1165020942687991 40.24274636336736 7.9117205576463183 8.288655212947301 -8.3034418546236477 -10.997486761037042 25.771348672222206 3.8003795938735658 37.6870080947876 -29.618897417329606 -1.1264677877011506 16.26654192209244 23.769314071536066 6.9712441283243685 -15.508998087319462 27.547489131580701 -6.9649295806884766 22.818486969559284 -0.36145662331628137 -6.2279747784137731 -0.17887806899419137 18.997049915790559 -0.12649582823117575 24.28795512199402 21.337480928784327 -21.008198583693733 -26.197558173537256 2.6654964673272112
leaf_weight=6126 24 3559 24 28 22 28 39 68 27 176 20 21 23 125 24 27 22 22 38 27 9064 20 594 44 24 20 21 21 20 2100
leaf_count=6126 24 3559 24 28 22 28 39 68 27 176 20 21 23 125 24 27 22 22 38 27 9064 20 594 44 24 20 21 21 20 2100
internal_value=4.5823e-09 -0.23482 7.32194 18.5899 26.0171 5.98138 7.66998 -1.15615 9.01257 7.97713 20.538 6.42721 -2.29547 8.97736 11.5863 -5.89058 1.26132 1.31817 11.0055 5.40664 -0.876222 -18.2087 1.18655 2.21267 3.06876 2.74801 2.54903 -0.890123 -11.977 2.85037
internal_weight=22398 21702 696 74 50 622 503 119 464 437 48 389 88 301 47 95 6512 6490 87 65 15190 41 6403 2844 2229 2185 2165 615 44 2121
internal_count=22398 21702 696 74 50 622 503 119 464 437 48 389 88 301 47 95 6512 6490 87 65 15190 41 6403 2844 2229 2185 2165 615 44 2121
is_linear=0
shrinkage=0.05


Tree=20
num_leaves=31
num_cat=0
split_feature=292 74 96 219 170 240 79 30 280 226 108 59 274 282 64 51 32 113 47 131 216 5 114 170 283 215 198 199 276 218
split_gain=1.40338e+07 7.69484e+06 3.07832e+06 3.06819e+06 4.61337e+06 4.41559e+06 3.39033e+06 4.23508e+06 3.18964e+06 4.7809e+06 3.96536e+06 3.06024e+06 2.7008e+06 2.43567e+06 2.40525e+06 3.73556e+06 2.89157e+06 2.71627e+06 2.57313e+06 2.22224e+06 2.86339e+06 2.93521e+06 2.21515e+06 2.3542e+06 2.55992e+06 2.31457e+06 2.18659e+06 3.14551e+06 2.14949e+06 3.22039e+06
threshold=481.38352966308599 5423.5773925781259 371.46006774902349 -357.74999999999994 1571.7500000000002 -1064.4999999999998 2845.0000000000005 667.25000000000011 -156.74999999999997 3435.0000000000005 6247.0000000000009 4279.5000000000009 2291.0000000000005 213.75000000000003 4213.2500000000009 5282.2500000000009 4927.5324707031259 4008.0000000000005 415.86578369140631 370.07778930664068 2928.697631835938 501.95671081542974 2741.5000000000005 1698.2500000000002 716.00000000000011 516.10797119140636 313.25000000000006 1221.2500000000002 595.50000000000011 1380.0000000000002
decision_type=2 2 2 2 2 2 2 2 2 2 2 2 2 2 2 2 2 2 2 2 2 2 2 2 2 2 2 2 2 2
left_child=2 12 -1 4 6 -5 7 -3 -7 10 11 26 14 -11 17 16 18 19 -16 -2 21 22 23 24 -21 -24 -10 -28 29 -20
right_child=1 3 -4 5 -6 8 -8 -9 9 13 -12 -13 -14 -15 15 -17 -18 -19 28 20 -22 -23 25 -25 -26 -27 27 -29 -30 -31
leaf_value=-1.1560062275392011 5.9410646604395465 -1.7010191440582276 0.25478524044053946 -16.394733142852782 37.857192051410678 16.678837967847851 -6.815739188194275 26.59852908452352 -14.467209929511661 7.8824575868390854 -19.44741391181946 15.820064263116747 14.814724946633365 31.688780039007014 -6.5190360493130157 -6.8760052153468143 25.814251205444339 -12.323748130268521 3.809662310055324 -0.1742633983171194 15.030653400034518 1.9843862734659616 22.637976684570315 -7.656903859193509 -15.22178910354088 0.52795495575871965 20.557359277634394 -0.91077316472572944 0.47272493574354385 24.031902648078074
leaf_weight=11458 261 20 5836 20 20 77 20 39 21 21 20 42 39 22 27 40 25 36 35 1114 37 2767 20 130 29 29 21 91 36 45
leaf_count=11458 261 20 5836 20 20 77 20 39 21 21 20 42 39 22 27 40 25 36 35 1114 37 2767 20 130 29 29 21 91 36 45
internal_value=3.11162e-09 2.3038 -0.679923 8.67216 16.4056 6.38677 10.9748 17.0055 7.83321 4.97139 1.64363 4.05403 1.71196 20.0624 1.60162 6.85622 10.1258 1.35451 7.38306 1.46676 1.18372 1.05843 -0.879643 -1.28119 -0.556047 9.55245 0.338442 3.1145 10.6189 15.1847
internal_weight=22398 5104 17294 434 99 335 79 59 315 238 195 175 4670 43 4631 208 168 4423 143 4387 4126 4089 1322 1273 1143 49 133 112 116 80
internal_count=22398 5104 17294 434 99 335 79 59 315 238 195 175 4670 43 4631 208 168 4423 143 4387 4126 4089 1322 1273 1143 49 133 112 116 80
is_linear=0
shrinkage=0.05


Tree=21
num_leaves=31
num_cat=0
split_feature=285 74 40 19 239 285 274 282 191 234 113 117 180 62 92 72 72 255 261 148 213 260 274 222 289 287 278 89 149 70
split_gain=1.2681e+07 7.17514e+06 2.86664e+06 4.09302e+06 3.2772e+06 5.12585e+06 4.16268e+06 3.16511e+06 2.9188e+06 2.6502e+06 2.67424e+06 3.78624e+06 2.64649e+06 2.40802e+06 2.42118e+06 2.20743e+06 2.50254e+06 2.08413e+06 2.50833e+06 2.07489e+06 1.72917e+06 1.65137e+06 2.15643e+06 1.97984e+06 1.87918e+06 2.78174e+06 2.47054e+06 3.73962e+06 2.71808e+06 5.15255e+06
threshold=476.11993408203131 5423.5773925781259 1480.4058837890627 1109.719909667969 -270.74999999999994 1480.4058837890627 -218.74999999999997 -1034.2499999999998 1948.5000000000002 2818.0000000000005 5034.7500000000009 476.11993408203131 332.79200744628912 5531.7416992187509 4200.7500000000009 2908.7500000000005 2206.0000000000005 1200.2500000000002 1695.7500000000002 2923.0000000000005 1536.0000000000002 -1005.7499999999999 -908.24999999999989 316.16993713378912 -1096.9999999999998 -737.49999999999989 1039.6253662109377 1200.0135498046877 881.75000000000011 -738.74999999999989
decision_type=2 2 2 2 2 2 2 2 2 2 2 2 2 2 2 2 2 2 2 2 2 2 2 2 2 2 2 2 2 2
left_child=12 9 3 4 -3 6 -6 -8 -5 21 11 -11 -1 14 15 16 -9 -15 -19 -14 -17 -2 -23 -24 25 -25 27 -26 29 -28
right_child=1 2 -4 8 5 -7 7 13 -10 10 -12 -13 19 17 -16 20 -18 18 -20 -21 -22 22 23 24 26 -27 28 -29 -30 -31
leaf_value=-1.2381100277933088 -2.5978736410041652 -6.5513787216610382 -4.8167536835921441 37.370124122074678 27.443601584434511 31.096556095123294 -12.462685645710339 8.3771664261817929 11.845265485346317 3.2504173843948929 -4.740414311885834 29.492280616079057 -0.045951766931601634 29.051973667144775 -11.579428681873139 24.481266792297365 -7.2624919961138481 -2.3523332682522859 21.52393276908181 11.985128286149767 5.884680497527123 12.312351489574352 16.50892754413865 1.8057085190500535 1.4939561970621844 -22.60919755458832 19.876019514524021 -17.900699834823609 17.405080436257755 -8.1988093311136421
leaf_weight=9191 240 36 38 21 24 25 22 68 24 27 20 28 7891 20 21 25 41 22 22 36 25 47 22 28 4268 20 26 25 51 44
leaf_count=9191 240 36 38 21 24 25 22 68 24 27 20 28 7891 20 21 25 41 22 22 36 25 47 22 28 4268 20 26 25 51 44
internal_value=-2.6744e-09 2.14216 8.30123 9.56003 7.73992 9.37321 7.50051 5.70113 23.7569 1.59056 10.9165 16.6099 -0.660744 7.33885 4.37703 6.48449 2.49436 15.669 9.5858 0.00868667 15.183 1.44396 1.65805 1.54638 1.4726 -8.36717 1.5796 1.38101 8.62552 2.22898
internal_weight=22398 5280 434 396 351 315 290 266 45 4846 75 55 17118 244 180 159 109 64 44 7927 50 4771 4531 4484 4462 48 4414 4293 121 70
internal_count=22398 5280 434 396 351 315 290 266 45 4846 75 55 17118 244 180 159 109 64 44 7927 50 4771 4531 4484 4462 48 4414 4293 121 70
is_linear=0
shrinkage=0.05


Tree=22
num_leaves=31
num_cat=0
split_feature=13 285 255 288 262 89 268 85 230 119 213 187 120 191 220 254 5 205 45 107 142 250 198 136 262 234 257 226 239 54
split_gain=1.16092e+07 6.39943e+06 3.51803e+06 6.61322e+06 3.50419e+06 4.66072e+06 5.50289e+06 4.42894e+06 3.74824e+06 3.10492e+06 4.36404e+06 4.25101e+06 2.68313e+06 2.66074e+06 2.42178e+06 2.30565e+06 2.25066e+06 2.94706e+06 2.67471e+06 3.29952e+06 2.94516e+06 2.40758e+06 2.18729e+06 2.09798e+06 2.27869e+06 2.00787e+06 4.22363e+06 3.15375e+06 3.02234e+06 2.82686e+06
threshold=3923.203491210938 371.08140563964849 2704.0000000000005 709.25000000000011 -248.74999999999997 1109.719909667969 -1713.9999999999998 910.75000000000011 2386.2250976562505 4697.7500000000009 2806.5000000000005 776.22653198242199 2299.7500000000005 4282.5000000000009 -689.74999999999989 890.75000000000011 495.34709167480474 1563.0000000000002 3663.0000000000005 2822.0000000000005 871.25000000000011 397.28376770019537 2235.7500000000005 -3739.4999999999995 -1045.2499999999998 -974.74999999999989 1039.6253662109377 -892.24999999999989 1319.2500000000002 1039.6253662109377
decision_type=2 2 2 2 2 2 2 2 2 2 2 2 2 2 2 2 2 2 2 2 2 2 2 2 2 2 2 2 2 2
left_child=1 -1 4 -4 5 6 -2 -6 14 10 12 13 -9 -11 -8 -13 21 25 19 20 -19 -3 -14 -23 -25 27 -27 29 -28 -18
right_child=2 16 3 -5 7 -7 8 9 -10 11 -12 15 22 -15 -16 -17 17 18 -20 -21 -22 23 -24 24 -26 26 28 -29 -30 -31
leaf_value=-0.98775157644599121 -12.715398864235198 1.7153970964169039 -2.2076147079467776 32.718452387145071 -19.943235680162907 26.629770293602576 -7.8471313022431879 -1.3670695539380684 28.285072552716294 -4.1225173693436847 24.437909100850423 -3.3360593182700025 10.357728758192899 20.135128254890443 12.112541277191857 -26.251052798395577 0.68394873958597913 19.337906760138438 -10.624334168434144 27.331764956883024 3.7878242823966719 13.640187459725603 -3.0500131774593044 -6.8554410232719807 -0.3896276942607404 1.5731340103404614 19.877477191995695 -14.70745213866234 -2.1082352551546966 -11.238484712883279
leaf_weight=11836 28 1687 23 33 20 39 21 122 27 26 30 21 171 20 55 23 627 37 20 21 172 26 37 141 4056 2909 54 40 22 54
leaf_count=11836 28 1687 23 33 20 39 21 122 27 26 30 21 171 20 55 23 627 37 20 21 172 26 37 141 4056 2909 54 40 22 54
internal_value=1.04236e-08 -0.203855 6.3564 18.3738 5.30488 11.4566 6.93943 3.07978 12.2825 4.10303 6.17966 -4.20349 4.51981 6.42429 6.59737 -15.3144 0.736567 1.65961 6.91395 8.43902 6.54071 0.118709 7.9727 -0.519134 -0.606849 1.30516 1.87714 -1.06289 13.5132 -0.261442
internal_weight=22398 21702 696 56 640 170 131 470 103 450 360 90 330 46 76 44 9866 3956 250 230 209 5910 208 4223 4197 3706 2985 721 76 681
internal_count=22398 21702 696 56 640 170 131 470 103 450 360 90 330 46 76 44 9866 3956 250 230 209 5910 208 4223 4197 3706 2985 721 76 681
is_linear=0
shrinkage=0.05


Tree=23
num_leaves=31
num_cat=0
split_feature=285 0 145 145 176 6 292 264 288 264 239 254 4 97 43 160 154 30 92 219 170 38 236 80 289 259 142 247 183 283
split_gain=1.06109e+07 4.82272e+06 4.53067e+06 4.69399e+06 5.80171e+06 5.30933e+06 3.53427e+06 3.27508e+06 2.44208e+06 2.81015e+06 2.52803e+06 3.26241e+06 4.18429e+06 2.70022e+06 4.35818e+06 3.24746e+06 3.18576e+06 3.27601e+06 3.13734e+06 3.09997e+06 3.09029e+06 3.02532e+06 2.63951e+06 3.27342e+06 2.43162e+06 3.75434e+06 3.29516e+06 2.75865e+06 2.42803e+06 2.35978e+06
threshold=594.35995483398449 6126.7500000000009 1200.0135498046877 798.89459228515636 5256.5000000000009 7333.2805175781259 308.91380310058599 504.81159973144537 1551.5000000000002 528.01879882812511 1076.7500000000002 -695.74999999999989 3894.0900878906255 -2305.5983886718745 175.75000000000003 1865.268737792969 1295.2500000000002 1026.5000000000002 2492.2500000000005 -90.749999999999986 728.75000000000011 799.75000000000011 726.51162719726574 4521.0000000000009 -130.24999999999997 247.75000000000003 2939.7500000000005 -878.24999999999989 1355.7500000000002 452.25000000000006
decision_type=2 2 2 2 2 2 2 2 2 2 2 2 2 2 2 2 2 2 2 2 2 2 2 2 2 2 2 2 2 2
left_child=6 7 3 4 -3 -5 -1 -2 9 -9 24 12 -12 -13 20 18 -17 -18 21 -19 -15 -16 -21 -24 25 26 -11 -27 -23 -7
right_child=1 2 -4 5 -6 29 -8 8 -10 10 11 13 -14 14 15 16 17 19 -20 22 -22 28 23 -25 -26 27 -28 -29 -30 -31
leaf_value=-1.2423516486130952 22.567738714218141 6.6524773983245202 26.871183942092792 15.777603897094728 38.805479707717893 -25.755233983993534 0.13170371893019925 -16.566395797729495 18.46786680739859 1.9967507481860751 2.8786955719902405 -14.160232875347138 34.834393939971925 8.1175503518846295 -9.9202902283238359 23.048242501417796 20.234777568948683 19.503452232241631 -19.608042688171068 5.2011318382309994 26.79187825471163 12.85118286171738 -10.356382688691346 8.0122078159877237 4.8142014365035877 -19.630357163527918 -15.695209103160435 -3.3002986375881544 -2.4538664523037998 -2.0249008620327174
leaf_weight=7614 20 47 36 25 20 20 12144 20 23 1043 21 20 20 72 53 24 29 25 24 163 32 49 79 35 368 29 27 239 55 22
leaf_count=7614 20 47 36 25 20 20 12144 20 23 1043 21 20 20 72 53 24 29 25 24 163 32 49 79 35 368 29 27 239 55 22
internal_value=6.01484e-11 2.97722 11.1231 6.89227 16.2504 -2.46586 -0.397806 2.41657 2.25207 2.0984 2.25349 4.78135 18.4668 3.93119 4.49655 2.67908 5.45806 4.18264 -2.7714 2.6412 13.8635 -0.197644 1.11934 -4.7169 1.21478 0.224805 1.55032 -5.06736 4.75717 -13.3251
internal_weight=22398 2640 170 134 67 67 19758 2470 2450 2427 2407 701 41 660 640 536 355 331 181 302 104 157 277 114 1706 1338 1070 268 104 42
internal_count=22398 2640 170 134 67 67 19758 2470 2450 2427 2407 701 41 660 640 536 355 331 181 302 104 157 277 114 1706 1338 1070 268 104 42
is_linear=0
shrinkage=0.05


Tree=24
num_leaves=31
num_cat=0
split_feature=292 74 225 254 36 285 185 274 120 4 226 170 148 5 226 211 218 64 4 117 159 152 257 30 40 155 183 250 5 205
split_gain=9.72393e+06 5.2996e+06 2.52465e+06 5.5447e+06 5.47101e+06 4.48712e+06 3.6185e+06 2.76145e+06 2.66692e+06 2.63767e+06 2.38439e+06 2.47041e+06 2.95523e+06 2.37246e+06 2.10826e+06 2.9944e+06 4.43357e+06 2.67336e+06 2.48317e+06 2.96497e+06 3.78714e+06 2.8373e+06 2.47376e+06 2.24243e+06 2.66394e+06 3.05934e+06 2.71752e+06 3.67583e+06 2.83534e+06 2.18006e+06
threshold=481.38352966308599 5423.5773925781259 -26.249999999999996 -1830.4999999999998 2560.5000000000005 1480.4058837890627 -460.24999999999994 -218.74999999999997 1695.5000000000002 9330.3325195312518 -351.74999999999994 3716.2500000000005 2066.0000000000005 342.15269470214849 1996.2500000000002 2873.0000000000005 2781.5000000000005 4512.7500000000009 5077.7700195312509 471.71058654785162 516.10797119140636 606.81793212890636 393.43318176269537 2366.0000000000005 1039.6253662109377 228.75000000000003 1889.2500000000002 606.76919555664074 483.77349853515631 -1449.2499999999998
decision_type=2 2 2 2 2 2 2 2 2 2 2 2 2 2 2 2 2 2 2 2 2 2 2 2 2 2 2 2 2 2
left_child=13 14 4 -4 -3 7 -6 -5 -9 10 -10 12 -12 -1 15 17 -17 22 19 -16 -21 -22 -2 -24 25 -25 27 -27 -28 -29
right_child=1 2 3 5 6 -7 -8 8 9 -11 11 -13 -14 -15 18 16 -18 -19 -20 20 21 -23 23 24 -26 26 28 29 -30 -31
leaf_value=-1.0918465041062273 12.835316578547159 -4.6284160518646242 -19.937650915384296 20.493356097186055 12.36144476890564 23.599477489574539 42.438421058654789 -8.5724147570760625 -8.2260182770815771 -9.1297307756212032 18.865069286639876 22.096078365079819 3.2129895337542198 0.086197279410658731 -2.6497840652340336 -27.123000054774078 0.83187229512511074 9.4024724195499232 22.845572526114328 28.269438138215442 -11.007464670538903 11.626375829908582 1.4694373004143899 -11.394450080944942 -19.093993884866887 -3.8395852818401579 0.376301515367296 -6.9716091519310375 -13.800172036269615 10.304403021335602
leaf_weight=9574 45 20 20 27 20 37 20 38 22 27 39 31 133 7720 76 23 37 101 21 23 20 45 3774 65 22 109 90 21 58 140
leaf_count=9574 45 20 20 27 20 37 20 38 22 27 39 31 133 7720 76 23 37 101 21 23 20 45 3774 65 22 109 90 21 58 140
internal_value=1.25023e-08 1.91769 7.20275 5.67531 16.7238 7.12237 27.3999 5.19917 3.77523 5.63718 7.40921 9.10366 6.76201 -0.565971 1.42653 1.21077 -9.88416 1.36121 6.65734 4.58446 10.8322 4.66212 1.17338 1.05074 -2.07832 -1.30328 0.265921 3.25073 -5.17934 8.05101
internal_weight=22398 5104 434 374 60 354 40 317 290 252 225 203 172 17294 4670 4485 60 4425 185 164 88 65 4324 4279 505 483 418 270 148 161
internal_count=22398 5104 434 374 60 354 40 317 290 252 225 203 172 17294 4670 4485 60 4425 185 164 88 65 4324 4279 505 483 418 270 148 161
is_linear=0
shrinkage=0.05


Tree=25
num_leaves=31
num_cat=0
split_feature=162 12 103 33 264 54 4 4 257 222 92 2 113 243 289 72 61 78 267 82 6 212 95 62 176 282 66 41 138 64
split_gain=8.88717e+06 5.38524e+06 4.01909e+06 5.70701e+06 6.24137e+06 3.60109e+06 4.89179e+06 3.40631e+06 3.36316e+06 7.3853e+06 3.12337e+06 3.12064e+06 2.88418e+06 2.65354e+06 2.62984e+06 2.43788e+06 2.15064e+06 3.20427e+06 2.97936e+06 2.43331e+06 3.21112e+06 3.04459e+06 4.3437e+06 3.05209e+06 2.32241e+06 2.19552e+06 2.07351e+06 2.07947e+06 2.59879e+06 3.01311e+06
threshold=2574.5000000000005 433.70352172851568 823.68878173828136 1480.4058837890627 1200.0135498046877 675.23397827148449 5077.7700195312509 6608.5024414062509 715.72747802734386 858.00915527343761 2318.5000000000005 2405.5000000000005 4008.0000000000005 715.72747802734386 -589.24999999999989 3564.7500000000005 943.09799194335949 -3791.4999999999995 1860.7500000000002 1200.0135498046877 -2161.2819824218745 -753.74999999999989 3568.0024414062505 -1572.0138549804685 2355.2500000000005 -77.249999999999986 -3594.4999999999995 4463.6469726562509 606.76919555664074 1935.5000000000002
decision_type=2 2 2 2 2 2 2 2 2 2 2 2 2 2 2 2 2 2 2 2 2 2 2 2 2 2 2 2 2 2
left_child=1 -1 5 4 10 6 -2 12 -8 -10 -4 -9 15 -7 -13 16 18 -18 24 21 -21 22 -19 -23 26 -26 -3 28 -28 -30
right_child=2 7 3 -5 -6 13 8 11 9 -11 -12 14 -14 -15 -16 -17 17 19 -20 20 -22 23 -24 -25 25 -27 27 -29 29 -31
leaf_value=-0.71221267490736206 2.8531910092921295 -6.3062893013800343 26.95056113243103 -10.445239188454368 35.329191785700182 10.356312235918914 6.0178079718037658 -2.3863574409484865 41.248954084941317 4.2418385358957149 4.1815534716746852 2.3001475658267738 -16.084770202636719 -9.1997540030174143 22.571135895823442 14.918768568577306 15.441532421112061 -3.7842758615811669 13.116658134086459 0.26849438746770227 -23.768125609195593 10.379720105295597 17.650044436332507 -9.2936369103366054 -14.45101928203664 1.7114538964472321 0.68979880993698939 -10.140213141441345 2.1908462371566761 8.664656881835171
leaf_weight=15116 485 93 20 22 34 22 57 35 28 26 61 24 25 82 48 31 22 60 51 24 33 23 39 138 47 38 4281 40 1181 212
leaf_count=15116 485 93 20 22 34 22 57 35 28 26 61 24 25 82 48 31 22 60 51 24 33 23 39 138 47 38 4281 40 1181 212
internal_value=-2.01537e-09 -0.196235 5.05497 12.8867 17.3502 3.52219 5.02025 1.01393 14.489 23.4307 9.80353 9.86071 0.864578 -5.06289 15.8141 0.931699 0.862677 -3.01087 1.08363 -4.29147 -13.6474 -2.24036 4.65955 -6.48316 0.979475 -7.22544 1.09957 1.22011 1.3002 3.17609
internal_weight=22398 21561 837 137 115 700 596 6445 111 54 81 107 6338 104 72 6313 6282 339 5943 317 57 260 99 161 5892 85 5807 5714 5674 1393
internal_count=22398 21561 837 137 115 700 596 6445 111 54 81 107 6338 104 72 6313 6282 339 5943 317 57 260 99 161 5892 85 5807 5714 5674 1393
is_linear=0
shrinkage=0.05


Tree=26
num_leaves=31
num_cat=0
split_feature=271 169 98 90 89 268 274 240 219 166 212 278 255 191 283 190 43 134 197 183 128 289 124 243 89 155 170 72 12 267
split_gain=8.14048e+06 4.21895e+06 3.34285e+06 5.04635e+06 2.94226e+06 2.74884e+06 4.81284e+06 3.0414e+06 5.69097e+06 5.06981e+06 2.88613e+06 2.75496e+06 4.75545e+06 3.11336e+06 3.67056e+06 2.54732e+06 3.26018e+06 4.35857e+06 2.9853e+06 2.8767e+06 2.23144e+06 2.5396e+06 2.79278e+06 2.09506e+06 3.23476e+06 3.24498e+06 3.1585e+06 3.33612e+06 2.83342e+06 2.61196e+06
threshold=613.32830810546886 2869.7500000000005 4282.0000000000009 4290.1103515625009 278.41178894042974 32.750000000000007 698.25000000000011 501.25000000000006 2367.2500000000005 754.08599853515636 391.25000000000006 754.08599853515636 2704.0000000000005 2570.0000000000005 509.25000000000006 2011.7500000000002 175.75000000000003 1773.5000000000002 1963.7500000000002 1576.2500000000002 2295.7500000000005 -339.24999999999994 471.71058654785162 683.63073730468761 619.04949951171886 424.25000000000006 -695.74999999999989 -1742.9999999999998 858.00915527343761 1860.7500000000002
decision_type=2 2 2 2 2 2 2 2 2 2 2 2 2 2 2 2 2 2 2 2 2 2 2 2 2 2 2 2 2 2
left_child=4 2 3 15 -1 6 7 9 -9 -3 -7 -12 13 -13 -15 18 -17 -18 23 -20 -6 22 -22 24 -2 26 27 -26 -27 -25
right_child=1 5 -4 -5 20 10 -8 8 -10 -11 11 12 -14 14 -16 16 17 -19 19 -21 21 -23 -24 29 25 28 -28 -29 -30 -31
leaf_value=-1.3358398194635717 0.18834418571879208 -7.0747486683360323 -12.13750909850711 14.41611303448677 -0.05140711680850707 18.336975969117265 26.160900941557358 31.659575771463331 -0.89342793655395514 19.227087727299445 9.4490618362146268 6.1245955163782293 11.244086003914859 -4.678082073096073 -29.536462073855933 10.866574536600421 -19.810290552222213 -1.4816905904899944 1.3459174832105638 24.490290034639425 6.2494999175376087 1.8190331114133198 28.557578306198124 0.055933950143650969 0.44328116589709171 20.326419437748115 -7.1477322500579206 15.433953858784268 3.6331797012915978 15.275882549943596
leaf_weight=5321 265 57 42 80 14409 29 45 29 25 27 68 22 39 33 27 31 46 110 25 29 47 225 20 1008 79 73 49 70 39 29
leaf_count=5321 265 57 42 80 14409 29 45 29 25 27 68 22 39 33 27 31 46 110 25 29 47 225 20 1008 79 73 49 70 39 29
internal_value=6.47239e-09 2.76707 1.8177 2.12092 -0.328367 7.44292 11.9612 7.33089 16.5887 1.37941 3.65004 1.39648 -3.12893 -9.96488 -15.8644 1.59009 -3.94329 -6.88628 2.21119 13.7753 0.0362857 4.36356 12.9086 1.8238 4.24451 7.71187 3.86443 7.48588 14.5136 0.481564
internal_weight=22398 2376 1975 1933 20022 401 183 138 54 84 218 189 121 82 60 1853 187 156 1666 54 14701 292 67 1612 575 310 198 149 112 1037
internal_count=22398 2376 1975 1933 20022 401 183 138 54 84 218 189 121 82 60 1853 187 156 1666 54 14701 292 67 1612 575 310 198 149 112 1037
is_linear=0
shrinkage=0.05


Tree=27
num_leaves=31
num_cat=0
split_feature=264 239 40 262 271 194 177 218 201 75 282 289 280 45 274 5 274 283 122 242 108 225 64 124 96 278 93 199 260 247
split_gain=7.46981e+06 4.74888e+06 4.30584e+06 3.96791e+06 5.75932e+06 3.06411e+06 5.46965e+06 3.49452e+06 2.99361e+06 5.18317e+06 2.78309e+06 2.52228e+06 2.77995e+06 2.47845e+06 1.8707e+06 1.74899e+06 1.73307e+06 1.57251e+06 1.52614e+06 1.82972e+06 2.87961e+06 2.53489e+06 2.10452e+06 1.88783e+06 2.4977e+06 2.22998e+06 2.19736e+06 2.43767e+06 1.84885e+06 2.77906e+06
threshold=449.77172851562506 2452.7500000000005 1480.4058837890627 1144.2500000000002 992.53356933593761 1481.2517700195315 -2631.2499999999995 184.25000000000003 462.79612731933599 633.87484741210949 345.50000000000006 -305.74999999999994 1243.5000000000002 4823.5000000000009 256.75000000000006 220.5942306518555 1369.5000000000002 466.75000000000006 5911.2500000000009 3876.772583007813 4159.5000000000009 72.750000000000014 4512.7500000000009 992.53356933593761 1039.6253662109377 1109.719909667969 1342.7500000000002 1321.2500000000002 -241.74999999999997 627.25000000000011
decision_type=2 2 2 2 2 2 2 2 2 2 2 2 2 2 2 2 2 2 2 2 2 2 2 2 2 2 2 2 2 2
left_child=15 5 3 8 10 18 14 -8 -3 -10 13 -12 -13 16 -7 -1 -5 -6 19 20 22 -21 23 24 25 -2 27 -25 -23 -30
right_child=1 2 -4 4 17 6 7 -9 9 -11 11 12 -14 -15 -16 -17 -18 -19 -20 21 -22 28 -24 26 -26 -27 -28 -29 29 -31
leaf_value=-2.2495442167995594 0.91572002961018417 1.7442516517639159 -14.280115327380953 -9.0853641106532166 12.666455099799418 -13.019463720321657 38.719834215641022 9.1626148986816407 44.90322578430176 13.855801028740116 21.487005489071212 15.068295417048715 -8.6827925958803718 -17.960239072946404 8.6063393783569335 -0.41107271671925338 8.1754034129056077 32.038034245669841 -9.8734072089660927 19.03693562235151 -12.50999530658126 14.536074625362051 12.838614809190904 -3.6622212627861241 16.235086338608355 15.595281718327449 -16.973232276351364 14.339299236592792 -2.6950855853992541 7.2443152343770905
leaf_weight=1419 5220 20 21 26 22 20 20 20 20 41 24 22 28 26 20 14643 33 20 32 28 40 33 37 180 27 26 27 21 148 134
leaf_count=1419 5220 20 21 26 22 20 20 20 20 41 24 22 28 26 20 14643 33 20 32 28 40 33 37 180 27 26 27 21 148 134
internal_value=-1.20318e-08 1.45383 7.56189 9.18842 5.42337 1.14706 10.8673 23.9412 18.5313 24.0353 1.07343 8.16314 1.76769 -5.09879 -2.20656 -0.573493 0.568963 21.891 1.01643 1.07528 0.857325 4.6198 0.953875 0.873938 1.06654 0.988474 -3.58049 -1.78147 3.33827 2.02789
internal_weight=22398 6336 303 282 201 6033 80 40 81 61 159 74 50 85 40 16062 59 42 5953 5921 5578 343 5538 5501 5273 5246 228 201 315 282
internal_count=22398 6336 303 282 201 6033 80 40 81 61 159 74 50 85 40 16062 59 42 5953 5921 5578 343 5538 5501 5273 5246 228 201 315 282
is_linear=0
shrinkage=0.05


Tree=28
num_leaves=31
num_cat=0
split_feature=162 47 103 288 2 54 4 267 73 257 222 243 83 283 289 266 12 262 289 240 208 134 279 232 231 198 165 176 171 122
split_gain=6.84917e+06 4.28085e+06 3.30544e+06 5.09984e+06 4.52905e+06 3.18254e+06 4.02935e+06 3.06246e+06 3.01975e+06 2.84389e+06 6.39508e+06 2.41098e+06 2.10414e+06 2.30141e+06 2.09927e+06 2.93549e+06 2.07623e+06 2.0043e+06 3.18695e+06 2.41259e+06 2.08052e+06 1.87811e+06 3.89682e+06 2.65194e+06 2.31255e+06 2.05387e+06 2.1554e+06 2.2388e+06 3.24391e+06 1.87342e+06
threshold=2574.5000000000005 408.05920410156256 823.68878173828136 1109.7500000000002 5118.2500000000009 675.23397827148449 5077.7700195312509 1860.7500000000002 1597.5000000000002 715.72747802734386 858.00915527343761 754.08599853515636 4753.9125976562509 716.00000000000011 -254.74999999999997 802.75000000000011 776.22653198242199 1144.2500000000002 -658.24999999999989 487.25000000000006 415.67256164550787 -2846.9999999999995 -2101.7414550781245 -1809.2499999999998 -2608.7499999999995 -2980.9999999999995 5562.2324218750009 2355.2500000000005 2332.2500000000005 2252.7500000000005
decision_type=2 2 2 2 2 2 2 2 2 2 2 2 2 2 2 2 2 2 2 2 2 2 2 2 2 2 2 2 2 2
left_child=1 -1 5 4 8 6 17 12 -4 -8 -11 -7 13 21 -15 -16 -13 19 -19 -2 -20 -3 -23 24 -24 -25 27 -27 -29 -14
right_child=2 7 3 -5 -6 11 9 -9 -10 10 -12 16 29 14 15 -17 -18 18 20 -21 -22 22 23 25 -26 26 -28 28 -30 -31
leaf_value=-0.69393654154730244 -0.27718272280693051 -5.327628186013964 26.20487380027771 -7.4934918105602266 31.566963958740235 5.2212517300167605 5.2597527545795106 9.9999378568670725 3.5172183435613462 37.852780151367192 3.4158683043259845 -19.351864049013926 22.856140003204345 -18.333500703175865 6.4702613830566413 -10.118969259262085 -1.7463603626598012 15.289580168042864 5.9926818013191223 8.1294654844084189 -9.6555405825376521 20.535958686828614 -22.07002631750974 10.401419610210828 -3.0758394530769122 0.84574669423786197 14.888188939624364 -13.472854939240676 4.1077904397791078 2.3252235546112061
leaf_weight=13926 150 126 20 28 34 37 57 89 55 28 26 34 20 27 48 60 33 21 28 198 88 25 22 56 59 6942 27 65 44 25
leaf_count=13926 150 126 20 28 34 37 57 89 55 28 26 34 20 27 48 60 33 21 28 198 88 25 22 56 59 6942 27 65 44 25
internal_value=-7.08812e-09 -0.172271 4.43768 11.5402 16.4296 3.04762 4.45594 0.77923 9.56726 13.0495 21.272 -5.02314 0.670478 0.605809 -5.86348 -2.74598 -10.6805 2.48917 -2.63366 4.50591 -5.87838 0.724375 0.8297 0.761417 -8.23475 0.863561 0.788099 0.734106 -6.37608 11.4501
internal_weight=22398 21561 837 137 109 700 596 7635 75 111 54 104 7546 7501 135 108 67 485 137 348 116 7366 7240 7215 81 7134 7078 7051 109 45
internal_count=22398 21561 837 137 109 700 596 7635 75 111 54 104 7546 7501 135 108 67 485 137 348 116 7366 7240 7215 81 7134 7078 7051 109 45
is_linear=0
shrinkage=0.05


Tree=29
num_leaves=31
num_cat=0
split_feature=285 0 145 145 6 176 283 50 191 120 237 66 226 87 52 255 106 289 10 131 47 198 188 205 82 121 185 283 29 68
split_gain=6.30676e+06 3.53678e+06 3.41095e+06 4.04626e+06 4.51047e+06 4.32016e+06 2.16219e+06 2.12806e+06 3.03105e+06 1.93668e+06 3.88901e+06 1.92938e+06 3.38713e+06 2.9729e+06 2.75597e+06 2.6623e+06 2.2553e+06 2.60766e+06 2.65214e+06 2.39809e+06 3.83343e+06 2.7926e+06 2.7721e+06 3.71302e+06 3.01315e+06 2.79576e+06 2.58812e+06 2.27336e+06 2.15892e+06 2.14618e+06
threshold=476.11993408203131 6126.7500000000009 1200.0135498046877 798.89459228515636 7333.2805175781259 5256.5000000000009 452.25000000000006 5894.7500000000009 4282.5000000000009 4950.7500000000009 3562.373413085938 3456.2500000000005 1151.2500000000002 3438.7500000000005 3550.5000000000005 435.25000000000006 3214.0000000000005 -309.24999999999994 2827.2500000000005 370.07778930664068 549.32611083984386 -261.24999999999994 1511.175720214844 1707.2500000000002 456.49304199218756 1744.7500000000002 -2215.7499999999995 716.00000000000011 3691.7500000000005 336.95820617675787
decision_type=2 2 2 2 2 2 2 2 2 2 2 2 2 2 2 2 2 2 2 2 2 2 2 2 2 2 2 2 2 2
left_child=-1 7 3 5 -5 -3 -6 8 9 10 11 14 13 -13 16 -14 19 18 -18 21 22 26 23 25 -24 27 -2 -21 -16 -23
right_child=1 2 -4 4 6 -7 -8 -9 -10 -11 -12 12 15 -15 28 -17 17 -19 -20 20 -22 29 24 -25 -26 -27 -28 -29 -30 -31
leaf_value=-0.46597106877544187 15.315391657569192 5.3408111247610544 22.269754706488715 13.061114974975588 -25.661291582584383 33.086355929374697 -2.9461564692583955 -11.381390528967886 19.466842241812014 -10.446253138950894 21.869208161727244 8.486569971697671 26.063841651916505 -4.2079606854397325 -21.612447836182337 7.8029545835774359 25.580542275213428 2.2708117837376065 2.22676513671875 -0.57581558916758946 1.9512375513565825 19.204591810956916 0.30366217435750747 18.540979071763847 -9.6440920117196072 15.715370044341455 -3.7949936169189415 -16.77843045321378 -3.0796348554437811 5.9968616903497933
leaf_weight=17118 22 47 36 25 20 20 22 33 23 35 23 77 25 115 22 99 31 90 20 1357 2471 47 133 26 178 26 91 22 55 89
leaf_count=17118 22 47 36 25 20 20 22 33 23 35 23 77 25 115 22 99 31 90 20 1357 2471 47 133 26 178 26 91 22 55 89
internal_value=1.17112e-08 1.5107 8.60555 4.93457 -3.75393 13.6231 -13.7629 1.27467 1.35693 1.27451 1.35625 1.26181 5.04316 0.883075 1.00649 11.4846 1.16342 7.3894 16.4222 0.966682 0.684881 5.73466 -1.11143 -0.181581 -5.38991 -0.528048 -0.0743876 -0.834305 -8.37472 10.5613
internal_weight=22398 5280 170 134 67 67 42 5110 5077 5054 5019 4996 316 192 4680 124 4603 141 51 4462 4213 249 1742 1431 311 1405 113 1379 77 136
internal_count=22398 5280 170 134 67 67 42 5110 5077 5054 5019 4996 316 192 4680 124 4603 141 51 4462 4213 249 1742 1431 311 1405 113 1379 77 136
is_linear=0
shrinkage=0.05


Tree=30
num_leaves=31
num_cat=0
split_feature=162 47 103 33 257 54 82 267 94 13 289 243 239 262 289 234 171 274 198 208 1 289 83 283 289 266 57 134 279 232
split_gain=5.83196e+06 3.65247e+06 2.93013e+06 4.81318e+06 5.13352e+06 2.85174e+06 3.50404e+06 2.65666e+06 2.60146e+06 2.46255e+06 2.43088e+06 2.60171e+06 2.15102e+06 4.19064e+06 3.11082e+06 2.93017e+06 2.84442e+06 3.10254e+06 2.52913e+06 2.01074e+06 1.91144e+06 1.84717e+06 1.75998e+06 2.0397e+06 1.8597e+06 2.64776e+06 1.73268e+06 1.72562e+06 3.44278e+06 2.41415e+06
threshold=2574.5000000000005 408.05920410156256 823.68878173828136 1480.4058837890627 1200.0135498046877 675.23397827148449 683.63073730468761 1860.7500000000002 3916.0000000000005 3369.9350585937505 -508.74999999999994 754.08599853515636 1145.2500000000002 1144.2500000000002 -554.74999999999989 2432.7500000000005 2332.2500000000005 1141.7500000000002 1985.7500000000002 415.67256164550787 3230.7500000000005 -302.24999999999994 4753.9125976562509 716.00000000000011 -254.74999999999997 802.75000000000011 5756.5000000000009 -2846.9999999999995 -2101.7414550781245 -1809.2499999999998
decision_type=2 2 2 2 2 2 2 2 2 2 2 2 2 2 2 2 2 2 2 2 2 2 2 2 2 2 2 2 2 2
left_child=1 -1 5 4 8 6 12 22 9 -4 -7 -12 18 15 -15 16 -14 -18 -2 -16 -21 -9 23 27 -25 -26 -24 -3 -29 -30
right_child=2 7 3 -5 -6 10 -8 21 -10 -11 11 -13 13 14 19 -17 17 -19 -20 20 -22 -23 26 24 25 -27 -28 28 29 -31
leaf_value=-0.64082384103673462 1.9357030410472662 -5.1299891389078569 6.2698639555675229 -10.645062845403499 32.663010152180988 -15.822093784107881 24.693684072494506 18.691542918754347 -6.6651933942522321 26.71060396277386 13.406489242553711 -6.7109242799546998 21.114822594909107 13.113285914829801 8.193272827411521 25.907509139867933 2.450447916283327 23.541890293359756 -12.545234254786843 -17.892683001926965 -2.8078476749715353 3.7784555865185605 20.965950307391939 -17.267799342120139 6.1562892198562622 -9.5989503606160493 1.2997685035069786 19.294741941452028 -7.8754870077618113 0.80535051441475458
leaf_weight=13926 146 126 41 22 30 34 20 33 21 23 25 45 34 35 29 26 136 20 38 28 84 56 21 27 48 60 24 25 81 7134
leaf_count=13926 146 126 41 22 30 34 20 33 21 23 25 45 34 35 29 26 136 20 38 28 84 56 21 27 48 60 24 25 81 7134
internal_value=-4.30714e-09 -0.158965 4.09491 10.782 14.8811 2.78614 4.11926 0.719931 8.60517 13.6158 -4.85366 0.473866 3.40487 5.49825 -0.228889 10.1648 8.01054 5.15448 -1.05493 -3.54078 -6.57906 9.30803 0.61864 0.559496 -5.53086 -2.59662 10.4773 0.671117 0.772075 0.707894
internal_weight=22398 21561 837 137 115 700 596 7635 85 64 104 70 576 392 176 216 190 156 184 141 112 89 7546 7501 135 108 45 7366 7240 7215
internal_count=22398 21561 837 137 115 700 596 7635 85 64 104 70 576 392 176 216 190 156 184 141 112 89 7546 7501 135 108 45 7366 7240 7215
is_linear=0
shrinkage=0.05


Tree=31
num_leaves=31
num_cat=0
split_feature=264 231 260 269 27 283 289 187 185 211 210 288 254 278 273 244 255 282 142 168 71 229 253 201 64 185 259 254 213 213
split_gain=5.35485e+06 3.65144e+06 3.62771e+06 4.46066e+06 3.07104e+06 2.76254e+06 3.64686e+06 2.20116e+06 5.49608e+06 2.2822e+06 1.99191e+06 4.79487e+06 2.94047e+06 3.44619e+06 3.06324e+06 2.21558e+06 3.1122e+06 1.93256e+06 1.62013e+06 2.03853e+06 2.75472e+06 1.57026e+06 1.54149e+06 1.48707e+06 1.62207e+06 1.42284e+06 1.83725e+06 4.48037e+06 2.62942e+06 2.40812e+06
threshold=449.77172851562506 2536.2500000000005 1360.2500000000002 1739.2500000000002 2820.7612304687505 530.50000000000011 -254.74999999999997 1480.4058837890627 -851.74999999999989 -1506.2499999999998 2409.2500000000005 1109.7500000000002 -506.74999999999994 619.04949951171886 687.75000000000011 2108.5041503906255 -217.74999999999997 621.75000000000011 2716.5000000000005 2674.5000000000005 3059.5000000000005 225.32984924316409 1267.2500000000002 798.89459228515636 4512.7500000000009 -590.24999999999989 -18.249999999999996 -735.74999999999989 -1071.7499999999998 -1668.2499999999998
decision_type=2 2 2 2 2 2 2 2 2 2 2 2 2 2 2 2 2 2 2 2 2 2 2 2 2 2 2 2 2 2
left_child=21 7 -3 4 -4 -5 -7 10 9 -9 15 12 -12 -14 22 18 -17 23 19 25 -21 -1 -15 24 -18 -2 29 -28 -29 -27
right_child=1 2 3 5 -6 6 -8 8 -10 -11 11 -13 13 14 -16 16 17 -19 -20 20 -22 -23 -24 -25 -26 26 27 28 -30 -31
leaf_value=-1.9267754392254499 -0.12953286432066044 21.281166751568136 11.317985379951342 3.1969796765235166 -6.1921652138233192 37.529275415057228 7.6962700867652902 10.807859377066295 26.184315432707468 -10.036095461352119 -18.448072372783315 -27.337495744228363 -8.1058599433656475 4.72454092843192 -4.2924791885144788 24.255813858725809 0.211090796523624 18.487306698560715 -5.3335916125658649 2.8734242309223523 25.253287246227266 -0.3159804083310685 22.269488731507334 -10.051775615865536 14.049252529144287 -9.3368303575366749 -20.16461163025636 14.31136065346854 0.47101291740255963 3.0900381110007102
leaf_weight=1691 2105 39 35 31 88 21 20 24 30 29 22 20 59 21 33 22 72 20 103 44 20 14371 31 22 30 40 26 35 1758 1536
leaf_count=1691 2105 39 35 31 88 21 20 24 30 29 22 20 59 21 33 22 72 20 103 44 20 14371 31 22 30 40 26 35 1758 1536
internal_value=-1.32678e-08 1.23092 7.36039 4.57623 -1.2096 14.4604 22.9766 0.99587 9.08279 -0.597323 0.884354 -4.20933 -1.42281 1.17828 7.62256 1.04678 6.74043 4.06447 0.879999 0.995024 9.86713 -0.485564 15.184 1.7382 4.28114 0.891785 1.52503 0.442363 0.741181 2.77464
internal_weight=22398 6336 234 195 123 72 41 6102 83 53 6019 186 166 144 85 5833 166 144 5667 5564 64 16062 52 124 102 5500 3395 1819 1793 1576
internal_count=22398 6336 234 195 123 72 41 6102 83 53 6019 186 166 144 85 5833 166 144 5667 5564 64 16062 52 124 102 5500 3395 1819 1793 1576
is_linear=0
shrinkage=0.05


Tree=32
num_leaves=31
num_cat=0
split_feature=271 169 98 284 191 227 54 64 282 4 259 255 26 250 173 110 68 281 247 248 239 289 20 43 115 93 269 256 190 185
split_gain=4.91899e+06 2.73341e+06 2.88658e+06 3.52499e+06 2.29814e+06 4.61297e+06 2.76298e+06 2.49447e+06 2.76121e+06 3.67781e+06 3.72815e+06 7.72513e+06 2.4769e+06 2.20937e+06 2.73105e+06 3.11945e+06 4.2204e+06 4.48876e+06 2.31862e+06 2.70308e+06 2.09413e+06 2.23518e+06 2.50491e+06 3.21186e+06 3.02322e+06 2.54527e+06 2.11276e+06 2.31003e+06 2.09096e+06 2.70692e+06
threshold=613.32830810546886 2869.7500000000005 4282.0000000000009 5163.2475585937509 2570.0000000000005 2526.2500000000005 992.53356933593761 3112.7500000000005 -933.99999999999989 5077.7700195312509 1636.7500000000002 2704.0000000000005 739.54895019531261 705.22543334960949 600.94247436523449 692.68301391601574 666.52459716796886 -170.24999999999997 912.50000000000011 317.75000000000006 1912.0000000000002 -122.74999999999999 4298.9047851562509 4126.5000000000009 888.75000000000011 1904.5000000000002 317.75000000000006 3231.3300781250005 129.25000000000003 1092.7500000000002
decision_type=2 2 2 2 2 2 2 2 2 2 2 2 2 2 2 2 2 2 2 2 2 2 2 2 2 2 2 2 2 2
left_child=-1 2 3 13 5 6 12 -6 -9 -10 -11 -12 -3 14 -2 16 18 -18 19 -16 21 22 23 -15 -24 -26 -22 -28 -17 -30
right_child=1 4 -4 -5 7 -7 -8 8 9 10 11 -13 -14 20 15 28 17 -19 -20 -21 26 -23 24 -25 25 -27 27 -29 29 -31
leaf_value=-0.25525406728692696 -0.56342129645888339 7.0990014036496483 -11.581104820682889 20.321710662841799 13.418643862860543 32.107603014083132 21.783928341335724 -11.509355920117077 -8.3990843704011713 22.817419993877412 -16.779442913778897 19.41060681819916 -11.977944202423096 -1.1311111683876658 6.3614142999585184 -4.7606383117536701 38.522035826444629 11.746030105360681 19.725522544328125 -6.9853691543851584 -20.254167111714683 5.3803591251064464 -3.5551996464079076 -21.464991569519043 27.245059905810791 6.1634415024664344 7.3209729424838361 -12.813423604624612 10.887065101305645 -4.9671604542505179
leaf_weight=20022 291 114 42 25 42 21 27 41 45 32 29 30 20 670 168 96 20 72 24 49 24 193 44 20 22 41 29 28 75 42
leaf_count=20022 291 114 42 25 42 21 27 41 45 32 29 30 20 670 168 96 20 72 24 49 24 193 44 20 22 41 29 28 75 42
internal_value=3.08657e-09 2.15097 1.3868 1.66857 5.91463 10.0668 7.19188 2.46398 -0.135427 3.29348 9.07551 1.62228 4.2517 1.42416 3.34879 5.43386 8.45646 17.5669 4.97862 3.34762 -0.0799617 0.552453 -0.616663 -1.7205 6.50153 13.5253 -7.80948 -2.56961 0.708394 5.1958
internal_weight=22398 2376 1975 1933 401 182 161 219 177 136 91 59 134 1908 837 546 333 92 241 217 1071 990 797 690 107 63 81 57 213 117
internal_count=22398 2376 1975 1933 401 182 161 219 177 136 91 59 134 1908 837 546 333 92 241 217 1071 990 797 690 107 63 81 57 213 117
is_linear=0
shrinkage=0.05


Tree=33
num_leaves=31
num_cat=0
split_feature=13 285 276 285 268 190 43 226 189 261 274 283 288 241 226 239 12 10 271 6 134 253 275 219 197 268 115 50 198 278
split_gain=4.58393e+06 2.86396e+06 2.22585e+06 3.34189e+06 2.83349e+06 2.43094e+06 1.77367e+06 1.87698e+06 2.65131e+06 2.52603e+06 3.4336e+06 1.7978e+06 1.81601e+06 1.6634e+06 1.66143e+06 2.04867e+06 2.95776e+06 3.3548e+06 1.95663e+06 1.87213e+06 2.05827e+06 1.66939e+06 1.84042e+06 3.30522e+06 1.73366e+06 1.64648e+06 1.59257e+06 2.85326e+06 1.74785e+06 1.57944e+06
threshold=3923.203491210938 371.08140563964849 -1168.9999999999998 1480.4058837890627 -408.74999999999994 -682.24999999999989 4748.5000000000009 -507.24999999999994 1634.5000000000002 -340.74999999999994 462.75000000000006 716.00000000000011 686.75000000000011 -664.24999999999989 -524.74999999999989 484.25000000000006 589.15350341796886 389.75000000000006 476.11993408203131 3634.3176269531255 1847.7500000000002 910.25000000000011 187.25000000000003 -1350.2499999999998 1210.2500000000002 -1083.2499999999998 3030.5000000000005 3253.7500000000005 1985.7500000000002 899.23205566406261
decision_type=2 2 2 2 2 2 2 2 2 2 2 2 2 2 2 2 2 2 2 2 2 2 2 2 2 2 2 2 2 2
left_child=1 -1 -2 5 -5 -4 7 8 11 10 26 12 14 -14 15 19 -17 -18 -16 20 21 22 24 -24 29 -11 27 28 -9 -3
right_child=2 6 3 4 -6 -7 -8 9 -10 25 -12 -13 13 -15 18 16 17 -19 -20 -21 -22 -23 23 -25 -26 -27 -28 -29 -30 -31
leaf_value=-0.65250792648475187 -8.6797841707865402 -0.39076521027883349 -13.615350710153582 26.403785119325889 4.2482477541323069 4.1119344510583797 -12.065348144939968 2.4929296956514757 -13.783498981263904 14.766339588165284 10.450205696162893 -12.350215403238934 19.164309022737587 1.8548294884817942 -2.074134471527366 -0.0099008632611624816 26.221457938353225 0.51552968025207524 -20.693739666257585 -11.95391490319196 7.260144013231927 -12.513963937759399 20.240831720829011 0.90679588970683866 13.533003860170192 0.38476770588145831 13.503439458211265 -10.123938681681951 -11.40274246049964 -7.7249615438779209
leaf_weight=11836 33 3456 20 31 27 585 28 1407 36 20 134 30 23 35 43 79 30 22 21 34 91 28 30 84 22 4037 30 48 23 75
leaf_count=11836 33 3456 20 31 27 585 28 1407 36 20 134 30 23 35 43 79 30 22 21 34 91 28 30 84 22 4037 30 48 23 75
internal_value=-9.87036e-09 -0.128097 3.9942 4.62503 16.09 3.52591 0.501026 0.536791 -0.273605 1.12536 2.78001 -0.155069 -0.0652445 8.71893 -0.192139 -0.0626886 6.08552 15.3459 -8.18369 -0.27353 -0.168635 -0.35159 -0.258722 5.9947 -0.459367 0.455665 2.09844 1.86694 2.26943 -0.546547
internal_weight=22398 21702 696 663 58 605 9866 9838 4139 5699 1642 4103 4073 58 4015 3951 131 52 64 3820 3786 3695 3667 114 3553 4057 1508 1478 1430 3531
internal_count=22398 21702 696 663 58 605 9866 9838 4139 5699 1642 4103 4073 58 4015 3951 131 52 64 3820 3786 3695 3667 114 3553 4057 1508 1478 1430 3531
is_linear=0
shrinkage=0.05


Tree=34
num_leaves=31
num_cat=0
split_feature=162 274 5 266 259 288 239 145 51 166 242 226 129 211 158 274 171 232 208 264 193 113 147 288 139 92 288 267 61 198
split_gain=4.3277e+06 3.20458e+06 2.69328e+06 2.29995e+06 4.1379e+06 3.68511e+06 2.6863e+06 2.81889e+06 2.60631e+06 3.99068e+06 2.57301e+06 2.37194e+06 2.26649e+06 2.965e+06 2.24097e+06 2.42299e+06 2.68359e+06 2.60737e+06 2.12985e+06 2.10145e+06 2.00877e+06 2.09467e+06 1.99025e+06 1.77695e+06 1.78552e+06 3.12686e+06 1.68039e+06 1.49586e+06 1.42587e+06 2.92883e+06
threshold=2574.5000000000005 1975.5000000000002 343.47955322265631 1085.2500000000002 2718.2500000000005 832.25000000000011 2452.7500000000005 943.09799194335949 5282.2500000000009 754.08599853515636 3876.772583007813 2611.2500000000005 4003.5000000000005 2375.0000000000005 5610.2551269531259 1141.7500000000002 2332.2500000000005 1460.7500000000002 798.89459228515636 823.68878173828136 5928.1923828125009 4008.0000000000005 2457.2500000000005 1252.2500000000002 3089.732788085938 3686.2500000000005 71.750000000000014 134.25000000000003 943.09799194335949 -236.74999999999997
decision_type=2 2 2 2 2 2 2 2 2 2 2 2 2 2 2 2 2 2 2 2 2 2 2 2 2 2 2 2 2 2
left_child=1 2 -1 6 8 -6 7 14 10 -10 22 -8 13 -12 15 16 17 27 19 26 21 23 -5 24 28 -26 -18 -2 -4 -30
right_child=3 -3 20 4 5 -7 11 -9 9 -11 12 -13 -14 -15 -16 -17 18 -19 -20 -21 -22 -23 -24 -25 25 -27 -28 -29 29 -31
leaf_value=-0.77081878518749969 -4.6439867404791029 14.565254195960794 0.43395970245607834 -15.312287589907648 -1.5489451685259421 21.821555064175584 23.626262625058494 17.36698364709553 2.4604540543122724 -26.474047000591572 16.598724554982038 2.4817181042262488 20.641274885697797 -7.942355697602034 -8.9670772116524837 18.986615595450768 -12.194880609926971 22.70290100163427 15.311569525978783 -15.669417147202925 12.670442373102361 -12.662951574017924 -0.98594387149810803 -10.897567950657436 16.274685849832451 -4.0777997978031637 2.1186843409582421 10.247026475270589 0.93537521775059851 -8.3155231430188774
leaf_weight=9855 26 37 11136 32 31 37 36 38 22 26 20 21 22 32 35 26 23 29 22 22 33 31 100 35 46 32 189 48 213 143
leaf_count=9855 26 37 11136 32 31 37 36 38 22 26 20 21 22 32 35 26 23 29 22 22 33 31 100 35 46 32 189 48 213 143
internal_value=-9.69783e-09 -0.136938 -0.162211 3.52749 0.212809 11.1674 5.59997 4.32603 -2.7199 -13.2124 -0.275051 15.8362 7.1882 1.49652 3.14614 4.24734 3.17987 9.99512 0.437799 -0.96059 0.351786 0.31685 -4.459 0.351523 0.385552 7.92495 0.565798 5.01505 0.33438 -2.78058
internal_weight=22398 21561 21524 837 322 68 515 458 254 48 206 57 74 52 420 385 359 103 256 234 11669 11636 132 11605 11570 78 212 74 11492 356
internal_count=22398 21561 21524 837 322 68 515 458 254 48 206 57 74 52 420 385 359 103 256 234 11669 11636 132 11605 11570 78 212 74 11492 356
is_linear=0
shrinkage=0.05


Tree=35
num_leaves=31
num_cat=0
split_feature=271 33 240 12 262 287 292 271 283 126 233 267 261 234 222 40 128 277 212 282 117 226 117 264 85 242 47 173 187 4
split_gain=3.99502e+06 2.40259e+06 2.12292e+06 3.10577e+06 3.72317e+06 3.84556e+06 5.03493e+06 3.92547e+06 2.11045e+06 1.84413e+06 2.43663e+06 1.95998e+06 1.86441e+06 2.09569e+06 1.71236e+06 2.32555e+06 1.75792e+06 1.60889e+06 1.58204e+06 2.60097e+06 2.55214e+06 2.13429e+06 2.79073e+06 2.6669e+06 2.62761e+06 2.01593e+06 3.24033e+06 1.64154e+06 3.32236e+06 2.48797e+06
threshold=619.04949951171886 992.53356933593761 1267.0000000000002 1480.4058837890627 1083.2500000000002 -154.24999999999997 1039.6253662109377 715.72747802734386 182.25000000000003 2406.5000000000005 1440.7500000000002 1585.5000000000002 -231.74999999999997 -30.249999999999996 858.00915527343761 715.72747802734386 3328.7500000000005 5234.0500488281259 1004.7500000000001 621.75000000000011 437.38154602050787 460.25000000000006 666.45263671875011 992.53356933593761 4319.5000000000009 5544.1450195312509 798.89459228515636 600.94247436523449 619.04949951171886 2124.0524902343755
decision_type=2 2 2 2 2 2 2 2 2 2 2 2 2 2 2 2 2 2 2 2 2 2 2 2 2 2 2 2 2 2
left_child=1 8 18 4 14 -6 7 -7 9 10 11 12 13 -1 15 16 -4 -9 19 25 -20 22 -22 24 -23 27 -27 -2 29 -29
right_child=2 -3 3 -5 5 6 -8 17 -10 -11 -12 -13 -14 -15 -16 -17 -18 -19 20 -21 21 23 -24 -25 -26 26 -28 28 -30 -31
leaf_value=-0.33238052480383423 -1.6913305255606597 -13.505391485550826 23.470530617899367 -9.2357787593718506 -12.226836137122968 13.858482916271965 26.371508506628189 -12.094007982810339 0.95081200346539685 3.8666533205446187 -7.8116067385779022 13.016165482556378 -1.0080504318878485 1.6689710918332819 25.807448350466217 -1.6682412395477297 6.0006974962850421 3.1664802305160031 13.913724341599838 17.067326865877426 -1.5919459139599521 -1.1586828629175823 -22.514694328308106 11.627183262961253 -20.090912841615221 -2.0511377382278444 25.756426377729937 4.8274887373572906 1.6415488410722681 24.469845615114487
leaf_weight=6689 336 34 36 31 34 43 26 39 3311 246 113 27 8064 1626 26 25 24 31 23 28 34 144 30 35 21 20 22 38 1214 28
leaf_count=6689 336 34 36 31 34 43 26 39 3311 246 113 27 8064 1626 26 25 24 31 23 28 34 144 30 35 21 20 22 38 1214 28
internal_value=6.41693e-09 -0.225241 1.97972 5.7914 7.43169 2.84599 6.53287 1.96822 -0.20275 -0.430572 -0.494566 -0.444169 -0.466357 0.0589842 14.5788 11.1441 16.4826 -5.33579 1.37116 1.95531 -2.06049 -3.45218 -11.3995 -0.90904 -3.56824 1.7001 12.5147 1.41903 2.2355 13.1606
internal_weight=22398 20110 2288 315 284 173 139 113 20076 16765 16519 16406 16379 8315 111 85 60 70 1973 1686 287 264 64 200 165 1658 42 1616 1280 66
internal_count=22398 20110 2288 315 284 173 139 113 20076 16765 16519 16406 16379 8315 111 85 60 70 1973 1686 287 264 64 200 165 1658 42 1616 1280 66
is_linear=0
shrinkage=0.05


Tree=36
num_leaves=31
num_cat=0
split_feature=264 226 273 187 246 234 262 177 254 194 185 262 167 260 274 2 259 219 184 219 141 39 247 205 64 289 85 170 61 54
split_gain=3.70746e+06 2.80668e+06 3.96819e+06 2.82778e+06 2.59011e+06 2.64975e+06 5.52573e+06 2.0841e+06 2.02025e+06 1.52949e+06 5.21937e+06 2.09811e+06 1.52467e+06 1.43149e+06 2.08558e+06 2.45664e+06 1.73716e+06 1.64717e+06 1.64873e+06 1.51331e+06 2.52436e+06 2.43931e+06 1.9669e+06 1.85054e+06 2.00671e+06 1.93669e+06 1.73455e+06 2.17794e+06 1.50184e+06 2.26343e+06
threshold=449.77172851562506 3435.0000000000005 1251.7500000000002 776.22653198242199 3602.5000000000005 2432.7500000000005 1083.2500000000002 2765.0000000000005 1946.0000000000002 1481.2517700195315 -851.74999999999989 -412.24999999999994 2467.5549316406255 -1005.7499999999999 -769.74999999999989 -978.74999999999989 -954.99999999999989 2130.2500000000005 2459.5000000000005 1710.7500000000002 2969.7500000000005 502.44250488281256 554.75000000000011 2336.5000000000005 4512.7500000000009 -1096.9999999999998 4752.7500000000009 2641.7500000000005 1039.6253662109377 858.00915527343761
decision_type=2 2 2 2 2 2 2 2 2 2 2 2 2 2 2 2 2 2 2 2 2 2 2 2 2 2 2 2 2 2
left_child=-1 4 -3 -4 5 9 -7 12 -9 13 11 -11 -8 28 15 -15 -17 19 -19 23 21 -21 -23 24 25 -16 -26 -28 29 -2
right_child=1 2 3 -5 -6 6 7 8 -10 10 -12 -13 -14 14 17 16 -18 18 -20 20 -22 22 -24 -25 26 -27 27 -29 -30 -31
leaf_value=-0.4040276966571143 -3.5530786162804042 -5.3790279706319177 30.889653642972309 7.8633967590332041 -14.843987861046424 24.077673543126963 0.065530620018641156 4.2736486001448197 -17.154085117036647 6.0102584223593434 23.408998033404352 -14.4586806842259 18.288506215268917 18.555299207899306 -11.987934347788494 -9.5446125257582892 8.9626964122056965 -11.416219560233031 0.66715158285765819 14.76784726011342 17.839527386777544 -14.89397538358515 2.5451382754278966 -11.239954194426538 13.556504043989015 0.75215967251231952 -7.5979758185725066 12.709006251459536 -15.887367292812892 14.135013029873372
leaf_weight=16062 189 27 24 30 26 38 24 22 22 31 32 21 22 36 30 21 32 55 58 29 34 22 61 32 57 5266 31 23 21 20
leaf_count=16062 189 27 24 30 26 38 24 22 22 31 32 21 22 36 30 21 32 55 58 29 34 22 61 32 57 5266 31 23 21 20
internal_value=-1.00481e-08 1.02423 10.2718 18.0973 0.904472 0.970207 8.08986 1.33945 -6.44022 0.820835 7.52111 -2.25604 8.78087 0.727296 0.881045 8.47596 1.62961 0.762416 -5.21414 0.883338 5.90683 2.28441 -2.07728 0.748492 0.819442 0.679991 7.47289 1.05129 -3.14116 -1.86044
internal_weight=22398 6336 81 54 6255 6229 128 90 44 6101 84 52 46 6017 5787 89 53 5698 113 5585 146 112 83 5439 5407 5296 111 54 230 209
internal_count=22398 6336 81 54 6255 6229 128 90 44 6101 84 52 46 6017 5787 89 53 5698 113 5585 146 112 83 5439 5407 5296 111 54 230 209
is_linear=0
shrinkage=0.05


Tree=37
num_leaves=31
num_cat=0
split_feature=67 274 47 230 260 276 226 183 205 244 152 100 255 96 12 254 225 36 199 109 22 255 224 93 5 212 274 164 29 66
split_gain=3.43316e+06 2.44308e+06 2.23579e+06 2.19545e+06 2.08399e+06 3.87472e+06 2.67659e+06 2.40894e+06 3.09545e+06 3.06945e+06 3.33447e+06 4.42586e+06 4.24094e+06 2.9545e+06 2.80428e+06 4.00524e+06 2.66783e+06 2.33844e+06 1.9108e+06 1.78567e+06 1.96184e+06 1.73342e+06 1.7332e+06 2.61384e+06 1.97788e+06 2.25732e+06 2.49107e+06 2.90754e+06 3.38409e+06 2.12294e+06
threshold=4965.8725585937509 2291.0000000000005 408.05920410156256 3046.4230957031255 -254.24999999999997 -948.24999999999989 -473.74999999999994 373.25000000000006 1025.5000000000002 2871.560668945313 799.00531005859386 4680.0000000000009 2237.7500000000005 726.51162719726574 776.22653198242199 -37.749999999999993 858.75000000000011 2780.5000000000005 841.25000000000011 4088.717407226563 4098.7500000000009 1965.2500000000002 1860.7500000000002 398.75000000000006 1109.719909667969 541.25000000000011 -129.74999999999997 128.25000000000003 146.25000000000003 -3594.4999999999995
decision_type=2 2 2 2 2 2 2 2 2 2 2 2 2 2 2 2 2 2 2 2 2 2 2 2 2 2 2 2 2 2
left_child=1 2 3 19 5 -2 -7 -6 14 -10 13 -12 -13 21 15 18 -17 -16 -9 20 -1 -11 24 -24 29 26 -26 28 -28 -4
right_child=4 -3 22 -5 7 6 -8 8 9 10 11 12 -14 -15 17 16 -18 -19 -20 -21 -22 -23 23 -25 25 -27 27 -29 -30 -31
leaf_value=-0.49080471237096451 -1.907745776637908 13.288968903878157 -6.1515081327695116 -16.653411052340555 -7.0067538105208307 34.659237876832485 9.6491027334462061 -14.558534484074034 -4.1577739125643021 16.950951881408692 12.525319925431283 -28.988486928939821 3.1827940486726307 29.799133777618408 6.059040973804616 27.830629563331605 5.4650558589398868 25.303961849212648 5.2455393427894235 7.2198632389307029 -14.509929986953736 -1.0149647902568866 16.04148265050679 2.4285696807066128 -13.353733730316163 -19.016735877990723 -14.726855751239894 15.039623171707682 10.257279835576597 0.63873664125932084
leaf_weight=13957 31 34 117 21 58 20 23 29 156 25 31 20 21 20 27 20 40 38 21 75 25 29 41 252 37 25 33 29 23 7120
leaf_count=13957 31 34 117 21 58 20 23 29 156 25 31 20 21 20 27 20 40 38 21 75 25 29 41 252 37 25 33 29 23 7120
internal_value=6.48732e-09 -0.103491 -0.124421 -0.498731 3.70273 11.5672 21.2817 2.61493 3.78487 0.718754 5.92929 -1.7312 -12.5105 13.3827 9.0761 4.21067 12.9202 17.3099 -6.24082 -0.474598 -0.515871 7.30259 0.561984 4.33345 0.412331 -5.32943 -2.52465 2.18918 -4.46551 0.528959
internal_weight=22398 21789 21755 14078 609 74 43 535 477 302 146 72 41 74 175 110 60 65 50 14057 13982 54 7677 293 7384 147 122 85 56 7237
internal_count=22398 21789 21755 14078 609 74 43 535 477 302 146 72 41 74 175 110 60 65 50 14057 13982 54 7677 293 7384 147 122 85 56 7237
is_linear=0
shrinkage=0.05


Tree=38
num_leaves=31
num_cat=0
split_feature=162 274 191 177 82 268 205 149 12 239 260 259 288 288 212 266 176 8 131 275 282 275 40 129 40 71 127 181 0 109
split_gain=3.15146e+06 2.66289e+06 2.15331e+06 3.54929e+06 2.83643e+06 2.17086e+06 2.72812e+06 2.42166e+06 2.08113e+06 1.86476e+06 2.85024e+06 4.06234e+06 3.1907e+06 2.74343e+06 2.58865e+06 2.28972e+06 2.14211e+06 2.47205e+06 1.96436e+06 2.25692e+06 2.86449e+06 2.48127e+06 1.82925e+06 1.61949e+06 1.55027e+06 3.73137e+06 2.81716e+06 2.91851e+06 3.74757e+06 2.41905e+06
threshold=2574.5000000000005 1975.5000000000002 1860.5000000000002 2033.2500000000002 1109.719909667969 1093.0000000000002 1392.0000000000002 2865.0000000000005 433.70352172851568 1145.2500000000002 1721.7500000000002 2718.2500000000005 1252.2500000000002 709.25000000000011 3692.2500000000005 -217.74999999999997 4292.0000000000009 2533.2500000000005 441.55833435058599 -104.74999999999999 86.750000000000014 -1050.2499999999998 454.63931274414068 -3789.4999999999995 1039.6253662109377 -3746.9999999999995 -1581.2499999999998 1186.1225585937502 1784.2500000000002 5958.4750976562509
decision_type=2 2 2 2 2 2 2 2 2 2 2 2 2 2 2 2 2 2 2 2 2 2 2 2 2 2 2 2 2 2
left_child=1 8 4 -4 5 6 -2 22 23 15 18 12 14 -13 16 -5 17 -12 -11 21 -21 -20 -8 -1 29 -26 -27 28 -28 -10
right_child=2 -3 3 9 -6 -7 7 -9 24 10 11 13 -14 -15 -16 -17 -18 -19 19 20 -22 -23 -24 -25 25 26 27 -29 -30 -31
leaf_value=12.255066036224365 3.3660480696222059 13.285254091829868 -13.824468254398656 7.1311617215474445 23.692236683585428 -8.429348902349119 33.629384717941285 3.3357980177952693 0.6735055508232638 2.4815124868036627 -15.020802617073059 -2.6112356433161983 -22.286412653715715 18.016080103516579 12.001449682620857 -9.6955213694803177 -19.475447233969518 4.9840353945468339 5.5247701215744023 -8.2094931115274843 14.923735296726228 27.601729916163851 12.244538903236389 -0.48140231155822627 16.003570838596513 -19.13993840679046 -2.5319095443725588 -12.762723255590959 20.295489751724972 10.680133263009495
leaf_weight=25 184 37 37 30 22 27 20 26 6101 91 23 27 23 40 26 62 22 47 20 23 32 35 20 15082 23 31 125 55 21 61
leaf_count=25 184 37 37 30 22 27 20 26 6101 91 23 27 23 40 26 62 22 47 20 23 32 35 20 15082 23 31 125 55 21 61
internal_value=-1.36307e-09 -0.116856 3.01018 1.11956 6.41204 5.0396 6.49425 15.2153 -0.139894 2.22321 3.66997 -0.433166 -5.24992 9.70358 -1.92925 -4.20856 -5.86618 -1.58898 7.91599 12.4118 5.24984 19.5737 22.937 -0.460325 0.61447 -3.20584 -5.11022 -2.94643 0.751484 0.772565
internal_weight=22398 21561 837 538 299 277 250 66 21524 501 409 208 141 67 118 92 92 70 201 110 55 55 40 15107 6417 255 232 201 146 6162
internal_count=22398 21561 837 538 299 277 250 66 21524 501 409 208 141 67 118 92 92 70 201 110 55 55 40 15107 6417 255 232 201 146 6162
is_linear=0
shrinkage=0.05


Tree=39
num_leaves=31
num_cat=0
split_feature=169 51 276 171 268 261 274 288 239 160 11 74 248 5 292 101 9 240 285 219 255 254 145 219 282 285 114 260 205 233
split_gain=2.96184e+06 3.62053e+06 1.87112e+06 3.36394e+06 3.2855e+06 2.44813e+06 2.55049e+06 2.22372e+06 2.20949e+06 2.19752e+06 2.11723e+06 2.12571e+06 2.09634e+06 2.0806e+06 2.24356e+06 1.95708e+06 2.34703e+06 1.93803e+06 1.91044e+06 1.85555e+06 2.79638e+06 3.64665e+06 2.70533e+06 2.05323e+06 2.57407e+06 1.98926e+06 1.82566e+06 1.76275e+06 1.74364e+06 2.91732e+06
threshold=1565.5000000000002 -1954.2499999999998 292.75000000000006 -2021.4999999999998 -13.749999999999998 -192.74999999999997 432.25000000000006 668.25000000000011 2017.2500000000002 -296.79586791992182 5259.2500000000009 4418.1999511718759 255.25000000000003 1109.719909667969 1039.6253662109377 2838.5000000000005 3337.5000000000005 -1366.7499999999998 858.00915527343761 -755.74999999999989 -1121.7499999999998 -1471.7499999999998 754.08599853515636 3584.2500000000005 67.250000000000014 1039.6253662109377 1980.2500000000002 1552.0000000000002 968.25000000000011 450.25000000000006
decision_type=2 2 2 2 2 2 2 2 2 2 2 2 2 2 2 2 2 2 2 2 2 2 2 2 2 2 2 2 2 2
left_child=2 -2 5 4 -4 6 7 13 10 -9 11 27 -8 14 18 16 26 -15 -1 22 25 -22 -3 28 -25 -21 -5 -7 -23 -30
right_child=1 19 3 15 -6 8 12 9 -10 -11 -12 -13 -14 17 -16 -17 -18 -19 -20 20 21 23 -24 24 -26 -27 -28 -29 29 -31
leaf_value=0.012079684252033124 20.659874042510989 1.1965362191200257 2.6856330304532441 0.95693855588132526 25.624823881961682 -1.069523940853464 3.6043915243582294 0.045188899710774423 -16.896212066303601 23.484053680896761 12.695829563481468 -15.350837482855873 18.883648803710937 -20.426221048831941 11.822941086292268 11.340627096974572 -9.6329650176655175 -1.3636657206217448 -8.9373754046360645 -1.6146058962813445 20.888657808303833 3.1052949213228387 19.172536118825278 1.135047989270904 19.304135036468509 -21.706012309681284 -11.251939010620118 13.794953050613405 -5.3940126243012925 0.9679737570485667
leaf_weight=9722 25 50 37 2500 27 7244 220 20 22 20 28 26 25 24 40 43 55 30 60 28 24 637 36 44 35 22 31 20 216 1087
leaf_count=9722 25 50 37 2500 27 7244 220 20 22 20 28 26 25 24 40 43 55 30 60 28 24 637 36 44 35 22 31 20 216 1087
internal_value=-1.73998e-09 1.74041 -0.189951 1.03699 12.3631 -0.378748 0.123867 -0.000649518 -1.07454 11.7646 -1.02697 -1.07968 5.1635 -0.0483015 0.00550945 0.761267 0.585353 -9.83591 -0.0428137 1.52334 1.22758 1.51349 8.72137 1.28318 9.18464 -10.4548 0.807403 -1.0286 0.961419 -0.086661
internal_weight=22398 2204 20194 2693 64 17501 10161 9916 7340 40 7318 7290 245 9876 9822 2629 2586 54 9782 2179 2093 2043 86 2019 79 50 2531 7264 1940 1303
internal_count=22398 2204 20194 2693 64 17501 10161 9916 7340 40 7318 7290 245 9876 9822 2629 2586 54 9782 2179 2093 2043 86 2019 79 50 2531 7264 1940 1303
is_linear=0
shrinkage=0.05


Tree=40
num_leaves=31
num_cat=0
split_feature=271 33 243 89 79 59 274 0 194 133 82 124 12 100 82 5 283 117 254 203 66 181 274 97 289 170 93 164 157 40
split_gain=2.70581e+06 2.09432e+06 1.9255e+06 2.68704e+06 2.48804e+06 3.45522e+06 2.6838e+06 2.43493e+06 2.86763e+06 3.6441e+06 4.0118e+06 2.69712e+06 1.94427e+06 2.14277e+06 1.90228e+06 1.83827e+06 1.71916e+06 1.58532e+06 1.55212e+06 2.08465e+06 2.25795e+06 2.32199e+06 2.30316e+06 2.01221e+06 1.65338e+06 1.64692e+06 3.47241e+06 1.98605e+06 2.45282e+06 2.7205e+06
threshold=619.04949951171886 992.53356933593761 683.63073730468761 619.04949951171886 -2445.2499999999995 -1760.7499999999998 793.75000000000011 6126.7500000000009 754.31384277343761 5645.7500000000009 1039.6253662109377 823.68878173828136 823.68878173828136 -1560.4999999999998 726.51162719726574 715.72747802734386 182.25000000000003 692.68301391601574 -2732.2499999999995 -2084.2499999999995 116.25000000000001 -3492.9204101562495 157.75000000000003 -3084.744262695312 -5.2499999999999991 3716.2500000000005 4008.2500000000005 2801.0000000000005 2863.0000000000005 633.87484741210949
decision_type=2 2 2 2 2 2 2 2 2 2 2 2 2 2 2 2 2 2 2 2 2 2 2 2 2 2 2 2 2 2
left_child=1 16 3 -2 17 -6 12 18 -9 10 -10 -11 13 -7 -8 -15 -1 -5 -4 20 21 -20 -23 -21 25 27 -27 -25 -29 -30
right_child=2 -3 7 4 5 6 14 8 9 11 -12 -13 -14 15 -16 -17 -18 -19 19 23 -22 22 -24 24 -26 26 -28 28 29 -31
leaf_value=-0.36999144176429555 0.8388028285073349 -12.584296912305497 -8.668120820999146 4.4923684743734507 26.031458612588736 -7.0514666867256173 25.732035498783507 22.858988912209224 3.1980438040013901 4.6238838707959209 27.567115592956544 -17.938734311323898 -1.5683416110497934 7.3533397053678833 5.9721976257505878 22.120938463564272 0.87677758691854368 -13.978210427079881 -4.5036291837692266 -12.49965505888968 -4.7223435589761449 5.6507733372279576 23.66333572069804 -0.53551088835118132 12.739344203948974 -24.300127447219126 4.81057511985302 22.561082749366761 12.341373912911667 -6.5784786625912322
leaf_weight=16765 377 34 50 26 26 20 29 23 57 27 24 26 81 96 21 27 3311 21 20 33 33 35 36 1038 25 21 20 20 38 38
leaf_count=16765 377 34 50 26 26 20 29 23 57 27 24 26 81 96 21 27 3311 21 20 33 33 35 36 1038 25 21 20 20 38 38
internal_value=7.55553e-10 -0.185369 1.62927 3.76115 6.93615 8.61195 6.959 0.642385 6.54837 3.74878 10.4185 -6.44457 4.62108 8.12697 17.4329 10.595 -0.16437 -3.76044 -0.0166337 0.302139 6.48183 10.5449 14.7839 -0.319339 0.0156198 -0.255098 -10.0998 0.100839 6.98137 2.88145
internal_weight=22398 20110 2288 724 347 300 274 1564 157 134 81 53 224 143 50 123 20076 47 1407 1357 124 91 71 1233 1200 1175 41 1134 96 76
internal_count=22398 20110 2288 724 347 300 274 1564 157 134 81 53 224 143 50 123 20076 47 1407 1357 124 91 71 1233 1200 1175 41 1134 96 76
is_linear=0
shrinkage=0.05


Tree=41
num_leaves=31
num_cat=0
split_feature=169 34 155 27 34 20 261 274 288 238 138 40 202 38 276 169 132 291 284 253 213 223 260 12 54 173 234 270 281 29
split_gain=2.55484e+06 3.31978e+06 3.05499e+06 2.13343e+06 3.8695e+06 2.0298e+06 1.69941e+06 2.90038e+06 2.69642e+06 2.51251e+06 2.25824e+06 1.89276e+06 1.86368e+06 3.29114e+06 1.8278e+06 3.04623e+06 1.97042e+06 2.85629e+06 2.10674e+06 1.79152e+06 1.72823e+06 1.71359e+06 1.70076e+06 1.63869e+06 3.91079e+06 1.62756e+06 1.57766e+06 2.78455e+06 2.35555e+06 1.89213e+06
threshold=1565.5000000000002 -544.43753051757801 1229.2500000000002 -222.1662902832031 1.0000000180025095e-35 148.14443206787112 -564.24999999999989 439.25000000000006 648.50000000000011 -740.49999999999989 675.23397827148449 1480.4058837890627 233.46647644042972 -1555.2499999999998 292.75000000000006 -1861.7499999999998 3156.834350585938 2488.8974609375005 2390.605102539063 -282.24999999999994 -2113.2499999999995 757.03387451171886 1552.0000000000002 650.02038574218761 589.15350341796886 823.68878173828136 -601.74999999999989 1419.8875122070315 171.25000000000003 529.25000000000011
decision_type=2 2 2 2 2 2 2 2 2 2 2 2 2 2 2 2 2 2 2 2 2 2 2 2 2 2 2 2 2 2
left_child=6 2 -2 -3 -5 -6 7 8 26 12 19 14 13 -9 20 -16 17 18 23 -11 -8 -19 -22 24 -17 -25 27 -1 -28 -29
right_child=1 3 -4 4 5 -7 11 9 -10 10 -12 -13 -14 -15 15 16 -18 21 -20 -21 22 -23 -24 25 -26 -27 28 29 -30 -31
leaf_value=-0.024338319653965743 24.827750608656142 -9.1239109013761794 5.2480986294777772 18.416186341372406 -9.72157276570797 1.3864509816012511 -14.329356837272645 -4.9701244169196421 14.417921817198616 17.353353188435236 20.825314415954963 -15.420538838704429 -10.575820061895584 15.087688391636579 16.408701373684792 0.6751702549007792 14.604975708007814 -16.462609766672056 15.34348362159729 0.67940847046521258 -0.64082146176911181 -3.3702589362570388 10.39574672154018 -6.0232820664385436 10.852977124127476 5.4265954922407111 0.48828659359393928 -20.765666646957399 5.0560898017584455 -4.5546756290064918
leaf_weight=2295 27 49 76 33 42 1977 23 43 34 24 41 21 27 39 31 2024 25 33 25 49 13153 103 35 152 99 39 1320 20 359 180
leaf_count=2295 27 49 76 33 42 1977 23 43 34 24 41 21 27 39 31 2024 25 33 25 49 13153 103 35 152 99 39 1320 20 359 180
internal_value=3.78012e-09 1.61641 10.3806 1.18675 1.43296 1.15538 -0.176417 0.688702 0.394219 6.24559 11.4352 -0.419604 0.817957 4.56957 -0.399592 0.831318 0.638159 0.49708 0.906659 6.16125 -0.635414 -6.54708 -0.611531 0.750686 1.14978 -3.68535 0.279986 -0.517439 1.46496 -6.17577
internal_weight=22398 2204 103 2101 2052 2019 20194 4431 4208 223 114 15763 109 82 15742 2531 2500 2475 2339 73 13211 136 13188 2314 2123 191 4174 2495 1679 200
internal_count=22398 2204 103 2101 2052 2019 20194 4431 4208 223 114 15763 109 82 15742 2531 2500 2475 2339 73 13211 136 13188 2314 2123 191 4174 2495 1679 200
is_linear=0
shrinkage=0.05


Tree=42
num_leaves=31
num_cat=0
split_feature=129 96 90 212 150 193 259 288 145 288 102 114 20 61 271 283 213 282 219 275 243 79 82 87 27 44 229 233 156 123
split_gain=2.4079e+06 2.1521e+06 2.05188e+06 2.45045e+06 3.43161e+06 1.79543e+06 1.73905e+06 3.28568e+06 4.20274e+06 2.56799e+06 2.19227e+06 2.09588e+06 2.2441e+06 2.55835e+06 2.14705e+06 2.10988e+06 1.96799e+06 1.94802e+06 2.53594e+06 2.63255e+06 2.31884e+06 2.09942e+06 1.86315e+06 1.8311e+06 1.6761e+06 1.52698e+06 1.65705e+06 1.54039e+06 1.80253e+06 1.57767e+06
threshold=2441.0000000000005 535.61007690429699 -3116.4763183593745 -663.24999999999989 -1540.2499999999998 -4493.6474609374991 2718.2500000000005 1109.7500000000002 798.89459228515636 832.25000000000011 8203.0273437500018 4349.0000000000009 4077.226684570313 569.05575561523449 739.54895019531261 772.00000000000011 2059.2500000000005 -377.74999999999994 1710.7500000000002 -1139.7499999999998 683.63073730468761 2418.2500000000005 460.72059631347662 5145.0000000000009 4599.3295898437509 -1444.7499999999998 633.87484741210949 -54.749999999999993 -1602.7499999999998 -3385.0124511718745
decision_type=2 2 2 2 2 2 2 2 2 2 2 2 2 2 2 2 2 2 2 2 2 2 2 2 2 2 2 2 2 2
left_child=1 25 3 4 -3 -4 7 10 -9 -8 11 12 15 14 24 17 -15 18 19 -2 -19 -22 -20 -13 -14 26 27 -1 -29 -30
right_child=6 2 5 -5 -6 -7 9 8 -10 -11 -12 23 13 16 -16 -17 -18 20 22 -21 21 -23 -24 -25 -26 -27 -28 28 29 -31
leaf_value=0.34519321180394869 -14.56579632532029 -6.3209699761035836 12.425749982727901 -20.319787441600454 16.672673196792601 1.1952777386337698 -0.11167530119419099 2.0406816296279433 -25.638286320368451 19.35512699948417 14.59203109483461 -18.283457974025183 16.043557742238047 6.6922283172607422 24.731052659451962 16.58974842266603 -11.308978306163441 0.56060531319429474 5.4976025899251306 4.6859144171424534 -0.70439997949907862 -18.824965884468774 26.821258799433707 -0.97062566195215505 -0.87211438461586277 -0.53555370852206896 -11.682127424522683 14.310222233666316 -9.0461639585318405 3.5029244412662663
leaf_weight=2860 21 86 36 22 20 3115 32 32 24 36 37 21 32 49 30 22 22 264 21 115 31 33 20 56 27 14898 27 36 27 346
leaf_count=2860 21 86 36 22 20 3115 32 32 24 36 37 21 32 49 30 22 22 264 21 115 31 33 20 56 27 14898 27 36 27 346
internal_value=-1.51182e-09 -0.107599 1.07149 -5.13426 -1.98255 1.32359 2.49781 1.88713 -9.82173 10.1943 2.70572 2.13008 3.00682 8.19313 13.8402 1.43223 1.11439 0.771907 4.99928 1.71322 -1.50933 -10.0478 15.8994 -5.69231 8.30249 -0.320101 0.653753 0.75564 3.62575 2.59455
internal_weight=22398 21473 3279 128 106 3151 925 857 56 68 801 764 687 160 89 527 71 505 177 136 328 64 41 77 59 18194 3296 3269 409 373
internal_count=22398 21473 3279 128 106 3151 925 857 56 68 801 764 687 160 89 527 71 505 177 136 328 64 41 77 59 18194 3296 3269 409 373
is_linear=0
shrinkage=0.05


Tree=43
num_leaves=31
num_cat=0
split_feature=281 268 238 289 138 212 269 269 81 225 177 163 25 283 96 278 89 289 89 190 97 187 292 250 66 267 275 233 110 276
split_gain=2.20584e+06 2.29587e+06 3.19647e+06 3.09097e+06 2.77546e+06 2.18762e+06 2.09448e+06 2.03078e+06 2.30702e+06 1.96563e+06 2.16356e+06 1.89613e+06 3.14171e+06 2.65698e+06 3.75432e+06 3.48966e+06 1.8498e+06 2.74701e+06 2.49641e+06 2.0171e+06 2.04037e+06 2.01777e+06 1.91674e+06 1.98623e+06 1.83815e+06 2.69085e+06 1.95408e+06 2.06848e+06 1.63023e+06 1.58267e+06
threshold=307.25000000000006 -627.74999999999989 -974.74999999999989 -609.74999999999989 675.23397827148449 3692.2500000000005 1739.2500000000002 -215.74999999999997 4384.7673339843759 -1897.4999999999998 -2480.2499999999995 3748.5000000000005 5708.4250488281259 -363.24999999999994 992.53356933593761 1039.6253662109377 1200.0135498046877 -962.74999999999989 1480.4058837890627 -2029.7499999999998 -3084.744262695312 512.81195068359386 1039.6253662109377 1039.6253662109377 -1498.4999999999998 528.75000000000011 -81.749999999999986 1871.7500000000002 943.09799194335949 235.75000000000003
decision_type=2 2 2 2 2 2 2 2 2 2 2 2 2 2 2 2 2 2 2 2 2 2 2 2 2 2 2 2 2 2
left_child=11 2 9 -4 -5 16 -7 8 -6 -2 -11 12 -1 15 -15 -14 17 -3 -18 -19 21 -21 23 24 25 -22 27 28 29 -26
right_child=1 5 3 4 7 6 -8 -9 -10 10 -12 -13 13 14 -16 -17 18 19 -20 20 22 -23 -24 -25 26 -27 -28 -29 -30 -31
leaf_value=-0.34308265445173725 11.861570620536805 -16.363504807154339 -9.4396457138061525 5.2661733252448704 19.821449018205918 0.54321480358348173 17.967677228791374 27.531547903131553 0.75135065276047275 -18.020892333984374 -0.94175812327381925 -12.65984871772028 11.811056569314772 6.2192337853567947 32.111601402646023 -12.318936680103171 -20.375623039245607 13.74107241640831 0.71165278553962708 0.25279492898420858 0.58320656714978236 -21.415238725571406 10.252931910870123 -13.27219510445228 1.1045373269594183 7.9745236158370973 -0.18248686013661453 17.234579355820369 -12.068059272766114 6.1713258695833897
leaf_weight=16078 24 24 25 175 35 34 35 27 29 22 118 31 31 42 21 29 25 29 32 22 323 21 51 26 612 199 4029 23 20 206
leaf_count=16078 24 24 25 175 35 34 35 27 29 22 118 31 31 42 21 29 25 29 32 22 323 21 51 26 612 199 4029 23 20 206
internal_value=-4.37232e-10 0.805075 4.22323 7.36935 8.94914 0.532748 9.38171 16.0318 11.1803 -1.3592 -3.62562 -0.305821 -0.282182 7.67841 14.85 0.148226 0.424527 0.51599 -8.53715 0.588838 0.519891 -10.3293 0.604881 0.514397 0.58063 3.40097 0.279563 2.4417 2.03569 2.38053
internal_weight=22398 6166 455 291 266 5711 69 91 64 164 140 16232 16201 123 63 60 5642 5585 57 5561 5532 43 5489 5438 5412 522 4890 861 838 818
internal_count=22398 6166 455 291 266 5711 69 91 64 164 140 16232 16201 123 63 60 5642 5585 57 5561 5532 43 5489 5438 5412 522 4890 861 838 818
is_linear=0
shrinkage=0.05


Tree=44
num_leaves=31
num_cat=0
split_feature=169 79 92 168 142 96 5 87 139 233 243 134 285 26 220 180 138 256 27 212 166 212 159 47 183 278 138 201 235 257
split_gain=2.09496e+06 3.03355e+06 2.72652e+06 2.45069e+06 1.96713e+06 1.80952e+06 4.05989e+06 1.78088e+06 2.93595e+06 1.99338e+06 2.35376e+06 3.43929e+06 2.94798e+06 2.07685e+06 1.92568e+06 1.8808e+06 1.8786e+06 1.7189e+06 1.98836e+06 1.69818e+06 1.99783e+06 1.71734e+06 1.69607e+06 1.68941e+06 1.65724e+06 1.53772e+06 1.52512e+06 1.50719e+06 2.23866e+06 2.12802e+06
threshold=1565.5000000000002 -70.749999999999986 1228.2500000000002 1439.5000000000002 890.75000000000011 1200.0135498046877 1200.0135498046877 1114.7500000000002 946.75366210937511 -368.24999999999994 899.23205566406261 3369.5000000000005 992.53356933593761 739.54895019531261 178.75000000000003 776.22653198242199 683.63073730468761 -545.60000610351551 -45.102397918701165 239.75000000000003 606.76919555664074 3692.2500000000005 1200.0135498046877 516.10797119140636 1608.2500000000002 465.19665527343756 246.73233032226565 776.22653198242199 4425.4123535156259 715.72747802734386
decision_type=2 2 2 2 2 2 2 2 2 2 2 2 2 2 2 2 2 2 2 2 2 2 2 2 2 2 2 2 2 2
left_child=26 2 3 -2 -5 6 7 17 -9 13 12 -12 19 16 -15 -13 24 -3 25 20 23 27 -7 -11 -10 -19 -1 29 -29 -21
right_child=1 5 -4 4 -6 22 -8 8 9 10 11 15 -14 14 -16 -17 -18 18 -20 21 -22 -23 -24 -25 -26 -27 -28 28 -30 -31
leaf_value=-1.2172444088229344 16.437630032130652 -16.280770676786251 26.087115316390992 7.5876601921187508 -10.265836344824898 -17.971030163764954 19.813414288389271 18.552263061523437 3.8888814299194898 9.0861523707707725 -3.7443957066163422 27.779175932511038 -13.146042700374828 -2.879547303063529 -24.558060274124145 9.7514662009019126 13.49951154470444 -0.36043253357593835 -3.9341510312069978 0.78989546054013671 21.997572832107547 13.493266827719552 1.7439815330505373 -5.6746083248938834 -7.3916311761228046 18.080609874725344 0.018791349082275276 -19.444266620549289 2.4248848110437393 9.6512509034739598
leaf_weight=2917 35 22 20 36 27 24 29 25 54 63 32 23 34 21 20 39 20 26 189 1148 20 28 20 28 82 20 17277 22 25 72
leaf_count=2917 35 22 20 36 27 24 29 25 54 63 32 23 34 21 20 39 20 26 189 1148 20 28 20 28 82 20 17277 22 25 72
internal_value=-9.27946e-10 1.46372 9.26303 5.82954 -0.0638383 1.02253 1.2387 0.971109 1.54005 1.29435 1.9024 9.56817 1.402 -3.44038 -13.4544 16.4392 -0.808487 -2.91631 -1.66516 1.7538 7.6891 1.24506 -9.00966 4.54438 -2.9126 7.65741 -0.159753 0.974379 -7.81174 1.31286
internal_weight=22398 2204 118 98 63 2086 2042 2013 1756 1731 1534 94 1440 197 41 62 156 257 235 1406 111 1295 44 91 136 46 20194 1267 47 1220
internal_count=22398 2204 118 98 63 2086 2042 2013 1756 1731 1534 94 1440 197 41 62 156 257 235 1406 111 1295 44 91 136 46 20194 1267 47 1220
is_linear=0
shrinkage=0.05


Tree=45
num_leaves=31
num_cat=0
split_feature=288 268 246 273 226 211 275 239 169 226 292 246 138 248 289 183 115 269 225 160 276 260 253 162 139 21 226 275 273 267
split_gain=1.99723e+06 2.03117e+06 2.57246e+06 2.49318e+06 2.42476e+06 2.38826e+06 3.01512e+06 3.08537e+06 1.92127e+06 1.89266e+06 2.18221e+06 2.07364e+06 1.69384e+06 1.63608e+06 1.7546e+06 1.60913e+06 1.60393e+06 1.55832e+06 1.95512e+06 1.56057e+06 2.03027e+06 2.33458e+06 1.76315e+06 1.55265e+06 2.57022e+06 2.24653e+06 2.70892e+06 1.63648e+06 1.48847e+06 1.45395e+06
threshold=120.25000000000001 -618.24999999999989 -370.74999999999994 111.75000000000001 1.0000000180025095e-35 3199.2500000000005 -1008.4999999999999 -175.24999999999997 2647.0000000000005 3435.0000000000005 1109.719909667969 3602.5000000000005 675.23397827148449 -676.74999999999989 -256.74999999999994 -1487.7499999999998 4712.0000000000009 -448.74999999999994 12.750000000000002 1970.035583496094 -1049.7499999999998 -1005.7499999999999 -282.24999999999994 -1766.9999999999998 -972.79852294921864 -3138.9999999999995 -39.249999999999993 142.75000000000003 218.25000000000003 -641.99999999999989
decision_type=2 2 2 2 2 2 2 2 2 2 2 2 2 2 2 2 2 2 2 2 2 2 2 2 2 2 2 2 2 2
left_child=-1 2 4 5 8 6 7 -4 17 11 16 23 -5 14 -8 -15 -11 19 -19 20 21 -2 -22 24 27 26 28 -3 -25 -9
right_child=1 9 3 12 -6 -7 13 29 -10 10 -12 -13 -14 15 -16 -17 -18 18 -20 -21 22 -23 -24 25 -26 -27 -28 -29 -30 -31
leaf_value=-0.52991984198751241 0.24336643695831298 4.4608276219490701 24.65426072915395 6.748693021138509 -16.920443905293943 -10.365664143562318 1.5900747064824987 -2.5971594560530882 15.626517259506953 11.485361738204958 19.86899751883287 -15.588887169247583 26.450745077133178 -10.861449462890626 21.120428914609164 2.1491609325775736 -8.2993773914518822 2.3538069848030334 18.595279626846317 -14.338760584876651 -2.1303073087588271 17.707643138208699 10.511337622280779 -7.3664990391280201 -9.2273706567698515 0.13798935498490941 -22.907116459239099 16.872846341855599 5.0291403565141897 9.9583672650655117
leaf_weight=9912 50 136 30 24 20 30 23 31 21 20 26 21 20 25 23 481 21 252 20 21 564 31 29 74 29 10284 21 33 36 90
leaf_count=9912 50 136 30 24 20 30 23 31 21 20 26 21 20 25 23 481 21 252 20 21 564 31 29 74 29 10284 21 33 36 90
internal_value=3.25496e-09 0.420676 1.98211 4.14406 0.315615 3.45014 4.03972 10.3005 0.664523 0.160218 8.53753 0.107436 15.7042 2.32709 11.3553 1.50634 1.35171 0.339598 3.54803 -0.916077 -0.497862 6.92723 -1.51208 0.138495 4.52466 0.0551091 -6.45131 6.88448 -3.30974 6.74166
internal_weight=22398 12486 1785 777 1008 733 703 151 988 10701 67 10634 44 552 46 506 41 967 272 695 674 81 593 10613 198 10415 131 169 110 121
internal_count=22398 12486 1785 777 1008 733 703 151 988 10701 67 10634 44 552 46 506 41 967 272 695 674 81 593 10613 198 10415 131 169 110 121
is_linear=0
shrinkage=0.05


Tree=46
num_leaves=31
num_cat=0
split_feature=47 219 282 11 76 246 109 22 187 185 63 89 65 235 89 235 0 209 155 222 211 278 157 246 268 272 208 273 225 170
split_gain=1.88358e+06 1.90406e+06 3.19815e+06 1.86121e+06 2.87953e+06 1.75094e+06 1.56161e+06 1.65929e+06 1.43088e+06 4.10416e+06 2.2161e+06 1.74643e+06 2.23941e+06 1.72424e+06 1.54376e+06 3.56909e+06 1.3821e+06 1.36963e+06 3.64762e+06 2.12881e+06 2.05023e+06 1.89695e+06 1.35034e+06 1.27851e+06 1.21681e+06 2.23156e+06 2.30252e+06 1.9972e+06 2.11522e+06 2.42492e+06
threshold=408.05920410156256 3584.2500000000005 67.250000000000014 5038.3974609375009 4810.2280273437509 3602.5000000000005 4088.717407226563 4098.7500000000009 1480.4058837890627 -851.74999999999989 -3687.2499999999995 1200.0135498046877 -1087.7499999999998 4692.6625976562509 1109.719909667969 2888.5925292968755 3653.7500000000005 -2405.2761230468745 -2368.7499999999995 715.72747802734386 -2067.2499999999995 549.32611083984386 -2687.7499999999995 1131.2500000000002 -156.74999999999997 1904.9372558593752 1109.719909667969 111.75000000000001 6.7500000000000009 -2044.4999999999998
decision_type=2 2 2 2 2 2 2 2 2 2 2 2 2 2 2 2 2 2 2 2 2 2 2 2 2 2 2 2 2 2
left_child=3 8 5 4 6 -3 7 16 10 13 -2 14 -13 -10 17 -16 22 18 19 21 -19 -12 -1 -8 25 26 27 -22 29 -29
right_child=1 2 -4 -5 -6 -7 23 -9 9 -11 11 12 -14 -15 15 -17 -18 20 -20 -21 24 -23 -24 -25 -26 -27 -28 28 -30 -31
leaf_value=8.0747062383814061 -6.0409312675396603 9.8710668253898621 20.806268492821726 10.848577164314889 -19.338945318460464 -11.05104871749878 13.471593464417635 -12.338735116144708 5.2295273723024316 20.465571193134085 5.0460306096076968 3.2645394109910537 -14.280722496726296 -13.375720710754393 -0.16861454321413627 22.750336404947134 12.156024831668898 -9.40177281177961 19.407091845103675 12.681817745027089 0.77276186074844333 -15.436114766047552 -0.4146764156630065 0.14089210884911674 -0.2001073660030866 13.657720963784627 -11.978963016061222 13.808998962684914 8.0205139583554779 -2.7145533687591552
leaf_weight=47 129 20 31 37 20 20 37 29 33 34 20 31 44 20 49 26 22 52 35 21 4133 26 13899 35 3124 35 34 27 203 125
leaf_count=47 129 20 31 37 20 20 37 29 33 34 20 31 44 20 49 26 22 52 35 21 4133 26 13899 35 3124 35 34 27 203 125
internal_value=-4.82684e-09 0.599186 8.75204 -0.350876 -0.380287 -0.589991 -0.353336 -0.391117 0.528603 6.90677 0.460215 0.565243 -7.02868 -1.79132 0.637246 7.77662 -0.366312 0.568905 6.32498 -0.508958 0.492981 -6.53083 -0.386066 6.99139 0.559968 1.08103 0.983686 1.08189 4.68081 0.220551
internal_weight=22398 8272 71 14126 14089 40 14069 13997 8201 87 8114 7985 75 53 7910 75 13968 7835 102 67 7733 46 13946 72 7681 4557 4522 4488 355 152
internal_count=22398 8272 71 14126 14089 40 14069 13997 8201 87 8114 7985 75 53 7910 75 13968 7835 102 67 7733 46 13946 72 7681 4557 4522 4488 355 152
is_linear=0
shrinkage=0.05


Tree=47
num_leaves=31
num_cat=0
split_feature=281 268 252 89 264 289 274 163 183 287 241 34 70 219 197 268 169 247 268 262 187 101 169 251 276 268 288 287 239 254
split_gain=1.78837e+06 1.85984e+06 2.51047e+06 1.87775e+06 2.19049e+06 2.1664e+06 2.08218e+06 1.73699e+06 2.769e+06 1.72583e+06 1.62984e+06 1.62899e+06 2.69698e+06 3.70167e+06 3.29598e+06 2.06622e+06 3.69339e+06 2.52624e+06 2.02407e+06 1.66066e+06 1.65442e+06 1.59649e+06 1.53306e+06 1.5291e+06 1.5187e+06 1.50773e+06 1.50352e+06 1.44911e+06 1.51832e+06 1.39294e+06
threshold=307.25000000000006 -609.74999999999989 -1226.2499999999998 798.89459228515636 823.68878173828136 -428.24999999999994 390.25000000000006 3748.5000000000005 3592.0000000000005 242.75000000000003 -1477.7499999999998 -2917.369750976562 -1501.2499999999998 -2440.9999999999995 -1647.2499999999998 -46.249999999999993 3851.0000000000005 -711.49999999999989 -19.249999999999996 629.25000000000011 509.17491149902349 -1702.7499999999998 383.25000000000006 -935.79443359374989 -150.74999999999997 132.75000000000003 204.75000000000003 -120.24999999999999 277.75000000000006 -513.74999999999989
decision_type=2 2 2 2 2 2 2 2 2 2 2 2 2 2 2 2 2 2 2 2 2 2 2 2 2 2 2 2 2 2
left_child=7 2 9 4 26 -5 -7 8 -1 10 -2 20 14 -14 -13 16 27 19 21 -17 -3 -16 23 -20 -19 -22 -4 28 -15 -26
right_child=1 11 3 5 -6 6 -8 -9 -10 -11 -12 12 13 15 18 17 -18 24 22 -21 25 -23 -24 -25 29 -27 -28 -29 -30 -31
leaf_value=-0.27843793481947626 -2.8178743036781873 -0.089971167154801204 -0.81196744856627101 -0.64060493946075447 -7.7734023530142657 9.3666622822101306 30.266911740736528 -12.099577779154624 16.374741180419925 4.4657991869883107 -20.227938121557237 22.680932758165444 -18.192381823504416 -0.18867728526775654 -5.6936243694453017 -16.700275953114033 22.955121085757302 10.182898902893067 13.889432319434915 0.81974897838774197 -18.302924670595115 3.2938563204059998 15.71031632294526 2.6848394671151805 9.5174304929939488 -2.3709865817317257 7.770157815181479 1.3877017656821293 15.491945692112573 -0.23225525463716573
leaf_weight=16176 41 78 69 20 35 26 22 31 25 44 20 23 27 26 84 38 21 36 37 21 33 120 37 172 37 27 196 1129 38 3709
leaf_count=16176 41 78 69 20 35 26 22 31 25 44 20 23 27 26 84 38 21 36 37 21 33 120 37 172 37 27 196 1129 38 3709
internal_value=4.46227e-10 0.7249 3.73753 5.68329 3.98285 13.1852 18.9459 -0.275365 -0.25274 -3.08187 -8.52609 0.474596 0.607904 0.271796 4.21912 0.370417 2.1685 -0.197891 3.27551 -10.4643 -4.89153 -0.406871 6.3292 4.66843 -0.0377328 -11.1336 5.53557 1.8026 9.12169 -0.135956
internal_weight=22398 6166 473 368 300 68 48 16232 16201 105 61 5693 5555 5082 473 5055 1214 3841 450 59 138 204 246 209 3782 60 265 1193 64 3746
internal_count=22398 6166 473 368 300 68 48 16232 16201 105 61 5693 5555 5082 473 5055 1214 3841 450 59 138 204 246 209 3782 60 265 1193 64 3746
is_linear=0
shrinkage=0.05


Tree=48
num_leaves=31
num_cat=0
split_feature=133 274 268 240 59 253 234 281 220 288 5 250 36 285 289 276 259 288 102 152 260 283 166 229 257 47 201 226 288 0
split_gain=1.70072e+06 1.75552e+06 1.55665e+06 2.61994e+06 2.58913e+06 2.76276e+06 2.55024e+06 1.95645e+06 2.2389e+06 1.81623e+06 1.75437e+06 1.78029e+06 1.67432e+06 1.63802e+06 1.50603e+06 1.39728e+06 1.47469e+06 2.34443e+06 3.16783e+06 3.08606e+06 2.08984e+06 2.43884e+06 1.82158e+06 2.89191e+06 2.31424e+06 2.18557e+06 2.01973e+06 1.96104e+06 1.69005e+06 1.50724e+06
threshold=2446.2500000000005 2291.0000000000005 -848.24999999999989 -1046.2499999999998 -3221.9999999999995 1098.0000000000002 1079.5000000000002 345.25000000000006 326.25000000000006 504.75000000000006 1109.719909667969 1039.6253662109377 1369.0000000000002 692.68301391601574 -1096.9999999999998 -1168.9999999999998 2718.2500000000005 1109.7500000000002 8203.0273437500018 858.73690795898449 2485.5000000000005 772.00000000000011 858.00915527343761 715.72747802734386 715.72747802734386 726.51162719726574 1039.6253662109377 793.25000000000011 832.25000000000011 1945.5000000000002
decision_type=2 2 2 2 2 2 2 2 2 2 2 2 2 2 2 2 2 2 2 2 2 2 2 2 2 2 2 2 2 2
left_child=1 2 3 9 -5 6 7 -6 13 10 11 -1 -11 -9 -4 -2 17 18 20 -19 21 22 23 24 29 27 -24 -25 -18 -17
right_child=15 -3 14 4 5 -7 -8 8 -10 12 -12 -13 -14 -15 -16 16 28 19 -20 -21 -22 -23 26 25 -26 -27 -28 -29 -30 -31
leaf_value=-0.87040884622767956 -9.1024998814971365 14.026674072308973 -11.24265691080401 19.171327004065883 2.1139555278588351 20.520403588901868 -15.073084130287171 8.2960865951719747 -0.97348986466725673 1.977936401492671 -12.308794283866883 9.7850134419231889 19.56986570812407 28.044598443167555 -0.21337940952180406 -3.5949068520665173 1.0193466001941311 0.95960859130410592 19.078544683115823 -23.792651596069337 -9.9798458017621741 15.80850197763154 19.379116090138755 -6.1728371428771762 14.830425838522011 -17.476674162546797 1.0318443663914998 10.359714667002361 16.946018788549633 3.3545903713266614
leaf_weight=893 27 22 31 26 568 22 20 21 24 38 32 41 21 21 19697 100 31 34 28 20 35 33 30 71 37 30 30 24 36 355
leaf_count=893 27 22 31 26 568 22 20 21 24 38 32 41 21 21 19697 100 31 34 28 20 35 33 30 71 37 30 30 24 36 355
internal_value=-6.48069e-09 -0.0902246 -0.1047 1.33475 3.68798 3.09246 2.5062 3.06075 11.2089 -0.276919 -0.797071 -0.402665 8.23947 18.1703 -0.23071 2.10397 2.44242 1.86441 2.56803 -8.2079 1.9475 2.53547 1.88849 1.0797 2.80511 -5.71151 10.2055 -1.99619 9.57696 1.82723
internal_weight=22398 21477 21455 1727 702 676 654 634 66 1025 966 934 59 42 19728 921 894 827 773 54 745 710 677 617 492 125 60 95 67 455
internal_count=22398 21477 21455 1727 702 676 654 634 66 1025 966 934 59 42 19728 921 894 827 773 54 745 710 677 617 492 125 60 95 67 455
is_linear=0
shrinkage=0.05


Tree=49
num_leaves=31
num_cat=0
split_feature=288 187 170 162 89 281 261 268 283 275 206 234 283 254 289 149 128 273 192 170 187 205 27 246 100 135 258 289 155 171
split_gain=1.63793e+06 1.65313e+06 3.70165e+06 2.41232e+06 1.84699e+06 2.91549e+06 2.44709e+06 2.04655e+06 2.04413e+06 2.51786e+06 2.66982e+06 1.61311e+06 3.01296e+06 3.09772e+06 2.51922e+06 1.97859e+06 1.62713e+06 2.2668e+06 1.46832e+06 2.33019e+06 2.24723e+06 1.87754e+06 1.87705e+06 1.75774e+06 1.60764e+06 1.51856e+06 1.48977e+06 3.33614e+06 2.5248e+06 2.254e+06
threshold=120.25000000000001 1480.4058837890627 -1884.7499999999998 -2627.4999999999995 1200.0135498046877 120.25000000000001 -605.74999999999989 763.00000000000011 -616.99999999999989 -891.24999999999989 -6.2499999999999991 2432.7500000000005 -31.749999999999996 1690.0000000000002 -370.74999999999994 3166.7500000000005 3024.0000000000005 1744.5000000000002 2110.5000000000005 2017.7500000000002 899.23205566406261 892.25000000000011 4038.008422851563 1385.7500000000002 3891.5000000000005 3247.2500000000005 1332.9945068359377 -305.74999999999994 1697.2500000000002 1784.7500000000002
decision_type=2 2 2 2 2 2 2 2 2 2 2 2 2 2 2 2 2 2 2 2 2 2 2 2 2 2 2 2 2 2
left_child=-1 4 3 -3 8 -6 -7 -8 9 10 -2 18 -13 15 -15 -14 -16 -18 19 24 21 -20 23 -21 26 -24 -10 28 -28 -29
right_child=1 2 -4 -5 5 6 7 -9 11 -11 -12 12 13 14 16 -17 17 -19 20 22 -22 -23 25 -25 -26 -27 27 29 -30 -31
leaf_value=-0.47989245673319847 4.0918325013801704 13.414138050079345 22.61105123449255 -8.7218431025743488 -23.650896654129028 12.768679418563844 -17.596347720806417 2.8788701845251996 0.17128464102717245 -1.3669613740215565 20.472828244595302 -9.279409666215221 9.5764098574049203 15.490794294873874 7.8285869840917917 30.494638566970828 -16.821674820228861 4.7995853294025776 12.792608510880243 7.218021242410666 -17.831401849829632 -2.5571297719690604 24.277328075062144 -4.4837518594702894 -12.951242019819176 5.2409374248981484 25.721725631713866 4.0473593516439896 6.3246840509713866 -4.7524530436775896
leaf_weight=9912 61 20 27 32 20 20 26 23 10917 73 42 31 26 30 29 20 27 22 21 93 23 388 22 49 23 20 25 215 51 110
leaf_count=9912 61 20 27 32 20 20 26 23 10917 73 42 31 26 30 29 20 27 22 21 93 23 388 22 49 23 20 25 215 51 110
internal_value=-6.34508e-10 0.380962 7.59091 -0.208004 0.335054 -6.84197 -1.96982 -7.98553 0.386909 5.73677 10.7715 0.309362 4.94257 7.80544 3.17739 18.6713 -1.55853 -7.11417 0.237677 0.344949 -2.62418 -1.769 5.92659 3.18009 0.254391 15.2124 0.281227 3.27435 12.7053 1.06896
internal_weight=22398 12486 79 52 12407 89 69 49 12318 176 103 12142 185 154 108 46 78 49 11957 11525 432 409 184 142 11341 42 11318 401 76 325
internal_count=22398 12486 79 52 12407 89 69 49 12318 176 103 12142 185 154 108 46 78 49 11957 11525 432 409 184 142 11341 42 11318 401 76 325
is_linear=0
shrinkage=0.05


Tree=50
num_leaves=31
num_cat=0
split_feature=5 82 60 268 48 261 274 268 210 216 136 288 241 226 45 270 263 149 269 281 281 247 255 285 157 47 258 5 275 117
split_gain=1.54764e+06 1.35768e+06 1.33064e+06 2.08426e+06 1.69486e+06 1.6731e+06 2.22546e+06 2.68884e+06 2.18592e+06 2.96055e+06 2.69077e+06 1.8936e+06 1.96679e+06 2.35071e+06 2.2387e+06 2.15224e+06 2.27758e+06 2.13823e+06 1.88272e+06 1.81778e+06 1.77957e+06 1.69995e+06 4.46279e+06 1.87545e+06 2.47973e+06 4.1595e+06 2.05275e+06 1.66586e+06 2.35091e+06 1.67167e+06
threshold=343.47955322265631 469.60241699218756 -992.51998901367176 932.25000000000011 1166.4353637695315 -648.24999999999989 850.25000000000011 -905.24999999999989 2659.5000000000005 2713.3115234375005 3046.0000000000005 614.25000000000011 -447.74999999999994 -864.74999999999989 -1483.2499999999998 1419.8875122070315 3557.9050292968755 -252.74999999999997 7.7500000000000009 -238.24999999999997 49.250000000000007 -937.24999999999989 266.75000000000006 1480.4058837890627 5267.2500000000009 692.68301391601574 3909.418579101563 353.86814880371099 -563.24999999999989 352.42210388183599
decision_type=2 2 2 2 2 2 2 2 2 2 2 2 2 2 2 2 2 2 2 2 2 2 2 2 2 2 2 2 2 2
left_child=1 -1 3 4 -2 6 8 -8 9 10 11 12 15 20 -15 -4 17 -17 -16 -19 -14 22 -7 24 26 -26 27 28 -23 -29
right_child=2 -3 5 -5 -6 21 7 -9 -10 -11 -12 -13 13 14 18 16 -18 19 -20 -21 -22 23 -24 -25 25 -27 -28 29 -30 -31
leaf_value=-0.40578417809936052 -0.51968972340190822 -6.380684348319968 1.8014148648265871 11.474548608870121 12.805232266585032 -1.0568060802424559 -2.0522739648818971 21.318021521344782 -10.722758140239646 17.390512535648963 -13.860907972521254 11.34833345188285 4.1244800744233308 16.451315623316273 0.74163998013152888 -10.004293865940788 12.225741540817987 9.4370767845826986 11.422008948630475 -4.242256368749282 21.433164631236686 16.637051752861591 -20.79267546046864 13.014755795796711 4.1976792311668403 -28.049432277679443 14.862089414596557 -1.6781219050189844 2.5000267270182777 0.66080198600097984
leaf_weight=9894 4215 96 775 37 24 217 20 32 34 31 27 53 27 29 338 110 21 34 47 85 33 32 33 30 20 20 25 909 363 4787
leaf_count=9894 4215 96 775 37 24 217 20 32 34 31 27 53 27 29 338 110 21 34 47 85 33 32 33 30 20 20 25 909 363 4787
internal_value=-1.22178e-09 -0.463201 0.372935 -0.341115 -0.444248 0.748399 2.1455 12.3294 1.82338 2.08833 1.78791 2.06015 1.73175 4.39505 3.05458 0.50013 -3.53385 -4.97905 2.04548 -0.333875 13.6443 0.380239 -3.66194 0.543599 0.482823 -11.9259 0.563979 0.505293 3.6453 0.287543
internal_weight=22398 9990 12408 4276 4239 8132 1696 52 1644 1610 1579 1552 1499 474 414 1025 250 229 385 119 60 6436 250 6186 6156 40 6116 6091 395 5696
internal_count=22398 9990 12408 4276 4239 8132 1696 52 1644 1610 1579 1552 1499 474 414 1025 250 229 385 119 60 6436 250 6186 6156 40 6116 6091 395 5696
is_linear=0
shrinkage=0.05


Tree=51
num_leaves=31
num_cat=0
split_feature=5 187 185 256 283 246 239 266 267 43 16 219 289 289 266 247 103 234 202 261 268 16 233 190 281 213 181 113 4 5
split_gain=1.50374e+06 1.27949e+06 3.62662e+06 1.58931e+06 1.26087e+06 2.07513e+06 2.49641e+06 1.66677e+06 2.48739e+06 2.20338e+06 2.12404e+06 1.61973e+06 2.52363e+06 2.04828e+06 1.46414e+06 1.46276e+06 2.65513e+06 2.2559e+06 1.44871e+06 1.16133e+06 1.9584e+06 1.90679e+06 1.71554e+06 2.01913e+06 2.07398e+06 1.7727e+06 3.63534e+06 1.77122e+06 1.66336e+06 1.56696e+06
threshold=220.5942306518555 1480.4058837890627 -851.74999999999989 4267.6274414062509 182.25000000000003 3602.5000000000005 2742.5000000000005 1142.5000000000002 1335.7500000000002 -104.74999999999999 44.750000000000007 3584.2500000000005 -359.74999999999994 -724.24999999999989 1248.7500000000002 2112.2500000000005 739.54895019531261 2432.7500000000005 2857.6447753906255 -188.24999999999997 -905.24999999999989 -3767.2499999999995 -135.74999999999997 -839.74999999999989 421.25000000000006 1790.0000000000002 2891.722534179688 4008.0000000000005 3385.867553710938 640.96713256835949
decision_type=2 2 2 2 2 2 2 2 2 2 2 2 2 2 2 2 2 2 2 2 2 2 2 2 2 2 2 2 2 2
left_child=-1 4 3 -3 5 6 7 8 19 -9 -11 13 -13 -6 -8 17 18 -15 -17 22 -21 -22 27 -24 25 26 28 -2 29 -25
right_child=1 2 -4 -5 11 -7 14 9 -10 10 -12 12 -14 15 -16 16 -18 -19 -20 20 21 -23 23 24 -26 -27 -28 -29 -30 -31
leaf_value=-1.5723088715382423 -0.013654616007281432 4.8886992931365967 18.613728223528181 -12.813530876522973 -12.461189152454509 -14.219593060933628 18.603954304967608 8.9104234600067151 13.648371145941994 -20.125749885118925 -4.4806454993386309 23.588869533538819 0.5019004986203951 0.87950838859482416 1.9563911294937135 10.129085224325008 -19.348781031608581 12.532772484989394 -8.0162042531100184 12.61316210521119 -13.00963121075784 -0.58141292079957541 14.744596265102254 1.2069576431109894 8.9251322828233253 -7.3168054043269555 22.033928880237397 -13.61749039888382 -4.3489890420159627 8.8733260485955654
leaf_weight=1424 7881 32 35 21 29 26 28 25 33 26 131 20 29 3714 25 22 25 42 22 28 31 6933 29 1394 88 61 21 24 129 70
leaf_count=1424 7881 32 35 21 29 26 28 25 33 26 131 20 29 3714 25 22 25 42 22 28 31 6933 29 1394 88 61 21 24 129 70
internal_value=4.85594e-09 0.10675 6.12312 -2.12539 0.0814006 -0.104838 -0.0831957 -0.117166 -0.0653688 -4.87623 -7.07155 0.891774 9.92515 0.776923 10.7513 0.87729 -6.33676 1.00982 1.05644 -0.0924857 -0.583676 -0.636737 0.261686 1.65848 1.44323 1.05015 1.36637 -0.0549566 1.09392 1.57352
internal_weight=22398 20974 88 53 20886 16983 16957 16904 16722 182 157 3903 49 3854 53 3825 69 3756 44 16689 6992 6964 9697 1792 1763 1675 1614 7905 1593 1464
internal_count=22398 20974 88 53 20886 16983 16957 16904 16722 182 157 3903 49 3854 53 3825 69 3756 44 16689 6992 6964 9697 1792 1763 1675 1614 7905 1593 1464
is_linear=0
shrinkage=0.05


Tree=52
num_leaves=31
num_cat=0
split_feature=169 34 155 27 34 20 26 5 79 149 218 17 134 5 131 281 113 145 215 100 177 97 187 240 54 234 117 193 205 176
split_gain=1.3893e+06 2.64792e+06 2.68924e+06 1.82724e+06 3.43e+06 1.63211e+06 1.45196e+06 2.38418e+06 1.37745e+06 2.32249e+06 2.25263e+06 2.83212e+06 1.93724e+06 2.21757e+06 2.67177e+06 1.93239e+06 2.48074e+06 1.74184e+06 2.18282e+06 1.73318e+06 1.65818e+06 1.64147e+06 2.60401e+06 1.6343e+06 1.83406e+06 1.73553e+06 1.71723e+06 2.28464e+06 2.16854e+06 2.27647e+06
threshold=1565.5000000000002 -544.43753051757801 1229.2500000000002 -222.1662902832031 1.0000000180025095e-35 148.14443206787112 1480.4058837890627 1200.0135498046877 -824.74999999999989 295.25000000000006 -1204.7499999999998 -2624.9999999999995 -1825.2499999999998 992.53356933593761 535.61007690429699 743.75000000000011 921.75000000000011 467.04698181152349 613.32830810546886 -288.74999999999994 387.75000000000006 2797.453735351563 943.09799194335949 -1606.4999999999998 594.35995483398449 -834.24999999999989 569.05575561523449 2518.5100097656255 180.25000000000003 128.25000000000003
decision_type=2 2 2 2 2 2 2 2 2 2 2 2 2 2 2 2 2 2 2 2 2 2 2 2 2 2 2 2 2 2
left_child=8 2 -2 -3 -5 -6 7 -7 9 15 21 -12 -13 14 17 16 -1 18 -14 -11 -15 22 -10 24 -16 -25 27 28 29 -27
right_child=1 3 -4 4 5 6 -8 -9 10 19 11 12 13 20 23 -17 -18 -19 -20 -21 -22 -23 -24 25 -26 26 -28 -29 -30 -31
leaf_value=0.21442820057951473 22.574010078995318 -8.7338726063163925 4.203768514332018 17.025787255800132 -8.9786149859428406 0.90851594070312902 -10.533444733089873 14.265853888147019 -5.3416240749629686 3.9466857822736103 17.985886373974029 15.157966783046724 -0.44639162427221335 -4.3550116353768571 -0.95875419807434081 5.434724742642949 -15.888499704996745 -2.7829790624654311 16.087429666519167 17.567275876012342 -20.236005226048558 6.2804463724295303 -24.620400280952452 -4.877008173883576 16.304912815093996 1.8394080447561949 0.98226946084235722 16.061131575902305 -5.4984340312529589 15.767169725894929
leaf_weight=6938 27 49 76 33 42 1916 27 34 141 120 21 20 10614 65 25 178 24 838 20 29 22 24 20 97 40 81 737 45 49 46
leaf_count=6938 27 49 76 33 42 1916 27 34 141 120 21 20 10614 65 25 178 24 838 20 29 22 24 20 97 40 81 737 45 49 46
internal_value=-3.21195e-11 1.19198 9.01927 0.808254 1.03611 0.774765 0.981969 1.14141 -0.130094 0.419373 -0.440445 -0.360778 -0.391117 -0.415644 -0.36068 0.290443 0.158917 -0.588249 -0.415295 6.59767 -8.3709 -5.91809 -7.7365 1.97027 9.66504 1.49618 2.14148 6.00728 3.4367 6.88411
internal_weight=22398 2204 103 2101 2052 2019 1977 1950 20194 7289 12905 12720 12699 12679 12592 7140 6962 11472 10634 149 87 185 161 1120 65 1055 958 221 176 127
internal_count=22398 2204 103 2101 2052 2019 1977 1950 20194 7289 12905 12720 12699 12679 12592 7140 6962 11472 10634 149 87 185 161 1120 65 1055 958 221 176 127
is_linear=0
shrinkage=0.05


Tree=53
num_leaves=31
num_cat=0
split_feature=5 0 50 225 233 145 191 0 239 190 114 70 52 234 87 241 113 253 261 183 132 274 19 76 288 254 134 71 62 106
split_gain=1.33585e+06 1.20042e+06 1.89852e+06 1.83134e+06 2.8379e+06 1.66974e+06 2.83925e+06 2.19785e+06 2.05453e+06 1.44976e+06 1.89935e+06 1.84049e+06 2.55142e+06 2.12821e+06 2.87165e+06 2.41769e+06 1.84031e+06 1.95208e+06 2.77808e+06 1.70538e+06 1.5868e+06 1.40389e+06 1.33412e+06 1.25512e+06 1.23671e+06 1.23285e+06 1.23272e+06 1.19707e+06 1.13901e+06 1.36957e+06
threshold=216.49402618408206 6126.7500000000009 5894.7500000000009 -26.249999999999996 -748.24999999999989 798.89459228515636 4282.5000000000009 7345.5000000000009 2452.7500000000005 5051.7500000000009 4349.0000000000009 3445.0000000000005 3998.2500000000005 2168.0000000000005 3438.7500000000005 2312.2500000000005 4389.2500000000009 1500.2500000000002 1184.7500000000002 1889.2500000000002 3156.834350585938 2291.0000000000005 471.74104309082037 3882.137084960938 1252.2500000000002 854.75000000000011 2899.7500000000005 603.75000000000011 3583.6083984375005 2873.0000000000005
decision_type=2 2 2 2 2 2 2 2 2 2 2 2 2 2 2 2 2 2 2 2 2 2 2 2 2 2 2 2 2 2
left_child=-1 2 9 -3 -5 7 8 -6 -7 10 11 12 21 14 20 -15 17 19 -19 26 -13 23 -21 24 28 -12 -16 -26 -2 -30
right_child=1 3 -4 4 5 6 -8 -9 -10 -11 25 13 -14 15 16 -17 -18 18 -20 22 -22 -23 -24 -25 27 -27 -28 -29 29 -31
leaf_value=-1.5909676728587758 0.037567624630114475 16.491438645582932 -11.923560913223209 -15.404427254199982 3.2590032435232597 -2.3278951261724745 -11.457317058501706 24.208816600200677 20.064139795303348 13.209486162094842 -2.0414858651161194 2.6308092684888127 -16.61997302926105 25.768687584286649 -9.4219545530236299 5.1485729087482808 8.6474469810724255 14.289039119084677 -9.6467170498587862 -8.3155794858932506 14.149124781718408 10.347107264489839 -24.534475539979482 -7.1355166106927586 -16.964937850407193 -19.597437725067138 7.3334557243755887 -0.082466434297107524 1.7880241785943509 14.471312095790076
leaf_weight=1246 20256 26 33 20 31 21 31 21 20 21 20 67 23 21 23 44 32 27 22 32 54 33 21 61 21 20 21 21 80 29
leaf_count=1246 20256 26 33 20 31 21 31 21 20 21 20 67 23 21 23 44 32 27 22 32 54 33 21 61 21 20 21 21 80 29
internal_value=3.728e-10 0.0937191 0.0598142 4.27837 2.07324 4.89221 -0.0386088 11.7195 8.59505 0.0786911 0.0655151 0.0863596 0.0238556 3.61062 1.82805 11.8105 -2.21197 -4.59211 3.54237 -8.70129 7.77121 0.0425283 -14.7419 0.0259145 0.0473212 -10.8195 -1.42505 -8.5237 0.0649978 5.16248
internal_weight=22398 21152 20982 170 144 124 72 52 41 20949 20928 20888 20524 364 299 65 178 146 49 97 121 20501 53 20468 20407 40 44 42 20365 109
internal_count=22398 21152 20982 170 144 124 72 52 41 20949 20928 20888 20524 364 299 65 178 146 49 97 121 20501 53 20468 20407 40 44 42 20365 109
is_linear=0
shrinkage=0.05


Tree=54
num_leaves=31
num_cat=0
split_feature=288 268 238 227 6 121 85 43 148 226 264 281 289 142 163 53 254 37 138 89 268 275 178 202 208 82 137 162 139 21
split_gain=1.29556e+06 1.40965e+06 1.97493e+06 2.55401e+06 2.58681e+06 2.53178e+06 2.00828e+06 2.06369e+06 1.94119e+06 2.06978e+06 1.99586e+06 1.61126e+06 2.1263e+06 1.44901e+06 1.68375e+06 2.85042e+06 1.98479e+06 3.11727e+06 1.30496e+06 1.3042e+06 1.27066e+06 1.36518e+06 2.11373e+06 1.45865e+06 1.32601e+06 1.87258e+06 1.26615e+06 1.23864e+06 2.18149e+06 1.96448e+06
threshold=120.25000000000001 -618.24999999999989 -817.24999999999989 -120.74999999999999 5517.3454589843759 -3336.4999999999995 -2507.7499999999995 -3457.4999999999995 -2277.7499999999995 -2638.9999999999995 656.75689697265636 317.75000000000006 -463.74999999999994 -1352.7499999999998 2556.5000000000005 5532.6374511718759 -928.24999999999989 -1626.2499999999998 656.75689697265636 504.81159973144537 -1432.2499999999998 -433.24999999999994 -1001.7499999999999 -1367.8222045898435 332.75439453125006 343.32283020019537 2632.922485351563 -1766.9999999999998 -972.79852294921864 -3138.9999999999995
decision_type=2 2 2 2 2 2 2 2 2 2 2 2 2 2 2 2 2 2 2 2 2 2 2 2 2 2 2 2 2 2
left_child=-1 2 3 4 6 -4 7 -2 10 -10 -8 13 -13 -7 15 16 17 -15 19 -14 -11 24 23 -23 -22 -26 -27 28 -3 -29
right_child=1 27 5 -5 -6 11 8 -9 9 20 -12 12 18 14 -16 -17 -18 -19 -20 -21 21 22 -24 -25 25 26 -28 29 -30 -31
leaf_value=-0.42680108768718328 1.9097353285551073 6.2137902395259701 20.286374964032856 -17.8815767288208 17.963407291173933 -2.4813147585435087 0.57282253991473808 -11.893171983212234 -11.193651892009534 6.6544179570895654 22.122849310012093 -6.1202972017485529 9.3947022748320066 22.735258393628257 -8.0024495461407827 21.097656579451129 0.9045338181302518 4.1473469222285626 13.726725483602948 -1.2840810055428364 5.2678331360930493 4.6709494287317446 -2.6099024870456797 23.328012542724611 -16.411472486413043 -0.71673068807971096 -13.447713761102586 -6.0366413226564424 -8.629738847140608 0.1248256282904787
leaf_weight=9912 45 169 21 20 20 166 22 68 38 81 21 29 73 28 34 22 395 116 72 47 63 22 39 20 23 279 21 131 29 10372
leaf_count=9912 45 169 21 20 20 166 22 68 38 81 21 29 73 28 34 22 395 116 72 47 63 22 39 20 23 279 21 131 29 10372
internal_value=3.23542e-09 0.338816 1.6396 -0.243933 0.218998 3.10812 -0.259288 -6.39644 0.843252 0.0908256 11.0973 2.74077 6.49908 1.64933 2.80174 3.45654 2.73649 7.76166 8.40513 5.21218 0.873326 -0.12939 5.77204 13.5553 -1.36777 -2.66202 -1.6079 0.121835 4.03974 0.047976
internal_weight=22398 12486 1785 782 762 1003 742 113 629 586 43 982 221 761 595 561 539 144 192 120 548 467 81 42 386 323 300 10701 198 10503
internal_count=22398 12486 1785 782 762 1003 742 113 629 586 43 982 221 761 595 561 539 144 192 120 548 467 81 42 386 323 300 10701 198 10503
is_linear=0
shrinkage=0.05


Tree=55
num_leaves=31
num_cat=0
split_feature=229 275 239 170 288 239 240 0 138 50 288 229 168 287 62 276 78 278 98 66 50 240 248 292 260 135 262 278 234 173
split_gain=1.24219e+06 1.13793e+06 1.79949e+06 3.18441e+06 1.7588e+06 2.12696e+06 2.3472e+06 1.7369e+06 2.34251e+06 1.90787e+06 1.3238e+06 1.61134e+06 1.29845e+06 2.66229e+06 2.5457e+06 3.41801e+06 2.90162e+06 1.89783e+06 1.54439e+06 1.68351e+06 2.59008e+06 1.83597e+06 1.37265e+06 1.46916e+06 2.89593e+06 2.62091e+06 2.69635e+06 1.28498e+06 1.94779e+06 1.42277e+06
threshold=225.32984924316409 1447.7500000000002 3872.5000000000005 2353.5000000000005 1109.7500000000002 847.75000000000011 2321.5000000000005 6126.7500000000009 1200.0135498046877 5894.7500000000009 614.25000000000011 1039.6253662109377 2804.7500000000005 775.75000000000011 4263.1770019531259 -624.74999999999989 3610.5000000000005 705.22543334960949 4282.0000000000009 3456.2500000000005 3886.0000000000005 575.50000000000011 -1875.4999999999998 1039.6253662109377 -156.24999999999997 -2595.4999999999995 12.250000000000002 858.00915527343761 -817.24999999999989 1039.6253662109377
decision_type=2 2 2 2 2 2 2 2 2 2 2 2 2 2 2 2 2 2 2 2 2 2 2 2 2 2 2 2 2 2
left_child=-1 4 3 -3 7 -6 -7 9 10 12 11 -9 18 14 15 -14 -17 -18 19 20 22 -22 -2 27 -25 -26 -27 -24 -29 -30
right_child=1 2 -4 -5 5 6 -8 8 -10 -11 -12 -13 13 -15 -16 16 17 -19 -20 -21 21 -23 23 24 25 26 -28 28 29 -31
leaf_value=-1.3030050074442614 -4.8051235344674854 12.394095880409768 17.180862121105193 -11.703845359728888 -16.026966740025415 2.6638074210959757 -15.360726829369865 4.324889711858261 18.718385655539375 -13.719898971557619 10.704470766149463 -11.707774324417116 18.756635248093378 18.939014629364014 11.016892641880474 2.0030861562757347 -5.4829970990527768 -23.468919734954838 -11.479192516721529 4.7271009303163742 -3.3649984967474844 -19.299996585505351 0.099302337221651993 21.254467737923065 -13.717883219037738 -8.0754420208930977 14.505225355197224 -14.476530740389954 2.1874982998484658 -9.8112635040283216
leaf_weight=1691 144 29 25 26 36 73 24 42 28 25 32 25 21 25 61 134 55 20 29 192 51 28 19322 24 21 20 39 37 84 35
leaf_count=1691 144 29 25 26 36 73 24 42 28 25 32 25 21 25 61 134 55 20 29 192 51 28 19322 24 21 20 39 37 84 35
internal_value=4.24763e-10 0.106408 6.05813 1.00234 0.0833243 -5.6479 -1.79587 0.120518 5.94968 0.0841701 2.33832 -1.65745 0.101135 3.28122 1.93605 -0.472349 -2.40445 -10.2792 0.050955 0.0676762 0.0225053 -9.01285 0.0586907 0.0944577 6.02141 1.45149 6.85076 0.0628116 -4.4569 -1.34155
internal_weight=22398 20707 80 55 20627 133 97 20494 127 20367 99 67 20342 316 291 230 209 75 20026 19997 19805 79 19726 19582 104 80 59 19478 156 119
internal_count=22398 20707 80 55 20627 133 97 20494 127 20367 99 67 20342 316 291 230 209 75 20026 19997 19805 79 19726 19582 104 80 59 19478 156 119
is_linear=0
shrinkage=0.05


Tree=56
num_leaves=31
num_cat=0
split_feature=281 26 4 283 96 191 142 86 50 111 233 226 22 219 268 262 283 127 212 162 233 13 184 253 273 268 253 282 289 250
split_gain=1.17488e+06 1.53396e+06 1.95696e+06 2.12418e+06 3.11421e+06 2.45713e+06 2.46124e+06 1.25299e+06 1.89227e+06 1.51012e+06 1.4887e+06 2.89822e+06 2.45986e+06 2.3027e+06 2.28075e+06 1.72831e+06 1.50213e+06 1.41396e+06 2.2253e+06 2.01128e+06 2.00619e+06 2.03402e+06 1.78631e+06 1.52835e+06 1.51852e+06 1.88771e+06 1.69571e+06 1.42707e+06 2.81533e+06 2.13361e+06
threshold=307.25000000000006 1480.4058837890627 5813.4748535156259 -363.24999999999994 943.09799194335949 -296.74999999999994 2544.0000000000005 -783.24999999999989 1275.2500000000002 221.68914794921878 -1212.2499999999998 -964.74999999999989 3901.5000000000005 -2102.2499999999995 -300.24999999999994 510.75000000000006 488.25000000000006 1382.7500000000002 -518.74999999999989 1490.2500000000002 -455.74999999999994 -962.05990600585926 -453.24999999999994 1500.2500000000002 687.75000000000011 713.00000000000011 1997.2500000000002 7.2500000000000009 -272.74999999999994 427.52264404296881
decision_type=2 2 2 2 2 2 2 2 2 2 2 2 2 2 2 2 2 2 2 2 2 2 2 2 2 2 2 2 2 2
left_child=1 2 -1 5 -5 -4 -7 8 9 -2 11 12 13 -9 15 16 -12 19 -19 -16 -20 -22 -23 -21 -24 26 -26 -27 29 -29
right_child=7 -3 3 4 -6 6 -8 10 -10 -11 14 -13 -14 -15 17 -17 -18 18 20 23 21 22 24 -25 25 27 -28 28 -30 -31
leaf_value=-0.25292958984387648 1.7308010060184018 -12.598966674804688 -12.551929191589357 4.7566688215732578 28.920989837646484 19.940895562171939 -4.2942323294552898 -17.910943549019951 13.307939895221166 -12.099506750106812 3.5616944960219943 -20.916950142901879 9.5310905825760628 -1.3540280640834856 -0.4674454578479148 15.753890256086985 -6.6560000246533981 10.580480328798295 -8.987036716236787 -3.8304212433695799 16.940976500511169 -12.36297673225403 2.7905052839633493 -16.537220704170966 -3.0247853766284929 -3.1436219642411416 -17.743648303638803 -2.6127992057800293 0.38497253004156179 16.412224045661944
leaf_weight=16080 1503 25 25 40 20 20 22 28 35 20 463 23 36 84 2293 27 39 60 51 100 20 25 675 31 177 134 22 20 244 56
leaf_count=16080 1503 25 25 40 20 20 22 28 35 20 463 23 36 84 2293 27 39 60 51 100 20 25 675 31 177 134 22 20 244 56
internal_value=3.11057e-10 -0.223192 -0.204102 5.97821 12.8114 -0.141096 7.2463 0.587553 1.81334 1.54918 0.173105 -4.40477 -1.83869 -5.49326 0.349534 3.43069 2.76789 -0.0675417 1.14798 -0.811695 0.750538 1.11224 0.87826 -6.83737 1.12753 -0.591471 -4.652 1.18836 3.00238 11.4056
internal_weight=22398 16232 16207 127 60 67 42 6166 1558 1523 4608 171 148 112 4437 529 502 3908 1484 2424 1424 1373 1353 131 1328 653 199 454 320 76
internal_count=22398 16232 16207 127 60 67 42 6166 1558 1523 4608 171 148 112 4437 529 502 3908 1484 2424 1424 1373 1353 131 1328 653 199 454 320 76
is_linear=0
shrinkage=0.05


Tree=57
num_leaves=31
num_cat=0
split_feature=138 271 190 267 170 204 268 273 212 288 289 73 199 136 106 61 283 212 289 233 171 161 275 120 274 86 234 239 212 72
split_gain=1.13126e+06 1.08773e+06 1.02581e+06 2.53644e+06 2.23455e+06 1.8297e+06 1.74339e+06 2.57014e+06 3.06442e+06 2.40077e+06 2.02017e+06 2.43521e+06 1.77475e+06 1.70714e+06 2.67298e+06 2.21647e+06 1.70466e+06 1.69057e+06 1.62999e+06 1.55266e+06 1.45987e+06 2.04361e+06 1.33016e+06 1.29855e+06 1.28971e+06 1.28942e+06 1.21917e+06 1.37976e+06 1.18004e+06 1.26953e+06
threshold=254.89614868164065 368.63206481933599 918.25000000000011 1860.7500000000002 -366.74999999999994 1648.2500000000002 -32.749999999999993 709.00000000000011 -1297.7499999999998 924.75000000000011 -370.74999999999994 -191.74999999999997 -210.24999999999997 5441.0000000000009 2873.0000000000005 447.65977478027349 146.75000000000003 218.75000000000003 -354.24999999999994 -513.74999999999989 1329.0000000000002 1535.0000000000002 129.75000000000003 446.75000000000006 1014.2500000000001 414.75000000000006 1859.7500000000002 1523.5000000000002 47.750000000000007 871.25000000000011
decision_type=2 2 2 2 2 2 2 2 2 2 2 2 2 2 2 2 2 2 2 2 2 2 2 2 2 2 2 2 2 2
left_child=1 -1 3 5 17 -2 7 8 -6 12 11 -8 -10 14 26 -16 -14 -4 -12 22 23 -22 -20 -18 -17 -25 27 -13 29 -21
right_child=2 -3 4 -5 6 -7 10 -9 9 -11 18 13 16 -15 15 24 20 -19 19 28 21 -23 -24 25 -26 -27 -28 -29 -30 -31
leaf_value=-0.72907394908921463 -0.03956127440175846 -9.4645264708333539 17.67031417904478 14.490030488173169 -17.268839154924667 -13.067367497196905 17.825888872146606 19.741200640201569 15.973616185395613 -14.445798145640982 -13.293762627014747 -1.9249016922555473 1.1608232865051598 -9.6087689944675994 -0.80106633504231783 6.1728195552168224 0.18771945723780881 3.4498532660174792 -19.505531482696536 -1.7405308485031128 -8.4660369382185099 5.0701074071853398 -1.8745281758515731 22.330587280273438 19.754449014772071 8.9101109416238842 -8.2812891525102827 10.192829878189984 -0.73087810038426382 11.297374384486398
leaf_weight=3524 14885 36 33 30 21 27 27 20 23 22 26 76 1243 28 36 29 27 57 20 33 34 155 23 25 44 63 41 34 1713 43
leaf_count=3524 14885 36 33 30 21 27 27 20 23 22 26 76 1243 28 36 29 27 57 20 33 34 155 23 25 44 63 41 34 1713 43
internal_value=-2.72939e-09 -0.81741 0.154474 -0.0339304 0.877045 -0.0631497 0.692907 1.92735 1.70647 1.95677 -0.234769 3.46779 2.18662 2.12172 3.385 9.35201 1.98164 8.66402 -0.86249 -0.686064 5.3378 2.63503 -10.075 9.77974 14.359 12.7227 -0.922312 1.82058 -0.460394 5.63618
internal_weight=22398 3560 18838 14942 3896 14912 3806 1633 1613 1592 2173 315 1570 288 260 109 1547 90 1858 1832 304 189 43 115 73 88 151 110 1789 76
internal_count=22398 3560 18838 14942 3896 14912 3806 1633 1613 1592 2173 315 1570 288 260 109 1547 90 1858 1832 304 189 43 115 73 88 151 110 1789 76
is_linear=0
shrinkage=0.05


Tree=58
num_leaves=31
num_cat=0
split_feature=288 268 269 32 253 184 205 281 211 250 213 204 248 211 289 253 232 288 114 155 257 99 81 270 233 162 139 21 226 269
split_gain=1.06994e+06 1.22716e+06 1.77841e+06 1.87236e+06 1.57288e+06 1.68688e+06 1.50051e+06 2.58543e+06 2.23984e+06 1.68932e+06 1.49894e+06 1.41282e+06 1.36214e+06 2.35475e+06 1.28807e+06 1.65383e+06 1.46686e+06 1.28267e+06 1.24017e+06 1.53797e+06 1.54449e+06 1.44509e+06 2.31131e+06 1.34684e+06 1.2141e+06 1.10146e+06 1.99797e+06 1.76932e+06 2.37737e+06 1.29956e+06
threshold=120.25000000000001 -618.24999999999989 -328.74999999999994 -4381.2648925781241 1267.2500000000002 778.75000000000011 -1746.2499999999998 -595.49999999999989 3199.2500000000005 1039.6253662109377 900.75000000000011 -874.74999999999989 711.25000000000011 1880.0000000000002 -631.49999999999989 -432.74999999999994 1126.0000000000002 192.25000000000003 -1261.7499999999998 -1460.2499999999998 606.76919555664074 -530.74999999999989 -1260.4350585937498 -3249.0825195312495 -1301.4999999999998 -1766.9999999999998 -972.79852294921864 -3138.9999999999995 -39.249999999999993 225.75000000000003
decision_type=2 2 2 2 2 2 2 2 2 2 2 2 2 2 2 2 2 2 2 2 2 2 2 2 2 2 2 2 2 2
left_child=-1 2 6 -4 5 17 11 -8 9 12 -7 -2 13 14 15 -9 18 -5 19 23 -21 22 -20 -16 -11 26 -3 28 29 -27
right_child=1 25 3 4 -6 10 7 8 -10 24 -12 -13 -14 -15 16 -17 -18 -19 21 20 -22 -23 -24 -25 -26 27 -28 -29 -30 -31
leaf_value=-0.38786081213682977 -1.5703690216346429 5.88063694626622 19.407499518394474 -0.51591981295700917 17.338501110076905 -16.036839752197267 13.992168905436992 1.0682621343569323 -15.530236644744873 20.126835479736329 1.1222324076720647 -15.052844660622734 10.509167844719357 -14.23992001918646 13.969625031948091 16.146094285288168 -12.582116712842669 6.6225034367804447 -0.30178544256422257 -1.9271695234502357 -12.617664206900249 1.239441164873079 17.377779267963611 0.29259783600767458 2.9135495503743489 -6.4306350731535957 -8.324812560245908 0.10873671438205978 -21.154598875840506 5.3296746943803397
leaf_weight=9912 260 169 20 91 20 20 40 44 20 20 35 21 36 26 24 31 21 204 36 192 41 452 38 72 21 76 29 10372 21 34
leaf_count=9912 260 169 20 91 20 20 40 44 20 20 35 21 36 26 24 31 21 204 36 192 41 452 38 72 21 76 29 10372 21 34
internal_value=3.72078e-09 0.307903 1.52158 4.50642 3.70096 2.92167 0.687107 1.5107 1.04584 1.36038 -5.11743 -2.57796 0.957666 0.605718 1.01159 7.30043 0.473164 4.42048 0.79382 -1.61399 -3.80833 2.29985 8.77691 3.71185 11.3103 0.105454 3.80004 0.0358042 -5.73867 -2.79563
internal_weight=22398 12486 1785 390 370 350 1395 1114 1074 1054 55 281 1013 977 951 75 876 295 855 329 233 526 74 96 41 10701 198 10503 131 110
internal_count=22398 12486 1785 390 370 350 1395 1114 1074 1054 55 281 1013 977 951 75 876 295 855 329 233 526 74 96 41 10701 198 10503 131 110
is_linear=0
shrinkage=0.05


Tree=59
num_leaves=31
num_cat=0
split_feature=5 285 232 282 5 121 61 191 120 55 288 275 162 216 237 227 131 274 168 127 227 2 31 101 190 129 289 5 246 246
split_gain=1.05177e+06 958811 2.28009e+06 1.59611e+06 1.49766e+06 1.32056e+06 2.15361e+06 1.86095e+06 1.0075e+06 1.5669e+06 1.25176e+06 1.18424e+06 1.02395e+06 1.36284e+06 1.74399e+06 1.67792e+06 1.7418e+06 1.61448e+06 1.07863e+06 1.9245e+06 1.74903e+06 1.27814e+06 1.19832e+06 1.31191e+06 1.3037e+06 1.09159e+06 1.05155e+06 954929 2.2242e+06 2.18944e+06
threshold=216.49402618408206 1480.4058837890627 1322.2500000000002 -651.49999999999989 899.23205566406261 5630.5000000000009 666.45263671875011 4282.5000000000009 4950.7500000000009 5643.2695312500009 512.75000000000011 -257.74999999999994 4491.5000000000009 2928.697631835938 2636.8354492187505 2261.5000000000005 454.55718994140631 2291.0000000000005 2804.7500000000005 2708.5000000000005 1492.2500000000002 5118.2500000000009 4534.2500000000009 3806.0000000000005 3164.0000000000005 3327.5000000000005 -91.749999999999986 1109.719909667969 1542.2500000000002 799.50000000000011
decision_type=2 2 2 2 2 2 2 2 2 2 2 2 2 2 2 2 2 2 2 2 2 2 2 2 2 2 2 2 2 2
left_child=-1 5 4 -4 -3 7 -7 8 9 12 -10 -11 13 14 17 26 -17 18 21 -20 -21 22 23 24 25 27 -15 -2 29 -29
right_child=1 2 3 -5 -6 6 -8 -9 10 11 -12 -13 -14 15 -16 16 -18 -19 19 20 -22 -23 -24 -25 -26 -27 -28 28 -30 -31
leaf_value=-1.4117030026956221 0.054954128547069686 -11.036857004960378 4.4207202412865376 23.937095246315003 7.0240308328108361 1.1178273585107592 -20.231422265370689 12.321853797666488 -14.371171965422455 1.3317831425755113 0.85404061211480031 16.282392707237829 -9.6727257940504288 -2.9881590123762169 -11.446701541091457 2.6435778856277468 21.32291721380674 14.255922203063967 13.182793808537861 -3.6330251455307008 9.3919805982174012 -7.8942098968169265 7.6858084566452938 -11.434887434959412 -11.384990806579591 8.8625152873992921 9.4881265441576641 -4.6990453334564863 -15.860715353969605 10.624043489271596
leaf_weight=1246 20166 24 22 20 22 27 21 31 27 27 27 26 27 57 33 24 26 20 43 76 39 51 51 25 25 35 24 94 31 31
leaf_count=1246 20166 24 22 20 22 27 21 31 27 27 27 26 27 57 33 24 26 20 43 76 39 51 51 25 25 35 24 94 31 31
internal_value=-3.44464e-10 0.0831591 5.29138 13.7142 -2.39904 0.0614005 -8.22247 0.0803206 0.0622369 0.0798339 -6.75857 8.66604 0.0580373 0.0706377 0.0384959 5.15444 12.3568 0.0568172 0.0430763 4.15846 0.784151 0.0113716 0.0310795 0.0119493 0.0259897 0.0400032 0.708518 0.0248085 -3.8721 -0.898919
internal_weight=22398 21152 88 42 46 21064 48 21016 20985 20931 54 53 20878 20851 20720 131 50 20687 20667 158 115 20509 20458 20407 20382 20357 81 20322 156 125
internal_count=22398 21152 88 42 46 21064 48 21016 20985 20931 54 53 20878 20851 20720 131 50 20687 20667 158 115 20509 20458 20407 20382 20357 81 20322 156 125
is_linear=0
shrinkage=0.05


end of trees

feature_importances:
Column_285=42
Column_5=37
Column_268=33
Column_288=33
Column_274=32
Column_289=32
Column_226=28
Column_283=22
Column_292=21
Column_47=20
Column_219=20
Column_225=20
Column_234=19
Column_212=18
Column_233=18
Column_257=18
Column_264=18
Column_271=18
Column_282=18
Column_4=17
Column_82=17
Column_239=17
Column_261=17
Column_89=16
Column_145=16
Column_170=16
Column_254=16
Column_260=16
Column_281=16
Column_40=15
Column_96=15
Column_138=15
Column_255=15
Column_276=15
Column_278=15
Column_187=14
Column_191=14
Column_205=14
Column_275=14
Column_12=13
Column_26=13
Column_134=13
Column_54=12
Column_162=12
Column_185=12
Column_267=12
Column_13=11
Column_117=11
Column_120=11
Column_142=11
Column_171=11
Column_177=11
Column_240=11
Column_250=11
Column_253=11
Column_259=11
Column_262=11
Column_269=11
Column_0=10
Column_74=10
Column_113=10
Column_169=10
Column_243=10
Column_246=10
Column_64=9
Column_66=9
Column_190=9
Column_198=9
Column_208=9
Column_211=9
Column_213=9
Column_247=9
Column_273=9
Column_287=9
Column_33=8
Column_68=8
Column_103=8
Column_114=8
Column_129=8
Column_152=8
Column_155=8
Column_176=8
Column_183=8
Column_194=8
Column_242=8
Column_50=7
Column_61=7
Column_72=7
Column_79=7
Column_109=7
Column_135=7
Column_166=7
Column_197=7
Column_199=7
Column_229=7
Column_248=7
Column_2=6
Column_27=6
Column_34=6
Column_43=6
Column_92=6
Column_93=6
Column_121=6
Column_131=6
Column_139=6
Column_163=6
Column_173=6
Column_222=6
Column_232=6
Column_238=6
Column_241=6
Column_266=6
Column_1=5
Column_6=5
Column_19=5
Column_22=5
Column_29=5
Column_45=5
Column_59=5
Column_65=5
Column_71=5
Column_78=5
Column_97=5
Column_99=5
Column_115=5
Column_124=5
Column_149=5
Column_180=5
Column_218=5
Column_20=4
Column_38=4
Column_51=4
Column_52=4
Column_62=4
Column_73=4
Column_85=4
Column_87=4
Column_100=4
Column_101=4
Column_108=4
Column_122=4
Column_127=4
Column_128=4
Column_136=4
Column_148=4
Column_157=4
Column_159=4
Column_164=4
Column_168=4
Column_181=4
Column_184=4
Column_201=4
Column_209=4
Column_215=4
Column_227=4
Column_272=4
Column_9=3
Column_15=3
Column_16=3
Column_17=3
Column_21=3
Column_30=3
Column_36=3
Column_57=3
Column_70=3
Column_80=3
Column_88=3
Column_98=3
Column_106=3
Column_110=3
Column_143=3
Column_160=3
Column_193=3
Column_202=3
Column_204=3
Column_216=3
Column_220=3
Column_231=3
Column_235=3
Column_244=3
Column_252=3
Column_256=3
Column_258=3
Column_270=3
Column_280=3
Column_3=2
Column_10=2
Column_11=2
Column_18=2
Column_24=2
Column_32=2
Column_37=2
Column_44=2
Column_48=2
Column_55=2
Column_58=2
Column_63=2
Column_76=2
Column_77=2
Column_81=2
Column_83=2
Column_86=2
Column_90=2
Column_102=2
Column_107=2
Column_111=2
Column_123=2
Column_126=2
Column_132=2
Column_133=2
Column_154=2
Column_156=2
Column_158=2
Column_161=2
Column_172=2
Column_188=2
Column_189=2
Column_192=2
Column_210=2
Column_217=2
Column_230=2
Column_236=2
Column_237=2
Column_279=2
Column_284=2
Column_291=2
Column_8=1
Column_14=1
Column_25=1
Column_31=1
Column_39=1
Column_41=1
Column_42=1
Column_53=1
Column_60=1
Column_67=1
Column_75=1
Column_94=1
Column_95=1
Column_119=1
Column_137=1
Column_141=1
Column_147=1
Column_150=1
Column_165=1
Column_167=1
Column_178=1
Column_203=1
Column_206=1
Column_223=1
Column_224=1
Column_245=1
Column_249=1
Column_251=1
Column_263=1
Column_265=1
Column_277=1

parameters:
[boosting: gbdt]
[objective: regression]
[metric: l2]
[tree_learner: serial]
[device_type: cpu]
[data_sample_strategy: bagging]
[data: ]
[valid: ]
[num_iterations: 1000]
[learning_rate: 0.05]
[num_leaves: 31]
[num_threads: 0]
[seed: 42]
[deterministic: 1]
[force_col_wise: 0]
[force_row_wise: 0]
[histogram_pool_size: -1]
[max_depth: -1]
[min_data_in_leaf: 20]
[min_sum_hessian_in_leaf: 0.001]
[bagging_fraction: 1]
[pos_bagging_fraction: 1]
[neg_bagging_fraction: 1]
[bagging_freq: 0]
[bagging_seed: 400]
[bagging_by_query: 0]
[feature_fraction: 1]
[feature_fraction_bynode: 1]
[feature_fraction_seed: 30056]
[extra_trees: 0]
[extra_seed: 12879]
[early_stopping_round: 0]
[early_stopping_min_delta: 0]
[first_metric_only: 0]
[max_delta_step: 0]
[lambda_l1: 0]
[lambda_l2: 0]
[linear_lambda: 0]
[min_gain_to_split: 0]
[drop_rate: 0.1]
[max_drop: 50]
[skip_drop: 0.5]
[xgboost_dart_mode: 0]
[uniform_drop: 0]
[drop_seed: 17869]
[top_rate: 0.2]
[other_rate: 0.1]
[min_data_per_group: 100]
[max_cat_threshold: 32]
[cat_l2: 10]
[cat_smooth: 10]
[max_cat_to_onehot: 4]
[top_k: 20]
[monotone_constraints: ]
[monotone_constraints_method: basic]
[monotone_penalty: 0]
[feature_contri: ]
[forcedsplits_filename: ]
[refit_decay_rate: 0.9]
[cegb_tradeoff: 1]
[cegb_penalty_split: 0]
[cegb_penalty_feature_lazy: ]
[cegb_penalty_feature_coupled: ]
[path_smooth: 0]
[interaction_constraints: ]
[verbosity: -1]
[saved_feature_importance_type: 0]
[use_quantized_grad: 0]
[num_grad_quant_bins: 4]
[quant_train_renew_leaf: 0]
[stochastic_rounding: 1]
[linear_tree: 0]
[max_bin: 255]
[max_bin_by_feature: ]
[min_data_in_bin: 3]
[bin_construct_sample_cnt: 200000]
[data_random_seed: 175]
[is_enable_sparse: 1]
[enable_bundle: 1]
[use_missing: 1]
[zero_as_missing: 0]
[feature_pre_filter: 1]
[pre_partition: 0]
[two_round: 0]
[header: 0]
[label_column: ]
[weight_column: ]
[group_column: ]
[ignore_column: ]
[categorical_feature: ]
[forcedbins_filename: ]
[precise_float_parser: 0]
[parser_config_file: ]
[objective_seed: 16083]
[num_class: 1]
[is_unbalance: 0]
[scale_pos_weight: 1]
[sigmoid: 1]
[boost_from_average: 1]
[reg_sqrt: 0]
[alpha: 0.9]
[fair_c: 1]
[poisson_max_delta_step: 0.7]
[tweedie_variance_power: 1.5]
[lambdarank_truncation_level: 30]
[lambdarank_norm: 1]
[label_gain: ]
[lambdarank_position_bias_regularization: 0]
[eval_at: ]
[multi_error_top_k: 1]
[auc_mu_weights: ]
[num_machines: 1]
[local_listen_port: 12400]
[time_out: 120]
[machine_list_filename: ]
[machines: ]
[gpu_platform_id: -1]
[gpu_device_id: -1]
[gpu_device_id_list: ]
[gpu_use_dp: 0]
[num_gpu: 1]

end of parameters

pandas_categorical:null
