tree
version=v4
num_class=1
num_tree_per_iteration=1
label_index=0
max_feature_idx=293
objective=regression
feature_names=Column_0 Column_1 Column_2 Column_3 Column_4 Column_5 Column_6 Column_7 Column_8 Column_9 Column_10 Column_11 Column_12 Column_13 Column_14 Column_15 Column_16 Column_17 Column_18 Column_19 Column_20 Column_21 Column_22 Column_23 Column_24 Column_25 Column_26 Column_27 Column_28 Column_29 Column_30 Column_31 Column_32 Column_33 Column_34 Column_35 Column_36 Column_37 Column_38 Column_39 Column_40 Column_41 Column_42 Column_43 Column_44 Column_45 Column_46 Column_47 Column_48 Column_49 Column_50 Column_51 Column_52 Column_53 Column_54 Column_55 Column_56 Column_57 Column_58 Column_59 Column_60 Column_61 Column_62 Column_63 Column_64 Column_65 Column_66 Column_67 Column_68 Column_69 Column_70 Column_71 Column_72 Column_73 Column_74 Column_75 Column_76 Column_77 Column_78 Column_79 Column_80 Column_81 Column_82 Column_83 Column_84 Column_85 Column_86 Column_87 Column_88 Column_89 Column_90 Column_91 Column_92 Column_93 Column_94 Column_95 Column_96 Column_97 Column_98 Column_99 Column_100 Column_101 Column_102 Column_103 Column_104 Column_105 Column_106 Column_107 Column_108 Column_109 Column_110 Column_111 Column_112 Column_113 Column_114 Column_115 Column_116 Column_117 Column_118 Column_119 Column_120 Column_121 Column_122 Column_123 Column_124 Column_125 Column_126 Column_127 Column_128 Column_129 Column_130 Column_131 Column_132 Column_133 Column_134 Column_135 Column_136 Column_137 Column_138 Column_139 Column_140 Column_141 Column_142 Column_143 Column_144 Column_145 Column_146 Column_147 Column_148 Column_149 Column_150 Column_151 Column_152 Column_153 Column_154 Column_155 Column_156 Column_157 Column_158 Column_159 Column_160 Column_161 Column_162 Column_163 Column_164 Column_165 Column_166 Column_167 Column_168 Column_169 Column_170 Column_171 Column_172 Column_173 Column_174 Column_175 Column_176 Column_177 Column_178 Column_179 Column_180 Column_181 Column_182 Column_183 Column_184 Column_185 Column_186 Column_187 Column_188 Column_189 Column_190 Column_191 Column_192 Column_193 Column_194 Column_195 Column_196 Column_197 Column_198 Column_199 Column_200 Column_201 Column_202 Column_203 Column_204 Column_205 Column_206 Column_207 Column_208 Column_209 Column_210 Column_211 Column_212 Column_213 Column_214 Column_215 Column_216 Column_217 Column_218 Column_219 Column_220 Column_221 Column_222 Column_223 Column_224 Column_225 Column_226 Column_227 Column_228 Column_229 Column_230 Column_231 Column_232 Column_233 Column_234 Column_235 Column_236 Column_237 Column_238 Column_239 Column_240 Column_241 Column_242 Column_243 Column_244 Column_245 Column_246 Column_247 Column_248 Column_249 Column_250 Column_251 Column_252 Column_253 Column_254 Column_255 Column_256 Column_257 Column_258 Column_259 Column_260 Column_261 Column_262 Column_263 Column_264 Column_265 Column_266 Column_267 Column_268 Column_269 Column_270 Column_271 Column_272 Column_273 Column_274 Column_275 Column_276 Column_277 Column_278 Column_279 Column_280 Column_281 Column_282 Column_283 Column_284 Column_285 Column_286 Column_287 Column_288 Column_289 Column_290 Column_291 Column_292 Column_293
feature_infos=[-8401:9002.5] [-7144.5:9177.5] [-9050:8719.5] [-8058.5:8792.5] [-8396.474609375:11022.4248046875] [101.59349060058594:1576.9803466796875] [-7417.57958984375:9075.494140625] [-8057:8795] [-7124:8813.5] [-8706:8383.5] [-7557:8544] [-8345.4296875:10962.525390625] [101.59349060058594:1576.9803466796875] [-7400.572265625:9027.1767578125] [-7555.5:8544] [-7063.5:8860] [-8204.5:8430] [-7120.5:8595] [-8297.8701171875:10908.2998046875] [101.59349060058594:1576.9803466796875] [-7372.33837890625:8967.7509765625] [-7119:8597.5] [-7044:8680] [-8272.5:8208] [-7174:8655.5] [-8251.330078125:10856.150390625] [101.59349060058594:1576.9803466796875] [-7348.216796875:8939.365234375] [-7172.5:8656] [-6999:8737.5] [-8315:8180] [-7134.5:8285] [-8201.509765625:10800.0498046875] [101.59349060058594:1576.9803466796875] [-7322.92431640625:8866.05859375] [-7133:8285] [-7068:8920] [-8405:8227.5] [-7162.5:8527.5] [-8149.22998046875:10745.4501953125] [101.59349060058594:1576.9803466796875] [-7308.34033203125:8667.7353515625] [-7162:8530] [-7087:9197.5] [-7797.5:8475] [-7313.5:9017.5] [-8098.85009765625:10699.125] [101.59349060058594:1576.9803466796875] [-7288.71826171875:8467.078125] [-7312:9017.5] [-7066.5:9270] [-8129.5:8650] [-7749.5:8952.5] [-8049.85498046875:10652.375] [101.59349060058594:1576.9803466796875] [-7273.69873046875:8511.2080078125] [-7748:8952.5] [-6562:9362.5] [-8397:8932.5] [-7845.5:9097.5] [-8004.16015625:10607] [101.59349060058594:1576.9803466796875] [-7190.90771484375:8564.5068359375] [-7844:9100] [-6658:9182.5] [-8493:8497.5] [-7605.5:8915] [-7956.09521484375:10559.4248046875] [101.59349060058594:1576.9803466796875] [-7118.6435546875:8566.142578125] [-7604:8915] [-6760.5:9447.5] [-8253:8725] [-7139.5:9267.5] [-7909.5498046875:10513.5] [101.59349060058594:1576.9803466796875] [-7033.5849609375:8578.9931640625] [-7138:9267.5] [-6678.5:9280] [-7787:8632.5] [-7145.5:8942.5] [-7861.705078125:10467.8251953125] [101.59349060058594:1576.9803466796875] [-6944.62255859375:8612.0390625] [-7144:8945] [-6676:9330] [-7853:8782.5] [-7473:8982.5] [-7810.27490234375:10417.4501953125] [101.59349060058594:1576.9803466796875] [-6878.248046875:8645.7177734375] [-7471.5:8985] [-6501:9215] [-8120.5:8872.5] [-7136.5:9212.5] [-7786.5751953125:10370.25] [101.59349060058594:1576.9803466796875] [-6824.04345703125:8697.2431640625] [-7135:9104.5] [-6427:9262.5] [-7784:8932.5] [-6670.5:9157.5] [-7777.78515625:10325] [101.59349060058594:1576.9803466796875] [-6744.53955078125:8728.17578125] [-6669:9160] [-6241.5:9465] [-7127.5:8980] [-6485:9280] [-7766.68994140625:10284.400390625] [101.59349060058594:1576.9803466796875] [-6677.30859375:8778.341796875] [-6483.5:9282.5] [-6017.5:9950] [-7667.5:9227.5] [-6205.5:9770] [-7754.22021484375:10253.400390625] [101.59349060058594:1576.9803466796875] [-6600.55322265625:8868.4921875] [-6204:9770] [-6015.5:9782.5] [-7840:9135] [-6372:9242.5] [-7721.31494140625:10218] [101.59349060058594:1576.9803466796875] [-6365.27587890625:8902.4931640625] [-6370.5:9242.5] [-5996:9522.5] [-7610:8892.5] [-6676.5:9290] [-7681.73486328125:10174.8251953125] [101.59349060058594:1576.9803466796875] [-6300.216796875:8937.720703125] [-6675:9287.5] [-5951:9500] [-7324:9107.5] [-6620:9317.5] [-7636.759765625:10131.0498046875] [101.59349060058594:1576.9803466796875] [-6274.92431640625:8972.24609375] [-6618.5:9317.5] [-6291.5:9687.5] [-7267.5:9292.5] [-6400.5:9660] [-7593.6298828125:10092.2001953125] [101.59349060058594:1576.9803466796875] [-6260.34033203125:9034.76953125] [-6398.5:9662.5] [-6306:9695] [-6865:9212.5] [-6455.5:9305] [-7549.43994140625:10046.5] [101.59349060058594:1576.9803466796875] [-6240.71826171875:9059.3359375] [-6456.5:9302.5] [-6291:9317.5] [-6635:8520] [-6470:8767.5] [-7499.40478515625:9994.2998046875] [101.59349060058594:1576.9803466796875] [-6225.69873046875:9032.8056640625] [-6471:8770] [-6221.5:8950] [-6602:8300] [-6465:8550] [-7450:9943.0498046875] [101.59349060058594:1576.9803466796875] [-6142.90771484375:8988.9140625] [-6463.5:8552.5] [-6206.5:8710] [-6687.5:7865] [-6450:7970] [-7403.1748046875:9886.349609375] [101.59349060058594:1576.9803466796875] [-6070.6435546875:8896.28515625] [-6448.5:7970] [-5815:8392.5] [-7302.5:7670] [-6037.5:7810] [-7345.0498046875:9838] [101.59349060058594:1576.9803466796875] [-5985.5849609375:8797.5322265625] [-6036:7807.5] [-5733:8102.5] [-6710:7595] [-5979:7767.5] [-7281.53515625:9797.875] [101.59349060058594:1576.9803466796875] [-5896.62255859375:8703.892578125] [-5980:7767.5] [-5766.5:7977.5] [-6285:7492.5] [-5974:7502.5] [-7221.23486328125:9755.599609375] [101.59349060058594:1576.9803466796875] [-5830.248046875:8594.67578125] [-5972.5:7502.5] [-5684.5:7610] [-6102.5:6407.5] [-5930.5:6855] [-7160.7001953125:9705.9501953125] [101.59349060058594:1576.9803466796875] [-5776.04345703125:8436.5234375] [-5931.5:6850] [-5682:6910] [-6327.5:5862.5] [-5925.5:6215] [-7098.35009765625:9645.1748046875] [101.59349060058594:1576.9803466796875] [-5696.53955078125:8234.56640625] [-5924:6215] [-4788:6882.5] [-5955:6075] [-4969:6175] [-7034.10498046875:9579.724609375] [101.59349060058594:1576.9803466796875] [-5629.30859375:8047.3330078125] [-4967.5:6172.5] [-4755.5:6262.5] [-5616.5:4767.5] [-5242.5:5237.5] [-6973.41015625:9497.275390625] [101.59349060058594:1576.9803466796875] [-5552.55322265625:7791.8935546875] [-5242.5:5240] [-4462.5:5702.5] [-6150:5020] [-4890:5280] [-6912.97509765625:9411.1748046875] [101.59349060058594:1576.9803466796875] [-5317.27587890625:7563.53955078125] [-4882.5:5280] [-4235:5595] [-5600:4532.5] [-4937.5:4695] [-6850.96484375:9319.900390625] [101.59349060058594:1576.9803466796875] [-5069.38720703125:7278.4453125] [-4936:4695] [-4035:5857.5] [-5585:4685] [-4640:5227.5] [-6786.6650390625:9237.775390625] [101.59349060058594:1576.9803466796875] [-4798.76123046875:7091.99560546875] [-4647.5:5225] [-4595:5805] [-5747.5:4535] [-4992.5:4540] [-6720.18017578125:9145] [101.59349060058594:1576.9803466796875] [-4532.7373046875:6859.99609375] [-4997.5:4540] [-4230:5297.5] [-5565:4400] [-4490:5147.5] [-6648.26513671875:9058.525390625] [101.59349060058594:1576.9803466796875] [-4290.0791015625:6704.314453125] [-4495:5147.5] [-3637.5:5197.5] [-4972.5:3602] [-3997.5:4675.5] [-6574.80517578125:8967.525390625] [101.59349060058594:1576.9803466796875] [-4022.890380859375:6503.6953125] [-3996:4677] [-3428.5:5622.5] [-4645:4667.5] [-3446.5:5142.5] [-6498.52490234375:8883.125] [101.59349060058594:1576.9803466796875] [-3788.854736328125:6379.9501953125] [-3446.5:5137.5] [-3347:5157.5] [-4635:4878.5] [-3375:5102.5] [-6423.0048828125:8783.7998046875] [101.59349060058594:1576.9803466796875] [-3573.09521484375:6135.181640625] [-3556.5:5103] [-3399:6013.5] [-4097:3127] [-3429:4117.5] [-6346.5400390625:8676.9248046875] [101.59349060058594:1576.9803466796875] [-3299.632080078125:5822.2109375] [-3430.5:4114.5] [0:4883] [-3620:0] none [-6267.39013671875:8548.2998046875] [101.59349060058594:1576.9803466796875] [-2999.66552734375:5292.9189453125]
tree_sizes=2786 2781 2799 2791 2771 2782 2769 2754 2758 2758 2785 2756 2748 2758 2779 2743 2733 2733 2735 2747 2729 2756 2772 2773 2735 2758 2793 2765 2768 2754 2728 2769 2722 2755 2759 2734 2738 2735 2755 2751 2726 2745 2780 2731 2754 2731 2745 2750 2716 2762 2704 2742 2728 2766 2744 2693 2715 2753 2730 2741 2722 2755 2782 2736 2729 2720 2727 2747 2709 2735 2732 2726 2731 2755 2731 2743 2748 2712 2732 2737 2736 2743 2705 2734 2764 2766 2723 2705 2746 2700 2732 2694 2725 2701 2725 2744 2710 2696 2726 2758 2677 2745 2710 2721 2728 2734 2772 2713 2731 2718 2683 2718 2721 2739 2731 2732 2727 2700 2733 2706 2687 2702 2710 2721 2738 2719 2686 2748 2698 2711 2719 2698 2755 2719 2729 2716 2720 2736 2713 2741 2673 2705 2694 2741 2690 2685 2702 2699 2716 2704 2726 2671 2693 2748 2722 2709 2745 2752

Tree=0
num_leaves=31
num_cat=0
split_feature=292 292 256 292 288 292 215 246 227 257 2 26 122 64 208 219 219 268 183 44 68 278 288 225 240 266 288 264 226 40
split_gain=5.45451e+07 1.71016e+07 1.53244e+07 7.31497e+06 3.55016e+06 2.76675e+06 2.6708e+06 2.63714e+06 2.27456e+06 2.13092e+06 1.99743e+06 1.81823e+06 1.54818e+06 1.6722e+06 1.37218e+06 1.23272e+06 1.25063e+06 1.45797e+06 1.42334e+06 1.73478e+06 1.15768e+06 2.53494e+06 1.12195e+06 1.11984e+06 841063 832830 790489 775358 774360 733258
threshold=458.77229309082037 290.09948730468756 4185.3376464843759 630.97421264648449 975.25000000000011 395.13098144531256 904.46777343750011 1007.7500000000001 1939.0000000000002 210.2276306152344 2541.7500000000005 630.97421264648449 2121.0000000000005 1812.2500000000002 485.79940795898443 2654.7500000000005 1368.7500000000002 -486.74999999999994 1323.2500000000002 1913.2500000000002 534.11987304687511 719.73504638671886 215.25000000000003 -439.74999999999994 540.50000000000011 505.25000000000006 120.25000000000001 344.79302978515631 1024.7500000000002 569.17248535156261
decision_type=2 2 2 2 2 2 2 2 2 2 2 2 2 2 2 2 2 2 2 2 2 2 2 2 2 2 2 2 2 2
left_child=1 9 3 8 6 22 20 10 24 -1 14 -12 13 -10 23 16 17 -9 -19 -20 21 -4 27 -5 -2 -26 -7 -3 -24 -22
right_child=2 5 4 7 -6 26 -8 15 12 -11 11 -13 -14 -15 -16 -17 -18 18 19 -21 29 -23 28 -25 25 -27 -28 -29 -30 -31
leaf_value=173.28890984004252 180.22248409739117 176.32598336055563 188.85449404587607 182.92391977555701 210.57649100467427 177.83232795053306 210.07042010803173 204.82541971702523 185.39792002220102 175.13044983722108 187.20039413045336 203.42744343467274 183.57354484517523 205.84416982133337 182.17326342522796 202.05541972656198 185.01961890845621 185.1101330723769 205.65791972215123 186.1643486325429 177.88815810237119 208.9895103472206 177.80964466814754 197.48309817614162 184.39272837291827 180.79130122375156 179.38171870803637 177.36278838211484 181.23294800277819 189.33101497677683
leaf_weight=2288 2914 3767 54 25 35 1343 20 20 20 5012 97 21 80 20 524 20 103 61 25 21 21 22 2296 28 261 417 2127 3459 178 42
leaf_count=2288 2914 3767 54 25 35 1343 20 20 20 5012 97 21 80 20 524 20 103 61 25 21 21 22 2296 28 261 417 2127 3459 178 42
internal_value=177.624 176.494 182.391 181.818 196.16 177.57 192.987 185.745 180.818 174.553 184.161 190.088 187.589 195.621 182.949 190.149 189.114 192.434 190.118 196.759 190.529 194.683 177.137 190.616 180.592 182.178 178.782 176.822 178.056 185.517
internal_weight=25321 20470 4851 4657 194 13170 159 945 3712 7300 695 118 120 40 577 250 230 127 107 46 139 76 9700 53 3592 678 3470 7226 2474 63
internal_count=25321 20470 4851 4657 194 13170 159 945 3712 7300 695 118 120 40 577 250 230 127 107 46 139 76 9700 53 3592 678 3470 7226 2474 63
is_linear=0
shrinkage=1


Tree=1
num_leaves=31
num_cat=0
split_feature=292 292 219 278 45 221 292 138 105 233 257 82 292 156 261 270 227 285 262 110 46 138 134 282 288 270 254 261 289 281
split_gain=4.93275e+07 1.76573e+07 1.17624e+07 6.51518e+06 3.50649e+06 3.24176e+06 3.11832e+06 2.6798e+06 3.7273e+06 2.64739e+06 2.55961e+06 2.0271e+06 1.50276e+06 1.29784e+06 1.13559e+06 1.07387e+06 1.06202e+06 928050 926634 909981 884406 863887 894145 811116 793009 1.48352e+06 768824 1.08555e+06 921289 1.03003e+06
threshold=488.82228088378912 305.51884460449224 2654.7500000000005 904.46777343750011 2625.5000000000005 693.02001953125011 395.13098144531256 719.73504638671886 1047.2500000000002 462.75000000000006 210.2276306152344 521.28231811523449 630.97421264648449 760.50000000000011 -758.24999999999989 3789.8825683593755 1939.0000000000002 517.10519409179699 -622.24999999999989 700.57888793945324 3788.329956054688 661.46316528320324 2820.2500000000005 -16.249999999999996 120.25000000000001 -3993.1350097656245 363.25000000000006 -440.24999999999994 -374.74999999999994 185.25000000000003
decision_type=2 2 2 2 2 2 2 2 2 2 2 2 2 2 2 2 2 2 2 2 2 2 2 2 2 2 2 2 2 2
left_child=1 10 3 9 -4 -5 23 -7 20 12 -1 -6 -2 -14 18 24 26 -18 -11 -13 -9 22 -15 -3 25 -8 27 -16 29 -29
right_child=2 6 4 5 11 7 15 8 -10 14 -12 19 13 21 16 -17 17 -19 -20 -21 -22 -23 -24 -25 -26 -27 -28 28 -30 -31
leaf_value=-4.1098409150519366 2.87104125815421 -0.59962918277760935 5.5203377283754804 1.8952620096331421 18.349995607799954 9.9139510929584507 12.480459099769593 9.2389846835817604 37.209417798442225 6.2342406623810538 -2.1585896898642654 43.622486524581916 4.3290198956763719 5.1359044549285731 1.1718609733401606 12.073275491465694 16.894197972615562 7.8930713113716671 20.54957242378822 28.539537358283997 22.812898962838311 15.742662703990938 15.787225109100342 0.5597783670127997 1.7550381807915021 0.21018260454537258 4.108338840657022 8.3013543087503177 7.4472690290406991 23.617467662266321
leaf_weight=2291 1968 6429 21 43 27 64 25 28 31 20 6309 20 442 93 53 23 36 140 26 20 21 42 25 1971 2831 1680 437 23 161 21
leaf_count=2291 1968 6429 21 43 27 64 25 28 31 20 6309 20 442 93 53 23 36 140 26 20 21 42 25 1971 2831 1680 437 23 161 21
internal_value=1.12441e-08 -0.921869 5.28298 4.85028 23.3479 13.9425 0.243817 17.5399 23.6407 4.36269 -2.67839 28.9357 3.53975 5.72581 6.66909 1.29663 6.26473 9.73421 14.3255 36.081 15.0564 9.58445 7.39254 -0.327582 1.24198 0.390099 5.38613 7.55045 9.19955 15.6113
internal_weight=25321 21559 3762 3674 88 187 12959 144 80 3487 8600 67 2570 602 917 4559 871 176 46 40 49 160 118 8400 4536 1705 695 258 205 44
internal_count=25321 21559 3762 3674 88 187 12959 144 80 3487 8600 67 2570 602 917 4559 871 176 46 40 49 160 118 8400 4536 1705 695 258 205 44
is_linear=0
shrinkage=0.05


Tree=2
num_leaves=31
num_cat=0
split_feature=292 292 219 278 292 283 221 222 138 105 233 257 292 156 273 219 114 270 288 46 257 138 134 217 288 270 78 173 201 275
split_gain=4.4518e+07 1.59888e+07 1.06156e+07 5.87995e+06 3.44298e+06 3.1842e+06 2.92569e+06 2.65519e+06 2.41852e+06 3.36389e+06 2.38927e+06 1.71912e+06 1.35624e+06 1.1713e+06 1.08955e+06 1.06781e+06 1.38898e+06 969168 957433 798176 783711 779658 806966 759839 715690 1.33888e+06 719063 715035 713216 700678
threshold=488.82228088378912 290.09948730468756 2654.7500000000005 904.46777343750011 395.13098144531256 866.25000000000011 693.02001953125011 509.73971557617193 719.73504638671886 1047.2500000000002 462.75000000000006 208.11971282958987 630.97421264648449 760.50000000000011 -780.74999999999989 1699.7500000000002 453.25000000000006 3789.8825683593755 215.25000000000003 3788.329956054688 387.50950622558599 661.46316528320324 2820.2500000000005 -854.74999999999989 120.25000000000001 -3993.1350097656245 -1371.9999999999998 370.71365356445318 797.33575439453136 -1131.2499999999998
decision_type=2 2 2 2 2 2 2 2 2 2 2 2 2 2 2 2 2 2 2 2 2 2 2 2 2 2 2 2 2 2
left_child=1 11 3 10 18 7 -5 -4 29 19 12 -1 23 -14 -12 -16 -17 24 27 -10 -18 22 -15 -2 25 -6 -26 -3 -23 -8
right_child=2 4 5 6 17 -7 8 -9 9 -11 14 -13 13 21 15 16 20 -19 -20 -21 -22 28 -24 -25 26 -27 -28 -29 -30 -31
leaf_value=-3.9508711463212971 4.2038991218963204 -1.0661943643376632 6.3519362084567552 1.8004988522030587 11.85643610572815 38.654157985340468 2.4332385112410009 26.418621993766113 8.7770350856440409 35.348947291220391 17.328478310324929 -2.2764972602500202 4.1125688128611619 4.8791092656632911 5.0853910780909359 21.332889048258465 16.70036372271451 11.469611823040507 0.41480818418763343 21.672254062834241 6.6876743576015745 21.789169836044312 14.997863877654076 2.0737122780045283 -0.63868859714230164 0.19967345118212204 1.9426538114280936 -0.00015840771299760305 8.7431291883642022 13.336676406278844
leaf_weight=2190 604 4912 32 43 25 22 23 34 28 31 22 5110 442 93 677 21 22 23 2474 21 175 20 25 1364 302 1680 2529 2314 22 41
leaf_count=2190 604 4912 32 43 25 22 23 34 28 31 22 5110 442 93 677 21 22 23 2474 21 175 20 25 1364 302 1680 2529 2314 22 41
internal_value=7.95228e-09 -0.875775 5.01883 4.60777 0.0984973 22.1805 13.2454 16.6893 16.6629 22.4586 4.14456 -2.77881 3.36276 5.43952 6.33564 6.06542 9.10891 1.23179 -0.434152 14.3036 7.80584 9.10522 7.02291 2.72749 1.17988 0.370594 1.66729 -0.724815 14.9555 9.41825
internal_weight=25321 21559 3762 3674 14259 88 187 66 144 80 3487 7300 2570 602 917 895 218 4559 9700 49 197 160 118 1968 4536 1705 2831 7226 42 64
internal_count=25321 21559 3762 3674 14259 88 187 66 144 80 3487 7300 2570 602 917 895 218 4559 9700 49 197 160 118 1968 4536 1705 2831 7226 42 64
is_linear=0
shrinkage=0.05


Tree=3
num_leaves=31
num_cat=0
split_feature=292 292 256 292 288 240 215 292 233 2 117 264 166 131 215 68 278 288 114 25 40 126 12 275 288 281 289 156 156 249
split_gain=4.02681e+07 1.26455e+07 1.14444e+07 5.49769e+06 2.71499e+06 2.1995e+06 2.10036e+06 2.03107e+06 1.74688e+06 1.68464e+06 2.10879e+06 1.55938e+06 1.54993e+06 1.45344e+06 1.24865e+06 1.01681e+06 2.06263e+06 973493 924230 812168 1.47764e+06 805875 1.48036e+06 693162 690274 1.04575e+06 778775 726023 965489 653038
threshold=458.77229309082037 290.09948730468756 4185.3376464843759 630.97421264648449 975.25000000000011 113.25000000000001 904.46777343750011 371.72151184082037 1759.7500000000002 2541.7500000000005 719.73504638671886 205.61324310302737 383.66744995117193 464.88946533203131 453.82820129394537 534.11987304687511 719.73504638671886 120.25000000000001 -1632.7499999999998 5235.9150390625009 467.53538513183599 1888.2500000000002 661.46316528320324 33.250000000000007 217.75000000000003 -23.749999999999996 -183.74999999999997 -883.74999999999989 -1425.4999999999998 -666.05999755859364
decision_type=2 2 2 2 2 2 2 2 2 2 2 2 2 2 2 2 2 2 2 2 2 2 2 2 2 2 2 2 2 2
left_child=1 11 3 8 6 9 15 -3 19 14 -11 -1 -7 -10 -5 16 -4 -9 -14 24 -21 -20 23 -23 26 27 -2 28 -26 -28
right_child=2 7 4 5 -6 12 -8 17 13 10 -12 -13 18 -15 -16 -17 -18 -19 21 20 -22 22 -24 -25 25 -27 29 -29 -30 -31
leaf_value=-3.7928969266922365 2.4620506699841345 -0.56063764672735938 9.6756539488280282 14.29164635230755 28.601900416782925 23.310607671737671 28.369499731063843 -0.12771092693309596 5.7203432896862862 6.5381752164332898 21.809612531960013 -2.176709407350383 19.881976341009143 19.791746047973632 3.6233835024501495 6.3427137374877933 27.838285260850736 1.2485358180652355 6.3675375286810443 -0.14110923687616983 14.883868649270802 4.4207788833757728 23.939029187247868 13.361573808607847 7.1143941896302367 2.8322948575172933 2.7746958842553662 3.7312492195246878 19.928402069636757 -0.89167736218881244
leaf_weight=2092 1389 7800 54 29 35 22 20 2129 69 77 32 5208 20 25 506 63 22 3241 151 30 36 41 21 46 49 1460 177 69 21 387
leaf_count=2092 1389 7800 54 29 35 22 20 2129 69 77 32 5208 20 25 506 63 22 3241 151 30 36 41 21 46 49 1460 177 69 21 387
internal_value=2.22806e-08 -0.97066 4.09594 3.60026 15.9947 7.00509 13.2196 -0.045434 2.73347 5.35596 11.0215 -2.63987 10.5335 9.46274 4.20166 11.0397 14.9333 0.702907 9.52596 2.55863 8.05433 8.72626 12.0241 9.1481 2.45651 3.22683 1.82582 7.37092 10.9586 0.25894
internal_weight=25321 20470 4851 4657 194 945 159 13170 3712 644 109 7300 301 94 535 139 76 5370 279 3618 66 259 108 87 3552 1599 1953 139 70 564
internal_count=25321 20470 4851 4657 194 945 159 13170 3712 644 109 7300 301 94 535 139 76 5370 279 3618 66 259 108 87 3552 1599 1953 139 70 564
is_linear=0
shrinkage=0.05


Tree=4
num_leaves=31
num_cat=0
split_feature=292 292 219 278 45 221 292 152 20 227 292 82 169 92 12 95 282 270 197 131 277 78 144 128 33 217 288 82 292 227
split_gain=3.641e+07 1.30997e+07 8.90361e+06 4.86981e+06 2.82806e+06 2.46114e+06 2.31268e+06 2.15977e+06 2.85005e+06 2.01919e+06 1.91329e+06 1.64084e+06 1.20469e+06 1.95688e+06 1.208e+06 962669 951848 937642 920042 863255 1.10781e+06 1.65029e+06 855434 794584 787602 765714 733554 663829 656915 622744
threshold=488.82228088378912 305.51884460449224 2654.7500000000005 904.46777343750011 2625.5000000000005 693.02001953125011 400.76577758789068 744.84381103515636 3402.420043945313 570.25000000000011 232.83744812011722 521.28231811523449 -371.74999999999994 -1413.9999999999998 309.17239379882818 4655.6149902343759 -387.74999999999994 3789.8825683593755 -306.24999999999994 644.34121704101574 1164.539978027344 877.75000000000011 4601.5976562500009 2034.0000000000002 630.97421264648449 -854.74999999999989 136.75000000000003 314.15959167480474 661.46316528320324 1939.0000000000002
decision_type=2 2 2 2 2 2 2 2 2 2 2 2 2 2 2 2 2 2 2 2 2 2 2 2 2 2 2 2 2 2
left_child=1 10 3 9 -4 -5 26 22 18 15 -1 -6 -11 -14 23 25 -17 -8 -9 29 21 -21 -7 -15 -13 -2 27 -3 -27 -16
right_child=2 6 4 5 11 7 17 8 -10 12 -12 24 13 14 19 16 -18 -19 -20 20 -22 -23 -24 -25 -26 28 -28 -29 -30 -31
leaf_value=-3.2052097965381776 3.9376670398557638 -1.7570446153402495 4.2455876441228959 1.5261138838390973 15.750204879266244 14.52292545191173 1.1288754246614789 5.3378605524698894 32.786570574442543 -1.0490233001424307 -1.6871431141792996 38.718772754669196 21.354784584045412 19.711401600163917 3.8087087370571511 15.529281662250387 4.1429599534273143 11.478604908422991 18.983331623077394 7.1264119863510134 5.9275380436255007 25.668529782295231 2.8334508149282023 7.9937818227670139 24.686647901535036 1.591135494229353 0.23111801198220794 -0.34737974248357262 4.6713259509695115 7.5888101537411039
leaf_weight=3500 811 1096 21 43 27 29 4137 21 30 67 5100 20 20 23 673 29 50 22 30 30 147 20 34 39 20 1247 4195 3509 201 130
leaf_count=3500 811 1096 21 43 27 29 4137 21 30 67 5100 20 20 23 673 29 50 22 30 30 147 20 34 39 20 1247 4195 3509 201 130
internal_value=2.84196e-08 -0.792018 4.53884 4.16238 20.2559 12.0231 0.212019 15.1576 20.5579 3.74083 -2.30496 25.2741 5.45714 5.86001 5.56821 2.89736 8.32275 1.18362 13.3646 5.14832 8.11427 14.5433 8.21432 12.3406 31.7027 2.70763 -0.247175 -0.682883 2.0187 4.42068
internal_weight=25321 21559 3762 3674 88 187 12959 144 81 3487 8600 67 1149 1082 1062 2338 79 4159 51 1000 197 50 63 62 40 2259 8800 4605 1448 803
internal_count=25321 21559 3762 3674 88 187 12959 144 81 3487 8600 67 1149 1082 1062 2338 79 4159 51 1000 197 50 63 62 40 2259 8800 4605 1448 803
is_linear=0
shrinkage=0.05


Tree=5
num_leaves=31
num_cat=0
split_feature=292 292 256 292 289 240 5 183 288 233 2 117 166 285 131 215 288 280 114 288 241 25 40 82 126 236 194 268 288 96
split_gain=3.28748e+07 1.03495e+07 9.45647e+06 4.5193e+06 2.39769e+06 1.86801e+06 1.72165e+06 1.56896e+06 2.14406e+06 1.47048e+06 1.41003e+06 1.7336e+06 1.40711e+06 1.34899e+06 1.28446e+06 1.12193e+06 988259 914180 843970 831895 812794 699694 1.32763e+06 689668 1.00901e+06 1.60477e+06 741167 663774 607722 749166
threshold=458.77229309082037 290.09948730468756 4185.3376464843759 630.97421264648449 -837.24999999999989 100.25000000000001 390.44796752929693 1767.0000000000002 975.25000000000011 1759.7500000000002 2541.7500000000005 719.73504638671886 405.07177734375006 191.26811218261722 464.88946533203131 453.82820129394537 272.75000000000006 462.75000000000006 -1632.7499999999998 120.25000000000001 465.25000000000006 5235.9150390625009 467.53538513183599 575.74453735351574 1888.2500000000002 679.19335937500011 679.19335937500011 -522.24999999999989 202.25000000000003 290.36508178710943
decision_type=2 2 2 2 2 2 2 2 2 2 2 2 2 2 2 2 2 2 2 2 2 2 2 2 2 2 2 2 2 2
left_child=1 13 3 9 -4 10 16 -6 17 21 15 -12 -7 -1 -11 -5 -3 27 -14 -8 -21 28 -23 -20 26 -26 -25 -9 29 -2
right_child=2 6 4 5 7 12 19 8 -10 14 11 -13 18 -15 -16 -17 -18 -19 23 20 -22 22 -24 24 25 -27 -28 -29 -30 -31
leaf_value=-3.6700183990090154 8.4332359801500285 -0.71004132959575128 27.513506479263306 13.307687154309503 24.901385561625162 19.845788132349654 0.001836528151835457 3.7533969402313234 23.253006392258868 5.1202629725138351 5.9222202667942305 19.768625950813295 18.328929286003113 -2.0270162663113394 18.348421852111816 3.1936006187503905 0.66889348041214791 2.437968601859533 4.5824927893388177 0.83553542119645341 2.9118229146996626 -0.36332464337348941 13.878584691964917 14.552400608857475 7.7057936268193394 25.75136441317472 4.4408086754180287 14.700914346906874 2.8860930032302621 1.4285853472862549
leaf_weight=1600 39 7029 30 29 21 30 2053 20 26 69 77 32 20 5700 25 503 1594 52 106 1863 631 30 36 24 28 22 74 45 1715 1798
leaf_count=1600 39 7029 30 29 21 30 2053 20 26 69 77 32 20 5700 25 503 1594 52 106 1863 631 30 36 24 28 22 74 45 1715 1798
internal_value=-2.1573e-09 -0.877037 3.70088 3.2503 14.517 6.33733 -0.04001 12.1396 10.2655 2.46441 4.80641 9.98722 9.56535 -2.38713 8.63839 3.74493 -0.455139 7.37935 8.43975 0.747247 1.36085 2.304 7.40499 7.66108 9.86601 15.6458 6.91712 11.3324 2.20922 1.5773
internal_weight=25321 20470 4851 4657 194 945 13170 164 143 3712 641 109 304 7300 94 532 8623 117 274 4547 2494 3618 66 254 148 50 98 65 3552 1837
internal_count=25321 20470 4851 4657 194 945 13170 164 143 3712 641 109 304 7300 94 532 8623 117 274 4547 2494 3618 66 254 148 50 98 65 3552 1837
is_linear=0
shrinkage=0.05


Tree=6
num_leaves=31
num_cat=0
split_feature=292 292 219 278 82 23 221 292 159 92 227 292 169 92 12 270 254 255 288 114 114 131 277 86 124 240 211 282 117 138
split_gain=2.97981e+07 1.07178e+07 7.45602e+06 4.06468e+06 2.48395e+06 2.4242e+06 2.08193e+06 1.93084e+06 1.92654e+06 2.13412e+06 1.68712e+06 1.59991e+06 1.05603e+06 1.76845e+06 1.01777e+06 811425 787451 1.00394e+06 775744 1.11251e+06 742452 727218 994646 1.48677e+06 709836 671964 653588 650810 592906 651420
threshold=488.82228088378912 305.51884460449224 2654.7500000000005 904.46777343750011 521.28231811523449 4386.2500000000009 693.02001953125011 400.76577758789068 719.73504638671886 2028.5000000000002 570.25000000000011 227.5479431152344 -371.74999999999994 -1413.9999999999998 309.17239379882818 3789.8825683593755 -1139.2499999999998 -758.74999999999989 160.25000000000003 -1197.2499999999998 2367.0000000000005 644.34121704101574 1164.539978027344 114.25000000000001 399.78958129882818 -108.74999999999999 695.25000000000011 -25.249999999999996 581.48425292968761 434.61401367187506
decision_type=2 2 2 2 2 2 2 2 2 2 2 2 2 2 2 2 2 2 2 2 2 2 2 2 2 2 2 2 2 2
left_child=1 11 3 10 24 -6 -5 27 25 -10 16 -1 -12 -14 20 -9 17 26 -19 -20 -15 28 23 -23 -4 -8 -2 -3 29 -16
right_child=2 7 4 6 5 -7 8 15 9 -11 12 -13 13 14 21 -17 -18 18 19 -21 -22 22 -24 -25 -26 -27 -28 -29 -30 -31
leaf_value=-2.9709171542188852 2.968115604269431 -0.473219434785418 15.947371129989627 1.2886778753857282 13.941898416389121 36.493485876230089 11.734557427678791 1.0285228269603437 12.724822116302233 28.927775352231919 -1.1461864788140825 -1.5600221310104763 20.052426140308384 18.386354504460876 2.3753267929897652 10.656486568667674 2.0856538780439791 3.9845452672556827 21.759870178862052 6.1936046560605371 7.0596431793310703 6.1367534275712643 5.309900099404004 23.605739080338253 2.6260012340545655 0.57173348298439619 12.199580090045929 0.52576749729098604 0.91465872953866278 5.6851331276893617
leaf_weight=3200 464 6639 20 43 22 26 28 4137 59 31 67 5400 20 23 222 22 1770 38 22 24 39 29 147 21 20 26 20 2161 131 450
leaf_count=3200 464 6639 20 43 22 26 28 4137 59 31 67 5400 20 23 222 22 1770 38 22 24 39 29 147 21 20 26 20 2161 131 450
internal_value=-5.20425e-09 -0.716505 4.1061 3.7616 18.4889 26.1573 10.9432 0.191675 13.8261 18.3058 3.37647 -2.08501 4.94531 5.32251 5.04511 1.07945 2.60547 4.22531 9.27115 13.6383 11.2615 4.65969 7.38194 13.4737 9.28669 6.35986 3.34958 -0.2279 3.99185 4.59171
internal_weight=25321 21559 3762 3674 88 48 187 12959 144 90 3487 8600 1149 1082 1062 4159 2338 568 84 46 62 1000 197 50 40 54 484 8800 803 672
internal_count=25321 21559 3762 3674 88 48 187 12959 144 90 3487 8600 1149 1082 1062 4159 2338 568 84 46 62 1000 197 50 40 54 484 8800 803 672
is_linear=0
shrinkage=0.05


Tree=7
num_leaves=31
num_cat=0
split_feature=292 292 219 264 41 283 138 176 285 292 204 257 25 292 229 191 13 288 250 51 163 5 36 253 254 89 250 203 83 219
split_gain=2.68928e+07 9.67282e+06 6.72906e+06 3.6921e+06 2.71094e+06 2.36316e+06 2.04198e+06 3.21177e+06 1.89095e+06 1.74879e+06 1.58165e+06 1.48301e+06 1.18168e+06 990668 1.64725e+06 891760 889410 786318 767458 691895 688324 680614 861241 665482 1.08856e+06 1.29482e+06 658294 739334 744788 652407
threshold=488.82228088378912 305.51884460449224 2654.7500000000005 904.46777343750011 1329.3679199218752 866.25000000000011 719.73504638671886 907.25000000000011 661.46316528320324 395.13098144531256 2032.7500000000002 210.2276306152344 5235.9150390625009 630.97421264648449 464.60691833496099 1034.5000000000002 3188.551635742188 306.25000000000006 303.42852783203131 -512.24999999999989 3764.0000000000005 562.74551391601574 3103.0000000000005 -180.74999999999997 -379.74999999999994 495.52513122558599 421.32415771484381 1946.0000000000002 5001.1174316406259 416.75000000000006
decision_type=2 2 2 2 2 2 2 2 2 2 2 2 2 2 2 2 2 2 2 2 2 2 2 2 2 2 2 2 2 2
left_child=1 11 3 10 19 8 29 16 -4 23 12 -1 13 -2 -15 -14 -8 21 -11 -5 -10 -12 -23 -3 25 -25 -19 -28 -29 -6
right_child=2 9 5 4 6 -7 7 -9 20 18 17 -13 15 14 -16 -17 -18 26 -20 -21 -22 22 -24 24 -26 -27 27 28 -30 -31
leaf_value=-3.0703397962672452 2.1701269198688578 -1.0300900867738683 0.86497017578645186 5.8624945050961266 11.702327292306084 31.756156765330925 6.2785049219131475 35.530819387021275 12.273504084632512 9.0784922673784454 1.9684643901245935 -1.5850932709545602 5.0557320155321612 17.537269921924757 3.9051870340963171 15.651165704069468 19.902598729340927 14.471005406099207 0.91860571989764939 -5.1808592029239824 24.793933623770009 16.073904161019758 1.9177422727857316 1.1974540370074886 -0.2640952289308065 10.505442143097902 13.765669493241743 4.2719625889629755 14.355912512824649 0.71425850716504191
leaf_weight=2291 2350 2046 22 37 35 22 25 23 21 29 140 6309 63 23 607 29 23 34 4530 23 23 22 21 890 5425 39 33 143 21 22
leaf_count=2291 2350 2046 22 37 35 22 25 23 21 29 140 6309 63 23 607 29 23 34 4530 23 23 22 21 890 5425 39 33 143 21 22
internal_value=-2.20633e-09 -0.68068 3.90079 3.57352 10.3988 17.5644 14.5096 20.168 12.8338 0.182092 3.20543 -1.98076 2.81445 2.64215 4.40287 8.3956 12.8067 6.10659 0.970511 1.62921 18.8183 3.65838 9.16043 -0.245814 0.00672485 1.58821 8.04609 6.93722 5.5632 7.46132
internal_weight=25321 21559 3762 3674 188 88 128 71 66 12959 3486 8600 3072 2980 630 92 48 414 4559 60 44 183 43 8400 6354 929 231 197 164 57
internal_count=25321 21559 3762 3674 188 88 128 71 66 12959 3486 8600 3072 2980 630 92 48 414 4559 60 44 183 43 8400 6354 929 231 197 164 57
is_linear=0
shrinkage=0.05


Tree=8
num_leaves=31
num_cat=0
split_feature=292 292 256 292 289 236 121 5 288 246 233 149 292 285 107 114 279 37 149 281 247 288 47 29 288 197 201 75 204 274
split_gain=2.42966e+07 7.69771e+06 7.12013e+06 3.42956e+06 1.88379e+06 1.59106e+06 1.47608e+06 1.42342e+06 1.34395e+06 1.2477e+06 1.1813e+06 1.13856e+06 1.04726e+06 922250 846138 1.12025e+06 1.2756e+06 1.02368e+06 928157 857344 837560 831667 736180 729353 718395 749101 881799 656252 911630 969174
threshold=458.77229309082037 290.09948730468756 4185.3376464843759 630.97421264648449 -837.24999999999989 428.65463256835943 1647.0000000000002 390.44796752929693 1092.7500000000002 954.25000000000011 1759.7500000000002 1504.7500000000002 188.13775634765628 1012.183807373047 -1438.9999999999998 611.25000000000011 876.14639282226574 1535.2500000000002 2128.5000000000005 669.75000000000011 1268.0000000000002 272.75000000000006 418.37670898437506 1585.7500000000002 120.25000000000001 1102.7500000000002 501.99871826171881 700.57888793945324 3573.7500000000005 782.75000000000011
decision_type=2 2 2 2 2 2 2 2 2 2 2 2 2 2 2 2 2 2 2 2 2 2 2 2 2 2 2 2 2 2
left_child=1 12 3 10 -4 -5 -6 21 27 13 -2 -12 -1 -7 -11 -16 -17 19 -19 -18 -20 -3 -13 -15 -9 -26 -27 28 29 -8
right_child=2 7 4 5 6 9 8 24 -10 14 11 22 -14 23 15 16 17 18 20 -21 -22 -23 -24 -25 25 26 -28 -29 -30 -31
leaf_value=-3.2339298973251758 1.9622351221466872 -0.64340796336760908 24.086807836294174 16.810272636413575 22.51100329756737 3.4554265811074902 11.089238690775495 -0.0089705716755061529 20.60639153003693 17.283999737449317 18.224582533836365 0.77544320636325414 -1.7517592370000927 5.0318303091185435 1.2341218714056346 19.251490056073223 21.428566706180575 -0.34961863855520886 3.8774560969451382 6.7883525085449223 16.989014080592565 0.62157004795409976 10.991250852058675 17.048416500506193 0.90848811045531397 2.7459119097379308 12.882891115027926 -1.6584606957435608 17.818204112052918 0.20466985702514651
leaf_weight=1500 3618 7029 30 30 22 618 43 2053 20 23 20 45 5800 28 58 27 20 48 29 20 21 1594 29 23 2152 319 23 20 20 39
leaf_count=1500 3618 7029 30 30 22 618 43 2053 20 23 20 45 5800 28 58 27 20 48 29 20 21 1594 29 23 2152 319 23 20 20 39
internal_value=-1.45811e-09 -0.753978 3.1816 2.79062 12.567 5.47983 10.4597 -0.0321055 8.59255 5.10834 2.10601 7.63971 -2.05631 3.98873 8.15314 7.2114 9.3125 7.36791 4.61667 14.1085 9.38431 -0.409571 4.77894 10.4511 0.683726 1.25394 3.42764 6.62307 8.2469 5.91243
internal_weight=25321 20470 4851 4657 194 945 164 13170 142 915 3712 94 7300 669 246 223 165 138 98 40 50 8623 74 51 4547 2494 342 122 102 82
internal_count=25321 20470 4851 4657 194 945 164 13170 142 915 3712 94 7300 669 246 223 165 138 98 40 50 8623 74 51 4547 2494 342 122 102 82
is_linear=0
shrinkage=0.05


Tree=9
num_leaves=31
num_cat=0
split_feature=292 292 34 246 289 292 147 264 110 86 229 292 25 236 223 20 82 40 71 144 83 50 234 240 288 231 117 206 287 187
split_gain=2.20199e+07 7.90716e+06 5.67276e+06 2.66573e+06 2.38415e+06 1.73256e+06 1.53885e+06 1.49998e+06 1.43466e+06 1.38706e+06 1.25687e+06 1.24795e+06 1.0679e+06 946154 852248 1.54271e+06 1.01918e+06 837552 809000 738263 916747 769543 729480 726851 699651 711381 690024 1.04901e+06 958828 650694
threshold=488.82228088378912 305.51884460449224 5174.9631347656259 2043.7500000000002 -722.24999999999989 630.97421264648449 1475.2500000000002 398.03488159179693 587.72634887695324 4538.2500000000009 423.01385498046881 232.83744812011722 5235.9150390625009 679.19335937500011 436.31764221191412 3402.420043945313 601.57815551757824 467.53538513183599 477.75000000000006 3815.920043945313 1959.098327636719 1075.2500000000002 201.25000000000003 555.75000000000011 197.75000000000003 940.25000000000011 517.10519409179699 1777.0000000000002 155.25000000000003 553.73107910156261
decision_type=2 2 2 2 2 2 2 2 2 2 2 2 2 2 2 2 2 2 2 2 2 2 2 2 2 2 2 2 2 2
left_child=1 11 3 5 -4 12 -5 24 9 -6 -7 -1 -2 -8 15 18 26 -14 22 20 21 -18 -12 -9 -3 -26 27 28 29 -16
right_child=2 7 4 6 8 10 13 23 -10 -11 14 -13 17 -15 16 -17 19 -19 -20 -21 -22 -23 -24 -25 25 -27 -28 -29 -30 -31
leaf_value=-2.5184366596358965 2.0722710996176743 -0.54483989119000686 29.444601471527761 21.412043207341977 8.3158921155062586 14.671328929162796 5.7433885550519959 0.66345652428406554 3.2296946959062058 26.281045893260412 3.0256422283519218 -1.2924140027992284 0.29344642907381058 16.118069296616778 10.405642889527714 14.027030127843222 15.049153795242312 12.725192022323609 -0.24225954082996948 3.3769675958156586 18.464916218817233 5.155696023347085 10.57228563991753 2.5692588729858401 0.072229205399455404 2.2319751419850666 1.1674203087430481 -1.1653867702330314 17.362685859203339 -0.34730239311854044
leaf_weight=3500 2507 5672 23 22 22 31 142 3851 33 21 238 5100 20 26 34 30 30 42 184 40 32 57 37 575 2408 453 109 31 27 24
leaf_count=3500 2507 5672 23 22 22 31 142 3851 33 21 238 5100 20 26 34 30 30 42 184 40 32 57 37 575 2408 453 109 31 27 24
internal_value=-2.3501e-09 -0.615931 3.52974 3.21054 15.34 2.89505 8.97735 0.164131 11.0715 17.0896 4.77765 -1.79138 2.23258 7.34899 4.42633 3.04195 6.18926 8.71495 2.32397 9.25349 11.2288 8.56723 4.04101 0.911047 -0.223288 0.414195 4.02387 6.70795 9.5794 5.95615
internal_weight=25321 21559 3762 3663 99 3473 190 12959 76 43 904 8600 2569 168 873 489 384 62 459 159 119 87 275 4426 8533 2861 225 116 85 58
internal_count=25321 21559 3762 3663 99 3473 190 12959 76 43 904 8600 2569 168 873 489 384 62 459 159 119 87 275 4426 8533 2861 225 116 85 58
is_linear=0
shrinkage=0.05


Tree=10
num_leaves=31
num_cat=0
split_feature=292 256 292 292 288 183 289 236 288 240 292 41 274 223 240 2 254 264 245 260 280 285 289 246 198 194 226 276 93 212
split_gain=1.98847e+07 6.57224e+06 5.49777e+06 3.39113e+06 1.56311e+06 1.65721e+06 1.46135e+06 1.34339e+06 1.11802e+06 1.07135e+06 1.05433e+06 1.47736e+06 1.01395e+06 1.00795e+06 944783 922595 886019 800536 766391 757302 756410 748906 698788 665253 1.02601e+06 645468 1.16964e+06 933085 760325 749155
threshold=430.37890625000006 4185.3376464843759 278.50502014160162 630.97421264648449 975.25000000000011 1767.0000000000002 -837.24999999999989 428.65463256835943 215.25000000000003 540.50000000000011 904.46777343750011 1329.3679199218752 1113.7500000000002 2253.4746093750005 100.25000000000001 2444.5000000000005 -1139.2499999999998 347.67938232421881 462.25000000000006 -115.74999999999999 452.75000000000006 188.13775634765628 -239.74999999999997 -97.249999999999986 278.75000000000006 485.88380432128912 1274.2500000000002 200.25000000000003 642.25000000000011 631.25000000000011
decision_type=2 2 2 2 2 2 2 2 2 2 2 2 2 2 2 2 2 2 2 2 2 2 2 2 2 2 2 2 2 2
left_child=2 3 21 9 5 -3 -7 -5 17 16 14 -12 13 15 23 -13 19 -4 -10 -2 -8 -1 -21 24 -9 -11 29 -28 -29 -27
right_child=1 4 8 7 -6 6 20 10 18 25 11 12 -14 -15 -16 -17 -18 -19 -20 22 -22 -23 -24 -25 -26 26 27 28 -30 -31
leaf_value=-2.9479493328332902 2.451647240188878 22.178793885491114 -0.92443880539446155 15.355231731732687 21.086450464725495 19.562361008780343 8.9241389539092779 3.2996747095802039 0.031490929343814596 2.0573025650445556 0.88201474150021886 8.0235270451276737 20.99075324017069 -0.038929343223571777 6.4070330873737493 21.232051515579226 0.96438472665793806 -0.0012056960227135784 1.5969887451257312 2.4374429013047898 0.88882672963319009 -1.674124748605937 13.103899882821475 0.67674999772234168 13.543860294200755 5.7104358129111343 18.645960021018983 -0.34354260067145032 10.812527002607075 0.99848808605562567
leaf_weight=1500 539 22 4698 30 35 21 64 258 2167 610 45 39 23 22 246 20 3261 4694 1223 28 54 5000 34 235 27 162 22 24 42 176
leaf_count=1500 539 22 4698 30 35 21 64 258 2167 610 45 39 23 22 246 20 3261 4694 1223 28 54 5000 34 235 27 162 22 24 42 176
internal_value=6.62527e-09 2.5037 -0.784144 2.2016 11.5097 9.42785 7.40972 4.94392 -0.182078 1.67251 4.60256 8.45087 11.7259 9.09509 3.854 12.501 1.28951 -0.463019 0.596271 3.05361 5.24696 -1.96808 8.28679 2.64622 4.27018 3.10026 4.5937 9.72832 6.75577 3.25688
internal_weight=25321 6039 19282 5843 196 161 139 945 12782 4898 915 149 104 81 766 59 3862 9392 3390 601 118 6500 62 520 285 1036 426 88 66 338
internal_count=25321 6039 19282 5843 196 161 139 945 12782 4898 915 149 104 81 766 59 3862 9392 3390 601 118 6500 62 520 285 1036 426 88 66 338
is_linear=0
shrinkage=0.05


Tree=11
num_leaves=31
num_cat=0
split_feature=292 292 219 264 41 283 138 176 222 264 233 166 288 288 273 253 288 226 234 93 233 16 120 135 254 240 231 4 115 219
split_gain=1.8065e+07 6.46662e+06 4.86875e+06 2.6256e+06 2.03604e+06 1.92463e+06 1.67809e+06 2.7459e+06 1.52786e+06 1.50815e+06 1.10957e+06 817735 727736 704819 955104 877261 1.2319e+06 688654 688624 1.74305e+06 867075 713984 698729 1.14026e+06 687435 884115 673408 667417 669774 656679
threshold=488.82228088378912 290.09948730468756 2654.7500000000005 904.46777343750011 1329.3679199218752 866.25000000000011 719.73504638671886 907.25000000000011 509.73971557617193 398.03488159179693 462.75000000000006 205.78507995605472 197.75000000000003 180.75000000000003 -616.74999999999989 -783.24999999999989 284.75000000000006 -567.24999999999989 838.25000000000011 2238.2500000000005 891.00000000000011 -1365.4999999999998 1219.7500000000002 1228.7500000000002 -1168.7499999999998 -532.24999999999989 940.25000000000011 -2383.559936523437 -164.24999999999997 514.75000000000011
decision_type=2 2 2 2 2 2 2 2 2 2 2 2 2 2 2 2 2 2 2 2 2 2 2 2 2 2 2 2 2 2
left_child=1 11 3 10 -5 8 -6 17 -4 12 13 -1 -3 -2 15 -15 24 -8 19 21 -20 -12 -23 -24 -17 -26 -14 -22 -29 -30
right_child=2 9 5 4 6 -7 7 -9 -10 -11 18 -13 26 14 -16 16 -18 -19 20 -21 27 22 23 -25 25 -27 -28 28 29 -31
leaf_value=-2.6219568671814932 1.18370722737054 -0.57796947182262537 2.7087814956903458 1.0744032521049183 5.8474523121327691 27.626999265497382 15.621520289352961 31.571444494827933 17.930685397456674 0.82816840125207547 11.643907801858312 -1.4401463773919523 0.036319370882521421 2.3188928269422973 2.2446561358763768 21.020134787559513 3.5836598222989302 3.4737318205833434 0.61866736509362052 19.249196468353276 12.140850879472715 -2.2404762233175886 14.852241781483526 0.15880474005976031 3.2798436919848122 17.15655030337247 2.0833272289382356 -2.8174197139162005 13.412416439056399 4.1732747750918184
leaf_weight=2026 1193 6692 32 60 57 22 28 23 34 4426 29 5274 2668 104 1132 20 65 20 196 25 27 41 23 31 24 22 473 33 20 501
leaf_count=2026 1193 6692 32 60 57 22 28 23 34 4426 29 5274 2668 104 1132 20 65 20 196 25 27 41 23 31 24 22 473 33 20 501
internal_value=-3.08818e-10 -0.557883 3.19708 2.91869 8.67441 14.8195 12.2369 17.3665 10.5504 0.0617165 2.60829 -1.76814 -0.283277 2.07179 2.84683 5.74751 8.46947 10.5599 4.09148 7.20516 3.4944 4.77692 2.68068 6.41712 13.2813 9.91653 0.344576 4.46452 4.0904 4.52794
internal_weight=25321 21559 3762 3674 188 88 128 71 66 14259 3486 7300 9833 2560 1367 235 131 48 926 149 777 124 95 54 66 46 3141 581 554 521
internal_count=25321 21559 3762 3674 188 88 128 71 66 14259 3486 7300 9833 2560 1367 235 131 48 926 149 777 124 95 54 66 46 3141 581 554 521
is_linear=0
shrinkage=0.05


Tree=12
num_leaves=31
num_cat=0
split_feature=292 292 151 289 246 147 292 131 199 229 61 138 25 284 0 166 238 254 254 1 288 239 282 277 275 267 229 208 285 219
split_gain=1.63036e+07 5.85021e+06 4.42644e+06 2.56326e+06 2.17784e+06 1.33876e+06 1.25071e+06 1.21446e+06 1.08804e+06 1.03224e+06 1.02602e+06 972117 850636 828873 765957 749039 723832 1.11876e+06 805586 841599 677649 654765 622269 596295 594030 582710 572099 903893 563044 635146
threshold=488.82228088378912 305.51884460449224 5424.9750976562509 -722.24999999999989 2043.7500000000002 1475.2500000000002 630.97421264648449 408.22636413574224 3391.2500000000005 423.01385498046881 619.95794677734386 251.76457214355472 5235.9150390625009 1778.3125000000002 4390.2500000000009 537.77215576171886 30.250000000000004 -1199.7499999999998 -312.74999999999994 2590.7500000000005 605.25000000000011 2874.2500000000005 -194.74999999999997 1968.4700317382815 -407.74999999999994 -1303.7499999999998 575.74453735351574 569.17248535156261 495.36746215820318 -2122.2499999999995
decision_type=2 2 2 2 2 2 2 2 2 2 2 2 2 2 2 2 2 2 2 2 2 2 2 2 2 2 2 2 2 2
left_child=1 11 4 -4 6 -6 12 13 10 -8 -5 -1 -2 25 28 -14 18 -18 19 -11 -7 -22 -15 -21 -25 -3 -19 -28 29 -9
right_child=2 7 3 8 5 20 9 14 -10 16 -12 -13 15 22 -16 -17 17 26 -20 23 21 -23 -24 24 -26 -27 27 -29 -30 -31
leaf_value=-2.0871843574718079 1.7698438598611244 7.8007575322281228 27.011069558216974 10.709053211212158 19.632937904379588 3.5591571708743497 13.045242389555902 9.574645376205444 16.804018534146824 2.1779782656268809 -4.4848359227180481 -1.0236093982450025 3.4937593496981125 -0.55903910902994025 10.383440451394945 14.566722647349039 14.558955311006116 0.25269265722055906 -1.8925741679528181 15.108555600941182 6.5365625690906617 16.425247256801679 2.5700879355777158 2.3681145910863526 11.1433029683431 -0.34754956352987137 13.503447198867798 4.5484594331706987 -2.95375790654384 0.85576783953630997
leaf_weight=4184 2512 22 26 25 22 89 31 21 26 323 20 4416 42 245 21 24 31 61 85 20 47 26 452 54 30 8192 32 236 97 3909
leaf_count=4184 2512 22 26 25 22 89 31 21 26 323 20 4416 42 245 21 24 31 61 85 20 47 26 452 54 30 8192 32 236 97 3909
internal_value=8.30067e-09 -0.529989 3.03722 13.5796 2.7582 8.05959 2.47798 0.140984 8.66104 4.07936 3.95621 -1.54105 1.91706 -0.185254 0.859141 7.52029 3.76061 5.47858 2.55267 3.43755 6.4879 10.0586 1.47018 7.3495 5.50211 -0.325726 4.62298 5.61771 0.809473 0.902357
internal_weight=25321 21559 3762 97 3665 184 3481 12959 71 903 45 8600 2578 8911 4048 66 872 360 512 427 162 73 697 104 84 8214 329 268 4027 3930
internal_count=25321 21559 3762 97 3665 184 3481 12959 71 903 45 8600 2578 8911 4048 66 872 360 512 427 162 73 697 104 84 8214 329 268 4027 3930
is_linear=0
shrinkage=0.05


Tree=13
num_leaves=31
num_cat=0
split_feature=292 256 292 292 289 183 288 236 288 240 246 254 253 121 261 289 259 282 273 166 57 69 280 245 126 31 254 247 121 252
split_gain=1.47884e+07 4.9102e+06 4.07981e+06 2.58591e+06 1.18218e+06 1.56139e+06 1.14144e+06 1.11512e+06 918931 879522 858030 788676 803657 903248 1.34176e+06 736015 733957 733313 715679 711198 771188 769796 667232 655154 648128 1.17371e+06 631183 986924 1.03367e+06 614685
threshold=430.37890625000006 4185.3376464843759 278.50502014160162 630.97421264648449 -837.24999999999989 1767.0000000000002 975.25000000000011 428.65463256835943 215.25000000000003 540.50000000000011 954.25000000000011 -246.74999999999997 154.75000000000003 -1961.4999999999998 -217.24999999999997 -273.24999999999994 -50.749999999999993 -1571.2499999999998 716.00000000000011 480.22366333007818 -95.249999999999986 -1182.9693603515623 452.75000000000006 462.25000000000006 1840.2500000000002 2322.7500000000005 586.75000000000011 1722.0000000000002 1647.0000000000002 540.75000000000011
decision_type=2 2 2 2 2 2 2 2 2 2 2 2 2 2 2 2 2 2 2 2 2 2 2 2 2 2 2 2 2 2
left_child=2 3 -1 9 -3 -6 22 -5 15 11 18 12 17 14 -14 19 -12 -2 -9 -4 21 -21 -7 -10 -18 -26 29 -28 -29 -11
right_child=1 4 8 7 5 6 -8 10 23 26 16 -13 13 -15 -16 -17 24 -19 -20 20 -22 -23 -24 -25 25 -27 27 28 -30 -31
leaf_value=-1.6961306399740854 8.5349903050590967 19.077944424947102 0.22026095514219401 13.778334167798361 20.699071450666949 7.761428108811379 15.88090670475593 2.6463759416531003 0.025879231589727266 1.0832620348952233 15.221358863873915 0.17501967912711483 18.902858209609985 2.7457208305081857 3.1709513317454947 -0.65025772944101956 3.4670385735123248 1.1294669726458011 9.6261222417537979 2.2463080811500551 0.075406343437904533 15.528307247161866 0.21463136363912516 1.4733136217447207 17.015550718307495 4.8688433626950802 1.0471547515626918 16.007859968102498 3.1589922554638923 5.4854296386651571
leaf_weight=6500 34 30 2019 30 22 64 26 630 2167 109 22 1465 23 318 33 7286 135 1989 39 20 43 24 54 1223 30 59 564 23 49 291
leaf_count=6500 34 30 2019 30 22 64 26 630 2167 109 22 1465 23 318 33 7286 135 1989 39 20 43 24 54 1223 30 59 564 23 49 291
internal_value=-1.27874e-08 2.15915 -0.676233 1.89803 9.94359 8.2928 6.3974 4.29273 -0.157587 1.436 3.98173 1.08898 1.64758 3.77686 9.63227 -0.412289 6.5067 1.25393 3.05327 0.410995 4.83733 9.49103 4.30781 0.548066 5.6508 8.96324 2.72964 1.75089 7.26349 4.28584
internal_weight=25321 6039 19282 5843 196 166 144 945 12782 4898 915 3862 2397 374 56 9392 246 2023 669 2106 87 44 118 3390 224 89 1036 636 72 400
internal_count=25321 6039 19282 5843 196 166 144 945 12782 4898 915 3862 2397 374 56 9392 246 2023 669 2106 87 44 118 3390 224 89 1036 636 72 400
is_linear=0
shrinkage=0.05


Tree=14
num_leaves=31
num_cat=0
split_feature=292 292 34 288 246 147 292 5 287 271 183 244 17 15 275 236 257 4 184 183 203 36 28 288 288 288 25 145 13 106
split_gain=1.33755e+07 4.99985e+06 3.67103e+06 1.60364e+06 1.55921e+06 1.46175e+06 1.20163e+06 1.057e+06 1.00731e+06 992402 1.30863e+06 1.62655e+06 898794 824510 812123 784713 746538 728072 716107 1.03348e+06 855494 874314 1.21185e+06 630347 615201 608900 960463 605834 555960 527144
threshold=499.01130676269537 324.58656311035162 5174.9631347656259 975.25000000000011 2043.7500000000002 1475.2500000000002 232.83744812011722 405.36363220214849 284.25000000000006 797.33575439453136 1455.2500000000002 1501.8601684570315 3326.2500000000005 4027.7500000000005 -1499.7499999999998 679.19335937500011 719.73504638671886 4220.6625976562509 -247.74999999999997 25.750000000000004 -236.24999999999997 244.75000000000003 -107.74999999999999 121.75000000000001 272.75000000000006 324.25000000000006 5235.9150390625009 310.87297058105474 2065.9135742187505 -1908.7499999999998
decision_type=2 2 2 2 2 2 2 2 2 2 2 2 2 2 2 2 2 2 2 2 2 2 2 2 2 2 2 2 2 2
left_child=1 6 4 8 9 -6 -1 14 16 25 13 28 18 29 -3 -7 -4 -13 20 -20 21 -9 -23 -21 -16 26 -2 -25 -12 -11
right_child=2 7 3 -5 5 15 -8 12 -10 10 11 17 -14 -15 24 -17 -18 -19 19 23 -22 22 -24 27 -26 -27 -28 -29 -30 -31
leaf_value=-2.0004738221121157 1.3982900296415151 8.8916180191040048 6.1903217574824465 25.023315887451176 19.481240920793443 3.9840469795165308 -0.86580920396473793 0.12765058040032895 0.87609150743484498 8.9636376966129649 11.701160281045098 11.889422843569802 9.2400865467265252 11.173943426058843 -0.38124036035614134 13.448016573832588 18.07939871511152 0.28879228579370597 10.133496264675085 0.20128364536323048 -1.5585124482124311 14.874070091247559 2.2155560325680441 10.650021908283234 0.75141085667852192 3.123671421744628 9.3242422678531742 1.8797806178956642 23.349364181756975 0.73558942474557099
leaf_weight=3500 1917 25 23 20 21 139 7000 1246 25 22 21 21 32 26 5539 26 31 38 34 760 529 20 346 20 1530 907 39 1275 20 169
leaf_count=3500 1917 25 23 20 21 139 7000 1246 25 22 21 21 32 26 5539 26 31 38 34 760 529 20 346 20 1530 907 39 1275 20 169
internal_value=-8.89848e-09 -0.457562 2.88614 12.3758 2.60703 7.05665 -1.24403 0.269623 9.17394 2.34677 5.00126 9.73364 0.891971 2.82045 -0.104277 5.47534 13.0155 4.41783 0.828818 1.48743 0.186204 0.758757 2.90728 1.34438 -0.136092 2.05286 1.55632 2.01523 17.3832 1.68332
internal_weight=25321 21856 3465 99 3366 186 10500 11356 79 3180 317 100 4262 217 7094 165 54 59 4230 2089 2141 1612 366 2055 7069 2863 1956 1295 41 191
internal_count=25321 21856 3465 99 3366 186 10500 11356 79 3180 317 100 4262 217 7094 165 54 59 4230 2089 2141 1612 366 2055 7069 2863 1956 1295 41 191
is_linear=0
shrinkage=0.05


Tree=15
num_leaves=31
num_cat=0
split_feature=292 292 219 292 19 247 40 271 281 275 251 280 109 288 203 117 248 225 259 12 121 250 271 93 113 184 288 149 115 124
split_gain=1.21633e+07 4.64296e+06 3.43657e+06 2.71148e+06 1.15268e+06 1.11781e+06 1.10981e+06 1.09025e+06 1.74584e+06 1.59428e+06 1.24095e+06 1.35041e+06 991184 979434 1.17788e+06 944260 816454 813813 988301 833326 792836 783379 737323 724826 809021 722477 682783 666445 918326 668222
threshold=402.16220092773443 679.19335937500011 2654.7500000000005 272.44772338867193 480.24928283691412 1722.0000000000002 619.95794677734386 1012.183807373047 -33.749999999999993 -1022.9999999999999 606.24993896484386 651.75000000000011 5139.5576171875009 317.25000000000006 1307.0000000000002 470.23809814453131 -1.0000000180025095e-35 -1806.2499999999998 -709.49999999999989 436.94512939453131 1077.0000000000002 351.61296081542974 719.73504638671886 -3717.2499999999995 -2652.7499999999995 1455.2500000000002 15.250000000000002 -1740.4999999999998 -1961.4999999999998 575.74453735351574
decision_type=2 2 2 2 2 2 2 2 2 2 2 2 2 2 2 2 2 2 2 2 2 2 2 2 2 2 2 2 2 2
left_child=3 5 7 -1 -4 12 -6 10 -9 -10 -3 13 17 20 -15 -7 -11 18 23 -19 -12 -21 -22 -2 -25 -14 -5 -23 29 -29
right_child=1 2 4 26 6 15 -8 8 9 16 11 -13 25 14 -16 -17 -18 19 -20 21 22 27 -24 24 -26 -27 -28 28 -30 -31
leaf_value=-1.5834300239136421 -3.1613114621188192 1.5633810286663665 26.389105281829838 -2.0245653881672179 3.6381066503978916 3.9808847485602588 19.707779433510524 22.468830879628658 -5.8165947545142407 3.6775524740633756 13.266809272766114 -0.16833062171936036 14.408375668525697 19.960818116418249 8.1165097995808253 15.793835245995295 16.497172057187115 0.42787744338434391 12.677759241288708 10.02788672093992 -4.6342428417205808 -0.19686154147947399 5.3880755399664251 14.016699805259705 2.5169691160091987 2.4855424770602474 -0.1916371082645203 10.30127193995242 1.6176420192550578 0.514953903051523
leaf_weight=6100 37 349 20 533 21 87 22 20 21 23 22 68 24 29 76 21 27 3165 31 27 25 508 69 20 65 27 10867 53 2938 26
leaf_count=6100 37 349 20 533 21 87 22 20 21 23 22 68 24 29 76 21 27 3165 31 27 25 508 69 20 65 27 10867 53 2938 26
internal_value=-1.47488e-09 1.63925 5.26853 -0.732602 16.4723 1.23031 11.8598 4.3003 9.42017 5.74449 3.57004 5.9933 1.15155 7.88918 11.3878 6.27785 10.6001 1.09999 4.70575 1.01786 4.72234 1.54356 2.72257 2.68007 5.22279 8.09629 -0.277335 1.47858 1.76069 7.08046
internal_weight=25321 7821 792 17500 63 7029 43 729 91 71 638 289 6921 221 105 108 50 6870 153 6717 116 3552 94 122 85 51 11400 3525 3017 79
internal_count=25321 7821 792 17500 63 7029 43 729 91 71 638 289 6921 221 105 108 50 6870 153 6717 116 3552 94 122 85 51 11400 3525 3017 79
is_linear=0
shrinkage=0.05


Tree=16
num_leaves=31
num_cat=0
split_feature=292 292 219 264 273 151 289 33 271 282 131 166 288 281 198 6 26 18 124 19 0 40 261 40 18 292 288 288 269 271
split_gain=1.10564e+07 3.96335e+06 3.14696e+06 1.75294e+06 1.62001e+06 1.54161e+06 1.23542e+06 1.25167e+06 1.06934e+06 915419 913606 802186 797330 808236 987312 945966 763766 748613 694668 668445 650409 649876 776378 660016 567476 964789 556021 553715 552686 548947
threshold=488.82228088378912 305.51884460449224 2654.7500000000005 904.46777343750011 1385.2500000000002 855.49249267578136 -674.74999999999989 719.73504638671886 744.84381103515636 -399.24999999999994 406.71083068847662 205.78507995605472 227.75000000000003 -9.2499999999999982 278.75000000000006 -1010.5382080078124 305.88755798339849 3567.9975585937505 679.19335937500011 220.70296478271487 4390.2500000000009 542.71502685546886 -1483.7499999999998 506.08625793457037 5059.5200195312509 562.74551391601574 489.25000000000006 136.75000000000003 -583.74999999999989 547.78625488281261
decision_type=2 2 2 2 2 2 2 2 2 2 2 2 2 2 2 2 2 2 2 2 2 2 2 2 2 2 2 2 2 2
left_child=1 11 3 12 8 -5 7 -7 -4 18 17 -1 19 21 29 26 -17 27 -8 -2 -12 22 -14 28 -21 -26 -16 -3 -24 -15
right_child=2 10 4 5 -6 6 9 -9 -10 -11 20 -13 13 14 15 16 -18 -19 -20 24 -22 -23 23 -25 25 -27 -28 -29 -30 -31
leaf_value=-2.134593408836746 10.369620389938355 -0.63923806471837707 0.53207304328680038 -1.8696485919830128 19.998576822545797 8.3337431647560827 8.5814563620090478 25.616536798477171 15.270138678550721 10.695073778875944 0.68518188988265838 -0.99934820919141476 0.67039114634195973 -0.37059667955465081 13.858807452065605 9.0611874057123298 2.7536992870522354 2.9673829528513136 -3.5312941510101847 0.98002931241834512 9.5070698056902199 2.6537872642278675 14.584168763160704 19.033132734752837 12.015585466101767 0.80739423620204132 4.0957204704284669 0.16098417149488589 3.5284593637172992 2.2850258134962442
leaf_weight=2040 20 4318 32 39 36 22 20 20 20 58 4105 6560 21 319 35 52 623 186 29 1673 21 72 20 21 32 48 25 4329 26 499
leaf_count=2040 20 4318 32 39 36 22 20 20 20 58 4105 6560 21 319 35 52 623 186 29 1673 21 72 20 21 32 48 25 4329 26 499
internal_value=-2.8633e-09 -0.436447 2.50116 2.27735 11.8452 6.98028 9.2967 16.5636 6.20056 6.44426 0.115821 -1.26864 2.02372 2.79303 2.44443 3.7744 3.23961 -0.171108 1.41269 1.28045 0.730082 6.17669 9.05906 11.6883 1.17675 5.29067 9.79085 -0.238618 8.33529 1.2494
internal_weight=25321 21559 3762 3674 88 188 149 42 52 107 12959 8600 3486 1713 1553 735 675 8833 49 1773 4126 160 88 67 1753 80 60 8647 46 818
internal_count=25321 21559 3762 3674 88 188 149 42 52 107 12959 8600 3486 1713 1553 735 675 8833 49 1773 4126 160 88 67 1753 80 60 8647 46 818
is_linear=0
shrinkage=0.05


Tree=17
num_leaves=31
num_cat=0
split_feature=292 292 34 288 288 220 264 131 225 68 183 5 289 226 36 275 229 18 281 89 187 285 33 5 108 135 65 63 250 9
split_gain=9.99398e+06 3.74281e+06 2.83668e+06 1.32668e+06 1.18803e+06 1.23155e+06 1.09996e+06 984724 970842 1.39338e+06 894025 835448 831997 807336 746510 703730 686999 644877 922556 968367 2.46009e+06 661619 606572 977782 1.75493e+06 645250 876803 780894 591562 759871
threshold=499.01130676269537 324.58656311035162 5174.9631347656259 975.25000000000011 461.25000000000006 3001.7500000000005 904.46777343750011 254.64236450195315 1227.7500000000002 534.11987304687511 1276.2500000000002 405.36363220214849 -233.74999999999997 990.75000000000011 -729.74999999999989 -1499.7499999999998 346.77488708496099 5059.5200195312509 585.25000000000011 517.10519409179699 797.33575439453136 1012.183807373047 594.14135742187511 575.74453735351574 -1451.2499999999998 -229.24999999999997 476.25000000000006 -172.24999999999997 432.17723083496099 1239.2500000000002
decision_type=2 2 2 2 2 2 2 2 2 2 2 2 2 2 2 2 2 2 2 2 2 2 2 2 2 2 2 2 2 2
left_child=1 7 4 8 12 6 28 -1 -4 -10 -8 15 16 22 -14 -3 -2 21 19 -19 -21 -18 23 -13 -25 -26 27 -27 29 -6
right_child=2 11 3 -5 5 -7 10 -9 9 -11 -12 13 14 -15 -16 -17 17 18 -20 20 -22 -23 -24 24 25 26 -28 -29 -30 -31
leaf_value=-1.6323820503047406 11.718026218414307 8.2753061828613284 17.135936282113903 22.340272331237795 1.9461785597801211 13.532766002597231 5.4799982146783313 -0.65459634269826961 12.610919203077046 -2.8979226620992029 18.877099132537843 0.60782985444349436 2.866830016430971 3.7295935389210735 -0.069722640871631436 -0.12837921778105851 1.9850191134695585 2.415821146965027 -2.9700746351480483 26.69924677446485 1.8996203362941744 9.3677701827018502 -1.5689803597453524 14.949593331664801 -1.061733578145504 3.0983291625976563 -0.22746919240707009 16.434116993779721 2.5397691713118249 14.154846215935855
leaf_weight=4525 20 25 21 20 25 33 33 5975 28 30 20 3554 296 221 805 7069 1440 30 20 20 20 31 292 32 80 21 39 23 547 26
leaf_count=4525 20 25 21 20 25 33 33 5975 28 30 20 3554 296 221 805 7069 1440 30 20 20 20 31 292 32 80 21 39 23 547 26
internal_value=-8.2728e-09 -0.395517 2.49478 10.8366 2.24943 4.1095 3.63182 -1.07598 7.92434 4.5891 10.5355 0.233649 1.77505 0.786943 0.719759 -0.0987637 2.50996 2.39198 6.50056 9.20646 14.2994 2.1406 0.626011 0.796974 4.24424 2.14257 5.23106 10.0693 3.01996 8.17021
internal_weight=25321 21856 3465 99 3366 684 651 10500 79 58 53 11356 2682 4262 1101 7094 1581 1561 90 70 40 1471 4041 3749 195 163 83 44 598 51
internal_count=25321 21856 3465 99 3366 684 651 10500 79 58 53 11356 2682 4262 1101 7094 1581 1561 90 70 40 1471 4041 3749 195 163 83 44 598 51
is_linear=0
shrinkage=0.05


Tree=18
num_leaves=31
num_cat=0
split_feature=292 292 219 292 282 19 40 288 288 83 245 232 82 75 250 219 215 103 19 127 126 138 96 189 240 15 12 241 219 254
split_gain=9.08228e+06 3.5546e+06 2.63754e+06 2.01572e+06 1.04835e+06 1.0192e+06 986207 878192 1.0814e+06 1.00126e+06 1.26653e+06 868574 776989 1.05651e+06 955430 951225 722496 981423 752629 714520 928390 1.02183e+06 692279 684822 732020 1.54628e+06 722353 837868 667065 851688
threshold=400.76577758789068 679.19335937500011 2654.7500000000005 272.44772338867193 253.25000000000003 480.24928283691412 619.95794677734386 41.250000000000007 57.750000000000007 5001.1174316406259 1015.5000000000001 2121.2500000000005 475.17919921875006 506.08625793457037 387.51222229003912 -3005.9999999999995 477.39038085937506 454.19638061523443 557.84716796875011 3671.5000000000005 2412.7500000000005 587.72634887695324 482.84413146972662 -3119.2499999999995 -311.24999999999994 2222.2500000000005 1012.183807373047 912.75000000000011 314.25000000000006 -1013.2499999999999
decision_type=2 2 2 2 2 2 2 2 2 2 2 2 2 2 2 2 2 2 2 2 2 2 2 2 2 2 2 2 2 2
left_child=3 4 7 -1 12 -4 -7 -3 -9 19 -11 -6 15 14 -14 -2 -16 -18 -19 20 23 -22 -15 -10 -25 26 27 -26 29 -24
right_child=1 2 5 -5 11 6 -8 8 9 10 -12 -13 13 22 16 -17 17 18 -20 -21 21 -23 28 24 25 -27 -28 -29 -30 -31
leaf_value=-1.3713753329011933 7.9700919680479103 -2.3419764995574952 23.721531658172609 -0.2435143896672376 2.3769477197170259 2.3089639873731707 17.457383485273883 15.396911664590949 11.320848296458523 20.44373458981514 3.0587023388255727 8.3236584586756575 13.999943175315858 -3.2837949817595273 1.0276867891212444 0.3118991840171485 13.562384846475391 2.9446567983409162 11.653090688917374 -3.2832791028936441 4.6266613547394924 17.616960891087853 2.9410739708242035 0.99406813314492748 6.8348027386772108 -0.79829755655924484 1.0834589328084674 16.292551109525892 2.7549588718472342 0.064410930644617725
leaf_weight=6100 41 55 20 11300 500 21 22 21 24 20 22 70 20 92 286 3679 27 306 27 38 41 24 323 278 67 75 28 36 493 1265
leaf_count=6100 41 55 20 11300 500 21 22 21 24 20 22 70 20 92 286 3679 27 306 27 38 41 24 323 278 67 75 28 36 493 1265
internal_value=7.60929e-10 1.4035 4.5813 -0.638914 1.05046 14.3965 10.0593 3.73307 4.22881 3.86965 11.3373 3.10725 0.871716 1.49466 3.23694 0.396304 2.90372 4.39412 3.65075 3.35633 3.79665 9.42308 0.960668 3.07673 2.66793 4.92684 8.20458 10.1404 1.14831 0.649526
internal_weight=25321 7921 792 17400 7129 63 43 729 674 653 42 570 6559 2839 666 3720 646 360 333 611 573 65 2173 508 484 206 131 103 2081 1588
internal_count=25321 7921 792 17400 7129 63 43 729 674 653 42 570 6559 2839 666 3720 646 360 333 611 573 65 2173 508 484 206 131 103 2081 1588
is_linear=0
shrinkage=0.05


Tree=19
num_leaves=31
num_cat=0
split_feature=292 264 151 289 288 253 246 194 259 5 17 110 40 145 64 289 269 72 36 257 26 5 229 108 174 128 167 47 282 78
split_gain=8.21302e+06 3.12995e+06 2.34549e+06 1.76814e+06 1.14839e+06 1.11637e+06 973306 876444 828496 741466 754833 728164 897733 722103 712293 656921 969612 663687 1.26914e+06 597148 571996 734731 614424 577068 559067 928372 689976 1.01388e+06 547954 870376
threshold=499.01130676269537 337.29530334472662 5424.9750976562509 -722.24999999999989 725.25000000000011 2548.2500000000005 1276.0000000000002 214.25057220458987 357.75000000000006 405.36363220214849 3326.2500000000005 700.57888793945324 557.84716796875011 305.78088378906256 774.75000000000011 -674.74999999999989 720.25000000000011 3416.0000000000005 2501.7500000000005 387.50950622558599 609.70101928710949 619.95794677734386 492.24920654296881 1888.2500000000002 -818.78152465820301 -1555.7499999999998 -804.14511108398426 492.29144287109381 217.25000000000003 2583.5000000000005
decision_type=2 2 2 2 2 2 2 2 2 2 2 2 2 2 2 2 2 2 2 2 2 2 2 2 2 2 2 2 2 2
left_child=1 6 4 -4 15 8 7 -1 14 -3 13 12 -5 -11 -6 16 17 18 -2 -17 21 24 -23 -22 -15 -26 27 -27 -21 -30
right_child=2 9 3 11 5 -7 -8 -9 -10 10 -12 -13 -14 20 -16 19 -18 -19 -20 28 23 22 -24 -25 25 26 -28 -29 29 -31
leaf_value=-1.7985943661323436 2.3295717758869907 -0.069998261072377374 21.082392208392804 3.3737479278019502 3.01832600346318 15.917896670880527 3.1458094344563681 -0.73721944996360655 2.1923762081374583 10.220060329437256 8.4516074053943164 -1.7149448004635897 17.049552436102005 -0.22185311461306279 13.827171849523271 8.2417543425704505 11.95430128293879 -5.5402795808655876 12.851024751952203 1.2904048191886688 -2.2681505450681478 1.3936647248268128 13.787457792758943 6.5746471357345584 9.6137707181274905 -0.18776935849870957 0.95010261416589725 15.542265921831131 2.4494853072116776 11.205965279170446
leaf_weight=2468 218 5918 26 28 27 23 146 9179 142 20 32 22 21 1021 35 33 34 21 33 2617 238 20 20 20 32 21 2701 20 150 35
leaf_count=2468 218 5918 26 28 27 23 146 9179 142 20 32 22 21 1021 35 33 34 21 33 2617 238 20 20 20 32 21 2701 20 150 35
internal_value=-2.23859e-09 -0.358548 2.26159 9.927 2.04083 5.47522 -0.911268 -0.962125 4.29786 0.289194 0.802028 5.84193 9.23481 0.742513 9.12009 1.79262 3.99356 2.99847 3.71287 1.55506 0.696202 0.849512 7.59056 -1.58266 0.778461 1.14664 1.04782 7.48542 1.47631 4.10612
internal_weight=25321 21856 3465 97 3368 227 11793 11647 204 10063 4145 71 49 4113 62 3141 306 272 251 2835 4093 3835 40 258 3795 2774 2742 41 2802 185
internal_count=25321 21856 3465 97 3368 227 11793 11647 204 10063 4145 71 49 4113 62 3141 306 272 251 2835 4093 3835 40 258 3795 2774 2742 41 2802 185
is_linear=0
shrinkage=0.05


Tree=20
num_leaves=31
num_cat=0
split_feature=292 292 219 292 268 282 288 288 83 245 225 217 131 155 289 259 197 241 183 251 122 189 245 30 110 5 51 152 80 191
split_gain=7.44994e+06 2.92022e+06 2.22153e+06 1.6917e+06 902337 861880 794645 971865 812246 1.11352e+06 757332 718493 703056 825370 804623 887278 687247 1.20762e+06 706601 1.28634e+06 918746 692986 678602 818357 677832 1.20399e+06 665218 637864 622188 600440
threshold=402.16220092773443 679.19335937500011 2654.7500000000005 272.44772338867193 1189.7500000000002 253.25000000000003 41.250000000000007 57.750000000000007 5001.1174316406259 1015.5000000000001 2392.7500000000005 -2014.7499999999998 461.94892883300787 -1436.9999999999998 -518.99999999999989 634.25000000000011 2605.7500000000005 662.75000000000011 830.25000000000011 964.55505371093761 2121.0000000000005 -3119.2499999999995 -1295.2499999999998 -1743.7499999999998 486.04968261718756 581.48425292968761 -4060.4999999999995 553.73107910156261 2862.0000000000005 2397.5000000000005
decision_type=2 2 2 2 2 2 2 2 2 2 2 2 2 2 2 2 2 2 2 2 2 2 2 2 2 2 2 2 2 2
left_child=3 5 6 -1 -4 11 -3 -8 16 -10 -7 22 26 -14 15 27 17 21 -19 -20 -21 -9 23 -2 25 -16 -13 -15 -12 -28
right_child=1 2 4 -5 -6 10 7 8 9 -11 28 12 13 14 24 -17 -18 18 19 20 -22 -23 -24 -25 -26 -27 29 -29 -30 -31
leaf_value=-1.2453958805867273 3.8367296779977864 -2.396144863475453 8.1530038334227903 -0.21374300734498619 20.307505706640391 2.2968530128360953 14.441687186559044 10.528841086228688 18.778411540985108 2.4772961789911445 15.633994021415711 8.2883004798889157 -1.2700825842336441 5.354211792163551 2.2290454378700817 13.480783662588701 -1.5366630646917556 2.2523284766732194 21.027762435731432 3.1467161312103276 15.047976289192835 1.7677216159784308 -0.50235307758504699 13.651266406132624 0.80050213877475473 12.701438994654294 -0.016377303688643929 0.18623825241537656 3.8021647148132325 4.3203409377576376
leaf_weight=6100 116 55 37 11400 26 515 21 24 20 22 20 25 300 144 512 23 72 41 21 50 24 379 66 26 2048 29 2996 102 25 82
leaf_count=6100 116 55 37 11400 26 515 21 24 20 22 20 25 300 144 512 23 72 41 21 50 24 379 66 26 2048 29 2996 102 25 82
internal_value=2.22008e-09 1.2829 4.16117 -0.573348 13.1691 0.958591 3.3827 3.85427 3.51379 10.2397 2.84038 0.795691 0.699646 1.22485 1.48674 4.08945 3.05145 3.66433 7.73835 10.106 7.00658 2.28948 3.68672 5.63376 1.21632 2.79041 0.165133 3.21139 9.06076 0.0991558
internal_weight=25321 7821 792 17500 63 7029 729 674 653 42 560 6469 6261 3158 2858 269 611 539 136 95 74 403 208 142 2589 541 3103 246 45 3078
internal_count=25321 7821 792 17500 63 7029 729 674 653 42 560 6469 6261 3158 2858 269 611 539 136 95 74 403 208 142 2589 541 3103 246 45 3078
is_linear=0
shrinkage=0.05


Tree=21
num_leaves=31
num_cat=0
split_feature=292 89 282 246 289 4 248 204 288 175 288 173 229 157 289 229 72 36 267 289 78 62 3 23 138 201 22 200 110 183
split_gain=6.75173e+06 2.63157e+06 1.95373e+06 2.4349e+06 1.32856e+06 1.69173e+06 802714 760910 749794 772543 711987 665392 1.07419e+06 1.14525e+06 643792 591235 579708 1.23686e+06 1.70241e+06 559105 517546 1.23739e+06 805188 690751 921208 1.38202e+06 783084 619045 617117 546948
threshold=499.01130676269537 331.65272521972662 835.00000000000011 2733.7500000000005 -674.74999999999989 6207.4450683593759 1589.2500000000002 1092.7500000000002 197.75000000000003 1787.2500000000002 299.75000000000006 480.16213989257818 470.06779479980474 950.50000000000011 -122.24999999999999 359.27935791015631 3416.0000000000005 2501.7500000000005 95.750000000000014 -572.24999999999989 2583.5000000000005 1952.9390258789065 2940.7500000000005 5040.5000000000009 534.11987304687511 644.34121704101574 4799.7500000000009 2269.579956054688 529.70809936523449 1298.7500000000002
decision_type=2 2 2 2 2 2 2 2 2 2 2 2 2 2 2 2 2 2 2 2 2 2 2 2 2 2 2 2 2 2
left_child=1 8 4 -4 5 6 16 -3 14 -10 15 19 13 -13 -1 -6 17 -2 -19 -9 27 -22 -23 24 -24 -26 -27 29 -25 -12
right_child=2 7 3 -5 10 -7 -8 11 9 -11 20 12 -14 -15 -16 -17 -18 18 -20 -21 21 22 23 28 25 26 -28 -29 -30 -31
leaf_value=-0.62378861533891472 2.3193662118608667 0.073749422887286767 3.6331838498244418 25.286895046830178 9.2850717090425032 17.355154435038568 12.107552746048681 8.9552392255692261 -0.27918923555104869 3.8915297617387568 1.8750689442676234 17.786043319702149 1.641504893102846 3.7743066283634734 -1.4860159535780244 0.84722501204011369 -5.1182159793376929 22.142635688781738 1.5125006996095181 0.7160783907483248 15.431571676420129 -0.99143437472256746 3.1395532338806755 5.6427133928645743 20.857334148365521 0.75115777212997958 13.611670105457307 -0.55424387165904043 -5.9508179763952889 5.2651749945634254
leaf_weight=4067 236 9587 37 20 21 25 27 21 2176 117 561 25 143 35 4629 1820 20 20 20 1056 23 77 89 22 23 29 20 200 24 151
leaf_count=4067 236 9587 37 20 21 25 27 21 2176 117 561 25 143 35 4629 1820 20 20 20 1056 23 77 89 22 23 29 20 200 24 151
internal_value=-2.458e-09 -0.32509 2.05055 11.231 1.89701 4.8244 3.85453 0.226628 -0.870682 -0.0663789 1.56409 1.37166 3.99747 9.61253 -1.08276 0.943474 3.10172 3.69737 11.8276 0.876731 2.50137 4.27707 3.37372 4.99747 6.54134 10.7463 6.00035 1.90363 -0.406086 2.59404
internal_weight=25321 21856 3465 57 3408 348 323 10867 10989 2293 3060 1280 203 60 8696 1841 296 276 40 1077 1219 307 284 207 161 72 49 912 46 712
internal_count=25321 21856 3465 57 3408 348 323 10867 10989 2293 3060 1280 203 60 8696 1841 296 276 40 1077 1219 307 284 207 161 72 49 912 46 712
is_linear=0
shrinkage=0.05


Tree=22
num_leaves=31
num_cat=0
split_feature=292 292 219 264 109 289 138 173 166 159 271 131 18 288 288 289 74 282 282 289 245 147 5 198 239 215 285 5 289 229
split_gain=6.13625e+06 2.46461e+06 1.90121e+06 1.40888e+06 879908 813770 981852 760867 721061 1.32559e+06 749178 1.58529e+06 1.75851e+06 670690 657531 813834 1.24719e+06 731012 653604 1.09719e+06 620904 737307 563545 562735 684837 577131 966906 559438 603860 585868
threshold=400.76577758789068 630.97421264648449 2654.7500000000005 246.8178405761719 5139.5576171875009 -263.24999999999994 609.70101928710949 456.70329284667974 383.66744995117193 365.12651062011724 1012.183807373047 719.73504638671886 4177.9050292968759 16.750000000000004 95.250000000000014 -207.24999999999997 -4698.7724609374991 -1571.2499999999998 -177.24999999999997 -229.24999999999997 1708.2500000000002 1475.2500000000002 393.06587219238287 278.75000000000006 -216.74999999999997 495.36746215820318 453.70436096191412 315.22265625000006 -95.249999999999986 278.61335754394537
decision_type=2 2 2 2 2 2 2 2 2 2 2 2 2 2 2 2 2 2 2 2 2 2 2 2 2 2 2 2 2 2
left_child=3 4 8 -1 14 6 -4 -6 9 -3 -10 -12 -13 -5 15 18 -17 -16 -2 -20 22 -22 -19 24 -24 -25 -27 -15 29 -29
right_child=1 2 5 13 7 -7 -8 -9 10 -11 11 12 -14 27 17 16 -18 20 19 -21 21 -23 23 25 -26 26 -28 28 -30 -31
leaf_value=-1.2989883394610202 0.26427363355706474 3.0720073760941973 23.083927327394488 -1.7381106130395005 1.2629562502321992 4.094773873038914 7.7768825006484992 14.123973952169004 2.0534185676772538 18.653044462203979 -3.7595278320312504 4.3456069732967171 21.420225723266604 -0.6227259040027423 10.585889286398888 10.079472042265394 -2.3817960581136259 0.10861592183472957 1.5940751327595242 14.373538148674099 11.114148103396097 2.4483501269640748 1.9252905369163469 1.2629506369041064 0.11971203858254598 12.266754719416301 2.9662092804470483 2.4809564888596283 -0.49489596737971014 0.27164932408216508
leaf_weight=4396 1186 43 22 728 23 23 20 23 873 20 25 38 25 4463 20 21 458 1523 71 22 30 135 852 661 1369 30 408 321 2889 4603
leaf_count=4396 1186 43 22 728 23 23 20 23 873 20 25 38 25 4463 20 21 458 1523 71 22 30 135 852 661 1369 30 408 321 2889 4603
internal_value=4.05054e-09 1.15363 3.36272 -0.525166 0.801505 11.6548 15.7949 7.69347 2.83637 8.01837 2.49665 6.89376 11.1212 -0.263576 0.754787 -0.07757 -1.83548 1.04581 0.580786 4.61717 1.00771 4.02395 0.904952 1.27026 0.812352 2.19566 3.60323 -0.176132 0.0789754 0.415676
internal_weight=25321 7921 1089 17400 6832 65 42 46 1024 63 961 88 63 13004 6786 1758 479 5028 1279 93 5008 165 4843 3320 2221 1099 438 12276 7813 4924
internal_count=25321 7921 1089 17400 6832 65 42 46 1024 63 961 88 63 13004 6786 1758 479 5028 1279 93 5008 165 4843 3320 2221 1099 438 12276 7813 4924
is_linear=0
shrinkage=0.05


Tree=23
num_leaves=31
num_cat=0
split_feature=292 151 281 212 292 40 288 273 48 288 288 34 213 140 120 240 72 113 89 241 280 184 205 121 65 85 75 93 225 199
split_gain=5.53797e+06 2.26575e+06 1.57546e+06 2.15598e+06 1.40973e+06 1.28432e+06 972841 742009 1.00477e+06 670796 662312 620263 593313 570804 902676 566399 730455 557443 550278 536437 520149 554115 725018 677156 610579 1.14004e+06 1.14704e+06 1.45351e+06 806446 1.68642e+06
threshold=400.76577758789068 5424.9750976562509 366.75000000000006 2841.2500000000005 542.71502685546886 230.00207519531253 620.25000000000011 1688.7500000000002 3903.173706054688 53.750000000000007 19.250000000000004 -2157.003784179687 -1225.7499999999998 2026.0000000000002 2129.7500000000005 799.00000000000011 -673.24999999999989 84.750000000000014 346.95077514648443 1587.7500000000002 -1317.2499999999998 -30.249999999999996 -336.24999999999994 -1652.2499999999998 -922.24999999999989 57.250000000000007 454.19638061523443 -424.74999999999994 -407.74999999999994 -847.24999999999989
decision_type=2 2 2 2 2 2 2 2 2 2 2 2 2 2 2 2 2 2 2 2 2 2 2 2 2 2 2 2 2 2
left_child=5 4 -3 19 9 -1 -6 8 11 -2 -7 -8 -13 14 17 18 -17 -14 -12 -4 -11 22 24 -23 -22 26 -26 28 29 -28
right_child=1 2 3 -5 6 10 7 -9 -10 20 15 12 13 -15 -16 16 -18 -19 -20 -21 21 23 -24 -25 25 -27 27 -29 -30 -31
leaf_value=-1.3998441883397217 -0.82938995279482342 21.171046606302262 3.7685114092297027 16.246685362684314 1.6496834880856786 -1.5600285407956518 10.731809863177213 12.321572497795369 12.06449483091181 8.6387506089040222 -0.53485705627758284 -5.8617574388330631 9.1317692000556878 -1.4749039242484354 14.372098865509034 10.552993616319839 1.0328425630327442 0.90780892002171487 0.13802234032558891 -6.7495107867501005 -0.11056526772302977 10.251502295902798 -1.1198450690979618 1.2314964489437012 1.5727761500279656 0.34813804433025697 1.7699494930414055 19.431604465571318 1.5977266332795543 20.820405451456708
leaf_weight=3223 741 20 27 29 1985 963 22 29 33 21 7660 22 27 55 20 21 497 87 5036 22 934 21 706 2267 182 540 26 22 62 21
leaf_count=3223 741 20 27 29 1985 963 22 29 33 21 7660 22 27 55 20 21 497 87 5036 22 934 21 706 2267 182 540 26 22 62 21
internal_value=-2.17004e-09 1.09595 8.65138 5.44121 1.0013 -0.498908 2.04784 4.72696 3.89898 0.570825 -0.294089 2.74249 1.90948 2.81407 4.57447 -0.201831 1.41879 2.85559 -0.267952 -0.953866 0.786893 0.752405 0.236728 1.31428 0.772677 1.73979 4.14072 7.70841 5.34226 10.2819
internal_weight=25321 7921 98 78 7823 17400 2280 295 266 5543 14177 233 211 189 134 13214 518 114 12696 49 4802 4781 2493 2288 1787 853 313 131 109 47
internal_count=25321 7921 98 78 7823 17400 2280 295 266 5543 14177 233 211 189 134 13214 518 114 12696 49 4802 4781 2493 2288 1787 853 313 131 109 47
is_linear=0
shrinkage=0.05


Tree=24
num_leaves=31
num_cat=0
split_feature=278 151 288 281 212 292 289 264 40 120 241 136 82 103 122 217 217 288 165 6 176 54 121 240 121 72 281 74 26 127
split_gain=5.00845e+06 1.99522e+06 1.43756e+06 1.42185e+06 1.94577e+06 1.30646e+06 810091 757089 1.06887e+06 872393 698883 686571 629543 717902 677160 1.18887e+06 697023 563458 648654 555310 538989 600603 556578 506885 653392 496384 491598 563024 545637 659541
threshold=413.47697448730474 5424.9750976562509 432.75000000000006 366.75000000000006 2841.2500000000005 278.50502014160162 -233.74999999999997 904.46777343750011 700.57888793945324 2282.7500000000005 2076.0000000000005 1963.0000000000002 472.83790588378912 446.27917480468756 -2825.7499999999995 -2014.7499999999998 -2270.7499999999995 142.25000000000003 -4857.1625976562491 3842.3034667968755 3090.0000000000005 547.78625488281261 3231.2500000000005 1504.2500000000002 1235.2500000000002 2200.5000000000005 125.25000000000001 996.56250000000011 402.55702209472662 -19.749999999999996
decision_type=2 2 2 2 2 2 2 2 2 2 2 2 2 2 2 2 2 2 2 2 2 2 2 2 2 2 2 2 2 2
left_child=5 2 6 -3 -5 -1 10 9 -9 -4 12 25 -2 -14 -15 16 -16 18 -8 -20 21 -13 -22 -7 -25 -11 27 28 -19 -30
right_child=1 3 7 4 -6 23 17 8 -10 11 -12 20 13 14 15 -17 -18 26 19 -21 22 -23 -24 24 -26 -27 -28 -29 29 -31
leaf_value=-1.0050575699568798 0.38859498001567344 20.112494459152224 1.5228690371010325 -0.9061725961918734 15.43435101673521 -0.1485874613548426 7.4813440779844926 -0.23828783830006919 13.172813812891642 5.3404951299939842 8.4074008682795931 4.1277368735671045 11.147326909928095 -3.234179838687655 5.0581169767039169 1.7475982057398423 16.214660921550934 -2.8300143744634547 -1.018881930723327 5.2055947756143039 13.761100136715434 -2.9972360508782523 4.199789849917094 11.705625581741334 1.1774144237594946 16.211863603194555 0.35917601008977929 4.9744240264247237 -0.3749779898015892 6.286920350609404
leaf_weight=6500 1100 20 721 49 29 11716 24 24 39 21 35 100 21 63 42 1330 21 69 1135 37 23 42 45 20 56 21 1734 133 85 66
leaf_count=6500 1100 20 721 49 29 11716 24 24 39 21 35 100 21 63 42 1330 21 69 1135 37 23 42 45 20 56 21 1734 133 85 66
internal_value=-2.75376e-09 1.1344 1.03423 8.21881 5.16915 -0.435911 0.732356 2.75193 8.06382 2.40799 1.38947 4.94042 1.29416 1.96858 1.8362 2.06551 8.77696 0.209543 -0.655746 -0.822375 3.77326 2.02035 7.43376 -0.122185 3.948 10.7762 0.705416 2.40621 0.853603 2.53685
internal_weight=25321 7029 6931 98 78 18292 5895 1036 63 973 2612 252 2577 1477 1456 1393 63 3283 1196 1172 210 142 68 11792 76 42 2087 353 220 151
internal_count=25321 7029 6931 98 78 18292 5895 1036 63 973 2612 252 2577 1477 1456 1393 63 3283 1196 1172 210 142 68 11792 76 42 2087 353 220 151
is_linear=0
shrinkage=0.05


Tree=25
num_leaves=31
num_cat=0
split_feature=292 264 287 247 246 289 106 268 287 283 287 277 5 33 264 292 204 285 288 82 152 275 182 178 191 36 233 79 112 0
split_gain=4.54052e+06 2.24631e+06 1.52039e+06 1.15593e+06 751784 743766 1.62467e+06 1.69524e+06 1.53558e+06 1.23356e+06 716859 706039 645434 819673 761899 787078 632769 604316 553690 537338 546696 949724 496576 776049 1.25881e+06 734648 760961 652982 478700 814958
threshold=542.71502685546886 337.29530334472662 1075.5000000000002 1722.0000000000002 1276.0000000000002 -674.74999999999989 1593.2500000000002 -973.74999999999989 -150.74999999999997 -671.24999999999989 -665.49999999999989 4037.757446289063 405.36363220214849 403.78977966308599 342.02426147460943 472.62278747558599 2217.0000000000005 188.13775634765628 299.75000000000006 389.18876647949224 371.92245483398443 -111.24999999999999 -1282.7499999999998 -1070.7499999999998 -945.74999999999989 -187.24999999999997 -617.24999999999989 -2241.7499999999995 1656.0000000000002 2334.2500000000005
decision_type=2 2 2 2 2 2 2 2 2 2 2 2 2 2 2 2 2 2 2 2 2 2 2 2 2 2 2 2 2 2
left_child=1 4 5 -4 17 6 -2 9 10 -8 -9 12 -3 14 -14 19 22 -1 28 -16 21 -21 -15 24 25 27 -27 -24 29 -7
right_child=2 11 3 -5 -6 18 7 8 -10 -11 -12 -13 13 16 15 -17 -18 -19 -20 20 -22 -23 23 -25 -26 26 -28 -29 -30 -31
leaf_value=-1.6782590135581559 1.1523678171137968 -0.064470818972793123 3.687691549460093 19.75068819863456 2.869162272876256 0.91071972268696288 8.6708108295093886 6.2427634783413097 14.845889043807984 25.828076186180112 -5.490001253286998 7.9535478369394941 11.173411389191946 -1.1174908366242127 -0.22747966392709335 7.1254970578586354 6.8023967033777488 -0.60275419752579873 2.4955361539717349 16.10655888915062 2.01693579128399 0.69776627004146574 7.3155761498671312 0.43636260594415477 15.631912445425989 14.735755240349542 1.1081840896606445 -1.658320140514685 -0.94637451988016341 6.041973822858445
leaf_weight=1499 171 6235 24 21 146 772 22 23 24 20 30 30 24 476 253 68 39 10150 900 20 207 20 26 3599 20 21 20 92 283 86
leaf_count=1499 171 6235 24 21 146 772 22 23 24 20 30 30 24 476 253 68 39 10150 900 20 207 20 26 3599 20 21 20 92 283 86
internal_value=-1.55046e-10 -0.215457 2.08067 11.1838 -0.696462 1.90493 4.27434 8.76054 4.35305 16.8409 -0.398424 0.293372 0.272706 0.703063 2.44719 2.07847 0.46255 -0.741151 1.56827 1.39208 3.05098 8.40216 0.404428 0.596178 3.80945 2.32235 8.08816 0.318979 0.836864 1.42504
internal_weight=25321 22945 2376 45 11795 2331 290 119 77 42 53 11150 11120 4885 592 568 4293 11649 2041 500 247 40 4254 3778 179 159 41 118 1141 858
internal_count=25321 22945 2376 45 11795 2331 290 119 77 42 53 11150 11120 4885 592 568 4293 11649 2041 500 247 40 4254 3778 179 159 41 118 1141 858
is_linear=0
shrinkage=0.05


Tree=26
num_leaves=31
num_cat=0
split_feature=264 151 281 212 5 240 254 269 292 253 261 232 268 145 198 212 43 274 288 268 219 254 253 131 201 219 234 289 237 215
split_gain=4.13448e+06 1.75846e+06 1.26398e+06 1.77797e+06 1.02077e+06 962702 865494 1.08054e+06 846648 800968 868785 1.12655e+06 1.55293e+06 1.78491e+06 710563 775066 739639 676235 638773 563050 1.35721e+06 539052 648492 626704 859163 1.31773e+06 932241 532639 539203 482409
threshold=398.03488159179693 5424.9750976562509 366.75000000000006 2841.2500000000005 241.64802551269534 540.50000000000011 -329.24999999999994 720.25000000000011 562.74551391601574 115.25000000000001 -164.74999999999997 -172.24999999999997 -351.74999999999994 443.81663513183599 297.25000000000006 443.75000000000006 -956.24999999999989 1231.7500000000002 19.250000000000004 -671.74999999999989 323.25000000000006 -1081.7499999999998 -139.74999999999997 430.81007385253912 443.55773925781256 -1744.2499999999998 -22.749999999999996 -283.74999999999994 1993.296569824219 679.19335937500011
decision_type=2 2 2 2 2 2 2 2 2 2 2 2 2 2 2 2 2 2 2 2 2 2 2 2 2 2 2 2 2 2
left_child=4 5 -3 -4 -1 6 7 9 18 21 11 12 -11 -14 17 16 -16 -8 -6 20 -13 23 -23 -2 25 -25 -26 28 -20 -17
right_child=1 2 3 -5 8 -7 14 -9 -10 10 -12 19 13 -15 15 29 -18 -19 27 -21 -22 22 -24 24 26 -27 -28 -29 -30 -31
leaf_value=-1.1517505290779959 -0.34413478798674846 18.820722541809083 -1.0306624918567893 14.763635499988283 -1.5479506239632901 2.046957514135848 -0.65612269762949671 11.475634611308575 9.151769806444646 1.7252654468330246 -0.32558782771229744 0.99271723926067357 3.5873043327331544 21.079726657015939 10.837582676498979 -0.33321091993819801 2.2469696379427253 7.9661068105179327 0.5536258161576153 1.1769346004710513 16.235719093032507 -0.35566846355363002 1.5089975774108519 17.342649383130283 1.3805596134200917 3.5232839562754701 10.559690547811575 -0.28821802447182837 8.4309483473951161 7.214568068764426
leaf_weight=3888 274 20 49 28 882 1387 2015 25 24 48 156 40 25 35 27 561 348 23 1730 213 23 1377 705 23 599 69 29 10654 22 22
leaf_count=3888 274 20 49 28 882 1387 2015 25 24 48 156 40 25 35 27 561 348 23 1730 213 23 1377 705 23 599 69 29 10654 22 22
internal_value=-1.23225e-09 0.929821 7.62159 4.71272 -0.439016 0.848926 0.598562 1.1165 -0.23085 1.04488 2.82095 4.09923 8.42857 13.7912 -0.0308803 1.09222 2.86549 -0.558816 -0.247796 2.40514 6.55762 0.733085 0.275739 1.69103 2.46552 6.97813 1.80444 -0.155362 0.652542 -0.0483891
internal_weight=25321 8121 97 77 17200 8024 6637 3641 13312 3616 540 384 108 60 2996 958 375 2038 13288 276 63 3076 2082 994 720 92 628 12406 1752 583
internal_count=25321 8121 97 77 17200 8024 6637 3641 13312 3616 540 384 108 60 2996 958 375 2038 13288 276 63 3076 2082 994 720 92 628 12406 1752 583
is_linear=0
shrinkage=0.05


Tree=27
num_leaves=31
num_cat=0
split_feature=292 257 287 245 250 165 257 250 130 289 250 287 243 216 12 33 257 5 253 184 108 254 292 232 5 283 65 250 249 281
split_gain=3.73711e+06 1.87557e+06 1.32007e+06 1.03282e+06 673204 735367 666100 723910 648685 642073 1.41356e+06 1.0884e+06 769532 1.33385e+06 621202 1.72893e+06 724587 1.21326e+06 614884 550415 604068 581480 541939 513500 495467 493551 541750 574656 517079 491925
threshold=542.71502685546886 343.77383422851568 1075.5000000000002 2090.5000000000005 353.96441650390631 2875.322387695313 381.30377197265631 390.11970520019537 5006.8923339843759 -674.74999999999989 797.33575439453136 -562.24999999999989 594.14135742187511 1965.093933105469 420.03863525390631 413.93663024902349 393.86494445800787 459.31520080566412 1224.2500000000002 -30.249999999999996 -1477.2499999999998 -122.24999999999999 188.13775634765628 -74.749999999999986 495.52513122558599 169.75000000000003 -3916.2499999999995 485.79940795898443 966.61749267578136 352.75000000000006
decision_type=2 2 2 2 2 2 2 2 2 2 2 2 2 2 2 2 2 2 2 2 2 2 2 2 2 2 2 2 2 2
left_child=1 18 9 -4 5 24 -6 14 19 10 12 23 13 -2 29 -16 -17 -18 22 21 -21 -9 -1 -12 -3 -11 -27 28 -28 -8
right_child=2 4 3 -5 6 -7 7 8 -10 25 11 -13 -14 -15 15 16 17 -19 -20 20 -22 -23 -24 -25 -26 26 27 -29 -30 -31
leaf_value=-1.5414744054814182 1.7515579982868676 1.1200265955183681 3.5946765403747558 18.838855305910112 -0.55478705730171052 10.997986955642702 0.26225813170181905 0.21299705879870015 7.5716651725769042 0.84627157054133273 10.084490123987198 16.45009832873064 -1.8000191770320715 14.425546429707452 17.537128709121184 -0.17848951288105286 15.334951164245608 1.6504797051782196 2.3339293917247228 7.0031563482786483 0.65382758904634153 -1.179330924498726 -0.5273269349403521 -1.1100786572410948 7.4410845607519152 9.4269978770503293 13.066045136885212 1.7809417143249513 3.0431277621176935 3.942940938420918
leaf_weight=1500 103 993 25 20 2396 20 431 2501 30 1336 20 34 86 26 22 97 25 46 175 38 2637 1071 10816 21 32 27 22 625 31 115
leaf_count=1500 103 993 25 20 2396 20 431 2501 30 1336 20 34 86 26 22 97 25 46 175 38 2637 1071 10816 21 32 27 22 625 31 115
internal_value=-2.64146e-09 -0.195469 1.88764 10.3699 0.298672 1.50264 0.164954 0.410855 0.236905 1.72389 3.92536 9.83575 1.8636 4.30601 1.89439 4.35684 2.63085 6.46896 -0.609026 0.201682 0.744024 -0.204467 -0.650843 4.35069 1.31737 1.41109 2.48143 2.20484 7.20358 1.03749
internal_weight=25321 22945 2376 45 10454 1045 9409 7013 6277 2331 290 75 215 129 736 190 168 71 12491 6247 2675 3572 12316 41 1025 2041 705 678 53 546
internal_count=25321 22945 2376 45 10454 1045 9409 7013 6277 2331 290 75 215 129 736 190 168 71 12491 6247 2675 3572 12316 41 1025 2041 705 678 53 546
is_linear=0
shrinkage=0.05


Tree=28
num_leaves=31
num_cat=0
split_feature=264 151 281 212 288 289 246 266 254 282 40 253 239 260 194 13 233 261 201 110 176 288 247 254 131 201 219 234 253 166
split_gain=3.40331e+06 1.49577e+06 1.1277e+06 1.56357e+06 887224 951189 835151 715330 713739 1.04613e+06 711164 692584 633225 630411 1.10766e+06 1.73274e+06 1.21069e+06 616381 537761 734765 500572 498451 491019 484932 569358 786119 1.21276e+06 753566 486554 484420
threshold=398.03488159179693 5424.9750976562509 366.75000000000006 2841.2500000000005 197.75000000000003 -105.74999999999999 905.75000000000011 -262.24999999999994 -329.24999999999994 344.25000000000006 581.48425292968761 115.25000000000001 1074.2500000000002 228.75000000000003 501.99871826171881 1120.4934082031252 -773.24999999999989 -799.74999999999989 255.98751068115237 245.81649017333987 256.25000000000006 93.750000000000014 -989.24999999999989 -1081.7499999999998 430.81007385253912 443.55773925781256 -1567.2499999999998 -22.749999999999996 -139.74999999999997 547.78625488281261
decision_type=2 2 2 2 2 2 2 2 2 2 2 2 2 2 2 2 2 2 2 2 2 2 2 2 2 2 2 2 2 2
left_child=4 6 -3 -4 5 -1 8 10 9 11 -8 23 -6 14 -13 16 -16 -10 19 -14 -18 -19 -15 24 -2 26 -26 -27 -25 -9
right_child=1 2 3 -5 12 -7 7 29 17 -11 -12 13 18 22 15 -17 20 21 -20 -21 -22 -23 -24 28 25 27 -28 -29 -30 -31
leaf_value=-0.24136276837265527 -0.40079211897176248 17.593551883697511 -1.1182222161974227 13.693208388771332 0.0080059409633503782 -1.1066811640562964 3.5748365491044289 0.97855993626557025 5.8625108666891279 11.61111723340076 14.699423407018186 1.6964419452767623 0.90309663853224587 5.5512989067449805 23.374231796037584 1.4200979124416007 2.9498488460481167 -1.3341909893493231 1.2581352940608459 11.376433938922304 14.002601650782996 0.21468980202992693 -0.4848559081022229 -0.35701666081102218 13.746530233489143 1.2647174021219851 1.9838545843958855 9.6562214476721628 1.2629153087724518 2.9370368618378313
leaf_weight=7674 276 20 49 28 3594 5418 51 1042 43 23 20 190 34 41 21 55 20 691 447 33 21 2092 189 1376 36 601 56 28 699 453
leaf_count=7674 276 20 49 28 3594 5418 51 1042 43 23 20 190 34 41 21 55 20 691 447 33 21 2092 189 1376 36 601 56 28 699 453
internal_value=-3.78085e-09 0.843607 7.01534 4.26775 -0.39831 -0.599467 0.768998 1.80488 0.517807 0.981472 6.70852 0.91373 0.242767 2.5704 4.05322 7.88048 13.6115 -0.0780987 1.88427 6.06161 8.61101 -0.169887 0.591154 0.624136 1.53041 2.26968 6.58664 1.63827 0.188686 1.572
internal_weight=25321 8121 97 77 17200 13092 8024 1566 6458 3632 71 3609 4108 537 307 117 62 2826 514 67 41 2783 230 3072 997 721 92 629 2075 1495
internal_count=25321 8121 97 77 17200 13092 8024 1566 6458 3632 71 3609 4108 537 307 117 62 2826 514 67 41 2783 230 3072 997 721 92 629 2075 1495
is_linear=0
shrinkage=0.05


Tree=29
num_leaves=31
num_cat=0
split_feature=264 151 289 5 240 267 254 254 246 229 292 198 267 208 212 10 288 282 253 254 151 81 194 88 85 267 5 47 96 36
split_gain=3.07149e+06 1.34993e+06 1.03315e+06 827257 764171 731628 1.05343e+06 751227 1.08445e+06 724804 693426 590204 789505 633409 625402 583320 571177 515977 489554 626341 605389 813345 588883 1.1672e+06 1.20277e+06 1.6338e+06 501438 629755 747611 553677
threshold=398.03488159179693 5424.9750976562509 -722.24999999999989 241.64802551269534 540.50000000000011 1247.7500000000002 384.25000000000006 -296.74999999999994 773.25000000000011 644.34121704101574 562.74551391601574 297.25000000000006 -178.74999999999997 679.19335937500011 323.75000000000006 725.75000000000011 19.250000000000004 344.25000000000006 34.250000000000007 -823.24999999999989 2939.039916992188 2943.907592773438 547.78625488281261 -765.10998535156239 -1537.2499999999998 232.75000000000003 377.87614440917974 381.55908203125006 380.44500732421881 207.25000000000003
decision_type=2 2 2 2 2 2 2 2 2 2 2 2 2 2 2 2 2 2 2 2 2 2 2 2 2 2 2 2 2 2
left_child=3 4 -3 -1 5 7 -7 8 17 -4 16 -9 -13 14 -14 -10 -5 18 19 26 21 22 -20 24 -24 -26 -2 28 -28 -29
right_child=1 2 9 10 -6 6 -8 11 15 -11 -12 12 13 -15 -16 -17 -18 -19 20 -21 -22 -23 23 -25 25 -27 27 29 -30 -31
leaf_value=-1.0200242137056372 -0.5817934410646558 15.421708909511565 11.441787397293817 -1.435771349716146 1.7979241411249332 13.336973739553381 0.5550051188468933 -0.67302872217779908 3.6661455674303904 0.40477092967313882 8.3002762774626415 9.0000483595091723 2.4749693595528601 8.3004311488224918 -0.50600086691654489 14.932289388179781 -0.11892508776096787 8.6331638222648994 1.2103008750265749 -0.33378160055514622 -1.3972719461098313 11.912923942912709 0.62718142975460411 1.6170500428503396 25.346739897727968 5.3786526430220833 13.436258798837663 0.49406518718865367 1.9103062875130599 2.6816960465312323
leaf_weight=3888 336 25 21 882 1387 27 40 1882 27 51 24 29 250 26 594 20 12406 21 472 1317 120 22 22 117 20 21 24 742 34 474
leaf_count=3888 336 25 21 882 1387 27 40 1882 27 51 24 29 250 26 594 20 12406 21 472 1317 120 22 22 117 20 21 24 742 34 474
internal_value=-2.92714e-09 0.801426 6.66457 -0.378394 0.730548 0.507488 5.70595 0.454475 0.912523 3.6239 -0.190995 -0.169597 0.884305 0.61378 0.376988 8.46025 -0.206332 0.817722 0.773615 0.474912 1.87475 2.45731 2.13825 4.57155 10.0585 15.1192 1.13643 1.58959 6.67967 1.34681
internal_weight=25321 8121 97 17200 8024 6637 67 6570 3789 72 13312 2781 899 870 844 47 13288 3742 3721 2927 794 674 652 180 63 41 1610 1274 58 1216
internal_count=25321 8121 97 17200 8024 6637 67 6570 3789 72 13312 2781 899 870 844 47 13288 3742 3721 2927 794 674 652 180 63 41 1610 1274 58 1216
is_linear=0
shrinkage=0.05


Tree=30
num_leaves=31
num_cat=0
split_feature=292 292 257 288 29 131 282 46 93 5 198 127 247 78 141 218 222 85 166 166 250 26 289 109 82 103 222 120 257 281
split_gain=2.80036e+06 1.44141e+06 1.50885e+06 753760 751571 1.4977e+06 796447 660200 609199 606661 566395 843341 796984 565318 877004 1.44997e+06 1.40149e+06 735677 554545 582145 545683 510403 502291 922245 556920 966420 652579 544905 872472 639648
threshold=362.70800781250006 630.97421264648449 461.59492492675787 140.75000000000003 4803.2500000000009 719.73504638671886 -448.24999999999994 5110.5000000000009 4543.5000000000009 247.2595138549805 2091.7500000000005 2736.0000000000005 -657.24999999999989 2583.5000000000005 1980.2500000000002 545.75000000000011 488.82228088378912 2789.2500000000005 322.82438659667974 394.04580688476568 275.28753662109381 581.48425292968761 -209.74999999999997 -4521.2299804687491 475.17919921875006 446.27917480468756 501.99871826171881 -1473.7499999999998 441.10612487792974 37.750000000000007
decision_type=2 2 2 2 2 2 2 2 2 2 2 2 2 2 2 2 2 2 2 2 2 2 2 2 2 2 2 2 2 2
left_child=9 3 -3 7 10 6 -6 22 -8 -1 11 -4 -13 20 15 -15 -17 -18 -16 -20 -5 -12 24 -24 -2 -26 27 28 -27 -29
right_child=1 2 4 13 5 -7 8 -9 -10 -11 21 12 -14 14 18 16 17 -19 19 -21 -22 -23 23 -25 25 26 -28 29 -30 -31
leaf_value=-0.96706304659150077 -0.21477937048034398 15.287156765027479 1.5536421837421912 7.5907025445784839 -2.6865749848194613 15.715182672697921 0.96991738818940654 7.6987634040691235 12.748756956017537 -0.25178165588507179 -4.8036474016846213 15.454606262842814 3.7383012969443139 -0.70234848672693428 6.4768025506110423 3.6929527954852328 22.571003161777153 9.321124606132507 -2.2848238816336983 2.0669702753802848 0.59167071565640117 2.7038701587253149 8.1716753755296985 -0.98063224162940854 12.219141252934932 15.534293127059938 -0.25447072613326943 0.16878865591636519 1.2551892254663553 4.621207824506258
leaf_weight=4195 1739 22 790 28 39 29 21 27 23 10105 61 21 47 55 42 47 22 20 126 197 5153 36 28 1622 20 20 425 205 23 133
leaf_count=4195 1739 22 790 28 39 29 21 27 23 10105 61 21 47 55 42 47 22 20 126 197 5153 36 28 1622 20 20 425 205 23 133
internal_value=8.25308e-10 0.598955 2.32581 0.409612 2.05857 5.93351 2.51582 -0.0948616 7.12704 -0.461614 1.60413 2.01355 7.35657 0.785707 2.37575 5.68003 9.62419 16.2615 1.07214 0.369366 0.629496 -2.01735 -0.144785 -0.82532 0.292986 1.362 1.09259 2.59522 7.89663 1.92078
internal_weight=25321 11021 1089 9932 1067 112 83 4242 44 14300 955 858 68 5690 509 144 89 42 365 323 5181 97 4215 1650 2565 826 806 381 43 338
internal_count=25321 11021 1089 9932 1067 112 83 4242 44 14300 955 858 68 5690 509 144 89 42 365 323 5181 97 4215 1650 2565 826 806 381 43 338
is_linear=0
shrinkage=0.05


Tree=31
num_leaves=31
num_cat=0
split_feature=264 289 4 288 275 57 36 55 280 288 289 253 268 281 289 130 282 254 253 254 240 229 32 82 152 64 100 240 291 103
split_gain=2.53478e+06 1.34109e+06 1.53852e+06 794420 766451 739682 1.46403e+06 931869 695220 689211 843084 673805 1.36158e+06 675315 612702 553009 550316 661196 1.04812e+06 846994 822269 780592 1.31127e+06 553908 640885 945049 634920 557316 542739 534653
threshold=383.55644226074224 -674.74999999999989 6207.4450683593759 217.75000000000003 -1499.7499999999998 3954.5000000000005 2501.7500000000005 3099.876586914063 -180.24999999999997 102.75000000000001 -89.749999999999986 2548.2500000000005 1189.7500000000002 18.250000000000004 -105.74999999999999 -1683.825012207031 -509.24999999999994 -317.74999999999994 -116.24999999999999 -666.24999999999989 540.50000000000011 542.71502685546886 -594.12750244140614 472.83790588378912 436.72903442382818 472.25000000000006 209.50000000000003 -682.74999999999989 1497.0799560546877 557.84716796875011
decision_type=2 2 2 2 2 2 2 2 2 2 2 2 2 2 2 2 2 2 2 2 2 2 2 2 2 2 2 2 2 2
left_child=4 2 5 14 -1 6 8 -8 -2 10 -6 13 -13 -5 16 -16 -3 18 19 23 -19 29 -23 27 -25 -26 -27 -18 -11 -20
right_child=1 3 -4 11 9 -7 7 -9 -10 28 -12 12 -14 -15 15 -17 17 20 21 -21 -22 22 -24 24 25 26 -28 -29 -30 -31
leaf_value=6.2878953387570942 0.90460675354453102 -0.6198881155883178 14.691446835654123 3.5282377093464135 -0.39837636646739288 -5.1193877844974915 19.43029396414757 5.6721727922558784 6.9700317993498686 -0.19818875964349886 -1.531674381763112 -1.8502832125872375 14.517453224018769 0.82992226152997284 1.4535113897858833 -1.4910880482789368 -0.71519308901895573 -0.57355660364565642 2.5766127316033947 -1.9909616024068844 2.0933098138097783 14.539196321699354 3.4944442914341987 10.768914140701295 0.61693329215049753 13.583484365321972 2.6363895214520969 3.8236366596817977 1.2457392478424336 -3.4543858222663406
leaf_weight=43 276 997 28 250 5685 29 20 32 57 7351 2307 24 27 3199 196 855 331 1284 452 266 373 36 106 25 180 27 26 85 714 40
leaf_count=43 276 997 28 250 5685 29 20 32 57 7351 2307 24 27 3199 196 855 331 1284 452 266 373 36 106 25 180 27 26 85 714 40
internal_value=-9.65896e-10 0.661034 3.34836 0.525733 -0.378596 2.5812 3.16124 10.9638 1.94283 -0.396448 -0.725518 1.10987 6.81499 1.02551 0.138448 -0.941952 0.407015 0.72389 1.45777 0.398144 0.02677 3.02883 6.29452 1.34103 3.16113 2.34484 8.21321 0.212212 -0.0703568 2.08629
internal_weight=25321 9221 442 8779 16100 414 385 52 333 16057 7992 3500 51 3449 5279 1051 4228 3231 1574 940 1657 634 142 674 258 233 53 416 8065 492
internal_count=25321 9221 442 8779 16100 414 385 52 333 16057 7992 3500 51 3449 5279 1051 4228 3231 1574 940 1657 634 142 674 258 233 53 416 8065 492
is_linear=0
shrinkage=0.05


Tree=32
num_leaves=31
num_cat=0
split_feature=257 292 236 126 219 275 263 93 194 12 109 178 253 250 158 257 247 98 173 192 183 30 20 237 237 126 127 250 12 54
split_gain=2.31331e+06 1.26613e+06 1.46853e+06 661488 1.28787e+06 1.06931e+06 926548 651136 1.17483e+06 628544 607937 705529 586585 573231 753876 618102 582633 856273 544360 571464 617660 633696 600073 1.01013e+06 566257 541506 666819 534675 721151 1.27392e+06
threshold=343.77383422851568 661.46316528320324 404.94261169433599 1888.2500000000002 -1293.4999999999998 -1499.7499999999998 1559.3499755859377 4543.5000000000009 679.19335937500011 661.46316528320324 5139.5576171875009 1643.0000000000002 1486.5000000000002 353.96441650390631 2905.075073242188 380.01058959960943 1722.0000000000002 2154.0000000000005 557.84716796875011 2004.2500000000002 1298.7500000000002 573.25000000000011 3402.420043945313 13.153297424316408 787.75216674804699 3477.5000000000005 2856.7500000000005 390.11970520019537 420.03863525390631 402.55702209472662
decision_type=2 2 2 2 2 2 2 2 2 2 2 2 2 2 2 2 2 2 2 2 2 2 2 2 2 2 2 2 2 2
left_child=12 10 -3 18 -5 -6 -7 9 -9 25 13 -12 -1 14 -2 -15 27 -18 -4 20 22 -22 24 -24 -20 26 -8 28 -17 -30
right_child=1 2 3 4 5 6 7 8 -10 -11 11 -13 -14 15 -16 16 17 -19 19 -21 21 -23 23 -25 -26 -27 -28 -29 29 -31
leaf_value=-0.50838522636576866 1.2409097663559576 15.356373752866473 -2.6853975254435873 14.750167369842529 -7.676412395997481 12.953419171541931 -1.8013454107137825 16.04750048181285 -0.5221045255661011 7.7432322906725339 12.531693400036206 0.74322913308938343 4.3284632752812104 -0.52086315799852301 11.042060165405275 0.71646679584664286 12.878950801103011 0.77150507450103767 -0.0425180681882808 -6.2437443559820007 11.937814235687256 2.53907663669992 14.575615365164621 -1.1253277301788331 7.7691457386016856 -4.3237118726081034 6.2856539847850801 0.23759465231198862 14.284901177441633 2.620818739790808
leaf_weight=12437 1031 21 86 25 22 25 52 23 20 33 22 30 63 2311 20 589 23 40 322 22 29 47 21 20 25 47 50 7662 27 176
leaf_count=12437 1031 21 86 25 22 25 52 23 20 33 22 30 63 2311 20 589 23 40 322 22 29 47 21 20 25 47 50 7662 27 176
internal_value=-3.84754e-10 0.471889 2.29114 1.97541 3.88984 2.89165 3.82164 2.807 8.34071 1.49959 0.336181 5.73066 -0.484008 0.312567 1.42742 0.204356 0.401137 5.19168 0.981374 1.63023 2.00356 6.12544 1.19618 6.91662 0.520282 0.116767 2.16287 0.365437 1.60222 4.1722
internal_weight=25321 12821 890 869 297 272 250 225 43 182 11931 52 12500 11879 1051 10828 8517 63 572 486 464 76 388 41 347 149 102 8454 792 203
internal_count=25321 12821 890 869 297 272 250 225 43 182 11931 52 12500 11879 1051 10828 8517 63 572 486 464 76 388 41 347 149 102 8454 792 203
is_linear=0
shrinkage=0.05


Tree=33
num_leaves=31
num_cat=0
split_feature=131 289 4 288 64 127 289 247 274 44 217 281 280 37 171 164 288 289 234 22 24 4 227 217 198 251 134 221 274 96
split_gain=2.12593e+06 1.31979e+06 1.33657e+06 1.01382e+06 916602 1.45543e+06 752298 744067 846663 819304 686571 659257 651403 648944 588493 810943 566041 573400 552937 535910 582331 488302 485516 1.08815e+06 910075 840936 484730 479909 450785 563245
threshold=350.77154541015631 -674.74999999999989 6207.4450683593759 217.75000000000003 3667.5000000000005 2616.7500000000005 -105.74999999999999 1722.0000000000002 1166.0000000000002 3840.7500000000005 2130.2500000000005 3.7500000000000004 -278.24999999999994 1763.5000000000002 -276.49999999999994 -427.74999999999994 136.75000000000003 -91.249999999999986 1822.7500000000002 1.0000000180025095e-35 1118.5000000000002 3603.8325195312505 -827.74999999999989 -777.24999999999989 -543.24999999999989 -1402.5827636718748 558.25000000000011 3688.6049804687505 -328.74999999999994 461.98585510253912
decision_type=2 2 2 2 2 2 2 2 2 2 2 2 2 2 2 2 2 2 2 2 2 2 2 2 2 2 2 2 2 2
left_child=10 2 4 6 5 12 22 11 -9 13 16 -5 14 -10 15 -2 17 -1 -12 -14 -21 -18 28 24 25 -24 -27 -23 -3 -30
right_child=1 3 -4 7 -6 -7 -8 8 9 -11 18 -13 19 -15 -16 -17 21 -19 -20 20 -22 27 23 -25 -26 26 -28 -29 29 -31
leaf_value=-0.41484383773322736 1.6136354592831239 -2.4125291894132443 13.667355646405902 3.3472034311398517 -6.7050730448502769 16.131869627274575 -0.86108533194779757 -2.3626061153411864 11.349355907440186 16.596750536419098 10.061941895118126 0.73493757747677124 0.1146684311054371 -0.73419948577880856 -1.9669466317302051 11.571761620563009 -0.10289086995080586 -1.2859175552544917 1.4151992436498404 14.471384917035699 4.6958028076550899 5.855915242247284 9.9728129135839865 0.28656714019550916 11.677155661582947 0.99910771627969375 7.1225638884637092 -3.0173608446121216 -1.2415059430431352 1.5543306261159575
leaf_weight=5431 184 275 28 258 26 20 1809 25 20 21 26 3782 27 25 99 23 4698 2897 64 25 39 64 33 4287 28 316 36 20 419 316
leaf_count=5431 184 275 28 258 26 20 1809 25 20 21 26 3782 27 25 99 23 4698 2897 64 25 39 64 33 4287 28 316 36 20 419 316
internal_value=-1.09496e-11 0.478103 3.07291 0.373197 2.40328 2.97119 0.0274685 1.00247 5.47361 8.44188 -0.439022 0.90176 2.30818 4.63627 1.2037 2.72009 -0.468899 -0.717858 3.91315 6.02216 8.51439 -0.0353304 0.308974 0.522704 2.97383 2.34087 1.62537 3.74323 -0.685612 -0.0394864
internal_weight=25321 12121 471 11650 443 417 7519 4131 91 66 13200 4040 397 45 306 207 13110 8328 90 91 64 4782 5710 4700 413 385 352 84 1010 735
internal_count=25321 12121 471 11650 443 417 7519 4131 91 66 13200 4040 397 45 306 207 13110 8328 90 91 64 4782 5710 4700 413 385 352 84 1010 735
is_linear=0
shrinkage=0.05


Tree=34
num_leaves=31
num_cat=0
split_feature=131 289 4 288 64 106 121 289 78 22 217 237 201 126 139 288 116 151 169 289 89 96 269 227 288 75 43 223 243 0
split_gain=1.92788e+06 1.15124e+06 1.2307e+06 888172 761874 1.29553e+06 1.37183e+06 737778 704326 706177 676195 653287 559435 537910 781718 526836 526005 1.41544e+06 537522 501700 485179 1.41012e+06 1.14772e+06 567698 514155 477123 477041 601432 466430 577013
threshold=342.18649291992193 -674.74999999999989 6207.4450683593759 317.25000000000006 3667.5000000000005 1593.2500000000002 1102.2500000000002 -175.24999999999997 2583.5000000000005 2036.2500000000002 2130.2500000000005 1507.2932128906252 341.23670959472662 -1558.4999999999998 -1655.0045166015623 136.75000000000003 -667.85498046874989 -393.10499572753901 217.25000000000003 -123.24999999999999 502.09635925292974 502.09635925292974 -104.74999999999999 -795.24999999999989 42.750000000000007 509.76542663574224 2767.7500000000005 1821.1109619140627 475.07818603515631 1008.2500000000001
decision_type=2 2 2 2 2 2 2 2 2 2 2 2 2 2 2 2 2 2 2 2 2 2 2 2 2 2 2 2 2 2
left_child=10 2 4 7 5 16 -7 20 13 -10 15 -8 -12 14 -5 19 -2 -18 28 -1 23 22 -22 -3 -23 -24 27 -11 -19 -30
right_child=1 3 -4 8 -6 6 11 -9 9 26 12 -13 -14 -15 -16 -17 17 18 -20 -21 21 24 25 -25 -26 -27 -28 -29 29 -31
leaf_value=-0.32947374114732919 -0.82376779857519511 -1.0683958481946834 12.983987976610662 1.0626938688902208 -5.9616946008470322 19.92661584854126 -2.2942739305042088 -0.30689865920300546 9.2142870781033537 2.8244142587979635 8.0018842338129534 9.0551857057958838 -0.063508226705151938 0.54520377865361913 7.129115413563162 -0.039572678166112971 15.719127149581908 7.3458151109078358 -1.9133924664873065 -1.1289638761834986 14.083704376220703 -1.2442532207749109 7.6701575415475034 0.54794214188871782 1.4172114382339751 -2.7539231341818109 3.2527860233960326 -7.7948359628518418 -2.1411396913230418 6.9955916069172055
leaf_weight=3968 148 665 28 162 27 20 21 5035 43 30 43 32 43 1920 79 4364 20 51 66 3882 38 220 21 2967 1036 23 270 24 48 27
leaf_count=3968 148 665 28 162 27 20 21 5035 43 30 43 32 43 1920 79 4364 20 51 66 3882 38 220 21 2967 1036 23 270 24 48 27
internal_value=-2.55792e-09 0.424033 2.80662 0.331262 2.18712 2.69525 8.76875 0.119684 1.16862 3.1938 -0.448889 4.55823 3.96919 0.824687 3.05127 -0.479997 1.46368 3.06057 1.74197 -0.724839 0.551845 1.36578 7.71846 0.251999 0.951031 2.22121 2.39478 -1.89525 3.65669 1.14808
internal_weight=25321 13021 488 12533 460 433 73 10005 2528 367 12300 53 86 2161 241 12214 360 212 192 7850 4970 1338 82 3632 1256 44 324 54 126 75
internal_count=25321 13021 488 12533 460 433 73 10005 2528 367 12300 53 86 2161 241 12214 360 212 192 7850 4970 1338 82 3632 1256 44 324 54 126 75
is_linear=0
shrinkage=0.05


Tree=35
num_leaves=31
num_cat=0
split_feature=292 89 282 123 0 274 2 289 288 110 281 112 150 208 191 264 149 234 3 213 10 287 253 273 106 289 254 155 86 78
split_gain=1.75199e+06 996320 915318 813068 645484 511454 661065 507983 499624 683482 468570 449370 528339 608166 451645 438567 433300 501597 416755 1.49673e+06 1.5481e+06 583397 771525 563056 1.25195e+06 819834 553452 620801 531192 490073
threshold=542.71502685546886 335.51869201660162 835.00000000000011 2964.5175781250005 4390.2500000000009 347.75000000000006 -2487.2499999999995 -114.74999999999999 19.250000000000004 326.83834838867193 1638.2500000000002 -1134.2499999999998 -2017.7499999999998 280.35546875000006 -1660.7499999999998 414.92681884765631 -1740.4999999999998 -1782.7499999999998 3218.2500000000005 -733.74999999999989 3181.5000000000005 -389.74999999999994 2548.2500000000005 585.25000000000011 -1908.7499999999998 -674.74999999999989 223.75000000000003 1341.5000000000002 1315.2500000000002 2223.5000000000005
decision_type=2 2 2 2 2 2 2 2 2 2 2 2 2 2 2 2 2 2 2 2 2 2 2 2 2 2 2 2 2 2
left_child=1 5 10 -4 8 6 11 -6 9 -3 15 12 13 -1 -15 -2 -10 -18 23 -20 -21 -22 -23 28 -25 -26 27 -27 -17 -30
right_child=2 4 3 -5 7 -7 -8 -9 16 -11 -12 -13 -14 14 -16 18 17 -19 19 20 21 22 -24 24 25 26 -28 -29 29 -31
leaf_value=11.948624710809618 7.4535919223512925 5.1691960298098056 0.69764894366264352 14.10709236585177 12.161069917678834 0.21604967201996506 -0.70876879982609109 1.026797544388544 -0.85685423624099188 -1.67615063672291 -5.1613798297684772 8.8316302707046273 -0.082531937880393799 -1.3757650256156921 7.9954635895416146 0.91958632734625834 7.0241817057132723 0.3226116050267569 12.823396173571096 12.395096735800466 -4.0437013219904019 0.70818225510120403 9.0708950842580496 14.078884350735208 10.924778399260148 1.6948088337074627 -0.42307545213863773 12.318971951007844 -3.9260054463047092 0.21098445172083902
leaf_weight=21 28 39 20 26 20 2232 8912 21 816 561 29 20 234 36 20 1290 28 9985 33 31 54 250 31 23 23 44 174 20 118 182
leaf_count=21 28 39 20 26 20 2232 8912 21 816 561 29 20 234 36 20 1290 28 9985 33 31 54 250 31 23 23 44 174 20 118 182
internal_value=-7.36036e-10 -0.133837 1.29246 8.2769 0.195713 -0.463242 -0.627277 6.45815 0.173247 -1.2312 1.15457 1.56684 1.09965 4.69224 1.9711 1.23417 0.251063 0.341352 1.15755 2.62482 1.70528 0.71607 1.63076 0.845153 2.89585 1.91037 1.03923 5.01486 0.478866 -1.41623
internal_weight=25321 22945 2376 46 11470 11475 9243 41 11429 600 2330 331 311 77 56 2301 10829 10013 2273 399 366 335 281 1874 284 261 238 64 1590 300
internal_count=25321 22945 2376 46 11470 11475 9243 41 11429 600 2330 331 311 77 56 2301 10829 10013 2273 399 366 335 281 1874 284 261 238 64 1590 300
is_linear=0
shrinkage=0.05


Tree=36
num_leaves=31
num_cat=0
split_feature=89 289 36 288 103 227 289 253 135 187 188 204 187 268 112 150 72 254 36 29 280 173 117 235 267 276 240 30 142 254
split_gain=1.61983e+06 1.41487e+06 1.12385e+06 1.03234e+06 836829 1.45435e+06 809058 714319 684190 782606 573557 596620 558573 556125 535540 472337 888214 469354 590955 843049 747600 689860 544438 732216 508389 490069 438122 428834 1.27165e+06 448186
threshold=495.52513122558599 -1195.4999999999998 2300.2500000000005 124.25000000000001 472.83790588378912 -476.24999999999994 -91.249999999999986 1486.5000000000002 812.75000000000011 904.46777343750011 1515.1278076171877 2120.5000000000005 293.99458312988287 -1464.9999999999998 1778.2500000000002 -3365.7499999999995 -3898.4999999999995 -823.24999999999989 -244.74999999999997 -245.99999999999997 -96.249999999999986 587.72634887695324 506.08625793457037 -1563.3850097656248 252.25000000000003 81.250000000000014 -2630.9999999999995 1182.2500000000002 1226.7500000000002 875.50000000000011
decision_type=2 2 2 2 2 2 2 2 2 2 2 2 2 2 2 2 2 2 2 2 2 2 2 2 2 2 2 2 2 2
left_child=3 2 -2 6 5 -3 26 15 10 13 11 14 -9 -10 17 16 -5 18 22 -20 -21 -22 23 -6 -24 -23 -1 -14 -29 -30
right_child=1 4 -4 7 8 -7 -8 12 9 -11 -12 -13 27 -15 -16 -17 -18 -19 19 20 21 25 24 -25 -26 -27 -28 28 29 -31
leaf_value=6.8170912271196187 2.8680012924330578 17.709610261917117 18.16946948823475 -1.1850579833984376 11.289160302529734 1.5049668587578668 -1.1698017150538902 9.5343726465335266 -6.0933638789437037 10.10876251911295 -7.3170460621515918 8.6470902356234465 -0.62712332868465681 1.9719813145038363 8.3308147498539515 0.1043228417243266 12.763460263751803 -0.082492393282411494 12.829686738763536 0.6629460646155102 0.96641137961185342 16.07123176483881 -1.3305202459121919 0.18918936069195089 5.4106244073760124 5.7103186206817629 -0.24814295227817801 14.922803197304408 8.5539261276071734 0.91193314778804779
leaf_weight=22 28 20 21 25 24 45 3147 26 22 29 24 22 108 750 21 9853 21 1919 21 183 33 21 286 39 31 25 8362 21 22 150
leaf_count=22 28 20 21 25 24 45 3147 26 22 29 24 22 108 750 21 9853 21 1919 21 183 33 21 286 39 31 25 8362 21 22 150
internal_value=-1.99892e-09 0.988087 9.42577 -0.161858 0.870464 6.49101 -0.486199 0.203874 0.764569 2.04505 0.377379 0.447728 2.50312 1.74214 0.378429 0.127922 5.18274 0.313751 1.46064 3.19042 2.4178 6.48285 0.172418 4.41775 -0.671292 10.4403 -0.229603 1.89577 3.30754 1.8894
internal_weight=25321 3564 49 21757 3515 65 11531 10226 3450 801 2649 2625 327 772 2603 9899 46 2582 663 283 262 79 380 63 317 46 8384 301 193 172
internal_count=25321 3564 49 21757 3515 65 11531 10226 3450 801 2649 2625 327 772 2603 9899 46 2582 663 283 262 79 380 63 317 46 8384 301 193 172
is_linear=0
shrinkage=0.05


Tree=37
num_leaves=31
num_cat=0
split_feature=131 282 212 289 208 92 110 241 254 254 262 273 184 131 110 12 283 253 126 127 227 117 217 277 169 277 68 25 260 60
split_gain=1.4979e+06 960505 1.15377e+06 808576 842813 972501 684999 618551 1.00518e+06 847901 904814 788906 734850 717952 1.0116e+06 684691 615268 567342 686015 1.15311e+06 893982 570273 556633 550461 824295 546201 525883 611960 501906 498587
threshold=342.18649291992193 835.00000000000011 2335.7500000000005 -674.74999999999989 904.46777343750011 1388.2500000000002 336.48071289062506 465.25000000000006 -89.249999999999986 344.25000000000006 -85.249999999999986 531.25000000000011 -838.24999999999989 405.18644714355474 444.07878112792974 852.46588134765636 165.25000000000003 10.750000000000002 -1558.4999999999998 -1285.4999999999998 -379.74999999999994 315.08403015136724 2130.2500000000005 -260.32501220703119 1167.7500000000002 576.65499877929699 360.72257995605474 1525.9825439453127 5.2500000000000009 1898.529968261719
decision_type=2 2 2 2 2 2 2 2 2 2 2 2 2 2 2 2 2 2 2 2 2 2 2 2 2 2 2 2 2 2
left_child=22 3 -3 4 6 -6 -2 8 17 11 -11 12 -9 -13 -15 23 -12 21 19 28 -21 -5 -1 24 -14 -16 27 -25 -19 -24
right_child=1 2 -4 7 5 -7 -8 9 -10 10 16 13 15 14 25 -17 -18 18 -20 20 -22 -23 29 26 -26 -27 -28 -29 -30 -31
leaf_value=-0.4239006368954743 10.738572349548342 1.7156868360259319 15.739447095177391 5.2934126377105715 2.0227167170980702 17.098170733451845 1.2664151064374232 -3.0259969503414341 -0.81382034335202202 8.9955263828409127 -0.79066602090486882 -1.4282759765019784 2.7201085946498775 17.917577037811281 10.694789522665518 10.071447654724121 1.0297326125039727 7.8831069660186772 0.70759037237335498 18.731186008453371 3.9604650769914898 -0.023783586852870735 9.2405791777151602 0.72088604826986058 12.037167443547931 1.5796307626224699 0.41719071936753133 7.0562059165702919 0.84915219425428212 1.0374049461494059
leaf_weight=12214 20 44 22 51 23 20 418 82 2417 29 954 26 156 20 27 25 904 30 2244 20 21 4483 27 81 28 42 598 72 164 59
leaf_count=12214 20 44 22 51 23 20 418 82 2417 29 954 26 156 20 27 25 904 30 2244 20 21 4483 27 81 28 42 598 72 164 59
internal_value=1.11348e-09 0.373767 6.39027 0.343116 2.35472 9.03456 1.69893 0.265548 0.0655057 0.885258 0.231825 1.95097 1.51723 5.88104 8.01635 1.90529 0.0950392 0.368562 0.976757 3.54701 11.1657 0.0360261 -0.395676 1.68695 4.13792 5.14643 1.08644 3.70221 1.93688 3.61282
internal_weight=25321 13021 66 12955 481 43 438 12474 9430 3044 1887 1157 1042 115 89 960 1858 7013 2479 235 41 4534 12300 935 184 69 751 153 194 86
internal_count=25321 13021 66 12955 481 43 438 12474 9430 3044 1887 1157 1042 115 89 960 1858 7013 2479 235 41 4534 12300 935 184 69 751 153 194 86
is_linear=0
shrinkage=0.05


Tree=38
num_leaves=31
num_cat=0
split_feature=257 2 274 292 288 289 289 116 282 185 257 165 170 190 281 283 4 208 254 253 82 289 282 89 110 257 76 240 219 170
split_gain=1.37232e+06 805754 737170 821044 584896 1.13819e+06 644611 660234 530074 494416 721831 649288 638981 596073 570025 908943 635682 900363 493417 771814 489296 481999 472300 717547 1.23612e+06 936188 515695 493704 535419 478684
threshold=343.77383422851568 5103.7500000000009 425.25000000000006 719.73504638671886 142.25000000000003 -1195.4999999999998 -209.74999999999997 -5252.7648925781241 -559.74999999999989 334.75000000000006 345.67175292968756 -1724.554992675781 -797.24999999999989 405.25000000000006 147.75000000000003 72.750000000000014 -973.75750732421864 423.06861877441412 -252.24999999999997 -150.74999999999997 601.57815551757824 -534.74999999999989 -517.74999999999989 502.09635925292974 486.04968261718756 700.57888793945324 851.23818969726574 -715.74999999999989 -715.74999999999989 -847.24999999999989
decision_type=2 2 2 2 2 2 2 2 2 2 2 2 2 2 2 2 2 2 2 2 2 2 2 2 2 2 2 2 2 2
left_child=21 4 -3 -4 6 -6 22 -8 -9 -7 -11 -12 -13 -14 15 16 17 -15 19 -10 -5 -1 -2 27 -25 -26 -27 -24 29 -29
right_child=1 2 3 20 5 9 7 8 18 10 11 12 13 14 -16 -17 -18 -19 -20 -21 -22 -23 23 24 25 26 -28 28 -30 -31
leaf_value=1.9686408213443227 -0.37600317521560001 -3.2421092742965336 1.4351435288786889 6.6503369855880736 9.0506709772348408 0.21194655198305654 8.2165441149757026 -4.5221833810038952 -1.1079956975762513 9.361383268466362 4.0642006723793012 9.7258790493011489 8.955649575320157 0.41682093256995795 0.37229979079448761 10.845004968602083 1.1172744319389387 15.240160827636721 -1.2398583264079481 1.3702781527371661 17.710353198051454 -0.41396079185555712 -1.0860297328602631 12.311509449251238 1.0937346177947456 3.2445064876390539 13.721722708145776 1.0887584027789889 0.50915088481192694 6.6446137961414129
leaf_weight=216 1133 21 32 20 40 3810 21 87 618 26 163 20 22 21 2344 29 409 20 1291 639 20 12284 412 31 362 23 24 84 1027 72
leaf_count=216 1133 21 32 20 40 3810 21 87 618 26 163 20 22 21 2344 29 409 20 1291 639 20 12284 412 31 362 23 24 84 1027 72
internal_value=-1.83557e-09 0.363456 5.00058 7.4047 0.329574 0.640881 -0.0394625 -0.613958 -0.684334 0.591873 1.06585 0.994618 0.819979 0.757371 0.693481 2.26519 1.71227 7.64772 -0.553293 0.151843 12.1803 -0.372789 0.442186 0.897718 2.6853 1.95569 8.59457 0.40459 0.923724 3.653
internal_weight=25321 12821 93 72 12728 6904 5824 2656 2635 6864 3054 3028 2865 2845 2823 479 450 41 2548 1257 40 12500 3168 2035 440 409 47 1595 1183 156
internal_count=25321 12821 93 72 12728 6904 5824 2656 2635 6864 3054 3028 2865 2845 2823 479 450 41 2548 1257 40 12500 3168 2035 440 409 47 1595 1183 156
is_linear=0
shrinkage=0.05


Tree=39
num_leaves=31
num_cat=0
split_feature=288 289 289 292 253 259 159 254 18 165 247 17 21 239 40 207 8 289 227 261 288 289 235 82 156 141 138 103 253 281
split_gain=1.27039e+06 1.46465e+06 1.30692e+06 1.18061e+06 801675 1.07299e+06 800102 721797 679354 664159 661055 529761 767736 807688 661198 605650 556687 529432 588250 936893 919376 537503 506973 440759 687917 1.1062e+06 1.08518e+06 802099 618306 474338
threshold=142.25000000000003 -1195.4999999999998 -202.24999999999997 719.73504638671886 499.25000000000006 23.250000000000004 679.19335937500011 -51.749999999999993 -946.31249999999989 -4857.1625976562491 -2515.9999999999995 1509.2500000000002 1654.2500000000002 1566.2500000000002 904.46777343750011 -1543.3324584960935 1580.2500000000002 -317.24999999999994 1114.0000000000002 630.25000000000011 270.25000000000006 -382.24999999999994 -1505.9999999999998 475.17919921875006 -1794.4999999999998 -1277.7499999999998 513.46029663085949 446.27917480468756 -887.24999999999989 -2.2499999999999996
decision_type=2 2 2 2 2 2 2 2 2 2 2 2 2 2 2 2 2 2 2 2 2 2 2 2 2 2 2 2 2 2
left_child=2 3 10 -2 7 6 8 -3 -6 -4 -1 15 13 16 17 22 -13 18 -14 20 -20 -21 -7 -12 28 26 -26 -27 -25 -29
right_child=1 4 9 -5 5 11 -8 -9 -10 -11 23 12 14 -15 -16 -17 -18 -19 19 21 -22 -23 -24 24 25 27 -28 29 -30 -31
leaf_value=7.5802088014541127 1.9577220933777946 0.32793858232453932 8.4107844924926756 17.246219900380009 11.898168301582338 1.8206592034105036 14.1302360014482 -0.84335033056922348 1.6326064819312958 -0.71113381306833201 0.027860945890138052 9.9908103901606342 -0.51294481169502693 14.488000168800355 -7.0099073112010961 0.097337180757751357 1.6415360569953918 0.89487038705201183 5.3185618381809308 -1.0392443123071089 19.46244139671326 7.5633128873507181 9.655368282578209 3.7910122730793101 1.7699411652304911 10.142070087432863 17.660312897818429 -0.10212531519180496 -3.3684064402840193 2.2649462147611352
leaf_weight=31 28 5241 20 23 20 336 22 1756 83 8762 4251 26 53 20 24 2397 86 910 27 46 20 30 22 39 22 25 21 433 133 414
leaf_count=31 28 5241 20 23 20 336 22 1756 83 8762 4251 26 53 20 24 2397 86 910 27 46 20 30 22 39 22 25 21 433 133 414
internal_value=-2.50981e-09 0.398625 -0.314652 8.85253 0.359849 0.912993 5.47468 0.0339864 3.62592 -0.69036 0.299888 0.770333 1.62765 5.23252 1.19897 0.383839 3.57976 1.38038 3.89067 5.78816 11.3372 2.3565 2.30212 0.257608 1.1561 1.70145 9.53036 1.31539 -1.74505 1.05486
internal_weight=25321 11170 14151 51 11119 4122 125 6997 103 8782 5369 3997 1242 132 1110 2755 112 1086 176 123 47 76 358 5338 1087 915 43 872 172 847
internal_count=25321 11170 14151 51 11119 4122 125 6997 103 8782 5369 3997 1242 132 1110 2755 112 1086 176 123 47 76 358 5338 1087 915 43 872 172 847
is_linear=0
shrinkage=0.05


Tree=40
num_leaves=31
num_cat=0
split_feature=131 282 212 289 208 92 110 37 108 107 288 289 281 217 201 291 187 288 5 288 188 99 12 212 205 176 99 106 49 92
split_gain=1.15968e+06 834453 996553 649925 703484 834048 625168 507029 720574 847849 503813 586820 538385 449777 462904 448722 442238 423957 416464 461337 432349 838260 879013 674543 855408 1.32173e+06 505781 436153 864083 452418
threshold=342.18649291992193 835.00000000000011 2335.7500000000005 -674.74999999999989 904.46777343750011 1388.2500000000002 336.48071289062506 3591.2500000000005 850.25000000000011 925.25000000000011 217.75000000000003 -105.74999999999999 15.750000000000002 2130.2500000000005 341.23670959472662 2666.2175292968755 311.86355590820318 28.750000000000004 307.23388671875006 16.750000000000004 -1006.261749267578 -1421.2499999999998 495.52513122558599 -874.74999999999989 -697.24999999999989 -210.24999999999997 1996.2500000000002 1087.7500000000002 1169.7500000000002 -1078.2499999999998
decision_type=2 2 2 2 2 2 2 2 2 2 2 2 2 2 2 2 2 2 2 2 2 2 2 2 2 2 2 2 2 2
left_child=13 3 -3 4 6 -6 -2 8 -8 -10 11 18 -12 17 16 -11 -15 -1 -5 -20 -21 22 -22 24 26 -26 27 29 -29 -23
right_child=1 2 -4 10 5 -7 7 -9 9 15 12 -13 -14 14 -16 -17 -18 -19 19 20 21 23 -24 -25 25 -27 -28 28 -30 -31
leaf_value=-1.1147459279282392 10.140496454238892 1.5922791905023836 14.625579454682091 -1.2584275556159463 1.7130109600398851 15.674151763916015 0.32309692841793958 -5.1711224174499515 13.021509278279083 -0.75398004886715908 2.7848599254660762 -0.73596199522362049 0.52102005645447091 2.1950153431166775 -0.41319923068201825 7.2940922326055073 12.361093368530275 -0.25644943641036821 -1.2762853018086942 -0.38489779616582998 1.6554554750179424 7.3061481682459517 15.280933370590212 0.36590437135594372 18.102651808261871 3.2605609941482543 -4.9875962138175964 13.893388935497828 -0.13476657038149628 0.96549706564540372
leaf_weight=1666 20 44 22 429 23 20 290 30 26 43 281 2033 4017 23 43 29 20 10548 402 1135 29 30 20 3493 20 60 29 21 23 452
leaf_count=1666 20 44 22 429 23 20 290 30 26 43 281 2033 4017 23 43 29 20 10548 402 1135 29 30 20 3493 20 60 29 21 23 452
internal_value=2.36426e-10 0.328873 5.93671 0.300304 2.10379 8.20656 1.50466 1.09146 1.57568 5.28231 0.230761 0.000370115 0.669028 -0.348151 3.25511 2.4876 6.92342 -0.373522 0.244056 0.356861 0.480453 0.715592 7.21688 0.638421 2.13748 6.97108 1.44074 1.79515 6.56049 1.36014
internal_weight=25321 13021 66 12955 481 43 438 418 388 98 12474 8176 4298 12300 86 72 43 12214 6143 5714 5312 4177 49 4128 635 80 555 526 44 482
internal_count=25321 13021 66 12955 481 43 438 418 388 98 12474 8176 4298 12300 86 72 43 12214 6143 5714 5312 4177 49 4128 635 80 555 526 44 482
is_linear=0
shrinkage=0.05


Tree=41
num_leaves=31
num_cat=0
split_feature=36 289 5 49 35 140 243 271 289 275 38 103 239 287 184 250 288 27 75 289 36 287 266 274 83 231 266 246 22 192
split_gain=1.09011e+06 892508 705511 519558 1.07688e+06 462442 497387 498197 441221 765349 808800 654946 710885 630773 611848 421114 410890 402472 485270 491615 630477 393134 556930 549667 1.13188e+06 721951 606030 598126 672591 887584
threshold=1764.0000000000002 -1195.4999999999998 349.98143005371099 1065.7500000000002 1707.7500000000002 -3496.4999999999995 644.34121704101574 587.72634887695324 -476.24999999999994 -282.74999999999994 -1075.7499999999998 436.91441345214849 1165.2500000000002 -167.24999999999997 -3508.4999999999995 303.42852783203131 41.250000000000007 -3270.262084960937 375.53466796875006 -229.24999999999997 -795.74999999999989 429.75000000000006 914.75000000000011 388.25000000000006 5001.1174316406259 2110.7500000000005 -1241.9999999999998 1772.7500000000002 3513.7500000000005 2242.0000000000005
decision_type=2 2 2 2 2 2 2 2 2 2 2 2 2 2 2 2 2 2 2 2 2 2 2 2 2 2 2 2 2 2
left_child=2 -2 5 4 -3 -1 7 -7 9 15 -11 -12 13 -13 -10 -4 17 -16 19 -19 -21 22 23 25 27 26 -5 28 29 -25
right_child=1 3 8 21 -6 6 -8 -9 14 10 11 12 -14 -15 16 -17 -18 18 -20 20 -22 -23 -24 24 -26 -27 -28 -29 -30 -31
leaf_value=5.1919073439933161 8.6790257321463695 12.2315025583903 6.6621865763708401 -6.9922260874084063 0.24883303308486937 -0.40057920880189712 -5.7128243706443094 7.3075479462033233 7.088142674969089 -1.7656808489844913 2.4821996614581252 12.200514146556024 17.538482890129089 0.61311552325884511 5.5400922675927484 0.3002055739926201 0.17330417447898863 2.4149744675709655 -1.8422095698000629 -5.0554855531370144 0.60047737788061928 2.2328460897892546 -1.6724520408186045 1.4236248603023374 13.49354573249817 -8.4319173147281017 0.42597401147458358 8.3849449606736499 -2.0219312734405199 9.719725685961107
leaf_weight=37 36 30 27 28 50 11740 44 21 31 42 61 23 20 24 24 710 8171 169 659 71 161 354 275 623 20 24 1647 30 135 34
leaf_count=37 36 30 27 28 50 11740 44 21 31 42 61 23 20 24 24 710 8171 169 659 71 161 354 275 623 20 24 1647 30 135 34
internal_value=-1.90969e-09 0.849548 -0.12669 0.762821 4.74233 -0.389175 -0.406667 -0.386816 0.178259 1.23085 4.25501 6.23055 9.64323 6.28354 0.0754485 0.533277 0.0519592 -0.862718 -1.00769 0.363761 -1.13044 0.662392 0.464969 0.696292 1.74091 0.178594 0.301968 1.45496 1.19246 1.85295
internal_weight=25321 3286 22035 3250 80 11842 11805 11761 10193 907 170 128 67 47 9286 737 9255 1084 1060 401 232 3170 2816 2541 842 1699 1675 822 792 657
internal_count=25321 3286 22035 3250 80 11842 11805 11761 10193 907 170 128 67 47 9286 737 9255 1084 1060 401 232 3170 2816 2541 842 1699 1675 822 792 657
is_linear=0
shrinkage=0.05


Tree=42
num_leaves=31
num_cat=0
split_feature=288 289 289 292 253 260 110 254 165 247 254 261 276 134 166 233 288 282 89 110 257 267 248 246 223 289 170 236 5 33
split_gain=1.02072e+06 1.20625e+06 1.09776e+06 1.00042e+06 677531 958507 1.3452e+06 624882 594077 573105 453640 637051 562515 506732 717803 685005 397289 384892 660191 1.24765e+06 693260 428601 1.02243e+06 913132 577588 821577 708855 414345 478628 468468
threshold=142.25000000000003 -1195.4999999999998 -202.24999999999997 719.73504638671886 499.25000000000006 72.250000000000014 480.24928283691412 -51.749999999999993 -4857.1625976562491 -2515.9999999999995 80.750000000000014 -687.24999999999989 375.25000000000006 300.25000000000006 399.64207458496099 451.25000000000006 19.250000000000004 -517.74999999999989 502.09635925292974 486.04968261718756 700.57888793945324 -243.24999999999997 -520.74999999999989 -483.74999999999994 -475.09274291992182 -488.74999999999994 -810.74999999999989 609.70101928710949 403.78977966308599 408.32109069824224
decision_type=2 2 2 2 2 2 2 2 2 2 2 2 2 2 2 2 2 2 2 2 2 2 2 2 2 2 2 2 2 2
left_child=2 3 9 -2 7 6 -6 -3 -4 -1 12 -12 13 15 -15 -7 -10 27 -19 -20 21 -21 23 -23 -24 -26 -27 28 -11 -30
right_child=1 4 8 -5 5 10 -8 -9 16 17 11 -13 -14 14 -16 -17 -18 18 19 20 -22 22 24 -25 25 26 -28 -29 29 -31
leaf_value=7.0599199387335005 1.68243294273104 0.29605985239270399 7.9812060832977298 15.755995509935463 -0.46588488633816061 2.2774460149662836 15.618009985410252 -0.79376212016452352 -1.6924203289315838 -0.96794067572669273 9.0358044450933281 0.50132444778096419 5.6872588661409198 3.0968902832494596 -2.3656604878765215 12.118103395189557 -0.53769508695977353 0.26457951255830503 11.801837369799614 -2.6212666359212662 7.1713969902116439 2.6213111482817553 -3.7959133448139313 16.508710355758666 11.083244886852448 9.5072991496324537 -0.47682284388225527 -2.7898327721170633 4.6507123502525127 0.39464920163154604
leaf_weight=31 28 5241 20 23 26 112 26 1756 822 763 22 3577 93 106 139 21 7940 3358 32 72 49 29 62 20 21 20 160 166 74 512
leaf_count=31 28 5241 20 23 26 112 26 1756 822 763 22 3577 93 106 139 21 7940 3358 32 72 49 29 62 20 21 20 160 166 74 512
internal_value=3.16025e-09 0.357314 -0.282043 8.02933 0.322124 0.830639 7.57606 0.022553 -0.626377 0.281179 0.744457 0.553494 2.20364 1.34655 -0.00227117 3.83123 -0.646025 0.241812 0.509085 2.27478 1.57071 0.856034 1.65849 8.28964 0.423026 1.72439 0.632524 -0.432632 -0.142569 0.932104
internal_weight=25321 11170 14151 51 11119 4122 52 6997 8782 5369 4070 3599 471 378 245 133 8762 5338 3823 465 433 384 312 49 263 201 180 1515 1349 586
internal_count=25321 11170 14151 51 11119 4122 52 6997 8782 5369 4070 3599 471 378 245 133 8762 5338 3823 465 433 384 312 49 263 201 180 1515 1349 586
is_linear=0
shrinkage=0.05


Tree=43
num_leaves=31
num_cat=0
split_feature=36 289 288 89 96 225 159 127 134 75 111 214 251 218 47 288 287 289 49 35 150 86 263 199 18 198 198 171 219 129
split_gain=937657 735413 600933 623769 1.36874e+06 1.11011e+06 1.22255e+06 922994 1.00473e+06 682471 639631 556892 720607 793213 523282 726133 587619 627074 465887 960351 423657 680797 410459 433391 408142 449744 530556 945274 520772 747195
threshold=1764.0000000000002 -1195.4999999999998 21.750000000000004 495.52513122558599 502.09635925292974 -591.74999999999989 448.76222229003912 2022.7500000000002 2073.5000000000005 502.09635925292974 1060.727966308594 2118.432495117188 793.06869506835949 1204.2500000000002 517.10519409179699 68.250000000000014 -82.249999999999986 -92.249999999999986 1065.7500000000002 1707.7500000000002 -3365.7499999999995 -3787.7499999999995 79.937500000000014 308.25000000000006 3667.9724121093755 231.25000000000003 664.25000000000011 828.25000000000011 -959.74999999999989 -2316.9999999999995
decision_type=2 2 2 2 2 2 2 2 2 2 2 2 2 2 2 2 2 2 2 2 2 2 2 2 2 2 2 2 2 2
left_child=2 -2 -1 9 5 6 -5 11 -9 14 22 12 24 -14 20 -16 -17 -18 19 -3 21 -4 23 -7 25 28 27 -27 29 -6
right_child=1 18 3 4 7 10 -8 8 -10 -11 -12 -13 13 -15 15 16 17 -19 -20 -21 -22 -23 -24 -25 -26 26 -28 -29 -30 -31
leaf_value=-1.0103692352076485 7.8950030419561603 11.549909776051841 0.012141575813293457 20.191652727127078 -2.510908190847382 1.6861876086819743 4.986788328488668 14.632737383635149 1.2543028571539456 -3.2183435804673666 10.852225399613381 -2.1004664583672441 13.612089710235598 2.245576457905047 11.529511288234167 -3.3782086756171257 8.4289399250959729 -0.86112955177531525 0.61408043023410386 0.23413074874877929 -0.15418654473601934 10.807950822166775 -1.3809006226690193 9.1853644404411323 7.3154067301750194 1.6140053854625802 -1.0145201769410348 10.132462475413369 -0.91977522234029685 1.7752652637251451
leaf_weight=1736 36 30 40 20 127 84 39 23 36 179 20 248 20 66 21 41 39 34 3170 50 17354 23 76 25 20 145 98 42 969 510
leaf_count=1736 36 30 40 20 127 84 39 23 36 179 20 248 20 66 21 41 39 34 3170 50 17354 23 76 25 20 145 98 42 969 510
internal_value=-2.10715e-09 0.787906 -0.117498 -0.0411379 0.687168 4.0973 10.141 0.296423 6.46962 -0.146619 2.3579 0.134188 0.411701 4.88895 -0.115293 2.98566 1.41179 4.10206 0.709181 4.47755 -0.139329 3.95347 1.4396 3.40618 0.210213 0.135066 1.96551 3.52724 -0.189765 0.920722
internal_weight=25321 3286 22035 20299 2568 264 59 2304 59 17731 205 2245 1997 86 17552 135 114 73 3250 80 17417 63 185 109 1911 1891 285 187 1606 637
internal_count=25321 3286 22035 20299 2568 264 59 2304 59 17731 205 2245 1997 86 17552 135 114 73 3250 80 17417 63 185 109 1911 1891 285 187 1606 637
is_linear=0
shrinkage=0.05


Tree=44
num_leaves=31
num_cat=0
split_feature=288 289 289 292 253 259 159 18 254 165 247 17 21 239 226 40 207 235 289 241 276 266 99 271 285 262 124 254 288 253
split_gain=883904 1.03104e+06 976706 890102 598026 859917 666397 577255 551562 529284 522366 404745 700752 717670 606969 597100 532570 447413 443247 719498 868225 446339 403338 386805 549614 383033 375653 409326 506557 440426
threshold=142.25000000000003 -1195.4999999999998 -202.24999999999997 744.84381103515636 499.25000000000006 23.250000000000004 679.19335937500011 -946.31249999999989 -51.749999999999993 -4857.1625976562491 -2515.9999999999995 1509.2500000000002 1654.2500000000002 1462.2500000000002 340.25000000000006 904.46777343750011 -1543.3324584960935 -1505.9999999999998 -294.24999999999994 2076.0000000000005 747.75000000000011 -103.74999999999999 1996.2500000000002 852.46588134765636 744.84381103515636 -214.74999999999997 679.19335937500011 -114.24999999999999 27.750000000000004 -31.749999999999996
decision_type=2 2 2 2 2 2 2 2 2 2 2 2 2 2 2 2 2 2 2 2 2 2 2 2 2 2 2 2 2 2
left_child=2 3 10 -2 8 6 7 -6 -3 -4 -1 16 13 14 -13 18 17 -7 19 -14 -21 -20 25 24 -23 -18 27 29 -29 -11
right_child=1 4 9 -5 5 11 -8 -9 -10 26 -12 12 15 -15 -16 -17 22 -19 21 20 -22 23 -24 -25 -26 -27 -28 28 -30 -31
leaf_value=6.7405125787181239 2.1198467531511862 0.27548625084054973 7.5373888301849368 15.649261550903322 10.799557886123658 1.6587145084781305 12.760745377974077 1.3367813173905914 -0.74840449216515859 -0.64751459841077796 0.23121640150036693 8.792043559974239 1.6828739797544181 11.94870406681938 0.44124895219933502 -6.8110282460848497 6.7720701997930348 9.0188317515633329 7.0059070587158203 15.945438525893472 2.0517666816711428 0.53422663737333109 -2.5314911798163728 7.0205400217663154 -6.8515826969192579 0.14217587692068898 -4.2279595846861184 -2.4205858236840627 -0.73566129858447127 0.33243878862616716
leaf_weight=31 31 5241 20 20 20 336 22 83 1756 2979 5338 31 159 28 73 24 22 22 27 22 23 807 143 22 26 2232 71 515 3333 1864
leaf_count=31 31 5241 20 20 20 336 22 83 1756 2979 5338 31 159 28 73 24 22 22 27 22 23 807 143 22 26 2232 71 515 3333 1864
internal_value=-4.3937e-10 0.332506 -0.262461 7.4255 0.299972 0.77772 4.86144 3.17421 0.0185258 -0.587256 0.2688 0.650008 1.39937 4.8434 2.93043 0.989814 0.312182 2.11101 1.16221 3.26258 8.84423 0.676407 0.0435206 0.476528 0.303697 0.206886 -0.605801 -0.57621 -0.961164 -0.270345
internal_weight=25321 11170 14151 51 11119 4122 125 103 6997 8782 5369 3997 1242 132 104 1110 2755 358 1086 204 45 882 2397 855 833 2254 8762 8691 3848 4843
internal_count=25321 11170 14151 51 11119 4122 125 103 6997 8782 5369 3997 1242 132 104 1110 2755 358 1086 204 45 882 2397 855 833 2254 8762 8691 3848 4843
is_linear=0
shrinkage=0.05


Tree=45
num_leaves=31
num_cat=0
split_feature=288 289 285 289 283 258 205 276 267 219 93 266 129 231 23 145 52 87 201 61 260 254 234 264 292 266 5 120 57 253
split_gain=812251 889446 729126 643086 462626 462095 935092 757534 553225 720517 489338 467561 494688 563760 774528 454569 445126 580708 692433 1.08575e+06 439048 1.0859e+06 534065 472258 863543 666226 690938 530329 578660 495196
threshold=227.75000000000003 -113.24999999999999 1012.183807373047 -1195.4999999999998 277.25000000000006 695.99316406250011 -289.74999999999994 -224.74999999999997 1247.7500000000002 120.25000000000001 1440.7500000000002 -252.24999999999997 3859.7500000000005 1940.7500000000002 3988.7500000000005 441.49401855468756 3109.2500000000005 1107.2500000000002 410.82565307617193 557.84716796875011 -190.74999999999997 -166.74999999999997 97.750000000000014 537.77215576171886 505.92503356933599 355.25000000000006 517.10519409179699 2024.7500000000002 1.0000000180025095e-35 713.25000000000011
decision_type=2 2 2 2 2 2 2 2 2 2 2 2 2 2 2 2 2 2 2 2 2 2 2 2 2 2 2 2 2 2
left_child=1 2 4 -2 20 8 -7 10 -5 -10 -8 15 13 -13 16 -9 17 -15 -19 -20 -1 23 -23 29 -25 26 27 28 -26 -22
right_child=3 -3 -4 5 -6 6 7 11 9 -11 -12 12 -14 14 -16 -17 -18 18 19 -21 21 22 -24 24 25 -27 -28 -29 -30 -31
leaf_value=-0.39841365610774226 7.3459095870747291 -0.59356125864534659 8.1679083687918528 0.10035775270068631 7.3333136092532776 9.434692122719504 11.072531594679907 -0.10823889089667278 9.5503961896896357 -1.6976830005645753 3.1124462917645772 0.470693452760369 -2.8257120781310716 -2.7305408055965721 12.506913503011068 9.1071172446012501 -2.5897554291619196 1.2423574529943013 17.677521203911823 1.7484566807746889 0.65260826652939163 -1.0963900972343983 0.10656556980824175 11.514016454696657 7.3009187692725988 10.37166676087813 -0.34479541209611031 9.1841525276240557 -0.48949088881264874 7.4519156561957463
leaf_weight=3428 34 7373 28 4329 22 33 26 23 35 24 75 1503 101 26 21 32 36 42 23 20 3266 1320 3065 25 37 22 220 38 67 27
leaf_count=3428 34 7373 28 4329 22 33 26 23 35 24 75 1503 101 26 21 32 36 42 23 20 3266 1320 3065 25 37 22 220 38 67 27
internal_value=-3.19151e-09 -0.164407 0.109191 0.487786 0.0896323 0.45106 1.08914 0.946299 0.1659 4.97491 5.16158 0.71327 0.572351 0.77774 3.52471 5.25342 2.24154 3.80844 5.8086 10.2687 0.0757929 0.276804 -0.255556 0.907382 2.5098 1.92359 1.41017 4.12913 2.2821 0.708357
internal_weight=25321 18938 11565 6383 11537 6349 1961 1928 4388 59 101 1827 1772 1671 168 55 147 111 85 43 11515 8087 4385 3702 409 384 362 142 104 3293
internal_count=25321 18938 11565 6383 11537 6349 1961 1928 4388 59 101 1827 1772 1671 168 55 147 111 85 43 11515 8087 4385 3702 409 384 362 142 104 3293
is_linear=0
shrinkage=0.05


Tree=46
num_leaves=31
num_cat=0
split_feature=288 289 289 292 253 260 110 254 253 271 250 236 165 247 182 259 240 260 240 26 281 110 181 269 59 49 79 196 254 267
split_gain=751058 860616 835820 800125 507961 772622 1.12884e+06 488356 620449 492495 634172 760557 469683 460120 446023 607872 451222 662678 1.06229e+06 520534 1.26465e+06 1.46742e+06 470860 467001 423652 434901 445711 514808 413141 766436
threshold=142.25000000000003 -1195.4999999999998 -202.24999999999997 744.84381103515636 499.25000000000006 72.250000000000014 480.24928283691412 -202.24999999999997 19.750000000000004 547.78625488281261 562.74551391601574 547.78625488281261 -4857.1625976562491 -2515.9999999999995 1121.7500000000002 51.750000000000007 -227.24999999999997 -1.0000000180025095e-35 -334.74999999999994 409.77435302734381 210.75000000000003 542.71502685546886 1356.0507812500002 -272.74999999999994 3956.7500000000005 3126.2500000000005 1684.0000000000002 802.25000000000011 363.25000000000006 1247.7500000000002
decision_type=2 2 2 2 2 2 2 2 2 2 2 2 2 2 2 2 2 2 2 2 2 2 2 2 2 2 2 2 2 2
left_child=2 3 13 -2 7 6 -6 8 9 -3 11 -11 -4 -1 15 16 17 18 23 -19 21 -21 -18 -10 25 26 27 -12 29 -7
right_child=1 4 12 -5 5 28 -8 -9 14 10 24 -13 -14 -15 -16 -17 22 19 -20 20 -22 -23 -24 -25 -26 -27 -28 -29 -30 -31
leaf_value=6.3234127721478863 1.7564668009358071 -0.25973429497455935 7.1111500191688535 14.583852553367615 -0.59369071630331183 1.1485437607017681 14.140112578868866 -0.48783435335776448 9.4145230523177563 1.8673293871038101 0.50494015135548331 12.008703223590194 -0.55986251377068419 0.21424498777074477 -1.3694532484289201 -0.42693292242861214 0.49676114947256383 0.31391124767023371 16.349252756436666 18.545887422561645 0.86138191991642621 2.3582740434578486 7.8004609346389771 1.2892846104999385 -5.9194837404334031 8.0625783931641362 -5.3976638964244295 7.0000871791559112 0.24709238969569358 10.344900627758193
leaf_weight=31 31 2632 20 20 26 1515 26 2841 28 51 297 29 8762 5338 126 229 274 143 24 28 89 28 24 48 23 21 28 34 2532 23
leaf_count=31 31 2632 20 20 26 1515 26 2841 28 51 297 29 8762 5338 126 229 274 143 24 28 89 28 24 48 23 21 28 34 2532 23
internal_value=-2.34746e-09 0.306502 -0.241935 6.78681 0.276778 0.717084 6.77321 0.01739 0.362756 0.00958817 1.4772 5.54358 -0.542393 0.249519 1.41955 1.80361 2.5482 3.67202 7.17874 2.45441 4.56538 10.4521 1.08498 4.28279 0.669979 1.06882 0.659709 1.17212 0.639709 1.28607
internal_weight=25321 11170 14151 51 11119 4122 52 6997 4156 3115 483 80 8782 5369 1041 915 686 388 100 288 145 56 298 76 403 380 359 331 4070 1538
internal_count=25321 11170 14151 51 11119 4122 52 6997 4156 3115 483 80 8782 5369 1041 915 686 388 100 288 145 56 298 76 403 380 359 331 4070 1538
is_linear=0
shrinkage=0.05


Tree=47
num_leaves=31
num_cat=0
split_feature=241 254 253 254 283 5 103 254 271 253 282 4 253 269 178 245 255 171 253 78 1 103 59 122 243 280 74 39 138 275
split_gain=710271 1.07743e+06 998602 647333 665314 646793 1.13428e+06 641383 609353 602951 1.11739e+06 559267 554526 664028 1.12567e+06 538449 496319 491811 489405 501792 473491 754665 578864 452363 449683 631175 524596 466541 437454 448674
threshold=465.25000000000006 -139.74999999999997 10.750000000000002 396.25000000000006 165.25000000000003 557.84716796875011 502.09635925292974 -823.24999999999989 1012.183807373047 2548.2500000000005 548.50000000000011 -2421.9724121093745 -542.24999999999989 -850.74999999999989 -728.24999999999989 477.75000000000006 591.75000000000011 227.75000000000003 632.25000000000011 2854.7500000000005 2456.0000000000005 700.57888793945324 891.75000000000011 3934.0000000000005 904.46777343750011 178.25000000000003 3952.224975585938 2482.8125000000005 521.28231811523449 172.25000000000003
decision_type=2 2 2 2 2 2 2 2 2 2 2 2 2 2 2 2 2 2 2 2 2 2 2 2 2 2 2 2 2 2
left_child=1 2 7 5 11 18 -7 12 16 23 -11 17 20 14 -14 -13 -4 -5 19 -2 22 -22 -1 -6 25 26 27 -15 -8 -30
right_child=3 -3 8 4 9 6 28 -9 -10 10 -12 15 13 24 -16 -17 -18 -19 -20 -21 21 -23 -24 -25 -26 -27 -28 -29 29 -31
leaf_value=0.079678348910696917 0.014442992670650502 -0.61823136878741303 0.76247203678972342 0.83510663065255875 0.76875318351445288 14.466417683254589 -3.4066387370780662 -0.39771908639938564 9.5659754180908205 -0.32705850023211858 13.532698521247278 7.2670098861632866 15.302995513833089 1.114389206389627 1.4829293983738596 -0.99294616464900032 7.8329636154174809 9.6422643537106723 1.8155690974054783 5.7852726569542519 0.19909773631054059 9.892362291966716 -3.7096431326643327 -4.913148418813944 -6.2443441140651705 6.3228016344167424 8.9354340630769737 -3.4571018688014301 2.1543942761461752 8.2493534527326897
leaf_weight=1735 1104 7314 3447 51 1300 22 27 6563 20 33 26 20 23 656 41 1462 25 23 814 39 57 31 107 36 20 59 20 61 147 38
leaf_count=1735 1104 7314 3447 51 1300 22 27 6563 20 33 26 20 23 656 41 1462 25 23 814 39 57 31 107 36 20 59 20 61 147 38
internal_value=-1.3846e-09 -0.133677 0.141801 0.524597 0.0411991 1.17567 3.66006 -0.12708 0.863512 0.834095 5.78063 -0.669656 0.505023 1.54522 6.44952 -0.881476 0.813383 3.57247 0.878612 0.211348 0.0307367 3.61377 -0.14044 0.615648 1.16057 1.34662 0.948256 0.725462 2.53864 3.40633
internal_weight=25321 20179 12865 5142 2951 2191 234 9373 3492 1395 59 1556 2810 880 64 1482 3472 74 1957 1143 1930 88 1842 1336 816 796 737 717 212 185
internal_count=25321 20179 12865 5142 2951 2191 234 9373 3492 1395 59 1556 2810 880 64 1482 3472 74 1957 1143 1930 88 1842 1336 816 796 737 717 212 185
is_linear=0
shrinkage=0.05


Tree=48
num_leaves=31
num_cat=0
split_feature=130 267 282 232 266 144 234 260 196 281 285 96 240 281 261 273 276 29 247 208 252 38 233 78 246 254 253 194 269 275
split_gain=675858 784900 779494 834526 612778 541772 712734 1.05162e+06 1.06791e+06 532523 582113 829697 643133 602959 809499 659612 751922 886872 560659 788813 499881 490609 803636 819114 581103 484665 802856 1.07008e+06 908864 1.11906e+06
threshold=950.99499511718761 -1303.7499999999998 835.00000000000011 2536.7500000000005 -1423.9999999999998 -583.84500122070301 635.25000000000011 375.75000000000006 1004.2500000000001 1638.2500000000002 679.19335937500011 346.92274475097662 -2026.7499999999998 -135.24999999999997 -1326.4999999999998 -445.24999999999994 687.00000000000011 4803.2500000000009 -1570.2499999999998 505.92503356933599 1578.7500000000002 2481.0000000000005 -372.74999999999994 1798.2500000000002 -90.249999999999986 -296.74999999999994 -111.74999999999999 553.73107910156261 88.250000000000014 -387.74999999999994
decision_type=2 2 2 2 2 2 2 2 2 2 2 2 2 2 2 2 2 2 2 2 2 2 2 2 2 2 2 2 2 2
left_child=5 -2 4 -4 -3 6 25 8 -8 10 18 -12 -13 -14 -15 -16 17 21 19 -6 -9 22 24 -24 -17 26 -1 -28 29 -29
right_child=1 2 3 -5 9 -7 7 20 -10 -11 11 12 13 14 15 16 -18 -19 -20 -21 -22 -23 23 -25 -26 -27 27 28 -30 -31
leaf_value=-0.021980694899984408 10.303961786031724 -6.2652471828460694 1.1153061179014354 12.55061013257062 13.198682718276979 -0.42985946666209279 3.7899145055461574 0.54462134523768169 16.565304276489076 -6.2801875265439353 9.6580111609263852 -4.6929552209682956 -2.5564330717873953 10.333843046054245 -3.8550504525502527 5.6667497509055664 -2.0621533054858445 11.646133327484131 0.22649167800040698 -0.67604266575404581 8.614076331853866 -0.64732656824416013 3.37621957144954 13.545952602724235 -2.8147639367891397 -0.42607374384132268 1.0559225136110728 4.9423633124377275 -0.10818046107888223 18.986905695044477
leaf_weight=3545 20 35 39 27 20 9254 74 475 21 30 33 39 63 32 42 36 64 33 6399 21 20 69 44 36 46 3736 976 37 32 23
leaf_count=3545 20 35 39 27 20 9254 74 475 21 30 33 39 63 32 42 36 64 33 6399 21 20 69 44 36 46 3736 976 37 32 23
internal_value=-1.892e-09 0.412692 0.38486 5.79339 0.33417 -0.161692 0.115925 1.79543 6.61395 0.367134 0.395716 1.97731 1.47441 1.99167 2.70443 2.04459 2.80003 3.97874 0.263835 6.09212 0.87066 2.8834 4.38723 7.9526 0.908827 -0.00276059 0.340074 1.54184 6.69679 10.3261
internal_weight=25321 7128 7108 66 7042 18193 8939 590 95 7007 6977 537 504 465 402 370 328 264 6440 41 495 231 162 80 82 8349 4613 1068 92 60
internal_count=25321 7128 7108 66 7042 18193 8939 590 95 7007 6977 537 504 465 402 370 328 264 6440 41 495 231 162 80 82 8349 4613 1068 92 60
is_linear=0
shrinkage=0.05


Tree=49
num_leaves=31
num_cat=0
split_feature=289 287 125 135 288 212 280 45 127 241 254 253 254 283 232 204 252 250 252 131 254 260 126 0 16 162 223 261 182 212
split_gain=624863 655656 1.15494e+06 1.16738e+06 1.02647e+06 627516 695412 689794 1.35988e+06 604524 805169 860015 666489 591460 541568 856552 740838 777454 469245 492563 456102 635219 441841 1.19815e+06 1.33304e+06 502330 438213 424418 424334 405787
threshold=-674.74999999999989 -422.24999999999994 -740.96649169921864 1444.2500000000002 153.25000000000003 -2365.2499999999995 -934.74999999999989 4457.0000000000009 2736.0000000000005 465.25000000000006 -139.74999999999997 10.750000000000002 396.25000000000006 82.750000000000014 2285.2500000000005 2120.5000000000005 490.75000000000006 499.01130676269537 717.25000000000011 644.34121704101574 -1081.7499999999998 370.75000000000006 -1558.4999999999998 -745.74999999999989 -505.74999999999994 -437.24999999999994 3675.8225097656255 -289.74999999999994 -754.74999999999989 -354.74999999999994
decision_type=2 2 2 2 2 2 2 2 2 2 2 2 2 2 2 2 2 2 2 2 2 2 2 2 2 2 2 2 2 2
left_child=1 5 -3 4 -4 6 -1 8 -7 10 11 20 14 27 15 18 -17 -18 28 -20 21 -2 23 25 -25 -13 -5 -14 -11 -30
right_child=9 2 3 26 -6 7 -8 -9 -10 12 -12 22 13 -15 -16 16 17 -19 19 -21 -22 -23 -24 24 -26 -27 -28 -29 29 -31
leaf_value=1.6054913077598965 0.56686018543949135 -4.3413920583396122 18.470905069368225 -2.8906297798814449 5.7064617766274353 -0.27158461354734487 13.073022506237031 -9.0803671646118165 12.814877846127466 -2.7435685481148209 -0.58086407891005043 0.35562139428356321 5.0773341232332694 0.55907083143421155 -7.07159574508667 -0.51906707533474628 3.4031723532183422 14.884013201395673 2.211167525665072 9.9639277219772353 -0.31785404907383591 9.1404359384016569 0.58550693859960223 19.23440286091396 2.9188010992542393 8.6554705220460892 6.7298530292510996 -1.0462668548987242 4.1830497891403908 0.65420468235502938
leaf_weight=39 1201 29 28 29 36 363 20 20 21 87 7286 206 29 1674 20 29 29 30 298 22 7754 22 3161 21 31 20 20 1165 86 1545
leaf_count=39 1201 29 28 29 36 363 20 20 21 87 7286 206 29 1674 20 29 29 30 298 22 7754 22 3161 21 31 20 20 1165 86 1545
internal_value=7.22072e-10 1.58757 4.55976 6.84413 11.2909 0.676014 5.49279 -0.027426 0.444081 -0.0388607 -0.163606 0.0812507 0.451314 -0.0473409 1.11774 1.19478 6.02454 9.24089 0.986228 2.74417 -0.176312 0.721086 0.75358 2.66465 9.50779 1.09012 1.0361 -0.897536 0.658788 0.840275
internal_weight=25321 605 142 113 64 463 59 404 384 24716 19702 12416 5014 2868 2146 2126 88 59 2038 320 8977 1223 3439 278 52 226 49 1194 1718 1631
internal_count=25321 605 142 113 64 463 59 404 384 24716 19702 12416 5014 2868 2146 2126 88 59 2038 320 8977 1223 3439 278 52 226 49 1194 1718 1631
is_linear=0
shrinkage=0.05


Tree=50
num_leaves=31
num_cat=0
split_feature=288 289 289 292 46 163 165 253 229 254 225 169 261 254 292 152 223 247 15 199 274 199 283 128 10 117 47 271 193 141
split_gain=597316 710298 676687 664508 412231 912109 408155 386868 681958 422345 473660 501866 423630 382102 381734 476842 358189 822620 336613 543062 539699 422841 445037 408248 377898 343674 561383 333879 407708 471978
threshold=142.25000000000003 -1195.4999999999998 -202.24999999999997 661.46316528320324 5110.5000000000009 1113.5000000000002 -4857.1625976562491 499.25000000000006 1012.183807373047 80.750000000000014 2204.7500000000005 2684.2500000000005 -687.24999999999989 -51.749999999999993 480.03721618652349 366.38284301757818 -2939.2768554687495 -2515.9999999999995 -332.24999999999994 588.25000000000011 614.25000000000011 828.75000000000011 115.75000000000001 1053.5000000000002 1649.7500000000002 553.73107910156261 467.53538513183599 661.46316528320324 -327.36500549316401 -29.749999999999996
decision_type=2 2 2 2 2 2 2 2 2 2 2 2 2 2 2 2 2 2 2 2 2 2 2 2 2 2 2 2 2 2
left_child=2 3 4 -2 16 -6 -4 13 9 10 11 18 -11 -3 -8 -16 -1 -18 20 -20 25 24 23 -23 -21 26 -9 28 29 -17
right_child=1 7 6 -5 5 -7 14 8 -10 12 -12 -13 -14 -15 15 27 17 -19 19 21 -22 22 -24 -25 -26 -27 -28 -29 -30 -31
leaf_value=-4.5875496722566771 0.5640525157635029 0.23383953175929315 6.6485402831435216 11.980958309173586 12.580147768769947 -1.8325821067975916 -0.44629688414120799 1.533028970903425 7.2109892894060188 7.6325936985015872 -5.6248897480964661 9.982274954319001 0.3352170587551116 -0.61836998294407808 4.9557843899726874 -3.4603349004473003 10.34302898645401 0.18340336592501705 -1.0574869064614176 10.888745632878056 10.804787226517995 9.0653323105403363 -1.19197929756982 0.60102552874334936 1.8207924711704255 -3.3993700742721558 10.58659285928892 1.9098983945517707 -5.5251056461353008 5.4989265237535747
leaf_weight=39 26 5241 20 25 21 23 8516 67 39 20 20 20 3555 1756 20 49 20 5266 160 27 24 28 70 29 20 20 23 29 127 21
leaf_count=39 26 5241 20 25 21 23 8516 67 39 20 20 20 3555 1756 20 49 20 5266 160 27 24 28 70 29 20 20 23 29 127 21
internal_value=-1.72693e-09 0.273337 -0.215757 6.16057 0.226445 5.04622 -0.486103 0.246334 0.63059 0.567735 1.91676 2.22584 0.376042 0.019965 -0.502389 -2.44417 0.186619 0.221843 1.89437 1.04501 4.01143 2.97835 1.4789 4.75893 7.03004 2.52925 3.84672 -3.09903 -3.83638 -0.772556
internal_weight=25321 11170 14151 51 5369 44 8782 11119 4122 4083 508 488 3575 6997 8762 246 5325 5286 468 334 134 174 127 57 47 110 90 226 197 70
internal_count=25321 11170 14151 51 5369 44 8782 11119 4122 4083 508 488 3575 6997 8762 246 5325 5286 468 334 134 174 127 57 47 110 90 226 197 70
is_linear=0
shrinkage=0.05


Tree=51
num_leaves=31
num_cat=0
split_feature=130 282 232 267 266 79 78 78 79 281 254 253 253 176 288 68 251 292 269 255 196 285 96 240 281 261 273 276 29 247
split_gain=563006 668859 728080 673260 555307 488833 952712 579304 563318 488342 450671 1.17392e+06 588025 465623 523202 1.34315e+06 518649 465321 639066 510344 459675 450241 741172 590159 535831 708692 586425 665906 800864 495739
threshold=950.99499511718761 835.00000000000011 2536.7500000000005 -1303.7499999999998 -1423.9999999999998 -216.74999999999997 -19.749999999999996 484.75000000000006 155.25000000000003 1638.2500000000002 -261.74999999999994 -1.0000000180025095e-35 614.50000000000011 510.25000000000006 89.250000000000014 525.18084716796886 53.667428970336921 386.09056091308599 99.750000000000014 -154.74999999999997 -399.74999999999994 679.19335937500011 346.92274475097662 -2026.7499999999998 -135.24999999999997 -1326.4999999999998 -445.24999999999994 687.00000000000011 4803.2500000000009 -1570.2499999999998
decision_type=2 2 2 2 2 2 2 2 2 2 2 2 2 2 2 2 2 2 2 2 2 2 2 2 2 2 2 2 2 2
left_child=5 3 -3 -2 -5 6 10 -7 -9 21 11 -1 -12 14 15 17 -15 18 19 -13 -16 29 -23 -24 -25 -26 -27 28 -28 -6
right_child=1 2 -4 4 9 7 -8 8 -10 -11 12 13 -14 16 20 -17 -18 -19 -20 -21 -22 22 23 24 25 26 27 -29 -30 -31
leaf_value=-0.088430424103796632 9.4905808135867122 1.0171982662800032 11.698329399250172 -5.9785026480896137 5.7270564474710604 -1.040358716008299 1.5551339773339747 1.8914445169681422 -0.27601617775753468 -6.0304023679097494 -0.70867829086633338 4.9921777015203963 0.80957040743305786 10.130657919475011 1.6496427273118734 13.5876724170787 1.582930663559172 -1.5695689497572003 10.57731971511474 -0.10138480207408457 -1.651721865085908 9.0129313945770271 -4.6296896605919571 -2.5137466922638909 9.5842076635919522 -3.7344869477408276 2.6089119791952307 -2.0350944291800261 10.935909678719261 0.21147495194132759
leaf_weight=4958 20 39 27 35 41 2765 966 326 3726 30 3834 91 765 35 302 28 36 66 26 107 162 33 39 63 32 42 231 64 33 6399
leaf_count=4958 20 39 27 35 41 2765 966 326 3726 30 3834 91 765 35 302 28 36 66 26 107 162 33 39 63 32 42 231 64 33 6399
internal_value=-7.0065e-10 0.376664 5.38675 0.329841 0.303823 -0.147577 0.0530552 -0.482385 -0.101635 0.335204 -0.0863308 0.206341 -0.456132 1.91968 1.56768 3.12992 5.7966 2.1202 3.20737 2.2396 0.497011 0.362575 1.75353 1.27821 1.77372 2.44563 1.82824 2.54054 3.64979 0.24659
internal_weight=25321 7128 66 7062 7042 18193 11376 6817 4052 7007 10410 5811 4599 853 782 318 71 290 224 198 464 6977 537 504 465 402 370 328 264 6440
internal_count=25321 7128 66 7062 7042 18193 11376 6817 4052 7007 10410 5811 4599 853 782 318 71 290 224 198 464 6977 537 504 465 402 370 328 264 6440
is_linear=0
shrinkage=0.05


Tree=52
num_leaves=31
num_cat=0
split_feature=288 289 289 292 282 276 104 197 46 150 93 35 24 205 45 241 229 145 268 281 274 51 185 140 255 281 199 267 287 115
split_gain=520417 621965 589852 583280 417058 1.25377e+06 408228 400850 774399 378403 730520 353446 688219 1.34117e+06 1.23225e+06 1.15606e+06 516447 507667 434316 396808 553512 591319 448212 662644 928058 582345 559149 537692 551505 572332
threshold=142.25000000000003 -1195.4999999999998 -143.24999999999997 744.84381103515636 -17.749999999999996 59.250000000000007 3292.9599609375005 2099.2500000000005 5110.5000000000009 -3365.7499999999995 -4409.4999999999991 1640.5000000000002 1768.0000000000002 -129.74999999999997 1587.2500000000002 1207.0000000000002 517.10519409179699 428.99685668945318 -1688.7499999999998 142.75000000000003 188.25000000000003 2389.2500000000005 642.25000000000011 1362.7500000000002 1100.7500000000002 1638.2500000000002 2805.2500000000005 949.75000000000011 208.75000000000003 1341.5000000000002
decision_type=2 2 2 2 2 2 2 2 2 2 2 2 2 2 2 2 2 2 2 2 2 2 2 2 2 2 2 2 2 2
left_child=2 3 4 -2 7 -6 -4 8 -1 10 -3 -11 13 14 -13 16 -15 -17 -14 20 -20 -22 -21 24 27 -25 -27 28 -24 -30
right_child=1 9 6 -5 5 -7 -8 -9 -10 11 -12 12 18 15 -16 17 -18 -19 19 22 21 -23 23 25 -26 26 -28 -29 29 -31
leaf_value=0.041426762262462509 1.4692069549714366 -2.4775568733215336 -0.58042386066717133 12.421318224072458 14.257034885883332 1.0054723541061563 6.4023412420636134 -3.1597024623880685 7.7177808114976605 0.078397927345726773 8.5864137958835922 19.806878276098345 -6.8981546926498414 -0.97351376959255775 3.5224939474692714 3.7140464556217196 6.2305896035556145 14.979775366783143 0.94086362375482846 -1.3328095088532781 2.3635733391344549 11.940061982472738 -0.09743117413050692 0.39321317436711767 12.31525293982029 0.25702670812606815 -11.424544075557165 -5.1095286783964742 2.0807779955309491 10.625976322839659
leaf_weight=7451 31 25 6363 20 20 166 21 97 33 9136 37 21 20 175 26 20 29 20 191 362 40 27 71 751 25 20 21 23 43 36
leaf_count=7451 31 25 6363 20 20 166 21 97 33 9136 37 21 20 175 26 20 29 20 191 362 40 27 71 751 25 20 21 23 43 36
internal_value=1.97247e-10 0.255136 -0.20139 5.76415 0.0912728 2.43037 -0.557454 0.0338829 0.0752749 0.229868 4.12514 0.208026 0.824518 3.06436 10.7985 1.57458 0.050599 9.34691 0.424645 0.515611 2.31252 6.22276 0.17271 0.723213 3.31037 0.0764245 -5.72622 2.00909 3.10061 5.97479
internal_weight=25321 11170 14151 51 7767 186 6384 7581 7484 11119 62 11057 1921 291 47 244 204 40 1630 1610 258 67 1352 990 198 792 41 173 150 79
internal_count=25321 11170 14151 51 7767 186 6384 7581 7484 11119 62 11057 1921 291 47 244 204 40 1630 1610 258 67 1352 990 198 792 41 173 150 79
is_linear=0
shrinkage=0.05


Tree=53
num_leaves=31
num_cat=0
split_feature=289 287 125 135 288 212 45 127 280 288 241 254 253 254 245 232 204 193 252 40 283 4 182 204 213 261 254 253 152 226
split_gain=492729 567111 1.00883e+06 1.07393e+06 927372 567082 640636 1.16896e+06 619086 531805 391819 564434 693682 480186 502397 480989 718731 670799 713951 597442 450365 527895 434692 767266 662587 451106 408426 675653 551916 485520
threshold=-674.74999999999989 -422.24999999999994 -740.96649169921864 1444.2500000000002 153.25000000000003 -2365.2499999999995 4457.0000000000009 2736.0000000000005 -934.74999999999989 19.250000000000004 465.25000000000006 -139.74999999999997 -1.0000000180025095e-35 408.25000000000006 477.75000000000006 2285.2500000000005 2120.5000000000005 1160.5875244140627 490.75000000000006 439.23020935058599 155.75000000000003 -2421.9724121093745 880.50000000000011 1132.7500000000002 770.50000000000011 123.75000000000001 -427.74999999999994 -150.74999999999997 679.19335937500011 -1028.2499999999998
decision_type=2 2 2 2 2 2 2 2 2 2 2 2 2 2 2 2 2 2 2 2 2 2 2 2 2 2 2 2 2 2
left_child=1 5 -3 4 -4 8 7 -7 -1 -2 11 12 26 15 -15 16 -12 -18 -19 -20 21 -16 23 -14 -25 -24 27 -11 29 -29
right_child=9 2 3 -5 -6 6 -8 -9 -10 10 13 -13 22 14 20 -17 17 18 19 -21 -22 -23 25 24 -26 -27 -28 28 -30 -31
leaf_value=1.4731772129352276 -0.92382258439704001 -4.1450890772815407 17.398667086873736 0.7382577925312277 5.2659878452618925 -0.31585766503961948 -8.8311235523223868 11.817245074680875 12.293099579811097 -0.11536321045098429 0.86031260741223115 -0.43963413475422908 0.84843395653715903 6.3138091446891913 3.8434539608905718 -6.733159065246582 -2.2731575965881348 0.47596452547156293 6.0586597772744994 17.254078639637338 0.55105810634559871 -0.95540796197548272 -1.2457551882323126 14.249032886028289 1.5327920559793711 5.5635769303028404 -0.6957078172560206 -1.1897323393821717 -4.289322454482317 2.2701740064934488
leaf_weight=39 1574 29 28 49 36 363 20 21 20 5010 2030 6838 2943 31 60 20 22 23 26 22 1365 1277 377 20 21 26 2217 120 40 654
leaf_count=39 1574 29 28 49 36 363 20 21 20 5010 2030 6838 2943 31 60 20 22 23 26 22 1365 1277 377 20 21 26 2217 120 40 654
internal_value=3.21291e-09 1.40976 4.17398 6.30896 10.574 0.561985 -0.106724 0.347671 5.14095 -0.0345082 0.0259784 -0.0803189 0.134679 0.424179 -0.0151944 0.984519 1.05722 5.3554 7.71918 11.1899 -0.087807 -0.740051 0.734902 0.943066 7.73584 -0.806443 -0.118145 0.101714 1.43778 1.73375
internal_weight=25321 605 142 113 64 463 404 384 59 24716 23142 18266 11428 4876 2733 2143 2123 93 71 48 2702 1337 3387 2984 41 403 8041 5824 814 774
internal_count=25321 605 142 113 64 463 404 384 59 24716 23142 18266 11428 4876 2733 2143 2123 93 71 48 2702 1337 3387 2984 41 403 8041 5824 814 774
is_linear=0
shrinkage=0.05


Tree=54
num_leaves=31
num_cat=0
split_feature=289 247 199 206 288 16 161 141 195 275 254 253 147 253 285 235 218 66 59 215 148 241 157 170 229 156 287 268 266 134
split_gain=470857 713428 701134 657049 598927 505874 502646 460266 453443 450716 458295 599245 412442 660546 409100 452768 405288 398842 615510 474840 776248 671820 451786 335035 447584 717031 356774 366973 531567 981419
threshold=-283.74999999999994 1722.0000000000002 3391.2500000000005 3244.2500000000005 124.25000000000001 5065.5000000000009 3043.7500000000005 2353.0000000000005 -2522.322631835937 -668.74999999999989 -179.24999999999997 -111.74999999999999 1722.2500000000002 182.25000000000003 424.77229309082037 3334.9099121093755 101.25000000000001 505.25000000000006 395.25000000000006 412.07830810546881 377.25000000000006 262.25000000000006 971.25000000000011 803.75000000000011 547.78625488281261 -858.74999999999989 -157.74999999999997 -341.24999999999994 -139.74999999999997 -172.74999999999997
decision_type=2 2 2 2 2 2 2 2 2 2 2 2 2 2 2 2 2 2 2 2 2 2 2 2 2 2 2 2 2 2
left_child=1 2 5 7 8 6 -1 -3 -2 -10 11 16 23 -14 17 -16 -11 -12 -19 -20 -21 -22 -23 24 26 -26 27 -13 29 -29
right_child=4 3 -4 -5 -6 -7 -8 -9 9 10 14 12 13 -15 15 -17 -18 18 19 20 21 22 -24 -25 25 -27 -28 28 -30 -31
leaf_value=0.41109102146241999 4.9944499969482425 7.6308492104212453 -8.9809376525878903 11.763025421142579 0.15494988038237656 6.766783130168915 -4.7318359670539705 -1.1696398588327261 -2.0303567336463346 -0.24317877927847609 -0.87891770511940881 -0.12708832390168134 12.160403046607971 0.073956716977632966 -2.8163875374404426 3.8044234360967368 -2.0669466839082498 6.4152893546380501 -0.28786841525984158 12.109627773761751 -4.0750807232516157 10.262047455527567 0.0090814164706638882 -2.4070863430266796 10.707878443173001 -0.94217308998107918 0.30442247004231476 0.49026055037975313 1.5444533805294736 14.159068637058652
leaf_weight=4650 39 24 20 25 10653 31 48 39 410 2184 2970 85 20 26 332 28 354 38 1297 20 35 22 21 92 28 25 1670 24 82 29
leaf_count=4650 39 24 20 25 10653 31 48 39 410 2184 2970 85 20 26 332 28 354 38 1297 20 35 22 21 92 28 25 1670 24 82 29
internal_value=-2.05005e-09 0.443704 0.361044 4.90455 -0.104774 0.400553 0.358545 2.18293 -0.386215 -0.407645 -0.336732 0.0181319 0.64707 5.32893 -0.680866 -2.30144 -0.497558 -0.548365 0.136731 -0.0342974 3.32164 1.06831 5.25478 0.541239 0.680841 5.21257 0.553761 2.44646 4.06685 7.96942
internal_weight=25321 4837 4749 88 20484 4729 4698 63 9831 9792 9382 4619 2081 46 4763 360 2538 4403 1433 1395 98 78 43 2035 1943 53 1890 220 135 53
internal_count=25321 4837 4749 88 20484 4729 4698 63 9831 9792 9382 4619 2081 46 4763 360 2538 4403 1433 1395 98 78 43 2035 1943 53 1890 220 135 53
is_linear=0
shrinkage=0.05


Tree=55
num_leaves=31
num_cat=0
split_feature=130 267 282 232 266 47 47 123 248 281 285 166 240 281 261 273 280 29 247 208 194 43 1 264 21 69 22 69 47 142
split_gain=444592 574324 575690 627370 477324 452538 1.05189e+06 449555 586397 403751 381342 683364 555553 525786 615584 512960 621535 675312 451490 715433 441023 426268 545505 576264 430637 401275 683424 708285 378534 374212
threshold=950.99499511718761 -1303.7499999999998 835.00000000000011 2536.7500000000005 -1423.9999999999998 167.84690093994143 131.97394561767581 -523.88250732421864 1589.2500000000002 1638.2500000000002 679.19335937500011 390.24499511718756 -2026.7499999999998 -135.24999999999997 -1326.4999999999998 -445.24999999999994 702.75000000000011 4803.2500000000009 -1570.2499999999998 505.92503356933599 661.46316528320324 -859.74999999999989 139.75000000000003 581.48425292968761 -444.74999999999994 -347.87495422363276 -621.99999999999989 -265.87016296386713 744.84381103515636 -915.74999999999989
decision_type=2 2 2 2 2 2 2 2 2 2 2 2 2 2 2 2 2 2 2 2 2 2 2 2 2 2 2 2 2 2
left_child=7 -2 4 -4 -3 6 -6 8 -1 10 18 -12 -13 20 -15 -16 17 -17 19 -7 -14 29 23 25 -24 -23 -27 -28 -18 -20
right_child=1 2 3 -5 5 9 -8 -9 -10 -11 11 12 13 14 15 16 28 -19 21 -21 -22 22 24 -25 -26 26 27 -29 -30 -31
leaf_value=0.092572287764656425 8.7957537093758589 -5.557181334495545 0.90281045733927157 10.817740571057357 -1.1209791115352086 12.178607959747316 13.892528171539306 -0.3853133974507606 8.2653340729800142 -5.5249202760060632 10.197684808210894 -4.4598605602979662 3.4593977246965681 8.8865369291016556 -3.3089079455895858 2.5259043059994779 -5.3035697382849625 10.154439119859177 -1.3978236506382624 -1.0350120260601952 -5.3474644205786968 -1.61517357755275 -3.9192327266308804 9.1370169098560634 0.1124676765604096 10.98897534097944 10.277149252458052 0.9473527019884852 2.8647614313208543 -9.2638024148486906
leaf_weight=9278 20 35 39 27 28 20 20 8893 22 30 22 40 21 33 44 240 37 33 54 21 44 84 67 26 5786 21 22 270 23 21
leaf_count=9278 20 35 39 27 28 20 20 8893 22 30 22 40 21 33 44 240 37 33 54 21 44 84 67 26 5786 21 22 270 23 21
internal_value=-1.3055e-09 0.334718 0.310911 4.95892 0.267348 0.296442 5.13465 -0.131142 0.111906 0.26307 0.28813 1.56787 1.19922 1.67578 2.33813 1.76493 2.43535 3.44803 0.180617 5.41066 -2.50217 0.146853 0.191633 1.92562 0.0663163 1.45334 2.27684 1.65028 -2.17238 -3.6003
internal_weight=25321 7128 7108 66 7042 7007 48 18193 9300 6959 6929 537 515 475 410 377 333 273 6392 41 65 6351 6276 423 5853 397 313 292 60 75
internal_count=25321 7128 7108 66 7042 7007 48 18193 9300 6959 6929 537 515 475 410 377 333 273 6392 41 65 6351 6276 423 5853 397 313 292 60 75
is_linear=0
shrinkage=0.05


Tree=56
num_leaves=31
num_cat=0
split_feature=288 89 103 255 75 75 219 254 93 124 281 40 183 241 91 150 149 226 205 201 58 284 254 253 278 226 220 289 189 174
split_gain=420340 387267 851348 926682 666433 512794 583294 628421 711665 597405 619310 566450 524835 531526 552673 500811 946329 495295 599147 482453 443381 492743 441797 704442 545391 631557 695242 465371 424960 409445
threshold=19.250000000000004 495.52513122558599 472.83790588378912 -81.249999999999986 502.09635925292974 529.70809936523449 2654.7500000000005 -1013.2499999999999 -222.24999999999997 700.57888793945324 192.75000000000003 661.46316528320324 3359.2500000000005 355.25000000000006 663.75000000000011 3132.5000000000005 2128.5000000000005 -2454.4999999999995 -2467.2499999999995 661.46316528320324 849.75000000000011 1414.7874755859377 621.25000000000011 910.75000000000011 525.18084716796886 1058.5000000000002 730.75000000000011 -185.24999999999997 535.25000000000011 384.07447814941412
decision_type=2 2 2 2 2 2 2 2 2 2 2 2 2 2 2 2 2 2 2 2 2 2 2 2 2 2 2 2 2 2
left_child=-1 4 3 -3 -2 15 7 8 17 11 -11 -10 13 14 20 16 -4 -7 -19 -8 21 -9 23 -15 -25 26 27 -26 -24 -16
right_child=1 2 5 -5 -6 6 19 12 9 10 -12 -13 -14 22 29 -17 -18 18 -20 -21 -22 -23 28 24 25 -27 -28 -29 -30 -31
leaf_value=-0.77690918148981791 0.00052584722648298739 13.537297643606479 1.4527896511229179 1.2199225082590774 -2.7419241201664724 -4.6452004150910815 11.29824200925373 -0.15822094893893776 4.7021235869481011 15.310890375484121 3.576646551878556 -3.3824087079366048 -6.3485592643419899 0.49301304380375766 -7.0465805307030678 -5.9094505006616771 12.210797754923504 9.4145010757446297 0.35578924406088142 0.44736187934875488 4.8926108600237441 -3.8854500587540444 -3.7536014325647473 -1.203537138303121 9.1697883491516112 -0.35533077166630678 13.91174578871046 -0.92666172300066274 0.41525077402334792 -1.9789312047146739
leaf_weight=1629 20035 26 769 37 224 44 21 850 78 22 23 30 36 332 48 22 21 20 209 20 39 99 83 30 25 26 35 21 232 235
leaf_count=1629 20035 26 769 37 224 44 21 850 78 22 23 30 36 332 48 22 21 20 209 20 39 99 83 30 25 26 35 21 232 235
internal_value=-8.51921e-10 0.0534182 0.544492 6.30328 -0.0297969 0.436835 0.0893353 -0.00702844 1.74333 4.47318 9.31339 2.45642 -0.363629 -0.258783 -0.890339 1.53154 1.73876 0.213411 1.14694 6.00513 -0.332323 -0.547047 0.765078 1.73781 4.75439 6.42483 8.60118 4.56054 -0.683209 -2.83846
internal_weight=25321 23692 3433 63 20259 3370 2558 2517 426 153 45 108 2091 2055 1271 812 790 273 229 41 988 949 784 469 137 107 81 46 315 283
internal_count=25321 23692 3433 63 20259 3370 2558 2517 426 153 45 108 2091 2055 1271 812 790 273 229 41 988 949 784 469 137 107 81 46 315 283
is_linear=0
shrinkage=0.05


Tree=57
num_leaves=31
num_cat=0
split_feature=288 78 289 289 134 244 133 209 205 248 285 276 140 65 99 17 150 191 204 190 175 260 254 233 282 287 93 253 267 274
split_gain=408862 790990 557229 522617 431663 425244 376616 409245 614719 967424 624901 550374 537943 979610 551844 418508 404625 403904 372252 393418 358967 358452 700072 838504 612126 698012 709378 541034 510733 387174
threshold=317.25000000000006 5080.0000000000009 -105.74999999999999 -1195.4999999999998 3565.5000000000005 2032.6334228515627 -1222.2499999999998 1164.0371704101565 186.25000000000003 510.25000000000006 1012.183807373047 -224.74999999999997 1362.7500000000002 2031.2500000000002 1049.0000000000002 2017.2500000000002 -809.74999999999989 1560.2500000000002 2032.7500000000002 1502.2500000000002 -3196.9999999999995 -190.74999999999997 -329.24999999999994 -844.24999999999989 -60.749999999999993 -115.24999999999999 2306.2500000000005 484.75000000000006 -364.74999999999994 30.250000000000004
decision_type=2 2 2 2 2 2 2 2 2 2 2 2 2 2 2 2 2 2 2 2 2 2 2 2 2 2 2 2 2 2
left_child=1 2 4 -2 21 -4 16 15 9 -9 11 17 13 14 -13 18 20 -10 19 -8 -5 -1 27 -24 28 -26 -27 -23 -25 -29
right_child=3 -3 5 6 -6 -7 7 8 10 -11 -12 12 -14 -15 -16 -17 -18 -19 -20 -21 -22 22 23 24 25 26 -28 29 -30 -31
leaf_value=-0.28296073782101494 7.8360451925545931 8.3144914184297836 -0.40042493840450261 7.7045127914065406 -3.3272292173825777 -7.3612521951848811 0.12627233461340484 1.9366303669322624 0.80539728944951838 14.551831147784279 -7.2174154251813896 8.5980510044097898 0.062145021131150752 10.169673567551833 -0.51557476836807881 -2.6174168448294366 6.7138205112555092 9.7248581282297764 6.6968277948243289 -3.8538855530321601 0.97191851163939769 0.87562288453335846 -3.0849971173197464 6.0022605061531067 8.7607631403824389 0.72807948335238237 8.0459382609409449 1.0530522001140257 -0.1452525466019885 8.1225864238209198
leaf_weight=3785 24 28 8179 21 91 22 2076 55 22 21 24 20 702 39 98 155 39 30 21 64 346 2435 209 34 29 1275 34 34 5364 45
leaf_count=3785 24 28 8179 21 91 22 2076 55 22 21 24 20 702 39 98 155 39 30 21 64 346 2435 209 34 29 1275 34 34 5364 45
internal_value=-9.20561e-10 -0.0838637 -0.0947828 0.481351 0.10467 -0.419098 0.434067 0.258628 1.09795 5.42241 0.746443 0.956248 0.653874 3.29969 1.02911 -0.107761 1.87172 5.95124 0.0722471 0.00723958 1.35716 0.128251 0.292797 0.0339961 0.13077 1.08814 0.918154 1.00774 -0.106532 5.08
internal_weight=25321 21564 21536 3757 13335 8201 3733 3327 1011 76 935 911 859 157 118 2316 406 52 2161 2140 367 13244 9459 6945 6736 1338 1309 2514 5398 79
internal_count=25321 21564 21536 3757 13335 8201 3733 3327 1011 76 935 911 859 157 118 2316 406 52 2161 2140 367 13244 9459 6945 6736 1338 1309 2514 5398 79
is_linear=0
shrinkage=0.05


Tree=58
num_leaves=31
num_cat=0
split_feature=289 4 111 118 282 203 162 55 274 288 110 142 98 240 95 172 234 123 12 143 273 121 212 211 288 44 288 21 15 191
split_gain=387342 503531 724201 1.54744e+06 423295 668072 506671 742627 422284 418416 414875 354839 627236 330117 403000 506254 776955 549517 750284 451000 502912 443937 402580 601786 478864 1.20376e+06 435231 469846 446646 421656
threshold=-674.74999999999989 6207.4450683593759 3036.7741699218755 2561.074829101563 -800.74999999999989 822.25000000000011 -630.24999999999989 47.344816207885749 -472.74999999999994 19.250000000000004 331.62265014648443 1392.0000000000002 1812.7500000000002 540.50000000000011 -1335.1874999999998 3089.259887695313 802.75000000000011 3282.632446289063 287.95811462402349 1110.2500000000002 56.750000000000007 2861.5000000000005 -459.74999999999994 -66.249999999999986 46.750000000000007 37.250000000000007 634.25000000000011 1005.2500000000001 490.25000000000006 214.25000000000003
decision_type=2 2 2 2 2 2 2 2 2 2 2 2 2 2 2 2 2 2 2 2 2 2 2 2 2 2 2 2 2 2
left_child=1 2 3 4 6 8 7 10 -6 11 -1 -2 -13 22 19 21 -17 -18 -19 20 -15 -16 23 -11 25 -25 27 28 -26 -24
right_child=9 -3 -4 -5 5 -7 -8 -9 -10 13 -12 12 -14 14 15 16 17 18 -20 -21 -22 -23 29 24 26 -27 -28 -29 -30 -31
leaf_value=5.6488070402826587 -0.95956329426273246 7.7980193870408208 -4.9483831246693937 15.10822123527527 6.7970541090800856 9.3434088446877226 -1.9327329051795972 8.8944503580370249 0.014635685032064263 0.099667429603698218 -1.2369983463287353 8.9587470321655278 -1.9374318476234162 -5.2340209305286409 0.17452288238783356 9.3205642801342599 7.196564886305068 9.8582632700602222 0.10312044302993846 8.6063480818713156 2.6201650164272201 -4.0508684198372071 -0.44786967681849349 0.99690070876888193 0.96897630691528325 14.390302391052245 8.2590738603046958 -1.4435427966850256 5.0059690627150326 0.15041955139944074
leaf_weight=28 1521 28 48 20 29 33 178 31 110 7051 100 25 28 23 2165 33 36 21 321 27 179 64 7828 51 337 25 21 153 86 4721
leaf_count=28 1521 28 48 20 29 33 178 31 110 7051 100 25 28 23 2165 33 36 21 321 27 179 64 7828 51 337 25 21 153 86 4721
internal_value=-7.78726e-10 1.24994 0.932179 1.46576 0.929716 2.94801 -0.100391 1.95091 1.42967 -0.030596 0.269272 -0.819425 3.20228 0.0230561 0.525049 0.350518 1.96297 1.32064 0.70212 2.53711 1.72588 0.0532016 -0.0479851 0.236016 1.66454 5.40262 1.18867 0.930896 1.78974 -0.22279
internal_weight=25321 605 577 529 509 172 337 159 139 24716 128 1574 53 23142 2869 2640 411 378 342 229 202 2229 20273 7724 673 76 597 576 423 12549
internal_count=25321 605 577 529 509 172 337 159 139 24716 128 1574 53 23142 2869 2640 411 378 342 229 202 2229 20273 7724 673 76 597 576 423 12549
is_linear=0
shrinkage=0.05


Tree=59
num_leaves=31
num_cat=0
split_feature=289 247 199 206 288 141 282 57 220 227 16 161 284 260 188 240 23 1 114 93 288 92 78 60 262 204 17 247 42 96
split_gain=369161 567446 619339 528709 493529 406806 391501 764282 479092 433505 387621 447585 361391 333061 453577 332643 326135 338027 320813 393843 309140 318385 430731 560356 361511 357874 338417 299252 421005 302114
threshold=-283.74999999999994 1722.0000000000002 3391.2500000000005 3244.2500000000005 19.250000000000004 2353.0000000000005 109.25000000000001 -2721.7499999999995 3001.7500000000005 2361.2500000000005 5065.5000000000009 3043.7500000000005 3984.4350585937505 494.75000000000006 1292.5703125000002 -2630.9999999999995 -2692.2499999999995 -2137.7499999999995 3809.7500000000005 1903.5000000000002 157.75000000000003 1789.7500000000002 1673.7500000000002 2815.619995117188 1128.0000000000002 1280.2500000000002 13.250000000000002 630.25000000000011 392.25000000000006 325.80923461914068
decision_type=2 2 2 2 2 2 2 2 2 2 2 2 2 2 2 2 2 2 2 2 2 2 2 2 2 2 2 2 2 2
left_child=1 2 10 5 13 -3 9 -8 16 12 11 -1 15 14 -2 -6 -9 -18 19 20 -19 22 24 -24 25 27 -26 -22 29 -29
right_child=4 3 -4 -5 6 -7 7 8 -10 -11 -12 -13 -14 -15 -16 -17 17 18 -20 -21 21 -23 23 -25 26 -27 -28 28 -30 -31
leaf_value=0.36910342348570269 -0.99963991063739932 7.0516188780466722 -8.4610101652145389 10.523531873347238 6.0278766615824271 -1.2220127869875004 9.0835279040611709 -4.194142225384712 8.1719624185562143 -5.0201005776723235 5.9289776771299305 -4.4839739839235939 5.1212377533768167 -4.0079277159339126 6.6034328943490976 -0.12435091089599232 6.7903615542820521 5.6870044208489929 -4.8078968113866347 2.4571917149483373 0.039992396413668328 -1.7668638175343447 1.1322585181014178 9.1559901124046696 8.4410381813844051 -2.1133699226492677 1.3989138317815328 9.4255199121392295 -0.40799675810904734 2.8851465184437601
leaf_weight=4650 1022 24 20 25 22 39 26 38 20 45 31 48 33 91 20 16795 21 26 29 228 1340 187 73 31 24 171 59 23 84 76
leaf_count=4650 1022 24 20 25 22 39 26 38 20 45 31 48 33 91 20 16795 21 26 29 228 1340 187 73 31 24 171 59 23 84 76
internal_value=-2.67837e-10 0.392877 0.319157 4.37123 -0.0927723 1.92985 -0.0333865 0.556475 0.465239 -0.119134 0.356291 0.319519 -0.106045 -1.10705 -0.853708 -0.116303 0.401282 0.474902 0.41849 0.483764 0.268892 0.200773 0.396386 3.52395 0.213343 0.055484 3.43519 0.298999 2.19555 4.40463
internal_weight=25321 4837 4749 88 20484 63 19351 2456 2430 16895 4729 4698 16850 1133 1042 16817 2410 2372 2351 2322 2094 2068 1881 104 1777 1694 83 1523 183 99
internal_count=25321 4837 4749 88 20484 63 19351 2456 2430 16895 4729 4698 16850 1133 1042 16817 2410 2372 2351 2322 2094 2068 1881 104 1777 1694 83 1523 183 99
is_linear=0
shrinkage=0.05


Tree=60
num_leaves=31
num_cat=0
split_feature=130 282 232 267 266 79 78 78 79 47 124 80 13 267 282 143 191 212 292 182 157 155 117 218 63 289 155 212 241 143
split_gain=345152 456727 504736 459844 434804 420332 834950 462151 499082 416200 953918 399798 471123 958524 410519 416768 516098 398889 1.2155e+06 479221 546580 383438 746009 665230 847461 690524 400212 540615 665226 889659
threshold=950.99499511718761 835.00000000000011 2536.7500000000005 -1303.7499999999998 -1423.9999999999998 -216.74999999999997 -19.749999999999996 484.75000000000006 155.25000000000003 167.84690093994143 164.72378540039065 -754.74999999999989 -1167.861877441406 -364.74999999999994 -440.74999999999994 130.75000000000003 -476.24999999999994 -545.74999999999989 387.40850830078131 140.25000000000003 190.25000000000003 159.25000000000003 247.04831695556643 1057.7500000000002 -370.24999999999994 -177.24999999999997 -1436.9999999999998 -929.24999999999989 -146.24999999999997 -459.74999999999994
decision_type=2 2 2 2 2 2 2 2 2 2 2 2 2 2 2 2 2 2 2 2 2 2 2 2 2 2 2 2 2 2
left_child=5 3 -3 -2 -5 6 -1 -7 17 10 -6 -8 13 -13 -15 16 -16 18 -9 -19 -21 22 -11 26 -25 -26 -24 28 -28 -30
right_child=1 2 -4 4 9 7 11 8 -10 21 -12 12 -14 14 15 -17 -18 19 -20 20 -22 -23 23 24 25 -27 27 -29 29 -31
leaf_value=-0.059992303173205357 7.8270746302604683 0.79683184990516076 9.6900739762518153 -5.3243289451939724 -1.3139286818327729 -0.92438465532691172 8.4723974490165723 15.474386336803438 -0.25007398496930583 9.0461582541465759 12.894781001408896 13.22548998542454 0.81590758719971646 -3.5932462768554689 0.25102529774109522 -1.0109151184558869 8.5158360151537504 -1.6872145712960003 -0.23862468898296357 8.5339231546968222 1.2908656635241851 0.043234324955928966 -2.6438436753147254 -2.9576551720499995 2.8704237807880748 15.016247215270997 1.6086623566159119 0.15698603658107346 2.1131488420345166 16.026566915512088
leaf_weight=10410 20 39 27 35 27 2765 20 20 3726 28 21 23 781 25 30 36 51 102 32 32 140 5547 91 20 22 25 282 897 27 20
leaf_count=10410 20 39 27 35 27 2765 20 20 3726 28 21 23 781 25 30 36 51 102 32 32 140 5547 91 20 22 25 282 897 27 20
internal_value=1.04276e-09 0.294919 4.43498 0.256227 0.234725 -0.115549 0.0704951 -0.426014 -0.0859361 0.262493 4.90238 1.47668 1.32878 3.75637 2.22264 3.46535 5.4548 1.79007 5.80484 1.02814 2.63841 0.230489 0.966112 0.802643 5.66272 9.33097 0.555395 0.792859 2.52653 8.03375
internal_weight=25321 7128 66 7062 7042 18193 11376 6817 4052 7007 48 966 946 165 142 117 81 326 52 274 172 6959 1412 1384 67 47 1317 1226 329 47
internal_count=25321 7128 66 7062 7042 18193 11376 6817 4052 7007 48 966 946 165 142 117 81 326 52 274 172 6959 1412 1384 67 47 1317 1226 329 47
is_linear=0
shrinkage=0.05


Tree=61
num_leaves=31
num_cat=0
split_feature=289 291 144 282 192 113 57 50 127 23 281 268 292 253 47 288 142 98 131 282 208 254 2 253 254 262 212 173 114 121
split_gain=331603 456720 655337 1.02016e+06 705089 446644 617059 434572 950840 453466 394693 434433 445214 365516 359814 339474 308498 560836 300551 270283 561947 478345 528030 477279 777226 576026 573587 455400 419936 410172
threshold=-674.74999999999989 -888.27499389648426 -452.25250244140619 -800.74999999999989 -1859.9999999999998 -2652.7499999999995 -3456.9999999999995 3974.2500000000005 2616.7500000000005 5040.5000000000009 45.250000000000007 -1251.2499999999998 529.70809936523449 -751.49999999999989 534.11987304687511 19.250000000000004 1392.0000000000002 1812.7500000000002 164.72378540039065 -527.24999999999989 719.73504638671886 -666.24999999999989 5103.7500000000009 -111.74999999999999 -329.24999999999994 -523.74999999999989 265.75000000000006 557.84716796875011 -4112.7499999999991 -1347.2499999999998
decision_type=2 2 2 2 2 2 2 2 2 2 2 2 2 2 2 2 2 2 2 2 2 2 2 2 2 2 2 2 2 2
left_child=1 5 3 -3 -4 6 -1 8 10 -9 11 13 -13 -6 -12 16 -2 -18 -17 20 29 28 23 -23 -25 26 -26 -24 -21 -20
right_child=15 2 4 -5 7 -7 -8 9 -10 -11 14 12 -14 -15 -16 18 17 -19 19 21 -22 22 27 24 25 -27 -28 -29 -30 -31
leaf_value=-2.6783364534378054 -0.86950608504538707 0.84244281512040375 8.4480972006917003 15.471882358464327 -0.29486022525363498 -2.3414044596417978 9.5932496479579381 -6.9536161142237054 9.592296618223191 2.391285653341384 7.5200450015790539 0.17931626091400785 -5.3993044500811065 8.5004740397135432 -0.34482068281907302 -1.0179594561457634 8.4543278465271001 -1.8489822519677028 0.88915376748804376 6.7135843638716075 -3.8685881618760591 -0.63484739274699642 1.0684056282043457 1.1171339157780613 -0.40934396698361353 -0.040997832857651698 10.905811387300492 11.022887768745424 0.66384415659815132 -0.7623155036875966
leaf_weight=20 1521 26 32 22 27 137 21 34 32 21 33 96 57 21 26 677 25 28 524 29 117 2554 27 1683 21 13497 24 20 2638 1331
leaf_count=20 1521 26 32 22 27 137 21 34 32 21 33 96 57 21 26 677 25 28 524 29 117 2554 27 1683 21 13497 24 20 2638 1331
internal_value=-1.89668e-09 1.15651 2.04349 7.5476 1.3464 -0.971241 3.60711 0.691488 1.45943 -3.38556 0.458457 -0.597001 -1.89899 3.5531 4.05417 -0.0283092 -0.738839 3.01107 0.0200174 0.0512976 -0.507784 0.105097 0.0116592 -0.00233243 0.103772 -0.0221684 5.62541 5.30436 0.729627 -0.295809
internal_weight=25321 605 427 48 379 178 41 347 292 55 260 201 153 48 59 24716 1574 53 23142 22465 1972 20493 17826 17779 15225 13542 45 47 2667 1855
internal_count=25321 605 427 48 379 178 41 347 292 55 260 201 153 48 59 24716 1574 53 23142 22465 1972 20493 17826 17779 15225 13542 45 47 2667 1855
is_linear=0
shrinkage=0.05


Tree=62
num_leaves=31
num_cat=0
split_feature=240 254 267 201 253 254 126 85 98 93 246 246 106 198 207 292 254 268 269 33 282 287 165 261 267 212 246 2 30 275
split_gain=322146 727107 495227 1.19966e+06 380887 460266 419457 1.19053e+06 1.47982e+06 515729 484048 474126 463800 413441 504293 423247 403077 534108 392595 799694 365552 945677 508593 381894 864190 526646 457173 471102 1.11646e+06 351155
threshold=105.75000000000001 -89.249999999999986 -299.74999999999994 428.74328613281256 10.750000000000002 -261.74999999999994 -1590.2499999999998 -1537.2499999999998 -1557.2499999999998 -1851.7499999999998 700.25000000000011 294.25000000000006 -1239.4999999999998 -1687.2499999999998 -2819.565063476562 744.84381103515636 -666.24999999999989 -507.74999999999994 -342.24999999999994 420.03863525390631 -56.249999999999993 -110.74999999999999 -1848.9225463867185 395.25000000000006 1100.7500000000002 2335.7500000000005 971.75000000000011 -1069.7499999999998 -910.74999999999989 -559.74999999999989
decision_type=2 2 2 2 2 2 2 2 2 2 2 2 2 2 2 2 2 2 2 2 2 2 2 2 2 2 2 2 2 2
left_child=1 4 3 -2 16 6 7 -6 -9 -8 11 13 -10 -11 -15 -16 17 -1 19 -19 23 -22 -23 24 25 26 -4 -28 -29 -20
right_child=2 -3 20 -5 5 -7 9 8 12 10 -12 -13 -14 14 15 -17 -18 18 29 -21 21 22 -24 -25 -26 -27 27 28 -30 -31
leaf_value=-0.083176230867728129 -1.2803050970329959 -0.69069571358845261 -0.10001575977620653 13.148039361000063 0.24396439913921714 0.014899275821547226 -3.3649931793553494 20.030082327169367 -1.282056878960651 -4.2317446007873079 8.7544914591312413 -1.3676854702448233 8.55628351688385 7.954444880321109 1.1481148223012567 8.3120002082415994 -0.40034102923644127 1.6755553099217715 -3.6863808951726775 10.758647398794851 10.494941113889219 2.9414661971051337 0.38756146359558563 -0.96694045230103842 10.538372257947922 -7.9759992599487308 -3.2327740047288978 13.063184200633657 1.5033874887080083 1.0438974793849087
leaf_weight=3025 34 4214 2577 25 114 2328 70 20 23 33 20 195 25 29 1132 21 5293 111 41 31 24 207 3346 951 20 20 46 22 413 911
leaf_count=3025 34 4214 2577 25 114 2328 70 20 23 33 20 195 25 29 1132 21 5293 111 41 31 24 207 3346 951 20 20 46 22 413 911
internal_value=-2.26398e-09 -0.117727 0.270168 4.8334 0.0621629 0.470227 1.10043 3.36722 8.60326 0.825394 1.03052 0.920958 3.84208 1.28827 1.44238 1.27859 -0.111694 0.259224 1.20599 3.65848 0.234864 0.603171 0.536354 -0.0905093 0.178531 0.111215 0.164108 1.57917 2.08802 0.840178
internal_weight=25321 17636 7685 59 13422 4010 1682 182 68 1500 1430 1410 48 1215 1182 1153 9412 4119 1094 142 7626 3577 3553 4049 3098 3078 3058 481 435 952
internal_count=25321 17636 7685 59 13422 4010 1682 182 68 1500 1430 1410 48 1215 1182 1153 9412 4119 1094 142 7626 3577 3553 4049 3098 3078 3058 481 435 952
is_linear=0
shrinkage=0.05


Tree=63
num_leaves=31
num_cat=0
split_feature=289 247 199 289 43 184 288 16 161 282 57 220 232 284 254 252 262 22 79 276 252 31 40 282 1 174 225 260 188 30
split_gain=311590 479852 567385 527940 574732 437725 408074 327443 398093 323900 687789 412501 390818 366239 317778 476211 414145 439052 795348 585150 511013 475812 369853 323281 325663 303641 307157 297215 389996 274801
threshold=-283.74999999999994 1722.0000000000002 3391.2500000000005 -396.74999999999994 3789.2500000000005 -3508.4999999999995 19.250000000000004 5065.5000000000009 3043.7500000000005 109.25000000000001 -2721.7499999999995 3001.7500000000005 3021.7500000000005 3984.4350585937505 637.25000000000011 717.25000000000011 -105.24999999999999 1280.2500000000002 1310.2500000000002 84.250000000000014 830.25000000000011 14.250000000000002 292.94119262695318 -112.24999999999999 -428.24999999999994 -1776.1024169921873 2652.5000000000005 494.75000000000006 1292.5703125000002 2315.2500000000005
decision_type=2 2 2 2 2 2 2 2 2 2 2 2 2 2 2 2 2 2 2 2 2 2 2 2 2 2 2 2 2 2
left_child=1 2 7 4 -3 -2 27 8 -1 12 -11 25 13 14 15 -8 -17 21 19 -19 -21 23 -20 -18 -25 -12 -27 28 -7 -24
right_child=5 3 -4 -5 -6 6 9 -9 -10 10 11 -13 -14 -15 -16 16 17 18 22 20 -22 -23 29 24 -26 26 -28 -29 -30 -31
leaf_value=0.34166054933446072 5.0758847492497141 6.4556359679610642 -8.1106830692291254 9.2708065771287504 -3.5997252454360331 -0.91416175974903302 -0.12540173470534685 5.4505661518343036 -4.2352397138873732 8.5842543767048767 -4.2083310832579937 7.5596487855911256 -6.3665308723449705 4.999008212555367 -1.156956658246487 7.4346170884591558 -0.66819295012033908 0.63501421472300656 6.9374538469314579 4.3102102088928218 14.855003837302881 -2.1403019043604536 1.3813224603603413 7.3149793878579761 0.72018103367752495 0.47212552375622452 -5.6018322762988859 -3.7584826716846162 6.1359793996810916 -3.6085549251977791
leaf_weight=4650 41 27 20 31 30 1021 15561 31 48 26 36 20 25 35 709 27 65 23 20 20 27 150 77 39 36 2351 21 91 20 43
leaf_count=4650 41 27 20 31 30 1021 15561 31 48 26 36 20 25 35 709 27 65 23 20 20 27 150 77 39 36 2351 21 91 20 43
internal_value=5.88172e-10 0.360945 0.293153 4.01938 1.16334 -0.0852319 -0.0955829 0.328695 0.294898 -0.0414965 0.495197 0.408576 -0.119627 -0.110349 -0.120995 -0.0753401 1.40286 1.07714 2.81827 7.16992 10.3679 -0.18368 0.64245 1.9127 4.14948 0.349181 0.418351 -1.01825 -0.778712 -0.406717
internal_weight=25321 4837 4749 88 57 20484 20443 4729 4698 19311 2454 2428 16857 16832 16797 16088 527 500 210 70 47 290 140 140 75 2408 2372 1132 1041 120
internal_count=25321 4837 4749 88 57 20484 20443 4729 4698 19311 2454 2428 16857 16832 16797 16088 527 500 210 70 47 290 140 140 75 2408 2372 1132 1041 120
is_linear=0
shrinkage=0.05


Tree=64
num_leaves=31
num_cat=0
split_feature=289 4 111 118 248 212 41 7 288 17 177 187 232 213 229 234 240 254 266 253 255 183 164 239 261 268 268 269 261 238
split_gain=292089 430858 615343 1.32752e+06 409237 340933 530438 1.18886e+06 590691 362867 363062 709917 468614 469064 445209 395710 296905 590515 552833 492294 349959 364926 785154 451538 393670 409992 383098 599870 603177 426261
threshold=-674.74999999999989 6207.4450683593759 3036.7741699218755 2561.074829101563 -2086.7499999999995 -2365.2499999999995 -1145.066223144531 -891.24999999999989 461.25000000000006 2062.0000000000005 684.75000000000011 408.05178833007818 25.250000000000004 -253.74999999999997 472.62278747558599 -1139.7499999999998 105.75000000000001 -130.74999999999997 -750.24999999999989 10.750000000000002 591.75000000000011 919.75000000000011 944.75000000000011 193.75000000000003 -246.74999999999997 -190.24999999999997 -326.24999999999994 -213.74999999999997 -308.24999999999994 -137.74999999999997
decision_type=2 2 2 2 2 2 2 2 2 2 2 2 2 2 2 2 2 2 2 2 2 2 2 2 2 2 2 2 2 2
left_child=1 2 3 4 -1 -6 -7 -8 9 10 12 -12 13 14 15 -9 17 19 -18 -2 21 22 24 -24 26 -26 -21 28 -28 -29
right_child=16 -3 -4 -5 5 6 7 8 -10 -11 11 -13 -14 -15 -16 -17 18 -19 -20 20 -22 -23 23 -25 25 -27 27 29 -30 -31
leaf_value=-5.2033495474744731 -0.14559588864824141 7.1425734179360534 -4.6291190594434743 13.919247570037843 5.2663491429222962 -2.0564648570060728 12.49003741145134 8.4143477916717533 8.2517906799316414 -5.281699915285464 -1.8360711597260975 10.75216471751531 -3.8189917944245426 7.8639523933331184 -4.3108584168794994 0.11607260002809412 7.5129416685837969 -0.59987626721887499 0.20947883206723078 0.43857061837734712 6.4662711687088006 -0.81569674932983982 9.5341089676588009 1.5872743411497636 -1.2591501734466766 0.56869711799960199 12.439422409875053 3.2993385939471489 1.6372949911708323 0.20037364448429248
leaf_weight=27 8928 28 48 20 45 125 24 20 25 27 21 24 59 24 37 51 26 4986 7529 529 25 437 39 33 403 1285 28 226 24 218
leaf_count=27 8928 28 48 20 45 125 24 20 25 27 21 24 59 24 37 51 26 4986 7529 529 25 437 39 33 403 1285 28 226 24 218
internal_value=-3.24019e-10 1.08542 0.791487 1.28334 0.786838 1.12239 0.695664 1.79828 0.907301 0.209155 0.837346 4.87765 -0.114559 1.54121 0.136156 2.45361 -0.026569 -0.141553 0.234613 0.0461438 0.573354 0.52763 0.738414 5.89181 0.601649 0.132309 1.37457 2.37284 7.45383 1.77777
internal_weight=25321 605 577 529 509 482 437 312 288 263 236 45 191 132 108 71 24716 17161 7555 12175 3247 3222 2785 72 2713 1688 1025 496 52 444
internal_count=25321 605 577 529 509 482 437 312 288 263 236 45 191 132 108 71 24716 17161 7555 12175 3247 3222 2785 72 2713 1688 1025 496 52 444
is_linear=0
shrinkage=0.05


Tree=65
num_leaves=31
num_cat=0
split_feature=234 122 5 110 114 95 149 267 139 292 171 134 33 129 5 33 41 20 44 20 82 110 61 268 26 89 25 253 131 229
split_gain=280902 696270 503796 317811 284952 610673 388512 540480 482392 343758 342925 299950 462758 341522 302147 588606 631479 1.05618e+06 564900 432844 420709 909071 452927 392341 391044 386141 382472 508915 381027 587222
threshold=-2321.9999999999995 -2825.7499999999995 525.18084716796886 436.91441345214849 -4112.7499999999991 -2421.839965820312 -2543.7499999999995 759.25000000000011 -2943.0083007812495 513.40527343750011 -2264.2499999999995 -2316.7499999999995 357.28512573242193 -2316.9999999999995 405.36363220214849 403.78977966308599 1704.3592529296877 1969.211364746094 2402.7500000000005 5237.4047851562509 389.18876647949224 369.64147949218756 394.29885864257818 -1688.7499999999998 408.32109069824224 401.12254333496099 -1455.065002441406 277.75000000000006 461.94892883300787 386.16188049316412
decision_type=2 2 2 2 2 2 2 2 2 2 2 2 2 2 2 2 2 2 2 2 2 2 2 2 2 2 2 2 2 2
left_child=1 3 -3 -1 5 10 7 -6 9 -8 -2 12 -10 -13 19 16 20 -18 -19 24 22 -22 -16 -17 -15 -23 27 -27 -25 -30
right_child=4 2 -4 -5 6 -7 8 -9 11 -11 -12 13 -14 14 15 23 17 18 -20 -21 21 25 -24 28 -26 26 -28 -29 29 -31
leaf_value=1.7856718043486279 -2.4139469599723817 2.6888251821200058 12.433644224348523 -6.7484790182113645 -2.164597764115987 9.8413220693235814 -0.31050962924957282 5.1827700995736654 9.7504758572578432 6.4854569809169194 5.6046883434057237 -2.6885385424900456 -0.13576104723173996 -0.076773318848354338 0.55857205476293614 -3.3112989335175023 15.260626234327043 -1.6726247969426606 7.1987471783862391 7.0578653971354175 11.3805057488955 -1.5528469550112884 -4.8430912418420924 -0.30227202852294965 -1.2974441264550125 1.581023628061468 1.6263124634075716 12.462947155180432 4.2082381641980513 0.37706814334486571
leaf_weight=24 40 36 21 20 343 23 30 27 20 49 20 119 29 16657 398 83 21 38 34 21 26 72 43 2670 683 22 173 21 103 3455
leaf_count=24 40 36 21 20 343 23 30 27 20 49 20 119 29 16657 398 83 21 38 34 21 26 72 43 2670 683 22 173 21 103 3455
internal_value=3.05739e-11 2.63159 6.27902 -2.09349 -0.0105389 2.91429 -0.0201964 -1.62844 0.0038295 3.90471 0.258931 -0.00865307 3.89944 -0.0164252 -0.0034569 0.269869 1.50669 5.39431 2.51663 -0.116166 1.02782 2.42658 0.0318793 0.103678 -0.124854 1.61823 2.67526 6.89545 0.14919 0.487976
internal_weight=25321 101 57 44 25220 83 25137 370 24767 79 60 24688 49 24639 24520 7159 848 93 72 17361 755 314 441 6311 17340 288 216 43 6228 3558
internal_count=25321 101 57 44 25220 83 25137 370 24767 79 60 24688 49 24639 24520 7159 848 93 72 17361 755 314 441 6311 17340 288 216 43 6228 3558
is_linear=0
shrinkage=0.05


Tree=66
num_leaves=31
num_cat=0
split_feature=130 282 232 130 62 41 239 141 281 79 78 78 79 93 23 43 107 80 13 6 66 59 65 20 277 283 276 158 11 69
split_gain=268295 384316 441331 407345 491818 1.32216e+06 382925 406511 382108 366350 734152 390653 472942 487360 384966 396871 368606 370567 391899 888508 692011 367175 526374 351835 349735 342655 570728 438746 524280 422312
threshold=950.99499511718761 835.00000000000011 2536.7500000000005 990.53750610351574 899.00897216796886 1113.329528808594 -1618.2499999999998 -2129.7499999999995 1638.2500000000002 -216.74999999999997 -19.749999999999996 523.00000000000011 399.75000000000006 793.25000000000011 472.25000000000006 1097.7500000000002 650.25000000000011 -754.74999999999989 -1167.861877441406 -1522.5277099609373 -240.24999999999997 -640.74999999999989 -701.24999999999989 1169.8945922851565 -1430.1849975585935 -349.74999999999994 -75.749999999999986 -778.14749145507801 -541.69998168945301 -2222.963012695312
decision_type=2 2 2 2 2 2 2 2 2 2 2 2 2 2 2 2 2 2 2 2 2 2 2 2 2 2 2 2 2 2
left_child=9 3 -3 4 -2 -6 -5 -8 -9 10 25 -11 13 14 15 24 17 -12 19 -19 -21 -20 -23 -24 -13 26 -1 28 -27 -30
right_child=1 2 -4 6 5 -7 7 8 -10 11 16 12 -14 -15 -16 -17 -18 18 21 20 -22 22 23 -25 -26 27 -28 -29 29 -31
leaf_value=0.63258051498548551 0.60524118117219405 0.65576635690835816 8.9716832704014262 6.2167939094396738 16.329078865051269 1.3338267567206403 7.0832465035574774 0.14041399070463625 -5.6111991734340272 -0.82159665803139392 7.9712329530715955 -4.9079266423764443 -0.37392343989147236 6.8860000191312851 -0.80181470034194402 7.3354644269854932 7.644343059477599 0.64515714475086761 -2.7777936115860942 4.0822757903267357 15.626337151868004 7.2366815499961383 0.46572375878799532 7.2004029202461242 1.3819210306502285 0.073174674796398761 6.4424166599909469 -0.55583730663845676 -2.2122366686662036 5.3287289098995494
leaf_weight=697 126 39 27 26 21 49 21 6790 29 2977 20 23 2902 33 290 27 23 105 72 34 21 32 639 20 565 5841 45 3721 24 82
leaf_count=697 126 39 27 26 21 49 21 6790 29 2977 20 23 2902 33 290 27 23 105 72 34 21 32 639 20 565 5841 45 3721 24 82
internal_value=1.48748e-09 0.260018 4.05773 0.224526 2.47208 5.8324 0.160366 0.137344 0.115953 -0.101875 0.0718123 -0.391719 -0.0584514 0.917561 0.699927 1.40807 1.39039 1.23785 1.09195 3.34182 8.49001 0.620155 0.97421 0.670115 1.13589 -0.0505454 0.984929 -0.130016 0.136418 3.62134
internal_weight=25321 7128 66 7062 196 70 6866 6840 6819 18193 11376 6817 3840 938 905 615 966 943 923 160 55 763 691 659 588 10410 742 9668 5947 106
internal_count=25321 7128 66 7062 196 70 6866 6840 6819 18193 11376 6817 3840 938 905 615 966 943 923 160 55 763 691 659 588 10410 742 9668 5947 106
is_linear=0
shrinkage=0.05


Tree=67
num_leaves=31
num_cat=0
split_feature=36 38 184 201 12 257 264 4 139 79 134 212 247 181 264 79 78 141 142 278 78 79 284 108 84 198 37 59 50 81
split_gain=255069 410282 364993 344267 765452 525960 468600 524516 345808 559114 1.12873e+06 363926 466285 337096 521944 363865 783601 666454 1.25669e+06 639923 689006 649853 589936 503624 852013 474200 817746 417795 433793 459791
threshold=1570.7500000000002 909.25000000000011 2483.7500000000005 1012.183807373047 679.19335937500011 1012.183807373047 904.46777343750011 3180.3024902343755 425.13792419433599 25.250000000000004 401.75000000000006 -1239.7499999999998 -1570.2499999999998 1812.7814941406252 464.60691833496099 -149.74999999999997 -19.749999999999996 -1227.2499999999998 -2099.7499999999995 661.46316528320324 535.25000000000011 399.75000000000006 1414.7874755859377 770.25000000000011 347.25000000000006 1111.7500000000002 -454.24999999999994 -48.249999999999993 649.75000000000011 1570.9500122070315
decision_type=2 2 2 2 2 2 2 2 2 2 2 2 2 2 2 2 2 2 2 2 2 2 2 2 2 2 2 2 2 2
left_child=2 -2 13 5 -5 6 8 -8 -3 10 -10 -11 -13 15 -15 16 22 18 -18 20 -17 23 -1 -22 -25 -19 -27 -26 29 -29
right_child=1 3 -4 4 -6 -7 7 -9 9 11 -12 12 -14 14 -16 19 17 25 -20 -21 21 -23 -24 24 27 26 -28 28 -30 -31
leaf_value=-0.020893606894242897 7.5111255890130995 -3.3824782020295974 -6.8198684102296827 -1.7365343527360395 11.609196794033052 -6.8050504372670106 11.335473299026489 1.3761870787693906 12.521831848791669 -2.8820823829252644 -0.50140549787660926 6.9912584048051105 0.27105753994463494 -0.56774137203509989 10.030519876025972 -0.86222780197555748 -1.2873184816403824 0.77837450324392565 15.612747903303669 -3.5986083908956878 0.58738862388759605 -0.22825865229408177 -3.6205592359408088 11.688738410289472 -4.4217571085149592 12.669594142747963 0.04498346591817922 3.4205907594456395 0.28068811304113839 11.846574162244798
leaf_weight=11098 20 64 20 22 21 26 20 39 28 91 41 26 3576 26 21 3073 22 1624 22 147 968 3917 115 26 22 23 29 85 89 20
leaf_count=11098 20 64 20 22 21 26 20 39 28 91 41 26 3576 26 21 3073 22 1624 22 147 968 3917 115 26 22 23 29 85 89 20
internal_value=-6.38644e-10 0.367801 -0.0684706 0.331669 4.78115 0.282749 0.330183 4.75222 0.261992 0.323992 4.78339 0.240673 0.319565 -0.0621393 4.16765 -0.0714814 0.0946187 1.08834 7.16271 -0.32884 -0.270223 0.0846098 -0.0578116 1.09742 3.13757 0.92887 5.62895 2.10826 2.84878 5.02554
internal_weight=25321 3974 21347 3954 43 3911 3885 59 3826 3762 69 3693 3602 21327 47 21280 12933 1720 44 8347 8200 5127 11213 1210 242 1676 52 216 194 105
internal_count=25321 3974 21347 3954 43 3911 3885 59 3826 3762 69 3693 3602 21327 47 21280 12933 1720 44 8347 8200 5127 11213 1210 242 1676 52 216 194 105
is_linear=0
shrinkage=0.05


Tree=68
num_leaves=31
num_cat=0
split_feature=282 253 149 15 124 281 238 141 171 166 54 68 82 282 176 260 149 208 229 59 150 152 19 12 236 254 253 85 261 169
split_gain=254053 427557 611038 818932 325133 285883 277056 281616 270140 651675 606850 546132 783386 640200 533151 494787 414027 406712 396154 356677 433705 343454 336836 309762 307801 298359 684344 531431 546858 429618
threshold=367.25000000000006 2548.2500000000005 1758.2500000000002 3110.5000000000005 314.09228515625006 1638.2500000000002 1706.2500000000002 -1097.7499999999998 1733.0000000000002 852.46588134765636 216.72071075439456 700.57888793945324 609.70101928710949 -527.24999999999989 1608.2500000000002 1609.7500000000002 1282.7500000000002 547.78625488281261 581.48425292968761 3691.5000000000005 3132.5000000000005 477.58610534667974 509.76542663574224 852.46588134765636 719.73504638671886 571.75000000000011 783.25000000000011 -2102.2499999999995 -489.74999999999994 1633.5000000000002
decision_type=2 2 2 2 2 2 2 2 2 2 2 2 2 2 2 2 2 2 2 2 2 2 2 2 2 2 2 2 2 2
left_child=5 2 3 6 -4 8 7 -2 14 10 -10 12 16 -13 15 25 21 18 -18 -19 -21 -12 -17 24 -16 26 -1 -28 -29 -30
right_child=1 -3 4 -5 -6 -7 -8 -9 9 -11 11 13 -14 -15 23 22 17 19 -20 20 -22 -23 -24 -25 -26 -27 27 28 29 -31
leaf_value=-0.041027176192114122 6.500107122659684 6.444502075980691 3.0309229135513309 11.340409901142122 -4.0315402104095979 -5.1674649997993756 5.8321868487766819 0.42768991438941834 8.2782994785308848 9.2817063504999346 1.0691370949745178 -9.7536607742309585 7.1264663749270971 0.5254760583241781 -1.4998683002003483 9.8948082617351005 0.21948067072400193 -5.9609355167466767 6.0031412632234638 4.265379711677288 -3.8086537275558863 7.5827141355065741 0.82816246628761303 4.4550935376258129 -7.527482041445646 -0.83409479674167786 8.9148044586181641 8.3414277305969815 0.74139385327844831 6.9428957552745434
leaf_weight=21047 20 34 20 20 88 27 28 421 25 22 50 28 45 33 568 21 659 49 31 29 39 34 20 21 22 1087 23 26 755 29
leaf_count=21047 20 34 20 20 88 27 28 421 25 22 50 28 45 33 568 21 659 49 31 29 39 34 20 21 22 1087 23 26 755 29
internal_value=-1.50914e-09 0.990689 0.680087 1.43184 -2.72368 -0.025319 1.0093 0.703083 -0.0196896 0.767396 0.584113 0.39118 0.689923 -4.19282 -0.0544801 -0.0157681 0.364845 0.0171101 0.479326 -2.70878 -0.365316 3.70558 5.47205 -1.51223 -1.72463 -0.0255648 0.0146031 1.42018 1.20737 0.970786
internal_weight=25321 631 597 489 108 24690 469 441 24663 1044 1022 997 936 61 23619 23008 891 807 690 117 68 84 41 611 590 22967 21880 833 810 784
internal_count=25321 631 597 489 108 24690 469 441 24663 1044 1022 997 936 61 23619 23008 891 807 690 117 68 84 41 611 590 22967 21880 833 810 784
is_linear=0
shrinkage=0.05


Tree=69
num_leaves=31
num_cat=0
split_feature=240 254 266 238 130 46 11 20 198 259 67 253 226 236 219 87 262 183 249 1 26 166 185 230 261 253 261 160 126 246
split_gain=240098 590857 406586 342438 1.38081e+06 351606 432191 681179 700774 756540 563635 419767 385213 366167 336839 559887 617571 443481 483139 723439 392488 339824 319157 372359 398488 307221 377378 345810 506425 983267
threshold=105.75000000000001 -89.249999999999986 -750.24999999999989 166.25000000000003 968.92001342773449 -1316.065002441406 1553.9849853515627 306.37847900390631 -235.74999999999997 507.75000000000006 1471.207458496094 1159.7500000000002 -299.74999999999994 241.14118194580081 2654.7500000000005 3842.7500000000005 1596.0000000000002 3010.5000000000005 4244.0148925781259 3638.7500000000005 406.93605041503912 368.54638671875006 -1546.2499999999998 -1227.7076416015623 48.250000000000007 10.750000000000002 -1137.2499999999998 -2608.0219726562495 -1558.4999999999998 -112.74999999999999
decision_type=2 2 2 2 2 2 2 2 2 2 2 2 2 2 2 2 2 2 2 2 2 2 2 2 2 2 2 2 2 2
left_child=1 25 -2 4 -4 -5 -7 8 -8 10 -10 -11 -9 -14 17 -16 -17 18 -15 -20 21 -19 -3 24 -24 -1 -27 -28 29 -29
right_child=2 22 3 5 -6 6 7 12 9 11 -12 -13 13 14 15 16 -18 20 19 -21 -22 -23 23 -25 -26 26 27 28 -30 -31
leaf_value=-0.095614733694814297 6.0427057544390363 -4.0158407358562247 0.53114471067892055 1.031648724516643 14.844201107025146 -0.28764207780476725 -2.9027602064198463 4.2403668215197907 5.3659649062156678 0.029720742207892399 17.236465730667117 8.6783536887168875 3.8329576297406707 0.067725482256204339 8.3140837380380344 4.8486375910895214 -6.3459514734419917 -3.0983294767491962 -1.6580321967601777 11.21784474849701 -5.9051469474228035 4.9913145065307623 -1.565043930385424 -0.61785722187408287 7.0083101315931842 6.9576032205061482 -3.3762365657091138 7.3211630663314429 0.29737711009277984 0.58641252893486306
leaf_weight=9412 30 68 107 1017 20 4030 29 62 20 47 20 20 69 1974 33 28 22 34 20 24 58 21 23 4090 33 22 60 77 3668 183
leaf_count=9412 30 68 107 1017 20 4030 29 62 20 47 20 20 69 1974 33 28 22 34 20 24 58 21 23 4090 33 22 60 77 3668 183
internal_value=-1.42233e-10 -0.101636 0.233239 0.210472 2.78517 0.167036 0.031986 0.551172 3.99142 5.85993 11.3012 2.6114 0.351653 0.246046 0.134259 3.25923 -0.0769816 0.0125451 0.18323 5.36517 -3.03561 -0.00955632 -0.618138 -0.562411 3.48711 0.0605267 0.427011 0.390985 0.448529 2.58093
internal_weight=25321 17636 7685 7655 127 7528 6511 2481 136 107 40 67 2345 2283 2214 83 50 2131 2018 44 113 55 4214 4146 56 13422 4010 3988 3928 260
internal_count=25321 17636 7685 7655 127 7528 6511 2481 136 107 40 67 2345 2283 2214 83 50 2131 2018 44 113 55 4214 4146 56 13422 4010 3988 3928 260
is_linear=0
shrinkage=0.05


Tree=70
num_leaves=31
num_cat=0
split_feature=288 283 266 245 267 254 260 275 22 282 147 233 126 148 116 227 234 93 191 136 235 158 278 222 247 287 267 135 206 25
split_gain=234310 1.00278e+06 428941 371670 450624 344491 373194 485964 537989 644229 391391 378784 314851 757520 282734 278303 267226 391649 358299 255965 308470 401074 317707 360639 303530 328178 265542 244867 237504 412301
threshold=41.250000000000007 38.250000000000007 496.25000000000006 843.00000000000011 454.25000000000006 -100.24999999999999 -216.74999999999997 -609.74999999999989 -2148.2499999999995 -215.74999999999997 1722.2500000000002 -344.74999999999994 -2625.9999999999995 -2089.4999999999995 -3400.210083007812 -1301.2499999999998 -2321.9999999999995 -3717.2499999999995 -2892.7499999999995 1387.7500000000002 1143.6250000000002 1521.1300048828127 432.10217285156256 445.84397888183599 -344.74999999999994 -117.74999999999999 -283.24999999999994 -1965.9999999999998 -79.749999999999986 2733.2700195312505
decision_type=2 2 2 2 2 2 2 2 2 2 2 2 2 2 2 2 2 2 2 2 2 2 2 2 2 2 2 2 2 2
left_child=1 2 3 5 -5 6 12 11 9 -9 19 -8 -1 -14 -15 27 17 -2 -19 20 22 -22 23 26 25 -23 -10 -16 29 -17
right_child=16 -3 -4 4 -6 -7 7 8 10 -11 -12 -13 13 14 15 28 -18 18 -20 -21 21 24 -24 -25 -26 -27 -28 -29 -30 -31
leaf_value=-5.6301983688816888 -2.6793465386266297 10.295958404107528 -3.0405255499077128 0.260046010139661 9.0842775718025539 -1.1101173742491384 -6.019404550393423 9.3041040317432309 4.4800839159223775 -1.5003799156709152 7.189298768270584 0.67927774315079059 8.7290360882168727 3.6048787593841554 1.2477761411666872 -0.56902788025726581 0.055005933108782462 9.1372582154614594 1.4473421689235804 -4.1805023516378093 9.1990516829490669 0.76093062292784452 -3.1785872043958352 7.014970643520356 -0.8810150637419053 8.3236395395719089 0.12310992890050543 -5.0060835745599537 -2.4954556623082254 6.2444445029548987
leaf_weight=33 23 22 149 39 23 1110 51 37 36 22 21 36 21 34 20 641 21209 28 33 31 20 32 67 20 62 26 1223 72 157 23
leaf_count=33 23 22 149 39 23 1110 51 37 36 22 21 36 21 34 20 641 21209 28 33 31 20 32 67 20 62 26 1223 72 157 23
internal_value=2.63464e-09 -0.349702 -0.408166 -0.306475 3.53355 -0.369211 -0.062914 0.391562 0.58981 5.27531 0.410067 -3.24754 -0.827487 -0.663758 -0.872046 -1.03877 0.0661533 2.88072 4.97714 0.316221 0.410029 2.64373 0.177697 0.353515 1.55118 4.15111 0.247694 -3.64655 -0.746542 -0.333019
internal_weight=25321 4028 4006 3857 62 3795 2685 1684 1597 59 1538 87 1001 968 947 913 21293 84 61 1517 1486 140 1346 1279 120 58 1259 92 821 664
internal_count=25321 4028 4006 3857 62 3795 2685 1684 1597 59 1538 87 1001 968 947 913 21293 84 61 1517 1486 140 1346 1279 120 58 1259 92 821 664
is_linear=0
shrinkage=0.05


Tree=71
num_leaves=31
num_cat=0
split_feature=113 87 225 276 61 68 128 134 115 269 289 282 281 275 285 250 276 127 150 37 42 34 281 145 276 204 289 146 208 79
split_gain=234986 582281 672494 490372 455212 394368 373771 396022 478504 330849 241321 442602 464859 1.02577e+06 733575 633965 383643 404894 780563 538457 1.20909e+06 363753 471572 429357 606502 653765 374902 358769 351374 335544
threshold=-2944.4999999999995 -3468.4999999999995 -496.74999999999994 -339.74999999999994 330.76580810546881 451.52204895019537 -2871.7499999999995 -2316.7499999999995 -2381.2499999999995 -110.74999999999999 -283.74999999999994 -454.74999999999994 205.25000000000003 -85.749999999999986 1012.183807373047 852.46588134765636 -379.24999999999994 2736.0000000000005 2829.2500000000005 -640.74999999999989 -347.24999999999994 5174.9631347656259 1638.2500000000002 644.34121704101574 18.250000000000004 448.25000000000006 -341.24999999999994 1909.5145263671877 644.34121704101574 -1388.2499999999998
decision_type=2 2 2 2 2 2 2 2 2 2 2 2 2 2 2 2 2 2 2 2 2 2 2 2 2 2 2 2 2 2
left_child=1 2 4 -3 -1 -4 -2 8 -8 -5 11 12 13 14 16 -14 17 19 -19 20 -9 22 23 -13 25 26 -25 28 -26 -21
right_child=6 3 5 9 -6 -7 7 10 -10 -11 -12 21 15 -15 -16 -17 -18 18 -20 29 -22 -23 -24 24 27 -27 -28 -29 -30 -31
leaf_value=2.7722695895603726 -2.0943510444782603 11.483955162504445 9.0747320976257324 -2.239996839761734 -4.8534798672107549 -0.34507591485977174 0.68059231081316551 0.70173572880684298 8.209045289456844 6.7457048643203015 -0.082525075672311654 0.61802056510095138 -1.3949555186751468 9.2160804812113444 8.9850312839854851 -9.8093683096078728 -1.2733087205500986 11.043546231587728 -2.3310230493545534 4.795603561401367 12.879864479246596 6.015938277136196 -5.8400428913257745 -1.2519193756580353 4.9415044733881954 14.660311050415039 8.4292801344394697 6.3799166720846427 -2.779119164603097 -1.1034621782023295
leaf_weight=28 214 23 25 20 65 20 62 692 32 21 20203 2107 161 30 22 26 587 24 20 25 21 33 27 20 20 20 20 23 56 674
leaf_count=28 214 23 25 20 65 20 62 692 32 21 20203 2107 161 30 22 26 587 24 20 25 21 33 27 20 20 20 20 23 56 674
internal_value=-1.21312e-09 1.69854 -0.129608 5.64048 -2.55756 4.88815 -0.0136592 0.00421948 3.24347 2.36244 -0.00805288 0.318458 -0.176271 0.0369357 -0.0964174 -2.56487 -0.194211 0.240838 4.9642 0.0936508 1.06042 0.803828 0.728818 0.807087 3.31252 7.27922 3.58868 0.90846 -0.747376 -0.89248
internal_weight=25321 202 138 64 93 45 25119 24905 94 41 24811 4608 2282 2095 2065 187 2043 1456 44 1412 713 2326 2293 2266 159 60 40 99 76 699
internal_count=25321 202 138 64 93 45 25119 24905 94 41 24811 4608 2282 2095 2065 187 2043 1456 44 1412 713 2326 2293 2266 159 60 40 99 76 699
is_linear=0
shrinkage=0.05


Tree=72
num_leaves=31
num_cat=0
split_feature=117 191 113 212 282 212 132 247 233 37 44 111 289 35 150 113 47 17 85 97 184 153 211 99 216 203 261 177 149 142
split_gain=228190 222717 533074 482296 437969 425555 421175 363898 643446 387461 516140 422642 387640 445437 404189 616608 381213 983349 363042 368297 342210 342151 378809 388025 730861 354928 336240 573063 467538 412759
threshold=160.89533233642581 214.25000000000003 -1409.7499999999998 -120.24999999999999 171.25000000000003 -75.249999999999986 3293.1345214843755 -1570.2499999999998 -831.74999999999989 -322.74999999999994 -390.74999999999994 175.18369293212893 -331.74999999999994 -274.24999999999994 891.25000000000011 558.25000000000011 171.15287780761722 812.25000000000011 1160.7500000000002 122.6058921813965 -422.74999999999994 2411.572631835938 242.25000000000003 1767.2500000000002 967.79562377929699 562.75000000000011 48.250000000000007 701.75000000000011 214.25000000000003 530.25000000000011
decision_type=2 2 2 2 2 2 2 2 2 2 2 2 2 2 2 2 2 2 2 2 2 2 2 2 2 2 2 2 2 2
left_child=-1 3 -3 6 20 -6 21 8 -4 10 18 -11 -12 -14 15 -15 17 -13 19 26 -5 22 -2 25 -25 -24 27 -9 -29 -30
right_child=1 2 7 4 5 -7 -8 9 -10 11 12 16 13 14 -16 -17 -18 -19 -20 -21 -22 -23 23 24 -26 -27 -28 28 29 -31
leaf_value=-0.89018766482174405 0.024761618728820815 7.3972719265864448 -1.728012158653953 -1.6486855495936614 7.1704336160310991 0.65359646991882958 7.1607972508385078 0.71749678733120903 9.890448038394636 -1.3248248242290539 9.1538203507661819 -1.3309978376174796 0.43641841868727893 3.6570928807963021 -0.88973298754010877 13.909097688848323 0.12209315014275193 13.08045710116625 6.4751330871582029 -2.880711946859956 -0.45464027317902644 -4.7271174295528517 0.64437079848068679 9.6588886802537104 -2.3228463888168336 6.9860018185947261 -0.31043577439616366 10.611310012252243 -1.6912798710938159 6.1432693165540702
leaf_weight=700 11772 26 22 726 27 347 21 387 26 523 24 29 118 44 21 22 5686 20 25 80 3459 37 542 35 20 23 463 27 29 40
leaf_count=700 11772 26 22 726 27 347 21 387 26 523 24 29 118 44 21 22 5686 20 25 80 3459 37 542 35 20 23 463 27 29 40
internal_value=-4.59925e-10 0.0253089 0.250102 -0.0752924 -0.515277 1.12406 0.0858232 0.225606 4.56532 0.197972 0.990599 0.0358499 3.14156 2.43768 5.15204 7.07443 0.159936 4.55123 0.521931 0.376873 -0.661779 0.0738693 0.0882041 1.29279 5.30189 0.902526 0.652356 1.57528 5.03322 2.85049
internal_weight=25321 24621 7612 17009 4559 374 12450 7586 48 7538 1280 6258 229 205 87 66 5735 49 1051 1026 4185 12429 12392 620 55 565 946 483 96 69
internal_count=25321 24621 7612 17009 4559 374 12450 7586 48 7538 1280 6258 229 205 87 66 5735 49 1051 1026 4185 12429 12392 620 55 565 946 483 96 69
is_linear=0
shrinkage=0.05


Tree=73
num_leaves=31
num_cat=0
split_feature=217 19 222 224 154 245 259 142 89 213 226 220 145 130 53 262 247 234 73 274 149 147 236 288 268 58 89 75 152 82
split_gain=217956 584603 477897 368072 452559 364247 853219 463093 699043 332783 498628 365652 349390 310171 465599 277273 411025 589246 276554 315587 311147 548969 345157 256483 281815 294548 264728 505920 916543 644034
threshold=-2014.7499999999998 700.57888793945324 644.34121704101574 -1358.7499999999998 -3368.7499999999995 -1192.9999999999998 -709.49999999999989 -2485.2499999999995 495.52513122558599 -1519.7499999999998 -1553.2499999999998 -1239.2499999999998 464.86985778808599 1583.9700317382815 2900.085083007813 -1436.4999999999998 -1905.7499999999998 -921.24999999999989 -4268.7499999999991 47.750000000000007 -2175.7499999999995 -2059.2499999999995 323.64884948730474 21.750000000000004 437.75000000000006 1914.5000000000002 346.95077514648443 380.47785949707037 290.31842041015631 386.48924255371099
decision_type=2 2 2 2 2 2 2 2 2 2 2 2 2 2 2 2 2 2 2 2 2 2 2 2 2 2 2 2 2 2
left_child=1 2 5 13 -5 6 7 -1 -9 10 -6 -12 -13 -2 -15 -11 17 -17 19 -18 22 -22 -20 24 25 -23 -25 -28 -29 -30
right_child=3 -3 -4 4 9 -7 -8 8 -10 15 11 12 -14 14 -16 16 18 -19 20 -21 21 23 -24 26 -26 -27 27 28 29 -31
leaf_value=-0.95067424568391989 -1.4689516693261528 8.5015330039537869 -3.8761197025577228 6.1540246200561528 9.8577529191970825 -1.5565627296154316 11.79577342323635 0.4983303887503488 11.872351212935015 -3.3164962499860735 -4.0225959701538088 6.5772349657331191 -0.39154172781351448 7.176546693731237 -1.3649495039230739 -1.1160176157951356 -0.49648898035287864 9.7485185769888076 4.5944854627484863 8.1816730312325738 6.7717907983064656 -0.60758685904723331 -1.7055630361102994 -0.11924991932174556 -5.4688704740384537 3.4484734934309254 0.82948477036266555 10.720986298918724 -1.471217102739008 0.14102882730051955
leaf_weight=84 647 26 48 30 20 65 23 35 22 63 25 35 37 27 39 24 20 26 23 22 30 1660 397 11200 29 46 2638 20 677 7283
leaf_count=84 647 26 48 30 20 65 23 35 22 63 25 35 37 27 39 24 20 26 23 22 30 1660 397 11200 29 46 2638 20 677 7283
internal_value=7.17953e-10 1.33297 0.660105 -0.0161439 0.0167039 1.61093 2.86634 1.40976 4.8883 0.00911919 2.66928 1.18713 2.99606 -1.13587 2.1293 -0.0037643 0.00489733 4.53354 -0.00451969 4.04921 -0.0116128 0.0124112 -1.36056 0.00380159 -0.581304 -0.498221 0.05033 0.229205 0.0307668 0.00390691
internal_weight=25321 303 277 25018 24305 229 164 141 57 24275 117 97 72 713 66 24158 24095 50 24045 42 24003 23583 420 23553 1735 1706 21818 10618 7980 7960
internal_count=25321 303 277 25018 24305 229 164 141 57 24275 117 97 72 713 66 24158 24095 50 24045 42 24003 23583 420 23553 1735 1706 21818 10618 7980 7960
is_linear=0
shrinkage=0.05


Tree=74
num_leaves=31
num_cat=0
split_feature=282 253 149 70 124 246 283 127 281 289 288 267 255 75 280 5 199 120 222 126 160 246 289 77 239 30 201 70 229 271
split_gain=212803 373724 548603 729569 292916 251604 309142 270624 248742 227278 333672 393387 757392 383902 301713 502838 450087 273906 1.04374e+06 508806 691558 303810 419171 270779 344284 267231 266102 333062 262179 373001
threshold=367.25000000000006 2548.2500000000005 1758.2500000000002 2232.0000000000005 314.09228515625006 1214.7500000000002 647.75000000000011 1010.2500000000001 1638.2500000000002 -105.74999999999999 317.25000000000006 57.750000000000007 -64.749999999999986 609.70101928710949 -96.249999999999986 434.74908447265631 -697.24999999999989 4764.5000000000009 594.14135742187511 3477.5000000000005 3423.816284179688 2043.7500000000002 -534.74999999999989 1571.7500000000002 13.250000000000002 2483.7500000000005 398.12144470214849 2352.0000000000005 719.73504638671886 797.33575439453136
decision_type=2 2 2 2 2 2 2 2 2 2 2 2 2 2 2 2 2 2 2 2 2 2 2 2 2 2 2 2 2 2
left_child=8 2 3 5 -4 7 -7 -2 9 17 13 12 14 23 -12 -16 -17 19 -19 20 21 28 -23 -11 -25 -24 27 -26 29 -1
right_child=1 -3 4 -5 -6 6 -8 -9 -10 10 11 -13 -14 -15 15 16 -18 18 -20 -21 -22 22 25 24 26 -27 -28 -29 -30 -31
leaf_value=0.11094648811456079 0.92900978645236609 6.0056284119101129 2.8531839132308963 7.9820438275211743 -3.8502477889711209 5.5604105302747691 0.61161791434368262 -2.294208931398916 -4.8196751965416809 -0.21389617599234434 -1.4122301289864949 0.1542748408686776 9.0909250014358101 -2.9277789463741439 -0.14659420477889351 1.7268305171103706 11.960498562726109 12.390681110109602 -1.7867809660294478 -3.1111015215152649 7.1380647311891838 9.430559763908386 -1.5027507788256596 2.324333230475033 -1.8605485635943886 5.236505544185639 -3.5581156399769664 2.4686138013909975 -1.1543770226369421 6.9440069198608398
leaf_weight=14219 229 34 20 38 88 53 78 91 27 7583 70 1302 36 140 59 21 22 21 34 123 35 20 38 54 215 24 156 56 415 20
leaf_count=14219 229 34 20 38 88 53 78 91 27 7583 70 1302 36 140 59 21 22 21 34 123 35 20 38 54 215 24 156 56 415 20
internal_value=-3.8839e-10 0.906702 0.616311 1.32862 -2.60887 0.768023 2.6138 0.012407 -0.0231725 -0.0179215 -0.206214 0.47684 2.49597 -0.331935 1.11564 2.85044 6.96266 0.104433 3.62643 0.0914268 0.118095 0.101421 3.13638 -0.286868 -1.43727 1.10599 -1.91298 -0.965962 0.0844385 0.120544
internal_weight=25321 631 597 489 108 451 131 320 24690 24663 9714 1510 208 8204 172 102 43 14949 55 14894 14771 14736 82 8064 481 62 427 271 14654 14239
internal_count=25321 631 597 489 108 451 131 320 24690 24663 9714 1510 208 8204 172 102 43 14949 55 14894 14771 14736 82 8064 481 62 427 271 14654 14239
is_linear=0
shrinkage=0.05


Tree=75
num_leaves=31
num_cat=0
split_feature=289 5 4 73 118 4 90 178 190 169 88 129 282 208 254 253 260 273 254 240 262 241 282 289 241 3 163 64 287 273
split_gain=207801 353608 372924 635016 628017 356507 332166 465222 479695 403312 569711 384994 292509 597468 471109 421472 371529 486570 363184 474595 498116 847214 423894 438001 773001 372674 328811 325254 321884 338209
threshold=-674.74999999999989 274.36558532714849 6207.4450683593759 2939.7500000000005 2561.074829101563 599.40750122070324 2070.9301757812505 904.75000000000011 1565.2500000000002 225.25000000000003 2437.672485351563 142.75000000000003 -517.74999999999989 719.73504638671886 -666.24999999999989 -236.74999999999997 -216.74999999999997 73.750000000000014 -329.24999999999994 -360.74999999999994 -440.74999999999994 317.75000000000006 178.75000000000003 -118.24999999999999 -266.24999999999994 5361.2500000000009 130.25000000000003 -3036.2499999999995 -337.24999999999994 60.250000000000007
decision_type=2 2 2 2 2 2 2 2 2 2 2 2 2 2 2 2 2 2 2 2 2 2 2 2 2 2 2 2 2 2
left_child=1 5 3 4 6 -1 7 9 -9 10 11 -3 13 -2 16 -16 -14 28 -17 22 21 26 -20 -24 -25 27 -21 -22 -18 -30
right_child=12 2 -4 -5 -6 -7 -8 8 -10 -11 -12 -13 14 -15 15 18 17 -19 19 20 25 -23 23 24 -26 -27 -28 -29 29 -31
leaf_value=1.1232479919989904 -0.3654980322675771 -0.13838414450775283 6.2014719103063856 -5.6193421068645666 9.2459567115420391 10.162022819519045 -4.8728910991123753 11.293948969841004 1.2284152836635196 -2.7902468370587639 8.4299495667219162 6.7521805676546967 0.20917034540618179 -3.8826774996472526 -0.90344819931910603 0.50792349982773122 7.8616637390592832 -0.48411613460630182 -1.0266810155664841 -3.5322326822280887 5.6730653190612799 12.087003732764202 -1.1929886019927389 11.36264507704311 -0.7163148692021003 4.6926731345199402 5.0690684568881998 -0.035428396750308053 1.6754334459896687 8.2677483463287356
leaf_weight=24 2130 258 28 42 21 20 28 20 29 89 24 22 1845 128 1363 3030 23 256 1739 25 25 23 47 27 26 42 20 13232 715 20
leaf_count=24 2130 258 28 42 21 20 28 20 29 89 24 22 1845 128 1363 3030 23 256 1739 25 25 23 47 27 26 42 20 13232 715 20
internal_value=2.40593e-09 0.915514 0.576983 0.281513 0.786271 5.23178 0.408285 0.742839 5.3368 0.170055 1.03672 0.403017 -0.02241 -0.564878 0.0321314 -0.0553338 0.631722 1.40057 0.00805624 -0.091549 0.0120601 4.28054 -0.844645 2.32097 5.43712 -0.00976537 0.290568 -0.0246633 2.03708 1.85482
internal_weight=25321 605 561 533 491 44 470 442 49 393 304 280 24716 2258 22458 19599 2859 1014 18236 15206 13367 68 1839 100 53 13299 45 13257 758 735
internal_count=25321 605 561 533 491 44 470 442 49 393 304 280 24716 2258 22458 19599 2859 1014 18236 15206 13367 68 1839 100 53 13299 45 13257 758 735
is_linear=0
shrinkage=0.05


Tree=76
num_leaves=31
num_cat=0
split_feature=142 120 267 280 122 289 144 240 266 254 253 240 287 185 192 85 149 101 171 38 147 167 14 31 169 68 204 190 190 6
split_gain=216667 905531 403911 481302 295941 341685 296845 223634 504375 497678 392449 344023 656873 342998 320419 315531 357924 338400 779403 287648 429036 662645 428747 679035 298633 345886 402218 445030 382176 323759
threshold=3991.5000000000005 4764.5000000000009 909.25000000000011 502.25000000000006 3934.0000000000005 -217.24999999999997 5450.6052246093759 105.75000000000001 -750.24999999999989 -166.74999999999997 5.7500000000000009 120.75000000000001 -113.24999999999999 -1592.9999999999998 -1341.7499999999998 -2509.7499999999995 -1612.2499999999998 -1399.7499999999998 218.75000000000003 2758.5000000000005 1722.2500000000002 1756.750183105469 2479.7500000000005 2274.5000000000005 1370.7500000000002 661.46316528320324 1060.2500000000002 1060.2500000000002 -244.74999999999997 2830.926635742188
decision_type=2 2 2 2 2 2 2 2 2 2 2 2 2 2 2 2 2 2 2 2 2 2 2 2 2 2 2 2 2 2
left_child=1 4 -2 -4 6 -6 7 9 -9 10 -1 12 -10 -11 -15 -13 -17 18 -18 20 22 -22 24 -24 25 26 29 -28 -27 -12
right_child=2 -3 3 -5 5 -7 -8 8 11 13 19 15 -14 14 -16 16 17 -19 -20 -21 21 -23 23 -25 -26 28 27 -29 -30 -31
leaf_value=-0.07434481675103545 -6.9581935973837972 7.933218379980989 5.8988258925351236 -3.3084975051879884 -6.9227158732486487 0.66166173528741912 4.4811970510998291 7.317863691329956 8.8007736660540115 -3.5288134889288267 0.68899168893996421 6.2669516835893901 1.0096170996938434 3.5912796609255739 -0.46985702757772824 -2.7143764857852131 0.89159224634022682 0.121355337757015 10.380917750872099 -2.2291507466086027 11.778478791496971 0.87455468303278883 12.035299075217475 0.59998152606627519 -2.0689178882925598 1.7594842564491999 9.3668087584631774 1.1893514048762437 -4.212112251326845 -5.7001889252662661
leaf_weight=9099 32 36 22 40 33 27 37 25 32 91 2301 21 175 49 5528 109 129 6994 26 87 22 38 21 34 108 42 28 41 74 20
leaf_count=9099 32 36 22 40 33 27 37 25 32 91 2301 21 175 49 5528 109 129 6994 26 87 22 38 21 34 108 42 28 41 74 20
internal_value=-2.5817e-10 0.00892805 -2.39604 -0.0413828 -0.00239641 -3.50975 0.00597735 -0.000621163 0.227756 -0.0981777 0.0852925 0.204078 2.21405 -0.48386 -0.434176 0.146918 0.129211 0.172567 2.48335 0.601109 0.691337 4.87266 0.59734 4.96619 0.505417 0.616362 0.745774 4.50774 -2.04998 0.633936
internal_weight=25321 25227 94 62 25191 60 25131 25094 7511 17583 11915 7486 207 5668 5577 7279 7258 7149 155 2816 2729 60 2669 55 2614 2506 2390 69 116 2321
internal_count=25321 25227 94 62 25191 60 25131 25094 7511 17583 11915 7486 207 5668 5577 7279 7258 7149 155 2816 2729 60 2669 55 2614 2506 2390 69 116 2321
is_linear=0
shrinkage=0.05


Tree=77
num_leaves=31
num_cat=0
split_feature=142 120 267 280 126 289 78 217 210 132 283 206 225 154 141 195 288 43 133 67 226 15 148 282 254 239 107 135 191 175
split_gain=195542 817242 364530 434375 267638 282640 269084 492907 522347 570598 462220 432451 595229 346257 442999 560878 425694 324288 307589 371753 317534 297773 277516 265875 238881 519173 635664 747191 401309 397254
threshold=3991.5000000000005 4764.5000000000009 909.25000000000011 502.25000000000006 3908.0000000000005 -217.24999999999997 2583.5000000000005 -1255.4999999999998 -231.74999999999997 1681.4602661132815 -565.24999999999989 165.25000000000003 389.75000000000006 1016.2500000000001 1820.2500000000002 1887.9078369140627 184.75000000000003 3082.7500000000005 1842.7500000000002 5882.9301757812509 -235.24999999999997 4222.7500000000009 1525.2500000000002 -569.74999999999989 -1081.7499999999998 -47.249999999999993 478.25000000000006 -894.24999999999989 -2258.2499999999995 -3196.9999999999995
decision_type=2 2 2 2 2 2 2 2 2 2 2 2 2 2 2 2 2 2 2 2 2 2 2 2 2 2 2 2 2 2
left_child=1 4 -2 -4 6 -6 17 -8 23 -10 -11 12 -12 -13 15 16 -15 24 -16 20 -20 -19 -18 -9 25 -1 27 -27 29 -26
right_child=2 -3 3 -5 5 -7 7 8 9 10 11 13 -14 14 18 -17 22 21 19 -21 -22 -23 -24 -25 28 26 -28 -29 -30 -31
leaf_value=0.37731970298806444 -6.6102839417057115 7.5365573770470098 5.6038845728744162 -3.1430725169181826 -6.5501840583980089 0.26500008147338344 8.0634529943051554 -8.0334350239146843 8.9444601730866875 7.2205548851578332 0.91621145384652269 -3.5641229802911933 11.729163694381715 -2.1687571268815264 -3.2544863228686154 10.631378412246704 9.3601997947692865 -3.3834358690165676 4.2384913422340569 6.6333757488623908 -0.25661620715162259 3.2102956593036653 1.5260557458950925 -1.4169315557090605 3.1763225618998212 0.5646856492215937 -1.5194992394282902 12.53474906384945 -0.031428354613141501 -3.0127136296626786
leaf_weight=1351 32 36 22 40 32 29 23 22 22 27 35 55 20 39 64 22 20 119 43 23 455 20 26 49 30 22 29 32 22391 191
leaf_count=1351 32 36 22 40 32 29 23 22 22 27 35 55 20 39 64 22 20 119 43 23 455 20 26 49 30 22 29 32 22391 191
internal_value=3.67655e-10 0.00848165 -2.27624 -0.0393135 -0.00227659 -3.31018 0.00575294 0.833457 0.653099 0.996854 0.78594 0.569313 4.84819 0.254269 0.557754 3.5158 1.67412 -0.0265886 0.0167099 0.418546 0.131516 -2.4347 4.93221 -3.46712 -0.0126683 0.61313 4.45144 7.65806 -0.052355 -2.17257
internal_weight=25321 25227 94 62 25191 61 25130 945 922 851 829 802 55 747 692 107 85 24185 585 521 498 139 46 71 24046 1434 83 54 22612 221
internal_count=25321 25227 94 62 25191 61 25130 945 922 851 829 802 55 747 692 107 85 24185 585 521 498 139 46 71 24046 1434 83 54 22612 221
is_linear=0
shrinkage=0.05


Tree=78
num_leaves=31
num_cat=0
split_feature=288 289 282 159 142 155 217 19 229 215 184 122 282 274 275 187 267 124 280 93 273 275 43 281 138 64 85 283 136 276
split_gain=195911 267692 345561 335652 314291 237238 213136 548528 564947 859957 342716 501820 374484 320407 312975 590880 643423 615464 311335 302363 546002 326018 305274 298091 292036 299370 413622 282003 293806 261279
threshold=19.250000000000004 -326.74999999999994 -237.74999999999997 413.74758911132818 1392.0000000000002 -177.24999999999997 -2014.7499999999998 700.57888793945324 477.39038085937506 451.19892883300787 -2449.7499999999995 -3660.4999999999995 -800.74999999999989 215.25000000000003 -1069.4999999999998 679.19335937500011 522.75000000000011 744.84381103515636 -219.24999999999997 4543.5000000000009 225.75000000000003 465.50000000000006 5395.0000000000009 89.750000000000014 661.46316528320324 -1068.2499999999998 -1166.2499999999998 202.25000000000003 -3509.9999999999995 -707.74999999999989
decision_type=2 2 2 2 2 2 2 2 2 2 2 2 2 2 2 2 2 2 2 2 2 2 2 2 2 2 2 2 2 2
left_child=1 2 -1 4 -3 -5 7 8 9 13 12 -12 -8 18 15 16 24 -17 -2 22 -21 -22 29 -14 25 26 -13 28 -10 -16
right_child=6 3 -4 5 -6 -7 10 -9 27 -11 11 14 23 -15 19 17 -18 -19 -20 20 21 -23 -24 -25 -26 -27 -28 -29 -30 -31
leaf_value=0.23363006694013611 1.5638572490215301 -0.74213355600921793 6.2130138360537019 -1.3442389365604948 4.3626743055159052 -5.6684200771923727 4.4706813240051266 8.4781788806915284 -8.2544055366516123 12.255148175128159 6.850558934829853 -0.80437720549734015 -5.3596200108528143 6.9515150070190437 1.6212955662539899 -12.190609176953634 8.0902998900413507 -0.9809182081222535 -5.377525801885696 9.0739637943414539 -3.6476813130908541 3.9872255391088025 -4.7610370159149173 -1.183558210497317 4.0953911999464037 -2.5644934835897555 7.1068468737602233 3.671193716526032 -1.4872964717723707 0.033116475446073219
leaf_weight=342 70 1102 26 70 31 58 20 25 20 21 27 95 68 20 262 24 20 25 21 26 27 29 33 115 25 225 20 20 81 22373
leaf_count=342 70 1102 26 70 31 58 20 25 20 21 27 95 68 20 262 24 20 25 21 26 27 29 33 115 25 225 20 20 81 22373
internal_value=1.43148e-09 -0.530395 0.656087 -0.876648 -0.602461 -3.30363 0.0364686 1.41277 0.714605 2.97675 0.0201274 0.038017 -2.02537 1.22137 0.0300832 -1.29999 -0.641816 -6.47138 -0.0380004 0.0554569 3.08616 0.30611 0.0444936 -2.73532 -1.12029 -1.50379 0.571488 -1.75318 -2.82732 0.0514996
internal_weight=25321 1629 368 1261 1133 128 23692 278 253 132 23414 23211 203 111 23184 434 385 49 91 22750 82 56 22668 183 365 340 115 121 101 22635
internal_count=25321 1629 368 1261 1133 128 23692 278 253 132 23414 23211 203 111 23184 434 385 49 91 22750 82 56 22668 183 365 340 115 121 101 22635
is_linear=0
shrinkage=0.05


Tree=79
num_leaves=31
num_cat=0
split_feature=212 211 103 211 265 178 156 68 282 135 91 33 54 233 220 198 204 163 180 194 136 79 163 61 284 149 265 254 52 212
split_gain=190788 571064 560165 518463 513832 499720 602433 431651 419327 430212 1.02235e+06 538764 834524 382445 509506 356908 392165 358743 575217 456654 371759 923390 603113 441385 407454 391436 338495 597070 337772 337367
threshold=-459.74999999999994 -66.249999999999986 904.46777343750011 354.25000000000006 698.11703491210949 852.75000000000011 1146.7500000000002 569.17248535156261 -414.74999999999994 -269.74999999999994 -571.74999999999989 285.22755432128912 250.47110748291018 -1117.2499999999998 -309.74999999999994 -68.249999999999986 175.25000000000003 -301.74999999999994 428.89230346679693 434.43272399902349 63.250000000000007 -457.74999999999994 -488.74999999999994 547.78625488281261 -702.86251831054676 -222.74999999999997 -81.093021392822251 148.75000000000003 -2334.2499999999995 312.25000000000006
decision_type=2 2 2 2 2 2 2 2 2 2 2 2 2 2 2 2 2 2 2 2 2 2 2 2 2 2 2 2 2 2
left_child=1 5 8 4 7 6 15 13 -3 -10 -11 12 -12 14 -2 17 -17 20 19 -19 26 22 24 -23 -22 -25 -1 -28 -9 -5
right_child=3 2 -4 29 -6 -7 -8 28 9 10 11 -13 -14 -15 -16 16 -18 18 -20 -21 21 23 -24 25 -26 -27 27 -29 -30 -31
leaf_value=0.053334042671502005 10.149391827583313 -0.86286115555950771 9.0133763064940773 0.54512816411837128 5.4538540002462028 -4.5205448275400419 8.7649734878540055 3.5873678255081174 0.57919457482116032 14.230745054483414 0.5864879250526428 1.4819035637912885 15.030551042556764 -0.41242014947492028 -0.87724568274888126 9.4458140993118302 1.3938746560004451 -0.32018224723117761 -2.5642332132399819 5.5234869405201508 -1.6146134571595625 -0.25816521040142931 12.702598343072115 10.083505119596211 7.9032650180484936 0.64174137841100276 9.9194763377308846 -0.51320831868797545 -3.2215115611751877 -0.078728605810529872
leaf_weight=6287 20 178 24 3356 37 59 20 20 289 20 20 212 20 6791 22 20 62 746 324 35 22 266 27 21 23 23 24 32 204 6117
leaf_count=6287 20 178 24 3356 37 59 20 20 289 20 20 212 20 6791 22 20 62 746 324 35 22 266 27 21 23 23 24 32 204 6117
internal_value=-1.40925e-09 0.188809 1.49573 -0.0997669 -0.422992 0.064022 0.098123 -0.453804 1.25158 1.92247 3.3497 2.48613 7.80852 -0.383003 4.37353 0.0762149 3.35776 0.0418488 -0.793073 -0.0583021 0.179037 1.69389 6.79477 0.509167 3.25008 5.14804 0.0878064 3.95794 -2.61358 0.142285
internal_weight=25321 8754 763 16567 7094 7991 7932 7057 739 561 272 252 40 6833 42 7912 82 7830 1105 781 6725 382 72 310 45 44 6343 56 224 9473
internal_count=25321 8754 763 16567 7094 7991 7932 7057 739 561 272 252 40 6833 42 7912 82 7830 1105 781 6725 382 72 310 45 44 6343 56 224 9473
is_linear=0
shrinkage=0.05


Tree=80
num_leaves=31
num_cat=0
split_feature=282 246 254 281 289 287 125 123 289 212 280 45 127 171 116 51 30 27 282 208 254 253 254 267 254 234 82 68 31 32
split_gain=188978 475258 452805 259551 206746 408735 860618 853944 460829 326758 518029 502713 789750 325829 417551 487729 787000 355604 264402 519990 412715 383259 551262 435730 396679 346865 355164 563442 576630 521673
threshold=835.00000000000011 2733.7500000000005 1364.7500000000002 1638.2500000000002 -674.74999999999989 -422.24999999999994 -740.96649169921864 456.94749450683599 -776.24999999999989 -2365.2499999999995 -934.74999999999989 4457.0000000000009 2736.0000000000005 -276.49999999999994 -667.85498046874989 -538.74999999999989 -1210.7499999999998 -2479.8544921874995 -517.74999999999989 719.73504638671886 -666.24999999999989 -111.74999999999999 -329.24999999999994 -290.24999999999994 -257.24999999999994 -2321.9999999999995 472.83790588378912 470.23809814453131 -2615.4999999999995 -5897.7875976562491
decision_type=2 2 2 2 2 2 2 2 2 2 2 2 2 2 2 2 2 2 2 2 2 2 2 2 2 2 2 2 2 2
left_child=3 2 -2 4 5 9 -7 -8 -9 10 -1 12 13 14 17 16 -16 -11 19 -6 25 -22 -23 24 -24 -20 -27 -28 29 -29
right_child=1 -3 -4 -5 18 6 7 8 -10 11 -12 -13 -14 -15 15 -17 -18 -19 20 -21 21 22 23 -25 -26 26 27 28 -30 -31
leaf_value=0.35722334323785243 3.1039942259484152 9.0864937877655034 -5.5874054236845545 -4.1372775309964238 -0.35372145232767727 -4.0859897103802911 14.391455108469183 -0.27264267717088975 7.691817203164101 1.7753265471685502 10.254730291366577 -7.9999111557006843 9.557871991112119 -2.217532197768624 -1.1138683393597604 0.063700639675645265 11.69075425306956 -4.4104019369070349 6.7048095081163499 -3.6350665005855265 -0.57918148935605163 0.86523622681719281 -0.36947615742683415 -0.077889419277733671 8.2547495206197095 0.22793239076245944 7.4581393781461216 3.3441578696171441 1.75953064552821 -5.4906206005269835
leaf_weight=39 47 20 22 38 2127 29 22 42 32 42 20 20 21 148 20 68 30 52 23 128 2950 1801 24 14692 30 2163 38 24 554 55
leaf_count=39 47 20 22 38 2127 29 22 42 32 42 20 20 21 148 20 68 30 52 23 128 2950 1801 24 14692 30 2163 38 24 554 55
internal_value=-1.89466e-10 2.29994 0.332823 -0.0081125 -0.0018845 0.927101 3.46244 5.7427 3.17145 0.238149 3.71231 -0.273012 0.132599 -0.417208 0.839621 2.82014 6.56891 -1.64657 -0.0239681 -0.53998 0.0280854 -0.0541556 0.0394461 -0.0614117 4.42176 0.589322 0.53969 1.54466 1.18966 -2.80664
internal_weight=25321 89 69 25232 25194 585 125 96 74 460 59 401 381 360 212 118 50 94 24609 2255 22354 19497 16547 14746 54 2857 2834 671 633 79
internal_count=25321 89 69 25232 25194 585 125 96 74 460 59 401 381 360 212 118 50 94 24609 2255 22354 19497 16547 14746 54 2857 2834 671 633 79
is_linear=0
shrinkage=0.05


Tree=81
num_leaves=31
num_cat=0
split_feature=240 254 267 138 262 282 287 165 261 267 212 253 53 239 254 233 151 252 263 2 93 204 185 141 121 280 163 15 4 112
split_gain=182291 438163 342603 703138 436816 322630 821804 377570 330877 646787 432143 313642 385282 861541 331297 330293 311903 278278 569895 296198 351705 276484 389416 625413 645183 389269 322351 271651 310909 271083
threshold=105.75000000000001 -89.249999999999986 -192.24999999999997 517.10519409179699 -317.24999999999994 -60.749999999999993 -110.74999999999999 -1848.9225463867185 395.25000000000006 1100.7500000000002 2335.7500000000005 783.25000000000011 3761.005004882813 1300.2500000000002 396.25000000000006 1192.7500000000002 -2002.2900390624998 585.25000000000011 651.04998779296886 -1051.7499999999998 -645.74999999999989 1724.0000000000002 965.25000000000011 949.75000000000011 538.75000000000011 -134.74999999999997 1378.7500000000002 2531.2500000000005 -615.79251098632801 823.00000000000011
decision_type=2 2 2 2 2 2 2 2 2 2 2 2 2 2 2 2 2 2 2 2 2 2 2 2 2 2 2 2 2 2
left_child=1 -1 3 4 -2 8 -7 16 9 10 11 14 17 -14 15 21 -8 18 -13 -19 -21 22 -4 24 25 -24 -23 28 -25 -9
right_child=2 -3 5 -5 -6 6 7 29 -10 -11 -12 12 13 -15 -16 -17 -18 19 -20 20 -22 26 23 27 -26 -27 -28 -29 -30 -31
leaf_value=0.051086020474536559 -0.83236690502613786 -0.53334350910585415 -0.25819124497350193 9.9358233451843265 7.270254248664493 9.7194341500600174 1.8521280033878549 -0.097601034898264438 -0.98225028150911275 9.0616137075424188 -7.2850985622406004 10.803664867877961 12.207289028167725 -0.70267122909426694 -2.2042327907526755 5.612003768865879 8.2752851594062076 -3.1590673050790468 -0.24713926145008636 5.6065594427926202 0.36207420405172075 -8.3383077871231812 7.8044238201949909 4.9059541568756106 11.536615798649965 -0.10672725538412731 -0.91104672749837246 4.7989788186961206 -1.0132017562610245 0.79641360327759148
leaf_weight=13422 80 4214 1756 27 21 24 189 1859 925 20 20 20 24 28 183 26 21 53 28 35 369 21 23 25 27 48 48 29 197 1559
leaf_count=13422 80 4214 1756 27 21 24 189 1859 925 20 20 20 24 28 183 26 21 53 28 35 369 21 23 25 27 48 48 29 197 1559
internal_value=-1.07649e-09 -0.0885594 0.203231 2.76838 0.852337 0.159783 0.497609 0.436605 -0.156156 0.100266 0.0397165 0.0895452 1.15773 5.25577 -0.160132 0.00989978 2.49444 0.735758 4.35736 0.355371 0.816423 -0.0570987 0.0449891 1.57045 4.95783 2.45604 -3.17152 0.247882 -0.34663 0.310172
internal_weight=25321 17636 7685 128 101 7557 3652 3628 3905 2980 2960 2940 557 52 2383 2200 210 505 48 457 404 2174 2105 349 98 71 69 251 222 3418
internal_count=25321 17636 7685 128 101 7557 3652 3628 3905 2980 2960 2940 557 52 2383 2200 210 505 48 457 404 2174 2105 349 98 71 69 251 222 3418
is_linear=0
shrinkage=0.05


Tree=82
num_leaves=31
num_cat=0
split_feature=117 110 124 289 79 209 37 93 197 204 65 65 240 93 65 258 292 288 231 271 281 281 222 198 252 289 286 250 288 201
split_gain=177794 182066 797229 714927 333504 430358 772500 761731 403135 563120 406782 393724 333899 293791 404667 362479 354177 276201 275055 246321 243602 507087 220371 209237 206173 435133 359670 328302 400507 714099
threshold=160.89533233642581 744.84381103515636 744.84381103515636 -209.74999999999997 3293.2500000000005 619.14193725585949 1414.2500000000002 537.75000000000011 -50.749999999999993 -258.74999999999994 -106.24999999999999 -2317.9999999999995 -374.74999999999994 4543.5000000000009 4162.0000000000009 2970.2917480468755 700.57888793945324 220.25000000000003 -586.49999999999989 719.73504638671886 713.00000000000011 1225.2500000000002 904.46777343750011 1836.7500000000002 1463.7500000000002 -640.24999999999989 1692.2800292968752 477.39038085937506 225.25000000000003 412.09451293945318
decision_type=2 2 2 2 2 2 2 2 2 2 2 2 2 2 2 2 2 2 2 2 2 2 2 2 2 2 2 2 2 2
left_child=-1 2 13 -4 5 8 7 -7 9 10 11 18 -11 14 15 22 -16 -13 -3 -8 23 -22 24 -15 26 -26 -2 28 -27 -30
right_child=1 4 3 -5 -6 6 19 -9 -10 12 -12 17 -14 20 16 -17 -18 -19 -20 -21 21 -23 -24 -25 25 27 -28 -29 29 -31
leaf_value=-0.78576445953175433 0.02252567444171219 -5.4962137364052444 11.428580823437921 -0.85952501296997075 -7.2517373704910284 0.58666310801225552 -5.0303760687510177 11.517683483759562 -3.4651513976655952 0.66401389420032508 -6.5475685957939396 7.23209957661836 9.8004691016674048 9.3457836437225339 -1.1762380030847364 6.048476097106934 -7.8705471396446232 -0.16266889146396094 1.2927727718353272 0.91133958938959481 -5.0540262834592298 5.6812934561209252 -3.4709755436579388 2.3530842656674595 8.4378220462799085 -1.8632402773256656 -4.6085907674971081 -1.8498735695000155 0.95000592611197909 8.2932820328372596
leaf_weight=700 23471 37 29 20 20 34 33 30 157 20 31 23 20 20 62 25 29 28 25 37 22 22 45 23 20 54 42 83 112 47
leaf_count=700 23471 37 29 20 20 34 33 30 157 20 31 23 20 20 62 25 29 28 25 37 22 22 45 23 20 54 42 83 112 47
internal_value=-1.7508e-09 0.0223401 0.0418157 6.41303 -0.926892 -0.660582 1.74026 5.71058 -1.60402 -0.0159891 -1.47383 -0.0819206 5.23224 0.0288494 0.0183315 0.0310031 -3.30959 3.17223 -2.75872 -1.88975 2.92916 0.313634 0.0247019 5.6055 0.0313033 1.29996 0.0142534 0.81767 1.85714 3.12066
internal_weight=25321 24621 24126 49 495 475 134 64 341 184 144 113 40 24077 23990 23899 91 51 62 70 87 44 23874 43 23829 316 23513 296 213 159
internal_count=25321 24621 24126 49 495 475 134 64 341 184 144 113 40 24077 23990 23899 91 51 62 70 87 44 23874 43 23829 316 23513 296 213 159
is_linear=0
shrinkage=0.05


Tree=83
num_leaves=31
num_cat=0
split_feature=288 289 282 159 142 155 173 145 281 92 169 287 215 152 47 110 234 208 260 266 220 148 142 120 267 280 126 144 289 199
split_gain=171638 232234 312352 304809 278185 209446 196096 449990 194191 191283 262861 254109 186743 185479 190300 198792 244878 195766 184625 220193 179007 176231 170392 747106 313129 391165 247568 258661 244537 196355
threshold=19.250000000000004 -326.74999999999994 -237.74999999999997 413.74758911132818 1392.0000000000002 -177.24999999999997 557.84716796875011 470.23809814453131 3.7500000000000004 -153.24999999999997 -194.24999999999997 -163.74999999999997 148.27217102050784 434.57849121093756 439.23020935058599 387.79458618164068 266.25000000000006 273.97875976562506 -204.74999999999997 -262.24999999999994 -840.74999999999989 -579.49999999999989 3991.5000000000005 4764.5000000000009 909.25000000000011 502.25000000000006 3908.0000000000005 5450.6052246093759 -217.24999999999997 3391.2500000000005
decision_type=2 2 2 2 2 2 2 2 2 2 2 2 2 2 2 2 2 2 2 2 2 2 2 2 2 2 2 2 2 2
left_child=1 2 6 4 8 20 7 13 9 10 18 -12 -2 14 15 16 17 21 -3 -20 -5 -1 23 26 -24 -26 27 29 -28 -14
right_child=12 3 -4 5 -6 -7 -8 -9 -10 -11 11 -13 22 -15 -16 -17 -18 -19 19 -21 -22 -23 24 -25 25 -27 28 -29 -30 -31
leaf_value=5.537174514929454 -1.129226068652728 -1.7100269192251667 5.8918317629740793 -5.0254751205444341 4.1135640651948995 -5.3537061728280166 -2.8300786034568497 5.8369153087203571 -1.3096402562565495 -0.9703653431892395 7.4868652307070223 1.302708183164182 0.054893327063879449 -3.9800512084254516 5.060888350605965 -3.317531015214167 5.0509913356215872 -1.3609881025729793 5.6110741972923286 0.15828725599948271 0.42107646142443023 -0.65828539166938183 -6.1878877439806539 7.3592298868724288 5.3218298218467019 -2.9786755394935609 -6.1462253438774503 4.2919193618827398 0.19295251780542835 -4.6710208155892117
leaf_weight=24 340 87 26 22 31 58 46 37 588 250 26 46 23105 27 20 38 27 101 24 81 48 22 31 35 22 40 32 36 29 22
leaf_count=24 340 87 26 22 31 58 46 37 588 250 26 46 23105 27 20 38 27 101 24 81 48 22 31 35 22 40 32 36 29 22
internal_value=-2.06411e-09 -0.496451 0.60866 -0.818957 -0.557671 -3.13175 0.207016 0.678996 -0.689076 0.0208297 0.959461 3.53588 0.0341347 -0.0578491 0.398614 -0.0412231 0.674292 -0.129591 -0.00669424 1.40464 -1.2907 2.57413 0.0510729 0.0596133 -2.08485 -0.0333349 0.0486124 0.0569899 -3.13252 0.0503977
internal_weight=25321 1629 368 1261 1133 128 342 296 1102 514 264 72 23692 259 232 212 174 147 192 105 70 46 23352 23259 93 62 23224 23163 61 23127
internal_count=25321 1629 368 1261 1133 128 342 296 1102 514 264 72 23692 259 232 212 174 147 192 105 70 46 23352 23259 93 62 23224 23163 61 23127
is_linear=0
shrinkage=0.05


Tree=84
num_leaves=31
num_cat=0
split_feature=113 87 227 276 166 162 128 134 115 267 127 217 12 3 40 191 189 267 239 189 52 246 218 254 129 212 211 184 199 233
split_gain=168690 508735 560519 427424 328209 402792 316594 342389 413142 270517 221755 207976 791457 434537 684122 425591 222843 400566 480177 300035 273519 305145 262948 248271 293100 243098 484792 440435 583883 541704
threshold=-2944.4999999999995 -3468.4999999999995 -574.74999999999989 -339.74999999999994 351.73132324218756 -2126.2499999999995 -2871.7499999999995 -2316.7499999999995 -2381.2499999999995 143.75000000000003 -2213.7499999999995 -2014.7499999999998 700.57888793945324 -341.24999999999994 509.76542663574224 -2258.2499999999995 -1699.7499999999998 195.25000000000003 -261.24999999999994 -1550.9999999999998 -2583.2499999999995 -1215.9999999999998 -451.24999999999994 -1972.9999999999998 1851.0000000000002 -459.74999999999994 -66.249999999999986 -422.74999999999994 -24.749999999999996 -1075.7499999999998
decision_type=2 2 2 2 2 2 2 2 2 2 2 2 2 2 2 2 2 2 2 2 2 2 2 2 2 2 2 2 2 2
left_child=1 2 4 -3 -1 -6 -2 8 -8 -5 -9 12 13 14 -12 -13 17 20 -19 -18 -17 -22 -23 24 -21 26 -25 28 29 -27
right_child=6 3 -4 9 5 -7 7 10 -10 -11 11 15 -14 -15 -16 16 19 18 -20 23 21 22 -24 25 -26 27 -28 -29 -30 -31
leaf_value=3.4075121743338452 -1.9265194711980418 10.579255439924157 5.0941511935657928 -1.900216781525385 -5.625848817979616 2.5507564651966099 0.63539604217775414 -2.7582567945735099 7.6307998456060888 6.2249914824962618 -0.5225345630730901 -2.6130187044445523 10.859400295075917 -3.4407288287548314 9.2918506732353787 4.5586574063982281 -1.7063087121229765 9.9446112950642913 1.0133230896557079 -0.82075322920625871 4.8834934858175423 -1.5820470911158613 4.0108199854691824 0.12226450397664937 -8.1208208465576188 7.9305445936322219 1.4929858977040211 0.019110169689939064 -2.0069022473660194 -0.34287040138038821
leaf_weight=21 214 23 36 21 61 20 62 73 32 20 56 156 21 47 26 35 258 27 34 44 26 169 24 6594 20 20 715 13989 638 1839
leaf_count=21 214 23 36 21 61 20 62 73 32 20 56 156 21 47 26 35 258 27 34 44 26 169 24 6594 20 20 715 13989 638 1839
internal_value=3.44266e-10 1.43913 -0.26967 5.12372 -2.16278 -3.60693 -0.0115731 0.00488141 3.01681 2.0633 -0.00652971 0.00159043 1.85773 0.392341 2.58934 -0.00973301 0.00688915 1.32817 4.96652 -0.0103686 0.4544 -0.201532 -0.886561 0.0079705 -3.10202 0.0163353 0.256355 -0.0900764 -0.701775 -0.253861
internal_weight=25321 202 138 64 102 81 25119 24905 94 41 24811 24738 150 129 82 24588 24432 315 61 24117 254 219 193 23859 64 23795 7309 16486 2497 1859
internal_count=25321 202 138 64 102 81 25119 24905 94 41 24811 24738 150 129 82 24588 24432 315 61 24117 254 219 193 23859 64 23795 7309 16486 2497 1859
is_linear=0
shrinkage=0.05


Tree=85
num_leaves=31
num_cat=0
split_feature=65 15 79 281 110 18 127 134 79 78 232 111 113 128 204 161 14 134 291 27 147 152 141 198 170 156 240 23 79 146
split_gain=166448 533243 489008 559363 759801 858912 458032 406390 363354 701219 583903 459224 421257 499273 561411 617501 768963 596594 392033 470922 371146 357055 366639 348015 733897 343109 344445 342814 501410 723214
threshold=761.75000000000011 2059.7500000000005 680.25000000000011 165.25000000000003 269.58078002929693 3478.8100585937505 -144.74999999999997 -367.24999999999994 -149.74999999999997 -19.749999999999996 -1421.2499999999998 756.45172119140636 795.25000000000011 1238.7500000000002 1193.2500000000002 917.25000000000011 1003.2500000000001 1622.0000000000002 1416.612487792969 1568.2881469726565 -1436.7499999999998 419.88714599609381 -530.24999999999989 1111.7500000000002 845.25000000000011 -1008.7499999999999 -851.99999999999989 1024.5000000000002 1223.2500000000002 1860.0493164062502
decision_type=2 2 2 2 2 2 2 2 2 2 2 2 2 2 2 2 2 2 2 2 2 2 2 2 2 2 2 2 2 2
left_child=1 8 3 4 -2 -6 7 -4 9 18 -11 20 21 14 17 16 -16 25 19 -1 -12 -10 -23 -22 -25 -14 -27 -8 29 -29
right_child=2 -3 6 -5 5 -7 27 -9 12 10 11 -13 13 -15 15 -17 -18 -19 -20 -21 23 22 -24 24 -26 26 -28 28 -30 -31
leaf_value=-0.018028859800009508 11.548161591649055 -2.5111425079540162 9.5318944027026493 0.10430010474939533 1.5119238197029412 11.851133558966898 -0.67532015776481691 0.58980304576732501 -0.4202974870709561 9.5459196615219124 5.8640397618350111 7.0837975525856027 6.2204911828041078 -1.9253679071292955 3.3683896414258268 0.96609406363681927 13.98490222070528 6.8354377520806864 -3.058407666435782 7.1439191569452705 0.59788699126601974 0.77839521760902097 -2.2369748069868463 11.436567422618037 -0.43480297724405931 -3.5137183199758115 0.1171799186840836 1.0514172612037853 -0.049005121908789709 9.3590365250905361
leaf_weight=11075 25 221 24 294 231 22 1270 27 4004 20 36 30 22 222 66 169 23 33 106 23 1580 124 539 23 30 69 1224 881 2881 27
leaf_count=11075 25 221 24 294 231 22 1270 27 4004 20 36 30 22 222 66 169 23 33 106 23 1580 124 539 23 30 69 1224 881 2881 27
internal_value=4.31072e-10 -0.0689541 0.23833 1.62473 3.23267 2.41099 0.0831394 4.79785 -0.0411591 0.112176 1.05247 0.952488 -0.346247 0.297159 0.604382 2.74123 6.11198 0.195402 -0.0320913 -0.00318611 0.842279 -0.59826 -1.67301 0.731573 4.71692 0.0287699 -0.0765803 0.0356102 0.2739 1.29845
internal_weight=25321 19639 5682 572 278 253 5110 51 19418 12923 1719 1699 6495 1828 1606 258 89 1348 11204 11098 1669 4667 663 1633 53 1315 1293 5059 3789 908
internal_count=25321 19639 5682 572 278 253 5110 51 19418 12923 1719 1699 6495 1828 1606 258 89 1348 11204 11098 1669 4667 663 1633 53 1315 1293 5059 3789 908
is_linear=0
shrinkage=0.05


Tree=86
num_leaves=31
num_cat=0
split_feature=282 253 140 78 281 231 81 96 232 177 5 163 288 185 96 233 269 197 13 8 274 16 47 287 239 176 287 176 260 76
split_gain=163366 307366 494988 788650 252723 386994 488499 661196 303124 279821 543820 520863 407632 311257 371069 274476 360410 270345 276752 267924 266707 297162 365717 249445 350702 244724 472333 259190 439888 376020
threshold=367.25000000000006 2548.2500000000005 2026.0000000000002 2583.5000000000005 832.75000000000011 2709.2500000000005 5809.1899414062509 679.19335937500011 3021.7500000000005 1737.0000000000002 243.15371704101565 1655.7500000000002 389.75000000000006 1694.7500000000002 609.70101928710949 1020.2500000000001 374.75000000000006 2430.2500000000005 3321.9853515625005 1032.7500000000002 932.75000000000011 235.25000000000003 430.91644287109381 -242.74999999999997 2143.7500000000005 1946.5000000000002 187.25000000000003 1578.2500000000002 1521.2500000000002 -487.83186340332026
decision_type=2 2 2 2 2 2 2 2 2 2 2 2 2 2 2 2 2 2 2 2 2 2 2 2 2 2 2 2 2 2
left_child=4 2 3 -2 5 6 9 -8 17 13 -11 -12 19 25 -15 -14 -17 18 20 -13 -6 22 -22 -21 -25 27 -27 28 -1 -29
right_child=1 -3 -4 -5 8 -7 7 -9 -10 10 11 12 15 14 -16 16 -18 -19 -20 23 21 -23 -24 24 -26 26 -28 29 -30 -31
leaf_value=-0.0028457071787436044 0.71719351004727272 5.4185733178082636 -2.4485602967507019 9.2213310537667112 -3.2568499339267243 -5.409305611523715 10.867771200339 -1.4417419397830964 4.1628512878417974 9.2032914495468141 4.8275785476820809 -6.1337550390334359 0.024741499799375351 -2.273279539951468 3.8919896081641867 8.9294801330566411 1.5090577589140999 -4.5262888376674963 3.796766634924071 -3.3786538648605347 -2.204549009911716 -1.7975991647270391 4.589135013864591 -0.31875392644365963 5.4125770799318955 0.61668789912353861 7.8904341978686192 5.6609997153282166 4.8393658927146426 -1.3185958415215566
leaf_weight=22568 455 34 113 29 121 33 24 20 25 20 70 21 52 254 27 30 36 63 28 55 32 133 52 242 30 110 28 20 47 549
leaf_count=22568 455 34 113 29 121 33 24 20 25 20 70 21 52 254 27 30 36 63 28 55 32 133 52 242 30 110 28 20 47 549
internal_value=-2.27304e-10 0.794431 0.531079 1.22674 -0.0203032 0.00159101 0.00896859 5.27254 -1.18909 -0.000617778 1.10809 0.806029 0.201934 -0.0267348 -1.68089 2.7415 4.88198 -1.50097 -0.98022 -0.659184 -1.37595 -0.327149 2.00106 -0.307606 0.313378 -0.00680443 2.09252 -0.0193004 0.0072177 -1.07327
internal_weight=25321 631 597 484 24690 24236 24203 44 454 24159 556 536 466 23603 281 118 66 429 366 348 338 217 84 327 272 23322 138 23184 22615 569
internal_count=25321 631 597 484 24690 24236 24203 44 454 24159 556 536 466 23603 281 118 66 429 366 348 338 217 84 327 272 23322 138 23184 22615 569
is_linear=0
shrinkage=0.05


Tree=87
num_leaves=31
num_cat=0
split_feature=110 124 54 79 209 49 93 197 204 65 193 212 93 65 258 292 273 281 257 233 222 286 241 24 122 50 262 278 278 254
split_gain=164900 682616 656362 292174 382332 715438 742726 347045 494769 370880 357284 323486 259575 351298 336935 323545 230665 283413 203941 195177 194446 193357 412698 485924 452999 484009 363901 478507 368601 235385
threshold=744.84381103515636 744.84381103515636 661.46316528320324 3293.2500000000005 619.14193725585949 1444.2500000000002 580.75000000000011 -50.749999999999993 -258.74999999999994 -106.24999999999999 1437.0349731445315 -553.74999999999989 4543.5000000000009 4162.0000000000009 2970.2917480468755 700.57888793945324 225.75000000000003 1225.2500000000002 700.57888793945324 1192.7500000000002 904.46777343750011 1692.2800292968752 1587.7500000000002 613.25000000000011 1607.2500000000002 1700.5000000000002 1296.5000000000002 529.70809936523449 451.11840820312506 603.25000000000011
decision_type=2 2 2 2 2 2 2 2 2 2 2 2 2 2 2 2 2 2 2 2 2 2 2 2 2 2 2 2 2 2
left_child=1 12 -3 4 7 6 -6 8 9 10 -2 -10 13 14 20 -15 -14 -18 -7 -20 21 22 29 -24 25 -25 -23 28 -28 -1
right_child=3 2 -4 -5 5 18 -8 -9 11 -11 -12 -13 16 15 -16 -17 17 -19 19 -21 -22 26 23 24 -26 -27 27 -29 -30 -31
leaf_value=0.039700226845750579 -1.8747585876488391 1.1079248231032801 12.881974482536316 -6.8236069416999818 1.4722553916275503 -4.7636608362197874 13.755014667510986 -3.2704162014327993 9.3456603971123702 -6.281358220308058 4.3654407037422063 0.3528031480312348 6.1929911679077536 -1.0651181790136524 5.8098862476348883 -7.4633985593401153 -2.0441046280019424 5.2391153335571294 -1.9032196459445085 4.262935974200567 -3.2813921848932903 -5.3182620477919684 -1.8953083618329121 3.6295287247627011 1.7415035158094736 13.606203188896181 -0.070759861720235726 -4.4561754671705733 8.3152529919147504 -0.61777977574287368
leaf_weight=22735 81 29 20 20 32 28 20 157 20 31 32 20 31 62 25 29 34 22 33 21 45 49 52 31 99 20 38 37 20 1448
leaf_count=22735 81 29 20 20 32 28 20 157 20 31 32 20 31 62 25 29 34 22 33 21 45 49 52 31 99 20 38 37 20 1448
internal_value=4.11968e-10 0.0180173 5.91366 -0.903629 -0.654367 1.60855 6.19639 -1.54361 -0.0701857 -1.43669 -0.107623 4.84923 0.00635779 -0.00324896 0.00822225 -3.10413 2.73269 0.81716 -1.30082 0.49473 0.00232001 0.00834419 0.0191319 2.26976 3.71366 7.54195 -1.81845 -0.0132874 2.82097 0.000332446
internal_weight=25321 24826 49 495 475 134 52 341 184 144 113 40 24777 24690 24599 91 87 56 82 54 24574 24529 24385 202 150 51 144 95 58 24183
internal_count=25321 24826 49 495 475 134 52 341 184 144 113 40 24777 24690 24599 91 87 56 82 54 24574 24529 24385 202 150 51 144 95 58 24183
is_linear=0
shrinkage=0.05


Tree=88
num_leaves=31
num_cat=0
split_feature=240 254 261 238 4 260 157 282 266 158 112 73 73 205 212 126 173 96 281 292 281 255 194 282 59 261 253 247 197 272
split_gain=159168 381887 330505 522353 1.33146e+06 451515 694941 428287 333982 330914 332934 551188 549219 404412 461288 362093 325481 319834 300506 550958 505297 267030 262038 391886 372196 294945 254557 584496 348012 608777
threshold=105.75000000000001 -89.249999999999986 18.750000000000004 166.25000000000003 647.54251098632824 849.50000000000011 107.75000000000001 -169.74999999999997 -750.24999999999989 -1868.2924804687498 823.00000000000011 456.50000000000006 276.25000000000006 -296.74999999999994 -323.74999999999994 1143.7500000000002 338.34208679199224 525.18084716796886 481.25000000000006 619.95794677734386 25.750000000000004 1146.7500000000002 509.73971557617193 -684.74999999999989 -2668.9999999999995 85.250000000000014 210.25000000000003 -333.74999999999994 415.75000000000006 45.77650451660157
decision_type=2 2 2 2 2 2 2 2 2 2 2 2 2 2 2 2 2 2 2 2 2 2 2 2 2 2 2 2 2 2
left_child=1 -1 3 4 -2 8 -7 18 -5 16 15 12 -12 14 -13 -11 -9 -8 19 -4 -21 -22 23 -3 25 -24 -10 -28 -29 -30
right_child=2 22 7 5 -6 6 17 9 26 10 11 13 -14 -15 -16 -17 -18 -19 -20 20 21 -23 24 -25 -26 -27 27 28 29 -31
leaf_value=0.047617437752163087 -0.11679209800142992 5.9982135117053987 -0.69628733034788126 5.8391007525580276 15.821501346826555 11.914655930655343 -0.36309503212309724 5.0092872637159687 -0.64207068105638032 -0.20966888213955906 1.704052711468117 0.050022377967834479 10.523128863617227 0.32896145972175023 10.788828375339509 -5.4898291623953623 0.83468745442844883 6.3287713472659775 -2.3740720040694314 -2.34339660462879 3.0069874184472223 10.805346157239832 -1.5776759602806785 -0.41113522778218042 -2.2679410350752405 6.5202088252357813 8.937811683473134 -0.49750206396263269 7.9761035027042517 0.86197512540595234
leaf_weight=13422 38 24 1128 28 20 21 57 68 500 2017 51 20 27 1587 20 33 149 26 241 21 21 23 22 3793 352 23 21 533 31 1004
leaf_count=13422 38 24 1128 28 20 21 57 68 500 2017 51 20 27 1587 20 33 149 26 241 21 21 23 22 3793 352 23 21 533 31 1004
internal_value=1.41854e-09 -0.0827521 0.189905 0.694918 5.37917 0.572592 3.78903 -0.0229933 0.414581 0.244412 0.134701 0.65095 4.75681 0.454111 5.41943 -0.294667 2.14286 1.73315 -0.763672 -0.438352 4.03782 7.0834 -0.497992 -0.370835 -1.72055 2.56124 0.341873 0.651484 0.540506 1.07506
internal_weight=25321 17636 7685 2279 58 2221 104 5406 2117 3972 3755 1705 78 1627 40 2050 217 83 1434 1193 65 44 4214 3817 397 45 2089 1589 1568 1035
internal_count=25321 17636 7685 2279 58 2221 104 5406 2117 3972 3755 1705 78 1627 40 2050 217 83 1434 1193 65 44 4214 3817 397 45 2089 1589 1568 1035
is_linear=0
shrinkage=0.05


Tree=89
num_leaves=31
num_cat=0
split_feature=288 283 266 292 285 210 127 55 68 82 2 100 43 149 102 236 61 129 40 75 84 85 281 114 268 36 156 108 243 215
split_gain=153789 848786 352955 308790 374050 301167 285367 473625 263677 415799 433862 809917 338413 408456 336607 386410 330583 277182 539670 364407 266874 290086 258625 248980 330162 243647 226263 217398 203824 519878
threshold=41.250000000000007 38.250000000000007 496.25000000000006 679.19335937500011 630.97421264648449 1545.2500000000002 -2213.7499999999995 -3320.285522460937 383.80366516113287 341.38854980468756 -2487.2499999999995 -1936.9999999999998 1612.2500000000002 150.25000000000003 -2881.7624511718745 272.55789184570318 360.75559997558599 -1535.2499999999998 372.13468933105474 353.17985534667974 590.75000000000011 658.25000000000011 85.250000000000014 362.50000000000006 -231.24999999999997 -882.74999999999989 710.75000000000011 785.25000000000011 461.59492492675787 472.62278747558599
decision_type=2 2 2 2 2 2 2 2 2 2 2 2 2 2 2 2 2 2 2 2 2 2 2 2 2 2 2 2 2 2
left_child=1 2 3 4 5 6 -1 -8 9 10 11 -9 20 -14 -11 -16 -12 18 -17 22 21 28 25 -21 -25 -19 -15 -5 29 -10
right_child=-2 -3 -4 27 -6 -7 7 8 12 14 16 -13 13 26 15 17 -18 19 -20 23 -22 -23 -24 24 -26 -27 -28 -29 -30 -31
leaf_value=-3.8542121471058239 0.053594235486101385 9.5108747311613779 -2.7249447835071776 -8.0673646154857828 5.0252473762806726 5.2269711918830879 7.08846211866899 -1.0724491149187088 -1.1521076613188987 -4.3688444900512691 -0.35097452762901138 11.228329505091128 6.4576165274266275 -4.0151111766144085 7.1755821260912676 0.13606008016146148 -5.4685689266771078 -0.71057255051352763 11.060809359550476 -1.1787992956372082 -4.1317601357713158 3.8906833337885995 -1.3332139048083076 5.5732297856467117 -2.3569627353123255 5.1860274558843571 2.0047113515235284 -1.1665974273681641 -2.9233616718309836 7.0871781778335574
leaf_weight=55 21293 22 149 21 34 25 22 32 448 25 2277 23 31 27 29 26 32 22 20 197 81 28 29 35 21 86 37 25 149 20
leaf_count=55 21293 22 149 21 34 25 22 32 448 25 2277 23 31 27 29 26 32 22 20 197 81 28 29 35 21 86 37 25 149 20
internal_value=2.13082e-10 -0.283312 -0.3371 -0.244855 -0.195703 -0.242701 -0.279146 -0.22596 -0.269748 -0.0425927 -0.317356 4.07151 -1.05939 1.74687 1.283 1.58686 -0.421898 1.21514 4.88595 0.782169 -1.4266 -1.08689 2.85914 -0.342516 2.59941 3.98487 -0.534901 -4.31695 -1.31277 -0.800001
internal_weight=25321 4028 4006 3857 3811 3777 3752 3697 3675 2854 2364 55 821 95 490 465 2309 436 46 390 726 645 137 253 56 108 64 46 617 468
internal_count=25321 4028 4006 3857 3811 3777 3752 3697 3675 2854 2364 55 821 95 490 465 2309 436 46 390 726 645 137 253 56 108 64 46 617 468
is_linear=0
shrinkage=0.05


Tree=90
num_leaves=31
num_cat=0
split_feature=142 120 267 280 126 20 289 199 190 251 286 246 12 54 96 259 291 171 178 149 15 240 191 75 240 28 282 196 190 6
split_gain=152975 604321 273631 355089 218441 238502 216115 184164 374288 333681 221689 271865 495403 254761 304595 249252 240732 185156 448704 422774 362533 330779 328695 308018 457462 286538 301144 348747 406448 360983
threshold=3991.5000000000005 4764.5000000000009 909.25000000000011 502.25000000000006 3908.0000000000005 5237.4047851562509 -217.24999999999997 3391.2500000000005 3248.2500000000005 2615.8544921875005 1692.2800292968752 2043.7500000000002 594.14135742187511 429.15834045410162 348.94699096679693 1753.7500000000002 3932.6274414062505 1733.0000000000002 1470.5000000000002 1282.7500000000002 842.75000000000011 -756.74999999999989 2397.5000000000005 290.38783264160162 443.25000000000006 740.25000000000011 155.75000000000003 1914.5000000000002 2067.7500000000005 2749.185180664063
decision_type=2 2 2 2 2 2 2 2 2 2 2 2 2 2 2 2 2 2 2 2 2 2 2 2 2 2 2 2 2 2
left_child=1 4 -2 -4 5 7 -6 8 10 -10 11 15 -13 14 -12 16 17 18 -1 -19 -21 -20 23 24 -22 -25 27 28 -27 -30
right_child=2 -3 3 -5 6 -7 -8 -9 9 -11 13 12 -14 -15 -16 -17 -18 19 21 20 22 -23 -24 25 -26 26 -28 -29 29 -31
leaf_value=0.0044072618748250553 -5.7682968467473987 6.4810530232058632 5.0270060604268858 -2.8814746725559237 -5.8233605802059181 4.1903797289904423 0.13605368774512719 -4.4722379145414939 0.47077621546658605 9.3942475485801697 -3.118819424860618 -0.17614563486792825 8.4272538918036002 -4.7850384251429485 4.0703843446878292 -5.5823864722251892 4.9056360321044927 3.880663422722566 4.674867223557972 -4.4249766883097195 9.7807160472869867 -1.7297575205564499 6.0005595472123892 5.7957984542846681 1.117435863800347 -0.79175275643082232 2.2389657298357863 -2.8630520456001678 0.17617451394426412 8.2896873474121104
leaf_weight=23498 32 36 22 40 32 34 29 23 22 20 34 44 27 52 26 20 25 95 21 38 20 504 27 20 64 221 95 145 29 26
leaf_count=23498 32 36 22 40 32 34 29 23 22 20 34 44 27 52 26 20 25 95 21 38 20 504 27 20 64 221 95 145 29 26
internal_value=1.15987e-09 0.0075019 -2.0133 -0.0752396 -0.00174934 0.00550475 -2.9902 -0.000164905 0.00393742 4.72005 -0.00397583 0.00599995 3.09557 -2.2235 -0.00349779 -0.0028281 0.00166647 -0.00327645 -0.0278926 0.754869 0.321365 -1.47357 0.60013 0.36495 3.18012 -0.0762337 -0.303832 -0.877622 0.165448 4.01165
internal_weight=25321 25227 94 62 25191 25130 61 25096 25073 42 25031 24919 71 112 60 24848 24828 24803 24023 780 685 525 647 620 84 536 516 421 276 55
internal_count=25321 25227 94 62 25191 25130 61 25096 25073 42 25031 24919 71 112 60 24848 24828 24803 24023 780 685 525 647 620 84 536 516 421 276 55
is_linear=0
shrinkage=0.05


Tree=91
num_leaves=31
num_cat=0
split_feature=110 124 289 86 209 44 93 197 204 65 65 240 288 231 93 65 258 292 187 103 169 292 222 87 286 241 17 122 45 257
split_gain=151473 611312 623639 265548 333160 530995 688238 331204 445689 332584 328963 299658 247845 235636 224531 314528 303291 290394 219524 604200 241831 217977 174687 178250 170881 361545 429325 415833 530348 323063
threshold=744.84381103515636 744.84381103515636 -209.74999999999997 3289.0000000000005 558.12185668945324 1365.2500000000002 580.75000000000011 -50.749999999999993 -258.74999999999994 -106.24999999999999 -2317.9999999999995 -374.74999999999994 220.25000000000003 -586.49999999999989 4543.5000000000009 4162.0000000000009 2970.2917480468755 700.57888793945324 587.72634887695324 333.71350097656256 3553.7500000000005 797.33575439453136 904.46777343750011 2030.7500000000002 1692.2800292968752 1587.7500000000002 688.75000000000011 1607.2500000000002 1313.5000000000002 399.49707031250006
decision_type=2 2 2 2 2 2 2 2 2 2 2 2 2 2 2 2 2 2 2 2 2 2 2 2 2 2 2 2 2 2
left_child=1 14 -3 4 7 6 -6 8 9 10 13 -10 -12 -2 15 16 22 -17 19 -16 -20 -7 24 -24 25 -1 -27 28 -28 -26
right_child=3 2 -4 -5 5 21 -8 -9 11 -11 12 -13 -14 -15 18 17 -18 -19 20 -21 -22 -23 23 -25 29 26 27 -29 -30 -31
leaf_value=0.00080963672960950917 -5.0791499769365469 10.280906216851598 -1.1958865880966187 -6.5098540973663335 0.07906291759931125 -4.2197625824495368 10.060091027136773 -3.219926271533335 0.28114431500434878 -5.9449335799582546 6.7217111810393959 8.9364537245035169 -0.28319026487214222 1.2045536766052247 -0.69802727077318272 -1.0050888492215064 5.5125399818420417 -7.066718989405139 -4.0371173477172855 10.892180572856557 3.5595650152726606 1.3811312421225013 -6.0534725268681848 0.25429585547674272 2.0446181576426437 -1.4211972858508428 2.6115751924514772 1.7503491099923849 13.389866220383418 -3.203270579078823
leaf_weight=24183 37 29 20 20 39 38 31 151 20 31 23 20 28 25 23 62 25 29 20 22 22 32 24 21 41 60 25 96 21 103
leaf_count=24183 37 29 20 20 39 38 31 151 20 31 23 20 28 25 23 62 25 29 20 22 22 32 24 21 41 60 25 96 21 103
internal_value=1.90056e-09 0.0172682 5.5965 -0.866061 -0.628427 1.41994 4.49923 -1.48446 -0.0602481 -1.35721 -0.0986255 4.6088 2.87588 -2.5454 0.00623448 -0.00270028 0.00815401 -2.93682 2.54186 4.9683 -0.0579028 -1.65935 0.00255421 -3.10985 0.0082641 0.0184055 2.12494 3.62331 7.5321 -1.70908
internal_weight=25321 24826 49 495 475 140 70 335 184 144 113 40 51 62 24777 24690 24599 91 87 45 42 70 24574 45 24529 24385 202 142 46 144
internal_count=25321 24826 49 495 475 140 70 335 184 144 113 40 51 62 24777 24690 24599 91 87 45 42 70 24574 45 24529 24385 202 142 46 144
is_linear=0
shrinkage=0.05


Tree=92
num_leaves=31
num_cat=0
split_feature=5 191 47 37 31 212 247 95 234 261 247 162 183 118 161 182 129 240 265 198 285 119 72 198 254 132 144 38 158 223
split_gain=149571 150320 461196 461507 411017 387138 379958 639950 342401 396147 575433 342990 371020 308086 318091 629026 794611 299061 433027 498084 401877 388641 356493 327606 301067 292493 291221 287575 413793 330216
threshold=164.72378540039065 214.25000000000003 167.84690093994143 -322.74999999999994 170.25000000000003 -108.24999999999999 -1570.2499999999998 3475.9675292968755 -619.24999999999989 -428.24999999999994 -41.749999999999993 674.75000000000011 890.50000000000011 196.61240386962893 -57.749999999999993 278.75000000000006 241.25000000000003 600.25000000000011 311.06282043457037 -82.749999999999986 453.70436096191412 1462.2500000000002 1528.7500000000002 57.250000000000007 354.75000000000006 3293.1345214843755 2166.130004882813 -202.24999999999997 1163.3050537109377 34.96185493469239
decision_type=2 2 2 2 2 2 2 2 2 2 2 2 2 2 2 2 2 2 2 2 2 2 2 2 2 2 2 2 2 2
left_child=-1 5 -3 4 8 25 7 -5 -4 10 11 -10 -13 -8 15 -15 -17 20 19 -19 -7 24 -22 -24 -20 -2 27 29 -29 -11
right_child=1 2 3 6 -6 17 13 -9 9 26 -12 12 -14 14 -16 16 -18 18 21 -21 22 -23 23 -25 -26 -27 -28 28 -30 -31
leaf_value=-0.67278556897118691 0.070064775295353099 6.6120238316910607 -5.0225238164265953 10.649111054160379 6.3108656631575695 -0.40513457901933841 -1.1749355414945089 -1.5535971891312372 -1.1113207904943105 2.2453162014860353 8.795507050849297 9.4591359528628267 1.4758837659691657 -1.9131683171811429 0.028403651753907411 10.684805212794124 -0.26542265464862191 -0.41698562900225328 2.8003625101768055 9.1117388308048248 -2.737002407468256 6.3220683553944461 -1.4686698089211676 4.7522826975042172 -1.5658472754606387 5.9759001782962251 -3.2756581502490576 1.801606625619899 9.7607197189331067 0.017192251920785103
leaf_weight=800 12547 28 24 22 36 3628 534 21 58 218 37 22 43 44 5581 37 30 24 52 32 348 23 59 33 164 21 45 89 20 701
leaf_count=800 12547 28 24 22 36 3628 534 21 58 218 37 22 43 44 5581 37 30 24 52 32 348 23 59 33 164 21 45 89 20 701
internal_value=1.86095e-09 0.0219497 0.206847 0.18313 1.04321 -0.0609379 0.00573549 4.68965 0.89235 1.00748 3.32838 1.6838 4.17791 -0.0266141 0.0811167 2.73149 5.78172 -0.466728 1.07049 5.028 -0.578203 0.143211 -2.00523 0.762759 -0.514723 0.0799329 0.661401 0.833743 3.26199 0.545735
internal_weight=25321 24521 7590 7562 1293 16931 6269 43 1257 1233 160 123 65 6226 5692 111 67 4363 295 56 4068 239 440 92 216 12568 1073 1028 109 919
internal_count=25321 24521 7590 7562 1293 16931 6269 43 1257 1233 160 123 65 6226 5692 111 67 4363 295 56 4068 239 440 92 216 12568 1073 1028 109 919
is_linear=0
shrinkage=0.05


Tree=93
num_leaves=31
num_cat=0
split_feature=113 87 227 276 166 162 128 134 91 262 267 78 79 58 257 117 142 75 34 258 205 113 280 254 260 152 122 79 285 78
split_gain=147726 445475 492581 394835 294227 361333 281918 301583 383864 665285 213663 211648 893934 576342 395538 491058 372085 375996 728427 483695 657621 463485 330909 310009 324952 315845 262421 256334 399605 319932
threshold=-2944.4999999999995 -3468.4999999999995 -574.74999999999989 -362.24999999999994 351.73132324218756 -2126.2499999999995 -2871.7499999999995 -2316.7499999999995 -2696.4999999999995 -638.99999999999989 143.75000000000003 -1371.9999999999998 -1579.7499999999998 -2279.7499999999995 393.86494445800787 601.57815551757824 -2099.7499999999995 661.46316528320324 322.27851867675787 -138.23148345947263 120.75000000000001 -785.74999999999989 702.75000000000011 -757.24999999999989 -791.74999999999989 285.04557800292974 -917.24999999999989 -2241.7499999999995 393.80418395996099 -1836.4999999999998
decision_type=2 2 2 2 2 2 2 2 2 2 2 2 2 2 2 2 2 2 2 2 2 2 2 2 2 2 2 2 2 2
left_child=1 2 4 -3 -1 -6 -2 8 -8 -10 -5 22 13 14 -13 -16 -15 18 19 21 -21 23 27 24 -18 -25 -27 29 -29 -9
right_child=6 3 -4 10 5 -7 7 11 9 -11 -12 12 -14 16 15 -17 17 -19 -20 20 -22 -23 -24 25 -26 26 -28 28 -30 -31
leaf_value=3.247071693057106 -1.8178667174025536 10.619684640169144 4.7759715212715994 -1.1824075989101244 -5.3065096617966407 2.4378648459911347 -1.9521203024634 -0.24853800463407222 11.801283960757049 1.2223474735305424 5.7932805484249483 0.019060824228369674 -0.015888980432899335 -3.0141691984014312 11.628263756888254 2.7445661102022445 -0.9479011985388669 -2.48152471780777 9.206074523925782 13.106037494540216 2.1316853467808214 -1.5372575084368387 5.7844911007654103 6.398603663237199 5.9842567793310515 -0.79172255896407062 4.1681363799355244 -0.4798837585446909 -2.4998395206957964 2.4628100268424507
leaf_weight=21 214 20 36 23 61 20 29 797 23 42 21 23 21812 47 35 28 22 51 33 20 43 132 21 23 73 139 33 1032 321 126
leaf_count=21 214 20 36 23 61 20 29 797 23 42 21 23 21812 47 35 28 22 51 33 20 43 132 21 23 73 139 33 1032 321 126
internal_value=3.73415e-11 1.34674 -0.252292 4.79464 -2.02697 -3.39432 -0.0108301 0.00469715 2.83145 4.96566 2.1469 -0.00601242 0.040633 1.79684 5.63111 7.67995 1.26154 1.61471 2.01801 1.52893 5.61561 0.918829 -0.463206 2.03677 4.37891 0.895728 0.159878 -0.520852 -0.959119 0.121592
internal_weight=25321 202 138 64 102 81 25119 24905 94 65 44 24811 22514 702 86 63 616 569 518 485 63 422 2297 290 95 195 172 2276 1353 923
internal_count=25321 202 138 64 102 81 25119 24905 94 65 44 24811 22514 702 86 63 616 569 518 485 63 422 2297 290 95 195 172 2276 1353 923
is_linear=0
shrinkage=0.05


Tree=94
num_leaves=31
num_cat=0
split_feature=217 225 164 255 132 224 213 226 220 145 93 79 206 73 267 233 262 99 247 233 82 286 280 248 149 147 269 273 289 289
split_gain=147642 393055 582435 415605 513099 324058 367121 369837 396978 359983 317631 625551 273043 263751 487233 254916 231954 382621 321898 357551 293375 256113 216558 258335 207387 487133 288594 317463 218551 256033
threshold=-2014.7499999999998 -1204.7499999999998 -1068.7499999999998 -677.74999999999989 -2027.576232910156 -1358.7499999999998 -1519.7499999999998 -1553.2499999999998 -1239.2499999999998 477.58610534667974 -3717.2499999999995 -2997.2499999999995 -652.24999999999989 -4268.7499999999991 -66.249999999999986 -844.24999999999989 -1241.4999999999998 1996.2500000000002 -1905.7499999999998 -1039.7499999999998 436.94512939453131 -574.72448730468739 -346.74999999999994 -2086.7499999999995 -2175.7499999999995 -2059.2499999999995 -850.74999999999989 585.25000000000011 -147.74999999999997 -197.24999999999997
decision_type=2 2 2 2 2 2 2 2 2 2 2 2 2 2 2 2 2 2 2 2 2 2 2 2 2 2 2 2 2 2
left_child=1 2 3 10 -5 12 7 -7 -9 -10 -1 -12 15 14 -8 -2 17 20 19 -18 -15 -22 23 -13 26 -26 -20 28 29 -28
right_child=5 -3 -4 4 -6 6 13 8 9 -11 11 22 -14 16 -16 -17 18 -19 24 -21 21 -23 -24 -25 25 -27 27 -29 -30 -31
leaf_value=-3.5144095339673633 -1.4043240317636227 -2.9538091044425965 9.4840139689652823 9.3073501825332645 -1.0316845965385437 8.9830860757827775 -2.3666377685286784 -3.7798425527719353 6.7059143298711534 -0.27899511473519462 7.0053294781276172 -6.9248260069977157 4.4196959257125856 3.5328587247775154 7.1828852087259296 4.3240463232994086 -0.23378405798049201 -8.5756360006332404 4.3608559152354367 8.9928722858428962 -5.2693329635419346 1.720920897126198 2.3026779982778764 -0.17928970813751222 6.3856348800659184 0.010201314141249888 -1.726563194569912 4.0633900165557861 -3.2487740812685666 2.1497758874137487
leaf_weight=47 671 50 23 30 20 20 22 26 39 35 35 22 22 26 34 20 21 20 23 21 38 20 36 40 30 23522 178 25 149 56
leaf_count=47 671 50 23 30 20 20 22 26 39 35 35 22 22 26 34 20 21 20 23 21 38 20 36 40 30 23522 178 25 149 56
internal_value=6.08194e-10 1.09708 1.89766 1.13902 5.17174 -0.0132871 0.0175343 2.77626 1.5349 3.40224 0.0188218 1.26741 -1.06394 0.00384614 3.43129 -1.23852 -0.00410846 -2.36033 0.00609122 4.37954 -0.880499 -2.8589 -0.781851 -2.57287 -0.00156775 0.0183222 -1.08845 -1.39565 -1.75198 -0.798892
internal_weight=25321 303 253 230 50 25018 24305 120 100 74 180 133 713 24185 56 691 24129 104 24025 42 84 58 98 62 23983 23552 431 408 383 234
internal_count=25321 303 253 230 50 25018 24305 120 100 74 180 133 713 24185 56 691 24129 104 24025 42 84 58 98 62 23983 23552 431 408 383 234
is_linear=0
shrinkage=0.05


Tree=95
num_leaves=31
num_cat=0
split_feature=234 122 281 102 232 114 95 149 139 267 292 76 171 287 265 213 257 110 220 268 226 203 264 41 159 166 115 82 131 3
split_gain=146099 487055 407133 260142 179269 172477 396044 232908 375399 363782 303478 256362 231584 224581 289494 237523 221647 293473 219761 375931 344815 221349 251819 681590 291973 345300 444857 368156 276778 316389
threshold=-2321.9999999999995 -2825.7499999999995 -110.74999999999999 -3601.1201171874995 -2078.7499999999995 -4112.7499999999991 -2421.839965820312 -2543.7499999999995 -2943.0083007812495 759.25000000000011 513.40527343750011 -3827.420776367187 -2264.2499999999995 -105.74999999999999 -1957.2188720703123 -1225.7499999999998 1012.183807373047 700.57888793945324 3001.7500000000005 1189.7500000000002 2471.5000000000005 3396.2500000000005 904.46777343750011 1329.3679199218752 719.73504638671886 679.19335937500011 1062.7500000000002 601.57815551757824 719.73504638671886 -1820.7499999999998
decision_type=2 2 2 2 2 2 2 2 2 2 2 2 2 2 2 2 2 2 2 2 2 2 2 2 2 2 2 2 2 2
left_child=1 3 -3 -1 -2 6 12 9 10 13 -9 -10 -6 14 -7 -16 18 -18 20 -20 21 22 24 -24 25 -13 -27 -28 -26 -30
right_child=4 2 -4 -5 5 7 -8 8 11 -11 -12 16 -14 -15 15 -17 17 -19 19 -21 -22 -23 23 -25 28 26 27 -29 29 -31
leaf_value=1.6195587510647984 -4.7395043075084686 9.4027803421020515 0.93961188634236648 -6.0775623412359332 -2.1272821010687415 4.1058578014373781 7.8509577751159672 -0.4747042083740235 -4.7022262669842823 4.3079173282340717 5.9359156044820942 0.0072027984880887758 4.4903527200222015 -2.8950055490369384 -3.6810387483958547 0.78803706950828678 0.22416326917451004 -7.1681795310974126 -0.25651464462280277 6.6152910232543949 -6.404228773003533 -4.6968801116943366 -3.6551604500523318 6.104995549737283 -4.2695408153183321 0.68854591582132429 2.322004109621048 11.387191806520734 -6.0208710171855415 -0.2557308073888046
leaf_weight=23 20 27 30 21 39 30 23 30 29 27 48 23854 20 184 58 61 29 25 48 34 21 25 27 53 68 115 24 21 26 281
leaf_count=23 20 27 30 21 39 30 23 30 29 27 48 23854 20 184 58 61 29 25 48 34 21 25 27 53 68 115 24 21 26 281
internal_value=-1.36634e-09 1.89787 4.94848 -2.05407 -0.0076005 -0.00384502 2.28555 -0.011319 0.00704063 -1.27395 3.47029 -0.00390481 0.115984 -1.72653 -0.283586 -1.39017 0.0016224 -3.19822 0.00864729 2.59277 3.68379e-06 0.00549437 0.0102988 2.81094 0.00111221 0.0227308 2.33776 6.55243 -1.38328 -0.743984
internal_weight=25321 101 57 44 25220 25200 82 25118 24758 360 78 24680 59 333 149 119 24651 54 24597 82 24515 24494 24469 80 24389 24014 160 45 375 307
internal_count=25321 101 57 44 25220 25200 82 25118 24758 360 78 24680 59 333 149 119 24651 54 24597 82 24515 24494 24469 80 24389 24014 160 45 375 307
is_linear=0
shrinkage=0.05


Tree=96
num_leaves=31
num_cat=0
split_feature=288 289 282 159 142 155 138 145 281 94 253 259 136 282 152 54 138 215 110 220 260 217 136 241 157 225 274 275 287 268
split_gain=143237 194860 271162 257885 250361 188636 175802 587942 171041 173468 298489 289401 243286 193192 166704 171137 158705 154929 149170 147536 166451 147282 446845 671009 337858 342074 428570 460202 429016 330420
threshold=19.250000000000004 -326.74999999999994 -237.74999999999997 413.74758911132818 1392.0000000000002 -177.24999999999997 537.77215576171886 470.23809814453131 -30.249999999999996 -325.74999999999994 -221.24999999999997 -115.74999999999999 -470.24999999999994 -301.74999999999994 434.57849121093756 416.70077514648443 609.70101928710949 148.27217102050784 392.96240234375006 -840.74999999999989 -59.249999999999993 -2014.7499999999998 -939.74999999999989 -1369.2499999999998 -1627.7499999999998 -1268.2499999999998 -328.74999999999994 -780.24999999999989 -773.74999999999989 -560.24999999999989
decision_type=2 2 2 2 2 2 2 2 2 2 2 2 2 2 2 2 2 2 2 2 2 2 2 2 2 2 2 2 2 2
left_child=1 2 6 4 8 19 7 14 9 10 -3 12 13 -12 15 18 -8 -2 -1 -5 -21 22 24 -24 25 26 28 -28 -19 -29
right_child=17 3 -4 5 -6 -7 16 -9 -10 -11 11 -13 -14 -15 -16 -17 -18 21 -20 20 -22 -23 23 -25 -26 -27 27 29 -30 -31
leaf_value=0.37960692037736754 -1.0284572568842594 -1.0002889442007716 5.4812790295252434 -4.5196924296292398 3.9228699756245464 -4.9849645725611991 -5.8570740222930908 7.4143860290790435 -1.0833631547301679 -0.85942211776010469 6.4188862876458606 -0.27807104786237086 9.4749281798090248 -0.0055130831003189088 -3.5959201685587567 3.8228519455079111 -0.18972650925318402 5.1880245457524836 -3.5541437489645826 3.7635623954591297 -2.1717335109357481 0.032828052303892401 12.556291284561159 -0.39563161790370943 -5.1300042808055881 -3.5833602607688486 10.040940971374512 -1.1785257551405166 -2.790480884282835 5.8042983341962104
leaf_weight=173 340 82 26 22 31 58 21 29 724 186 22 42 21 25 30 31 30 23 28 21 27 23074 20 20 25 34 25 36 63 32
leaf_count=173 340 82 26 22 31 58 21 29 724 186 22 42 21 25 30 31 30 23 28 21 27 23074 20 20 25 34 25 36 63 32
internal_value=-6.8192e-10 -0.453521 0.558769 -0.74894 -0.508605 -2.87627 0.184543 0.65912 -0.633266 0.228825 1.28307 2.9852 5.00075 3.00165 -0.0886001 0.364933 -2.52334 0.0311829 -0.168378 -1.12907 0.424958 0.0466111 1.1906 6.08033 0.368799 1.0142 1.88748 4.24015 -0.656695 2.10751
internal_weight=25321 1629 368 1261 1133 128 342 291 1102 378 192 110 68 47 262 232 51 23692 201 70 48 23352 278 40 238 213 179 93 86 68
internal_count=25321 1629 368 1261 1133 128 342 291 1102 378 192 110 68 47 262 232 51 23692 201 70 48 23352 278 40 238 213 179 93 86 68
is_linear=0
shrinkage=0.05


Tree=97
num_leaves=31
num_cat=0
split_feature=142 120 267 280 126 93 54 98 292 219 204 186 222 201 25 264 11 284 0 0 78 182 149 84 283 125 227 125 183 122
split_gain=140903 541660 226809 324701 188545 210563 507706 537235 578954 364251 321467 306114 367770 557195 486516 623048 302272 946195 399407 307478 256543 244173 344867 243906 461068 284589 530220 268820 322220 271334
threshold=3991.5000000000005 4764.5000000000009 909.25000000000011 502.25000000000006 3908.0000000000005 2238.2500000000005 216.72071075439456 2424.2500000000005 488.82228088378912 2654.7500000000005 1092.7500000000002 3461.932495117188 488.82228088378912 501.99871826171881 5235.9150390625009 594.14135742187511 4072.4924316406255 1939.0300292968752 2223.7500000000005 2684.2500000000005 2447.0000000000005 1145.2500000000002 1103.2500000000002 2722.5000000000005 387.75000000000006 3340.534301757813 -312.24999999999994 3133.0549316406255 2439.7500000000005 2831.7500000000005
decision_type=2 2 2 2 2 2 2 2 2 2 2 2 2 2 2 2 2 2 2 2 2 2 2 2 2 2 2 2 2 2
left_child=1 4 -2 -4 5 11 -7 8 10 23 -8 16 20 -14 21 -16 -1 -18 -19 -20 -13 22 -15 24 -9 27 -27 28 29 -25
right_child=2 -3 3 -5 -6 6 7 9 -10 -11 -12 12 13 14 15 -17 17 18 19 -21 -22 -23 -24 25 -26 26 -28 -29 -30 -31
leaf_value=-0.0132578718935703 -5.3509000971913343 6.1359501500924436 4.7112858945673164 -2.8512279295921328 -2.7779857404896475 8.310058897733688 -3.2520292526199706 0.30805026184428824 10.651717373041008 6.3330341339111333 4.9963291989432443 -2.3556434445340062 6.0375916250290409 -2.9146525081199939 9.5307281454404187 -0.93697707856243317 9.4234543636866981 -1.4814182856380942 8.8151912742853167 0.3383890608082647 -7.6134722808311723 -5.8704189083792953 4.2943101587749668 -0.97819398827850823 6.7822537566676289 8.454809155464174 -0.16277352679206666 -4.3961774114105436 3.4499481443729665 -7.2404836368560801
leaf_weight=23808 32 36 22 40 61 22 21 165 26 23 27 116 31 79 21 44 35 100 20 23 29 44 21 128 33 20 166 72 36 20
leaf_count=23808 32 36 22 40 61 22 21 165 26 23 27 116 31 79 21 44 35 100 20 23 29 44 21 128 33 20 166 72 36 20
internal_value=9.43321e-10 0.00719981 -1.93223 -0.167755 -0.00155867 0.00518076 0.825306 0.601881 4.64261 0.150879 1.38767 -0.0203609 -1.41906 -0.217883 -1.14573 2.4449 0.00208965 2.05486 0.251363 4.28109 -3.40721 -2.7665 -1.40077 -0.0712917 1.38708 -0.724591 0.763848 -1.80604 -0.792502 -1.82445
internal_weight=25321 25227 94 62 25191 25130 759 737 74 663 48 24371 385 240 209 65 23986 178 143 43 145 144 100 640 198 442 186 256 184 148
internal_count=25321 25227 94 62 25191 25130 759 737 74 663 48 24371 385 240 209 65 23986 178 143 43 145 144 100 640 198 442 186 256 184 148
is_linear=0
shrinkage=0.05


Tree=98
num_leaves=31
num_cat=0
split_feature=282 289 110 217 253 226 240 54 47 78 115 94 199 204 86 292 269 254 240 2 40 261 268 273 33 125 266 29 36 268
split_gain=138975 358088 355045 341154 943778 869011 553720 479031 560408 537016 519719 385625 373309 411483 351623 348981 327559 312989 393270 349477 503927 346556 333481 496990 757632 307704 306864 335301 416141 438638
threshold=-517.74999999999989 -518.99999999999989 744.84381103515636 -680.74999999999989 -528.74999999999989 -937.74999999999989 -597.74999999999989 529.70809936523449 432.85191345214849 3143.5000000000005 1592.7500000000002 533.75000000000011 -446.74999999999994 440.25000000000006 -164.74999999999997 679.19335937500011 1047.5000000000002 -666.24999999999989 -715.74999999999989 5103.7500000000009 480.24928283691412 -464.74999999999994 -529.74999999999989 -347.74999999999994 420.03863525390631 -1032.0490112304685 170.25000000000003 1777.2500000000002 2110.7500000000005 -351.74999999999994
decision_type=2 2 2 2 2 2 2 2 2 2 2 2 2 2 2 2 2 2 2 2 2 2 2 2 2 2 2 2 2 2
left_child=1 3 16 4 11 -6 -7 8 15 10 -9 14 -10 -14 -1 -5 -3 22 21 -20 -21 -19 -2 24 25 -24 27 -25 -29 -30
right_child=17 2 -4 7 5 6 -8 9 12 -11 -12 -13 13 -15 -16 -17 -18 18 19 20 -22 -23 23 26 -26 -27 -28 28 29 -31
leaf_value=0.045268919754028324 0.060423897191308668 -0.69163452765430933 -4.2006003327667711 -1.0261751989215395 2.3246570991782045 17.049816670417787 5.2841895914077766 -2.9084263509937696 -2.2680155617850168 -9.0867259577468591 4.7076354026794434 6.6384158825874326 10.004651948501325 2.6441864715922967 -5.8632985719612671 5.8153712117671965 5.7452525091171269 -2.0151669870598492 0.016629420435807507 0.23014580905437471 10.347468242645263 -0.27552336971184205 5.7348682252984302 0.82162643362589882 11.513076545574048 0.11736714243888856 -1.6561157870449517 9.9041108939958669 7.5757912969589229 -1.9217735563555072
leaf_weight=250 1637 1676 72 274 91 20 20 112 21 27 28 20 29 55 28 20 20 441 18376 32 20 816 38 915 27 68 114 23 20 31
leaf_count=250 1637 1676 72 274 91 20 20 112 21 27 28 20 29 55 28 20 20 441 18376 32 20 816 38 915 27 68 114 23 20 31
internal_value=1.53489e-09 -0.334701 -0.761718 0.424058 1.4875 5.02461 11.167 -0.381978 0.559078 -2.63037 -1.38521 -0.0674054 3.69464 5.1853 -0.549839 -0.560764 -0.615728 0.0409957 -0.0301559 0.0282123 4.12142 -0.885852 0.528507 1.14845 4.03578 2.13119 0.800296 1.08344 4.32075 1.80276
internal_weight=25321 2763 1768 995 429 131 40 566 399 167 140 298 105 84 278 294 1696 22558 19685 18428 52 1257 2873 1236 133 106 1103 989 74 51
internal_count=25321 2763 1768 995 429 131 40 566 399 167 140 298 105 84 278 294 1696 22558 19685 18428 52 1257 2873 1236 133 106 1103 989 74 51
is_linear=0
shrinkage=0.05


Tree=99
num_leaves=31
num_cat=0
split_feature=212 246 247 206 75 128 232 178 178 156 128 219 183 218 32 271 284 254 268 261 269 233 253 254 25 276 78 128 261 7
split_gain=139822 452827 527661 417380 478459 428104 752409 406196 387890 614341 421168 389485 541367 325931 325391 270847 362724 282496 511327 280893 364259 265761 277648 536606 434397 487686 878332 464748 438787 345061
threshold=-537.24999999999989 -874.74999999999989 -1766.4999999999998 -483.74999999999994 852.46588134765636 1421.2500000000002 199.75000000000003 -1049.7499999999998 772.25000000000011 1065.2500000000002 1296.0000000000002 -353.24999999999994 -29.749999999999996 101.25000000000001 1634.0124511718752 495.36746215820318 -2249.920043945312 -1168.7499999999998 -884.24999999999989 -875.24999999999989 -446.24999999999994 -1330.9999999999998 225.25000000000003 80.750000000000014 -1426.462463378906 25.750000000000004 472.25000000000006 -662.24999999999989 -29.749999999999996 -1717.2499999999998
decision_type=2 2 2 2 2 2 2 2 2 2 2 2 2 2 2 2 2 2 2 2 2 2 2 2 2 2 2 2 2 2
left_child=3 -2 -3 8 5 15 -7 -4 9 10 11 13 14 -1 -13 16 -5 18 -17 20 -18 -9 -23 24 25 26 27 28 -24 -26
right_child=1 2 7 4 -6 6 -8 21 -10 -11 -12 12 -14 -15 -16 17 19 -19 -20 -21 -22 22 23 -25 29 -27 -28 -29 -30 -31
leaf_value=0.031853597584315892 -4.2767738681286573 8.0534891104698172 -2.2478492601915212 5.7918062335566471 7.6993095106803455 0.12406278829420768 12.059796826735788 3.9266915077254887 -4.2493120282326107 8.7952243709564222 -5.0961484403908255 0.19462157205299097 8.2196427367627631 -2.6900516188570434 7.0283327674865719 -2.8096639442443849 1.3657443292438984 -1.8114951346408237 8.4966058921813978 0.58116666551917506 9.0185343244801413 -0.27916743004242522 2.372948650390871 -0.11854783415007071 5.1612712395818612 0.49078553688845467 10.718117992187802 -0.19976682980855309 9.582199169695377 0.35782710020620989
leaf_weight=6103 64 20 212 38 26 31 23 42 53 20 40 135 32 112 20 20 48 176 20 923 23 7668 62 6667 38 224 38 90 32 2321
leaf_count=6103 64 20 212 38 26 31 23 42 53 20 40 135 32 112 20 20 48 176 20 923 23 7668 62 6667 38 224 38 90 32 2321
internal_value=-3.43465e-10 -0.0787068 -0.063278 0.175397 0.983288 0.849174 5.2078 -0.0726109 0.0107185 0.0456584 0.0184942 0.0504508 2.29877 -0.0171976 1.07639 0.660579 0.997565 -0.949464 2.84347 0.814285 3.84482 -0.0457717 -0.0555059 0.125558 0.705755 2.13677 3.79758 2.36834 4.82716 0.435203
internal_weight=25321 17478 17414 7843 1328 1302 54 17394 6515 6462 6442 6402 187 6215 155 1248 1032 216 40 994 71 17182 17140 9472 2805 446 222 184 94 2359
internal_count=25321 17478 17414 7843 1328 1302 54 17394 6515 6462 6442 6402 187 6215 155 1248 1032 216 40 994 71 17182 17140 9472 2805 446 222 184 94 2359
is_linear=0
shrinkage=0.05


Tree=100
num_leaves=31
num_cat=0
split_feature=110 124 240 145 282 238 199 245 136 86 209 37 93 197 204 65 73 148 271 218 232 166 281 61 93 147 278 131 289 131
split_gain=134380 525149 899465 385089 435030 242917 488177 308007 274414 228729 289298 471138 748939 284650 375045 294807 289175 283543 250731 185713 306155 177985 315907 230952 207759 328307 247655 211938 200974 201976
threshold=744.84381103515636 700.57888793945324 -1331.4999999999998 700.57888793945324 -337.24999999999994 12.750000000000002 1452.2500000000002 560.25000000000011 -1558.9999999999998 3289.0000000000005 558.12185668945324 1414.2500000000002 537.75000000000011 -50.749999999999993 -258.74999999999994 -106.24999999999999 -483.24999999999994 -401.24999999999994 719.73504638671886 -349.74999999999994 -310.24999999999994 719.73504638671886 157.75000000000003 562.74551391601574 4543.5000000000009 4193.5000000000009 679.19335937500011 365.15492248535162 -313.24999999999994 619.95794677734386
decision_type=2 2 2 2 2 2 2 2 2 2 2 2 2 2 2 2 2 2 2 2 2 2 2 2 2 2 2 2 2 2
left_child=1 21 -3 4 -4 8 7 -7 -5 10 13 12 -12 14 15 16 19 -16 -13 20 -2 24 23 -23 25 -1 27 -26 -24 -30
right_child=9 2 3 5 -6 6 -8 -9 -10 -11 11 18 -14 -15 17 -17 -18 -19 -20 -21 -22 22 28 -25 26 -27 -28 -29 29 -31
leaf_value=0.0036911268199937087 -2.066676094221032 12.347004479453679 10.235425418356192 2.84169960975647 0.51062229560769123 1.5143785734971367 -3.416331743478775 9.915867612957955 -4.1510306880829182 -6.0536630797386168 -0.44910985670591663 -4.6454254132859845 10.023263877437962 -3.0017649489917506 0.00082014322280883796 -5.5816161605619614 5.376936525404453 8.4201847124099736 1.3024658120161778 -4.7436360191415856 5.3433326864242554 -1.6910293097297353 -3.8346409564668487 -8.702521116837211 -3.3144021857352488 -4.9129978811039647 6.257443908165242 3.708030670339411 -1.9920210422575473 4.4947624015808101
leaf_weight=24398 46 21 23 20 23 24 25 20 47 20 38 34 31 151 20 31 20 20 37 27 20 24 22 23 21 34 29 22 20 30
leaf_count=24398 46 21 23 20 23 24 25 20 47 20 38 34 31 151 20 31 20 20 37 27 20 24 22 23 21 34 29 22 20 30
internal_value=-2.03516e-09 0.0162647 2.54895 1.4184 5.37302 0.0808066 2.1631 5.33324 -2.06365 -0.815733 -0.595189 1.31358 4.25587 -1.39288 -0.0725538 -1.26229 -0.0773441 4.2105 -1.54582 -1.25031 0.178781 -0.00461552 -1.93363 -5.12218 0.00475246 -0.00315102 2.68667 0.27847 0.147783 1.90005
internal_weight=25321 24826 203 182 46 136 69 44 67 495 475 140 69 335 184 144 113 40 71 93 66 24623 119 47 24504 24432 72 43 72 50
internal_count=25321 24826 203 182 46 136 69 44 67 495 475 140 69 335 184 144 113 40 71 93 66 24623 119 47 24504 24432 72 43 72 50
is_linear=0
shrinkage=0.05


Tree=101
num_leaves=31
num_cat=0
split_feature=240 254 254 198 225 231 196 282 274 281 142 162 79 271 232 279 267 173 276 247 240 4 261 109 13 283 19 189 86 212
split_gain=132426 336211 319734 493631 835706 554566 443140 404248 401256 744020 352629 581652 339946 380848 333549 396978 330560 720948 320188 319805 319493 330268 311857 442046 562158 296594 296052 508077 374574 293359
threshold=105.75000000000001 -89.249999999999986 396.25000000000006 270.25000000000006 196.25000000000003 1065.2500000000002 329.25000000000006 -147.24999999999997 190.75000000000003 237.75000000000003 -829.74999999999989 73.250000000000014 -275.74999999999994 453.70436096191412 2285.2500000000005 1545.7882080078127 -243.24999999999997 381.38583374023443 -497.24999999999994 965.50000000000011 571.25000000000011 -2383.559936523437 -497.74999999999994 1390.8474731445315 538.58230590820324 25.250000000000004 319.19915771484381 1393.7500000000002 572.75000000000011 82.250000000000014
decision_type=2 2 2 2 2 2 2 2 2 2 2 2 2 2 2 2 2 2 2 2 2 2 2 2 2 2 2 2 2 2
left_child=1 -1 3 5 -5 18 -6 20 9 -9 11 -8 13 -10 15 16 17 -12 -2 -14 -4 -22 -18 -24 -25 -21 27 28 -26 -28
right_child=2 -3 7 4 6 -7 10 8 12 -11 14 -13 19 -15 -16 -17 22 -19 -20 25 21 -23 23 24 26 -27 29 -29 -30 -31
leaf_value=0.046843673006242675 5.4258133640289312 -0.46509741384281428 -2.3614930496881001 10.634522219679573 6.5980159551808333 6.3306813594066744 -0.34487051257380735 1.0762933278545028 2.4050158542349824 11.598521959213983 -2.5804878181219104 10.132955327400795 -0.79514615981615266 -0.9142987635452301 -4.6583918045307033 6.4515445780754099 -2.278992807346842 9.759251740883137 -0.26554053070759004 -4.4908007456706125 4.5226193105801942 -0.68619487575958704 0.1752642178686793 9.7713906378973103 8.2223660253343134 0.98905487251743041 6.081520791053773 8.8681876972317699 1.0742743076756598 0.52095703302397844
leaf_weight=13422 25 4214 319 22 33 33 27 84 266 21 20 26 1096 128 29 30 92 29 2148 26 32 621 1381 21 21 491 25 32 144 463
leaf_count=13422 25 4214 319 22 33 33 27 84 266 21 20 26 1096 128 29 30 92 29 2148 26 32 621 1381 21 21 491 25 32 144 463
internal_value=-7.60141e-12 -0.0754811 0.173219 0.437261 0.934305 -0.102368 0.844375 -0.220705 0.167645 3.18074 0.763234 4.79519 0.0100094 1.32666 0.669795 0.738226 0.661297 4.72262 -0.200062 -0.311603 -1.06453 -0.430939 0.569968 0.695557 1.7133 0.713472 1.46626 3.10227 1.98403 0.805822
internal_weight=25321 17636 7685 4601 2395 2206 2373 3084 2112 105 2340 53 2007 394 2287 2258 2228 49 2173 1613 972 653 2179 2087 706 517 685 197 165 488
internal_count=25321 17636 7685 4601 2395 2206 2373 3084 2112 105 2340 53 2007 394 2287 2258 2228 49 2173 1613 972 653 2179 2087 706 517 685 197 165 488
is_linear=0
shrinkage=0.05


Tree=102
num_leaves=31
num_cat=0
split_feature=282 281 75 18 239 268 281 280 32 273 281 93 112 106 149 89 178 182 175 86 71 22 219 265 207 87 177 194 137 207
split_gain=132860 299904 470084 446383 619588 501855 481960 303975 290996 284194 278949 410921 587272 316025 775534 482205 294791 509104 293792 285845 743207 345338 320733 314660 305820 301488 285120 279436 377758 423331
threshold=-404.24999999999994 487.75000000000006 341.39434814453131 5059.5200195312509 224.25000000000003 -466.24999999999994 442.25000000000006 315.25000000000006 4983.7775878906259 716.00000000000011 -182.74999999999997 595.25000000000011 879.00000000000011 -2366.9999999999995 -2321.7499999999995 359.68351745605474 373.25000000000006 400.75000000000006 392.75000000000006 1145.2500000000002 1184.2500000000002 1132.7500000000002 893.25000000000011 834.81924438476574 185.93000030517581 1007.7500000000001 1667.0000000000002 509.73971557617193 1597.0650024414065 1640.850036621094
decision_type=2 2 2 2 2 2 2 2 2 2 2 2 2 2 2 2 2 2 2 2 2 2 2 2 2 2 2 2 2 2
left_child=1 3 -3 6 -5 -6 7 9 -4 10 11 12 27 14 15 -12 18 -18 -15 20 22 -22 24 -24 -19 -23 -13 28 -1 -30
right_child=-2 2 8 4 5 -7 -8 -9 -10 -11 13 26 -14 16 -16 -17 17 19 -20 -21 21 25 23 -25 -26 -27 -28 -29 29 -31
leaf_value=0.59195345591653814 0.052971882807807763 4.3618275078860194 -2.3206091410205478 9.0346163841985891 -3.9481980491429569 5.2178191474505837 7.3111682619367331 -6.0148077011108398 -8.0573526433535996 4.370765125390256 6.4071619844436647 -2.2935913840353779 8.8781697545732765 -0.94273546387751905 8.2868544522453771 -2.3185303310030387 6.9987775692572969 0.91231274703933196 -4.1617145475503561 -1.3584434977141759 10.358514930890955 7.7107352542877194 8.0425606727600094 0.062512789865334831 -2.4467356168023953 -0.21454257329305013 3.5745246742082681 -1.2063087834841069 10.68691728591919 0.39940837264060974
leaf_weight=1044 20859 22 105 31 32 28 21 23 28 33 20 207 21 1683 34 76 26 121 74 279 23 20 21 30 154 30 23 213 20 20
leaf_count=1044 20859 22 105 31 32 28 21 23 28 33 20 207 21 1683 34 76 26 121 74 279 23 20 21 30 154 30 23 213 20 20
internal_value=-2.20799e-09 -0.247633 -2.40845 -0.16987 3.29483 0.329277 -0.244654 -0.282478 -3.52834 -0.250876 -0.287724 0.243323 0.58363 -0.605 1.7976 -0.500678 -0.731915 0.132597 -1.07831 -0.130708 0.727784 5.288 -0.293369 3.34841 -0.968754 2.95557 -1.70678 0.449331 0.774655 5.54316
internal_weight=25321 4462 155 4307 91 60 4216 4195 133 4172 4139 1548 1318 2591 130 96 2461 704 1757 678 399 73 326 51 275 50 230 1297 1084 40
internal_count=25321 4462 155 4307 91 60 4216 4195 133 4172 4139 1548 1318 2591 130 96 2461 704 1757 678 399 73 326 51 275 50 230 1297 1084 40
is_linear=0
shrinkage=0.05


Tree=103
num_leaves=31
num_cat=0
split_feature=65 15 79 281 110 18 127 134 121 77 79 128 5 23 79 146 84 165 276 274 211 289 285 274 267 231 212 274 197 188
split_gain=129853 484560 449237 487059 690344 731897 394021 355520 344048 334886 306721 353339 459331 286126 463511 579587 511205 650827 411326 1.08818e+06 980293 1.08108e+06 383001 343117 818402 397761 345072 319449 658627 433299
threshold=761.75000000000011 2059.7500000000005 680.25000000000011 165.25000000000003 269.58078002929693 3478.8100585937505 -144.74999999999997 -367.24999999999994 1795.7500000000002 637.75000000000011 583.50000000000011 237.75000000000003 367.67102050781256 1024.5000000000002 1223.2500000000002 1860.0493164062502 1119.7500000000002 -67.617500305175767 171.75000000000003 85.750000000000014 217.25000000000003 -231.24999999999997 505.92503356933599 382.75000000000006 256.25000000000006 2110.7500000000005 559.75000000000011 491.25000000000006 2303.7500000000005 924.33627319335949
decision_type=2 2 2 2 2 2 2 2 2 2 2 2 2 2 2 2 2 2 2 2 2 2 2 2 2 2 2 2 2 2
left_child=1 8 3 4 -2 9 7 -4 -1 -6 11 -11 -13 -8 15 16 -15 -18 19 -19 -21 -22 -20 25 26 -16 -25 28 29 -26
right_child=2 -3 6 -5 5 -7 13 -9 -10 10 -12 12 -14 14 23 -17 17 18 22 20 21 -23 -24 24 27 -27 -28 -29 -30 -31
leaf_value=-0.025337785723682806 10.966060895621778 -2.388943242507342 8.8624795774618796 0.12056866707850476 -2.0622679094660956 10.970765634016558 -0.63181881819052377 0.49876123710914899 -4.9178422570228584 1.9424991406401 -0.37357347780658356 2.2921642279624943 12.879824284144812 -0.37092769681233528 -0.47000181609484931 8.4363781999658656 9.6070194871337335 -0.37419825897735803 0.72760472010521993 13.741014302571614 11.640196231007577 1.01434442108399 -5.5974559274213069 9.1604318412574557 8.0222830390930167 -6.1037323169410236 1.7262703330428513 -0.15272851349642647 9.7178104981780056 0.30875233154872372
leaf_weight=19382 25 221 24 294 53 22 1270 27 36 75 62 20 21 384 1498 27 27 147 137 30 32 95 29 37 20 32 27 1040 24 203
leaf_count=19382 25 221 24 294 53 22 1270 27 36 75 62 20 21 384 1498 27 27 147 137 30 32 95 29 37 20 32 27 1040 24 203
internal_value=-1.23476e-09 -0.0609041 0.210506 1.53934 3.03976 2.25653 0.0617603 4.43463 -0.0344082 1.4266 2.46542 3.98282 7.71511 0.0176772 0.235376 1.22044 0.999298 2.05798 1.62431 2.71734 5.61197 3.69172 -0.377376 -0.0750867 0.505594 -0.587831 6.02414 0.231167 1.84757 1.00055
internal_weight=25321 19639 5682 572 278 253 5110 51 19418 231 178 116 41 5059 3789 908 881 497 470 304 157 127 166 2881 1351 1530 64 1287 247 223
internal_count=25321 19639 5682 572 278 253 5110 51 19418 231 178 116 41 5059 3789 908 881 497 470 304 157 127 166 2881 1351 1530 64 1287 247 223
is_linear=0
shrinkage=0.05


Tree=104
num_leaves=31
num_cat=0
split_feature=212 211 178 156 274 288 78 211 265 54 212 289 210 166 242 187 155 275 2 79 289 100 205 287 73 64 218 201 187 54
split_gain=128963 391194 416625 428048 384741 518276 1.25919e+06 360968 429975 349578 339284 361534 341928 600903 480618 320337 370023 380586 314609 337248 492005 353981 458337 352120 416381 838548 331709 401134 436403 418512
threshold=-459.74999999999994 -66.249999999999986 852.75000000000011 1146.7500000000002 -179.24999999999997 47.750000000000007 472.25000000000006 354.25000000000006 698.11703491210949 537.77215576171886 312.25000000000006 -88.749999999999986 792.00000000000011 443.70445251464849 1483.6049804687502 364.01029968261724 1207.2500000000002 -143.74999999999997 -3319.2499999999995 -1475.7499999999998 -317.24999999999994 -1717.9999999999998 60.750000000000007 -201.74999999999997 443.25000000000006 536.75000000000011 1057.7500000000002 581.48425292968761 569.17248535156261 486.04968261718756
decision_type=2 2 2 2 2 2 2 2 2 2 2 2 2 2 2 2 2 2 2 2 2 2 2 2 2 2 2 2 2 2
left_child=1 2 3 -1 -3 6 -6 8 9 -2 11 12 18 -14 -15 16 -13 -18 -9 20 -20 -22 -23 -21 -25 -26 27 28 29 -27
right_child=7 4 -4 -5 5 -7 -8 10 -10 -11 -12 15 13 14 -16 -17 17 -19 19 23 21 22 -24 24 25 26 -28 -29 -30 -31
leaf_value=0.064619584699091667 -0.3033397376881144 -1.3620859827597938 -4.1341312880233181 7.3886389160156263 1.4282304664180705 1.1019926405794642 13.596049731572471 -5.1865244220603595 5.0242273971841147 -1.9972525845407318 -0.10169631974580905 0.14402304250622247 0.68605476130901932 13.848532567024231 3.4495405139923094 -1.2212846790323195 9.3038128837295204 0.97600583679535813 8.1906933201683909 -0.84227069724012515 -1.2254854511406463 8.5844549147288003 -0.23067422406426791 0.13539268561046672 9.1249469892398736 1.7249180542318137 7.4560721792958011 -2.8392064060483659 8.1875127494335178 -2.7678476968355348
leaf_weight=7912 6738 120 59 20 73 540 30 22 37 319 6117 687 71 20 25 453 23 34 36 330 59 30 29 769 37 572 22 56 24 57
leaf_count=7912 6738 120 59 20 73 540 30 22 37 319 6117 687 71 20 25 453 23 34 36 330 59 30 29 769 37 572 22 56 24 57
internal_value=1.1718e-09 0.155232 0.0519496 0.0830866 1.23692 1.72196 4.97226 -0.0820243 -0.351724 -0.37991 0.119944 0.52393 0.910345 3.55103 8.07131 -0.173038 0.465209 4.33635 0.76041 0.825146 3.07406 1.51305 4.25159 0.639644 0.957817 1.78131 1.40961 1.22199 1.57027 1.31778
internal_weight=25321 8754 7991 7932 763 643 103 16567 7094 7057 9473 3356 2159 116 45 1197 744 57 2043 2021 154 118 59 1867 1537 768 731 709 653 629
internal_count=25321 8754 7991 7932 763 643 103 16567 7094 7057 9473 3356 2159 116 45 1197 744 57 2043 2021 154 118 59 1867 1537 768 731 709 653 629
is_linear=0
shrinkage=0.05


Tree=105
num_leaves=31
num_cat=0
split_feature=282 246 254 281 5 288 282 289 288 22 71 154 251 267 117 96 204 252 198 140 261 226 162 164 122 113 287 289 205 266
split_gain=126829 340264 393134 228743 205874 148621 198343 258235 158934 395384 240656 151509 731014 280150 246819 364126 279573 263138 211987 205968 488129 673375 264409 306616 374927 848449 459979 349558 317982 526946
threshold=835.00000000000011 2733.7500000000005 1364.7500000000002 1638.2500000000002 376.68766784667974 975.25000000000011 639.00000000000011 -120.74999999999999 1092.7500000000002 2240.7500000000005 1455.7500000000002 -2280.4999999999995 -2177.376098632812 759.25000000000011 444.04116821289068 439.23020935058599 -2566.2499999999995 -1542.2499999999998 -1206.2499999999998 -2376.4999999999995 -771.24999999999989 -1275.2499999999998 -1484.2499999999998 -1505.9999999999998 -1327.7499999999998 -1055.2499999999998 -254.74999999999997 -77.749999999999986 -1129.2499999999998 -183.24999999999997
decision_type=2 2 2 2 2 2 2 2 2 2 2 2 2 2 2 2 2 2 2 2 2 2 2 2 2 2 2 2 2 2
left_child=3 2 4 5 -2 6 11 -8 10 -10 -7 13 -13 14 15 16 17 -1 -18 20 21 -14 -21 24 25 26 -24 -26 29 -28
right_child=1 -3 -4 -5 -6 8 7 -9 9 -11 -12 12 19 -15 -16 -17 18 -19 -20 22 -22 -23 23 -25 27 -27 28 -29 -30 -31
leaf_value=-0.83993411915642879 6.6467631775140763 7.6265547704696663 -5.2966647494922992 -3.8830116836648241 -0.046260356020044399 0.58782289141700383 -6.761515802383423 0.02067845240235329 4.9596492254840481 -4.529609197119008 8.2514651918411257 7.950041257924048 0.43939348869025707 4.0862112422784174 -2.3665310947334066 6.0719572200016545 -2.2536933835837747 7.1736851835250866 2.2780961144355039 -0.97517333746394697 -0.81478366381488743 11.852804581324261 6.5553008529118131 0.0022442167835318555 -1.3270847949998599 10.425922049954535 -1.1422576133241045 4.1333729202682914 -3.1190337191025419 7.5224907934665683
leaf_weight=21 20 20 22 38 27 21 25 32 21 23 20 29 28 27 221 22 154 20 31 680 64 24 35 23363 141 32 47 37 48 28
leaf_count=21 20 20 22 38 27 21 25 32 21 23 20 29 28 27 221 22 154 20 31 680 64 24 35 23363 141 32 47 37 48 28
internal_value=-4.22896e-10 1.88417 0.219704 -0.00664595 2.80183 -0.000799249 -0.00786497 -2.95397 2.08641 -0.00064495 4.32618 -0.0011618 0.0163137 -0.866341 -1.15146 -0.068668 -0.666428 3.06915 -1.49431 0.00693313 2.10883 5.70712 -0.00305499 0.0248006 1.45682 3.00155 1.49788 -0.192046 0.0587806 2.09258
internal_weight=25321 89 69 25232 47 25194 25109 57 85 44 41 25052 24556 496 469 248 226 41 185 24527 116 52 24411 23731 368 190 158 178 123 75
internal_count=25321 89 69 25232 47 25194 25109 57 85 44 41 25052 24556 496 469 248 226 41 185 24527 116 52 24411 23731 368 190 158 178 123 75
is_linear=0
shrinkage=0.05


Tree=106
num_leaves=31
num_cat=0
split_feature=288 292 264 257 229 23 281 169 117 131 211 240 5 12 267 250 187 198 185 106 205 177 232 232 274 212 178 246 247 217
split_gain=125068 179148 599983 227729 376870 222523 228533 195352 177605 374879 176419 276110 250054 164308 168443 154891 140465 134672 419144 440142 330347 456862 244382 780142 280461 235475 358292 364756 369297 350370
threshold=19.250000000000004 581.48425292968761 661.46316528320324 453.70436096191412 451.13236999511724 1997.2500000000002 -37.249999999999993 1425.2500000000002 376.57412719726568 369.62077331542974 87.750000000000014 -192.24999999999997 254.91321563720706 344.12048339843756 -274.74999999999994 234.84770965576175 428.82519531250006 -1498.2499999999998 -334.74999999999994 1646.2500000000002 -1853.7499999999998 -897.74999999999989 371.25000000000006 210.75000000000003 905.75000000000011 -537.24999999999989 -1049.7499999999998 -840.74999999999989 -1570.2499999999998 -334.74999999999994
decision_type=2 2 2 2 2 2 2 2 2 2 2 2 2 2 2 2 2 2 2 2 2 2 2 2 2 2 2 2 2 2
left_child=1 3 -3 4 5 6 8 15 9 10 11 13 -13 -1 -15 -8 -10 18 19 22 21 -19 23 24 -2 29 -27 -28 -29 -22
right_child=17 2 -4 -5 -6 -7 7 -9 16 -11 -12 12 -14 14 -16 -17 -18 20 -20 -21 25 -23 -24 -25 -26 26 27 28 -30 -31
leaf_value=-0.24446877636642103 -0.50560369968800134 9.1821253770589841 -2.2438048504017019 -2.6369219712212555 5.7417405548095708 4.1333897434748144 -0.27307706944946503 2.9173258317510289 -2.5901925817131999 6.2785461715289523 -1.2647315136970037 8.7103709077835081 1.3903311150414606 6.4914088630676279 0.0021272599697113037 -1.6999861817330792 2.0946437025070188 9.9444292380660784 -6.0799324333667757 6.0292391671074768 0.19892245773930484 -0.74273241460323336 -3.5660131330207245 9.5235829067230231 5.1830925204537133 -2.2249167730410893 -3.8150387549211113 5.6341701647330975 -0.013232315349423918 1.5022903308999247
leaf_weight=214 1429 20 27 117 25 26 296 30 80 28 126 20 28 20 20 532 20 20 32 27 5070 20 59 20 22 186 63 29 16141 574
leaf_count=214 1429 20 27 117 25 26 296 30 80 28 126 20 28 20 20 532 20 20 32 27 5070 20 59 20 22 186 63 29 16141 574
internal_value=7.97505e-10 -0.423782 2.61829 -0.514159 -0.344628 -0.450294 -0.534577 -1.04627 0.255057 0.67354 0.306857 0.962553 4.44035 0.305332 3.24677 -1.18988 -1.65323 0.0291381 -0.415463 -0.299045 0.0611008 4.60085 -0.410721 -0.284166 -0.419352 0.0528703 -0.0428999 -0.0178981 -0.00310401 0.331476
internal_weight=25321 1629 47 1582 1465 1440 1414 858 556 456 428 302 48 254 40 828 100 23692 1589 1557 22103 40 1530 1471 1451 22063 16419 16233 16170 5644
internal_count=25321 1629 47 1582 1465 1440 1414 858 556 456 428 302 48 254 40 828 100 23692 1589 1557 22103 40 1530 1471 1451 22063 16419 16233 16170 5644
is_linear=0
shrinkage=0.05


Tree=107
num_leaves=31
num_cat=0
split_feature=110 124 289 247 255 73 275 106 155 197 227 262 12 73 266 159 269 275 194 260 276 248 191 183 58 280 227 289 46 20
split_gain=121866 463062 512876 227128 400191 341454 200399 367579 259941 419989 264884 529941 256018 310654 179777 519995 224668 317125 306385 325030 306203 335714 765472 375067 315873 294751 269466 256896 225112 222573
threshold=744.84381103515636 744.84381103515636 -209.74999999999997 -2128.2499999999995 -827.74999999999989 96.250000000000014 -413.24999999999994 -1908.7499999999998 -489.74999999999994 -169.74999999999997 530.75000000000011 441.75000000000006 904.46777343750011 470.75000000000006 -1784.4999999999998 332.63420104980474 -1272.9999999999998 -1069.4999999999998 661.46316528320324 533.25000000000011 -738.74999999999989 -632.74999999999989 -815.74999999999989 336.25000000000006 -211.74999999999997 -849.74999999999989 -2437.2499999999995 -1195.4999999999998 -629.80499267578114 5237.4047851562509
decision_type=2 2 2 2 2 2 2 2 2 2 2 2 2 2 2 2 2 2 2 2 2 2 2 2 2 2 2 2 2 2
left_child=1 14 -3 -2 5 -5 12 -8 -9 -10 -11 -12 -6 -14 15 -1 25 18 19 -18 21 24 -23 -24 28 27 -22 -16 -19 -28
right_child=3 2 -4 4 6 -7 7 8 9 10 11 -13 13 -15 16 -17 17 20 -20 -21 26 22 23 -25 -26 -27 29 -29 -30 -31
leaf_value=4.7866018342971799 -4.7206096910816786 9.1194018742133842 -1.2884269666671753 0.21836768609506116 -4.3877814036381393 8.8379824542999277 5.815061538115792 -3.9054434230867425 5.8345564912866665 -2.8439149501679957 7.2257107067108155 -1.2391583328515712 4.2759151861071585 -3.688076626777649 5.1836210179328921 -4.4164525796518186 -1.3848608946859442 0.11473012119531632 -5.7802700016949631 5.1968880629539491 4.523906694759023 12.414328109134328 -2.4133602595329289 5.70969401465522 -3.8605475050030336 5.9893061399459846 -0.0056970366853992312 -1.5408813624965902 4.9571603236926931 2.7979382165720765
leaf_weight=20 34 29 20 27 79 20 23 53 27 87 25 71 24 25 20 66 302 72 37 20 33 22 30 27 33 36 23903 49 36 71
leaf_count=20 34 29 20 27 79 20 23 53 27 87 25 71 24 25 20 66 302 72 37 20 33 22 30 27 33 36 23903 49 36 71
internal_value=1.37564e-09 0.0154889 4.87131 -0.776822 -0.485957 3.88629 -0.982323 -0.246389 -0.776477 0.0132141 -0.845673 0.965235 -2.62668 0.212654 0.00588582 -2.27621 0.0138345 0.00397797 -1.4712 -0.976057 0.0258374 1.88271 4.4921 1.4344 0.420711 2.32175 0.00882102 0.40825 1.72887 0.00260605
internal_weight=25321 24826 49 495 461 47 414 286 263 210 183 96 128 49 24777 86 24691 24586 359 322 24227 220 79 57 141 105 24007 69 108 23974
internal_count=25321 24826 49 495 461 47 414 286 263 210 183 96 128 49 24777 86 24691 24586 359 322 24227 220 79 57 141 105 24007 69 108 23974
is_linear=0
shrinkage=0.05


Tree=108
num_leaves=31
num_cat=0
split_feature=142 162 267 280 282 281 109 14 184 15 37 19 287 233 15 2 156 93 79 10 8 20 191 65 226 24 104 86 73 205
split_gain=124568 470902 194896 293236 148447 251157 265246 217065 777967 407079 612779 296898 248685 212097 211473 552554 347862 399075 304703 293424 395717 322413 345587 561634 342405 317177 344778 292067 494163 282930
threshold=3991.5000000000005 4275.2500000000009 909.25000000000011 502.25000000000006 367.25000000000006 832.75000000000011 5652.8601074218759 3166.2500000000005 1455.2500000000002 2222.2500000000005 1535.2500000000002 430.91644287109381 442.25000000000006 -684.24999999999989 3385.5000000000005 3194.7500000000005 -1402.2499999999998 815.50000000000011 1310.2500000000002 2235.7500000000005 2334.2500000000005 2418.218383789063 1808.0000000000002 2143.2500000000005 -412.24999999999994 662.75000000000011 1456.5278320312502 1315.2500000000002 2050.5000000000005 169.75000000000003
decision_type=2 2 2 2 2 2 2 2 2 2 2 2 2 2 2 2 2 2 2 2 2 2 2 2 2 2 2 2 2 2
left_child=1 4 -2 -4 5 6 14 9 -9 10 12 -10 -6 -7 15 19 -16 -18 -19 21 -21 22 27 25 -23 -24 -27 28 -1 -26
right_child=2 -3 3 -5 7 13 -8 8 11 -11 -12 -13 -14 -15 16 -17 17 18 -20 20 -22 24 23 -25 29 26 -28 -29 -30 -31
leaf_value=0.013480709538028757 -4.9858175352215772 7.4909570466904416 4.4554782737385148 -2.7312799906730656 4.0748642802238466 -4.4653270798259319 4.6248539286275063 11.713886804580689 3.9186773528223457 -2.7772623921015178 7.5920602487795286 -4.1151898197505785 0.10314490899896969 -0.83710130819429962 5.45812686920166 6.3881914096720083 -6.055932652950287 5.0355027221498041 -1.131616889102079 6.546223580042521 0.70406888054951144 -5.0666386166556947 -3.1158104809932414 10.203052687644959 1.8532303956017566 6.6700844133601471 0.36793616612752283 -0.76669528212677474 6.4352409601211553 -2.1850459726603053
leaf_weight=21039 32 21 22 40 44 45 31 20 23 83 33 23 378 384 20 34 40 21 433 30 857 61 32 20 67 34 60 1241 30 123
leaf_count=21039 32 21 22 40 44 45 31 20 23 83 33 23 378 384 20 34 40 21 433 30 857 61 32 20 67 34 60 1241 30 123
internal_value=4.24449e-10 0.00676961 -1.81677 -0.18114 0.000534268 -0.0184781 0.00280426 0.774944 3.48118 0.442952 1.03038 -0.0982562 0.517258 -1.21768 -0.00313077 0.0186955 -1.00646 -1.26818 -0.846354 0.00951673 0.901661 -0.025333 -0.005414 2.41928 -1.80741 1.18375 2.64744 -0.0212815 0.0226246 -0.761022
internal_weight=25321 25227 94 62 25206 24602 24173 604 66 538 455 46 422 429 24142 23628 514 494 454 23594 887 22707 22456 146 251 126 94 22310 21069 190
internal_count=25321 25227 94 62 25206 24602 24173 604 66 538 455 46 422 429 24142 23628 514 494 454 23594 887 22707 22456 146 251 126 94 22310 21069 190
is_linear=0
shrinkage=0.05


Tree=109
num_leaves=31
num_cat=0
split_feature=254 227 162 198 260 274 288 269 79 212 75 114 38 4 11 281 275 245 239 281 68 261 106 121 74 81 116 149 99 215
split_gain=123231 366379 341030 339773 325806 381894 481254 379800 596308 409465 464021 366294 705862 316026 576337 535271 287629 324410 277321 495760 483501 360795 267720 354747 262947 261948 315399 747931 260021 242689
threshold=-1081.7499999999998 -843.24999999999989 1572.7500000000002 1836.7500000000002 -722.99999999999989 136.25000000000003 109.25000000000001 -754.74999999999989 -2241.7499999999995 -1136.7499999999998 416.69160461425787 -987.74999999999989 119.75000000000001 -594.64752197265614 -1716.6400146484373 117.75000000000001 -921.74999999999989 -829.74999999999989 -697.74999999999989 160.25000000000003 495.52513122558599 -452.24999999999994 160.25000000000003 -247.74999999999997 4114.5500488281259 -6384.1874999999991 -5252.7648925781241 -722.24999999999989 391.25000000000006 581.48425292968761
decision_type=2 2 2 2 2 2 2 2 2 2 2 2 2 2 2 2 2 2 2 2 2 2 2 2 2 2 2 2 2 2
left_child=3 2 16 4 5 -1 -7 8 -6 -10 -11 12 13 14 -9 -16 17 -2 19 20 21 -3 -13 -24 28 -20 27 -27 -25 -15
right_child=1 18 -4 -5 7 6 -8 11 9 10 -12 22 -14 29 15 -17 -18 -19 25 -21 -22 -23 23 24 -26 26 -28 -29 -30 -31
leaf_value=-0.6725227524640065 -1.3213510007858278 1.1480727235260217 5.5907088052658809 -5.5961619273475982 10.896213285128276 9.2478585676713418 0.70869439105418597 0.80149158386623154 -1.6674985734246126 -0.82582070827484133 9.0063259323438007 -2.4244482807491137 10.301010339156441 0.29617392864633113 3.0588079543340778 12.686250627040863 -0.64193400980686999 -6.9435516711993088 -4.31454028402056 -2.2965405303856423 10.149484741120112 8.1828375498453791 5.6261861884593962 3.9095807576179507 4.0530317119189672 -0.21399727832703364 0.0043565115892842702 11.533812485337258 -2.3156176206011039 -5.3371738255023962
leaf_weight=631 75 138 21 23 24 22 66 170 41 20 30 115 23 94 42 22 1540 39 35 58 21 21 30 20 28 42 21782 20 104 24
leaf_count=631 75 138 21 23 24 22 66 170 41 20 30 115 23 94 42 22 1540 39 35 58 21 21 30 20 28 42 21782 20 104 24
internal_value=1.06274e-09 -0.0279626 -0.740939 0.435112 0.527224 -0.242191 2.84349 1.23016 3.88535 2.03633 5.07347 0.775772 1.81465 1.26014 2.32402 6.36824 -0.821329 -3.24474 0.0260337 1.72359 3.01896 2.07719 -0.535938 0.657351 -0.32334 0.00756767 0.0144929 3.57562 -1.31155 -0.849592
internal_weight=25321 23792 1675 1529 1506 719 88 787 115 91 50 672 375 352 234 64 1654 114 22117 238 180 159 297 182 152 21879 21844 62 124 118
internal_count=25321 23792 1675 1529 1506 719 88 787 115 91 50 672 375 352 234 64 1654 114 22117 238 180 159 297 182 152 21879 21844 62 124 118
is_linear=0
shrinkage=0.05


Tree=110
num_leaves=31
num_cat=0
split_feature=254 246 22 86 208 57 52 107 212 264 255 246 283 243 264 173 23 128 127 157 270 208 288 113 149 24 41 17 240 15
split_gain=122403 588400 417626 827416 540725 469173 786224 446708 473046 372293 352897 350120 343696 341813 491171 480536 415116 363630 481897 341024 437805 404792 339276 492226 406942 364896 332864 364147 307838 360513
threshold=603.25000000000011 990.25000000000011 1364.7500000000002 1287.2500000000002 472.63249206542974 -135.74999999999997 -441.74999999999994 1313.2500000000002 135.25000000000003 852.46588134765636 1055.2500000000002 1087.7500000000002 155.75000000000003 477.39038085937506 488.82228088378912 553.73107910156261 4386.2500000000009 2109.2500000000005 2121.2500000000005 431.75000000000006 962.93002319335949 355.02658081054693 143.25000000000003 2067.2500000000005 1389.0000000000002 2138.7500000000005 -373.47996520996088 230.25000000000003 854.25000000000011 185.25000000000003
decision_type=2 2 2 2 2 2 2 2 2 2 2 2 2 2 2 2 2 2 2 2 2 2 2 2 2 2 2 2 2 2
left_child=1 10 5 4 11 6 -3 -5 -9 22 -1 -4 -2 14 19 -15 17 18 -17 20 21 -14 -10 -24 -25 -26 -7 28 29 -28
right_child=12 2 3 7 -6 26 -8 8 9 -11 -12 -13 13 15 -16 16 -18 -19 -20 -21 -22 -23 23 24 25 -27 27 -29 -30 -31
leaf_value=-0.023301910391986546 -1.1095782804139915 1.1587715188628651 8.4518205126126613 -3.9415541686509785 10.940491401843536 -4.734044651720259 11.928439602851867 9.2511839944124219 -1.3667407028250775 -5.1119577771141422 6.461350286574592 0.97372792681058251 5.2050024892972866 -3.5118770761415363 7.5654831812931951 -0.83948752579179775 6.2007269510516423 -5.3635267749909437 6.899129104614258 -0.0049045450119085095 8.5675846509062321 -0.65509557687654729 -3.34471155166626 10.689448185761769 8.4038239555358896 1.5320050940794105 1.5798271532411929 -1.2389428329078398 -1.0092754669487476 10.436740960478783
leaf_weight=22508 883 111 24 38 39 45 20 20 59 21 21 45 46 128 26 103 27 31 25 559 26 82 25 21 25 85 27 199 32 20
leaf_count=22508 883 111 24 38 39 45 20 20 59 21 21 45 46 128 26 103 27 31 25 559 26 82 25 21 25 85 27 199 32 20
internal_value=-3.86879e-10 0.0316308 1.31831 2.49197 6.23464 0.279084 2.803 1.11712 1.86801 1.24232 -0.0172574 3.5748 -0.382069 0.227988 0.815197 -1.15401 0.468609 -0.504769 0.671961 0.569043 2.6524 1.45088 1.86297 3.08447 4.31141 3.09378 -0.744546 -0.0987636 2.77333 5.34873
internal_weight=25321 23385 856 402 108 454 131 294 256 236 22529 69 1936 1053 739 314 186 159 128 713 154 128 215 156 131 110 323 278 79 47
internal_count=25321 23385 856 402 108 454 131 294 256 236 22529 69 1936 1053 739 314 186 159 128 713 154 128 215 156 131 110 323 278 79 47
is_linear=0
shrinkage=0.05


Tree=111
num_leaves=31
num_cat=0
split_feature=5 282 1 217 42 157 176 267 36 101 114 86 31 194 284 222 92 133 289 29 74 219 282 33 247 288 131 278 79 127
split_gain=119171 133297 303627 543309 423800 412787 378759 629068 375911 286795 429747 335680 723565 295056 327705 386513 612377 326762 418678 454927 280469 327139 585566 501307 384484 491636 419081 475162 374266 565128
threshold=160.89533233642581 -517.74999999999989 -77.249999999999986 262.75000000000006 208.25000000000003 -635.24999999999989 640.25000000000011 -41.249999999999993 -174.24999999999997 -3962.2499999999995 -3154.9999999999995 -3787.7499999999995 -3110.7499999999995 441.30780029296881 -902.35751342773426 396.68646240234381 -883.24999999999989 -1384.2499999999998 -553.49999999999989 -508.74999999999994 580.22750854492199 -1819.4999999999998 -915.24999999999989 542.71502685546886 -1431.2499999999998 174.75000000000003 525.18084716796886 542.71502685546886 2513.7500000000005 2511.7500000000005
decision_type=2 2 2 2 2 2 2 2 2 2 2 2 2 2 2 2 2 2 2 2 2 2 2 2 2 2 2 2 2 2
left_child=-1 2 3 4 9 -5 -7 -8 -4 -2 11 -11 -13 14 -12 17 -17 -16 19 -19 -10 22 -22 24 -23 26 -26 -28 29 -25
right_child=1 -3 8 5 -6 6 7 -9 20 10 13 12 -14 -15 15 16 -18 18 -20 -21 21 23 -24 28 25 -27 27 -29 -30 -31
leaf_value=-0.64330630968830427 -4.005901401241621 0.059602370101449059 -3.7680228920266181 9.2887958208719894 6.6330664805744011 -1.0022536108891169 11.101944622786149 -0.59223689618317976 -1.7424274624386769 -0.56930557448288488 -0.52089777221006384 12.529849337494893 -0.15367334430867977 -1.6546244337954779 -4.4717501589230135 11.113573163986207 1.1380422019958496 9.7984672152365633 -0.12997409490149792 -0.23192855417728425 8.2766873359680186 5.501796285545125 -1.0981393284267849 -2.4516621878999749 -1.6635276839891007 2.133873562144224 7.6352324766772135 -1.1034958921160019 -6.4602987517481267 6.3023974339167275
leaf_weight=700 48 21864 101 24 23 51 23 23 379 29 540 23 22 298 28 25 40 26 127 20 31 34 36 151 336 189 28 35 46 21
leaf_count=700 48 21864 101 24 23 51 23 23 379 29 540 23 22 298 28 25 40 26 127 20 31 34 36 151 336 189 28 35 46 21
internal_value=-7.39774e-10 0.0182899 -0.309333 0.218625 -0.0912913 3.41768 1.96503 5.25485 -0.830821 -0.217442 -0.0630731 3.62562 6.32902 -0.310322 0.186702 1.62318 4.97478 0.539333 1.35037 5.43743 -0.600138 -0.12282 3.23947 -0.391003 0.332125 0.0331989 -0.961858 2.78038 -2.45424 -1.38285
internal_weight=25321 24621 2757 1370 1249 121 97 46 1387 1226 1178 74 45 1104 806 266 65 201 173 46 1286 907 67 840 622 588 399 63 218 172
internal_count=25321 24621 2757 1370 1249 121 97 46 1387 1226 1178 74 45 1104 806 266 65 201 173 46 1286 907 67 840 622 588 399 63 218 172
is_linear=0
shrinkage=0.05


Tree=112
num_leaves=31
num_cat=0
split_feature=240 254 46 240 267 254 206 260 288 219 191 142 247 271 271 287 185 178 203 184 278 248 10 184 247 0 16 22 205 107
split_gain=115382 315011 284639 353166 776992 338909 603558 625872 330363 308512 307876 290019 573742 234199 347294 286612 286681 402313 296199 479754 605031 265673 304991 263424 260074 230071 233274 508483 493845 1.26469e+06
threshold=105.75000000000001 104.75000000000001 -1316.065002441406 113.25000000000001 51.250000000000007 -192.74999999999997 341.25000000000006 175.25000000000003 87.750000000000014 -992.24999999999989 -403.74999999999994 -1240.7499999999998 198.25000000000003 575.74453735351574 553.73107910156261 -247.74999999999997 1105.5000000000002 1079.7500000000002 525.25000000000011 145.25000000000003 376.29512023925787 383.75000000000006 -404.24999999999994 250.25000000000003 154.25000000000003 -2062.7499999999995 1057.7500000000002 1198.0000000000002 -207.24999999999997 1221.7500000000002
decision_type=2 2 2 2 2 2 2 2 2 2 2 2 2 2 2 2 2 2 2 2 2 2 2 2 2 2 2 2 2 2
left_child=1 -1 5 4 -4 6 8 -8 -2 -5 -11 12 -12 14 15 -7 18 -18 19 21 23 -17 -23 -21 -20 -13 -27 -28 29 -29
right_child=2 -3 3 9 -6 13 7 -9 -10 10 11 25 -14 -15 -16 16 17 -19 24 20 -22 22 -24 -25 -26 26 27 28 -30 -31
leaf_value=-0.0082118876030447558 4.9345311903953553 -0.78786077159747947 11.313628525083715 4.489785806756271 0.54124738591057919 -3.6942188249693979 13.688538265228273 2.2597721185684203 -3.3078972616503317 -1.2626007146064018 10.1724486214774 5.0198084965996124 0.40689678447988797 -2.5602311571991003 7.0349411625753753 -0.81621545442315036 9.9578448146581664 1.4051954506473108 3.6212861785182251 7.5576174825429918 11.937443387508393 2.5744591656056319 -2.1675288262821382 1.1499365883476942 -1.6230419372571143 -0.24299278579803227 8.3365314984321603 -1.1530325439611548 0.20682848510417073 13.158061185249915
leaf_weight=16228 20 1408 22 38 70 36 23 25 31 469 21 23 53 54 22 215 20 44 27 20 20 176 42 81 190 3604 20 38 2255 26
leaf_count=16228 20 1408 22 38 70 36 23 25 31 469 21 23 53 54 22 215 20 44 27 20 20 176 42 81 190 3604 20 38 2255 26
internal_value=3.36127e-10 -0.0704565 0.161688 0.0409036 3.11725 0.928309 3.71188 7.73606 -0.0755724 -0.00232597 -0.0285512 0.0672715 3.1782 0.637313 0.830669 0.67396 0.862288 4.0779 0.595363 1.20872 3.99212 0.430906 1.66087 2.41878 -0.970522 0.0286847 0.00936854 0.398214 0.329751 4.66085
internal_weight=25321 17636 7685 6639 92 1046 99 48 51 6547 6509 6040 74 947 893 871 835 64 771 554 121 433 218 101 217 5966 5943 2339 2319 64
internal_count=25321 17636 7685 6639 92 1046 99 48 51 6547 6509 6040 74 947 893 871 835 64 771 554 121 433 218 101 217 5966 5943 2339 2319 64
is_linear=0
shrinkage=0.05


Tree=113
num_leaves=31
num_cat=0
split_feature=79 78 78 79 93 231 78 135 141 66 284 5 166 282 2 134 234 58 44 17 281 260 8 232 0 225 70 254 253 85
split_gain=115002 784868 543644 657877 550838 438415 751690 1.00134e+06 512629 426256 409357 404321 524165 350727 349456 347441 482907 325878 316513 499148 332216 773639 353343 338657 307603 299062 288376 258300 650525 414092
threshold=-216.74999999999997 -19.749999999999996 535.25000000000011 155.25000000000003 793.25000000000011 -547.24999999999989 336.75000000000006 -320.24999999999994 -1227.2499999999998 -265.24999999999994 1414.7874755859377 525.18084716796886 453.95198059082037 -454.74999999999994 -1937.7499999999998 1125.2500000000002 410.25000000000006 657.75000000000011 -568.74999999999989 -345.24999999999994 85.250000000000014 275.25000000000006 1404.7500000000002 -152.24999999999997 -1462.2499999999998 -387.74999999999994 -124.74999999999999 -261.74999999999994 -1.0000000180025095e-35 -1603.9999999999998
decision_type=2 2 2 2 2 2 2 2 2 2 2 2 2 2 2 2 2 2 2 2 2 2 2 2 2 2 2 2 2 2
left_child=1 10 -2 4 18 6 8 -8 -3 -5 15 12 25 -7 -15 27 -17 -16 -4 -20 21 22 23 -21 -11 -10 -26 28 -1 -30
right_child=2 5 3 9 -6 13 7 -9 11 24 -12 -13 -14 14 17 16 -18 -19 19 20 -22 -23 -24 -25 26 -27 -28 -29 29 -31
leaf_value=-0.014407165949561457 -0.61883103471457146 7.9772436102231339 -2.3901098567247394 -7.1055343281655086 8.5846245606740315 -1.8265059200058813 2.5856089574950083 17.23388837993145 -0.15524276903560086 -5.2057829720633375 -2.7849585919227819 -3.53596031665802 8.3067815953067363 5.7985902221579302 0.71680302360510251 0.55547252077805376 10.154095574617386 6.1088755591162318 7.9142660509456295 5.0114615067070272 0.12370409025936513 12.483844528198242 7.2188880917700864 -2.3195291438102723 5.6345814870751427 5.8393925838470464 0.028524583109630793 -0.28759035506705488 -0.70474025098805049 1.9676229681717334
leaf_weight=5194 3675 30 45 21 30 115 28 20 124 28 133 40 28 38 830 38 20 29 33 23 185 20 22 50 23 25 8726 4839 181 728
leaf_count=5194 3675 30 45 21 30 115 28 20 124 28 133 40 28 38 830 38 20 29 33 23 185 20 22 50 23 25 8726 4839 181 728
internal_value=-2.93545e-09 0.108429 -0.104717 0.100515 2.06328 1.26754 2.96366 8.68906 1.85103 0.00949338 -0.0276492 1.00408 2.03008 0.773125 1.10641 0.00568917 3.86534 0.89884 1.54572 2.07758 1.43555 3.54591 1.66424 -0.00976497 0.0265169 0.850569 0.0432622 -0.0147696 0.201547 1.4355
internal_weight=25321 12440 12881 9206 408 1307 295 48 247 8798 11133 217 177 1012 897 11000 58 859 378 333 300 115 95 73 8777 149 8749 10942 6103 909
internal_count=25321 12440 12881 9206 408 1307 295 48 247 8798 11133 217 177 1012 897 11000 58 859 378 333 300 115 95 73 8777 149 8749 10942 6103 909
is_linear=0
shrinkage=0.05


Tree=114
num_leaves=31
num_cat=0
split_feature=243 285 215 86 229 114 201 229 262 262 152 173 254 162 254 243 282 289 201 222 41 281 170 127 275 73 145 288 281 240
split_gain=117212 739836 377392 559223 848655 469370 370548 502917 473179 468910 368424 318519 381876 388169 508310 403385 337147 454873 475100 439954 426290 614765 649267 722978 882897 480373 440790 377811 473355 357171
threshold=470.06779479980474 679.19335937500011 475.07818603515631 986.25000000000011 461.59492492675787 -2244.7499999999995 458.88046264648443 458.77229309082037 -153.24999999999997 -344.74999999999994 495.52513122558599 553.73107910156261 571.75000000000011 2010.2500000000002 522.25000000000011 601.57815551757824 -454.74999999999994 -134.74999999999997 661.46316528320324 525.18084716796886 3314.729125976563 133.75000000000003 269.25000000000006 175.25000000000003 -314.74999999999994 -1610.7499999999998 594.14135742187511 63.750000000000007 225.75000000000003 -635.74999999999989
decision_type=2 2 2 2 2 2 2 2 2 2 2 2 2 2 2 2 2 2 2 2 2 2 2 2 2 2 2 2 2 2
left_child=1 2 6 5 -5 -4 7 -1 9 -9 -6 12 13 14 15 -2 27 18 19 -18 21 22 23 24 -21 -23 -22 -13 29 -29
right_child=11 -3 3 4 10 -7 -8 8 -10 -11 -12 16 -14 -15 -16 -17 17 -19 -20 20 26 25 -24 -25 -26 -27 -28 28 -30 -31
leaf_value=0.020400974590412093 -0.51463340614596298 9.2139651818708952 6.8400005153247294 13.834280095781601 -0.70329557359218597 0.10506748659207542 -1.2531645640520241 3.125245591565486 0.2126753023289063 11.484437914516615 7.0342063932418828 -2.7720982524465367 -2.3804296952226891 1.4262209558954426 6.7289507181748114 -3.1233116076036467 -1.0577168950012752 -0.51712020474911646 -0.088524147733075098 2.7238238390101945 12.128902605175973 5.0574893716362217 13.385640878975392 -2.1944233249215519 15.23134124392555 0.1030654365293168 2.2096972737993514 2.1930357881895333 -2.7043038631715475 -0.81683961460878562
leaf_weight=19647 1631 22 28 21 40 340 566 62 92 23 25 166 276 255 23 163 84 523 353 43 24 62 21 34 21 232 21 215 126 182
leaf_count=19647 1631 22 28 21 40 340 566 62 92 23 25 166 276 255 23 163 84 523 353 43 24 62 21 34 21 232 21 215 126 182
internal_value=1.67727e-09 0.0497074 0.0400348 1.46583 5.09585 0.617508 0.00828839 0.0443044 2.69759 5.38714 2.27267 -0.232816 -0.633311 -0.400586 -0.656963 -0.751654 0.213488 0.654367 1.33893 2.26863 2.8787 2.37517 5.40732 3.69768 6.82785 1.14788 7.49994 -0.693865 -0.034234 0.813194
internal_weight=25321 20866 20844 454 86 368 20390 19824 177 85 65 4455 2348 2072 1817 1794 2107 1418 895 542 458 413 119 98 64 294 45 689 523 397
internal_count=25321 20866 20844 454 86 368 20390 19824 177 85 65 4455 2348 2072 1817 1794 2107 1418 895 542 458 413 119 98 64 294 45 689 523 397
is_linear=0
shrinkage=0.05


Tree=115
num_leaves=31
num_cat=0
split_feature=260 254 184 163 211 254 253 260 159 180 215 60 268 19 242 17 128 240 253 65 12 267 288 288 253 8 16 259 149 121
split_gain=117669 549814 340684 405371 333556 699464 332611 790474 523429 813696 973262 465965 454511 414060 347158 512223 548248 327483 306433 301368 300163 297306 362807 523356 392874 286984 481324 333964 283934 283431
threshold=-184.74999999999997 -459.74999999999994 -2122.4999999999995 -2616.9999999999995 -1220.7499999999998 -339.74999999999994 -150.74999999999997 32.250000000000007 355.09953308105474 418.14874267578131 393.93014526367193 -2177.910034179687 -259.74999999999994 502.09635925292974 -812.29501342773426 -705.74999999999989 -53.749999999999993 -347.74999999999994 -73.249999999999986 -3578.9999999999995 381.62083435058599 -186.24999999999997 172.75000000000003 287.25000000000006 337.75000000000006 1498.2500000000002 1500.2500000000002 78.250000000000014 -76.249999999999986 1647.0000000000002
decision_type=2 2 2 2 2 2 2 2 2 2 2 2 2 2 2 2 2 2 2 2 2 2 2 2 2 2 2 2 2 2
left_child=29 6 -3 -4 5 -5 19 8 -8 10 20 -11 13 28 15 18 -17 -6 -9 -2 -10 22 -19 24 -24 -16 -27 -28 -13 -1
right_child=1 2 3 4 17 -7 7 14 9 11 -12 12 -14 -15 25 16 -18 21 -20 -21 -22 -23 23 -25 -26 26 27 -29 -30 -31
leaf_value=-0.15703141492482883 5.3550766514880319 -2.4902804862522911 5.5997940337285401 11.322239649295808 -0.53832951557417752 0.084265412489573172 0.83721096360750791 5.1477312937378885 0.89970647457874176 -2.9739054543130541 14.491878986689779 2.1099824134792602 10.330537005833218 5.2979338426438591 -1.4483731257812731 12.864945826530457 1.4267717372287405 0.59120617950834875 -0.26496482545679267 0.11240062805787557 7.6435402740131728 0.018045204774983125 3.9453423435037784 -2.195750524997711 12.826360028982164 6.5777055920073479 -1.7021169238038116 4.6301322502118571 -4.7074479987223947 -2.76868187245333
leaf_weight=5209 28 141 32 20 2830 45 177 32 33 34 36 42 21 63 290 20 22 205 143 1304 33 14207 33 20 20 33 91 27 24 106
leaf_count=5209 28 141 32 20 2830 45 177 32 33 34 36 42 21 63 290 20 22 205 143 1304 33 14207 33 20 20 33 91 27 24 106
internal_value=-4.87761e-10 0.0555562 -0.0424314 -0.022609 -0.032961 3.5421 0.756728 1.39138 2.97421 4.29676 7.87877 2.31108 3.50901 2.39853 0.277633 1.91486 6.87352 -0.0463817 0.724785 0.222607 4.27162 0.0497324 1.66909 4.69601 7.29667 -0.527989 1.23964 -0.253212 -0.369083 -0.209117
internal_weight=25321 20006 17553 17412 17380 65 2453 1121 463 286 102 184 150 129 658 217 42 17315 175 1332 66 14485 278 73 53 441 151 118 66 5315
internal_count=25321 20006 17553 17412 17380 65 2453 1121 463 286 102 184 150 129 658 217 42 17315 175 1332 66 14485 278 73 53 441 151 118 66 5315
is_linear=0
shrinkage=0.05


Tree=116
num_leaves=31
num_cat=0
split_feature=231 217 283 196 82 52 212 62 262 254 122 255 271 261 177 196 33 247 288 288 254 148 113 40 272 92 138 87 143 143
split_gain=112304 376788 695195 465866 1.13717e+06 586825 346217 321307 310729 328830 305359 414396 549369 500299 424619 367419 313843 293707 526693 272913 258173 354674 537846 406822 281800 535702 455712 268047 266615 331958
threshold=-793.24999999999989 -777.24999999999989 -106.74999999999999 -505.74999999999994 420.00468444824224 -2697.7499999999995 -837.24999999999989 3832.134887695313 478.25000000000006 -202.24999999999997 -1282.7499999999998 -250.74999999999997 338.18482971191412 -289.74999999999994 -2009.7499999999998 -592.24999999999989 441.64888000488287 -1766.4999999999998 192.75000000000003 107.75000000000001 -1139.2499999999998 -2205.2499999999995 -2301.7499999999995 517.10519409179699 -1841.871643066406 -2458.7499999999995 364.08897399902349 -2863.9999999999995 -1201.2499999999998 -1401.7499999999998
decision_type=2 2 2 2 2 2 2 2 2 2 2 2 2 2 2 2 2 2 2 2 2 2 2 2 2 2 2 2 2 2
left_child=7 2 3 5 -5 -2 -4 8 9 10 11 15 -13 14 -14 20 -17 18 -3 -12 21 24 23 -23 25 26 -1 -22 29 -24
right_child=1 17 6 4 -6 -7 -8 -9 -10 -11 19 12 13 -15 -16 16 -18 -19 -20 -21 27 22 28 -25 -26 -27 -28 -29 -30 -31
leaf_value=3.5686049756194862 7.8365027056799992 10.050504878759384 -0.20125537925044595 -0.52109697912678576 12.328806863890755 1.1510370763659636 6.3050239787215281 5.6016280474870106 3.7029425259778637 -2.8837225017115831 -1.4085294496163632 8.959896464183414 0.73329314311345417 -1.8071095605050365 9.5563795537948604 8.9613667178154 1.0678859626545625 -0.020252593374967681 -1.043897172679072 -0.087972946016667178 -3.9705178868770603 9.9756155220667537 0.46946586356343822 1.2418182920664549 -5.1222935858525735 7.2771857643127449 -4.0792561626061801 -0.56454241537634353 -3.5061952338499185 5.727263926033463
leaf_weight=28 36 20 776 33 36 372 21 23 47 127 785 29 30 62 25 20 34 20974 23 780 65 30 211 24 38 20 64 519 34 35
leaf_count=28 36 20 776 33 36 372 21 23 47 127 785 29 30 62 25 20 34 20974 23 780 65 30 211 24 38 20 64 519 34 35
internal_value=-8.19362e-10 0.0388226 0.873761 2.38352 6.1832 1.74093 -0.0298227 -0.285609 -0.330639 -0.394686 -0.283105 0.293594 2.79935 1.27237 4.74379 -0.0324667 3.9914 -0.0117894 4.11629 -0.750361 -0.23592 0.618013 1.52507 6.09393 -1.4017 -0.139355 -1.75165 -0.943632 0.643932 1.21753
internal_weight=25321 22291 1274 477 69 408 797 3030 3007 2960 2833 1268 146 117 55 1122 54 21017 43 1565 1068 484 334 54 150 112 92 584 280 246
internal_count=25321 22291 1274 477 69 408 797 3030 3007 2960 2833 1268 146 117 55 1122 54 21017 43 1565 1068 484 334 54 150 112 92 584 280 246
is_linear=0
shrinkage=0.05


Tree=117
num_leaves=31
num_cat=0
split_feature=78 79 58 280 61 258 286 257 117 13 48 152 287 79 124 183 247 247 58 173 118 4 247 255 5 51 15 10 138 233
split_gain=111723 747023 589771 439945 428742 398962 462731 373030 461458 333936 427221 362871 315667 279392 320130 293251 304749 603943 408142 532443 449795 289077 272345 265602 308940 264624 284522 364655 261083 256804
threshold=-1371.9999999999998 -1579.7499999999998 -2279.7499999999995 702.75000000000011 661.46316528320324 -138.23148345947263 5.2742259502410898 393.86494445800787 601.57815551757824 400.63757324218756 570.19256591796886 260.52687072753912 46.250000000000007 -2241.7499999999995 382.62342834472662 802.25000000000011 -1087.7499999999998 -1109.2499999999998 -2530.4999999999995 410.86657714843756 -2000.7398681640623 -1501.4149780273435 -288.74999999999994 -997.24999999999989 423.44015502929693 -2119.2499999999995 -36.749999999999993 -614.74999999999989 275.47753906250006 -490.24999999999994
decision_type=2 2 2 2 2 2 2 2 2 2 2 2 2 2 2 2 2 2 2 2 2 2 2 2 2 2 2 2 2 2
left_child=3 2 7 13 5 9 -7 -2 -9 11 -11 -4 -8 15 -15 16 17 18 21 -20 -21 -1 -16 -18 28 -13 27 -27 -25 -30
right_child=1 -3 4 -5 -6 6 12 8 -10 10 -12 25 -14 14 22 -17 23 -19 19 20 -22 -23 -24 24 -26 26 -28 -29 29 -31
leaf_value=0.62145925348409936 -0.016363201970639434 -0.015590569080416637 6.6063184519608811 6.4386091043551765 -2.7264204404570842 10.669820312658947 -1.9001707037289937 11.057551786061881 2.5498337711606709 10.328202563240415 0.24260993571508502 -3.2097872113188113 6.1278283843994146 -0.34338884012842619 -1.0932875890942182 6.1627917799353602 5.2249060773849489 9.0298089094783958 -0.85062097515378687 12.985740966796875 3.1681696270193376 -3.1908918048514696 -3.7426949158106768 -2.531635167827345 -1.6826330967426302 0.59915325557599297 -3.4978975777824726 5.7933298766613008 -0.25439974801420706 2.3135253903957511
leaf_weight=269 23 21858 24 24 66 24 24 37 28 21 21 48 25 945 289 20 20 23 35 20 28 61 146 73 375 305 36 38 259 156
leaf_count=269 23 21858 24 24 66 24 24 37 28 21 21 48 25 945 289 20 20 23 35 20 28 61 146 73 375 305 36 38 259 156
internal_value=-1.49868e-09 0.0366076 1.62126 -0.301322 1.08727 1.53198 4.98174 5.45623 7.39269 1.02116 5.28541 0.624048 2.19575 -0.360814 -0.86007 0.153729 0.0626136 1.14419 0.705036 3.83918 7.25882 -0.0832481 -1.98251 -0.471436 -0.603449 0.287808 0.730776 1.1746 0.225842 0.710893
internal_weight=25321 22578 720 2743 632 566 73 88 65 493 42 451 49 2719 1380 1339 1319 436 413 83 48 330 435 883 863 427 379 343 488 415
internal_count=25321 22578 720 2743 632 566 73 88 65 493 42 451 49 2719 1380 1339 1319 436 413 83 48 330 435 883 863 427 379 343 488 415
is_linear=0
shrinkage=0.05


Tree=118
num_leaves=31
num_cat=0
split_feature=243 285 215 86 229 114 216 201 229 266 262 89 287 288 173 262 162 13 217 253 203 234 157 282 289 201 222 292 288 281
split_gain=111883 651230 331263 507790 762283 412655 362591 332843 445276 428899 359490 318309 309591 294181 280502 350641 416135 377993 379462 467010 357735 386496 310074 309004 405332 430240 392532 401478 331054 413625
threshold=470.06779479980474 679.19335937500011 475.07818603515631 986.25000000000011 461.59492492675787 -2244.7499999999995 1312.6312255859377 458.88046264648443 458.77229309082037 -217.74999999999997 -357.24999999999994 416.68373107910162 149.75000000000003 29.750000000000004 553.73107910156261 988.50000000000011 2010.2500000000002 1781.134704589844 1332.7500000000002 273.25000000000006 972.75000000000011 1455.7500000000002 1607.2500000000002 -454.74999999999994 -134.74999999999997 661.46316528320324 525.18084716796886 472.62278747558599 63.750000000000007 225.75000000000003
decision_type=2 2 2 2 2 2 2 2 2 2 2 2 2 2 2 2 2 2 2 2 2 2 2 2 2 2 2 2 2 2
left_child=1 2 7 5 -5 -4 -6 8 -1 10 11 -10 -11 -7 15 16 20 18 19 -18 -2 22 -22 28 25 26 -25 -28 -16 -30
right_child=14 -3 3 4 6 13 -8 -9 9 12 -12 -13 -14 -15 23 -17 17 -19 -20 -21 21 -23 -24 24 -26 -27 27 -29 29 -31
leaf_value=0.021388846306173867 -0.45199341759871808 8.6465492595325824 6.4013905635901871 13.116197648502533 -0.33089923633469476 5.9694414809346199 7.7603201580047614 -1.1858061316999025 6.7091428864386771 -1.4467358735629492 10.887181836082823 -0.71670454608069534 4.7741030777405413 -0.28123399218078704 -2.6226827727024813 -3.0206695943859452 2.4808031624013727 0.33650682342371774 -0.37342987656593324 13.037577901482582 -3.9447864314660119 3.6912280981955323 1.0072735329011555 -0.99759831915033004 -0.49241623163907067 -0.09874263420996518 8.4143631259942886 2.3357284156036822 0.73233007395485195 -2.5557581755850052
leaf_weight=19647 1668 22 28 21 45 20 20 566 31 70 21 27 28 320 166 141 22 224 24 20 188 23 38 84 523 353 29 429 397 126
leaf_count=19647 1668 22 28 21 45 20 20 566 31 70 21 27 28 320 166 141 22 224 24 20 188 23 38 84 523 353 29 429 397 126
internal_value=-2.28917e-09 0.0485642 0.0394893 1.37531 4.83437 0.566937 2.15871 0.0097463 0.0438808 2.54049 5.28181 3.25228 0.330647 0.0864528 -0.227461 -0.603297 -0.448856 1.31636 4.64192 7.50784 -0.715895 -2.48372 -3.11214 0.191362 0.613439 1.25965 2.14436 2.72062 -0.677294 -0.0598289
internal_weight=25321 20866 20844 454 86 368 65 20390 19824 177 79 58 98 340 4455 2348 2207 290 66 42 1917 249 226 2107 1418 895 542 458 689 523
internal_count=25321 20866 20844 454 86 368 65 20390 19824 177 79 58 98 340 4455 2348 2207 290 66 42 1917 249 226 2107 1418 895 542 458 689 523
is_linear=0
shrinkage=0.05


Tree=119
num_leaves=31
num_cat=0
split_feature=282 281 45 274 132 192 121 213 18 213 96 43 73 282 283 194 127 155 100 289 86 70 282 274 78 28 190 178 274 95
split_gain=111226 364330 302201 485076 318725 326391 286630 454859 275046 579668 564373 439176 587640 290132 270474 400654 239628 223995 221953 217594 277694 435446 394659 356824 449873 856188 349806 645384 434394 503086
threshold=52.250000000000007 713.00000000000011 -3012.9999999999995 566.75000000000011 -2027.576232910156 -1278.4999999999998 -1709.7499999999998 72.750000000000014 5059.5200195312509 -722.24999999999989 679.19335937500011 2100.2500000000005 4319.7500000000009 -501.74999999999994 607.75000000000011 562.74551391601574 1938.2500000000002 1149.7500000000002 -1696.2499999999998 -125.74999999999999 1459.7500000000002 1419.2500000000002 -14.749999999999998 782.75000000000011 2264.2500000000005 2739.2500000000005 441.75000000000006 384.25000000000006 -252.24999999999997 3122.289916992188
decision_type=2 2 2 2 2 2 2 2 2 2 2 2 2 2 2 2 2 2 2 2 2 2 2 2 2 2 2 2 2 2
left_child=1 8 3 -2 -4 -6 7 18 19 -10 11 -11 16 -12 15 -3 -13 -17 -7 20 21 -1 26 -22 -25 -26 27 28 -23 -30
right_child=2 14 4 -5 5 6 -8 -9 9 10 13 12 -14 -15 -16 17 -18 -19 -20 -21 23 22 -24 24 25 -27 -28 -29 29 -31
leaf_value=0.11007186103008269 -1.28138325214386 -0.90667535612980521 -3.3004893749486657 9.3656894600909695 3.5013272619561144 -2.379716231905181 0.12873910055829324 8.59678420997583 9.8642607681453232 8.2344892829656597 -8.5998147988319413 -3.9347891201291767 7.8392349756681003 -0.18518726825714113 3.9337187176658994 -1.7449870504831013 1.1444327236949534 -6.7185506297009328 4.4670386469364169 -0.21790948947672512 -0.93722891414369747 -3.1640923682381126 8.4588788574934011 -2.865582112165598 13.032021429425194 0.11730449416420677 0.29551392590082609 10.650809967517853 1.6908865060258127 9.4111997365951545
leaf_weight=10064 20 264 64 23 76 29 3658 26 20 26 20 35 26 21 21 38 69 56 20 9161 963 34 20 26 21 33 325 24 112 26
leaf_count=10064 20 264 64 23 76 29 3658 26 20 26 20 35 26 21 21 38 69 56 20 9161 963 34 20 26 21 33 325 24 112 26
internal_value=-1.69667e-09 -0.0448225 0.245001 4.41356 0.19872 0.257515 0.191474 3.25127 -0.0171275 1.75376 0.930355 2.30234 1.11591 -4.28988 -1.58127 -1.90478 -0.564921 -4.70796 0.414878 -0.0355946 0.107794 0.184356 1.56623 -0.670674 2.53798 5.13969 1.30164 2.96995 1.89821 3.14544
internal_weight=25321 21405 3916 43 3873 3809 3733 75 21026 217 197 156 130 41 379 358 104 94 49 20809 11648 10605 541 1043 80 54 521 196 172 138
internal_count=25321 21405 3916 43 3873 3809 3733 75 21026 217 197 156 130 41 379 358 104 94 49 20809 11648 10605 541 1043 80 54 521 196 172 138
is_linear=0
shrinkage=0.05


Tree=120
num_leaves=31
num_cat=0
split_feature=282 281 75 18 239 243 142 289 183 280 103 33 79 241 255 231 260 198 178 199 234 176 254 275 198 239 121 66 292 190
split_gain=110644 327406 400973 325523 607003 278303 304906 264111 691966 787775 556928 677602 465187 379676 296840 278687 272107 303104 464093 357138 381832 350364 304700 262777 244499 335981 220252 484536 319584 245229
threshold=-269.24999999999994 566.75000000000011 333.72714233398443 5059.5200195312509 224.25000000000003 852.46588134765636 1794.5000000000002 -317.24999999999994 -764.74999999999989 232.25000000000003 389.16236877441412 405.36363220214849 -1310.7499999999998 110.25000000000001 647.75000000000011 2709.2500000000005 1957.7500000000002 590.25000000000011 1470.5000000000002 7.7500000000000009 195.75000000000003 1364.2500000000002 384.25000000000006 516.75000000000011 1218.2500000000002 1330.2500000000002 1204.5000000000002 2848.2500000000005 904.46777343750011 2007.7500000000002
decision_type=2 2 2 2 2 2 2 2 2 2 2 2 2 2 2 2 2 2 2 2 2 2 2 2 2 2 2 2 2 2
left_child=1 3 -3 26 -5 6 -6 8 -2 10 -10 -12 -13 -14 -15 16 17 19 21 20 -11 22 -19 -20 25 -4 27 29 -28 -1
right_child=7 2 24 4 5 -7 -8 -9 9 15 11 12 13 14 -16 -17 -18 18 23 -21 -22 -23 -24 -25 -26 -27 28 -29 -30 -31
leaf_value=-0.099460613537864423 -3.1969363380014229 2.6998197323746154 -3.04192207623454 7.7024116001631091 -1.5252625364245791 -4.7408749190243809 5.4394866593678799 0.027565442806393028 1.2701460864101903 -1.7392829023640264 11.479088242394583 10.644360065460205 -1.1047505115685257 7.8425775123967076 0.90723295874065824 5.2000421435936639 -5.2089632953916283 6.8428024756908421 -3.2761578246658924 -3.6510099120192478 5.9033314276200075 9.518993480827497 -1.1245820893843967 2.5610451267611598 -6.0080143143148987 4.0399258556962012 -1.1544787299532426 7.1897969240727635 4.8339329761007557 4.5082890346132478
leaf_weight=6740 89 36 103 38 33 22 30 16664 178 44 35 20 46 36 27 23 28 20 51 91 26 23 30 31 51 20 711 23 23 29
leaf_count=6740 89 36 103 38 33 22 30 16664 178 44 35 20 46 36 27 23 28 20 51 91 26 23 30 31 51 20 711 23 23 29
internal_value=6.22505e-10 -0.155796 -2.1035 -0.102323 2.44913 0.100608 1.79128 0.0701182 0.958714 1.48037 3.20687 5.30893 3.63486 2.34871 4.87029 -0.128528 -0.484799 -0.0662024 1.51202 -1.58561 1.0994 4.41172 2.06237 -1.06941 -3.09729 -1.8904 -0.144022 -0.0551029 -0.966831 -0.0797199
internal_weight=25321 7859 210 7649 123 85 63 17462 798 709 342 164 129 109 63 367 344 316 155 161 70 73 50 82 174 123 7526 6792 734 6769
internal_count=25321 7859 210 7649 123 85 63 17462 798 709 342 164 129 109 63 367 344 316 155 161 70 73 50 82 174 123 7526 6792 734 6769
is_linear=0
shrinkage=0.05


Tree=121
num_leaves=31
num_cat=0
split_feature=260 254 269 5 95 60 261 267 117 267 267 103 244 231 246 64 87 212 79 248 238 269 18 12 254 275 273 247 253 285
split_gain=108511 477561 305998 493436 568720 1.5671e+06 509475 364943 607232 409530 383971 395559 498373 348888 481886 335156 316764 323602 307531 316046 291271 359217 339166 338850 771110 344229 434216 275894 423146 286801
threshold=-184.74999999999997 -472.74999999999994 -90.749999999999986 330.87637329101568 -716.77001953124989 -867.19747924804676 -1137.2499999999998 27.750000000000004 432.76855468750006 -45.249999999999993 -74.749999999999986 368.67216491699224 -744.91546630859364 -986.49999999999989 -653.24999999999989 -1046.2499999999998 -964.74999999999989 -812.24999999999989 -812.74999999999989 -327.24999999999994 -509.74999999999994 -48.749999999999993 3907.297485351563 418.37670898437506 -522.24999999999989 -96.749999999999986 205.75000000000003 -707.24999999999989 -27.249999999999996 325.58964538574224
decision_type=2 2 2 2 2 2 2 2 2 2 2 2 2 2 2 2 2 2 2 2 2 2 2 2 2 2 2 2 2 2
left_child=-1 2 3 27 5 7 -6 9 -9 10 11 12 -5 -8 -15 -16 17 -4 19 -18 -20 -22 23 -23 25 -25 -27 28 29 -2
right_child=1 -3 16 4 6 -7 13 8 -10 -11 -12 -13 -14 14 15 -17 18 -19 20 -21 21 22 -24 24 -26 26 -28 -29 -30 -31
leaf_value=-0.20081436589885915 2.9471159918554899 -0.035213433141601969 -0.086706897216056719 1.1949284124374391 8.7674406337738038 16.862967731839134 -3.124884760054675 1.3177864580443412 11.063179979016704 -2.1301911613115898 8.4091143925984699 -0.079960061626119933 11.102724539149891 7.8416163311004645 5.9636143020221164 0.29219675786833077 1.9004090248424317 -3.2770064897769324 -1.0906048062071203 8.748039176464081 -2.0776689974073732 1.1411763328280153 -2.2541448809883811 -0.68071284991938896 13.297021077360426 10.819951740900677 0.52580641031265263 -1.2853232592506254 8.2609557771682756 -1.9255741354018925
leaf_weight=5315 58 17682 268 30 20 21 55 33 31 52 27 91 22 25 28 374 107 113 240 20 72 177 44 41 21 21 20 230 20 63
leaf_count=5315 58 17682 268 30 20 21 55 33 31 52 27 91 22 25 28 374 107 113 240 20 72 177 44 41 21 21 20 230 20 63
internal_value=1.29726e-09 0.0533504 0.727183 1.2921 1.9845 3.67972 0.947776 2.71172 6.03821 1.75274 2.94046 1.90791 5.38669 0.623308 1.1061 0.687221 0.144491 -1.03291 0.73242 2.97878 0.283855 1.11686 1.82676 2.46804 4.74819 2.55885 5.79842 -0.217746 1.52369 0.410096
internal_weight=25321 20006 2324 1180 809 307 502 286 64 222 170 143 52 482 427 402 1144 381 763 127 636 396 324 280 103 82 41 371 141 121
internal_count=25321 20006 2324 1180 809 307 502 286 64 222 170 143 52 482 427 402 1144 381 763 127 636 396 324 280 103 82 41 371 141 121
is_linear=0
shrinkage=0.05


Tree=122
num_leaves=31
num_cat=0
split_feature=241 254 245 182 5 54 260 261 224 4 281 262 212 289 3 150 36 155 289 66 22 281 247 121 180 26 131 103 5 243
split_gain=107636 341299 401817 318582 321601 843527 395076 422422 343434 565429 298980 431592 290497 383249 328598 288084 258686 496153 244420 318277 375340 411457 256387 471261 395532 330511 308988 289312 285729 373122
threshold=465.25000000000006 408.25000000000006 477.75000000000006 -809.74999999999989 562.74551391601574 534.11987304687511 114.75000000000001 -354.24999999999994 -175.74999999999997 1190.7725219726565 100.25000000000001 30.250000000000004 1271.7500000000002 -396.74999999999994 14.250000000000002 20.250000000000004 -1248.2499999999998 -44.749999999999993 -534.74999999999989 2425.5000000000005 2203.7500000000005 225.75000000000003 548.75000000000011 -778.24999999999989 239.5873947143555 513.46029663085949 488.92694091796881 461.98585510253912 513.46029663085949 495.36746215820318
decision_type=2 2 2 2 2 2 2 2 2 2 2 2 2 2 2 2 2 2 2 2 2 2 2 2 2 2 2 2 2 2
left_child=-1 3 -3 -2 8 -6 -7 -8 9 -5 -4 -12 13 -9 15 -15 17 -10 -18 22 -21 -22 25 -24 -25 28 27 -26 29 -20
right_child=1 2 10 4 5 6 7 12 16 -11 11 -13 -14 14 -16 -17 18 -19 19 20 21 -23 23 24 26 -27 -28 -29 -30 -31
leaf_value=-0.052038384297251307 -2.2492895444234211 5.2479696249260623 -1.6939352157741105 -0.0054103576219998875 12.415739623010159 7.6116379221280415 -4.7328277390578704 9.0083606331121366 0.42071465015411375 11.177022511959077 5.2464794460095865 -0.12232678235196824 -3.4936364593959994 -0.15201980590820313 -1.482577208850695 7.7049651639802121 -2.8157914888242197 9.9115199259349289 0.23733169605303162 8.5775330149609115 5.7968174552917482 -0.36449448767872084 8.7928033102126353 6.3910958243954568 0.38325452227570694 -3.5297899194061757 5.3960725017956328 -5.7604069278353736 5.936987606684367 -4.0899951407542599
leaf_weight=20179 90 34 307 26 20 24 29 21 40 20 38 2510 21 20 46 28 58 21 1185 23 40 84 21 31 219 64 28 21 21 52
leaf_count=20179 90 34 307 26 20 24 29 21 40 20 38 2510 21 20 46 28 58 21 1185 23 40 84 21 31 219 64 28 21 21 52
internal_value=-7.80467e-10 0.204217 -0.155514 0.665497 0.786778 2.65096 1.61765 0.745802 0.587384 4.85652 -0.219864 -0.0422582 1.91404 2.90153 1.53723 4.43122 0.484459 3.68804 0.378656 0.482221 2.71115 1.62303 0.282677 1.55258 1.04407 -0.0247137 0.425575 -0.154316 0.153605 0.055423
internal_weight=25321 5142 2889 2253 2163 209 189 165 1954 46 2855 2548 136 115 94 48 1908 61 1847 1789 147 124 1642 320 299 1322 268 240 1258 1237
internal_count=25321 5142 2889 2253 2163 209 189 165 1954 46 2855 2548 136 115 94 48 1908 61 1847 1789 147 124 1642 320 299 1322 268 240 1258 1237
is_linear=0
shrinkage=0.05


Tree=123
num_leaves=31
num_cat=0
split_feature=243 285 282 264 233 50 282 267 121 4 288 138 138 47 78 210 78 278 198 133 149 89 75 5 82 75 190 87 111 247
split_gain=108670 581052 329328 286824 369185 801492 517368 415980 374803 609856 387406 317024 497428 593844 419206 683671 335343 255125 395133 355123 256102 253203 420440 435048 364967 494849 604126 646804 756178 405434
threshold=470.06779479980474 679.19335937500011 -1571.2499999999998 456.44987487792974 -1330.9999999999998 -1219.7499999999998 -582.24999999999989 -129.74999999999997 -1389.7499999999998 -2014.7150268554685 240.25000000000003 451.43661499023443 389.14598083496099 406.93605041503912 1311.0000000000002 677.25000000000011 710.50000000000011 448.47531127929693 -395.24999999999994 -120.99999999999999 610.25000000000011 499.15771484375006 529.70809936523449 587.72634887695324 594.14135742187511 619.95794677734386 2369.7500000000005 -239.49999999999997 -457.03903198242182 1079.2500000000002
decision_type=2 2 2 2 2 2 2 2 2 2 2 2 2 2 2 2 2 2 2 2 2 2 2 2 2 2 2 2 2 2
left_child=1 2 -1 17 5 7 -6 -5 -8 10 -10 12 13 -11 16 -16 -13 -4 19 -19 -20 -2 23 -23 29 26 27 28 -26 -24
right_child=21 -3 3 4 6 -7 8 -9 9 11 -12 14 -14 -15 15 -17 -18 18 20 -21 -22 22 24 -25 25 -27 -28 -29 -30 -31
leaf_value=5.4582199965204516 -0.68626721902426047 8.1693784453652132 0.023307576566146876 4.4239246722630092 -3.1067118564283991 11.018929621151516 -2.229603609932612 -3.8361914661195544 10.595523510308102 0.47450511025226849 1.5499317741394043 2.5048850727605299 -2.1288565145220075 9.1077854337692266 -0.49780884552001958 10.148575398129852 -3.3149302128483273 -0.21999177062703718 -3.8297172595034628 6.1078464790626814 -0.90316316323826118 0.98167864893548384 -0.72411521408952784 6.5563270581396003 2.4276285812258722 -0.15145402423345178 10.658536572456361 -0.7745126318743849 13.297438325881959 -5.0881091443070199
leaf_weight=28 1780 22 19617 35 83 28 73 27 29 98 20 91 140 25 25 38 34 124 136 27 166 443 803 38 80 1087 20 127 20 57
leaf_count=28 1780 22 19617 35 83 28 73 27 29 98 20 91 140 25 25 38 34 124 136 27 166 443 803 38 80 1087 20 127 20 57
internal_value=-1.11582e-09 0.0478617 0.0392898 0.0320007 0.994685 3.99767 0.58269 0.826777 1.11711 1.60573 6.90345 1.03014 -0.0906607 2.22924 2.59807 5.92382 0.921895 -0.00378221 -1.1769 0.911476 -2.22108 -0.224171 0.0833172 1.42209 -0.210187 0.307598 2.3278 1.59381 4.60159 -1.01336
internal_weight=25321 20866 20844 20816 746 90 656 62 573 500 49 451 263 123 188 63 125 20070 453 151 302 4455 2675 481 2194 1334 247 227 100 860
internal_count=25321 20866 20844 20816 746 90 656 62 573 500 49 451 263 123 188 63 125 20070 453 151 302 4455 2675 481 2194 1334 247 227 100 860
is_linear=0
shrinkage=0.05


Tree=124
num_leaves=31
num_cat=0
split_feature=231 217 283 234 276 254 82 177 212 260 262 254 276 254 255 141 266 239 283 283 289 197 187 281 5 282 184 223 247 288
split_gain=107584 334367 609858 426826 915143 424244 527166 520013 311212 295843 278833 298254 307044 392878 360075 798326 1.0754e+06 353913 280986 431995 645368 376855 626330 290210 359542 315974 279628 268200 255579 457877
threshold=-793.24999999999989 -777.24999999999989 -106.74999999999999 -214.24999999999997 -254.74999999999997 -823.24999999999989 482.84413146972662 -1307.2499999999998 -837.24999999999989 246.25000000000003 478.25000000000006 -1081.7499999999998 -121.24999999999999 -302.24999999999994 -224.74999999999997 -1277.7499999999998 -22.749999999999996 -70.249999999999986 -62.749999999999993 -22.749999999999996 -194.74999999999997 -1996.4999999999998 470.10348510742193 -23.749999999999996 679.19335937500011 -509.24999999999994 -2201.9999999999995 -1479.5753173828123 -1766.4999999999998 192.75000000000003
decision_type=2 2 2 2 2 2 2 2 2 2 2 2 2 2 2 2 2 2 2 2 2 2 2 2 2 2 2 2 2 2
left_child=10 2 3 5 -5 6 7 -2 -4 -7 11 18 26 14 17 16 -16 -14 23 20 -20 22 -21 24 -1 -25 -13 -23 29 -3
right_child=1 28 8 4 -6 9 -8 -9 -10 -11 -12 12 13 -15 15 -17 -18 -19 19 21 -22 27 -24 25 -26 -27 -28 -29 -30 -31
leaf_value=0.053906792794090823 7.2800963152538642 9.3741202479600911 -0.18431423037629768 -0.24556526839733125 11.375413260194991 1.0840480576038363 9.5598284728825096 -0.42674337148666386 5.9842892079126271 -4.2509407799819421 3.5416477867897522 -3.9543888331204657 -0.41385024725634578 -2.391342789715734 16.834848468303683 0.37495122779818146 1.2796478805541993 5.793331894278527 12.706976270675661 10.973801989988848 1.559023614831873 -2.5594700808525088 -0.5936883964538574 -4.7442671354000385 5.8756317381347927 -0.44039620584057221 -1.0392687949286763 1.0204376010880993 -0.017574682662457469 -0.97014443148737373
leaf_weight=502 33 20 776 32 36 250 32 65 21 29 47 90 532 145 20 119 25 24 20 22 37 75 25 65 28 124 957 173 20974 23
leaf_count=502 33 20 776 32 36 250 32 65 21 29 47 90 532 145 20 119 25 24 20 22 37 75 25 65 28 124 957 173 20974 23
internal_value=1.51996e-10 0.0379979 0.824531 2.2386 5.90672 1.62874 3.98784 2.16842 -0.0217789 0.529515 -0.279542 -0.339748 -0.713934 -0.016839 0.46136 2.52017 8.19307 -0.145914 0.328266 1.48574 5.47059 0.715786 4.82088 -0.238397 0.36147 -1.92056 -1.28985 -0.0621958 -0.00967989 3.84114
internal_weight=25321 22291 1274 477 68 409 130 98 797 279 3030 2983 1912 865 720 164 45 556 1071 352 57 295 47 719 530 189 1047 248 21017 43
internal_count=25321 22291 1274 477 68 409 130 98 797 279 3030 2983 1912 865 720 164 45 556 1071 352 57 295 47 719 530 189 1047 248 21017 43
is_linear=0
shrinkage=0.05


Tree=125
num_leaves=31
num_cat=0
split_feature=154 251 267 54 150 259 101 239 211 220 97 196 205 66 187 204 218 1 78 79 58 173 268 274 254 0 106 73 166 43
split_gain=108519 415711 346286 197723 189376 319979 347999 179455 192943 191596 160524 171444 170085 160239 432794 337495 461611 285879 234414 613987 271426 440119 292103 763880 385563 749103 254499 248078 268382 292534
threshold=-2280.4999999999995 -2177.376098632812 759.25000000000011 521.28231811523449 -3365.7499999999995 -1127.9999999999998 -3962.2499999999995 -134.24999999999997 -2438.2499999999995 -1610.9999999999998 -1734.2940673828123 -997.74999999999989 -1689.2499999999998 -2339.7499999999995 267.94125366210943 329.25000000000006 303.25000000000006 -3987.9999999999995 -1371.9999999999998 -1579.7499999999998 -2279.7499999999995 537.77215576171886 -100.74999999999999 169.25000000000003 -757.24999999999989 129.25000000000003 -1419.2499999999998 -1698.7499999999998 410.87260437011724 -842.74999999999989
decision_type=2 2 2 2 2 2 2 2 2 2 2 2 2 2 2 2 2 2 2 2 2 2 2 2 2 2 2 2 2 2
left_child=2 -2 3 4 5 -1 -7 8 -5 -10 11 -6 -12 14 -3 -16 -17 -15 -19 20 21 -20 24 -24 25 26 -22 -26 29 -29
right_child=1 13 -4 7 10 6 -8 -9 9 -11 12 -13 -14 17 15 16 -18 18 19 -21 22 -23 23 -25 27 -27 -28 28 -30 -31
leaf_value=-2.5995390928708595 5.8969292783737188 7.5123600255212057 4.4789339596033093 -7.7701078024777503 -2.1163891895265179 0.61039809518390242 9.3122338485717773 0.78017561753590903 0.13550532617067035 -4.5952739102499827 4.9787126507077906 2.0758982845715113 -1.4640316486358644 -5.5852619997833095 0.17052526660773853 10.090388597760883 0.80903020084307009 -0.58211226922852777 1.4807173159718514 -0.011683341642106887 4.0368756149329394 10.160952776411307 11.652580278570003 1.6671977961184206 3.6032386719187102 11.460115699768068 -0.30338773030042648 -0.82840958558596101 -3.0731446882831719 5.2956676820913948
leaf_weight=26 30 23 30 22 189 27 20 30 38 49 21 28 20 23 584 21 37 1657 40 21777 51 23 22 148 30 20 100 104 107 24
leaf_count=26 30 23 30 22 189 27 20 30 38 49 21 28 20 23 584 21 37 1657 40 21777 51 23 22 148 30 20 100 104 107 24
internal_value=-4.44273e-10 0.0146912 -0.729302 -1.06174 -0.397168 1.8512 4.31331 -2.64429 -3.5868 -2.52896 -1.03333 -1.57545 1.83591 0.00757303 0.773238 0.531805 4.16952 -0.0135315 -0.00821471 0.0341513 1.52614 4.64969 1.20142 2.95942 0.515955 2.36693 1.16253 -0.678445 -1.22504 0.319855
internal_weight=25321 24821 500 470 331 73 47 139 109 87 258 217 41 24791 665 642 58 24126 24103 22446 669 63 606 170 436 171 151 265 235 128
internal_count=25321 24821 500 470 331 73 47 139 109 87 258 217 41 24791 665 642 58 24126 24103 22446 669 63 606 170 436 171 151 265 235 128
is_linear=0
shrinkage=0.05


Tree=126
num_leaves=31
num_cat=0
split_feature=215 95 194 194 208 233 248 274 276 184 248 227 268 15 183 178 176 190 227 280 281 183 141 65 205 7 199 100 215 254
split_gain=108163 440557 403333 239137 370818 301412 389021 293509 480975 663719 602321 455088 260070 303765 351258 462229 255953 246378 355156 310862 305594 299386 288531 231329 202167 194587 186574 180315 175673 329515
threshold=644.34121704101574 5735.3874511718759 609.70101928710949 661.46316528320324 679.19335937500011 -435.24999999999994 -632.74999999999989 117.25000000000001 110.25000000000001 -1292.7499999999998 58.250000000000007 686.75000000000011 1189.7500000000002 4872.5000000000009 1455.2500000000002 1470.5000000000002 967.25000000000011 -352.24999999999994 -434.74999999999994 -81.749999999999986 -399.74999999999994 -1945.7499999999998 -1332.7499999999998 591.00000000000011 -1853.7499999999998 2107.7500000000005 -301.24999999999994 463.25000000000006 569.17248535156261 1140.5000000000002
decision_type=2 2 2 2 2 2 2 2 2 2 2 2 2 2 2 2 2 2 2 2 2 2 2 2 2 2 2 2 2 2
left_child=1 28 24 5 -5 6 -4 17 9 -9 -11 -12 13 14 16 -16 23 18 20 26 -6 -22 -23 -10 -2 -25 -19 -28 -1 -30
right_child=2 -3 3 4 7 -7 -8 8 12 10 11 -13 -14 -15 15 -17 -18 19 -20 -21 21 22 -24 25 -26 -27 27 -29 29 -31
leaf_value=-0.011635748069760733 -0.026285112471807572 7.093184111335062 4.3412222705781458 -3.7698273909997333 3.9274900785514286 6.2695610920588178 -3.1411381382691235 -1.5966870629787446 -2.1375228691101076 9.9418781716854152 -1.6739485492577424 6.0669453491003082 4.7174204349517828 -6.197528773087722 8.870021495364961 -0.80191422303517668 -5.4215836844023535 -6.4533277471860249 4.5632041671059351 2.8225860500335695 -7.9712005388169063 3.3376844571984337 -3.9133512486429773 4.4619285129010677 -5.8723003087043768 -1.14321337779363 -4.5250033067805431 0.45697337538003924 0.89468915707398866 -4.2737241297960287
leaf_weight=23427 21 22 32 79 21 30 38 60 100 39 37 39 21 26 21 30 34 45 33 20 21 23 34 32 50 30 42 32 850 32
leaf_count=23427 21 22 32 79 21 30 38 60 100 39 37 39 21 26 21 30 34 45 33 20 21 23 34 32 50 30 42 32 850 32
internal_value=9.97896e-11 0.0208453 -0.512309 -0.231794 -0.513628 2.07643 0.279369 -0.166007 0.590936 2.66632 4.8905 2.29835 -0.644414 -1.05686 -0.51574 3.18065 -1.47756 -1.47599 0.0710653 -2.94514 -1.42631 -2.86772 -0.987495 -0.649796 -4.1432 1.74976 -3.91451 -2.37064 0.0144447 0.707173
internal_weight=25321 24331 990 919 819 100 70 740 469 175 115 76 294 273 247 51 196 271 132 139 99 78 57 162 71 62 119 74 24309 882
internal_count=25321 24331 990 919 819 100 70 740 469 175 115 76 294 273 247 51 196 271 132 139 99 78 57 162 71 62 119 74 24309 882
is_linear=0
shrinkage=0.05


Tree=127
num_leaves=31
num_cat=0
split_feature=243 285 282 226 277 88 264 283 288 267 282 30 135 267 208 222 117 211 105 40 47 268 61 145 243 215 220 170 219 178
split_gain=109464 521864 296402 282008 486790 291884 373952 340828 382506 298666 354998 360508 737071 540388 356588 371154 285387 240894 379769 237010 362782 308769 299149 647992 788126 747345 310271 713961 301600 526351
threshold=470.06779479980474 679.19335937500011 -1571.2499999999998 2471.5000000000005 4037.757446289063 4280.0400390625009 456.44987487792974 247.75000000000003 364.25000000000006 -604.74999999999989 -605.74999999999989 753.75000000000011 812.75000000000011 40.250000000000007 432.40020751953131 451.16493225097662 482.84413146972662 2566.2500000000005 3044.7500000000005 506.08625793457037 537.77215576171886 -1688.7499999999998 534.11987304687511 502.09635925292974 495.36746215820318 495.36746215820318 -80.749999999999986 -1093.7499999999998 -992.24999999999989 -1159.7499999999998
decision_type=2 2 2 2 2 2 2 2 2 2 2 2 2 2 2 2 2 2 2 2 2 2 2 2 2 2 2 2 2 2
left_child=1 2 -1 4 5 6 17 9 -9 -8 -11 14 13 -13 15 -12 -10 18 -4 20 21 -2 23 -21 25 -25 27 -26 29 -24
right_child=19 -3 3 -5 -6 -7 7 8 16 10 11 12 -14 -15 -16 -17 -18 -19 -20 22 -22 -23 28 24 26 -27 -28 -29 -30 -31
leaf_value=5.1808166697089169 -5.5018617568477515 7.7448034286499023 0.0068657926980713454 -4.8941881557990765 7.6485936164855959 -2.7041812636188625 5.3392262357653992 9.6740983540361594 0.27856793089916837 -2.9983982779762961 0.69839784873108712 14.037131729125978 0.32895245433432385 3.8360878351572398 -1.5429223352137891 7.6140122745348071 6.5998086984340958 4.0918892030086784 -5.4444735042750843 -0.65312742386852296 -6.4958835198329048 -0.47225237412672699 -0.5316480966763838 2.3338270459856307 -1.9315532863140108 15.380004534514056 -0.17740427350997925 7.5607172085688665 -0.51164018088181817 2.7365039749917663
leaf_weight=28 31 22 19911 29 21 97 33 22 57 66 124 20 103 37 179 23 26 36 32 222 26 1948 280 21 32 23 100 52 1500 220
leaf_count=28 31 22 19911 29 21 97 33 22 57 66 124 20 103 37 179 23 26 36 32 222 26 1948 280 21 32 23 100 52 1500 220
internal_value=1.76617e-09 0.0480363 0.0399127 0.0329976 0.0398715 0.032177 0.0450188 1.18943 3.81241 0.718634 0.442403 0.909672 2.8535 7.4154 -0.0443542 1.78043 2.25872 0.00549525 -0.00188128 -0.224989 -0.628129 -0.551039 0.104928 1.2697 3.14192 9.15342 1.70439 3.94461 -0.157145 0.906339
internal_weight=25321 20866 20844 20816 20787 20766 20669 690 105 585 552 486 160 57 326 147 83 19979 19943 4455 2005 1979 2450 450 228 44 184 84 2000 500
internal_count=25321 20866 20844 20816 20787 20766 20669 690 105 585 552 486 160 57 326 147 83 19979 19943 4455 2005 1979 2450 450 228 44 184 84 2000 500
is_linear=0
shrinkage=0.05


Tree=128
num_leaves=31
num_cat=0
split_feature=280 150 106 241 239 198 131 117 159 288 289 212 5 50 247 34 7 58 50 35 255 254 214 268 54 124 252 2 191 208
split_gain=108952 277289 728135 242162 276206 253995 401550 327007 230915 214714 172824 336761 318980 262673 459976 256198 914513 195387 599295 196448 229863 170173 348574 397175 388479 568608 338513 330357 317470 312878
threshold=-934.74999999999989 1833.2500000000002 1593.2500000000002 -367.24999999999994 -802.24999999999989 -2835.2499999999995 475.17919921875006 562.74551391601574 418.18997192382818 129.25000000000003 -674.74999999999989 -2365.2499999999995 274.36558532714849 3974.2500000000005 1366.7500000000002 -1156.462707519531 -891.24999999999989 207.75000000000003 327.75000000000006 -84.749999999999986 -778.24999999999989 -1081.7499999999998 1652.447448730469 -846.24999999999989 488.92694091796881 448.89111328125006 -764.74999999999989 716.25000000000011 -2258.2499999999995 432.40020751953131
decision_type=2 2 2 2 2 2 2 2 2 2 2 2 2 2 2 2 2 2 2 2 2 2 2 2 2 2 2 2 2 2
left_child=1 2 3 4 5 -1 8 -8 9 -7 11 -2 -13 14 15 -14 -17 18 19 20 -18 22 24 -24 -12 -26 27 29 -23 -27
right_child=10 -3 -4 -5 -6 6 7 -9 -10 -11 21 12 13 -15 -16 16 17 -19 -20 -21 -22 28 23 -25 25 26 -28 -29 -30 -31
leaf_value=-4.4205749862723875 6.6316798019409182 -6.1004475076993314 8.4529489108494342 2.8394683301448822 -4.6183382654946952 -2.2772994995117188 8.9606096744537354 0.12682938575744629 -5.5697893119775337 3.9924739545041867 0.25929264100813271 5.2211366271972661 -2.1694503118474802 -3.5470078700926244 7.8571748869759706 10.766286676580258 5.1919281976563596 -1.2566192047655091 8.989830006794497 -4.3935391989621255 -1.9710886652270956 -1.9437414331568612 -4.2128108890433067 0.95118711451961568 9.7585028727849323 6.1281675297281026 6.3697323033639366 6.9917829101735895 -0.017954042763287544 -0.0089005531830208314
leaf_weight=36 25 24 21 32 63 36 20 22 26 22 718 35 83 41 21 22 21 121 22 22 24 216 76 73 24 23 35 22 23181 214
leaf_count=36 25 24 21 32 63 36 20 22 26 22 718 35 83 41 21 22 21 121 22 22 24 216 76 73 24 23 35 22 23181 214
internal_value=5.47454e-10 -0.944014 -0.498854 -1.23032 -1.80914 -0.716674 0.341584 4.33339 -1.65432 0.10089 0.011395 0.997004 0.655094 0.231191 0.692222 0.214558 1.06746 0.0513897 1.82969 -0.521395 1.37165 -0.00612638 0.578432 -1.6828 0.903648 2.35851 1.75443 1.13074 -0.0357328 0.58668
internal_weight=25321 302 278 257 225 162 126 42 84 58 25019 437 412 377 336 315 232 210 89 67 45 24582 1185 149 1036 318 294 259 23397 237
internal_count=25321 302 278 257 225 162 126 42 84 58 25019 437 412 377 336 315 232 210 89 67 45 24582 1185 149 1036 318 294 259 23397 237
is_linear=0
shrinkage=0.05


Tree=129
num_leaves=31
num_cat=0
split_feature=250 257 218 28 82 178 268 269 5 206 71 267 219 243 12 93 275 257 159 191 176 275 208 260 205 243 259 276 282 4
split_gain=105294 664066 470790 458321 581818 564892 492665 713280 443145 388535 387084 359343 347810 346659 516715 754484 368783 317425 299921 291069 385502 325161 403081 280809 273380 261972 481517 572096 410851 359853
threshold=407.96997070312506 391.54676818847662 -1212.2499999999998 121.25000000000001 402.54020690917974 473.50000000000006 -259.74999999999994 -174.74999999999997 451.52204895019537 2201.0000000000005 440.25000000000006 -159.74999999999997 -1293.4999999999998 376.31816101074224 271.40722656250006 -153.74999999999997 -1499.7499999999998 422.94464111328131 419.87533569335943 805.25000000000011 1265.2500000000002 -73.749999999999986 408.00920104980474 -352.24999999999994 -414.74999999999994 458.77229309082037 -964.24999999999989 -387.74999999999994 -915.24999999999989 495.89750671386724
decision_type=2 2 2 2 2 2 2 2 2 2 2 2 2 2 2 2 2 2 2 2 2 2 2 2 2 2 2 2 2 2
left_child=1 13 -3 4 10 6 7 8 11 -5 12 23 -4 16 15 -15 -1 19 24 -2 -21 -22 -23 -6 -8 26 27 28 -19 -28
right_child=17 2 3 9 5 -7 18 -9 -10 -11 -12 -13 -14 14 -16 -17 -18 25 -20 20 21 22 -24 -25 -26 -27 29 -29 -30 -31
leaf_value=5.5944108091294771 -1.2301556159332321 -3.4078083798008145 5.3767116192976641 0.19964682194145605 5.0475725596149772 9.8711237817197244 0.13026456598079567 13.469503397833217 -0.4901968432635796 6.8267412437045056 6.7093166770843355 0.61091477453708654 -0.34590403326662078 -0.75652385516600174 -0.91085682456941996 11.197329118035057 0.045277680823487008 6.9341546750068659 -2.4351446978913414 5.2114237380879267 -3.7754510031190032 6.562278597171491 -1.9434774557749432 13.069541046619415 7.2313738504181746 -0.19623656048961785 -0.47690367482300999 10.646738368988037 -2.3175426443417866 1.1404595849059627
leaf_weight=30 993 53 30 576 24 37 33 22 41 23 26 20 231 33 1475 22 15132 20 45 42 43 26 30 20 23 4839 667 25 30 710
leaf_count=30 993 53 30 576 24 37 33 22 41 23 26 20 231 33 1475 22 15132 20 45 42 43 26 30 20 23 4839 667 25 30 710
internal_value=8.0133e-10 0.0656754 1.19974 1.41191 2.45125 4.14057 3.21062 5.28332 3.56812 0.45411 0.891428 6.16798 0.311868 -0.0161253 -0.733423 4.02502 0.0562574 -0.158293 0.604345 -0.928302 1.19752 -0.505348 2.00562 8.69392 3.04679 -0.0194932 0.569529 4.471 1.38314 0.357031
internal_weight=25321 17896 1204 1151 552 265 228 127 105 599 287 64 261 16692 1530 55 15162 7425 101 1134 141 99 56 44 56 6291 1452 75 50 1377
internal_count=25321 17896 1204 1151 552 265 228 127 105 599 287 64 261 16692 1530 55 15162 7425 101 1134 141 99 56 44 56 6291 1452 75 50 1377
is_linear=0
shrinkage=0.05


Tree=130
num_leaves=31
num_cat=0
split_feature=280 150 106 241 239 198 131 230 159 288 114 177 166 215 128 134 275 133 120 113 275 50 121 22 269 268 0 184 20 93
split_gain=104774 246728 662618 219827 242807 229722 365090 290693 203100 192136 156952 252517 240110 193984 161089 294298 317256 300482 167021 342810 160339 203597 160077 425793 374708 379833 302079 231718 250814 236173
threshold=-934.74999999999989 1833.2500000000002 1593.2500000000002 -367.24999999999994 -802.24999999999989 -2835.2499999999995 475.17919921875006 -1398.685363769531 418.18997192382818 129.25000000000003 -4112.7499999999991 -2274.7499999999995 434.49797058105474 644.34121704101574 -2871.7499999999995 -2316.7499999999995 -819.49999999999989 -2565.9999999999995 -2049.7499999999995 -2652.7499999999995 -55.749999999999993 -2522.2499999999995 -2320.7499999999995 -3099.9999999999995 -77.249999999999986 -423.74999999999994 -5199.4999999999991 -2201.9999999999995 -4354.6984863281241 433.75000000000006
decision_type=2 2 2 2 2 2 2 2 2 2 2 2 2 2 2 2 2 2 2 2 2 2 2 2 2 2 2 2 2 2
left_child=1 2 3 4 5 -1 8 -8 9 -7 11 12 -2 -14 20 16 -16 -18 19 -17 -12 -22 23 -20 25 -25 -24 29 -29 -28
right_child=10 -3 -4 -5 -6 6 7 -9 -10 -11 14 -13 13 -15 15 18 17 -19 22 -21 21 -23 26 24 -26 -27 27 28 -30 -31
leaf_value=-4.2532747805118563 4.5678490348484209 -5.7897259394327802 8.0337480635870069 2.6739649146795275 -4.388976997876215 -2.2310875521765818 8.0480115457014616 -0.28084935665130617 -5.2996014418510295 3.699887364831838 -1.756210877756367 6.4928572396437332 -5.171272177923294 1.7092403829097749 8.0770042321898714 4.3945629527171457 4.6622744083404539 -1.9002465164943321 7.6714700475335125 -1.8931501270271838 -1.7077013202688911 5.2626332783699041 -4.5066257521912858 0.83735375877929075 -1.9370878531609053 7.9781689581125974 -2.363720048844129 4.3849724784041895 0.022941313360309117 2.5099922015749176
leaf_weight=36 23 24 21 32 63 36 22 20 26 22 223 24 21 20 22 24 33 37 24 224 22 20 37 73 81 25 174 33 23850 29
leaf_count=36 23 24 21 32 63 36 22 20 26 22 223 24 21 20 22 24 33 37 24 224 22 20 37 73 81 25 174 33 23850 29
internal_value=-1.54338e-10 -0.925739 -0.505827 -1.20361 -1.75509 -0.730802 0.275619 4.08189 -1.62752 0.0185926 0.0111744 2.11906 0.478885 -1.81492 0.00373415 0.0169078 2.83957 1.19351 0.00634035 -1.28466 -1.22246 1.61151 0.0195019 1.4177 0.579201 2.65899 0.00773584 0.0146706 0.0289685 -1.66748
internal_weight=25321 302 278 257 225 162 126 42 84 58 25019 88 64 41 24931 24666 92 70 24574 248 265 42 24326 203 179 98 24123 24086 23883 203
internal_count=25321 302 278 257 225 162 126 42 84 58 25019 88 64 41 24931 24666 92 70 24574 248 265 42 24326 203 179 98 24123 24086 23883 203
is_linear=0
shrinkage=0.05


Tree=131
num_leaves=31
num_cat=0
split_feature=282 281 99 18 197 272 254 289 183 280 82 87 241 253 206 127 247 231 204 224 262 241 46 117 54 33 51 73 140 37
split_gain=103141 302930 344758 293540 562263 261980 250144 229952 597919 691397 506124 1.11017e+06 263837 470430 255348 400062 279966 250457 249292 241243 298763 343595 355760 239128 213627 249813 210922 497452 378164 605097
threshold=-269.24999999999994 566.75000000000011 -789.74999999999989 5059.5200195312509 569.25000000000011 1654.1351318359377 1243.2500000000002 -317.24999999999994 -764.74999999999989 232.25000000000003 454.19638061523443 -379.24999999999994 164.25000000000003 1015.2500000000001 -318.74999999999994 -182.74999999999997 688.25000000000011 2709.2500000000005 2978.2500000000005 1915.2500000000002 1025.7500000000002 912.75000000000011 1344.5675048828127 412.34124755859381 374.30697631835943 330.81326293945318 2854.2500000000005 2205.7500000000005 1542.7500000000002 2536.2500000000005
decision_type=2 2 2 2 2 2 2 2 2 2 2 2 2 2 2 2 2 2 2 2 2 2 2 2 2 2 2 2 2 2
left_child=1 3 -3 -1 -5 -6 -4 8 -2 10 14 -12 -13 -14 15 -10 23 18 19 20 21 -11 -23 24 25 -16 27 -9 29 -29
right_child=7 2 6 4 5 -7 -8 26 9 17 11 12 13 -15 16 -17 -18 -19 -20 -21 -22 22 -24 -25 -26 -27 -28 28 -30 -31
leaf_value=-0.13858290366024581 -2.9660953659689828 3.0373458732818737 -3.7770268306757013 8.8534868964782145 -1.2921996176242829 4.1923802029002797 0.83213369395281822 0.0045997325020912475 1.203704501874745 -0.73432221330662895 14.22578938089568 -0.93683957775433857 10.049438849739408 -0.43566747426986696 1.4618395870803176 9.9624936721541673 6.4551191616058352 4.9259654853654951 -5.7420800277165007 4.0006102442741396 -3.8550979460988728 -0.3128960422847582 8.4813707776691611 -4.2104479276216953 4.393918046610696 -3.8847298891313615 -1.2993761201699576 2.036541180403336 0.69112213201307027 9.7173611351937978
leaf_weight=7526 89 29 144 26 64 33 37 15903 32 189 29 30 23 20 74 22 20 23 21 32 56 23 23 26 35 31 294 115 319 33
leaf_count=7526 89 29 144 26 64 33 37 15903 32 189 29 30 23 20 74 22 20 23 21 32 56 23 23 26 35 31 294 115 319 33
internal_value=6.94041e-10 -0.150421 -2.0239 -0.098985 2.32389 0.573688 -2.83482 0.0676988 0.896843 1.38175 2.9992 5.94967 2.6619 5.17265 1.74525 4.7721 0.866491 -0.125516 -0.463261 -0.120056 -0.573187 0.208885 4.08424 0.193163 1.01098 -0.116671 0.027993 0.0518322 1.66026 3.74916
internal_weight=25321 7859 210 7649 123 97 181 17462 798 709 342 102 73 43 240 54 186 367 344 323 291 235 46 166 140 105 16664 16370 467 148
internal_count=25321 7859 210 7649 123 97 181 17462 798 709 342 102 73 43 240 54 186 367 344 323 291 235 46 166 140 105 16664 16370 467 148
is_linear=0
shrinkage=0.05


Tree=132
num_leaves=31
num_cat=0
split_feature=212 226 254 238 145 5 274 247 240 238 124 19 224 289 117 268 89 212 239 143 237 248 285 251 100 10 234 249 218 128
split_gain=103452 322566 397293 471526 335888 345246 312582 305071 296558 475275 293263 441161 445548 754623 368357 369298 285334 270610 361564 470171 915043 402102 384970 369712 307733 717756 336804 329361 308079 393614
threshold=-459.74999999999994 -897.24999999999989 -1081.7499999999998 -549.74999999999989 281.94604492187506 309.19216918945318 1113.7500000000002 -89.749999999999986 -334.74999999999994 -302.74999999999994 381.45520019531256 601.57815551757824 -449.74999999999994 -313.24999999999994 391.75526428222662 -194.24999999999997 644.34121704101574 -1020.2499999999999 364.25000000000006 -722.24999999999989 -727.68411254882801 -201.24999999999997 451.11840820312506 -1454.2809448242185 -1066.7499999999998 -2296.9999999999995 222.75000000000003 -2197.8225097656245 -131.24999999999997 433.25000000000006
decision_type=2 2 2 2 2 2 2 2 2 2 2 2 2 2 2 2 2 2 2 2 2 2 2 2 2 2 2 2 2 2
left_child=1 2 3 4 5 -1 7 17 10 -10 -2 12 13 -12 15 -14 -16 18 19 23 -21 -22 -23 -3 -19 -26 27 -27 -29 -30
right_child=8 6 -4 -5 -6 -7 -8 -9 9 -11 11 -13 14 -15 16 -17 -18 24 -20 20 21 22 -24 -25 25 26 -28 28 29 -31
leaf_value=1.4326540285082006 -0.94940461155748812 5.931386406190934 -0.56735631738861403 7.4967612634723384 0.1471056595574545 8.3179183297157291 6.4831941627320795 -0.48976846836168264 7.2053061526754636 0.01173891371658967 10.656588439588194 -2.209398624850385 1.1104235648177565 1.2657094389634225 -0.44765677670942011 8.2766943316459667 4.9821891193389902 -0.29928081464111173 -4.831274083527652 10.704497915989645 0.6489003793281668 9.8286645957401824 1.5374214240482875 0.25379623822984898 9.6835579221898858 5.4197114453596233 5.2192198093120865 0.17961492922999533 2.4410551279643684 -1.0921053661143079
leaf_weight=67 1719 31 2528 24 1004 25 21 857 23 13651 27 179 64 103 751 25 25 1154 22 37 136 28 28 382 22 34 39 1866 347 102
leaf_count=67 1719 31 2528 24 1004 25 21 857 23 13651 27 179 64 103 751 25 25 1154 22 37 136 28 28 382 22 34 39 1866 347 102
internal_value=2.28173e-09 0.139033 -0.220045 0.563886 0.412071 3.30365 0.395577 0.370437 -0.073465 0.0238387 -0.533378 0.0757773 0.486879 3.21612 0.076704 3.12342 -0.272726 0.544797 1.47154 1.68752 3.50466 2.11719 5.68304 0.679959 0.372138 0.693639 0.610818 0.534305 0.462554 1.63842
internal_weight=25321 8754 3648 1120 1096 92 5106 5085 16567 13674 2893 1174 995 130 865 89 776 4228 664 642 229 192 56 413 3564 2410 2388 2349 2315 449
internal_count=25321 8754 3648 1120 1096 92 5106 5085 16567 13674 2893 1174 995 130 865 89 776 4228 664 642 229 192 56 413 3564 2410 2388 2349 2315 449
is_linear=0
shrinkage=0.05


Tree=133
num_leaves=31
num_cat=0
split_feature=117 250 69 215 201 208 215 82 145 118 255 264 0 8 98 82 215 289 5 187 16 142 253 247 281 16 264 78 71 124
split_gain=101675 144268 457878 324634 354133 329703 470740 366732 585700 348987 427510 315732 309089 363674 423905 330527 314782 285655 450891 298024 315991 552395 295053 294440 263593 262730 259672 255413 650041 465272
threshold=160.89533233642581 306.73590087890631 -2877.550170898437 335.24060058593756 334.43447875976568 368.46453857421881 372.94555664062506 369.65390014648443 318.16838073730474 1864.0894775390627 1100.7500000000002 306.70350646972662 1216.7500000000002 1664.2500000000002 1565.7500000000002 351.81930541992193 356.18798828125006 -283.74999999999994 347.06091308593756 302.36166381835943 1057.7500000000002 1092.7500000000002 614.50000000000011 -871.24999999999989 595.25000000000011 811.75000000000011 467.28804016113287 -570.74999999999989 -440.74999999999994 409.66523742675787
decision_type=2 2 2 2 2 2 2 2 2 2 2 2 2 2 2 2 2 2 2 2 2 2 2 2 2 2 2 2 2 2
left_child=-1 2 -2 4 -3 7 26 12 -9 10 27 -4 -5 14 -14 24 -17 18 -13 22 23 -22 -19 -21 -15 -24 -7 -10 29 -29
right_child=1 3 11 5 -6 6 -8 8 9 -11 -12 17 13 15 -16 16 -18 19 -20 20 21 -23 25 -25 -26 -27 -28 28 -30 -31
leaf_value=-0.59420966556455412 5.5957988384442459 -0.25252169460567758 0.073444936107917691 -0.21900956718977937 -1.5674948083834808 -1.499485317431124 -0.0045126057092321932 9.3295792688022967 0.049630962354918262 -3.3245918068774913 8.5129636523127559 1.5051022996773593 2.1042491420432254 -1.2384317236542701 9.3110451498031619 -0.043685199664189267 7.6643571111891013 -1.6676294307978381 8.6880704141432243 6.7141400405338834 9.7832690697908404 -0.79000804963566018 4.9974474461455101 0.49917873614332048 3.0766674041748048 -1.2618708276748658 3.8999571116074274 3.4338172311584154 1.1170333354369146 11.800786244372528
leaf_weight=700 39 2398 7342 1594 651 699 9786 22 349 43 20 74 111 200 25 26 27 168 31 21 30 21 38 206 43 30 23 54 526 24
leaf_count=700 39 2398 7342 1594 651 699 9786 22 349 43 20 74 111 200 25 26 27 168 31 21 30 21 38 206 43 30 23 54 526 24
internal_value=-1.69446e-09 0.016894 0.19135 -0.0670748 -0.533285 0.037661 -0.0954132 0.494039 1.25826 1.08349 1.2783 0.164874 0.102497 1.2888 3.42903 0.305447 3.88305 1.24932 3.62579 0.763854 1.87315 5.42957 -0.54286 1.07413 -0.474855 2.23598 -1.32748 1.12647 1.74868 6.00827
internal_weight=25321 24621 8000 16621 3049 13572 10508 3064 1038 1016 973 7961 2026 432 136 296 53 619 105 514 278 51 236 227 243 68 722 953 604 78
internal_count=25321 24621 8000 16621 3049 13572 10508 3064 1038 1016 973 7961 2026 432 136 296 53 619 105 514 278 51 236 227 243 68 722 953 604 78
is_linear=0
shrinkage=0.05


Tree=134
num_leaves=31
num_cat=0
split_feature=282 96 124 170 107 171 73 19 68 233 241 58 82 4 96 281 94 92 248 272 218 178 283 243 47 163 275 245 252 273
split_gain=98792.9 222977 550652 683060 425470 361010 404261 232814 229566 321792 600361 600258 297166 424605 282455 223800 250132 373721 246982 245825 645821 344951 329175 268053 442715 240542 614939 294206 286292 457119
threshold=-404.24999999999994 719.73504638671886 700.57888793945324 1129.7500000000002 1287.2500000000002 1099.5000000000002 -2049.7499999999995 679.19335937500011 581.48425292968761 -1856.2499999999998 -864.74999999999989 -576.74999999999989 557.84716796875011 3339.0900878906255 547.78625488281261 -182.74999999999997 687.75000000000011 747.75000000000011 -2086.7499999999995 -1348.9576416015623 -910.74999999999989 -870.24999999999989 85.250000000000014 461.59492492675787 399.92877197265631 -688.74999999999989 -101.74999999999999 -1240.4999999999998 -230.74999999999997 -538.24999999999989
decision_type=2 2 2 2 2 2 2 2 2 2 2 2 2 2 2 2 2 2 2 2 2 2 2 2 2 2 2 2 2 2
left_child=1 2 8 7 5 6 -3 -4 12 -10 11 -11 15 14 -14 16 17 18 -1 20 22 -21 23 24 -17 26 -23 -27 -29 -30
right_child=-2 4 3 -5 -6 -7 -8 -9 9 10 -12 -13 13 -15 -16 19 -18 -19 -20 21 -22 25 -24 -25 -26 27 -28 28 29 -31
leaf_value=-4.7513891155069521 0.045678359307060303 2.4067047090000582 -1.161275747337857 11.736808672405425 -6.9180506678188554 5.5140456280112273 -3.1832146638113521 5.5344265818595888 -5.709041385650635 -0.6909325508134706 -2.020756544370085 10.491807955787296 6.07317129611969 7.6966365983443596 -0.55392026087132906 -2.2500291541218758 -1.2156564604694193 6.8001269827286412 0.60005113153269996 -1.8423148160833016 9.1659041736436944 0.36647744977284996 6.0393554854393008 -4.3525774825560424 5.4155381571862016 4.9077003518740341 9.4079299259185785 -1.5440507443730163 3.9037824666861334 -0.43027043569363788
leaf_weight=22 20859 45 37 21 34 20 115 20 40 28 219 21 20 28 82 48 220 24 1080 456 23 315 20 38 31 24 20 567 66 778
leaf_count=22 20859 45 37 21 34 20 115 20 40 28 219 21 20 28 82 48 220 24 1080 456 23 315 20 38 31 24 20 567 66 778
internal_value=-7.2982e-10 -0.213538 -0.134205 4.02813 -1.78832 -0.819373 -1.61105 1.18809 -0.212062 -1.52573 -0.901358 4.10167 -0.107295 2.24268 0.745509 -0.189153 0.326362 0.627645 0.493217 -0.479968 1.41303 -0.616033 0.111456 -0.90186 0.757978 -0.300109 0.906266 -0.581737 -0.675108 -0.0913516
internal_weight=25321 4462 4248 78 214 180 160 57 4170 308 268 49 3862 130 102 3732 1346 1126 1102 2386 160 2226 137 117 79 1770 335 1435 1411 844
internal_count=25321 4462 4248 78 214 180 160 57 4170 308 268 49 3862 130 102 3732 1346 1126 1102 2386 160 2226 137 117 79 1770 335 1435 1411 844
is_linear=0
shrinkage=0.05


Tree=135
num_leaves=31
num_cat=0
split_feature=280 150 106 243 241 205 169 37 289 212 5 42 247 41 3 24 275 194 255 29 268 267 282 273 261 59 162 267 176 31
split_gain=97360 220832 578052 207972 296703 226966 249036 166431 151394 308342 282491 245488 361036 226955 868350 183520 404373 264020 295158 216042 139548 220484 225099 196277 160317 293658 169993 264163 251883 645640
threshold=-934.74999999999989 1833.2500000000002 1593.2500000000002 609.70101928710949 -367.24999999999994 -1425.4999999999998 -1320.4999999999998 -3167.9999999999995 -674.74999999999989 -2365.2499999999995 274.36558532714849 4095.0000000000005 1366.7500000000002 -1145.066223144531 -874.74999999999989 1384.2500000000002 -279.74999999999994 501.99871826171881 -827.74999999999989 2924.5000000000005 -1688.7499999999998 -435.24999999999994 -582.24999999999989 -1262.7499999999998 -1826.2499999999998 -1361.9999999999998 -1484.2499999999998 771.75000000000011 -1611.7499999999998 -1229.7499999999998
decision_type=2 2 2 2 2 2 2 2 2 2 2 2 2 2 2 2 2 2 2 2 2 2 2 2 2 2 2 2 2 2
left_child=1 2 3 4 5 6 7 -1 9 -2 -11 12 13 -12 -15 16 17 18 -16 -17 21 22 -10 -22 25 -25 27 -26 29 -28
right_child=8 -3 -4 -5 -6 -7 -8 -9 20 10 11 -13 -14 14 15 19 -18 -19 -20 -21 23 -23 -24 24 26 -27 28 -29 -30 -31
leaf_value=2.2327129290654111 6.3249297485351565 -5.4940453767776489 7.4809352420625235 -4.2340803363588124 4.7436859110991163 -3.4154834244932446 4.2021721535715564 -2.5220129747239373 -3.1449693195281494 4.9030361856733053 -2.0515732522521701 -3.7811832782200407 6.6654472869375487 10.941705789566042 5.9305962710380555 -4.3891227469211671 6.4619275195258004 -3.5862588995542284 -0.66018220883495404 1.2498143820927061 4.9524830913543703 -5.8698635073808525 3.2317855739593506 7.4441588360071185 -0.80854321058449452 -1.1240732898563148 8.1095713442022141 3.2413994009650895 0.010465703309508325 -1.4501557234086491
leaf_weight=26 25 24 21 45 24 70 29 63 31 35 84 35 23 20 25 41 28 39 53 29 20 26 25 20 974 20 33 42 23353 38
leaf_count=26 25 24 21 45 24 70 29 63 31 35 84 35 23 20 25 41 28 39 53 29 20 26 25 20 974 20 33 42 23353 38
internal_value=1.1276e-09 -0.892383 -0.495117 -1.14686 -0.49155 -1.15988 0.178192 -1.13299 0.0107718 0.933252 0.606087 0.207166 0.61533 0.179115 0.976467 0.0494684 1.06445 -0.227255 1.45225 -2.05299 -0.00562734 -2.06483 -0.298204 0.00126468 -0.00278044 3.16004 -0.00795691 -0.641124 0.0195063 2.9931
internal_weight=25321 302 278 257 212 188 118 89 25019 437 412 377 342 319 235 215 145 117 78 70 24582 82 56 24500 24480 40 24440 1016 23424 71
internal_count=25321 302 278 257 212 188 118 89 25019 437 412 377 342 319 235 215 145 117 78 70 24582 82 56 24500 24480 40 24440 1016 23424 71
is_linear=0
shrinkage=0.05


Tree=136
num_leaves=31
num_cat=0
split_feature=79 78 78 79 93 231 78 141 66 284 226 217 154 78 282 2 58 134 234 44 17 155 127 138 0 45 68 80 107 205
split_gain=97682.6 680494 465146 582542 466026 379004 650481 487265 364385 359850 323136 340116 496347 515728 304910 307859 283775 278370 429921 277577 538148 280829 461533 412335 265927 266131 243039 234337 679828 232175
threshold=-216.74999999999997 -19.749999999999996 535.25000000000011 155.25000000000003 793.25000000000011 -547.24999999999989 411.25000000000006 -1227.2499999999998 -265.24999999999994 1414.7874755859377 -736.74999999999989 -777.24999999999989 -629.24999999999989 35.250000000000007 -454.74999999999994 -1977.2499999999998 657.75000000000011 1125.2500000000002 410.25000000000006 -517.24999999999989 -432.24999999999994 159.25000000000003 389.25000000000006 322.00192260742193 -1462.2499999999998 -717.24999999999989 245.91544342041018 309.75000000000006 302.75000000000006 -980.24999999999989
decision_type=2 2 2 2 2 2 2 2 2 2 2 2 2 2 2 2 2 2 2 2 2 2 2 2 2 2 2 2 2 2
left_child=1 9 -2 4 19 6 7 -3 -5 17 11 12 -9 -14 -7 -16 29 -1 -19 -4 -21 22 -22 26 -10 -26 -23 28 -27 -17
right_child=2 5 3 8 -6 14 -8 10 24 -11 -12 -13 13 -15 15 16 -18 18 -20 20 21 23 -24 -25 25 27 -28 -29 -30 -31
leaf_value=-0.013831460483694711 -0.57206064425783898 7.7470650650801209 -2.0466370582580566 -6.5707455419358753 7.9386278597513842 -1.7043637507894767 8.9561405207659757 -1.8104702568971196 -4.8415303945541384 -2.6119820777186775 5.2059765895207732 -2.5563022312096191 11.424334719181061 1.8069205009418987 5.5603035469849909 -3.3750849667717433 5.702908790522609 0.33624128416964882 9.3929694765806211 9.1960104422022901 1.8002809063887892 -0.15056583195924761 9.9667804230343222 -0.99357879781723024 5.8000858914852147 -0.31864351837002503 6.8756209444254637 0.002492306236038291 10.433891119275776 0.84381036877184001
leaf_weight=10942 3675 31 49 21 30 115 37 52 28 133 39 70 20 46 36 34 29 38 20 24 81 20 22 150 20 49 32 8659 21 798
leaf_count=10942 3675 31 49 21 30 115 37 52 28 133 39 70 20 46 36 34 29 38 20 24 81 20 22 150 20 49 32 8659 21 798
internal_value=-1.24411e-12 0.0999316 -0.0965103 0.0933276 1.9403 1.17923 2.75623 1.8671 0.00767587 -0.0267763 1.06411 0.204891 1.84289 4.72129 0.719527 1.03028 0.840874 0.00448116 3.45925 1.46424 1.98714 1.41988 3.54458 0.336494 0.0234155 0.0389851 4.17324 0.0257852 2.90712 0.671404
internal_weight=25321 12440 12881 9206 408 1307 295 258 8798 11133 227 188 118 66 1012 897 861 11000 58 378 329 305 103 202 8777 8749 52 8729 70 832
internal_count=25321 12440 12881 9206 408 1307 295 258 8798 11133 227 188 118 66 1012 897 861 11000 58 378 329 305 103 202 8777 8749 52 8729 70 832
is_linear=0
shrinkage=0.05


Tree=137
num_leaves=31
num_cat=0
split_feature=250 257 218 15 103 86 289 54 206 243 12 93 275 83 118 292 64 257 287 191 178 194 275 269 4 187 57 260 68 195
split_gain=96877.9 579583 411318 418061 526696 406201 496990 615258 332178 310603 462218 668333 310350 300265 632821 384125 376139 280971 274607 262974 426333 340372 278548 249340 477338 242508 323329 232222 569703 272391
threshold=407.96997070312506 391.54676818847662 -1212.2499999999998 122.75000000000001 330.73266601562506 168.25000000000003 -96.249999999999986 506.08625793457037 2201.0000000000005 376.31816101074224 271.40722656250006 -153.74999999999997 -1499.7499999999998 -1343.520568847656 -952.12094116210926 392.66633605957037 -1546.2499999999998 422.94464111328131 -117.74999999999999 850.25000000000011 1198.2500000000002 405.03033447265631 -60.749999999999993 1689.5000000000002 4085.5400390625005 332.56558227539068 2472.2500000000005 2340.2500000000005 609.70101928710949 4044.8466796875005
decision_type=2 2 2 2 2 2 2 2 2 2 2 2 2 2 2 2 2 2 2 2 2 2 2 2 2 2 2 2 2 2
left_child=1 9 -3 4 -4 6 7 13 18 12 11 -11 -1 15 -15 16 -6 19 -5 -2 -21 22 -22 24 -14 -12 -27 29 -29 -19
right_child=17 2 3 8 5 -7 -8 -9 -10 10 25 -13 23 14 -16 -17 -18 27 -20 20 21 -23 -24 -25 -26 26 -28 28 -30 -31
leaf_value=5.1355757856369024 -1.1538227531915675 -3.1842387756086747 -2.2744593764251131 -1.4733988650688312 7.3135589667728969 8.6187287064393363 -0.51106427299733059 11.096297554016115 6.4069538106089059 -0.69215920016621102 -2.9399837478864357 10.558537608926947 0.041322275111763528 9.7359459149531844 2.5817002003824951 -3.3623460995184411 -0.81107263893916692 -0.026399267809069801 0.89901578061971343 5.5290736314654358 -2.218194681348709 -4.6286302061641917 4.7017521981037023 -5.2740857059305366 6.9560090360641489 -0.81780823864618102 3.2032400140395532 -7.4835584430983575 2.5229216766357423 3.1789553495930205
leaf_weight=30 1001 53 53 164 28 30 98 25 23 33 128 22 15085 39 149 37 29 6166 476 40 26 34 33 22 25 1295 52 33 25 67
leaf_count=30 1001 53 53 164 28 30 98 25 23 33 128 22 15085 39 149 37 29 6166 476 40 26 34 33 22 25 1295 52 33 25 67
internal_value=1.31339e-09 0.0629959 1.12247 1.32078 2.43149 3.00486 2.58901 3.57861 0.503249 -0.0134244 -0.692395 3.80812 0.0550906 2.91215 4.06583 0.604806 3.17997 -0.151835 0.291085 -0.876281 1.21259 -0.643964 1.65228 0.0450183 0.0527629 -0.860211 -0.662578 -0.0212482 -3.17042 0.00805585
internal_weight=25321 17896 1204 1151 488 435 405 307 663 16692 1530 55 15162 282 188 94 57 7425 640 1134 133 93 59 15132 15110 1475 1347 6291 58 6233
internal_count=25321 17896 1204 1151 488 435 405 307 663 16692 1530 55 15162 282 188 94 57 7425 640 1134 133 93 59 15132 15110 1475 1347 6291 58 6233
is_linear=0
shrinkage=0.05


Tree=138
num_leaves=31
num_cat=0
split_feature=288 292 264 9 44 5 110 281 120 289 276 128 26 12 254 82 261 283 204 189 190 171 239 215 95 194 216 148 219 275
split_gain=96343 150553 450916 189708 284323 188134 260514 218086 283032 165497 139797 136506 149453 133157 128947 127661 122862 120024 119782 316705 244390 208259 118805 112305 386635 318502 220329 633594 594844 411467
threshold=19.250000000000004 581.48425292968761 661.46316528320324 -2948.4999999999995 -2465.2499999999995 569.17248535156261 391.78106689453131 3.7500000000000004 1678.7500000000002 -617.24999999999989 28.250000000000004 -1660.2499999999998 330.82260131835943 376.68766784667974 162.75000000000003 448.93209838867193 -409.24999999999994 -408.24999999999994 1.0000000180025095e-35 -174.74999999999997 49.250000000000007 -119.24999999999999 444.75000000000006 644.34121704101574 5735.3874511718759 609.70101928710949 571.87857055664074 539.25000000000011 -1293.4999999999998 -1325.4999999999998
decision_type=2 2 2 2 2 2 2 2 2 2 2 2 2 2 2 2 2 2 2 2 2 2 2 2 2 2 2 2 2 2
left_child=1 3 -3 -1 -5 6 7 9 11 -6 14 -9 -13 16 22 -12 -14 -11 19 -19 21 -21 -8 24 -2 -25 -27 -28 -29 -30
right_child=23 2 -4 4 5 -7 10 8 -10 17 15 12 13 -15 -16 -17 -18 18 -20 20 -22 -23 -24 25 -26 26 27 28 29 -31
leaf_value=-3.6547228410508903 0.041443764674185181 8.1071028804779051 -1.7982458114624025 5.5615527606010442 4.2402970490632237 3.23821282527026 -2.69380961920591 2.3351740888423391 4.4050279974937441 -3.4742200703847979 -1.8342783073926794 -0.82405266260179877 -7.3487315041678292 -0.9761287931473025 -6.4538048183917995 3.2846018610965637 -2.8852988994840918 0.24757945529457662 -0.50804320036346073 3.016064103828235 -0.038736409726350202 10.065750453472138 1.4103282237052919 -3.8037670878803027 6.6730641993609341 -0.82633077753788209 8.6313151399294537 8.4802300930023193 -7.0103675972331665 0.1341188294067979
leaf_weight=45 22717 20 27 20 27 34 149 27 24 21 29 411 21 62 20 21 58 294 234 22 23 20 20 68 22 579 24 20 22 240
leaf_count=45 22717 20 27 20 27 34 149 27 24 21 29 411 21 62 20 21 58 294 234 22 23 20 20 68 22 579 24 20 22 240
internal_value=3.68934e-09 -0.371946 2.4168 -0.454798 -0.361111 -0.439195 -0.523505 -0.233033 -0.915599 0.409069 -2.03542 -1.13614 -1.30594 -2.71057 -2.65739 0.315651 -4.07178 0.240595 0.372148 0.945866 4.10427 6.37306 -2.20811 0.025574 0.0478599 -0.506175 -0.252801 0.832407 0.16867 -0.4658
internal_weight=25321 1629 47 1582 1537 1517 1483 1244 603 641 239 579 552 141 189 50 79 614 593 359 65 42 169 23692 22739 953 885 306 282 262
internal_count=25321 1629 47 1582 1537 1517 1483 1244 603 641 239 579 552 141 189 50 79 614 593 359 65 42 169 23692 22739 953 885 306 282 262
is_linear=0
shrinkage=0.05


Tree=139
num_leaves=31
num_cat=0
split_feature=212 211 213 151 240 178 162 198 204 163 180 194 136 79 163 284 265 259 142 82 184 199 233 107 226 135 51 85 238 150
split_gain=98010.3 293757 359781 360690 402299 330365 332557 287714 327687 301776 489853 388939 302674 739259 494809 317770 294277 504849 280421 339466 279179 458608 351398 338562 591414 634520 494208 334391 277910 282291
threshold=-459.74999999999994 -66.249999999999986 330.25000000000006 3938.5249023437505 -924.24999999999989 852.75000000000011 1513.5000000000002 -68.249999999999986 175.25000000000003 -301.74999999999994 428.89230346679693 434.43272399902349 63.250000000000007 -457.74999999999994 -488.74999999999994 -702.86251831054676 -81.093021392822251 342.75000000000006 399.25000000000006 364.15950012207037 -422.74999999999994 -24.749999999999996 -1075.7499999999998 -1559.7499999999998 199.75000000000003 -1291.7499999999998 -1651.2499999999998 -932.24999999999989 -719.74999999999989 -128.24999999999997
decision_type=2 2 2 2 2 2 2 2 2 2 2 2 2 2 2 2 2 2 2 2 2 2 2 2 2 2 2 2 2 2
left_child=1 5 3 4 -3 6 7 9 -9 12 11 18 16 14 15 -14 -1 -18 -11 -20 21 22 -2 24 -22 -26 -27 -25 -6 -30
right_child=20 2 -4 -5 28 -7 -8 8 -10 10 -12 -13 13 -15 -16 -17 17 -19 19 -21 23 -23 -24 27 25 26 -28 -29 29 -31
leaf_value=0.037531750573339226 6.125646700913256 -2.0518625190888331 -3.5433329212665559 7.6320455421100961 7.0991644924337214 -3.6817923130974637 6.2124230991710316 8.5824140758812444 1.1922465272992848 -0.69677011243533349 -2.3705717331285658 5.0907783964702062 -1.423453625765714 0.45750856403394047 11.434473302629259 6.9819335678349379 8.9646839497089399 -0.58511136616429971 0.34328155355020007 6.6904012910250961 0.078244684441458615 -1.688756742360062 -0.230682806935673 -1.4276148433596187 0.69482185727074031 4.4451366395950318 14.849702727226983 0.025500431629060932 0.27306505636448747 2.4568511869646237
leaf_weight=6287 22 87 40 22 22 59 22 20 60 640 325 35 22 309 27 23 25 31 77 29 168 659 1864 408 42 25 21 13358 293 299
leaf_count=6287 22 87 40 22 22 59 22 20 60 640 325 35 22 309 27 23 25 31 77 29 168 659 1864 408 42 25 21 13358 293 299
internal_value=4.61346e-10 0.135327 1.07267 1.32805 1.13021 0.045827 0.0735539 0.0564799 3.03979 0.0259991 -0.739364 -0.0605651 0.15189 1.52065 6.08332 2.87263 0.0696738 3.67819 -0.30225 2.07976 -0.0715067 -0.553288 -0.156537 0.0159369 1.81758 5.13812 9.19505 -0.0175673 1.58109 1.37602
internal_weight=25321 8754 763 723 701 7991 7932 7910 80 7830 1106 781 6724 381 72 45 6343 56 746 106 16567 2545 1886 14022 256 88 46 13766 614 592
internal_count=25321 8754 763 723 701 7991 7932 7910 80 7830 1106 781 6724 381 72 45 6343 56 746 106 16567 2545 1886 14022 256 88 46 13766 614 592
is_linear=0
shrinkage=0.05


Tree=140
num_leaves=31
num_cat=0
split_feature=254 252 22 50 44 246 282 10 3 253 250 254 285 283 282 283 135 220 287 240 204 2 10 15 44 201 192 22 239 269
split_gain=97437 455893 385148 624454 561094 495200 473101 410977 806609 375029 368838 355818 320326 306279 274147 272622 301085 527717 341911 317421 357236 270264 451374 391432 366907 361692 349854 261510 275832 235348
threshold=603.25000000000011 717.25000000000011 1364.7500000000002 -223.24999999999997 1076.2500000000002 990.25000000000011 -344.74999999999994 -900.74999999999989 -491.24999999999994 945.25000000000011 488.82228088378912 316.75000000000006 270.72840881347662 182.75000000000003 -157.24999999999997 155.75000000000003 4089.0000000000005 3001.7500000000005 277.25000000000006 749.25000000000011 783.25000000000011 4150.7500000000009 3046.5000000000005 2095.2500000000005 1694.7500000000002 367.49374389648443 2004.2500000000002 -1362.7499999999998 1021.7500000000001 -145.24999999999997
decision_type=2 2 2 2 2 2 2 2 2 2 2 2 2 2 2 2 2 2 2 2 2 2 2 2 2 2 2 2 2 2
left_child=1 -1 3 7 5 -4 -6 27 -9 -8 13 -12 -5 14 -11 -2 17 18 -17 20 -20 22 23 24 -21 -25 -24 28 -3 -14
right_child=15 2 4 12 6 -7 9 8 -10 10 11 -13 29 -15 -16 16 -18 -19 19 21 -22 -23 26 25 -26 -27 -28 -29 -30 -31
leaf_value=-0.015097677917170586 -0.98881976066129806 7.1905664487318566 1.4489903159763502 5.1803930078233993 -2.3021063189657909 11.067390474677087 0.32889816625344037 13.103734230041505 1.3446565747261048 0.42882212877273562 2.4905302660805839 10.866546401381493 3.2151026265961784 -1.1086656184180788 8.0933965653181072 1.6118352073104416 -4.2279914546657258 7.2604711364816739 0.26480254710465673 0.43589216070485026 -3.7375610850160088 -4.4511550017765593 10.210952353477479 1.6518651854607367 7.1444961677898071 -4.9452234370367876 1.6736030626296998 -2.6393362583536089 -0.82077870908237649 -1.5664739977170088
leaf_weight=22518 883 22 23 21 63 32 107 25 35 20 21 32 28 38 28 292 37 27 100 277 126 28 20 31 22 63 30 33 21 318
leaf_count=22518 883 22 23 21 63 32 107 25 35 20 21 32 28 38 28 292 37 27 100 277 126 28 20 31 22 63 30 33 21 318
internal_value=-8.06098e-11 0.0282212 1.15331 0.256832 2.39213 7.04515 1.56392 3.15084 6.24427 2.554 4.26686 7.54775 -0.815607 2.24491 4.89982 -0.340885 0.202445 0.36379 0.175509 -0.426224 -1.9666 0.312897 0.614011 0.0447323 0.929502 -2.76959 5.08854 0.708658 3.27805 -1.17953
internal_weight=25321 23385 867 503 364 55 309 136 60 246 139 53 367 86 48 1936 1053 1016 989 697 226 471 443 393 299 94 50 76 43 346
internal_count=25321 23385 867 503 364 55 309 136 60 246 139 53 367 86 48 1936 1053 1016 989 697 226 471 443 393 299 94 50 76 43 346
is_linear=0
shrinkage=0.05


Tree=141
num_leaves=31
num_cat=0
split_feature=79 78 78 79 93 59 231 79 100 175 2 8 0 66 153 98 248 149 99 58 30 51 65 36 44 17 30 144 76 136
split_gain=93273.1 608467 409130 529581 409882 381330 492290 774111 1.33611e+06 1.30576e+06 397103 337597 333989 327544 318200 334413 310066 306215 277342 353551 323125 411650 267579 338136 327246 454770 247976 246081 241820 411243
threshold=-216.74999999999997 -19.749999999999996 535.25000000000011 155.25000000000003 793.25000000000011 -640.74999999999989 -555.74999999999989 -457.74999999999994 -768.24999999999989 -741.74999999999989 -1937.7499999999998 1808.7500000000002 -1073.7499999999998 -265.24999999999994 -620.54605102539051 76.750000000000014 -475.74999999999994 -408.24999999999994 478.75000000000006 657.75000000000011 11.250000000000002 183.75000000000003 1042.7500000000002 1205.2500000000002 -517.24999999999989 -432.24999999999994 1157.7500000000002 -2393.9074707031245 640.39248657226574 113.75000000000001
decision_type=2 2 2 2 2 2 2 2 2 2 2 2 2 2 2 2 2 2 2 2 2 2 2 2 2 2 2 2 2 2
left_child=1 11 -2 4 22 12 7 8 -7 -10 -8 -1 17 -5 -9 -16 -12 -3 19 20 21 -18 23 24 -4 -26 -25 -15 -27 -30
right_child=2 5 3 13 -6 6 10 14 9 -11 16 -13 -14 27 15 -17 18 -19 -20 -21 -22 -23 -24 26 25 28 -28 -29 29 -31
leaf_value=-0.002942133760136063 -0.54030434571918684 4.9585928656838156 -1.8871515989303589 -6.2349389734722322 7.4701652940114345 0.017933476735384035 7.8518217137455935 7.1948237884044648 2.1299792599678038 18.320781539425706 -2.4169493728213842 -3.9659782162419073 -3.0822172342829326 -4.6629006283623831 -0.9967767041606399 4.5380462897790448 1.5939201306976509 -1.9058884263038636 -1.0227572016364379 7.0373539377141885 -0.39865783124037513 8.0870725638591328 7.0265795898437506 -4.974642521994455 9.3211814268775619 0.77096767011387601 0.78826525474898523 0.031968262794507728 9.1710347776059749 1.1847532397508622
leaf_weight=11079 3675 33 48 21 30 39 20 20 20 33 72 54 94 28 104 37 399 32 139 27 212 26 20 35 23 145 40 8749 27 40
leaf_count=11079 3675 33 48 21 30 39 20 20 20 33 72 54 94 28 104 37 399 32 139 27 212 26 20 35 23 145 40 8749 27 40
internal_value=5.72307e-11 0.09765 -0.0943068 0.0837337 1.84475 1.11823 1.43607 3.38349 7.04223 12.211 0.885569 -0.0221646 -1.17662 0.00206813 1.29279 0.455624 0.72634 1.57916 1.00818 1.43333 1.1958 1.99115 1.39829 1.08386 1.87492 2.64334 -1.90109 0.0169909 1.91886 4.40311
internal_weight=25321 12440 12881 9206 408 1307 1148 253 92 53 895 11133 159 8798 161 141 875 65 803 664 637 425 378 358 283 235 75 8777 212 67
internal_count=25321 12440 12881 9206 408 1307 1148 253 92 53 895 11133 159 8798 161 141 875 65 803 664 637 425 378 358 283 235 75 8777 212 67
is_linear=0
shrinkage=0.05


Tree=142
num_leaves=31
num_cat=0
split_feature=152 131 282 273 104 215 131 117 285 33 5 124 173 131 292 280 254 20 57 142 13 121 37 44 40 121 152 145 273 117
split_gain=96563.3 736692 646915 436705 703242 575413 358025 372429 330657 375277 444552 332410 332175 329344 615482 317363 292830 284581 364917 283453 278526 280492 391641 476548 383178 266521 256389 286620 249245 247096
threshold=371.92245483398443 383.72898864746099 -617.24999999999989 112.75000000000001 -141.58874511718747 356.18798828125006 406.71083068847662 423.21299743652349 537.77215576171886 413.93663024902349 434.74908447265631 396.83491516113287 421.54011535644537 430.81007385253912 445.62002563476568 271.75000000000006 -1035.7499999999998 -1824.5990600585935 -1744.2499999999998 664.75000000000011 3630.098510742188 1419.5000000000002 1475.5000000000002 1657.2500000000002 420.03863525390631 1055.2500000000002 434.57849121093756 390.30697631835943 -1553.4999999999998 391.75526428222662
decision_type=2 2 2 2 2 2 2 2 2 2 2 2 2 2 2 2 2 2 2 2 2 2 2 2 2 2 2 2 2 2
left_child=1 28 -3 -4 5 -5 29 8 9 10 17 -10 -12 14 16 -11 -9 18 -8 -17 21 22 24 -24 26 -6 27 -19 -1 -2
right_child=6 2 3 4 25 -7 7 13 11 15 12 -13 -14 -15 -16 19 -18 20 -20 -21 -22 -23 23 -25 -26 -27 -28 -29 -30 -31
leaf_value=5.1159958759943649 -0.22820095292261772 11.022846059799194 0.50908708153613691 3.3927645115852361 -1.173562009283837 14.12042308807373 1.6208603024482728 5.1624037444591524 3.3555091517312188 -0.7413913698206025 2.1614945554733276 -3.8803500215823834 11.0648167332465 0.027662308506949753 -3.7071504303778724 0.28585868736483017 -0.51121590678592976 -3.2867117792367937 9.2297680084521954 6.0351801461643646 6.5366385698318483 -2.7722404571289712 11.110994368507749 1.8487184829828216 6.8751648187637331 5.3024897793928787 -1.590175723271855 1.7312900811607737 0.016442020549970654 -1.2031404925609885
leaf_weight=24 1665 20 232 25 47 25 40 24 21 341 20 65 22 5671 174 53 434 32 26 36 23 47 21 41 24 24 118 257 14703 1066
leaf_count=24 1665 20 232 25 47 25 40 24 21 341 20 65 22 5671 174 53 434 32 26 36 23 47 21 41 24 24 118 257 14703 1066
internal_value=-2.64008e-09 0.080333 2.27479 1.77915 4.21431 8.75659 -0.11868 0.0600099 0.872465 1.1057 1.84466 -2.11345 6.82514 -0.092994 -1.17566 -0.047436 -0.213908 1.51211 4.61831 2.61143 1.14797 0.91845 1.2703 4.98594 0.7358 1.01553 0.373774 1.17566 0.0247526 -0.608752
internal_weight=25321 15100 373 353 121 50 10221 7490 1187 1101 671 86 42 6303 632 430 458 629 66 89 563 540 493 62 431 71 407 289 14727 2731
internal_count=25321 15100 373 353 121 50 10221 7490 1187 1101 671 86 42 6303 632 430 458 629 66 89 563 540 493 62 431 71 407 289 14727 2731
is_linear=0
shrinkage=0.05


Tree=143
num_leaves=31
num_cat=0
split_feature=227 62 150 212 177 275 240 30 204 156 163 155 178 114 107 133 134 49 276 253 238 58 137 107 226 113 185 197 265 100
split_gain=93408.8 294917 279622 228721 311536 269315 300692 311572 318177 285694 384985 580912 284700 382864 803038 501708 375326 424545 292895 385434 238477 238363 310621 223874 677677 480612 363174 316242 363573 273790
threshold=-843.24999999999989 3832.134887695313 -3365.7499999999995 -582.24999999999989 -809.74999999999989 -1325.4999999999998 -1532.2499999999998 1820.2500000000002 -285.24999999999994 -1425.4999999999998 -1016.2499999999999 -555.74999999999989 -435.24999999999994 -364.74999999999994 -472.74999999999994 -607.74999999999989 668.75000000000011 929.25000000000011 -707.74999999999989 -515.24999999999989 122.75000000000001 1420.2500000000002 2545.0725097656255 -1559.7499999999998 191.75000000000003 -883.24999999999989 492.75000000000006 138.25000000000003 -360.10302734374994 -1749.4999999999998
decision_type=2 2 2 2 2 2 2 2 2 2 2 2 2 2 2 2 2 2 2 2 2 2 2 2 2 2 2 2 2 2
left_child=1 -1 -2 5 -5 -4 -7 8 12 -10 11 -11 13 18 -15 -16 -17 -18 19 -8 -9 22 -12 24 27 26 29 28 -6 -26
right_child=2 -3 3 4 23 6 7 20 9 10 21 -13 -14 14 15 16 17 -19 -20 -21 -22 -23 -24 -25 25 -27 -28 -29 -30 -31
leaf_value=-0.32428426051022485 5.6674828377636999 5.4883936751972549 -4.3070143895764508 -0.78917119264692093 0.083471726109315691 6.3383479095640638 0.55430724007742749 -3.1172432437956892 -1.3287052131326575 2.4594740434793327 1.2072525309604463 12.204054470062257 -0.71391084558694562 10.717728967467945 7.8578472596627691 0.13439037833057466 9.4088528671264662 0.098754759505391129 0.11086412046551584 9.1226220721290225 1.8631055891513826 5.5520711135864262 -4.4719329319000245 -0.024169934585767581 -1.2040859371596992 11.569171729087831 8.7004380271548314 -1.6114709457774072 5.5451402831645247 5.5544528067111969
leaf_weight=2692 22 22 31 1333 111 21 35 107 95 65 652 20 683 24 27 305 25 24 2484 21 31 30 25 16130 43 20 21 157 42 23
leaf_count=2692 22 22 31 1333 111 21 35 107 95 65 652 20 683 24 27 305 25 24 2484 21 31 30 25 16130 43 20 21 157 42 23
internal_value=2.90671e-10 -0.277166 0.0332741 0.0277859 -0.0538365 0.337968 0.368776 0.341834 0.413365 1.26225 1.57303 4.75232 0.205824 0.419127 1.84683 1.28804 0.786951 4.8488 0.191481 3.76743 -1.99847 1.1908 0.997534 0.0054009 1.14923 4.58009 2.9734 -0.0349667 1.58275 1.15116
internal_weight=25321 2714 22607 22585 17880 4705 4674 4653 4515 887 792 85 3628 2945 405 381 354 49 2540 56 138 707 677 16547 417 107 87 310 153 66
internal_count=25321 2714 22607 22585 17880 4705 4674 4653 4515 887 792 85 3628 2945 405 381 354 49 2540 56 138 707 677 16547 417 107 87 310 153 66
is_linear=0
shrinkage=0.05


Tree=144
num_leaves=31
num_cat=0
split_feature=110 124 240 145 282 50 57 183 275 280 106 238 199 86 113 154 183 171 169 174 159 288 166 166 240 289 163 240 173 89
split_gain=94667.1 340341 648696 316921 326549 188034 510627 340174 214614 201515 236690 187789 358766 243424 234381 182329 249297 213070 197745 243431 163218 374172 206362 216358 262471 217804 205756 205330 181860 410220
threshold=744.84381103515636 700.57888793945324 -1331.4999999999998 700.57888793945324 -337.24999999999994 2493.2500000000005 1773.2500000000002 1485.7500000000002 -1207.7499999999998 -184.74999999999997 -1908.7499999999998 12.750000000000002 1452.2500000000002 -209.74999999999997 -918.74999999999989 482.25000000000006 527.75000000000011 950.25000000000011 -407.24999999999994 -253.74344635009763 630.97421264648449 84.250000000000014 679.19335937500011 700.57888793945324 -192.24999999999997 -389.74999999999994 -1078.2499999999998 158.25000000000003 594.14135742187511 661.46316528320324
decision_type=2 2 2 2 2 2 2 2 2 2 2 2 2 2 2 2 2 2 2 2 2 2 2 2 2 2 2 2 2 2
left_child=1 20 -3 4 -4 6 7 8 -2 -10 -11 14 13 -13 -5 16 18 -17 -12 -20 28 26 -23 24 -24 -25 -22 -27 -1 -30
right_child=5 2 3 11 -6 -7 -8 -9 9 10 15 12 -14 -15 -16 17 -18 -19 19 -21 21 22 23 25 -26 27 -28 -29 29 -31
leaf_value=-0.0038370556152780553 3.0144647094938493 10.373418558211554 8.8927697378656134 1.8266087417602539 0.46727328611456831 -2.6843171100769392 5.3040904572135528 4.2198548778410885 -3.7376497953771111 3.0574498371644454 -3.5390129003454662 1.0325381835301719 -3.0732342834472659 8.501446371078492 -4.2880721818833125 3.6142496816573608 -6.3472930610179903 -3.0051784825325014 4.4181295757293704 -2.3145230885209709 -6.3949585181336071 -1.4013802327833123 8.2989334316225722 -4.2577545821666716 0.19845604181289675 -0.66219574027374151 -1.3797792453032276 4.1868248985094185 0.47180252106114146 5.359037715074968
leaf_weight=23805 27 21 23 25 23 95 38 31 83 33 51 24 25 20 42 31 32 20 25 29 43 181 20 24 20 61 39 34 347 49
leaf_count=23805 27 21 23 25 23 95 38 31 83 33 51 24 25 20 42 31 32 20 25 29 43 181 20 24 20 61 39 34 347 49
internal_value=3.40359e-12 0.0136514 2.05255 1.09245 4.68002 -0.684668 -0.209751 -0.788552 -1.25762 -1.63705 -0.848131 -0.120991 1.70984 4.4275 -2.00647 -1.53369 -2.48373 1.0184 -1.30626 0.802446 -0.00315792 -0.97802 -0.246853 1.06742 4.24869 -0.001916 -4.00969 1.07324 0.013841 1.07654
internal_weight=25321 24826 203 182 46 495 400 362 331 304 221 136 69 44 67 188 137 51 105 54 24623 422 340 159 40 119 82 95 24201 396
internal_count=25321 24826 203 182 46 495 400 362 331 304 221 136 69 44 67 188 137 51 105 54 24623 422 340 159 40 119 82 95 24201 396
is_linear=0
shrinkage=0.05


Tree=145
num_leaves=31
num_cat=0
split_feature=282 289 269 252 226 183 184 1 149 136 1 31 28 291 123 105 146 109 213 163 6 141 194 262 16 2 58 280 17 24
split_gain=94363.5 221444 250120 302692 325180 308999 300164 255760 251251 270190 250252 284574 244077 602924 754108 320451 419417 291475 401633 748398 445792 406188 303333 261882 254574 244070 283483 335566 240371 272720
threshold=-517.74999999999989 -518.99999999999989 1047.5000000000002 967.75000000000011 302.75000000000006 905.25000000000011 240.25000000000003 2796.7500000000005 1058.2500000000002 845.50000000000011 28.250000000000004 -194.74999999999997 -567.74999999999989 -870.05252075195301 -447.83248901367182 -2772.7499999999995 -3878.008666992187 633.08001708984386 -987.24999999999989 -1882.2499999999998 3650.269897460938 2527.7500000000005 661.46316528320324 -1066.9999999999998 -1646.2499999999998 215.50000000000003 238.75000000000003 -510.24999999999994 -1017.2499999999999 -817.24999999999989
decision_type=2 2 2 2 2 2 2 2 2 2 2 2 2 2 2 2 2 2 2 2 2 2 2 2 2 2 2 2 2 2
left_child=1 12 3 4 10 6 -6 8 9 -7 -3 -12 13 15 -15 16 -1 -14 19 -19 21 25 -22 -17 -16 -20 -27 -28 -26 -30
right_child=-2 2 -4 -5 5 7 -8 -9 -10 -11 11 -13 17 14 24 23 -18 18 20 -21 22 -23 -24 -25 28 26 27 -29 29 -31
leaf_value=-2.6974996113258864 0.033780940903281674 -0.28243694048221796 4.9482020092010508 -4.4705946885633701 1.1236044306580613 -1.8767009759560609 7.6435271908198636 3.3487519079293961 -4.438762759580845 5.0531798685138876 -4.4647057130540677 -1.1938830810746079 -1.8419714863385472 10.390944893921123 -1.8112015267213186 -3.9618717287267957 5.5142892743150398 -2.3716135157988623 -2.9219888317818739 8.6976598522953079 -0.96153081757681713 7.3765155928475528 -8.015111568239 -0.013683590754157022 7.580296389261882 5.7213762212682653 -2.5045654100085066 2.6560735184950608 -2.4932828011720076 4.981113512240924
leaf_weight=23 22558 876 20 51 41 39 31 39 41 22 76 532 210 34 33 56 48 26 51 37 35 21 27 168 24 27 63 63 23 26
leaf_count=23 22558 876 20 51 41 39 31 39 41 22 76 532 210 34 33 56 48 26 51 37 35 21 27 168 24 27 63 63 23 26
internal_value=-1.0335e-09 -0.275798 -0.611599 -0.675212 -0.561149 1.26576 3.93079 -0.0951016 -1.41187 0.6226 -0.823368 -1.60274 0.320881 1.20941 3.91152 -0.0729501 2.85413 -0.369315 0.514278 4.12939 -0.279282 0.755145 -4.03325 -1.00073 1.83322 0.073533 1.07204 0.0757541 3.48069 1.47272
internal_weight=25321 2763 1768 1748 1697 213 72 141 102 61 1484 608 995 435 140 295 71 560 350 63 287 225 62 224 106 204 153 126 73 49
internal_count=25321 2763 1768 1748 1697 213 72 141 102 61 1484 608 995 435 140 295 71 560 350 63 287 225 62 224 106 204 153 126 73 49
is_linear=0
shrinkage=0.05


Tree=146
num_leaves=31
num_cat=0
split_feature=282 246 254 281 5 195 154 90 121 215 117 36 207 222 23 2 12 111 46 78 86 147 289 202 274 248 283 288 146 80
split_gain=92204.4 259175 309831 178411 160209 125398 299488 380197 270250 432180 363641 207521 353397 220238 205467 316352 463638 387039 233114 246215 393621 432465 407280 372713 599611 345502 218013 253045 288418 537710
threshold=835.00000000000011 2733.7500000000005 1364.7500000000002 1638.2500000000002 376.68766784667974 4044.8466796875005 4099.5000000000009 4965.7336425781259 3231.2500000000005 403.55372619628912 601.57815551757824 4322.0000000000009 4539.5598144531259 569.17248535156261 3079.5000000000005 3194.7500000000005 553.73107910156261 2738.452758789063 4444.1674804687509 2659.0000000000005 1735.7500000000002 2286.2500000000005 -103.24999999999999 1365.685729980469 393.25000000000006 920.25000000000011 98.250000000000014 77.750000000000014 1437.7136840820315 1691.5000000000002
decision_type=2 2 2 2 2 2 2 2 2 2 2 2 2 2 2 2 2 2 2 2 2 2 2 2 2 2 2 2 2 2
left_child=3 2 4 5 -2 8 -7 -8 11 -10 -11 14 13 -13 15 18 17 -17 19 -1 -21 23 25 24 -22 -23 27 -20 -29 -30
right_child=1 -3 -4 -5 -6 6 7 -9 9 10 -12 12 -14 -15 -16 16 -18 -19 26 20 21 22 -24 -25 -26 -27 -28 28 29 -31
leaf_value=-2.7801289826157577e-05 5.8379686450958257 6.6181702923774726 -4.743308065154336 -3.4290959157441794 -0.066285501586066359 6.940958947214213 5.2098875750666087 -2.9349699572512979 -8.9042254877090468 -0.065513948063681451 -7.1682484020789463 -1.2692661561965943 8.2164838600158685 4.0427969202399252 -1.267497264623219 -1.5521867198944093 9.4341797238304519 5.8767393642001684 -3.8462892124527381 7.5372539639472969 -2.4444030523300171 9.9424453783035283 -1.2585583686828614 -1.299630764093292 9.3931041344352391 2.4154952364583173 -3.1167531146030676 -3.0486471939086917 9.3094007219587063 0.18706284488950459
leaf_weight=23815 20 20 22 38 27 22 23 38 20 127 21 50 20 32 317 50 21 27 38 24 20 30 27 178 23 31 114 35 21 70
leaf_count=23815 20 20 22 38 27 22 23 38 20 127 21 50 20 32 317 50 21 27 38 24 20 30 27 178 23 31 114 35 21 70
internal_value=-1.47655e-09 1.60652 0.153868 -0.00566663 2.44616 -0.000503083 1.93975 0.136042 -0.00691627 -2.00558 -1.07333 0.00654547 2.25721 0.803734 -0.00269604 0.0136529 2.84878 1.05276 0.00227807 0.0188514 1.36903 0.889941 3.85423 -0.290412 3.88729 6.11727 -1.43734 -0.269938 0.808644 2.29222
internal_weight=25321 89 69 25232 47 25194 83 61 25111 168 148 24943 102 82 24841 24524 98 77 24426 24148 333 309 88 221 43 61 278 164 126 91
internal_count=25321 89 69 25232 47 25194 83 61 25111 168 148 24943 102 82 24841 24524 98 77 24426 24148 333 309 88 221 43 61 278 164 126 91
is_linear=0
shrinkage=0.05


Tree=147
num_leaves=31
num_cat=0
split_feature=280 150 106 243 241 205 169 37 283 289 269 190 292 79 225 201 68 246 6 120 28 254 214 268 54 124 218 223 281 287
split_gain=90582 180772 512576 187136 251235 190291 215859 142338 133458 214308 257317 237354 275535 442506 347435 258403 305913 196311 266042 193594 281893 135637 293357 336542 332036 638939 300482 583695 517579 305991
threshold=-934.74999999999989 1833.2500000000002 1593.2500000000002 609.70101928710949 -367.24999999999994 -1425.4999999999998 -1320.4999999999998 -3167.9999999999995 -951.99999999999989 -674.74999999999989 -1006.7499999999999 -1883.2499999999998 904.46777343750011 2513.7500000000005 1740.7500000000002 553.73107910156261 521.28231811523449 -473.74999999999994 -1069.146057128906 580.25000000000011 1200.5000000000002 -1081.7499999999998 1652.447448730469 -846.24999999999989 492.29144287109381 448.89111328125006 -1051.2499999999998 -1323.6056518554685 147.75000000000003 -389.74999999999994
decision_type=2 2 2 2 2 2 2 2 2 2 2 2 2 2 2 2 2 2 2 2 2 2 2 2 2 2 2 2 2 2
left_child=1 2 3 4 5 6 7 -1 -2 10 -10 -12 13 14 15 16 17 18 -13 -19 -21 22 24 -24 26 -26 -11 28 -28 -29
right_child=8 -3 -4 -5 -6 -7 -8 -9 9 21 11 12 -14 -15 -16 -17 -18 19 -20 20 -22 -23 23 -25 25 -27 27 29 -30 -31
leaf_value=2.0086273450117846 -3.322494990626971 -5.0241675914575659 7.00942980448405 -4.0435392122798497 4.3239976634581891 -3.1737721891914097 3.863142294308235 -2.3885012287942189 5.777728756836483 -1.000645527350051 5.9769484383719309 -0.75899010819773527 4.9350013524293903 -4.8527764797210695 6.7988163047216164 -2.5064669430255893 7.0101763343811037 -2.4322085103263027 5.5600409684909717 6.0003966933205017 -2.0120468554289448 -0.030881680956942843 -3.885884613543749 0.86762690168537504 10.402948405525901 1.5603363044195242 2.5025554568959136 4.4125628439155786 11.294640905206855 -0.40232821632604132
leaf_weight=26 30 24 21 45 24 70 29 63 28 294 21 31 32 40 22 64 20 69 36 21 23 23397 76 73 22 286 70 37 22 305
leaf_count=26 30 24 21 45 24 70 29 63 28 294 21 31 32 40 22 64 20 69 36 21 23 23397 76 73 22 286 70 37 22 305
internal_value=1.12078e-10 -0.86076 -0.501329 -1.11505 -0.493435 -1.10843 0.116778 -1.10395 0.0103901 0.0143913 1.15235 0.810634 0.507582 0.0729883 0.761906 0.258831 1.14373 0.491898 2.63631 -0.779568 1.81207 -0.00444969 0.517432 -1.55698 0.815779 2.19195 0.233552 1.06962 4.60501 0.118581
internal_weight=25321 302 278 257 212 188 118 89 25019 24989 407 379 358 326 286 264 200 180 67 113 44 24582 1185 149 1036 308 728 434 92 342
internal_count=25321 302 278 257 212 188 118 89 25019 24989 407 379 358 326 286 264 200 180 67 113 44 24582 1185 149 1036 308 728 434 92 342
is_linear=0
shrinkage=0.05


Tree=148
num_leaves=31
num_cat=0
split_feature=81 47 289 155 117 187 149 184 184 268 185 266 140 20 183 10 57 266 12 135 155 281 213 121 0 258 260 248 47 86
split_gain=93572.3 344648 736662 335210 563155 1.1606e+06 446723 430087 723545 329462 501632 309450 349621 306774 524294 409573 324562 276222 357430 247563 742538 592914 365885 297462 250788 358617 245745 326594 579666 244598
threshold=964.77999877929699 167.84690093994143 -79.749999999999986 235.25000000000003 247.04831695556643 248.58699035644534 -157.74999999999997 200.25000000000003 250.25000000000003 -386.74999999999994 847.75000000000011 401.75000000000006 -1359.7499999999998 130.77295684814456 1276.2500000000002 -1066.4999999999998 860.25000000000011 329.75000000000006 394.32269287109381 -320.24999999999994 -411.24999999999994 110.25000000000001 -857.24999999999989 -277.24999999999994 271.25000000000006 -13.540781021118162 1957.7500000000002 1589.2500000000002 402.55702209472662 -990.24999999999989
decision_type=2 2 2 2 2 2 2 2 2 2 2 2 2 2 2 2 2 2 2 2 2 2 2 2 2 2 2 2 2 2
left_child=26 2 -2 4 5 -3 -5 11 -9 -10 -11 17 -13 14 15 -8 -17 19 -19 23 21 -21 -22 -6 25 -24 27 -1 -29 -15
right_child=1 3 -4 6 7 -7 13 8 9 10 -12 12 -14 29 -16 16 -18 18 -20 20 22 -23 24 -25 -26 -27 -28 28 -30 -31
leaf_value=-0.066975568035227223 11.719536980390551 -1.4988746415485037 -0.66881620486577353 -2.1527888290312611 0.43209180578993661 15.143251025006174 -4.2043264692829503 11.376699261043385 -3.697970573992833 0.86859427121969368 9.7574423940408792 4.5975209149447354 -2.0432606567591427 -4.1634922014342415 9.5693110918998716 1.2224031580964456 7.8647517783301213 -0.37749815214247934 8.4709061660766611 1.8552711123511907 6.1249558923641843 13.736769639878046 -0.87492105179819579 -1.9393294707600832 -0.200047629204402 6.6437745094299316 -5.2268446010092031 -0.46798160746693612 10.075144269249655 -0.027291032960338354
leaf_weight=17828 20 22 30 247 811 20 31 23 23 65 21 22 200 36 20 148 21 21 25 21 30 21 29 158 311 35 23 32 22 5005
leaf_count=17828 20 22 30 247 811 20 31 23 23 65 21 22 200 36 20 148 21 21 25 21 30 21 29 158 311 35 23 32 22 5005
internal_value=1.2792e-09 0.14935 4.28653 0.121267 0.702014 6.42595 -0.0746348 0.569633 3.318 1.61754 3.03913 0.354203 -1.38517 0.0229329 1.85058 1.07871 2.04778 0.61832 4.43142 0.494448 1.46784 7.79602 0.811588 0.0454204 0.386519 3.23687 -0.0618587 -0.0552154 3.82737 -0.0568295
internal_weight=25321 7416 50 7366 1858 42 5508 1816 132 109 86 1684 222 5261 220 200 169 1462 46 1416 447 42 405 969 375 64 17905 17882 54 5041
internal_count=25321 7416 50 7366 1858 42 5508 1816 132 109 86 1684 222 5261 220 200 169 1462 46 1416 447 42 405 969 375 64 17905 17882 54 5041
is_linear=0
shrinkage=0.05


Tree=149
num_leaves=31
num_cat=0
split_feature=154 258 268 102 162 205 247 225 26 257 264 211 171 162 168 152 267 280 154 147 140 150 6 4 288 26 184 33 54 285
split_gain=92809.5 332562 281418 353088 158907 140031 203735 306830 307393 205738 248161 170262 207657 129558 228637 323735 266967 337615 266607 676855 203738 243798 198354 302577 185516 197076 235041 397970 314006 218912
threshold=-2280.4999999999995 -2064.122192382812 23.250000000000004 -3088.454956054687 -2261.9999999999995 -1853.7499999999998 -2128.2499999999995 -1806.2499999999998 429.15834045410162 382.34977722167974 542.71502685546886 -1044.4999999999998 -2446.4999999999995 -1484.2499999999998 -1506.7499999999998 281.91824340820318 -705.99999999999989 -510.24999999999994 -1367.7499999999998 -1408.7499999999998 -2376.4999999999995 -2092.7499999999995 -1625.6589355468748 -3124.9899902343745 575.50000000000011 393.06587219238287 -1495.2499999999998 377.87043762207037 325.86634826660162 557.84716796875011
decision_type=2 2 2 2 2 2 2 2 2 2 2 2 2 2 2 2 2 2 2 2 2 2 2 2 2 2 2 2 2 2
left_child=2 -2 5 -4 -3 6 9 8 -8 -1 -11 12 -9 20 15 -15 -17 -18 22 -20 21 -6 23 -19 25 26 27 -22 -28 -27
right_child=1 4 3 -5 13 -7 7 11 -10 10 -12 -13 -14 14 -16 16 17 18 19 -21 24 -23 -24 -25 -26 29 28 -29 -30 -31
leaf_value=1.8357269334793092 4.8157827203472463 4.4616459083557132 -2.6000126773118972 5.7280468698910312 6.3539700020443313 -2.1983854550739816 8.5142501371247441 -3.1812584287779675 0.30854363250732425 -7.9379524906476338 -1.2973743305486793 3.046483973356394 1.0134480121673322 5.5558621874222389 0.0032782108092627607 -3.2035421289895711 6.0162667838009929 -2.0944263356827921 10.647934596879143 0.62368727319380823 -1.5828034218980886 -0.57573283457507685 -2.0504454156787126 4.6889316947119575 3.8494417524337772 -2.6413601759451728 5.7038632961681914 4.048747163348728 -1.2064196155917262 0.75532028392209849
leaf_weight=20 36 20 20 35 22 174 21 70 25 24 34 26 51 39 23667 38 33 31 21 85 244 30 97 35 20 242 35 36 31 59
leaf_count=20 36 20 20 35 22 174 21 70 25 24 34 26 51 39 23667 38 33 31 21 85 244 30 97 35 20 242 35 36 31 59
internal_value=8.43834e-10 0.0135863 -0.674451 2.69966 0.00661115 -1.09148 -0.380767 0.490773 4.05463 -2.53727 -4.0452 -0.624447 -1.41324 0.0030133 0.0227888 1.24114 0.746219 1.24321 0.657666 2.60962 -0.65835 2.35606 -0.611704 1.50281 -0.893357 -1.03997 -0.226049 -0.858747 2.45812 -1.97557
internal_weight=25321 24821 500 55 24785 445 271 193 46 78 58 147 121 24765 24046 379 340 302 269 106 719 52 163 66 667 647 346 280 66 301
internal_count=25321 24821 500 55 24785 445 271 193 46 78 58 147 121 24765 24046 379 340 302 269 106 719 52 163 66 667 647 346 280 66 301
is_linear=0
shrinkage=0.05


Tree=150
num_leaves=31
num_cat=0
split_feature=250 257 218 121 100 131 211 227 156 285 7 187 289 243 12 5 257 250 285 190 17 30 186 152 222 289 121 72 66 277
split_gain=90897.1 494666 350758 381578 662941 446976 413035 400885 928303 426072 390698 388776 309644 272888 318974 580183 261622 356334 315134 443504 461795 299546 263740 785535 259372 305590 326740 334554 644729 255050
threshold=407.96997070312506 391.54676818847662 -1212.2499999999998 269.75000000000006 592.75000000000011 401.02194213867193 2384.5000000000005 -532.74999999999989 -482.74999999999994 384.77679443359381 -322.74999999999994 384.93997192382818 -239.74999999999997 374.04627990722662 268.32466125488287 259.41618347167974 343.77383422851568 325.63441467285162 379.94023132324224 628.25000000000011 -655.74999999999989 -2741.9999999999995 2214.454956054688 295.31779479980474 410.80488586425787 -67.749999999999986 -1291.9999999999998 537.75000000000011 1309.7500000000002 1284.102478027344
decision_type=2 2 2 2 2 2 2 2 2 2 2 2 2 2 2 2 2 2 2 2 2 2 2 2 2 2 2 2 2 2
left_child=1 13 -3 4 5 -4 10 8 9 -7 -5 -9 -11 16 15 -15 17 18 -1 20 -20 -18 29 -24 25 -2 -27 -28 -29 -23
right_child=24 2 3 6 -6 7 -8 11 -10 12 -12 -13 -14 14 -16 -17 21 -19 19 -21 -22 22 23 -25 -26 26 27 28 -30 -31
leaf_value=0.055736140833503423 -1.3191477882432874 -2.9372356365311822 0.3965442285458477 5.0172407981008291 10.905400110781194 -1.7042536304843041 7.0680810329318051 7.538909997389867 14.10814972718557 1.504008788558153 -0.73488413203419667 1.0623809428562021 8.8500560700893409 -1.1789620578289033 -0.73227629248182158 9.6569922174726219 3.5548872405026533 -0.6433238113858083 1.748946577927162 -0.83933136962180921 11.125170389811199 0.48016341235442433 11.420142237345379 1.0034648586548012 -0.03150004862676814 6.9850568530708559 -1.6119770337124262 10.469840228557587 -0.43739881515502932 -1.1952956902910956
leaf_weight=10382 805 53 346 32 20 31 20 26 24 26 381 213 32 30 1642 21 79 2019 29 43 24 2015 21 131 6440 20 98 20 42 256
leaf_count=10382 805 53 346 32 20 31 20 26 24 26 381 213 32 30 1642 21 79 2019 29 43 24 2015 21 131 6440 20 98 20 42 256
internal_value=-4.08598e-10 0.0610204 1.03981 1.22294 1.92992 1.67274 0.0506293 2.92718 5.38115 3.0278 -0.289199 1.76694 5.557 -0.00957998 -0.611323 3.2829 0.0583413 -0.0350953 0.0821039 2.93367 5.99478 0.525039 0.426253 2.44261 -0.147074 -0.902701 0.959741 0.206577 3.08107 0.291296
internal_weight=25321 17896 1204 1151 718 698 433 352 113 89 413 239 58 16692 1693 51 14999 12497 10478 96 53 2502 2423 152 7425 985 180 160 62 2271
internal_count=25321 17896 1204 1151 718 698 433 352 113 89 413 239 58 16692 1693 51 14999 12497 10478 96 53 2502 2423 152 7425 985 180 160 62 2271
is_linear=0
shrinkage=0.05


Tree=151
num_leaves=31
num_cat=0
split_feature=215 95 194 194 100 4 209 33 259 82 222 147 57 91 220 205 233 68 268 276 124 145 283 68 254 43 215 254 259 250
split_gain=89449 344683 295941 206684 198494 453628 551613 390197 363201 314769 343013 255674 266912 392806 294742 286229 247575 303887 239590 357241 228557 216909 179731 170685 167295 157101 151187 272713 299967 326009
threshold=644.34121704101574 5735.3874511718759 609.70101928710949 644.34121704101574 492.25000000000006 2917.4824218750005 619.14193725585949 480.24928283691412 -404.74999999999994 587.72634887695324 1012.183807373047 1249.2500000000002 1773.2500000000002 707.75000000000011 719.25000000000011 -499.24999999999994 -673.74999999999989 852.46588134765636 837.00000000000011 465.25000000000006 661.46316528320324 797.33575439453136 36.250000000000007 553.73107910156261 -312.74999999999994 4312.5000000000009 569.17248535156261 1140.5000000000002 1060.5000000000002 529.70809936523449
decision_type=2 2 2 2 2 2 2 2 2 2 2 2 2 2 2 2 2 2 2 2 2 2 2 2 2 2 2 2 2 2
left_child=1 26 23 22 11 6 8 -8 -6 25 18 12 13 14 15 16 -5 24 19 20 -11 -22 -4 -2 -18 -7 -1 28 29 -28
right_child=2 -3 3 4 5 9 7 -9 -10 10 -12 -13 -14 -15 -16 -17 17 -19 -20 -21 21 -23 -24 -25 -26 -27 27 -29 -30 -31
leaf_value=-0.010899781052442043 -1.5977901464284854 6.274604320526123 0.44667311818338934 -1.356658424651096 5.2905981790451779 -1.9067038761868198 0.8664369446890694 9.3201101446763062 -2.5932457759976391 4.9601974081993108 6.6324995313371931 -5.8076363351609972 3.3956356334686277 -6.2211151640755791 3.986022380090529 -3.5730670960112052 3.2928737748946464 7.2876715731620791 4.0873831901550295 -6.4199383488068209 -4.4367016001983925 2.0266649601459501 6.3996613230024071 -6.6140965597970158 -1.6966173262823199 -6.7361119338444304 3.8200846897412655 -3.8753658518195153 5.3590674645560128 0.31821199355099727
leaf_weight=23427 43 22 32 181 21 85 21 39 48 20 21 27 35 35 31 88 28 20 25 26 27 25 21 28 42 21 73 32 35 742
leaf_count=23427 43 22 32 181 21 85 21 39 48 20 21 27 35 35 31 88 28 20 25 26 27 25 21 28 42 21 73 32 35 742
internal_value=-6.11479e-10 0.0189564 -0.465886 -0.225601 -0.411102 0.446982 2.85509 6.36132 -0.193815 -0.7956 0.726585 -1.07889 -0.801335 -1.14697 -0.691596 -1.09551 -0.290993 1.85218 -0.281741 -1.39631 0.417773 -1.32931 2.8054 -3.57605 0.299179 -2.86347 0.0132949 0.655936 0.826526 0.631877
internal_weight=25321 24331 990 919 866 379 129 60 69 250 144 487 460 425 390 359 271 90 123 98 72 52 53 71 70 106 24309 882 850 815
internal_count=25321 24331 990 919 866 379 129 60 69 250 144 487 460 425 390 359 271 90 123 98 72 52 53 71 70 106 24309 882 850 815
is_linear=0
shrinkage=0.05


Tree=152
num_leaves=31
num_cat=0
split_feature=281 157 219 195 154 269 128 94 264 269 275 184 235 286 275 185 177 143 239 163 276 176 280 92 289 267 19 59 178 126
split_gain=90151.1 410621 455472 208373 247499 393320 188148 253437 226205 199571 173162 164616 163935 146611 219588 245460 213201 372785 346896 317986 363049 460700 347627 317902 360472 347998 392143 296988 221057 343667
threshold=1638.2500000000002 3044.0000000000005 1839.0000000000002 4044.8466796875005 4099.5000000000009 697.25000000000011 3128.0000000000005 4205.0000000000009 445.66691589355474 307.25000000000006 -668.74999999999989 2483.7500000000005 3797.3725585937505 1692.2800292968752 364.75000000000006 2711.7500000000005 1737.0000000000002 1310.2500000000002 306.25000000000006 1655.7500000000002 -266.24999999999994 2612.7500000000005 8.2500000000000018 2255.5000000000005 -65.749999999999986 969.75000000000011 378.98440551757818 1812.2500000000002 1470.5000000000002 1935.5000000000002
decision_type=2 2 2 2 2 2 2 2 2 2 2 2 2 2 2 2 2 2 2 2 2 2 2 2 2 2 2 2 2 2
left_child=3 2 -2 6 -5 -6 7 13 -8 10 -10 -11 -12 16 -15 -16 28 -18 -19 27 21 -21 -22 -24 25 26 -25 -20 -1 -30
right_child=1 -3 -4 4 5 -7 8 -9 9 11 12 -13 -14 14 15 -17 17 18 19 20 22 -23 23 24 -26 -27 -28 -29 29 -31
leaf_value=0.016268389809081789 -3.3110819657643642 -6.2532916363080346 6.905521196126938 6.9013804207677429 -3.3021274280548099 4.6082202965562997 3.3406783056259162 4.5261109644366853 -3.9617413697419348 -2.1403907098268209 -1.1824131621633256 -7.0949816171328228 4.4055826981862394 -5.1084016617706851 -2.7015099331387322 4.359582344293595 6.8638304875447211 -3.6228674389067153 8.2846175704683578 10.212881914206914 -3.1147692127936129 -0.26044224784487774 -1.0965384413798651 10.022496987134218 -2.1604751269022624 0.1874090523946853 2.5101662347191258 1.124602615038554 -1.4783673738214105 0.85083331697063369
leaf_weight=23585 24 30 20 23 30 33 20 31 27 38 35 30 21 35 32 20 26 42 28 21 69 21 114 32 33 42 38 30 572 219
leaf_count=23585 24 30 20 23 30 33 20 31 27 38 35 30 21 35 32 20 26 42 28 21 69 21 114 32 33 42 38 30 572 219
internal_value=1.61322e-10 -1.74263 1.33283 0.00510771 2.46208 0.841388 -0.00329021 0.00802001 -1.65617 -2.318 -0.672702 -4.32624 0.913085 0.00240837 -2.04656 0.0142948 0.00957548 1.03582 0.713416 1.13894 0.599347 4.97622 0.0388941 0.879059 2.43229 3.78551 5.94437 4.58116 -0.0113064 -0.833494
internal_weight=25321 74 44 25247 86 63 25161 24990 171 151 83 68 56 24959 87 52 24872 496 470 428 370 42 328 259 145 112 70 58 24376 791
internal_count=25321 74 44 25247 86 63 25161 24990 171 151 83 68 56 24959 87 52 24872 496 470 428 370 42 328 259 145 112 70 58 24376 791
is_linear=0
shrinkage=0.05


Tree=153
num_leaves=31
num_cat=0
split_feature=5 250 41 32 257 85 163 264 219 64 264 108 176 131 159 99 195 271 271 115 163 93 276 117 131 292 287 283 4 278
split_gain=89003.1 128808 401035 421294 292382 272201 399478 259998 292009 476039 448488 214629 227287 213998 409288 263205 560150 301156 251817 451268 202285 205999 308104 199612 365500 332446 256472 426717 459295 239973
threshold=160.89533233642581 306.73590087890631 -2415.4111328124995 -2531.1999511718745 304.52972412109381 -1904.7499999999998 -1501.2499999999998 306.70350646972662 252.75000000000003 85.250000000000014 310.71582031250006 531.25000000000011 778.75000000000011 317.10360717773443 288.99877929687506 3064.5000000000005 2126.4287109375005 521.28231811523449 293.80859375000006 265.75000000000006 335.25000000000006 -1888.7499999999998 -481.24999999999994 347.84197998046881 336.46011352539068 630.97421264648449 -184.74999999999997 -167.24999999999997 -206.16499328613278 419.54762268066412
decision_type=2 2 2 2 2 2 2 2 2 2 2 2 2 2 2 2 2 2 2 2 2 2 2 2 2 2 2 2 2 2
left_child=-1 2 3 5 -3 -2 -7 -4 20 -10 -11 -12 -13 15 -15 16 -6 -17 19 -16 21 -9 -23 25 -25 26 -20 28 -28 -29
right_child=1 4 7 -5 13 6 -8 8 9 10 11 12 -14 14 18 17 -18 -19 23 -21 -22 22 -24 24 -26 -27 27 29 -30 -31
leaf_value=-0.5559502958761795 -0.82834708086889364 -1.6743904734319515 0.04943867167337495 9.507928738594055 -0.49962652229475646 9.2030175768810771 1.1612286595588035 -4.0680101621718636 8.3191742112559659 7.4850626792226524 -3.5297119487936683 6.0817157149314882 0.53472539632216742 5.5998633680921621 0.55766932566960647 -7.1263754444737586 5.5439228666516449 0.62853911036536814 -0.80866631533135669 9.3497433710098274 -2.7832216420072191 6.8963854857853484 0.62240228675799092 -2.3958099454105972 -0.039728305070938039 5.2089910202556187 -0.40942575823176991 0.2693179836792331 9.1020036411285403 2.0896359969929952
leaf_weight=700 58 277 7254 20 2268 23 47 21 31 28 26 22 115 33 54 31 39 21 384 20 47 21 287 167 11484 36 22 1550 30 205
leaf_count=700 58 277 7254 20 2268 23 47 21 31 28 26 22 115 33 54 31 39 21 384 20 47 21 287 167 11484 36 22 1550 30 205
internal_value=-2.25495e-11 0.0158062 0.18065 2.7592 -0.0635361 1.70471 3.80353 0.132047 1.13413 2.57205 1.63927 0.635084 1.42548 -0.0362351 0.0380716 -0.476752 -0.39746 -3.99458 0.0249165 2.93391 0.285143 0.723481 1.05017 0.0094053 -0.0734993 0.443137 0.36483 0.614206 5.07794 0.481948
internal_weight=25321 24621 8000 148 16621 128 70 7852 598 222 191 163 137 16344 13985 2359 2307 52 13952 74 376 329 308 13878 11651 2227 2191 1807 52 1755
internal_count=25321 24621 8000 148 16621 128 70 7852 598 222 191 163 137 16344 13985 2359 2307 52 13952 74 376 329 308 13878 11651 2227 2191 1807 52 1755
is_linear=0
shrinkage=0.05


Tree=154
num_leaves=31
num_cat=0
split_feature=226 157 212 219 175 206 146 57 258 262 155 145 5 40 61 217 103 89 127 178 38 63 199 75 73 276 258 9 247 288
split_gain=89162.8 409543 302139 237042 308776 468808 494059 1.18874e+06 301596 223147 224748 222711 217484 321140 214340 202017 267999 686523 249916 330940 234529 544477 264059 230408 201671 273423 201548 193996 189472 913428
threshold=-1432.2499999999998 1647.0000000000002 -729.74999999999989 -1444.4999999999998 -551.74999999999989 -1312.2499999999998 -1208.2769775390623 -1831.2499999999998 -747.87335205078114 -5.2499999999999991 -586.24999999999989 222.25067138671878 250.53349304199222 254.84263610839847 285.15193176269537 -2014.7499999999998 537.77215576171886 495.52513122558599 -2213.7499999999995 -1988.4999999999998 220.25000000000003 11.250000000000002 -894.74999999999989 333.72714233398443 -4268.7499999999991 -44.249999999999993 -385.28680419921869 -4469.4999999999991 -1766.4999999999998 84.250000000000014
decision_type=2 2 2 2 2 2 2 2 2 2 2 2 2 2 2 2 2 2 2 2 2 2 2 2 2 2 2 2 2 2
left_child=1 2 11 4 5 9 7 -7 -8 10 -2 -1 -13 -14 -15 16 17 23 -18 -20 -17 -22 -23 -16 25 -5 -24 -26 29 -29
right_child=3 -3 -4 24 -6 6 8 -9 -10 -11 -12 12 13 14 15 20 18 -19 19 -21 21 22 26 -25 27 -27 -28 28 -30 -31
leaf_value=4.8395830117166048 -1.4314673233273867 6.6973827171325686 -5.4718783028920495 -0.13856052470207214 -2.061062146967108 1.2933365630252023 -2.2246959379741127 16.63438915480738 5.5983834429220725 4.0859148502349854 3.6549799530594438 -3.6439858640615754 5.5103410015935488 -4.627412265141805 4.5538679484967828 -1.0850222199472288 -4.9925616329716105 8.1552084392971462 4.7586645355591406 -2.8357953995466234 6.9937631422473547 -2.611335867829621 5.6794909009466998 -0.59172863055552749 -2.7738493126063122 7.704922885894776 -0.63737583075250903 11.591037038564682 -0.0030263477279953662 -1.2512581941816543
leaf_weight=20 111 20 30 25 55 28 28 23 22 34 27 52 23 30 27 720 31 36 26 32 31 64 23 112 63 20 28 20 23515 45
leaf_count=20 111 20 30 25 55 28 28 23 22 34 27 52 23 30 27 720 31 36 26 32 31 64 23 112 63 20 28 20 23515 45
internal_value=-2.27016e-09 -0.4025 -0.513005 0.0218714 1.3568 2.04538 4.74928 8.21185 1.21746 0.457632 -0.436293 -0.394466 -0.479228 -0.340117 -0.456118 -0.345376 0.86545 2.00153 -1.36842 0.568618 -0.714495 1.11276 -0.472554 0.407776 0.00338701 3.34743 2.21141 -0.00297775 0.00442534 2.70022
internal_weight=25321 1305 1285 24016 328 273 101 51 50 172 138 1255 1235 1183 1160 1130 264 175 89 58 866 146 115 139 23688 45 51 23643 23580 65
internal_count=25321 1305 1285 24016 328 273 101 51 50 172 138 1255 1235 1183 1160 1130 264 175 89 58 866 146 115 139 23688 45 51 23643 23580 65
is_linear=0
shrinkage=0.05


Tree=155
num_leaves=31
num_cat=0
split_feature=243 264 271 267 277 15 289 281 250 282 219 261 166 159 129 109 152 246 176 4 204 1 212 252 259 267 40 247 44 162
split_gain=89611.1 364824 369744 338519 315470 414496 407612 516683 343413 294797 289545 297187 255083 350161 307974 818944 304401 230203 223264 326483 247364 215640 331293 215613 247350 209435 460553 465505 532802 379213
threshold=458.77229309082037 456.44987487792974 445.66691589355474 1247.7500000000002 3351.944946289063 1297.2500000000002 -253.74999999999997 192.75000000000003 448.54765319824224 -1571.2499999999998 -2277.4999999999995 95.250000000000014 436.71484375000006 423.16096496582037 -2571.4999999999995 -2641.2648925781245 406.68572998046881 392.25000000000006 1946.5000000000002 1693.8325195312502 1724.0000000000002 3286.0000000000005 2101.2500000000005 -72.749999999999986 272.25000000000006 1383.2500000000002 587.72634887695324 1722.0000000000002 540.75000000000011 1299.2500000000002
decision_type=2 2 2 2 2 2 2 2 2 2 2 2 2 2 2 2 2 2 2 2 2 2 2 2 2 2 2 2 2 2
left_child=1 9 -3 4 5 10 17 -8 -9 -1 -4 -12 14 16 15 -2 -14 -7 20 -20 -16 22 -11 -21 -25 29 -27 28 -28 -15
right_child=12 2 3 -5 -6 6 7 8 -10 21 11 -13 13 25 18 -17 -18 -19 19 23 -22 -23 -24 24 -26 26 27 -29 -30 -31
leaf_value=4.8060547377914196 -2.0731077839346495 6.7170956802368167 5.1166324725517862 6.9363604690717615 -4.6298599169804495 4.69455584526062 12.415339339347113 -0.31339548018670854 7.478593266726687 0.0092770709840019356 -1.0502601439343291 3.3160985537197281 0.57947513580322274 -0.25215775471748603 -1.3939072138757158 10.677754304409028 8.7451513358524871 -1.822948924239193 4.758763478082769 -4.3831020747461631 -5.099697773310603 -1.8791803512420806 5.1008669160306459 4.8023939768473305 -1.1017930152880795 -3.9696829677763441 5.6684764420986182 5.7363761221989993 -3.7549196348587675 0.97761443919438862
leaf_weight=32 34 30 26 23 26 20 21 31 26 19709 255 46 25 2978 556 20 21 42 34 31 49 151 32 24 68 105 20 32 60 794
leaf_count=32 34 30 26 23 26 20 21 31 26 19709 255 46 25 2978 556 20 21 42 34 31 49 151 32 24 68 105 20 32 60 794
internal_value=-1.49554e-10 0.0457896 1.32089 1.00716 0.730543 1.02898 3.30555 5.7109 3.24085 0.0108466 0.0543017 -0.382976 -0.193221 -0.0301718 -0.999474 2.64943 4.30728 0.279472 -1.25806 0.422021 -1.69405 0.00313258 0.0175305 -0.776753 0.43843 -0.0801901 -1.59068 0.639628 -1.39907 0.00670734
internal_weight=25321 20470 546 516 493 467 140 78 57 19924 327 301 4851 4035 816 54 46 62 762 157 605 19892 19741 123 92 3989 217 112 80 3772
internal_count=25321 20470 546 516 493 467 140 78 57 19924 327 301 4851 4035 816 54 46 62 762 157 605 19892 19741 123 92 3989 217 112 80 3772
is_linear=0
shrinkage=0.05


Tree=156
num_leaves=31
num_cat=0
split_feature=282 267 4 103 275 184 175 121 242 252 259 261 240 227 271 239 5 31 59 267 121 122 169 281 239 5 259 268 222 283
split_gain=89001.8 203225 350390 442523 248811 199788 256718 291013 227690 213307 300450 583971 299577 355068 227409 287803 221584 340088 317611 228873 228765 377145 236570 312374 305924 234123 223808 342455 288400 243500
threshold=-517.74999999999989 -677.99999999999989 -2232.5200195312495 368.67216491699224 -799.74999999999989 -3508.4999999999995 -2150.4999999999995 -3398.2499999999995 -3076.4999999999995 -598.74999999999989 -271.74999999999994 -475.74999999999994 -693.24999999999989 -1112.2499999999998 336.28741455078131 -677.74999999999989 569.17248535156261 1441.7500000000002 -444.74999999999994 8.2500000000000018 -624.24999999999989 -489.74999999999994 -1543.2499999999998 334.25000000000006 -574.74999999999989 521.28231811523449 -964.24999999999989 -923.74999999999989 388.98031616210943 -362.24999999999994
decision_type=2 2 2 2 2 2 2 2 2 2 2 2 2 2 2 2 2 2 2 2 2 2 2 2 2 2 2 2 2 2
left_child=-1 2 3 -2 -3 -6 8 -8 -7 10 16 -12 -11 -14 15 -13 20 18 19 -18 21 22 -9 25 -25 26 27 -24 -29 -28
right_child=1 4 -4 -5 5 6 7 9 -10 12 11 14 13 -15 -16 -17 17 -19 -20 -21 -22 -23 23 24 -26 -27 29 28 -30 -31
leaf_value=-0.26784826285390156 -0.15376740637279693 -1.6885840360446001 0.22764511236868731 9.4479130954614714 3.9844357758760456 -4.2352666104426149 4.3638663016832799 -1.76715754226402 -0.6955712606397908 -0.67540456670905369 8.7563128286792402 8.6361617755889899 6.5477684091067037 0.042545605578446215 -0.04119763913062903 0.15378646373748781 0.77862760562163136 8.3743096148967737 -2.7791643648436577 6.7672287552445027 -0.64849448839690105 5.2767031360240217 -0.89486570775508878 1.1490894904503457 9.3744352110475315 -3.7729091963460371 5.6349515625408726 2.6304436280046191 10.042147463843937 0.16217419849428691
leaf_weight=2763 21 211 107 28 32 61 39 108 178 1542 31 20 21 18522 104 20 39 20 33 27 531 42 35 26 20 31 21 35 21 632
leaf_count=2763 21 211 107 28 32 61 39 108 178 1542 31 20 21 18522 104 20 39 20 33 27 531 42 35 26 20 31 21 35 21 632
internal_value=-1.23898e-11 0.0328072 1.83122 5.33291 0.0202836 0.0365322 0.030831 0.0486016 -1.59901 0.0409102 0.562971 2.5312 -0.00577252 0.0499128 1.19107 4.39497 0.350485 2.42736 1.22595 3.22851 0.18594 0.642257 0.432734 0.722123 4.72533 0.484514 0.661906 2.98495 5.40983 0.338175
internal_weight=25321 22558 156 49 22402 22191 22159 21920 239 21881 1796 175 20085 18543 144 40 1621 119 99 66 1502 971 929 821 46 775 744 91 56 653
internal_count=25321 22558 156 49 22402 22191 22159 21920 239 21881 1796 175 20085 18543 144 40 1621 119 99 66 1502 971 929 821 46 775 744 91 56 653
is_linear=0
shrinkage=0.05


Tree=157
num_leaves=31
num_cat=0
split_feature=212 211 219 39 74 154 130 30 244 4 247 98 13 270 260 267 225 226 292 232 177 212 33 121 192 248 246 253 260 289
split_gain=89152.5 390340 379980 397857 801799 444573 439514 404549 383368 368994 300312 294733 376168 303405 513320 288006 311488 334121 366602 275632 249307 307402 478616 263258 254096 268451 328833 439700 298451 390780
threshold=-120.24999999999999 340.25000000000006 -158.74999999999997 2211.2500000000005 2332.954956054688 393.25000000000006 4063.650024414063 1007.7500000000001 1216.5272216796877 3603.8325195312505 -1766.4999999999998 1258.2500000000002 855.99606323242199 556.25500488281261 233.25000000000003 1247.7500000000002 635.75000000000011 66.250000000000014 410.62950134277349 -410.74999999999994 -690.74999999999989 127.75000000000001 177.34321594238284 -1917.9999999999998 1314.7500000000002 588.25000000000011 700.25000000000011 701.25000000000011 -245.24999999999997 -51.249999999999993
decision_type=2 2 2 2 2 2 2 2 2 2 2 2 2 2 2 2 2 2 2 2 2 2 2 2 2 2 2 2 2 2
left_child=2 19 8 5 -5 11 7 -6 15 -9 -3 12 13 -4 -15 16 17 -1 -19 -2 -12 22 -22 -23 25 26 28 -28 -24 -30
right_child=1 10 3 4 6 -7 -8 9 -10 -11 20 -13 -14 14 -16 -17 -18 18 -20 -21 21 23 24 -25 -26 -27 27 -29 29 -31
leaf_value=-0.027323102459483495 4.5951594231128698 5.6405878504117339 0.98109801038343714 11.724016336599988 -1.4999468574600836 -1.3308978833746714 -4.8655822027297253 2.0492359869620382 6.9137324590981013 9.8785434100363005 -1.4288700944398132 6.9048437663487023 -2.4628258062036412 10.050433541297913 -0.081887606978416447 4.3899672031402588 -2.4529020423197565 1.0650936742623649 7.67138200529984 -0.67953490839212605 8.5355127370357504 4.3668098870445702 -2.3469573830370791 -0.042459115122056849 -4.060125265518824 -1.168464016998318 1.3409892678260804 10.850046110153199 1.7512301300078865 -1.0563188562822805
leaf_weight=11695 25 24 887 24 31 244 21 34 20 27 280 21 76 25 25 37 131 84 28 2658 20 34 64 7797 27 142 31 20 635 154
leaf_count=11695 25 24 887 24 31 244 21 34 20 27 280 21 76 25 25 37 131 84 28 2658 20 34 64 7797 27 142 31 20 635 154
internal_value=-2.33723e-09 -0.0995489 0.0884211 0.863343 3.42405 0.588838 1.66123 3.15105 -0.00299323 5.51467 0.0547895 1.04185 0.920309 1.19471 4.98427 -0.0145452 -0.0281963 -0.0012939 2.71667 -0.630386 0.0402242 0.0863186 0.871811 -0.0233153 0.728965 0.852584 1.17005 5.07003 0.936873 1.20324
internal_weight=25321 11911 13410 1415 137 1278 113 92 11995 61 9228 1034 1013 937 50 11975 11938 11807 112 2683 9204 8924 1093 7831 1073 1046 904 51 853 789
internal_count=25321 11911 13410 1415 137 1278 113 92 11995 61 9228 1034 1013 937 50 11975 11938 11807 112 2683 9204 8924 1093 7831 1073 1046 904 51 853 789
is_linear=0
shrinkage=0.05


end of trees

feature_importances:
Column_289=139
Column_288=137
Column_292=118
Column_254=114
Column_282=94
Column_281=79
Column_253=70
Column_267=61
Column_240=58
Column_5=53
Column_212=52
Column_247=52
Column_78=44
Column_79=44
Column_219=41
Column_275=40
Column_280=39
Column_261=38
Column_264=38
Column_268=37
Column_287=37
Column_283=36
Column_93=35
Column_246=35
Column_260=35
Column_131=34
Column_257=33
Column_285=32
Column_4=31
Column_82=31
Column_110=31
Column_276=31
Column_274=30
Column_204=29
Column_233=29
Column_121=28
Column_215=28
Column_241=28
Column_198=27
Column_239=27
Column_250=27
Column_269=27
Column_117=26
Column_149=26
Column_183=26
Column_266=26
Column_12=25
Column_40=25
Column_166=25
Column_184=25
Column_127=24
Column_217=24
Column_226=24
Column_229=24
Column_262=24
Column_124=23
Column_142=23
Column_178=23
Column_194=23
Column_201=23
Column_227=23
Column_234=23
Column_271=23
Column_273=23
Column_138=22
Column_208=22
Column_232=22
Column_243=22
Column_205=21
Column_2=20
Column_36=20
Column_47=20
Column_65=20
Column_75=20
Column_89=20
Column_199=20
Column_259=20
Column_33=19
Column_86=19
Column_126=19
Column_134=19
Column_145=19
Column_152=19
Column_191=19
Column_222=19
Column_15=18
Column_54=18
Column_68=18
Column_103=18
Column_150=18
Column_248=18
Column_255=18
Column_96=17
Column_114=17
Column_128=17
Column_159=17
Column_163=17
Column_176=17
Column_187=17
Column_211=17
Column_225=17
Column_231=17
Column_278=17
Column_0=16
Column_17=16
Column_73=16
Column_106=16
Column_113=16
Column_141=16
Column_155=16
Column_162=16
Column_173=16
Column_252=16
Column_22=15
Column_122=15
Column_169=15
Column_197=15
Column_218=15
Column_245=15
Column_18=14
Column_37=14
Column_44=14
Column_58=14
Column_120=14
Column_147=14
Column_156=14
Column_190=14
Column_220=14
Column_19=13
Column_20=13
Column_30=13
Column_57=13
Column_135=13
Column_171=13
Column_236=13
Column_26=12
Column_85=12
Column_92=12
Column_151=12
Column_206=12
Column_213=12
Column_238=12
Column_284=12
Column_1=11
Column_13=11
Column_16=11
Column_23=11
Column_25=11
Column_41=11
Column_43=11
Column_59=11
Column_64=11
Column_87=11
Column_107=11
Column_130=11
Column_154=11
Column_165=11
Column_177=11
Column_185=11
Column_10=10
Column_46=10
Column_50=10
Column_61=10
Column_95=10
Column_99=10
Column_100=10
Column_136=10
Column_157=10
Column_258=10
Column_277=10
Column_29=9
Column_31=9
Column_45=9
Column_66=9
Column_140=9
Column_182=9
Column_223=9
Column_251=9
Column_3=8
Column_6=8
Column_51=8
Column_98=8
Column_109=8
Column_115=8
Column_129=8
Column_144=8
Column_170=8
Column_196=8
Column_203=8
Column_265=8
Column_270=8
Column_8=7
Column_24=7
Column_34=7
Column_38=7
Column_72=7
Column_108=7
Column_111=7
Column_118=7
Column_143=7
Column_148=7
Column_175=7
Column_189=7
Column_192=7
Column_286=7
Column_28=6
Column_49=6
Column_74=6
Column_83=6
Column_112=6
Column_125=6
Column_133=6
Column_146=6
Column_195=6
Column_207=6
Column_209=6
Column_235=6
Column_256=6
Column_291=6
Column_7=5
Column_32=5
Column_35=5
Column_52=5
Column_69=5
Column_71=5
Column_80=5
Column_81=5
Column_116=5
Column_123=5
Column_132=5
Column_158=5
Column_161=5
Column_188=5
Column_221=5
Column_224=5
Column_237=5
Column_11=4
Column_21=4
Column_42=4
Column_60=4
Column_62=4
Column_70=4
Column_76=4
Column_84=4
Column_91=4
Column_94=4
Column_105=4
Column_139=4
Column_164=4
Column_174=4
Column_180=4
Column_210=4
Column_216=4
Column_244=4
Column_249=4
Column_272=4
Column_9=3
Column_14=3
Column_27=3
Column_55=3
Column_63=3
Column_88=3
Column_101=3
Column_102=3
Column_104=3
Column_193=3
Column_214=3
Column_242=3
Column_263=3
Column_39=2
Column_48=2
Column_53=2
Column_67=2
Column_77=2
Column_90=2
Column_97=2
Column_137=2
Column_153=2
Column_160=2
Column_167=2
Column_181=2
Column_186=2
Column_230=2
Column_279=2
Column_119=1
Column_168=1
Column_172=1
Column_200=1
Column_202=1

parameters:
[boosting: gbdt]
[objective: regression]
[metric: l2]
[tree_learner: serial]
[device_type: cpu]
[data_sample_strategy: bagging]
[data: ]
[valid: ]
[num_iterations: 1000]
[learning_rate: 0.05]
[num_leaves: 31]
[num_threads: 0]
[seed: 42]
[deterministic: 1]
[force_col_wise: 0]
[force_row_wise: 0]
[histogram_pool_size: -1]
[max_depth: -1]
[min_data_in_leaf: 20]
[min_sum_hessian_in_leaf: 0.001]
[bagging_fraction: 1]
[pos_bagging_fraction: 1]
[neg_bagging_fraction: 1]
[bagging_freq: 0]
[bagging_seed: 400]
[bagging_by_query: 0]
[feature_fraction: 1]
[feature_fraction_bynode: 1]
[feature_fraction_seed: 30056]
[extra_trees: 0]
[extra_seed: 12879]
[early_stopping_round: 0]
[early_stopping_min_delta: 0]
[first_metric_only: 0]
[max_delta_step: 0]
[lambda_l1: 0]
[lambda_l2: 0]
[linear_lambda: 0]
[min_gain_to_split: 0]
[drop_rate: 0.1]
[max_drop: 50]
[skip_drop: 0.5]
[xgboost_dart_mode: 0]
[uniform_drop: 0]
[drop_seed: 17869]
[top_rate: 0.2]
[other_rate: 0.1]
[min_data_per_group: 100]
[max_cat_threshold: 32]
[cat_l2: 10]
[cat_smooth: 10]
[max_cat_to_onehot: 4]
[top_k: 20]
[monotone_constraints: ]
[monotone_constraints_method: basic]
[monotone_penalty: 0]
[feature_contri: ]
[forcedsplits_filename: ]
[refit_decay_rate: 0.9]
[cegb_tradeoff: 1]
[cegb_penalty_split: 0]
[cegb_penalty_feature_lazy: ]
[cegb_penalty_feature_coupled: ]
[path_smooth: 0]
[interaction_constraints: ]
[verbosity: -1]
[saved_feature_importance_type: 0]
[use_quantized_grad: 0]
[num_grad_quant_bins: 4]
[quant_train_renew_leaf: 0]
[stochastic_rounding: 1]
[linear_tree: 0]
[max_bin: 255]
[max_bin_by_feature: ]
[min_data_in_bin: 3]
[bin_construct_sample_cnt: 200000]
[data_random_seed: 175]
[is_enable_sparse: 1]
[enable_bundle: 1]
[use_missing: 1]
[zero_as_missing: 0]
[feature_pre_filter: 1]
[pre_partition: 0]
[two_round: 0]
[header: 0]
[label_column: ]
[weight_column: ]
[group_column: ]
[ignore_column: ]
[categorical_feature: ]
[forcedbins_filename: ]
[precise_float_parser: 0]
[parser_config_file: ]
[objective_seed: 16083]
[num_class: 1]
[is_unbalance: 0]
[scale_pos_weight: 1]
[sigmoid: 1]
[boost_from_average: 1]
[reg_sqrt: 0]
[alpha: 0.9]
[fair_c: 1]
[poisson_max_delta_step: 0.7]
[tweedie_variance_power: 1.5]
[lambdarank_truncation_level: 30]
[lambdarank_norm: 1]
[label_gain: ]
[lambdarank_position_bias_regularization: 0]
[eval_at: ]
[multi_error_top_k: 1]
[auc_mu_weights: ]
[num_machines: 1]
[local_listen_port: 12400]
[time_out: 120]
[machine_list_filename: ]
[machines: ]
[gpu_platform_id: -1]
[gpu_device_id: -1]
[gpu_device_id_list: ]
[gpu_use_dp: 0]
[num_gpu: 1]

end of parameters

pandas_categorical:null
