tree
version=v4
num_class=1
num_tree_per_iteration=1
label_index=0
max_feature_idx=146
objective=regression
feature_names=Column_0 Column_1 Column_2 Column_3 Column_4 Column_5 Column_6 Column_7 Column_8 Column_9 Column_10 Column_11 Column_12 Column_13 Column_14 Column_15 Column_16 Column_17 Column_18 Column_19 Column_20 Column_21 Column_22 Column_23 Column_24 Column_25 Column_26 Column_27 Column_28 Column_29 Column_30 Column_31 Column_32 Column_33 Column_34 Column_35 Column_36 Column_37 Column_38 Column_39 Column_40 Column_41 Column_42 Column_43 Column_44 Column_45 Column_46 Column_47 Column_48 Column_49 Column_50 Column_51 Column_52 Column_53 Column_54 Column_55 Column_56 Column_57 Column_58 Column_59 Column_60 Column_61 Column_62 Column_63 Column_64 Column_65 Column_66 Column_67 Column_68 Column_69 Column_70 Column_71 Column_72 Column_73 Column_74 Column_75 Column_76 Column_77 Column_78 Column_79 Column_80 Column_81 Column_82 Column_83 Column_84 Column_85 Column_86 Column_87 Column_88 Column_89 Column_90 Column_91 Column_92 Column_93 Column_94 Column_95 Column_96 Column_97 Column_98 Column_99 Column_100 Column_101 Column_102 Column_103 Column_104 Column_105 Column_106 Column_107 Column_108 Column_109 Column_110 Column_111 Column_112 Column_113 Column_114 Column_115 Column_116 Column_117 Column_118 Column_119 Column_120 Column_121 Column_122 Column_123 Column_124 Column_125 Column_126 Column_127 Column_128 Column_129 Column_130 Column_131 Column_132 Column_133 Column_134 Column_135 Column_136 Column_137 Column_138 Column_139 Column_140 Column_141 Column_142 Column_143 Column_144 Column_145 Column_146
feature_infos=[-5250:6855] [-4895:7072.5] [-5620:6749.5] [-5370:6850] [-6320.93994140625:9875.134765625] [151.30067443847656:1441.2490234375] [-5503.49755859375:7571.0166015625] [-5365:6852.5] [-4782.5:6875] [-5465:6335] [-5085:6470] [-6283.76513671875:9809.7353515625] [151.30067443847656:1441.2490234375] [-5465.45263671875:7470.923828125] [-5077.5:6470] [-4957.5:6672.5] [-6055:6094.5] [-5807.5:6250] [-6254.240234375:9740.39453125] [151.30067443847656:1441.2490234375] [-5416.5478515625:7356.7490234375] [-5802.5:6250] [-5547.5:6637.5] [-6645:6100] [-6397.5:6350] [-6227.10986328125:9671.294921875] [151.30067443847656:1441.2490234375] [-5345.72509765625:7265.2265625] [-6392.5:6350] [-5712.5:6390] [-6492.5:6020] [-6082.5:6290] [-6195.93505859375:9600.0947265625] [151.30067443847656:1441.2490234375] [-5310.43212890625:7176.5693359375] [-6082.5:6285] [-5237.5:6360] [-6292:5625] [-5985:5740] [-6162.06005859375:9524.1201171875] [151.30067443847656:1441.2490234375] [-5255.16552734375:7045.97216796875] [-5977.5:5740] [-5387.5:6432.5] [-6272.5:5560] [-5440:5690] [-6115.884765625:9443.9697265625] [151.30067443847656:1441.2490234375] [-5169.01416015625:6917.7021484375] [-5445:5692.5] [-5102.5:5940] [-6035:5257.5] [-5445:5440] [-6071.3349609375:9356.794921875] [151.30067443847656:1441.2490234375] [-5092.740234375:6768.36572265625] [-5452.5:5440] [-4460:6047.5] [-5632.5:5185] [-4667.5:5540] [-6023.51513671875:9263.5947265625] [151.30067443847656:1441.2490234375] [-5019.763671875:6656.69580078125] [-4660:5540] [-4540:5845] [-5417.5:5095] [-4775:5372.5] [-5975.4150390625:9172.044921875] [151.30067443847656:1441.2490234375] [-4908.8759765625:6539.95068359375] [-4770:5372.5] [-4427.5:6160] [-5305:5205] [-4890:5650] [-5925.06494140625:9079.599609375] [151.30067443847656:1441.2490234375] [-4716.47802734375:6408.13720703125] [-4887.5:5647.5] [-3482.5:5650] [-5112.5:4862.5] [-3945:4895] [-5876.5400390625:8983.0498046875] [151.30067443847656:1441.2490234375] [-4497.70751953125:6270.5791015625] [-3942.5:4892.5] [-3235:5285] [-4167.5:4370] [-3605:4435] [-5827.240234375:8883.275390625] [151.30067443847656:1441.2490234375] [-4282.0068359375:6080.07177734375] [-3605:4435] [-3180:4955] [-3987.5:4207.5] [-3572.5:4240] [-5780.4599609375:8783.5947265625] [151.30067443847656:1441.2490234375] [-4061.824462890625:5881.42919921875] [-3570:4235] [-2922.5:4462.5] [-4365:3720] [-3250:3865] [-5731.134765625:8692.044921875] [151.30067443847656:1441.2490234375] [-3873.476806640625:5698.1171875] [-3247.5:3867.5] [-2625:4570] [-4483:3590] [-2967.5:3895] [-5677.93505859375:8599.599609375] [151.30067443847656:1441.2490234375] [-3634.978759765625:5534.19775390625] [-2975:3900] [-2245.5:4370] [-4391:3550] [-2829.5:3732.5] [-5618.009765625:8503.0498046875] [151.30067443847656:1441.2490234375] [-3406.15234375:5354.2705078125] [-2829.5:3732.5] [-2114.5:4682.5] [-4291.5:3727.5] [-2382.5:4172.5] [-5556.009765625:8403.275390625] [151.30067443847656:1441.2490234375] [-3216.27490234375:5114.56396484375] [-2387.5:4170] [-1950:4172.5] [-3794.5:2895] [-2412.5:3182.5] [-5501.1650390625:8282.125] [151.30067443847656:1441.2490234375] [-3097.75:4709.1494140625] [-2410:3190] [-1555:3807.5] [-4102:2291] [-1870:2502.5] [-5450.1650390625:8166.9248046875] [151.30067443847656:1441.2490234375] [-2902.04541015625:4459.56396484375] [-2160:2505] [0:2642.5] [-4206.5:0] none [-5395.26513671875:8037.8251953125] [151.30067443847656:1441.2490234375] [-2638.22314453125:4054.149169921875]
tree_sizes=2832 2831 2809 2815 2813 2795 2770 2819 2779 2757 2807 2737 2778 2785 2736 2806 2779 2713 2753 2728 2762 2777 2725 2737 2769 2740 2734 2747 2741 2743 2771 2703 2709 2709 2711 2783 2744 2767 2719 2711 2718 2764 2717 2759 2730 2758 2718 2693 2759 2744 2751 2702 2694 2712 2711 2707 2690 2704 2747 2753 2699 2688 2688 2736 2707 2697 2668 2709 2705 2705 2719 2702 2694 2698 2722 2701 2729 2739 2759 2717 2738 2692 2773 2724 2716 2690 2731 2724 2755 2709 2693 2695 2777 2733

Tree=0
num_leaves=31
num_cat=0
split_feature=129 137 45 73 36 79 30 93 30 115 142 112 68 73 61 54 22 124 20 70 122 25 120 26 112 126 64 120 35 97
split_gain=1.34824e+06 1.69594e+06 2.79503e+06 3.20751e+06 1.4912e+06 2.29656e+06 1.24032e+06 913410 1.41121e+06 2.37123e+06 1.39835e+06 1.33184e+06 1.3238e+06 1.55692e+06 1.23346e+06 1.22165e+06 1.68173e+06 1.30942e+06 1.41629e+06 1.20307e+06 1.11328e+06 1.2825e+06 1.05962e+06 1.04439e+06 996915 2.11891e+06 1.92087e+06 1.52028e+06 1.34203e+06 1.22864e+06
threshold=-1079.4999999999998 4515.6274414062509 1843.7500000000002 2613.7500000000005 3698.2500000000005 2246.7500000000005 -2075.2499999999995 -856.74999999999989 665.75000000000011 -15.749999999999998 -257.74999999999994 -129.74999999999997 436.54501342773443 959.75000000000011 624.58282470703136 578.96932983398449 -1278.2499999999998 491.92401123046881 -521.29397583007801 465.25000000000006 391.75000000000006 3962.5825195312505 570.75000000000011 476.75883483886724 729.25000000000011 1041.0000000000002 2349.7500000000005 826.25000000000011 1636.5000000000002 1786.8929443359377
decision_type=2 2 2 2 2 2 2 2 2 2 2 2 2 2 2 2 2 2 2 2 2 2 2 2 2 2 2 2 2 2
left_child=6 4 -3 -4 7 -6 -1 8 20 10 -10 12 -9 19 -15 17 -17 -13 -19 -14 21 22 -2 -22 27 26 28 -18 -26 -27
right_child=1 2 3 -5 5 -7 -8 11 9 -11 -12 15 13 14 -16 16 24 18 -20 -21 23 -23 -24 -25 25 29 -28 -29 -30 -31
leaf_value=-14.297637204274492 -0.33101229263935472 23.250279525970466 -7.1887316614606762 13.991513444131567 -21.217994526967363 2.4562319069228433 -1.8712163717546924 0.85380507043301135 -8.5519862729469196 -21.915494526967361 7.9305283875723225 0.28277373970384723 3.085335671383119 4.3980473240763382 21.210755816355391 -15.804482451452342 -1.2522011334381262 -2.5097117388555783 3.8504748867262673 -2.4924262825236645 -0.67288080737396794 12.280755701914474 -10.472706000872488 14.129217281457366 -7.1972974679267869 11.76664853725906 5.7427556713968952 7.4145055493265835 -20.961625635569252 -4.4592442980855269
leaf_weight=28 2738 21 39 33 20 21 71 6276 31 20 22 13506 798 24 20 21 323 107 481 110 22 20 26 26 113 28 25 60 21 20
leaf_count=28 2738 21 39 33 20 21 71 6276 31 20 22 13506 798 24 20 21 323 107 481 110 22 20 26 26 113 28 25 60 21 20
internal_value=0.437637 0.460724 7.20016 2.51888 0.435531 -9.09217 -5.38576 0.451258 -0.381887 -7.24589 -1.71019 0.561608 1.11735 2.85473 12.0402 0.288443 -1.90037 0.383332 2.69309 2.40962 -0.204954 -0.335125 -0.426412 7.34492 -1.40547 -4.20115 -6.98063 0.105507 -9.35439 5.00586
internal_weight=25071 24972 93 72 24879 41 99 24838 2905 73 53 21933 7228 952 44 14705 611 14094 588 908 2832 2784 2764 48 590 207 159 383 134 48
internal_count=25071 24972 93 72 24879 41 99 24838 2905 73 53 21933 7228 952 44 14705 611 14094 588 908 2832 2784 2764 48 590 207 159 383 134 48
is_linear=0
shrinkage=1


Tree=1
num_leaves=31
num_cat=0
split_feature=105 70 130 103 98 75 3 55 110 37 105 135 71 47 110 93 120 107 121 3 120 122 108 104 115 116 110 23 86 38
split_gain=1.23061e+06 1.84861e+06 2.71162e+06 2.46036e+06 1.83575e+06 1.74247e+06 2.98827e+06 1.29988e+06 1.17874e+06 1.31491e+06 962607 1.28976e+06 2.10385e+06 1.31067e+06 1.13707e+06 1.27364e+06 1.07068e+06 1.201e+06 1.05297e+06 1.04404e+06 999271 1.03163e+06 931724 895137 1.07978e+06 1.76937e+06 1.46379e+06 870045 1.29231e+06 854145
threshold=-913.24999999999989 380.25000000000006 2493.2099609375005 653.59622192382824 -1561.7499999999998 1045.2505493164065 -77.749999999999986 -775.21130371093739 879.99746704101574 1644.2500000000002 537.75000000000011 -87.249999999999986 2929.7500000000005 422.71945190429693 424.76710510253912 932.75000000000011 861.00000000000011 -110.24999999999999 191.75000000000003 -1202.2499999999998 327.75000000000006 222.75000000000003 -317.24999999999994 2188.7651367187505 879.50000000000011 2565.8574218750005 624.58282470703136 3193.5000000000005 1758.7500000000002 599.75000000000011
decision_type=2 2 2 2 2 2 2 2 2 2 2 2 2 2 2 2 2 2 2 2 2 2 2 2 2 2 2 2 2 2
left_child=1 2 3 22 -5 8 -7 -6 10 -10 16 19 13 14 -13 -16 -2 18 -18 -12 -15 -22 -1 24 29 26 -26 28 -21 -23
right_child=5 -3 -4 4 7 6 -8 -9 9 -11 11 12 -14 20 15 -17 17 -19 -20 27 21 23 -24 -25 25 -27 -28 -29 -30 -31
leaf_value=-0.76423811492900695 0.16913542226094247 -12.781070611211989 13.309988163363549 -20.463766541651317 2.1488830947875974 -1.2142977846993341 20.564785377468382 -14.070556458972749 -0.90755988371615504 -14.065392599567289 -13.228780758380891 0.24634768842629248 11.731087526522186 -12.722608956423674 2.3774663930063817 15.601966053009034 2.0471040183847604 1.5814189174236395 16.44859358469645 -1.8155249037985617 6.2013412063186237 -7.2808804051898353 -11.671583466529846 -9.6244593238830571 -3.3152414147518883 11.4631458717234 11.286732802391052 -10.442469943421228 7.2023163655909102 -1.4415194435624887
leaf_weight=930 20074 36 31 28 30 36 28 21 49 31 20 1517 38 22 67 25 22 156 30 1281 37 107 20 40 121 34 20 28 41 151
leaf_count=930 20074 36 31 28 30 36 28 21 49 31 20 1517 38 22 67 25 22 156 30 1281 37 107 20 40 121 34 20 28 41 151
internal_value=-2.06494e-08 -1.6384 -1.25997 -1.69891 -10.1772 0.0748981 8.31405 -4.52971 0.0528453 -6.00622 0.0731854 -0.686486 0.069306 -0.137676 0.573679 5.97108 0.206115 3.77498 10.3557 -1.88858 -2.28912 -1.83905 -0.993866 -2.468 -1.8069 1.22479 -1.24404 -1.72058 -1.53585 -3.86327
internal_weight=25071 1096 1060 1029 79 23975 64 51 23911 80 23831 3549 2179 2141 1609 92 20282 208 52 1370 532 510 950 473 433 175 141 1350 1322 258
internal_count=25071 1096 1060 1029 79 23975 64 51 23911 80 23831 3549 2179 2141 1609 92 20282 208 52 1370 532 510 950 473 433 175 141 1350 1322 258
is_linear=0
shrinkage=0.05


Tree=2
num_leaves=31
num_cat=0
split_feature=129 137 45 73 36 79 121 113 114 128 24 40 31 86 10 93 31 115 142 107 85 122 80 136 61 131 26 69 89 22
split_gain=1.13815e+06 1.5202e+06 2.3815e+06 2.8894e+06 1.32768e+06 1.95424e+06 1.09707e+06 929331 855079 1.10202e+06 1.27273e+06 1.6268e+06 2.20749e+06 1.09434e+06 945978 883337 1.27146e+06 1.39455e+06 1.3848e+06 1.04678e+06 1.54388e+06 965878 999172 1.34717e+06 1.09455e+06 1.12783e+06 957008 918749 845939 1.56525e+06
threshold=-1079.4999999999998 4515.6274414062509 1843.7500000000002 2613.7500000000005 3698.2500000000005 2246.7500000000005 -1411.2499999999998 -1207.7499999999998 727.00000000000011 470.50000000000006 2563.7500000000005 416.59812927246099 1805.7500000000002 1758.7500000000002 415.75000000000006 -856.74999999999989 737.75000000000011 -15.749999999999998 -257.74999999999994 -557.74999999999989 1219.0000000000002 391.75000000000006 -2029.4999999999998 28.250000000000004 879.99746704101574 724.36727905273449 476.75883483886724 -2471.2958984374995 611.19790649414074 -1246.2499999999998
decision_type=2 2 2 2 2 2 2 2 2 2 2 2 2 2 2 2 2 2 2 2 2 2 2 2 2 2 2 2 2 2
left_child=6 4 -3 -4 8 -6 7 -1 13 10 11 -10 14 15 -13 16 21 18 -18 20 -17 22 23 27 25 -24 -23 -2 -21 -30
right_child=1 2 3 -5 5 -7 -8 -9 9 -11 -12 12 -14 -15 -16 19 17 -19 -20 28 -22 26 24 -25 -26 -27 -28 -29 29 -31
leaf_value=-4.973423576354981 9.2497785004702475 21.21720399402437 -7.1328719010719883 12.969650794520522 -20.178462705612183 1.660224505833217 0.65613544411783997 -18.278136441821143 -1.7049045251587689 0.42296985556624533 6.3160864614671279 -13.350413179808649 -21.983561988830569 8.1278661228361582 -2.8764473535475279 0.97545331075764785 -8.8513969220766224 -17.214266424593717 5.5736233353614812 0.082162011697393109 12.385023279190065 -1.4097621009463357 -0.88114848169006099 16.033277375698088 -10.056416441500188 7.5786889910697939 12.941179488255427 -3.5290134307665704 -15.856755714416506 -1.5148819298067919
leaf_weight=35 22 21 39 33 20 21 43 21 236 346 31 29 25 42 84 2536 41 23 28 18165 30 21 2612 20 32 40 26 39 20 390
leaf_count=35 22 21 39 33 20 21 43 21 236 346 31 29 25 42 84 2536 41 23 28 18165 30 21 2612 20 32 40 26 39 20 390
internal_value=1.33427e-08 0.0212116 6.40191 2.08078 -0.00264 -8.99279 -5.35047 -9.96269 0.0122 -1.64925 -3.41958 -4.22655 -8.53893 0.0640017 -5.56446 0.0499163 -0.767767 -6.55189 -2.99777 0.162236 1.10885 -0.578529 -0.699345 4.77196 -0.864463 -0.753549 6.52906 1.07973 0.0314688 -2.21449
internal_weight=25071 24972 93 72 24879 41 99 56 24838 751 405 374 138 24087 113 24045 2904 92 69 21141 2566 2812 2765 81 2684 2652 47 61 18575 410
internal_count=25071 24972 93 72 24879 41 99 56 24838 751 405 374 138 24087 113 24045 2904 92 69 21141 2566 2812 2765 81 2684 2652 47 61 18575 410
is_linear=0
shrinkage=0.05


Tree=3
num_leaves=31
num_cat=0
split_feature=105 66 130 103 98 75 114 55 110 0 120 108 105 135 71 47 106 114 64 131 3 100 91 117 138 35 134 93 89 134
split_gain=1.06068e+06 1.64625e+06 2.34518e+06 2.13864e+06 1.58466e+06 1.56409e+06 2.634e+06 1.15535e+06 1.07141e+06 1.27738e+06 863019 844794 832703 1.15749e+06 1.81135e+06 1.13157e+06 969846 1.12368e+06 1.08561e+06 988790 929093 869074 809294 1.74695e+06 998741 1.67974e+06 1.0436e+06 1.16405e+06 853173 799437
threshold=-913.24999999999989 427.75000000000006 2493.2099609375005 653.59622192382824 -1561.7499999999998 1045.2505493164065 -515.74999999999989 -775.21130371093739 879.99746704101574 3111.2500000000005 1078.5000000000002 -317.24999999999994 537.75000000000011 -84.749999999999986 2929.7500000000005 724.36727905273449 695.75000000000011 105.25000000000001 2349.7500000000005 775.33657836914074 -1202.2499999999998 52.750000000000007 671.25000000000011 545.15829467773449 560.00579833984386 2739.0000000000005 924.25000000000011 1337.0000000000002 500.19013977050787 462.25000000000006
decision_type=2 2 2 2 2 2 2 2 2 2 2 2 2 2 2 2 2 2 2 2 2 2 2 2 2 2 2 2 2 2
left_child=1 2 3 11 -5 8 -7 -6 12 10 -10 -1 16 20 15 22 18 21 19 -2 -14 -18 23 28 25 -24 27 -26 -15 -22
right_child=5 -3 -4 4 7 6 -8 -9 9 -11 -12 -13 13 14 -16 -17 17 -19 -20 -21 29 -23 24 -25 26 -27 -28 -29 -30 -31
leaf_value=-0.70184562543625162 0.14034018343785687 -12.190390763963972 12.380841925836378 -19.039050864321847 2.0616270319620766 19.377230964388168 -1.0701563424534268 -13.229579271589007 -6.2891081076401933 -16.318099868865243 6.4858327347040179 -11.087785615921021 -12.467026963233948 -1.077701631228666 10.903241004441915 -9.0263217980521073 12.874925754070283 1.1113539512234707 -10.715502401538517 9.5429818941014144 -2.184072694916753 3.4218602507345142 0.58073206000535071 -10.695675382461955 4.740401649475098 -13.672935379119147 -1.1990536621638708 19.514019527435305 8.3520513505935678 0.94970205110239692
leaf_weight=931 19805 35 31 28 30 28 36 21 39 21 20 20 20 592 38 35 40 324 23 28 1114 62 1313 47 40 21 35 20 25 249
leaf_count=931 19805 35 31 28 30 28 36 21 39 21 20 20 20 592 38 35 40 324 23 28 1114 62 1313 47 40 21 35 20 25 249
internal_value=2.56021e-08 -1.52107 -1.16912 -1.57693 -9.48185 0.0695348 7.87558 -4.23475 0.0486413 -5.72798 -1.95862 -0.920267 0.0680332 -0.638522 0.083013 -0.110205 0.191668 2.55219 0.141025 0.153615 -1.76856 7.12894 0.0388936 -1.40346 0.709097 0.356349 5.66242 9.66494 -0.695621 -1.61158
internal_weight=25071 1096 1061 1030 79 23975 64 51 23911 80 59 951 23831 3549 2166 2128 20282 426 19856 19833 1383 102 2093 664 1429 1334 95 60 617 1363
internal_count=25071 1096 1061 1030 79 23975 64 51 23911 80 59 951 23831 3549 2166 2128 20282 426 19856 19833 1383 102 2093 664 1429 1334 95 60 617 1363
is_linear=0
shrinkage=0.05


Tree=4
num_leaves=31
num_cat=0
split_feature=78 124 30 134 135 78 19 114 13 114 121 101 93 113 112 103 135 122 1 61 106 57 120 128 79 36 4 113 91 138
split_gain=980868 2.57353e+06 2.40186e+06 1.26211e+06 1.06413e+06 1.17009e+06 1.04399e+06 893602 1.56252e+06 1.5663e+06 2.76314e+06 1.32583e+06 1.19923e+06 1.36465e+06 993144 986075 1.31062e+06 1.31515e+06 920821 892711 1.49706e+06 1.83284e+06 1.75467e+06 1.30334e+06 1.19834e+06 1.43021e+06 1.13786e+06 1.85792e+06 1.30393e+06 931203
threshold=2856.5000000000005 636.49594116210949 3105.2500000000005 820.25000000000011 -1092.2499999999998 876.75000000000011 467.49603271484381 727.00000000000011 2474.7209472656255 -879.24999999999989 -501.74999999999994 2021.2500000000002 694.75000000000011 997.75000000000011 79.750000000000014 388.53430175781256 -207.74999999999997 747.25000000000011 2793.7500000000005 653.59622192382824 817.75000000000011 1197.7500000000002 790.25000000000011 332.00000000000006 147.75000000000003 1515.2500000000002 3172.295043945313 -246.74999999999997 -1385.2499999999998 505.92158508300787
decision_type=2 2 2 2 2 2 2 2 2 2 2 2 2 2 2 2 2 2 2 2 2 2 2 2 2 2 2 2 2 2
left_child=2 6 4 -3 5 -1 -2 8 18 -10 -11 15 14 -14 -12 -9 17 -17 19 29 23 22 -22 24 25 26 28 -28 -21 -6
right_child=1 3 -4 -5 7 -7 -8 11 9 10 12 -13 13 -15 -16 16 -18 -19 -20 20 21 -23 -24 -25 -26 -27 27 -29 -30 -31
leaf_value=-2.3331241587326788 4.6192404075102376 4.5616762065887455 -12.579577344342283 21.568556344509126 0.019717271782208889 -14.827437682378861 -10.615964928917265 -0.22903582074637102 -7.4055454753073198 20.171644553431761 8.2192223157733686 8.9860052074704857 3.1130615795359891 16.552364222208659 -1.788813256892291 -18.365860181019226 -2.7358527132664907 -1.9360191856111801 -7.5414235163480043 -14.864707416036854 -23.374055567741394 0.59941037984994749 -5.5703060734656553 11.734927568435669 5.7583780784606944 -15.523041248321533 16.607314963340759 -1.1460523349898202 -2.1971980003104816 1.4372070155279348
leaf_weight=174 22 20 38 24 22013 21 23 352 28 27 32 28 51 30 110 29 307 21 40 23 25 39 31 20 50 20 20 56 174 1223
leaf_count=174 22 20 38 24 22013 21 23 352 28 27 32 28 51 30 110 29 307 21 40 23 25 39 31 20 50 20 20 56 174 1223
internal_value=1.76733e-08 5.23972 -0.0186668 13.8382 0.000468626 -3.67867 -3.16764 0.0294569 0.0820929 3.80886 5.06487 -1.68546 3.2358 8.09058 0.466519 -2.1069 -3.95847 -11.4653 0.0384408 0.051237 -2.13478 -7.72267 -13.5184 -0.672388 -1.39585 -2.6167 -1.67118 3.52589 -3.67615 0.0943252
internal_weight=25071 89 24982 44 24944 195 45 24749 24012 278 250 737 223 81 142 709 357 50 23734 23694 458 95 56 363 343 293 273 76 197 23236
internal_count=25071 89 24982 44 24944 195 45 24749 24012 278 250 737 223 81 142 709 357 50 23734 23694 458 95 56 363 343 293 273 76 197 23236
is_linear=0
shrinkage=0.05


Tree=5
num_leaves=31
num_cat=0
split_feature=105 106 75 3 25 30 3 110 0 40 29 103 103 1 94 120 114 120 89 135 131 79 68 127 106 33 38 140 54 117
split_gain=942573 1.45283e+06 1.45093e+06 2.55692e+06 1.32276e+06 1.91542e+06 1.07533e+06 985197 1.21421e+06 908201 867893 1.09374e+06 1.09542e+06 944498 1.13407e+06 769036 754922 1.42085e+06 1.60282e+06 1.26849e+06 1.14551e+06 968146 1.27553e+06 1.09636e+06 2.17191e+06 1.0305e+06 1.01905e+06 913181 837632 1.23795e+06
threshold=-913.24999999999989 -244.74999999999997 1045.2505493164065 -77.749999999999986 3962.5825195312505 286.25000000000006 -822.24999999999989 879.99746704101574 3111.2500000000005 467.49603271484381 147.25000000000003 570.11660766601574 530.86532592773449 -223.24999999999997 -1560.7499999999998 1078.5000000000002 291.25000000000006 861.00000000000011 512.03503417968761 -4.2499999999999991 674.41351318359386 1672.0000000000002 588.47909545898449 860.25000000000011 1200.2500000000002 512.03503417968761 2668.0000000000005 -5.7499999999999991 426.99803161621099 422.71945190429693
decision_type=2 2 2 2 2 2 2 2 2 2 2 2 2 2 2 2 2 2 2 2 2 2 2 2 2 2 2 2 2 2
left_child=1 4 7 -4 5 10 -3 16 15 -7 11 12 -1 14 -13 -9 17 -2 -19 21 28 22 25 24 27 -18 -23 -24 29 -21
right_child=2 6 3 -5 -6 9 -8 8 -10 -11 -12 13 -14 -15 -16 -17 19 18 -20 20 -22 26 23 -25 -26 -27 -28 -29 -30 -31
leaf_value=-1.1439100326107789 0.14439184207454209 -2.9394494552612307 -1.229947312672933 18.916022185768401 11.373974845522927 -3.0892850989387153 -18.096294953606346 -5.906845074433547 -15.818862529028031 -16.844595336914065 4.2053310639496093 -10.30548574223238 5.8841629676024123 -14.054959862320514 1.579295689719064 6.1524553206563004 -1.8762140160145053 0.27626004145504574 10.863311498815364 0.29410988045808034 9.6319741189479835 7.4248483917542876 -10.901236619620489 0.83068571771894184 -24.785274686813356 4.7713191294279254 -4.4009578631983866 2.9865332698822025 -1.8878651536731834 6.515409489799949
leaf_weight=730 20248 25 36 28 21 21 22 39 21 28 79 34 60 27 49 20 1317 78 66 1349 32 56 29 28 20 61 27 20 415 85
leaf_count=730 20248 25 36 28 21 21 22 39 21 28 79 34 60 27 49 20 1317 78 66 1349 32 56 29 28 20 61 27 20 415 85
internal_value=4.10505e-09 -1.43389 0.0655493 7.58391 -1.04856 -1.30233 -10.0341 0.0454257 -5.49392 -10.9495 -0.819477 -1.26054 -0.610132 -5.93168 -3.28917 -1.81895 0.0640211 0.179589 5.12866 -0.621252 0.252697 -1.67639 -1.97205 -7.51393 -10.9002 -1.58195 3.5779 -5.23276 0.0903732 0.662876
internal_weight=25071 1096 23975 64 1049 1028 47 23911 80 49 979 900 790 110 83 59 23831 20392 144 3439 1881 1558 1475 97 69 1378 83 49 1849 1434
internal_count=25071 1096 23975 64 1049 1028 47 23911 80 49 979 900 790 110 83 59 23831 20392 144 3439 1881 1558 1475 97 69 1378 83 49 1849 1434
is_linear=0
shrinkage=0.05


Tree=6
num_leaves=31
num_cat=0
split_feature=78 96 50 47 0 105 30 114 120 89 134 61 126 107 140 137 128 101 112 122 133 66 141 31 58 29 4 13 39 131
split_gain=897942 2.34312e+06 2.2002e+06 1.35041e+06 1.20235e+06 1.00532e+06 2.27146e+06 851394 1.9208e+06 1.84647e+06 1.04087e+06 905761 1.65091e+06 1.07451e+06 871551 826508 925171 796211 792245 1.0236e+06 1.1427e+06 744324 695735 1.08978e+06 1.1177e+06 871082 677265 899228 818117 673510
threshold=2856.5000000000005 636.49594116210949 3300.7500000000005 487.39910888671881 3882.5000000000005 -913.24999999999989 665.75000000000011 291.25000000000006 861.00000000000011 512.03503417968761 283.25000000000006 653.59622192382824 1041.0000000000002 472.75000000000006 523.25000000000011 2671.3974609375005 -505.24999999999994 2021.2500000000002 -289.24999999999994 -80.749999999999986 -166.74999999999997 1014.2500000000001 695.25000000000011 -33.249999999999993 663.75000000000011 -353.24999999999994 3032.085083007813 1758.0993652343752 3374.927612304688 552.32839965820324
decision_type=2 2 2 2 2 2 2 2 2 2 2 2 2 2 2 2 2 2 2 2 2 2 2 2 2 2 2 2 2 2
left_child=2 3 4 -2 5 6 18 8 22 -10 15 17 13 -13 -11 16 -9 26 19 -1 -21 -15 -7 25 -25 -24 -12 -28 -29 -18
right_child=1 -3 -4 -5 -6 7 -8 10 9 14 11 12 -14 21 -16 -17 29 -19 -20 20 -22 -23 23 24 -26 -27 27 28 -30 -31
leaf_value=-1.3737240386123841 5.5282674912483465 15.331779407052432 -12.728444164640763 -10.269574832916261 10.544971661214475 0.15591364028918503 -14.414171632130943 -9.8695384228054213 0.19409886639761298 14.56277772404931 -0.22570914516909091 -1.4658234044909477 5.5271003821800502 -20.325353237560819 2.9718445487644365 -9.4925884445508313 -1.741894716316656 9.1458461321890354 -9.548047277662489 14.367277969632831 1.1521331055744275 -7.4356734444697699 -3.0385361003875735 5.3894536692845199 -8.9838444641658253 -17.795586228370667 -3.1164055322345936 12.505330207943917 2.7634260177612306 5.3323852389199402
leaf_weight=936 31 34 34 24 27 20190 33 34 76 55 2147 32 29 21 23 36 869 24 27 21 74 24 20 38 21 20 38 32 66 35
leaf_count=936 31 34 34 24 27 20190 33 34 76 55 2147 32 29 21 23 36 869 24 27 21 74 24 20 38 21 20 38 32 66 35
internal_value=-5.66661e-09 5.01334 -0.0178603 -1.36534 -0.00053792 -0.0119632 -1.49615 0.0559868 0.177636 5.74063 -0.678253 -0.121373 -4.64065 -8.47006 11.1449 -2.05788 -1.77253 0.0862748 -1.09323 -0.871809 4.07338 -13.4509 0.135411 -4.0459 0.273534 -10.4171 -0.00896376 3.41274 5.94446 -1.468
internal_weight=25071 89 24982 55 24948 24921 1091 23830 20443 154 3387 2413 106 77 78 974 938 2307 1058 1031 95 45 20289 99 59 40 2283 136 98 904
internal_count=25071 89 24982 55 24948 24921 1091 23830 20443 154 3387 2413 106 77 78 974 938 2307 1058 1031 95 45 20289 99 59 40 2283 136 98 904
is_linear=0
shrinkage=0.05


Tree=7
num_leaves=31
num_cat=0
split_feature=129 137 45 73 30 79 30 142 105 51 67 30 93 30 115 47 70 92 69 15 2 2 95 135 115 113 144 96 117 130
split_gain=859930 1.21597e+06 1.904e+06 2.39038e+06 1.05776e+06 2.19481e+06 992500 798799 932394 2.0512e+06 1.12106e+06 1.24383e+06 989291 1.53193e+06 1.36972e+06 1.10593e+06 1.80441e+06 1.4789e+06 1.02451e+06 1.48311e+06 2.18598e+06 993097 967799 1.00765e+06 898877 863628 859886 854520 2.29173e+06 1.8702e+06
threshold=-1079.4999999999998 4515.6274414062509 1843.7500000000002 2613.7500000000005 3105.2500000000005 2246.7500000000005 -2075.2499999999995 -72.749999999999986 550.25000000000011 -1400.7499999999998 3979.6049804687505 1277.2500000000002 -856.74999999999989 467.75000000000006 -15.749999999999998 436.54501342773443 1815.2500000000002 1147.2500000000002 294.23689270019537 610.25000000000011 146.25000000000003 740.25000000000011 3501.037475585938 -597.74999999999989 706.25000000000011 1999.0000000000002 2951.259887695313 570.11660766601574 523.98001098632824 2188.1699218750005
decision_type=2 2 2 2 2 2 2 2 2 2 2 2 2 2 2 2 2 2 2 2 2 2 2 2 2 2 2 2 2 2
left_child=6 4 -3 -4 7 -6 -1 8 12 -10 22 -12 13 18 -15 -14 17 -17 19 -2 -21 -19 23 -11 -13 26 27 28 -25 -29
right_child=1 2 3 -5 5 -7 -8 -9 9 10 11 24 15 14 -16 16 -18 21 -20 20 -22 -23 -24 25 -26 -27 -28 29 -30 -31
leaf_value=-12.622778143201558 -0.72311192877213204 18.972108818519683 -6.5189919817142004 11.765388556682703 -18.371944968596747 4.2757257270812987 -1.5068799116242102 0.47435938194661037 -17.034331550598147 -6.4629080784030082 14.166833087921143 -7.0555610244924374 -0.036220252053109921 -3.9047280084169831 -18.592961144447326 1.2248240062574842 -13.296019163585846 3.521832144778708 4.2037197505726533 -20.781443761742636 -0.29310447692871094 18.756085749268532 -9.4026132018225539 -1.1082568304397893 6.4500697476523259 9.5261866340041177 8.1245202321272636 -2.4465021807639324 7.4815438741519138 -18.941913900375365
leaf_weight=28 2270 21 39 33 23 20 71 6760 20 82 25 22 11342 65 21 1801 21 23 102 23 30 20 35 1877 28 20 26 122 81 20
leaf_count=28 2270 21 39 33 23 20 71 6760 20 82 25 22 11342 65 21 1801 21 23 102 23 30 20 35 1877 28 20 26 122 81 20
internal_value=-7.18857e-09 0.0184377 5.72507 1.86135 -0.00289422 -7.83814 -4.65077 0.0106714 -0.162737 -1.08988 -0.953483 5.06067 -0.0236484 -0.933377 -7.49139 0.149315 1.27765 1.44362 -0.700805 -0.916156 -9.18427 10.6075 -1.1528 -1.02321 0.507592 -0.815351 -0.912637 -1.02453 -0.752908 -4.7698
internal_weight=25071 24972 93 72 24879 43 99 24836 18076 2358 2338 75 15718 2511 86 13207 1865 1844 2425 2323 53 43 2263 2228 50 2146 2126 2100 1958 142
internal_count=25071 24972 93 72 24879 43 99 24836 18076 2358 2338 75 15718 2511 86 13207 1865 1844 2425 2323 53 43 2263 2228 50 2146 2126 2100 1958 142
is_linear=0
shrinkage=0.05


Tree=8
num_leaves=31
num_cat=0
split_feature=129 116 50 120 141 36 40 30 64 142 61 113 136 100 136 13 33 23 128 37 114 121 102 45 43 106 73 122 115 135
split_gain=776087 1.10174e+06 1.79094e+06 2.22952e+06 1.63206e+06 1.09931e+06 1.7607e+06 895731 767938 730506 865798 1.21653e+06 2.46463e+06 1.69543e+06 1.05012e+06 1.65162e+06 1.01387e+06 1.86719e+06 917450 914438 892569 891808 928848 932351 880573 1.22676e+06 1.51706e+06 1.39228e+06 865261 847416
threshold=-1079.4999999999998 4677.9150390625009 2020.7500000000002 1479.7500000000002 622.25000000000011 3698.2500000000005 560.00579833984386 -2075.2499999999995 -63.249999999999993 -72.749999999999986 653.59622192382824 -450.74999999999994 -1.0000000180025095e-35 -1638.2499999999998 549.50000000000011 2821.7861328125005 598.99819946289074 1547.7500000000002 -973.24999999999989 1444.2500000000002 727.00000000000011 575.25000000000011 402.91999816894537 985.75000000000011 1622.7500000000002 802.25000000000011 900.25000000000011 329.25000000000006 286.25000000000006 -477.24999999999994
decision_type=2 2 2 2 2 2 2 2 2 2 2 2 2 2 2 2 2 2 2 2 2 2 2 2 2 2 2 2 2 2
left_child=7 5 -3 4 -4 9 -7 -1 -9 10 16 12 -12 -13 15 19 20 18 -18 24 -2 22 23 -22 25 28 27 -27 29 -15
right_child=1 2 3 -5 -6 6 -8 8 -10 -11 11 13 -14 14 -16 -17 17 -19 -20 -21 21 -23 -24 -25 -26 26 -28 -29 -30 -31
leaf_value=-11.991639004434859 -0.089026809385306424 18.715374472737313 3.8869809769448782 11.9208933853334 -16.07049925327301 1.9285732678004675 -18.800514458417894 1.8248355542912205 -9.7352834463119517 0.45434723073474959 -2.7283604935158134 -16.304223985257359 17.847458399967717 1.6190280276536944 -11.397955931027731 11.619252790104261 -7.6795325965881354 15.209666774891042 2.2977650979140991 -10.849221730232239 -5.1606064649728633 -0.81120679108046445 -2.8583246198672696 -19.520031509399416 5.3290655649625336 -22.620914770209271 0.4962217871348063 -5.0268978378989484 5.4512601451440297 -5.1062885685304629
leaf_weight=28 16746 20 21 31 20 21 20 51 20 6758 43 23 22 80 30 22 25 27 294 30 26 319 103 20 39 23 30 22 44 113
leaf_count=28 16746 20 21 31 20 21 20 51 20 6758 43 23 22 80 30 22 25 27 294 30 26 319 103 20 39 23 30 22 44 113
internal_value=-3.08925e-08 0.0175158 5.47904 1.80228 -5.84838 -0.00267957 -8.18318 -4.41823 -1.43154 0.0108234 -0.154949 -2.16363 4.23576 -3.07582 -2.37316 -1.70134 -0.0953523 2.58444 1.51585 -2.4705 -0.149216 -2.3029 -5.49654 -11.4038 -1.75437 -2.6398 -8.21315 -14.0194 -0.876088 -2.31859
internal_weight=25071 24972 92 72 41 24880 41 99 71 24839 18081 521 65 456 433 403 17560 346 319 381 17214 468 149 46 351 312 75 45 237 193
internal_count=25071 24972 92 72 41 24880 41 99 71 24839 18081 521 65 456 433 403 17560 346 319 381 17214 468 149 46 351 312 75 45 237 193
is_linear=0
shrinkage=0.05


Tree=9
num_leaves=31
num_cat=0
split_feature=141 128 78 124 30 19 134 107 106 140 100 23 103 19 120 114 53 128 101 121 121 72 145 23 127 38 121 115 61 93
split_gain=726996 862994 764580 2.21229e+06 1.24443e+06 841959 818865 739133 1.05581e+06 1.35704e+06 941288 830464 1.16355e+06 1.4189e+06 1.73588e+06 3.20316e+06 1.40323e+06 1.33986e+06 1.15243e+06 1.1083e+06 1.7471e+06 1.30908e+06 997594 949160 891491 878927 821622 797804 1.47678e+06 1.12739e+06
threshold=40.250000000000007 -579.74999999999989 2856.5000000000005 636.49594116210949 3105.2500000000005 467.49603271484381 852.25000000000011 831.00000000000011 1394.0000000000002 327.25000000000006 850.50000000000011 2359.7500000000005 653.59622192382824 598.99819946289074 425.75000000000006 -182.24999999999997 2833.579956054688 -228.74999999999997 194.75000000000003 -1199.4999999999998 -924.74999999999989 -612.24999999999989 724.36727905273449 863.25000000000011 -48.249999999999993 760.25000000000011 -669.74999999999989 1651.2500000000002 674.41351318359386 1243.2500000000002
decision_type=2 2 2 2 2 2 2 2 2 2 2 2 2 2 2 2 2 2 2 2 2 2 2 2 2 2 2 2 2 2
left_child=1 -1 4 5 7 -4 -5 8 11 10 -10 12 -2 -14 15 19 17 -16 -13 21 -21 -15 -18 24 -22 -24 -26 28 -9 -30
right_child=2 -3 3 6 -6 -7 -8 27 9 -11 -12 18 13 14 16 -17 22 -19 -20 20 23 -23 25 -25 26 -27 -28 -29 29 -31
leaf_value=-2.5480691337654759 0.17640009404070844 -0.34050434189712653 4.005238277261908 5.8096088159651984 -9.1966413600577255 -9.6766607035761307 19.613110758499669 -1.2627620715829231 8.3421006908019386 13.639173721544672 -4.7570976957678797 15.476666713953017 -9.1067246473196786 -1.8998994930370434 -12.892984459400177 -16.875765932217625 1.0495896488428116 2.2194314974004574 1.9494084749672866 10.923667857863688 -10.080409026145936 -17.777146975994111 6.3476297287940984 8.2903161478042602 7.8891599660828007 20.410293769836429 -3.425383681497153 5.6779225900366503 -2.7507495130811419 -19.134470564978464
leaf_weight=516 19923 3117 22 21 36 23 22 637 24 33 32 20 66 37 20 39 32 55 74 33 36 20 25 20 21 20 68 37 21 21
leaf_count=516 19923 3117 22 21 36 23 22 637 24 33 32 20 66 37 20 39 32 55 74 33 36 20 25 20 21 20 68 37 21 21
internal_value=-1.10583e-08 -0.654048 0.110838 4.76184 0.0916681 -2.98773 12.8719 0.107356 0.162253 5.59636 0.856844 0.138671 0.117081 -2.28497 -1.22808 -3.60531 3.05719 -1.81055 4.82755 -1.40298 0.540106 -7.47086 7.79849 -1.82305 -3.44119 12.5977 -0.75566 -1.47191 -1.86152 -10.9426
internal_weight=25071 3633 21438 88 21350 45 43 21314 20598 89 56 20509 20415 492 426 274 152 75 94 235 178 57 77 145 125 45 89 716 679 42
internal_count=25071 3633 21438 88 21350 45 43 21314 20598 89 56 20509 20415 492 426 274 152 75 94 235 178 57 77 145 125 45 89 716 679 42
is_linear=0
shrinkage=0.05


Tree=10
num_leaves=31
num_cat=0
split_feature=75 77 78 110 134 37 77 121 137 103 130 75 117 37 38 116 40 4 141 64 86 106 43 126 78 1 1 15 2 93
split_gain=695780 2.66835e+06 2.08314e+06 1.90389e+06 1.59879e+06 1.41165e+06 1.31786e+06 1.01779e+06 739402 2.47299e+06 678874 1.14526e+06 1.04006e+06 1.46777e+06 1.24812e+06 947681 883955 755480 697020 1.28134e+06 829221 742587 1.0773e+06 1.02934e+06 818667 790220 838972 726891 927023 724605
threshold=1045.2505493164065 663.25000000000011 103.75000000000001 879.99746704101574 195.25000000000003 -1784.4999999999998 1235.7500000000002 -267.74999999999994 4515.6274414062509 653.59622192382824 -1757.4349975585935 588.47909545898449 505.92158508300787 -370.24999999999994 -2012.2499999999998 -2694.9999999999995 560.00579833984386 -3467.099975585937 76.750000000000014 2063.7500000000005 -1783.9999999999998 114.75000000000001 -1514.4999999999998 -652.24999999999989 -342.74999999999994 1406.7500000000002 942.75000000000011 377.75000000000006 146.25000000000003 293.25000000000006
decision_type=2 2 2 2 2 2 2 2 2 2 2 2 2 2 2 2 2 2 2 2 2 2 2 2 2 2 2 2 2 2
left_child=3 2 5 8 -5 -2 7 -6 10 -10 11 12 14 16 15 -1 -14 -13 19 20 -12 24 -23 -24 25 26 27 -20 -29 -22
right_child=1 -3 -4 4 6 -7 -8 -9 9 -11 18 17 13 -15 -16 -17 -18 -19 21 -21 29 22 23 -25 -26 -27 -28 28 -30 -31
leaf_value=-1.3428946603428233 -2.4491770158211392 17.934367025815526 -11.732766647692081 -17.884930770874025 -5.3719189167022705 15.301864396958123 -10.838909292966129 10.388485865365892 -5.366941725124013 18.340525820038536 -7.6643357527883431 -15.500095644451324 3.1492429965940016 -7.6539147804523342 -0.83544757567805383 -12.85561640843367 14.12527541433062 -3.4382523088770753 0.089706161439908449 -10.486204193484399 -0.068577768516749363 11.021705480055376 8.7596522995919894 -0.086499620939815627 1.0899134461036364 -9.2894058968709867 6.7103546266970433 -8.5912973940372463 0.42773023720445302 -1.6331773988575169
leaf_weight=33 24 26 27 25 20 21 32 21 22 22 38 21 145 29 1460 39 21 34 2252 31 6109 22 33 9398 4141 23 46 56 58 842
leaf_count=33 24 26 27 25 20 21 32 21 22 22 38 21 145 29 1460 39 21 34 2252 31 6109 22 33 9398 4141 23 46 56 58 842
internal_value=-3.87275e-08 4.20477 -0.753136 -0.0165006 -6.97192 5.83464 -3.23459 2.70048 0.0109017 6.48679 -0.000573437 -0.940815 -0.714609 2.72465 -1.15237 -7.57895 4.53778 -8.04368 0.07212 -0.343361 -0.298372 0.254082 -0.0297659 -0.0555461 0.662115 -0.065407 0.0225499 -0.107475 -4.00267 -0.258103
internal_weight=25071 98 72 24973 98 45 73 41 24875 44 24831 1782 1727 195 1532 72 166 55 23049 7020 6989 16029 9453 9431 6576 2435 2412 2366 114 6951
internal_count=25071 98 72 24973 98 45 73 41 24875 44 24831 1782 1727 195 1532 72 166 55 23049 7020 6989 16029 9453 9431 6576 2435 2412 2366 114 6951
is_linear=0
shrinkage=0.05


Tree=11
num_leaves=31
num_cat=0
split_feature=129 137 45 73 121 30 79 113 80 87 136 0 108 45 145 134 69 107 27 105 140 128 17 136 115 37 26 106 142 12
split_gain=672710 897393 1.53545e+06 1.99906e+06 843801 812545 1.96509e+06 745034 681742 1.46698e+06 996231 934509 1.39133e+06 679141 798969 789222 673462 604500 983435 1.01493e+06 707568 954286 683510 695340 610200 633905 605739 803752 530722 999863
threshold=-1079.4999999999998 4515.6274414062509 1843.7500000000002 2613.7500000000005 -1411.2499999999998 3105.2500000000005 2246.7500000000005 -1207.7499999999998 -2029.4999999999998 -1897.7499999999998 -26.749999999999996 -2175.9999999999995 322.25000000000006 -2426.2499999999995 500.19013977050787 -26.749999999999996 -2471.2958984374995 831.00000000000011 2519.9526367187505 1098.2500000000002 95.250000000000014 -76.249999999999986 2885.5000000000005 623.25000000000011 1651.2500000000002 -137.24999999999997 588.47909545898449 1605.7500000000002 -72.749999999999986 674.41351318359386
decision_type=2 2 2 2 2 2 2 2 2 2 2 2 2 2 2 2 2 2 2 2 2 2 2 2 2 2 2 2 2 2
left_child=4 5 -3 -4 7 8 -7 -1 10 -10 16 12 13 -11 -15 -16 -2 18 28 20 -20 -22 23 24 25 -19 27 -25 -13 -30
right_child=1 2 3 -5 -6 6 -8 -9 9 11 -12 17 -14 14 15 -17 -18 22 19 -21 21 -23 -24 26 -26 -27 -28 -29 29 -31
leaf_value=-3.6911615146909442 8.1678315117245628 16.814773795434409 -6.2147156587013832 10.506194267128453 1.1543768067692601 -16.836603911026668 4.5931363176926974 -15.603808811732703 -11.443409657478334 -7.9832415103912355 13.128822429974875 -0.085821940653704715 -14.206720237558088 -2.9293447130677333 9.0073282920953002 -0.37222777647631511 -3.0427973541053568 -10.686138497591019 5.4909448761098529 14.443839480876925 -10.211834380740212 2.6516365884438806 -7.7941150977061344 0.95893448452616858 5.4919597116009946 -1.631597058565406 -4.5994076251983644 11.844398616041456 0.39046162343610058 7.3517946527554443
leaf_weight=35 21 21 39 33 43 23 20 21 28 38 24 16996 24 173 33 70 37 20 85 20 21 46 39 43 29 577 20 28 6412 52
leaf_count=35 21 21 39 33 43 23 20 21 28 38 24 16996 24 173 33 70 37 20 85 20 21 46 39 43 29 577 20 28 6412 52
internal_value=-6.21712e-09 0.0163076 4.91872 1.44903 -4.11346 -0.00201811 -6.86928 -8.1584 0.00987159 -0.0052057 4.56137 0.00774705 -2.6033 -1.71641 -0.85359 2.63287 1.01622 0.0439343 0.0884579 3.85543 2.46222 -1.3802 -1.34784 -0.997208 -1.59087 -1.93493 3.08669 5.25179 0.0608399 0.446462
internal_weight=25071 24972 93 72 99 24879 43 56 24836 24754 82 24726 338 314 276 103 58 24388 23632 172 152 67 756 717 626 597 91 71 23460 6464
internal_count=25071 24972 93 72 99 24879 43 56 24836 24754 82 24726 338 314 276 103 58 24388 23632 172 152 67 756 717 626 597 91 71 23460 6464
is_linear=0
shrinkage=0.05


Tree=12
num_leaves=31
num_cat=0
split_feature=126 44 82 79 110 134 2 64 15 82 141 108 137 131 142 114 129 120 33 136 142 20 134 115 79 106 6 21 108 6
split_gain=644983 1.70255e+06 1.38381e+06 2.07554e+06 1.54039e+06 1.49122e+06 1.39953e+06 1.79321e+06 1.19065e+06 1.51297e+06 1.1143e+06 888838 831427 2.31691e+06 642004 712244 868079 812587 1.30136e+06 828239 1.31753e+06 749486 739187 682430 663494 858994 650280 776558 1.28327e+06 633162
threshold=-676.24999999999989 1404.5000000000002 1045.2505493164065 94.750000000000014 879.99746704101574 398.25000000000006 2808.7500000000005 275.25000000000006 1893.0000000000002 1045.2505493164065 432.25000000000006 769.00000000000011 4515.6274414062509 674.41351318359386 -7.2499999999999991 291.25000000000006 -80.749999999999986 861.00000000000011 530.86532592773449 337.25000000000006 -294.74999999999994 -1349.5839233398435 764.75000000000011 879.50000000000011 -124.24999999999999 453.25000000000006 1055.0736083984377 -136.74999999999997 -96.749999999999986 -1175.9411621093748
decision_type=2 2 2 2 2 2 2 2 2 2 2 2 2 2 2 2 2 2 2 2 2 2 2 2 2 2 2 2 2 2
left_child=1 8 4 5 12 -4 7 -6 9 10 -1 -9 14 -14 15 17 23 19 -19 -2 -21 -18 -20 -17 25 26 27 -22 -29 -23
right_child=2 -3 3 -5 6 -7 -8 11 -10 -11 -12 -13 13 -15 -16 16 21 18 22 20 24 29 -24 -25 -26 -27 -28 28 -30 -31
leaf_value=-1.2517983296080732 0.14089647081567933 -14.997338037057355 10.982060121453328 20.684736351966862 -15.301333026885988 -6.3432057027463564 -18.349672463238239 10.488513488769533 10.844636176881338 -14.46366926970936 7.3805740882188848 -4.4181774258613586 -4.113816837830977 19.399978542327883 1.7481786245068947 -2.4924455200632414 -7.0127964571464894 0.23693399852098423 5.4169891103108725 -14.469385833740233 0.43000602764742712 6.3210938508169994 17.826555122137069 -10.083942096573967 -3.1037342106094834 6.519650474190712 6.6982902765274055 -15.9405883167101 -0.64862406674553374 -0.443297966465654
leaf_weight=902 19397 22 23 20 20 27 20 20 21 21 39 20 22 20 539 192 43 86 30 20 105 35 20 35 263 48 24 23 34 2980
leaf_count=902 19397 22 23 20 20 27 20 20 21 21 39 20 22 20 539 192 43 86 30 20 105 35 20 35 263 48 24 23 34 2980
internal_value=-1.09799e-10 -1.24102 0.051825 7.07165 0.0313471 1.62642 -6.89517 -3.077 -0.933143 -1.19025 -0.894027 3.03517 0.0545166 7.08323 0.0421514 0.00274501 -0.679704 0.114558 3.9663 0.0882527 -1.88685 -0.458254 10.3808 -3.66294 -1.38052 0.556265 -0.982673 -2.12059 -6.81907 -0.364773
internal_weight=25071 1005 24066 70 23996 50 80 60 983 962 941 40 23916 42 23874 23335 3285 20050 136 19914 517 3058 50 227 497 234 186 162 57 3015
internal_count=25071 1005 24066 70 23996 50 80 60 983 962 941 40 23916 42 23874 23335 3285 20050 136 19914 517 3058 50 227 497 234 186 162 57 3015
is_linear=0
shrinkage=0.05


Tree=13
num_leaves=31
num_cat=0
split_feature=86 78 120 82 15 106 145 85 75 120 103 62 96 1 31 57 27 131 0 29 85 37 29 33 2 9 135 113 142 124
split_gain=622280 1.6688e+06 1.16581e+06 966998 1.78428e+06 989434 1.26646e+06 1.11341e+06 1.0544e+06 795094 1.12066e+06 683087 659412 973220 901477 1.49173e+06 1.10913e+06 743953 1.45625e+06 1.11858e+06 1.09675e+06 734326 928793 733448 673899 806081 966211 1.83851e+06 650442 629959
threshold=-869.74999999999989 760.75000000000011 790.25000000000011 1045.2505493164065 695.25000000000011 114.75000000000001 1045.2505493164065 1248.2500000000002 696.40509033203136 563.75000000000011 578.96932983398449 -2017.0910644531248 1045.2505493164065 1755.2500000000002 -125.74999999999999 123.25000000000001 383.87712097167974 483.63320922851568 -647.74999999999989 -289.24999999999994 -969.74999999999989 285.25000000000006 727.75000000000011 491.92401123046881 -3148.2499999999995 -1219.7499999999998 -495.74999999999994 -359.74999999999994 -283.74999999999994 377.54750061035162
decision_type=2 2 2 2 2 2 2 2 2 2 2 2 2 2 2 2 2 2 2 2 2 2 2 2 2 2 2 2 2 2
left_child=1 2 9 5 -5 7 11 8 29 12 -11 -7 13 14 15 16 17 23 19 24 -20 22 -16 -1 -19 26 27 -26 -18 -2
right_child=3 -3 -4 4 -6 6 -8 -9 -10 10 -12 -13 -14 -15 21 -17 28 18 20 -21 -22 -23 -24 -25 25 -27 -28 -29 -30 -31
leaf_value=-0.74123839169468819 0.28099583371736497 -15.047587153911591 8.7897072300766457 -4.0596046638488774 15.644370177940088 -9.4195653557777401 -12.778435823917389 11.231367858250936 -7.8636418624928126 -1.2178359752748071 -15.007085111866827 -0.17179335484593594 6.4871037302595198 -9.2927997589111335 1.9875329753075999 -11.23259220684276 -11.475969012578329 -3.177833157875499 -15.20629483631679 13.784194686412812 -1.2660551879988162 -4.0394770645282483 11.909664091697106 -5.5656396580905456 2.7721651594290577 -3.8351692481474444 1.106883655960097 15.791269534673447 -2.4136044475165281 1.3420153153800316
leaf_weight=2007 7365 20 33 20 27 20 20 24 38 41 23 12616 33 32 254 34 36 61 21 20 43 44 26 82 89 44 188 39 44 1727
leaf_count=2007 7365 20 33 20 27 20 20 24 38 41 23 12616 33 32 254 34 36 61 21 20 43 44 26 82 89 44 188 39 44 1727
internal_value=-6.39482e-09 -0.649605 -0.559449 0.0955223 7.2597 0.0800836 -0.206329 0.476068 0.447796 -0.657051 -6.17335 -0.186431 -0.543056 -0.618773 -0.527226 -0.825442 -0.693115 -0.514285 1.20791 2.23076 -5.8402 1.96527 2.90887 -0.930612 1.6819 2.50536 3.38822 6.73892 -6.49167 0.482534
internal_weight=25071 3214 3194 21857 47 21810 12656 9154 9130 3161 64 12636 3097 3064 3032 2708 2674 2594 505 441 64 324 280 2089 421 360 316 128 80 9092
internal_count=25071 3214 3194 21857 47 21810 12656 9154 9130 3161 64 12636 3097 3064 3032 2708 2674 2594 505 441 64 324 280 2089 421 360 316 128 80 9092
is_linear=0
shrinkage=0.05


Tree=14
num_leaves=31
num_cat=0
split_feature=78 124 50 0 134 54 135 85 31 139 141 101 114 103 134 64 145 106 114 120 103 96 117 122 7 125 124 99 24 80
split_gain=617409 1.76085e+06 1.6385e+06 907201 893300 770577 719544 1.45035e+06 590184 839101 601278 567283 822625 798869 875675 994511 1.28939e+06 1.0033e+06 922134 736704 851688 937741 916898 671424 666733 1.13603e+06 850229 689612 608682 569693
threshold=2856.5000000000005 636.49594116210949 3300.7500000000005 3882.5000000000005 820.25000000000011 469.80149841308599 -1092.2499999999998 498.25000000000006 -1065.2499999999998 -521.91156005859364 73.250000000000014 2021.2500000000002 727.00000000000011 388.53430175781256 298.75000000000006 1194.7500000000002 461.08456420898443 1930.2500000000002 976.25000000000011 1003.2500000000001 436.54501342773443 537.80807495117199 636.49594116210949 909.00000000000011 3051.0000000000005 1546.6129150390627 469.80149841308599 1881.0000000000002 538.75000000000011 -2029.4999999999998
decision_type=2 2 2 2 2 2 2 2 2 2 2 2 2 2 2 2 2 2 2 2 2 2 2 2 2 2 2 2 2 2
left_child=2 5 3 6 -3 -2 7 8 10 -10 -1 12 19 -14 -15 16 28 -17 -18 24 -21 -22 -23 -24 25 27 -27 29 -16 -8
right_child=1 4 -4 -5 -6 -7 11 -9 9 -11 -12 -13 13 14 15 17 18 -19 -20 20 21 22 23 -25 -26 26 -28 -29 -30 -31
leaf_value=-11.987193191051484 3.3230793813864388 3.4652111136913302 -10.983597396401798 9.1603344023227695 17.773062610626223 -9.7919444765363437 4.3764729989369711 -14.850159282269686 5.9284180392610271 -4.2157406422826984 -2.0363116725569679 6.2856493453184763 0.0090777350907129319 -10.322240418791772 0.1555364278646616 -3.1361180560245661 0.51946900010108954 -13.076423971951009 12.115927532513936 -0.56155509979828544 9.8675873817936068 -5.6317654013633733 10.441646914328299 -0.14270489010317575 -6.8711251912798206 2.1165992873055592 14.491847183393396 -9.2627358436584473 -11.010848039129506 0.011811236076698817
leaf_weight=20 24 20 34 27 24 21 75 23 47 36 63 36 352 40 26 165 40 30 30 115 62 28 31 29 35 35 23 20 23 23537
leaf_count=20 24 20 34 27 24 21 75 23 47 36 63 36 352 40 26 165 40 30 30 115 62 28 31 29 35 35 23 20 23 23537
internal_value=-1.97908e-09 4.15709 -0.0148099 0.000138747 11.2695 -2.79727 -0.00978563 -3.08315 -1.45279 1.52854 -4.43411 0.0137008 0.00455804 -1.67761 -3.35478 -2.4672 1.13488 -4.6654 5.48938 0.0540626 2.67575 5.15769 1.83935 5.32588 0.0247792 0.0349673 7.02403 0.0178141 -5.08583 0.0256749
internal_weight=25071 89 24982 24948 44 45 24921 189 166 83 83 24732 24696 706 354 314 119 195 70 23990 265 150 88 60 23725 23690 58 23632 49 23612
internal_count=25071 89 24982 24948 44 45 24921 189 166 83 83 24732 24696 706 354 314 119 195 70 23990 265 150 88 60 23725 23690 58 23632 49 23612
is_linear=0
shrinkage=0.05


Tree=15
num_leaves=31
num_cat=0
split_feature=141 128 20 38 113 23 135 123 4 80 86 100 112 54 122 112 120 128 131 94 107 136 124 142 89 61 133 86 36 10
split_gain=605557 729902 653723 1.66409e+06 1.45118e+06 702058 631052 1.37903e+06 1.09429e+06 795726 1.38798e+06 1.51506e+06 754934 1.15414e+06 1.13502e+06 1.4079e+06 1.72423e+06 1.2577e+06 892418 1.15234e+06 943439 823298 768219 1.14955e+06 808157 958523 941863 908141 1.20828e+06 1.03658e+06
threshold=40.250000000000007 -579.74999999999989 3967.9338378906255 2668.0000000000005 1626.2500000000002 3193.5000000000005 -1092.2499999999998 1016.4200134277345 5370.3950195312509 -2029.4999999999998 -1937.7499999999998 -1788.4999999999998 -129.74999999999997 578.96932983398449 1106.7500000000002 729.25000000000011 843.75000000000011 -336.24999999999994 724.36727905273449 -878.49999999999989 -673.74999999999989 416.75000000000006 483.63320922851568 -582.74999999999989 410.69157409667974 388.53430175781256 775.75000000000011 -305.24999999999994 -678.74999999999989 -324.74999999999994
decision_type=2 2 2 2 2 2 2 2 2 2 2 2 2 2 2 2 2 2 2 2 2 2 2 2 2 2 2 2 2 2
left_child=1 -1 5 -4 -5 6 7 -2 9 -8 11 -11 18 22 15 16 17 -15 -12 -20 -21 -19 -14 -24 -25 -26 27 28 -27 -29
right_child=2 -3 3 4 -6 -7 8 -9 -10 10 12 -13 13 14 -16 -17 -18 21 19 20 -22 -23 23 24 25 26 -28 29 -30 -31
leaf_value=-2.3387866388732035 0.0030077489359038221 -0.30857269108477103 16.665264947073801 -6.0721475852163218 8.0391418583052499 -8.4640244225660961 5.584076510414933 -10.12646153618892 9.6587070067723602 -17.764370588822796 0.44006173745754895 -2.0661574943392886 -0.11430608238769496 -6.8491657448120611 4.8827021991505344 -6.9382533221672746 6.9721846045719253 0.5188984874835828 -1.6965213108062747 14.705925424893699 1.1616851186752319 -9.6593543746254671 -6.9868104548067667 10.887598892211914 -7.679237580299378 5.7363636121863415 -4.6008183769881725 -2.4205382770183039 -2.6204825468145421 5.2683166178277672
leaf_weight=516 112 3117 21 38 35 24 66 48 30 22 7743 51 11852 117 51 156 54 205 35 36 20 22 37 25 26 63 48 51 138 312
leaf_count=516 112 3117 21 38 35 24 66 48 30 22 7743 51 11852 117 51 156 54 205 35 36 20 22 37 25 26 63 48 51 138 312
internal_value=-1.21557e-08 -0.596927 0.101158 4.26169 0.693539 0.0828353 0.0924565 -3.03583 0.116111 0.102562 0.0853872 -6.79713 0.109322 -0.122055 -2.2551 -2.91219 -1.33414 -2.63803 0.497915 5.42054 9.8687 -0.46754 -0.0192436 1.5903 2.06896 1.7234 2.12286 2.69509 -0.00117256 4.18806
internal_weight=25071 3633 21438 94 73 21344 21320 160 21160 21130 21064 73 20991 13157 605 554 398 344 7834 91 56 227 12552 700 663 638 612 564 201 363
internal_count=25071 3633 21438 94 73 21344 21320 160 21160 21130 21064 73 20991 13157 605 554 398 344 7834 91 56 227 12552 700 663 638 612 564 201 363
is_linear=0
shrinkage=0.05


Tree=16
num_leaves=31
num_cat=0
split_feature=0 108 75 120 124 79 137 96 110 0 142 36 127 78 124 138 141 134 26 121 0 141 47 89 131 52 23 142 114 86
split_gain=596202 1.3261e+06 739574 1.89888e+06 1.81443e+06 1.73905e+06 775601 1.81425e+06 900977 1.00293e+06 560988 1.27384e+06 1.40189e+06 879543 947200 788706 769417 765404 624568 600201 666359 591777 554101 556116 1.10273e+06 711914 2.20354e+06 554106 565396 1.08892e+06
threshold=-2175.9999999999995 322.25000000000006 1045.2505493164065 -397.74999999999994 1045.2505493164065 -100.74999999999999 4515.6274414062509 636.49594116210949 879.99746704101574 1628.2500000000002 -582.74999999999989 1856.0000000000002 494.75000000000006 -1177.2499999999998 578.96932983398449 552.32839965820324 84.750000000000014 -353.99999999999994 458.16539001464849 -1411.2499999999998 -1327.2499999999998 189.75000000000003 879.99746704101574 724.36727905273449 696.40509033203136 640.25000000000011 -1115.7499999999998 -7.2499999999999991 727.00000000000011 1758.7500000000002
decision_type=2 2 2 2 2 2 2 2 2 2 2 2 2 2 2 2 2 2 2 2 2 2 2 2 2 2 2 2 2 2
left_child=1 -1 4 -4 6 -5 8 -8 10 -10 11 13 -13 -2 15 -15 -16 18 -12 20 -19 -22 23 27 -25 26 -26 28 29 -21
right_child=2 -3 3 5 -6 -7 7 -9 9 -11 17 12 -14 14 16 -17 -18 19 -20 22 21 -23 -24 24 25 -27 -28 -29 -30 -31
leaf_value=-1.1875465087632233 -7.1010489366054532 -13.309958722194038 -7.736030554229564 3.3284048801813371 -14.021637312225673 21.462853755950931 -6.2788073110580447 12.412530409323203 -0.93742181273067704 -14.638321150432933 1.9225310386532415 -15.968233329455058 1.1215145134925844 -0.54037032597250756 0.089694826419536897 -9.8826582789421096 10.154946651974241 -2.1036552410125733 9.5849723570274588 0.029844882222766163 1.8407286578958688 12.887968488975808 6.9360118290473682 -11.893134723860642 6.4046561649867471 4.3334529940898605 -16.500616652624949 1.6246436967530062 -1.4034757071891908 8.8560728502273562
leaf_weight=376 50 24 22 39 23 20 20 37 34 22 137 30 20 385 39 24 37 25 33 22218 22 27 29 29 21 39 21 537 696 35
leaf_count=376 50 24 22 39 23 20 20 37 34 22 137 30 20 385 39 24 37 25 33 22218 22 27 29 29 21 39 21 537 696 35
internal_value=-3.43637e-10 -1.91489 0.0310468 4.80089 0.0153349 9.47568 0.0284765 5.85417 0.0149284 -6.31992 0.0294353 -1.50028 -9.13233 -0.787005 -0.136073 -1.08857 4.98988 0.0669267 3.40995 0.0429463 4.53892 7.92798 0.0288636 0.0203746 -3.52647 -0.530994 -5.04798 0.0369867 -0.00016397 0.043727
internal_weight=25071 400 24671 81 24590 59 24567 57 24510 56 24454 585 50 535 485 409 76 23869 170 23699 74 49 23625 23596 110 81 42 23486 22949 22253
internal_count=25071 400 24671 81 24590 59 24567 57 24510 56 24454 585 50 535 485 409 76 23869 170 23699 74 49 23625 23596 110 81 42 23486 22949 22253
is_linear=0
shrinkage=0.05


Tree=17
num_leaves=31
num_cat=0
split_feature=74 32 107 80 145 75 117 66 44 13 82 121 137 106 114 72 36 79 19 40 16 24 9 103 68 145 3 110 64 64
split_gain=582387 895154 872385 1.2205e+06 1.13401e+06 840187 975867 1.30645e+06 1.18834e+06 1.10561e+06 1.01787e+06 918181 803523 1.93813e+06 2.2119e+06 718927 632833 1.22581e+06 617758 664289 609905 751065 919578 656008 690341 624237 570647 553936 549835 545981
threshold=-1980.1549682617185 -2152.6025390624995 -1954.2499999999998 -2029.4999999999998 775.33657836914074 588.47909545898449 505.92158508300787 -459.74999999999994 -2072.7499999999995 -2384.825317382812 530.86532592773449 -1411.2499999999998 4515.6274414062509 1033.7500000000002 1078.2500000000002 -524.74999999999989 3698.2500000000005 2246.7500000000005 523.98001098632824 512.03503417968761 -852.24999999999989 -242.74999999999997 -272.24999999999994 306.96549987792974 323.15492248535162 368.24452209472662 442.75000000000006 552.32839965820324 194.25000000000003 -1948.2499999999998
decision_type=2 2 2 2 2 2 2 2 2 2 2 2 2 2 2 2 2 2 2 2 2 2 2 2 2 2 2 2 2 2
left_child=5 -2 3 -3 -5 6 8 18 9 -1 -9 -10 16 -14 -15 -7 -4 -18 19 29 -13 23 25 -22 -25 -23 -24 -20 -26 -8
right_child=1 2 12 4 -6 15 7 10 11 -11 -12 20 13 14 -16 -17 17 -19 27 -21 21 22 26 24 28 -27 -28 -29 -30 -31
leaf_value=-2.8507008862016456 7.6333938182928627 3.8425484740215801 0.061232915737882837 -3.0688319759368898 -18.829605774652389 -14.556379847526552 -1.3918863105773926 3.3912354850769044 8.914302160342535 -15.019243304857188 -10.489244524070195 -1.5635152082823618 18.080157072203502 -7.8764426231384279 9.9068077844731945 -2.6094917532275708 -15.015124254226686 2.280986399877639 4.7730360212780187 -4.087549908955892 -2.5074520935845932 -1.266430018668951 7.0506250746109913 12.905443141573953 1.3904637160897257 -10.124818691369651 -3.2840572378852153 16.400023076534271 9.3175255673272286 8.4113648818463709
leaf_weight=56 39 23 23148 25 21 20 20 25 24 28 28 1006 21 36 34 34 20 21 21 24 43 43 34 21 100 37 22 20 28 49
leaf_count=56 39 23 23148 25 21 20 20 25 24 28 28 1006 21 36 34 34 20 21 21 24 43 43 34 21 100 37 22 20 28 49
internal_value=-1.48037e-10 0.0646451 0.0520029 -5.5618 -10.264 -0.898348 -0.694947 2.70339 -1.13565 -6.90688 -3.94185 -0.778663 0.0686418 4.75783 0.761136 -7.03427 0.0502401 -6.15614 5.33173 3.07761 -0.95305 0.919293 -1.92355 2.93297 4.50303 -5.36343 2.99057 10.4447 3.12451 5.56984
internal_weight=25071 23388 23349 69 46 1683 1629 187 1442 84 53 1358 23280 91 70 54 23189 41 134 93 1334 328 136 192 149 80 56 41 128 69
internal_count=25071 23388 23349 69 46 1683 1629 187 1442 84 53 1358 23280 91 70 54 23189 41 134 93 1334 328 136 192 149 80 56 41 128 69
is_linear=0
shrinkage=0.05


Tree=18
num_leaves=31
num_cat=0
split_feature=93 113 50 114 75 114 119 110 2 107 106 99 85 5 95 86 107 127 141 9 57 73 142 30 25 16 98 26 113 112
split_gain=564341 1.01535e+06 1.11829e+06 1.68837e+06 900418 1.06949e+06 831719 793756 1.43885e+06 788226 942055 981404 911270 771434 1.32812e+06 1.06786e+06 808016 961009 765295 738553 708888 990553 714625 824716 921453 820638 680274 1.30594e+06 931867 853289
threshold=-856.74999999999989 813.25000000000011 948.75000000000011 -691.24999999999989 1045.2505493164065 -443.74999999999994 -749.74999999999989 879.99746704101574 2808.7500000000005 -557.74999999999989 515.25000000000011 -97.249999999999986 -157.74999999999997 436.54501342773443 -1976.7550048828123 -184.74999999999997 -630.24999999999989 10.750000000000002 439.25000000000006 591.25000000000011 714.75000000000011 204.75000000000003 -92.249999999999986 665.75000000000011 3962.5825195312505 127.75000000000001 -453.74999999999994 487.39910888671881 290.75000000000006 -139.74999999999997
decision_type=2 2 2 2 2 2 2 2 2 2 2 2 2 2 2 2 2 2 2 2 2 2 2 2 2 2 2 2 2 2
left_child=1 2 20 6 7 -6 -4 9 18 10 11 19 -13 -14 -15 -16 17 -17 -9 -2 21 22 23 24 26 -24 28 -28 29 -1
right_child=4 -3 3 -5 5 -7 -8 8 -10 -11 -12 12 13 14 15 16 -18 -19 -20 -21 -22 -23 25 -25 -26 -27 27 -29 -30 -31
leaf_value=-1.1411502154648945 0.76617108887526908 10.584782025814057 -8.6328199434280393 -17.729586911201476 15.764138860702515 0.50922349382329868 5.3088089777075727 6.9642312234640116 -16.197678672699702 -0.019286099250385071 -9.8947624158859266 8.6176288722111618 0.27666107944903839 -7.1295932435989391 1.8512213853097732 -0.20068012527797535 19.052465302603586 13.485188970894649 -5.8416951315743582 -3.5360573892366318 8.369416622682051 -11.728790111541748 0.72134197187864313 -10.350260171942089 8.711975204467775 10.816275810060048 -0.49570865064859393 11.592665441574589 -6.7258940825859712 4.0910750949824299
leaf_weight=2051 1997 20 20 24 20 27 23 20 21 19396 20 65 217 20 62 23 21 29 28 105 22 20 487 23 25 21 80 31 72 81
leaf_count=2051 1997 20 20 24 20 27 23 20 21 19396 20 65 217 20 62 23 21 29 28 105 22 20 487 23 25 21 80 31 72 81
internal_value=5.49223e-09 -0.643436 -0.718793 -7.10543 0.0874591 7.00068 -1.17567 0.072706 -5.28165 0.0895336 0.914335 0.99948 3.15543 2.20101 4.8951 6.67654 10.7747 7.43182 -0.505892 0.551264 -0.571899 -0.63994 -0.562693 -0.92845 -0.835842 1.13865 -0.938951 2.88032 -1.1313 -0.942365
internal_weight=25071 3000 2980 67 22071 47 43 22024 69 21955 2559 2539 437 372 155 135 73 52 48 2102 2913 2891 2871 2363 2340 508 2315 111 2204 2132
internal_count=25071 3000 2980 67 22071 47 43 22024 69 21955 2559 2539 437 372 155 135 73 52 48 2102 2913 2891 2871 2363 2340 508 2315 111 2204 2132
is_linear=0
shrinkage=0.05


Tree=19
num_leaves=31
num_cat=0
split_feature=141 77 58 20 12 40 45 23 30 45 4 54 126 107 39 120 115 142 134 85 107 5 8 131 17 96 145 134 9 145
split_gain=556728 911324 912678 595422 1.40638e+06 2.19818e+06 1.71759e+06 903462 581070 677255 502092 944247 1.41949e+06 1.87175e+06 1.56803e+06 1.16947e+06 1.09788e+06 821577 1.92006e+06 816672 755857 707149 949496 1.05976e+06 893126 1.01838e+06 806589 816719 754687 727650
threshold=20.250000000000004 617.75000000000011 -1133.7499999999998 3967.9338378906255 480.18733215332037 598.99819946289074 3001.2500000000005 3193.5000000000005 619.75000000000011 948.75000000000011 4739.7675781250009 624.58282470703136 1041.0000000000002 487.75000000000006 1732.6450195312502 843.75000000000011 725.25000000000011 -182.74999999999997 347.25000000000006 1276.7500000000002 -40.749999999999993 578.96932983398449 -609.24999999999989 578.96932983398449 -138.24999999999997 598.99819946289074 530.86532592773449 140.25000000000003 -1414.2499999999998 512.03503417968761
decision_type=2 2 2 2 2 2 2 2 2 2 2 2 2 2 2 2 2 2 2 2 2 2 2 2 2 2 2 2 2 2
left_child=1 2 -1 7 -5 -6 -7 10 -3 -10 11 21 13 15 16 -13 -15 18 -12 -19 -17 -2 28 26 -25 -26 -24 -28 29 -23
right_child=3 8 -4 4 5 6 -8 -9 9 -11 17 12 -14 14 -16 20 -18 19 -20 -21 -22 22 23 24 25 -27 27 -29 -30 -31
leaf_value=-3.8488041545947391 0.054796208552398876 -1.2436770985091943 -0.04149417788907292 14.778016637719197 -12.157804837434188 15.34199777199672 -3.6404527317393907 -9.4547491493225095 -14.974854675206272 -4.6958468097751425 -0.55907809313605816 -2.0123281964989848 7.5066271464029954 -10.811130351112004 -16.650206499833327 13.188467921529497 5.3567282063620434 6.6239091320471335 17.300485027719429 -5.603800892829895 0.82031960964202888 -0.84496004407604541 0.86892943382263188 -4.13986873485148 14.06891385386972 2.0817961267522866 -13.501303412697533 -2.1025058191472836 12.765491084394784 7.6533639815618404
leaf_weight=180 22087 69 1254 23 23 26 22 25 22 59 34 533 39 21 39 21 21 22 27 36 30 48 160 20 34 37 22 55 29 53
leaf_count=180 22087 69 1254 23 23 26 22 25 22 59 34 533 39 21 39 21 21 22 27 36 30 48 160 20 34 37 22 55 29 53
internal_value=-3.00337e-09 -0.907282 -0.519399 0.0611885 4.03263 0.551725 6.64171 0.0452301 -4.61544 -7.48768 0.0553935 0.0388121 -1.76441 -2.30813 -9.43087 -1.32021 -2.7272 3.2949 7.34597 -0.965704 5.91309 0.0951203 2.03975 0.606507 5.1931 7.82211 -1.15459 -5.35931 5.65592 3.61456
internal_weight=25071 1584 1434 23487 94 71 48 23393 150 81 23368 23249 704 665 81 584 42 119 61 58 51 22545 458 328 91 71 237 77 130 101
internal_count=25071 1584 1434 23487 94 71 48 23393 150 81 23368 23249 704 665 81 584 42 119 61 58 51 22545 458 328 91 71 237 77 130 101
is_linear=0
shrinkage=0.05


Tree=20
num_leaves=31
num_cat=0
split_feature=115 24 16 107 82 106 17 136 135 24 15 4 38 0 10 61 121 23 15 106 89 35 42 107 4 141 3 107 132 23
split_gain=533287 1.18679e+06 1.20136e+06 787979 1.07431e+06 782080 924479 2.61032e+06 778566 829026 749495 1.18273e+06 1.24536e+06 1.18868e+06 1.3156e+06 2.27055e+06 1.63663e+06 693658 810423 613060 711945 1.20059e+06 1.62852e+06 1.4041e+06 1.16444e+06 1.18221e+06 1.096e+06 952394 1.37235e+06 798769
threshold=1651.2500000000002 2348.2500000000005 3347.5000000000005 831.00000000000011 724.36727905273449 2226.5000000000005 2885.5000000000005 181.75000000000003 -533.24999999999989 2563.7500000000005 2525.7500000000005 617.86999511718761 3152.5000000000005 3882.5000000000005 2483.7500000000005 545.15829467773449 -681.24999999999989 2163.5000000000005 2300.2500000000005 1519.2500000000002 611.19790649414074 1456.0000000000002 696.25000000000011 487.75000000000006 -877.78750610351551 295.25000000000006 1357.7500000000002 -1954.2499999999998 -1107.8482666015623 -2619.9999999999995
decision_type=2 2 2 2 2 2 2 2 2 2 2 2 2 2 2 2 2 2 2 2 2 2 2 2 2 2 2 2 2 2
left_child=3 -2 -3 10 5 6 8 -8 -5 17 19 -12 13 14 15 -13 -16 18 -10 20 -1 22 23 24 25 -22 -23 -26 -29 -30
right_child=1 2 -4 4 -6 -7 7 -9 9 -11 11 12 -14 -15 16 -17 -18 -19 -20 -21 21 26 -24 -25 27 -27 -28 28 29 -31
leaf_value=0.044802022005301756 11.557137086987495 -8.3082553423368015 6.7500262984523065 -10.540023821876163 -10.433728937669235 6.9848077101366854 3.1571965512904256 -21.801137638092044 -1.1382871479769585 8.7813824350183669 -7.821286924362183 1.7841418896951984 -4.9442071373398244 15.724250378816023 -11.977343504428864 22.787141054326838 3.386666453578151 -9.2542664327621473 8.2476641257603962 6.8156058687152283 -3.1952195249904287 -15.315797114372254 4.9413420251272262 -14.907367973327638 -8.5335487092242523 -16.909416536851364 -2.9603293085098268 10.663280531455731 -10.339317646026613 -0.08943944606861931
leaf_weight=23175 32 26 27 21 33 28 22 20 551 22 25 31 37 23 20 22 130 25 24 33 55 28 103 20 34 22 50 29 20 383
leaf_count=23175 32 26 27 21 33 28 22 20 551 22 25 31 37 23 20 22 130 25 24 33 55 28 103 20 34 22 50 29 20 383
internal_value=1.09441e-08 3.9537 -0.637055 -0.0134501 -1.61402 -1.20582 -1.54062 -8.72772 -1.07116 -0.751477 0.0358085 2.5713 3.55919 4.95134 3.73076 10.5024 1.33813 -1.10101 -0.746526 0.00532158 -0.00407427 -1.52653 -0.83916 -1.89669 -1.41748 -7.11356 -7.39563 -0.476282 0.157855 -0.598118
internal_weight=25071 85 53 24986 746 713 685 42 643 622 24240 288 263 226 203 53 150 600 575 23952 23919 744 666 563 543 77 78 466 432 403
internal_count=25071 85 53 24986 746 713 685 42 643 622 24240 288 263 226 203 53 150 600 575 23952 23919 744 666 563 543 77 78 466 432 403
is_linear=0
shrinkage=0.05


Tree=21
num_leaves=31
num_cat=0
split_feature=141 124 101 80 77 120 134 80 86 121 136 100 100 20 94 94 115 130 2 9 17 16 106 113 132 0 74 113 144 44
split_gain=519220 785490 1.37533e+06 709657 721913 696150 658160 575831 1.50462e+06 955443 1.80616e+06 904401 602476 569061 1.34091e+06 1.55882e+06 514097 509404 674998 836930 1.16267e+06 1.04334e+06 630950 764874 689623 1.15498e+06 641793 723283 569644 1.01249e+06
threshold=76.750000000000014 724.36727905273449 -249.74999999999997 -1022.9999999999999 570.25000000000011 146.75000000000003 -210.74999999999997 -2029.4999999999998 -1937.7499999999998 -987.74999999999989 -191.24999999999997 -1788.4999999999998 -1431.9999999999998 3967.9338378906255 1922.2500000000002 985.25000000000011 487.75000000000006 -1757.4349975585935 115.25000000000001 -222.74999999999997 -229.24999999999997 -804.74999999999989 114.75000000000001 -266.24999999999994 790.34875488281261 2205.2500000000005 -1886.0050048828123 550.25000000000011 -1927.554992675781 -563.24999999999989
decision_type=2 2 2 2 2 2 2 2 2 2 2 2 2 2 2 2 2 2 2 2 2 2 2 2 2 2 2 2 2 2
left_child=1 3 -3 5 16 -1 -6 9 11 10 -2 -9 -13 17 15 -15 -5 18 19 20 21 -10 24 -24 25 -19 27 -25 29 -23
right_child=7 2 -4 4 6 -7 -8 8 13 -11 -12 12 -14 14 -16 -17 -18 22 -20 -21 -22 28 23 26 -26 -27 -28 -29 -30 -31
leaf_value=-1.663685827413071 0.83486084322775567 1.5513729782104493 -15.205622879664103 0.065638237421296292 -8.9634258533346252 -8.8408137993635361 -1.2974779218251551 -13.724965353669791 -1.0962295845069254 -3.7052786514163021 20.107308728694917 4.1057095813751223 -6.8920934547077524 0.27569186137272766 -3.472661956378392 17.27767300094877 -3.0882046388433966 0.61074004375197233 -8.5262708391462052 6.9444639308112004 -6.8788751175529077 2.346696857256549 8.5204379908740524 0.72450102337619715 9.8643141174316415 -9.2225008630752576 -0.10739871011302034 10.025958836259264 -0.24490861731060481 14.134370047957809
leaf_weight=389 31 25 24 6119 29 37 811 29 912 24 20 20 33 26 35 28 132 6498 28 35 76 56 26 57 20 30 9402 33 59 27
leaf_count=389 31 25 24 6119 29 37 811 29 912 24 20 20 33 26 35 28 132 6498 28 35 76 56 26 57 20 30 9402 33 59 27
internal_value=-3.06002e-10 -0.346105 -6.65614 -0.304973 -0.185897 -2.28705 -1.56214 0.149593 0.130782 4.52134 8.39268 -6.62621 -2.74198 0.162721 4.15056 9.09153 -0.000960268 0.142157 -0.854687 -0.670306 -0.906161 -0.475491 0.216178 -0.0437149 0.593952 0.565551 -0.0671734 4.13504 3.51122 6.18124
internal_weight=25071 7566 49 7517 7091 426 840 17505 17430 75 51 82 53 17348 89 54 6251 17259 1193 1165 1130 1054 16066 9518 6548 6528 9492 90 142 83
internal_count=25071 7566 49 7517 7091 426 840 17505 17430 75 51 82 53 17348 89 54 6251 17259 1193 1165 1130 1054 16066 9518 6548 6528 9492 90 142 83
is_linear=0
shrinkage=0.05


Tree=22
num_leaves=31
num_cat=0
split_feature=78 110 30 141 103 105 70 130 116 103 98 65 58 12 113 107 82 93 106 136 107 80 84 37 129 45 37 133 127 30
split_gain=502208 1.4111e+06 1.31818e+06 982359 736770 503731 1.28831e+06 1.63258e+06 1.46018e+06 613914 761650 762327 483066 806447 655801 759178 1.14811e+06 936015 820694 1.03415e+06 604004 489227 718213 800000 744248 1.20928e+06 653598 826697 479441 503135
threshold=2856.5000000000005 518.72827148437511 3105.2500000000005 818.75000000000011 674.41351318359386 -913.24999999999989 380.25000000000006 2493.2099609375005 1926.1875000000002 653.59622192382824 -1561.7499999999998 -1561.7499999999998 2153.7500000000005 537.80807495117199 1999.0000000000002 831.00000000000011 653.59622192382824 1243.2500000000002 1394.0000000000002 401.75000000000006 657.25000000000011 1736.7500000000002 1629.7500000000002 1510.7500000000002 143.25000000000003 1360.2500000000002 1570.7500000000002 592.25000000000011 412.75000000000006 1966.2500000000002
decision_type=2 2 2 2 2 2 2 2 2 2 2 2 2 2 2 2 2 2 2 2 2 2 2 2 2 2 2 2 2 2
left_child=2 -2 5 4 -3 6 7 8 9 -1 -11 -12 14 -14 15 18 21 -18 -7 20 -20 22 24 -24 25 -17 -23 -28 -26 -30
right_child=1 3 -4 -5 -6 12 -8 -9 -10 10 11 -13 13 -15 -16 16 17 -19 19 -21 -22 26 23 -25 28 -27 27 -29 29 -31
leaf_value=-0.49277544138100693 -6.3241022834777834 -3.1133335373618389 -9.3187724213851126 16.243263209949841 10.146382055282594 0.055894723970874194 -10.628731839797076 10.564286318132956 -14.459746937751772 -13.635130801200868 4.7458299073305996 -8.2729883054028388 0.84523359883216131 11.807685237345488 7.0791273145964659 -1.962785532907583 -2.893801185369492 -17.405981273651122 5.9557831324411161 13.521972766876221 -4.1280727607232555 -2.206266042382218 -15.16857165336609 -1.3515862594951285 6.7753441230110498 -15.790267914817447 11.633814446679478 -1.5799701690673829 -0.16129115985913411 -7.2380543302606659
leaf_weight=944 25 22 38 22 20 22973 34 31 20 20 22 23 62 23 33 64 25 20 33 25 27 43 20 22 23 21 29 20 360 27
leaf_count=944 25 22 38 22 20 22973 34 31 20 20 22 23 62 23 33 64 25 20 33 25 27 43 20 22 23 21 29 20 360 27
internal_value=-8.36534e-09 3.74925 -0.013357 7.68416 3.20082 0.000819019 -1.04829 -0.740995 -1.08158 -0.816405 -5.51651 -1.90823 0.0489418 3.81154 0.0354841 0.0256898 -1.62839 -9.34366 0.0740395 4.97803 1.41805 -1.07642 -1.65359 -7.9311 -1.12096 -5.37899 2.29252 6.24043 -0.238194 -0.655019
internal_weight=25071 89 24982 64 42 24944 1094 1060 1029 1009 65 45 23850 85 23765 23732 674 45 23058 85 60 629 537 42 495 85 92 49 410 387
internal_count=25071 89 24982 64 42 24944 1094 1060 1029 1009 65 45 23850 85 23765 23732 674 45 23058 85 60 629 537 42 495 85 92 49 410 387
is_linear=0
shrinkage=0.05


Tree=23
num_leaves=31
num_cat=0
split_feature=141 77 58 81 78 124 50 54 0 134 61 44 7 128 108 43 107 129 79 120 124 126 134 118 57 100 126 128 33 68
split_gain=482183 797002 765127 486875 484457 1.3883e+06 1.04218e+06 709299 707449 552325 515511 830454 1.5304e+06 1.12755e+06 1.50933e+06 864544 921930 940222 1.29856e+06 1.31858e+06 1.23187e+06 1.17718e+06 1.15754e+06 1.7798e+06 936008 846818 952825 883222 723163 807664
threshold=20.250000000000004 730.50000000000011 -1133.7499999999998 2248.954956054688 2856.5000000000005 636.49594116210949 3300.7500000000005 469.80149841308599 3882.5000000000005 852.25000000000011 653.59622192382824 1404.5000000000002 2068.7500000000005 -310.24999999999994 951.25000000000011 1710.0000000000002 487.75000000000006 -224.74999999999997 147.75000000000003 9.2500000000000018 724.36727905273449 327.75000000000006 362.75000000000006 -51.334487915039055 339.25000000000006 -2053.7499999999995 -577.24999999999989 -608.74999999999989 611.19790649414074 653.59622192382824
decision_type=2 2 2 2 2 2 2 2 2 2 2 2 2 2 2 2 2 2 2 2 2 2 2 2 2 2 2 2 2 2
left_child=1 2 -1 -3 6 7 8 -6 10 -7 28 12 15 -13 -15 16 17 25 19 20 -19 22 -21 -24 -23 -12 -27 -28 -2 -30
right_child=4 3 -4 -5 5 9 -8 -9 -10 -11 11 13 -14 14 -16 -17 -18 18 -20 21 -22 24 23 -25 -26 26 27 -29 29 -31
leaf_value=-3.5956130637890769 0.052330521165639479 -3.3412210656308581 -0.11671981284578825 -11.823673493521554 3.4927892804145815 4.3842826797848664 -8.8362625700054753 -9.0899603344145277 8.4620591249465953 15.720823157917369 -12.857696687698365 -15.335808523495993 7.776703993355234 7.6720707075936465 -11.520312863588334 6.5156156063079838 -8.9103571595085995 -1.5067039022843043 7.9878851931145851 -2.0703141591378622 14.873287248611451 7.7321040126255589 -22.074013139890589 -2.1816573446447198 -5.8273498618602755 1.8568607024351758 -12.397213761465892 -1.521157113313675 1.6716345004791764 10.446339778242439
leaf_weight=180 22426 87 1296 21 24 21 33 21 25 22 25 24 48 21 20 31 45 24 47 70 22 35 23 22 20 60 35 40 274 29
leaf_count=180 22426 87 1296 21 24 21 33 21 25 22 25 24 48 21 20 31 45 24 47 70 22 35 23 22 20 60 35 40 274 29
internal_value=2.94206e-10 -0.844358 -0.540975 -4.99059 0.0569448 3.75984 0.0430188 -2.37916 0.0555591 10.1844 0.0465551 -1.38545 -0.750533 -6.7285 -1.69007 -1.57079 -2.10643 -1.3826 0.456038 -1.18284 6.3272 -3.21497 -6.09235 -12.3489 2.80139 -4.40487 -2.83953 -6.59665 0.0851131 2.51146
internal_weight=25071 1584 1476 108 23487 88 23399 45 23366 43 23341 612 547 65 41 499 468 423 263 216 46 170 115 45 55 160 135 75 22729 303
internal_count=25071 1584 1476 108 23487 88 23399 45 23366 43 23341 612 547 65 41 499 468 423 263 216 46 170 115 45 55 160 135 75 22729 303
is_linear=0
shrinkage=0.05


Tree=24
num_leaves=31
num_cat=0
split_feature=142 115 50 140 55 114 24 15 120 117 115 57 107 122 89 117 110 80 119 105 86 25 121 4 70 70 65 114 135 79
split_gain=471516 927925 1.03388e+06 1.84287e+06 1.52876e+06 715369 1.1356e+06 852878 763033 1.05161e+06 1.58327e+06 1.03724e+06 1.397e+06 954161 839334 1.02905e+06 850571 829653 751015 713172 916435 752634 654338 695785 610495 850564 629549 746467 635952 605140
threshold=-70.749999999999986 1651.2500000000002 3300.7500000000005 20.750000000000004 3539.723999023438 727.00000000000011 2563.7500000000005 2525.7500000000005 826.25000000000011 879.99746704101574 -147.24999999999997 1948.7500000000002 379.75000000000006 -1085.2499999999998 560.00579833984386 636.49594116210949 444.00724792480474 -1000.2499999999999 418.75000000000006 -313.74999999999994 -697.74999999999989 2935.8850097656255 575.25000000000011 -175.77500152587888 1633.2500000000002 1815.2500000000002 -579.24999999999989 -37.249999999999993 440.50000000000006 -684.74999999999989
decision_type=2 2 2 2 2 2 2 2 2 2 2 2 2 2 2 2 2 2 2 2 2 2 2 2 2 2 2 2 2 2
left_child=1 2 4 -4 5 8 7 22 9 18 13 12 19 -11 16 -16 -14 -15 29 -10 -21 -22 23 -7 26 -26 -20 -28 -29 -1
right_child=-2 -3 3 -5 -6 6 -8 -9 11 10 -12 -13 14 17 15 -17 -18 -19 24 20 21 -23 -24 -25 25 -27 27 28 -30 -31
leaf_value=-0.53280432720247073 0.3638334331485063 5.92857643536159 2.7437710266113284 -15.933179753167289 13.042670661752874 -11.115249398095267 6.1684085454696271 -12.325243759697134 -4.7406683897972108 -9.7958989733741397 -14.222381850444911 7.0666843666480137 -1.4611032398939132 10.436128089541482 -15.271379965001888 -1.0344142317771912 6.1471866216924456 -2.8148316195717569 2.6516378821312698 15.020660382225401 2.4000521372538062 12.411371876976707 -0.85893294786499441 -3.0212898076664318 9.8571084219833907 -1.9655326455831528 -9.2856158057227738 -1.3967684041080008 -10.174207708949135 0.16366567191445927
leaf_weight=4275 6571 63 25 28 22 35 39 22 20 21 33 78 200 21 22 30 45 27 87 21 128 22 289 110 29 32 32 1191 21 11532
leaf_count=4275 6571 63 25 28 22 35 39 22 20 21 33 78 200 21 22 30 45 27 87 21 128 22 289 110 29 32 32 1191 21 11532
internal_value=-5.23656e-10 -0.12923 -0.149929 -7.1233 -0.129826 -0.145608 -2.0206 -2.72097 -0.093662 -0.152762 -5.21465 1.71286 0.857126 -0.906604 -1.28822 -7.05775 -0.0636622 2.98246 -0.122742 4.19308 5.23796 3.86838 -2.23412 -4.975 -1.23613 3.65507 -1.4603 -1.74787 -1.54885 -0.0246945
internal_weight=25071 18500 18437 53 18384 18362 495 456 17867 17301 102 566 488 69 297 52 245 48 17199 191 171 150 434 145 1392 61 1331 1244 1212 15807
internal_count=25071 18500 18437 53 18384 18362 495 456 17867 17301 102 566 488 69 297 52 245 48 17199 191 171 150 434 145 1392 61 1331 1244 1212 15807
is_linear=0
shrinkage=0.05


Tree=25
num_leaves=31
num_cat=0
split_feature=74 32 75 117 66 44 13 82 121 4 107 141 75 77 78 12 120 93 86 50 4 131 126 99 102 97 6 89 114 120
split_gain=459708 768080 664881 888431 1.1371e+06 1.03269e+06 1.0032e+06 896911 834809 646756 631571 1.11028e+06 631080 1.55874e+06 945787 697159 1.11526e+06 1.97309e+06 866687 2.29013e+06 958673 675345 1.45546e+06 1.60935e+06 1.11964e+06 797076 1.02809e+06 763046 876898 604794
threshold=-1980.1549682617185 -2152.6025390624995 588.47909545898449 505.92158508300787 -459.74999999999994 -2072.7499999999995 -2384.825317382812 530.86532592773449 -1411.2499999999998 -3467.099975585937 -1954.2499999999998 292.25000000000006 1045.2505493164065 663.25000000000011 103.75000000000001 775.33657836914074 1479.7500000000002 809.25000000000011 98.250000000000014 811.75000000000011 1924.0350341796877 696.40509033203136 439.75000000000006 1272.7500000000002 4778.7873535156259 886.89358520507824 1306.8369140625002 696.40509033203136 1.0000000180025095e-35 -722.49999999999989
decision_type=2 2 2 2 2 2 2 2 2 2 2 2 2 2 2 2 2 2 2 2 2 2 2 2 2 2 2 2 2 2
left_child=2 -2 3 5 -5 6 -1 -6 -7 -4 11 29 15 14 -14 21 17 18 19 20 -17 27 23 25 -24 26 -23 -12 -29 -3
right_child=1 10 9 4 7 8 -8 -9 -10 -11 12 -13 13 -15 -16 16 -18 -19 -20 -21 -22 22 24 -25 -26 -27 -28 28 -30 -31
leaf_value=-2.5539394749062403 7.0684132380363272 -3.9103185119836228 -13.115989294506257 5.077401849805419 3.3093282470703125 8.537515457471212 -14.145189067295618 -9.7203500730650774 -0.8711914754164094 -1.8913999250440889 0.058491895214050973 3.683475687026978 5.3463701516389852 14.845088905334473 -7.946204995461132 -5.5238847511261708 5.8994911988576257 -17.215972738999589 3.7883394706816902 -18.563055075769839 6.1906099073348511 4.4552875280380251 4.6199740519890424 -11.29905880701542 19.170826842784884 9.8627008207913107 -6.2665703919198776 -11.628220319747925 0.56479186189585728 -15.646492787769862
leaf_weight=56 39 23 21 134 25 24 28 28 1334 33 22741 25 32 25 23 40 30 26 42 23 31 59 39 25 20 29 36 30 29 21
leaf_count=56 39 23 21 134 25 24 28 28 1334 33 22741 25 32 25 23 40 30 26 42 23 31 59 39 25 20 29 36 30 29 21
internal_value=1.2333e-08 0.0574342 -0.798141 -0.617201 2.62532 -1.03769 -6.41769 -3.57428 -0.704911 -6.25652 0.0457238 -4.73082 0.059881 4.4931 -0.212343 0.0445941 -2.95582 -4.59569 -2.18299 -4.85103 -0.409105 0.0696323 2.90578 0.273874 9.55247 2.60713 0.392268 0.0437586 -5.63504 -9.51167
internal_weight=25071 23388 1683 1629 187 1442 84 53 1358 54 23349 69 23280 80 55 23200 192 162 136 94 71 23008 208 149 59 124 95 22800 59 44
internal_count=25071 23388 1683 1629 187 1442 84 53 1358 54 23349 69 23280 80 55 23200 192 162 136 94 71 23008 208 149 59 124 95 22800 59 44
is_linear=0
shrinkage=0.05


Tree=26
num_leaves=31
num_cat=0
split_feature=141 128 26 19 26 107 22 38 99 31 80 86 107 6 6 142 112 58 118 99 103 10 44 50 141 142 5 11 127 131
split_gain=442158 575077 526814 981978 702078 649914 577293 624244 502622 529924 427240 1.27452e+06 777056 685677 912671 610678 512428 771279 1.1448e+06 673232 1.07235e+06 861780 998606 797436 712482 1.20949e+06 962381 685807 673396 673531
threshold=40.250000000000007 -973.24999999999989 570.11660766601574 518.72827148437511 487.39910888671881 -573.74999999999989 1317.2500000000002 1925.5000000000002 -368.49999999999994 -1065.2499999999998 -2029.4999999999998 -1937.7499999999998 -1687.7499999999998 -1018.9664001464843 -2140.9604492187495 -349.74999999999994 -129.74999999999997 1517.2500000000002 1132.238464355469 -265.24999999999994 439.06622314453131 265.25000000000006 1022.2500000000001 1160.7500000000002 166.75000000000003 -318.24999999999994 674.41351318359386 1343.684997558594 -466.74999999999994 461.08456420898443
decision_type=2 2 2 2 2 2 2 2 2 2 2 2 2 2 2 2 2 2 2 2 2 2 2 2 2 2 2 2 2 2
left_child=1 8 3 4 6 -5 -3 -8 9 -1 13 12 -12 14 -2 -14 17 18 19 -13 28 24 23 -23 -22 -26 27 -27 -21 -30
right_child=10 2 -4 5 -6 -7 7 -9 -10 -11 11 16 15 -15 -16 -17 -18 -19 -20 20 21 22 -24 -25 25 26 -28 -29 29 -31
leaf_value=-6.7846111967756944 5.6468899758238544 -0.30805287867612985 3.5566467026384867 -0.42023257172626 6.2818306213770159 -11.239900237492153 -4.330807044745991 4.32023655474186 -11.124563217163086 1.4220168417408354 -13.641328738133112 -0.062660312098318391 3.6458441560918637 10.779339051246644 -6.8075880934794739 -6.7253937773965307 -0.093090795234806942 -7.3328644499182705 11.835154425014149 6.9452292680740362 1.9910744171678738 0.58673006787820514 9.0112478892008472 -7.4133051846478439 14.058560228653443 3.9047349987661137 -5.7205862187203911 11.956735958772548 0.47675201374105552 -8.3006433757868674
leaf_weight=37 38 3171 82 23 39 35 159 24 21 42 24 3829 22 24 24 40 13301 32 22 40 209 197 30 37 39 119 21 34 3334 22
leaf_count=37 38 3171 82 23 39 35 159 24 21 42 24 3829 22 24 24 40 13301 32 22 40 209 197 30 37 39 119 21 34 3334 22
internal_value=-8.23794e-09 -0.510073 -0.404238 -0.498354 -0.38808 -6.94934 -0.465638 -3.19624 -4.24922 -2.42159 0.0864397 0.0722739 -6.00231 3.60353 0.825802 -3.04528 0.0968396 0.41401 0.445259 0.413585 0.860313 2.66342 0.422845 -0.678233 4.06512 6.10021 4.31644 5.69407 0.49608 0.419212
internal_weight=25071 3633 3533 3451 3393 58 3354 183 100 79 21438 21352 86 86 62 62 21266 7965 7933 7911 4082 686 264 234 422 213 174 153 3396 3356
internal_count=25071 3633 3533 3451 3393 58 3354 183 100 79 21438 21352 86 86 62 62 21266 7965 7933 7911 4082 686 264 234 422 213 174 153 3396 3356
is_linear=0
shrinkage=0.05


Tree=27
num_leaves=31
num_cat=0
split_feature=126 44 121 5 136 15 82 141 94 141 136 34 17 7 43 78 135 141 105 57 62 100 94 117 1 78 84 44 120 118
split_gain=439468 1.36267e+06 1.05132e+06 1.70644e+06 1.15312e+06 849256 1.08155e+06 944595 806992 622028 978354 559334 1.02919e+06 1.18457e+06 679736 437110 801770 661822 607970 530397 944185 683285 752513 787400 729397 559585 524189 497356 492931 590675
threshold=-676.24999999999989 1404.5000000000002 -959.74999999999989 578.96932983398449 -1.0000000180025095e-35 1893.0000000000002 1045.2505493164065 432.25000000000006 -1823.7499999999998 144.25000000000003 -87.249999999999986 88.015354156494155 9.2500000000000018 -49.749999999999993 -250.24999999999997 -877.24999999999989 -155.74999999999997 335.25000000000006 -1237.2499999999998 -1199.4999999999998 -2017.0910644531248 -1020.9999999999999 -267.24999999999994 469.80149841308599 -1594.4999999999998 -351.24999999999994 -1257.7499999999998 -2395.2499999999995 203.75000000000003 -986.05938720703114
decision_type=2 2 2 2 2 2 2 2 2 2 2 2 2 2 2 2 2 2 2 2 2 2 2 2 2 2 2 2 2 2
left_child=1 5 3 9 -5 6 7 11 -4 10 -2 12 -1 -14 -13 16 17 27 -17 21 25 -20 23 24 -23 -21 -22 -10 -29 -30
right_child=2 -3 8 4 -6 -7 -8 -9 15 -11 -12 14 13 -15 -16 18 -18 -19 19 20 26 22 -24 -25 -26 -27 -28 28 29 -31
leaf_value=-0.93391235882166412 1.8467480575534658 -13.331283812089399 -9.7879718962169839 4.8148887436498296 19.218861125906312 9.1980013347807397 -12.188623850686211 6.9028440646636184 4.00182915764886 4.273657526393853 -8.3675312975474778 -11.4608645858864 15.939141721725463 -0.38655628013610843 -2.3535097355714867 6.9460917478165358 1.5890018646796926 -9.1056043009604188 -4.362830387751262 -1.651882507584312 7.7551654490557587 10.373621751643995 -1.5787839921865059 12.468610438975421 0.59658524696643533 -12.929223368384621 0.033459207753671318 -1.5289194644872959 -11.529009870120458 -0.43588734808422275
leaf_weight=693 71 22 21 33 24 21 21 39 37 82 35 24 20 25 140 32 209 31 30 22 22 27 47 33 65 22 22654 520 28 21
leaf_count=693 71 22 21 33 24 21 21 39 37 82 35 24 20 25 140 32 209 31 30 22 22 27 47 33 65 22 22654 520 28 21
internal_value=-6.91241e-09 -1.02439 0.0427788 3.30139 10.8797 -0.748959 -0.966096 -0.715647 0.0092639 1.0037 -1.52589 -1.04505 -0.458106 6.86931 -3.68629 0.0179085 -1.09824 -1.97992 0.0590455 0.049431 0.0267524 2.60021 3.81469 5.84264 3.46593 -7.29055 0.0409507 -1.61541 -1.98067 -6.77481
internal_weight=25071 1005 24066 245 57 983 962 941 23821 188 106 902 738 45 164 23800 846 637 22954 22922 22720 202 172 125 92 44 22676 606 569 49
internal_count=25071 1005 24066 245 57 983 962 941 23821 188 106 902 738 45 164 23800 846 637 22954 22922 22720 202 172 125 92 44 22676 606 569 49
is_linear=0
shrinkage=0.05


Tree=28
num_leaves=31
num_cat=0
split_feature=0 108 75 124 120 79 120 117 134 26 12 89 114 142 113 16 68 38 125 99 82 80 110 26 23 10 135 138 37 9
split_gain=415428 1.07112e+06 500294 1.44392e+06 1.38834e+06 1.24506e+06 560283 1.34576e+06 1.13127e+06 939682 758168 552006 549302 964313 717999 698836 726380 640772 1.42085e+06 1.19303e+06 737406 988504 595282 769029 709669 1.08146e+06 922525 1.01712e+06 540041 499912
threshold=-2175.9999999999995 322.25000000000006 1045.2505493164065 1045.2505493164065 -397.74999999999994 -100.74999999999999 1608.7500000000002 570.11660766601574 1475.0000000000002 476.75883483886724 431.49392700195318 388.53430175781256 727.00000000000011 -47.249999999999993 1626.2500000000002 1650.7500000000002 469.80149841308599 3152.5000000000005 1546.6129150390627 1881.0000000000002 653.59622192382824 1736.7500000000002 383.09368896484381 326.64515686035162 440.25000000000006 662.25000000000011 -207.74999999999997 530.86532592773449 1217.2500000000002 2729.0000000000005
decision_type=2 2 2 2 2 2 2 2 2 2 2 2 2 2 2 2 2 2 2 2 2 2 2 2 2 2 2 2 2 2
left_child=1 -1 3 6 -4 -6 8 9 12 10 11 -8 14 22 17 16 -15 18 19 -2 21 -20 23 -14 25 -24 -26 -28 -25 -9
right_child=2 -3 4 -5 5 -7 7 29 -10 -11 -12 -13 13 15 -16 -17 -18 -19 20 -21 -22 -23 24 28 26 -27 27 -29 -30 -31
leaf_value=-0.94474759618256321 0.041368839068338117 -11.839573014775914 -6.7708851705897946 -12.509027095462965 2.7448153025064714 18.088978605270388 3.7924353241920472 5.1284802211558116 -11.326831236752597 -9.4628012626067441 10.117905191012792 -7.3078159740992961 -3.1620975064155754 2.4993202345526737 8.5246797103881828 9.8675694885253904 -8.0142903661727907 -8.8991577243804922 -1.7626714315169896 -10.474933228669343 14.627611641883853 9.4948287621522578 -3.4931603870084214 0.83467121017113177 -12.681248820298597 9.6351503440311976 -6.4423690581321722 2.8681604015827182 9.9272406339645389 14.553578694661461
leaf_weight=376 23578 24 22 23 39 20 24 34 22 23 21 21 133 92 25 25 20 20 39 27 20 39 62 89 38 21 110 40 20 24
leaf_count=376 23578 24 22 23 39 20 24 34 22 23 21 21 133 92 25 25 20 20 39 27 20 39 62 89 38 21 110 40 20 24
internal_value=-8.2436e-09 -1.59844 0.025916 0.0129934 3.94899 7.94623 0.0247167 3.10231 0.00619059 -0.759709 2.27319 -1.38768 0.0164097 -1.41761 0.0556599 2.30906 0.62189 0.046735 0.0542833 0.02934 6.06231 3.86608 -2.41284 -0.610448 -4.02236 -0.17154 -5.72246 -3.95956 2.50303 9.02852
internal_weight=25071 400 24671 24590 81 59 24567 147 24420 89 66 45 24398 650 23748 137 112 23723 23703 23605 98 78 513 242 271 83 188 150 109 58
internal_count=25071 400 24671 24590 81 59 24567 147 24420 89 66 45 24398 650 23748 137 112 23723 23703 23605 98 78 513 242 271 83 188 150 109 58
is_linear=0
shrinkage=0.05


Tree=29
num_leaves=31
num_cat=0
split_feature=141 105 103 22 0 145 80 87 121 136 49 65 40 37 64 124 79 119 75 15 110 72 142 138 67 9 54 54 20 61
split_gain=406672 669784 732617 642752 686268 803598 484181 1.1391e+06 807205 1.62928e+06 748208 505936 751215 811834 839490 610900 545981 601138 726611 1.74841e+06 629975 1.70648e+06 1.56385e+06 945922 868496 615929 599199 1.07796e+06 1.06822e+06 999189
threshold=76.750000000000014 386.75000000000006 674.41351318359386 -886.74999999999989 -855.74999999999989 393.05549621582037 -2029.4999999999998 -1897.7499999999998 -924.74999999999989 -187.24999999999997 -2414.9999999999995 -1861.7499999999998 397.35771179199224 -2503.7499999999995 -1391.9999999999998 412.68888854980474 -1838.7499999999998 -1435.9999999999998 1045.2505493164065 1004.2500000000001 879.99746704101574 96.250000000000014 -302.24999999999994 775.33657836914074 3979.6049804687505 637.00000000000011 696.40509033203136 674.41351318359386 930.43710327148449 674.41351318359386
decision_type=2 2 2 2 2 2 2 2 2 2 2 2 2 2 2 2 2 2 2 2 2 2 2 2 2 2 2 2 2 2
left_child=1 3 -3 4 -1 -6 8 -8 9 -2 -9 12 15 -14 -15 -12 -13 -18 20 -20 23 -22 -23 26 25 -25 27 29 -29 -19
right_child=6 2 -4 -5 5 -7 7 10 -10 -11 11 16 13 14 -16 -17 17 18 19 -21 21 22 -24 24 -26 -27 -28 28 -30 -31
leaf_value=-0.95517831401442577 0.71482275067006851 -1.3737192641120208 -10.614609289169312 0.05417934004050793 -2.9203313775112232 -14.493275400996209 -11.00476485160382 -6.5356526448613126 -4.1768354790551321 18.699817981719971 1.8112773900372643 -5.2080845358471075 -1.4174755006283524 3.2306538399060565 12.51327922489585 -8.975843571481251 -7.1882172635623398 0.13914505882232373 -1.6610992231676656 16.769392728805542 7.386785180228097 -20.427786436080936 -2.3778123219807941 8.8982001805305497 13.591624430815379 -2.3562608372780587 -2.798414104286282 0.89961868166923531 13.265324035767586 -10.289553920082426
leaf_weight=795 34 855 22 5814 60 20 23 42 21 20 35 48 40 60 41 21 28 16625 31 22 21 20 30 20 24 31 174 40 31 23
leaf_count=795 34 855 22 5814 60 20 23 42 21 20 35 48 40 60 41 21 28 16625 31 22 21 20 30 20 24 31 174 40 31 23
internal_value=-3.44723e-09 -0.306305 -1.60553 -0.135963 -1.39937 -5.81357 0.132391 0.115142 4.14116 7.37593 0.129834 0.145956 2.66541 4.61124 6.99885 -2.23389 0.117046 0.131976 0.143968 5.98929 0.125786 -4.57419 -9.5978 0.145452 5.74825 2.05725 0.120577 0.150956 6.29873 0.124737
internal_weight=25071 7566 877 6689 875 80 17505 17430 75 54 17407 17365 197 141 101 56 17168 17120 17092 53 17039 71 50 16968 75 51 16893 16719 71 16648
internal_count=25071 7566 877 6689 875 80 17505 17430 75 54 17407 17365 197 141 101 56 17168 17120 17092 53 17039 71 50 16968 75 51 16893 16719 71 16648
is_linear=0
shrinkage=0.05


Tree=30
num_leaves=31
num_cat=0
split_feature=142 136 126 115 24 66 106 128 141 4 0 38 17 100 111 62 55 33 40 107 111 44 24 10 142 71 56 9 19 5
split_gain=399721 409149 541639 376140 1.06561e+06 1.13731e+06 593461 1.45366e+06 1.56288e+06 1.33441e+06 776003 1.23878e+06 400974 1.51534e+06 1.21402e+06 982523 818658 738075 1.58339e+06 1.0973e+06 1.47605e+06 1.04111e+06 955547 763272 757491 706661 666396 930621 732544 676722
threshold=-7.2499999999999991 222.25000000000003 531.25000000000011 1651.2500000000002 2348.2500000000005 2752.5000000000005 1930.2500000000002 833.75000000000011 538.25000000000011 2493.6049804687505 3882.5000000000005 3152.5000000000005 845.25000000000011 -1186.7499999999998 209.62829589843753 158.33746337890628 264.72833251953131 598.99819946289074 624.58282470703136 -664.74999999999989 1858.5761718750002 1515.5000000000002 734.75000000000011 959.75000000000011 -36.249999999999993 1740.5000000000002 788.75000000000011 396.25000000000006 476.75883483886724 444.00724792480474
decision_type=2 2 2 2 2 2 2 2 2 2 2 2 2 2 2 2 2 2 2 2 2 2 2 2 2 2 2 2 2 2
left_child=3 2 -2 6 -5 -6 10 8 9 -8 12 -12 25 14 -14 -15 -17 22 -19 -20 21 23 -18 -21 26 -1 28 -28 29 -24
right_child=1 -3 -4 4 5 -7 7 -9 -10 -11 11 -13 13 15 -16 16 17 18 19 20 -22 -23 24 -25 -26 -27 27 -29 -30 -31
leaf_value=0.036166309148435175 0.85287705192837004 3.3297555447646552 -7.6046643686294564 10.482587367296219 -10.453193931579591 4.8400406960518136 -16.265239583878291 -14.903640097120533 6.5471732805936771 1.5593709128243585 13.738024304463313 -2.1919277191162112 0.74386670071145766 10.15662086876956 -13.810464595493517 -8.2813575903574641 -3.630476021360844 12.335965892058962 9.8029992938041701 -9.0215341353416445 11.851193685531618 -9.8819671344112709 0.44142348641256746 1.7771255791187288 1.7061455353091188 6.0478932755334043 -10.520850377816421 -0.99890579435018378 5.2825167029290583 -5.736795946892272
leaf_weight=20367 354 175 20 32 20 31 21 23 39 21 26 23 23 22 38 33 235 34 28 20 20 37 778 90 401 49 26 1964 74 47
leaf_count=20367 354 175 20 32 20 31 21 23 39 21 26 23 23 22 38 33 235 34 28 20 20 37 778 90 401 49 26 1964 74 47
internal_value=1.45366e-09 1.3343 0.400602 -0.0298725 3.33036 -1.15731 -0.0412845 -3.81026 -0.66029 -7.35293 -0.0251771 6.2607 -0.0378597 -0.504498 -8.32277 -0.37929 -0.440497 -0.371571 2.37908 0.643004 -0.892804 -2.62668 -0.550266 -0.186267 -0.330251 0.0505949 -0.612907 -1.12331 0.516912 0.0894522
internal_weight=25071 549 374 24522 83 51 24439 104 81 42 24335 49 24286 3870 61 3809 3787 3754 229 195 167 147 3525 110 3290 20416 2889 1990 899 825
internal_count=25071 549 374 24522 83 51 24439 104 81 42 24335 49 24286 3870 61 3809 3787 3754 229 195 167 147 3525 110 3290 20416 2889 1990 899 825
is_linear=0
shrinkage=0.05


Tree=31
num_leaves=31
num_cat=0
split_feature=74 32 75 117 66 44 13 82 115 138 89 33 109 142 131 139 79 93 51 45 61 107 107 141 120 75 77 80 110 72
split_gain=389148 689150 548247 785757 1.02371e+06 904457 907469 777807 757330 567228 702264 954787 616571 567190 543581 551078 645493 581783 505063 714425 700314 503094 469781 908759 555553 455001 1.1929e+06 846889 572831 1.21438e+06
threshold=-1980.1549682617185 -2152.6025390624995 588.47909545898449 505.92158508300787 -459.74999999999994 -2072.7499999999995 -2384.825317382812 530.86532592773449 -1206.4999999999998 444.00724792480474 431.49392700195318 483.63320922851568 -1927.7149658203123 -179.74999999999997 480.18733215332037 -589.54653930664051 -135.74999999999997 -856.74999999999989 -1175.2499999999998 -1549.2499999999998 552.32839965820324 -655.24999999999989 -1954.2499999999998 292.25000000000006 -780.49999999999989 1045.2505493164065 663.25000000000011 -686.74999999999989 879.99746704101574 96.250000000000014
decision_type=2 2 2 2 2 2 2 2 2 2 2 2 2 2 2 2 2 2 2 2 2 2 2 2 2 2 2 2 2 2
left_child=2 -2 3 5 18 6 -1 -6 -7 10 -10 21 14 -4 15 17 -17 -11 19 20 -5 -12 23 24 -3 28 27 -27 -24 -30
right_child=1 22 13 4 7 8 -8 -9 9 12 11 -13 -14 -15 -16 16 -18 -19 -20 -21 -22 -23 25 -25 -26 26 -28 -29 29 -31
leaf_value=-2.3256120830774307 6.6938243694794481 -2.5233064855848042 -9.9397622354328643 2.9835726363318309 3.0072999801635745 7.6362501969491987 -13.349948300634111 -9.1264476367405489 -0.78398752582674858 -9.1073360137939456 1.7496561753749849 -2.3028081919017591 3.4609930815520111 0.48928776545958086 -0.5879416355899737 -17.750811586380006 -5.4687556805817978 1.3866262049547264 11.377728708585103 -2.9189227759838108 13.511876305666839 11.743606738351724 0.056046275548204884 3.5346727180480957 -13.771568408219711 6.7533099551995592 12.874287006378175 -5.7572901352759338 3.2634213096955245 -8.9358176680172203
leaf_weight=56 39 21 32 56 25 27 28 28 1065 25 20 38 27 22 51 20 23 28 24 32 22 34 23115 25 23 24 25 31 34 51
leaf_count=56 39 21 32 56 25 27 28 28 1065 25 20 38 27 22 51 20 23 28 24 32 22 34 23115 25 23 24 25 31 34 51
internal_value=5.43653e-09 0.0528429 -0.734338 -0.570032 2.47938 -0.965482 -6.00039 -3.40298 -0.654045 -0.822217 -0.421934 3.76923 -3.48387 -5.69089 -4.75946 -6.97558 -11.1813 -3.56336 4.80598 3.37214 5.95309 8.04214 0.0417504 -4.07781 -8.40308 0.0539605 3.81826 -0.298119 0.0409801 -4.05612
internal_weight=25071 23388 1683 1629 187 1442 84 53 1358 1331 1157 92 174 54 147 96 43 53 134 110 78 54 23349 69 44 23280 80 55 23200 85
internal_count=25071 23388 1683 1629 187 1442 84 53 1358 1331 1157 92 174 54 147 96 43 53 134 110 78 54 23349 69 44 23280 80 55 23200 85
is_linear=0
shrinkage=0.05


Tree=32
num_leaves=31
num_cat=0
split_feature=120 141 121 120 44 131 87 117 4 142 75 37 51 57 15 58 22 107 98 106 12 120 106 141 22 14 64 113 85 30
split_gain=389980 889855 853470 1.50423e+06 2.06081e+06 1.18234e+06 865603 777111 756189 687167 895738 1.07726e+06 676840 983808 718234 669185 656478 636550 496208 494710 466075 1.30104e+06 2.05102e+06 1.16326e+06 894563 893720 697414 536909 442817 442772
threshold=-632.24999999999989 247.75000000000003 -959.74999999999989 240.25000000000003 1461.0000000000002 775.33657836914074 -1647.2499999999998 598.99819946289074 -1421.8325195312498 -554.24999999999989 473.41499328613287 -1722.2499999999998 -94.249999999999986 -986.49999999999989 1070.2500000000002 -1252.2499999999998 -1322.2499999999998 -1687.7499999999998 -921.74999999999989 -722.24999999999989 775.33657836914074 437.75000000000006 593.25000000000011 985.00000000000011 1465.7500000000002 -562.24999999999989 131.75000000000003 1503.7500000000002 -1406.7499999999998 -1230.2499999999998
decision_type=2 2 2 2 2 2 2 2 2 2 2 2 2 2 2 2 2 2 2 2 2 2 2 2 2 2 2 2 2 2
left_child=1 9 3 4 5 12 7 -4 -3 10 -1 -12 13 16 -14 -15 -2 -10 -17 -19 28 22 26 24 25 -23 -22 -26 -8 -20
right_child=2 8 6 -5 -6 -7 20 -9 17 -11 11 -13 14 15 -16 18 -18 19 29 -21 21 23 -24 -25 27 -27 -28 -29 -30 -31
leaf_value=-1.9392998295395001 1.5311715049258734 9.6341100692749038 -2.1658910085948615 13.061156358718874 -14.19050708770752 11.319639076608601 7.1205274755304515 -13.562130255926224 -5.9003314371462228 -0.90090660848763093 -18.541600062630394 -4.4978987879223302 11.87563819885254 -9.8713370756669487 0.43108697487757763 3.2898447709869254 10.425226122140884 8.9883349408274125 -8.6963509290114693 -1.1725629692077637 -7.5075844846452986 5.4406560823835184 -21.180701489448548 -10.230556061154321 12.72104972076416 -6.0876677238941195 3.0794064964566914 2.6399145356246407 0.023574059599483554 -0.89566044971860692
leaf_weight=95 59 30 52 30 20 33 22 21 27 344 22 36 29 22 26 55 32 23 23 25 35 29 20 21 25 40 28 28 23732 87
leaf_count=95 59 30 52 30 20 33 22 21 27 344 22 36 29 22 26 55 32 23 23 25 35 29 20 21 25 40 28 28 23732 87
internal_value=-5.95189e-09 -1.25723 0.0309311 2.27633 1.43813 2.29216 -0.00790344 -5.44426 2.92507 -2.14081 -4.92858 -9.82482 1.39754 0.394892 6.46549 -1.68003 4.65875 0.241449 -0.587861 3.6962 0.00864594 -2.25125 -7.2308 0.638982 2.50997 -1.24243 -2.80226 7.39517 0.030147 -2.52671
internal_weight=25071 602 24469 416 386 366 24053 73 105 497 153 58 333 278 55 187 91 75 165 48 23980 226 83 143 122 69 63 53 23754 110
internal_count=25071 602 24469 416 386 366 24053 73 105 497 153 58 333 278 55 187 91 75 165 48 23980 226 83 143 122 69 63 53 23754 110
is_linear=0
shrinkage=0.05


Tree=33
num_leaves=31
num_cat=0
split_feature=141 77 58 30 45 78 110 30 141 96 80 6 139 5 6 107 64 58 76 113 106 92 37 115 38 127 142 73 141 4
split_gain=372930 687656 647255 493566 627123 383377 1.24424e+06 952976 763370 521951 371545 899698 847182 943723 766191 452048 848008 411706 694375 824315 647485 1.1625e+06 1.0079e+06 789276 716982 697751 830771 718427 691840 637214
threshold=20.250000000000004 617.75000000000011 -1133.7499999999998 619.75000000000011 948.75000000000011 2856.5000000000005 518.72827148437511 3105.2500000000005 818.75000000000011 636.49594116210949 -2029.4999999999998 -1018.9664001464843 -1531.6849365234373 441.63258361816412 -2140.9604492187495 -1954.2499999999998 -797.24999999999989 -1564.7499999999998 -1445.6749877929685 471.75000000000006 -149.74999999999997 -50.249999999999993 -2123.7499999999995 -852.24999999999989 -825.24999999999989 42.750000000000007 -306.74999999999994 -1226.7499999999998 182.75000000000003 -2313.057495117187
decision_type=2 2 2 2 2 2 2 2 2 2 2 2 2 2 2 2 2 2 2 2 2 2 2 2 2 2 2 2 2 2
left_child=1 2 -1 -3 -5 7 -7 10 9 -8 11 14 13 -12 -2 16 -14 20 19 -19 23 25 -23 28 29 26 -22 -27 -17 -25
right_child=5 3 -4 4 -6 6 8 -9 -10 -11 12 -13 15 -15 -16 17 -18 18 -20 -21 21 22 -24 24 -26 27 -28 -29 -30 -31
leaf_value=-3.2094177456696826 4.3859550348142298 -0.85615725206292204 -0.0031685378695088043 -13.815580042925749 -3.9243201221449904 -6.0939202747344972 -2.7231331825256349 -7.98031809523299 14.602946010502903 8.5631781895955399 1.5639047342538834 11.316968647003174 2.252672575201307 -12.766032187143963 -6.7198119423389429 0.65639387505395075 -11.644377791363262 -1.5804796945339614 0.058175599634851007 -11.595393060554159 19.143511199951174 -9.4306246471405029 2.2432556024739441 -4.4148720144430795 -9.1713322448730477 -1.6325609261648997 4.7319629573822022 7.3540949596733345 8.6027209358745154 0.84974575609695613
leaf_weight=180 41 69 1254 22 59 25 20 37 22 21 20 25 21 27 25 70 23 311 22154 22 20 25 71 75 25 35 20 61 45 246
leaf_count=180 41 69 1254 22 59 25 20 37 22 21 20 25 21 27 25 70 23 311 22154 22 20 25 71 75 25 35 20 61 45 246
internal_value=5.92243e-09 -0.742564 -0.405627 -3.96368 -6.61084 0.0500797 3.3441 0.0376914 7.08935 3.05766 0.05039 3.23904 0.037921 -6.66819 0.179225 0.0514926 -5.01169 0.0611035 0.0241115 -2.24213 1.26145 3.41584 -0.796817 0.177242 -1.01549 6.38948 11.9377 4.07771 3.76583 -0.380305
internal_weight=25071 1584 1434 150 81 23487 88 23399 63 41 23362 91 23271 47 66 23224 44 23180 22487 333 693 232 96 461 346 136 40 96 115 321
internal_count=25071 1584 1434 150 81 23487 88 23399 63 41 23362 91 23271 47 66 23224 44 23180 22487 333 693 232 96 461 346 136 40 96 115 321
is_linear=0
shrinkage=0.05


Tree=34
num_leaves=31
num_cat=0
split_feature=126 36 108 121 5 128 114 128 44 9 55 103 141 78 136 44 141 108 127 93 34 17 7 35 64 139 142 107 107 38
split_gain=363822 1.10989e+06 1.77337e+06 866787 1.4228e+06 948067 675651 1.009e+06 646533 625423 1.05758e+06 561224 609631 555667 553282 533074 510651 637659 480505 980994 465744 888524 931572 806591 851365 471310 452305 431747 424631 553544
threshold=-676.24999999999989 1515.2500000000002 -399.74999999999994 -959.74999999999989 578.96932983398449 -598.24999999999989 -1181.7499999999998 -367.74999999999994 558.25000000000011 -730.24999999999989 -1549.3753662109373 570.11660766601574 144.25000000000003 -220.74999999999997 -87.249999999999986 -1150.2499999999998 432.25000000000006 -1067.2499999999998 -466.74999999999994 -343.74999999999994 88.015354156494155 9.2500000000000018 -1.0000000180025095e-35 -464.24999999999994 -486.24999999999994 -1531.6849365234373 -683.74999999999989 -1355.4999999999998 -1432.7499999999998 -1002.2499999999999
decision_type=2 2 2 2 2 2 2 2 2 2 2 2 2 2 2 2 2 2 2 2 2 2 2 2 2 2 2 2 2 2
left_child=1 8 -3 4 11 -6 7 9 16 10 -5 12 14 15 -2 -14 20 -18 19 -8 21 25 -23 -22 -25 -1 -26 -27 29 -20
right_child=3 2 -4 6 5 -7 18 -9 -10 -11 -12 -13 13 -15 -16 -17 17 -19 28 -21 23 22 -24 24 26 27 -28 -29 -30 -31
leaf_value=-4.8446902217183805 1.9621877588442904 -19.184227062406997 1.1291881691325796 4.1084493137541278 15.221336333891925 2.0774543803671133 1.2203321818632025 -12.985108379522959 7.7014492221500568 4.4240584523479143 -10.331984317488969 -6.4173634241456572 7.410616008593486 12.57563187122345 -6.1164521963365619 -3.3000516153517228 10.479025051810526 -1.8566395950317383 -0.74650712776184092 12.861048503149124 -11.390837672904686 14.342357175350191 -0.26877524852752688 7.3224543753124429 -10.26913911728632 1.8214549140532812 -2.0650352700835182 -1.2517305962120495 -0.0015845789621066744 9.6736528763404266
leaf_weight=70 67 21 22 21 34 23 131 24 23 30 32 23 26 20 31 21 22 20 25 21 27 20 24 21 21 150 84 480 23511 26
leaf_count=70 67 21 22 21 34 23 131 24 23 30 32 23 26 20 31 21 22 20 25 21 27 20 24 21 21 150 84 480 23511 26
internal_value=-7.17995e-09 -0.932067 -8.79132 0.0389233 2.99776 9.91766 0.00849149 -3.95577 -0.58077 -1.34487 -4.6103 0.899706 1.91966 5.59534 -0.5933 2.625 -0.783636 4.6049 0.0263786 2.82859 -1.03594 -0.51928 6.37265 -3.54834 -1.8678 -0.952487 -3.70586 -0.52002 0.00830139 4.56573
internal_weight=25071 1005 43 24066 245 57 23821 107 962 83 53 188 165 67 98 47 939 42 23714 152 897 744 44 153 126 700 105 630 23562 51
internal_count=25071 1005 43 24066 245 57 23821 107 962 83 53 188 165 67 98 47 939 42 23714 152 897 744 44 153 126 700 105 630 23562 51
is_linear=0
shrinkage=0.05


Tree=35
num_leaves=31
num_cat=0
split_feature=142 136 126 101 23 79 71 25 4 106 120 64 72 40 117 124 81 49 37 4 106 141 142 44 2 135 136 100 124 33
split_gain=358556 369983 489097 358080 1.32866e+06 1.17676e+06 998599 910175 959922 694070 646506 904608 857655 795846 995059 1.78766e+06 748973 635579 1.02988e+06 861756 818094 807544 761873 756379 713438 705931 1.5322e+06 1.01206e+06 878122 897408
threshold=-7.2499999999999991 222.25000000000003 531.25000000000011 540.25000000000011 2598.7500000000005 -677.74999999999989 1980.5000000000002 5245.1975097656259 4739.7675781250009 695.75000000000011 1608.7500000000002 1455.2500000000002 1946.2500000000002 879.99746704101574 775.33657836914074 724.36727905273449 4182.3273925781259 -297.24999999999994 -202.24999999999997 -1559.5825195312498 1200.2500000000002 119.25000000000001 -229.74999999999997 -184.74999999999997 -769.74999999999989 -82.749999999999986 255.25000000000003 1343.5000000000002 636.49594116210949 467.49603271484381
decision_type=2 2 2 2 2 2 2 2 2 2 2 2 2 2 2 2 2 2 2 2 2 2 2 2 2 2 2 2 2 2
left_child=3 2 -2 4 6 -5 7 8 9 -1 13 -12 -13 14 15 17 -14 -7 20 21 23 -20 -23 -19 -21 26 27 -26 29 -27
right_child=1 -3 -4 5 -6 10 -8 -9 -10 -11 11 12 16 -15 -16 -17 -18 18 19 24 -22 22 -24 -25 25 28 -28 -29 -30 -31
leaf_value=0.0074718872093740597 0.80562136966924547 3.1612729535698891 -7.2312420284748073 -9.4896455592165392 10.074590365091961 3.2555274949417461 -7.4906552629037337 -10.114909131960436 9.6617688289055454 2.0728711230927206 9.1291013124512457 -4.2513310638757851 -0.70367837250232701 -8.0493576335906987 8.4460194414661771 -15.457086620330811 10.493918551717487 -0.69934432601171836 -3.1143599575851115 8.2369138883507773 -13.105171290310947 14.740137767791749 3.708909762899081 -7.4821657809077724 -1.5678042208968503 0.29773336228828362 -12.371216544881463 6.6385565826526065 7.6595530474508138 -3.3502027659984162
leaf_weight=20479 354 175 20 36 33 111 44 22 26 415 41 52 32 35 31 20 28 126 32 23 22 20 72 61 1025 1437 32 39 37 191
leaf_count=20479 354 175 20 36 33 111 44 22 26 415 41 52 32 35 31 20 28 126 32 23 22 20 72 61 1025 1437 32 39 37 191
internal_value=-1.62066e-09 1.26373 0.375843 -0.0282925 0.0497078 -0.496317 0.0339439 0.0497534 0.0604428 0.0484952 -0.402933 2.77474 0.448596 -0.54964 -0.469588 -0.554681 4.52187 -0.462349 -0.594747 -0.351095 -3.9849 3.7273 6.107 -2.91192 -0.532747 -0.605801 -1.59122 -1.26701 0.0428574 -0.130249
internal_weight=25071 549 374 24522 21019 3503 20986 20942 20920 20894 3467 153 112 3314 3279 3248 60 3228 3117 2908 209 124 92 187 2784 2761 1096 1064 1665 1628
internal_count=25071 549 374 24522 21019 3503 20986 20942 20920 20894 3467 153 112 3314 3279 3248 60 3228 3117 2908 209 124 92 187 2784 2761 1096 1064 1665 1628
is_linear=0
shrinkage=0.05


Tree=36
num_leaves=31
num_cat=0
split_feature=86 78 120 107 121 111 120 113 107 134 82 82 37 131 90 31 57 27 99 94 131 0 20 29 33 141 136 80 87 2
split_gain=348291 1.08893e+06 800876 753510 863984 1.88886e+06 585220 829776 581162 741406 561668 680404 761490 558370 599672 654212 1.20803e+06 933696 813218 635646 586721 1.19389e+06 1.11053e+06 902548 637963 568918 559768 543364 536092 522501
threshold=-869.74999999999989 760.75000000000011 790.25000000000011 -645.24999999999989 -1411.2499999999998 1232.2905273437502 563.75000000000011 334.25000000000006 -638.24999999999989 187.75000000000003 1045.2505493164065 879.99746704101574 1644.2500000000002 1045.2505493164065 648.52340698242199 -125.74999999999999 123.25000000000001 383.87712097167974 -1134.7499999999998 -484.74999999999994 483.63320922851568 -647.74999999999989 -334.21470642089838 -289.24999999999994 491.92401123046881 99.250000000000014 192.75000000000003 -931.74999999999989 -875.74999999999989 -3148.2499999999995
decision_type=2 2 2 2 2 2 2 2 2 2 2 2 2 2 2 2 2 2 2 2 2 2 2 2 2 2 2 2 2 2
left_child=1 2 6 4 -2 -6 13 -8 9 -5 11 -10 -13 14 15 16 17 20 -17 28 24 23 -23 29 -1 -26 -20 -24 -19 -22
right_child=3 -3 -4 8 5 -7 7 -9 10 -11 -12 12 -14 -15 -16 18 -18 19 26 -21 21 22 27 -25 25 -27 -28 -29 -30 -31
leaf_value=-0.55405555269353779 -7.8090419698644569 -12.116507167816163 7.3357429215402323 -1.1021478090148706 1.0211998900035704 16.108803456170218 -13.671100034713746 -1.388250272314657 0.0064391353393777832 -11.883250402885935 6.3296794087546218 -1.4157933757418679 -13.269615302085876 7.3652903121450679 -8.6797111627730459 11.463853156566621 -9.6253568955369904 -4.6035512796044351 1.73635375997123 2.063818340301514 -2.7410076103788819 -13.953389798039977 -5.4680482824643457 12.492603189945221 -10.395329667483608 -1.8064648772571603 -5.552810537712328 5.6908414027094842 -14.055990807215373 2.335246911061307
leaf_weight=2007 27 20 33 52 1704 21 20 44 19933 23 35 42 20 23 22 20 37 40 287 20 59 23 24 20 31 51 29 20 24 360
leaf_count=2007 27 20 33 52 1704 21 20 44 19933 23 35 42 20 23 22 20 37 40 287 20 59 23 24 20 31 51 29 20 24 360
internal_value=-2.53009e-09 -0.48599 -0.413163 0.0714633 1.06596 1.20488 -0.49406 -5.22664 -0.0151998 -4.40835 0.00124985 -0.00982767 -5.23961 -0.39626 -0.454333 -0.395041 -0.65252 -0.528595 1.68625 -5.71678 -0.360654 1.16695 -5.04991 2.11577 -0.730672 -5.05347 1.06741 -0.395826 -8.14822 1.62045
internal_weight=25071 3214 3194 21857 1752 1725 3161 64 20105 75 20030 19995 62 3097 3074 3052 2716 2679 336 84 2595 506 67 439 2089 82 316 44 64 419
internal_count=25071 3214 3194 21857 1752 1725 3161 64 20105 75 20030 19995 62 3097 3074 3052 2716 2679 336 84 2595 506 67 439 2089 82 316 44 64 419
is_linear=0
shrinkage=0.05


Tree=37
num_leaves=31
num_cat=0
split_feature=142 115 136 50 55 135 93 109 128 128 141 1 111 117 16 37 37 31 107 93 114 105 128 4 120 134 92 115 84 1
split_gain=343097 687962 809323 2.00149e+06 1.55985e+06 1.26489e+06 869144 1.31889e+06 765791 766497 746771 1.1821e+06 902366 811716 1.94269e+06 672051 688491 744163 2.01354e+06 1.03117e+06 682519 621273 849931 613945 771047 688857 1.15798e+06 607815 726358 909260
threshold=-70.749999999999986 1651.2500000000002 255.25000000000003 3300.7500000000005 2757.844604492188 -47.749999999999993 346.25000000000006 383.61248779296881 -115.24999999999999 -61.249999999999993 142.75000000000003 4139.7500000000009 2081.2265625000005 879.99746704101574 -431.74999999999994 1802.7500000000002 1260.2500000000002 1699.2500000000002 -79.749999999999986 272.75000000000006 307.25000000000006 379.25000000000006 -561.74999999999989 3545.9375000000005 462.25000000000006 55.250000000000007 258.75000000000006 1399.5000000000002 1735.5000000000002 2288.5000000000005
decision_type=2 2 2 2 2 2 2 2 2 2 2 2 2 2 2 2 2 2 2 2 2 2 2 2 2 2 2 2 2 2
left_child=1 2 10 4 5 6 7 -4 -7 -10 12 13 21 15 -15 16 23 19 -19 -18 -20 -1 -23 -12 25 -25 -27 28 -2 -30
right_child=27 -3 3 -5 -6 8 -8 -9 9 -11 11 -13 -14 14 -16 -17 17 18 20 -21 -22 22 -24 24 -26 26 -28 -29 29 -31
leaf_value=-0.096461159071139113 0.30295505670606848 5.10580746526756 -9.1022038729102519 -17.019968428611758 11.547266164422036 4.3165141906643258 -13.633764021561063 2.4190047733809639 -7.9986924263147205 -0.85812714951620872 0.42582011331200964 11.297075023651125 -9.9458248734474193 2.0991458174975022 -13.662374661950503 3.8201059217322362 -11.894279376880544 15.074093437194826 -8.4619578045702752 -1.9459892789748583 1.270626143522041 -6.8525371424735546 -0.92587360057930812 -6.2049164009094246 11.305682152715223 13.724064683914186 -3.0866945630028138 -5.2955140076577667 0.82418483242844087 13.946998691016979
leaf_weight=10108 6468 63 54 20 24 69 29 46 39 1034 4847 25 24 46 34 146 37 20 31 88 43 63 1520 20 29 20 21 48 33 22
leaf_count=10108 6468 63 54 20 24 69 29 46 39 1034 4847 25 24 46 34 146 37 20 31 88 43 63 1520 20 29 20 21 48 33 22
internal_value=5.197e-10 -0.110236 -0.128059 -1.32342 -1.08101 -1.31946 -6.01259 -3.80245 -0.789328 -1.11766 -0.036253 0.449795 -0.260586 0.399408 -4.5995 0.474835 0.380109 -2.36318 0.997852 -4.89068 -2.80654 -0.240704 -1.16174 0.501798 4.59364 1.40266 5.11368 0.310358 0.351609 6.07331
internal_weight=25071 18500 18437 1315 1295 1271 129 100 1142 1073 17122 5407 11715 5382 80 5302 5156 219 94 125 74 11691 1583 4937 90 61 41 6571 6523 55
internal_count=25071 18500 18437 1315 1295 1271 129 100 1142 1073 17122 5407 11715 5382 80 5302 5156 219 94 125 74 11691 1583 4937 90 61 41 6571 6523 55
is_linear=0
shrinkage=0.05


Tree=38
num_leaves=31
num_cat=0
split_feature=0 108 108 114 16 51 113 15 129 127 82 124 36 120 117 134 26 12 68 56 107 79 80 127 129 72 142 92 96 23
split_gain=335056 901886 457680 400305 387288 924120 822139 551719 702592 866500 496362 1.532e+06 1.12437e+06 466668 1.18899e+06 950281 831698 674477 495775 786269 1.54977e+06 966950 1.18422e+06 1.19517e+06 1.04846e+06 802417 752405 673151 661132 721482
threshold=-2175.9999999999995 322.25000000000006 40.250000000000007 -1856.7499999999998 -1991.7499999999998 -776.24999999999989 558.25000000000011 -1958.4999999999998 -264.74999999999994 -193.24999999999997 1045.2505493164065 1045.2505493164065 977.25000000000011 1608.7500000000002 570.11660766601574 1475.0000000000002 476.75883483886724 431.49392700195318 674.41351318359386 2078.0000000000005 876.25000000000011 429.75000000000006 79.250000000000014 122.75000000000001 404.25000000000006 157.25000000000003 -90.749999999999986 1051.7500000000002 775.33657836914074 353.75000000000006
decision_type=2 2 2 2 2 2 2 2 2 2 2 2 2 2 2 2 2 2 2 2 2 2 2 2 2 2 2 2 2 2
left_child=1 2 3 -1 5 6 7 -2 9 -9 11 13 -12 15 16 18 17 -15 -6 20 21 22 26 -24 27 -25 28 -23 29 -20
right_child=4 -3 -4 -5 10 -7 -8 8 -10 -11 12 -13 -14 14 -16 -17 -18 -19 19 -21 -22 24 23 25 -26 -27 -28 -29 -30 -31
leaf_value=4.9002811044454582 -2.1194821610649428 -10.832833055655163 5.3142106613144282 -1.7920403293391438 0.019013804960565098 -8.5426887038208204 11.847880145481655 3.6865354305819462 0.65963389042176701 15.383363175392152 -3.1969996145793371 -13.845358155369759 10.083131371317684 -1.4223568460676406 8.3776789780320797 -10.405332743037832 -9.0105389841224834 9.4296360220227928 -2.0535325676871419 5.7583022302196873 -16.059841172099112 1.4686297022778056 -16.956893497246963 -8.4458670404222271 -5.1574287404616683 4.0451511764526371 8.386768908500672 13.321210224151612 -7.8043742315636742 8.5911717128753669
leaf_weight=24 75 24 28 324 23693 21 21 76 152 20 28 20 37 45 58 22 23 21 78 31 20 23 26 36 24 20 20 25 36 20
leaf_count=24 75 24 28 324 23693 21 21 76 152 20 28 20 37 45 58 22 23 21 78 31 20 23 26 36 24 20 20 25 36 20
internal_value=-4.95084e-09 -1.43551 -0.835682 -1.3305 0.0232745 1.63988 2.26149 1.63823 2.77463 6.12337 -0.00100189 -0.0127021 4.36246 -0.00128007 2.80734 -0.01843 -0.822765 2.03055 -0.00892926 -1.85309 -2.57246 -1.69666 -3.24407 -8.0979 3.37542 -3.98479 -0.659573 7.64185 -2.00977 0.118856
internal_weight=25071 400 376 348 24671 365 344 323 248 96 24306 24241 65 24221 147 24074 89 66 24052 359 328 308 236 82 72 56 154 48 134 98
internal_count=25071 400 376 348 24671 365 344 323 248 96 24306 24241 65 24221 147 24074 89 66 24052 359 328 308 236 82 72 56 154 48 134 98
is_linear=0
shrinkage=0.05


Tree=39
num_leaves=31
num_cat=0
split_feature=120 141 121 120 44 131 93 117 4 142 75 37 51 57 15 58 22 107 86 30 58 5 80 30 107 108 117 141 120 110
split_gain=330779 746293 720740 1.31672e+06 1.7201e+06 1.05296e+06 757967 680232 648169 599134 752848 945353 593521 833188 638722 571327 566171 561032 453502 455135 538945 418393 350443 1.4442e+06 997757 1.0348e+06 1.07852e+06 908218 873064 833751
threshold=-632.24999999999989 247.75000000000003 -959.74999999999989 240.25000000000003 1461.0000000000002 775.33657836914074 -1883.9999999999998 552.32839965820324 -1421.8325195312498 -554.24999999999989 473.41499328613287 -1722.2499999999998 -94.249999999999986 -986.49999999999989 1070.2500000000002 -1252.2499999999998 -1322.2499999999998 -1687.7499999999998 -1185.7499999999998 -1312.7499999999998 -862.24999999999989 458.16539001464849 1876.2500000000002 3105.2500000000005 1207.7500000000002 1806.2500000000002 461.08456420898443 603.25000000000011 437.75000000000006 537.80807495117199
decision_type=2 2 2 2 2 2 2 2 2 2 2 2 2 2 2 2 2 2 2 2 2 2 2 2 2 2 2 2 2 2
left_child=1 9 3 4 5 12 7 -4 -3 10 -1 -12 13 16 -14 -15 -2 -10 -17 -20 -21 -19 23 -8 28 26 -26 -27 -24 -30
right_child=2 8 6 -5 -6 -7 22 -9 17 -11 11 -13 14 15 -16 18 -18 21 19 20 -22 -23 24 -25 25 27 -28 -29 29 -31
leaf_value=-1.8296301804090804 1.3241803858744898 8.8836212857564298 -0.28652574543375525 12.182192548116049 -12.97065970659256 10.607165594805371 -0.00055697957097103595 -10.596046751737596 -5.5783030770443105 -0.80928960430414176 -17.224575762315229 -4.0687427918116255 11.091361993756788 -9.1734411087903123 0.29887171433522153 4.3664880742629375 9.5838636871427294 -0.86302801359158288 -8.5300885124640029 6.1478630045185918 -2.490479117135207 8.5057869911193844 -4.1763238803200107 -12.535746483180835 2.7793441729112107 -4.3587366819381712 -11.066024812062581 8.1982032577196762 2.2484057862183144 10.726323334307507
leaf_weight=95 59 30 32 30 20 33 23706 32 27 344 22 36 29 22 26 36 32 26 22 23 84 22 23 23 22 24 39 36 58 58
leaf_count=95 59 30 32 30 20 33 23706 32 27 344 22 36 29 22 26 36 32 26 22 23 84 22 23 23 22 24 39 36 58 58
internal_value=-4.36296e-10 -1.15788 0.0284868 2.09191 1.30769 2.08793 -0.00720048 -5.44129 2.67222 -1.96705 -4.57013 -9.05889 1.24368 0.304773 5.98946 -1.60472 4.22868 0.187659 -0.595562 -1.98032 -0.633639 3.43101 0.00729706 -0.0127071 1.83298 -1.48681 -6.07261 3.17543 4.72287 6.48736
internal_weight=25071 602 24469 416 386 366 24053 64 105 497 153 58 333 278 55 187 91 75 165 129 107 48 23989 23729 260 121 61 60 139 116
internal_count=25071 602 24469 416 386 366 24053 64 105 497 153 58 333 278 55 187 91 75 165 129 107 48 23989 23729 260 121 61 60 139 116
is_linear=0
shrinkage=0.05


Tree=40
num_leaves=31
num_cat=0
split_feature=74 32 75 117 66 44 13 121 82 138 89 40 109 59 4 131 139 79 104 141 12 19 18 87 14 48 35 122 82 110
split_gain=322733 601030 450997 715906 905677 768573 802045 677842 660864 505708 633818 859550 567761 537824 503651 502182 516277 566859 449117 751785 500580 710604 444813 421872 410334 988742 928955 835255 958444 886770
threshold=-1980.1549682617185 -2152.6025390624995 588.47909545898449 505.92158508300787 -459.74999999999994 -2072.7499999999995 -2384.825317382812 -1411.2499999999998 530.86532592773449 444.00724792480474 431.49392700195318 476.75883483886724 -1927.7149658203123 -555.74999999999989 -3467.099975585937 480.18733215332037 -589.54653930664051 -100.74999999999999 -1644.670227050781 225.75000000000003 473.41499328613287 530.86532592773449 -2194.172485351562 -709.74999999999989 -28.749999999999996 -254.58174896240232 451.75000000000006 -1085.2499999999998 1045.2505493164065 879.99746704101574
decision_type=2 2 2 2 2 2 2 2 2 2 2 2 2 2 2 2 2 2 2 2 2 2 2 2 2 2 2 2 2 2
left_child=2 -2 3 5 18 6 -1 -7 -6 10 -9 13 15 -12 -4 16 23 -18 20 -20 -5 -22 -3 -11 26 -26 -24 -27 29 -29
right_child=1 22 14 4 8 7 -8 9 -10 12 11 -13 -14 -15 -16 -17 17 -19 19 -21 21 -23 24 -25 25 27 -28 28 -30 -31
leaf_value=-2.083756629909788 6.2500052647712909 -6.4985089815579933 -11.217449869428364 7.2438390459333153 2.7668901290893557 7.7182080477476127 -12.447962052481515 -0.7259197494677837 -8.4175646236964639 -8.4863472171451733 3.7946195125579836 -1.6739348973546708 3.2483887785247401 14.379826226234437 -1.3122103298252279 -0.52209292486602188 -16.905740934610368 -5.2750370632518422 2.8997637440176574 14.194245851956882 -6.6860097032326919 5.850046272277833 0.20845322972350058 0.51429579019546512 -2.5505304505642084 -7.2851652526855482 4.156634485761062 -0.039318990224226129 8.4614620352333247 -5.9876616205487938
leaf_weight=56 39 26 21 28 25 24 28 1068 28 23 30 42 28 20 33 51 20 22 34 26 26 20 11161 30 417 40 151 11458 33 63
leaf_count=56 39 26 21 28 25 24 28 1068 28 23 30 42 28 20 33 51 20 22 34 26 26 20 11161 30 417 40 151 11458 33 63
internal_value=1.04161e-08 0.0481229 -0.668745 -0.519723 2.39099 -0.897187 -5.53849 -0.610096 -3.14188 -0.75993 -0.38289 3.59924 -3.27353 8.0287 -5.16425 -4.52431 -6.67287 -10.8135 4.57936 7.79404 1.97287 -1.23555 0.0377638 -3.39164 0.0450503 -0.158479 0.261156 -0.0724442 -0.0474737 -0.0718462
internal_weight=25071 23388 1683 1629 187 1442 84 1358 53 1334 1160 92 174 50 54 146 95 42 134 60 74 46 23349 53 23323 12011 11312 11594 11554 11521
internal_count=25071 23388 1683 1629 187 1442 84 1358 53 1334 1160 92 174 50 54 146 95 42 134 60 74 46 23349 53 23323 12011 11312 11594 11554 11521
is_linear=0
shrinkage=0.05


Tree=41
num_leaves=31
num_cat=0
split_feature=141 77 58 30 45 106 113 80 119 135 94 80 6 65 6 106 87 85 68 138 74 32 106 125 1 114 0 86 16 100
split_gain=317350 591674 557919 437332 576125 345677 357914 341352 322551 490072 328009 321669 772592 698235 661132 654863 369299 382745 816866 407643 348512 556240 421095 1.23009e+06 1.66097e+06 651394 572016 561629 526492 822286
threshold=20.250000000000004 617.75000000000011 -1133.7499999999998 619.75000000000011 948.75000000000011 735.75000000000011 458.75000000000006 1050.7500000000002 -15.749999999999998 -381.74999999999994 220.25000000000003 -2029.4999999999998 -1018.9664001464843 -2521.9999999999995 -2140.9604492187495 -623.99999999999989 -1897.7499999999998 -1406.7499999999998 496.07127380371099 420.31375122070318 -1980.1549682617185 -2152.6025390624995 114.75000000000001 982.72317504882824 2627.7500000000005 -1094.7499999999998 -2508.2499999999995 -1937.7499999999998 -2192.9999999999995 -1068.7499999999998
decision_type=2 2 2 2 2 2 2 2 2 2 2 2 2 2 2 2 2 2 2 2 2 2 2 2 2 2 2 2 2 2
left_child=1 2 -1 -3 -5 6 8 -6 10 -10 -4 12 14 15 -2 -13 -15 18 19 -18 -19 -22 23 24 27 -24 -27 -23 -28 -30
right_child=11 3 5 4 7 -7 -8 -9 9 -11 -12 13 -14 16 -16 -17 17 20 -20 -21 21 22 25 -25 -26 26 28 -29 29 -31
leaf_value=-2.9755763607554968 4.0853898929386601 -0.74772817742997333 -0.68752783375325377 -13.070254584875975 -0.54981387803951909 6.3622384298415415 -3.9765500774509031 -8.3477927892104429 7.1849184874332312 0.76323460806536203 3.4490967315786025 -12.940071995258331 10.498746656417847 -6.4285331771793697 -6.2309138355255129 -0.6896495381991069 3.4699307420674494 -0.70236424528006858 11.224450774987538 -5.526126081943513 6.1353856839631735 -7.6522231903943156 8.6788568723769419 12.410978099278042 -13.426298133893447 -8.3798020680745449 5.8346635006569532 0.34559359405343548 -9.0211596745711109 -0.11945348187877408
leaf_weight=180 41 69 794 22 36 21 57 23 33 298 51 20 25 22 25 24 34 1477 24 20 38 22 21 21 22 21 37 9777 26 11790
leaf_count=180 41 69 794 22 36 21 57 23 33 298 51 20 25 22 25 24 34 1477 24 20 38 22 21 21 22 21 37 9777 26 11790
internal_value=-4.85597e-09 -0.684999 -0.37246 -3.67288 -6.16467 0.00119355 -0.107145 -3.5897 0.0804023 1.40346 -0.437862 0.0461974 3.01315 0.0346573 0.177699 -6.25802 0.046514 0.0526199 3.54926 0.138058 0.0408903 0.0913053 0.0807392 0.322675 0.296827 -0.11944 -0.135001 0.327637 -0.120393 -0.139041
internal_weight=25071 1584 1434 150 81 1254 1233 59 1176 331 845 23487 91 23396 66 44 23352 23330 78 54 23252 21775 21737 9842 9821 11895 11874 9799 11853 11816
internal_count=25071 1584 1434 150 81 1254 1233 59 1176 331 845 23487 91 23396 66 44 23352 23330 78 54 23252 21775 21737 9842 9821 11895 11874 9799 11853 11816
is_linear=0
shrinkage=0.05


Tree=42
num_leaves=31
num_cat=0
split_feature=142 22 26 41 17 114 120 117 141 59 58 63 118 129 37 121 45 11 65 86 57 121 131 128 39 103 1 47 135 92
split_gain=317623 341498 464337 493024 468228 316935 901750 1.06605e+06 827957 1.33566e+06 1.73705e+06 767317 1.26085e+06 711456 719645 809813 1.12924e+06 810879 1.00975e+06 854067 722356 670611 626468 836237 715440 609094 587683 627999 595655 567626
threshold=-7.2499999999999991 1938.7500000000002 338.88935852050787 837.10766601562511 228.75000000000003 291.25000000000006 861.00000000000011 480.18733215332037 695.25000000000011 -291.74999999999994 986.75000000000011 1459.2500000000002 384.68553161621099 116.25000000000001 -225.74999999999997 27.250000000000004 1200.7500000000002 -1546.2875366210935 -455.24999999999994 -195.24999999999997 -169.74999999999997 -100.74999999999999 552.32839965820324 -570.24999999999989 3176.227416992188 578.96932983398449 2218.5000000000005 418.37471008300787 -320.24999999999994 995.25000000000011
decision_type=2 2 2 2 2 2 2 2 2 2 2 2 2 2 2 2 2 2 2 2 2 2 2 2 2 2 2 2 2 2
left_child=5 2 -2 4 -4 6 8 -8 -1 -10 21 12 -9 22 20 16 -16 29 -19 -20 -15 -11 24 -24 26 -25 27 -7 -29 -17
right_child=1 -3 3 -5 -6 13 7 11 9 10 -12 -13 -14 14 15 17 -18 18 19 -21 -22 -23 23 25 -26 -27 -28 28 -30 -31
leaf_value=0.037871569599970539 0.48036929212246671 -4.6430544932683313 4.2487609515470615 8.8639730797873604 -2.4898201013688706 -1.6343042222162087 -1.8644922785591662 4.7800184868000173 -14.254491706994864 10.005328340115755 -13.410965765090218 -0.13040479844616307 18.181839216672458 1.66728819649795 0.38526988747168561 1.4560106137219597 12.461527234315874 9.2969848709447049 -8.0062884950637834 -0.12799207239364024 -3.6363275805602271 -1.1165562412955545 -5.7383568452752165 11.636264184614022 -10.941685215804888 1.2944036681311473 4.639353217184544 1.8320578062534332 -7.7917208549453001 9.7245979935782305
leaf_weight=20889 367 24 85 36 37 552 57 54 26 23 21 31 26 87 49 51 32 28 35 2009 245 33 23 24 23 35 32 20 82 35
leaf_count=20889 367 24 85 36 37 552 57 54 26 23 21 31 26 87 49 51 32 28 35 2009 245 33 23 24 23 35 32 20 82 35
internal_value=-5.7555e-09 1.18941 1.45604 3.72231 2.20509 -0.0266286 0.0450217 3.69363 0.0158217 -4.45603 -1.14746 6.5478 9.13561 -0.477586 -0.0741432 0.247979 5.15614 0.063752 -0.133707 -0.262894 -2.24652 3.45136 -1.7889 2.34869 -2.26744 5.50126 -1.97661 -2.30033 -5.90471 4.82113
internal_weight=25071 549 525 158 122 24522 21160 168 20992 103 77 111 80 3362 2571 2239 81 2158 2072 2044 332 56 791 82 709 59 686 654 102 86
internal_count=25071 549 525 158 122 24522 21160 168 20992 103 77 111 80 3362 2571 2239 81 2158 2072 2044 332 56 791 82 709 59 686 654 102 86
is_linear=0
shrinkage=0.05


Tree=43
num_leaves=31
num_cat=0
split_feature=93 128 113 22 65 120 135 99 107 107 58 85 99 85 105 9 115 19 107 134 141 77 50 136 4 66 122 93 60 43
split_gain=312177 626840 682386 1.41074e+06 781409 778877 717438 830391 630664 612210 1.14826e+06 1.0891e+06 542052 953300 587994 587174 573956 553803 667326 534897 929488 1.1171e+06 893808 754828 679195 600085 639479 562173 554461 862810
threshold=-856.74999999999989 332.00000000000006 267.25000000000006 931.75000000000011 -685.24999999999989 518.75000000000011 -63.249999999999993 176.25000000000003 -1135.7499999999998 -557.74999999999989 1517.2500000000002 1219.0000000000002 -102.24999999999999 -157.74999999999997 -691.74999999999989 591.25000000000011 -23.749999999999996 424.76710510253912 -614.24999999999989 564.50000000000011 432.25000000000006 234.25000000000003 -700.74999999999989 208.75000000000003 4071.4299316406255 -9.7499999999999982 -338.74999999999994 -1087.2499999999998 233.65249633789065 -914.24999999999989
decision_type=2 2 2 2 2 2 2 2 2 2 2 2 2 2 2 2 2 2 2 2 2 2 2 2 2 2 2 2 2 2
left_child=1 2 5 4 -4 6 7 19 -8 10 11 12 15 -14 -15 16 -2 -16 -19 20 21 23 -22 24 25 28 -27 -25 -1 -30
right_child=9 -3 3 -5 -6 -7 8 -9 -10 -11 -12 -13 13 14 17 -17 -18 18 -20 -21 22 -23 -24 27 -26 26 -28 -29 29 -31
leaf_value=-0.30072583343747739 0.87012478878239874 8.3437252616882329 0.05094879984855652 -14.827423775196076 -8.8538925093989231 -9.7197265191511679 7.9371730874224413 7.7400020233790077 1.1653730799474626 -0.030865148574155284 -10.334006010967753 11.719234350453254 7.97879095517672 -6.5129374243996372 0.12040700500956472 -3.1877730684053329 -2.5907724983058871 2.3093345284461977 9.9899763506812036 -8.0569420496622737 -0.29781778971354167 -11.673175815913989 12.123465832642147 -13.326402630805971 8.467910812014626 -0.12320573784056164 9.3443761979379953 -1.6132895810263499 -6.1969989660916465 -1.0895483749383625
leaf_weight=1777 1869 20 120 24 31 22 41 30 213 19486 23 23 65 22 193 105 128 120 37 24 30 23 28 20 21 42 31 21 106 376
leaf_count=1777 1869 20 120 24 31 22 41 30 213 19486 23 23 65 22 193 105 128 120 37 24 30 23 28 20 21 42 31 21 106 376
internal_value=-3.89199e-09 -0.478558 -0.537768 -3.56694 -1.7772 -0.348782 -0.274704 -0.529122 2.25846 0.065048 0.788051 0.887898 0.789781 2.39205 1.41587 0.456674 0.648295 1.91425 4.11942 -0.628391 -0.556357 -0.706456 5.69866 -0.601095 -0.483899 -0.564512 3.89727 -7.327 -0.708695 -2.21276
internal_weight=25071 3000 2980 175 151 2805 2783 2529 254 22071 2585 2562 2539 437 372 2102 1997 350 157 2499 2475 2417 58 2394 2353 2332 73 41 2259 482
internal_count=25071 3000 2980 175 151 2805 2783 2529 254 22071 2585 2562 2539 437 372 2102 1997 350 157 2499 2475 2417 58 2394 2353 2332 73 41 2259 482
is_linear=0
shrinkage=0.05


Tree=44
num_leaves=31
num_cat=0
split_feature=141 114 80 31 101 0 124 124 70 78 65 17 117 105 136 89 142 6 39 114 94 135 77 80 87 6 37 118 73 58
split_gain=299078 516265 418360 711776 545201 530328 995670 518630 442195 510051 594480 448308 501893 423739 520815 418512 403033 376172 505995 371775 439631 360433 353801 334846 843244 616279 558876 842167 671626 600692
threshold=76.750000000000014 845.25000000000011 -1022.9999999999999 -554.74999999999989 -1013.7499999999999 -842.24999999999989 426.99803161621099 775.33657836914074 282.25000000000006 425.75000000000006 -659.24999999999989 1277.2500000000002 653.59622192382824 1146.0000000000002 -432.74999999999994 624.58282470703136 -102.24999999999999 -1207.7416381835935 -2924.0524902343745 -1417.9999999999998 -1189.4999999999998 -418.74999999999994 504.25000000000006 -2029.4999999999998 -1897.7499999999998 -974.60055541992176 -2503.7499999999995 -1207.344055175781 -1369.7499999999998 -1564.7499999999998
decision_type=2 2 2 2 2 2 2 2 2 2 2 2 2 2 2 2 2 2 2 2 2 2 2 2 2 2 2 2 2 2
left_child=1 2 3 5 -5 17 -7 8 9 11 -11 12 15 14 22 -4 -12 18 -1 -20 -21 -19 -10 25 -25 -2 27 28 -26 -28
right_child=23 -3 7 4 -6 6 -8 -9 13 10 16 -13 -14 -15 -16 -17 -18 21 19 20 -22 -23 -24 24 26 -27 29 -29 -30 -31
leaf_value=2.2465411122252301 0.71411819111217156 -6.9211337270407842 0.026158234980700912 9.6522378741275716 -0.0069931085531910256 -2.384897070253889 -15.037278988050378 -7.8092108688571233 -0.65442391742359518 10.49562026500702 2.5793491880492407 -5.5707279456986321 7.9337179756164549 5.0697938458124803 -0.76046878571405307 -7.2211038035154349 -2.2484548094055872 4.6058753395080565 -10.337271413803101 1.5852508736284157 -4.5858173222343126 -2.0259687645094737 -8.7461580393995568 -9.4682530382405172 -4.8581744764067913 10.963385562896729 1.889914183639273 -12.714643592834474 3.9264227853880991 0.085065464494964049
leaf_weight=41 55 29 5010 21 48 48 23 22 22 20 202 36 20 30 1624 20 55 40 20 38 120 42 35 23 55 20 474 20 36 16822
leaf_count=41 55 29 5010 21 48 48 23 22 22 20 202 36 20 30 1624 20 55 40 20 38 120 42 35 23 55 20 474 20 36 16822
internal_value=-3.07495e-10 -0.262678 -0.237059 -1.73134 2.93277 -2.59646 -6.48356 -0.144192 -0.120354 0.102934 2.19233 -0.0108614 0.0287733 -0.820234 -0.92535 -0.00265792 1.54616 -1.67957 -2.76117 -3.91463 -3.10164 1.20908 -5.62303 0.113535 0.0991899 3.44726 0.111831 -3.4247 -1.38295 0.134528
internal_weight=25071 7566 7537 441 69 372 71 7096 7074 5363 277 5086 5050 1711 1681 5030 257 301 219 178 158 82 57 17505 17430 75 17407 111 91 17296
internal_count=25071 7566 7537 441 69 372 71 7096 7074 5363 277 5086 5050 1711 1681 5030 257 301 219 178 158 82 57 17505 17430 75 17407 111 91 17296
is_linear=0
shrinkage=0.05


Tree=45
num_leaves=31
num_cat=0
split_feature=86 78 98 93 120 107 121 48 112 119 131 99 58 63 47 113 65 65 99 66 82 19 3 100 65 42 10 75 119 115
split_gain=286484 916661 665625 766456 663134 604207 613513 1.15641e+06 528463 486360 983764 911370 1.12203e+06 806471 1.43345e+06 646984 796076 574869 531098 516259 478105 684348 892759 472376 555380 545365 484446 614454 478655 783132
threshold=-869.74999999999989 760.75000000000011 -1091.9999999999998 -1219.2499999999998 790.25000000000011 -645.24999999999989 -1411.2499999999998 1632.4409790039065 -617.24999999999989 -213.74999999999997 775.33657836914074 68.750000000000014 -1209.7499999999998 -262.24999999999994 496.07127380371099 -7.2499999999999991 -1374.2499999999998 -46.249999999999993 1.0000000180025095e-35 -338.24999999999994 1045.2505493164065 879.99746704101574 1070.5000000000002 -794.24999999999989 235.75000000000003 890.75000000000011 255.25000000000003 464.46438598632818 -692.24999999999989 -340.74999999999994
decision_type=2 2 2 2 2 2 2 2 2 2 2 2 2 2 2 2 2 2 2 2 2 2 2 2 2 2 2 2 2 2
left_child=1 4 -2 -4 9 6 -5 23 -7 11 13 15 -13 19 -15 17 -17 18 -1 -11 21 -10 -23 24 -8 26 27 -25 -29 -30
right_child=2 -3 3 5 -6 8 7 -9 20 10 -12 12 -14 14 -16 16 -18 -19 -20 -21 -22 22 -24 25 -26 -27 -28 28 29 -31
leaf_value=-0.36815086346122944 8.9622824869695172 -11.11173625946045 -9.7273669219017034 -7.1460928134296253 6.6771800243493296 -7.939290346418109 0.16966214712242808 8.8946704657181463 0.0033096751635760136 -0.94477272300343762 -12.221319636844454 15.773245201110839 -0.59001154032620517 -0.86784190716950782 -15.381012994271737 11.047142001560758 -0.77256691702480973 7.3390106111764908 -8.5519891977310181 7.2118371629714977 5.8353194911139354 0.97772060632705693 -10.577158413273949 1.2914663531247628 -6.4801697051886356 7.6936899117061079 -0.98616025233795634 10.823051367134884 -0.53474520795485547 9.2617908089476479
leaf_weight=2258 21 20 20 23 33 21 647 46 19975 646 21 20 22 46 27 28 29 24 20 20 35 32 35 639 33 35 181 29 51 34
leaf_count=2258 21 20 20 23 33 21 647 46 19975 646 21 20 22 46 27 28 29 24 20 20 35 32 35 639 33 35 181 29 51 34
internal_value=-8.5515e-10 -0.440765 0.064813 0.0562562 -0.373946 0.0652254 0.965221 1.07529 -0.0117072 -0.447558 -1.54992 -0.0986206 7.20202 -1.24668 -6.23573 -0.228602 5.03361 -0.3589 -0.440002 -0.699829 -0.00341518 -0.0136116 -5.05841 0.857158 -0.15305 1.56608 1.33646 1.89475 5.27629 3.38387
internal_weight=25071 3214 21857 21836 3194 21816 1718 1695 20098 3161 760 2401 42 739 73 2359 57 2302 2278 666 20077 20042 67 1649 680 969 934 753 114 85
internal_count=25071 3214 21857 21836 3194 21816 1718 1695 20098 3161 760 2401 42 739 73 2359 57 2302 2278 666 20077 20042 67 1649 680 969 934 753 114 85
is_linear=0
shrinkage=0.05


Tree=46
num_leaves=31
num_cat=0
split_feature=78 110 30 141 53 142 136 82 117 114 120 117 141 59 52 134 80 98 114 126 17 6 19 89 68 41 135 142 84 145
split_gain=294763 1.10332e+06 916388 677777 509631 308597 380764 437882 635049 303573 924132 1.14537e+06 699350 1.22564e+06 1.22328e+06 605746 655024 706490 634815 729585 677326 706261 648953 673041 984652 621169 597068 586445 734208 565542
threshold=2856.5000000000005 518.72827148437511 3105.2500000000005 818.75000000000011 5069.8349609375009 -7.2499999999999991 222.25000000000003 458.16539001464849 376.08583068847662 291.25000000000006 861.00000000000011 480.18733215332037 695.25000000000011 -291.74999999999994 1057.7500000000002 283.25000000000006 682.75000000000011 945.50000000000011 545.50000000000011 872.75000000000011 2885.5000000000005 2887.859008789063 611.19790649414074 500.19013977050787 458.16539001464849 -253.45139312744138 165.25000000000003 -344.24999999999994 -252.74999999999997 405.30880737304693
decision_type=2 2 2 2 2 2 2 2 2 2 2 2 2 2 2 2 2 2 2 2 2 2 2 2 2 2 2 2 2 2
left_child=2 -2 5 4 -3 9 7 8 -7 10 12 29 -1 -14 -15 -11 17 -17 19 22 21 25 23 24 -18 -20 -19 -13 -29 -12
right_child=1 3 -4 -5 -6 6 -8 -9 -10 15 11 27 13 14 -16 16 18 26 20 -21 -22 -23 -24 -25 -26 -27 -28 28 -30 -31
leaf_value=0.035982922677194704 -6.0349423851966861 -2.6236472595821727 -7.7689064126265679 13.461237551949242 8.4043350869417193 -0.066829732614449966 3.1328086977813676 -6.7297418526240769 6.5521582067739672 -1.5340894627249004 4.2652788937091826 -0.33579348609561016 -13.498390019856968 3.6735683684446374 -10.104568560918173 -0.66015164687721217 2.3174466862052214 -2.4030338623584848 7.4427307679102972 10.118588551768552 -8.2484411773681643 8.3807918205261238 -6.1721413898468018 10.633250817385587 -7.3947018657411849 -0.41724299260635356 -12.560409387686979 15.225229660669962 5.2932834301676071 -5.8863629060633045
leaf_weight=20871 25 22 38 22 20 312 171 21 41 953 23 21 26 49 24 938 384 39 26 27 25 25 25 22 28 757 23 30 49 34
leaf_count=20871 25 22 38 22 20 312 171 21 41 953 23 21 26 49 24 938 384 39 26 27 25 25 25 22 28 757 23 30 49 34
internal_value=6.68624e-09 2.87236 -0.010233 6.35178 2.62777 0.00158669 1.1783 0.284661 0.701948 -0.0246975 0.0447095 3.8665 0.0160962 -4.17639 -0.85623 -0.472852 -0.0367337 -1.00183 0.694954 2.13102 -0.142897 0.107893 1.66117 2.11239 1.6574 -0.156248 -6.17109 7.09076 9.06491 -1.79009
internal_weight=25071 89 24982 64 42 24944 545 374 353 24399 21127 157 20970 99 73 3272 2319 1000 1319 486 833 808 459 434 412 783 62 100 79 57
internal_count=25071 89 24982 64 42 24944 545 374 353 24399 21127 157 20970 99 73 3272 2319 1000 1319 486 833 808 459 434 412 783 62 100 79 57
is_linear=0
shrinkage=0.05


Tree=47
num_leaves=31
num_cat=0
split_feature=0 108 136 134 145 12 91 78 120 16 51 113 15 129 127 79 87 99 12 123 37 134 15 36 52 58 92 113 44 120
split_gain=280769 758995 417473 392059 428078 751473 496263 644835 415696 344783 842597 691649 480085 618618 734990 435021 420163 566858 419813 412070 383317 360443 349329 332454 520562 432404 319839 1.18304e+06 562854 423525
threshold=-2175.9999999999995 322.25000000000006 272.75000000000006 362.75000000000006 491.92401123046881 436.54501342773443 -1492.2499999999998 -1753.4999999999998 1.0000000180025095e-35 -1991.7499999999998 -776.24999999999989 558.25000000000011 -1958.4999999999998 -264.74999999999994 -193.24999999999997 -1272.2499999999998 -1897.7499999999998 -1441.4999999999998 476.75883483886724 -1443.3324584960935 -2275.2499999999995 197.75000000000003 -1645.4999999999998 -1790.4999999999998 -1487.7499999999998 -1034.7499999999998 -1331.4999999999998 -496.74999999999994 -1357.2499999999998 -632.24999999999989
decision_type=2 2 2 2 2 2 2 2 2 2 2 2 2 2 2 2 2 2 2 2 2 2 2 2 2 2 2 2 2 2
left_child=1 2 3 4 23 -6 7 -7 -8 10 11 12 18 14 15 19 17 -11 -2 -14 -15 22 -22 -1 -25 -26 27 28 -18 -28
right_child=9 -3 -4 -5 5 6 8 -9 -10 16 -12 -13 13 20 -16 -17 26 -19 -20 -21 21 -23 -24 24 25 -27 29 -29 -30 -31
leaf_value=-5.4313002272656092 0.86885263174772265 -9.9348854968945197 6.0862522647494366 -6.3594497040365683 10.375880345106125 1.5057389221191408 -0.047459053936994303 -10.094876587909202 7.8841245621442795 0.29755574464797974 -8.1764392398652586 10.932940047127861 -5.0363104438781745 -5.3024541108504586 14.29922837972641 7.8446534965977524 2.5717753836086819 -11.100032401084901 -6.9245337097733115 4.7768968727277672 -3.7522630316019061 4.7218131201607845 3.1973673871069246 4.1386581304911019 -5.4983512312173843 2.204972563959934 -1.5720581927182269 -6.4149661225080497 14.148166515713648 0.025930000082231109
leaf_weight=57 48 24 21 33 20 25 53 23 24 24 21 21 20 23 20 33 21 20 27 23 40 56 33 37 56 27 422 20 21 23778
leaf_count=57 48 24 21 33 20 25 53 23 24 24 21 21 20 23 20 33 21 20 27 23 40 56 33 37 56 27 422 20 21 23778
internal_value=8.58097e-10 -1.31408 -0.763817 -1.16903 -0.637095 1.37712 -0.0626802 -4.05289 2.42472 0.0213057 1.54662 2.14018 1.56852 2.62858 5.77084 3.52653 -0.00159981 -4.88317 -1.93677 0.212614 0.643998 1.70422 -0.610649 -2.28716 -0.793692 -2.99245 0.00725309 3.59386 8.35997 -0.00193574
internal_weight=25071 400 376 355 322 145 125 48 77 24671 365 344 323 248 96 76 24306 44 75 43 152 129 73 177 120 83 24262 62 42 24200
internal_count=25071 400 376 355 322 145 125 48 77 24671 365 344 323 248 96 76 24306 44 75 43 152 129 73 177 120 83 24262 62 42 24200
is_linear=0
shrinkage=0.05


Tree=48
num_leaves=31
num_cat=0
split_feature=142 115 136 50 55 135 93 109 128 128 141 1 111 117 16 37 49 72 142 24 93 87 38 30 101 101 93 110 98 11
split_gain=276830 592159 713197 1.78149e+06 1.37416e+06 1.0925e+06 770282 1.15473e+06 636062 681776 631620 1.02666e+06 725232 649963 1.54226e+06 592643 649635 582648 857660 787994 541838 765699 736776 805857 649842 577581 848606 861941 869197 695467
threshold=-70.749999999999986 1651.2500000000002 255.25000000000003 3300.7500000000005 2757.844604492188 -47.749999999999993 346.25000000000006 383.61248779296881 -115.24999999999999 -61.249999999999993 142.75000000000003 4139.7500000000009 2081.2265625000005 879.99746704101574 -431.74999999999994 1802.7500000000002 1326.2500000000002 1134.0000000000002 -187.74999999999997 1797.7500000000002 861.75000000000011 812.75000000000011 718.25000000000011 837.75000000000011 970.25000000000011 732.75000000000011 223.75000000000003 476.75883483886724 864.25000000000011 3508.214965820313
decision_type=2 2 2 2 2 2 2 2 2 2 2 2 2 2 2 2 2 2 2 2 2 2 2 2 2 2 2 2 2 2
left_child=1 2 10 4 5 6 7 -4 -7 -10 12 13 -1 15 -15 16 17 19 -19 20 21 25 -22 -24 -23 29 -27 28 -28 -12
right_child=-2 -3 3 -5 -6 8 -8 -9 9 -11 11 -13 -14 14 -16 -17 -18 18 -20 -21 22 24 23 -25 -26 26 27 -29 -30 -31
leaf_value=-0.21786267129201217 0.27877931713832321 4.7402312782075668 -8.4727088199721443 -16.046463655233385 10.843806366125744 3.9131986925567404 -12.769044270597655 2.3076646589714551 -7.5289610716012803 -0.79457138171653696 0.35123347919486436 10.526585403442382 -8.9184419890244797 1.8659685207449872 -12.177520039502312 3.579594459435711 -1.8929714982397856 -1.174577448623521 10.642363427667057 8.7906973438603551 -8.7416715891737677 2.3130420705353893 5.6582610676065093 -5.5629299317719418 10.383392202059428 -12.422331712245942 0.026107883572456293 7.8877802235739569 -10.488339788441001 5.6430545640370209
leaf_weight=11691 6571 63 54 20 24 69 29 46 39 1034 4288 25 24 46 34 146 304 28 34 28 38 148 32 32 30 20 61 21 29 63
leaf_count=11691 6571 63 54 20 24 69 29 46 39 1034 4288 25 24 46 34 146 304 28 34 28 38 148 32 32 30 20 61 21 29 63
internal_value=-1.21263e-08 -0.0990194 -0.115555 -1.23769 -1.00898 -1.23279 -5.59439 -3.51374 -0.74011 -1.03934 -0.0293736 0.417633 -0.235687 0.370676 -4.10251 0.43817 0.349216 0.489699 5.30568 0.427363 0.378187 0.457095 -3.22679 0.0476656 3.67321 0.329368 -2.94177 -1.23357 -3.36188 0.427856
internal_weight=25071 18500 18437 1315 1295 1271 129 100 1142 1073 17122 5407 11715 5382 80 5302 5156 4852 62 4790 4762 4660 102 64 178 4482 131 111 90 4351
internal_count=25071 18500 18437 1315 1295 1271 129 100 1142 1073 17122 5407 11715 5382 80 5302 5156 4852 62 4790 4762 4660 102 64 178 4482 131 111 90 4351
is_linear=0
shrinkage=0.05


Tree=49
num_leaves=31
num_cat=0
split_feature=63 87 79 136 140 128 86 145 114 4 47 113 54 128 125 22 78 73 134 73 104 22 100 7 66 115 141 109 116 134
split_gain=274137 983417 907343 572314 1.20163e+06 697735 638792 1.37006e+06 1.32178e+06 1.54194e+06 662955 740291 1.1618e+06 1.09049e+06 1.08402e+06 1.06266e+06 930874 841672 674210 689372 648554 636987 857856 960234 856438 829055 783591 723304 746593 706487
threshold=964.25000000000011 1640.2500000000002 1154.2500000000002 -605.49999999999989 -408.74999999999994 -561.74999999999989 2122.2500000000005 1045.2505493164065 1078.2500000000002 4367.5449218750009 319.61822509765631 1503.7500000000002 390.08749389648443 391.50000000000006 1374.8111572265627 1812.0000000000002 1906.2500000000002 1162.2500000000002 764.75000000000011 727.75000000000011 1632.6325683593752 1854.2500000000002 -632.74999999999989 1050.2500000000002 1171.7500000000002 -283.24999999999994 153.25000000000003 226.879997253418 1926.1875000000002 165.25000000000003
decision_type=2 2 2 2 2 2 2 2 2 2 2 2 2 2 2 2 2 2 2 2 2 2 2 2 2 2 2 2 2 2
left_child=1 2 -1 -2 5 -5 7 10 -8 -10 -6 14 -13 16 18 -16 -14 -17 20 -20 21 22 -12 24 -24 -25 -26 -27 -29 -23
right_child=3 -3 -4 4 6 -7 8 -9 9 -11 11 12 13 -15 15 17 -18 -19 19 -21 -22 29 23 25 26 27 -28 28 -30 -31
leaf_value=0.057366100547889681 6.0470104318676583 10.870301537286668 -8.2395559988238585 -14.380000992616019 -1.6741401283088295 -2.6630969365437824 -4.7753483268721357 -12.217711934149266 1.5810214129361242 18.67002423893322 9.767832801455544 6.0871698696698466 -19.428152198791505 -1.7000618707842943 13.299901847839358 10.853717411481419 -5.0801050332876354 1.2648380421199568 -12.170776633024216 -1.9933551503552331 -6.2384867790583023 -1.4071691645896189 -0.80883995077610027 -12.121419445673626 -1.2455678983168168 3.5224913234894091 5.9249250756156062 -4.8999615191703754 0.78511121787808158 4.4583319630236984
leaf_weight=22495 33 21 33 24 750 27 29 25 33 22 21 28 20 82 25 26 26 191 20 99 37 73 250 21 55 52 124 168 88 173
leaf_count=22495 33 21 33 24 750 27 29 25 33 22 21 28 20 82 25 26 26 191 20 99 37 73 250 21 55 52 124 168 88 173
internal_value=-4.71103e-09 0.0552939 0.0452124 -0.494378 -0.581106 -8.17693 -0.422211 -0.575097 3.86225 8.41662 -0.450123 0.131266 -3.13853 -5.15665 0.489726 3.53834 -11.3184 2.41374 -0.134969 -3.70385 0.264933 0.499691 -0.200751 -0.476925 1.08153 -2.50907 3.7217 -1.85368 -2.94572 2.71776
internal_weight=25071 22549 22528 2522 2489 51 2438 2354 84 55 2329 1579 156 128 1423 242 46 217 1181 119 1062 1025 779 758 429 329 179 308 256 246
internal_count=25071 22549 22528 2522 2489 51 2438 2354 84 55 2329 1579 156 128 1423 242 46 217 1181 119 1062 1025 779 758 429 329 179 308 256 246
is_linear=0
shrinkage=0.05


Tree=50
num_leaves=31
num_cat=0
split_feature=79 99 122 128 82 58 145 134 76 72 136 84 142 84 129 20 50 86 141 18 112 85 115 132 123 43 85 92 127 107
split_gain=267651 1.58888e+06 1.04466e+06 999480 662107 650656 1.0265e+06 626141 581495 551265 518076 1.11896e+06 1.02332e+06 968934 694312 811665 830233 565476 556172 602011 774553 590323 642943 796644 900377 767477 679229 659860 652034 565598
threshold=-684.74999999999989 900.25000000000011 -1085.2499999999998 332.00000000000006 1045.2505493164065 -634.74999999999989 1045.2505493164065 745.25000000000011 -830.78921508789051 -145.74999999999997 185.25000000000003 -378.74999999999994 -72.749999999999986 -491.24999999999994 171.25000000000003 40.434143066406257 -784.74999999999989 -1449.2499999999998 380.25000000000006 729.86499023437511 29.250000000000004 -1406.7499999999998 -110.74999999999999 -79.55275726318358 2282.1149902343755 -67.749999999999986 -332.24999999999994 -158.74999999999997 -58.749999999999993 -1016.9999999999999
decision_type=2 2 2 2 2 2 2 2 2 2 2 2 2 2 2 2 2 2 2 2 2 2 2 2 2 2 2 2 2 2
left_child=1 3 -2 9 5 -4 8 -5 -7 10 18 12 13 14 15 16 17 -12 19 -1 21 -21 23 24 27 -24 -25 -23 -29 -20
right_child=2 -3 4 7 -6 6 -8 -9 -10 -11 11 -13 -14 -15 -16 -17 -18 -19 29 20 -22 22 25 26 -26 -27 -28 28 -30 -31
leaf_value=0.0211167192419572 -9.9306670775780308 -13.42700683552286 0.85383688556091963 1.1069374924120696 6.9692357417515343 -2.22465886111112 -11.342608575820924 12.651713502407075 0.029568976775721668 -6.4032507905283502 -9.3918228409507059 6.8962385481054129 0.01976870599630717 -15.551544672250749 0.25668445639312271 1.7149710212762539 -12.65391940135582 1.4999764222365162 7.8748424907063326 -8.8308863245922584 -6.2415410301353367 -2.075474348393934 -0.17857815999251148 -2.6931520192853871 8.4905499792099004 9.0923721453722788 -14.511789975166321 -0.58156938701868055 10.757006154741561 0.41227067324423028
leaf_weight=4033 26 23 2420 23 35 291 20 24 16927 37 22 33 185 20 64 26 51 26 43 23 79 350 65 31 25 34 20 32 21 62
leaf_count=4033 26 23 2420 23 35 291 20 24 16927 37 22 33 185 20 64 26 51 26 43 23 79 350 65 31 25 34 20 32 21 62
internal_value=1.32706e-09 -0.313583 0.0851107 -0.256986 0.0983342 0.0861009 -0.0216797 7.00214 -0.00852954 -0.321578 -0.278676 -1.9479 -2.68865 -5.08605 -3.97859 -6.14705 -8.21182 -3.4921 -0.13074 -0.210924 -1.58713 -0.975318 -0.662726 -1.42085 -0.716975 3.00538 -7.32791 -1.28816 3.91107 3.46837
internal_weight=25071 5352 19719 5329 19693 19658 17238 47 17218 5282 5245 427 394 209 189 125 99 48 4818 4713 680 601 578 479 428 99 51 403 53 105
internal_count=25071 5352 19719 5329 19693 19658 17238 47 17218 5282 5245 427 394 209 189 125 99 48 4818 4713 680 601 578 479 428 99 51 403 53 105
is_linear=0
shrinkage=0.05


Tree=51
num_leaves=31
num_cat=0
split_feature=67 139 107 43 99 141 101 6 24 123 23 0 40 5 135 122 65 86 15 124 42 52 72 27 126 41 6 51 22 100
split_gain=260623 580162 473152 901799 576246 560262 503320 473910 718464 467096 422223 752310 732989 774416 621379 638433 454932 583441 536203 466144 521116 498778 673067 449115 556919 505533 415609 379767 796820 490180
threshold=-2160.8349609374995 -1531.6849365234373 -1224.2499999999998 -859.24999999999989 -651.24999999999989 622.25000000000011 -840.74999999999989 -1920.3104248046873 -1881.9999999999998 -1915.9799804687498 -947.24999999999989 -705.24999999999989 328.23655700683599 309.66456604003912 73.250000000000014 174.75000000000003 -739.74999999999989 -734.74999999999989 -775.24999999999989 552.32839965820324 -1404.4999999999998 -1431.4999999999998 -1051.7499999999998 -1035.4714355468748 -191.74999999999997 -1280.779357910156 -1489.824035644531 -2375.9999999999995 -1536.7499999999998 -1314.4999999999998
decision_type=2 2 2 2 2 2 2 2 2 2 2 2 2 2 2 2 2 2 2 2 2 2 2 2 2 2 2 2 2 2
left_child=2 -2 3 7 26 6 -6 8 -1 -3 11 16 13 -12 15 23 19 -18 -19 20 21 -8 -23 25 -25 -14 -4 28 29 -11
right_child=1 9 4 -5 5 -7 10 -9 -10 27 12 -13 14 -15 -16 -17 17 18 -20 -21 -22 22 -24 24 -26 -27 -28 -29 -30 -31
leaf_value=-1.4431412635178402 -7.0302445049943607 2.7301348773589047 -2.4764210673941287 10.038899796349662 6.4385027518639193 -8.8786890220642096 -0.52525370685259509 -5.2500554900015555 7.7979314352526821 4.4489025465079717 -0.035106838430677141 -10.255752349936444 4.2808061145600815 10.339903301483877 6.3258143711090087 -6.3779864019277142 -10.678516686480979 -0.7196387123444985 -9.2336432456970226 7.0754059905097595 0.65544843489444382 -10.975216761657171 0.52302919983863827 -1.1942895534303453 6.861665710007272 -4.6425390687355632 -8.6746191576548988 0.01611311017051667 10.458274038411954 -5.1835506553649902
leaf_weight=58 29 161 119 28 26 20 75 31 33 28 35 23 21 37 30 49 23 116 22 21 279 35 20 45 41 65 35 23514 27 25
leaf_count=58 29 161 119 28 26 20 75 31 33 28 35 23 21 37 30 49 23 116 22 21 279 35 20 45 41 65 35 23514 27 25
internal_value=-6.18843e-09 0.0375005 -0.693017 1.94645 -1.04123 -0.595701 -0.423676 0.0891625 1.90802 0.0461288 -0.614088 -1.38391 0.849282 5.2965 -0.426413 -1.34301 -1.03864 -3.30574 -2.07694 -0.189796 -0.562826 -3.17743 -6.79404 0.0913788 2.64634 -2.46358 -3.8851 0.0278137 3.46692 -0.0947075
internal_weight=25071 23784 1287 150 1137 983 963 122 91 23755 937 614 323 72 251 221 591 161 138 430 409 130 55 172 86 86 154 23594 80 53
internal_count=25071 23784 1287 150 1137 983 963 122 91 23755 937 614 323 72 251 221 591 161 138 430 409 130 55 172 86 86 154 23594 80 53
is_linear=0
shrinkage=0.05


Tree=52
num_leaves=31
num_cat=0
split_feature=141 128 19 61 77 94 78 98 127 126 30 86 107 54 24 134 136 142 31 140 115 120 5 122 79 64 76 127 112 118
split_gain=259935 406628 420506 562738 515963 480340 564440 437941 573652 589283 428459 413001 615917 482653 434741 410788 395631 491270 435581 370940 445260 426341 373480 340026 326487 410494 323752 357765 316734 964164
threshold=40.250000000000007 -579.74999999999989 386.04539489746099 349.90142822265631 -1264.7499999999998 83.250000000000014 110.25000000000001 173.75000000000003 154.75000000000003 119.25000000000001 197.75000000000003 -236.74999999999997 -274.24999999999994 364.61607360839849 94.250000000000014 122.75000000000001 -509.74999999999994 -609.24999999999989 -755.24999999999989 -126.74999999999999 -667.74999999999989 -27.249999999999996 359.71659851074224 121.25000000000001 -357.24999999999994 -141.24999999999997 294.78718566894537 -109.74999999999999 -129.74999999999997 -1164.9083251953123
decision_type=2 2 2 2 2 2 2 2 2 2 2 2 2 2 2 2 2 2 2 2 2 2 2 2 2 2 2 2 2 2
left_child=1 16 3 -3 -4 6 23 -7 10 -10 -9 13 -13 -5 -14 -8 18 -18 -1 21 -21 26 -22 24 25 -6 27 -19 -2 -30
right_child=28 2 4 11 5 7 15 8 9 -11 -12 12 14 -15 -16 -17 17 19 -20 20 22 -23 -24 -25 -26 -27 -28 -29 29 -31
leaf_value=-2.7510408207774164 0.31228527315960486 -0.1662907332025908 -6.1559835268103562 -4.280153964247023 1.7384570306760292 -5.843590842187405 4.1243446680572298 9.2601097757999717 -8.0620781121430571 0.81002072701688688 0.55659583326308959 -11.859854745864869 1.5071887856447383 1.5953513928638992 -4.8921823291616011 12.593401168641591 -8.7969018808117632 -1.6309383022420261 4.9531317322753203 -0.54100374724413902 -4.3091911485118253 4.4223544806241994 -13.072995834350587 -3.810498246779809 -2.6564572883063349 7.4508852659202205 -6.6705571996754616 5.3240106296539311 7.4798407855488014 -0.10780235200197685
leaf_weight=32 8125 2322 23 56 135 32 45 26 27 61 31 23 38 93 88 21 27 245 43 37 31 32 20 26 29 41 29 20 42 13271
leaf_count=32 8125 2322 23 56 135 32 45 26 27 61 31 23 38 93 88 21 27 245 43 37 31 32 20 26 29 41 29 20 42 13271
internal_value=-8.19537e-09 -0.391089 -0.175864 -0.428803 1.15753 1.51241 2.74116 -0.549392 0.618983 -1.9121 4.52662 -2.47428 -4.33567 -0.612892 -2.96221 6.81904 -1.6912 -2.26215 1.66602 -1.83597 -4.71661 -1.05838 -7.74598 1.57605 2.25922 3.06919 -1.65492 -1.10604 0.0662761 -0.0838648
internal_weight=25071 3633 3117 2620 497 474 297 177 145 88 57 298 149 149 126 66 516 441 75 414 88 326 51 231 205 176 294 265 21438 13313
internal_count=25071 3633 3117 2620 497 474 297 177 145 88 57 298 149 149 126 66 516 441 75 414 88 326 51 231 205 176 294 265 21438 13313
is_linear=0
shrinkage=0.05


Tree=53
num_leaves=31
num_cat=0
split_feature=93 80 15 35 36 26 22 2 92 28 51 140 120 66 84 135 135 80 124 113 66 142 120 110 107 26 106 127 93 92
split_gain=256308 845909 942365 932965 776040 660310 590037 1.2085e+06 738349 722740 855773 679277 577435 1.10306e+06 678122 713645 850023 705039 780856 623150 621712 619676 578652 680971 705423 544253 542630 532591 525034 785011
threshold=-739.74999999999989 320.75000000000006 2300.2500000000005 1067.7500000000002 1151.2500000000002 469.80149841308599 931.75000000000011 419.75000000000006 -333.74999999999994 606.25000000000011 295.75000000000006 418.25000000000006 37.750000000000007 -9.7499999999999982 -519.74999999999989 -142.74999999999997 -436.24999999999994 -372.24999999999994 422.71945190429693 -339.74999999999994 -1682.2499999999998 -398.74999999999994 -272.24999999999994 523.98001098632824 -604.74999999999989 512.03503417968761 -238.74999999999997 -238.74999999999997 -807.24999999999989 -484.74999999999994
decision_type=2 2 2 2 2 2 2 2 2 2 2 2 2 2 2 2 2 2 2 2 2 2 2 2 2 2 2 2 2 2
left_child=1 2 3 4 6 -5 9 -8 -9 10 11 12 19 14 15 16 21 18 -16 26 -21 -14 -22 25 -25 27 -1 -24 -17 -30
right_child=-2 -3 -4 5 -6 -7 7 8 -10 -11 -12 -13 13 -15 17 28 -18 -19 -20 20 22 -23 23 24 -26 -27 -28 -29 29 -31
leaf_value=-0.42602070008697751 0.069955255824782805 -8.2186490143046651 9.7931296835774972 -1.6679625170571464 9.5453326988220208 -14.362337875366212 -14.866378311883835 3.347936964819306 -7.8541572769482926 6.8126216123501466 -9.5256926422119133 5.7944978672849103 -2.2196438853805129 7.9596546928087877 -3.4279602309635706 1.4621452998759141 -3.905565057467606 -1.0546198902385575 -14.14855401877201 6.8508506553117616 -1.5314862274858687 7.204534795428768 -2.6583416450314408 9.1500556655958594 -1.7383976277850923 -6.2231026924573456 -6.3166452229022987 1.618237494627941 2.1415568806908349 -8.5348284086419479
leaf_weight=1728 21042 34 23 21 20 20 21 38 24 36 25 46 37 30 35 268 295 56 33 43 225 33 82 51 21 26 40 649 33 36
leaf_count=1728 21042 34 23 21 20 20 21 38 24 36 25 46 37 30 35 268 295 56 33 43 225 33 82 51 21 26 40 649 33 36
internal_value=5.66204e-09 -0.365351 -0.298514 -0.35695 -0.27869 -7.86034 -0.328928 -4.49966 -0.988358 -0.238497 -0.305438 -0.244247 -0.3189 -1.45841 -1.80047 -1.19836 -2.73019 -5.20919 -8.6306 0.0215604 0.957703 2.22318 0.71728 1.32762 5.97426 0.885669 -0.559293 1.13851 0.460749 -3.42873
internal_weight=25071 4029 3995 3972 3931 41 3911 83 62 3828 3792 3767 3721 856 826 702 365 124 68 2865 1097 70 1054 829 72 757 1768 731 337 69
internal_count=25071 4029 3995 3972 3931 41 3911 83 62 3828 3792 3767 3721 856 826 702 365 124 68 2865 1097 70 1054 829 72 757 1768 731 337 69
is_linear=0
shrinkage=0.05


Tree=54
num_leaves=31
num_cat=0
split_feature=0 100 99 100 80 120 93 2 113 87 92 113 71 79 129 64 44 44 19 122 19 54 121 75 50 59 134 2 0 76
split_gain=253782 701919 588508 521649 372168 598974 475871 311984 799189 362440 537691 845189 505764 481206 695487 485577 472730 454918 601781 337473 1.05801e+06 636638 560962 768706 1.09139e+06 581430 606668 505956 432436 1.33062e+06
threshold=-2175.9999999999995 -391.24999999999994 68.750000000000014 -212.24999999999997 -2029.4999999999998 -672.99999999999989 -1883.9999999999998 -2404.7499999999995 -206.74999999999997 -1897.7499999999998 -1331.4999999999998 -369.24999999999994 -1900.4999999999998 -1838.7499999999998 -672.74999999999989 -916.99999999999989 -1357.2499999999998 -2191.9999999999995 424.76710510253912 -679.74999999999989 724.36727905273449 674.41351318359386 -959.74999999999989 537.80807495117199 250.75000000000003 -1041.7499999999998 60.250000000000007 -323.74999999999994 1964.2500000000002 884.78646850585949
decision_type=2 2 2 2 2 2 2 2 2 2 2 2 2 2 2 2 2 2 2 2 2 2 2 2 2 2 2 2 2 2
left_child=1 2 4 -3 5 -1 -6 8 -2 12 11 16 -9 14 -12 -16 -11 18 -15 20 21 28 23 25 -25 -21 27 -27 29 -19
right_child=7 3 -4 -5 6 -7 -8 9 -10 10 13 -13 -14 17 15 -17 -18 19 -20 22 -22 -23 -24 24 -26 26 -28 -29 -30 -31
leaf_value=-2.2507562886113708 -2.8061911086241409 -11.566614949703217 7.178760144114495 -2.1583717598634609 -8.2065677700042734 9.4288102808452798 -0.96753204493870149 1.6215192427237828 9.6278364820139757 3.7603519182456169 5.0193538665771484 -4.3196218393065715 -7.8585768559399769 -2.6439197158813479 -3.1788714967668059 -11.940984716869536 12.970130812038077 -1.0824375001749829 8.0237099928733624 7.1127296388149261 -10.227365628878276 8.1510084056854257 0.023137934254428172 17.090585899353027 2.201349500566721 -0.79999281540513045 -4.3085244876340481 9.3376739060878755 -8.1423725605010997 11.414720736850391
leaf_weight=23 24 26 24 34 25 21 247 24 28 38 20 22 34 20 64 21 22 669 39 29 30 20 23362 20 32 32 59 20 20 22
leaf_count=23 24 26 24 34 25 21 247 24 28 38 20 22 34 20 64 21 22 669 39 29 30 20 23362 20 32 32 59 20 20 22
internal_value=-1.59117e-09 -1.24933 -0.369461 -6.23528 -0.942744 3.32358 -1.63288 0.0202559 3.88905 0.0120843 0.021407 4.06347 -3.93578 0.00786687 -3.36973 -5.34363 7.13727 0.0224171 4.40756 0.0117766 -1.02454 -0.646859 0.0452587 2.73685 7.92798 0.808714 -0.838281 3.09911 -0.894338 -0.684554
internal_weight=25071 400 340 60 316 44 272 24671 52 24619 24561 82 58 24479 105 85 60 24374 59 24315 761 731 23554 192 52 140 111 52 711 691
internal_count=25071 400 340 60 316 44 272 24671 52 24619 24561 82 58 24479 105 85 60 24374 59 24315 761 731 23554 192 52 140 111 52 711 691
is_linear=0
shrinkage=0.05


Tree=55
num_leaves=31
num_cat=0
split_feature=142 22 106 108 136 55 5 33 124 21 136 127 113 51 40 114 121 135 140 5 79 96 141 31 59 99 106 129 122 125
split_gain=249258 303882 417701 267209 401801 262949 1.21375e+06 1.33254e+06 994391 638286 911824 686079 584576 415739 612448 415813 550025 880104 594083 553410 486374 746028 475650 768315 1.62954e+06 915479 925079 641785 955796 564180
threshold=-7.2499999999999991 1938.7500000000002 775.25000000000011 832.75000000000011 240.25000000000003 3539.723999023438 476.75883483886724 560.00579833984386 1045.2505493164065 2895.0000000000005 290.25000000000006 522.25000000000011 1999.0000000000002 2236.7500000000005 467.49603271484381 727.00000000000011 575.25000000000011 -202.74999999999997 -109.74999999999999 271.89384460449224 1285.7500000000002 394.21360778808599 641.75000000000011 -766.74999999999989 -291.74999999999994 1212.0000000000002 775.25000000000011 190.25000000000003 289.25000000000006 1546.6129150390627
decision_type=2 2 2 2 2 2 2 2 2 2 2 2 2 2 2 2 2 2 2 2 2 2 2 2 2 2 2 2 2 2
left_child=5 2 -2 4 -4 9 -7 -8 -9 12 11 -11 13 15 -15 22 17 -17 -18 -19 -21 -22 29 -24 -25 26 27 -26 -29 -1
right_child=1 -3 3 -5 -6 6 7 8 -10 10 -12 -13 -14 14 -16 16 18 19 -20 20 21 -23 23 24 25 -27 -28 28 -30 -31
leaf_value=0.0099384785661220266 0.74744326717790532 -4.4482129603624347 2.423340604901314 1.2856133974591892 12.325797317141578 12.901369296420706 -11.506806678771973 10.166196412699563 -3.2821553106661199 -6.312204193217414 -11.74796810575894 4.6605677374478045 6.261192168416204 -0.44895354298984308 9.5368293204477848 -10.500384446481865 7.3740156178673111 -8.3661639128412517 -0.71794361816155428 1.0736161336720549 1.2509093398139592 -12.242285099029543 4.3770114527424662 -14.862006458869349 7.115987864407626 4.5702110536555027 -7.9394367956403471 -10.99902580579122 0.50292541588822459 5.4935708933688225
leaf_weight=23245 454 24 20 30 21 22 20 28 27 28 28 29 37 34 28 36 24 28 413 107 21 20 41 26 22 47 67 24 73 47
leaf_count=23245 454 24 20 30 21 22 20 28 27 28 28 29 37 34 28 36 24 28 413 107 21 20 41 26 22 47 67 24 73 47
internal_value=-4.77455e-09 1.05366 1.30517 4.87151 7.49533 -0.0235894 2.57453 -0.454678 3.56428 -0.0339074 -4.35916 -0.729566 -0.0188028 -0.0283638 4.06075 -0.0388223 -1.28737 -3.3772 -0.273534 -1.92018 -0.700674 -5.33114 -0.0044757 -1.98269 -2.98944 -1.66461 -3.24007 -0.594213 -2.34292 0.0210037
internal_weight=25071 549 525 71 41 24522 97 75 55 24425 85 57 24340 24303 62 24241 649 212 437 176 148 41 23592 300 259 233 186 119 97 23292
internal_count=25071 549 525 71 41 24522 97 75 55 24425 85 57 24340 24303 62 24241 649 212 437 176 148 41 23592 300 259 233 186 119 97 23292
is_linear=0
shrinkage=0.05


Tree=56
num_leaves=31
num_cat=0
split_feature=74 32 88 65 141 75 40 134 65 27 136 5 140 23 22 80 87 117 145 65 64 38 64 92 84 73 135 6 7 104
split_gain=240136 470815 405685 535440 415065 489547 565822 487642 746053 990600 565945 565383 474660 461911 514136 616334 614191 457610 530908 431579 541698 771506 529732 442624 475050 570013 421569 412235 661854 525441
threshold=-1980.1549682617185 -2152.6025390624995 -1967.004943847656 -1055.2499999999998 668.25000000000011 588.47909545898449 578.96932983398449 393.25000000000006 -1278.2499999999998 -1339.0405273437498 181.75000000000003 480.18733215332037 225.25000000000003 133.25000000000003 -923.24999999999989 -372.24999999999994 -472.24999999999994 512.03503417968761 552.32839965820324 56.250000000000007 -265.24999999999994 -297.74999999999994 -127.24999999999999 355.25000000000006 -128.74999999999997 -189.74999999999997 57.250000000000007 -1376.5323486328123 -799.74999999999989 -929.90435791015614
decision_type=2 2 2 2 2 2 2 2 2 2 2 2 2 2 2 2 2 2 2 2 2 2 2 2 2 2 2 2 2 2
left_child=2 -2 4 -4 5 6 7 10 -9 11 13 -10 -12 14 15 16 17 -1 -19 20 21 27 -22 24 25 -24 -11 28 -16 -29
right_child=1 -3 3 -5 -6 -7 -8 8 9 26 12 -13 -14 -15 19 -17 -18 18 -20 -21 22 -23 23 -25 -26 -27 -28 29 -30 -31
leaf_value=-1.8634538818756348 5.5306023347072113 0.032342025219359145 -10.940052896738052 -1.8573730384194573 -7.1953049746426672 -5.3043118555495079 7.6598232808320423 9.6671175183921036 -0.37566001619611472 0.56030294855435692 -8.4864615401625638 -10.91403332591057 -0.084957935892302425 -7.3265840426735256 1.1579510245093687 -5.077265396063356 3.3873067342454477 6.9379250947166895 -2.4533234702216258 6.1767849119173164 -5.5152340719255353 10.77108817100525 2.0378816638674055 -5.9772759513854981 4.7194241834538326 -7.4978734054565441 8.6376029069083078 -8.2578620217063214 8.4769809226731994 0.31748672464960503
leaf_weight=406 39 23349 20 86 22 47 23 29 35 30 40 20 29 23 187 87 84 34 27 36 59 22 42 25 56 25 35 22 37 95
leaf_count=406 39 23349 20 86 22 47 23 29 35 30 40 20 29 23 187 87 84 34 27 36 59 22 42 25 56 25 35 22 37 95
internal_value=-3.88647e-10 0.0415105 -0.576855 -3.57109 -0.375594 -0.27911 -0.122489 -0.243023 2.47009 0.730804 -0.545608 -4.2078 -4.95539 -0.305453 -0.175642 -1.1663 -0.548782 -1.25677 2.78114 0.867331 0.531998 1.69597 -1.50917 0.0878382 1.32058 -1.52024 4.90962 1.11048 2.3669 -1.29497
internal_weight=25071 23388 1683 106 1577 1555 1508 1485 149 120 1336 55 69 1267 1244 638 551 467 61 606 570 363 207 148 123 67 65 341 224 117
internal_count=25071 23388 1683 106 1577 1555 1508 1485 149 120 1336 55 69 1267 1244 638 551 467 61 606 570 363 207 148 123 67 65 341 224 117
is_linear=0
shrinkage=0.05


Tree=57
num_leaves=31
num_cat=0
split_feature=63 87 79 57 59 19 131 53 74 79 63 61 26 52 63 127 129 120 44 140 126 33 61 26 6 127 94 106 33 79
split_gain=238913 884445 795843 508840 690393 856839 1.05758e+06 1.26849e+06 1.53109e+06 1.26438e+06 1.7506e+06 959024 756308 1.12819e+06 995651 748785 1.38445e+06 933359 1.49446e+06 915845 999314 686880 682760 700973 662257 775790 606109 1.08836e+06 547674 519287
threshold=964.25000000000011 1640.2500000000002 1154.2500000000002 1476.7500000000002 1456.5000000000002 444.00724792480474 570.11660766601574 3312.694946289063 2463.545043945313 488.25000000000006 1794.7500000000002 444.00724792480474 319.62170410156256 1338.7500000000002 1320.5000000000002 1670.0000000000002 355.25000000000006 579.75000000000011 1581.5000000000002 230.25000000000003 917.75000000000011 429.29431152343756 343.81175231933599 406.79368591308599 516.58792114257824 238.75000000000003 1667.7500000000002 1200.2500000000002 500.19013977050787 603.25000000000011
decision_type=2 2 2 2 2 2 2 2 2 2 2 2 2 2 2 2 2 2 2 2 2 2 2 2 2 2 2 2 2 2
left_child=1 2 -1 -2 12 11 7 8 26 10 -8 24 29 14 -14 16 17 18 -11 -18 -21 -13 -15 -24 -6 -26 27 28 -7 -5
right_child=3 -3 -4 4 5 6 9 -9 -10 15 -12 21 13 22 -16 -17 19 -19 -20 20 -22 -23 23 -25 25 -27 -28 -29 -30 -31
leaf_value=0.053441198411518537 -1.2683726202141661 10.30798137755621 -7.7169902815963285 -8.5625948732549499 -8.5502387773422974 -5.3903779472200535 1.4949601401453434 -17.035889921188353 5.9121077335242074 9.5069775240761896 -18.731442966461184 14.728685989379883 -6.6229364916034372 12.807349821094139 3.7800868552664051 9.1163044993366515 1.326964419378954 9.009849782943725 -8.0071244957888954 -17.80084201812744 -2.3582800778475677 1.6244925117492679 0.17444531455420065 6.5702126907300116 -3.3430023230825152 1.4586900076474423 -13.156543058395386 1.6907870996566048 -15.567143663167954 0.066705733253842311
leaf_weight=22495 1101 21 33 22 21 39 23 20 33 21 20 20 46 26 46 28 34 50 29 20 22 20 69 113 105 423 25 42 20 84
leaf_count=22495 1101 21 33 22 21 39 23 20 33 21 20 20 46 26 46 28 34 50 29 20 22 20 69 113 105 423 25 42 20 84
internal_value=6.19878e-09 0.0516194 0.0420587 -0.461525 0.163625 -0.533404 -2.24161 -5.16808 -3.67527 -0.120802 -7.91267 0.70207 1.9062 3.18897 -1.42142 1.5216 0.313353 4.17932 -0.651202 -4.77345 -9.71188 8.17659 5.22818 4.14544 0.157478 0.503808 -6.18626 -4.46094 -8.84013 -1.72428
internal_weight=25071 22549 22528 2522 1421 1015 426 179 159 247 43 589 406 300 92 204 176 100 50 76 42 40 208 182 549 528 126 101 59 106
internal_count=25071 22549 22528 2522 1421 1015 426 179 159 247 43 589 406 300 92 204 176 100 50 76 42 40 208 182 549 528 126 101 59 106
is_linear=0
shrinkage=0.05


Tree=58
num_leaves=31
num_cat=0
split_feature=141 27 124 42 121 120 98 85 120 8 10 57 141 114 126 145 115 103 82 89 120 114 43 26 78 15 22 1 54 53
split_gain=235271 721929 677950 599760 570945 1.1415e+06 1.01647e+06 875572 1.03604e+06 789602 902813 744975 688796 597668 511318 1.13686e+06 978864 765663 637128 676666 585395 570869 792732 554039 500765 732369 599241 724869 681154 539935
threshold=152.25000000000003 1201.8641357421877 775.33657836914074 1641.2500000000002 -924.74999999999989 240.25000000000003 -1561.7499999999998 720.25000000000011 -598.49999999999989 394.25000000000006 690.25000000000011 -958.24999999999989 252.75000000000003 -1181.7499999999998 -84.749999999999986 653.59622192382824 879.50000000000011 624.58282470703136 552.32839965820324 458.16539001464849 826.25000000000011 -102.74999999999999 697.25000000000011 372.16395568847662 876.75000000000011 1693.2500000000002 -904.74999999999989 -449.74999999999994 383.09368896484381 -1805.6099853515623
decision_type=2 2 2 2 2 2 2 2 2 2 2 2 2 2 2 2 2 2 2 2 2 2 2 2 2 2 2 2 2 2
left_child=1 3 14 24 5 7 -6 8 12 11 -11 -10 -2 -8 17 16 20 18 19 -3 21 22 -16 -18 25 26 27 -1 -29 -26
right_child=4 2 -4 -5 6 -7 13 -9 9 10 -12 -13 -14 -15 15 -17 23 -19 -20 -21 -22 -23 -24 -25 29 -27 -28 28 -30 -31
leaf_value=-0.69184022644999499 -2.6719695810317994 -1.6874717131541432 -9.8216243163399071 8.2226528687910605 -8.7943933367729183 12.537893915176392 -5.3774232903305368 -6.4917847301020775 7.7358080445451938 18.601688585281373 4.3492212829589851 -0.42618966240813771 2.8501928984540181 0.15818827242546993 9.3816526569169145 10.267499603827794 -1.8573527542027559 -10.522217000763993 6.6027034115791325 -8.6694730490446101 4.8408083597819012 -1.5252597086088002 0.23277514335778796 -12.638445362677942 -7.8154231379109049 9.591037428192795 0.14794559302128896 -13.96484593331814 -1.9704983678357355 -1.0587767180183438
leaf_weight=1591 125 262 23 22 32 24 49 33 47 20 25 69 103 9978 29 24 22 29 20 40 51 513 129 26 31 20 11045 20 29 640
leaf_count=1591 125 262 23 22 32 24 49 33 47 20 25 69 103 9978 29 24 22 29 20 40 51 513 129 26 31 20 11045 20 29 640
internal_value=-2.05997e-09 -0.130076 -1.32227 -0.0261439 0.18036 1.93093 0.102743 1.32769 1.99104 5.06174 10.6837 2.88083 -0.177308 0.131137 -1.15154 -0.449021 -0.783042 -2.7407 -2.03988 -2.61224 -0.323381 -0.71589 1.912 -7.69711 -0.039711 0.0305959 0.0155223 -0.876317 -6.86615 -1.37093
internal_weight=25071 14566 1168 13398 10505 446 10059 422 389 161 45 116 228 10027 1145 794 770 351 322 302 722 671 158 48 13376 12705 12685 1640 49 671
internal_count=25071 14566 1168 13398 10505 446 10059 422 389 161 45 116 228 10027 1145 794 770 351 322 302 722 671 158 48 13376 12705 12685 1640 49 671
is_linear=0
shrinkage=0.05


Tree=59
num_leaves=31
num_cat=0
split_feature=79 99 128 122 82 58 145 113 119 65 99 76 23 112 87 12 29 45 126 73 101 129 77 48 93 142 6 90 145 44
split_gain=229106 1.36789e+06 906152 860342 598794 579962 918035 506659 592975 860626 663880 490315 471635 802510 702463 703201 692071 659044 1.00058e+06 569446 564961 923054 565859 463749 440256 446710 431252 675516 599448 1.10814e+06
threshold=-684.74999999999989 842.75000000000011 470.50000000000006 -1085.2499999999998 1045.2505493164065 -634.74999999999989 1045.2505493164065 520.25000000000011 396.25000000000006 -758.24999999999989 434.75000000000006 -830.78921508789051 57.750000000000007 300.25000000000006 -917.24999999999989 458.16539001464849 317.75000000000006 -221.24999999999997 -39.749999999999993 -839.74999999999989 -781.74999999999989 -389.24999999999994 -687.24999999999989 -1124.6441650390623 -224.74999999999997 -63.749999999999993 710.01922607421886 -73.709949493408189 487.39910888671881 -429.74999999999994
decision_type=2 2 2 2 2 2 2 2 2 2 2 2 2 2 2 2 2 2 2 2 2 2 2 2 2 2 2 2 2 2
left_child=1 2 12 -2 5 7 11 -5 -9 -10 -11 -7 16 14 15 -14 24 18 -18 -19 21 -16 -22 -13 26 -26 27 28 -1 -30
right_child=3 -3 -4 4 -6 6 -8 8 9 10 -12 23 13 -15 20 -17 17 19 -20 -21 22 -23 -24 -25 25 -27 -28 -29 29 -31
leaf_value=-0.36157238884663401 -9.0105966788071861 -10.762687084751745 10.393659453392029 0.59336763387320524 6.6248857661655975 -2.0451877971285399 -10.728777925968171 6.9829604059889707 6.0080572073132954 -7.7769990642555058 2.1208977394633823 5.616364085996473 -1.473949255538173 -11.137777005071227 -0.30106011390686038 9.5964215351985054 4.4989754003863185 12.988647036118941 -9.8455436205863958 3.6448306899695169 -6.043405751036663 -15.310031109764465 0.096664705536734896 0.012524891590546264 -4.6019825404030943 2.3162350750962895 -2.8066518916934733 8.1144396104812628 0.80194720790517049 10.206962448177917
leaf_weight=3892 26 31 20 2231 35 291 20 69 52 32 36 37 32 23 20 26 31 22 20 63 51 21 142 16890 105 30 150 25 615 33
leaf_count=3892 26 31 20 2231 35 291 20 69 52 32 36 37 32 23 20 26 31 22 20 63 51 21 142 16890 105 30 150 25 615 33
internal_value=-9.46817e-10 -0.290126 -0.229113 0.0787442 0.0907445 0.0791108 -0.0226461 0.80394 3.28959 1.16589 -2.53694 -0.0102102 -0.269192 -2.14555 -1.43726 3.48863 -0.15065 3.36715 -1.12633 6.06323 -2.6582 -7.98858 -1.52584 0.0247741 -0.249293 -3.0646 -0.168685 -0.0820047 -0.127139 1.28091
internal_weight=25071 5352 5321 19719 19693 19658 17238 2420 189 120 68 17218 5301 315 292 58 4986 136 51 85 234 41 193 16927 4850 135 4715 4565 4540 648
internal_count=25071 5352 5321 19719 19693 19658 17238 2420 189 120 68 17218 5301 315 292 58 4986 136 51 85 234 41 193 16927 4850 135 4715 4565 4540 648
is_linear=0
shrinkage=0.05


Tree=60
num_leaves=31
num_cat=0
split_feature=0 108 112 107 107 43 49 28 29 21 106 113 101 99 122 107 100 118 85 22 88 72 93 142 115 65 64 69 79 72
split_gain=226333 663032 351896 337307 407754 348015 416433 496646 362549 308962 617101 482681 467059 611388 506624 848595 453907 410224 646170 514273 637262 475285 453181 919638 835332 487027 896094 710383 761955 457654
threshold=-2175.9999999999995 322.25000000000006 39.250000000000007 -406.24999999999994 -491.74999999999994 -715.99999999999989 -1815.7499999999998 -1986.2499999999998 -1365.2499999999998 -1633.4999999999998 349.25000000000006 -1207.7499999999998 -115.24999999999999 -31.249999999999996 58.750000000000007 -715.24999999999989 -37.249999999999993 -1391.9664916992185 -1647.4999999999998 -1417.2499999999998 -2183.922485351562 -869.74999999999989 -1256.4999999999998 -92.249999999999986 -37.249999999999993 -46.249999999999993 85.250000000000014 294.23689270019537 -1838.7499999999998 -1464.2499999999998
decision_type=2 2 2 2 2 2 2 2 2 2 2 2 2 2 2 2 2 2 2 2 2 2 2 2 2 2 2 2 2 2
left_child=1 2 3 4 5 6 7 -1 -8 10 11 -2 13 14 -13 -16 -12 18 -11 20 -19 -22 23 24 25 26 27 28 -21 -25
right_child=9 -3 -4 -5 -6 -7 8 -9 -10 17 16 12 -14 -15 15 -17 -18 19 -20 22 21 -23 -24 29 -26 -27 -28 -29 -30 -31
leaf_value=-1.1320460578821001 -6.8145889554704944 -9.23724765777588 4.6256048597138504 -5.9164123085863665 6.3058081626892095 4.976485763896596 -2.2985623608870678 6.5313386306762702 -8.968604287394772 -2.6981146595694803 9.5218693958388432 0.34495627058167311 -4.5475844515694517 8.8133539566626933 13.544942274093628 -1.0203846484422685 0.64474843343098964 -10.626732202029478 8.0694132677426467 -7.9034100177440241 0.79162602126598358 -7.5885405084361199 0.031281210704509732 9.8087832234122541 -9.8822470462683469 5.2888497650623325 -10.847890262250548 7.2973302797837691 -1.1026798183562698 1.2301119093625053
leaf_weight=137 21 24 29 33 20 22 83 25 27 22 36 378 36 26 20 20 24 24 38 47 64 23 23378 22 33 24 27 22 333 53
leaf_count=137 21 24 29 33 20 22 83 25 27 22 36 378 36 26 20 20 24 24 38 47 64 23 23378 22 33 24 27 22 333 53
internal_value=2.08002e-09 -1.17983 -0.665532 -1.10773 -0.60236 -1.0723 -1.56154 0.050575 -3.93575 0.0191291 1.1791 0.605214 0.929831 1.37395 0.911207 6.26228 5.97102 -0.00786145 4.12132 -0.0181629 -3.41364 -1.42382 -0.00241885 -1.40677 -2.20203 -1.64254 -2.03031 -1.43809 -1.94382 3.74652
internal_weight=25071 400 376 347 314 294 272 162 110 24671 561 501 480 444 418 40 60 24110 60 24050 111 87 23939 561 486 453 429 402 380 75
internal_count=25071 400 376 347 314 294 272 162 110 24671 561 501 480 444 418 40 60 24110 60 24050 111 87 23939 561 486 453 429 402 380 75
is_linear=0
shrinkage=0.05


Tree=61
num_leaves=31
num_cat=0
split_feature=107 86 117 47 17 136 115 37 15 4 57 71 123 107 67 106 19 58 131 126 128 124 103 62 47 89 35 38 29 106
split_gain=225607 751797 1.24405e+06 1.21334e+06 1.02644e+06 1.25664e+06 653557 651750 522774 947709 799133 775941 988390 596462 982199 523362 510660 496373 716414 792318 579850 496571 823699 535284 475600 430384 907958 961908 903829 899517
threshold=831.00000000000011 2122.2500000000005 611.19790649414074 473.41499328613287 2885.5000000000005 245.75000000000003 1651.2500000000002 -166.74999999999997 2525.7500000000005 617.86999511718761 3167.5000000000005 2109.5000000000005 2636.657592773438 -849.74999999999989 4284.0749511718759 1519.2500000000002 512.03503417968761 663.75000000000011 530.86532592773449 872.75000000000011 525.25000000000011 496.07127380371099 458.16539001464849 2110.5043945312505 441.63258361816412 598.99819946289074 1456.0000000000002 870.75000000000011 2041.2500000000002 802.25000000000011
decision_type=2 2 2 2 2 2 2 2 2 2 2 2 2 2 2 2 2 2 2 2 2 2 2 2 2 2 2 2 2 2
left_child=8 4 3 -3 6 -6 7 -2 15 -10 11 13 -13 -11 16 25 24 20 21 -20 -9 22 23 -19 -15 -1 27 29 -28 -27
right_child=1 2 -4 -5 5 -7 -8 17 9 10 -12 12 -14 14 -16 -17 -18 18 19 -21 -22 -23 -24 -25 -26 26 28 -29 -30 -31
leaf_value=0.033284614300374597 -8.7173832022481488 5.8662845719245169 13.342269492149354 -9.6995589301699692 -1.1113098025321961 -16.461209936936697 6.3188196213014667 -0.25091821696513739 -7.1681253376007081 10.80913154602051 -4.0228402212687904 2.0534902867816744 16.906869504787029 4.342724471127517 -6.0492906238093518 6.1118346193858564 10.365094528509225 -1.3073024059379348 -11.563624131338937 0.090817201614379894 6.427694620365898 6.4472609693353835 -10.672334337234497 5.3634808085181502 -2.8458106702024288 -0.50861267699258972 -12.68366695046425 4.2680356025654413 -1.9224807606935501 -5.9173613319236242
leaf_weight=23095 27 31 24 21 30 24 31 117 25 20 35 21 24 76 33 35 23 339 35 25 45 22 22 33 33 564 32 90 50 89
leaf_count=23095 27 31 24 21 30 24 31 117 25 20 35 21 24 76 33 35 23 339 35 25 45 22 22 33 33 564 32 90 50 89
internal_value=2.77965e-09 -0.81261 3.92603 -0.419921 -1.29279 -7.93349 -0.777566 -1.10837 0.0276847 2.13784 3.01576 4.08686 9.97529 2.65453 1.6661 0.00213907 3.59494 -0.786363 -1.59998 -6.70761 1.60425 -0.863299 -1.2715 -0.715539 2.16638 -0.0068007 -1.12895 -0.5779 -6.12197 -1.24579
internal_weight=25071 826 76 52 750 54 696 665 24245 290 265 230 45 185 165 23955 132 638 476 60 162 416 394 372 109 23920 825 743 82 653
internal_count=25071 826 76 52 750 54 696 665 24245 290 265 230 45 185 165 23955 132 638 476 60 162 416 394 372 109 23920 825 743 82 653
is_linear=0
shrinkage=0.05


Tree=62
num_leaves=31
num_cat=0
split_feature=141 77 30 42 30 45 142 127 121 5 6 113 133 106 133 26 57 135 50 57 124 124 5 77 80 65 99 145 112 118
split_gain=222749 457618 425344 505046 367847 548612 334911 332477 330464 481974 419232 319988 452962 391934 343632 621254 298734 295402 329997 498569 323380 422492 349742 296423 303890 293162 287628 296562 252340 706265
threshold=20.250000000000004 617.75000000000011 -582.74999999999989 -477.24999999999994 619.75000000000011 948.75000000000011 -609.24999999999989 -6.7499999999999991 -874.74999999999989 403.54847717285162 -119.02736282348631 440.25000000000006 57.250000000000007 567.75000000000011 -34.249999999999993 322.29187011718756 935.25000000000011 -630.24999999999989 23.750000000000004 -71.249999999999986 412.68888854980474 374.79048156738287 374.79289245605474 -335.74999999999994 -181.74999999999997 984.75000000000011 -157.24999999999997 357.28265380859381 -129.74999999999997 -1164.9083251953123
decision_type=2 2 2 2 2 2 2 2 2 2 2 2 2 2 2 2 2 2 2 2 2 2 2 2 2 2 2 2 2 2
left_child=1 2 6 7 16 -6 -1 -4 -5 11 -11 12 14 -13 26 -16 -3 -8 19 20 21 22 23 -19 -25 -7 -10 -28 -2 -30
right_child=28 4 3 8 5 25 17 -9 9 10 -12 13 -14 -15 15 -17 -18 18 -20 -21 -22 -23 -24 24 -26 -27 27 -29 29 -31
leaf_value=-6.3691548416691441 0.24372387582629346 -2.9214784630139672 1.6427270518408883 -6.0599292573474699 -12.225537908077241 1.2821108435591064 2.4862130756731387 9.9232102502476085 -1.7587226373128229 -0.60386417388916014 7.6905375443972082 -8.7325225830078121 3.6655171225588008 0.076312907465866636 -1.0225346758124534 -10.774850301742553 3.986084040006002 -1.6477678079403533 3.0243049658261816 -7.5946270658689388 -4.8674618625215125 4.7960264367441985 -6.760316028418365 5.5139590854897644 -0.89779503643512726 -5.8926936776297438 0.69183183698206663 6.83222262064616 6.1617895852194895 -0.1120069173591894
leaf_weight=31 9157 45 27 21 22 24 54 22 122 25 39 23 83 28 89 20 24 258 39 34 56 31 27 33 42 35 309 21 45 14285
leaf_count=31 9157 45 27 21 22 24 54 22 122 25 39 23 83 28 89 20 24 258 39 34 56 31 27 33 42 35 309 21 45 14285
internal_value=-5.16555e-09 -0.57389 -0.299027 0.436614 -3.20157 -5.48686 -1.30704 5.3605 0.127293 0.298481 4.45054 -0.0838667 0.21805 -3.8963 -0.292004 -2.81195 -0.518848 -1.03365 -1.39917 -1.75783 -1.31387 -0.804917 -1.28722 -0.843456 1.92338 -2.97413 0.315683 1.08258 0.038704 -0.0923055
internal_weight=25071 1584 1434 829 150 81 605 49 780 759 64 695 644 51 561 109 69 574 520 481 447 391 360 333 75 59 452 330 23487 14330
internal_count=25071 1584 1434 829 150 81 605 49 780 759 64 695 644 51 561 109 69 574 520 481 447 391 360 333 75 59 452 330 23487 14330
is_linear=0
shrinkage=0.05


Tree=63
num_leaves=31
num_cat=0
split_feature=93 113 50 114 65 52 92 107 63 86 33 19 127 82 56 112 86 115 58 131 124 103 133 132 128 73 128 44 81 121
split_gain=227442 560824 638129 1.18701e+06 505886 736329 566397 503792 876973 955577 951609 676742 707568 478351 471032 714256 588146 665691 540210 568679 736161 630518 555010 478862 463999 461086 736764 624950 575044 777048
threshold=-856.74999999999989 813.25000000000011 948.75000000000011 -691.24999999999989 -80.749999999999986 282.25000000000006 -474.74999999999994 -557.74999999999989 1794.7500000000002 77.250000000000014 403.54847717285162 458.16539001464849 61.750000000000007 1045.2505493164065 -414.24999999999994 -809.74999999999989 -149.74999999999997 36.250000000000007 -667.74999999999989 570.11660766601574 523.98001098632824 483.63320922851568 208.25000000000003 -462.40234374999994 37.750000000000007 -53.749999999999993 -527.74999999999989 -213.74999999999997 -14.417500019073485 -1069.2499999999998
decision_type=2 2 2 2 2 2 2 2 2 2 2 2 2 2 2 2 2 2 2 2 2 2 2 2 2 2 2 2 2 2
left_child=1 2 4 -4 5 25 -6 8 9 14 -11 -12 -13 -9 16 -16 17 -2 23 20 21 22 -20 -17 -24 27 -27 28 -1 -30
right_child=7 -3 3 -5 6 -7 -8 13 -10 10 11 12 -14 -15 15 18 -18 -19 19 -21 -22 -23 24 -25 -26 26 -28 -29 29 -31
leaf_value=-0.037238867110337484 1.3828117634228803 7.9363175040483469 -0.31694601358369345 -14.19711927175522 8.8880873887769649 -7.563033039040036 -0.11618549525737763 -0.042142278463316661 -9.7180644321441658 -0.031515072073255268 16.844610986709593 -0.37348688063414204 12.028899632329527 5.7267667366398705 -3.9223973023152987 0.68023644737575362 8.6869361363924469 -3.4151196052501733 0.46645692134441508 5.1976285207467008 -7.7699588026319235 6.8541399027850183 -10.948112547248602 -8.98058269763815 -0.17779509370215238 -10.923117626630344 1.5093339714136991 3.0618025155443895 1.9796071782048825 -2.6005807350485881
leaf_weight=1999 1183 20 43 24 31 36 40 19450 20 49 20 23 23 36 113 23 26 77 833 61 28 37 20 29 20 26 22 133 113 513
leaf_count=1999 1183 20 43 24 31 36 40 19450 20 49 20 23 23 36 113 23 26 77 833 61 28 37 20 29 20 26 22 133 113 513
internal_value=-6.91075e-09 -0.408479 -0.464485 -5.28895 -0.35352 -0.457666 3.81526 0.0555225 0.711389 0.792711 5.24715 9.16616 5.82771 -0.0314843 0.583625 -0.145088 1.24321 1.0896 0.261036 0.51966 0.215442 0.461147 0.190195 -4.70753 -5.56295 -0.366507 -5.22491 -0.281952 -0.451369 -1.77381
internal_weight=25071 3000 2980 67 2913 2842 71 22071 2585 2565 115 66 46 19486 2450 1164 1286 1260 1051 999 938 910 873 52 40 2806 48 2758 2625 626
internal_count=25071 3000 2980 67 2913 2842 71 22071 2585 2565 115 66 46 19486 2450 1164 1286 1260 1051 999 938 910 873 52 40 2806 48 2758 2625 626
is_linear=0
shrinkage=0.05


Tree=64
num_leaves=31
num_cat=0
split_feature=142 136 126 43 55 94 107 5 21 142 140 19 113 58 68 114 24 15 40 12 19 28 142 15 10 141 4 141 106 31
split_gain=224625 297580 399836 355475 240263 1.24963e+06 1.41063e+06 936348 544895 789540 1.31572e+06 696004 503569 367567 482562 343487 592675 684322 478033 796024 494201 577566 692233 723081 565157 479148 477642 462672 677437 806127
threshold=-7.2499999999999991 222.25000000000003 531.25000000000011 947.75000000000011 3539.723999023438 1922.2500000000002 1600.2500000000002 545.15829467773449 2895.0000000000005 -267.24999999999994 5.2500000000000009 461.08456420898443 1999.0000000000002 2153.7500000000005 464.46438598632818 727.00000000000011 2563.7500000000005 2525.7500000000005 369.41818237304693 357.33497619628912 391.72161865234381 1101.7500000000002 -206.24999999999997 907.25000000000011 1107.7500000000002 512.75000000000011 1381.7299804687502 668.25000000000011 -39.249999999999993 -642.24999999999989
decision_type=2 2 2 2 2 2 2 2 2 2 2 2 2 2 2 2 2 2 2 2 2 2 2 2 2 2 2 2 2 2
left_child=4 2 3 -2 8 7 -7 -6 12 10 -10 -11 13 15 -15 27 17 18 19 -17 -20 22 23 -22 -23 26 -26 -1 -29 -30
right_child=1 -3 -4 -5 5 6 -8 -9 9 11 -12 -13 -14 14 -16 16 -18 -19 20 -21 21 24 -24 -25 25 -27 -28 28 29 -31
leaf_value=0.016575495471858111 0.051235637726843919 2.702017104353224 -6.6740406811237341 5.2302299064558913 16.227315573692323 -13.536921830177306 4.2785393157005309 2.4361733138561252 -0.92489524364471443 -5.5128323578834539 -18.130593509674071 7.6781107902526857 5.8103533461287213 -0.44368096590042116 7.8625631251755879 -0.97024998149443498 7.0825376238141748 -10.330077693487208 -7.6163233406205739 5.6744288384914405 -0.75333127608666062 -11.559669774511587 -2.0051216515720403 11.281947036584219 -0.26261741399765015 1.6298241900073158 -10.540381024434017 -9.9416056137084965 6.8414313162918452 -2.3547143965925144
leaf_weight=23336 317 175 20 37 20 20 25 32 25 20 20 20 37 36 34 231 21 21 41 56 26 23 117 24 20 36 26 25 27 203
leaf_count=23336 317 175 20 37 20 20 25 32 25 20 20 20 37 36 34 231 21 21 41 56 26 23 117 24 20 36 26 25 27 203
internal_value=4.75433e-09 1.00024 0.203956 0.592543 -0.0223935 2.46112 -3.63944 7.74046 -0.0322563 -4.02857 -8.57187 1.08264 -0.0183004 -0.0271742 3.59078 -0.0376251 -1.17873 -1.4581 -1.14758 0.326273 -2.49901 -1.72765 0.0992867 5.0236 -4.63334 -2.69059 -6.07179 -0.00657127 -2.12482 -1.27517
internal_weight=25071 549 374 354 24522 97 45 52 24425 85 45 40 24340 24303 70 24233 642 621 600 287 313 272 167 50 105 82 46 23591 255 230
internal_count=25071 549 374 354 24522 97 45 52 24425 85 45 40 24340 24303 70 24233 642 621 600 287 313 272 167 50 105 82 46 23591 255 230
is_linear=0
shrinkage=0.05


Tree=65
num_leaves=31
num_cat=0
split_feature=74 11 88 142 141 75 40 134 65 27 136 5 140 23 22 93 117 144 6 115 128 120 76 141 135 21 15 110 33 86
split_gain=218708 416261 366252 487562 394739 424442 506816 424565 649860 876364 518440 492418 427670 405518 438383 549794 442093 419954 459708 411814 470735 624335 404844 388780 383696 354212 327824 327755 835739 326830
threshold=-1980.1549682617185 -2289.1999511718745 -1967.004943847656 -283.74999999999994 668.25000000000011 588.47909545898449 578.96932983398449 393.25000000000006 -1278.2499999999998 -1339.0405273437498 181.75000000000003 480.18733215332037 225.25000000000003 133.25000000000003 -923.24999999999989 -208.74999999999997 512.03503417968761 -1883.3475341796873 -1518.5243530273435 -1097.2499999999998 -35.749999999999993 262.75000000000006 -1223.1806030273435 74.750000000000014 57.250000000000007 -1249.2499999999998 -205.24999999999997 406.79368591308599 434.12649536132818 -1051.2499999999998
decision_type=2 2 2 2 2 2 2 2 2 2 2 2 2 2 2 2 2 2 2 2 2 2 2 2 2 2 2 2 2 2
left_child=2 -2 4 -4 5 6 7 10 -9 11 13 -10 22 14 15 16 17 18 27 -16 25 -22 -12 -18 -11 -21 -7 28 -1 -20
right_child=1 -3 3 -5 -6 26 -8 8 9 24 12 -13 -14 -15 19 -17 23 -19 29 20 21 -23 -24 -25 -26 -27 -28 -29 -30 -31
leaf_value=-0.98211667815533787 6.762802419519943 0.032997043204122931 -9.0553000918456501 -1.363788253068924 -7.0099220622669565 -9.7961945748329171 7.2459949327551803 9.0151755234290825 -0.39395798274448945 0.45597377379735315 -3.0579753208160403 -10.228846316337586 -0.11335554451778018 -6.8645139849704258 7.854131064414978 -6.9114074656837872 8.8900760746002199 2.4567005480037016 -11.105581445693971 6.069940641651983 10.50720159824078 0.98686456586800375 -13.118341351449491 0.68709392914405232 8.1619183308737622 -0.28013110501776017 -1.3503623357525578 -3.3613922678873318 9.6188991022109995 -3.1723039826831307
leaf_weight=264 23 23365 28 78 22 20 23 29 35 30 20 20 29 23 20 38 20 68 20 23 26 51 20 52 35 486 27 119 20 37
leaf_count=264 23 23365 28 78 22 20 23 29 35 30 20 20 29 23 20 38 20 68 20 23 26 51 20 52 35 486 27 119 20 37
internal_value=-5.44826e-10 0.0396152 -0.550517 -3.39551 -0.359288 -0.265195 -0.11936 -0.233436 2.29813 0.674841 -0.515774 -3.97028 -4.73643 -0.285919 -0.164289 -1.07906 -0.709679 -1.21087 -1.75303 0.798787 0.55799 4.20152 -8.08816 2.9657 4.60533 0.0068073 -4.94433 -1.15858 -0.235566 -5.95591
internal_weight=25071 23388 1683 106 1577 1555 1508 1485 149 120 1336 55 69 1267 1244 638 600 528 460 606 586 77 40 72 65 509 47 403 284 57
internal_count=25071 23388 1683 106 1577 1555 1508 1485 149 120 1336 55 69 1267 1244 638 600 528 460 606 586 77 40 72 65 509 47 403 284 57
is_linear=0
shrinkage=0.05


Tree=66
num_leaves=31
num_cat=0
split_feature=17 75 124 17 23 135 137 96 61 17 122 112 115 64 64 140 86 115 43 112 68 54 79 64 108 119 35 140 44 19
split_gain=218624 380308 851390 610954 802061 826280 335752 1.38748e+06 352954 959972 883575 560763 845670 814960 947817 739403 675096 782949 599449 488692 451699 741953 439240 868475 851133 456007 440162 402489 337838 314983
threshold=-2681.2499999999995 1045.2505493164065 1045.2505493164065 1139.2500000000002 -657.74999999999989 -407.24999999999994 4515.6274414062509 636.49594116210949 653.59622192382824 2885.5000000000005 1106.7500000000002 -467.74999999999994 -340.74999999999994 79.250000000000014 -304.74999999999994 -134.74999999999997 875.50000000000011 672.25000000000011 342.25000000000006 -33.749999999999993 653.59622192382824 636.49594116210949 290.25000000000006 797.75000000000011 717.25000000000011 286.75000000000006 550.25000000000011 9.2500000000000018 -1467.2499999999998 455.76057434082037
decision_type=2 2 2 2 2 2 2 2 2 2 2 2 2 2 2 2 2 2 2 2 2 2 2 2 2 2 2 2 2 2
left_child=29 2 6 4 5 -3 8 -8 20 10 11 12 15 14 28 -10 22 -18 -17 -16 -2 -22 23 25 26 27 -24 -15 -13 -1
right_child=1 3 -4 -5 -6 -7 7 -9 9 -11 -12 13 -14 16 19 18 17 -19 -20 -21 21 -23 24 -25 -26 -27 -28 -29 -30 -31
leaf_value=2.0576087437827013 0.016428496910735453 10.413720390429864 -9.6178415796031125 10.28488299328348 -7.2566035225277865 -3.1042346477508547 -6.7708696746826185 9.5749053027178785 -5.2268796909434929 -12.029395687580109 8.7139428128366898 -5.7180209077637771 9.098487143680968 3.3362917900085449 -6.5963370418548584 9.4469685803288996 -12.367714370727541 -0.19392827493803844 -2.3889336252212523 -17.649521303176879 -1.130151169950312 12.176125040054323 0.81350139975547797 -7.0830828687879777 -3.7924422740936281 6.2194793388247493 10.064827977286445 -5.320852666065611 2.131076403764578 -4.1266221870838757
leaf_weight=29 24235 26 23 23 21 20 20 37 45 20 23 29 29 25 20 23 25 28 20 20 22 20 20 45 29 32 36 29 26 71
leaf_count=29 24235 26 23 23 21 20 20 37 45 20 23 29 29 25 20 23 25 28 20 20 22 20 20 45 29 32 36 29 26 71
internal_value=6.38195e-09 0.00934363 -0.00239203 3.25373 0.84005 4.53635 0.00650472 3.83955 -0.00230474 -1.28619 -0.859872 -1.31766 1.69357 -2.28556 -6.26665 -0.746682 -0.879601 -5.93628 3.9419 -12.1229 0.0254069 5.20617 0.361158 -1.45506 3.16027 1.48984 6.76078 -1.31292 -2.00754 -2.3332
internal_weight=25071 24971 24881 90 67 46 24858 57 24801 524 504 481 117 364 95 88 269 53 43 40 24277 42 216 131 85 86 56 54 55 100
internal_count=25071 24971 24881 90 67 46 24858 57 24801 524 504 481 117 364 95 88 269 53 43 40 24277 42 216 131 85 86 56 54 55 100
is_linear=0
shrinkage=0.05


Tree=67
num_leaves=31
num_cat=0
split_feature=135 80 138 4 65 140 135 130 95 115 85 138 86 110 142 30 142 107 86 17 102 37 44 1 138 2 128 136 17 2
split_gain=217222 639493 383854 401423 644980 574110 324050 1.33187e+06 584721 461799 560479 609577 324986 1.11444e+06 645340 572394 998054 303874 830774 605541 603101 556354 672797 421703 680986 1.51888e+06 1.14723e+06 392094 385021 760992
threshold=-1092.2499999999998 320.75000000000006 387.31033325195318 -971.45498657226551 -1185.7499999999998 -831.74999999999989 -914.74999999999989 1790.2100219726565 699.00000000000011 -469.24999999999994 -196.24999999999997 439.06622314453131 2122.2500000000005 518.72827148437511 -217.24999999999997 3105.2500000000005 -310.24999999999994 831.00000000000011 1758.7500000000002 2885.5000000000005 4778.7873535156259 -309.74999999999994 123.75000000000001 3013.0000000000005 491.92401123046881 1958.2500000000002 185.75000000000003 149.75000000000003 1681.2500000000002 935.75000000000011
decision_type=2 2 2 2 2 2 2 2 2 2 2 2 2 2 2 2 2 2 2 2 2 2 2 2 2 2 2 2 2 2
left_child=1 2 -1 4 -4 -5 7 8 9 10 11 -2 15 -14 -15 17 -17 18 20 21 28 -19 -23 24 -24 26 -26 -28 -8 -30
right_child=6 -3 3 5 -6 -7 12 -9 -10 -11 -12 -13 13 14 -16 16 -18 19 -20 -21 -22 22 23 -25 25 -27 27 -29 29 -31
leaf_value=4.858133671964918 -1.4801935626011269 -8.6460791553769791 -9.4602180957794193 5.7297242034565325 1.9858103823661803 -2.4569862924638346 -0.027125359131434171 10.581609676979683 -6.1044523162226527 7.6445753421783458 -6.8210433047750731 7.1629008657792044 -4.0112166769576794 13.507670030593872 2.1468585529327391 -13.94616175442934 1.3260631644207499 -8.9198799180984505 9.967680622282483 -7.7384669184684753 7.7802397842407238 6.1920751876301239 -0.2246251451645474 6.3097842884063731 -9.4192573687609507 -16.626300457545693 6.796280605316162 -1.013481309943729 10.723879795074463 0.84503862599609114
leaf_weight=28 51 28 32 33 20 61 22984 37 31 25 23 34 33 25 25 20 23 20 21 32 25 36 488 20 34 21 25 45 20 771
leaf_count=28 51 28 32 33 20 61 22984 37 31 25 23 34 33 25 25 20 23 20 21 32 25 36 488 20 34 21 25 45 20 771
internal_value=-2.3411e-09 -1.63301 -0.504473 -1.53292 -5.0579 0.417072 0.0132642 2.01274 0.079519 1.5209 0.103377 1.97704 -0.0030279 3.1204 7.82726 -0.0135727 -5.7773 -0.00347411 0.0271349 -1.01476 0.0183638 -0.702483 -0.456821 -0.834957 -1.06806 -4.36085 -1.88418 1.77572 0.010202 1.09482
internal_weight=25071 202 174 146 52 94 24869 201 164 133 108 85 24668 83 50 24585 43 24542 23821 721 23800 689 669 633 613 125 104 70 23775 791
internal_count=25071 202 174 146 52 94 24869 201 164 133 108 85 24668 83 50 24585 43 24542 23821 721 23800 689 669 633 613 125 104 70 23775 791
is_linear=0
shrinkage=0.05


Tree=68
num_leaves=31
num_cat=0
split_feature=141 7 22 0 145 42 22 56 22 17 40 19 12 0 23 34 110 75 4 101 40 138 110 17 114 8 17 60 19 16
split_gain=214095 385588 337943 580131 636784 490531 630036 488826 485117 447820 562904 429619 526343 414775 385466 374799 490836 386779 731114 462676 403909 391612 427023 540126 344140 338175 332017 682482 414590 373461
threshold=76.750000000000014 2560.2500000000005 -886.74999999999989 -855.74999999999989 393.05549621582037 -1241.2499999999998 -592.74999999999989 -1307.2499999999998 -790.74999999999989 -99.749999999999986 696.40509033203136 560.00579833984386 523.98001098632824 969.25000000000011 67.250000000000014 537.43646240234386 512.03503417968761 449.77992248535162 -1174.9499511718748 -212.24999999999997 467.49603271484381 449.77992248535162 414.58963012695318 -630.24999999999989 -110.24999999999999 -46.749999999999993 -60.749999999999993 -897.72000122070301 326.64781188964849 -250.24999999999997
decision_type=2 2 2 2 2 2 2 2 2 2 2 2 2 2 2 2 2 2 2 2 2 2 2 2 2 2 2 2 2 2
left_child=1 2 3 24 -5 6 8 -7 -4 15 11 12 26 14 -13 16 17 20 -19 -20 21 22 -9 -24 -1 -18 27 -11 -29 -30
right_child=-2 -3 5 4 -6 7 -8 9 -10 10 -12 13 -14 -15 -16 -17 25 18 19 -21 -22 -23 23 -25 -26 -27 -28 28 29 -31
leaf_value=-0.40738541818371748 0.096059274582391788 -5.6151858120253593 5.9347573950177157 -2.5283461899558706 -12.644684713795073 -6.7134070421968195 10.257566662935112 0.34139925569725726 -4.5762945260690611 2.7086728894433314 -7.9634968147277831 5.3433254647254946 -7.5980411328948465 8.64481266975403 -4.4733237552642819 5.7226474866271024 -1.5234937348365785 7.3705065353640498 -3.7967001054345104 3.7148869770329171 -6.8237947185337546 7.1093472140175962 -10.416210245518457 -0.15855718986554579 -4.2575443525162955 -8.9624241005290646 -0.3430550070371608 -2.4715036582397789 -13.599755973815917 -4.0529056253887363
leaf_weight=737 17505 33 21 60 21 28 26 2795 23 43 25 20 26 25 20 32 50 56 41 41 20 21 21 33 63 22 3146 76 20 21
leaf_count=737 17505 33 21 60 21 28 26 2795 23 43 25 20 26 25 20 32 50 56 41 41 20 21 21 33 63 22 3146 76 20 21
internal_value=4.59224e-10 -0.222247 -0.198622 -1.11885 -5.1511 -0.0767452 4.08674 -0.121024 0.440344 -0.0928602 -0.488263 -0.433249 -0.511785 3.59262 0.435001 0.339154 0.283582 0.380599 2.96662 -0.0409066 0.257114 0.306458 0.256314 -4.14764 -0.710585 -3.7965 -0.456055 -2.67792 -4.65761 -8.70991
internal_weight=25071 7566 7533 881 81 6652 70 6582 44 6554 3422 3397 3332 65 40 3132 3100 3028 138 82 2890 2870 2849 54 800 72 3306 160 117 41
internal_count=25071 7566 7533 881 81 6652 70 6582 44 6554 3422 3397 3332 65 40 3132 3100 3028 138 82 2890 2870 2849 54 800 72 3306 160 117 41
is_linear=0
shrinkage=0.05


Tree=69
num_leaves=31
num_cat=0
split_feature=105 106 106 99 113 122 89 136 141 50 70 140 128 86 107 99 142 140 136 141 30 136 141 48 35 136 64 71 120 131
split_gain=208760 750282 679216 664458 576357 1.1453e+06 746452 471212 809431 711377 497630 482127 527325 436978 353408 630026 663744 673764 652596 628001 733593 738115 632771 497666 659350 480317 674838 608428 531811 654155
threshold=-913.24999999999989 -244.74999999999997 -339.24999999999994 -739.74999999999989 86.750000000000014 -65.749999999999986 420.31375122070318 204.75000000000003 278.25000000000006 -482.24999999999994 380.25000000000006 65.250000000000014 -1085.7499999999998 -1513.7499999999998 -645.24999999999989 -251.74999999999997 -35.249999999999993 -408.74999999999994 377.25000000000006 155.25000000000003 -932.74999999999989 208.75000000000003 242.75000000000003 1159.5781250000002 99.250000000000014 170.25000000000003 432.75000000000006 497.25000000000006 105.25000000000001 431.49392700195318
decision_type=2 2 2 2 2 2 2 2 2 2 2 2 2 2 2 2 2 2 2 2 2 2 2 2 2 2 2 2 2 2
left_child=1 2 4 -3 5 7 -7 8 10 11 -1 12 -10 -9 15 18 17 -17 25 -19 22 23 -21 24 -22 26 28 -28 -2 -30
right_child=14 3 -4 -5 -6 6 -8 13 9 -11 -12 -13 -14 -15 -16 16 -18 19 -20 20 21 -23 -24 -25 -26 -27 27 -29 29 -31
leaf_value=-0.89932133723924967 0.38501851569125012 -1.5122914919486412 8.7280684375762956 -13.47023042497181 -7.9250160327324499 0.71130867465849856 11.683796977996828 -10.856101521578703 4.0044174232482908 10.994815217971803 -8.8867344939708719 7.8371427583694455 -5.9863351694175178 -0.77255710874285022 -0.04098913872606532 -2.5501729311481602 -5.6568086624145515 1.4163118015540364 7.6311998729048103 16.124961916605631 8.3463175274076917 -2.9747302267286515 5.0610069632530212 11.019080026660648 0.23251680356840931 -2.8570361065653418 9.2412027634107154 -0.32187464977132868 -0.23344243455536759 -5.7374673046716831
leaf_weight=780 1885 26 20 21 26 31 31 22 25 25 20 20 28 21 21030 62 27 283 29 24 42 36 28 28 62 131 39 29 158 82
leaf_count=780 1885 26 20 21 26 31 31 22 25 25 20 20 28 21 21030 62 27 283 29 24 42 36 28 28 62 131 39 29 158 82
internal_value=-6.93043e-09 -0.67481 -0.397901 -6.8552 -0.575276 -0.384754 6.19755 -0.818445 -0.573607 3.71537 -1.09901 1.22241 -1.27372 -5.93158 0.0308485 0.543835 2.00183 2.36782 0.177012 2.97401 4.97778 3.37146 10.1674 5.10224 3.50924 0.083995 0.259679 5.16283 0.102778 -2.11398
internal_weight=25071 1096 1049 47 1029 1003 62 941 898 98 800 73 53 43 23975 2945 592 565 2353 503 220 168 52 132 104 2324 2193 68 2125 240
internal_count=25071 1096 1049 47 1029 1003 62 941 898 98 800 73 53 43 23975 2945 592 565 2353 503 220 168 52 132 104 2324 2193 68 2125 240
is_linear=0
shrinkage=0.05


Tree=70
num_leaves=31
num_cat=0
split_feature=142 50 44 19 63 108 145 80 115 136 50 55 135 127 127 98 109 56 99 5 57 64 101 145 103 36 26 71 93 86
split_gain=209385 494686 865399 687580 884188 840489 604267 453253 424093 601318 1.50728e+06 1.20588e+06 938134 696329 828337 675131 934185 551592 1.15978e+06 855635 712774 593308 539108 535863 657747 735129 811263 493324 675223 641087
threshold=-70.749999999999986 2020.7500000000002 1647.7500000000002 444.00724792480474 2008.0000000000002 1314.0000000000002 724.36727905273449 1402.7500000000002 1651.2500000000002 255.25000000000003 3300.7500000000005 2757.844604492188 -47.749999999999993 -48.249999999999993 91.750000000000014 816.25000000000011 383.61248779296881 1949.7500000000002 1881.0000000000002 674.41351318359386 3167.5000000000005 2063.7500000000005 606.25000000000011 545.15829467773449 570.11660766601574 1672.7500000000002 674.41351318359386 -545.74999999999989 -204.24999999999997 -324.24999999999994
decision_type=2 2 2 2 2 2 2 2 2 2 2 2 2 2 2 2 2 2 2 2 2 2 2 2 2 2 2 2 2 2
left_child=8 2 6 4 -3 -5 7 -2 9 17 11 12 13 -11 -15 16 -16 18 21 20 -19 -1 -23 27 -25 26 -26 -14 29 -29
right_child=1 3 -4 5 -6 -7 -8 -9 -10 10 -12 -13 23 14 15 -17 -18 19 -20 -21 -22 22 -24 24 25 -27 -28 28 -30 -31
leaf_value=-0.01759930263149059 0.1873423793616292 -3.6208837235515769 8.2632462322711948 -1.1415624337318617 7.7449978760310589 -11.983654596679139 8.0233267211914079 3.9983319690710384 4.0092171161893821 2.7147615743720017 -14.751952178478241 10.183272624264163 -6.9471317921366014 -14.443203399357973 -7.8630033657468603 -11.980352247328987 4.8281898449207183 2.4311632817754383 -8.895442436836861 10.044398307800293 -6.662797454833985 -11.10893552614295 -0.50188430023193364 7.7335386276245117 7.0771785054976748 -5.9320100133759643 -2.3221725366332318 0.85264435398525418 -1.4468947348466126 10.188637605580418
leaf_weight=16824 6289 44 34 39 28 33 25 79 63 23 20 24 35 27 29 21 29 156 37 32 25 23 25 38 48 35 44 112 808 22
leaf_count=16824 6289 44 34 39 28 33 25 79 63 23 20 24 35 27 29 21 29 156 37 32 25 23 25 38 48 35 44 112 808 22
internal_value=2.86999e-09 0.242453 0.30739 -2.65584 0.799181 -6.11085 0.265079 0.234621 -0.0861166 -0.100111 -1.13048 -0.920106 -1.12977 -5.1715 -6.88267 -4.2987 -1.51741 -0.0209767 -0.0528284 2.50757 1.17509 -0.0334367 -5.58443 -0.673215 1.96232 0.235501 2.58184 -1.11832 -0.901746 2.38542
internal_weight=25071 6571 6427 144 72 72 6393 6368 18500 18437 1315 1295 1271 129 106 79 58 17122 16909 213 181 16872 48 1142 165 127 92 977 942 134
internal_count=25071 6571 6427 144 72 72 6393 6368 18500 18437 1315 1295 1271 129 106 79 58 17122 16909 213 181 16872 48 1142 165 127 92 977 942 134
is_linear=0
shrinkage=0.05


Tree=71
num_leaves=31
num_cat=0
split_feature=64 30 141 135 81 136 127 144 51 36 31 1 141 54 126 99 72 90 73 23 101 22 78 106 58 1 22 120 73 33
split_gain=209477 912544 880110 1.61772e+06 365720 1.2268e+06 773578 742440 693114 562165 881758 520588 352828 274193 1.21034e+06 1.3797e+06 611187 748388 1.07218e+06 1.06838e+06 920843 784068 581705 734173 664835 600235 644373 550719 525942 480964
threshold=3098.7500000000005 3105.2500000000005 365.25000000000006 92.750000000000014 3883.402465820313 582.75000000000011 887.00000000000011 3394.432495117188 1289.7500000000002 1999.5000000000002 2150.7500000000005 2627.7500000000005 197.25000000000003 624.58282470703136 1041.0000000000002 1618.2500000000002 604.75000000000011 890.20288085937511 406.25000000000006 365.25000000000006 767.25000000000011 931.75000000000011 103.75000000000001 240.25000000000003 -556.24999999999989 -2261.7499999999995 -1778.7499999999998 425.75000000000006 -133.74999999999997 611.19790649414074
decision_type=2 2 2 2 2 2 2 2 2 2 2 2 2 2 2 2 2 2 2 2 2 2 2 2 2 2 2 2 2 2
left_child=1 4 -2 -4 7 6 9 13 -8 11 -11 12 -6 29 15 16 17 19 -19 20 21 22 25 24 -24 -15 -27 -28 -21 -1
right_child=2 -3 3 -5 5 -7 8 -9 -10 10 -12 -13 -14 14 -16 -17 -18 18 -20 28 -22 -23 23 -25 -26 26 27 -29 -30 -31
leaf_value=0.0010110210943469848 9.9650998663019266 -8.8730462444239659 -10.409543494536328 5.7762295748058117 -2.8521139755249028 -9.4626028696695972 15.286307621002198 -9.413848886035737 3.3305469936794712 -8.980840533751028 3.1220251419964962 10.877692976452057 4.6175614392341577 -5.9568143574396775 8.4982743114233017 -11.585739716887474 3.3252017469019508 -16.323511732816694 -0.92494115829467782 12.08686326980591 -11.510657679516337 -10.213683687085691 -13.812695487340292 0.034566784454019443 -3.33451135769123 9.1409720010757436 -0.55493885878296134 6.3394278689793175 1.9227064824104312 2.7098357662739176
leaf_weight=23861 27 29 26 38 25 21 22 21 27 27 34 21 43 30 32 32 74 20 26 20 23 23 24 76 41 25 168 35 35 165
leaf_count=23861 27 29 26 38 25 21 22 21 27 27 34 21 43 30 32 32 74 20 26 20 23 23 24 76 41 25 168 35 35 165
internal_value=-4.54036e-09 -0.00872323 2.39457 -0.799241 0.00157957 2.03118 3.24409 -0.0164752 8.69844 1.46233 -2.23498 3.99645 1.87136 -0.00848871 -0.995618 -1.46158 -0.939039 -1.51698 -7.61997 -0.955501 -1.76805 -1.23705 -0.719605 -3.30208 -7.20338 0.691745 1.56656 0.633745 5.61876 0.019614
internal_weight=25071 24980 91 64 24951 220 199 24731 49 150 61 89 68 24710 684 652 620 546 46 500 445 422 399 141 65 258 228 203 55 24026
internal_count=25071 24980 91 64 24951 220 199 24731 49 150 61 89 68 24710 684 652 620 546 46 500 445 422 399 141 65 258 228 203 55 24026
is_linear=0
shrinkage=0.05


Tree=72
num_leaves=31
num_cat=0
split_feature=114 113 106 56 73 107 106 128 6 127 127 80 99 127 122 4 135 19 103 96 12 138 59 99 110 18 141 97 87 114
split_gain=206422 1.1803e+06 1.13004e+06 654615 831263 483926 767512 720815 730989 542319 901043 904158 718090 677228 516770 538152 483521 508784 552823 577212 950595 796274 507969 625385 447281 471374 396300 1.15651e+06 615558 388140
threshold=-879.24999999999989 55.250000000000007 189.75000000000003 -881.74999999999989 168.25000000000003 -1135.7499999999998 -601.99999999999989 -1022.2499999999999 74.142906188964858 120.25000000000001 255.75000000000003 -623.24999999999989 -272.24999999999994 59.250000000000007 13.750000000000002 -491.50500488281244 -820.24999999999989 696.40509033203136 636.49594116210949 500.19013977050787 455.76057434082037 570.11660766601574 558.25000000000011 -162.74999999999997 414.58963012695318 -2487.839965820312 237.75000000000003 -1883.5717163085935 -1155.7499999999998 -860.24999999999989
decision_type=2 2 2 2 2 2 2 2 2 2 2 2 2 2 2 2 2 2 2 2 2 2 2 2 2 2 2 2 2 2
left_child=1 2 5 -3 -5 6 14 -8 -9 13 11 -11 -12 24 15 26 17 18 19 20 22 -21 23 -2 -7 -26 -1 -28 -29 -18
right_child=16 3 -4 4 -6 9 7 8 -10 10 12 -13 -14 -15 -16 -17 29 -19 -20 21 -22 -23 -24 -25 25 -27 27 28 -30 -31
leaf_value=0.098350430955252963 0.44775436039883321 0.13126372337341308 10.266288108825684 -18.236804175376893 -4.1524331791834399 -0.17471976217711371 -1.7761214825014275 3.5115096330642701 15.852068478720529 -15.083631324768067 5.6463603456105504 -2.7025483576456706 -6.4249400897459559 5.6844906399124548 7.6449422836303711 -2.0645882978696717 3.220389923897196 -3.9838920938557596 10.397024001245914 -8.4664774417877204 12.035904238963951 3.1573952506570255 -5.3575828886032113 9.4667168485707247 -8.3085896246773867 -1.9889502875031309 -2.8749089032411579 16.080534455776213 3.6753100061416628 0.00094746526676237107
leaf_weight=315 57 20 25 20 22 391 24 28 21 29 28 30 22 38 21 264 94 29 23 26 29 34 20 29 35 188 32 20 20 23137
leaf_count=315 57 20 25 20 22 391 24 28 21 29 28 30 22 38 21 264 94 29 23 26 29 34 20 29 35 188 32 20 20 23137
internal_value=4.53365e-09 -0.550789 -0.276905 -7.31394 -10.8593 -0.451925 0.453935 5.32313 8.80032 -1.33874 -4.60323 -8.78817 0.334988 -0.792988 -0.0750109 -0.324042 0.0373714 2.23793 3.0656 2.20087 4.01442 -1.87962 1.81986 3.48903 -1.19387 -2.98082 0.863308 4.21 9.87792 0.0139744
internal_weight=25071 1593 1531 62 42 1506 745 73 49 761 109 59 50 652 672 651 23478 247 218 195 135 60 106 86 614 223 387 72 40 23231
internal_count=25071 1593 1531 62 42 1506 745 73 49 761 109 59 50 652 672 651 23478 247 218 195 135 60 106 86 614 223 387 72 40 23231
is_linear=0
shrinkage=0.05


Tree=73
num_leaves=31
num_cat=0
split_feature=129 92 85 119 96 96 121 31 90 84 31 136 103 135 145 85 6 47 54 35 36 98 44 45 12 2 37 10 93 92
split_gain=203536 957619 1.29231e+06 875592 765548 574498 569557 533002 1.06286e+06 480759 874582 771605 1.44551e+06 722349 1.14958e+06 653284 698690 649323 1.01992e+06 981971 942638 828305 999086 936531 822182 708255 749929 696625 664243 841285
threshold=88.250000000000014 1550.5000000000002 1638.5000000000002 360.25000000000006 469.80149841308599 500.19013977050787 60.250000000000007 2049.2500000000005 1456.7039184570315 -297.74999999999994 737.75000000000011 -312.74999999999994 636.49594116210949 -1289.4999999999998 879.99746704101574 -41.749999999999993 710.01922607421886 455.76057434082037 624.58282470703136 355.25000000000006 1999.5000000000002 528.75000000000011 387.25000000000006 400.25000000000006 476.75883483886724 50.250000000000007 1065.2500000000002 10.250000000000002 586.25000000000011 785.25000000000011
decision_type=2 2 2 2 2 2 2 2 2 2 2 2 2 2 2 2 2 2 2 2 2 2 2 2 2 2 2 2 2 2
left_child=1 6 -3 5 -5 -4 9 8 -8 10 15 -12 -13 -11 17 -1 -17 -15 21 27 -21 22 23 -19 -25 -24 -27 -20 29 -23
right_child=-2 2 3 4 -6 -7 7 -9 -10 13 11 12 -14 14 -16 16 -18 18 19 20 -22 28 25 24 -26 26 -28 -29 -30 -31
leaf_value=-0.1184336839952108 0.195013895005343 -15.45585379600525 -1.2159897494316103 -4.4323596477508547 6.9201796444979582 -12.690126411120097 -0.99633505068074568 6.2714403430620829 -9.8391615138735098 -9.2245109319686893 3.5083235087602036 -3.2576455917479339 -18.239589918227423 0.10877932007248825 12.262168703079224 -1.7983974187913603 -10.695313251018526 1.952261011702431 -2.3878432740930653 4.6520991123897932 -7.1931277518922627 1.5869082868099214 6.1583872985839854 17.03028015971184 4.0272889506432321 -7.8758779266424348 0.99086043340403851 -11.693880221048992 1.2720036531749526 13.561920836838809
leaf_weight=6219 8724 22 20 27 33 24 1167 24 35 20 23 69 21 7447 20 274 24 421 61 71 22 22 20 20 31 57 41 30 38 44
leaf_count=6219 8724 22 20 27 33 24 1167 24 35 20 23 69 21 7447 20 274 24 421 61 71 22 22 20 20 31 57 41 30 38 44
internal_value=-1.98859e-09 -0.104074 -4.44619 -2.11722 1.81154 -7.47461 -0.070346 -1.10651 -1.25382 0.0143713 -0.303636 -4.66476 -6.75343 0.26642 0.289166 -0.228017 -2.51493 0.260402 1.54643 -1.76318 1.85 2.42391 1.69868 2.72744 9.1265 -2.41637 -4.16632 -5.45577 6.5382 9.57025
internal_weight=25071 16347 126 104 60 44 16221 1226 1202 14995 6630 113 90 8365 8345 6517 298 8325 878 184 93 694 590 472 51 118 98 91 104 66
internal_count=25071 16347 126 104 60 44 16221 1226 1202 14995 6630 113 90 8365 8345 6517 298 8325 878 184 93 694 590 472 51 118 98 91 104 66
is_linear=0
shrinkage=0.05


Tree=74
num_leaves=31
num_cat=0
split_feature=142 140 82 117 55 94 107 94 21 136 122 113 17 2 17 62 23 106 125 10 92 23 26 15 99 7 44 86 142 36
split_gain=197515 268258 371451 498822 221258 1.06716e+06 1.1782e+06 862240 420979 710717 588384 422838 300117 761255 663832 721348 793936 782535 1.03887e+06 669642 625637 709205 606079 570700 614765 574722 527096 589941 515413 491610
threshold=-7.2499999999999991 220.25000000000003 458.16539001464849 376.08583068847662 3539.723999023438 1922.2500000000002 1600.2500000000002 904.75000000000011 2895.0000000000005 290.25000000000006 200.25000000000003 1999.0000000000002 1681.2500000000002 875.25000000000011 845.25000000000011 158.33746337890628 505.50000000000006 1519.2500000000002 1374.8111572265627 959.75000000000011 -4.2499999999999991 402.75000000000006 377.54750061035162 1018.2500000000001 546.75000000000011 665.25000000000011 320.50000000000006 475.25000000000006 -229.74999999999997 1672.7500000000002
decision_type=2 2 2 2 2 2 2 2 2 2 2 2 2 2 2 2 2 2 2 2 2 2 2 2 2 2 2 2 2 2
left_child=4 2 3 -2 8 7 -7 -6 11 10 -10 12 14 -14 23 -16 20 18 29 -19 -17 28 -23 -1 25 -25 -26 -28 -22 -18
right_child=1 -3 -4 -5 5 6 -8 -9 9 -11 -12 -13 13 -15 15 16 17 19 -20 -21 21 22 -24 24 26 -27 27 -29 -30 -31
leaf_value=0.0030868079030088418 -0.10439845689644034 2.5402449655804342 -6.283856051308768 5.8933286805947631 0.28662056922912599 -12.320720124244691 3.9609911041259767 13.201823806762697 -6.2954927645623684 -10.066402164527348 3.9935527657017569 5.3228436998418864 9.8181723926378339 0.61363930522295762 7.8594965696334844 -9.8348051027247791 -0.32380296965255312 -12.779324427517977 10.873676905632019 -2.7787530122484481 7.1142644337245402 -0.55828091979026795 -11.872343633914817 6.9333003589085171 9.5194057391240054 -0.781928827558245 -2.4722601632277175 5.4433634775526389 -2.0276565901164352 -2.5323466488624211
leaf_weight=20089 312 177 21 39 24 20 25 28 24 28 33 37 23 962 24 38 2298 22 20 70 21 20 29 28 39 175 36 68 58 283
leaf_count=20089 312 177 21 39 24 20 25 28 24 28 33 37 23 962 24 38 2298 22 20 70 21 20 29 28 39 175 36 68 58 283
internal_value=2.53263e-09 0.937941 0.175555 0.562016 -0.0209987 2.36227 -3.27532 7.24096 -0.0304635 -3.5431 -0.338677 -0.0181966 -0.0263281 0.828567 -0.0624406 -0.772702 -0.845166 -0.638298 -0.478001 -5.17019 -4.20115 -2.52866 -7.25436 0.0377641 2.05115 0.282241 4.56227 2.70334 0.402474 -0.565964
internal_weight=25071 549 372 351 24522 97 45 52 24425 85 57 24340 24303 985 23318 2883 2859 2693 2601 92 166 128 49 20435 346 203 143 104 79 2581
internal_count=25071 549 372 351 24522 97 45 52 24425 85 57 24340 24303 985 23318 2883 2859 2693 2601 92 166 128 49 20435 346 203 143 104 79 2581
is_linear=0
shrinkage=0.05


Tree=75
num_leaves=31
num_cat=0
split_feature=4 139 75 5 5 140 30 93 100 100 93 139 58 8 21 142 82 5 12 107 105 122 59 52 86 119 19 96 45 13
split_gain=192130 444481 417801 1.1607e+06 436052 418786 632649 482783 570480 988530 514819 718740 522848 457016 571014 439713 506854 561895 377313 415333 695103 492980 406711 547634 535614 533670 493520 461683 390960 417054
threshold=-2228.9274902343745 -1531.6849365234373 274.30448913574224 275.32382202148443 257.56332397460943 303.75000000000006 -366.74999999999994 673.75000000000011 -69.749999999999986 -32.249999999999993 -208.74999999999997 -287.51052856445307 -617.24999999999989 530.75000000000011 -122.24999999999999 -349.74999999999994 398.78779602050787 338.19935607910162 270.83203125000006 -1173.9999999999998 -942.74999999999989 -324.74999999999994 -544.24999999999989 -340.74999999999994 -1090.7499999999998 -52.249999999999993 393.05549621582037 329.70127868652349 -1077.2499999999998 -1887.6618041992185
decision_type=2 2 2 2 2 2 2 2 2 2 2 2 2 2 2 2 2 2 2 2 2 2 2 2 2 2 2 2 2 2
left_child=2 -2 3 4 -1 7 -7 8 10 -10 13 12 -12 14 18 -11 17 -17 -4 21 -21 28 24 25 26 -24 -22 -25 29 -20
right_child=1 -3 5 -5 -6 6 -8 -9 9 15 11 -13 -14 -15 -16 16 -18 -19 19 20 22 -23 23 27 -26 -27 -28 -29 -30 -31
leaf_value=-3.0325854045241627 -5.9469932479243131 0.044051828452736801 5.1088945672429844 -14.406088647842408 5.2246304035186775 6.2918194046726938 -3.2013853568297166 -7.8610881978815259 12.372106979006814 7.3088058471679691 -4.0821408501581145 0.44836277645461414 -13.633536608322808 -6.7769209099667407 6.168717715956948 -0.45994972309895926 -3.4745823532342914 8.2149429802383693 1.0855331045389176 -6.841962317466737 -5.1865645211863232 8.2544557253519706 -3.061150240994269 5.627672726767404 0.91567881310611599 -11.046129526915374 0.20293096831475183 -2.0887042548921371 5.8863042534708434 -5.7457448624795484
leaf_weight=67 31 23440 29 20 21 54 26 22 21 23 38 49 23 28 33 56 64 28 80 50 83 24 93 28 405 27 87 63 27 31
leaf_count=67 31 23440 29 20 21 54 26 22 21 23 38 49 23 28 33 56 64 28 80 50 83 24 93 28 405 27 87 63 27 31
internal_value=-3.84634e-09 0.036139 -0.530136 -3.53322 -1.06211 -0.312755 3.20653 -0.512148 -0.395834 2.1344 -0.801347 -4.06112 -7.68349 -0.471774 -0.305223 0.877137 -0.122379 2.43168 -0.513247 -0.676616 -1.12563 1.6405 -0.761992 -2.63955 -0.0730086 -4.85777 -2.42841 0.285566 0.490252 -0.822301
internal_weight=25071 23471 1600 108 88 1492 80 1412 1390 192 1198 110 61 1088 1060 171 148 84 1027 998 836 162 786 211 575 120 170 91 138 111
internal_count=25071 23471 1600 108 88 1492 80 1412 1390 192 1198 110 61 1088 1060 171 148 84 1027 998 836 162 786 211 575 120 170 91 138 111
is_linear=0
shrinkage=0.05


Tree=76
num_leaves=31
num_cat=0
split_feature=141 5 128 0 1 40 44 79 57 19 26 19 145 24 70 135 75 129 6 115 112 118 37 108 12 46 93 58 77 78
split_gain=185989 379148 425319 446283 357860 440701 688618 496386 638724 537322 462344 446558 353607 404081 619961 352858 341620 329554 311230 265163 258647 758463 1.26568e+06 541568 531238 518473 748775 505898 782000 1.22892e+06
threshold=40.250000000000007 624.58282470703136 -527.74999999999989 1589.5000000000002 -1814.7499999999998 426.99803161621099 -1435.7499999999998 -991.24999999999989 965.75000000000011 505.92158508300787 487.39910888671881 461.08456420898443 467.49603271484381 1860.5000000000002 1008.5000000000001 -312.74999999999994 449.77992248535162 104.25000000000001 1013.6602783203126 127.25000000000001 -129.74999999999997 -1164.9083251953123 -2275.2499999999995 -108.74999999999999 354.83998107910162 -3275.912475585937 65.250000000000014 1517.2500000000002 904.75000000000011 902.75000000000011
decision_type=2 2 2 2 2 2 2 2 2 2 2 2 2 2 2 2 2 2 2 2 2 2 2 2 2 2 2 2 2 2
left_child=1 2 3 15 -4 12 -7 -8 9 10 11 16 13 14 -6 -1 -9 19 -3 -16 27 -22 -23 24 -24 26 -25 28 29 -2
right_child=20 18 4 -5 5 6 7 8 -10 -11 -12 -13 -14 -15 17 -17 -18 -19 -20 -21 21 22 23 25 -26 -27 -28 -29 -30 -31
leaf_value=-0.84276482999208846 0.31289785134910236 1.1726327127598701 -6.2316609849532449 -8.1383282241821302 -0.15279170641273651 10.940949514657261 -6.0631186099279502 3.2490262325604755 -4.7895866359983179 -1.661823996982059 12.189298086166382 -1.0145621315125497 -6.8944038879871377 6.6872842653876265 -3.5528751243244523 -4.451891457270353 11.685310778617859 -0.11998355284981106 8.6196765863895433 -11.231034324480142 6.6289016207059221 -11.57268107732137 -0.71118535170952479 -10.765348480365894 -4.6243702498371482 -0.0019829386911399327 1.3725404580434164 -5.8079001132179719 4.9386624866061739 -6.0343528698017073
leaf_weight=514 7924 47 24 25 2609 20 21 30 28 37 20 31 20 21 22 78 20 23 20 23 42 24 300 27 122 12774 24 34 90 77
leaf_count=514 7924 47 24 25 2609 20 21 30 28 37 20 31 20 21 22 78 20 23 20 23 42 24 300 27 122 12774 24 34 90 77
internal_value=2.40041e-10 -0.330816 -0.400831 -1.59463 -0.15106 -0.101168 2.12275 1.17963 2.09588 3.49293 5.3813 3.70032 -0.270539 -0.221437 -0.275633 -1.31829 6.62354 -4.98877 3.39563 -7.47727 0.0560619 -0.0796149 -0.100846 -0.0800621 -1.84249 -0.0220704 -5.0534 0.278371 0.303947 0.251813
internal_weight=25071 3633 3566 617 2949 2925 207 187 166 138 101 81 2718 2698 2677 592 50 68 67 45 21438 13313 13271 13247 422 12825 51 8125 8091 8001
internal_count=25071 3633 3566 617 2949 2925 207 187 166 138 101 81 2718 2698 2677 592 50 68 67 45 21438 13313 13271 13247 422 12825 51 8125 8091 8001
is_linear=0
shrinkage=0.05


Tree=77
num_leaves=31
num_cat=0
split_feature=141 6 126 114 115 113 5 19 131 136 121 126 114 86 115 37 40 114 112 6 127 75 36 127 112 129 142 119 121 141
split_gain=183414 593772 625685 1.19836e+06 663623 883445 551082 681185 533804 586896 509514 918087 864896 864414 705486 579763 570646 1.0125e+06 562919 481703 844729 462860 613185 667613 510370 451552 523839 449233 569329 563385
threshold=152.25000000000003 1075.4324951171877 -84.749999999999986 -485.74999999999994 879.50000000000011 1152.5000000000002 570.11660766601574 491.92401123046881 674.41351318359386 -284.74999999999994 -924.74999999999989 -701.74999999999989 -1181.7499999999998 -1449.2499999999998 -619.74999999999989 -2503.7499999999995 552.32839965820324 -1139.7499999999998 -551.49999999999989 1055.0736083984377 182.25000000000003 414.58963012695318 1397.0000000000002 341.25000000000006 -78.749999999999986 -9.7499999999999982 -92.249999999999986 410.25000000000006 285.25000000000006 114.25000000000001
decision_type=2 2 2 2 2 2 2 2 2 2 2 2 2 2 2 2 2 2 2 2 2 2 2 2 2 2 2 2 2 2
left_child=1 19 8 -4 5 6 7 21 -3 -10 11 14 13 -12 25 18 -13 -18 -14 27 -21 24 23 -23 -5 26 -2 28 -1 -30
right_child=10 2 3 4 -6 -7 -8 -9 9 -11 12 16 15 -15 -16 -17 17 -19 -20 20 -22 22 -24 -25 -26 -27 -28 -29 29 -31
leaf_value=0.076437508399671852 -0.95012602049929018 -1.9724284797914557 9.3553380943594444 -5.232932724617422 -5.4342019490341649 9.8538307621365515 5.5570222735404968 -8.0349896392514619 -1.7839622700214386 -13.751860463051569 -14.416011905670167 2.70910422522971 -11.174283742904663 -1.5738505932845568 6.6852515032162545 0.15005427842421426 15.483977186268774 1.6004451135794324 -0.96759071746042802 -0.17301186323165896 12.262974114851518 2.1928581584583631 -1.2568929153103983 13.028457716178327 -0.56993209358567587 -7.3816279286923621 6.0170252651937552 -1.20371647306514 -1.5545158415398701 -11.574016475677491
leaf_weight=12074 208 485 31 64 67 21 36 31 20 21 20 94 22 38 37 9944 29 24 35 36 22 44 62 21 706 23 31 758 47 20
leaf_count=12074 208 485 31 64 67 21 36 31 20 21 20 94 22 38 37 9944 29 24 35 36 22 44 62 21 706 23 31 758 47 20
internal_value=-4.93036e-10 -0.114849 -1.02076 -0.333611 -0.619122 -0.291599 -0.51261 -0.748069 -2.43554 -7.91386 0.159247 1.81296 0.0859244 -6.00218 0.222336 0.121232 5.04831 9.19709 -4.90702 -0.00235365 4.54409 -0.496236 2.30044 5.69359 -0.957506 -0.690366 -0.0464369 -0.0227966 0.0509319 -4.54541
internal_weight=25071 14566 1609 1083 1052 985 964 928 526 41 10505 446 10059 58 299 10001 147 53 57 12957 58 897 127 65 770 262 239 12899 12141 67
internal_count=25071 14566 1609 1083 1052 985 964 928 526 41 10505 446 10059 58 299 10001 147 53 57 12957 58 897 127 65 770 262 239 12899 12141 67
is_linear=0
shrinkage=0.05


Tree=78
num_leaves=31
num_cat=0
split_feature=79 99 128 122 91 82 58 145 40 128 78 90 112 45 94 136 72 52 58 51 33 72 138 64 126 63 33 15 30 94
split_gain=182682 1.08943e+06 746026 695705 535012 586959 543651 743745 514302 718569 888232 597953 557915 519780 539704 794391 437227 415785 706350 723237 802266 641782 810526 685111 589768 544071 532234 530014 809971 729574
threshold=-684.74999999999989 900.25000000000011 470.50000000000006 -1085.2499999999998 -895.49999999999989 1045.2505493164065 -634.74999999999989 1045.2505493164065 394.21360778808599 -694.74999999999989 -17.749999999999996 -1276.8154296874998 289.75000000000006 -56.749999999999993 144.25000000000003 -37.249999999999993 -132.74999999999997 -248.24999999999997 -174.24999999999997 -249.24999999999997 611.19790649414074 313.75000000000006 505.92158508300787 85.250000000000014 -894.24999999999989 13.750000000000002 560.00579833984386 -488.24999999999994 -779.24999999999989 -99.749999999999986
decision_type=2 2 2 2 2 2 2 2 2 2 2 2 2 2 2 2 2 2 2 2 2 2 2 2 2 2 2 2 2 2
left_child=1 2 16 -2 -5 6 8 17 -6 10 -10 -11 13 14 -13 -16 -1 21 -19 20 -20 22 23 -8 -21 27 -24 29 -29 -25
right_child=3 -3 -4 4 5 -7 7 -9 9 11 -12 12 -14 -15 15 -17 -18 18 19 24 -22 -23 26 25 -26 -27 -28 28 -30 -31
leaf_value=-0.21155027049614114 -8.1032072727496818 -11.117607589389968 9.426427786350251 -5.6245727335534452 0.33213495050706898 6.6568562938886533 -0.2943787917106182 -9.6530534839630135 2.8004821911454201 -4.597933195318495 -8.3065243040108019 2.47936565434222 6.1394080167061817 9.1431618289947512 4.0268234031541006 -7.0117591637831467 -5.8184866659981864 0.82359868617043019 -1.496743562034389 8.1932478931817148 -11.061222793744959 -8.8865746933480967 11.380546648606011 -13.267085761229197 -0.0013125134400263317 0.62884919446768217 1.1154363972800119 5.6082134104200776 -3.5931961082467221 -3.6339783509572352
leaf_weight=5274 26 23 20 41 1733 34 2296 20 36 28 36 369 107 25 28 39 35 2745 469 22 23 23 23 30 11192 97 28 28 164 57
leaf_count=5274 26 23 20 41 1733 34 2296 20 36 28 36 369 107 25 28 39 35 2745 469 22 23 23 23 30 11192 97 28 28 164 57
internal_value=-1.87557e-09 -0.259069 -0.212204 0.0703149 0.0811061 0.0930099 0.0816341 -0.0166584 0.786466 1.96514 -2.75302 2.53512 2.88675 2.13179 1.72977 -2.39862 -0.248514 -0.0054513 0.10172 -0.0675567 -1.94386 -0.569448 -0.499197 -0.618375 0.0147638 -2.59682 5.7448 -3.71829 -2.25132 -6.95574
internal_weight=25071 5352 5329 19719 19693 19652 19618 17217 2401 668 72 596 568 461 436 67 5309 17197 14451 11706 492 2746 2723 2672 11214 376 51 279 192 87
internal_count=25071 5352 5329 19719 19693 19652 19618 17217 2401 668 72 596 568 461 436 67 5309 17197 14451 11706 492 2746 2723 2672 11214 376 51 279 192 87
is_linear=0
shrinkage=0.05


Tree=79
num_leaves=31
num_cat=0
split_feature=84 37 19 33 40 120 126 142 141 92 47 112 128 16 82 107 142 30 86 131 27 122 114 92 61 91 50 134 17 15
split_gain=185165 617770 1.03699e+06 1.25629e+06 896232 846094 1.10574e+06 1.17733e+06 948134 492119 1.60679e+06 1.27555e+06 1.48506e+06 1.18825e+06 1.04733e+06 890435 802563 702312 670115 540005 489805 538425 464036 444940 689875 600859 565449 437545 293412 384609
threshold=1871.7500000000002 1065.2500000000002 467.49603271484381 483.63320922851568 441.63258361816412 843.75000000000011 789.50000000000011 -68.749999999999986 524.75000000000011 1550.5000000000002 420.31375122070318 1426.0000000000002 -147.74999999999997 403.75000000000006 560.00579833984386 678.75000000000011 -168.24999999999997 2543.7500000000005 1035.5000000000002 447.01040649414068 1586.0683593750002 909.00000000000011 -125.74999999999999 1495.5000000000002 496.07127380371099 1382.7500000000002 1578.2500000000002 539.25000000000011 2885.5000000000005 2525.7500000000005
decision_type=2 2 2 2 2 2 2 2 2 2 2 2 2 2 2 2 2 2 2 2 2 2 2 2 2 2 2 2 2 2
left_child=9 -2 4 -4 20 -5 -7 8 -8 17 18 12 -12 -14 -13 -15 -17 23 -11 -20 -3 -22 -19 25 27 28 -27 -25 29 -1
right_child=1 2 3 5 -6 6 7 -9 -10 10 11 14 13 15 -16 16 -18 22 19 -21 21 -23 -24 24 -26 26 -28 -29 -30 -31
leaf_value=-0.011505676601425274 8.0661119445164999 8.1750207196111262 -13.980658884048461 -9.5114199422654657 13.734334238767625 11.709285436357771 -4.9890422837300736 -10.69070550047833 8.6767457993825285 9.1987761551436673 -18.517670143567599 -7.3028114421027048 3.4373419103951295 -0.53906329770882921 7.067434167861939 -19.138740216130795 -6.5334833996636537 11.693096635341645 1.507527825680185 -6.2109595651979808 3.3959972974416375 -6.2199308911959328 2.240146392100566 4.9396413936759487 11.48757161185855 -0.54153177340825398 -11.776130222138905 -3.4785956645834037 -5.646021531975788 2.5625417627700386
leaf_weight=24071 30 23 20 21 20 21 22 23 30 24 26 21 29 24 32 23 28 20 141 27 37 24 37 33 21 24 21 29 23 146
leaf_count=24071 30 23 20 21 20 21 22 23 30 24 26 21 29 24 32 23 28 20 141 27 37 24 37 33 21 24 21 29 23 146
internal_value=-3.5999e-09 1.29988 0.457614 -2.40001 4.22198 -0.420407 1.56825 -1.27124 2.89507 -0.0142044 -1.81175 -5.16417 -7.82956 -5.15753 1.37356 -8.48088 -12.2182 0.0133936 1.38352 0.267057 1.95713 -0.387319 5.55697 0.000426455 3.65503 -0.0120641 -5.78434 1.00208 -0.00134821 0.0040128
internal_weight=25071 271 241 137 104 117 96 75 52 24800 375 183 130 104 53 75 51 24425 192 168 84 61 57 24368 83 24285 45 62 24240 24217
internal_count=25071 271 241 137 104 117 96 75 52 24800 375 183 130 104 53 75 51 24425 192 168 84 61 57 24368 83 24285 45 62 24240 24217
is_linear=0
shrinkage=0.05


Tree=80
num_leaves=31
num_cat=0
split_feature=32 111 108 112 30 107 107 66 50 55 94 140 112 8 116 82 136 140 8 142 65 19 136 38 44 2 142 142 142 96
split_gain=180493 529036 717055 552693 654755 472600 1.00798e+06 996182 495682 745645 657327 610162 556187 529637 468146 872545 480630 446519 448917 893871 873334 1.02263e+06 897646 899093 952116 603382 1.02129e+06 670315 845183 826251
threshold=1984.3750000000002 2081.2265625000005 1426.5000000000002 1307.7500000000002 1213.2500000000002 -1687.7499999999998 -1355.4999999999998 -499.74999999999994 -419.24999999999994 -312.87147521972651 -18.249999999999996 -212.24999999999997 -839.74999999999989 262.75000000000006 1647.3250122070315 461.08456420898443 -605.49999999999989 -474.74999999999994 646.75000000000011 -328.74999999999994 -26.249999999999996 879.99746704101574 -137.74999999999997 -57.249999999999993 -147.24999999999997 3518.7500000000005 -554.24999999999989 -362.24999999999994 -306.74999999999994 480.18733215332037
decision_type=2 2 2 2 2 2 2 2 2 2 2 2 2 2 2 2 2 2 2 2 2 2 2 2 2 2 2 2 2 2
left_child=1 2 3 -1 -5 7 -7 -2 10 -10 11 -8 -11 -13 15 -14 -16 -18 19 -19 22 25 -20 -24 -25 26 -22 -28 29 -29
right_child=5 -3 -4 4 -6 6 8 -9 9 12 -12 13 14 -15 16 -17 17 18 20 -21 21 -23 23 24 -26 -27 27 28 -30 -31
leaf_value=-0.041080424912652534 1.0855027229496927 -7.6224625545999274 4.3459174765374078 -10.054662494361402 0.67792255172023075 9.6296155039469404 -8.07495605837215 -13.056314905881884 9.7343478961424399 -7.0866624593734748 -9.9546403417587292 4.2218258757591256 13.310440394505859 -5.4055568343400964 6.2738352843693335 -1.4589993667602539 -6.4152565399805717 4.8801509760893316 -2.570141365463761 -2.2190548649113437 -8.9178425131172983 -7.3371816385359994 -2.2371267155293495 16.988881563004991 5.4187926068388181 5.5296414258116391 4.4001576827253617 -1.6617372093200684 0.56332278453336215 -13.686460313796998
leaf_weight=22546 33 23 93 30 27 30 22 20 22 24 25 50 20 20 35 20 24 52 44 301 29 42 31 21 116 59 105 50 1137 20
leaf_count=22546 33 23 93 30 27 30 22 20 22 24 25 50 20 20 35 20 24 52 44 301 29 42 31 21 116 59 105 50 1137 20
internal_value=-3.68265e-09 -0.0431657 -0.0354849 -0.0535122 -4.97081 0.416956 0.52457 -4.25103 0.404186 0.576502 -2.76526 -0.811618 0.481914 1.47115 0.568166 5.92572 0.464438 0.364325 0.445396 -1.17328 0.790857 0.350325 3.78731 5.45235 7.19231 0.58095 0.363222 0.568368 0.235031 -5.09737
internal_weight=25071 22719 22696 22603 57 2352 2299 53 2269 2152 117 92 2130 70 2106 40 2066 2031 2007 353 1654 1442 212 168 137 1400 1341 1312 1207 70
internal_count=25071 22719 22696 22603 57 2352 2299 53 2269 2152 117 92 2130 70 2106 40 2066 2031 2007 353 1654 1442 212 168 137 1400 1341 1312 1207 70
is_linear=0
shrinkage=0.05


Tree=81
num_leaves=31
num_cat=0
split_feature=64 30 141 135 81 136 127 144 51 80 72 44 92 76 54 126 99 79 106 35 110 23 22 90 106 115 78 71 120 1
split_gain=178035 811731 795299 1.42526e+06 339408 1.07418e+06 631705 613096 595615 472896 626743 606725 327060 325094 219911 1.01942e+06 1.1926e+06 512422 1.22053e+06 1.00479e+06 785629 742557 643870 630422 614690 558439 508996 591564 646258 551923
threshold=3098.7500000000005 3105.2500000000005 365.25000000000006 92.750000000000014 3883.402465820313 582.75000000000011 887.00000000000011 3394.432495117188 1289.7500000000002 1293.2500000000002 630.25000000000011 1259.2500000000002 1550.5000000000002 1187.4548339843752 624.58282470703136 1041.0000000000002 1618.2500000000002 429.75000000000006 1033.7500000000002 1456.0000000000002 624.58282470703136 365.25000000000006 995.25000000000011 648.52340698242199 788.75000000000011 286.25000000000006 103.75000000000001 177.75000000000003 12.750000000000002 1104.7500000000002
decision_type=2 2 2 2 2 2 2 2 2 2 2 2 2 2 2 2 2 2 2 2 2 2 2 2 2 2 2 2 2 2
left_child=1 4 -2 -4 7 6 9 14 -8 10 11 13 -11 -6 -1 16 17 18 19 21 -19 22 24 -23 25 26 29 -28 -29 -16
right_child=2 -3 3 -5 5 -7 8 -9 -10 12 -12 -13 -14 -15 15 -17 -18 20 -20 -21 -22 23 -24 -25 -26 -27 27 28 -30 -31
leaf_value=0.016707227365338233 9.404084156177662 -8.3683968356971086 -9.8490107252047618 5.3434783370871299 0.093251373690943565 -8.7982092357817159 14.127701728994197 -8.5553717295328777 3.044695896572537 -7.6950171470642097 8.5857628878619945 -6.6501917952582943 1.3473833841457965 8.0405630111694339 -0.42473435942596049 7.8204916391521699 -10.732838290184738 -3.621811976152308 -12.715329834170964 -10.917380168040594 5.8091236977823195 9.9184240587552406 -9.4730775356292725 -0.83227152824401862 -8.4441515028476726 4.8459434608618421 -9.8023065823316582 -7.1496850354330874 2.8066398825400913 8.0786247696195339
leaf_weight=24026 27 29 26 38 31 21 22 21 27 20 36 21 20 22 209 32 32 34 23 24 63 30 22 25 24 48 30 28 39 21
leaf_count=24026 27 29 26 38 31 21 22 21 27 20 36 21 20 22 209 32 32 34 23 24 63 30 22 25 24 48 30 28 39 21
internal_value=-1.99565e-09 -0.00804196 2.20756 -0.82847 0.00167509 1.9569 3.09186 -0.015718 8.02074 1.48176 3.1747 0.542286 -3.17382 3.39214 -0.00846053 -0.892496 -1.32013 -0.83431 -1.45336 -0.935306 2.50343 -0.432008 -1.1458 5.03174 -0.686652 -0.190172 -0.929418 -3.96702 -1.35421 0.351659
internal_weight=25071 24980 91 64 24951 220 199 24731 49 150 110 74 40 53 24710 684 652 620 523 500 97 476 421 55 399 375 327 97 67 230
internal_count=25071 24980 91 64 24951 220 199 24731 49 150 110 74 40 53 24710 684 652 620 523 500 97 476 421 55 399 375 327 97 67 230
is_linear=0
shrinkage=0.05


Tree=82
num_leaves=31
num_cat=0
split_feature=14 132 5 119 111 85 78 24 80 64 59 43 99 29 132 22 135 135 11 134 94 100 13 7 127 107 45 90 78 82
split_gain=177767 777887 1.23018e+06 1.26516e+06 1.3817e+06 1.41895e+06 774956 706044 819924 803041 764488 1.30158e+06 658139 613914 595258 554281 515145 668381 918895 557615 509118 535022 492883 537349 484270 462728 721409 841289 714246 593497
threshold=-37.749999999999993 -279.95457458496088 416.59812927246099 -692.24999999999989 -378.00741577148432 -506.24999999999994 -770.74999999999989 -78.249999999999986 1025.2500000000002 432.75000000000006 326.75000000000006 477.25000000000006 1055.2500000000002 533.25000000000011 -619.10583496093739 311.25000000000006 -1092.2499999999998 -914.74999999999989 2178.174926757813 -325.24999999999994 -1049.7499999999998 -1186.7499999999998 -58.579738616943352 -259.74999999999994 -439.74999999999994 -781.99999999999989 1172.2500000000002 -43.273992538452141 -257.74999999999994 1045.2505493164065
decision_type=2 2 2 2 2 2 2 2 2 2 2 2 2 2 2 2 2 2 2 2 2 2 2 2 2 2 2 2 2 2
left_child=7 2 14 -4 5 -5 -3 8 12 13 11 15 -1 -9 -2 -11 19 18 -18 -8 -19 -22 23 -15 -23 26 27 -26 -29 -27
right_child=1 6 3 4 -6 -7 16 9 -10 10 -12 -13 -14 22 -16 -17 17 20 -20 -21 21 24 -24 -25 25 29 -28 28 -30 -31
leaf_value=-0.00038907122539240456 7.9014450693130502 8.3994661825674566 -0.92719427913427355 -14.304492377422074 -19.693528373153121 3.6534867503426294 -11.626803050041199 1.5764941074039849 9.0378609677553179 -3.2078659383455914 0.55349185633754672 -12.541276752587521 -5.4832773858850654 4.4789491611978285 -1.0452916619678339 6.2304024832589286 -0.30840380893034092 6.901696725992057 12.046700850239507 -0.69570054326738628 -6.105741279189651 4.5547510670764106 0.34588983058929446 15.685021276473998 8.7809390131632483 -0.16630029937001176 9.6488669412476682 -5.7802617726678207 1.6426336977539995 8.2471168608892533
leaf_weight=11218 20 27 60 22 27 22 20 1021 25 60 344 33 55 23 264 21 34 26 27 28 37 56 21 20 30 11314 28 44 123 21
leaf_count=11218 20 27 60 22 27 22 20 1021 25 60 344 33 55 23 264 21 34 26 27 28 37 56 21 20 30 11314 28 44 123 21
internal_value=4.02686e-09 -0.136426 -2.26411 -6.27236 -10.7894 -5.3255 -0.0616911 0.129934 -0.00708075 1.13317 -0.622477 -4.17101 -0.0271396 1.87427 -0.41524 -0.760907 -0.0810711 -0.0599361 5.16025 -5.25033 -0.0872014 -0.102795 6.62469 9.69108 -0.083674 -0.106144 2.13915 1.07178 -0.313099 -0.150713
internal_weight=25071 12230 415 131 71 44 11815 12841 11298 1543 458 114 11273 1085 284 81 11788 11740 61 48 11679 11653 64 43 11616 11560 225 197 167 11335
internal_count=25071 12230 415 131 71 44 11815 12841 11298 1543 458 114 11273 1085 284 81 11788 11740 61 48 11679 11653 64 43 11616 11560 225 197 167 11335
is_linear=0
shrinkage=0.05


Tree=83
num_leaves=31
num_cat=0
split_feature=142 101 87 85 89 106 73 99 142 136 126 26 75 94 11 65 109 135 112 127 114 141 45 126 134 107 97 129 105 129
split_gain=172383 253027 458664 306940 296867 318502 275004 269872 229971 221996 732055 648084 1.3631e+06 787978 609678 460706 1.44321e+06 1.25592e+06 693418 662978 500471 491953 537771 457194 587512 465496 756958 464008 454947 440263
threshold=-7.2499999999999991 310.75000000000006 427.75000000000006 475.25000000000006 359.70773315429693 114.75000000000001 -329.74999999999994 -162.74999999999997 -4.7499999999999991 266.25000000000006 1441.5000000000002 674.41351318359386 696.40509033203136 767.75000000000011 4322.9174804687509 -404.74999999999994 946.82250976562511 -231.74999999999997 254.25000000000003 270.25000000000006 -217.24999999999997 668.25000000000011 1487.7500000000002 167.75000000000003 603.00000000000011 -23.749999999999996 144.66812133789065 404.25000000000006 -26.249999999999996 550.75000000000011
decision_type=2 2 2 2 2 2 2 2 2 2 2 2 2 2 2 2 2 2 2 2 2 2 2 2 2 2 2 2 2 2
left_child=9 2 4 -3 7 6 -6 -2 -9 -1 11 12 15 -13 -15 16 -11 -17 21 -20 -18 22 23 25 27 -19 -27 28 -25 -21
right_child=1 3 -4 -5 5 -7 -8 8 -10 10 -12 13 -14 14 -16 17 20 18 19 29 -22 -23 -24 24 -26 26 -28 -29 -30 -31
leaf_value=0.027552794850061263 -3.0404526774944256 6.4383579698768827 -5.7180081759729697 1.3634662276779126 2.2498407818022232 -0.26836354588017319 10.341634477887837 3.1717269028150117 -0.48996126909577664 -0.40595689539188218 4.9947129544565243 -0.87664450191789212 11.939901729063555 -4.2662674733570647 -15.536418070111957 -11.641890617653177 13.659239045692528 -2.960003194905291 7.5414661513434513 0.41171420053735885 4.5216193458368616 -8.9685371497581752 5.1980297627656356 6.191996817588806 -6.1165601944923402 -2.6654355866568431 -16.257120370864868 7.8373552465438854 -2.2720118588441376 -1.5379815140158914
leaf_weight=22327 62 37 31 153 21 33 21 65 126 324 59 72 22 28 21 27 23 99 27 712 43 29 23 20 40 21 20 20 77 488
leaf_count=22327 62 37 31 153 21 33 21 65 126 324 59 72 22 28 21 27 23 99 27 712 43 29 23 20 40 21 20 20 77 488
internal_value=-1.02552e-09 0.876239 0.0953365 2.35173 0.644768 3.40753 6.29574 -0.174233 0.756163 -0.0196173 -0.49942 -0.651177 -0.437755 -4.20528 -9.09633 -0.574387 0.966826 -0.949355 -0.766171 -0.206825 7.70594 -2.73269 -2.16757 -2.73797 -0.885479 -4.81541 -9.29553 0.902924 -0.526855 -0.381162
internal_weight=25071 549 359 190 328 75 42 253 191 24522 2195 2136 2015 121 49 1993 390 1603 1576 1227 66 349 320 297 157 140 41 117 97 1200
internal_count=25071 549 359 190 328 75 42 253 191 24522 2195 2136 2015 121 49 1993 390 1603 1576 1227 66 349 320 297 157 140 41 117 97 1200
is_linear=0
shrinkage=0.05


Tree=84
num_leaves=31
num_cat=0
split_feature=54 61 141 27 42 124 121 120 114 86 85 120 8 10 57 37 141 112 3 140 132 1 93 52 9 43 96 16 65 13
split_gain=171422 258220 269540 541405 565659 474491 447929 797036 768743 769036 633986 744808 641021 682474 620637 527142 518503 517002 461040 455061 600542 695659 703552 600808 774463 513103 770206 540089 525549 608387
threshold=214.80499267578128 219.34906768798831 152.25000000000003 1201.8641357421877 1641.2500000000002 775.33657836914074 -924.74999999999989 240.25000000000003 -1181.7499999999998 -1449.2499999999998 720.25000000000011 -598.49999999999989 394.25000000000006 690.25000000000011 -958.24999999999989 -2503.7499999999995 252.75000000000003 -551.49999999999989 86.750000000000014 15.250000000000002 724.54855346679699 1005.2500000000001 545.25000000000011 2080.0000000000005 1357.7500000000002 1470.2500000000002 496.07127380371099 1200.7500000000002 -1977.2499999999998 -2384.825317382812
decision_type=2 2 2 2 2 2 2 2 2 2 2 2 2 2 2 2 2 2 2 2 2 2 2 2 2 2 2 2 2 2
left_child=-1 -2 3 4 -3 -5 7 10 9 -8 11 16 14 -14 -13 17 18 -10 -4 20 25 -22 -23 24 -24 27 -27 28 -17 -30
right_child=1 2 6 5 -6 -7 8 -9 15 -11 -12 12 13 -15 -16 19 -18 -19 -20 -21 21 22 23 -25 -26 26 -28 -29 29 -31
leaf_value=-0.43478894240226007 1.3002038464286274 -0.051046905210748422 -0.78852098837937468 -1.0519405402849908 7.973990999568592 -8.3113113233900595 -13.534853792190553 10.626988595724107 -10.624622767283158 -1.4218883826544411 -5.3939984466090349 6.8908913095580777 16.374335244446993 3.9825410153865821 -0.55890591030103576 8.4134835561116539 2.5915020649221918 -0.84305697645459865 -8.7761888027191173 0.015668727771410679 10.541867040736335 5.6019936437192177 2.7997354049574246 4.9922289531855357 -6.1000647422129468 -10.173347600301106 2.4297767584974115 6.9128582919345183 -8.2142500495910635 0.55666995645691086
leaf_weight=2079 399 11606 101 1056 22 23 20 24 22 38 33 47 20 25 69 21 103 35 22 7215 28 92 44 42 55 27 22 34 20 1727
leaf_count=2079 399 11606 101 1056 22 23 20 24 22 38 33 47 20 25 69 21 103 35 22 7215 28 92 44 42 55 27 22 34 20 1727
internal_value=1.63282e-10 0.0393148 0.0170471 -0.135282 -0.0358637 -1.20668 0.212844 1.76489 0.139861 -5.59877 1.25848 1.82575 4.42458 9.49001 2.45955 0.17533 -0.0256286 -4.6184 -2.21721 0.204626 0.850139 3.09546 2.20061 -0.0187347 -2.1446 0.533538 -4.5148 0.670813 0.550773 0.456259
internal_weight=25071 22992 22593 12707 11628 1079 9886 444 9442 58 420 387 161 45 116 9384 226 57 123 9327 2112 261 233 141 99 1851 49 1802 1768 1747
internal_count=25071 22992 22593 12707 11628 1079 9886 444 9442 58 420 387 161 45 116 9384 226 57 123 9327 2112 261 233 141 99 1851 49 1802 1768 1747
is_linear=0
shrinkage=0.05


Tree=85
num_leaves=31
num_cat=0
split_feature=86 94 78 44 77 73 101 57 58 43 100 52 57 132 134 110 108 115 43 52 112 12 57 69 24 141 101 28 142 82
split_gain=172510 635360 377055 533015 775185 653858 948106 551703 910685 805142 701668 843482 636201 508395 474496 614950 463897 553298 494133 570918 434060 423981 538309 423218 440791 370648 367216 367073 777230 476125
threshold=-909.74999999999989 -1138.9999999999998 85.250000000000014 -412.74999999999994 -792.24999999999989 -579.74999999999989 -616.74999999999989 -527.24999999999989 -862.24999999999989 -184.74999999999997 -724.74999999999989 -611.74999999999989 -452.74999999999994 -39.886613845825188 -154.74999999999997 381.68627929687506 -150.74999999999997 -199.74999999999997 -53.249999999999993 -362.24999999999994 -156.74999999999997 467.49603271484381 -292.24999999999994 -313.19262695312494 -876.74999999999989 114.25000000000001 -913.74999999999989 -2129.4999999999995 -224.74999999999997 1045.2505493164065
decision_type=2 2 2 2 2 2 2 2 2 2 2 2 2 2 2 2 2 2 2 2 2 2 2 2 2 2 2 2 2 2
left_child=2 -2 3 7 21 6 26 -1 9 10 11 12 -9 -4 -10 23 17 18 19 -17 -7 22 -5 24 -16 -24 -6 28 -3 -29
right_child=1 27 13 4 5 20 -8 8 14 -11 -12 -13 -14 -15 15 16 -18 -19 -20 -21 -22 -23 25 -25 -26 -27 -28 29 -30 -31
leaf_value=-0.14782224150097117 8.7404055510248462 -10.978847288048787 -9.0542606814154265 10.267525259852411 -3.8638972383737569 4.0005679975073027 2.5578832947846615 -4.8875518358272059 3.3143029497237877 -12.713101492256953 -10.587836023502881 -8.1196030516177427 5.4575631402787712 -0.15862364305390253 5.7124865367299043 -2.420299514134725 2.1740893968829402 -11.527403376652645 2.7272614650726319 -12.573248043060303 -3.7618148948835293 10.332255902372559 4.4982523908217749 5.8195901766857681 -2.4952342985449611 -3.658129184578474 -13.225045902078802 0.038843336088664852 1.6392062082886696 5.4319886440910947
leaf_weight=2068 21 23 29 20 20 83 33 23 64 29 27 32 42 36 21 45 27 26 25 20 23 29 30 34 74 26 22 22052 26 41
leaf_count=2068 21 23 29 20 20 83 33 23 64 29 27 32 42 36 21 45 27 26 25 20 23 29 30 34 74 26 22 22052 26 41
internal_value=1.63765e-10 0.0475089 -0.362084 -0.275995 1.77108 -0.211566 -3.78425 -0.50496 -2.01531 -5.21291 -3.45883 -1.47447 1.79698 -4.12745 -0.559264 -1.47069 -3.72873 -5.10267 -3.24663 -5.54428 2.31628 5.18878 3.22614 1.03241 -0.680896 0.711361 -8.76736 0.0392643 -4.28355 0.0488519
internal_weight=25071 22163 2908 2843 286 181 75 2557 489 153 124 97 65 65 336 272 143 116 90 65 106 105 76 129 95 56 42 22142 49 22093
internal_count=25071 22163 2908 2843 286 181 75 2557 489 153 124 97 65 65 336 272 143 116 90 65 106 105 76 129 95 56 42 22142 49 22093
is_linear=0
shrinkage=0.05


Tree=86
num_leaves=31
num_cat=0
split_feature=129 92 85 119 96 114 125 96 116 44 43 6 36 124 80 90 23 38 23 71 52 44 65 19 44 1 65 72 49 116
split_gain=165764 783743 1.03369e+06 670971 651581 522253 501455 456834 456189 444450 1.24129e+06 672019 621774 964691 488715 746381 742472 587803 585618 539682 546104 490427 466605 511096 769976 972328 641535 525726 446755 639379
threshold=88.250000000000014 1550.5000000000002 1638.5000000000002 360.25000000000006 469.80149841308599 273.25000000000006 1374.8111572265627 500.19013977050787 2246.262573242188 1259.2500000000002 1710.0000000000002 851.65698242187511 1632.7500000000002 476.75883483886724 195.25000000000003 -359.66903686523432 -610.74999999999989 1411.7500000000002 -960.24999999999989 919.25000000000011 970.75000000000011 -863.74999999999989 303.25000000000006 368.28152465820318 78.250000000000014 1024.2500000000002 225.75000000000003 453.25000000000006 1397.7500000000002 761.19250488281261
decision_type=2 2 2 2 2 2 2 2 2 2 2 2 2 2 2 2 2 2 2 2 2 2 2 2 2 2 2 2 2 2
left_child=1 5 -3 7 -5 6 9 -4 -7 10 12 -11 14 -14 19 16 18 21 -16 20 -1 -17 23 27 -25 26 -26 -23 -13 -30
right_child=-2 2 3 4 -6 8 -8 -9 -10 11 -12 28 13 -15 15 17 -18 -19 -20 -21 -22 22 -24 24 25 -27 -28 -29 29 -31
leaf_value=-0.12135540853402048 0.17599123919380344 -13.868662892417476 -1.0479586362838746 -4.2604011790619962 6.2130775328838475 -1.0035855988463376 6.5660940162066757 -11.279823067908486 -5.5595783474047984 4.8441831027307822 8.4060328998348943 -9.4544613003730777 0.41755011568264089 -10.19779192146502 4.9664506244514257 -5.8842524097811797 12.335513095060985 8.395740023903226 -3.7372256335284977 5.6784445905685423 -6.5622032179976957 0.69062555337054299 -0.20625881534096596 0.70183349856268173 6.3798323590308428 1.0654741644859314 16.277388420971956 -6.6521563148498535 -9.9127997934818275 -1.2275736868052194
leaf_weight=12081 8724 22 20 27 33 652 29 24 60 31 44 24 49 38 68 31 24 23 27 40 33 978 1389 211 64 73 22 25 24 181
leaf_count=12081 8724 22 20 27 33 652 29 24 60 31 44 24 49 38 68 31 24 23 27 40 33 978 1389 211 64 73 22 25 24 181
internal_value=8.06e-10 -0.0939223 -4.0221 -1.93917 1.50001 -0.0634093 -0.00262108 -6.62898 -1.38752 -0.0149268 0.0200899 -2.06475 -0.00422358 -4.21904 0.0200781 0.599138 4.47786 0.435228 2.49277 -0.119756 -0.138901 0.369674 0.439867 1.09352 2.68183 5.30938 8.91177 0.507605 -3.00002 -2.24438
internal_weight=25071 16347 126 104 60 16221 15509 44 712 15480 15220 260 15176 87 15089 2935 119 2816 95 12154 12114 2793 2762 1373 370 159 86 1003 229 205
internal_count=25071 16347 126 104 60 16221 15509 44 712 15480 15220 260 15176 87 15089 2935 119 2816 95 12154 12114 2793 2762 1373 370 159 86 1003 229 205
is_linear=0
shrinkage=0.05


Tree=87
num_leaves=31
num_cat=0
split_feature=29 30 36 142 121 129 134 10 114 72 87 128 93 110 145 124 114 133 54 86 13 120 122 83 58 110 114 3 16 31
split_gain=167660 1.86936e+06 707253 1.06202e+06 841878 727565 683910 699819 559094 768978 1.15225e+06 575872 682652 609513 1.05832e+06 792565 588884 717218 1.01461e+06 810133 674652 1.04163e+06 587612 535062 496070 1.31511e+06 479312 471138 950577 781640
threshold=1858.2500000000002 1053.2500000000002 1802.7500000000002 -291.74999999999994 65.250000000000014 519.25000000000011 -299.74999999999994 1107.7500000000002 -515.74999999999989 1366.7500000000002 230.25000000000003 -313.74999999999994 -276.24999999999994 879.99746704101574 653.59622192382824 624.58282470703136 -291.74999999999994 553.75000000000011 429.29431152343756 1592.2500000000002 2172.158081054688 1479.7500000000002 909.00000000000011 1838.8442382812502 1799.7500000000002 552.32839965820324 845.25000000000011 1215.7500000000002 1267.2500000000002 -79.249999999999986
decision_type=2 2 2 2 2 2 2 2 2 2 2 2 2 2 2 2 2 2 2 2 2 2 2 2 2 2 2 2 2 2
left_child=2 -2 23 -4 -5 -6 -3 -8 9 10 -9 24 -13 14 15 16 -14 19 -19 26 -20 -22 -16 27 25 -10 -18 28 -1 -29
right_child=1 6 3 4 5 -7 7 8 11 -11 -12 12 13 -15 22 -17 17 18 20 -21 21 -23 -24 -25 -26 -27 -28 29 -30 -31
leaf_value=0.031653133844851952 12.143822486260358 -8.4891402851451527 -11.998918454400425 3.516148417041852 -9.1800156695502135 0.4359729741070722 -8.2078521023625921 1.8905706342061361 -1.5113210862682713 -2.9007604326520648 14.809311604499818 8.5351324240366626 -7.8639772154036027 -7.9545774641491125 10.599139866076019 -8.5310168477205135 1.5269611657657864 1.2961025117635727 -0.73683891864493489 7.9990740294041842 -18.39989187603905 -3.294738632202149 2.1111613793806598 7.9720137634092856 1.442655229429866 -15.988524489175706 -4.596174010549273 -9.626358490705492 7.4729699775230065 -0.71286125439976378
leaf_weight=22193 34 22 29 52 42 37 23 45 62 28 28 27 21 21 38 26 368 100 32 46 21 25 44 21 43 21 35 25 43 1519
leaf_count=22193 34 22 29 52 42 37 23 45 62 28 28 27 21 21 38 26 368 100 32 46 21 25 44 21 43 21 35 25 43 1519
internal_value=-7.90864e-11 0.600744 -0.0278296 -3.34099 -1.42435 -4.67632 0.236 0.418119 0.61055 4.14371 6.8457 0.226841 0.719389 0.4478 0.681199 0.028677 0.372121 0.647972 -2.03784 1.71272 -6.31212 -10.1906 6.04461 -0.00555721 -2.91609 -5.17423 0.995175 -0.0126022 0.0460432 -0.857186
internal_weight=25071 1110 23961 160 131 79 1076 1054 1031 101 73 930 804 777 756 674 648 627 178 449 78 46 82 23801 126 83 403 23780 22236 1544
internal_count=25071 1110 23961 160 131 79 1076 1054 1031 101 73 930 804 777 756 674 648 627 178 449 78 46 82 23801 126 83 403 23780 22236 1544
is_linear=0
shrinkage=0.05


Tree=88
num_leaves=31
num_cat=0
split_feature=32 111 104 108 112 65 6 119 142 142 105 87 78 5 72 2 43 87 139 50 131 82 58 38 37 140 29 65 79 99
split_gain=169114 489280 662848 454800 600524 532972 446285 465555 566873 514832 453158 612439 818986 561327 501993 555846 444545 412360 899171 958671 1.37308e+06 1.06703e+06 694403 751476 729664 621918 612751 663431 586728 753254
threshold=1984.3750000000002 2081.2265625000005 1947.5631103515627 1426.5000000000002 1307.7500000000002 1367.2500000000002 1075.4324951171877 -593.49999999999989 -609.24999999999989 -535.24999999999989 -691.74999999999989 -424.24999999999994 -1.0000000180025095e-35 467.49603271484381 -496.24999999999994 -34.749999999999993 2186.0000000000005 -106.74999999999999 410.83015441894537 -427.24999999999994 402.01121520996099 441.63258361816412 -337.24999999999994 704.25000000000011 -533.74999999999989 112.75000000000001 577.75000000000011 -348.74999999999994 147.75000000000003 668.75000000000011
decision_type=2 2 2 2 2 2 2 2 2 2 2 2 2 2 2 2 2 2 2 2 2 2 2 2 2 2 2 2 2 2
left_child=1 2 3 4 6 -6 16 -8 -9 -10 -11 13 -13 -12 -14 -16 -1 25 19 -19 -21 -22 24 -24 -23 -2 -20 -28 29 -29
right_child=17 -3 -4 -5 5 -7 7 8 9 10 11 12 14 -15 15 -17 -18 18 26 20 21 22 23 -25 -26 -27 27 28 -30 -31
leaf_value=0.015388890418984356 -1.9185023411866782 -7.3307348088077875 7.1567081749439243 3.5846052922871574 -9.5983058491060813 0.57747594985094941 3.2162886530580659 -8.8865666692907155 6.7901687315919181 -6.9991733578840893 0.9363746283005695 -5.9274918518960478 6.429143119355043 10.876443016529084 -8.5730832804804269 -0.74632253429267958 6.6868699207305911 -7.2867057527814598 -4.3446467115197862 0.93644538692525914 17.121616021792093 16.649524333260278 -2.2671469419430461 9.4645588713032875 4.6611224953333545 2.0791092685169796 9.0619524002075202 -0.44634496165322263 0.71391517874172761 -7.6851824694623545
leaf_weight=20505 370 23 32 86 31 22 71 22 22 30 49 80 24 20 23 1654 25 21 70 185 24 22 39 21 30 132 22 143 1225 48
leaf_count=20505 370 23 32 86 31 22 71 22 22 30 49 80 24 20 23 1654 25 21 70 185 24 22 39 21 30 132 22 143 1225 48
internal_value=1.18013e-09 -0.0417829 -0.0343963 -0.0445496 -0.0583731 -5.3744 -0.0458648 -0.759813 -0.90654 -0.814237 -0.903225 -0.804371 -0.983435 3.81755 -0.750911 -0.853666 0.023513 0.403599 0.748469 3.06316 3.74025 7.55426 5.50411 1.83895 9.73314 -0.867338 0.22352 0.445892 0.312027 -2.26553
internal_weight=25071 22719 22696 22664 22578 53 22525 1995 1924 1902 1880 1850 1781 69 1701 1677 20530 2352 1850 342 321 136 112 60 52 502 1508 1438 1416 191
internal_count=25071 22719 22696 22664 22578 53 22525 1995 1924 1902 1880 1850 1781 69 1701 1677 20530 2352 1850 342 321 136 112 60 52 502 1508 1438 1416 191
is_linear=0
shrinkage=0.05


Tree=89
num_leaves=31
num_cat=0
split_feature=4 139 23 140 35 135 140 135 124 75 113 126 62 124 29 114 141 121 23 79 6 107 122 105 135 22 69 84 100 119
split_gain=165369 404651 376274 668191 691310 542635 574920 533189 488182 428493 406211 659435 506777 607494 627150 477070 470244 440253 450806 612307 398698 394007 701869 529776 407961 380927 357302 617607 834360 1.19627e+06
threshold=-2228.9274902343745 -1531.6849365234373 -935.24999999999989 379.25000000000006 -446.74999999999994 315.25000000000006 230.25000000000003 -787.24999999999989 289.04660034179693 294.99725341796881 -313.24999999999994 -149.74999999999997 -939.87225341796864 312.95790100097662 -308.24999999999994 -158.74999999999997 104.25000000000001 -225.24999999999997 272.75000000000006 217.75000000000003 -1094.7372436523435 -1173.9999999999998 -324.74999999999994 -942.74999999999989 126.25000000000001 16.250000000000004 -1232.9271850585935 -140.24999999999997 -281.24999999999994 -72.749999999999986
decision_type=2 2 2 2 2 2 2 2 2 2 2 2 2 2 2 2 2 2 2 2 2 2 2 2 2 2 2 2 2 2
left_child=2 -2 3 4 21 6 7 -4 9 -9 -10 16 15 -14 -15 -13 -12 -16 19 -19 -8 22 -1 -23 -25 -18 27 28 -3 -30
right_child=1 26 5 -5 -6 -7 20 8 10 -11 11 12 13 14 17 -17 25 18 -20 -21 -22 23 -24 24 -26 -27 -28 -29 29 -31
leaf_value=-0.0032923413019110685 -5.6752415272497361 1.1439869196232346 6.4664970065608181 7.7909901224431541 -8.5719929879711518 -7.4994534683227547 10.609853945548338 -0.037119617462158208 2.8573959960657009 10.312915451526642 -0.90495992019062954 0.30615808313543147 -4.6626975615819299 9.6310003684117262 6.0634372195511155 -10.229808525812059 -4.7382809253299945 0.33217538437753358 5.9920299738645557 -9.9352866649627689 1.8275333087359156 -6.2101439779900289 9.8132084755670466 -0.89722455416602431 -7.6546619746996019 -13.434559979438783 0.00064929761405439876 6.2837749847998987 -13.551882469654084 -0.13565860042969388
leaf_weight=137 31 834 33 21 31 20 24 20 68 20 42 22 36 26 33 21 34 53 20 20 28 54 21 773 23 20 22476 52 24 54
leaf_count=137 31 834 33 21 31 20 24 20 68 20 42 22 36 26 33 21 34 53 20 20 28 54 21 773 23 20 22476 52 24 54
internal_value=2.02344e-09 0.0335278 -0.491832 -1.03911 -1.21758 0.582449 0.893292 0.339111 -0.125725 5.1379 -0.65875 -1.38994 0.0575411 1.17757 2.56079 -4.83931 -4.87293 1.10185 -0.658708 -2.48083 5.88091 -0.991402 1.30143 -1.4176 -1.09248 -7.95913 0.0410778 0.983683 0.681485 -4.26373
internal_weight=25071 23471 1600 1060 1039 540 520 468 435 40 395 327 231 188 152 43 96 126 93 73 52 1008 158 850 796 54 23440 964 912 78
internal_count=25071 23471 1600 1060 1039 540 520 468 435 40 395 327 231 188 152 43 96 126 93 73 52 1008 158 850 796 54 23440 964 912 78
is_linear=0
shrinkage=0.05


Tree=90
num_leaves=31
num_cat=0
split_feature=141 77 15 12 44 30 45 26 57 52 47 131 0 80 65 6 6 106 65 135 82 135 108 79 64 4 99 33 2 72
split_gain=163216 349044 385246 346629 342090 297523 508846 283024 269865 258158 445897 272014 402868 236638 497609 491430 469256 421255 233562 579382 866592 532842 536441 523059 1.06468e+06 442616 395567 337451 417518 299379
threshold=20.250000000000004 617.75000000000011 1188.0000000000002 491.92401123046881 780.25000000000011 619.75000000000011 1031.7500000000002 570.11660766601574 935.25000000000011 -1083.2499999999998 422.71945190429693 402.01121520996099 -134.24999999999997 -2029.4999999999998 -2521.9999999999995 -1018.9664001464843 -2140.9604492187495 -623.99999999999989 -1861.7499999999998 -533.24999999999989 578.96932983398449 -646.74999999999989 -1004.7499999999999 -1838.7499999999998 -916.99999999999989 -895.46749877929676 -1033.4999999999998 636.49594116210949 -1337.7499999999998 -1770.4999999999998
decision_type=2 2 2 2 2 2 2 2 2 2 2 2 2 2 2 2 2 2 2 2 2 2 2 2 2 2 2 2 2 2
left_child=1 2 3 9 -4 8 -7 -5 -3 -1 11 -11 -13 15 17 16 -2 -15 19 20 21 22 -16 24 25 -20 -21 28 -28 -25
right_child=13 5 4 7 -6 6 -8 -9 -10 10 -12 12 -14 14 18 -17 -18 -19 23 26 -22 -23 -24 29 -26 -27 27 -29 -30 -31
leaf_value=-2.4758343816580979 3.6086576435624096 -2.6570331462058761 9.1667817068099975 -6.7396845315632063 0.46881709717787229 -10.948743780454 -2.2698835561411421 -0.55305363469653668 3.9082909842332207 -0.058604502025233131 4.4441731426450941 -9.2736744499206534 0.76211258888244637 -10.648310441970827 2.8630160129987279 8.5480108566284176 -5.0826455249786378 -0.82295538087685915 -5.5788698565392272 5.2361110180616386 10.37517278821845 7.1252995560566594 -7.7454710201783614 -3.7597724836606248 -13.72163048244658 4.1808276524337442 -2.2873139544709087 -7.551165026710148 5.8667266446352002 0.038358388643325164
leaf_weight=115 41 45 20 38 26 24 57 36 24 1105 54 20 20 20 26 25 25 24 21 24 38 24 22 52 21 26 73 21 20 22984
leaf_count=115 41 45 20 38 26 24 57 36 24 1105 54 20 20 20 26 25 25 24 21 24 38 24 22 52 21 26 73 21 20 22984
internal_value=1.05018e-09 -0.491249 -0.251198 -0.400391 4.25054 -2.78614 -4.8414 -3.72997 -0.373442 -0.21288 0.00416692 -0.205231 -4.25578 0.0331306 0.0232326 2.5779 0.316497 -5.28903 0.033242 1.55949 4.26638 1.0423 -1.99921 0.0168591 -4.3619 -0.179888 -0.598168 -1.82644 -0.533757 0.0297847
internal_weight=25071 1584 1434 1388 46 150 81 74 69 1314 1199 1145 40 23487 23396 91 66 44 23352 248 110 72 48 23104 68 47 138 114 93 23036
internal_count=25071 1584 1434 1388 46 150 81 74 69 1314 1199 1145 40 23487 23396 91 66 44 23352 248 110 72 48 23104 68 47 138 114 93 23036
is_linear=0
shrinkage=0.05


Tree=91
num_leaves=31
num_cat=0
split_feature=114 113 106 52 72 107 126 0 127 127 80 99 127 121 136 101 82 117 145 52 64 60 1 43 57 59 36 100 113 142
split_gain=159249 892365 859230 553768 740209 421417 614734 693642 480698 783930 779878 622692 591780 398064 924254 844300 383188 425751 647672 531539 517116 519920 443692 348522 338157 791562 616563 933790 395688 344137
threshold=-879.24999999999989 55.250000000000007 189.75000000000003 -843.74999999999989 218.25000000000003 -1135.7499999999998 -200.74999999999997 -270.24999999999994 120.25000000000001 255.75000000000003 -623.24999999999989 -272.24999999999994 59.250000000000007 -1069.2499999999998 -40.749999999999993 -347.24999999999994 570.11660766601574 512.03503417968761 483.63320922851568 343.75000000000006 79.250000000000014 265.25500488281256 152.25000000000003 -507.24999999999994 -245.74999999999997 -420.24999999999994 -59.749999999999993 -983.74999999999989 -731.99999999999989 -414.74999999999994
decision_type=2 2 2 2 2 2 2 2 2 2 2 2 2 2 2 2 2 2 2 2 2 2 2 2 2 2 2 2 2 2
left_child=1 2 5 -3 -5 6 24 -8 12 10 -10 -11 16 14 15 -2 17 18 19 20 21 23 -19 -7 26 -26 27 -1 -27 -30
right_child=13 3 -4 4 -6 8 7 -9 9 11 -12 -13 -14 -15 -16 -17 -18 22 -20 -21 -22 -23 -24 -25 25 28 -28 -29 29 -31
leaf_value=-0.32191505456504266 6.8714187645912181 0.0072988835248080173 8.9478390655517579 -16.670566983222962 -3.0671767115592958 -0.73994545845662141 1.2589669907346686 11.567215809971096 -14.049556761774523 5.2528866478375029 -2.5508288860321047 -5.9880162845958367 5.3430671647975316 0.022316763643143549 12.560819730304537 -7.6570026528835307 -5.1931098484281959 9.2750046888987239 -7.6620521463666655 7.3619776582717895 -6.5521850320853687 -4.1575272778669996 -1.1308621883392334 2.6268042733271919 -11.436438465118409 -3.9055929833306715 7.7649033733776633 9.9883888617805816 6.8616159604943325 -0.77973355956193879
leaf_weight=486 20 22 25 20 20 236 47 25 29 28 30 22 38 23417 21 20 52 21 35 20 38 78 20 114 20 52 28 23 23 41
leaf_count=486 20 22 25 20 20 236 47 25 29 28 30 22 38 23417 21 20 52 21 35 20 38 78 20 114 20 52 28 23 23 41
internal_value=-2.27138e-11 -0.483777 -0.245632 -6.36442 -9.86887 -0.398246 0.447087 4.83822 -1.22581 -4.29924 -8.20275 0.306889 -0.711996 0.0328247 4.06665 -0.392792 -1.08674 -0.70679 -1.09285 -0.619757 -0.962321 -0.466025 4.19897 0.356653 -0.0226924 -2.24979 0.54134 0.143973 -0.665886 1.96638
internal_weight=25071 1593 1531 62 40 1506 745 72 761 109 59 50 652 23478 61 40 614 562 521 486 466 428 41 350 673 136 537 509 116 64
internal_count=25071 1593 1531 62 40 1506 745 72 761 109 59 50 652 23478 61 40 614 562 521 486 466 428 41 350 673 136 537 509 116 64
is_linear=0
shrinkage=0.05


Tree=92
num_leaves=31
num_cat=0
split_feature=14 62 52 75 72 24 80 64 59 43 99 37 135 79 22 122 82 50 66 110 84 47 126 23 86 103 138 124 30 36
split_gain=158172 746343 875814 1.11174e+06 683000 614193 724645 719476 687351 1.17335e+06 574800 558652 550020 527484 492343 444807 680519 466694 548741 541677 933183 456812 433945 556040 465279 419096 902677 872387 656201 705758
threshold=-37.749999999999993 -243.75832366943357 -898.74999999999989 530.86532592773449 -1464.2499999999998 -78.249999999999986 1025.2500000000002 432.75000000000006 326.75000000000006 477.25000000000006 1055.2500000000002 369.75000000000006 -574.74999999999989 -1731.4999999999998 311.25000000000006 -1085.2499999999998 1045.2505493164065 -700.74999999999989 -924.24999999999989 879.99746704101574 795.25000000000011 496.07127380371099 -45.249999999999993 -160.74999999999997 -460.74999999999994 436.54501342773443 410.69157409667974 426.99803161621099 -280.74999999999994 -59.749999999999993
decision_type=2 2 2 2 2 2 2 2 2 2 2 2 2 2 2 2 2 2 2 2 2 2 2 2 2 2 2 2 2 2
left_child=5 2 -2 12 13 6 10 11 9 14 25 -7 -4 -3 -9 -6 17 -17 21 -20 -21 -19 23 -14 -25 27 -27 -1 29 -28
right_child=1 4 3 -5 15 7 -8 8 -10 -11 -12 -13 22 -15 -16 16 -18 18 19 20 -22 -23 -24 24 -26 26 28 -29 -30 -31
leaf_value=-0.059749000326445915 5.2201194462023288 -0.40115094609558588 5.7348470687866211 -11.241183403560093 -5.737365959672367 1.6003581145644377 8.4979572486877455 -3.0367036976416908 0.51154207706797961 -11.915512781432181 -5.1230882800709123 9.8355734728631532 -1.7038166853570447 -11.503881213975991 5.8586068879990352 -7.1444390981093697 7.6397231221199036 0.94653258415368891 -0.012683076368081367 -13.275247828165689 -0.078806802066596793 10.86150071734474 -0.85626571647573313 -11.767200993089116 -3.9795217048038136 6.3605744887800775 0.17415082893599385 -3.3974140134453776 -7.724171559015911 3.0918752044194031
leaf_weight=9274 38 20 22 35 34 1064 25 60 344 33 55 21 97 23 21 23 29 26 11517 21 37 21 209 34 44 68 1409 200 24 243
leaf_count=9274 38 20 22 35 34 1064 25 60 344 33 55 21 97 23 21 23 29 26 11517 21 37 21 209 34 44 68 1409 200 24 243
internal_value=3.07655e-10 -0.128687 -2.06331 -2.6909 -0.0498271 0.122564 -0.00522861 1.05827 -0.603522 -3.96828 -0.024086 1.75975 -1.95381 -6.33982 -0.730512 -0.0267259 -0.0100939 -0.0291445 -0.0150633 -0.0369561 -4.85683 5.37662 -2.39431 -4.23117 -7.37415 0.000913542 0.713213 -0.130208 0.484084 0.603332
internal_weight=25071 12230 479 441 11751 12841 11298 1543 458 114 11273 1085 406 43 81 11708 11674 11645 11622 11575 58 47 384 175 78 11218 1744 9474 1676 1652
internal_count=25071 12230 479 441 11751 12841 11298 1543 458 114 11273 1085 406 43 81 11708 11674 11645 11622 11575 58 47 384 175 78 11218 1744 9474 1676 1652
is_linear=0
shrinkage=0.05


Tree=93
num_leaves=31
num_cat=0
split_feature=54 142 61 105 114 106 119 142 92 5 122 72 56 5 26 19 40 26 61 33 141 115 87 121 129 141 31 102 26 131
split_gain=154875 246785 258374 306477 275753 285351 396648 257039 235128 327876 233113 238229 221821 226465 214667 278625 226771 226102 203324 214137 210122 481940 493793 510326 453706 452715 864888 548181 605072 659314
threshold=213.30208587646487 -6.2499999999999991 523.98001098632824 -493.74999999999994 -339.74999999999994 695.75000000000011 553.25000000000011 -5.2499999999999991 -106.74999999999999 232.32643890380862 -62.749999999999993 427.25000000000006 -789.74999999999989 188.25048828125003 343.81175231933599 274.37307739257818 236.19966125488284 378.68557739257818 219.34906768798831 207.26245117187503 152.25000000000003 360.50000000000006 1217.7500000000002 -291.24999999999994 199.25000000000003 307.75000000000006 2748.7500000000005 4031.6225585937505 455.76057434082037 545.15829467773449
decision_type=2 2 2 2 2 2 2 2 2 2 2 2 2 2 2 2 2 2 2 2 2 2 2 2 2 2 2 2 2 2
left_child=8 18 3 -3 -5 7 -7 -6 12 -10 -11 -12 -1 -14 15 16 -9 -16 -2 -20 21 22 -21 -24 -23 26 27 28 29 -22
right_child=1 2 -4 4 5 6 -8 14 9 10 11 -13 13 -15 17 -17 -18 -19 19 20 25 24 23 -25 -26 -27 -28 -29 -30 -31
leaf_value=-1.3866151781494802 1.0492566179588276 -3.264848511815071 -3.5658086084402529 6.1459160539839006 5.0059472862879444 9.8544410282915305 1.8897032651636338 -2.0054092646576467 -0.58593863831266357 0.090260737240314484 -8.5032010799273845 -1.7442778825759888 -1.2765607969462873 1.5331644671809499 6.7861164524441682 -3.0984375952084862 3.5264285385608676 0.29041504924361772 2.0400813832761737 -0.027391026087755857 0.2204806787919775 -1.8254970059678706 -11.157679300308228 -1.0921569410492393 0.14027429423640994 -0.31320779383885022 7.7389563205838208 -7.0260021934509282 1.4851387567158885 -5.9267070000821898
leaf_weight=130 465 30 26 36 30 22 54 32 1328 25 32 22 90 353 21 75 44 37 127 11269 5042 779 20 34 471 3317 40 25 1051 44
leaf_count=130 465 30 26 36 30 22 54 32 1328 25 32 22 90 353 21 75 44 37 127 11269 5042 779 20 34 471 3317 40 25 1051 44
internal_value=-1.77123e-09 0.0363904 1.2567 1.5858 2.00038 1.52661 4.19529 0.677988 -0.424389 -0.772101 -3.90152 -5.74957 0.429418 0.96234 0.05675 -0.936378 1.19723 2.64231 0.0144954 -0.00716017 -0.0189291 -0.153102 -0.0502478 -4.82013 -1.08479 0.15829 0.410461 0.362889 0.392988 0.1673
internal_weight=25071 23091 407 381 351 315 76 239 1980 1407 79 54 573 443 209 151 76 58 22684 22219 22092 12573 11323 54 1250 9519 6202 6162 6137 5086
internal_count=25071 23091 407 381 351 315 76 239 1980 1407 79 54 573 443 209 151 76 58 22684 22219 22092 12573 11323 54 1250 9519 6202 6162 6137 5086
is_linear=0
shrinkage=0.05


end of trees

feature_importances:
Column_141=77
Column_142=69
Column_107=61
Column_120=60
Column_114=51
Column_136=49
Column_106=47
Column_135=47
Column_113=40
Column_115=40
Column_128=39
Column_30=38
Column_86=38
Column_121=38
Column_79=37
Column_134=37
Column_80=36
Column_93=36
Column_44=35
Column_99=35
Column_124=34
Column_127=34
Column_78=32
Column_82=32
Column_19=31
Column_110=31
Column_126=31
Column_37=30
Column_64=30
Column_75=30
Column_0=29
Column_6=29
Column_58=29
Column_65=29
Column_117=29
Column_122=29
Column_4=28
Column_112=28
Column_131=28
Column_5=27
Column_22=27
Column_23=27
Column_140=26
Column_145=26
Column_15=25
Column_26=25
Column_129=25
Column_103=24
Column_57=23
Column_100=23
Column_108=23
Column_17=22
Column_40=22
Column_50=22
Column_72=22
Column_45=21
Column_85=21
Column_105=21
Column_1=20
Column_33=20
Column_36=20
Column_87=20
Column_92=20
Column_94=20
Column_2=19
Column_12=19
Column_43=19
Column_54=19
Column_61=19
Column_73=19
Column_101=19
Column_77=18
Column_89=18
Column_96=18
Column_31=17
Column_38=17
Column_24=16
Column_52=16
Column_119=16
Column_138=15
Column_16=14
Column_47=14
Column_66=14
Column_10=13
Column_29=12
Column_35=12
Column_51=12
Column_55=12
Column_84=12
Column_98=12
Column_9=11
Column_13=11
Column_59=11
Column_3=10
Column_68=10
Column_71=10
Column_137=10
Column_139=10
Column_7=9
Column_27=9
Column_63=9
Column_70=9
Column_74=9
Column_118=9
Column_20=8
Column_32=8
Column_90=8
Column_111=8
Column_116=8
Column_132=8
Column_8=7
Column_21=7
Column_42=7
Column_56=7
Column_62=7
Column_76=7
Column_109=7
Column_125=7
Column_130=7
Column_133=7
Column_11=6
Column_69=6
Column_25=5
Column_49=5
Column_81=5
Column_91=5
Column_104=5
Column_123=5
Column_144=5
Column_14=4
Column_28=4
Column_39=4
Column_48=4
Column_53=4
Column_67=4
Column_97=4
Column_102=4
Column_18=3
Column_34=3
Column_41=3
Column_60=3
Column_88=3
Column_95=3
Column_46=1
Column_83=1

parameters:
[boosting: gbdt]
[objective: regression]
[metric: l2]
[tree_learner: serial]
[device_type: cpu]
[data_sample_strategy: bagging]
[data: ]
[valid: ]
[num_iterations: 1000]
[learning_rate: 0.05]
[num_leaves: 31]
[num_threads: 0]
[seed: 42]
[deterministic: 1]
[force_col_wise: 0]
[force_row_wise: 0]
[histogram_pool_size: -1]
[max_depth: -1]
[min_data_in_leaf: 20]
[min_sum_hessian_in_leaf: 0.001]
[bagging_fraction: 1]
[pos_bagging_fraction: 1]
[neg_bagging_fraction: 1]
[bagging_freq: 0]
[bagging_seed: 400]
[bagging_by_query: 0]
[feature_fraction: 1]
[feature_fraction_bynode: 1]
[feature_fraction_seed: 30056]
[extra_trees: 0]
[extra_seed: 12879]
[early_stopping_round: 0]
[early_stopping_min_delta: 0]
[first_metric_only: 0]
[max_delta_step: 0]
[lambda_l1: 0]
[lambda_l2: 0]
[linear_lambda: 0]
[min_gain_to_split: 0]
[drop_rate: 0.1]
[max_drop: 50]
[skip_drop: 0.5]
[xgboost_dart_mode: 0]
[uniform_drop: 0]
[drop_seed: 17869]
[top_rate: 0.2]
[other_rate: 0.1]
[min_data_per_group: 100]
[max_cat_threshold: 32]
[cat_l2: 10]
[cat_smooth: 10]
[max_cat_to_onehot: 4]
[top_k: 20]
[monotone_constraints: ]
[monotone_constraints_method: basic]
[monotone_penalty: 0]
[feature_contri: ]
[forcedsplits_filename: ]
[refit_decay_rate: 0.9]
[cegb_tradeoff: 1]
[cegb_penalty_split: 0]
[cegb_penalty_feature_lazy: ]
[cegb_penalty_feature_coupled: ]
[path_smooth: 0]
[interaction_constraints: ]
[verbosity: -1]
[saved_feature_importance_type: 0]
[use_quantized_grad: 0]
[num_grad_quant_bins: 4]
[quant_train_renew_leaf: 0]
[stochastic_rounding: 1]
[linear_tree: 0]
[max_bin: 255]
[max_bin_by_feature: ]
[min_data_in_bin: 3]
[bin_construct_sample_cnt: 200000]
[data_random_seed: 175]
[is_enable_sparse: 1]
[enable_bundle: 1]
[use_missing: 1]
[zero_as_missing: 0]
[feature_pre_filter: 1]
[pre_partition: 0]
[two_round: 0]
[header: 0]
[label_column: ]
[weight_column: ]
[group_column: ]
[ignore_column: ]
[categorical_feature: ]
[forcedbins_filename: ]
[precise_float_parser: 0]
[parser_config_file: ]
[objective_seed: 16083]
[num_class: 1]
[is_unbalance: 0]
[scale_pos_weight: 1]
[sigmoid: 1]
[boost_from_average: 1]
[reg_sqrt: 0]
[alpha: 0.9]
[fair_c: 1]
[poisson_max_delta_step: 0.7]
[tweedie_variance_power: 1.5]
[lambdarank_truncation_level: 30]
[lambdarank_norm: 1]
[label_gain: ]
[lambdarank_position_bias_regularization: 0]
[eval_at: ]
[multi_error_top_k: 1]
[auc_mu_weights: ]
[num_machines: 1]
[local_listen_port: 12400]
[time_out: 120]
[machine_list_filename: ]
[machines: ]
[gpu_platform_id: -1]
[gpu_device_id: -1]
[gpu_device_id_list: ]
[gpu_use_dp: 0]
[num_gpu: 1]

end of parameters

pandas_categorical:null
