tree
version=v4
num_class=1
num_tree_per_iteration=1
label_index=0
max_feature_idx=258
objective=regression
feature_names=Column_0 Column_1 Column_2 Column_3 Column_4 Column_5 Column_6 Column_7 Column_8 Column_9 Column_10 Column_11 Column_12 Column_13 Column_14 Column_15 Column_16 Column_17 Column_18 Column_19 Column_20 Column_21 Column_22 Column_23 Column_24 Column_25 Column_26 Column_27 Column_28 Column_29 Column_30 Column_31 Column_32 Column_33 Column_34 Column_35 Column_36 Column_37 Column_38 Column_39 Column_40 Column_41 Column_42 Column_43 Column_44 Column_45 Column_46 Column_47 Column_48 Column_49 Column_50 Column_51 Column_52 Column_53 Column_54 Column_55 Column_56 Column_57 Column_58 Column_59 Column_60 Column_61 Column_62 Column_63 Column_64 Column_65 Column_66 Column_67 Column_68 Column_69 Column_70 Column_71 Column_72 Column_73 Column_74 Column_75 Column_76 Column_77 Column_78 Column_79 Column_80 Column_81 Column_82 Column_83 Column_84 Column_85 Column_86 Column_87 Column_88 Column_89 Column_90 Column_91 Column_92 Column_93 Column_94 Column_95 Column_96 Column_97 Column_98 Column_99 Column_100 Column_101 Column_102 Column_103 Column_104 Column_105 Column_106 Column_107 Column_108 Column_109 Column_110 Column_111 Column_112 Column_113 Column_114 Column_115 Column_116 Column_117 Column_118 Column_119 Column_120 Column_121 Column_122 Column_123 Column_124 Column_125 Column_126 Column_127 Column_128 Column_129 Column_130 Column_131 Column_132 Column_133 Column_134 Column_135 Column_136 Column_137 Column_138 Column_139 Column_140 Column_141 Column_142 Column_143 Column_144 Column_145 Column_146 Column_147 Column_148 Column_149 Column_150 Column_151 Column_152 Column_153 Column_154 Column_155 Column_156 Column_157 Column_158 Column_159 Column_160 Column_161 Column_162 Column_163 Column_164 Column_165 Column_166 Column_167 Column_168 Column_169 Column_170 Column_171 Column_172 Column_173 Column_174 Column_175 Column_176 Column_177 Column_178 Column_179 Column_180 Column_181 Column_182 Column_183 Column_184 Column_185 Column_186 Column_187 Column_188 Column_189 Column_190 Column_191 Column_192 Column_193 Column_194 Column_195 Column_196 Column_197 Column_198 Column_199 Column_200 Column_201 Column_202 Column_203 Column_204 Column_205 Column_206 Column_207 Column_208 Column_209 Column_210 Column_211 Column_212 Column_213 Column_214 Column_215 Column_216 Column_217 Column_218 Column_219 Column_220 Column_221 Column_222 Column_223 Column_224 Column_225 Column_226 Column_227 Column_228 Column_229 Column_230 Column_231 Column_232 Column_233 Column_234 Column_235 Column_236 Column_237 Column_238 Column_239 Column_240 Column_241 Column_242 Column_243 Column_244 Column_245 Column_246 Column_247 Column_248 Column_249 Column_250 Column_251 Column_252 Column_253 Column_254 Column_255 Column_256 Column_257 Column_258
feature_infos=[-27628.5:24918.5] [-26713.5:25793] [-27956:20624] [-27797:24746.5] [-31260.439453125:26191.474609375] [358.22235107421875:5520.84716796875] [-27513.197265625:20053.935546875] [-27809:24747.5] [-27161.5:25060.5] [-28265:19887.5] [-27781:24010] [-31175.830078125:26001.759765625] [358.22235107421875:5520.84716796875] [-27366.26953125:20069.3046875] [-27797:24011] [-27451:24771] [-28470.5:20061] [-28159:23724.5] [-31077.130859375:25799.515625] [358.22235107421875:5520.84716796875] [-27183.9609375:19770.095703125] [-28183:23725.5] [-27437.5:24038.5] [-28422:19046] [-27694:21839] [-30965.67578125:25595.740234375] [358.22235107421875:5520.84716796875] [-27230.328125:19369.287109375] [-27700.5:21840] [-25597:23524.5] [-28457:18885] [-26981:22478] [-30843.275390625:25405.814453125] [358.22235107421875:5520.84716796875] [-27087.1171875:19242.259765625] [-27151:22479] [-26364.5:23879] [-28826.5:18710] [-26649:22832.5] [-30716.865234375:25213.96484375] [358.22235107421875:5520.84716796875] [-26951.197265625:19133.935546875] [-26669:22833.5] [-24461:23146.5] [-28512:18910] [-27036:21895.5] [-30613.830078125:25039.029296875] [358.22235107421875:5520.84716796875] [-26804.26953125:19149.3046875] [-27206:21896.5] [-26419.5:22209.5] [-28881.5:18789] [-26704:20157.5] [-30515.130859375:24855.3046875] [358.22235107421875:5520.84716796875] [-26583.3359375:18850.095703125] [-26734.5:20157.5] [-25948:20419] [-28410:19315] [-26232.5:19799.5] [-30403.67578125:24663.8203125] [358.22235107421875:5520.84716796875] [-26255.669921875:18432.474609375] [-26279.5:19793] [-25493:20731] [-27955:19099.5] [-25777.5:19661.5] [-30281.275390625:24472.1640625] [358.22235107421875:5520.84716796875] [-25841.0625:18214.705078125] [-25797.5:19662] [-23213.5:20979] [-27186:19545] [-23559.5:19853] [-30154.865234375:24276.26953125] [358.22235107421875:5520.84716796875] [-25405.330078125:18030.095703125] [-23567:19871] [-22220:22277] [-24698:19478.5] [-23537:19549] [-30023.5546875:24063.009765625] [358.22235107421875:5520.84716796875] [-24970.208984375:18145.978515625] [-23548:19553.5] [-21688:19781] [-24243:18633] [-22673.5:19011] [-29895.515625:23840.205078125] [358.22235107421875:5520.84716796875] [-24688.373046875:18224.6171875] [-22684.5:19013.5] [-21391:19465] [-23319.5:18616] [-21926:18774.5] [-29772.734375:23616.529296875] [358.22235107421875:5520.84716796875] [-24437.248046875:18274.60546875] [-21897:18768] [-21418.5:20716] [-22198.5:18694] [-21580:19306.5] [-29643.650390625:23381.564453125] [358.22235107421875:5520.84716796875] [-24177.498046875:18368.4140625] [-21580:19304] [-21007:19549] [-22646.5:19087] [-21410:19161.5] [-29510.009765625:23126.224609375] [358.22235107421875:5520.84716796875] [-23925.90625:18440.513671875] [-21365:19156] [-21065.5:20440.5] [-22724.5:18588.5] [-21401:19902.5] [-29371.0703125:22884.205078125] [358.22235107421875:5520.84716796875] [-23696.369140625:18459.693359375] [-21366:19833] [-20471:21349] [-21880.5:18184] [-21109:20811] [-29229.25:22627.39453125] [358.22235107421875:5520.84716796875] [-23424.427734375:18456.44921875] [-21122:20741.5] [-19949.5:21574] [-21552.5:19016.5] [-20484:21036] [-29082.740234375:22328.095703125] [358.22235107421875:5520.84716796875] [-23149.751953125:18453.453125] [-20558:20966.5] [-20014:21417] [-21679.5:19552.5] [-20932:20577] [-28945.140625:22032.5546875] [358.22235107421875:5520.84716796875] [-22948.138671875:18445.548828125] [-21006:20602.5] [-19994:21791] [-21232.5:19777.5] [-20695.5:20046.5] [-28802.33984375:21728.220703125] [358.22235107421875:5520.84716796875] [-22743.353515625:18588.408203125] [-20710:20161.5] [-18741:20583.5] [-21398:19571] [-19301.5:19573] [-28640.830078125:21428.314453125] [358.22235107421875:5520.84716796875] [-22390.775390625:18677.916015625] [-19301.5:19570] [-18326:19651.5] [-20534.5:18393] [-18483:18478] [-28471.0703125:21120.390625] [358.22235107421875:5520.84716796875] [-22035.5234375:18659.7421875] [-18473:18478.5] [-17639:19812] [-19129:18395] [-19082:19252.5] [-28294.390625:20964.185546875] [358.22235107421875:5520.84716796875] [-21642.29296875:18713.62890625] [-19024:19260] [-17669:19717] [-19577:17857.5] [-19530:17947] [-28129.740234375:20890.380859375] [358.22235107421875:5520.84716796875] [-21450.267578125:18643.935546875] [-19472:17946] [-18117:18891] [-19571:17801.5] [-19088:18813] [-27957.470703125:20830.064453125] [358.22235107421875:5520.84716796875] [-21235.515625:18659.3046875] [-19091:18820] [-18047:20464] [-19117:15288] [-18347.5:16145.5] [-27773.544921875:20741.1953125] [358.22235107421875:5520.84716796875] [-20972.96875:18360.095703125] [-18379:16153] [-17711:17759.5] [-18517:14750.5] [-17884:15729.5] [-27577.17578125:20663.349609375] [358.22235107421875:5520.84716796875] [-20692.15234375:17172.5859375] [-17911:15736.5] [-15571:18960.5] [-18005:14694.5] [-15729.5:15706] [-27359.71484375:20549.60546875] [358.22235107421875:5520.84716796875] [-20226.59375:16448.98828125] [-15761:15713] [-15093:21869.5] [-16038:13060.5] [-15266:14719.5] [-27128.685546875:20401.435546875] [358.22235107421875:5520.84716796875] [-19722.8125:15723.80859375] [-15293:14722] [-14309.5:20012] [-15526:14273.5] [-14914:14275.5] [-26905.775390625:20231.779296875] [358.22235107421875:5520.84716796875] [-19285.6484375:14868.552734375] [-14979:14272.5] [-13582:21968.5] [-15530:13095.5] [-14551:13404] [-26673.1640625:20035.205078125] [358.22235107421875:5520.84716796875] [-18855.224609375:14076.775390625] [-14617:13411] [-13410:18782.5] [-15978:13097.5] [-13410.5:13955] [-26428.619140625:19817.435546875] [358.22235107421875:5520.84716796875] [-18360.25:13416.12890625] [-13387:13962.5] [-10964:14419.5] [-13998:12560] [-11933:12649.5] [-26168.2890625:19612.8203125] [358.22235107421875:5520.84716796875] [-17645.318359375:13346.435546875] [-11999:12648.5] [-10792:16442.5] [-13360:12504] [-10792.5:13515.5] [-25827.9609375:19390.1953125] [358.22235107421875:5520.84716796875] [-16279.1982421875:13361.8046875] [-10769:13522.5] [-7655:15166.5] [-11666:6975] [-7878:10070.5] [-25509.66015625:19158.42578125] [358.22235107421875:5520.84716796875] [-15282.271484375:13062.595703125] [-7943:10080.5] [0:13141] [-10164.5:0] none [-25131.599609375:18926.23046875] [358.22235107421875:5520.84716796875] [-13892.9736328125:11875.0869140625]
tree_sizes=2770 2804 2799 2799 2795 2798 2809 2808 2825 2812 2815 2819 2784 2813 2788 2804 2808 2806 2803 2807 2805 2809 2796 2792 2807 2802 2813 2805 2814 2817 2827 2813 2815 2807 2804 2830 2798 2797 2837 2843 2805 2875 2832

Tree=0
num_leaves=31
num_cat=0
split_feature=187 243 253 120 250 210 0 19 213 50 127 5 252 241 33 92 147 148 200 177 85 19 110 11 181 252 211 205 107 205
split_gain=7.47664e+08 2.78393e+08 1.53352e+08 1.05689e+08 8.55407e+07 7.42694e+07 7.25687e+07 5.86907e+07 4.4602e+07 5.52036e+07 4.36135e+07 3.65324e+07 3.54219e+07 3.27491e+07 4.61962e+07 2.6565e+07 2.63024e+07 3.75806e+07 3.57759e+07 3.92976e+07 7.47103e+07 3.55363e+07 3.52314e+07 2.53872e+07 2.79759e+07 2.40864e+07 2.40465e+07 2.36531e+07 2.3332e+07 2.32403e+07
threshold=1919.6887207031252 871.66299438476574 2500.2500000000005 -9461.7499999999982 1212.4682617187502 4466.0000000000009 -14709.999999999998 2561.105346679688 -1450.2499999999998 -12397.499999999998 5369.5000000000009 2015.7981567382815 949.75000000000011 1137.2500000000002 2561.105346679688 -1630.2499999999998 468.00000000000006 609.00000000000011 -12271.572265624998 -5849.7499999999991 -4102.7499999999991 2829.083862304688 2561.105346679688 -8510.3525390624982 2851.4018554687505 31.750000000000004 1417.7500000000002 5048.2500000000009 -9967.9999999999982 3672.0000000000005
decision_type=2 2 2 2 2 2 2 2 2 2 2 2 2 2 2 2 2 2 2 2 2 2 2 2 2 2 2 2 2 2
left_child=1 -1 3 6 -3 13 -2 11 9 -6 -7 -4 28 16 -15 -14 17 18 -5 20 -20 -19 -22 -9 -25 -18 -27 -12 -11 -10
right_child=2 4 7 5 8 10 -8 23 29 12 27 -13 15 14 -16 -17 25 21 19 -21 22 -23 -24 24 -26 26 -28 -29 -30 -31
leaf_value=491.26868828805198 545.91261570918425 499.53919984108097 593.84571768863418 460.98661975651578 600.43678272950513 631.54653294312811 671.63325840699531 571.35803272950511 504.60962136639586 474.61331001984934 583.91166907580191 513.67719903377554 529.3771986835651 519.93668167028204 573.10955852208519 601.24803279626235 499.16760541014122 538.44104104809901 506.14899401365346 514.74420795048127 650.31053280579908 611.71053294511842 557.58434226012662 680.59235118875586 606.86859744252172 553.01101300539278 508.88520314272 508.78178231465677 515.71446693767393 526.7806933125994
leaf_weight=10519 24 7129 27 23 20 25 22 20 2526 36 22 30 36 87 77 20 205 59 39 219 20 23 21 22 31 52 76 20 845 124
leaf_count=10519 24 7129 27 23 20 25 22 20 2526 36 22 30 36 87 77 20 205 59 39 219 20 23 21 22 31 52 76 20 845 124
internal_value=499.169 497.05 538.545 531.99 502.714 528.471 606.04 589.671 508.988 518.24 579.259 551.652 516.486 524.694 544.902 555.045 520.197 528.773 521.078 525.7 555.691 558.992 602.817 619.358 637.471 509.793 526.811 548.136 514.035 505.647
internal_weight=22399 21255 1144 1014 10736 968 46 130 3607 957 67 57 937 901 164 56 737 404 322 299 80 82 41 73 53 333 128 42 881 2650
internal_count=22399 21255 1144 1014 10736 968 46 130 3607 957 67 57 937 901 164 56 737 404 322 299 80 82 41 73 53 333 128 42 881 2650
is_linear=0
shrinkage=1


Tree=1
num_leaves=31
num_cat=0
split_feature=250 253 243 208 180 19 238 132 224 248 250 206 226 1 212 163 141 172 13 24 195 96 11 181 159 19 248 241 33 219
split_gain=6.7647e+08 1.80975e+08 1.77168e+08 9.68316e+07 9.98457e+07 8.27244e+07 6.36376e+07 3.89664e+07 3.54701e+07 4.47711e+07 3.39476e+07 2.98761e+07 4.55698e+07 2.95004e+07 2.93873e+07 2.74297e+07 3.69444e+07 2.43182e+07 2.36763e+07 3.16192e+07 3.43733e+07 2.52354e+07 2.20878e+07 2.65232e+07 2.20509e+07 2.09388e+07 2.80107e+07 2.26801e+07 4.11432e+07 2.09021e+07
threshold=1448.6674804687502 2500.2500000000005 840.94509887695324 2452.587280273438 2448.109497070313 2561.105346679688 588.25000000000011 -4800.5488281249991 -187.24999999999997 -126.74999999999999 1136.6364746093752 4474.7500000000009 -1686.2499999999998 7147.0000000000009 3821.7500000000005 2418.0000000000005 4447.2500000000009 16043.359863281252 4264.8852539062509 3253.7500000000005 2408.829956054688 946.88607788085949 -8510.3525390624982 2851.4018554687505 1919.6887207031252 2829.083862304688 -1258.2499999999998 -1260.9999999999998 3239.036743164063 -2319.2499999999995
decision_type=2 2 2 2 2 2 2 2 2 2 2 2 2 2 2 2 2 2 2 2 2 2 2 2 2 2 2 2 2 2
left_child=2 3 -1 13 -5 7 8 -3 9 25 -4 12 -8 14 18 16 -10 -15 21 -20 -21 -2 -7 -24 -19 26 -6 28 -27 -12
right_child=1 5 10 4 6 22 11 -9 15 -11 29 -13 -14 17 -16 -17 -18 24 19 20 -22 -23 23 -25 -26 27 -28 -29 -30 -31
leaf_value=-7.8918243489542368 71.295247955322267 86.525910094124939 -0.49934790373791949 128.36499063809714 -39.654629681905114 68.579596862792968 111.48355712890626 21.262490465604898 7.2258528529473072 66.443285179138186 14.159097813978642 97.245014682182898 34.095477757887409 -6.081799046198527 76.708217457362579 43.92032240231832 -64.631215159098304 -1.8194850921630861 -5.4026775905064177 113.04082901000977 36.855156540452391 14.742581035878244 172.3522015658292 101.03509806692601 69.810747981071472 49.76187100265966 27.595340546965602 73.240084808349607 -41.12166244506836 3.8295610206295247
leaf_weight=9815 20 35 6689 30 30 20 23 66 53 67 596 39 110 234 21 24 27 21 28 20 57 1441 22 32 22 33 32 25 20 2747
leaf_count=9815 20 35 6689 30 30 20 23 66 53 67 596 39 110 234 21 24 27 21 28 20 57 1441 22 32 22 33 32 25 20 2747
internal_value=1.41944e-07 24.2319 -3.11582 20.6191 39.8557 73.304 34.3582 43.8785 20.8612 32.8301 1.55687 58.7627 47.4784 15.3249 17.9528 -2.96139 -17.0259 0.268904 17.1649 40.098 56.6436 15.5167 113.466 130.09 34.8285 16.7437 -4.94497 33.9835 15.4662 5.67114
internal_weight=22399 2552 19847 2377 513 175 483 101 311 207 10032 172 133 1864 1587 104 80 277 1566 105 77 1461 74 54 43 140 62 78 53 3343
internal_count=22399 2552 19847 2377 513 175 483 101 311 207 10032 172 133 1864 1587 104 80 277 1566 105 77 1461 74 54 43 140 62 78 53 3343
is_linear=0
shrinkage=0.05


Tree=2
num_leaves=31
num_cat=0
split_feature=187 243 253 120 257 0 210 19 192 213 50 5 248 214 241 19 47 67 216 122 75 224 48 76 100 57 141 210 24 107
split_gain=6.141e+08 2.26838e+08 1.2445e+08 9.24002e+07 7.54564e+07 6.38437e+07 6.10593e+07 4.76696e+07 4.09064e+07 3.98717e+07 4.8075e+07 3.19633e+07 2.98987e+07 3.14039e+07 2.92918e+07 3.05005e+07 4.58008e+07 2.67288e+07 3.50366e+07 3.83017e+07 2.54836e+07 5.18175e+07 3.31211e+07 3.6915e+07 2.34676e+07 3.42513e+07 2.17279e+07 2.57021e+07 2.16957e+07 2.1628e+07
threshold=1919.6887207031252 840.94509887695324 2500.2500000000005 -9461.7499999999982 1225.4830322265627 -14709.999999999998 4466.0000000000009 2561.105346679688 5607.2500000000009 -1393.2499999999998 -12397.499999999998 2015.7981567382815 917.75000000000011 -230.18249511718747 -1695.9999999999998 1372.9792480468752 1668.9749145507815 -13020.774902343748 -3563.5700683593745 -5873.4999999999991 2682.6601562500005 -1348.7499999999998 -2789.4594726562495 7691.4289550781259 -779.74999999999989 -4046.4999999999995 1671.0000000000002 403.25000000000006 -1502.9999999999998 -9967.9999999999982
decision_type=2 2 2 2 2 2 2 2 2 2 2 2 2 2 2 2 2 2 2 2 2 2 2 2 2 2 2 2 2 2
left_child=1 -1 3 5 -3 -2 14 11 -8 10 -6 -4 29 -14 17 -16 -17 -5 19 -19 24 28 -23 26 25 -18 -24 -28 -22 -12
right_child=2 4 7 6 9 -7 8 -9 -10 -11 12 -13 13 -15 15 16 20 18 -20 -21 21 22 23 -25 -26 -27 27 -29 -30 -31
leaf_value=-7.4972336345558803 42.622085003058118 0.20645554618809966 86.946045049031582 -49.785982227325441 94.430065612792973 160.54304289384322 101.72859813889792 108.49757002739057 20.246297343571982 5.7108191462168083 -23.734898961556926 11.95827528635661 25.464791748740456 101.02800601959228 0.38351164774580315 87.79106510947733 34.472743047819691 0.31342161319873951 -6.5018468931778193 83.068025973953056 48.193003707885744 64.862430074940562 36.163524858413204 59.694611358642582 31.642110173652572 -11.881342449003053 -59.002551963112573 5.4674084667976093 110.79675600605627 15.327521381479176
leaf_weight=9815 24 8010 27 20 20 22 43 73 24 2471 37 30 44 20 91 34 65 27 97 29 25 46 31 36 192 103 22 52 31 838
leaf_count=9815 24 8010 27 20 20 22 43 73 24 2471 37 30 44 20 91 34 65 27 97 29 25 46 31 36 192 103 22 52 31 838
internal_value=-5.5802e-08 -1.92069 35.6856 29.7808 2.86373 99.0191 26.4905 81.7432 72.5409 9.06919 17.7225 47.4788 16.0887 49.0783 23.0661 27.4609 31.3291 4.57246 11.6781 43.1685 28.1455 40.6565 28.0214 16.0023 19.7007 6.05327 1.02208 -13.6993 82.8487 13.6757
internal_weight=22399 21255 1144 1014 11440 46 968 130 67 3430 959 57 939 64 901 728 637 173 153 56 603 243 187 141 360 168 105 74 56 875
internal_count=22399 21255 1144 1014 11440 46 968 130 67 3430 959 57 939 64 901 728 637 173 153 56 603 243 187 141 360 168 105 74 56 875
is_linear=0
shrinkage=0.05


Tree=3
num_leaves=31
num_cat=0
split_feature=229 243 253 120 0 257 19 210 122 211 234 241 253 206 67 197 184 215 137 95 114 52 251 33 6 6 225 233 164 177
split_gain=5.55891e+08 1.99681e+08 1.09062e+08 6.52141e+07 6.32952e+07 5.98621e+07 5.10677e+07 5.09061e+07 7.10574e+07 3.69101e+07 2.97775e+07 2.94477e+07 2.7893e+07 2.75693e+07 2.56756e+07 2.55189e+07 2.40162e+07 2.73566e+07 2.39133e+07 4.62946e+07 5.33855e+07 2.75364e+07 2.54382e+07 2.46268e+07 4.19588e+07 3.28329e+07 2.64089e+07 2.14421e+07 2.12321e+07 2.11146e+07
threshold=1881.685974121094 871.66299438476574 2500.2500000000005 -9461.7499999999982 -14709.999999999998 1339.193786621094 2561.105346679688 4466.0000000000009 2657.0000000000005 -3100.9999999999995 -1635.2499999999998 -1767.7499999999998 3458.2500000000005 6337.2500000000009 -13020.774902343748 -1146.7499999999998 1645.7500000000002 2076.7263183593755 -2990.7224121093745 -862.11499023437489 -3916.2499999999995 -6785.2499999999991 -3090.1030273437495 2561.105346679688 -8919.3686523437482 -4130.2841796874991 743.75000000000011 -1239.2499999999998 2660.0000000000005 1467.0000000000002
decision_type=2 2 2 2 2 2 2 2 2 2 2 2 2 2 2 2 2 2 2 2 2 2 2 2 2 2 2 2 2 2
left_child=1 -1 3 4 -2 -3 12 11 -9 10 -7 14 -4 -10 -5 -16 18 -18 21 20 -20 22 -13 24 -23 -25 -27 -8 -29 -19
right_child=2 5 6 7 -6 9 27 8 13 -11 -12 16 -14 -15 15 -17 17 29 19 -21 -22 23 -24 25 -26 26 -28 28 -30 -31
leaf_value=-6.7863417131112858 30.224997036273663 1.0617139161732869 18.435854623484058 -51.169428768157957 144.09332056460173 19.364059962075334 60.430991690499447 141.29100479852588 68.439853934085733 8.5391833300766855 65.850783064900611 5.2456333423482961 84.851069686889659 4.2858816595638505 33.076408089531796 -9.5875538178637054 -18.41219278395176 -23.664052889347076 142.96891784667969 28.129822999343538 49.023029010526599 -64.126890928848937 62.436888208631743 78.556111731896038 9.9610859467919965 48.323247573852541 -21.258538780212405 159.1116353716169 93.997139493880738 32.758623787791457
leaf_weight=10519 26 8536 43 20 23 116 21 21 33 1947 49 29 25 34 63 79 60 20 20 228 62 23 59 26 113 25 30 21 31 97
leaf_count=10519 26 8536 43 20 23 116 21 21 33 1947 49 29 25 34 63 79 60 20 20 228 62 23 59 26 113 25 30 21 31 97
internal_value=-2.54398e-07 -1.90032 32.6494 27.3013 83.6734 2.92651 74.0307 24.6504 61.038 10.4634 33.1692 21.2939 42.8532 35.8841 1.87042 9.34082 25.2669 9.03714 29.9378 39.7174 71.9367 19.9979 43.5898 10.4307 -2.5685 32.2566 10.3695 103.073 120.293 23.1137
internal_weight=22399 21167 1232 1091 49 10648 141 1042 88 2112 165 954 68 67 162 142 792 177 615 310 82 305 88 217 136 81 55 73 52 117
internal_count=22399 21167 1232 1091 49 10648 141 1042 88 2112 165 954 68 67 162 142 792 177 615 310 82 305 88 217 136 81 55 73 52 117
is_linear=0
shrinkage=0.05


Tree=4
num_leaves=31
num_cat=0
split_feature=187 257 253 120 243 0 210 19 219 246 127 194 5 239 26 176 26 26 250 205 11 181 205 94 205 8 200 36 175 224
split_gain=5.03039e+08 1.88288e+08 1.01352e+08 7.6172e+07 5.57187e+07 5.19111e+07 4.96769e+07 3.85414e+07 3.60634e+07 4.78471e+07 3.48465e+07 3.36399e+07 2.84296e+07 2.73563e+07 3.53039e+07 3.5338e+07 2.71424e+07 3.17275e+07 4.76374e+07 2.39738e+07 2.07178e+07 2.19938e+07 2.00676e+07 3.00752e+07 1.90824e+07 1.87415e+07 1.82796e+07 2.39457e+07 1.86159e+07 2.01806e+07
threshold=1919.6887207031252 1103.561950683594 2500.2500000000005 -9461.7499999999982 837.69616699218761 -14709.999999999998 4466.0000000000009 2561.105346679688 -2319.2499999999995 1604.2500000000002 5369.5000000000009 1466.8457641601565 2015.7981567382815 2029.7500000000002 2561.105346679688 709.75000000000011 1294.765319824219 1770.6844482421877 2076.7263183593755 -2467.2499999999995 -8510.3525390624982 2851.4018554687505 3672.0000000000005 1593.2500000000002 5048.2500000000009 -10778.749999999998 -12271.572265624998 -8242.7499999999982 5382.2500000000009 -1912.7499999999998
decision_type=2 2 2 2 2 2 2 2 2 2 2 2 2 2 2 2 2 2 2 2 2 2 2 2 2 2 2 2 2 2
left_child=1 4 3 5 -1 -2 13 12 9 -3 -8 -11 -4 16 -15 -16 -5 18 19 -18 -9 -22 25 -24 -12 -10 -19 -28 29 -29
right_child=2 8 7 6 -6 -7 10 20 22 11 24 -13 -14 14 15 -17 17 26 -20 -21 21 -23 23 -25 -26 -27 27 28 -30 -31
leaf_value=-6.8308826380189718 38.979730741182969 11.834194736952414 80.274362768950297 -18.225278101144013 -0.75393082615845364 145.31122221513229 112.25632632446289 54.557701463699345 -44.659307708740236 89.371067602975032 69.832650410045275 17.217226333618164 9.5530334091186528 17.326573732810292 101.56602479257892 38.45920028625391 116.01883087158204 -21.95168265140418 -7.637155028751919 49.246472949516487 152.51600137190385 87.147907761604557 79.201750059127818 13.471259896968727 2.3512255859375002 3.859839805824794 66.300087041440221 27.401605830849082 53.585288347516752 4.3462457550983684
leaf_weight=9725 24 1027 27 54 6162 22 25 20 20 35 22 30 30 123 31 78 20 33 28 41 22 31 20 134 20 4102 23 138 28 304
leaf_count=9725 24 1027 27 54 6162 22 25 20 20 35 22 30 30 123 31 78 20 33 28 41 22 31 20 134 20 4102 23 138 28 304
internal_value=1.41843e-07 -1.73836 32.2979 26.9691 -4.47385 89.8339 23.9817 73.8622 6.35754 14.4672 65.5187 56.0693 43.0526 20.893 35.6876 56.407 15.7624 18.7467 46.3555 71.139 97.9191 114.282 4.2865 22.0077 37.6986 3.62442 14.0752 16.4868 14.0491 11.5445
internal_weight=22399 21255 1144 1014 15887 46 968 130 5368 1092 67 65 57 901 232 109 669 615 89 61 73 53 4276 154 42 4122 526 493 470 442
internal_count=22399 21255 1144 1014 15887 46 968 130 5368 1092 67 65 57 901 232 109 669 615 89 61 73 53 4276 154 42 4122 526 493 470 442
is_linear=0
shrinkage=0.05


Tree=5
num_leaves=31
num_cat=0
split_feature=250 253 243 208 180 19 238 226 206 173 197 173 19 197 4 1 250 212 13 24 121 96 172 155 159 233 164 241 252 0
split_gain=4.58424e+08 1.22312e+08 1.16992e+08 6.70703e+07 8.56382e+07 5.32585e+07 5.2401e+07 4.91442e+07 4.18608e+07 3.18586e+07 3.08773e+07 3.06963e+07 3.0531e+07 2.95858e+07 2.63763e+07 2.54623e+07 2.41354e+07 2.15829e+07 2.15052e+07 2.83141e+07 3.09611e+07 2.25229e+07 2.00748e+07 1.97002e+07 1.89146e+07 1.87011e+07 1.93491e+07 1.85684e+07 2.12437e+07 1.81195e+07
threshold=1448.6674804687502 2500.2500000000005 837.69616699218761 2452.587280273438 2448.109497070313 2561.105346679688 253.25000000000003 -1686.2499999999998 4474.7500000000009 3976.314086914063 -3427.2499999999995 3248.338500976563 3239.036743164063 -444.74999999999994 -9555.7021484374982 7147.0000000000009 1136.6364746093752 3821.7500000000005 4264.8852539062509 3253.7500000000005 654.50000000000011 946.88607788085949 16043.359863281252 5278.7500000000009 1919.6887207031252 -1239.2499999999998 2660.0000000000005 798.75000000000011 170.75000000000003 -591.74999999999989
decision_type=2 2 2 2 2 2 2 2 2 2 2 2 2 2 2 2 2 2 2 2 2 2 2 2 2 2 2 2 2 2
left_child=2 3 -1 15 -5 10 9 -8 27 11 -3 12 13 -6 -15 17 -4 18 21 -20 -21 -2 -17 -12 -24 -7 -27 -9 -29 -23
right_child=1 5 16 4 6 25 7 8 -10 -11 23 -13 -14 14 -16 22 -18 -19 19 20 -22 29 24 -25 -26 26 -28 28 -30 -31
leaf_value=-6.4806001226502268 65.462629718780519 92.315879111289973 -0.51636692445312382 114.95813264846802 40.709858032635282 52.583343346913665 107.84709830119692 5.1070447777256831 82.756131118383166 -28.404013131794176 3.0155705432502593 57.622553589033046 -44.702553640093129 -46.592083068515947 14.711081656249796 -7.1860642277277442 4.6752220898273817 65.365847869146435 -6.8627562114170617 105.37601432800294 33.070602939003393 16.091457232057923 -3.9578520366123748 53.455603229999546 62.383032018488109 145.62980604625884 83.863210794329646 85.629864654541024 23.255442907643875 4.2847856167831813
leaf_weight=9727 20 20 6777 30 84 21 29 66 39 38 49 46 21 23 74 234 3343 21 28 20 57 946 21 32 22 21 32 20 43 495
leaf_count=9727 20 20 6777 30 84 21 29 66 39 38 49 46 21 23 74 234 3343 21 28 20 57 946 21 32 22 21 32 20 43 495
internal_value=-5.6281e-11 19.9479 -2.56497 16.9778 32.9875 60.29 27.8962 47.7396 37.3639 14.2278 36.6798 20.7601 12.3657 18.9869 0.17528 12.5717 1.1986 15.0131 14.3379 36.1942 51.8512 12.7671 -1.41598 22.9425 29.984 92.5148 108.337 23.6407 43.0568 12.0357
internal_weight=22399 2552 19847 2377 513 175 483 197 168 286 101 248 202 181 97 1864 10120 1587 1566 105 77 1461 277 81 43 74 53 129 63 1441
internal_count=22399 2552 19847 2377 513 175 483 197 168 286 101 248 202 181 97 1864 10120 1587 1566 105 77 1461 277 81 43 74 53 129 63 1441
is_linear=0
shrinkage=0.05


Tree=6
num_leaves=31
num_cat=0
split_feature=250 253 243 208 180 19 239 253 163 51 132 257 159 184 220 1 219 10 125 212 13 24 121 96 123 87 254 172 254 159
split_gain=4.13728e+08 1.10386e+08 1.05585e+08 6.05309e+07 7.72885e+07 4.80658e+07 4.77663e+07 3.45316e+07 3.46238e+07 3.01434e+07 2.93085e+07 2.47633e+07 3.05424e+07 2.80407e+07 2.34173e+07 2.29798e+07 2.18867e+07 2.06036e+07 1.96617e+07 1.94786e+07 1.94084e+07 2.55535e+07 2.79424e+07 2.03269e+07 1.84962e+07 1.82697e+07 2.7151e+07 1.81175e+07 1.72346e+07 1.70704e+07
threshold=1448.6674804687502 2500.2500000000005 837.69616699218761 2452.587280273438 2448.109497070313 2561.105346679688 292.75000000000006 1027.7500000000002 -4781.2499999999991 -2988.9999999999995 -4800.5488281249991 3975.563110351563 3975.563110351563 3620.2500000000005 -2362.7499999999995 7147.0000000000009 -1651.4999999999998 -3688.7499999999995 8159.5883789062509 3821.7500000000005 4264.8852539062509 3253.7500000000005 654.50000000000011 946.88607788085949 35.592498779296882 5774.7500000000009 -514.74999999999989 16043.359863281252 -1603.4999999999998 1919.6887207031252
decision_type=2 2 2 2 2 2 2 2 2 2 2 2 2 2 2 2 2 2 2 2 2 2 2 2 2 2 2 2 2 2
left_child=2 3 -1 15 -5 10 7 8 -6 -9 -3 12 13 14 -8 19 -4 -13 -18 20 23 -22 -23 -2 -12 26 -7 28 -17 -29
right_child=1 5 16 4 6 25 11 9 -10 -11 24 17 -14 -15 -16 27 18 -19 -20 -21 21 22 -24 -25 -26 -27 -28 29 -30 -31
leaf_value=-6.1565698400290714 62.189497361183172 71.832376071384985 5.6275302588591671 109.21022584279379 50.879262497845822 27.378764593033566 80.11337295879018 -64.202917534964428 -3.972821481661363 13.048867200768512 -12.893270429488153 39.635262589227587 -25.380992235456194 81.915976395145549 25.764763243556025 -46.061042755126955 -0.22577280640468966 110.54546653747559 38.44857661507347 62.09755746750605 -6.5196183477129255 100.10721317291261 31.417073076231443 11.433943978381667 40.142429297310969 123.74823168118795 102.03042473628604 -3.7599589211600168 -2.13366537847017 59.263879169117324
leaf_weight=9727 20 35 2141 30 51 21 22 28 66 23 31 21 21 31 200 25 7946 20 33 21 28 20 57 1441 35 24 29 21 209 22
leaf_count=9727 20 35 2141 30 51 21 22 28 66 23 31 21 21 31 200 25 7946 20 33 21 28 20 57 1441 35 24 29 21 209 22
internal_value=4.19981e-08 18.9505 -2.43672 16.1289 31.3382 57.2755 26.5014 4.9707 19.9371 -29.3639 34.8458 37.9844 32.5615 37.3709 31.1507 11.9431 1.13867 74.2256 -0.0658212 14.2625 13.621 34.3845 49.2587 12.1287 15.2317 87.8891 70.6767 -1.34518 -6.82676 28.4848
internal_weight=22399 2552 19847 2377 513 175 483 168 117 51 101 315 274 253 222 1864 10120 41 7979 1587 1566 105 77 1461 66 74 50 277 234 43
internal_count=22399 2552 19847 2377 513 175 483 168 117 51 101 315 274 253 222 1864 10120 41 7979 1587 1566 105 77 1461 66 74 50 277 234 43
is_linear=0
shrinkage=0.05


Tree=7
num_leaves=31
num_cat=0
split_feature=229 257 253 114 37 246 131 257 234 8 213 248 72 136 183 25 32 106 108 86 35 64 107 16 212 233 223 95 206 204
split_gain=3.76231e+08 1.36355e+08 7.36854e+07 4.05031e+07 7.52065e+07 4.20982e+07 5.06131e+07 3.53433e+07 2.91437e+07 2.96204e+07 2.83031e+07 3.10106e+07 3.43384e+07 2.56663e+07 2.41502e+07 2.34017e+07 2.94383e+07 3.59446e+07 5.39164e+07 3.30512e+07 3.04341e+07 3.45178e+07 2.69906e+07 2.62653e+07 2.06855e+07 2.02863e+07 2.5826e+07 2.01014e+07 2.00439e+07 2.24653e+07
threshold=1881.685974121094 1043.296813964844 3458.2500000000005 -11764.749999999998 -14814.999999999998 1772.7500000000002 2561.105346679688 698.66656494140636 476.25000000000006 -6047.7499999999991 -1393.2499999999998 917.75000000000011 -2240.7499999999995 2002.0000000000002 -6740.4999999999991 -7635.9575195312491 4444.8449707031259 -144.74999999999997 2517.2500000000005 4584.5000000000009 -3351.9999999999995 -2298.9999999999995 -46.249999999999993 -6469.4999999999991 -1084.7499999999998 -640.74999999999989 5735.2858886718759 16388.274414062504 4083.0000000000005 2471.7500000000005
decision_type=2 2 2 2 2 2 2 2 2 2 2 2 2 2 2 2 2 2 2 2 2 2 2 2 2 2 2 2 2 2
left_child=1 7 3 4 14 15 25 -1 -8 -10 11 -3 -13 -4 -2 -5 19 -18 22 20 21 23 -19 24 -17 -7 -27 -20 29 -11
right_child=2 10 13 5 -6 6 8 -9 9 28 -12 12 -14 -15 -16 16 17 18 27 -21 -22 -23 -24 -25 -26 26 -28 -29 -30 -31
leaf_value=-7.1746917516924604 -9.3618705272674561 8.7034190797516082 55.872895688480803 0.062952964776440676 137.67576176036491 -11.299824985590849 25.092883015613932 -2.1850732878345567 125.82904525756835 85.703889157555324 2.613740636742937 18.583493745760485 89.256480663299556 124.42223320007325 65.031793746948253 32.032107718094537 -44.709582070381416 27.946780635288789 -26.825742297423513 80.86163107327053 13.228383668119259 101.03651006872005 100.7596891784668 -3.0922174399239677 92.941106033325198 37.651289062869964 -17.483714441152721 15.744893053284398 96.018383994469275 24.052081344392565
leaf_weight=6031 24 1471 36 190 22 44 51 8624 20 22 4961 55 25 22 20 46 31 35 57 28 220 22 20 35 20 116 26 54 26 45
leaf_count=6031 24 1471 36 190 22 44 51 8624 20 22 4961 55 25 22 20 46 31 35 57 28 220 22 20 35 20 116 26 54 26 45
internal_value=-1.48704e-07 -1.56336 26.8601 24.1422 62.1942 21.8755 36.2183 -4.23846 56.4672 70.6273 4.45685 10.3522 40.6688 81.8744 24.4534 15.2529 20.334 4.71315 13.9427 28.6287 24.3648 44.2835 54.4242 31.9215 50.4894 18.3644 27.5561 -6.1157 58.756 44.296
internal_weight=22399 21167 1232 1174 66 1108 350 14655 164 113 6512 1551 80 58 44 758 568 197 166 371 343 123 55 101 66 186 142 111 93 67
internal_count=22399 21167 1232 1174 66 1108 350 14655 164 113 6512 1551 80 58 44 758 568 197 166 371 343 123 55 101 66 186 142 111 93 67
is_linear=0
shrinkage=0.05


Tree=8
num_leaves=31
num_cat=0
split_feature=187 257 239 115 37 253 103 241 219 50 246 75 241 108 19 47 257 188 8 26 232 138 197 233 88 205 141 205 253 122
split_gain=3.41657e+08 1.28053e+08 7.35279e+07 5.1459e+07 6.67364e+07 4.40542e+07 3.83763e+07 2.77822e+07 2.73132e+07 4.09432e+07 2.57813e+07 3.11522e+07 2.41543e+07 2.36448e+07 2.33283e+07 3.69802e+07 2.11612e+07 2.00928e+07 1.81168e+07 1.7752e+07 1.71668e+07 1.67248e+07 1.67054e+07 2.78693e+07 3.01079e+07 1.62524e+07 2.58432e+07 1.76241e+07 1.65553e+07 2.5571e+07
threshold=1919.6887207031252 1103.561950683594 5120.0000000000009 -10436.999999999998 -14814.999999999998 2500.2500000000005 736.76641845703136 1344.2500000000002 -2319.2499999999995 -12397.499999999998 1604.2500000000002 1137.3765258789065 -1767.7499999999998 1609.7500000000002 1372.9792480468752 1668.9749145507815 3975.563110351563 -7596.6499023437491 -10778.749999999998 2561.105346679688 -18.249999999999996 2682.6601562500005 -462.24999999999994 -4275.7499999999991 -7776.0524902343741 3672.0000000000005 3326.5000000000005 2533.7500000000005 545.75000000000011 -4805.2499999999991
decision_type=2 2 2 2 2 2 2 2 2 2 2 2 2 2 2 2 2 2 2 2 2 2 2 2 2 2 2 2 2 2
left_child=1 6 3 4 -2 12 -1 -7 9 -3 17 -12 13 22 -14 -16 -17 -11 -10 -9 -15 -4 23 24 -5 27 -27 28 -20 -30
right_child=2 8 21 5 -6 7 -8 19 18 10 11 -13 14 20 15 16 -18 -19 25 -21 -22 -23 -24 -25 -26 26 -28 -29 29 -31
leaf_value=-6.407441202189915 31.607948646545413 83.182867431640631 49.652274589538578 -44.703937992900613 143.46980285644531 86.249157091287472 -1.4674373382132428 3.2424059935978486 -44.034884872436521 -18.268699892172737 93.705701928734783 17.590379477710258 -1.7124249818477226 -60.73115352340367 74.914593602589193 20.072995789556444 61.167064135002363 10.891535309269113 0.5749542122581256 60.617708440927359 1.7958114124479749 108.29851410773493 -13.504822483586103 62.499145064815401 38.360712941487627 71.157576040994556 11.472209260024522 -8.9280575022781115 29.934271077047391 5.7324313896965498
leaf_weight=7143 40 20 20 20 20 39 8744 28 20 63 20 41 94 23 35 618 33 948 1855 26 21 31 41 31 24 21 133 285 116 1846
leaf_count=7143 40 20 20 20 20 39 8744 28 20 63 20 41 94 23 35 618 33 948 1855 26 21 31 41 31 24 21 133 285 116 1846
internal_value=-1.00326e-07 -1.43263 26.6176 23.8794 68.8952 21.2647 -3.68853 54.0921 5.24388 12.3015 10.9791 42.5462 18.0169 0.32031 21.647 24.8479 22.1561 9.07443 3.44151 30.8676 -30.8887 85.3 12.1582 26.1874 0.604053 3.66461 19.6111 3.06594 3.96148 7.16333
internal_weight=22399 21255 1144 1093 60 1033 15887 93 5368 1092 1072 61 940 160 780 686 651 1011 4276 54 44 51 116 75 44 4256 154 4102 3817 1962
internal_count=22399 21255 1144 1093 60 1033 15887 93 5368 1092 1072 61 940 160 780 686 651 1011 4276 54 44 51 116 75 44 4256 154 4102 3817 1962
is_linear=0
shrinkage=0.05


Tree=9
num_leaves=31
num_cat=0
split_feature=250 253 243 69 151 253 19 254 40 241 253 107 72 56 248 247 38 15 155 253 147 238 134 233 96 11 181 123 99 190
split_gain=3.10603e+08 8.24441e+07 7.95619e+07 4.56934e+07 4.53122e+07 3.72273e+07 3.6429e+07 2.85454e+07 2.67693e+07 3.6783e+07 2.99713e+07 2.3921e+07 2.19891e+07 4.92245e+07 2.72427e+07 2.06372e+07 2.53719e+07 2.14297e+07 2.01782e+07 1.80331e+07 1.84996e+07 1.67853e+07 2.31826e+07 2.19344e+07 1.67795e+07 1.65317e+07 2.12805e+07 1.60954e+07 1.5925e+07 1.51045e+07
threshold=1448.6674804687502 2500.2500000000005 840.94509887695324 -10992.476074218748 -11763.147460937498 303.75000000000006 2561.105346679688 -1020.2499999999999 2682.6601562500005 1083.7500000000002 159.75000000000003 -4103.7499999999991 7250.0000000000009 6654.2500000000009 -2305.2499999999995 -611.74999999999989 3874.7500000000005 4112.7500000000009 -4787.2499999999991 551.25000000000011 6741.2500000000009 -1967.2499999999998 -6112.7499999999991 -2685.2499999999995 1798.9677734375002 -8510.3525390624982 2851.4018554687505 35.592498779296882 8249.0000000000018 -6330.7499999999991
decision_type=2 2 2 2 2 2 2 2 2 2 2 2 2 2 2 2 2 2 2 2 2 2 2 2 2 2 2 2 2 2
left_child=2 3 -1 4 5 -2 11 18 29 10 -10 -3 13 14 -12 16 17 -16 -7 20 -4 23 -23 -21 -24 -8 -27 -13 -11 -5
right_child=1 6 19 8 -6 7 25 -9 9 28 12 27 -14 -15 15 -17 -18 -19 -20 21 -22 22 24 -25 -26 26 -28 -29 -30 -31
leaf_value=-5.3118486755321932 82.158381702588954 61.345342234561315 -0.79179485988766751 -28.633569557189944 92.962086255622637 -47.342774731179944 37.359705200195314 48.248197112544894 74.950878715515145 71.418291849356436 -36.757611415697184 -16.248883727501177 55.497658325195317 -64.865471576018763 29.485737905696951 -20.473078536987305 79.508888122013644 -27.30675065994263 15.369181166024044 12.453939945432875 47.37354503154755 56.84452939510345 2.5354591724264264 70.342594447135923 37.321366348266601 128.42990698380905 64.549013465642929 34.45640339009902 22.857736221313477 10.488232551351999
leaf_weight=9815 23 38 6207 25 33 23 20 31 20 52 23 29 25 22 98 25 21 20 29 90 20 20 3640 20 35 22 32 34 25 1882
leaf_count=9815 23 38 6207 25 33 23 20 31 20 52 23 29 25 22 98 25 21 20 29 90 20 20 3640 20 35 22 32 34 25 1882
internal_value=1.37361e-07 16.4197 -2.11131 13.9813 41.7979 25.8694 49.5408 10.2713 12.2536 25.3792 16.202 30.0141 11.1808 5.87972 14.2027 21.3496 28.8716 19.8599 -12.3688 1.02001 -0.637096 3.73191 3.15892 22.9791 2.86675 76.1922 90.5746 11.1159 55.6519 9.97536
internal_weight=22399 2552 19847 2377 139 106 175 83 2238 331 254 101 234 209 187 164 139 118 52 10032 6227 3805 3695 110 3675 74 54 63 77 1907
internal_count=22399 2552 19847 2377 139 106 175 83 2238 331 254 101 234 209 187 164 139 118 52 10032 6227 3805 3695 110 3675 74 54 63 77 1907
is_linear=0
shrinkage=0.05


Tree=10
num_leaves=31
num_cat=0
split_feature=187 257 239 115 37 253 96 217 50 241 248 122 241 19 47 216 233 257 107 152 75 197 224 79 86 187 51 227 94 3
split_gain=2.8152e+08 1.05477e+08 6.31085e+07 4.54915e+07 5.95354e+07 3.54159e+07 3.47621e+07 2.50317e+07 3.44641e+07 2.41568e+07 2.21088e+07 2.89375e+07 2.13846e+07 2.19017e+07 3.31047e+07 2.11227e+07 2.19431e+07 2.09614e+07 1.91551e+07 1.58041e+07 1.97595e+07 2.51128e+07 3.3115e+07 2.82428e+07 2.47201e+07 2.89379e+07 2.71897e+07 3.02836e+07 2.25048e+07 2.18404e+07
threshold=1919.6887207031252 1123.344421386719 5120.0000000000009 -10436.999999999998 -14814.999999999998 2500.2500000000005 769.24972534179699 -1447.7499999999998 -12397.499999999998 1344.2500000000002 917.75000000000011 -820.24999999999989 -1695.9999999999998 1372.9792480468752 1668.9749145507815 -3563.5700683593745 -4275.7499999999991 3975.563110351563 -9967.9999999999982 3975.563110351563 2682.6601562500005 4967.2500000000009 -1348.7499999999998 -3127.7499999999995 1209.2500000000002 2682.6601562500005 -6432.9999999999991 405.25000000000006 -823.74999999999989 4115.5000000000009
decision_type=2 2 2 2 2 2 2 2 2 2 2 2 2 2 2 2 2 2 2 2 2 2 2 2 2 2 2 2 2 2
left_child=1 6 3 4 -2 12 -1 8 -3 -7 18 -12 15 -14 -15 16 -5 19 -10 20 24 22 -22 -24 25 26 27 -16 -28 -26
right_child=2 7 -4 5 -6 9 -8 -9 10 -11 11 -13 13 14 17 -17 -18 -19 -20 -21 21 -23 23 -25 29 -27 28 -29 -30 -31
leaf_value=-5.6051023922114824 28.732043913006784 76.264836729764951 78.527537342146331 -4.5120198386056085 134.38659584045411 78.585631629748221 -0.97789785553905539 2.9978026037747592 -25.086307181381599 26.94381150316309 16.75873992294073 88.343279747962953 -3.0497914117315545 70.305375813075486 8.6680650834114328 -13.346265879064521 53.254438741745496 59.808790397644046 9.7068424436450016 -25.419451370239258 61.826824143468116 85.464078521728524 59.841753217909073 2.8227120408066759 52.859175384253788 -53.60666658310663 -21.502820885645878 87.583640975952164 17.244889967408898 14.217032403571933
leaf_weight=8002 40 20 51 35 20 39 8237 3762 41 54 48 20 92 35 31 107 31 32 1125 20 49 20 27 111 57 21 77 20 73 102
leaf_count=8002 40 20 51 35 20 39 8237 3762 41 54 48 20 92 35 31 107 31 32 1125 20 49 20 27 111 57 21 77 20 73 102
internal_value=-1.2306e-07 -1.30045 24.1617 21.625 63.9502 19.1666 -3.25802 5.03708 11.1549 48.6001 10.0996 37.813 16.2545 19.8362 22.9555 0.37524 22.6207 20.366 8.48341 18.2901 19.7768 32.2118 26.5164 13.9786 13.0208 2.24235 8.07733 39.6153 -2.6456 28.0699
internal_weight=22399 21255 1144 1093 60 1033 16239 5016 1254 93 1234 68 940 767 675 173 66 640 1166 608 588 207 187 138 381 222 201 51 150 159
internal_count=22399 21255 1144 1093 60 1033 16239 5016 1254 93 1234 68 940 767 675 173 66 640 1166 608 588 207 187 138 381 222 201 51 150 159
is_linear=0
shrinkage=0.05


Tree=11
num_leaves=31
num_cat=0
split_feature=250 253 243 163 36 12 85 19 239 131 112 226 219 253 257 197 135 147 224 186 118 141 211 204 22 43 204 83 219 155
split_gain=2.55741e+08 6.71312e+07 6.56207e+07 4.06486e+07 4.31021e+07 4.42287e+07 3.61552e+07 3.14459e+07 2.84568e+07 4.6998e+07 3.81179e+07 3.47752e+07 2.64516e+07 2.22537e+07 2.16001e+07 2.10396e+07 2.10014e+07 2.33734e+07 2.79174e+07 2.34206e+07 3.67735e+07 1.94252e+07 2.09313e+07 1.85702e+07 1.82608e+07 2.46936e+07 1.74506e+07 1.706e+07 1.64923e+07 1.63033e+07
threshold=1448.6674804687502 2500.2500000000005 837.69616699218761 -6779.2499999999991 -13015.249999999998 2561.105346679688 -3987.4999999999995 2561.105346679688 873.25000000000011 2561.105346679688 -5929.7499999999991 2184.2500000000005 -2865.2499999999995 748.25000000000011 2682.6601562500005 -3427.2499999999995 -8221.4999999999982 629.25000000000011 1820.2500000000002 8168.4875488281259 -442.20663452148432 2938.7500000000005 1738.7500000000002 -5678.2499999999991 1811.5000000000002 3369.2500000000005 -141.24999999999997 9400.7133789062518 -1651.4999999999998 5278.7500000000009
decision_type=2 2 2 2 2 2 2 2 2 2 2 2 2 2 2 2 2 2 2 2 2 2 2 2 2 2 2 2 2 2
left_child=2 3 -1 4 5 -2 23 15 16 10 26 12 -11 -8 -12 -3 -5 18 19 20 -18 22 -19 -6 -22 -26 -10 28 -4 -17
right_child=1 7 27 8 6 -7 13 -9 9 11 14 -13 -14 -15 -16 29 17 21 -20 -21 24 -23 -24 -25 25 -27 -28 -29 -30 -31
leaf_value=-4.8483309650419306 129.24938795907158 72.570099411010744 4.6749387041618204 -41.055364868164069 -32.770146751403807 28.886119577159054 26.701579475402834 69.548109262054027 15.493277109080347 76.952762954711915 9.2870845331290557 88.672125598362527 21.78461217190846 97.818814901872116 -39.824681539120888 -2.8229258634606187 4.9528297165487309 -7.372750247021516 69.749225845336909 -31.902758784592152 61.703195807139082 4.0997371453391622 -51.637392209027269 17.7234618176509 -9.1765690994262705 48.674497946714752 65.451931914416235 35.261427937613597 -0.26960433990356081 43.062715506553651
leaf_weight=9727 21 20 2141 25 21 23 22 74 29 25 842 28 166 22 23 49 403 96 20 32 45 242 37 137 35 39 44 36 7943 32
leaf_count=9727 21 20 2141 25 21 23 22 74 29 25 842 28 166 22 23 49 403 96 20 32 45 242 37 137 35 39 44 36 7943 32
internal_value=-7.25293e-08 14.8992 -1.91579 12.6988 31.9431 76.7868 22.1752 44.7865 10.4773 15.7786 10.9093 36.6342 29.0056 62.2602 7.98122 26.6444 4.17992 5.37158 11.714 9.6189 12.1643 -4.33662 -19.687 11.0123 36.5863 21.3125 45.6053 0.902864 0.780204 15.3047
internal_weight=22399 2552 19847 2377 246 44 202 175 2131 1157 938 219 191 44 865 101 974 949 574 554 522 375 133 158 119 74 73 10120 10084 81
internal_count=22399 2552 19847 2377 246 44 202 175 2131 1157 938 219 191 44 865 101 974 949 574 554 522 375 133 158 119 74 73 10120 10084 81
is_linear=0
shrinkage=0.05


Tree=12
num_leaves=31
num_cat=0
split_feature=257 166 246 243 184 204 239 127 73 201 50 50 5 225 138 26 169 138 169 197 246 115 90 125 225 193 94 247 254 26
split_gain=2.31485e+08 7.3014e+07 5.63525e+07 4.87485e+07 3.38458e+07 6.00612e+07 2.80348e+07 2.75756e+07 5.77136e+07 4.42329e+07 5.18687e+07 2.67334e+07 2.59018e+07 2.55983e+07 1.98969e+07 2.82172e+07 1.94696e+07 3.11216e+07 2.90083e+07 2.45395e+07 1.99112e+07 1.69249e+07 1.654e+07 1.6399e+07 1.62984e+07 1.66625e+07 1.82505e+07 1.53503e+07 3.5905e+07 2.312e+07
threshold=1339.193786621094 2015.7981567382815 2055.2500000000005 837.69616699218761 -8939.9999999999982 -5678.2499999999991 5120.0000000000009 -5768.7499999999991 -5257.2499999999991 1485.1591796875002 -9987.9999999999982 -6251.2499999999991 1397.1063232421877 -470.24999999999994 2015.7981567382815 1919.6887207031252 5992.0000000000009 3975.563110351563 1931.7500000000002 3681.2500000000005 1223.2500000000002 1762.2500000000002 -2013.450988769531 8159.5883789062509 2562.5000000000005 7767.9924316406259 3383.2500000000005 -893.74999999999989 -1400.4999999999998 2829.083862304688
decision_type=2 2 2 2 2 2 2 2 2 2 2 2 2 2 2 2 2 2 2 2 2 2 2 2 2 2 2 2 2 2
left_child=3 7 4 -1 5 -3 14 8 9 10 -2 12 -11 -12 -4 -16 17 18 19 24 -18 -8 -20 -5 25 26 -6 -17 -29 -30
right_child=1 2 6 23 16 -7 21 -9 -10 11 13 -13 -14 -15 15 27 20 -19 22 -21 -22 -23 -24 -25 -26 -27 -28 28 29 -31
leaf_value=-4.6059145057421684 106.09395644448021 4.0170563917893629 83.612432785034187 0.33812979357974027 15.79744725217463 114.93821963434635 109.04964228091033 5.744938304996781 97.71089439392091 -76.246907300949104 -3.7629050315694608 27.948817243973412 -5.9489886283874513 56.628965827396939 -25.089755458831789 66.755629295772977 17.074393106761732 -40.371261432253085 -31.64023300973993 75.57764960289002 75.246848678588876 46.158637008667 4.7901547258299901 38.660505763973511 59.017392598027769 -17.6064210358788 65.50286031723023 -32.047407226562505 22.981314659118652 64.457064669472842
leaf_weight=9727 22 26 20 9300 241 23 23 2167 24 20 47 30 38 28 20 36 38 29 38 20 24 20 173 28 23 34 20 20 84 56
leaf_count=9727 22 26 20 9300 241 23 23 2167 24 20 47 30 38 28 20 36 38 29 38 20 24 20 173 28 23 34 20 20 84 56
internal_value=1.99661e-08 12.1336 23.7087 -2.12934 16.0319 56.0821 42.6668 7.41777 24.7624 15.2988 38.5858 -10.3697 -30.1897 18.7834 35.9014 31.4837 12.9655 10.1093 12.7759 21.8567 39.5928 79.798 -1.77077 0.453163 18.4781 15.3174 19.6063 37.2565 30.6192 39.5716
internal_weight=22399 3344 968 19055 689 49 279 2376 209 185 97 88 58 75 236 216 640 578 549 338 62 43 211 9328 318 295 261 196 160 140
internal_count=22399 3344 968 19055 689 49 279 2376 209 185 97 88 58 75 236 216 640 578 549 338 62 43 211 9328 318 295 261 196 160 140
is_linear=0
shrinkage=0.05


Tree=13
num_leaves=31
num_cat=0
split_feature=187 250 246 239 155 89 257 80 257 105 26 238 232 86 184 254 250 219 246 194 206 15 59 129 40 177 8 253 122 108
split_gain=2.093e+08 8.10063e+07 4.96592e+07 3.80054e+07 3.17459e+07 9.26048e+07 2.71859e+07 2.69421e+07 2.89722e+07 2.59687e+07 2.47399e+07 3.72939e+07 3.09018e+07 2.46483e+07 2.32651e+07 2.22544e+07 2.13776e+07 2.06241e+07 3.125e+07 3.57762e+07 2.00888e+07 1.92747e+07 1.77772e+07 2.71499e+07 2.21637e+07 1.75856e+07 1.69524e+07 1.63343e+07 2.18822e+07 1.62198e+07
threshold=1919.6887207031252 1113.9343872070315 1772.7500000000002 5120.0000000000009 -3892.9999999999995 1965.1931762695315 698.66656494140636 -4976.4999999999991 2829.083862304688 -7552.9999999999991 2561.105346679688 467.75000000000006 2230.2500000000005 -6344.4999999999991 -3711.9999999999995 -954.24999999999989 3975.563110351563 -2319.2499999999995 1727.2500000000002 1466.8457641601565 4083.0000000000005 3683.2500000000005 -4350.9999999999991 -3194.7499999999995 2682.6601562500005 720.75000000000011 -10778.749999999998 545.75000000000011 -4805.2499999999991 -9046.7499999999982
decision_type=2 2 2 2 2 2 2 2 2 2 2 2 2 2 2 2 2 2 2 2 2 2 2 2 2 2 2 2 2 2
left_child=1 6 4 10 5 -2 -1 8 9 -7 13 15 -13 -4 21 -12 22 18 29 -20 -14 -6 24 -24 -16 -5 -19 -28 -29 -3
right_child=2 17 3 25 14 7 -8 -9 -10 -11 11 12 20 -15 16 -17 -18 26 19 -21 -22 -23 23 -25 -26 -27 27 28 -30 -31
leaf_value=-5.5291439736742838 126.69259194083837 -17.022937971147996 53.866581192016604 108.8303202421769 -2.5351523179274338 45.553111523550911 -1.2813212694356626 55.764908340573314 -48.996832021077473 -20.412905517578125 -22.896207579859983 103.22646268208821 29.399224541030947 6.8865545286648517 17.081343625412611 41.914556752718418 59.915186251764716 -43.193198661804203 91.473152496337889 7.7018312931060793 86.09868541899182 -57.554357128143309 -46.342343711853033 9.5367791685906038 77.734607950449004 47.647691377003987 -0.23605209586389317 27.354503970188006 4.8263790472788521 10.227570199870604
leaf_weight=6031 23 58 35 23 78 37 10032 32 21 25 27 30 61 138 61 26 23 20 25 26 21 20 23 396 20 24 2037 114 1979 933
leaf_count=6031 23 58 35 23 78 37 10032 32 21 25 27 30 61 138 61 26 23 20 25 26 21 20 23 396 20 24 2037 114 1979 933
internal_value=-1.67147e-08 -1.1213 20.8333 35.46 13.4139 35.1059 -2.87621 16.7886 1.76155 18.9539 29.602 43.4533 59.8055 16.3912 8.5935 8.89775 12.7828 4.30801 10.597 48.7662 43.9198 -13.7636 10.6147 6.46943 32.0575 77.5881 2.72894 2.95133 6.05342 8.63269
internal_weight=22399 21255 1144 385 759 138 16063 115 83 62 338 165 112 173 621 53 523 5192 1042 51 82 98 500 419 81 47 4150 4130 2093 991
internal_count=22399 21255 1144 385 759 138 16063 115 83 62 338 165 112 173 621 53 523 5192 1042 51 82 98 500 419 81 47 4150 4130 2093 991
is_linear=0
shrinkage=0.05


Tree=14
num_leaves=31
num_cat=0
split_feature=250 253 243 163 36 197 85 19 239 131 112 224 226 162 157 243 253 135 110 232 227 107 204 241 246 157 87 254 99 149
split_gain=1.90167e+08 5.15593e+07 4.88006e+07 3.1912e+07 3.66552e+07 4.054e+07 2.96089e+07 2.48497e+07 2.35527e+07 3.6263e+07 3.22758e+07 3.04106e+07 2.71354e+07 2.28019e+07 4.46325e+07 1.97088e+07 1.95415e+07 1.88891e+07 2.20372e+07 1.83664e+07 1.79081e+07 1.75709e+07 1.66416e+07 1.62736e+07 2.13351e+07 1.59356e+07 1.57468e+07 2.29841e+07 1.56165e+07 1.5333e+07
threshold=1448.6674804687502 2500.2500000000005 840.94509887695324 -6779.2499999999991 -13015.249999999998 -6154.4999999999991 -3987.4999999999995 2561.105346679688 873.25000000000011 2561.105346679688 -5929.7499999999991 3076.2500000000005 -1525.7499999999998 1739.7500000000002 2931.2500000000005 2561.105346679688 748.25000000000011 -8221.4999999999982 1119.4709472656252 45.250000000000007 -969.24999999999989 -4103.7499999999991 -5678.2499999999991 273.75000000000006 807.25000000000011 -1006.7499999999999 5774.7500000000009 -514.74999999999989 8249.0000000000018 -2700.7499999999995
decision_type=2 2 2 2 2 2 2 2 2 2 2 2 2 2 2 2 2 2 2 2 2 2 2 2 2 2 2 2 2 2
left_child=2 3 -1 4 5 -2 22 21 17 10 -10 12 20 25 -15 19 -8 -5 -19 -12 -11 -3 -6 -20 -25 -14 27 -9 -13 -21
right_child=1 7 -4 8 6 -7 16 26 9 11 15 28 13 14 -16 -17 -18 18 23 29 -22 -23 -24 24 -26 -27 -28 -29 -30 -31
leaf_value=-4.1586140442060016 21.331090909784493 49.76546442132247 0.8003508340706974 -39.678226043701173 -32.585741011301678 117.31882327686657 21.916581028158017 5.2353693280901226 41.423557885052411 19.275751269947399 37.328197062244783 102.53578979492188 9.2942987918853763 -51.9815701300098 23.289384465747411 -25.415039833916559 88.559288995916191 53.810989067771224 5.2695788301165143 -10.474619220197201 78.667285269101455 6.7162408889286098 15.214118731282923 12.749417170356303 -38.58778981590271 71.656490580240884 94.343522071838379 73.920047944167564 40.80116991315569 9.5425580040892459
leaf_weight=9815 22 38 10032 25 21 22 22 21 73 22 52 20 20 31 54 45 22 22 843 112 30 63 137 34 50 21 24 29 21 656
leaf_count=9815 22 38 10032 25 21 22 22 21 73 22 52 20 20 31 54 45 22 22 843 112 30 63 137 34 50 21 24 29 21 656
internal_value=2.812e-08 12.8478 -1.65202 10.9195 27.9707 69.325 18.9629 39.0405 8.9511 13.774 9.49688 32.0936 23.1514 10.6101 -4.16238 6.80249 55.2379 3.222 4.35215 8.57052 53.5401 22.913 8.86097 3.17837 -17.8084 41.2359 61.0523 45.0725 70.9156 6.62339
internal_weight=22399 2552 19847 2377 246 44 202 175 2131 1157 938 219 178 126 85 865 44 974 949 820 52 101 158 927 84 41 74 50 41 768
internal_count=22399 2552 19847 2377 246 44 202 175 2131 1157 938 219 178 126 85 865 44 974 949 820 52 101 158 927 84 41 74 50 41 768
is_linear=0
shrinkage=0.05


Tree=15
num_leaves=31
num_cat=0
split_feature=257 166 246 96 100 248 141 127 73 201 50 50 225 53 5 239 169 246 169 237 138 26 183 38 31 57 115 228 39 125
split_gain=1.73006e+08 5.52348e+07 4.19529e+07 3.77725e+07 2.87301e+07 3.6025e+07 2.57821e+07 2.24258e+07 5.08588e+07 4.14726e+07 4.58606e+07 2.44371e+07 2.2418e+07 2.24032e+07 2.20769e+07 2.14204e+07 1.8428e+07 2.13326e+07 1.99486e+07 2.11174e+07 1.8265e+07 2.37978e+07 1.63381e+07 1.55874e+07 2.05642e+07 2.15092e+07 1.90807e+07 1.61534e+07 2.72326e+07 1.50966e+07
threshold=1339.193786621094 2015.7981567382815 2055.2500000000005 746.25256347656261 -9187.7499999999982 -349.74999999999994 -7212.7499999999991 -5768.7499999999991 -5257.2499999999991 1485.1591796875002 -9987.9999999999982 -6251.2499999999991 -470.24999999999994 -13162.035156249998 1397.1063232421877 5120.0000000000009 5992.0000000000009 1223.2500000000002 1931.7500000000002 1348.2461547851565 2015.7981567382815 1919.6887207031252 1064.2500000000002 5408.0000000000009 4008.0000000000005 4334.2500000000009 1434.7500000000002 -4207.6450195312491 -7124.5200195312491 8159.5883789062509
decision_type=2 2 2 2 2 2 2 2 2 2 2 2 2 2 2 2 2 2 2 2 2 2 2 2 2 2 2 2 2 2
left_child=3 7 4 -1 5 6 -3 8 9 10 -2 14 -12 -6 -11 20 18 -18 19 23 -4 -22 -20 24 25 26 27 28 -15 -5
right_child=1 2 15 29 13 -7 -8 -9 -10 11 12 -13 -14 16 -16 -17 17 -19 22 -21 21 -23 -24 -25 -26 -27 -28 -29 -30 -31
leaf_value=-4.6238532585552985 99.172222865711561 -6.5484016996441472 76.713736457824709 -0.14870680421134463 -29.759243005694767 98.56644592966353 62.412457184169604 4.8793515614831726 90.508797931671154 -73.179634275436399 -4.0253024831731272 24.926716448465985 52.49067134857178 13.060084092005704 -8.2794070996736231 69.371521186828616 16.589520808628627 81.322309265136724 -44.099024927048461 61.744786094665528 -25.186106090545657 32.070017882512545 2.4012088224608852 -26.607624452764341 65.944400081634527 -32.816396841795545 54.371927781258869 -2.4505720977981884 78.458226442337036 36.609450471401217
leaf_weight=7435 22 33 20 11592 33 21 23 2167 24 20 47 30 28 78 38 43 35 20 21 25 20 196 188 22 20 23 31 96 20 28
leaf_count=7435 22 33 20 11592 33 21 23 2167 24 20 47 30 28 78 38 43 35 20 21 25 20 196 188 22 20 23 31 96 20 28
internal_value=-3.74617e-08 10.4896 20.5572 -1.84083 13.9334 42.718 21.7748 6.38792 22.0294 13.1456 35.6942 -11.7092 17.074 10.3119 -30.6588 36.9149 12.5957 40.1287 9.70579 17.6523 31.0012 26.7685 -2.27106 13.8513 17.1725 13.2393 17.9472 12.1268 26.4066 -0.0601329
internal_weight=22399 3344 968 19055 689 77 56 2376 209 185 97 88 75 612 58 279 579 55 524 315 236 216 209 290 268 248 225 194 98 11620
internal_count=22399 3344 968 19055 689 77 56 2376 209 185 97 88 75 612 58 279 579 55 524 315 236 216 209 290 268 248 225 194 98 11620
is_linear=0
shrinkage=0.05


Tree=16
num_leaves=31
num_cat=0
split_feature=180 257 239 120 252 257 135 159 244 243 192 74 58 217 100 219 129 217 229 134 240 219 133 212 144 35 26 254 257 110
split_gain=1.56261e+08 6.27127e+07 3.84043e+07 3.15043e+07 5.24516e+07 2.28196e+07 3.75389e+07 2.52867e+07 2.73669e+07 4.27039e+07 2.21379e+07 1.85985e+07 3.08951e+07 2.75925e+07 2.46575e+07 3.07077e+07 2.52599e+07 2.21912e+07 2.21122e+07 2.04726e+07 2.04283e+07 2.60035e+07 2.65956e+07 1.97514e+07 1.84864e+07 1.78058e+07 1.75108e+07 1.94673e+07 1.74029e+07 1.7123e+07
threshold=1919.6887207031252 1043.296813964844 5120.0000000000009 -9461.7499999999982 -176.24999999999997 3975.563110351563 1165.5000000000002 3975.563110351563 4301.0576171875009 2682.6601562500005 4600.2500000000009 -10299.197753906248 -4268.7499999999991 -601.74999999999989 -1580.9999999999998 -4300.7499999999991 1203.7500000000002 781.25000000000011 2829.083862304688 121.00000000000001 -2923.7499999999995 -1885.4999999999998 2335.7500000000005 -1610.7499999999998 869.05252075195324 1703.2500000000002 1549.8028564453127 -686.24999999999989 664.05282592773449 2561.105346679688
decision_type=2 2 2 2 2 2 2 2 2 2 2 2 2 2 2 2 2 2 2 2 2 2 2 2 2 2 2 2 2 2
left_child=1 28 3 4 -2 7 -7 8 11 10 -10 18 13 26 15 -14 19 -15 -5 -16 -18 -22 -23 24 -17 -21 -13 -28 -1 -20
right_child=2 -3 -4 5 -6 6 -8 -9 9 -11 -12 12 14 17 16 23 20 -19 29 25 21 22 -24 -25 -26 -27 27 -29 -30 -31
leaf_value=-5.2274421291267652 14.324862623214722 3.0781808143901555 60.853013578414917 9.7252969855692868 117.54422848701478 17.502200713687472 99.829928398132324 -40.759386998956856 52.747189364433297 103.60013331004552 -21.646855545043948 -15.828390773837313 36.216046537201983 75.405232344282439 8.4346438463996432 -20.188715199629467 -31.505801703035832 24.021138015546299 -4.623388472057524 20.470780606423656 47.981434431076053 -33.34430063137642 11.810544140794171 -3.3502328926866705 -82.247847213745118 69.944495930454949 13.068156957626343 67.589971134879377 -1.5727588957295366 -68.474124726795011
leaf_weight=4887 32 6600 50 67 20 45 20 22 20 21 20 33 29 47 51 30 32 38 21 31 40 39 199 66 20 44 64 22 9768 21
leaf_count=4887 32 6600 50 67 20 45 20 22 20 21 20 33 29 47 51 30 32 38 21 31 40 39 199 66 20 44 64 22 9768 21
internal_value=-1.21504e-08 -0.968865 18.0011 16.0426 54.0246 14.1471 42.8338 12.2386 13.4595 45.8625 15.5502 11.2485 13.9359 30.6758 8.05816 -9.80323 13.9983 52.4335 -8.10507 32.8755 6.32562 10.6803 4.41122 -21.308 -45.0124 49.4954 15.1345 27.0156 -2.79149 -36.5488
internal_weight=22399 21255 1144 1094 52 1042 65 977 955 61 40 894 785 204 581 145 436 85 109 126 310 278 238 116 50 75 119 86 14655 42
internal_count=22399 21255 1144 1094 52 1042 65 977 955 61 40 894 785 204 581 145 436 85 109 126 310 278 238 116 50 75 119 86 14655 42
is_linear=0
shrinkage=0.05


Tree=17
num_leaves=31
num_cat=0
split_feature=257 201 171 252 234 103 145 87 210 68 250 9 39 178 233 238 150 141 201 95 197 226 195 64 155 3 23 164 33 246
split_gain=1.43579e+08 4.51094e+07 4.02222e+07 5.45718e+07 4.36069e+07 3.14004e+07 2.72077e+07 2.90617e+07 4.52509e+07 2.19442e+07 2.16785e+07 3.88503e+07 2.13586e+07 3.42393e+07 2.22341e+07 2.3135e+07 2.55247e+07 2.10829e+07 2.00403e+07 1.99268e+07 2.67841e+07 1.98507e+07 1.94142e+07 1.84137e+07 1.69489e+07 2.28534e+07 3.23025e+07 1.71459e+07 1.70967e+07 3.06496e+07
threshold=1339.193786621094 2562.2622070312505 -6753.4999999999991 -162.24999999999997 575.25000000000011 730.70230102539074 2561.105346679688 11223.250000000002 5061.7500000000009 2965.2673339843755 2829.083862304688 -15613.749999999998 -9671.8774414062482 -2186.2499999999995 -830.74999999999989 -692.74999999999989 2126.0000000000005 6461.7500000000009 3976.314086914063 -4412.0451660156241 2730.0000000000005 -1141.2499999999998 -8449.5649414062482 3142.2500000000005 -5067.7499999999991 -4190.7499999999991 -3370.9999999999995 -5829.2499999999991 2561.105346679688 2294.2500000000005
decision_type=2 2 2 2 2 2 2 2 2 2 2 2 2 2 2 2 2 2 2 2 2 2 2 2 2 2 2 2 2 2
left_child=5 10 3 -3 12 -1 -6 8 9 17 11 -2 13 -4 15 19 -17 23 -15 -14 -21 -11 -13 -8 25 -24 -27 -26 -29 -30
right_child=1 2 4 -5 6 -7 7 -9 -10 21 -12 22 14 18 -16 16 -18 -19 -20 20 -22 -23 24 -25 27 26 -28 28 29 -31
leaf_value=-4.3411816859209535 72.17730556985606 27.087230105149121 -71.218960907345732 129.12506645202637 -6.1686889012654627 -0.13066169494123289 31.356833140055343 -11.715958840506417 109.71804648505318 99.204576033637636 -39.306211738586427 -42.159579989910128 53.059710766020274 -16.084964316824209 -24.531645520528158 92.887671116420208 16.644061843208643 58.98714579627628 43.866554269790655 -18.605944910049441 47.003427414667044 38.908190519381797 11.844165270715147 -34.099796367775312 -31.380164368947348 94.207592673923671 11.286057209968568 5.7993875437056754 13.160222554788357 82.193829917907721
leaf_weight=6998 23 38 21 20 33 12057 21 21 27 21 25 20 21 46 30 21 23 21 20 60 21 39 148 22 30 23 24 2423 82 20
leaf_count=6998 23 38 21 20 33 12057 21 21 27 21 25 20 21 46 30 21 23 21 20 60 21 39 148 22 30 23 24 2423 82 20
internal_value=-1.37928e-09 9.55591 22.9974 62.2727 18.13 -1.67699 35.4172 43.3959 51.0605 38.2883 7.04696 7.46186 4.65513 -15.6112 14.6731 22.7289 53.0331 17.9223 2.08216 9.65656 -1.59611 60.0119 6.92452 -2.13261 7.28149 21.4901 51.8647 6.19707 6.64354 26.6962
internal_weight=22399 3344 526 58 468 19055 205 172 151 124 2818 2793 263 87 176 146 44 64 66 102 81 60 2770 43 2750 195 47 2555 2525 102
internal_count=22399 3344 526 58 468 19055 205 172 151 124 2818 2793 263 87 176 146 44 64 66 102 81 60 2770 43 2750 195 47 2555 2525 102
is_linear=0
shrinkage=0.05


Tree=18
num_leaves=31
num_cat=0
split_feature=250 253 166 92 245 257 238 26 27 173 61 180 141 126 14 223 201 64 141 94 141 4 247 198 125 253 131 12 180 205
split_gain=1.30006e+08 4.21936e+07 3.00107e+07 2.86506e+07 7.16533e+07 2.84497e+07 2.60969e+07 2.48048e+07 3.08107e+07 2.18911e+07 3.63038e+07 2.13708e+07 2.52212e+07 2.07134e+07 3.20304e+07 3.07351e+07 4.20232e+07 3.76594e+07 1.98818e+07 1.96357e+07 1.72436e+07 1.71443e+07 1.69774e+07 1.60689e+07 1.58065e+07 1.40768e+07 1.34466e+07 1.34275e+07 1.33106e+07 1.30649e+07
threshold=1339.193786621094 3458.2500000000005 2015.7981567382815 -8795.2499999999982 -244.74999999999997 707.45434570312511 227.25000000000003 2561.105346679688 -6426.1701660156241 3976.314086914063 3975.563110351563 2076.7263183593755 4143.2500000000009 -4610.9999999999991 -4376.9999999999991 -2289.873168945312 1485.1591796875002 -7132.2499999999991 5065.2500000000009 -8480.4999999999982 -5895.9999999999991 -8552.5776367187482 240.25000000000003 -1662.7499999999998 8159.5883789062509 778.25000000000011 2965.2673339843755 2448.109497070313 2134.398071289063 1399.7500000000002
decision_type=2 2 2 2 2 2 2 2 2 2 2 2 2 2 2 2 2 2 2 2 2 2 2 2 2 2 2 2 2 2
left_child=5 2 13 4 25 -1 9 11 -9 10 26 -8 28 14 15 16 17 19 21 -2 -16 -3 29 -18 -7 -4 -5 -14 -13 -10
right_child=1 18 3 6 -6 24 7 8 22 -11 -12 12 27 -15 20 -17 23 -19 -20 -21 -22 -23 -24 -25 -26 -27 -28 -29 -30 -31
leaf_value=-4.3463782813932044 28.359060938461965 -6.0808751678466804 40.993472497359569 9.5385200414608224 126.69567712783815 -0.32275269363716619 40.377226518548056 78.962660167497745 6.0973057290402863 -30.382367187891255 74.519435653686529 16.714651107788086 37.282179012298585 3.0468842502862277 73.240288656729248 63.105990185944933 -23.922126852770646 -1.2894328480675108 84.683212598164886 82.720870826565317 27.171366796079209 56.60013650258383 56.190632044302447 15.474711892099092 36.633052099984269 -14.325441277545432 -15.135305926294038 -11.192643547058106 -29.536798319021859 40.952381541728975
leaf_weight=6295 46 20 23 338 20 12731 46 34 82 39 20 21 50 1916 27 23 120 84 24 26 82 24 37 33 29 23 66 20 60 40
leaf_count=6295 46 20 23 338 20 12731 46 34 82 39 20 21 50 1916 27 23 120 84 24 26 82 24 37 33 29 23 66 20 60 40
internal_value=6.51337e-08 9.09302 8.28384 15.9479 47.686 -1.59575 13.4922 23.0212 35.7609 5.46559 8.76292 10.5401 1.4507 5.29562 15.0656 7.34456 3.19404 21.4548 48.0762 47.9897 38.5829 28.1088 26.5228 -15.4248 -0.238762 13.334 5.50765 23.4322 -17.5457 17.5252
internal_weight=22399 3344 3276 919 66 19055 853 390 193 463 424 197 151 2357 441 332 309 156 68 72 109 44 159 153 12760 46 404 70 81 122
internal_count=22399 3344 3276 919 66 19055 853 390 193 463 424 197 151 2357 441 332 309 156 68 72 109 44 159 153 12760 46 404 70 81 122
is_linear=0
shrinkage=0.05


Tree=19
num_leaves=31
num_cat=0
split_feature=250 253 229 201 110 234 226 79 253 51 148 52 246 2 69 141 241 205 226 96 170 211 135 106 163 141 237 154 168 201
split_gain=1.17493e+08 3.46036e+07 3.25899e+07 2.2646e+07 3.8305e+07 2.37376e+07 3.95054e+07 2.45907e+07 3.54073e+07 2.51532e+07 2.16528e+07 2.75454e+07 2.04181e+07 1.84321e+07 2.39849e+07 1.80781e+07 1.78964e+07 1.7575e+07 2.81973e+07 1.69125e+07 1.64e+07 1.59896e+07 2.97782e+07 2.40679e+07 1.67858e+07 2.17296e+07 1.77571e+07 1.69192e+07 1.77449e+07 1.67405e+07
threshold=1448.6674804687502 3458.2500000000005 919.90353393554699 2562.2622070312505 2076.7263183593755 305.25000000000006 -1686.2499999999998 6029.7500000000009 1041.7500000000002 -918.74999999999989 5923.0000000000009 634.25000000000011 4284.0000000000009 7130.5000000000009 7536.7956542968759 5065.2500000000009 1754.7500000000002 3672.0000000000005 1317.5000000000002 2965.2673339843755 680.50000000000011 4040.2500000000005 -297.74999999999994 135.00000000000003 4562.5000000000009 4531.7500000000009 -341.23689270019526 4340.0000000000009 2549.7500000000005 1449.0872802734377
decision_type=2 2 2 2 2 2 2 2 2 2 2 2 2 2 2 2 2 2 2 2 2 2 2 2 2 2 2 2 2 2
left_child=2 3 -1 12 -5 7 -7 8 9 -6 11 -8 13 14 21 -3 -12 -4 -19 -10 -13 24 23 -23 25 26 29 28 -27 -2
right_child=1 15 17 4 5 6 10 -9 19 -11 16 20 -14 -15 -16 -17 -18 18 -20 -21 -22 22 -24 -25 -26 27 -28 -29 -30 -31
leaf_value=-3.0113475444476823 23.697484913351815 26.050438108898348 0.86475851767781531 74.537020847715183 30.9528715789959 82.499304925984347 30.002130134582519 44.764017971583776 -1.9846337454659597 -16.056653683360032 17.173716846193585 -57.629625816345225 -43.474814376831063 -5.7819185660358228 57.702204650878912 80.449051856994629 69.801547215779621 75.673751134872447 7.6582089170813568 -43.318711013793944 2.1075133111741806 23.792411065101625 9.3829177334195091 97.088447552635557 -32.203884160077131 18.435824800306751 -1.8224704769480156 5.3229095805775044 71.11749539664298 6.7118127264267491
leaf_weight=11575 179 42 8188 29 93 29 50 35 49 41 35 20 20 237 25 24 30 20 64 50 27 24 105 21 27 31 487 44 33 765
leaf_count=11575 179 42 8188 29 93 29 50 35 49 41 35 20 20 237 25 24 30 20 64 50 27 24 105 21 27 31 487 44 33 765
internal_value=1.21461e-08 10.0988 -1.29854 9.15012 18.8062 15.2851 28.754 5.68602 -0.18407 16.5694 19.133 4.16925 6.79167 7.29993 9.08074 45.8318 41.4635 1.09819 23.8524 -22.8604 -23.3125 8.37239 23.9672 57.9972 6.87863 7.56429 5.93211 29.1907 45.5998 9.93261
internal_weight=22399 2552 19847 2486 488 459 191 268 233 134 162 97 1998 1978 1741 66 65 8272 84 99 47 1716 150 45 1566 1539 1431 108 64 944
internal_count=22399 2552 19847 2486 488 459 191 268 233 134 162 97 1998 1978 1741 66 65 8272 84 99 47 1716 150 45 1566 1539 1431 108 64 944
is_linear=0
shrinkage=0.05


Tree=20
num_leaves=31
num_cat=0
split_feature=250 166 152 117 238 257 26 10 166 173 213 222 103 126 15 2 218 173 229 131 156 68 248 164 229 32 54 238 113 176
split_gain=1.07056e+08 4.34417e+07 2.95448e+07 6.03504e+07 2.84637e+07 2.79653e+07 2.58311e+07 2.81318e+07 2.39583e+07 3.07448e+07 2.84931e+07 2.14446e+07 1.93141e+07 1.81533e+07 2.67167e+07 2.8876e+07 2.60596e+07 3.09472e+07 2.45895e+07 1.84154e+07 1.73474e+07 1.67558e+07 1.53429e+07 1.47322e+07 1.44575e+07 1.96187e+07 2.11804e+07 1.93048e+07 1.45047e+07 1.4353e+07
threshold=1212.4682617187502 2015.7981567382815 2015.7981567382815 1964.0771484375002 227.25000000000003 3975.563110351563 2561.105346679688 -8816.2499999999982 3975.563110351563 3248.338500976563 -816.74999999999989 2076.7263183593755 672.06381225585949 -4610.9999999999991 -3004.4999999999995 -3582.7499999999995 1105.2500000000002 1881.9522094726565 1067.7065429687502 1448.6674804687502 -3728.7499999999995 2251.4748535156255 70.750000000000014 4683.7500000000009 2829.083862304688 -10314.497558593748 2965.2673339843755 -112.24999999999999 3727.7500000000005 -2590.7499999999995
decision_type=2 2 2 2 2 2 2 2 2 2 2 2 2 2 2 2 2 2 2 2 2 2 2 2 2 2 2 2 2 2
left_child=12 13 3 11 8 6 21 -8 9 24 -11 -3 -1 14 16 -16 17 -2 -15 29 -20 -6 -17 -23 27 -26 28 -4 -27 -18
right_child=1 2 4 -5 5 -7 7 -9 -10 10 -12 -13 -14 18 15 22 19 -19 20 -21 -22 23 -24 -25 25 26 -28 -29 -30 -31
leaf_value=-4.3701499801973105 5.9046192622348057 50.350522250220891 13.674644984954444 121.00320184707641 18.139719719611684 62.64484311080561 77.011441316275764 23.753233951295329 -31.935225794865534 15.657720694822425 89.732731228783024 -21.992477874755863 -0.73173991622116963 47.845115850766504 74.134718975876325 0.59632796100948171 -13.681254261732102 -51.599216430664057 -8.7537647899193107 72.856136456402865 3.589142760352074 -26.909224289768147 50.611880642434826 23.453903083801272 -57.650345916748051 49.449659583682106 -40.387056957591668 -23.932160409291587 -10.046815217733384 39.516634091734886
leaf_weight=5151 365 21 273 20 104 41 29 171 39 34 21 20 12496 30 33 46 21 25 316 22 2871 53 23 20 20 21 22 39 20 32
leaf_count=5151 365 21 273 20 104 41 29 171 39 34 21 20 12496 30 33 46 21 25 316 22 2871 53 23 20 20 21 22 39 20 32
internal_value=-9.53836e-08 6.66129 16.1133 49.7963 13.8479 23.4282 19.1633 31.4757 5.65866 8.9168 43.9409 15.0613 -1.79376 4.24334 12.4924 35.6662 7.40918 2.21848 2.78943 34.4008 2.36531 5.25096 17.2682 -13.1111 4.04002 -14.5062 -0.809662 8.97379 20.427 18.4382
internal_weight=22399 4752 968 61 907 418 377 200 489 450 55 41 17647 3784 567 102 465 390 3217 75 3187 177 69 73 395 83 63 312 41 53
internal_count=22399 4752 968 61 907 418 377 200 489 450 55 41 17647 3784 567 102 465 390 3217 75 3187 177 69 73 395 83 63 312 41 53
is_linear=0
shrinkage=0.05


Tree=21
num_leaves=31
num_cat=0
split_feature=222 250 252 115 219 144 2 245 38 29 62 257 57 57 218 253 246 213 33 68 211 160 157 227 257 218 246 171 26 206
split_gain=9.72424e+07 3.97715e+07 2.53721e+07 6.9915e+07 8.89235e+07 3.23641e+07 2.90536e+07 2.61011e+07 2.38278e+07 3.46402e+07 2.19653e+07 2.16652e+07 1.9672e+07 1.81705e+07 2.47205e+07 1.6036e+07 1.53481e+07 2.25831e+07 1.8124e+07 2.43169e+07 1.971e+07 1.44007e+07 2.01801e+07 1.3884e+07 1.36878e+07 1.33394e+07 1.87634e+07 2.58357e+07 1.68749e+07 1.60708e+07
threshold=1881.685974121094 1113.9343872070315 -207.74999999999997 -8919.9999999999982 -4300.7499999999991 -9856.4204101562482 -11222.999999999998 1305.7500000000002 7833.5000000000009 8013.0000000000009 11192.294921875002 3975.563110351563 -12039.249999999998 -5908.4999999999991 486.25000000000006 1499.5000000000002 588.75000000000011 -23.749999999999996 1310.6113891601565 1881.685974121094 -1517.4999999999998 -8550.5756835937482 -7237.2499999999991 1583.2500000000002 664.05282592773449 -73.249999999999986 1772.7500000000002 -2131.7499999999995 2134.398071289063 -2170.4999999999995
decision_type=2 2 2 2 2 2 2 2 2 2 2 2 2 2 2 2 2 2 2 2 2 2 2 2 2 2 2 2 2 2
left_child=1 24 7 4 -4 6 -5 8 9 15 -10 13 -3 14 -7 16 18 -18 -2 20 -20 -14 -23 -19 -1 26 28 -28 -24 -27
right_child=2 12 3 5 -6 11 -8 -9 10 -11 -12 -13 21 -15 -16 -17 17 23 19 -21 -22 22 25 -25 -26 29 27 -29 -30 -31
leaf_value=-4.2237295402378967 -31.796515607833864 52.541146888732911 158.68039115905765 8.6807181142991592 14.524074318097986 5.2590189933776861 -67.488814871651797 53.093619509096506 -58.265895225672892 70.89590503692628 3.2737036310393237 60.437089328765865 -22.135171890258789 14.321920654050059 79.198432452862093 -28.859830932617189 -46.256516641186131 29.78424503326416 83.049115012940916 7.798218630425942 21.776824626613944 40.43973526954651 4.7148716967123345 -22.510406442122029 -1.051349149904772 -22.992699865733879 6.2893887819562648 72.839976055145272 38.444338612807428 1.5643983913981288
leaf_weight=4887 22 20 20 31 23 20 21 27 29 20 29 30 57 543 26 35 31 30 21 217 35 36 1535 22 11176 68 35 25 38 3290
leaf_count=4887 22 20 20 31 23 20 21 27 29 20 29 30 57 543 26 35 31 30 21 217 35 36 1535 22 11176 68 35 25 38 3290
internal_value=5.15018e-08 -0.794803 13.6555 19.7672 81.5735 15.8064 -22.0801 5.23134 2.5994 6.63067 -27.4961 18.9891 3.05009 16.878 47.0509 3.51855 6.51655 -12.4778 11.8607 15.3789 44.7539 2.8554 3.13876 7.65958 -2.01651 2.86971 6.57645 34.0188 5.5297 1.06711
internal_weight=22399 21167 1232 714 43 671 52 518 491 433 58 619 5104 589 46 413 378 83 295 273 56 5084 5027 52 16063 4991 1633 60 1573 3358
internal_count=22399 21167 1232 714 43 671 52 518 491 433 58 619 5104 589 46 413 378 83 295 273 56 5084 5027 52 16063 4991 1633 60 1573 3358
is_linear=0
shrinkage=0.05


Tree=22
num_leaves=31
num_cat=0
split_feature=180 250 115 159 141 154 254 198 206 235 199 171 148 176 257 24 89 16 173 98 109 129 134 94 113 5 135 248 219 133
split_gain=8.80364e+07 3.73485e+07 2.75111e+07 6.13748e+07 2.64905e+07 2.26437e+07 2.22959e+07 2.22566e+07 3.4848e+07 2.13507e+07 3.02573e+07 2.91538e+07 2.24335e+07 3.93092e+07 1.72978e+07 2.85029e+07 2.46699e+07 1.80992e+07 1.72096e+07 1.88077e+07 2.95577e+07 2.75209e+07 2.23007e+07 1.71412e+07 1.91665e+07 1.66074e+07 1.54051e+07 1.42659e+07 1.42376e+07 1.39953e+07
threshold=1919.6887207031252 1136.6364746093752 -8919.9999999999982 2251.4748535156255 -7212.7499999999991 5954.7500000000009 -1603.4999999999998 5469.0000000000009 4083.0000000000005 -9280.3950195312482 -2116.2499999999995 -536.74999999999989 -4702.2499999999991 -4124.7499999999991 3975.563110351563 -1949.2499999999998 3976.314086914063 -10957.499999999998 3248.338500976563 -1056.7499999999998 899.83749389648449 1203.7500000000002 121.00000000000001 607.25000000000011 2399.5000000000005 2076.7263183593755 -3586.2499999999995 -1195.7499999999998 -1885.4999999999998 2602.5000000000005
decision_type=2 2 2 2 2 2 2 2 2 2 2 2 2 2 2 2 2 2 2 2 2 2 2 2 2 2 2 2 2 2
left_child=1 -1 3 -2 6 9 -5 8 -7 10 -4 -12 13 -11 16 -16 17 -14 19 20 -19 22 25 -24 -25 -21 -27 -23 -29 -30
right_child=2 -3 5 4 -6 7 -8 -9 -10 12 11 -13 14 -15 15 -17 -18 18 -20 21 -22 27 23 24 -26 26 -28 28 29 -31
leaf_value=-1.8519158521044579 117.10185798645021 3.178658703247772 -54.838301858594349 -35.600921264061562 55.948804424548975 23.305229264577232 34.618969398736958 -12.390585358937582 88.673661967686257 4.8205639811924534 53.056863648550852 -23.243819107547885 54.05869086129325 85.117141794275369 -1.6488831615448001 82.765148749351511 -47.975408599376685 1.9366709432818674 46.857097860483023 -19.632420499622825 -46.173378499348956 -28.365285480723664 11.568126130987096 90.869367274531612 34.442659422930546 -2.3356073570251463 59.722966012954714 36.241929626464845 -21.227516590631925 8.3153619646344872
leaf_weight=16503 20 4752 31 26 29 75 20 24 28 35 21 31 21 27 20 20 20 176 26 32 39 34 27 27 34 20 20 34 52 175
leaf_count=16503 20 4752 31 26 29 75 20 24 28 35 21 31 21 27 20 20 20 176 26 32 39 34 27 27 34 20 20 34 52 175
internal_value=3.42769e-08 -0.727226 13.5115 39.2769 18.5236 11.1781 -5.07053 30.9715 41.0753 8.45173 -15.7392 7.56992 10.8449 39.7884 8.53534 40.5581 6.79734 8.32517 6.94528 5.39646 -6.79027 11.155 27.8523 44.7371 59.4184 7.21541 28.6937 2.09886 6.06737 1.54783
internal_weight=22399 21255 1144 95 75 1049 46 127 103 922 83 52 839 62 777 40 737 717 696 670 215 455 160 88 61 72 40 295 261 227
internal_count=22399 21255 1144 95 75 1049 46 127 103 922 83 52 839 62 777 40 737 717 696 670 215 455 160 88 61 72 40 295 261 227
is_linear=0
shrinkage=0.05


Tree=23
num_leaves=31
num_cat=0
split_feature=250 253 92 241 233 229 47 40 137 103 184 135 19 238 79 27 19 247 134 48 243 253 75 141 227 205 4 124 22 4
split_gain=8.00484e+07 2.90656e+07 2.19346e+07 3.33299e+07 4.98988e+07 2.66089e+07 2.28385e+07 2.55754e+07 2.14878e+07 2.02855e+07 1.87896e+07 1.82422e+07 1.80726e+07 2.02289e+07 3.58495e+07 2.53006e+07 2.45006e+07 1.99344e+07 1.73719e+07 4.03452e+07 1.96654e+07 1.61131e+07 1.75768e+07 1.55517e+07 1.55221e+07 2.01241e+07 1.53777e+07 3.24487e+07 1.60862e+07 1.51125e+07
threshold=1339.193786621094 3458.2500000000005 -7164.2499999999991 -139.74999999999997 -2026.7499999999998 1466.3775634765627 1844.3581542968752 2134.398071289063 -10661.825195312498 730.70230102539074 -2922.7499999999995 -9168.7499999999982 2682.6601562500005 227.25000000000003 6029.7500000000009 -6426.1701660156241 3975.563110351563 240.25000000000003 -6112.7499999999991 -4258.4670410156241 1704.459411621094 440.25000000000006 2682.6601562500005 5065.2500000000009 427.75000000000006 616.75000000000011 20301.695312500004 1919.6887207031252 7781.5000000000009 -8552.5776367187482
decision_type=2 2 2 2 2 2 2 2 2 2 2 2 2 2 2 2 2 2 2 2 2 2 2 2 2 2 2 2 2 2
left_child=9 2 3 5 -5 -2 11 -8 -9 -1 -6 -7 18 14 16 -15 21 24 19 20 -4 -14 -23 29 -17 -26 28 -28 -20 -3
right_child=1 23 12 4 10 6 7 8 -10 -11 -12 -13 13 15 -16 17 -18 -19 26 -21 -22 22 -24 -25 25 -27 27 -29 -30 -31
leaf_value=-3.3935268698405849 48.171306340834676 -10.269220275878908 36.072097745149037 102.01526866488987 -3.48209100995745 -52.670117500850132 66.645295734405522 -22.409492502985774 38.337425049146013 -0.0092936345640478157 53.272350814819333 -1.2675481833351983 34.40023065143162 76.479961113135019 65.18682322935625 43.98331618881226 -47.316859160936801 55.093019805848598 4.0256142893736309 82.667313567451814 -27.397919512052951 -46.536178627014159 5.2841729905870229 71.866477203369143 -30.030919456481936 21.7144318262736 -6.8713698664019196 67.385132360458371 -8.2399443135057631 48.580456304550175
leaf_weight=6998 34 20 23 27 35 28 20 37 24 12057 25 45 36 24 22 25 26 32 2215 23 26 20 90 24 34 42 31 28 304 24
leaf_count=6998 34 20 23 27 35 28 20 37 24 12057 25 45 36 24 22 25 26 32 2215 23 26 20 90 24 34 42 31 28 304 24
internal_value=-1.21776e-08 7.13515 6.46356 19.979 45.5672 8.13763 -0.700974 17.5784 1.49093 -1.25216 20.1656 -20.9836 5.22505 15.8865 5.08831 29.2295 -2.59871 20.7031 3.81291 28.037 2.39413 5.3648 -4.13771 39.4903 9.8073 -1.4348 3.13637 28.369 2.54537 21.8306
internal_weight=22399 3344 3276 275 87 188 154 81 61 19055 60 73 3001 351 194 157 172 133 2650 72 49 146 110 68 101 76 2578 59 2519 44
internal_count=22399 3344 3276 275 87 188 154 81 61 19055 60 73 3001 351 194 157 172 133 2650 72 49 146 110 68 101 76 2578 59 2519 44
is_linear=0
shrinkage=0.05


Tree=24
num_leaves=31
num_cat=0
split_feature=166 117 152 117 239 198 230 222 219 216 50 136 230 227 122 85 135 113 187 29 27 257 137 115 169 197 257 172 191 239
split_gain=7.33898e+07 3.44183e+07 2.50856e+07 5.13967e+07 2.19537e+07 1.90637e+07 4.14966e+07 1.88479e+07 1.70184e+07 3.52752e+07 2.30884e+07 1.68278e+07 1.59051e+07 1.77327e+07 1.62597e+07 1.47636e+07 2.70311e+07 1.944e+07 1.48187e+07 1.39509e+07 1.76778e+07 1.8196e+07 1.77769e+07 1.39191e+07 1.29977e+07 2.8414e+07 2.67473e+07 3.60592e+07 2.27736e+07 1.80631e+07
threshold=2015.7981567382815 998.34063720703136 2015.7981567382815 1964.0771484375002 5120.0000000000009 5469.0000000000009 4854.5676269531259 2076.7263183593755 -2788.2499999999995 461.87948608398443 -12397.499999999998 6408.7500000000009 -716.39709472656239 -430.74999999999994 -1845.4999999999998 -3662.7499999999995 -6341.4999999999991 -3622.9999999999995 1844.3581542968752 -5504.2499999999991 -3818.4475097656245 1448.6674804687502 -1303.137512207031 1762.2500000000002 1156.7500000000002 3772.7500000000005 2965.2673339843755 -10193.812499999998 -4233.9999999999991 898.25000000000011
decision_type=2 2 2 2 2 2 2 2 2 2 2 2 2 2 2 2 2 2 2 2 2 2 2 2 2 2 2 2 2 2
left_child=1 11 3 7 5 6 24 -2 9 10 -3 -1 13 15 -15 17 -17 -12 19 -18 -21 -22 -23 -6 25 26 -4 -28 -29 -26
right_child=2 8 4 -5 23 -7 -8 -9 -10 -11 12 -13 -14 14 -16 16 18 -19 -20 20 21 22 -24 -25 29 -27 27 28 -30 -31
leaf_value=-2.212012573119289 45.532571883428666 57.487897638841105 17.603801761042504 110.21658471107483 75.365171723138729 -37.412872872466131 64.116840147290915 -22.289138154983522 1.217447715938663 67.28503619384766 1.3094232398421826 42.581198574247821 -28.971009886264802 57.33827942609787 0.71702573412940618 64.776755161718896 43.27336733500163 -36.774068120809709 -25.948720512390139 -13.525403696612308 6.3293400563299658 9.8471591241898082 62.576217963478783 18.455152650312947 -12.771192886741074 67.588925504684454 -63.248141265373967 48.390815292085925 -26.160167593955993 9.6705373658669576
leaf_weight=13490 21 22 315 20 21 21 35 20 7093 25 238 21 32 32 21 22 30 39 30 76 196 31 33 22 135 24 26 21 20 267
leaf_count=13490 21 22 315 20 21 21 35 20 7093 25 238 21 32 32 21 22 30 39 30 76 196 31 33 22 135 24 26 21 20 267
internal_value=6.67417e-08 -0.608261 13.4666 44.5038 11.3792 9.64378 10.816 12.4488 2.00886 8.79667 6.97347 -2.14239 5.5487 7.02548 34.9034 4.89954 10.8319 -4.05251 7.83494 10.6041 7.68719 13.8878 37.0356 46.2484 8.50719 14.8174 11.502 -17.1858 12.0245 2.13414
internal_weight=22399 21431 968 61 907 864 843 41 7920 827 802 13511 780 748 53 695 418 277 396 366 336 260 64 43 808 406 382 67 41 402
internal_count=22399 21431 968 61 907 864 843 41 7920 827 802 13511 780 748 53 695 418 277 396 366 336 260 64 43 808 406 382 67 41 402
is_linear=0
shrinkage=0.05


Tree=25
num_leaves=31
num_cat=0
split_feature=257 201 131 131 169 254 196 84 72 57 54 81 225 197 250 9 240 94 127 252 126 248 247 8 51 118 48 212 203 56
split_gain=6.66945e+07 3.0466e+07 3.36136e+07 3.15069e+07 2.32315e+07 1.95106e+07 3.25765e+07 2.04465e+07 2.68538e+07 2.25651e+07 3.65274e+07 2.83785e+07 2.06616e+07 1.97654e+07 1.90576e+07 2.68145e+07 1.88206e+07 1.75081e+07 2.21145e+07 1.6538e+07 1.59346e+07 1.57315e+07 1.5557e+07 1.42148e+07 2.00628e+07 2.0539e+07 2.41016e+07 2.32865e+07 2.75198e+07 2.10704e+07
threshold=1168.6880493164065 2562.2622070312505 2015.7981567382815 2448.109497070313 9418.7500000000018 -435.74999999999994 163.75000000000003 1024.2500000000002 6482.0000000000009 519.25000000000011 2965.2673339843755 -9665.4028320312482 711.25000000000011 3681.2500000000005 2829.083862304688 -15613.749999999998 28.750000000000004 -9431.2499999999982 -6831.4999999999991 922.25000000000011 -8732.2499999999982 -1089.4999999999998 -975.74999999999989 -10778.749999999998 -6647.7499999999991 -3326.8447265624995 -5675.5869140624991 -1957.2499999999998 424.25000000000006 -2040.2499999999998
decision_type=2 2 2 2 2 2 2 2 2 2 2 2 2 2 2 2 2 2 2 2 2 2 2 2 2 2 2 2 2 2
left_child=-1 14 -3 -4 5 7 -7 9 -9 10 19 -12 -11 -10 15 -2 -8 -17 20 -5 -19 -22 -23 -20 -25 -26 -27 28 29 -28
right_child=1 2 3 4 -6 6 16 8 13 12 11 -13 -14 -15 -16 17 -18 18 23 -21 21 22 -24 24 25 26 27 -29 -30 -31
leaf_value=-1.5317462595067575 56.5628896633784 75.397407299539324 -47.910618438720704 18.504391860961913 55.363857269287109 86.038086335555363 -17.642066272099814 -15.097210868946593 -3.5528571833734932 88.824900150299072 -69.092668027877821 4.8314450032002227 19.3373070758322 61.997331619262695 -39.923897506713871 -20.719171764099436 44.975563625494644 2.5313531807688783 -27.436805838507578 68.561970011393228 75.024218835001406 -6.9885661170596167 53.17680021199314 14.332874021015451 -6.0627233250956358 52.985207935333257 25.336704497947927 1.61936351787591 58.427424364487337 4.9751648317203454
leaf_weight=17031 24 23 20 77 35 23 24 133 23 20 20 37 23 23 25 73 24 43 37 21 23 21 22 403 582 25 164 2806 30 564
leaf_count=17031 24 23 20 77 35 23 24 133 23 20 20 37 23 23 25 73 24 43 37 21 23 21 22 403 582 25 164 2806 30 564
internal_value=7.79086e-09 4.85976 16.2883 13.5855 16.1319 13.0669 37.111 8.53873 -3.70786 19.6101 10.7197 -21.1068 51.6571 29.2222 3.61824 3.84422 13.6667 3.58025 3.95606 29.231 26.2159 41.6468 23.7937 3.42986 3.67955 2.65023 4.06314 3.71997 11.4961 9.56211
internal_weight=22399 5368 526 503 483 448 71 377 179 198 155 57 43 46 4842 4817 48 4793 4720 98 109 66 43 4611 4574 4171 3589 3564 758 728
internal_count=22399 5368 526 503 483 448 71 377 179 198 155 57 43 46 4842 4817 48 4793 4720 98 109 66 43 4611 4574 4171 3589 3564 758 728
is_linear=0
shrinkage=0.05


Tree=26
num_leaves=31
num_cat=0
split_feature=166 229 152 117 238 257 166 173 213 26 8 222 205 135 243 114 68 226 246 175 208 215 236 3 86 164 239 135 204 229
split_gain=6.05464e+07 2.9127e+07 2.27678e+07 4.65001e+07 1.97679e+07 2.04753e+07 1.90605e+07 2.50073e+07 2.1805e+07 1.83677e+07 2.06921e+07 1.72901e+07 1.71004e+07 3.44643e+07 1.57993e+07 1.75477e+07 1.48349e+07 1.45393e+07 2.26004e+07 3.10409e+07 2.3263e+07 1.88557e+07 1.38276e+07 1.40459e+07 1.99775e+07 1.26586e+07 1.25728e+07 1.24523e+07 1.18875e+07 1.1638e+07
threshold=2015.7981567382815 919.90353393554699 2015.7981567382815 1964.0771484375002 216.75000000000003 3975.563110351563 3975.563110351563 3248.338500976563 -816.74999999999989 2561.105346679688 -6047.7499999999991 2076.7263183593755 3672.0000000000005 1223.7500000000002 1396.8257446289065 6247.2500000000009 2251.4748535156255 -1966.4999999999998 1490.7500000000002 -31.749999999999996 2018.095153808594 1919.6887207031252 1844.3581542968752 -11557.999999999998 -10651.499999999998 4683.7500000000009 907.75000000000011 -319.24999999999994 -1644.4999999999998 2829.083862304688
decision_type=2 2 2 2 2 2 2 2 2 2 2 2 2 2 2 2 2 2 2 2 2 2 2 2 2 2 2 2 2 2
left_child=1 28 3 11 6 9 7 29 -9 16 -11 -2 17 -14 15 -15 -6 18 20 -20 21 22 23 -3 -25 -18 -26 -7 -1 -4
right_child=2 12 4 -5 5 27 -8 8 -10 10 -12 -13 13 14 -16 -17 25 -19 19 -21 -22 -23 -24 24 26 -27 -28 -29 -30 -31
leaf_value=4.3863853100236962 42.997482299804688 39.750137560708183 6.3460990549571266 104.30445053577424 14.921517918904621 24.878834688095822 -30.125621364055537 13.155852906844196 77.956631142752514 59.886161637987414 17.559762491240644 -21.960971889495852 78.774241867065427 9.6667840627523578 -6.7474633366633689 62.936859349229124 -27.215864322770319 0.30467553383144869 14.754882670009838 83.986990394592283 -47.090553643486714 45.346370063509262 -27.124800060817172 -42.229752159118654 3.5138815217023733 19.46843406677246 23.265363032110901 80.005520401000979 -2.6400952754920617 -14.727509055080185
leaf_weight=637 21 28 311 20 105 21 39 34 21 35 165 20 20 52 78 22 53 8081 85 20 22 28 35 23 1276 20 86 20 10938 83
leaf_count=637 21 28 311 20 105 21 39 34 21 35 165 20 20 52 78 22 53 8081 85 20 22 28 35 23 1276 20 86 20 10938 83
internal_value=1.00381e-08 -0.55248 12.2316 41.8003 10.243 18.2091 3.40316 6.31546 37.898 14.569 24.9669 11.3104 1.44511 17.0725 8.95383 25.5038 2.88588 1.16755 5.51747 27.942 3.94566 4.70636 3.9205 4.68949 3.98069 -14.4256 4.76104 51.7699 -2.25341 1.90673
internal_weight=22399 21431 968 61 907 419 488 449 55 378 200 41 9856 172 152 74 178 9684 1603 105 1498 1476 1448 1413 1385 73 1362 41 11575 394
internal_count=22399 21431 968 61 907 419 488 449 55 378 200 41 9856 172 152 74 178 9684 1603 105 1498 1476 1448 1413 1385 73 1362 41 11575 394
is_linear=0
shrinkage=0.05


Tree=27
num_leaves=31
num_cat=0
split_feature=250 246 213 138 188 159 37 66 8 99 232 8 17 250 89 78 232 103 120 155 143 4 115 22 49 250 157 147 8 218
split_gain=5.50978e+07 2.50851e+07 3.71974e+07 3.49465e+07 3.11642e+07 3.17527e+07 3.09717e+07 1.95668e+07 4.81939e+07 2.40691e+07 2.34601e+07 1.64196e+07 2.44686e+07 1.63528e+07 1.61404e+07 1.3188e+07 2.55791e+07 1.31825e+07 1.25379e+07 2.13786e+07 1.98417e+07 1.7706e+07 1.76549e+07 1.60532e+07 1.3879e+07 1.38292e+07 1.12236e+07 1.09538e+07 1.08301e+07 1.04072e+07
threshold=1212.4682617187502 1772.7500000000002 -3663.2499999999995 1001.5259399414064 -7596.6499023437491 2561.105346679688 -9656.4999999999982 -12670.499999999998 -13466.749999999998 -10231.249999999998 -1710.7499999999998 -314.74999999999994 239.25000000000003 3975.563110351563 2683.721801757813 -9096.7499999999982 -1043.9999999999998 672.06381225585949 -4403.7499999999991 1995.7500000000002 1591.0000000000002 16027.892578125002 7073.0000000000009 5797.5000000000009 5634.7500000000009 2134.398071289063 2140.0000000000005 2762.2500000000005 9268.5000000000018 -721.74999999999989
decision_type=2 2 2 2 2 2 2 2 2 2 2 2 2 2 2 2 2 2 2 2 2 2 2 2 2 2 2 2 2 2
left_child=17 7 -3 -4 -5 18 -7 8 10 -9 -2 -8 -13 15 -14 16 -11 -1 -6 25 26 23 -23 27 -25 -20 -21 -22 -16 -17
right_child=1 2 3 4 5 6 11 9 -10 13 -12 12 14 -15 28 29 -18 -19 19 20 21 22 -24 24 -26 -27 -28 -29 -30 -31
leaf_value=-3.4153409084808168 37.181806240081791 60.633523072694487 65.072916214806696 -53.37353486061096 27.852880891763938 86.772923450469975 -5.6857574784478473 -49.600024734843863 92.428795078822546 -7.5143734565147984 -39.401651010513312 80.816688966751101 58.359622400457205 39.016203854160928 -9.8716196214830561 6.6093382796666482 62.621670605586125 -0.40945100352789965 -4.9569557494322467 64.514445670445767 -10.110828131569757 3.3081863490017982 66.652347243915912 -52.310942077636724 -5.6838380024402966 -45.661130789051889 16.159009504318238 19.172224134206772 26.831364046443596 0.58809441176487043
leaf_weight=5151 20 38 28 20 53 20 43 22 21 26 20 20 22 31 37 979 26 12496 225 24 45 22 22 20 79 23 24 110 44 2688
leaf_count=5151 20 38 28 20 53 20 43 22 21 26 20 20 22 31 37 979 26 12496 225 24 45 22 22 20 79 23 24 110 44 2688
internal_value=6.41281e-08 4.77881 12.1979 10.1088 8.30453 9.7854 27.9922 3.00001 31.0919 2.54571 -1.10992 20.9102 30.2079 2.85164 20.381 2.55018 27.5536 -1.28684 4.5513 2.4722 10.5029 5.69747 34.9803 0.624864 -15.1035 -8.73194 40.3367 10.6707 10.0658 2.19562
internal_weight=22399 4752 919 881 853 833 186 3833 61 3772 40 166 123 3750 103 3719 52 17647 647 594 346 298 44 254 99 248 48 155 81 3667
internal_count=22399 4752 919 881 853 833 186 3833 61 3772 40 166 123 3750 103 3719 52 17647 647 594 346 298 44 254 99 248 48 155 81 3667
is_linear=0
shrinkage=0.05


Tree=28
num_leaves=31
num_cat=0
split_feature=194 161 250 173 135 101 201 173 201 72 75 230 132 54 8 81 232 156 4 124 192 211 134 219 222 205 242 75 61 147
split_gain=5.03313e+07 2.20832e+07 2.99808e+07 2.91754e+07 2.78766e+07 2.78717e+07 2.61345e+07 4.64572e+07 2.97649e+07 3.38891e+07 1.94366e+07 3.13816e+07 2.47171e+07 3.13553e+07 2.25435e+07 1.80023e+07 1.76855e+07 1.63508e+07 1.62171e+07 3.33964e+07 1.45331e+07 1.44511e+07 1.37572e+07 1.35759e+07 1.40824e+07 1.32463e+07 2.2308e+07 1.78361e+07 1.42702e+07 1.24258e+07
threshold=1271.0528564453127 -6045.7499999999991 3975.563110351563 3976.314086914063 902.75000000000011 -5083.2499999999991 2562.2622070312505 2683.721801757813 1485.1591796875002 -9731.4999999999982 2682.6601562500005 4854.5676269531259 3044.084106445313 2965.2673339843755 1.0000000180025095e-35 -8151.3925781249991 -721.74999999999989 -2492.7499999999995 20301.695312500004 1919.6887207031252 -4459.4999999999991 7329.7500000000009 -8708.7499999999982 -1500.2499999999998 1294.2822265625002 3672.0000000000005 1058.2300415039065 2561.105346679688 2561.105346679688 2662.7500000000005
decision_type=2 2 2 2 2 2 2 2 2 2 2 2 2 2 2 2 2 2 2 2 2 2 2 2 2 2 2 2 2 2
left_child=23 5 3 10 -4 6 8 -8 9 -2 18 12 13 17 -15 16 -10 -12 21 -20 -17 25 -9 24 -1 27 -27 28 29 -3
right_child=1 2 4 -5 -6 -7 7 22 15 -11 11 -13 -14 14 -16 20 -18 -19 19 -21 -22 -23 -24 -25 -26 26 -28 -29 -30 -31
leaf_value=2.6113008335223893 77.937505350942203 0.58916659314583142 11.77325820468721 -53.949832439422607 77.650084590911874 69.169445892333997 101.47686320259459 -15.49136143559995 -8.3525161488850923 3.3297238773769808 30.760668770833451 74.943195651826414 -4.1423959060148761 -26.128145351409913 28.505637568962285 36.821805599461435 -65.937542915344238 80.187178378634997 -7.355731154933121 64.916563409374604 -18.250881870269776 -31.197341859340668 35.906817464828492 -1.7227745927011289 -14.656182579102556 65.365115566348493 7.0006855756975712 -23.878240433106058 43.661926669166206 8.1041172035446021
leaf_weight=2949 23 2407 42 22 26 25 21 23 30 45 44 21 132 35 41 23 24 27 33 31 25 32 30 15280 123 22 64 65 21 713
leaf_count=2949 23 2407 42 22 26 25 21 23 30 45 44 21 132 35 41 23 24 27 33 31 25 32 30 15280 123 22 64 65 21 713
internal_value=-1.54176e-08 5.04719 4.06164 3.45862 36.9615 18.8889 13.7372 38.5394 2.9409 28.5647 3.80108 15.9993 11.5626 25.6651 3.34534 -14.1416 -33.9459 49.5567 2.72096 27.6512 8.13811 2.24096 13.6019 -1.11301 1.91993 2.56599 21.9311 2.04653 2.58302 2.30653
internal_weight=22399 4047 3778 3710 68 269 244 74 170 68 3688 300 279 147 76 102 54 71 3388 64 48 3324 53 18352 3072 3292 86 3206 3141 3120
internal_count=22399 4047 3778 3710 68 269 244 74 170 68 3688 300 279 147 76 102 54 71 3388 64 48 3324 53 18352 3072 3292 86 3206 3141 3120
is_linear=0
shrinkage=0.05


Tree=29
num_leaves=31
num_cat=0
split_feature=257 201 171 252 88 48 175 175 217 210 143 169 250 9 94 127 138 198 237 126 248 247 252 232 114 103 225 42 6 206
split_gain=4.5957e+07 2.05413e+07 3.03512e+07 3.53164e+07 2.29636e+07 3.25328e+07 3.03211e+07 2.10572e+07 1.78257e+07 1.65227e+07 3.03003e+07 2.00749e+07 1.63121e+07 2.13488e+07 1.58554e+07 1.91267e+07 1.5003e+07 1.48467e+07 2.90132e+07 1.36813e+07 1.39104e+07 1.37661e+07 1.35191e+07 3.0892e+07 3.93659e+07 1.46184e+07 1.36743e+07 1.34443e+07 1.36456e+07 1.29581e+07
threshold=1168.6880493164065 2562.2622070312505 -6753.4999999999991 -162.24999999999997 -10589.099609374998 -8282.9121093749982 -2662.4999999999995 -777.24999999999989 -1.0000000180025095e-35 -963.74999999999989 1345.2500000000002 647.25000000000011 2829.083862304688 -15613.749999999998 -9431.2499999999982 -6831.4999999999991 2965.2673339843755 5469.0000000000009 4589.7070312500009 -8732.2499999999982 -1089.4999999999998 -975.74999999999989 170.75000000000003 -1613.9999999999998 -4522.4999999999991 909.84902954101574 5123.7500000000009 6896.5000000000009 6983.7834472656259 4083.0000000000005
decision_type=2 2 2 2 2 2 2 2 2 2 2 2 2 2 2 2 2 2 2 2 2 2 2 2 2 2 2 2 2 2
left_child=-1 12 3 -3 6 -6 -4 -8 -9 10 16 -11 13 -2 -15 19 -7 18 27 -16 -21 -22 25 24 -24 -17 -27 -13 -29 -20
right_child=1 2 4 -5 5 9 7 8 -10 11 -12 17 -14 14 15 22 -18 -19 29 20 21 -23 23 -25 -26 26 -28 28 -30 -31
leaf_value=-1.2715041629992496 50.263613891601565 19.230242857807564 -63.47123034000397 101.31557733535767 77.198180255889895 39.979550420320955 43.246926913054097 23.380569310621784 -32.652869708836079 58.703509267171228 -55.108646388848626 18.866206732336082 -37.269148969411852 -20.135897526675709 2.1012579097304234 23.368208520552692 -10.162573642730713 -28.036228065490725 26.890944766998292 69.731802003279981 -7.3985601152692526 49.197859941829336 -3.4294297838211061 5.0305273517242171 92.485377992754408 0.21997270003534056 -39.370997129787099 -35.494822364017885 11.192374117234174 83.807790374755868
leaf_weight=17031 24 38 22 20 20 26 23 22 40 27 24 106 25 73 43 68 35 20 20 23 21 22 20 1955 23 2523 22 29 34 20
leaf_count=17031 24 38 22 20 20 26 23 22 40 27 24 106 25 73 43 68 35 20 20 23 21 22 20 1955 23 2523 22 29 34 20
internal_value=4.38857e-08 4.03409 13.4183 47.5355 9.19008 15.2199 -11.1536 2.38749 -12.77 11.5848 -7.51564 17.9268 3.01466 3.22373 2.98819 3.34582 11.2095 13.119 17.0573 24.0474 38.3457 21.5577 2.85646 5.95258 47.8738 0.489042 -0.122268 7.99413 -10.2986 55.3494
internal_weight=22399 5368 526 58 468 361 107 85 62 341 85 256 4842 4817 4793 4720 61 229 209 109 66 43 4611 1998 43 2613 2545 169 63 40
internal_count=22399 5368 526 58 468 361 107 85 62 341 85 256 4842 4817 4793 4720 61 229 209 109 66 43 4611 1998 43 2613 2545 169 63 40
is_linear=0
shrinkage=0.05


Tree=30
num_leaves=31
num_cat=0
split_feature=222 219 252 115 219 144 0 245 38 29 17 246 177 246 33 38 57 218 59 257 204 204 184 197 141 206 233 239 246 250
split_gain=4.20975e+07 2.09915e+07 1.75552e+07 4.99348e+07 7.044e+07 2.79582e+07 2.14169e+07 1.9622e+07 2.04606e+07 2.85262e+07 1.74042e+07 1.70241e+07 1.84769e+07 1.57946e+07 1.79908e+07 1.57634e+07 1.55371e+07 2.09691e+07 1.42051e+07 1.39478e+07 1.35672e+07 1.50627e+07 1.55639e+07 1.91868e+07 1.90579e+07 1.44055e+07 1.25126e+07 1.24367e+07 1.94497e+07 1.21588e+07
threshold=1881.685974121094 -2179.9999999999995 -207.74999999999997 -8919.9999999999982 -4300.7499999999991 -9856.4204101562482 -10616.749999999998 1305.7500000000002 7833.5000000000009 8013.0000000000009 11149.250000000002 1727.2500000000002 -3289.2499999999995 582.25000000000011 2015.7981567382815 2210.2500000000005 -5908.4999999999991 486.25000000000006 -8477.4999999999982 1668.9749145507815 -5678.2499999999991 134.75000000000003 -3711.9999999999995 -1016.2499999999999 -1202.7499999999998 -858.74999999999989 -2070.2499999999995 43.750000000000007 632.75000000000011 1770.6844482421877
decision_type=2 2 2 2 2 2 2 2 2 2 2 2 2 2 2 2 2 2 2 2 2 2 2 2 2 2 2 2 2 2
left_child=1 11 7 4 -4 6 -5 8 9 20 -10 -1 -13 18 26 -16 17 -7 -3 -20 -2 22 24 -24 -22 -23 -15 28 -18 -21
right_child=2 13 3 5 -6 16 -8 -9 10 -11 -12 12 -14 14 15 -17 27 -19 19 29 21 25 23 -25 -26 -27 -28 -29 -30 -31
leaf_value=3.5031729784791388 -31.773260714213052 34.741265131877022 134.92901168823241 1.9182830625964749 6.6265254352403735 1.8986445045471194 -63.478906322660897 43.476286008512538 -55.582012301477896 61.749728240966796 -0.80320024819209657 9.789390154395786 70.033819274902342 19.947683818165849 44.940564316372544 -0.61769289970397956 1.4133180770874025 68.93129187992642 -2.1093839268421877 -42.958213350100401 14.531706963056401 -40.801665364778962 72.462238616035094 14.782952022552491 -33.320245398793901 -1.0007588751408276 0.30447862585449187 8.9735092284605482 61.12745746294658 -5.1936763966337161
leaf_weight=2023 30 26 20 31 23 20 21 27 29 20 29 35 20 82 43 34 25 28 11666 39 81 26 21 46 28 181 7152 516 30 47
leaf_count=2023 30 26 20 31 23 20 21 27 29 20 29 35 20 82 43 34 25 28 11666 39 81 26 21 46 28 181 7152 516 30 47
internal_value=8.22159e-09 -0.522949 8.98479 14.0685 66.3021 10.7212 -24.4921 1.97747 -0.304544 3.43104 -28.1926 4.24939 31.6965 -1.04246 0.783037 24.8239 13.6794 41.001 -2.1756 -2.25728 0.60689 3.14319 13.8967 32.8615 2.23946 -5.99991 0.527141 11.3826 33.9847 -22.3195
internal_weight=22399 21167 1232 714 43 671 52 518 491 433 58 2078 55 19089 7311 77 619 48 11778 11752 413 383 176 67 109 207 7234 571 55 86
internal_count=22399 21167 1232 714 43 671 52 518 491 433 58 2078 55 19089 7311 77 619 48 11778 11752 413 383 176 67 109 207 7234 571 55 86
is_linear=0
shrinkage=0.05


Tree=31
num_leaves=31
num_cat=0
split_feature=194 219 211 252 257 236 135 213 219 220 135 45 71 75 100 173 75 201 44 26 205 58 82 50 253 3 122 188 257 214
split_gain=3.86495e+07 1.79316e+07 3.53361e+07 2.93331e+07 2.53698e+07 2.51436e+07 2.38157e+07 2.36758e+07 1.9857e+07 2.28079e+07 1.82517e+07 2.21112e+07 2.10958e+07 4.26569e+07 1.73832e+07 1.62938e+07 1.51754e+07 1.88187e+07 2.5524e+07 1.48654e+07 1.91118e+07 1.66008e+07 1.62806e+07 1.79435e+07 1.45699e+07 1.41647e+07 1.37373e+07 1.29331e+07 1.23195e+07 1.19729e+07
threshold=1271.0528564453127 -3553.7499999999995 684.75000000000011 1413.5000000000002 3975.563110351563 1504.1189575195315 902.75000000000011 -4382.9999999999991 -3868.4999999999995 -2455.4999999999995 -9168.7499999999982 -9655.7499999999982 -5350.7499999999991 2682.6601562500005 -2482.2499999999995 3976.314086914063 3239.036743164063 2685.065307617188 -14548.999999999998 3239.036743164063 1547.2500000000002 -4268.7499999999991 1635.243591308594 -3901.9999999999995 636.25000000000011 -3870.9999999999995 -1376.2499999999998 -6717.4333496093741 547.55062866210949 4199.8498535156259
decision_type=2 2 2 2 2 2 2 2 2 2 2 2 2 2 2 2 2 2 2 2 2 2 2 2 2 2 2 2 2 2
left_child=28 2 3 5 10 7 -6 -2 16 -10 11 -3 13 25 29 19 17 18 -7 21 -21 22 23 -16 -19 26 27 -12 -1 -14
right_child=1 4 -4 -5 6 8 -8 -9 9 -11 12 -13 14 -15 15 -17 -18 24 -20 20 -22 -23 -24 -25 -26 -27 -28 -29 -30 -31
leaf_value=-4.9281080615252595 60.623003074450367 -68.184767618179322 78.442529903650282 68.369606381370915 10.580892734269838 -50.80110669817244 75.37157227889351 10.242555129939113 2.4908940748734909 67.352168514417571 33.767107778979884 4.4549755703319205 -3.9177703905533967 82.645525290749291 16.994650495969335 -41.19602582931519 -40.597691420555122 60.778970088958744 0.21695239047713694 5.5406143076279584 64.554622384776238 2.6027045248659673 5.874634820695908 79.135275849841889 6.0412238336378534 48.895951765233825 44.927568426999187 -0.8513231860760313 -0.55076424910482569 -37.313504178183422
leaf_weight=1780 39 20 20 21 37 28 23 58 33 23 31 22 647 22 26 20 25 20 197 34 23 2283 63 21 31 22 22 208 16572 28
leaf_count=1780 39 20 20 21 37 28 23 58 33 23 31 22 647 22 26 20 25 20 197 34 23 2283 63 21 31 22 22 208 16572 28
internal_value=-4.00803e-09 4.42286 13.3384 10.5972 3.1804 7.92486 35.4173 30.4986 1.79138 29.1303 2.62651 -30.1354 3.02535 15.5804 1.80776 3.75101 -3.29494 0.0839347 -6.13196 4.11792 29.3533 3.51683 22.4891 44.7596 27.507 10.3669 7.1192 3.63893 -0.975332 -5.30307
internal_weight=22399 4047 495 475 3552 454 60 97 357 56 3492 42 3450 305 3145 2470 301 276 225 2450 57 2393 110 47 51 283 261 239 18352 675
internal_count=22399 4047 495 475 3552 454 60 97 357 56 3492 42 3450 305 3145 2470 301 276 225 2450 57 2393 110 47 51 283 261 239 18352 675
is_linear=0
shrinkage=0.05


Tree=32
num_leaves=31
num_cat=0
split_feature=250 253 205 142 217 226 246 92 73 82 52 180 80 141 254 141 114 204 4 155 164 166 111 10 59 8 205 252 77 230
split_gain=3.54456e+07 2.25527e+07 1.50622e+07 5.05367e+07 2.01522e+07 1.45039e+07 2.74962e+07 3.45181e+07 1.83083e+07 1.78796e+07 1.62387e+07 3.86307e+07 1.99337e+07 3.67339e+07 1.79231e+07 1.69538e+07 1.55866e+07 1.4848e+07 1.41277e+07 1.32681e+07 1.27017e+07 1.22967e+07 1.18331e+07 1.60916e+07 1.15498e+07 1.1121e+07 1.09839e+07 1.77316e+07 1.32077e+07 2.03667e+07
threshold=1136.6364746093752 3458.2500000000005 3672.0000000000005 984.00000000000011 5936.0000000000009 -2381.4999999999995 1065.2500000000002 2035.2500000000002 -8889.9999999999982 1294.765319824219 -13169.749999999998 2448.109497070313 -4694.2499999999991 -5454.9999999999991 -2509.9999999999995 -1740.2499999999998 -3995.4999999999995 -5678.2499999999991 9551.3774414062518 -2874.7499999999995 -5829.2499999999991 1919.6887207031252 -2359.8986816406245 547.25000000000011 -7894.2499999999991 -932.24999999999989 -4194.2499999999991 -966.74999999999989 -5902.7499999999991 -2446.984497070312
decision_type=2 2 2 2 2 2 2 2 2 2 2 2 2 2 2 2 2 2 2 2 2 2 2 2 2 2 2 2 2 2
left_child=-1 2 5 -4 21 6 10 8 -8 19 11 -2 14 -14 -12 20 -17 -16 -6 -10 -15 -5 -22 25 -19 -24 27 -7 29 -28
right_child=1 -3 3 4 18 26 7 -9 9 -11 12 -13 13 15 17 16 -18 24 -20 -21 22 -23 23 -25 -26 -27 28 -29 -30 -31
leaf_value=-1.1888700291470153 83.032933371407651 31.539196414266314 86.220950201283344 9.9224537991061084 10.544203276861282 26.545772361755372 54.708980305989591 67.146375924662536 8.5133147115292758 -4.2008813597939234 -40.73253494468895 -8.1447882725642273 61.570721257527673 -14.260744581551387 -41.894450585738475 -44.423993015289312 0.93885359335481455 12.665460495765394 -44.136676731816046 64.197233600616457 9.6167841100444402 48.480867925057048 30.151656936645509 7.4610130785934388 -9.5772841188244353 77.801706584294649 1.5830051032952892 -21.926103622118632 0.85250120228093751 27.16622980422974
leaf_weight=16503 21 70 23 101 21 23 24 38 23 99 37 26 30 29 23 20 356 104 27 20 96 26 25 31 133 24 206 105 4010 125
leaf_count=16503 21 70 23 101 21 23 24 38 23 99 37 26 30 29 23 20 356 104 27 20 96 26 25 31 133 24 206 105 4010 125
internal_value=1.6918e-09 3.32767 2.9887 16.5429 7.38519 2.51185 7.49609 24.159 14.3185 7.492 3.93668 32.5942 2.4533 7.61841 -8.17255 4.83257 -1.47406 -3.53901 -20.2138 34.4128 16.3999 17.8163 21.4519 35.654 0.183245 53.4905 1.21923 -13.2163 1.64488 11.2443
internal_weight=22399 5896 5826 198 175 5628 1159 204 166 142 955 47 908 611 297 581 376 260 48 43 205 127 176 80 237 49 4469 128 4341 331
internal_count=22399 5896 5826 198 175 5628 1159 204 166 142 955 47 908 611 297 581 376 260 48 43 205 127 176 80 237 49 4469 128 4341 331
is_linear=0
shrinkage=0.05


Tree=33
num_leaves=31
num_cat=0
split_feature=5 9 12 41 235 254 253 245 253 96 171 72 240 224 100 106 164 73 121 78 184 124 229 141 162 136 79 135 197 240
split_gain=3.27079e+07 2.43537e+07 7.15774e+07 2.94009e+07 2.57577e+07 2.0108e+07 1.65583e+07 2.28466e+07 1.64791e+07 1.58954e+07 1.2661e+07 2.937e+07 1.43e+07 1.55385e+07 2.13598e+07 2.54607e+07 1.83446e+07 2.6444e+07 1.75583e+07 1.57832e+07 1.50019e+07 1.58616e+07 1.48456e+07 1.46881e+07 1.70364e+07 1.37544e+07 2.55169e+07 2.28697e+07 1.84682e+07 1.84202e+07
threshold=1668.9749145507815 -12361.249999999998 2015.7981567382815 -14619.381835937498 -9280.3950195312482 -1256.7499999999998 2500.2500000000005 1269.2500000000002 1010.2500000000001 769.24972534179699 -5624.2499999999991 -4878.9999999999991 -3088.2499999999995 -187.24999999999997 -4584.7499999999991 -2337.2499999999995 3083.7500000000005 5144.7500000000009 3540.7500000000005 7465.2500000000009 1536.2500000000002 1736.5740966796877 3239.036743164063 -1374.7499999999998 -2104.7499999999995 885.75000000000011 915.75000000000011 1911.7500000000002 1592.2500000000002 -73.749999999999986
decision_type=2 2 2 2 2 2 2 2 2 2 2 2 2 2 2 2 2 2 2 2 2 2 2 2 2 2 2 2 2 2
left_child=9 2 -2 5 8 -4 10 -8 -3 -1 11 -6 -12 14 23 -16 25 18 -18 -19 -21 -22 -17 24 -14 26 -15 29 -28 -27
right_child=1 4 3 -5 6 -7 7 -9 -10 -11 12 -13 13 16 15 22 17 19 -20 20 21 -23 -24 -25 -26 27 28 -29 -30 -31
leaf_value=-2.2923021820749194 112.41752586364747 -5.5967441879785982 -39.33365922897093 47.429411053657532 0.4192016177707249 22.369304776191711 59.538093504761207 10.182816773873789 -65.96572563171388 0.55220956773942254 -12.076261809764018 66.38209735729076 -14.421295104128248 -4.8201204336162178 63.477623585292271 11.480327039231888 14.249829914500413 -26.481071407794953 51.403904118745224 42.207879765828451 33.537590395487278 -10.536890368712577 55.817974135875708 -45.06113818775524 40.676220173835759 -51.592841352982958 7.744476825714111 1.6333456335067749 72.206525945663458 -8.4578068606058761
leaf_weight=8055 21 26 31 32 45 23 33 81 20 12584 131 27 47 227 28 337 103 50 46 24 26 95 20 22 20 55 25 100 20 45
leaf_count=8055 21 26 31 32 45 23 33 81 20 12584 131 27 47 227 28 337 103 50 46 24 26 95 20 22 20 55 25 100 20 45
internal_value=3.53421e-08 6.54289 29.6604 9.45223 5.04648 -13.0528 6.10246 24.4699 -31.8441 -0.557948 4.7 25.1553 3.66356 5.26194 12.462 17.5652 1.07956 9.86111 25.7202 -2.25688 6.09629 -1.06634 13.9642 -9.61372 2.02572 -5.32055 1.99844 -15.2744 36.3943 -32.1821
internal_weight=22399 1760 107 86 1653 54 1607 114 46 20639 1493 72 1421 1290 474 385 816 344 149 195 145 121 357 89 67 472 272 200 45 100
internal_count=22399 1760 107 86 1653 54 1607 114 46 20639 1493 72 1421 1290 474 385 816 344 149 195 145 121 357 89 67 472 272 200 45 100
is_linear=0
shrinkage=0.05


Tree=34
num_leaves=31
num_cat=0
split_feature=117 29 194 40 12 54 34 246 120 187 254 218 136 156 26 166 62 195 162 177 212 153 239 248 138 43 87 226 127 186
split_gain=3.00041e+07 1.89727e+07 2.57906e+07 4.01027e+07 7.11682e+07 3.42323e+07 1.61453e+07 1.57234e+07 3.18851e+07 2.01021e+07 1.48611e+07 1.3836e+07 1.34824e+07 1.16934e+07 1.73925e+07 1.78533e+07 2.42117e+07 2.36294e+07 2.40247e+07 1.63612e+07 1.50924e+07 2.01674e+07 1.38208e+07 1.33378e+07 1.24078e+07 1.95406e+07 1.22497e+07 1.57711e+07 1.15233e+07 1.23597e+07
threshold=998.34063720703136 -10689.999999999998 1448.8516235351565 1881.685974121094 2015.7981567382815 1384.134460449219 -14758.349609374998 582.25000000000011 -7021.7499999999991 1881.685974121094 -1256.7499999999998 -3033.7499999999995 6408.7500000000009 -3154.2499999999995 2561.105346679688 3975.563110351563 -595.83978271484364 5258.6838378906259 824.25000000000011 3330.2500000000005 -1210.4999999999998 3628.318481445313 4277.2500000000009 -375.24999999999994 971.24066162109386 2568.5000000000005 1482.2500000000002 3876.0000000000005 -5768.7499999999991 -2840.047485351562
decision_type=2 2 2 2 2 2 2 2 2 2 2 2 2 2 2 2 2 2 2 2 2 2 2 2 2 2 2 2 2 2
left_child=12 2 -2 5 -5 -4 10 -3 9 -9 -6 -10 -1 23 22 17 -17 18 -16 -19 -20 -22 24 -13 25 -15 -24 -28 -25 -30
right_child=1 7 3 4 6 -7 -8 8 11 -11 -12 13 -14 14 15 16 -18 19 20 -21 21 -23 26 28 -26 -27 27 -29 29 -31
leaf_value=-1.5465577225941334 64.506943299220154 -0.20713972106287024 8.1800551563501358 111.16983735220772 -35.07173127068414 -73.976342909676688 37.088123379434862 13.999945945124473 33.588893521459475 73.615572126095117 21.793591542243959 -28.939512515068056 38.547624170212522 8.4445644723044495 64.692954396066213 29.082715548001801 -35.875659877061842 91.006021442413328 -26.178997463650173 27.050583066940305 49.953696416219081 -0.11768813934482512 14.976292092459543 25.131342187680698 3.3851661154204566 66.2998180782795 -56.33695678029742 -3.2684881482805523 -12.265811659510319 4.9299012649626963
leaf_weight=13490 26 4332 32 21 27 21 28 31 38 26 20 48 21 54 21 26 32 20 27 20 30 61 21 38 3394 20 28 28 208 210
leaf_count=13490 26 4332 32 21 27 21 28 31 38 26 20 48 21 54 21 26 32 20 27 20 30 61 21 38 3394 20 28 28 208 210
internal_value=1.29265e-08 2.25625 18.5566 10.5384 29.8122 -24.3725 7.03203 1.92886 4.04097 41.193 -10.8737 3.55122 -1.48424 3.28491 4.23829 17.352 -6.75639 25.1636 15.4184 59.0283 6.64914 16.3894 3.36158 -3.86928 3.82678 24.0811 -17.5903 -29.8027 -1.2303 -3.62682
internal_weight=22399 8888 175 149 96 53 75 8713 4381 57 47 4324 13511 4286 3782 237 58 179 139 40 118 91 3545 504 3468 74 77 56 456 418
internal_count=22399 8888 175 149 96 53 75 8713 4381 57 47 4324 13511 4286 3782 237 58 179 139 40 118 91 3545 504 3468 74 77 56 456 418
is_linear=0
shrinkage=0.05


Tree=35
num_leaves=31
num_cat=0
split_feature=250 253 205 142 217 4 226 254 210 52 166 232 89 236 222 80 141 114 224 209 117 205 205 252 77 230 162 246 64 93
split_gain=2.72939e+07 1.76905e+07 1.35529e+07 4.42995e+07 1.73929e+07 1.24725e+07 1.23034e+07 2.41805e+07 2.42168e+07 1.53533e+07 3.47403e+07 2.12155e+07 1.50286e+07 1.90661e+07 1.61664e+07 1.4583e+07 2.77677e+07 1.82926e+07 1.38597e+07 1.76698e+07 1.19986e+07 1.15682e+07 1.12431e+07 1.47034e+07 1.24005e+07 1.77215e+07 1.89466e+07 1.21041e+07 1.10877e+07 1.08455e+07
threshold=1136.6364746093752 3458.2500000000005 3672.0000000000005 984.00000000000011 5936.0000000000009 9551.3774414062518 -2324.2499999999995 -645.24999999999989 182.25000000000003 -13169.749999999998 2134.398071289063 1494.2500000000002 1881.9522094726565 2015.7981567382815 2448.109497070313 -4694.2499999999991 -1740.2499999999998 -3916.2499999999995 -2766.7499999999995 -3862.4111328124995 1601.152282714844 -6411.9999999999991 -4194.2499999999991 -966.74999999999989 -5902.7499999999991 -2446.984497070312 -2675.4999999999995 1665.2500000000002 8536.0000000000018 -3739.2499999999995
decision_type=2 2 2 2 2 2 2 2 2 2 2 2 2 2 2 2 2 2 2 2 2 2 2 2 2 2 2 2 2 2
left_child=-1 2 6 -4 28 -6 7 9 12 10 -2 15 20 -14 -15 21 18 -18 -17 -20 -9 -11 23 -8 25 26 27 -24 -5 -26
right_child=1 -3 3 4 5 -7 22 8 -10 11 -12 -13 13 14 -16 16 17 -19 19 -21 -22 -23 24 -25 29 -27 -28 -29 -30 -31
leaf_value=-1.0432436751053329 77.764446549188534 27.906135713032313 80.713728846674385 4.8842651899044327 10.163043839590891 -41.214769253907384 23.178157598322088 13.282976763176197 67.828060774369675 -32.489563723171464 -4.5008904225898512 50.710072460174558 76.462504081726067 -15.386274261474609 46.725613056529653 28.323684900806796 -48.893065759410035 -2.4420049218778259 -39.25049671173096 16.687265771130722 -15.19889226957809 -5.8392293316302917 5.4037079518281139 -21.890823224011591 -6.3912543855454205 25.532627355766298 -18.776652233241357 43.582836420719445 35.233433161949627 1.5813983982950108
leaf_weight=16503 21 70 23 78 21 27 22 264 22 51 33 20 20 20 22 124 23 270 20 48 43 202 103 102 486 125 73 26 49 3488
leaf_count=16503 21 70 23 78 21 27 22 264 22 51 33 20 20 20 22 124 23 270 20 48 43 202 103 102 486 125 73 26 49 3488
internal_value=-4.00975e-08 2.92006 2.61985 15.477 6.90306 -18.737 2.16751 6.65114 16.8666 1.7321 27.4912 -0.102977 13.8283 36.2821 17.1485 -1.48002 3.59636 -6.08833 18.3756 0.234983 9.29366 -11.2114 0.948574 -13.8947 1.37651 10.7358 1.57941 13.0987 16.5938 0.606383
internal_weight=22399 5896 5826 198 175 48 5628 1203 391 812 54 758 369 62 42 738 485 293 192 68 307 253 4425 124 4301 327 202 129 127 3974
internal_count=22399 5896 5826 198 175 48 5628 1203 391 812 54 758 369 62 42 738 485 293 192 68 307 253 4425 124 4301 327 202 129 127 3974
is_linear=0
shrinkage=0.05


Tree=36
num_leaves=31
num_cat=0
split_feature=166 180 94 96 247 253 240 173 10 198 161 100 250 247 250 23 19 75 187 87 99 10 254 224 206 96 69 195 150 240
split_gain=2.55158e+07 2.30046e+07 6.47161e+07 2.24799e+07 1.82526e+07 1.66401e+07 1.61385e+07 1.5379e+07 1.37071e+07 1.51929e+07 1.35199e+07 2.13228e+07 1.28127e+07 1.26799e+07 1.92224e+07 2.06562e+07 1.83563e+07 1.41213e+07 1.74905e+07 1.76403e+07 1.49216e+07 1.65784e+07 1.67911e+07 1.49151e+07 2.29172e+07 1.45911e+07 1.3825e+07 1.32083e+07 1.58006e+07 1.247e+07
threshold=2015.7981567382815 2134.398071289063 -6122.2499999999991 2015.7981567382815 230.25000000000003 551.25000000000011 -1576.2499999999998 2135.198608398438 -11642.499999999998 -6850.4999999999991 7136.2500000000009 8048.7500000000009 943.01824951171886 -4579.9999999999991 3975.563110351563 -2569.9999999999995 3975.563110351563 2682.6601562500005 2682.6601562500005 3108.2500000000005 1743.2500000000002 -4816.4999999999991 -1020.2499999999999 -1348.7499999999998 -1500.4999999999998 2829.083862304688 7831.3378906250009 1891.9904785156252 -1415.2499999999998 -3088.2499999999995
decision_type=2 2 2 2 2 2 2 2 2 2 2 2 2 2 2 2 2 2 2 2 2 2 2 2 2 2 2 2 2 2
left_child=5 2 -2 6 7 8 -3 -4 -1 -10 13 -12 -7 -5 16 -16 17 18 20 -20 21 22 -15 25 -25 -19 27 28 -26 -27
right_child=1 3 4 10 -6 12 -8 -9 9 -11 11 -13 -14 14 15 -17 -18 23 19 -21 -22 -23 -24 24 26 29 -28 -29 -30 -31
leaf_value=33.076241874694823 104.29362340406938 -47.759932208061223 13.470556119241213 -21.645747381303369 52.24395576906204 -1.2296069273418808 -3.6616258575754652 -30.56615517139435 -36.878490397135415 -1.2609199157198827 66.394609411557525 2.6819376978380927 3.4487710611476476 -20.848088214510966 14.104471940579623 74.970235919952401 -33.397446102673008 61.371198032520432 -47.691662040916654 4.3911824061952789 23.430095144580392 -32.516037952360747 39.798862167358401 -35.908864688873294 4.558311334523288 -10.806522059440614 50.898864042191285 -6.9573157329308364 53.146231361671738 35.72230288717482
leaf_weight=29 22 32 114 41 25 2274 59 24 30 14992 24 29 4106 21 46 20 31 27 37 29 68 38 25 28 44 24 21 76 27 36
leaf_count=29 22 32 114 41 25 2274 59 24 30 14992 24 29 4106 21 46 20 31 27 37 29 68 38 25 28 44 24 21 76 27 36
internal_value=8.03327e-09 7.94042 23.7979 4.19376 12.9335 -0.358655 -19.1687 5.812 -1.26575 -1.33205 7.26599 31.533 1.78127 5.25324 7.09748 32.5486 3.94001 6.25031 -3.31398 -24.8068 6.01841 -8.07676 12.1122 13.6179 5.97034 30.8468 12.9502 7.52897 23.0354 17.1108
internal_weight=22399 968 185 783 163 21431 91 138 15051 15022 692 53 6380 639 598 66 532 501 218 66 152 84 46 283 196 87 168 147 71 60
internal_count=22399 968 185 783 163 21431 91 138 15051 15022 692 53 6380 639 598 66 532 501 218 66 152 84 46 283 196 87 168 147 71 60
is_linear=0
shrinkage=0.05


Tree=37
num_leaves=31
num_cat=0
split_feature=117 29 194 40 12 54 34 246 120 187 232 33 156 26 166 79 62 239 254 143 239 254 129 136 252 234 96 87 226 219
split_gain=2.34929e+07 1.49829e+07 2.27055e+07 3.67988e+07 6.23837e+07 2.97192e+07 1.42398e+07 1.24419e+07 2.69966e+07 1.71625e+07 1.27675e+07 1.98245e+07 1.25349e+07 1.40508e+07 1.66993e+07 2.10109e+07 2.07734e+07 1.68708e+07 1.75997e+07 1.36544e+07 1.25063e+07 1.22842e+07 1.21305e+07 1.19162e+07 1.17968e+07 1.1431e+07 1.15154e+07 1.04566e+07 1.42083e+07 1.03901e+07
threshold=998.34063720703136 -10689.999999999998 1448.8516235351565 1881.685974121094 2015.7981567382815 1384.134460449219 -14758.349609374998 582.25000000000011 -7021.7499999999991 1881.685974121094 -1043.9999999999998 1263.618347167969 -3154.2499999999995 2561.105346679688 3975.563110351563 6655.5000000000009 -595.83978271484364 2238.7500000000005 -783.74999999999989 4000.7500000000005 4277.2500000000009 -1256.7499999999998 534.25000000000011 6408.7500000000009 -376.24999999999994 -2492.7499999999995 1466.3775634765627 1482.2500000000002 3876.0000000000005 -3429.4999999999995
decision_type=2 2 2 2 2 2 2 2 2 2 2 2 2 2 2 2 2 2 2 2 2 2 2 2 2 2 2 2 2 2
left_child=23 2 -2 5 -5 -4 21 -3 9 -9 11 -10 24 20 15 17 -16 18 -15 -20 29 -6 -19 -1 -12 -13 -27 -22 -29 -14
right_child=1 7 3 4 6 -7 -8 8 10 -11 12 25 13 14 16 -17 -18 22 19 -21 27 -23 -24 -25 -26 26 -28 28 -30 -31
leaf_value=-1.3719415775536277 59.596353296133195 -0.19453888782803125 5.8475096851587303 103.5925513857887 -32.722794923075924 -70.70186580164092 34.320148540394648 12.643642616271974 48.43820488636311 67.728309220534115 -30.273302564166841 -21.480098636062056 33.627952657427109 -34.181031679224084 25.431140342125527 55.548771701714934 -34.738271865248684 65.461469869613651 38.012865665041168 -15.689215636253358 13.007196499052505 18.977710361480714 17.964248485099979 36.321663654418217 -2.5246629412146824 -12.155451479412262 33.768907918685521 -53.55022601570402 -3.179614775521415 3.0441648024241186
leaf_weight=13490 26 4332 32 21 27 21 28 31 39 26 42 27 28 27 26 39 32 20 29 20 21 20 41 21 435 21 39 28 28 3382
leaf_count=13490 26 4332 32 21 27 21 28 31 39 26 42 27 28 27 26 39 32 20 29 20 21 20 41 21 435 21 39 28 28 3382
internal_value=3.15319e-08 1.99648 16.4819 8.95857 27.4213 -24.4834 6.09337 1.70554 3.58438 37.77 3.13373 18.8163 2.66303 3.64126 15.5019 23.1697 -7.76578 13.9523 -1.76709 16.0936 2.84533 -10.7226 33.5371 -1.31335 -4.96794 5.53747 17.6954 -17.0816 -28.3649 3.29529
internal_weight=22399 8888 175 149 96 53 75 8713 4381 57 4324 126 4198 3721 234 176 58 137 76 49 3487 47 61 13511 477 87 60 77 56 3410
internal_count=22399 8888 175 149 96 53 75 8713 4381 57 4324 126 4198 3721 234 176 58 137 76 49 3487 47 61 13511 477 87 60 77 56 3410
is_linear=0
shrinkage=0.05


Tree=38
num_leaves=31
num_cat=0
split_feature=246 232 213 161 106 219 66 199 99 155 216 227 140 23 65 215 4 122 5 128 136 141 115 11 192 78 72 207 240 164
split_gain=2.1553e+07 2.88113e+07 1.95679e+07 2.43612e+07 2.03793e+07 1.80632e+07 1.50654e+07 2.86017e+07 2.34782e+07 1.42965e+07 2.42742e+07 1.60789e+07 1.51753e+07 1.37e+07 1.87787e+07 1.65326e+07 2.41583e+07 1.50212e+07 1.38311e+07 1.31437e+07 1.27405e+07 1.74143e+07 1.97181e+07 1.25e+07 1.25438e+07 1.18572e+07 1.18378e+07 1.50817e+07 1.88654e+07 1.90355e+07
threshold=1727.2500000000002 -1178.2499999999998 -3663.2499999999995 -7232.2499999999991 -5021.4999999999991 -1500.2499999999998 -12670.499999999998 -6951.4999999999991 -10231.249999999998 1995.7500000000002 829.01281738281261 -1100.2499999999998 2190.7500000000005 -5409.4999999999991 -3263.2499999999995 1798.9677734375002 -6032.3024902343741 -4805.2499999999991 1241.0962524414065 -4836.7499999999991 4220.2500000000009 3723.2500000000005 3348.0000000000005 15950.837890625002 2005.5000000000002 -5004.7499999999991 -4488.2499999999991 -9626.5747070312482 -3088.2499999999995 -5432.2499999999991
decision_type=2 2 2 2 2 2 2 2 2 2 2 2 2 2 2 2 2 2 2 2 2 2 2 2 2 2 2 2 2 2
left_child=5 -2 -3 -4 -5 6 7 -1 -8 11 -11 -6 19 14 15 -7 17 -17 -16 -13 21 26 -23 24 -12 -15 27 28 -10 -30
right_child=1 2 3 4 9 13 8 -9 20 10 23 12 -14 25 18 16 -18 -19 -20 -21 -22 22 -24 -25 -26 -27 -28 -29 29 -31
leaf_value=-3.032121753692627 54.356238079071048 47.011317911854498 -50.750125942230227 31.944365499958849 -46.94396301269532 -0.65304511755060823 -50.570615418752034 74.160459899902349 -11.326401460170747 43.337589159011841 14.426603070472149 31.004735171614271 -43.898137989044187 22.86001558440924 46.455497801822169 -25.934221366882326 57.462621355056768 24.810884475708008 2.3644018238988416 -1.694587118967001 -21.261077697787968 63.448219543457029 4.5788683241063906 25.061393906619099 -0.74017991116570858 -1.5268983664679161 3.9011310936144792 -4.6733903689483132 62.524789993851279 11.262782934904099
leaf_weight=28 30 27 20 66 20 509 21 21 48 45 188 33 20 50 46 25 32 35 29 447 56 25 33 74 496 15923 3088 882 27 55
leaf_count=28 30 27 20 66 20 509 21 21 48 45 188 33 20 50 46 25 32 35 29 447 56 25 33 74 496 15923 3088 882 27 55
internal_value=-1.50039e-08 5.86082 4.84768 4.03972 4.82863 -0.41045 2.48504 30.0504 2.1661 3.47592 7.65854 -2.98301 -1.22457 -1.1555 5.81649 2.87259 22.3786 3.66709 29.4069 0.553491 2.4289 2.74796 29.9536 5.54039 3.42847 -1.45056 2.3631 -2.33002 13.5689 28.1417
internal_weight=22399 1466 1436 1409 1389 20933 4284 49 4235 1323 803 520 500 16649 676 601 92 60 75 480 4214 4158 58 758 684 15973 4100 1012 130 82
internal_count=22399 1466 1436 1409 1389 20933 4284 49 4235 1323 803 520 500 16649 676 601 92 60 75 480 4214 4158 58 758 684 15973 4100 1012 130 82
is_linear=0
shrinkage=0.05


Tree=39
num_leaves=31
num_cat=0
split_feature=253 219 211 61 127 100 52 239 254 257 212 169 154 257 197 6 61 246 142 183 204 116 26 43 125 40 203 33 219 158
split_gain=2.01834e+07 2.39236e+07 6.78564e+07 2.455e+07 2.32228e+07 2.41497e+07 2.14862e+07 2.51238e+07 1.67607e+07 1.76e+07 1.28165e+07 2.15829e+07 1.27514e+07 1.72134e+07 1.2258e+07 1.21449e+07 1.18867e+07 1.674e+07 2.77888e+07 2.09598e+07 1.35799e+07 1.6464e+07 1.13044e+07 1.10468e+07 1.51411e+07 1.08979e+07 1.0206e+07 1.01975e+07 1.02053e+07 1.20675e+07
threshold=880.75000000000011 -2865.2499999999995 642.75000000000011 2965.2673339843755 -5768.7499999999991 -2275.9999999999995 -5552.9999999999991 -391.74999999999994 -2509.9999999999995 3975.563110351563 -3787.9999999999995 -3893.9999999999995 9016.0000000000018 2965.2673339843755 -1314.7499999999998 10305.397949218752 2561.105346679688 1814.0000000000002 252.25000000000003 2954.7500000000005 -5678.2499999999991 -16471.560546874996 2682.6601562500005 -8082.9999999999991 -6213.5219726562491 1573.6676025390627 1662.7500000000002 2448.109497070313 -1523.7499999999998 6933.1174316406259
decision_type=2 2 2 2 2 2 2 2 2 2 2 2 2 2 2 2 2 2 2 2 2 2 2 2 2 2 2 2 2 2
left_child=16 2 3 4 6 25 7 -2 -3 10 -10 -12 13 22 -7 -14 20 18 -18 -20 -1 -22 23 -13 -25 -6 -24 28 -23 -30
right_child=1 8 -4 -5 5 14 -8 -9 9 -11 11 12 15 -15 -16 -17 17 -19 19 -21 21 27 26 24 -26 -27 -28 -29 29 -31
leaf_value=-28.826589648668161 -19.276140030570655 -35.621094854946797 95.668386482238773 -34.663750539507184 3.7084795832633972 43.780538520200388 81.770149955749517 46.612815250494549 -30.925318122732229 37.323511966069539 40.423913027789148 -28.67017298380534 57.305232362747191 -28.128769283493359 -2.482684725806827 6.2908062458038332 19.039105022136983 50.45336482524872 -63.951458072662355 -0.99464013515374605 42.532787383686411 1.7332040803051212 3.0873988192189827 31.991211663222899 1.3702267176260003 -27.04858491619428 37.545881960048739 -24.789199841564354 -1.5463245277130524 5.4790216246742443
leaf_weight=43 23 29 25 28 72 45 20 39 29 36 37 30 20 48 21 28 130 24 20 39 22 3527 44 41 2627 48 42 44 14580 638
leaf_count=43 23 29 25 28 72 45 20 39 29 36 37 30 20 48 21 28 130 24 20 39 22 3527 44 41 2627 48 42 44 14580 638
internal_value=-3.76021e-08 3.59039 16.5662 9.88525 14.5396 4.76702 36.7067 22.1701 2.20706 2.57493 2.15031 2.47914 1.99165 1.55851 29.0604 27.5468 -0.627429 11.118 6.12309 -22.3359 -0.760122 -0.695965 2.07036 1.50153 1.84079 -8.59435 19.916 -0.746581 -0.690146 -1.25179
internal_weight=22399 3332 321 296 268 186 82 62 3011 2982 2946 2917 2880 2832 66 48 19067 213 189 59 18854 18811 2784 2698 2668 120 86 18789 18745 15218
internal_count=22399 3332 321 296 268 186 82 62 3011 2982 2946 2917 2880 2832 66 48 19067 213 189 59 18854 18811 2784 2698 2668 120 86 18789 18745 15218
is_linear=0
shrinkage=0.05


Tree=40
num_leaves=31
num_cat=0
split_feature=117 29 194 40 12 253 250 225 72 26 166 204 198 149 69 256 9 188 225 246 192 232 136 61 26 20 48 224 253 254
split_gain=1.86327e+07 1.18335e+07 2.088e+07 3.24503e+07 5.40748e+07 2.56792e+07 1.27648e+07 1.17511e+07 1.47006e+07 1.38365e+07 1.61077e+07 3.24279e+07 1.84711e+07 1.6245e+07 1.5191e+07 1.38352e+07 1.16438e+07 1.1471e+07 1.13793e+07 1.77678e+07 1.14073e+07 1.42495e+07 1.07052e+07 1.03493e+07 1.28598e+07 1.01487e+07 1.72511e+07 1.12094e+07 1.96904e+07 1.28427e+07
threshold=998.34063720703136 -10689.999999999998 1448.8516235351565 1881.685974121094 2015.7981567382815 740.25000000000011 2829.083862304688 -4003.7499999999995 -6886.7499999999991 2829.083862304688 3975.563110351563 3692.0000000000005 -1420.2499999999998 -1540.7499999999998 -146.72701263427732 -3085.817504882812 -4553.4999999999991 686.61212158203136 -2697.2499999999995 826.75000000000011 -3657.7499999999995 2003.2500000000002 6408.7500000000009 1466.3775634765627 1668.9749145507815 -9841.8994140624982 -6462.4970703124991 -1912.7499999999998 1389.7500000000002 -2863.2499999999995
decision_type=2 2 2 2 2 2 2 2 2 2 2 2 2 2 2 2 2 2 2 2 2 2 2 2 2 2 2 2 2 2
left_child=22 2 -2 5 -5 -4 -6 8 -3 18 11 12 13 15 17 16 -11 -12 19 23 21 -20 -1 -9 -25 -22 -27 28 -28 -29
right_child=1 7 3 4 6 -7 -8 9 -10 10 14 -13 -14 -15 -16 -17 -18 -19 20 -21 25 -23 -24 24 -26 26 27 29 -30 -31
leaf_value=-1.2251690867512224 55.99631503178523 -54.45841214316232 12.865414154052736 95.691739254906068 18.207315113859359 -56.853408922467921 -27.098967604203661 -2.4264718597585504 -0.62017669081687932 9.5598157065255318 -14.409826679229736 62.913781907217846 -6.91633120396558 60.429181933403015 -32.157680800301691 -3.800285388012322 62.866762199401855 38.50026452314286 -10.571685068609177 56.235862835970799 -13.880624169946831 30.16095887889033 34.501811876751127 55.822082133520212 4.061827216829573 11.491146787225773 6.2783394346488155 -33.260668393543789 56.923479347229005 0.67153824274160279
leaf_weight=13490 26 21 25 21 53 28 22 88 32 21 20 35 85 24 35 49 20 21 323 22 107 23 21 21 28 419 475 28 20 6796
leaf_count=13490 26 21 25 21 53 28 22 88 32 21 20 35 85 24 35 49 20 21 323 22 107 23 21 21 28 419 475 28 20 6796
internal_value=-9.00175e-09 1.77801 14.6513 7.43676 24.7743 -23.9672 4.91747 1.51946 -21.9523 1.6631 12.0357 18.5311 10.7251 23.8788 -7.96329 14.132 35.5632 12.6905 1.27801 14.5261 1.02085 -7.86402 -1.16964 7.82821 26.2448 1.41271 1.62419 1.05932 8.32461 0.532309
internal_weight=22399 8888 175 149 96 53 75 8713 53 8660 310 234 199 114 76 90 41 41 8350 159 8191 346 13511 137 49 7845 7738 7319 495 6824
internal_count=22399 8888 175 149 96 53 75 8713 53 8660 310 234 199 114 76 90 41 41 8350 159 8191 346 13511 137 49 7845 7738 7319 495 6824
is_linear=0
shrinkage=0.05


Tree=41
num_leaves=31
num_cat=0
split_feature=205 141 226 248 86 206 177 179 167 115 178 217 240 253 218 30 37 197 23 239 116 78 161 164 115 253 57 240 55 91
split_gain=1.79686e+07 3.20667e+07 1.89104e+07 2.23205e+07 4.09492e+07 2.22077e+07 3.59152e+07 1.13445e+07 1.58065e+07 1.46e+07 1.10822e+07 1.58464e+07 1.36298e+07 1.47617e+07 1.44295e+07 1.25287e+07 1.0941e+07 1.46862e+07 1.36047e+07 9.99125e+06 2.01093e+07 1.6511e+07 1.26187e+07 1.10226e+07 1.19128e+07 9.45718e+06 9.24808e+06 1.64027e+07 1.56177e+07 1.02165e+07
threshold=3672.0000000000005 2614.2500000000005 -1966.4999999999998 -242.74999999999997 -12957.499999999998 -74.749999999999986 -515.74999999999989 -8853.0727539062482 -5164.4277343749991 -6010.4999999999991 641.75000000000011 -601.74999999999989 -1072.7499999999998 571.75000000000011 -496.24999999999994 -5026.7499999999991 3375.0000000000005 5356.2500000000009 4300.5000000000009 -609.74999999999989 -16471.560546874996 -4795.2499999999991 -6045.7499999999991 -7119.7499999999991 -4416.7499999999991 268.25000000000006 -9731.4999999999982 -1180.2499999999998 -11284.310546874998 -5674.9999999999991
decision_type=2 2 2 2 2 2 2 2 2 2 2 2 2 2 2 2 2 2 2 2 2 2 2 2 2 2 2 2 2 2
left_child=2 -2 3 10 -5 7 -7 8 9 -6 11 12 14 -14 19 -16 -3 -18 -19 20 -1 23 -23 -22 -25 -4 27 -27 -28 -30
right_child=1 16 25 4 5 6 -8 -9 -10 -11 -12 -13 13 -15 15 -17 17 18 -20 -21 21 22 -24 24 -26 26 28 -29 29 -31
leaf_value=50.690503629048663 64.749733847158936 -11.846202469290349 -2.0624606004797803 72.721956939697279 -19.116646626591685 83.215399627685542 7.8521722837936059 7.5541322915426861 -49.568468007587256 35.340847871303559 -16.060356766700746 27.473614627664741 7.5091123941565776 50.495077037811285 -54.762944039054538 -6.3829349815845493 44.584422296093358 42.548920683427298 -0.33688145423757621 -8.0138500079935664 -38.074526705461395 32.325349553426108 3.0212797848816733 0.058092938540345529 -39.277186410323438 -54.636225520996824 38.987371008212754 6.4834060806295142 9.9006829896513029 -0.027955742757637722
leaf_weight=21 27 57 7595 25 32 25 43 881 21 20 100 55 119 24 23 32 31 22 116 317 34 39 633 118 23 21 26 23 265 11631
leaf_count=21 27 57 7595 25 32 25 43 881 21 20 100 55 119 24 23 32 31 22 116 317 34 39 633 118 23 21 26 23 265 11631
internal_value=-1.03757e-08 13.2495 -0.151365 3.86782 9.49896 7.95241 35.5592 5.98463 -12.9569 1.82854 0.0343903 1.15364 0.106926 14.7235 -1.5787 -26.6146 7.09682 13.4859 6.49999 -0.416697 2.35784 1.15951 4.72196 -12.5203 -6.3583 -0.682502 0.193378 -22.6873 0.277822 0.193219
internal_weight=22399 253 22146 2585 1047 1022 68 954 73 52 1538 1438 1383 143 1240 55 226 169 138 1185 868 847 672 175 141 19561 11966 44 11922 11896
internal_count=22399 253 22146 2585 1047 1022 68 954 73 52 1538 1438 1383 143 1240 55 226 169 138 1185 868 847 672 175 141 19561 11966 44 11922 11896
is_linear=0
shrinkage=0.05


Tree=42
num_leaves=31
num_cat=0
split_feature=253 219 211 61 127 100 52 239 254 257 212 169 154 257 197 6 0 148 80 134 71 68 40 122 5 110 26 43 125 203
split_gain=1.64165e+07 1.97075e+07 5.86313e+07 2.1208e+07 2.00573e+07 2.12199e+07 1.92186e+07 2.16024e+07 1.51766e+07 1.44756e+07 1.14794e+07 1.89072e+07 1.12807e+07 1.55896e+07 1.08732e+07 1.05007e+07 1.04536e+07 1.47472e+07 1.38667e+07 1.10101e+07 1.08989e+07 1.06761e+07 1.00023e+07 9.92635e+06 9.56698e+06 1.30177e+07 9.51232e+06 9.70194e+06 1.31273e+07 8.94723e+06
threshold=880.75000000000011 -2865.2499999999995 642.75000000000011 2965.2673339843755 -5768.7499999999991 -2275.9999999999995 -5552.9999999999991 -391.74999999999994 -2509.9999999999995 3975.563110351563 -3787.9999999999995 -3893.9999999999995 9016.0000000000018 2965.2673339843755 -1314.7499999999998 10305.397949218752 -5280.7499999999991 -352.74999999999994 -6674.2499999999991 -6575.2499999999991 -2038.7499999999998 1002.1069946289064 1573.6676025390627 -6574.2499999999991 1361.427673339844 1163.7462158203127 2682.6601562500005 -8082.9999999999991 -6213.5219726562491 1662.7500000000002
decision_type=2 2 2 2 2 2 2 2 2 2 2 2 2 2 2 2 2 2 2 2 2 2 2 2 2 2 2 2 2 2
left_child=16 2 3 4 6 22 7 -2 -3 10 -10 -12 13 26 -7 -14 17 -1 -19 -18 21 -20 -6 -21 25 -22 27 -13 -29 -28
right_child=1 8 -4 -5 5 14 -8 -9 9 -11 11 12 15 -15 -16 -17 19 18 20 23 24 -23 -24 -25 -26 -27 29 28 -30 -31
leaf_value=1.2097951458256362 -18.448251890099566 -34.013737014244349 88.544018188476571 -32.60098957334246 3.3105309486389163 40.684589008755154 76.351001110076908 42.648805520473388 -29.355232454168387 33.846322672896918 37.773614424628185 -26.915188814798992 53.509644346237181 -26.857384711503983 -2.8870879400344123 6.0738203866141189 33.696905202450964 49.502282450749327 31.985070071013077 -29.656331888834639 3.8315630821954638 -5.7602347255933406 -26.155673789978028 -0.87105044720175828 0.59331516397410433 52.659818030015018 2.4955650083043359 29.752201664157031 1.2401182595017886 34.759138148739225
leaf_weight=1003 23 29 25 28 72 45 20 39 29 36 37 30 20 48 21 28 23 26 23 30 21 101 48 17772 29 39 44 41 2627 42
leaf_count=1003 23 29 25 28 72 45 20 39 29 36 37 30 20 48 21 28 23 26 23 30 21 101 48 17772 29 39 44 41 2627 42
internal_value=-2.4149e-08 3.23806 15.0151 8.8049 13.1309 4.04873 33.7319 19.9838 1.98252 2.33258 1.94749 2.25869 1.80242 1.39502 26.8209 25.8387 -0.565858 3.86937 15.0307 -0.874893 10.8229 1.24091 -8.47595 -0.91956 24.1731 35.5699 1.88214 1.36033 1.67827 18.2522
internal_weight=22399 3332 321 296 268 186 82 62 3011 2982 2946 2917 2880 2832 66 48 19067 1242 239 17825 213 124 120 17802 89 60 2784 2698 2668 86
internal_count=22399 3332 321 296 268 186 82 62 3011 2982 2946 2917 2880 2832 66 48 19067 1242 239 17825 213 124 120 17802 89 60 2784 2698 2668 86
is_linear=0
shrinkage=0.05


end of trees

feature_importances:
Column_253=41
Column_257=36
Column_250=31
Column_246=26
Column_219=22
Column_26=20
Column_141=20
Column_239=20
Column_19=19
Column_205=19
Column_254=19
Column_197=16
Column_243=15
Column_166=14
Column_252=14
Column_135=13
Column_226=13
Column_241=13
Column_248=13
Column_115=12
Column_201=12
Column_8=11
Column_96=11
Column_173=11
Column_187=11
Column_204=11
Column_206=11
Column_232=11
Column_50=10
Column_224=10
Column_229=10
Column_238=10
Column_4=9
Column_5=9
Column_75=9
Column_122=9
Column_127=9
Column_164=9
Column_169=9
Column_180=9
Column_211=9
Column_212=9
Column_213=9
Column_233=9
Column_240=9
Column_33=8
Column_40=8
Column_94=8
Column_100=8
Column_117=8
Column_120=8
Column_155=8
Column_210=8
Column_225=8
Column_247=8
Column_0=7
Column_57=7
Column_72=7
Column_131=7
Column_136=7
Column_138=7
Column_159=7
Column_184=7
Column_194=7
Column_217=7
Column_218=7
Column_222=7
Column_12=6
Column_29=6
Column_52=6
Column_61=6
Column_87=6
Column_103=6
Column_107=6
Column_114=6
Column_125=6
Column_134=6
Column_177=6
Column_198=6
Column_227=6
Column_6=5
Column_9=5
Column_10=5
Column_11=5
Column_24=5
Column_37=5
Column_38=5
Column_48=5
Column_54=5
Column_68=5
Column_79=5
Column_86=5
Column_99=5
Column_110=5
Column_147=5
Column_163=5
Column_171=5
Column_192=5
Column_230=5
Column_234=5
Column_3=4
Column_23=4
Column_43=4
Column_47=4
Column_51=4
Column_64=4
Column_69=4
Column_73=4
Column_78=4
Column_80=4
Column_85=4
Column_89=4
Column_92=4
Column_106=4
Column_126=4
Column_129=4
Column_148=4
Column_152=4
Column_154=4
Column_156=4
Column_157=4
Column_161=4
Column_162=4
Column_172=4
Column_175=4
Column_181=4
Column_188=4
Column_195=4
Column_208=4
Column_216=4
Column_245=4
Column_1=3
Column_2=3
Column_13=3
Column_15=3
Column_22=3
Column_27=3
Column_36=3
Column_59=3
Column_62=3
Column_95=3
Column_108=3
Column_113=3
Column_121=3
Column_124=3
Column_132=3
Column_137=3
Column_142=3
Column_143=3
Column_144=3
Column_176=3
Column_183=3
Column_203=3
Column_215=3
Column_236=3
Column_237=3
Column_16=2
Column_17=2
Column_32=2
Column_34=2
Column_35=2
Column_39=2
Column_56=2
Column_58=2
Column_66=2
Column_67=2
Column_71=2
Column_77=2
Column_81=2
Column_82=2
Column_88=2
Column_112=2
Column_116=2
Column_118=2
Column_123=2
Column_133=2
Column_149=2
Column_150=2
Column_178=2
Column_186=2
Column_199=2
Column_200=2
Column_214=2
Column_220=2
Column_223=2
Column_235=2
Column_14=1
Column_20=1
Column_25=1
Column_30=1
Column_31=1
Column_41=1
Column_42=1
Column_44=1
Column_45=1
Column_49=1
Column_53=1
Column_55=1
Column_65=1
Column_74=1
Column_76=1
Column_83=1
Column_84=1
Column_90=1
Column_91=1
Column_93=1
Column_98=1
Column_101=1
Column_105=1
Column_109=1
Column_111=1
Column_128=1
Column_140=1
Column_145=1
Column_151=1
Column_153=1
Column_158=1
Column_160=1
Column_167=1
Column_168=1
Column_170=1
Column_179=1
Column_190=1
Column_191=1
Column_193=1
Column_196=1
Column_207=1
Column_209=1
Column_228=1
Column_242=1
Column_244=1
Column_251=1
Column_256=1

parameters:
[boosting: gbdt]
[objective: regression]
[metric: l2]
[tree_learner: serial]
[device_type: cpu]
[data_sample_strategy: bagging]
[data: ]
[valid: ]
[num_iterations: 1000]
[learning_rate: 0.05]
[num_leaves: 31]
[num_threads: 0]
[seed: 42]
[deterministic: 1]
[force_col_wise: 0]
[force_row_wise: 0]
[histogram_pool_size: -1]
[max_depth: -1]
[min_data_in_leaf: 20]
[min_sum_hessian_in_leaf: 0.001]
[bagging_fraction: 1]
[pos_bagging_fraction: 1]
[neg_bagging_fraction: 1]
[bagging_freq: 0]
[bagging_seed: 400]
[bagging_by_query: 0]
[feature_fraction: 1]
[feature_fraction_bynode: 1]
[feature_fraction_seed: 30056]
[extra_trees: 0]
[extra_seed: 12879]
[early_stopping_round: 0]
[early_stopping_min_delta: 0]
[first_metric_only: 0]
[max_delta_step: 0]
[lambda_l1: 0]
[lambda_l2: 0]
[linear_lambda: 0]
[min_gain_to_split: 0]
[drop_rate: 0.1]
[max_drop: 50]
[skip_drop: 0.5]
[xgboost_dart_mode: 0]
[uniform_drop: 0]
[drop_seed: 17869]
[top_rate: 0.2]
[other_rate: 0.1]
[min_data_per_group: 100]
[max_cat_threshold: 32]
[cat_l2: 10]
[cat_smooth: 10]
[max_cat_to_onehot: 4]
[top_k: 20]
[monotone_constraints: ]
[monotone_constraints_method: basic]
[monotone_penalty: 0]
[feature_contri: ]
[forcedsplits_filename: ]
[refit_decay_rate: 0.9]
[cegb_tradeoff: 1]
[cegb_penalty_split: 0]
[cegb_penalty_feature_lazy: ]
[cegb_penalty_feature_coupled: ]
[path_smooth: 0]
[interaction_constraints: ]
[verbosity: -1]
[saved_feature_importance_type: 0]
[use_quantized_grad: 0]
[num_grad_quant_bins: 4]
[quant_train_renew_leaf: 0]
[stochastic_rounding: 1]
[linear_tree: 0]
[max_bin: 255]
[max_bin_by_feature: ]
[min_data_in_bin: 3]
[bin_construct_sample_cnt: 200000]
[data_random_seed: 175]
[is_enable_sparse: 1]
[enable_bundle: 1]
[use_missing: 1]
[zero_as_missing: 0]
[feature_pre_filter: 1]
[pre_partition: 0]
[two_round: 0]
[header: 0]
[label_column: ]
[weight_column: ]
[group_column: ]
[ignore_column: ]
[categorical_feature: ]
[forcedbins_filename: ]
[precise_float_parser: 0]
[parser_config_file: ]
[objective_seed: 16083]
[num_class: 1]
[is_unbalance: 0]
[scale_pos_weight: 1]
[sigmoid: 1]
[boost_from_average: 1]
[reg_sqrt: 0]
[alpha: 0.9]
[fair_c: 1]
[poisson_max_delta_step: 0.7]
[tweedie_variance_power: 1.5]
[lambdarank_truncation_level: 30]
[lambdarank_norm: 1]
[label_gain: ]
[lambdarank_position_bias_regularization: 0]
[eval_at: ]
[multi_error_top_k: 1]
[auc_mu_weights: ]
[num_machines: 1]
[local_listen_port: 12400]
[time_out: 120]
[machine_list_filename: ]
[machines: ]
[gpu_platform_id: -1]
[gpu_device_id: -1]
[gpu_device_id_list: ]
[gpu_use_dp: 0]
[num_gpu: 1]

end of parameters

pandas_categorical:null
