tree
version=v4
num_class=1
num_tree_per_iteration=1
label_index=0
max_feature_idx=146
objective=regression
feature_names=Column_0 Column_1 Column_2 Column_3 Column_4 Column_5 Column_6 Column_7 Column_8 Column_9 Column_10 Column_11 Column_12 Column_13 Column_14 Column_15 Column_16 Column_17 Column_18 Column_19 Column_20 Column_21 Column_22 Column_23 Column_24 Column_25 Column_26 Column_27 Column_28 Column_29 Column_30 Column_31 Column_32 Column_33 Column_34 Column_35 Column_36 Column_37 Column_38 Column_39 Column_40 Column_41 Column_42 Column_43 Column_44 Column_45 Column_46 Column_47 Column_48 Column_49 Column_50 Column_51 Column_52 Column_53 Column_54 Column_55 Column_56 Column_57 Column_58 Column_59 Column_60 Column_61 Column_62 Column_63 Column_64 Column_65 Column_66 Column_67 Column_68 Column_69 Column_70 Column_71 Column_72 Column_73 Column_74 Column_75 Column_76 Column_77 Column_78 Column_79 Column_80 Column_81 Column_82 Column_83 Column_84 Column_85 Column_86 Column_87 Column_88 Column_89 Column_90 Column_91 Column_92 Column_93 Column_94 Column_95 Column_96 Column_97 Column_98 Column_99 Column_100 Column_101 Column_102 Column_103 Column_104 Column_105 Column_106 Column_107 Column_108 Column_109 Column_110 Column_111 Column_112 Column_113 Column_114 Column_115 Column_116 Column_117 Column_118 Column_119 Column_120 Column_121 Column_122 Column_123 Column_124 Column_125 Column_126 Column_127 Column_128 Column_129 Column_130 Column_131 Column_132 Column_133 Column_134 Column_135 Column_136 Column_137 Column_138 Column_139 Column_140 Column_141 Column_142 Column_143 Column_144 Column_145 Column_146
feature_infos=[-11835:7450] [-11550:7580.5] [-11907.5:7151] [-11555:7353] [-17674.1796875:11836.419921875] [121.37053680419922:1669.31494140625] [-14002.11328125:8333.611328125] [-11557.5:7350] [-11275:7822.5] [-11890:6663.5] [-11865:7032.5] [-17583.755859375:11687.330078125] [121.37053680419922:1669.31494140625] [-13807.830078125:8181.5556640625] [-11865:7018.5] [-11350:7750] [-11967.5:7014] [-11507.5:7354.5] [-17493.654296875:11536.5] [121.37053680419922:1669.31494140625] [-13598.708984375:7994.59619140625] [-11507.5:7354.5] [-9390:7766.5] [-11785:7007] [-9865:7276] [-17377.205078125:11389.3798828125] [121.37053680419922:1669.31494140625] [-13229.7353515625:7728.5419921875] [-9865:7268] [-9405:7583.5] [-9967.5:6824] [-9657.5:7093] [-17260.85546875:11264.7099609375] [121.37053680419922:1669.31494140625] [-12902.0322265625:7452.08349609375] [-9657.5:7085] [-9142.5:7408.5] [-9785:6258] [-9317.5:6685] [-17150.080078125:11134.4501953125] [121.37053680419922:1669.31494140625] [-12576.166015625:7149.62158203125] [-9320:6680] [-9012.5:7500] [-9577.5:6195] [-9135:6980] [-17042.9296875:10997.919921875] [121.37053680419922:1669.31494140625] [-12263.3330078125:6940.33984375] [-9137.5:6975] [-8892.5:7652.5] [-9545:5985] [-9235:6462.5] [-16934.8046875:10866.9599609375] [121.37053680419922:1669.31494140625] [-11988.029296875:6841.67236328125] [-9232.5:6457.5] [-9120:7135] [-9965:5879] [-9637.5:6148] [-16828.654296875:10733.240234375] [121.37053680419922:1669.31494140625] [-11774.3447265625:6743.611328125] [-9637.5:6140] [-8507.5:6970] [-9815:5378] [-8662.5:6450] [-16720.904296875:10613.3701171875] [121.37053680419922:1669.31494140625] [-11491.4501953125:6591.5556640625] [-8662.5:6445] [-7120:7122.5] [-8857.5:5355] [-7637.5:6510] [-16606.10546875:10497.5654296875] [121.37053680419922:1669.31494140625] [-11039.7275390625:6444.0986328125] [-7637.5:6505] [-6912.5:7665] [-7894:5436.5] [-7586.5:7145] [-16487.3046875:10386.4345703125] [121.37053680419922:1669.31494140625] [-10546.1162109375:6426.68017578125] [-7584:7140] [-6637.5:7947.5] [-7776.5:5210] [-7190:7427.5] [-16370.0546875:10263.8603515625] [121.37053680419922:1669.31494140625] [-10078.5146484375:6340.1640625] [-7190:7422.5] [-6690:8100] [-7430:5375] [-6992.5:6940] [-16245.1298828125:10132.96484375] [121.37053680419922:1669.31494140625] [-9660.0126953125:6304.0126953125] [-6992.5:6935] [-5730:7612.5] [-7020:4580] [-6192.5:6659] [-16122.73046875:10004.740234375] [121.37053680419922:1669.31494140625] [-9261.1484375:6011.375] [-6197.5:6654] [-4652.5:7331.5] [-6252.5:4299] [-5441.5:5176.5] [-15977.3349609375:9880.25] [121.37053680419922:1669.31494140625] [-8692.634765625:5738.29541015625] [-5446.5:5179] [-4357.5:5181.5] [-5591.5:3443] [-4775:4169] [-15841.41015625:9753.75] [121.37053680419922:1669.31494140625] [-8155.5771484375:5460.95068359375] [-4775:4170] [-4275:4370] [-5015:3680.5] [-4822.5:3974] [-15703.03515625:9636.349609375] [121.37053680419922:1669.31494140625] [-7614.8427734375:5240.63671875] [-4822.5:3973.5] [-4322.5:4209] [-5062.5:3695.5] [-4625:4094.5] [-15563.4853515625:9519.73046875] [121.37053680419922:1669.31494140625] [-7104.40234375:5009.89697265625] [-4625:4095.5] [-3362.5:4557.5] [-4652.5:2971] [-3825:3609] [-15418.16015625:9394.419921875] [121.37053680419922:1669.31494140625] [-6647.86572265625:4672.17919921875] [-3830:3611] [0:3649.5] [-3885:0] none [-15250.91015625:9254.9453125] [121.37053680419922:1669.31494140625] [-6043.5146484375:4247.435546875]
tree_sizes=2893 2882 2915 2865 2865 2901 2873 2902 2899 2891 2876 2891 2900 2891 2882 2904 2882 2895 2871 2886 2888 2884 2889 2885 2860 2915 2867 2858 2878 2848 2855 2847 2833 2851 2901 2831 2870 2821 2828 2836 2837 2839 2804 2850 2829 2806 2814 2846 2842 2839 2772 2836 2834 2804 2864 2774 2796 2815 2805 2779 2780 2814 2808 2808 2789 2807 2738 2770 2795 2818 2788 2791 2713 2780 2765 2762 2740 2764 2765 2767 2771 2810 2746 2742 2788 2706 2750 2769 2772 2734 2738 2775 2754 2761 2774 2759 2716 2783 2754 2743 2730 2662 2686 2754 2755 2736 2742 2748 2730 2734 2765 2728 2742 2669 2749 2708 2770 2739 2748 2754 2742 2691 2680 2738 2700 2734 2748 2702 2760 2766 2707 2744 2722 2713 2711 2722 2728 2683 2748 2757 2735 2722 2736 2742 2697 2737 2770 2703 2710 2720 2732 2735 2671 2794 2723 2713 2743 2688 2726 2707 2753 2734 2757 2693 2725 2717 2716 2688 2752 2673 2695 2737 2779 2684 2763 2714 2741 2714 2727 2718 2781 2709 2732 2682 2747 2712 2732 2715 2729 2734 2706 2750 2706 2714 2736 2728 2662 2725 2697 2763 2694 2738

Tree=0
num_leaves=31
num_cat=0
split_feature=117 117 117 117 117 96 85 141 110 142 26 78 141 142 1 0 96 110 134 117 4 142 89 124 68 142 141 131 117 96
split_gain=1.06481e+08 3.04687e+07 2.25077e+07 5.08267e+06 4.48212e+06 3.89987e+06 3.56332e+06 3.54184e+06 2.68144e+06 2.66869e+06 2.06859e+06 1.97146e+06 1.92203e+06 2.30584e+06 2.04302e+06 2.15081e+06 1.84667e+06 1.7821e+06 1.70219e+06 1.62539e+06 1.61743e+06 1.59469e+06 1.86287e+06 1.85174e+06 1.46511e+06 2.20894e+06 1.44194e+06 1.41962e+06 1.40853e+06 2.41028e+06
threshold=565.13192749023449 370.55998229980474 909.93881225585949 474.05186462402349 268.10221862792974 502.48849487304693 -927.74999999999989 405.25000000000006 1178.973083496094 -229.24999999999997 754.00469970703136 -1544.7499999999998 853.25000000000011 -255.74999999999997 4400.7500000000009 1580.2500000000002 413.76640319824224 408.11820983886724 -52.249999999999993 397.79348754882818 -2379.3225097656245 -54.249999999999993 586.37289428710949 639.42663574218761 582.66491699218761 -227.24999999999997 232.75000000000003 378.41638183593756 646.21759033203136 617.03479003906261
decision_type=2 2 2 2 2 2 2 2 2 2 2 2 2 2 2 2 2 2 2 2 2 2 2 2 2 2 2 2 2 2
left_child=1 4 7 16 -1 -5 8 9 18 28 -11 -9 13 -8 15 -14 19 -18 -4 27 -12 22 24 -24 -13 -26 -7 -3 29 -2
right_child=2 3 6 5 -6 26 12 11 -10 10 20 21 14 -15 -16 -17 17 -19 -20 -21 -22 -23 23 -25 25 -27 -28 -29 -30 -31
leaf_value=-207.72085857743465 -219.23024341272995 -213.47607630544138 -242.7789762798437 -216.69303244451709 -209.94307195430883 -212.32683751919009 -228.42308463264899 -230.27971684454323 -250.39932103613455 -214.52975768659391 -234.53397608660543 -221.64831944224667 -235.5852026232258 -220.37757896055194 -247.25683335766934 -218.24730928878648 -208.68736935294052 -211.91976646334064 -226.50675390418587 -214.36203681331955 -218.94478404451394 -215.71666049152347 -215.63316194239607 -221.82551920436569 -244.6699286775081 -225.94492838667526 -214.87654448061988 -210.57767066096872 -220.24644012127473 -213.28190222018773
leaf_weight=3200 501 876 25 1362 7800 1417 258 54 29 857 20 99 53 136 21 27 498 2966 45 1444 99 149 172 405 21 63 911 816 767 258
leaf_count=3200 501 876 25 1362 7800 1417 258 54 29 857 20 99 53 136 21 27 498 2966 45 1444 99 149 172 405 21 63 911 816 767 258
internal_value=-212.541 -211.126 -219.963 -213.082 -209.297 -214.568 -228.955 -218.421 -237.615 -217.429 -215.388 -220.998 -227.223 -225.646 -233.377 -229.734 -212.251 -211.455 -232.318 -213.13 -221.565 -220.446 -221.374 -219.98 -225.769 -230.626 -213.325 -212.078 -218.735 -217.208
internal_weight=25349 21290 4059 10290 11000 3690 594 3465 99 2502 976 963 495 394 101 80 6600 3464 70 3136 119 909 760 577 183 84 2328 1692 1526 759
internal_count=25349 21290 4059 10290 11000 3690 594 3465 99 2502 976 963 495 394 101 80 6600 3464 70 3136 119 909 760 577 183 84 2328 1692 1526 759
is_linear=0
shrinkage=1


Tree=1
num_leaves=31
num_cat=0
split_feature=117 117 117 117 96 71 4 117 141 117 142 88 141 98 142 141 127 129 136 103 19 68 59 70 88 48 51 94 89 142
split_gain=9.60986e+07 2.75107e+07 2.03419e+07 6.32517e+06 3.53377e+06 3.47925e+06 3.03863e+06 2.76629e+06 2.69472e+06 2.04718e+06 1.9903e+06 1.92505e+06 1.83133e+06 2.75713e+06 1.73079e+06 2.41034e+06 1.71974e+06 2.58584e+06 1.88635e+06 1.59616e+06 1.79879e+06 1.69665e+06 1.59564e+06 1.58923e+06 1.55051e+06 1.53409e+06 2.02748e+06 1.53169e+06 1.51212e+06 2.42064e+06
threshold=565.13192749023449 345.88452148437506 813.04827880859386 474.05186462402349 504.78211975097662 -2858.9999999999995 -247.182502746582 257.06657409667974 421.75000000000006 909.93881225585949 -173.74999999999997 373.85499572753912 711.25000000000011 -320.74999999999994 -136.74999999999997 222.25000000000003 597.25000000000011 238.25000000000003 846.75000000000011 909.93881225585949 876.19470214843761 789.40969848632824 1369.0000000000002 -1310.2499999999998 1238.7924804687502 145.77676391601565 -1497.7499999999998 2014.0000000000002 586.37289428710949 -208.24999999999997
decision_type=2 2 2 2 2 2 2 2 2 2 2 2 2 2 2 2 2 2 2 2 2 2 2 2 2 2 2 2 2 2
left_child=1 7 8 12 -5 6 -4 -1 10 11 -2 19 14 -14 -3 -16 17 24 23 20 21 -7 -20 -18 25 26 -11 -12 29 -10
right_child=2 3 5 4 -6 9 -8 -9 28 16 27 -13 13 -15 15 -17 18 -19 22 -21 -22 -23 -24 -25 -26 -27 -28 -29 -30 -31
leaf_value=4.8580128226661685 -5.2885051254241482 0.0016891493689609586 -17.022325673103335 -3.8673984589833772 -0.69261822732537659 -24.768731470108033 -41.453311319351201 2.9009108384662525 -19.086919745276955 -6.0628308520597578 -1.7070882898107322 -6.3696495772396009 -20.797351104562935 -2.1000631815508792 2.452258096699131 -0.10280619628366137 -20.751344993710518 -32.572797943995553 -12.07169014158703 -2.7175772893996468 -29.326823837280273 -6.5130473545619427 -31.563104593186154 -8.8082136525109771 -19.384859184395495 -1.0379375669691298 -22.767496096782196 -14.303217747211457 -6.3703817061327062 -7.6657395444504211
leaf_weight=2500 1658 4526 35 1433 2257 20 20 6500 68 34 697 181 22 190 2336 1526 32 26 21 21 25 35 21 215 139 27 39 25 574 146
leaf_count=2500 1658 4526 35 1433 2257 20 20 6500 68 34 697 181 22 190 2336 1526 32 26 21 21 25 35 21 215 139 27 39 25 574 146
internal_value=-3.36347e-08 1.34422 -7.05061 -0.19386 -1.92553 -13.725 -25.9063 3.44455 -5.17344 -12.9236 -4.33435 -9.45559 0.549149 -4.04035 0.665145 1.44267 -14.6888 -17.598 -12.0212 -14.9859 -18.2063 -13.1515 -21.8174 -10.3555 -15.969 -11.2209 -14.9872 -2.14324 -7.70775 -11.2949
internal_weight=25349 21290 4059 12290 3690 891 55 9000 3168 836 2380 282 8600 212 8388 3862 554 265 289 101 80 55 42 247 239 100 73 722 788 214
internal_count=25349 21290 4059 12290 3690 891 55 9000 3168 836 2380 282 8600 212 8388 3862 554 265 289 101 80 55 42 247 239 100 73 722 788 214
is_linear=0
shrinkage=0.05


Tree=2
num_leaves=31
num_cat=0
split_feature=117 117 117 117 71 141 121 117 117 140 142 141 122 82 107 96 75 96 96 117 103 78 69 142 117 96 141 84 103 110
split_gain=8.68308e+07 2.20247e+07 2.15934e+07 3.96716e+06 3.82724e+06 2.78472e+06 2.56159e+06 2.49658e+06 2.41265e+06 1.88819e+06 1.80719e+06 1.79704e+06 1.87396e+06 2.72381e+06 1.88003e+06 1.6779e+06 1.81227e+06 1.88199e+06 1.66538e+06 2.51613e+06 2.06137e+06 1.62632e+06 1.65241e+06 1.88356e+06 1.50929e+06 2.70677e+06 1.9817e+06 1.67881e+06 1.6227e+06 1.46093e+06
threshold=539.11840820312511 789.40969848632824 345.88452148437506 422.86660766601568 -2858.9999999999995 479.25000000000006 -1996.4999999999998 257.06657409667974 909.93881225585949 552.75000000000011 -85.749999999999986 175.75000000000003 -144.24999999999997 789.40969848632824 -526.24999999999989 364.61230468750006 388.58146667480474 413.76640319824224 440.80932617187506 461.78071594238287 526.19961547851574 3649.2500000000005 4203.1918945312509 -33.249999999999993 646.21759033203136 561.94091796875011 268.75000000000006 1563.5000000000002 659.34884643554699 502.48849487304693
decision_type=2 2 2 2 2 2 2 2 2 2 2 2 2 2 2 2 2 2 2 2 2 2 2 2 2 2 2 2 2 2
left_child=2 5 7 15 6 10 -3 -1 11 18 24 -6 13 -13 -15 -4 -17 -18 -5 -20 29 22 23 -10 25 26 27 -2 -26 -21
right_child=1 4 3 9 8 -7 -8 -9 21 -11 -12 12 -14 14 -16 16 17 -19 19 20 -22 -23 -24 -25 28 -27 -28 -29 -30 -31
leaf_value=4.615112122083306 -3.2140899194089507 -17.023849244117738 -0.4259939265832734 -2.3252783381647961 -3.1426868749475019 -7.0503450146621596 -39.112798431941442 2.7558653495793735 -14.798509407780069 -5.6752458661210312 -0.6893243176958439 -30.344297203650843 -7.883020998084743 -5.844698304931323 -23.495714985240593 2.7654170571662968 -0.4642640552052365 2.3400331575243718 1.7270943846593056 -0.95478722916412806 1.1650189791589094 -5.3534215571880344 -25.130188715809751 -1.194047013035527 -9.4527514923087388 -1.8403215951501055 -9.8154150274395953 -13.527556582384333 -4.5503091657273123 -3.7424164204010975
leaf_weight=2500 479 35 1668 1311 103 735 21 6500 441 204 447 26 181 48 22 1607 1551 974 1132 1488 777 50 36 27 229 1175 210 43 642 687
leaf_count=2500 479 35 1668 1311 103 735 21 6500 441 204 447 26 181 48 22 1607 1551 974 1132 1488 777 50 36 27 229 1175 210 43 642 687
internal_value=-2.96746e-08 -5.94057 1.44153 -0.00395446 -12.611 -4.27297 -25.3072 3.27232 -11.8497 -0.953324 -3.63999 -8.78139 -10.8781 -16.525 -11.3922 0.912515 1.45284 0.617473 -0.774775 -0.27705 -1.04558 -13.9544 -14.8077 -14.0136 -4.11477 -3.32714 -5.71376 -4.06367 -5.83924 -1.83529
internal_weight=25349 4950 20399 11399 990 3960 56 9000 934 5599 3225 380 277 96 70 5800 4132 2525 5395 4084 2952 554 504 468 2778 1907 732 522 871 2175
internal_count=25349 4950 20399 11399 990 3960 56 9000 934 5599 3225 380 277 96 70 5800 4132 2525 5395 4084 2952 554 504 468 2778 1907 732 522 871 2175
is_linear=0
shrinkage=0.05


Tree=3
num_leaves=31
num_cat=0
split_feature=117 26 117 117 96 85 141 117 121 142 26 141 115 58 141 142 1 0 142 141 117 4 39 145 141 36 115 45 112 72
split_gain=7.86932e+07 2.26857e+07 1.65125e+07 4.68293e+06 3.16451e+06 2.85604e+06 2.63647e+06 2.55694e+06 2.4372e+06 2.11965e+06 1.7652e+06 1.72132e+06 2.21624e+06 1.68748e+06 1.634e+06 1.9401e+06 1.80061e+06 1.90459e+06 1.6083e+06 2.24488e+06 1.58597e+06 1.41003e+06 1.31786e+06 1.25457e+06 1.25197e+06 1.18397e+06 1.22807e+06 1.48007e+06 1.37804e+06 1.31257e+06
threshold=565.13192749023449 354.78994750976568 909.93881225585949 474.05186462402349 498.04573059082037 -927.74999999999989 405.25000000000006 257.06657409667974 -893.74999999999989 -231.24999999999997 754.00469970703136 941.50000000000011 490.25000000000006 -2910.4999999999995 853.25000000000011 -255.74999999999997 4400.7500000000009 1580.2500000000002 -135.24999999999997 177.75000000000003 1178.973083496094 -2379.3225097656245 5346.8498535156259 533.78903198242199 232.75000000000003 -1717.9999999999998 -23.749999999999996 169.75000000000003 40.750000000000007 849.25000000000011
decision_type=2 2 2 2 2 2 2 2 2 2 2 2 2 2 2 2 2 2 2 2 2 2 2 2 2 2 2 2 2 2
left_child=1 7 6 11 -5 8 9 -1 20 -2 -11 18 -13 -8 15 25 17 -16 -3 -20 -4 -12 -15 -9 -6 -7 27 -27 -29 -28
right_child=2 3 5 4 24 14 13 23 -10 10 21 12 -14 22 16 -17 -18 -19 19 -21 -22 -23 -24 -25 -26 26 29 28 -30 -31
leaf_value=4.383451794993773 -5.3758796649004612 -0.16245598580984116 -11.349468681086664 -3.832400527244709 0.19921784582796576 -25.309333591461183 -18.9552299340566 2.563247429059305 -34.023578999165828 -1.6111114297023399 -20.215317177772523 -21.101027963161471 -2.3146474336006055 -6.3126745623202538 -20.291971533253509 -6.2450983219286975 -31.236319323948454 -3.9766256279415559 2.6264300749732126 0.10896349122461668 -27.20503661632538 -5.6598704157453597 -12.843057860767141 -9.1331218678018313 -2.1202651349868438 -7.4007107329779664 -4.502105368628647 -16.241276062264735 -31.550139699663436 -14.231935156861397
leaf_weight=2497 1518 4306 46 1220 1479 20 30 7151 29 865 20 20 73 848 53 136 21 27 1648 1914 24 99 85 23 959 29 66 49 21 73
leaf_count=2497 1518 4306 46 1220 1479 20 30 7151 29 865 20 20 73 848 53 136 21 27 1648 1914 24 99 85 23 959 29 66 49 21 73
internal_value=-6.41806e-09 1.21641 -6.38023 -0.272642 -1.75348 -14.0826 -5.05983 3.0054 -21.8352 -4.20417 -2.39659 0.407786 -6.35473 -7.28293 -12.5321 -11.0776 -18.206 -14.7855 0.48772 1.2737 -16.7857 -8.10616 -6.90762 2.52575 -0.713163 -13.625 -12.6431 -16.899 -20.8339 -9.61202
internal_weight=25349 21290 4059 11619 3658 594 3465 9671 99 2502 984 7961 93 963 495 394 101 80 7868 3562 70 119 933 7174 2438 258 238 99 70 139
internal_count=25349 21290 4059 11619 3658 594 3465 9671 99 2502 984 7961 93 963 495 394 101 80 7868 3562 70 119 933 7174 2438 258 238 99 70 139
is_linear=0
shrinkage=0.05


Tree=4
num_leaves=31
num_cat=0
split_feature=117 117 117 117 117 96 71 4 141 142 96 142 110 141 127 124 29 40 141 82 5 17 23 76 94 89 142 75 135 119
split_gain=7.10206e+07 2.07786e+07 1.50504e+07 3.22147e+06 3.0441e+06 2.86638e+06 2.67575e+06 2.64312e+06 2.00533e+06 1.808e+06 1.60598e+06 1.55099e+06 1.49657e+06 1.44916e+06 1.56709e+06 1.95449e+06 2.1595e+06 1.76133e+06 2.84804e+06 1.5329e+06 1.82999e+06 1.97345e+06 2.48902e+06 1.47739e+06 1.35801e+06 1.34435e+06 2.15969e+06 2.9324e+06 1.5288e+06 1.4628e+06
threshold=565.13192749023449 370.55998229980474 813.04827880859386 474.05186462402349 294.18315124511724 504.78211975097662 -2858.9999999999995 -247.182502746582 421.75000000000006 -54.249999999999993 406.64015197753912 -173.74999999999997 400.57257080078131 125.25000000000001 336.25000000000006 983.12179565429699 -2310.2499999999995 983.12179565429699 853.25000000000011 789.40969848632824 909.93881225585949 -646.74999999999989 -170.24999999999997 1209.1904907226565 2014.0000000000002 586.37289428710949 -208.24999999999997 568.58972167968761 165.25000000000003 89.750000000000014
decision_type=2 2 2 2 2 2 2 2 2 2 2 2 2 2 2 2 2 2 2 2 2 2 2 2 2 2 2 2 2 2
left_child=1 4 8 10 -1 -5 7 -4 11 13 -3 -2 -12 -8 19 -16 -17 18 -18 -15 -21 -22 -23 -24 -13 26 27 -10 29 -28
right_child=2 3 6 5 -6 -7 9 -9 25 -11 12 24 -14 14 15 16 17 -19 -20 20 21 22 23 -25 -26 -27 28 -29 -30 -31
leaf_value=3.5610014590268921 -4.5650131132952483 -0.7400358414914856 -14.199134189060757 -3.3915130694138784 1.8930457399380156 -0.53220286170168429 -7.0223488779251397 -36.984728364944459 -7.293058621883393 -3.6926640162467956 3.4475614343906189 -1.3777983035213466 0.4802773525730466 -28.330826081400335 -7.7132155983678761 -30.245249589681624 -10.720786666870119 -9.3657181634966822 -35.246829139254992 -8.6623112897078212 -9.214098008086042 -36.644268230769946 -8.8078190786497927 -23.782693409919741 -13.238306312561036 -5.3717954529858218 -3.8061207495629787 -28.068263383345169 -1.5402921098309594 -18.148563778400423
leaf_weight=5100 1658 2684 35 1433 5900 2257 130 20 35 75 485 697 3431 23 217 20 29 112 20 78 41 23 28 40 25 574 32 33 74 40
leaf_count=5100 1658 2684 35 1433 5900 2257 130 20 35 75 485 697 3431 23 217 20 29 112 20 78 41 23 28 40 25 574 32 33 74 40
internal_value=2.2336e-08 1.15559 -6.06122 -0.459434 2.66637 -1.64261 -11.8022 -22.4848 -4.44656 -11.0994 0.202067 -3.72272 0.847778 -11.8294 -12.8198 -10.9132 -14.7498 -12.8248 -20.7314 -16.0764 -14.7342 -18.3221 -22.4258 -17.6166 -1.78848 -6.63279 -10.0151 -17.3751 -6.58712 -11.7741
internal_weight=25349 21290 4059 10290 11000 3690 891 55 3168 836 6600 2380 3916 761 631 398 181 161 49 233 210 132 91 68 722 788 214 68 146 72
internal_count=25349 21290 4059 10290 11000 3690 891 55 3168 836 6600 2380 3916 761 631 398 181 161 49 233 210 132 91 68 722 788 214 68 146 72
is_linear=0
shrinkage=0.05


Tree=5
num_leaves=31
num_cat=0
split_feature=117 117 26 92 121 117 141 117 106 107 142 141 140 128 131 120 106 134 106 142 128 141 12 142 115 86 126 117 96 107
split_gain=6.4342e+07 1.63823e+07 1.63355e+07 2.99619e+06 3.58667e+06 2.8137e+06 2.15033e+06 2.11723e+06 1.65425e+06 2.82845e+06 1.6439e+06 1.81965e+06 2.15927e+06 1.73385e+06 1.9907e+06 1.69545e+06 2.09831e+06 1.86314e+06 1.70299e+06 1.6278e+06 1.59922e+06 1.5123e+06 1.51354e+06 1.49228e+06 1.48652e+06 1.32268e+06 1.61393e+06 1.43359e+06 2.18511e+06 1.25821e+06
threshold=539.11840820312511 789.40969848632824 354.78994750976568 -1962.7499999999998 -1586.7499999999998 399.22264099121099 479.25000000000006 257.06657409667974 140.25000000000003 -461.74999999999994 -54.249999999999993 172.25000000000003 -278.74999999999994 -281.24999999999994 1178.973083496094 947.75000000000011 266.25000000000006 251.25000000000003 492.75000000000006 -123.74999999999999 -220.74999999999997 941.50000000000011 365.86172485351568 -61.249999999999993 839.25000000000011 1096.2500000000002 534.75000000000011 646.21759033203136 606.78826904296886 1308.0000000000002
decision_type=2 2 2 2 2 2 2 2 2 2 2 2 2 2 2 2 2 2 2 2 2 2 2 2 2 2 2 2 2 2
left_child=2 6 7 4 -3 21 23 -1 19 -10 11 12 -5 14 15 16 -13 18 -18 -7 -15 22 -4 25 -23 27 29 28 -2 -27
right_child=1 3 5 10 -6 8 -8 -9 9 -11 -12 13 -14 20 -16 -17 17 -19 -20 -21 -22 24 -24 -25 -26 26 -28 -29 -30 -31
leaf_value=3.9862294221937682 -3.4724989180319228 -13.375915754338108 -0.77972977077849559 -11.136017264212882 -38.150697853451689 -0.63832884890811292 -6.1161217700669761 2.2955138061475071 -7.6588704858212111 -1.1135652228672643 -3.4015852666762942 -10.352251098115566 -0.56690849977381086 4.0109724092483523 -27.616483831405642 -2.1895170474874561 -26.363482538859053 -27.633668093059374 -9.1794449072169222 1.828203247330491 -10.546095580668064 -18.335209935307503 1.6045159726070395 0.3688528440679823 0.71158910858489222 -7.6484858691692352 -2.0312791309049056 -4.8386993982666029 0.2643294101492592 -18.936339932474596
leaf_weight=2497 1252 48 856 112 21 2098 735 7165 173 3594 83 118 85 20 28 29 21 46 46 982 333 20 2993 280 21 166 124 805 569 29
leaf_count=2497 1252 48 856 112 21 2098 735 7165 173 3594 83 118 85 20 28 29 21 46 46 982 333 20 2993 280 21 166 124 805 569 29
internal_value=1.81073e-08 -5.11374 1.2409 -10.8666 -20.9161 -0.101327 -3.67552 2.73245 -0.711415 -1.41416 -10.1137 -10.7785 -6.57574 -12.0702 -14.9492 -13.585 -15.0156 -19.8853 -14.5655 0.148078 -9.72133 0.972521 1.07427 -3.11929 -8.57953 -3.45093 -6.49116 -3.08161 -2.30487 -9.32719
internal_weight=25349 4950 20399 990 69 10737 3960 9662 6847 3767 921 838 197 641 288 260 231 113 67 3080 353 3890 3849 3225 41 2945 319 2626 1821 195
internal_count=25349 4950 20399 990 69 10737 3960 9662 6847 3767 921 838 197 641 288 260 231 113 67 3080 353 3890 3849 3225 41 2945 319 2626 1821 195
is_linear=0
shrinkage=0.05


Tree=6
num_leaves=31
num_cat=0
split_feature=117 117 117 117 136 127 129 141 142 141 94 142 26 141 136 142 119 97 29 35 58 58 129 145 58 142 108 122 19 26
split_gain=5.81954e+07 1.7059e+07 1.24255e+07 3.77219e+06 2.335e+06 2.50517e+06 2.42061e+06 2.06457e+06 2.82412e+06 2.00401e+06 1.98413e+06 1.53758e+06 1.65173e+06 1.46162e+06 1.95173e+06 1.44987e+06 1.5504e+06 1.43184e+06 1.33883e+06 2.00516e+06 1.31641e+06 1.28033e+06 1.33711e+06 1.83416e+06 2.19107e+06 1.26944e+06 1.23963e+06 1.65336e+06 1.2142e+06 1.20486e+06
threshold=565.13192749023449 397.79348754882818 909.93881225585949 294.18315124511724 846.75000000000011 571.75000000000011 238.25000000000003 220.25000000000003 -136.74999999999997 365.25000000000006 1138.2500000000002 -229.24999999999997 754.00469970703136 941.50000000000011 942.50000000000011 -798.74999999999989 -235.24999999999997 1430.1112060546877 1582.2500000000002 412.25000000000006 -2910.4999999999995 -1520.2499999999998 2.7500000000000004 983.12179565429699 1770.2500000000002 -95.749999999999986 409.25000000000006 537.75000000000011 533.84020996093761 521.33273315429699
decision_type=2 2 2 2 2 2 2 2 2 2 2 2 2 2 2 2 2 2 2 2 2 2 2 2 2 2 2 2 2 2
left_child=1 3 9 25 5 6 15 8 -3 11 -6 -2 -13 28 -15 16 -4 18 19 -17 -11 -7 -23 24 -24 -1 -14 -28 -5 -9
right_child=2 7 4 13 10 21 -8 29 -10 20 -12 12 26 14 -16 17 -18 -19 -20 -21 -22 22 23 -25 -26 -27 27 -29 -30 -31
leaf_value=2.4249093432144493 -4.5025919781131281 -0.8942731061851863 -14.582996988502044 1.5780456066296809 -32.491708694458012 -14.376824018304999 -30.35512069355358 -1.1518863547853666 1.6913173298826032 -15.626401275226048 -12.142793410757314 -1.0399495756626129 -3.4983738937239717 -17.337689904371896 1.2852885073598694 -8.1952116210051269 -30.43858400980632 -20.382871192693713 -0.31174979209899906 -24.583854559193487 -5.7742303877659964 4.369855962480818 -5.6142418347872223 -3.0832890537705753 -23.267321153357628 4.0028434227096898 -24.764286432266235 -4.6769904409136087 -10.184634385325694 -3.3489571979484141
leaf_weight=2505 1466 3476 58 7920 25 55 22 2347 1517 35 23 770 69 24 34 99 21 32 36 23 1084 28 39 101 32 2595 20 21 22 850
leaf_count=2505 1466 3476 58 7920 25 55 22 2347 1517 35 23 770 69 24 34 99 21 32 36 23 1084 28 39 101 32 2595 20 21 22 850
internal_value=-1.19391e-08 1.04606 -5.48671 2.16515 -12.1682 -11.2387 -14.4092 -0.743938 -0.108705 -4.34131 -22.7412 -3.51085 -1.85869 1.48771 -6.42077 -13.105 -18.7978 -10.738 -8.78467 -11.2849 -6.08239 -7.62075 -5.76283 -7.41234 -13.5706 3.2278 -7.58991 -14.4757 1.54546 -1.73603
internal_weight=25349 21290 4059 13100 594 546 291 8190 4993 3465 48 2346 880 8000 58 269 79 190 158 122 1119 255 200 172 71 5100 110 41 7942 3197
internal_count=25349 21290 4059 13100 594 546 291 8190 4993 3465 48 2346 880 8000 58 269 79 190 158 122 1119 255 200 172 71 5100 110 41 7942 3197
is_linear=0
shrinkage=0.05


Tree=7
num_leaves=31
num_cat=0
split_feature=117 117 117 71 117 141 96 142 141 117 96 141 145 96 141 142 128 36 120 128 29 132 59 136 81 142 75 96 128 128
split_gain=5.25219e+07 1.35341e+07 1.35229e+07 2.72011e+06 2.39888e+06 2.07441e+06 1.90245e+06 1.86787e+06 1.82603e+06 1.81687e+06 2.05972e+06 1.79636e+06 1.785e+06 1.61828e+06 1.52152e+06 1.67219e+06 1.62977e+06 2.01705e+06 1.51652e+06 1.74246e+06 1.93055e+06 2.34088e+06 1.96177e+06 1.57636e+06 1.53683e+06 1.50969e+06 1.4653e+06 1.62374e+06 1.35038e+06 1.85156e+06
threshold=539.11840820312511 345.88452148437506 789.40969848632824 -2858.9999999999995 427.34854125976568 410.25000000000006 440.80932617187506 -100.24999999999999 149.25000000000003 461.78071594238287 531.05023193359386 479.25000000000006 421.33517456054693 350.92811584472662 125.25000000000001 -54.249999999999993 -281.24999999999994 -2204.7499999999995 947.75000000000011 -917.24999999999989 2791.7500000000005 480.83441162109381 -907.74999999999989 -127.74999999999999 5400.8198242187509 -317.74999999999994 378.49821472167974 413.76640319824224 301.25000000000006 407.25000000000006
decision_type=2 2 2 2 2 2 2 2 2 2 2 2 2 2 2 2 2 2 2 2 2 2 2 2 2 2 2 2 2 2
left_child=1 7 11 5 13 -4 -6 12 -9 -8 -11 -2 -1 -3 25 16 17 -16 19 24 21 22 -21 -24 -19 -5 -15 -28 -18 -30
right_child=2 4 3 14 6 -7 9 8 -10 10 -12 -13 -14 26 15 -17 28 18 -20 20 -22 -23 23 -25 -26 -27 27 -29 29 -31
leaf_value=1.9330526033155611 -2.8051298247682612 -1.1508699285585906 -11.591643943786622 -6.9473919263342401 -2.5930154492753674 -30.887507919164808 1.4850759994737663 4.1532691902778103 2.0879646603423772 -1.6661847658717421 1.3094735977232725 -5.5442150177761 -12.031229706950811 2.2630502387727405 -27.417264707883199 -3.2578113222122194 -5.8619161497690895 -7.038656037266648 -2.4093197501757566 -28.989135384559631 -6.3572621917724614 -33.131752048219958 -21.899338574842975 -4.8192821591666766 -21.26169789355734 6.0630890351754658 -0.37099287257217117 1.8914758328737518 -23.181766856511434 -9.4937966573238377
leaf_weight=4557 3225 1033 30 128 1158 26 1060 2602 1818 2303 778 735 23 1616 24 80 202 109 34 22 30 28 22 35 23 27 2216 1235 30 140
leaf_count=4557 3225 1033 30 128 1158 26 1060 2602 1818 2303 778 735 23 1616 24 80 202 109 34 22 30 28 22 35 23 27 2216 1235 30 140
internal_value=-1.18238e-08 1.12114 -4.62021 -9.84697 -0.0232381 -20.5504 -0.801469 2.57055 3.30378 -0.300476 -0.914785 -3.31352 1.86293 0.652802 -9.20522 -10.1054 -10.8891 -13.4642 -12.359 -13.6166 -17.5666 -20.7094 -16.3066 -11.4116 -9.51691 -4.68105 1.02051 0.438671 -8.62552 -11.9093
internal_weight=25349 20399 4950 990 11399 56 5299 9000 4420 4141 3081 3960 4580 6100 934 779 699 327 303 269 137 107 79 57 132 155 5067 3451 372 170
internal_count=25349 20399 4950 990 11399 56 5299 9000 4420 4141 3081 3960 4580 6100 934 779 699 327 303 269 137 107 79 57 132 155 5067 3451 372 170
is_linear=0
shrinkage=0.05


Tree=8
num_leaves=31
num_cat=0
split_feature=117 26 117 117 96 136 127 129 94 117 141 142 12 141 129 96 75 142 142 128 117 96 142 78 89 124 68 43 6 141
split_gain=4.76743e+07 1.41705e+07 1.02639e+07 2.8308e+06 2.57848e+06 2.10293e+06 2.13759e+06 2.20794e+06 1.76102e+06 1.68616e+06 1.66946e+06 1.42891e+06 1.42019e+06 1.35413e+06 1.37031e+06 1.32507e+06 1.54577e+06 1.30145e+06 1.21858e+06 1.39224e+06 1.18767e+06 1.62655e+06 1.18057e+06 1.69638e+06 1.48727e+06 1.75531e+06 1.57413e+06 1.55947e+06 1.70903e+06 1.27851e+06
threshold=565.13192749023449 354.78994750976568 909.93881225585949 474.05186462402349 502.48849487304693 846.75000000000011 587.25000000000011 238.25000000000003 1138.2500000000002 257.06657409667974 365.25000000000006 -110.74999999999999 358.36279296875006 941.50000000000011 736.75000000000011 291.51284790039068 315.35398864746099 -116.74999999999999 -236.74999999999997 -501.24999999999994 634.06787109375011 611.96658325195324 -54.249999999999993 -81.749999999999986 586.37289428710949 646.21759033203136 582.66491699218761 -295.24999999999994 2301.489624023438 496.25000000000006
decision_type=2 2 2 2 2 2 2 2 2 2 2 2 2 2 2 2 2 2 2 2 2 2 2 2 2 2 2 2 2 2
left_child=1 9 10 12 -5 6 7 17 -7 -1 11 20 -3 18 -15 -11 -17 -4 -14 -20 21 -2 24 29 26 -26 -12 -28 -29 -24
right_child=2 3 5 4 -6 8 -8 -9 -10 15 22 -13 13 14 -16 16 -18 -19 19 -21 -22 -23 23 -25 25 -27 27 28 -30 -31
leaf_value=3.4797696177329622 -3.9730257869553647 -1.642886591242569 -12.821060251180397 -3.1212194711141521 -0.36852972063608147 -30.258378871917724 -6.7773740121651258 -28.288699651848187 -11.087667722287385 1.0015995369482962 -6.2524787840447322 -0.35141004122671715 -0.41100884111138286 -15.59277013015747 -1.6251157267113865 3.5943491471822586 1.7470816148068988 0.13643877165658133 3.1704637770994664 0.70222354161208889 -4.884792329851706 0.36430791719328792 -1.0705542103103969 1.2942100025537446 -1.4026275062346245 -6.7568935182414052 -26.007614761850107 -5.1304747163959679 -21.23251345111774 -17.253958363716418
leaf_weight=2497 606 842 251 1346 2312 25 252 22 23 2363 134 378 2082 25 59 1824 2987 21 659 4294 1026 336 23 127 222 493 23 45 26 26
leaf_count=2497 606 842 251 1346 2312 25 252 22 23 2363 134 378 2082 25 59 1824 2987 21 659 4294 1026 336 23 127 222 493 23 45 26 26
internal_value=7.01414e-09 0.946789 -4.96604 -0.230076 -1.38141 -11.0386 -10.1565 -13.053 -21.0724 2.36071 -3.92502 -3.16704 0.298951 0.528622 -5.78216 1.9712 2.44744 -11.8207 0.603975 1.03062 -3.70785 -2.42595 -5.51413 -1.75489 -6.21575 -5.09445 -9.73212 -14.6925 -11.027 -9.65767
internal_weight=25349 21290 4059 11619 3658 594 546 294 48 9671 3465 2346 7961 7119 84 7174 4811 272 7035 4953 1968 942 1119 176 943 715 228 94 71 49
internal_count=25349 21290 4059 11619 3658 594 546 294 48 9671 3465 2346 7961 7119 84 7174 4811 272 7035 4953 1968 942 1119 176 943 715 228 94 71 49
is_linear=0
shrinkage=0.05


Tree=9
num_leaves=31
num_cat=0
split_feature=117 117 117 140 117 142 85 121 141 131 96 75 120 142 86 27 107 128 96 75 96 110 92 78 112 69 75 113 64 0
split_gain=4.3026e+07 1.29443e+07 9.26314e+06 2.4883e+06 1.97542e+06 1.97282e+06 1.93553e+06 2.15009e+06 1.81799e+06 1.52105e+06 2.13585e+06 2.81538e+06 1.58457e+06 1.48746e+06 1.48724e+06 1.3159e+06 1.30888e+06 1.25834e+06 1.25145e+06 1.7918e+06 1.45508e+06 1.48576e+06 1.21252e+06 1.2978e+06 1.42969e+06 1.95203e+06 1.40457e+06 1.1659e+06 1.30703e+06 1.19884e+06
threshold=565.13192749023449 370.55998229980474 909.93881225585949 475.25000000000006 268.10221862792974 -136.74999999999997 -927.74999999999989 -893.74999999999989 215.75000000000003 770.76763916015636 621.82571411132824 659.34884643554699 405.25000000000006 -371.74999999999994 2311.7500000000005 4006.471557617188 -2688.7499999999995 517.75000000000011 285.89025878906256 315.35398864746099 354.72636413574224 335.76658630371099 -597.74999999999989 3649.2500000000005 2363.0000000000005 4203.1918945312509 876.19470214843761 309.25000000000006 237.25000000000003 3241.0000000000005
decision_type=2 2 2 2 2 2 2 2 2 2 2 2 2 2 2 2 2 2 2 2 2 2 2 2 2 2 2 2 2 2
left_child=1 4 9 5 -1 -3 7 16 -7 10 14 -12 -11 -5 -2 -14 -4 -16 -6 -20 21 -21 -8 24 25 26 -24 28 -28 -29
right_child=2 3 6 13 18 8 22 -9 -10 12 11 -13 15 -15 17 -17 -18 -19 19 20 -22 -23 23 -25 -26 -27 27 29 -30 -31
leaf_value=3.137985272444785 -4.4216495425444551 -0.77844072375712747 -18.963089441571917 -17.062685492634774 0.32199589231300862 1.6852322846543772 2.5465824342909316 -28.316795641800454 -0.46546026331883283 -9.1760946598915787 0.53606036650767253 -3.7665580402112746 -2.270316856660481 -3.1667110481243834 -20.229699678080422 -14.153734065936163 -5.2889372580392022 -4.0384996595836826 3.2053833486109293 1.5860122541659865 2.5432977540138619 -0.84068794083495058 -20.663382120927178 -2.1124256944656374 -23.678785991668704 -21.833627736568452 -5.0983353073532527 -7.5372749980693587 -16.838089484337605 3.4559276700019836
leaf_weight=3200 1338 5808 35 20 1423 2083 21 29 1860 243 633 952 224 519 28 26 35 21 1992 1677 1697 1011 24 50 20 32 37 217 66 28
leaf_count=3200 1338 5808 35 20 1423 2083 21 29 1860 243 633 952 224 519 28 26 35 21 1992 1677 1697 1011 24 50 20 32 37 217 66 28
internal_value=-2.00354e-09 0.89945 -4.71773 -0.375255 2.09188 -0.192452 -10.4867 -16.8688 0.670703 -3.72877 -3.3021 -2.04823 -6.30089 -3.68233 -4.73497 -3.50619 -12.126 -13.2906 1.66271 1.96188 1.39699 0.673291 -9.21028 -9.73116 -10.6296 -9.98359 -8.96424 -8.1574 -12.6209 -6.28091
internal_weight=25349 21290 4059 10290 11000 9751 594 99 3943 3465 2972 1585 493 539 1387 250 70 49 7800 6377 4385 2688 495 474 424 404 372 348 103 245
internal_count=25349 21290 4059 10290 11000 9751 594 99 3943 3465 2972 1585 493 539 1387 250 70 49 7800 6377 4385 2688 495 474 424 404 372 348 103 245
is_linear=0
shrinkage=0.05


Tree=10
num_leaves=31
num_cat=0
split_feature=117 26 117 71 4 141 142 141 33 141 142 128 36 119 99 96 117 138 128 142 31 85 94 141 141 121 68 140 131 99
split_gain=3.8952e+07 1.02365e+07 1.00481e+07 2.25876e+06 2.03557e+06 1.90796e+06 2.75244e+06 1.45211e+06 1.44461e+06 1.36533e+06 1.41599e+06 1.34895e+06 1.77297e+06 1.37384e+06 1.80133e+06 1.31888e+06 2.25584e+06 1.80511e+06 1.46119e+06 1.2879e+06 1.2857e+06 1.77303e+06 1.27194e+06 1.35609e+06 1.22503e+06 2.91761e+06 1.20494e+06 1.18867e+06 1.17425e+06 1.15007e+06
threshold=539.11840820312511 354.78994750976568 789.40969848632824 -2858.9999999999995 -247.182502746582 247.75000000000003 -136.74999999999997 479.25000000000006 252.31411743164065 125.25000000000001 -54.249999999999993 -281.24999999999994 -2204.7499999999995 903.75000000000011 1588.2500000000002 561.94091796875011 634.06787109375011 639.42663574218761 438.25000000000006 -317.74999999999994 3276.2500000000005 2433.5000000000005 1906.7500000000002 268.75000000000006 941.50000000000011 183.25000000000003 572.29693603515636 -443.49999999999994 558.17407226562511 363.25000000000006
decision_type=2 2 2 2 2 2 2 2 2 2 2 2 2 2 2 2 2 2 2 2 2 2 2 2 2 2 2 2 2 2
left_child=1 8 7 4 -4 6 -3 15 -1 19 11 12 -11 14 -14 18 -17 -18 22 -5 -13 -22 23 -2 -7 -26 -25 -19 29 -28
right_child=2 5 3 9 -6 24 -8 -9 -10 10 -12 20 13 -15 -16 16 17 27 -20 -21 21 -23 -24 26 25 -27 28 -29 -30 -31
leaf_value=3.272862225837728 -1.9852822825121923 -0.39167733010452682 -11.132643496990205 -5.7070786595344547 -31.027496881484986 -0.91437568963150528 1.5874994063764671 -4.858065583418016 1.8144523424373409 -24.897818823655449 -2.4510066908597947 -6.0867680673653259 -10.471020930929809 1.2525807293978604 -24.532446754455567 -0.33819635173568152 -6.9585417967139582 -6.648356169371894 -16.255392491817474 6.309733722828053 -25.786381362733387 -7.9927896641549614 -14.211706839288986 -4.3725847286648216 -22.880460825420563 -2.6659036050323679 -25.535830234345937 -1.4869526548714687 -3.0024676149541683 -8.9881415526072193
leaf_weight=2198 547 4784 36 128 20 3037 2776 735 7464 24 80 309 256 22 25 1257 273 132 24 27 21 42 28 180 21 119 21 720 22 21
leaf_count=2198 547 4784 36 128 20 3037 2776 735 7464 24 80 309 256 22 25 1257 273 132 24 27 21 42 28 180 21 119 21 720 22 21
internal_value=2.29574e-09 0.965501 -3.97884 -8.4843 -18.2379 -0.0970082 0.335068 -2.85247 2.14622 -7.8995 -8.75223 -9.4734 -11.8162 -10.78 -11.722 -2.39538 -1.79386 -3.42033 -4.09505 -3.61383 -7.41404 -13.924 -3.73871 -3.36798 -1.12518 -5.69809 -6.46772 -2.28661 -12.3603 -17.262
internal_weight=25349 20399 4950 990 56 10737 7560 3960 9662 934 779 699 327 303 281 3225 2382 1125 843 155 372 63 819 791 3177 140 244 852 64 42
internal_count=25349 20399 4950 990 56 10737 7560 3960 9662 934 779 699 327 303 281 3225 2382 1125 843 155 372 63 819 791 3177 140 244 852 64 42
is_linear=0
shrinkage=0.05


Tree=11
num_leaves=31
num_cat=0
split_feature=117 117 117 117 96 117 96 131 1 142 141 141 72 120 106 107 135 94 36 86 145 26 0 121 107 134 127 110 106 96
split_gain=3.53928e+07 1.23852e+07 5.92072e+06 2.31205e+06 2.66638e+06 2.38149e+06 2.21391e+06 2.098e+06 6.43168e+06 1.492e+06 1.67372e+06 1.30636e+06 1.94693e+06 1.29478e+06 1.83656e+06 4.11378e+06 1.53743e+06 1.41074e+06 1.45446e+06 1.26655e+06 1.12255e+06 1.11634e+06 1.11489e+06 1.10702e+06 1.72481e+06 1.42391e+06 1.41433e+06 1.70819e+06 1.11048e+06 1.09085e+06
threshold=475.89108276367193 789.40969848632824 340.81474304199224 582.66491699218761 621.82571411132824 646.21759033203136 493.27557373046881 1178.973083496094 -2423.2499999999995 -110.74999999999999 156.75000000000003 941.50000000000011 -168.74999999999997 452.25000000000006 364.75000000000006 -631.74999999999989 801.50000000000011 228.25000000000003 -184.74999999999997 2311.7500000000005 413.57867431640631 673.24798583984386 -1317.7499999999998 -529.74999999999989 -573.74999999999989 -66.749999999999986 -285.74999999999994 415.42611694335943 -316.74999999999994 552.67700195312511
decision_type=2 2 2 2 2 2 2 2 2 2 2 2 2 2 2 2 2 2 2 2 2 2 2 2 2 2 2 2 2 2
left_child=2 3 9 6 19 -6 -2 13 -9 20 -11 23 -13 14 -3 -16 -15 -17 -19 -5 -1 29 -10 25 26 -4 27 -25 -28 -8
right_child=1 7 11 4 5 -7 21 8 22 10 -12 12 -14 16 15 17 -18 18 -20 -21 -22 -23 -24 24 -26 -27 28 -29 -30 -31
leaf_value=1.5175443188672031 -3.275699753439127 -6.9082957470684905 -0.24138912384755939 -4.9808925906276507 0.78426436807054123 -3.3197520812971706 -1.2178656932824716 -40.293996505737312 1.3183946705999829 3.5073585041273585 1.5453651518248714 -19.297358896434307 -1.8558228377997876 -4.7658882894287151 -28.550504984458286 -20.985078163146973 -15.948518384947921 3.64417215860807 -10.478914008375074 -14.298838474876002 -9.8083924109285547 -7.6895759569514883 -12.127057461491948 -1.3289284402673895 0.39726322390706581 2.4677132853387089 0.47691047722149149 -21.518954453468325 -3.221953673001086 0.7853313633231086
leaf_weight=3929 1074 267 789 905 518 1113 1897 20 21 2916 1733 20 80 448 36 20 33 26 61 38 22 55 58 22 6092 1259 373 20 445 1059
leaf_count=3929 1074 267 789 905 518 1113 1897 20 21 2916 1733 20 80 448 36 20 33 26 61 38 22 55 58 22 6092 1259 373 20 445 1059
internal_value=6.03497e-09 -2.84205 1.22818 -2.06628 -3.23998 -2.01633 -1.32672 -8.06008 -14.9653 2.16886 2.77599 0.339188 -5.34413 -7.29284 -9.35732 -13.93 -5.5331 -9.01091 -6.25822 -5.35638 1.45448 -0.631535 -8.55295 0.402336 0.101356 1.42402 -1.99476 -10.9432 -1.53531 -0.500212
internal_weight=25349 7649 17700 6659 2574 1631 4085 990 99 8600 4649 9100 100 891 410 143 481 107 87 943 3951 3011 79 9000 6952 2048 860 42 818 2956
internal_count=25349 7649 17700 6659 2574 1631 4085 990 99 8600 4649 9100 100 891 410 143 481 107 87 943 3951 3011 79 9000 6952 2048 860 42 818 2956
is_linear=0
shrinkage=0.05


Tree=12
num_leaves=31
num_cat=0
split_feature=117 26 117 71 4 26 103 12 86 126 122 142 141 142 135 100 141 142 106 117 96 128 106 82 5 85 80 59 142 45
split_gain=3.20139e+07 8.58606e+06 7.97857e+06 1.93804e+06 1.82808e+06 1.73041e+06 1.82202e+06 1.7552e+06 1.32333e+06 1.66725e+06 1.36529e+06 1.27049e+06 1.71518e+06 1.26071e+06 1.45561e+06 1.28157e+06 1.22694e+06 1.24555e+06 1.15617e+06 1.2201e+06 1.25967e+06 1.14941e+06 1.65525e+06 1.28688e+06 1.35574e+06 1.22397e+06 2.60048e+06 1.20543e+06 1.80647e+06 1.50007e+06
threshold=541.61633300781261 354.78994750976568 789.40969848632824 -2858.9999999999995 -247.182502746582 474.18078613281256 526.19961547851574 377.32812500000006 1096.2500000000002 534.75000000000011 478.25000000000006 -99.249999999999986 150.75000000000003 -20.249999999999996 20.750000000000004 -379.74999999999994 125.25000000000001 -54.249999999999993 -109.24999999999999 579.40298461914074 621.82571411132824 -281.24999999999994 1803.2500000000002 789.40969848632824 909.93881225585949 1041.2500000000002 92.250000000000014 1403.2500000000002 -472.74999999999994 1789.5000000000002
decision_type=2 2 2 2 2 2 2 2 2 2 2 2 2 2 2 2 2 2 2 2 2 2 2 2 2 2 2 2 2 2
left_child=1 11 8 4 -4 7 -7 -3 13 10 -10 -1 -13 14 15 18 -5 21 19 -2 -21 22 23 -18 -25 26 -26 -23 -29 -30
right_child=2 5 3 16 -6 6 -8 -9 9 -11 -12 12 -14 -15 -16 -17 17 -19 -20 20 -22 27 -24 24 25 -27 -28 28 29 -31
leaf_value=1.4002800086056719 0.69766033279285156 -1.0320695226591183 -9.9583337982495621 -3.0527124930966285 -28.811964631676677 -1.7304005699684286 1.089722787269239 0.73767086231515455 -6.8418526687600592 -2.3435749339085099 -20.180131305967059 3.3630428805488912 1.4069817137511285 3.4187489986419681 -4.6572213111657828 -0.52277774066543603 -18.763186620263493 -2.0139116990566257 -4.7019109118029592 -5.7649788945287703 -1.5036939293210583 -4.1580425535423169 -21.75509483583512 -3.8459099283516411 -10.166797191494114 -4.4513990520162787 -28.668820269902547 0.77868834733963022 -21.887129287421704 -9.4644267392335557
leaf_weight=5052 327 1850 36 155 20 2466 746 5773 222 282 21 2690 1921 95 596 1011 34 80 532 262 513 207 31 100 91 47 24 32 32 101
leaf_count=5052 327 1850 36 155 20 2466 746 5773 222 282 21 2690 1921 95 596 1011 34 80 532 262 513 207 31 100 91 47 24 32 32 101
internal_value=6.62768e-09 0.864407 -3.65257 -7.65708 -16.6918 -0.101983 -1.07542 0.308179 -2.62577 -4.95917 -7.99454 1.94801 2.54812 -2.25856 -2.42497 -1.92198 -7.11538 -7.92375 -2.7877 -1.8636 -2.94428 -8.60012 -10.7627 -9.61144 -8.42381 -11.2497 -14.0281 -6.69917 -9.88713 -12.4533
internal_weight=25349 20498 4851 990 56 10835 3212 7623 3861 525 243 9663 4611 3336 3241 2645 934 779 1634 1102 775 699 327 296 262 162 115 372 165 133
internal_count=25349 20498 4851 990 56 10835 3212 7623 3861 525 243 9663 4611 3336 3241 2645 934 779 1634 1102 775 699 327 296 262 162 115 372 165 133
is_linear=0
shrinkage=0.05


Tree=13
num_leaves=31
num_cat=0
split_feature=117 131 117 136 108 141 142 120 113 113 0 57 99 100 10 145 62 122 121 32 121 127 142 145 141 57 107 106 140 115
split_gain=2.91357e+07 1.02156e+07 4.81472e+06 2.2396e+06 2.4281e+06 2.19998e+06 2.12661e+06 1.84709e+06 1.74019e+06 2.36666e+06 2.83151e+06 2.0773e+06 2.84991e+06 1.55883e+06 1.54404e+06 2.43137e+06 1.8581e+06 1.95073e+06 1.54364e+06 1.47798e+06 1.39766e+06 2.26032e+06 1.2335e+06 1.60439e+06 1.24526e+06 1.20496e+06 1.07683e+06 1.63467e+06 1.0599e+06 2.18653e+06
threshold=474.05186462402349 770.76763916015636 340.81474304199224 846.75000000000011 791.25000000000011 268.75000000000006 -217.74999999999997 423.25000000000006 -92.749999999999986 33.750000000000007 -30.249999999999996 1206.7500000000002 96.250000000000014 906.25000000000011 -2188.4999999999995 1080.143493652344 3225.3342285156255 612.75000000000011 -332.24999999999994 -5631.9650878906241 -893.74999999999989 -274.74999999999994 -100.24999999999999 415.35803222656256 195.25000000000003 2325.2500000000005 -259.74999999999994 133.75000000000003 475.25000000000006 42.750000000000007
decision_type=2 2 2 2 2 2 2 2 2 2 2 2 2 2 2 2 2 2 2 2 2 2 2 2 2 2 2 2 2 2
left_child=2 5 22 7 -5 6 13 8 -3 -10 -11 12 -12 26 15 -9 -16 -18 -15 -7 -21 -22 23 -1 -24 -6 27 -2 -4 -30
right_child=1 3 28 4 25 19 -8 14 9 10 11 -13 -14 18 16 -17 17 -19 -20 20 21 -23 24 -25 -26 -27 -28 -29 29 -31
leaf_value=1.4452808476710246 -1.7478203760125699 -6.0664137332656169 0.42438633240737805 -29.787931678408668 -2.53486328635897 -15.303093187014262 0.27583148249506928 -3.4339721407209129 -26.902362322807313 -2.5772866701426573 -9.3328762076117773 -8.9475139927939846 -33.380949143001011 -19.556801648367021 -2.0680092326010846 -26.259576225280764 -19.709971756646127 -4.3845304399728775 -4.9389098507951399 0.64658085370155838 -11.823852949166621 -2.9430920767432243 3.1081839487178802 -12.091593063419516 1.2078749103693789 -17.338771233735262 -0.088689367962337437 -6.2037890141350891 -18.452605476379397 -1.4161885838667307
leaf_weight=4311 1287 275 8657 21 28 24 1671 28 24 73 22 59 28 21 394 20 33 56 129 259 74 2255 3068 22 1199 27 696 245 20 323
leaf_count=4311 1287 275 8657 21 28 24 1671 28 24 73 22 59 28 21 394 20 33 56 129 259 74 2255 3068 22 1199 27 696 245 20 323
internal_value=-2.10557e-09 -2.55467 1.12478 -7.04662 -15.3246 -1.82096 -1.09113 -6.42496 -8.66935 -12.1441 -10.198 -15.3018 -22.7998 -2.05169 -4.3919 -12.9446 -3.54194 -10.067 -6.98541 -2.95232 -2.83778 -3.22526 1.97078 1.37655 2.57421 -9.80224 -1.71952 -2.46043 0.316381 -2.40957
internal_weight=25349 7749 17600 1088 76 6661 4049 1012 481 206 182 109 50 2378 531 48 483 89 150 2612 2588 2329 8600 4333 4267 55 2228 1532 9000 343
internal_count=25349 7749 17600 1088 76 6661 4049 1012 481 206 182 109 50 2378 531 48 483 89 150 2612 2588 2329 8600 4333 4267 55 2228 1532 9000 343
is_linear=0
shrinkage=0.05


Tree=14
num_leaves=31
num_cat=0
split_feature=26 117 117 92 121 141 142 47 32 117 96 82 12 141 142 142 145 141 140 47 69 65 113 115 135 141 3 9 9 37
split_gain=2.64044e+07 8.62233e+06 5.31518e+06 1.70981e+06 2.833e+06 1.48796e+06 1.80783e+06 1.75028e+06 1.41381e+06 1.31106e+06 1.88646e+06 1.67179e+06 1.27659e+06 1.25397e+06 1.85818e+06 1.19897e+06 1.34697e+06 1.189e+06 1.17769e+06 1.31094e+06 1.06866e+06 2.03665e+06 1.08282e+06 1.39958e+06 1.27574e+06 1.22899e+06 1.27776e+06 2.19415e+06 2.20658e+06 1.26712e+06
threshold=495.98477172851568 789.40969848632824 345.88452148437506 -1962.7499999999998 -1586.7499999999998 502.75000000000006 -38.249999999999993 472.12458801269537 4971.6025390625009 582.66491699218761 621.82571411132824 651.73046875000011 504.82691955566412 222.25000000000003 -128.24999999999997 -100.24999999999999 421.33517456054693 149.25000000000003 -463.24999999999994 702.00830078125011 4203.1918945312509 2019.2500000000002 2726.2500000000005 1453.5000000000002 -70.249999999999986 786.00000000000011 2901.5000000000005 1179.5000000000002 1602.2500000000002 1845.5000000000002
decision_type=2 2 2 2 2 2 2 2 2 2 2 2 2 2 2 2 2 2 2 2 2 2 2 2 2 2 2 2 2 2
left_child=2 5 15 4 -3 6 7 -2 13 12 -11 -12 -9 14 -4 16 -1 -17 19 -13 22 -22 23 25 -24 26 27 -5 -29 -30
right_child=1 3 8 20 -6 -7 -8 9 -10 10 11 18 -14 -15 -16 17 -18 -19 -20 -21 21 -23 24 -25 -26 -27 -28 28 29 -31
leaf_value=1.3393213265147361 -6.742946042933248 -7.9070348580678305 -0.021840046092082111 -4.7141019747447181 -29.925521986825125 -3.8898144740805574 2.2038721027107884 -3.4648423424061563 -7.0296536554308506 -4.9217316440279655 1.2191285209794158 -12.255178268626333 -0.45618319256241374 -0.6120390754550904 1.761582631748178 3.1187929524034295 -10.791185526225879 1.4518271389593158 -2.0113120747270257 -1.8766208467812373 -25.440324529012045 -6.3697385895819894 -22.517074857439315 1.6492579113091193 -5.088706052870978 -10.82658166524743 0.74854859934224716 -26.606590917836066 -3.3208054480098541 -17.365819543141587
leaf_weight=4551 176 48 4139 455 21 839 292 420 68 622 379 64 2196 3144 2257 2601 23 1817 725 58 21 42 21 62 21 119 77 23 42 26
leaf_count=4551 176 48 4139 455 21 839 292 420 68 622 379 64 2196 3144 2257 2601 23 1817 725 58 21 42 21 62 21 119 77 23 42 26
internal_value=-3.06704e-09 -2.67895 0.972056 -7.02024 -14.6083 -1.94324 -1.6121 -1.85224 0.154374 -1.65942 -2.67892 -1.54105 -0.939225 0.205581 0.607488 1.84575 1.27832 2.43322 -2.77612 -7.32111 -6.44425 -12.7266 -5.97641 -5.56757 -13.8029 -6.17059 -5.28124 -6.1316 -13.2191 -8.69096
internal_weight=25349 6749 18600 978 69 5771 4932 4640 9608 4464 1848 1226 2616 9540 6396 8992 4574 4418 847 122 909 63 846 804 42 742 623 546 91 68
internal_count=25349 6749 18600 978 69 5771 4932 4640 9608 4464 1848 1226 2616 9540 6396 8992 4574 4418 847 122 909 63 846 804 42 742 623 546 91 68
is_linear=0
shrinkage=0.05


Tree=15
num_leaves=31
num_cat=0
split_feature=117 117 117 145 26 136 78 142 141 115 106 107 113 142 89 68 142 87 138 127 99 133 129 107 106 107 115 115 48 37
split_gain=2.39618e+07 7.11851e+06 5.7657e+06 2.11245e+06 1.74131e+06 1.64675e+06 1.64606e+06 1.55373e+06 1.49564e+06 1.47158e+06 1.31566e+06 2.5468e+06 1.32133e+06 1.31105e+06 1.26049e+06 1.63311e+06 2.60496e+06 1.37441e+06 1.19528e+06 1.16562e+06 3.12945e+06 1.36832e+06 1.15284e+06 1.12674e+06 1.3924e+06 1.36075e+06 1.09351e+06 1.29981e+06 2.63247e+06 1.05176e+06
threshold=552.67700195312511 397.79348754882818 909.93881225585949 518.71133422851574 301.83370971679693 846.75000000000011 3649.2500000000005 -56.249999999999993 348.75000000000006 1071.5000000000002 140.25000000000003 -461.74999999999994 551.25000000000011 -84.749999999999986 586.37289428710949 594.56900024414074 -208.24999999999997 -2158.7499999999995 375.68656921386724 587.25000000000011 1866.7500000000002 -26.249999999999996 205.75000000000003 -48.749999999999993 1033.7500000000002 645.25000000000011 147.75000000000003 -342.74999999999994 217.40806579589847 2931.0000000000005
decision_type=2 2 2 2 2 2 2 2 2 2 2 2 2 2 2 2 2 2 2 2 2 2 2 2 2 2 2 2 2 2
left_child=1 3 7 4 -1 6 19 8 -2 -7 13 12 -12 -3 15 -10 -17 -16 -6 20 22 -21 26 -13 -25 -26 27 -4 -29 -23
right_child=2 10 5 -5 18 9 -8 -9 14 -11 11 23 -14 -15 17 16 -18 -19 -20 21 -22 29 -24 24 25 -27 -28 28 -30 -31
leaf_value=2.1152022351863695 -2.2587638038856288 -0.25275757300113288 -6.7368339509174637 -12.549483740771258 0.59609244965316666 -25.921575330651326 2.25503480212633 0.41656115686516015 -5.1588495648576549 -8.3969517269134535 -5.0783129399415685 -2.2223065659861354 -18.025471860712226 2.161129388299817 -14.095093056251265 -25.696080871990752 -6.3528815253921174 -2.9996659992064676 2.0837416487827451 5.1337271979876924 -26.938877128601078 -5.1592554319052049 -19.649645015171597 0.45675057895040921 -4.8876113322208514 -0.74316367361200408 -0.31084170558235868 -30.030186749696732 -6.0968039371349194 -15.653899638993401
leaf_weight=5619 2400 2783 148 27 5683 23 43 379 236 25 189 1034 22 705 29 28 46 743 1771 28 25 162 21 2012 265 784 44 20 27 28
leaf_count=5619 2400 2783 148 27 5683 23 43 379 236 25 189 1034 22 705 29 28 46 743 1771 28 25 162 21 2012 265 784 44 20 27 28
internal_value=-1.6633e-09 0.709843 -3.32917 1.42171 1.45056 -7.91511 -7.13454 -2.62364 -2.95455 -16.7942 -0.486647 -1.07132 -6.42825 0.235141 -4.49789 -7.191 -13.6719 -3.41646 0.949544 -7.93723 -10.0423 -5.18516 -8.41765 -0.795297 -0.313256 -1.79014 -7.43074 -9.03728 -16.2812 -6.70583
internal_weight=25349 20894 4455 13100 13073 594 546 3861 3482 48 7794 4306 211 3488 1082 310 74 772 7454 503 285 218 260 4095 3061 1049 239 195 47 190
internal_count=25349 20894 4455 13100 13073 594 546 3861 3482 48 7794 4306 211 3488 1082 310 74 772 7454 503 285 218 260 4095 3061 1049 239 195 47 190
is_linear=0
shrinkage=0.05


Tree=16
num_leaves=31
num_cat=0
split_feature=26 131 117 136 126 47 117 96 75 142 22 145 36 120 8 37 36 93 121 73 106 0 16 141 92 141 96 117 96 75
split_gain=2.17779e+07 7.37258e+06 4.17405e+06 1.88607e+06 2.46867e+06 1.39181e+06 1.5462e+06 2.28255e+06 2.08732e+06 1.39149e+06 2.43024e+06 1.26626e+06 1.26422e+06 1.41268e+06 1.42188e+06 1.42764e+06 1.67522e+06 1.28581e+06 1.26357e+06 2.19812e+06 2.11973e+06 1.96767e+06 1.6691e+06 1.25721e+06 1.38302e+06 1.24363e+06 1.23109e+06 1.44555e+06 1.14144e+06 1.66101e+06
threshold=488.90083312988287 770.76763916015636 345.88452148437506 1067.5000000000002 1391.0000000000002 474.16081237792974 582.66491699218761 621.82571411132824 659.34884643554699 -798.74999999999989 -2146.7499999999995 713.34976196289074 -3408.9999999999995 423.25000000000006 -1696.7499999999998 1845.5000000000002 2191.0000000000005 869.75000000000011 -893.74999999999989 -6.2499999999999991 314.25000000000006 1027.5000000000002 -850.74999999999989 711.25000000000011 -111.74999999999999 988.25000000000011 544.47283935546886 495.84582519531256 350.92811584472662 378.49821472167974
decision_type=2 2 2 2 2 2 2 2 2 2 2 2 2 2 2 2 2 2 2 2 2 2 2 2 2 2 2 2 2 2
left_child=2 5 -1 9 -5 -2 25 11 -9 10 -3 -8 -11 18 -15 16 -16 -17 -14 20 22 -21 -20 28 -25 26 27 -7 -4 -30
right_child=1 3 23 4 -6 6 7 8 -10 12 -12 -13 13 14 15 17 -18 -19 19 21 -22 -23 -24 24 -26 -27 -28 -29 29 -31
leaf_value=1.6778564631885544 -4.6408684311369361 -21.046426793148644 -1.2876185316823729 -29.278873043060305 -5.2597807137862498 -0.037053346239551477 -4.2918870605230719 1.1064145270231609 -2.7675238616136326 3.853674760231605 -6.6338033832902985 -16.196337695743729 -5.181706774736706 -13.85074573494494 -2.8009016551814239 -15.550127288273401 6.6926327713898246 -4.3856798514115569 -22.02876840773083 1.4186529059742774 -31.326143855140323 -14.197102312037821 -2.3216096552935515 -14.223096003899208 -2.0542402975944452 -7.804065668703088 0.69896826838440163 -2.6315178790432192 1.8467672200074601 0.091756612280345207
leaf_weight=8992 371 38 1047 20 23 1058 776 555 931 39 127 23 190 32 273 35 56 98 21 43 21 38 22 26 229 62 1107 1090 1716 6290
leaf_count=8992 371 38 1047 20 23 1058 776 555 931 39 127 23 190 32 273 35 56 98 21 43 21 38 22 26 229 62 1107 1090 1716 6290
internal_value=2.2576e-09 -2.36135 0.90957 -6.17118 -16.4315 -1.67503 -1.47861 -2.47944 -1.32066 -5.74408 -9.95307 -4.63457 -4.94399 -5.35787 -3.65817 -2.95219 -1.18498 -7.32369 -7.8643 -11.3794 -18.3051 -5.90726 -11.946 0.167366 -3.29499 -0.789162 -0.655545 -1.35361 0.264892 0.467924
internal_weight=25349 7049 18300 1076 43 5973 5602 2285 1486 1033 165 799 868 829 494 462 329 133 335 145 64 81 43 9308 255 3317 3255 2148 9053 8006
internal_count=25349 7049 18300 1076 43 5973 5602 2285 1486 1033 165 799 868 829 494 462 329 133 335 145 64 81 43 9308 255 3317 3255 2148 9053 8006
is_linear=0
shrinkage=0.05


Tree=17
num_leaves=31
num_cat=0
split_feature=117 131 26 86 136 126 141 142 142 32 142 128 141 121 134 135 92 141 120 124 121 73 106 141 132 29 78 106 100 141
split_gain=1.9768e+07 6.88254e+06 3.33946e+06 1.78431e+06 1.72638e+06 2.22797e+06 1.37252e+06 1.59757e+06 1.35674e+06 1.28682e+06 1.22938e+06 2.12533e+06 1.67152e+06 1.14294e+06 2.09179e+06 1.22696e+06 1.18515e+06 1.13811e+06 1.05609e+06 1.3674e+06 1.3372e+06 2.16672e+06 2.37526e+06 1.56043e+06 1.54944e+06 2.17319e+06 1.15902e+06 1.80103e+06 1.8682e+06 981763
threshold=474.05186462402349 770.76763916015636 318.18635559082037 1096.2500000000002 1067.5000000000002 1391.0000000000002 237.75000000000003 -217.74999999999997 -32.249999999999993 -5631.9650878906241 -282.74999999999994 -501.24999999999994 820.75000000000011 -914.74999999999989 177.25000000000003 -287.74999999999994 -6.7499999999999991 81.250000000000014 429.25000000000006 983.12179565429699 -893.74999999999989 16.250000000000004 393.25000000000006 326.75000000000006 155.66892242431643 1582.2500000000002 3649.2500000000005 1619.5000000000002 1517.0000000000002 446.75000000000006
decision_type=2 2 2 2 2 2 2 2 2 2 2 2 2 2 2 2 2 2 2 2 2 2 2 2 2 2 2 2 2 2
left_child=2 3 -1 6 8 -6 7 -2 18 -8 12 -12 -4 -11 16 -16 29 -13 20 -20 -3 22 23 -22 -23 -26 27 -21 -29 -15
right_child=1 4 10 -5 5 -7 9 -9 -10 13 11 17 -14 14 15 -17 -18 -19 19 26 21 24 -24 -25 25 -27 -28 28 -30 -31
leaf_value=1.787430864215021 -1.4405022027028938 -5.5265952877453621 -0.53348407784984786 -3.7806523466901307 -27.814929608106617 -4.9967918043551238 -12.397724806269011 0.76430081384234705 2.4070123420571381 0.88454817943885689 2.7454642459179563 1.4409458115256946 -13.287594510958748 -7.1990343125037901 1.6777594864871432 -2.1882713368424085 -3.0771299352628119 0.0020638768826960851 -2.2142195277406507 -5.1255866738211395 -4.444230318069458 4.5560753565568195 -30.212733898560209 -21.409654832922897 -23.084528873080302 -3.3850310938698907 3.3618553941900085 -22.595206985975565 -4.9961007423400883 -17.70817997638996
leaf_weight=6868 2057 302 2149 761 20 23 30 1368 53 305 1056 1812 26 153 237 1531 193 5689 319 117 33 26 24 23 21 42 22 38 25 26
leaf_count=6868 2057 302 2149 761 20 23 30 1368 53 305 1056 1812 26 153 237 1531 193 5689 319 117 33 26 24 23 21 42 22 38 25 26
internal_value=2.61861e-09 -2.10428 0.926482 -1.50205 -5.79131 -15.6099 -1.20815 -0.559868 -5.3873 -2.10526 0.375513 0.645313 -0.685947 -1.97897 -2.38709 -1.67003 -5.79503 0.349651 -5.80373 -4.25257 -7.51955 -11.0809 -17.0523 -11.4122 -5.71335 -9.95153 -7.47155 -8.79563 -15.6114 -8.7255
internal_weight=25349 7749 17600 6661 1088 43 5900 3425 1045 2475 10732 8557 2175 2445 2140 1768 372 7501 992 521 471 169 80 56 89 63 202 180 63 179
internal_count=25349 7749 17600 6661 1088 43 5900 3425 1045 2475 10732 8557 2175 2445 2140 1768 372 7501 992 521 471 169 80 56 89 63 202 180 63 179
is_linear=0
shrinkage=0.05


Tree=18
num_leaves=31
num_cat=0
split_feature=26 117 75 141 64 131 1 142 54 141 32 89 117 54 123 91 106 35 60 94 0 141 40 141 50 59 45 120 95 140
split_gain=1.80238e+07 5.7904e+06 3.64185e+06 1.69515e+06 1.57734e+06 1.51677e+06 5.08808e+06 1.22187e+06 1.56143e+06 1.52384e+06 1.18571e+06 1.24973e+06 1.36896e+06 1.9649e+06 1.12279e+06 1.16813e+06 1.83285e+06 1.46495e+06 1.55498e+06 2.24031e+06 1.96711e+06 1.40553e+06 1.40135e+06 1.10242e+06 1.53474e+06 1.5091e+06 1.25484e+06 1.04943e+06 1.17909e+06 1.00733e+06
threshold=495.98477172851568 789.40969848632824 352.41737365722662 941.50000000000011 822.75000000000011 1178.973083496094 -2423.2499999999995 -219.74999999999997 456.29032897949224 230.75000000000003 4971.6025390625009 353.54409790039068 397.79348754882818 460.18460083007818 -4741.6149902343741 -1135.2499999999998 364.75000000000006 -654.74999999999989 394.76499938964849 477.25000000000006 -30.249999999999996 161.25000000000003 841.86529541015636 527.25000000000011 2949.0000000000005 -672.24999999999989 -1107.2499999999998 393.75000000000006 2763.984985351563 -258.24999999999994
decision_type=2 2 2 2 2 2 2 2 2 2 2 2 2 2 2 2 2 2 2 2 2 2 2 2 2 2 2 2 2 2
left_child=2 7 3 -1 -5 14 -7 8 -2 -9 11 -4 -13 -14 -3 16 22 -17 19 20 -19 29 -16 -10 25 26 -25 -23 -29 -20
right_child=1 5 10 4 -6 6 -8 9 23 -11 -12 12 13 -15 15 17 -18 18 21 -21 -22 27 -24 24 -26 -27 -28 28 -30 -31
leaf_value=1.5346891929555679 -11.818066051394441 0.82770958208057976 -1.7670371932022597 -18.643592677116395 0.033532003943736739 -34.166542689800266 -5.9349114858651468 0.43425880821184021 -1.9202422212516854 -1.8582018286980191 -6.4892362903146186 1.1699625546227252 -0.84774589876785922 1.2109302316664725 -14.58231387463483 -0.099864837705199397 -23.803473691940312 -8.6716132965087898 -3.5085482954978944 -4.7562696933746338 -28.13570891486274 -10.458386647159404 -3.3965752353915919 -4.2649705789305949 -17.278509669542313 -1.7978977825296554 -21.569611711502077 0.91875691814348104 -6.3287244826198581 9.4774957013981673
leaf_weight=9451 43 73 786 20 26 20 79 1238 2522 1749 68 3007 3512 1730 44 134 20 25 32 63 27 88 77 22 25 152 20 80 188 28
leaf_count=9451 43 73 786 20 26 20 79 1238 2522 1749 68 3007 3512 1730 44 134 20 25 32 63 27 88 77 22 25 152 20 80 188 28
internal_value=-3.67941e-09 -2.21335 0.803112 1.48809 -8.08696 -5.77098 -11.6383 -1.61044 -2.36404 -0.908062 0.0884921 0.137998 0.319518 -0.168328 -5.11016 -5.64795 -9.78176 -4.77146 -5.95036 -11.0965 -18.778 -4.52774 -7.46412 -2.21573 -5.61856 -4.11599 -12.5053 -5.72089 -4.1653 2.55161
internal_weight=25349 6749 18600 9497 46 978 99 5771 2784 2987 9103 9035 8249 5242 879 806 141 665 531 115 52 416 121 2741 219 194 42 356 268 60
internal_count=25349 6749 18600 9497 46 978 99 5771 2784 2987 9103 9035 8249 5242 879 806 141 665 531 115 52 416 121 2741 219 194 42 356 268 60
is_linear=0
shrinkage=0.05


Tree=19
num_leaves=31
num_cat=0
split_feature=117 117 117 145 33 136 78 115 113 142 127 141 141 89 68 142 124 6 111 19 113 69 75 120 121 1 81 3 96 75
split_gain=1.64682e+07 5.15693e+06 3.69093e+06 1.82613e+06 1.36372e+06 1.25563e+06 1.33392e+06 1.29877e+06 1.25404e+06 1.13679e+06 1.06476e+06 1.28226e+06 1.05713e+06 1.33855e+06 1.27317e+06 2.13595e+06 1.11119e+06 1.08175e+06 1.7929e+06 1.05614e+06 1.0221e+06 1.3019e+06 1.16462e+06 1.19682e+06 1.31758e+06 1.09258e+06 1.06381e+06 1.03349e+06 977618 1.2132e+06
threshold=565.13192749023449 397.79348754882818 909.93881225585949 518.71133422851574 252.31411743164065 846.75000000000011 3649.2500000000005 1071.5000000000002 -487.24999999999994 -56.249999999999993 -58.249999999999993 132.75000000000003 405.25000000000006 586.37289428710949 594.56900024414074 -201.24999999999997 639.42663574218761 -2150.603393554687 -1248.3051147460935 533.84020996093761 2726.2500000000005 4203.1918945312509 841.86529541015636 452.25000000000006 -357.74999999999994 -127.74999999999999 5400.8198242187509 -3188.9999999999995 561.94091796875011 544.47283935546886
decision_type=2 2 2 2 2 2 2 2 2 2 2 2 2 2 2 2 2 2 2 2 2 2 2 2 2 2 2 2 2 2
left_child=1 3 9 4 -1 6 20 -7 -3 12 -10 -12 -2 14 -14 -16 -15 -18 -19 -6 21 22 -4 24 26 27 -24 -25 29 -13
right_child=2 8 5 -5 19 7 -8 -9 10 -11 11 28 13 16 15 -17 17 18 -20 -21 -22 -23 23 25 -26 -27 -28 -29 -30 -31
leaf_value=2.3373041092580236 -2.0503619051813926 1.2237744844784695 -16.217248018582662 -11.818145543557627 0.99222932276708564 -22.888268831501836 2.5739181296769966 -6.4247221260070804 -1.9686446661729082 0.48301917162385433 0.65082239734950453 -0.84554592232383818 -5.2231468388288143 0.41620100914386282 -27.245128965377809 -6.7619115597861157 2.7463794817527134 -19.419036937895278 -4.3994489034016935 -9.7334790499314039 -17.140094722401013 -17.001112660994899 -4.7441721570562327 1.3971390319907149 -18.565442589918771 0.27012492960149592 -15.993654346466066 -11.493300875027975 1.9469927500653013 -4.1262683015461867
leaf_weight=2189 2329 1008 24 27 10861 23 43 25 1277 333 2006 3312 139 171 20 35 48 21 369 23 22 26 169 23 24 143 24 48 279 308
leaf_count=2189 2329 1008 24 27 10861 23 43 25 1277 333 2006 3312 139 171 20 35 48 21 369 23 22 26 169 23 24 143 24 48 279 308
internal_value=3.742e-09 0.55646 -2.91871 1.17176 1.19858 -6.56026 -5.87866 -14.3135 -0.427713 -2.29444 -0.659501 -0.376389 -2.58974 -4.15416 -7.77107 -14.2104 -3.00197 -4.33646 -5.2082 0.969564 -6.60124 -6.11922 -5.49739 -4.90046 -7.51697 -2.24727 -6.14307 -7.31752 -0.90488 -1.12468
internal_weight=25349 21290 4059 13100 13073 594 546 48 8190 3465 7182 5905 3132 803 194 55 609 438 390 10884 503 481 455 431 217 214 193 71 3899 3620
internal_count=25349 21290 4059 13100 13073 594 546 48 8190 3465 7182 5905 3132 803 194 55 609 438 390 10884 503 481 455 431 217 214 193 71 3899 3620
is_linear=0
shrinkage=0.05


Tree=20
num_leaves=31
num_cat=0
split_feature=117 33 117 142 142 141 112 96 141 119 142 141 65 117 96 142 121 127 122 126 96 141 113 127 134 128 106 72 140 128
split_gain=1.49084e+07 4.10005e+06 3.83892e+06 1.21144e+06 2.81341e+06 1.28345e+06 1.40714e+06 1.46288e+06 1.18166e+06 2.79151e+06 1.37309e+06 1.31139e+06 1.00475e+06 963645 2.11838e+06 1.19478e+06 1.1077e+06 1.79556e+06 1.09323e+06 1.2891e+06 1.055e+06 961042 993839 1.41238e+06 925048 1.59588e+06 3.49922e+06 2.14689e+06 919120 904330
threshold=539.11840820312511 352.46850585937506 909.93881225585949 -798.74999999999989 -888.24999999999989 853.25000000000011 769.25000000000011 1080.143493652344 820.75000000000011 -71.749999999999986 -93.249999999999986 138.75000000000003 -1813.7499999999998 646.21759033203136 606.78826904296886 -54.249999999999993 -893.74999999999989 -229.74999999999997 -660.74999999999989 -397.74999999999994 659.34884643554699 80.250000000000014 -487.24999999999994 213.25000000000003 277.25000000000006 -277.24999999999994 169.75000000000003 662.75000000000011 -278.74999999999994 -663.74999999999989
decision_type=2 2 2 2 2 2 2 2 2 2 2 2 2 2 2 2 2 2 2 2 2 2 2 2 2 2 2 2 2 2
left_child=1 -1 13 4 12 24 7 -7 10 -10 21 -12 -4 14 16 20 -2 18 -18 -20 -15 28 -23 29 -5 26 -26 -28 -3 -24
right_child=2 8 3 5 -6 6 -8 -9 9 -11 11 -13 -14 15 -16 -17 17 -19 19 -21 -22 22 23 -25 25 -27 27 -29 -30 -31
leaf_value=1.3590501499095495 0.65058991228756702 -1.4095011868215952 -12.98614112879779 -0.52948027858027702 -27.508722668602356 -22.559822046384216 -4.2680004107502274 -5.8109902035106309 -21.482979702949525 -1.9087997780126686 2.5348562525793201 0.25387210483565981 -1.747645843860715 -5.6924701196325707 0.80227834433603484 1.4057977014296765 -17.988123456637066 -2.2729190750443982 -2.9712828946702277 -15.256068348884583 -2.5805791043558939 1.0348575482984756 0.579504091975788 -0.1409658146267857 0.41450853709018598 -3.0595350777561015 -32.647235443478543 -10.038302063941956 0.99132960830766059 -2.3228626365885652
leaf_weight=9467 276 506 37 135 21 32 53 22 20 204 878 2232 43 354 797 148 24 1466 81 29 1181 692 313 2325 33 176 21 21 1879 1883
leaf_count=9467 276 506 37 135 21 32 53 22 20 204 878 2232 43 354 797 148 24 1466 81 29 1181 692 313 2325 33 176 21 21 1879 1883
internal_value=-8.99447e-09 0.597315 -2.46154 -6.23225 -11.221 -5.21021 -10.0557 -15.7362 -0.0623397 -3.65649 0.0128462 0.897828 -6.94545 -1.94735 -1.35725 -2.88458 -2.27471 -2.77932 -8.31951 -6.21 -3.29824 -0.349393 -0.729751 -0.999848 -3.86704 -5.66213 -11.7696 -21.3428 0.481971 -1.90918
internal_weight=25349 20399 4950 594 101 493 107 54 10932 224 10708 3110 80 4356 2673 1683 1876 1600 134 110 1535 7598 5213 4521 386 251 75 42 2385 2196
internal_count=25349 20399 4950 594 101 493 107 54 10932 224 10708 3110 80 4356 2673 1683 1876 1600 134 110 1535 7598 5213 4521 386 251 75 42 2385 2196
is_linear=0
shrinkage=0.05


Tree=21
num_leaves=31
num_cat=0
split_feature=26 131 26 136 92 47 142 141 33 89 47 117 96 117 138 141 132 106 75 5 101 10 142 136 2 3 99 8 12 26
split_gain=1.35898e+07 4.55663e+06 2.62365e+06 1.40572e+06 1.8669e+06 1.25407e+06 1.21572e+06 1.40681e+06 1.15609e+06 1.73553e+06 1.21479e+06 1.55256e+06 1.3291e+06 1.3167e+06 1.16697e+06 1.14022e+06 1.86546e+06 2.06589e+06 1.89928e+06 1.18091e+06 1.12006e+06 1.10309e+06 1.06413e+06 1.03586e+06 1.00056e+06 988170 1.32364e+06 1.02234e+06 981033 1.21402e+06
threshold=486.28434753417974 770.76763916015636 318.18635559082037 1067.5000000000002 1455.7500000000002 476.07228088378912 -135.24999999999997 215.75000000000003 539.11840820312511 444.62605285644537 549.97891235351574 568.58972167968761 606.78826904296886 646.21759033203136 639.42663574218761 197.25000000000003 244.86843109130862 319.75000000000006 547.30438232421886 555.48690795898449 -945.49999999999989 -2392.2499999999995 -32.249999999999993 660.25000000000011 1801.2500000000002 253.75000000000003 32.750000000000007 425.25000000000006 541.61633300781261 511.47276306152349
decision_type=2 2 2 2 2 2 2 2 2 2 2 2 2 2 2 2 2 2 2 2 2 2 2 2 2 2 2 2 2 2
left_child=2 5 -1 22 -5 -2 21 -8 28 -10 15 -12 25 23 20 -11 17 19 -19 -17 -15 -4 -3 -14 -9 27 -27 -13 29 -7
right_child=1 3 6 4 -6 8 7 24 9 10 11 12 13 14 -16 16 -18 18 -20 -21 -22 -23 -24 -25 -26 26 -28 -29 -30 -31
leaf_value=1.4938265800951185 -3.8679557258438635 -4.8468554052358135 -4.1195779112436011 -24.367428603626436 -3.5252366152676675 0.72043908295139625 1.4907874896222764 0.16037057047878142 -16.292234182357788 -1.2595097875369461 0.60845817856040041 -2.9623788601404488 1.0992372887517969 -15.418374193631687 -1.4337811508354061 -8.5588223813331297 -1.4807692667446943 -7.5558428596227607 -23.48204178015391 1.6696777447410254 -4.2435486366412389 -0.11282565256515464 2.4929097817494323 -8.5729243262060759 -3.692337958773841 -17.189164528479946 -5.1527802451335374 8.6933355606347327 1.7591636808208024 -2.3837399756834392
leaf_weight=6900 446 981 177 21 22 636 3114 2003 20 317 926 317 609 26 843 73 166 39 36 46 163 5822 52 29 184 26 188 20 523 624
leaf_count=6900 446 981 177 21 22 636 3114 2003 20 317 926 317 609 26 843 73 166 39 36 46 163 5822 52 29 184 26 188 20 523 624
internal_value=1.10373e-09 -1.84718 0.725578 -4.8461 -13.704 -1.31584 0.25647 0.808177 -1.11356 -1.60166 -1.52483 -1.11149 -1.82858 -1.12601 -2.2299 -3.44622 -5.37174 -8.70114 -15.2004 -4.60495 -5.78083 -0.231045 -4.47738 0.659594 -0.163771 -3.95798 -6.61514 -2.27065 -0.0612518 -0.816869
internal_weight=25349 7149 18200 1076 43 6073 11300 5301 5627 3844 3824 3147 2221 1670 1032 677 360 194 75 119 189 5999 1033 638 2187 551 214 337 1783 1260
internal_count=25349 7149 18200 1076 43 6073 11300 5301 5627 3844 3824 3147 2221 1670 1032 677 360 194 75 119 189 5999 1033 638 2187 551 214 337 1783 1260
is_linear=0
shrinkage=0.05


Tree=22
num_leaves=31
num_cat=0
split_feature=117 131 117 86 131 1 142 96 75 54 145 33 103 117 103 141 127 141 129 142 96 117 141 94 112 91 113 112 112 130
split_gain=1.23066e+07 4.15874e+06 2.21168e+06 1.39146e+06 1.33734e+06 4.36483e+06 1.19498e+06 1.18713e+06 2.1662e+06 1.41299e+06 1.11273e+06 1.09959e+06 1.08402e+06 1.07478e+06 1.04745e+06 1.03741e+06 1.55427e+06 1.02885e+06 1.20133e+06 993492 944489 1.11123e+06 1.15929e+06 1.36312e+06 1.12341e+06 1.15012e+06 1.01254e+06 1.23923e+06 1.57293e+06 929646
threshold=475.89108276367193 770.76763916015636 315.30067443847662 1096.2500000000002 1178.973083496094 -2423.2499999999995 -89.249999999999986 348.31901550292974 378.49821472167974 405.04856872558599 507.04447937011724 461.93461608886724 472.04888916015631 646.21759033203136 702.00830078125011 820.75000000000011 856.25000000000011 383.75000000000006 -177.24999999999997 -33.249999999999993 627.84988403320324 582.66491699218761 240.25000000000003 -1510.9999999999998 -518.24999999999989 -547.74999999999989 207.75000000000003 267.75000000000006 72.750000000000014 -1105.534973144531
decision_type=2 2 2 2 2 2 2 2 2 2 2 2 2 2 2 2 2 2 2 2 2 2 2 2 2 2 2 2 2 2
left_child=2 3 -1 6 19 -6 12 -4 10 -10 -9 -11 -2 20 17 -8 -17 -15 -19 -3 21 -14 24 -24 25 -23 -25 28 -28 -5
right_child=1 4 7 29 5 -7 15 8 9 11 -12 -13 13 14 -16 16 -18 18 -20 -21 -22 22 23 26 -26 -27 27 -29 -30 -31
leaf_value=1.4403761557857715 -3.9623059804652421 -4.3575715067419711 -0.66408136309587062 -11.428278886549402 -30.945235304832462 -4.7969895151597042 0.92900457234055223 1.9349954780385454 -1.0472736173557002 1.2096868590874719 -9.9077852463722227 -0.48588728598972353 -0.52290987893111507 -3.0062532336895611 -0.76038620572835602 -17.188144643306732 -0.37758479876951739 -19.041385980085895 -5.8830747389211888 2.7427647242179285 1.6895792702621319 -2.2270257328058545 -17.854914719717843 0.25547762374355371 1.0039598519939024 -13.456905132929485 -5.2883746851483986 -3.1424505957850704 -22.461757830778758 -2.8462540697848913
leaf_weight=6700 350 937 2523 33 20 79 1034 2397 1937 2616 20 1507 2566 352 387 20 44 22 82 52 374 95 21 73 222 30 30 81 24 721
leaf_count=6700 350 937 2523 33 20 79 1034 2397 1937 2616 20 1507 2566 352 387 20 44 22 82 52 374 95 21 73 222 30 30 81 24 721
internal_value=5.20439e-10 -1.67588 0.724227 -1.20112 -4.53887 -10.0795 -0.938736 0.288026 0.571401 0.0666237 1.837 0.589937 -1.28508 -1.07012 -2.67354 0.546643 -5.63088 -4.2972 -8.66656 -3.98425 -0.685681 -0.968414 -2.95307 -5.7143 -1.13082 -4.9222 -4.48857 -7.05387 -12.921 -3.22186
internal_weight=25349 7649 17700 6561 1088 99 5807 11000 8477 6060 2417 4123 4709 4359 843 1098 64 456 104 989 3516 3142 576 229 347 125 208 135 54 754
internal_count=25349 7649 17700 6561 1088 99 5807 11000 8477 6060 2417 4123 4709 4359 843 1098 64 456 104 989 3516 3142 576 229 347 125 208 135 54 754
is_linear=0
shrinkage=0.05


Tree=23
num_leaves=31
num_cat=0
split_feature=26 117 117 71 128 54 75 54 68 84 96 75 54 26 96 145 96 26 96 68 12 93 136 136 110 142 145 128 12 56
split_gain=1.12092e+07 3.55996e+06 2.35736e+06 1.19337e+06 1.51042e+06 1.13168e+06 1.13464e+06 1.60609e+06 1.25894e+06 1.15694e+06 1.11564e+06 1.70452e+06 1.59616e+06 1.10635e+06 1.12456e+06 1.25892e+06 1.03442e+06 1.10046e+06 1.25474e+06 1.02006e+06 1.26392e+06 1.00259e+06 994704 1.49518e+06 982780 976638 1.07393e+06 973230 943687 1.31876e+06
threshold=495.98477172851568 789.40969848632824 345.88452148437506 -2858.9999999999995 -1816.9999999999998 481.81999206542974 558.17407226562511 590.47375488281261 651.73046875000011 2059.7500000000005 370.58674621582037 388.58146667480474 409.70222473144537 673.24798583984386 659.34884643554699 702.00830078125011 536.41339111328136 539.11840820312511 437.15316772460943 725.27545166015636 659.34884643554699 540.75000000000011 -304.74999999999994 -364.74999999999994 495.88227844238287 -100.24999999999999 421.33517456054693 -73.249999999999986 639.42663574218761 -2438.4999999999995
decision_type=2 2 2 2 2 2 2 2 2 2 2 2 2 2 2 2 2 2 2 2 2 2 2 2 2 2 2 2 2 2
left_child=2 5 25 4 -3 -2 16 8 9 -8 -4 -12 22 28 15 -15 17 -7 -19 -16 -21 -14 23 -13 -20 26 -1 -27 29 -9
right_child=1 3 10 -5 -6 6 7 13 -10 -11 11 12 21 14 19 -17 -18 18 24 20 -22 -23 -24 -25 -26 27 -28 -29 -30 -31
leaf_value=0.75754311895568904 -3.7189452137218391 -4.2477527679935578 -0.918911951784396 -4.1045471107429643 -20.765926311492919 0.24188473716567049 -2.7562634719160313 -13.445219284437952 -14.832715251048407 -10.834166282288571 1.8387142962036511 -2.1840823302365311 0.81990667131636374 -3.9967905855718464 1.0966690231822298 -16.235723091208417 1.3849042826728233 -13.675614992777506 0.16923685392789675 -13.978624834275493 -2.1341232273748014 -1.1867884240876092 -1.0006345843800133 -13.742699719698003 -3.7419484145291473 2.5100229456770435 -10.073938141698424 1.0251513508962735 1.7111025119138263 -0.75346032560536413
leaf_weight=4551 437 31 2136 922 25 868 779 21 24 47 1574 99 3613 243 279 23 696 24 285 24 366 752 1395 39 368 2143 23 2275 480 807
leaf_count=4551 437 31 2136 922 25 868 779 21 24 47 1574 99 3613 243 279 23 696 24 285 24 366 752 1395 39 368 2143 23 2275 480 807
internal_value=1.19047e-09 -1.74547 0.633344 -4.53499 -11.6219 -1.27274 -1.07233 -1.69306 -3.54391 -3.2159 0.088793 0.376863 -0.0132616 -0.991667 -2.30508 -5.05504 -0.215605 -0.936611 -2.44759 -1.21167 -2.86302 0.474194 -1.40122 -5.45065 -2.03492 1.2152 0.703078 1.7454 -0.0528004 -1.07535
internal_weight=25349 6749 18600 978 56 5771 5334 3093 850 826 9608 7472 5898 2243 935 266 2241 1545 677 669 390 4365 1533 138 653 8992 4574 4418 1308 828
internal_count=25349 6749 18600 978 56 5771 5334 3093 850 826 9608 7472 5898 2243 935 266 2241 1545 677 669 390 4365 1533 138 653 8992 4574 4418 1308 828
is_linear=0
shrinkage=0.05


Tree=24
num_leaves=31
num_cat=0
split_feature=117 117 26 141 100 100 106 136 138 78 142 141 4 10 121 99 103 121 120 66 117 141 96 26 107 100 97 93 113 69
split_gain=1.01903e+07 3.26282e+06 2.11355e+06 1.13603e+06 1.26808e+06 1.0491e+06 1.16073e+06 1.02501e+06 1.19436e+06 1.14687e+06 1.01788e+06 1.4733e+06 1.08032e+06 1.03182e+06 974702 965971 938561 924336 1.33135e+06 922341 921225 1.12705e+06 1.08748e+06 906127 1.30284e+06 1.25889e+06 881076 1.78076e+06 874778 1.16535e+06
threshold=495.84582519531256 909.93881225585949 319.73873901367193 247.75000000000003 934.75000000000011 -742.74999999999989 -245.74999999999997 846.75000000000011 983.12179565429699 3649.2500000000005 -135.24999999999997 209.25000000000003 4740.7299804687509 -2392.2499999999995 -332.24999999999994 -2166.7499999999995 502.54508972167974 -550.74999999999989 -191.74999999999997 -321.24999999999994 475.89108276367193 158.25000000000003 470.04444885253912 598.86972045898449 -1005.7499999999999 -855.24999999999989 -34.473907470703118 -838.49999999999989 2726.2500000000005 4203.1918945312509
decision_type=2 2 2 2 2 2 2 2 2 2 2 2 2 2 2 2 2 2 2 2 2 2 2 2 2 2 2 2 2 2
left_child=2 3 -1 4 5 6 15 9 -9 28 12 -12 13 -4 -6 -2 20 -13 19 -19 -15 -22 26 -8 -25 -26 27 -23 29 -3
right_child=1 7 10 -5 14 -7 23 8 -10 -11 11 17 -14 16 -16 -17 -18 18 -20 -21 21 22 -24 24 25 -27 -28 -29 -30 -31
leaf_value=1.2921987017135073 -9.7020383049701824 -4.223070543414944 -4.5820435882969335 -2.0775945359326968 -11.731792118814257 0.30733135762747632 -2.0217270857908511 -2.8761323547363284 -18.874109240940637 3.2502330048139707 1.4036515799596689 3.0097183009590767 -11.568908001127697 -0.073492136097329755 -2.851173442260388 -0.43587900345619979 3.0479309580494873 -2.4416764031285827 -0.38248709463729996 -17.123195104599002 -0.28904471073122256 -5.6771795959472655 -1.4946269460838952 -17.564946688138523 -1.0861008765147282 -13.767548985140664 -4.079026869601674 -25.693953063488006 -15.007127076929265 -15.106801975690402
leaf_weight=6972 29 455 132 2754 36 1890 176 20 28 43 3105 198 21 5444 218 933 226 23 2095 20 210 25 73 26 65 28 36 20 22 26
leaf_count=6972 29 455 132 2754 36 1890 176 20 28 43 3105 198 21 5444 218 933 226 23 2095 20 210 25 73 26 65 28 36 20 22 26
internal_value=-2.29126e-09 -1.66425 0.603873 -1.32273 -0.711461 -0.437171 -1.55659 -5.20315 -12.2083 -4.58731 0.191162 0.690007 -0.247535 -0.208977 -4.10984 -0.715212 -0.113311 -0.258565 -0.561241 -9.27029 -0.236321 -2.6716 -5.92053 -4.30034 -7.67039 -4.90417 -9.9093 -14.5735 -5.25732 -4.81138
internal_weight=25349 6749 18600 6155 3401 3147 1257 594 48 546 11628 5441 6187 6166 254 962 6034 2336 2138 43 5808 364 154 295 119 93 81 45 503 481
internal_count=25349 6749 18600 6155 3401 3147 1257 594 48 546 11628 5441 6187 6166 254 962 6034 2336 2138 43 5808 364 154 295 119 93 81 45 503 481
is_linear=0
shrinkage=0.05


Tree=25
num_leaves=31
num_cat=0
split_feature=33 131 40 26 4 136 126 106 107 100 106 100 32 54 68 54 68 54 106 121 54 12 136 30 33 140 108 78 119 91
split_gain=9.27728e+06 3.19252e+06 2.02697e+06 1.73117e+06 1.61369e+06 1.16083e+06 1.67223e+06 1.15241e+06 1.91498e+06 1.29328e+06 1.65867e+06 1.31464e+06 1.10378e+06 1.13437e+06 1.54179e+06 1.28288e+06 1.29509e+06 1.32322e+06 1.04621e+06 1.13271e+06 2.0981e+06 1.12283e+06 1.04163e+06 2.2236e+06 1.02059e+06 951503 1.40911e+06 1.11395e+06 1.09407e+06 1.37566e+06
threshold=476.07228088378912 770.76763916015636 466.02183532714849 301.83370971679693 -1637.4575195312498 1067.5000000000002 1391.0000000000002 140.25000000000003 -226.24999999999997 -742.74999999999989 -469.49999999999994 -1734.7499999999998 4971.6025390625009 460.18460083007818 424.54757690429693 408.29327392578131 385.96115112304693 311.52226257324224 1015.2500000000001 -406.74999999999994 544.47283935546886 541.61633300781261 -484.74999999999994 467.25000000000006 342.26817321777349 -194.74999999999997 2363.5000000000005 3189.5000000000005 1453.2500000000002 1831.0000000000002
decision_type=2 2 2 2 2 2 2 2 2 2 2 2 2 2 2 2 2 2 2 2 2 2 2 2 2 2 2 2 2 2
left_child=3 2 4 -1 -2 25 -7 9 22 10 -4 -12 13 14 15 16 17 -5 21 20 -20 -10 23 -9 -19 27 28 -3 29 -27
right_child=1 5 7 12 -6 6 -8 8 18 -11 11 -13 -14 -15 -16 -17 -18 24 19 -21 -22 -23 -24 -25 -26 26 -28 -29 -30 -31
leaf_value=1.346370936688549 -14.020052776149676 -6.4392214548838398 0.16005593421157271 -1.0401155237860928 -3.0533839740315263 -22.603016529083252 -2.8345420173976734 -22.122382860598357 -1.6339950541527171 1.1742303650505943 -11.762942796349527 -2.4146702852952986 -7.125390066146851 1.8019922671649171 -1.2496384848755664 1.8026137778579234 -1.2778565987418142 1.7884636675590526 0.67251985337999143 -1.7707089122085051 -19.038801504064491 0.96730124085387892 -3.4595547376317173 0.67338061809539795 0.30408278324038357 -1.8464714369789677 -12.178114562564426 5.7101536369323735 3.9359837184781612 -9.5188299058061663
leaf_weight=5699 51 333 1145 1208 98 20 23 23 737 1105 40 629 50 1164 1646 1405 1302 1732 27 1131 27 949 591 20 3494 509 36 20 69 66
leaf_count=5699 51 333 1145 1208 98 20 23 23 737 1105 40 629 50 1164 1646 1405 1302 1732 27 1131 27 949 591 20 3494 509 36 20 69 66
internal_value=-2.07806e-09 -1.45507 -1.04178 0.628805 -6.80708 -3.97978 -12.0292 -0.908055 -1.5192 -0.174223 -0.995635 -2.97361 0.288049 0.319065 0.159045 0.412704 0.160271 0.451294 -0.969992 -2.10849 -9.18314 -0.169802 -4.00622 -11.5197 0.796036 -3.64471 -2.55136 -5.75087 -2.01322 -2.72712
internal_weight=25349 7649 6573 17700 149 1076 43 6424 3505 2919 1814 669 12001 11951 10787 9141 7736 6434 2871 1185 54 1686 634 43 5226 1033 680 353 644 575
internal_count=25349 7649 6573 17700 149 1076 43 6424 3505 2919 1814 669 12001 11951 10787 9141 7736 6434 2871 1185 54 1686 634 43 5226 1033 680 353 644 575
is_linear=0
shrinkage=0.05


Tree=26
num_leaves=31
num_cat=0
split_feature=26 117 142 141 141 12 80 65 100 142 14 30 100 99 131 31 134 129 140 64 41 120 26 12 47 131 142 7 36 142
split_gain=8.4603e+06 2.47799e+06 2.0555e+06 2.2905e+06 1.23817e+06 1.10663e+06 1.4985e+06 1.307e+06 1.0632e+06 1.18981e+06 1.0528e+06 1.30932e+06 1.02677e+06 3.37361e+06 1.3171e+06 1.63139e+06 1.3366e+06 1.51643e+06 1.0533e+06 995849 1.11033e+06 1.08387e+06 986367 1.883e+06 1.3362e+06 1.6714e+06 1.01019e+06 1.14293e+06 1.05388e+06 935776
threshold=511.47276306152349 909.93881225585949 -135.24999999999997 156.75000000000003 161.25000000000003 504.82691955566412 1373.2500000000002 -187.74999999999997 934.75000000000011 -540.74999999999989 -2595.9999999999995 -2350.4999999999995 802.75000000000011 1791.0000000000002 909.93881225585949 307.25000000000006 1180.0000000000002 821.50000000000011 -194.74999999999997 -397.74999999999994 372.25006103515631 233.25000000000003 552.67700195312511 565.13192749023449 541.61633300781261 565.13192749023449 -56.249999999999993 -1035.7499999999998 3939.2500000000005 -59.249999999999993
decision_type=2 2 2 2 2 2 2 2 2 2 2 2 2 2 2 2 2 2 2 2 2 2 2 2 2 2 2 2 2 2
left_child=2 4 10 29 8 6 7 19 9 -2 11 -1 13 14 15 -3 18 -18 -16 -6 21 -21 -7 24 25 -24 28 -28 -25 -4
right_child=1 12 3 -5 5 22 -8 -9 -10 -11 -12 -13 -14 -15 16 -17 17 -19 -20 20 -22 -23 23 26 -26 -27 27 -29 -30 -31
leaf_value=-1.9848559129317076 -2.3733735711564505 -21.939077433943751 1.2190458190941287 0.22225168198354758 -0.76873111258382387 -0.035482316787512798 -15.775748963191592 1.1728026832552518 -4.7041663172841073 0.6297874070970253 0.046122732538098746 -13.756887922968184 -1.1730856081372814 -25.024488678845493 -5.8970621747030343 -3.5034537156422938 -22.158773050308227 -4.4996147253820977 -0.093808429953695718 -21.345949719502375 -1.5863578657752702 -7.8686507368087781 -6.5612993367578625 -1.7745168889154463 -3.0812614496677155 -20.296371522971565 -4.0289294958114628 3.4170523195190636 -9.6968875679858897 2.6046022069274977
leaf_weight=151 423 24 3309 4861 46 742 29 85 130 1497 9022 28 152 22 142 24 20 31 174 26 28 35 106 1766 217 28 71 188 43 1929
leaf_count=151 423 24 3309 4861 46 742 29 85 130 1497 9022 28 152 22 142 24 20 31 174 26 28 35 106 1766 217 28 71 188 43 1929
internal_value=-1.48693e-09 -1.63162 0.511382 1.00391 -1.29924 -1.88304 -5.09231 -3.68404 -0.32814 -0.0318465 -0.0292128 -3.82629 -4.7128 -5.944 -4.93251 -12.7213 -3.91381 -11.4248 -2.7016 -6.74205 -9.82939 -13.6131 -1.63023 -2.11941 -5.5055 -9.43131 -1.54469 1.37588 -1.96283 1.72931
internal_weight=25349 6049 19300 10099 5460 3410 249 220 2050 1920 9201 179 589 437 415 48 367 51 316 135 89 61 3161 2419 351 134 2068 259 1809 5238
internal_count=25349 6049 19300 10099 5460 3410 249 220 2050 1920 9201 179 589 437 415 48 367 51 316 135 89 61 3161 2419 351 134 2068 259 1809 5238
is_linear=0
shrinkage=0.05


Tree=27
num_leaves=31
num_cat=0
split_feature=117 117 117 145 96 75 54 33 96 6 26 40 124 96 142 128 142 142 142 142 142 141 136 64 141 113 142 68 31 75
split_gain=7.70911e+06 2.41134e+06 1.86792e+06 1.48089e+06 1.25402e+06 1.06852e+06 1.20546e+06 1.2351e+06 1.27025e+06 1.21668e+06 1.71691e+06 1.17862e+06 994612 1.19644e+06 968707 1.36272e+06 925778 912357 2.42385e+06 1.14546e+06 2.5957e+06 1.39129e+06 1.00622e+06 1.20223e+06 962709 1.67638e+06 1.17007e+06 1.00219e+06 970058 917900
threshold=552.67700195312511 397.79348754882818 909.93881225585949 518.71133422851574 416.90545654296881 438.97741699218756 481.81999206542974 507.17504882812506 544.47283935546886 -2557.075317382812 468.42146301269537 493.37133789062506 474.04754638671881 456.24192810058599 -60.249999999999993 -109.24999999999999 -56.249999999999993 -798.74999999999989 -888.24999999999989 -604.74999999999989 -555.24999999999989 217.75000000000003 -65.749999999999986 691.75000000000011 853.25000000000011 314.25000000000006 -396.24999999999994 943.51049804687511 1226.5000000000002 1023.3112182617189
decision_type=2 2 2 2 2 2 2 2 2 2 2 2 2 2 2 2 2 2 2 2 2 2 2 2 2 2 2 2 2 2
left_child=1 3 16 14 -3 -6 9 -8 11 10 -7 -9 -13 -14 -1 -16 -2 18 -4 -19 -21 29 23 -23 26 -26 -24 -27 -29 -22
right_child=2 4 17 -5 5 6 7 8 -10 -11 -12 12 13 -15 15 -17 -18 19 -20 20 21 22 24 -25 25 27 -28 28 -30 -31
leaf_value=0.58410539614812995 -1.7421914935048477 -1.5270776837863076 -4.8594224143028262 -10.880795032006723 1.303287765156032 -1.7302351832389833 1.7041307989562009 -11.939019463062287 1.6714446444071367 -1.0946286270440611 -19.459704034978696 1.1086417935550654 -11.479408754840975 -1.5084922656432416 2.808791369235391 0.76672665082181046 0.86000092922068527 2.3627683328545612 -23.946022359530133 -21.306953222101384 -2.7903778811863491 -2.9877258396148685 -11.976743354797364 -19.586281077067056 -19.14548388671875 -13.629185700416565 -0.38281092019308183 -7.8352252403895069 5.8636791944503788 8.8329651427991465
leaf_weight=9637 3482 1630 80 27 1304 36 1033 25 533 1753 22 407 31 1020 1338 2098 379 69 21 22 35 20 25 24 25 20 168 24 28 33
leaf_count=9637 3482 1630 80 27 1304 36 1033 25 533 1753 22 407 31 1020 1338 2098 379 69 21 22 35 20 25 24 25 20 168 24 28 33
internal_value=1.30859e-09 0.402629 -1.88833 0.816946 -0.293748 0.0323923 -0.308605 0.298283 -0.422074 -1.33036 -8.45521 -1.1745 -0.989922 -1.80259 0.841106 1.56192 -1.48676 -4.49858 -8.82792 -3.61164 -4.58389 -3.66869 -4.99593 -12.0415 -3.92694 -7.99055 -1.88462 -4.11731 -0.458892 2.85036
internal_weight=25349 20894 4455 13100 7794 6164 4860 3049 2016 1811 58 1483 1458 1051 13073 3436 3861 594 101 493 424 402 334 44 290 97 193 72 52 68
internal_count=25349 20894 4455 13100 7794 6164 4860 3049 2016 1811 58 1483 1458 1051 13073 3436 3861 594 101 493 424 402 334 44 290 97 193 72 52 68
is_linear=0
shrinkage=0.05


Tree=28
num_leaves=31
num_cat=0
split_feature=117 33 117 140 5 112 119 134 129 130 21 142 141 115 141 54 142 68 124 134 82 145 96 100 145 117 142 141 50 76
split_gain=7.01447e+06 2.27717e+06 1.57245e+06 1.45176e+06 1.22476e+06 1.23892e+06 1.12169e+06 1.14164e+06 1.97266e+06 1.09147e+06 1.97029e+06 1.13337e+06 1.08219e+06 2.22817e+06 948877 1.17303e+06 1.09176e+06 1.08382e+06 1.04013e+06 1.18908e+06 1.23775e+06 1.0322e+06 1.1425e+06 1.00509e+06 951259 1.63305e+06 944950 1.13261e+06 901059 2.06302e+06
threshold=495.84582519531256 725.27545166015636 294.18315124511724 1270.2500000000002 691.42440795898449 2363.0000000000005 1453.2500000000002 1180.0000000000002 670.75000000000011 -1596.2125244140623 -2257.4999999999995 -764.24999999999989 786.00000000000011 -84.749999999999986 268.75000000000006 590.47375488281261 -229.24999999999997 594.56900024414074 646.21759033203136 554.25000000000011 594.56900024414074 477.69798278808599 491.20681762695318 906.25000000000011 691.42440795898449 606.78826904296886 -135.24999999999997 177.75000000000003 -394.24999999999994 -482.42929077148432
decision_type=2 2 2 2 2 2 2 2 2 2 2 2 2 2 2 2 2 2 2 2 2 2 2 2 2 2 2 2 2 2
left_child=2 14 -1 4 -3 6 7 9 -9 -6 11 -11 26 -14 16 17 23 21 19 20 -19 22 -16 -2 25 -25 -4 -28 -12 -30
right_child=1 3 12 -5 5 -7 -8 8 -10 10 28 -13 13 -15 15 -17 -18 18 -20 -21 -22 -23 -24 24 -26 -27 27 -29 29 -31
leaf_value=1.2489835102879718 -0.85335372635058937 -8.8316311462816 -0.1274162974558517 -14.066827619870503 0.96609185324028624 -10.905509743025137 3.2356529952481736 -21.132323804768649 -3.810718694008314 -21.512570681458428 0.95965197238193201 -6.2604022568669819 -19.063657180666922 -1.6519077731972247 -2.0977370231382308 -0.27847455358999584 0.69435638504989416 -14.631687661221154 -13.931858687465258 1.2152598502501002 -0.30666488647460938 -1.7994352752590137 -16.16626337590041 -4.3812516847482099 3.2021501007080078 -20.089598560333254 1.3628572318900971 0.030011776129995445 -15.850106521960228 -2.6257743556243014
leaf_weight=5100 1739 83 6872 30 213 43 86 22 65 21 157 29 20 226 31 838 1374 38 37 53 25 1077 27 78 25 21 3292 3090 31 606
leaf_count=5100 1739 83 6872 30 213 43 86 22 65 21 157 29 20 226 31 838 1374 38 37 53 25 1077 27 78 25 21 3292 3090 31 606
internal_value=6.33108e-10 -1.38078 0.501014 -3.18741 -2.94672 -2.56302 -2.27137 -2.68536 -8.19089 -2.23221 -3.03936 -12.6663 0.218448 -3.0675 -0.913876 -1.73453 -0.374885 -2.68187 -6.63229 -4.30398 -8.94715 -2.14935 -8.64688 -1.16347 -5.51262 -7.71333 0.279437 0.717528 -2.43313 -3.26934
internal_weight=25349 6749 18600 1386 1356 1273 1230 1144 87 1057 844 50 13500 246 5363 2126 3237 1288 153 116 63 1135 58 1863 124 99 13254 6382 794 637
internal_count=25349 6749 18600 1386 1356 1273 1230 1144 87 1057 844 50 13500 246 5363 2126 3237 1288 153 116 63 1135 58 1863 124 99 13254 6382 794 637
is_linear=0
shrinkage=0.05


Tree=29
num_leaves=31
num_cat=0
split_feature=26 26 12 141 142 7 142 140 26 12 26 47 33 5 79 26 58 78 36 57 2 61 82 120 31 75 85 8 107 5
split_gain=6.40074e+06 2.51409e+06 1.54911e+06 1.50727e+06 2.56479e+06 1.95012e+06 1.74009e+06 1.39309e+06 1.21623e+06 1.417e+06 944451 1.226e+06 1.45274e+06 854158 1.38131e+06 1.19327e+06 980071 1.28424e+06 1.96291e+06 1.19811e+06 1.48309e+06 1.18503e+06 1.46125e+06 1.12955e+06 1.00714e+06 921611 912904 1.00692e+06 880759 847411
threshold=452.44371032714849 673.24798583984386 468.43984985351568 283.25000000000006 -587.24999999999989 -269.24999999999994 -100.24999999999999 1270.2500000000002 493.35134887695318 639.42663574218761 590.47375488281261 536.41339111328136 568.58972167968761 682.37133789062511 -1515.7499999999998 813.04827880859386 -1612.2499999999998 -482.74999999999994 -1664.9999999999998 1.0000000180025095e-35 451.25000000000006 876.19470214843761 909.93881225585949 -28.249999999999996 594.75000000000011 1178.973083496094 -884.49999999999989 -876.24999999999989 987.50000000000011 495.98477172851568
decision_type=2 2 2 2 2 2 2 2 2 2 2 2 2 2 2 2 2 2 2 2 2 2 2 2 2 2 2 2 2 2
left_child=3 2 -2 6 5 -5 -1 13 -4 10 11 12 29 14 -3 -15 17 21 -19 20 -18 -17 -23 24 -21 -25 27 -24 -16 -10
right_child=1 7 8 4 -6 -7 -8 -9 9 -11 -12 -13 -14 15 28 16 19 18 -20 23 -22 22 26 25 -26 -27 -28 -29 -30 -31
leaf_value=0.33428094960993826 -2.4289585682791381 -14.525671935081483 1.0954775549916658 -3.6521831965446476 -0.28463200443723541 -23.808446617126464 1.4804635476398733 -12.183251897912278 -3.4607673693437868 1.6286229818078013 -2.4392366768943741 0.44358112271259709 -11.048171971394467 -0.54234517149753492 -2.7810689830117759 -12.828607238133749 5.4376553353809172 -25.570957670211794 -4.9042229683310907 -15.608796619215321 -9.4182373093707223 8.4553186272443437 -3.1675276102338521 -2.9734008539588221 -4.8518217663242389 4.9581503462791447 4.0836712217330939 -17.016542984190444 -13.282507768002425 -0.72692837340454031
leaf_weight=8258 1038 34 1188 30 2664 20 5528 38 357 577 910 1483 39 708 216 30 84 20 27 31 21 27 35 434 73 40 20 21 22 1376
leaf_count=8258 1038 34 1188 30 2664 20 5528 38 357 577 910 1483 39 708 216 30 84 20 27 31 21 27 35 434 73 40 20 21 22 1376
internal_value=-2.46726e-09 -1.08492 -0.647046 0.581849 -0.495208 -11.7147 0.793885 -2.70701 -0.335136 -0.693544 -1.01525 -0.617141 -1.50487 -2.51162 -5.09853 -2.06373 -3.31187 -6.59408 -13.6986 -2.44686 2.46648 -4.08347 -1.53635 -3.33942 -8.05823 -2.30407 -5.08602 -8.36091 -3.75179 -1.2901
internal_weight=25349 8849 6968 16500 2714 50 13786 1881 5930 4742 4165 3255 1772 1843 272 1571 863 180 47 683 105 133 103 578 104 474 76 56 238 1733
internal_count=25349 8849 6968 16500 2714 50 13786 1881 5930 4742 4165 3255 1772 1843 272 1571 863 180 47 683 105 133 103 578 104 474 76 56 238 1733
is_linear=0
shrinkage=0.05


Tree=30
num_leaves=31
num_cat=0
split_feature=117 117 131 41 145 113 96 117 96 110 103 1 134 96 75 86 121 33 138 124 94 93 6 117 96 96 117 54 124 138
split_gain=5.86098e+06 2.14327e+06 1.39248e+06 3.58939e+06 1.26924e+06 1.22022e+06 952053 1.11226e+06 1.11699e+06 1.10628e+06 1.24071e+06 947750 931898 850611 2.2167e+06 951140 921192 821384 906636 797610 1.09798e+06 1.54064e+06 1.20443e+06 797312 1.26035e+06 1.04167e+06 963433 1.014e+06 771005 999111
threshold=582.66491699218761 397.79348754882818 1178.973083496094 -2249.659545898437 518.71133422851574 -487.24999999999994 422.90377807617193 461.78071594238287 486.15097045898443 469.99960327148443 498.05235290527349 -520.74999999999989 -144.24999999999997 621.82571411132824 651.73046875000011 2311.7500000000005 991.00000000000011 252.31411743164065 374.30467224121099 579.40298461914074 106.75000000000001 -742.24999999999989 1300.1837158203127 345.88452148437506 364.61230468750006 339.56929016113287 313.99015808105474 272.31007385253912 621.82571411132824 639.42663574218761
decision_type=2 2 2 2 2 2 2 2 2 2 2 2 2 2 2 2 2 2 2 2 2 2 2 2 2 2 2 2 2 2
left_child=1 4 13 -4 17 -3 -7 12 9 -9 -11 -5 -8 15 -15 16 19 -1 23 20 21 -2 -22 25 -25 26 27 -19 -16 -30
right_child=2 5 3 11 -6 6 7 8 -10 10 -12 -13 -14 14 28 -17 -18 18 -20 -21 22 -23 -24 24 -26 -27 -28 -29 29 -31
leaf_value=1.6174369686714158 -5.5699138006797213 1.2777991655494656 -25.032977842248005 6.8538718581199651 -10.11827546843776 -1.5383815330660062 -3.4886811386225589 0.21092755013526621 -0.1643909243345158 -4.1464622022166706 0.99473648533122994 -5.8259936613695968 1.1058835713971744 1.5641066333484479 2.1285361492408899 -10.536361622661353 7.4485252510417599 -0.47556598173252962 1.5324299354917694 -2.2249801971710443 4.6436293030912816 -19.971110298083381 -9.7383888105551417 -1.568064642659829 0.74854242339822008 2.1325051869891705 -0.87187355825057589 1.1993120434469282 -6.0458735606955285 -1.9012729717575141
leaf_weight=2189 65 1072 23 20 27 1774 118 369 2903 598 146 56 1705 553 106 40 22 1276 1951 732 37 26 24 1214 1137 976 1233 3097 159 1701
leaf_count=2189 65 1072 23 20 27 1774 118 369 2903 598 146 56 1705 553 106 40 22 1276 1951 732 37 26 24 1214 1137 976 1233 3097 159 1701
internal_value=-2.33019e-11 0.307514 -1.87968 -7.72663 0.711325 -0.301574 -0.523968 -0.21577 -0.680714 -2.02742 -3.13757 -2.48919 0.808484 -1.71263 -1.23255 -2.99099 -2.65786 0.733692 0.555952 -2.90937 -6.20527 -9.68454 -1.01487 0.342686 -0.447698 0.625 0.362545 0.710598 -2.01919 -2.25557
internal_weight=25349 21785 3564 99 13100 8685 7613 5839 4016 1113 744 76 1823 3465 2519 946 906 13073 10884 884 152 91 61 8933 2351 6582 5606 4373 1966 1860
internal_count=25349 21785 3564 99 13100 8685 7613 5839 4016 1113 744 76 1823 3465 2519 946 906 13073 10884 884 152 91 61 8933 2351 6582 5606 4373 1966 1860
is_linear=0
shrinkage=0.05


Tree=31
num_leaves=31
num_cat=0
split_feature=26 100 106 142 141 141 68 12 26 89 141 135 94 59 57 64 71 37 128 91 106 132 107 106 140 65 12 75 94 119
split_gain=5.34747e+06 1.61225e+06 2.07096e+06 1.42182e+06 1.71557e+06 1.41144e+06 1.18922e+06 1.46189e+06 1.4735e+06 1.20575e+06 1.12919e+06 1.05116e+06 970397 1.12405e+06 4.30487e+06 1.08091e+06 1.23683e+06 1.29932e+06 1.00525e+06 948818 945381 1.2042e+06 1.04665e+06 1.19901e+06 1.17164e+06 999410 902584 928639 963153 1.3013e+06
threshold=511.47276306152349 -2483.2499999999995 -930.74999999999989 -135.24999999999997 138.75000000000003 172.25000000000003 841.86529541015636 561.94091796875011 568.58972167968761 454.23562622070318 240.25000000000003 -168.24999999999997 -1575.7499999999998 -894.24999999999989 -787.24999999999989 171.75000000000003 545.25000000000011 -768.74999999999989 -182.24999999999997 -1135.2499999999998 1102.7500000000002 480.83441162109381 -264.74999999999994 344.75000000000006 -427.74999999999994 -161.74999999999997 602.34585571289074 666.30764770507824 538.25000000000011 -534.74999999999989
decision_type=2 2 2 2 2 2 2 2 2 2 2 2 2 2 2 2 2 2 2 2 2 2 2 2 2 2 2 2 2 2
left_child=3 2 -2 -1 -5 20 7 9 -9 10 -7 -6 -8 14 19 -15 18 -18 -17 -14 22 25 23 -3 -25 -22 27 28 29 -10
right_child=1 5 -4 4 11 6 12 8 26 -11 -12 -13 13 15 -16 16 17 -19 -20 -21 21 -23 -24 24 -26 -27 -28 -29 -30 -31
leaf_value=-0.043047290741645247 -4.1127553557240688 -0.20706763136582748 -21.404530067443847 1.5167435725488509 1.6104899673655049 -18.883196330815554 5.9431906978289284 2.701362881443345 1.9835378470244232 -2.36383184556089 -5.4118446874618531 -0.13660842918984009 -10.899421178726923 3.763150658759665 -29.865564379692081 -18.168901288067854 5.4933533505389569 -4.2685892017383775 -3.3791983747482299 2.77833142131567 -2.9978566311023855 -1.2930231446257006 1.8104559965420486 -15.887205951628477 -2.879678099496024 -16.732307610144982 -0.57664975236259941 -9.6029605425321147 1.4742785941986811 -7.2611674868783282
leaf_weight=9201 129 1221 20 4685 1074 20 24 291 54 1002 70 4340 21 47 20 27 38 331 20 32 27 208 665 23 70 26 1377 52 105 129
leaf_count=9201 129 1221 20 4685 1074 20 24 291 54 1002 70 4340 21 47 20 27 38 331 20 32 27 208 665 23 70 26 1377 52 105 129
internal_value=-2.84012e-09 -1.29718 -6.4338 0.406562 0.816193 -1.16746 -1.77247 -1.3894 -0.588687 -2.86177 -8.40548 0.209971 -3.89301 -4.33344 -10.0999 -3.42426 -4.2363 -3.26329 -11.8754 -2.64116 -0.178924 -3.0074 0.194108 -0.623906 -6.09659 -9.73551 -1.14629 -3.45334 -2.34299 -4.53322
internal_weight=25349 6049 149 19300 10099 5900 3660 3100 2008 1092 90 5414 560 536 73 463 416 369 47 53 2240 261 1979 1314 93 53 1717 340 288 183
internal_count=25349 6049 149 19300 10099 5900 3660 3100 2008 1092 90 5414 560 536 73 463 416 369 47 53 2240 261 1979 1314 93 53 1717 340 288 183
is_linear=0
shrinkage=0.05


Tree=32
num_leaves=31
num_cat=0
split_feature=26 26 12 141 142 7 142 136 26 12 47 26 12 93 5 79 26 103 16 4 4 53 7 24 101 59 49 127 66 65
split_gain=4.8921e+06 1.91155e+06 1.42715e+06 1.26293e+06 2.28689e+06 1.75533e+06 1.4148e+06 1.21461e+06 998154 1.24799e+06 844385 1.10805e+06 1.0271e+06 891905 798086 1.23385e+06 922919 850573 825952 1.73545e+06 1.57642e+06 884616 841656 887210 2.32436e+06 1.08284e+06 2.83918e+06 1.07961e+06 1.23469e+06 1.13227e+06
threshold=452.44371032714849 673.24798583984386 468.43984985351568 283.25000000000006 -587.24999999999989 -269.24999999999994 -100.24999999999999 1289.5000000000002 493.35134887695318 639.42663574218761 470.09553527832037 565.13192749023449 541.61633300781261 1149.5000000000002 682.37133789062511 -1515.7499999999998 813.04827880859386 770.76763916015636 -2281.7499999999995 -247.182502746582 2860.8400878906255 -4142.4450683593741 164.75000000000003 237.25000000000003 -56.249999999999993 1403.2500000000002 1790.5000000000002 999.25000000000011 1990.5000000000002 2800.2500000000005
decision_type=2 2 2 2 2 2 2 2 2 2 2 2 2 2 2 2 2 2 2 2 2 2 2 2 2 2 2 2 2 2
left_child=3 2 -2 6 5 -5 -1 14 -4 10 -10 12 13 -12 15 -3 17 -16 19 21 -21 -18 -20 24 -24 -25 -27 28 -28 -30
right_child=1 7 8 4 -6 -7 -8 -9 9 -11 11 -13 -14 -15 16 -17 18 -19 22 20 -22 -23 23 25 -26 26 27 -29 29 -31
leaf_value=0.2883427802072831 -2.2770007364907676 -13.59861304058748 1.0287364407878383 -3.4222150131066642 -0.27837780693721786 -22.545336985588076 1.3218541040531226 -11.590219505855016 -4.3345242864207219 1.5873044630205921 -0.56829904981239732 -1.774371622676949 1.173148499021796 -5.2742261531976382 -1.4850740354443062 -3.416030224343809 -9.1076870001279389 2.3922676393962825 0.4280294153547507 -20.141889563473789 -3.6796704484866218 2.1522627254702011 -2.4923307309548064 0.42088741440186528 -22.436489663805283 -17.004117603791066 0.68108591715494793 1.3858205536270845 -15.041861379146576 -1.6022177772521973
leaf_weight=8258 1038 34 1188 30 2664 20 5528 35 171 577 1320 1583 982 109 515 238 26 195 217 33 26 53 48 187 21 39 45 102 42 25
leaf_count=8258 1038 34 1188 30 2664 20 5528 35 171 577 1320 1583 982 109 515 238 26 195 217 33 26 53 48 187 21 39 45 102 42 25
internal_value=-2.31942e-09 -0.948488 -0.566671 0.508677 -0.477219 -11.0715 0.702767 -2.3629 -0.267291 -0.591981 -0.893889 -0.746581 -0.0717601 -0.927254 -2.18795 -4.68885 -1.75577 -0.42017 -2.85332 -6.39916 -12.8874 -1.55354 -2.17931 -3.29089 -8.56229 -2.46424 -4.59673 -2.33557 -5.72469 -10.0271
internal_weight=25349 8849 6968 16500 2714 50 13786 1881 5930 4742 4165 3994 2411 1429 1846 272 1574 710 864 138 59 79 726 509 69 440 253 214 112 67
internal_count=25349 8849 6968 16500 2714 50 13786 1881 5930 4742 4165 3994 2411 1429 1846 272 1574 710 864 138 59 79 726 509 69 440 253 214 112 67
is_linear=0
shrinkage=0.05


Tree=33
num_leaves=31
num_cat=0
split_feature=117 33 106 107 107 99 107 142 136 6 141 108 103 4 106 5 75 62 78 114 52 93 135 142 124 61 138 141 136 62
split_gain=4.46432e+06 1.43674e+06 1.27896e+06 4.86243e+06 1.53343e+06 1.25157e+06 1.24236e+06 1.17075e+06 1.12851e+06 3.04229e+06 1.11598e+06 963472 894858 957478 875642 871230 1.02108e+06 1.86746e+06 838416 865869 914440 842715 846971 827579 874128 1.46801e+06 1.23097e+06 1.18591e+06 1.4513e+06 1.05818e+06
threshold=495.84582519531256 725.27545166015636 153.75000000000003 -38.749999999999993 -264.74999999999994 1059.2500000000002 549.75000000000011 -197.24999999999997 846.75000000000011 -310.81356811523432 673.25000000000011 1187.5000000000002 509.29261779785162 4252.0051269531259 -124.74999999999999 691.42440795898449 770.76763916015636 -56.264364242553704 384.75000000000006 -631.74999999999989 604.75000000000011 596.75000000000011 -307.24999999999994 -224.74999999999997 646.21759033203136 713.34976196289074 611.96658325195324 486.75000000000006 470.50000000000006 -1258.161437988281
decision_type=2 2 2 2 2 2 2 2 2 2 2 2 2 2 2 2 2 2 2 2 2 2 2 2 2 2 2 2 2 2
left_child=2 12 4 10 7 -5 -7 -1 15 -10 18 -11 13 -2 -9 16 17 -3 19 -4 -21 -20 -23 24 26 27 -14 29 -29 -26
right_child=1 8 3 5 -6 6 -8 14 9 11 -12 -13 23 -15 -16 -17 -18 -19 21 20 -22 22 -24 -25 25 -27 -28 28 -30 -31
leaf_value=-0.28389654676086484 -1.9784851366758422 -3.7900820824407759 -12.054484069347382 0.9531469691158968 2.003965530585162 -3.5417785183771664 0.067588524474547468 1.4662305928471149 -25.175430774688721 4.1218940845557617 -10.671900911588928 -8.2446751581297981 -1.225678074335756 -13.053936586380004 -0.13959177963272315 -1.8454680045851899 0.40853522505079004 -23.386845045089725 0.070266823017784308 -2.1074955849023538 -6.9611939437048775 -11.110840233394079 -1.5381412329042661 0.20117906514973752 -7.81763794074456 2.2305640195941066 2.2884996595050469 -19.634375106371365 -2.3920599978903065 -1.7481117482852651
leaf_weight=3010 803 31 24 5697 2099 304 1105 2987 20 28 37 36 1362 20 1186 1223 28 20 663 1280 105 35 68 2332 96 111 305 26 23 285
leaf_count=3010 803 31 24 5697 2099 304 1105 2987 20 28 37 36 1362 20 1186 1223 28 20 663 1280 105 35 68 2332 96 111 305 26 23 285
internal_value=-2.23664e-09 -1.10155 0.399697 -0.0141136 0.815112 0.623144 -0.711154 0.467708 -2.53658 -8.15362 -2.06129 -2.8343 -0.730684 -2.24763 1.00984 -2.17419 -7.26317 -11.4751 -1.91481 -2.63863 -2.47547 -0.583402 -4.791 -0.455695 -1.14946 -2.89579 -0.582712 -4.21911 -11.541 -3.27744
internal_weight=25349 6749 18600 9318 9282 7106 1409 7183 1386 84 2212 64 5363 823 4173 1302 79 51 2175 1409 1385 766 103 4540 2208 541 1667 430 49 381
internal_count=25349 6749 18600 9318 9282 7106 1409 7183 1386 84 2212 64 5363 823 4173 1302 79 51 2175 1409 1385 766 103 4540 2208 541 1667 430 49 381
is_linear=0
shrinkage=0.05


Tree=34
num_leaves=31
num_cat=0
split_feature=117 141 131 1 140 106 107 78 106 108 142 128 113 127 127 100 26 115 135 48 64 65 120 79 134 106 107 134 87 93
split_gain=4.0962e+06 1.42135e+06 1.17213e+06 3.07545e+06 1.13742e+06 1.01601e+06 4.49238e+06 1.32066e+06 1.23181e+06 1.12937e+06 994641 871745 827462 1.58258e+06 1.25846e+06 1.09552e+06 1.30524e+06 1.09225e+06 1.70812e+06 991838 982198 1.76841e+06 1.71119e+06 1.62424e+06 1.59992e+06 1.18983e+06 2.95261e+06 2.00312e+06 1.32992e+06 1.02454e+06
threshold=539.11840820312511 76.250000000000014 1178.973083496094 -2423.2499999999995 -278.74999999999994 128.25000000000003 -28.249999999999996 109.75000000000001 1033.7500000000002 861.75000000000011 -81.749999999999986 -569.74999999999989 -849.24999999999989 -876.74999999999989 -420.74999999999994 -1588.7499999999998 602.34585571289074 -252.74999999999997 -172.74999999999997 -2143.127807617187 85.250000000000014 -614.74999999999989 -51.749999999999993 -572.74999999999989 487.25000000000006 290.75000000000006 -677.74999999999989 344.25000000000006 -397.24999999999994 -180.24999999999997
decision_type=2 2 2 2 2 2 2 2 2 2 2 2 2 2 2 2 2 2 2 2 2 2 2 2 2 2 2 2 2 2
left_child=1 4 12 -4 -1 7 -7 10 -8 -10 11 -3 14 -14 -2 16 -15 19 -19 -18 29 22 23 -22 -24 -23 27 -27 -28 -17
right_child=2 5 3 -5 -6 6 8 -9 9 -11 -12 -13 13 15 -16 20 17 18 -20 -21 21 25 24 -25 -26 26 28 -29 -30 -31
leaf_value=-0.8290635856833215 3.4325148731339965 0.67397813310632948 -24.190904321670534 -2.2419817396357091 1.2159523149955807 -2.2674770630437897 0.79178510479055442 1.7725433280673686 -3.4933185562719267 -0.11004578720674335 1.1728762959018 -1.0117690083689392 -10.224247395038605 -0.32913009076155436 -2.1375128543638922 -0.61061160358845323 3.4435085927286462 -19.224040494178837 -0.9994878327846527 -6.9119379994305934 -4.4497348694574264 0.55861660321265039 1.2393728452570301 -23.145694945408749 -11.680502780708109 -4.0730036887255583 -10.89173090332433 -25.409673438288948 -1.4396900146055776 2.9519845078225995
leaf_weight=780 229 1220 20 79 5300 2183 4465 1568 327 1004 1487 2065 50 129 182 1167 31 36 20 91 21 637 68 26 37 22 38 22 1801 244
leaf_count=780 229 1220 20 79 5300 2183 4465 1568 327 1004 1487 2065 50 129 182 1167 31 36 20 91 21 637 68 26 37 22 38 22 1801 244
internal_value=-3.40095e-10 0.313097 -1.29027 -6.67611 0.953598 0.0411329 -0.3343 0.513622 0.393809 -0.941248 0.0999617 -0.385708 -1.18036 -1.37904 0.965982 -1.2783 -4.1588 -6.93423 -12.7153 -4.28064 -1.06171 -1.62526 -6.86272 -14.7922 -3.31335 -1.30934 -1.94126 -14.7413 -1.635 0.00545746
internal_weight=25349 20399 4950 99 6080 14319 7979 6340 5796 1331 4772 3285 4851 4440 411 4390 307 178 56 122 4083 2672 152 47 105 2520 1883 44 1839 1411
internal_count=25349 20399 4950 99 6080 14319 7979 6340 5796 1331 4772 3285 4851 4440 411 4390 307 178 56 122 4083 2672 152 47 105 2520 1883 44 1839 1411
is_linear=0
shrinkage=0.05


Tree=35
num_leaves=31
num_cat=0
split_feature=26 141 122 136 142 75 12 33 40 76 0 117 78 93 140 134 127 106 66 100 2 114 33 54 68 140 136 73 4 54
split_gain=3.78753e+06 1.67883e+06 1.98773e+06 3.16718e+06 1.71849e+06 1.09037e+06 1.04092e+06 1.26367e+06 1.69642e+06 1.02706e+06 1.57541e+06 1.53032e+06 977749 1.18832e+06 1.23802e+06 1.09276e+06 917448 1.3294e+06 1.5167e+06 1.39736e+06 859835 943508 858220 976145 1.56593e+06 807907 1.2828e+06 1.86434e+06 776032 759113
threshold=439.09877014160162 786.00000000000011 -193.74999999999997 594.25000000000011 -85.749999999999986 943.51049804687511 466.10992431640631 476.07228088378912 463.95907592773443 -317.85397338867182 -1177.7499999999998 1178.973083496094 3649.2500000000005 1433.7500000000002 -232.24999999999997 107.75000000000001 1645.2500000000002 1803.2500000000002 890.25000000000011 1437.0000000000002 3617.2500000000005 992.25000000000011 252.31411743164065 409.70222473144537 385.96115112304693 -278.74999999999994 -364.74999999999994 -295.74999999999994 -1171.9150390624998 477.86439514160162
decision_type=2 2 2 2 2 2 2 2 2 2 2 2 2 2 2 2 2 2 2 2 2 2 2 2 2 2 2 2 2 2
left_child=22 4 3 -3 5 6 29 -8 28 10 11 -7 13 14 15 -11 17 -10 -19 -20 -4 -22 -1 24 -24 26 -26 -28 -9 -2
right_child=1 2 20 -5 -6 9 7 8 16 12 -12 -13 -14 -15 -16 -17 -18 18 19 -21 21 -23 23 -25 25 -27 27 -29 -30 -31
leaf_value=1.3913542469735682 -2.9625537733871861 -3.206874543258122 -1.8274585095392604 -27.768475850423176 0.823905954526156 1.4449351300795874 1.3925555833968273 -18.050079736709595 -0.68746857213038171 -2.5651000820506704 -16.678902129565969 -14.48004330071536 8.4024913316681289 -12.13846551100413 1.8741080204645795 -15.750244012745945 3.9934885385036467 4.9452329643311046 -16.464608026295902 -4.6403873599804291 -17.162581996917726 -1.8042964863777162 0.38418255563840159 1.3246758855122414 -1.3694677279545713 -0.87351425547095762 -2.4887037101544833 -19.162513399124148 -4.1214055919647219 0.080383521901285518
leaf_weight=2200 841 35 441 21 1669 48 731 20 4837 55 34 22 21 30 114 22 100 31 32 114 20 20 9887 2077 130 1438 38 30 20 271
leaf_count=2200 841 35 441 21 1669 48 731 20 4837 55 34 22 21 30 114 22 100 31 32 114 20 20 9887 2077 130 1438 38 30 20 271
internal_value=-1.19059e-09 -0.786172 -3.5021 -12.4175 -0.624337 -0.95351 -0.818022 -0.552927 -0.828858 -3.69343 -7.84891 -3.56006 -1.9076 -2.88729 -1.43423 -6.33228 -0.748632 -0.84321 -5.09926 -7.232 -2.46413 -9.48344 0.475136 0.326925 0.147082 -1.28581 -4.28019 -9.8448 -11.0857 -2.22097
internal_weight=25349 9549 537 56 9012 7343 6997 5885 5154 346 104 70 242 221 191 77 5114 5014 177 146 481 40 15800 13600 11523 1636 198 68 40 1112
internal_count=25349 9549 537 56 9012 7343 6997 5885 5154 346 104 70 242 221 191 77 5114 5014 177 146 481 40 15800 13600 11523 1636 198 68 40 1112
is_linear=0
shrinkage=0.05


Tree=36
num_leaves=31
num_cat=0
split_feature=26 142 136 94 141 12 106 107 107 106 107 135 18 68 138 51 86 94 48 142 106 106 27 65 66 98 142 107 120 40
split_gain=3.43066e+06 1.26075e+06 1.44455e+06 2.70097e+06 1.28129e+06 1.19906e+06 1.15994e+06 3.92656e+06 1.59378e+06 1.23937e+06 1.70424e+06 1.07072e+06 991423 967705 1.08143e+06 1.04379e+06 1.03297e+06 1.45648e+06 1.26238e+06 963818 1.01708e+06 930976 1.76879e+06 846033 2.04705e+06 1.27179e+06 1.03313e+06 854855 843902 785668
threshold=511.47276306152349 -326.74999999999994 777.75000000000011 992.25000000000011 149.25000000000003 541.61633300781261 158.75000000000003 -38.749999999999993 -259.74999999999994 1033.7500000000002 662.25000000000011 -442.24999999999994 5545.6999511718759 713.34976196289074 666.30764770507824 -720.74999999999989 -1016.2499999999999 -787.74999999999989 4530.2277832031259 -197.24999999999997 -83.749999999999986 1265.2500000000002 -1118.380187988281 -180.24999999999997 133.25000000000003 1355.2500000000002 -62.249999999999993 928.25000000000011 1423.2500000000002 493.37133789062506
decision_type=2 2 2 2 2 2 2 2 2 2 2 2 2 2 2 2 2 2 2 2 2 2 2 2 2 2 2 2 2 2
left_child=6 2 21 -4 -3 23 8 -8 19 -9 -11 12 -7 -13 15 -15 17 -16 -18 -1 -21 -2 -23 24 29 26 -25 -27 -24 -6
right_child=1 4 3 -5 5 11 7 9 -10 10 -12 13 -14 14 16 -17 18 -19 -20 20 -22 22 28 25 -26 27 -28 -29 -30 -31
leaf_value=-0.28272167398971443 -1.4435834969004411 1.0302180695641883 -24.426451597213745 1.5589664030075074 -10.02291221022606 2.7645828078622405 -1.8569973349950837 0.83061709098854652 1.9401437153196348 -3.7297268900919605 0.19715312956998809 -0.24022144479928792 -8.7082199859619145 -1.9476759831110639 -1.7682882738113403 -16.157653447559902 -0.23060557806403725 -14.815807843889511 -12.830904352097285 1.2878061831869201 -0.48865398111790842 -16.28898588377854 -5.5905316867572923 2.4612627690843265 -17.589616045568672 -13.718198231288367 -4.6769943596660228 -2.7664246016619156 0.65799977982586089 -2.5196452847712645
leaf_weight=3203 1822 1006 20 20 40 322 2316 5852 2076 370 1091 1369 20 24 55 28 372 35 21 3329 1063 29 140 191 28 28 69 49 88 273
leaf_count=3203 1822 1006 20 20 40 322 2316 5852 2076 370 1091 1369 20 24 55 28 372 35 21 3329 1063 29 140 191 28 28 69 49 88 273
internal_value=-2.15504e-09 -1.039 -2.02204 -11.4337 -0.508957 -1.03851 0.325643 -0.0628247 0.712424 0.505383 -0.797334 -0.482206 2.09366 -0.944887 -2.74804 -9.5992 -2.01044 -6.84232 -0.903904 0.376841 0.857848 -1.84096 -4.65818 -2.88136 -4.63721 -1.10468 0.566879 -6.74889 -3.17882 -3.47853
internal_weight=25349 6049 2119 40 3930 2924 19300 9629 9671 7313 1461 2246 342 1904 535 52 483 90 393 7595 4392 2079 257 678 341 337 260 77 228 313
internal_count=25349 6049 2119 40 3930 2924 19300 9629 9671 7313 1461 2246 342 1904 535 52 483 90 393 7595 4392 2079 257 678 341 337 260 77 228 313
is_linear=0
shrinkage=0.05


Tree=37
num_leaves=31
num_cat=0
split_feature=26 141 142 142 142 40 99 113 100 92 103 16 113 120 101 141 12 114 26 36 117 35 76 102 109 65 64 50 130 9
split_gain=3.1279e+06 1.31997e+06 1.66613e+06 1.07292e+06 1.00361e+06 2.12801e+06 957322 1.15199e+06 1.62846e+06 1.03417e+06 978170 954064 939826 1.52876e+06 884772 874316 961776 1.64347e+06 1.23707e+06 1.37024e+06 1.18319e+06 917201 2.22766e+06 1.08497e+06 1.96727e+06 897437 1.09829e+06 944240 866727 852875
threshold=552.67700195312511 268.75000000000006 -80.749999999999986 -42.249999999999993 -604.74999999999989 379.76565551757818 -2166.7499999999995 -894.74999999999989 -1588.7499999999998 -1962.7499999999998 442.59292602539068 -2231.4999999999995 -385.74999999999994 -293.24999999999994 -1537.4999999999998 188.25000000000003 582.66491699218761 -262.24999999999994 754.00469970703136 -2008.4999999999998 547.30438232421886 -982.74999999999989 -448.97901916503901 -3041.787475585937 -437.16249084472651 -789.24999999999989 -711.74999999999989 896.75000000000011 -1913.012512207031 -2273.7499999999995
decision_type=2 2 2 2 2 2 2 2 2 2 2 2 2 2 2 2 2 2 2 2 2 2 2 2 2 2 2 2 2 2
left_child=1 2 -1 6 5 -3 28 -8 9 -9 -10 -5 -11 -14 -15 -12 17 20 -18 -20 -17 -21 -23 -24 -25 26 -22 -27 -2 -16
right_child=3 4 -4 11 -6 -7 7 8 10 12 15 -13 13 14 29 16 18 -19 19 21 25 22 23 24 -26 27 -28 -29 -30 -31
leaf_value=0.14562255860511109 -2.187672035317672 -15.408702347619192 1.2606531789139239 -5.7832448601722719 -0.39375023060482389 -0.34448718827375224 1.6617341047683301 -16.339755849838259 -11.33038138349851 -0.63414294770423407 -0.22965982772543439 2.8063293256018369 -19.20071969465776 1.9567867366706624 -16.327346540632703 -0.92170142703586166 -0.20917725266478449 -1.6012366867395422 -14.486170127868654 2.3434427034424012 -13.329759003899316 -16.097114118142056 8.6348821957906079 -18.32700610101223 -2.3067996409880283 -19.367136761859843 1.8495479446764176 -7.9843986701965335 -13.453498058934366 -4.6445984111457577
leaf_weight=11810 38 35 4677 37 4301 71 302 20 24 94 1395 256 22 34 21 45 1026 289 25 83 22 32 21 20 458 38 26 35 31 61
leaf_count=11810 38 35 4677 37 4301 71 302 20 24 94 1395 256 22 34 21 45 1026 289 25 83 22 32 21 20 458 38 26 35 31 61
internal_value=-2.48584e-09 0.256466 0.461932 -1.20283 -0.512204 -5.31852 -1.40871 -1.31025 -1.547 -5.43049 -1.27047 1.72164 -4.49004 -7.11652 -4.82469 -1.20179 -1.84146 -3.87869 -1.28474 -3.0117 -7.84366 -2.5445 -3.30853 -2.48842 -2.9771 -10.4179 -5.10763 -13.9097 -7.24913 -7.63652
internal_weight=25349 20894 16487 4455 4407 106 4162 4093 3791 252 3539 293 232 138 116 3515 2120 455 1665 639 166 614 531 499 478 121 48 73 69 82
internal_count=25349 20894 16487 4455 4407 106 4162 4093 3791 252 3539 293 232 138 116 3515 2120 455 1665 639 166 614 531 499 478 121 48 73 69 82
is_linear=0
shrinkage=0.05


Tree=38
num_leaves=31
num_cat=0
split_feature=75 141 120 127 142 99 113 100 141 127 106 107 85 44 94 4 72 110 118 58 82 134 123 71 89 85 2 54 12 127
split_gain=2.92235e+06 1.48431e+06 1.97222e+06 2.46488e+06 1.22051e+06 986356 1.07627e+06 1.33779e+06 1.02934e+06 1.59103e+06 1.12733e+06 1.50521e+06 1.15144e+06 1.11685e+06 1.00722e+06 1.00962e+06 1.00505e+06 977611 2.31924e+06 984079 961091 892269 880555 1.02305e+06 896178 821338 813261 802578 895213 755964
threshold=406.69419860839849 786.00000000000011 -100.24999999999999 -97.249999999999986 -84.749999999999986 -2166.7499999999995 -849.24999999999989 -1543.7499999999998 168.75000000000003 217.25000000000003 86.250000000000014 -710.24999999999989 317.25000000000006 -3092.7499999999995 -568.24999999999989 -905.15002441406239 1820.2500000000002 582.66491699218761 -166.26198577880857 232.25000000000003 983.12179565429699 -93.249999999999986 4503.3576660156259 2143.2500000000005 380.76342773437506 -63.749999999999993 3617.2500000000005 440.95803833007818 392.56997680664068 1645.2500000000002
decision_type=2 2 2 2 2 2 2 2 2 2 2 2 2 2 2 2 2 2 2 2 2 2 2 2 2 2 2 2 2 2
left_child=-1 4 3 -3 5 21 -7 20 -9 10 25 12 -12 -11 -13 17 27 19 -19 -16 -8 -2 24 -24 -6 -10 -4 28 -17 -15
right_child=1 2 26 -5 22 6 7 8 9 13 11 14 -14 29 15 16 -18 18 -20 -21 -22 -23 23 -25 -26 -27 -28 -29 -30 -31
leaf_value=0.49503898866514062 -11.949400445577261 -0.45194828510284424 -1.6100946873240947 -23.191927927732468 -9.0746619307476539 1.3776194086434943 -3.0705866300406304 -0.11298856343897237 -2.5502502765107637 -11.950410783858528 -5.917923124019917 -12.394006418387095 -21.875545716285707 -0.56738600088959013 -1.4665356494117492 0.46619678966460693 -11.915401512655345 -20.257108074612916 1.1272236696311406 -12.374395539210393 -14.063312008976936 -1.1103428376026643 0.55712343504031503 -14.754621257781984 0.848040559509599 0.80432457610397601 -9.0294604277610784 0.22810142447110332 -11.052569337793299 3.6595867771286152
leaf_weight=13700 37 22 482 26 23 600 374 4004 495 21 26 30 20 2247 101 31 22 32 21 26 21 39 24 20 2135 289 40 293 37 111
leaf_count=13700 37 22 482 26 23 600 374 4004 495 21 26 30 20 2247 101 31 22 32 21 26 21 39 24 20 2135 289 40 293 37 111
internal_value=1.89387e-09 -0.582199 -3.07049 -12.7694 -0.45418 -0.715555 -0.666578 -0.816135 -0.672482 -1.2617 -2.58421 -4.14304 -12.856 -0.470643 -3.46716 -2.99149 -1.53994 -6.08006 -11.7841 -3.69964 -3.65501 -6.38725 0.599513 -6.40276 0.742284 -1.31368 -2.17863 -0.907643 -5.80137 -0.368406
internal_weight=25349 11649 570 48 11079 8877 8801 8201 7806 3802 1423 639 46 2379 593 563 383 180 53 127 395 76 2202 44 2158 784 522 361 68 2358
internal_count=25349 11649 570 48 11079 8877 8801 8201 7806 3802 1423 639 46 2379 593 563 383 180 53 127 395 76 2202 44 2158 784 522 361 68 2358
is_linear=0
shrinkage=0.05


Tree=39
num_leaves=31
num_cat=0
split_feature=26 141 122 136 142 127 106 121 12 33 40 99 113 100 127 55 20 112 134 128 141 142 13 122 129 54 75 96 110 136
split_gain=2.64327e+06 1.23403e+06 1.5632e+06 2.66074e+06 1.33694e+06 842166 1.82781e+06 1.47662e+06 936393 1.0528e+06 1.52404e+06 817771 939999 1.68699e+06 931367 939553 1.32085e+06 878489 861639 856101 770636 757787 756468 969111 970570 747678 1.30528e+06 1.12031e+06 1.14608e+06 1.00408e+06
threshold=439.09877014160162 786.00000000000011 -193.74999999999997 594.25000000000011 -85.749999999999986 1645.2500000000002 1803.2500000000002 -368.24999999999994 466.10992431640631 476.07228088378912 463.95907592773443 -2166.7499999999995 -755.74999999999989 -1543.7499999999998 -504.24999999999994 -1872.6861572265623 -1421.8898315429685 -860.74999999999989 -93.249999999999986 -1658.7499999999998 68.750000000000014 -247.74999999999997 2548.8105468750005 780.50000000000011 1009.2500000000001 442.75230407714849 431.74841308593756 404.98773193359381 403.44953918457037 -341.74999999999994
decision_type=2 2 2 2 2 2 2 2 2 2 2 2 2 2 2 2 2 2 2 2 2 2 2 2 2 2 2 2 2 2
left_child=20 4 3 -3 5 6 8 -8 -2 -10 -11 18 -13 14 17 -16 -17 -14 -12 -15 21 -1 -4 -24 -25 26 -22 28 -28 -29
right_child=1 2 22 -5 -6 -7 7 -9 9 10 11 12 13 19 15 16 -18 -19 -20 -21 25 -23 23 24 -26 -27 27 29 -30 -31
leaf_value=-0.14715123938802313 -2.074527983212648 -2.4493253612518311 -0.99146394104726854 -24.96173513503302 0.75937594935217623 3.0047972379160495 -15.297491963448065 -3.6382183203958487 1.3175864149417196 -10.453068527430297 -11.569921765838352 1.4186048081798561 -5.0009259737454927 -10.400142257863827 1.0416107087600524 -16.101712687492373 -3.5523832117594205 -18.939405009746551 -0.62622526529672984 -0.51105405859122965 0.20950764529649635 1.317817561818232 -13.378530661265055 6.0980233929374004 -6.265672581655938 1.9876219009746006 -3.7604295031326576 -10.859053654140897 -18.124303474880403 -0.93740770684348229
leaf_weight=1189 1095 35 372 21 1669 142 31 219 714 40 35 527 26 22 82 25 130 20 37 4198 10096 3427 30 22 57 540 41 27 21 459
leaf_count=1189 1095 35 372 21 1669 142 31 219 714 40 35 527 26 22 82 25 130 20 37 4198 10096 3427 30 22 57 540 41 27 21 459
internal_value=4.28885e-10 -0.656765 -2.98527 -10.8915 -0.518016 -0.808356 -0.883549 -5.08397 -0.732477 -0.48153 -0.731349 -0.65513 -0.579395 -0.813227 -4.55036 -3.28667 -5.57647 -11.0611 -5.94608 -0.562609 0.396927 0.940467 -2.0648 -5.72792 -2.82262 0.172591 0.0805089 -2.29608 -8.62561 -1.48861
internal_weight=25349 9549 537 56 9012 7343 7201 250 6951 5856 5142 5102 5030 4503 283 237 155 46 72 4220 15800 4616 481 109 79 11184 10644 548 62 486
internal_count=25349 9549 537 56 9012 7343 7201 250 6951 5856 5142 5102 5030 4503 283 237 155 46 72 4220 15800 4616 481 109 79 11184 10644 548 62 486
is_linear=0
shrinkage=0.05


Tree=40
num_leaves=31
num_cat=0
split_feature=75 141 120 134 142 135 141 127 122 68 110 31 24 113 99 142 113 51 87 30 23 136 54 68 96 145 117 96 117 96
split_gain=2.40247e+06 1.20973e+06 1.66953e+06 2.23363e+06 1.06473e+06 1.02256e+06 969526 1.41248e+06 989954 1.56132e+06 874394 2.31172e+06 871317 778170 1.41999e+06 821515 1.06841e+06 751520 768160 741397 796793 741391 712975 934677 1.52639e+06 991649 1.65793e+06 721863 1.07242e+06 835744
threshold=406.69419860839849 786.00000000000011 -111.24999999999999 495.25000000000006 -344.74999999999994 -538.24999999999989 140.25000000000003 85.250000000000014 -6.7499999999999991 491.26835632324224 1178.973083496094 -2075.9999999999995 2545.2500000000005 -849.24999999999989 -861.49999999999989 -727.74999999999989 -653.24999999999989 -2791.2499999999995 -1663.9999999999998 -1607.2499999999998 -1850.7499999999998 -127.74999999999999 405.04856872558599 365.73583984375006 358.20169067382818 521.25054931640636 475.89108276367193 348.31901550292974 315.30067443847662 301.74395751953131
decision_type=2 2 2 2 2 2 2 2 2 2 2 2 2 2 2 2 2 2 2 2 2 2 2 2 2 2 2 2 2 2
left_child=22 4 3 -3 10 12 -7 8 21 -10 13 -12 -6 -2 15 16 -15 -17 -19 -9 -21 -8 23 25 -25 27 -27 28 29 -1
right_child=1 2 -4 -5 5 6 7 19 9 -11 11 -13 -14 14 -16 17 -18 18 -20 20 -22 -23 -24 24 -26 26 -28 -29 -30 -31
leaf_value=0.43141893622594918 0.91764097269854428 -2.4197736872567073 -1.963058039016067 -24.465671238899233 2.051360077865942 0.50492196812546009 -5.0408538372029916 1.5279485904705354 -0.38353882936330946 -17.550159743980128 -20.503818929763071 0.71727811206470848 -7.4548670349121098 -2.2605845895680514 -1.0882098070923925 4.7682766043621561 -16.574236825108528 -12.533665601412457 -3.0088631285696614 -7.2389998549764814 -0.46848531397717591 -1.3338342816842175 1.7483548611554565 -2.7291250435749363 0.22818967904050511 -16.31530886111052 2.285866886138916 1.5221304872959394 -0.56601562609877742 1.8385716493251565
leaf_weight=5308 405 27 523 20 673 2532 169 487 26 27 21 33 25 22 2257 23 32 27 98 44 3510 668 980 605 1565 23 25 1691 2186 1317
leaf_count=5308 405 27 523 20 673 2532 169 487 26 27 21 33 25 22 2257 23 32 27 98 44 3510 668 980 605 1565 23 25 1691 2186 1317
internal_value=4.53239e-10 -0.527879 -2.77426 -11.801 -0.412306 -0.119209 -0.290374 -0.698747 -2.50195 -9.1288 -1.23203 -7.53537 1.71088 -1.11318 -1.44766 -5.46394 -10.7427 -3.53789 -5.06622 -0.301606 -0.552307 -2.08232 0.448851 0.348732 -0.596315 0.543116 -6.6272 0.575889 0.394287 0.71115
internal_weight=25349 11649 570 47 11079 8161 7463 4931 890 53 2918 54 698 2864 2459 202 54 148 125 4041 3554 837 13700 12720 2170 10550 48 10502 8811 6625
internal_count=25349 11649 570 47 11079 8161 7463 4931 890 53 2918 54 698 2864 2459 202 54 148 125 4041 3554 837 13700 12720 2170 10550 48 10502 8811 6625
is_linear=0
shrinkage=0.05


Tree=41
num_leaves=31
num_cat=0
split_feature=124 141 142 106 107 85 144 85 87 106 142 96 127 57 106 64 142 106 107 8 136 141 114 106 64 138 108 121 86 5
split_gain=2.20771e+06 1.40285e+06 953746 935821 3.78909e+06 1.23449e+06 1.04326e+06 989106 1.25603e+06 3.13848e+06 1.00844e+06 1.84583e+06 944289 1.03537e+06 1.06933e+06 1.1264e+06 921005 906609 1.43369e+06 883378 858147 809061 917248 736427 696332 660624 840752 2.43449e+06 652694 650895
threshold=646.21759033203136 76.250000000000014 -247.74999999999997 108.25000000000001 -38.749999999999993 -41.749999999999993 3735.0000000000005 127.25000000000001 -5.2499999999999991 302.25000000000006 -493.74999999999994 456.24192810058599 213.25000000000003 1062.7500000000002 192.25000000000003 1065.2500000000002 -54.249999999999993 -507.74999999999994 -573.74999999999989 1564.7500000000002 1289.5000000000002 527.25000000000011 -119.74999999999999 -204.74999999999997 1598.5000000000002 646.21759033203136 400.25000000000006 -184.74999999999997 2311.7500000000005 586.37289428710949
decision_type=2 2 2 2 2 2 2 2 2 2 2 2 2 2 2 2 2 2 2 2 2 2 2 2 2 2 2 2 2 2
left_child=1 2 -1 5 7 17 21 8 10 -10 11 -5 13 -9 -15 -16 20 -3 19 23 25 -6 -23 -19 -7 26 29 -28 -8 -2
right_child=16 3 -4 4 6 24 28 12 9 -11 -12 -13 -14 14 15 -17 -18 18 -20 -21 -22 22 -24 -25 -26 -27 27 -29 -30 -31
leaf_value=-0.11027939607897064 1.766494898068703 0.77917483950403865 1.1869481337067673 -20.384919968518346 0.53122409705803886 1.4613110896998596 -2.3568814455338245 -1.2185442756855431 -2.793846325839267 -22.942916142499005 -2.2206023563989459 -1.9025476455688477 0.28334934469587159 2.2402744337132101 -16.201562711170741 -5.202604834843374 1.7376169792496332 -0.81470768900548285 0.42160974279260749 -9.8510119409272168 -10.339821642020652 -11.631933846473695 -0.81110375079063357 -3.2804880493852107 -5.2811330942007215 -1.3669602083830346 -23.554685916900638 -2.0029820442199706 -10.940005390984673 -4.8315047469793591
leaf_weight=2089 59 1822 4404 22 5716 2113 106 619 68 27 1135 35 678 38 28 138 202 981 1553 33 29 20 942 438 39 1827 20 38 28 102
leaf_count=2089 59 1822 4404 22 5716 2113 106 619 68 27 1135 35 678 38 28 138 202 981 1553 33 29 20 942 438 39 1827 20 38 28 102
internal_value=2.42673e-09 0.146589 0.76959 -0.0974037 -0.417697 0.343178 0.217796 -1.97042 -2.98748 -8.52042 -2.54651 -9.03609 -1.09836 -2.23664 -5.32585 -7.05785 -1.48533 -0.100839 -0.634411 -1.76389 -1.79908 0.305448 -1.03607 -1.57582 1.33912 -1.67802 -4.27305 -9.4346 -4.15037 -2.4136
internal_weight=25349 23072 6493 16579 9600 6979 6812 2788 1287 95 1192 57 1501 823 204 166 2277 4827 3005 1452 2075 6678 962 1419 2152 2046 219 58 134 161
internal_count=25349 23072 6493 16579 9600 6979 6812 2788 1287 95 1192 57 1501 823 204 166 2277 4827 3005 1452 2075 6678 962 1419 2152 2046 219 58 134 161
is_linear=0
shrinkage=0.05


Tree=42
num_leaves=31
num_cat=0
split_feature=141 142 138 41 141 101 25 134 86 135 2 58 126 122 116 33 78 64 138 72 50 135 30 134 128 128 26 45 1 1
split_gain=2.03566e+06 1.85749e+06 1.32529e+06 2.49931e+06 820625 1.36277e+06 1.69578e+06 1.10072e+06 1.0586e+06 971712 914694 1.12708e+06 800426 1.11355e+06 1.12663e+06 792086 796205 1.70772e+06 983974 864915 1.27244e+06 2.01223e+06 769494 760939 1.8715e+06 786362 719729 887847 1.72031e+06 2.21238e+06
threshold=260.75000000000006 -84.749999999999986 1178.973083496094 -2249.659545898437 786.00000000000011 -237.74999999999997 1194.6199951171877 229.75000000000003 -1838.2499999999998 -538.24999999999989 3617.2500000000005 3384.7500000000005 -767.74999999999989 -698.49999999999989 -477.92250061035151 627.84988403320324 -115.24999999999999 85.250000000000014 738.81893920898449 -329.74999999999994 494.25000000000006 -578.74999999999989 -704.74999999999989 602.75000000000011 69.250000000000014 112.75000000000001 373.33161926269537 38.250000000000007 528.25000000000011 875.75000000000011
decision_type=2 2 2 2 2 2 2 2 2 2 2 2 2 2 2 2 2 2 2 2 2 2 2 2 2 2 2 2 2 2
left_child=1 15 4 -4 7 6 8 12 -6 -9 23 -12 -2 14 -14 -1 17 -17 -19 -18 21 -21 -23 24 -7 -25 -15 28 -28 -30
right_child=2 -3 3 -5 5 10 -8 9 -10 -11 11 -13 13 26 -16 16 19 18 -20 20 -22 22 -24 25 -26 -27 27 -29 29 -31
leaf_value=0.079125633613344584 0.84703566397084351 1.0862506347790184 -22.518128180503847 -1.6631716859106924 5.9865278834388373 0.097409743384311076 -17.310296437889338 3.4000111970416409 -8.5528636963136737 -0.26910159547116558 -17.185353193283081 -0.39938188433647159 -18.916566479206086 0.11398561546500302 -2.6904308402020001 -1.8395703221272754 2.8252791275075602 -5.5471246804509846 -19.864757892063686 -17.136133070786794 0.080168220641553239 3.8838933915802927 -6.8341033542857446 5.2172204622200562 -18.798670282363894 -1.0459121363530368 -3.2390498238343461 -1.074738061942762 -24.58512115582176 -3.2965135537661041
leaf_weight=12392 239 5072 20 51 21 38 32 188 31 4493 20 20 20 284 23 437 177 28 21 30 359 33 34 56 20 477 325 359 23 26
leaf_count=12392 239 5072 20 51 21 38 32 188 31 4493 20 20 20 284 23 437 177 28 21 30 359 33 34 56 20 477 325 359 23 26
internal_value=-1.1138e-09 0.270365 -0.742565 -7.53781 -0.670502 -2.2714 -8.25418 -0.47909 -2.68119 -0.121741 -1.47496 -8.79237 -1.76681 -2.35616 -10.2375 -0.0359164 -1.30991 -2.83204 -11.6833 -0.141264 -1.29275 -6.37397 -1.55509 -0.979708 -6.41848 -0.387872 -2.02293 -2.85087 -4.55577 -13.2891
internal_weight=25349 18583 6766 71 6695 715 84 5980 52 4681 631 40 1299 1060 43 13511 1119 486 49 633 456 97 67 591 58 533 1017 733 374 49
internal_count=25349 18583 6766 71 6695 715 84 5980 52 4681 631 40 1299 1060 43 13511 1119 486 49 633 456 97 67 591 58 533 1017 733 374 49
is_linear=0
shrinkage=0.05


Tree=43
num_leaves=31
num_cat=0
split_feature=26 141 101 141 86 142 12 39 54 6 10 72 54 75 127 106 121 99 134 113 129 117 141 127 128 43 9 127 29 135
split_gain=1.8628e+06 865855 1.2313e+06 2.34028e+06 1.46555e+06 1.08278e+06 792869 1.03827e+06 1.10555e+06 792867 1.14968e+06 740102 719620 1.06796e+06 718701 1.75118e+06 1.26384e+06 714984 793492 711249 1.07989e+06 1.11168e+06 804600 979652 1.2689e+06 1.21207e+06 1.47794e+06 2.30573e+06 1.82726e+06 1.06972e+06
threshold=439.09877014160162 786.00000000000011 -354.24999999999994 1148.2500000000002 -1780.9999999999998 -84.749999999999986 430.28063964843756 -2696.2499999999995 465.98403930664068 2518.843139648438 1975.2500000000002 2374.7500000000005 446.58177185058599 416.99194335937506 1645.2500000000002 1803.2500000000002 -368.24999999999994 -2166.7499999999995 -93.249999999999986 -849.24999999999989 -885.49999999999989 682.37133789062511 167.25000000000003 292.75000000000006 -942.24999999999989 -86.249999999999986 -33.749999999999993 -32.749999999999993 119.25000000000001 -105.24999999999999
decision_type=2 2 2 2 2 2 2 2 2 2 2 2 2 2 2 2 2 2 2 2 2 2 2 2 2 2 2 2 2 2
left_child=12 5 3 4 -3 6 7 -2 -9 -4 -11 -12 13 -1 15 17 -17 18 -8 -19 21 -21 -22 24 -24 26 28 -28 -26 -25
right_child=1 2 9 -5 -6 -7 14 8 -10 10 11 -13 -14 -15 -16 16 -18 19 -20 20 22 -23 23 29 25 -27 27 -29 -30 -31
leaf_value=0.39222740621490831 -10.956409417616356 7.5113563954830171 -0.42226365107600972 -23.168260071277619 -10.346235296461318 0.72729938176254305 -10.703826865305503 -3.8569593812050544 3.0469430430195272 -15.474543610486117 0.95872286926616335 -8.0459115566351471 2.0170782269244314 -1.1223986548478677 2.9544092489472522 -14.226483132762295 -3.4306147000303975 1.295155694788253 -0.27703777003932645 -0.95452496045165602 0.1248220263704406 -8.6498286167541192 2.3328886402448017 1.5733132730806347 -2.8578930718622804 -1.0521857379052555 -25.009150400615876 -3.0920149811676572 -18.255169277191165 -1.1462906329134814
leaf_weight=13920 37 20 354 20 27 1639 36 226 78 22 55 39 610 1270 141 31 216 540 37 108 2842 83 150 554 527 657 21 28 20 1041
leaf_count=13920 37 20 354 20 27 1639 36 226 78 22 55 39 610 1270 141 31 216 540 37 108 2842 83 150 554 527 657 21 28 20 1041
internal_value=-2.59925e-09 -0.551343 -2.5018 -8.84308 -2.74726 -0.435121 -0.693524 -3.04809 -2.08556 -1.59783 -5.18535 -2.77724 0.333214 0.265593 -0.579345 -0.651651 -4.78556 -0.497967 -5.41902 -0.443297 -0.598953 -4.29856 -0.477956 -1.04937 -2.01307 -2.53333 -4.16608 -12.4851 -3.42086 -0.201676
internal_weight=25349 9549 537 67 47 9012 7373 341 304 470 116 94 15800 15190 7032 6891 247 6644 73 6571 6031 191 5840 2998 1403 1253 596 49 547 1595
internal_count=25349 9549 537 67 47 9012 7373 341 304 470 116 94 15800 15190 7032 6891 247 6644 73 6571 6031 191 5840 2998 1403 1253 596 49 547 1595
is_linear=0
shrinkage=0.05


Tree=44
num_leaves=31
num_cat=0
split_feature=141 142 138 41 129 142 107 141 106 0 85 121 122 15 95 38 10 134 134 134 120 16 80 8 114 31 37 100 99 93
split_gain=1.73882e+06 1.67704e+06 1.15061e+06 2.2245e+06 1.01571e+06 805087 720345 2.05128e+06 1.77301e+06 1.13928e+06 1.13273e+06 1.17614e+06 1.11027e+06 884547 857252 900298 1.3212e+06 835646 991167 803064 1.57129e+06 2.09457e+06 801744 1.17524e+06 1.22025e+06 985900 799207 748360 719868 679392
threshold=260.75000000000006 -205.74999999999997 1178.973083496094 -2249.659545898437 -262.74999999999994 -59.249999999999993 -43.749999999999993 1148.2500000000002 314.25000000000006 2836.5000000000005 431.75000000000006 -893.74999999999989 -698.49999999999989 -1020.2499999999999 4479.8198242187509 1606.7500000000002 1176.2500000000002 -93.249999999999986 -208.74999999999997 764.25000000000011 550.25000000000011 -303.24999999999994 579.25000000000011 -1063.2499999999998 -396.24999999999994 -138.74999999999997 1690.7500000000002 49.750000000000007 -2166.7499999999995 1108.7500000000002
decision_type=2 2 2 2 2 2 2 2 2 2 2 2 2 2 2 2 2 2 2 2 2 2 2 2 2 2 2 2 2 2
left_child=1 28 6 -4 -3 -6 7 8 10 22 11 17 -13 -12 -8 16 -16 18 -2 20 -14 -22 23 -10 25 -25 -17 -11 -1 -30
right_child=2 4 3 -5 5 -7 14 -9 9 27 13 12 19 -15 15 26 -18 -19 -20 -21 21 -23 -24 24 -26 -27 -28 -29 29 -31
leaf_value=-6.3960447223819035 0.25519871915033621 2.1640819097047399 -21.150688986778263 -1.4756486743104225 0.19199478113115492 1.1443258384327106 0.059810830960075126 -14.411321370560547 1.1083341199572725 -4.9914310057957971 -8.0031240081787107 -11.381207004189491 -1.1483174632877631 2.825980808996793 -0.66727186349722056 7.5320486155423261 -16.319828956787074 2.845339747749029 -9.9748576525984145 3.3326208188615993 -2.3768426755519765 -16.852096307905096 0.75840849294437207 -20.513205747604374 -3.7274553792687453 -7.0253569023949769 -2.7243237742417152 -17.916005724952335 -0.21974981925758047 -2.8688994991114418
leaf_weight=49 129 977 20 51 7367 3176 3367 29 101 24 20 28 1377 330 26 22 28 310 29 87 73 38 127 20 328 42 139 21 6763 251
leaf_count=49 129 977 20 51 7367 3176 3367 29 101 24 20 28 1377 330 26 22 28 310 29 87 73 38 127 20 328 42 139 21 6763 251
internal_value=-9.74648e-10 0.249876 -0.686291 -7.01791 0.621798 0.478877 -0.619145 -1.17548 -1.05102 -3.34194 -0.423644 -0.868254 -1.51208 2.20717 -0.13565 -3.19665 -8.78341 1.33698 -1.62247 -1.33662 -1.60963 -7.33233 -2.78265 -3.69856 -4.94342 -11.3763 -1.32283 -11.0229 -0.356742 -0.314551
internal_weight=25349 18583 6766 71 11520 10543 6695 3113 3084 663 2421 2071 1603 350 3582 215 54 468 158 1575 1488 111 618 491 390 62 161 45 7063 7014
internal_count=25349 18583 6766 71 11520 10543 6695 3113 3084 663 2421 2071 1603 350 3582 215 54 468 158 1575 1488 111 618 491 390 62 161 45 7063 7014
is_linear=0
shrinkage=0.05


Tree=45
num_leaves=31
num_cat=0
split_feature=26 106 107 107 86 142 135 141 141 135 54 106 134 16 99 107 142 141 9 99 96 12 96 144 64 17 75 17 61 51
split_gain=1.59463e+06 919878 3.00574e+06 1.24019e+06 1.00172e+06 802269 1.01321e+06 906253 905098 818414 832287 794493 896244 813625 772356 755554 743042 697747 1.05052e+06 1.19872e+06 1.60911e+06 1.29287e+06 827060 681806 805982 947634 680718 895980 841116 750887
threshold=511.47276306152349 158.75000000000003 -38.749999999999993 -259.74999999999994 762.25000000000011 -326.74999999999994 -326.74999999999994 1148.2500000000002 74.750000000000014 -253.74999999999997 481.81999206542974 -145.74999999999997 -137.24999999999997 -2968.2499999999995 1735.2500000000002 -439.24999999999994 -95.749999999999986 247.75000000000003 2165.7500000000005 385.75000000000006 841.86529541015636 541.61633300781261 909.93881225585949 3492.997436523438 1839.7500000000002 2876.0000000000005 943.51049804687511 -3357.2499999999995 909.93881225585949 -379.74999999999994
decision_type=2 2 2 2 2 2 2 2 2 2 2 2 2 2 2 2 2 2 2 2 2 2 2 2 2 2 2 2 2 2
left_child=1 3 -3 11 -4 7 16 26 -8 14 -11 12 13 -1 -10 -13 17 22 19 20 21 -19 -7 -6 -25 -26 28 -28 -2 -29
right_child=5 2 4 -5 23 6 8 -9 9 10 -12 15 -14 -15 -16 -17 -18 18 -20 -21 -22 -23 -24 24 25 -27 27 29 -30 -31
leaf_value=-7.500801312632678 -1.2469112208749382 -1.6936853316551419 0.6838899167234489 1.6494541594227472 -0.48580784293543489 1.1829327627984458 2.0635875277649398 -10.270706841041303 -2.8642881153554334 -5.2214246073154493 -0.54040966092617682 -1.6340396929738792 0.96456467524787959 -0.33686099975754469 -12.855702822549004 0.22314105332732856 4.0926504381953981 -9.9848282310095708 -11.236852508544922 4.2903695447878407 -15.482357166572051 1.0474472915425019 11.09714882590554 1.8596055135130882 -16.940594927469888 -3.5756604042318134 -12.243795188835691 1.0868459104571815 4.4197201043367391 -4.9460117814616424
leaf_weight=41 1771 2316 5705 2076 1523 480 261 29 245 99 2326 902 4069 1189 21 1394 172 33 25 88 22 136 22 28 21 36 28 81 68 142
leaf_count=41 1771 2316 5705 2076 1523 480 261 29 245 99 2326 902 4069 1189 21 1394 172 33 25 88 22 136 22 28 21 36 28 81 68 142
internal_value=-3.08825e-09 0.222015 -0.123925 0.566454 0.373212 -0.708365 -0.285543 -1.49255 -0.747642 -1.0203 -0.731511 0.270429 0.607049 -0.575659 -3.65308 -0.506466 1.10926 0.472603 -1.41785 -0.538014 -2.76261 -1.10678 1.61742 -0.729038 -5.08714 -8.49958 -1.37075 -3.81325 -1.03738 -2.7547
internal_weight=25349 19300 9629 9671 7313 6049 3930 2119 2952 2691 2425 7595 5299 1230 266 2296 978 806 304 279 191 169 502 1608 85 57 2090 251 1839 223
internal_count=25349 19300 9629 9671 7313 6049 3930 2119 2952 2691 2425 7595 5299 1230 266 2296 978 806 304 279 191 169 502 1608 85 57 2090 251 1839 223
is_linear=0
shrinkage=0.05


Tree=46
num_leaves=31
num_cat=0
split_feature=26 106 107 99 78 78 144 107 47 131 57 117 57 109 68 124 89 138 96 26 78 80 54 75 142 131 98 136 79 93
split_gain=1.46886e+06 1.03451e+06 2.90076e+06 1.31883e+06 1.19937e+06 1.05718e+06 1.03615e+06 1.10132e+06 853811 1.02724e+06 827952 802104 752387 787488 753445 733900 880656 842390 821356 970714 1.13094e+06 947918 801918 832508 765057 740478 737200 730237 715671 749557
threshold=552.67700195312511 140.25000000000003 -38.749999999999993 1041.2500000000002 95.750000000000014 384.75000000000006 3492.997436523438 549.75000000000011 536.41339111328136 586.37289428710949 1250.2500000000002 575.62823486328136 992.75000000000011 -751.88250732421864 331.86395263671881 639.42663574218761 586.37289428710949 606.78826904296886 639.42663574218761 673.24798583984386 -1264.2499999999998 30.250000000000004 617.03479003906261 568.58972167968761 -41.249999999999993 598.86972045898449 317.25000000000006 1289.5000000000002 1451.0000000000002 -506.74999999999994
decision_type=2 2 2 2 2 2 2 2 2 2 2 2 2 2 2 2 2 2 2 2 2 2 2 2 2 2 2 2 2 2
left_child=1 4 5 -4 -1 10 7 -5 9 -2 -3 -8 -7 -14 -15 18 -17 -18 19 22 -21 -22 23 -10 27 28 -23 -19 29 -25
right_child=8 2 3 6 -6 12 11 -9 15 -11 -12 -13 13 14 -16 16 17 24 -20 20 21 26 -24 25 -26 -27 -28 -29 -30 -31
leaf_value=0.21282454231000114 -2.5360135751646879 -2.1704146130389779 0.68122304935445843 -2.6965404346883299 1.4477369607581738 0.83583244430129133 -3.3981692376809245 0.15291545391732525 0.66282715475223719 -13.726872751929543 -12.401153383255005 -14.208191244168715 -8.3582159569097119 -6.434764188214352 -0.14301160920618311 -8.2565740590745751 -9.7273023741585884 -1.122253087926713 2.5396391195306318 -15.229080705642701 1.588748976458674 -14.538369206019812 2.1277382664021607 -5.1695307710419414 2.6448827190752384 1.4805288350916115 -3.1093541108764882 -8.7366672538220893 -12.265787956714631 -0.74534766209022763
leaf_weight=7451 302 1763 6062 450 2671 613 78 1376 604 22 20 22 43 57 288 44 28 1964 289 20 69 21 351 163 135 116 43 32 20 232
leaf_count=7451 302 1763 6062 450 2671 613 78 1376 604 22 20 22 43 57 288 44 28 1964 289 20 69 21 351 163 135 116 43 32 20 232
internal_value=1.52252e-10 0.175749 -0.165296 0.319092 0.538694 -1.55513 -0.8207 -0.549305 -0.824264 -3.29589 -2.28517 -5.77637 -0.254752 -1.97776 -1.18252 -0.630411 -1.25387 -1.11116 0.0819735 -0.351379 -4.14357 -2.47657 0.0390681 -0.606855 -0.997944 -2.05109 -6.8595 -1.24433 -3.03824 -2.57102
internal_weight=25349 20894 10772 7988 10122 2784 1926 1826 4455 324 1783 100 1001 388 345 4131 2203 2159 1928 1639 153 133 1486 1135 2131 531 64 1996 415 395
internal_count=25349 20894 10772 7988 10122 2784 1926 1826 4455 324 1783 100 1001 388 345 4131 2203 2159 1928 1639 153 133 1486 1135 2131 531 64 1996 415 395
is_linear=0
shrinkage=0.05


Tree=47
num_leaves=31
num_cat=0
split_feature=141 142 131 41 127 106 107 141 51 120 85 110 145 128 140 127 60 141 108 71 106 107 129 19 68 128 85 57 127 142
split_gain=1.38731e+06 1.38819e+06 975690 2.22139e+06 711766 863504 1.69309e+06 1.09995e+06 1.46585e+06 971442 805149 952611 1.31645e+06 1.04657e+06 812053 1.49419e+06 1.17456e+06 786167 1.22698e+06 1.1334e+06 753068 962833 808146 1.16337e+06 840687 699072 678510 1.63199e+06 1.0422e+06 996942
threshold=260.75000000000006 -65.749999999999986 1178.973083496094 -2249.659545898437 191.75000000000003 158.75000000000003 -490.74999999999994 168.75000000000003 -1727.2499999999998 -335.24999999999994 -141.24999999999997 646.21759033203136 621.82571411132824 -607.24999999999989 -194.74999999999997 -479.74999999999994 115.67500305175783 205.25000000000003 84.750000000000014 822.75000000000011 75.250000000000014 -241.74999999999997 -212.24999999999997 627.84988403320324 813.04827880859386 -185.24999999999997 421.75000000000006 1342.2500000000002 1227.7500000000002 -253.24999999999997
decision_type=2 2 2 2 2 2 2 2 2 2 2 2 2 2 2 2 2 2 2 2 2 2 2 2 2 2 2 2 2 2
left_child=1 4 26 -4 5 10 7 8 -7 -8 11 13 -13 -1 15 -14 -17 -11 19 -19 -6 22 -22 -24 -25 -3 27 28 -2 -30
right_child=2 25 3 -5 20 6 9 -9 -10 17 -12 12 14 -15 -16 16 -18 18 -20 -21 21 -23 23 24 -26 -27 -28 -29 29 -31
leaf_value=0.79245767609677709 -0.77636989450975924 2.0302583184244813 -20.568717253208163 -0.85214745712280282 1.6249492744010288 -16.216014612168074 -9.5891006151835132 -12.835517338514329 -1.7385929227732928 -0.28748117685333385 0.76271249635303395 -15.407763962518601 0.77376207880777859 -0.83539125502199174 2.4222640775144102 -3.8771674766096957 -16.528275674581529 -4.892819360229705 -0.62652288751494623 -18.826492128372191 6.0144655308237782 0.40773789752586148 -1.6939503065709556 -14.873856936395169 -1.9990605831146242 0.59230707703109375 -0.062390255659706122 -8.4610244937139019 -16.576578197479247 -2.7850545607115098
leaf_weight=1653 3122 1278 20 50 1128 20 30 40 139 2420 2553 21 73 2452 64 43 32 54 133 20 27 3574 280 32 21 2496 3443 73 20 38
leaf_count=1653 3122 1278 20 50 1128 20 30 40 139 2420 2553 21 73 2452 64 43 32 54 133 20 27 3574 280 32 21 2496 3443 73 20 38
internal_value=-1.65685e-09 0.223195 -0.613012 -6.48545 0.00503531 -0.24477 -0.975789 -5.42415 -3.55965 -0.642622 0.0582037 -0.356414 -3.46642 -0.17989 -2.28355 -4.3185 -9.27497 -0.540455 -3.49792 -8.65868 0.486041 0.15948 -2.30516 -2.97973 -9.77252 1.07924 -0.551621 -1.06943 -0.899745 -7.54075
internal_weight=25349 18583 6766 70 14809 9747 2856 199 159 2657 6891 4338 233 4105 212 148 75 2627 207 74 5062 3934 360 333 53 3774 6696 3253 3180 58
internal_count=25349 18583 6766 70 14809 9747 2856 199 159 2657 6891 4338 233 4105 212 148 75 2627 207 74 5062 3934 360 333 53 3774 6696 3253 3180 58
is_linear=0
shrinkage=0.05


Tree=48
num_leaves=31
num_cat=0
split_feature=141 26 12 134 26 106 107 106 107 113 144 78 120 70 65 101 145 95 50 5 26 121 124 145 139 47 134 142 34 57
split_gain=1.30426e+06 1.08428e+06 955868 948926 877744 786361 1.27359e+06 1.22578e+06 1.96993e+06 1.07521e+06 1.03466e+06 983194 877725 863469 1.17238e+06 1.35706e+06 862136 877192 1.31871e+06 810246 765588 1.13563e+06 1.05209e+06 864296 1.00018e+06 1.48607e+06 1.55581e+06 1.60223e+06 893540 1.18307e+06
threshold=76.250000000000014 552.67700195312511 594.56900024414074 -48.249999999999993 713.34976196289074 -507.74999999999994 -557.74999999999989 103.25000000000001 -38.749999999999993 607.75000000000011 3735.0000000000005 307.75000000000006 830.75000000000011 -313.74999999999994 -546.24999999999989 19.250000000000004 400.48016357421881 1925.3924560546877 632.25000000000011 493.35134887695318 627.84988403320324 -560.24999999999989 602.34585571289074 725.27545166015636 239.85617828369143 561.94091796875011 427.75000000000006 -110.74999999999999 -301.83909606933588 -114.24999999999999
decision_type=2 2 2 2 2 2 2 2 2 2 2 2 2 2 2 2 2 2 2 2 2 2 2 2 2 2 2 2 2 2
left_child=3 5 20 -1 -4 -2 9 -8 11 19 -10 12 13 -9 15 -15 17 -16 -19 -7 23 -22 -23 24 25 26 28 -28 -3 -30
right_child=1 2 4 -5 -6 6 7 8 10 -11 -12 -13 -14 14 16 -17 -18 18 -20 -21 21 22 -24 -25 -26 -27 27 -29 29 -31
leaf_value=-0.37744548224437063 0.99841189359272409 -1.0019629194880977 0.33982008037736289 0.95471288141450872 -1.4307889843763537 -1.646514967091063 0.94880487089402588 -0.81387789620083439 0.29516365765255881 -9.9013726582129795 -5.228433090309764 -0.26663415004640245 -12.519202336810885 -2.8385811903537852 -3.0002951350890932 -16.300807480679619 0.68362674506712862 -2.4874683710244989 -19.120358224348589 1.1144117379188538 2.8258491572879612 -19.328208186409693 -5.2955294842229179 -9.2823500611280139 0.41234178699004875 -0.12491770571245808 -19.5272821194785 -2.5390228629112244 -16.461298562930182 -3.6257666727592204
leaf_weight=1833 1672 132 1480 4938 1328 1567 2839 599 5978 36 86 938 21 39 450 36 146 26 22 320 21 22 34 38 367 239 35 23 26 58
leaf_count=1833 1672 132 1480 4938 1328 1567 2839 599 5978 36 86 938 21 39 450 36 146 26 22 320 21 22 34 38 367 239 35 23 26 58
internal_value=2.48437e-09 -0.21652 -0.969428 0.59408 -0.497562 -0.0227262 -0.153028 0.0514134 -0.254029 -1.34162 0.216828 -1.50799 -2.37759 -2.216 -3.38412 -9.30045 -2.6951 -3.68565 -10.1109 -1.17831 -2.30109 -7.08994 -10.8084 -1.89941 -1.5806 -3.00635 -5.51971 -12.7906 -3.56735 -7.59867
internal_weight=25349 18578 3803 6771 2808 14775 13103 11180 8341 1923 6064 2277 1339 1318 719 75 644 498 48 1887 995 77 56 918 880 513 274 58 216 84
internal_count=25349 18578 3803 6771 2808 14775 13103 11180 8341 1923 6064 2277 1339 1318 719 75 644 498 48 1887 995 77 56 918 880 513 274 58 216 84
is_linear=0
shrinkage=0.05


Tree=49
num_leaves=31
num_cat=0
split_feature=26 12 26 12 33 106 107 37 136 134 2 78 106 98 141 99 142 54 42 108 90 72 22 1 79 71 110 141 86 12
split_gain=1.19503e+06 1.0669e+06 1.26355e+06 859239 1.0867e+06 781953 2.60592e+06 2.22247e+06 1.88477e+06 1.11517e+06 885000 1.05631e+06 857695 1.09906e+06 1.0945e+06 860858 1.25003e+06 816302 1.40514e+06 876419 1.23396e+06 795812 735657 801122 709978 1.19863e+06 899760 699671 1.2363e+06 733936
threshold=378.58245849609381 391.20840454101568 409.74523925781256 427.59004211425787 458.38684082031256 319.75000000000006 -688.74999999999989 44.250000000000007 777.75000000000011 183.25000000000003 1135.7500000000002 -148.74999999999997 -579.74999999999989 -1172.7499999999998 209.25000000000003 -559.74999999999989 -239.74999999999997 444.69415283203131 712.25000000000011 -262.74999999999994 60.844245910644538 -887.24999999999989 -2059.4999999999995 -1017.7499999999999 -1393.9999999999998 -1551.9999999999998 646.21759033203136 941.50000000000011 287.25000000000006 367.14982604980474
decision_type=2 2 2 2 2 2 2 2 2 2 2 2 2 2 2 2 2 2 2 2 2 2 2 2 2 2 2 2 2 2
left_child=27 22 -3 -4 -5 8 7 -7 9 10 11 12 -6 24 -15 -16 -17 18 -8 20 -19 -12 -2 -24 25 -14 -27 29 -29 -1
right_child=1 2 3 4 5 6 17 -9 -10 -11 21 -13 13 14 15 16 -18 19 -20 -21 -22 -23 23 -25 -26 26 -28 28 -30 -31
leaf_value=0.25934147010648173 -11.196315155029296 1.2680943516050758 -1.7247728905371091 0.92317451629319902 0.1811975646829751 -3.7169869940727951 0.22938322726994348 -19.855322340130808 -14.586915480006827 1.0373814768066134 -11.004995235320061 1.1929136283257151 0.47939168681269112 -0.37011391103926283 2.1164741082116962 -3.6393559294866353 -14.609757600881551 -16.779918768405917 -9.8782818857523118 -0.5190408146626998 -1.2900083780288698 -2.3865564850986307 1.018520507378684 -2.1478616307996496 -0.69628041403634211 -8.3868737435654594 -21.282959838140581 -15.132854661941529 -0.29039925894838697 1.5081054527799886
leaf_weight=10203 20 1355 1030 1752 737 64 73 32 22 1804 31 790 23 543 32 82 38 20 65 3634 36 197 248 1027 35 38 21 20 47 1330
leaf_count=10203 20 1355 1030 1752 737 64 73 32 22 1804 31 790 23 543 32 82 38 20 65 3634 36 197 248 1027 35 38 21 20 47 1330
internal_value=4.31594e-09 -0.315335 -0.173306 -0.349276 -0.208571 -0.446976 -0.959947 -9.09643 0.0112297 0.0847047 -0.584804 -0.294949 -1.05377 -2.17467 -1.41992 -5.1702 -7.11332 -0.755898 -4.53147 -0.614697 -6.82212 -3.55836 -1.68123 -1.53197 -6.65801 -9.20265 -12.977 0.373753 -4.72098 0.40335
internal_weight=25349 13749 12454 11099 10069 8317 3924 96 4393 4371 2567 2339 1549 812 695 152 120 3828 138 3690 56 228 1295 1275 117 82 59 11600 67 11533
internal_count=25349 13749 12454 11099 10069 8317 3924 96 4393 4371 2567 2339 1549 812 695 152 120 3828 138 3690 56 228 1295 1275 117 82 59 11600 67 11533
is_linear=0
shrinkage=0.05


Tree=50
num_leaves=31
num_cat=0
split_feature=141 142 141 99 33 47 84 106 47 26 100 92 16 71 75 108 140 12 13 51 82 43 10 118 114 110 31 121 120 115
split_gain=1.145e+06 913897 959382 1.0778e+06 921397 1.15281e+06 1.38784e+06 1.58055e+06 1.10248e+06 887983 874908 873895 714905 851656 846496 791677 868926 707626 1.19091e+06 716826 799638 773390 694851 1.54959e+06 962622 880304 2.79032e+06 851653 693484 672725
threshold=76.250000000000014 -42.249999999999993 941.50000000000011 1092.7500000000002 539.11840820312511 536.41339111328136 -612.24999999999989 -190.24999999999997 498.07687377929693 452.44371032714849 -1203.2499999999998 -330.74999999999994 775.75000000000011 -97.749999999999986 561.94091796875011 755.25000000000011 226.75000000000003 481.85186767578131 -2438.6164550781245 1178.7500000000002 472.09962463378912 2254.5000000000005 1665.5000000000002 559.65786743164074 -895.74999999999989 1178.973083496094 -2521.7499999999995 1256.2500000000002 1797.2500000000002 -462.74999999999994
decision_type=2 2 2 2 2 2 2 2 2 2 2 2 2 2 2 2 2 2 2 2 2 2 2 2 2 2 2 2 2 2
left_child=10 4 -3 -4 8 6 7 -6 9 -2 11 -1 13 -8 15 16 -15 18 -11 -19 -21 -22 25 24 -24 27 -27 28 -7 -25
right_child=1 2 3 -5 5 22 12 -9 -10 17 -12 -13 -14 14 -16 -17 -18 19 -20 20 21 -23 23 29 -26 26 -28 -29 -30 -31
leaf_value=-1.0295204968502125 -0.092206078509325828 0.75298768588329024 -13.504347404479981 -0.50362696408886798 -3.2654851844340254 -0.23772779002760031 2.9638162252065299 -16.914807558059692 1.3206768877653428 -10.842973843675395 0.71711573690203334 -11.696687600612641 1.9644538486003875 -3.3208993471030035 -14.571765344793148 3.8039103214557359 -14.998117455982026 0.25645662537059438 -1.9111143027318267 1.7643021760668074 -12.777983070121094 -1.6631975032132247 -3.4153601310871267 -6.4858747286874747 -16.647139515195573 -21.112390970048452 1.122901924959449 8.282560581996524 -7.2249905983606979 -1.0059574153753574
leaf_weight=480 8877 2838 25 44 48 2614 37 38 1173 39 6271 20 80 66 22 26 21 737 866 35 34 29 27 61 28 21 43 29 36 684
leaf_count=480 8877 2838 25 44 48 2614 37 38 1173 39 6271 20 80 66 22 26 21 737 866 35 34 29 27 61 28 21 43 29 36 684
internal_value=6.22406e-11 -0.202871 0.611356 -5.21403 -0.353911 -1.02215 -3.81215 -9.29658 -0.133943 -0.294654 0.556628 -1.45621 -1.94047 -3.75672 -5.59864 -3.85167 -6.13954 -1.32749 -2.29602 -0.277755 -4.29524 -7.66165 -0.755983 -2.05256 -10.1515 -0.377835 -6.17305 -0.23939 -0.332649 -1.45465
internal_weight=25349 18578 2907 69 15671 3881 338 86 11790 10617 6771 500 252 172 135 113 87 1740 905 835 98 63 3543 800 55 2743 64 2679 2650 745
internal_count=25349 18578 2907 69 15671 3881 338 86 11790 10617 6771 500 252 172 135 113 87 1740 905 835 98 63 3543 800 55 2743 64 2679 2650 745
is_linear=0
shrinkage=0.05


Tree=51
num_leaves=31
num_cat=0
split_feature=106 134 107 106 107 78 114 107 57 101 71 29 126 38 85 44 126 6 138 121 57 31 78 66 134 113 94 79 37 106
split_gain=1.10126e+06 3.273e+06 1.37987e+06 1.47505e+06 2.35698e+06 1.64689e+06 1.43303e+06 1.37939e+06 1.14709e+06 1.13036e+06 977235 2.4645e+06 878959 1.89301e+06 821617 1.31779e+06 1.58892e+06 850010 828603 809926 1.22631e+06 1.04517e+06 1.22586e+06 755281 740123 718624 1.72809e+06 718256 687672 682668
threshold=1015.2500000000001 1666.2500000000002 375.75000000000006 302.25000000000006 -38.749999999999993 -20.749999999999996 -423.24999999999994 628.25000000000011 167.75000000000003 -363.74999999999994 773.50000000000011 638.25000000000011 511.75000000000006 -560.24999999999989 350.25000000000006 492.75000000000006 1.0000000180025095e-35 997.25006103515636 533.74536132812511 -332.24999999999994 2397.5000000000005 1159.2500000000002 1379.7500000000002 300.25000000000006 -266.24999999999994 535.75000000000011 -357.24999999999994 -217.24999999999997 595.25000000000011 555.25000000000011
decision_type=2 2 2 2 2 2 2 2 2 2 2 2 2 2 2 2 2 2 2 2 2 2 2 2 2 2 2 2 2 2
left_child=1 2 3 5 6 8 9 -2 12 -5 24 -12 -1 -14 15 18 -17 -18 25 20 21 22 -9 -16 -11 -8 -27 -10 -13 -6
right_child=7 -3 -4 4 29 -7 14 19 27 10 11 28 13 -15 23 16 17 -19 -20 -21 -22 -23 -24 -25 -26 26 -28 -29 -30 -31
leaf_value=0.091683839610412321 -2.6478023966286566 -19.155922308835116 1.4324811656241132 -15.603181195259095 0.55613771852575944 0.92478309093610833 -1.9528424861824485 -0.65825974941253662 -1.5362217618649949 -10.799808580225164 -22.62066278043001 3.8654503808915615 -0.85388986784964804 -18.476955197155476 2.5934148764576426 -20.941174192428591 -9.8663334644202028 2.3564176788330076 1.2156389446929099 -0.013768160790314463 -15.617198581695556 5.3245165437459949 -15.951423308849336 -1.2477349961490267 -1.0600729168414378 -19.066792418740015 -3.2645796363736377 -8.0906476194208334 -6.5840051338479331 -0.79669591199306167
leaf_weight=7963 821 22 1888 24 2314 5946 397 38 835 22 23 20 64 20 176 20 33 25 160 2042 20 32 20 469 172 22 81 44 74 1562
leaf_count=7963 821 22 1888 24 2314 5946 397 38 835 22 23 20 64 20 176 20 33 25 160 2042 20 32 20 469 172 22 81 44 74 1562
internal_value=-7.62811e-10 0.120127 0.139098 0.0197825 -0.672336 0.280118 -2.21392 -0.904124 -0.149321 -5.14802 -4.34119 -7.95028 0.038013 -5.04986 -1.5032 -2.64252 -8.78849 -4.59791 -1.91618 -0.238902 -4.4182 -1.92953 -5.93176 -0.199607 -2.16458 -2.91836 -6.63981 -1.86432 -4.36072 0.0109555
internal_weight=25349 22376 22354 20466 5594 14872 1718 2973 8926 335 311 117 8047 84 1383 738 78 58 660 2152 110 90 58 645 194 500 103 879 94 3876
internal_count=25349 22376 22354 20466 5594 14872 1718 2973 8926 335 311 117 8047 84 1383 738 78 58 660 2152 110 90 58 645 194 500 103 879 94 3876
is_linear=0
shrinkage=0.05


Tree=52
num_leaves=31
num_cat=0
split_feature=106 134 107 107 106 107 78 114 2 90 101 113 107 112 29 106 107 122 144 47 65 47 107 114 142 111 107 99 85 44
split_gain=996876 2.95463e+06 1.49559e+06 1.18074e+06 1.25334e+06 2.07671e+06 1.48632e+06 1.19861e+06 1.06708e+06 1.16846e+06 1.04873e+06 1.01237e+06 1.04731e+06 820790 919063 806113 854087 1.04556e+06 783574 978851 1.30854e+06 887066 817854 874433 1.31217e+06 1.00558e+06 766485 753661 751439 1.19302e+06
threshold=996.25000000000011 1666.2500000000002 628.25000000000011 375.75000000000006 302.25000000000006 -38.749999999999993 -20.749999999999996 -423.24999999999994 164.75000000000003 -546.15017700195301 -363.74999999999994 -224.74999999999997 -623.24999999999989 -257.74999999999994 921.25000000000011 75.250000000000014 -54.749999999999993 537.75000000000011 3492.997436523438 1023.3112182617189 1617.2500000000002 983.12179565429699 864.75000000000011 758.25000000000011 -89.249999999999986 2494.516723632813 -209.24999999999997 -2166.7499999999995 350.25000000000006 492.75000000000006
decision_type=2 2 2 2 2 2 2 2 2 2 2 2 2 2 2 2 2 2 2 2 2 2 2 2 2 2 2 2 2 2
left_child=1 3 -2 4 6 7 8 10 15 -10 -6 -12 -13 14 -14 27 17 -17 -4 21 -21 22 -20 25 -25 -24 -15 -1 29 -9
right_child=2 -3 18 -5 5 -7 -8 28 9 -11 11 12 13 26 -16 16 -18 -19 19 20 -22 -23 23 24 -26 -27 -28 -29 -30 -31
leaf_value=-4.089730711372531 -2.6038285432759385 -18.198126116665929 0.23068092062966905 1.3607343743899074 -14.823021876811982 0.028993144015976319 0.87854394182046569 -1.809666345706662 -12.576520820458731 -1.4099734720328747 3.0507699473337695 -13.066732172171275 -17.236578828638251 0.28393211662769319 -3.2242562599182132 -1.6751658780874779 1.1750094121512102 -13.239828424453737 3.1798114006189593 -3.6026600340138311 13.884472638368607 -13.460649349575952 -2.642057513676229 0.13803452571233116 -10.523279518830151 -17.93853197964755 -6.3364479767133117 0.32720629098757104 -0.16185809580313271 -8.3490633940085388
leaf_weight=98 867 22 1891 1804 24 3869 5946 659 24 981 44 36 22 109 25 858 294 20 47 23 20 21 21 120 38 22 73 6651 642 78
leaf_count=98 867 22 1891 1804 24 3869 5946 659 24 981 44 36 22 109 25 858 294 20 47 23 20 21 21 120 38 22 73 6651 642 78
internal_value=2.51404e-09 0.116394 -0.844673 0.134497 0.0263405 -0.612593 0.266112 -2.06253 -0.141855 -1.67664 -4.75479 -3.97279 -5.13896 -3.89268 -9.78322 0.0528745 -1.15754 -1.9386 -0.15235 -2.47386 4.53089 -3.59358 -2.75807 -4.14652 -2.42608 -10.4682 -2.3715 0.263069 -1.41241 -2.50176
internal_weight=25349 22279 3070 22257 20453 5581 14872 1712 8926 1005 333 309 265 229 47 7921 1172 878 2203 312 43 269 248 201 158 43 182 6749 1379 737
internal_count=25349 22279 3070 22257 20453 5581 14872 1712 8926 1005 333 309 265 229 47 7921 1172 878 2203 312 43 269 248 201 158 43 182 6749 1379 737
is_linear=0
shrinkage=0.05


Tree=53
num_leaves=31
num_cat=0
split_feature=141 142 141 127 140 95 103 68 142 128 127 106 107 94 113 135 142 106 29 87 57 72 114 40 68 134 127 57 45 24
split_gain=945935 789809 829413 903832 789397 763095 1.09413e+06 760408 750048 721998 714607 1.42087e+06 1.00452e+06 769609 728454 709093 1.54608e+06 760758 1.01731e+06 751672 737392 1.22885e+06 703061 624022 1.17929e+06 735572 611814 588450 1.41843e+06 650582
threshold=76.250000000000014 -56.249999999999993 941.50000000000011 892.25000000000011 -258.24999999999994 4479.8198242187509 486.18072509765631 841.86529541015636 -109.74999999999999 -1431.7499999999998 213.25000000000003 117.25000000000001 -130.24999999999997 1798.2500000000002 688.25000000000011 48.250000000000007 -587.24999999999989 1050.5000000000002 -894.24999999999989 296.75000000000006 1112.7500000000002 80.250000000000014 -839.24999999999989 943.51049804687511 983.12179565429699 668.75000000000011 209.75000000000003 -1270.7499999999998 -1490.7499999999998 -1122.2499999999998
decision_type=2 2 2 2 2 2 2 2 2 2 2 2 2 2 2 2 2 2 2 2 2 2 2 2 2 2 2 2 2 2
left_child=4 5 22 -4 -1 10 -7 -6 9 -8 11 -2 14 26 27 17 -17 23 -19 20 -18 -22 -3 -12 -25 -26 -14 -13 -29 -30
right_child=1 2 3 -5 7 6 8 -9 -10 -11 15 12 13 -15 -16 16 19 18 -20 -21 21 -23 -24 24 25 -27 -28 28 29 -31
leaf_value=-0.65848067803603783 -0.15478121459974487 2.7448201905387837 -13.658801988363265 -1.6437235747257042 0.71473886725223212 -13.940870609283449 -10.085127853211903 8.9752716473170704 -8.2996672444227269 -0.49716593751202753 0.91957166837811455 2.7983152691354145 -0.5092489095046181 -10.523688144683838 -12.071565630322411 -13.458492196124533 -1.1068044786799065 -9.1362564576996714 -0.52354999592734708 0.23715109173800611 -14.314912180242869 -1.2789048743744693 0.34304699946259837 -14.14011763393879 7.5102659409493215 -6.0504478049278267 -8.5611691904564697 -14.684273685455322 1.9482591109143366 -3.008871261751132
leaf_weight=1198 5029 333 20 72 5545 20 21 28 41 302 3224 47 1387 20 21 23 979 36 720 1620 29 48 3585 20 20 20 24 25 72 820
leaf_count=1198 5029 333 20 72 5545 20 21 28 41 302 3224 47 1387 20 21 23 979 36 720 1620 29 48 3585 20 20 20 24 25 72 820
internal_value=1.18182e-09 -0.184394 0.436989 -4.2557 0.505933 -0.355437 -2.55478 0.756242 -1.92917 -1.12053 -0.295894 -0.633546 -1.63012 -0.784256 -2.85897 0.0771316 -0.550368 0.496345 -0.933679 -0.439423 -1.47735 -6.18857 0.547179 0.825546 -4.22677 0.729909 -0.646206 -2.65828 -2.93796 -2.60874
internal_weight=25349 18578 4010 92 6771 14568 384 5573 364 323 14184 7445 2416 1431 985 6739 2699 4040 756 2676 1056 77 3918 3284 60 40 1411 964 917 892
internal_count=25349 18578 4010 92 6771 14568 384 5573 364 323 14184 7445 2416 1431 985 6739 2699 4040 756 2676 1056 77 3918 3284 60 40 1411 964 917 892
is_linear=0
shrinkage=0.05


Tree=54
num_leaves=31
num_cat=0
split_feature=141 120 141 142 142 99 113 107 106 106 107 106 108 108 121 98 24 121 94 5 70 78 142 135 100 121 120 103 34 61
split_gain=869584 1.04824e+06 1.54104e+06 1.0396e+06 993197 732084 817330 2.14736e+06 1.32772e+06 1.27552e+06 1.09519e+06 1.0606e+06 1.03958e+06 1.26718e+06 1.12107e+06 1.38943e+06 1.47326e+06 1.05001e+06 1.0271e+06 1.09343e+06 1.08463e+06 846051 792419 925896 1.13483e+06 1.23381e+06 1.94823e+06 903325 1.19286e+06 1.21842e+06
threshold=786.00000000000011 -100.24999999999999 988.25000000000011 -555.24999999999989 -42.249999999999993 -2166.7499999999995 -487.24999999999994 -582.24999999999989 -211.74999999999997 75.250000000000014 -130.24999999999997 1015.2500000000001 584.25000000000011 320.25000000000006 -406.74999999999994 949.25000000000011 579.25000000000011 -631.24999999999989 992.25000000000011 433.69491577148443 1356.7500000000002 1168.2500000000002 -53.249999999999993 -204.74999999999997 -1633.2499999999998 -161.24999999999997 191.25000000000003 431.69842529296881 81.877899169921889 387.28761291503912
decision_type=2 2 2 2 2 2 2 2 2 2 2 2 2 2 2 2 2 2 2 2 2 2 2 2 2 2 2 2 2 2
left_child=4 2 -2 -3 5 -1 -7 8 -8 -9 -11 -12 13 -13 15 -14 -17 -18 19 -15 21 -20 23 24 -10 27 -27 28 -26 -30
right_child=1 3 -4 -5 -6 6 7 9 22 10 11 12 14 18 -16 16 17 -19 20 -21 -22 -23 -24 -25 25 26 -28 -29 29 -31
leaf_value=-4.6502003881780585 -0.40531498193740845 -11.848650183460929 -17.169116884240736 -0.80073191128659937 0.86624877365607089 0.80482879399417007 -0.56269186130986049 0.86175571574646082 -11.696094535291195 -1.116312891966236 0.3904401394259851 0.84089925975903224 2.1561804875349391 -9.7327010833300083 -0.18894044566139193 -21.089544105529786 3.4819684709821432 -11.198632263315135 -7.9057705726623544 3.3749130342064833 -4.0358540050188703 -20.560627296141217 -9.5231604272127157 -0.68085537161139298 -2.6971916407346725 -19.831938939403607 -2.8429241991043095 -0.94751876041073479 -5.3460413889959462 -20.845713098276232
leaf_weight=87 29 22 26 663 3242 2450 2257 3960 40 2451 6706 92 39 26 1852 20 21 29 25 41 45 28 40 484 142 27 45 407 32 21
leaf_count=87 29 22 26 663 3242 2450 2257 3960 40 2451 6706 92 39 26 1852 20 21 29 25 41 45 28 40 484 142 27 45 407 32 21
internal_value=1.08912e-09 -1.68879 -8.33002 -1.15556 0.0507825 -0.0729476 -0.0542342 -0.166008 -1.28445 0.0888969 -0.18016 0.0769569 -0.870842 -3.86098 -0.478968 -5.40678 -9.62043 -5.03278 -6.48263 -1.71162 -9.74444 -14.5914 -2.6003 -2.36915 -3.5136 -3.02799 -9.2138 -2.28816 -5.08633 -11.4874
internal_weight=25349 740 55 685 24609 21367 21280 18830 3495 15335 11375 8924 2218 257 1961 109 70 50 165 67 98 53 1238 1198 714 674 72 602 195 53
internal_count=25349 740 55 685 24609 21367 21280 18830 3495 15335 11375 8924 2218 257 1961 109 70 50 165 67 98 53 1238 1198 714 674 72 602 195 53
is_linear=0
shrinkage=0.05


Tree=55
num_leaves=31
num_cat=0
split_feature=141 100 92 142 141 127 95 103 142 128 9 127 106 107 106 40 26 18 60 108 99 55 78 70 38 43 122 47 129 26
split_gain=832976 742703 786934 651394 712593 786727 661042 988197 684190 660716 660403 650557 1.2299e+06 845289 676409 712500 2.14624e+06 670059 1.59614e+06 1.41558e+06 1.47808e+06 830916 713392 1.32968e+06 1.21718e+06 1.25262e+06 723390 684000 664594 737128
threshold=76.250000000000014 -1203.2499999999998 -446.24999999999994 -56.249999999999993 941.50000000000011 892.25000000000011 4479.8198242187509 486.18072509765631 -109.74999999999999 -185.24999999999997 2165.7500000000005 213.25000000000003 117.25000000000001 -130.24999999999997 1803.2500000000002 552.67700195312511 552.67700195312511 2263.892456054688 2976.065063476563 21.250000000000004 454.25000000000006 1667.457946777344 292.25000000000006 -304.74999999999994 -655.74999999999989 -735.74999999999989 112.75000000000001 375.78172302246099 -15.749999999999998 384.69952392578131
decision_type=2 2 2 2 2 2 2 2 2 2 2 2 2 2 2 2 2 2 2 2 2 2 2 2 2 2 2 2 2 2
left_child=1 2 -1 6 9 -6 11 -8 -9 10 -5 12 -2 17 15 16 -15 21 19 20 -19 22 23 27 25 -25 -24 -14 -26 -30
right_child=3 -3 -4 4 5 -7 7 8 -10 -11 -12 -13 13 14 -16 -17 -18 18 -20 -21 -22 -23 26 24 28 -27 -28 -29 29 -31
leaf_value=-0.88756668079810541 -0.149684243590576 0.62263093797720648 -9.3737931017217964 1.7051613488450028 -12.731220555305482 -1.521500729686684 -13.19623393058777 -1.0084958159794379 -7.8652084327325582 0.085695258162624049 -6.8566493179487145 0.08296654166095152 2.9261124742972227 -0.76839844245338706 -7.9340459123253826 2.1728017799889865 -17.286095943450928 -19.907573150333604 0.30294983554893817 0.39334156601517289 -5.9618357005872227 -9.9419645309448246 0.9872527933075228 -4.5204624755041944 -1.9747988641376679 -21.592827435921539 -8.8781591749191282 -2.343748444663627 -4.0935235135695516 -16.190697277784349
leaf_weight=471 5029 6271 29 1085 20 72 20 323 41 2810 23 6739 95 1178 32 201 20 38 71 27 38 32 262 21 130 22 20 175 34 20
leaf_count=471 5029 6271 29 1085 20 72 20 323 41 2810 23 6739 95 1178 32 201 20 38 71 27 38 32 262 21 130 22 20 175 34 20
internal_value=1.70392e-09 0.474765 -1.37977 -0.173034 0.391279 -3.9584 -0.328368 -2.37537 -1.78082 0.493415 1.52743 -0.27295 -0.595115 -1.5223 -0.746367 -0.58196 -1.04415 -2.64956 -5.46499 -9.44094 -12.9347 -2.04551 -1.72114 -2.86089 -5.68145 -13.2552 0.287578 -0.489538 -3.91151 -8.57396
internal_weight=25349 6771 500 18578 4010 92 14568 384 364 3918 1108 14184 7445 2416 1431 1399 1198 985 174 103 76 811 779 497 227 43 282 270 184 54
internal_count=25349 6771 500 18578 4010 92 14568 384 364 3918 1108 14184 7445 2416 1431 1399 1198 985 174 103 76 811 779 497 227 43 282 270 184 54
is_linear=0
shrinkage=0.05


Tree=56
num_leaves=31
num_cat=0
split_feature=142 135 141 127 106 23 136 52 141 103 58 125 37 61 99 43 57 30 144 142 134 107 37 45 135 65 120 5 71 135
split_gain=775919 1.25397e+06 1.0264e+06 908431 983245 902587 2.27558e+06 888968 846208 962011 796054 1.60545e+06 794993 1.12005e+06 1.03131e+06 852083 794650 785227 1.13738e+06 780550 768078 649206 730327 2.10825e+06 686269 917520 1.06707e+06 857794 822364 647797
threshold=-305.24999999999994 -481.74999999999994 138.75000000000003 213.25000000000003 203.75000000000003 -2772.7499999999995 124.75000000000001 2350.5000000000005 446.75000000000006 813.04827880859386 -506.74999999999994 38.166204452514656 -2620.9999999999995 876.19470214843761 -2166.7499999999995 -1719.9999999999998 1062.7500000000002 -1665.2499999999998 -2288.819946289062 -75.749999999999986 229.75000000000003 -4.2499999999999991 -183.24999999999997 -24.749999999999996 -63.249999999999993 -237.24999999999997 139.25000000000003 427.59004211425787 425.75000000000006 -287.74999999999994
decision_type=2 2 2 2 2 2 2 2 2 2 2 2 2 2 2 2 2 2 2 2 2 2 2 2 2 2 2 2 2 2
left_child=5 8 19 4 10 6 12 17 9 -2 11 20 13 14 -1 -14 -10 -6 -19 -3 -4 22 -20 -24 25 -25 -27 -28 -26 -5
right_child=1 2 3 29 7 -7 -8 -9 16 -11 -12 -13 15 -15 -16 -17 -18 18 21 -21 -22 -23 23 24 28 26 27 -29 -30 -31
leaf_value=-10.073142912983895 1.7305774584728253 0.13865215798356689 -1.9164474455586209 2.1757545106741318 4.3782102595204888 -0.37196385573135671 -17.004500888895105 -12.166168212890625 -0.40440993335220843 9.2596931376494478 0.66141422728722432 -12.309275893867017 -12.781819273531438 7.512002996394509 -0.1558786307532212 -1.9505799334982168 -10.806626477448837 -11.891484784285227 -1.0548109525067795 1.1940257613536032 0.80885866492800407 -0.75667968913545391 -20.61309331893921 2.7254000750081295 -8.2991919398307807 -4.4766215194735608 -6.8243513288952062 -21.293024063110352 3.2753098662485161 -0.089652132249317756
leaf_weight=32 1186 6279 731 332 46 5020 27 22 91 44 995 32 30 38 145 46 23 30 207 2430 400 507 20 29 21 114 21 20 57 6374
leaf_count=32 1186 6279 731 332 46 5020 27 22 91 44 995 32 30 38 145 46 23 30 207 2430 400 507 20 29 21 114 21 20 57 6374
internal_value=3.38636e-09 0.142874 0.0366696 -0.310059 -0.995842 -0.535603 -3.11884 -2.21692 1.61796 1.99991 -0.376816 -1.26507 -1.83047 -0.276683 -1.94883 -6.22607 -2.5031 -2.01273 -2.29927 0.433124 -0.95259 -2.01035 -3.31016 -4.96568 -3.77122 -5.43734 -6.96456 -13.8822 0.159098 0.0225034
internal_weight=25349 20011 18667 9958 3252 5338 318 1094 1344 1230 2158 1163 291 215 177 76 114 1072 1026 8709 1131 996 489 282 262 184 155 41 78 6706
internal_count=25349 20011 18667 9958 3252 5338 318 1094 1344 1230 2158 1163 291 215 177 76 114 1072 1026 8709 1131 996 489 282 262 184 155 41 78 6706
is_linear=0
shrinkage=0.05


Tree=57
num_leaves=31
num_cat=0
split_feature=106 134 107 107 106 107 78 87 57 127 107 57 15 52 101 126 38 82 5 92 79 90 30 133 127 31 42 144 4 23
split_gain=734299 2.4793e+06 1.24792e+06 987700 1.06066e+06 1.55995e+06 1.30023e+06 1.04139e+06 1.70636e+06 1.44073e+06 1.40151e+06 957887 869446 1.15467e+06 756230 737787 1.67284e+06 688176 1.47468e+06 1.20209e+06 639890 627615 828882 1.18708e+06 718896 777702 620146 617623 868492 1.10095e+06
threshold=996.25000000000011 1666.2500000000002 628.25000000000011 375.75000000000006 302.25000000000006 -38.749999999999993 -20.749999999999996 125.25000000000001 697.25000000000011 -255.74999999999997 -411.24999999999994 167.75000000000003 822.25000000000011 901.25000000000011 -132.24999999999997 511.75000000000006 -560.24999999999989 1080.143493652344 909.93881225585949 1606.2500000000002 -217.24999999999997 -1074.4820556640623 -918.74999999999989 420.25000000000006 14.750000000000002 -772.74999999999989 -1124.7499999999998 3492.997436523438 4462.6198730468759 2089.2500000000005
decision_type=2 2 2 2 2 2 2 2 2 2 2 2 2 2 2 2 2 2 2 2 2 2 2 2 2 2 2 2 2 2
left_child=1 3 17 4 6 7 11 8 9 -6 -10 15 -12 -14 -9 -1 -17 18 -2 -20 -13 -11 23 24 -23 -26 -7 -4 29 -29
right_child=2 -3 27 -5 5 26 -8 14 10 21 12 20 13 -15 -16 16 -18 -19 19 -21 -22 22 -24 -25 25 -27 -28 28 -30 -31
leaf_value=0.076916542973401641 -2.1180132889939061 -16.676875443892047 0.24752218397181541 1.2380050710218642 -12.126059734120089 2.7947644493796613 0.8109414819116133 5.4951341827710474 -17.328953033685686 1.337810009759048 -12.275825995206834 -1.4009548427316245 3.6673199892044068 -8.8286852651172207 -0.96293653714327732 -0.68925637637730697 -17.255775772333148 4.8639361798763279 -3.8297774770985478 -20.590574131011962 -7.5874887097965589 -11.435628123283387 -1.0844616213528784 -16.785333577394486 0.059386231137646572 -10.070444599787395 -0.15681054924966567 -1.1236640680919994 -1.1131668905306744 -17.332532775402068
leaf_weight=7963 792 22 1891 1804 34 187 5946 48 32 145 32 835 38 36 815 64 20 32 23 20 44 25 373 20 90 24 3682 22 270 20
leaf_count=7963 792 22 1891 1804 34 187 5946 48 32 145 32 835 38 36 815 64 20 32 23 20 44 25 373 20 90 24 3682 22 270 20
internal_value=1.14648e-09 0.0998958 -0.724944 0.116479 0.0175578 -0.570213 0.23813 -1.82687 -3.07017 -2.08263 -8.15817 -0.143445 -5.38963 -2.41182 -0.603739 0.0277443 -4.63367 -2.33185 -2.60762 -11.6255 -1.71063 -1.57823 -2.37302 -5.39587 -3.7571 -2.07321 -0.0141524 -0.0925383 -2.15361 -8.84217
internal_weight=25349 22279 3070 22257 20453 5581 14872 1712 849 711 138 8926 106 74 863 8047 84 867 835 43 879 677 532 159 139 114 3869 2203 312 42
internal_count=25349 22279 3070 22257 20453 5581 14872 1712 849 711 138 8926 106 74 863 8047 84 867 835 43 879 677 532 159 139 114 3869 2203 312 42
is_linear=0
shrinkage=0.05


Tree=58
num_leaves=31
num_cat=0
split_feature=134 135 141 58 141 73 142 104 138 69 89 107 106 141 107 2 106 85 107 19 142 136 100 127 99 73 77 78 82 135
split_gain=710721 1.03776e+06 905734 777365 789314 733982 670100 596279 587900 1.97308e+06 672796 621906 1.34234e+06 1.28059e+06 1.06871e+06 2.99038e+06 1.02106e+06 1.00947e+06 873789 832205 914351 826903 1.1362e+06 952384 695392 816956 679709 949014 1.17875e+06 1.44781e+06
threshold=-137.24999999999997 -874.24999999999989 138.75000000000003 211.25000000000003 174.25000000000003 -3107.7499999999995 -74.749999999999986 1520.6406860351565 1178.973083496094 -436.28350830078119 1178.973083496094 189.75000000000003 378.75000000000006 941.50000000000011 -631.74999999999989 1108.0000000000002 1015.2500000000001 498.25000000000006 645.25000000000011 943.51049804687511 -282.74999999999994 56.750000000000007 1237.7500000000002 336.25000000000006 -450.24999999999994 -169.74999999999997 -414.74999999999994 212.25000000000003 440.84324645996099 52.250000000000007
decision_type=2 2 2 2 2 2 2 2 2 2 2 2 2 2 2 2 2 2 2 2 2 2 2 2 2 2 2 2 2 2
left_child=5 3 6 -2 -5 -1 -3 -6 10 -10 11 12 13 17 15 24 -13 -4 19 20 -18 23 -23 -22 -14 -26 -16 28 -28 -30
right_child=1 2 8 4 7 -7 -8 -9 9 -11 -12 16 14 -15 26 -17 18 -19 -20 -21 21 22 -24 -25 25 -27 27 -29 29 -31
leaf_value=-7.4123882805428849 3.3674780536579174 0.16108285802455946 -0.35331483185759255 4.4825327396392822 -11.802166674561477 -0.67016858992211037 1.1106935107716109 -0.84662400704843022 -17.880232172012331 2.1393126245588063 8.7092082250685916 1.0397964420439794 5.510340117272877 -9.1758487163445892 0.78937135192349706 -24.072246417999267 3.1627404329023867 1.5118356671931998 0.043315765495401011 -10.184575834870339 -16.209189143388169 -0.89474210402061205 -11.441854595286507 -3.3182280540466311 -12.710723540896462 0.79321397940317795 -1.6413507334320678 -1.1565920845915876 -2.856144577497012 -12.829283696844961
leaf_weight=41 383 7910 5055 29 23 2612 2428 27 20 32 21 2046 21 39 289 20 76 847 1518 32 23 290 28 38 21 24 197 1113 77 69
leaf_count=41 383 7910 5055 29 23 2612 2428 27 20 32 21 2046 21 39 289 20 76 847 1518 32 23 290 28 38 21 24 197 1113 77 69
internal_value=1.28856e-09 0.0905176 0.041781 2.43599 -2.07994 -0.774364 0.38411 -5.88617 -0.255714 -5.56051 -0.232423 -0.248306 -0.510114 -0.145319 -1.69375 -7.13507 0.253984 -0.0856458 -0.547898 -2.39074 -1.8426 -2.84631 -1.82342 -8.17875 -2.00259 -5.50862 -1.42559 -1.86523 -4.16469 -7.56948
internal_weight=25349 22696 22234 462 79 2653 10338 50 11896 52 11844 11823 7772 5941 1831 86 4051 5902 2005 487 455 379 318 61 66 45 1745 1456 343 146
internal_count=25349 22696 22234 462 79 2653 10338 50 11896 52 11844 11823 7772 5941 1831 86 4051 5902 2005 487 455 379 318 61 66 45 1745 1456 343 146
is_linear=0
shrinkage=0.05


Tree=59
num_leaves=31
num_cat=0
split_feature=33 134 135 24 141 127 79 121 88 77 26 127 47 63 58 128 92 120 19 12 94 29 127 127 48 108 128 112 135 134
split_gain=662160 663674 974276 718706 657387 691541 1.08528e+06 958148 866643 1.68989e+06 694142 1.00699e+06 766348 743897 1.26493e+06 825675 667226 659923 731717 956562 780671 1.43677e+06 761388 772640 631895 626202 708570 1.20521e+06 774902 817653
threshold=252.31411743164065 -137.24999999999997 -874.24999999999989 2352.5000000000005 76.250000000000014 213.25000000000003 1171.0000000000002 -240.24999999999997 1847.6875000000002 1688.2500000000002 375.86410522460943 209.75000000000003 387.32446289062506 34.250000000000007 -278.74999999999994 -155.24999999999997 783.25000000000011 221.75000000000003 437.37991333007818 431.86622619628912 205.25000000000003 921.25000000000011 82.250000000000014 41.750000000000007 -2602.3491210937495 -1962.2499999999998 -82.249999999999986 2047.7500000000002 134.75000000000003 967.25000000000011
decision_type=2 2 2 2 2 2 2 2 2 2 2 2 2 2 2 2 2 2 2 2 2 2 2 2 2 2 2 2 2 2
left_child=-1 24 3 -3 -4 6 7 -6 -8 -10 -9 12 13 14 15 -12 -15 18 -14 -20 22 -22 23 -21 -2 -7 27 28 -27 -30
right_child=1 2 4 -5 5 25 8 10 9 -11 11 -13 17 16 -16 -17 -18 -19 19 20 21 -23 -24 -25 -26 26 -28 -29 29 -31
leaf_value=0.82894552012346689 -4.0755902620879088 2.8735867105121393 0.47646663201586553 -4.7910008517178628 -0.022508149474264376 -8.5327642531622026 -1.4526106217239478 -0.57553162599045982 -18.446397215979442 -1.8590740827953114 -10.886388372730565 -13.42292405873537 0.041128327018060025 1.0616539255661124 -18.885113031864165 -1.3271873834318129 -8.9559061202135961 0.37424982730299239 -12.991251793929511 -1.9252896143218221 -14.729939836774555 0.46576517309461329 1.7049183085064095 -12.729068718785825 -0.65248817159416372 1.228565450930287 -0.1468848992790607 -10.503257436337678 -1.0047969696545367 -11.848165105638051
leaf_weight=2200 143 418 4764 33 4033 21 79 1389 28 34 37 20 159 68 20 58 22 320 28 59 35 28 90 23 2356 2084 6655 23 101 21
leaf_count=2200 143 418 4764 33 4033 21 79 1389 28 34 37 20 159 68 20 58 22 320 28 59 35 28 90 23 2356 2084 6655 23 101 21
internal_value=2.38768e-10 -0.0787801 0.0143531 2.31276 -0.0369654 -0.195436 -0.586264 -0.490506 -4.92528 -9.35012 -1.29162 -2.32022 -2.08574 -4.79177 -7.45631 -5.05024 -1.38708 -1.33811 -2.63659 -4.25544 -3.21457 -7.97629 -1.47045 -4.95562 -0.848368 0.0911569 0.111542 0.883113 1.00183 -2.87128
internal_weight=25349 23149 20650 451 20199 15435 6530 6389 141 62 2356 967 947 205 115 95 90 742 422 263 235 63 172 82 2499 8905 8884 2229 2206 122
internal_count=25349 23149 20650 451 20199 15435 6530 6389 141 62 2356 967 947 205 115 95 90 742 422 263 235 63 172 82 2499 8905 8884 2229 2206 122
is_linear=0
shrinkage=0.05


Tree=60
num_leaves=31
num_cat=0
split_feature=142 141 110 94 99 113 107 106 6 92 106 37 127 134 106 85 142 4 141 123 0 3 96 115 110 145 36 131 145 124
split_gain=644168 674537 963868 691371 602264 719994 1.9459e+06 1.25064e+06 2.50631e+06 1.57866e+06 1.11462e+06 1.03477e+06 786274 774766 817963 825067 810770 709047 883983 611731 696917 2.50435e+06 718482 816818 631226 1.64983e+06 1.20864e+06 725546 653526 676651
threshold=-42.249999999999993 941.50000000000011 611.96658325195324 933.25000000000011 -2166.7499999999995 -487.24999999999994 -582.24999999999989 364.75000000000006 -70.564044952392564 252.75000000000003 -16.749999999999996 1253.7500000000002 -634.24999999999989 764.25000000000011 -211.74999999999997 -927.74999999999989 -53.249999999999993 -543.30749511718739 175.75000000000003 2279.2375488281255 700.25000000000011 915.25000000000011 582.66491699218761 -394.24999999999994 651.73046875000011 634.06787109375011 -1075.7499999999998 408.08573913574224 344.69586181640631 361.96223449707037
decision_type=2 2 2 2 2 2 2 2 2 2 2 2 2 2 2 2 2 2 2 2 2 2 2 2 2 2 2 2 2 2
left_child=4 -2 3 -3 17 -6 7 13 -9 -10 -8 -11 -12 14 15 -7 19 18 -1 20 24 -22 23 -23 27 -26 -27 28 -16 -30
right_child=1 2 -4 -5 5 6 10 8 9 11 12 -13 -14 -15 16 -17 -18 -19 -20 -21 21 22 -24 -25 25 26 -28 -29 29 -31
leaf_value=-7.7434057971526844 0.74737593899513544 -15.492619061470032 3.8441412985324863 -3.0203132333755498 0.72222133418883927 -2.4607552732965154 0.96755802240598487 0.43291719806821727 -22.771612701416018 0.26147028155948804 -8.9976462593078619 -15.289096183776856 -0.12197553473362939 4.3999458696693186 -1.2211421654583552 -0.1095547096185011 -9.5480492375992441 -10.418154934247335 3.8480625472570722 1.5661823369910786 -21.199154069206934 -14.48555491447449 2.1344818899366591 -2.2547867966252704 -17.691292910142376 -9.0248262445131946 3.3285704786127264 -0.10629379753334528 -14.515589884519578 -4.4574623241144069
leaf_weight=29 3291 20 24 25 2474 473 2754 76 25 23 25 20 13094 64 156 1767 37 30 38 107 22 20 45 43 22 36 44 443 20 102
leaf_count=29 3291 20 24 25 2474 473 2754 76 25 23 25 20 13094 64 156 1767 37 30 38 107 22 20 45 43 22 36 44 443 20 102
internal_value=1.4252e-10 0.644796 -4.24784 -8.56356 -0.0985271 -0.0811089 -0.183459 -1.24259 -5.80664 -12.7803 0.0530817 -6.97135 -0.138889 -1.04934 -1.15386 -0.606036 -2.27247 -4.02966 -1.16914 -2.01851 -2.42099 -5.82305 -2.69088 -6.13757 -1.8836 -5.56515 -2.23046 -1.36277 -3.365 -6.10634
internal_weight=25349 3360 69 45 21989 21892 19418 3545 144 68 15873 43 13119 3401 3337 2240 1097 97 67 1060 953 130 108 63 823 102 80 721 278 122
internal_count=25349 3360 69 45 21989 21892 19418 3545 144 68 15873 43 13119 3401 3337 2240 1097 97 67 1060 953 130 108 63 823 102 80 721 278 122
is_linear=0
shrinkage=0.05


Tree=61
num_leaves=31
num_cat=0
split_feature=142 41 135 108 50 141 127 106 107 68 30 137 78 98 64 2 138 38 79 141 5 100 134 61 3 142 18 113 107 0
split_gain=600492 969747 933094 640265 983088 606945 661868 704482 1.41531e+06 1.19299e+06 964366 613513 646724 1.02997e+06 800525 2.05485e+06 626777 722243 616397 601910 656033 596591 1.24533e+06 968224 731127 1.54107e+06 614400 1.05547e+06 1.02598e+06 2.97625e+06
threshold=-205.74999999999997 4646.2492675781259 -373.74999999999994 2363.5000000000005 2701.5000000000005 108.75000000000001 463.25000000000006 153.75000000000003 -4.2499999999999991 659.34884643554699 -1171.2499999999998 -2366.295043945312 178.75000000000003 -66.249999999999986 -97.249999999999986 -504.74999999999994 450.19306945800787 -63.749999999999993 -209.24999999999997 517.75000000000011 1080.143493652344 -2483.2499999999995 719.75000000000011 876.19470214843761 -3188.9999999999995 -727.74999999999989 -933.49749755859364 -407.24999999999994 -483.74999999999994 803.75000000000011
decision_type=2 2 2 2 2 2 2 2 2 2 2 2 2 2 2 2 2 2 2 2 2 2 2 2 2 2 2 2 2 2
left_child=3 2 -2 21 -5 -4 7 -7 10 -10 -9 -12 13 16 -15 -16 -13 -18 -17 -8 -21 22 23 24 25 -1 27 -23 29 -29
right_child=1 -3 5 4 -6 6 19 8 9 -11 11 12 -14 14 15 18 17 -19 -20 20 -22 26 -24 -25 -26 -27 -28 28 -30 -31
leaf_value=-18.977798870631627 1.4235306210705412 -8.9543617182764503 0.51060873620009151 -14.556647243499757 -0.24546349426110586 0.10572942556904377 0.86592014990860644 1.0609549024030176 0.051403107043722134 -9.0114615427481155 -9.8343179098765052 -1.1670156378298999 -1.5059580235465972 -1.6369015962989242 -21.78915366560221 -1.14651403767722 -14.639987380504607 -1.6482574568494508 -8.7881377916520744 -0.73779656130684357 7.9849476727572357 0.65175248371021022 -14.624991432825723 4.4155530376602776 -0.77643765601955472 -0.041507443514737216 0.082617933347026107 -2.1989871240608645 -0.5495838280389419 -19.376821085122916
leaf_weight=21 1416 29 5287 20 30 2906 2294 191 1952 37 30 256 614 54 25 42 20 23 71 1067 22 922 21 46 61 22 5519 836 1489 26
leaf_count=21 1416 29 5287 20 30 2906 2294 191 1952 37 30 256 614 54 25 42 20 23 71 1067 22 922 21 46 61 22 5519 836 1489 26
internal_value=-2.32952e-09 0.180761 0.197007 -0.327628 -5.96994 0.0803754 -0.156468 -0.462559 -0.960733 -0.117187 -2.22605 -2.7792 -2.58765 -3.94032 -6.79809 -8.81768 -2.10524 -7.69092 -5.94789 0.406403 -0.56158 -0.296153 -3.22116 -1.62463 -4.29625 -9.28946 -0.239263 -0.782024 -1.34431 -2.71711
internal_weight=25349 16336 16307 9013 50 14891 9604 6221 3315 1989 1326 1135 1105 491 192 138 299 43 113 3383 1089 8963 171 150 104 43 8792 3273 2351 862
internal_count=25349 16336 16307 9013 50 14891 9604 6221 3315 1989 1326 1135 1105 491 192 138 299 43 113 3383 1089 8963 171 150 104 43 8792 3273 2351 862
is_linear=0
shrinkage=0.05


Tree=62
num_leaves=31
num_cat=0
split_feature=106 134 107 107 106 107 78 87 133 44 107 92 101 2 90 61 52 141 112 142 106 101 142 121 107 135 76 33 4 136
split_gain=587792 2.11739e+06 1.01693e+06 813564 633650 1.42818e+06 1.11131e+06 905232 1.56886e+06 1.55462e+06 1.55178e+06 1.15465e+06 1.19781e+06 861873 1.01387e+06 843463 754611 700908 692320 769324 903773 671352 666060 625980 821541 901547 987162 1.36536e+06 725705 748772
threshold=996.25000000000011 1666.2500000000002 628.25000000000011 483.25000000000006 302.25000000000006 -38.749999999999993 -20.749999999999996 125.25000000000001 -653.24999999999989 370.25000000000006 -392.74999999999994 383.75000000000006 179.25000000000003 164.75000000000003 -546.15017700195301 598.86972045898449 593.75000000000011 598.25000000000011 237.25000000000003 -157.74999999999997 523.25000000000011 -132.24999999999997 -481.24999999999994 -529.74999999999989 -659.74999999999989 -247.74999999999997 -427.99990844726557 617.03479003906261 847.07250976562511 113.75000000000001
decision_type=2 2 2 2 2 2 2 2 2 2 2 2 2 2 2 2 2 2 2 2 2 2 2 2 2 2 2 2 2 2
left_child=1 3 -2 4 6 7 13 8 -6 11 -11 15 -13 23 -15 18 -12 -17 19 22 -21 -9 -10 -1 25 26 27 28 29 -25
right_child=2 -3 -4 -5 5 -7 -8 21 9 10 16 12 -14 14 -16 17 -18 -19 -20 20 -22 -23 -24 24 -26 -27 -28 -29 -30 -31
leaf_value=0.50596491559351486 -2.0991903726441192 -15.41465542533181 -0.077720704575965915 1.4498662338566 -16.612870523929598 0.075716050348381997 0.74451274513774468 5.2710002462069196 -9.2374889396485838 -17.09921734929085 3.5306470497794771 -17.942480021431333 -2.3728600025177005 -11.670439826448758 -1.2687560205745618 4.478341172216008 -6.9462821753586041 -5.0097341964642208 0.3748730344431741 -4.3768295605977379 -15.765780482292175 -0.81386805039424837 0.302910440929339 -1.8022922890361892 0.05492279159528516 -0.45401547768772049 1.678245715717203 -12.127401916623116 -12.401098973751068 -11.620390909910203
leaf_weight=3750 867 22 2203 1070 20 4603 5946 48 21 32 23 21 30 24 981 103 68 24 210 135 20 815 142 258 2997 745 80 50 20 21
leaf_count=3750 867 22 2203 1070 20 4603 5946 48 21 32 23 21 30 24 981 103 68 24 210 135 20 815 142 258 2997 745 80 50 20 21
internal_value=-8.75538e-10 0.0893764 -0.648605 0.104701 0.036767 -0.382855 0.214948 -1.6158 -2.77498 -2.44113 -7.6286 -1.53737 -8.78388 -0.137818 -1.51715 -0.973134 -4.29827 2.68532 -1.8531 -3.32441 -5.84637 -0.475428 -0.926221 0.0371896 -0.38427 -1.50545 -3.33136 -4.47969 -3.20081 -2.54129
internal_weight=25349 22279 3070 22257 21187 6315 14872 1712 849 829 123 706 51 8926 1005 655 91 127 528 318 155 863 163 7921 4171 1174 429 349 299 279
internal_count=25349 22279 3070 22257 21187 6315 14872 1712 849 829 123 706 51 8926 1005 655 91 127 528 318 155 863 163 7921 4171 1174 429 349 299 279
is_linear=0
shrinkage=0.05


Tree=63
num_leaves=31
num_cat=0
split_feature=142 141 110 94 141 100 92 4 108 107 113 117 107 135 106 41 100 106 107 15 5 47 127 134 106 114 92 86 100 106
split_gain=562385 591549 884256 628174 510541 504095 733599 495342 459216 738290 452920 1.25507e+06 1.1087e+06 1.17657e+06 1.15791e+06 1.68589e+06 1.11581e+06 745194 700422 755507 711464 816813 802177 662871 639892 614009 719872 1.03956e+06 611396 1.16206e+06
threshold=-42.249999999999993 941.50000000000011 611.96658325195324 933.25000000000011 76.250000000000014 -1203.2499999999998 -330.74999999999994 -5254.8701171874991 -515.74999999999989 -844.24999999999989 -487.24999999999994 1178.973083496094 -557.74999999999989 -1414.2499999999998 413.75000000000006 -313.29089355468744 -379.74999999999994 -16.749999999999996 -130.24999999999997 3562.0000000000005 909.93881225585949 813.04827880859386 597.25000000000011 694.25000000000011 351.75000000000006 -554.24999999999989 532.25000000000011 -47.249999999999993 -1633.2499999999998 -719.49999999999989
decision_type=2 2 2 2 2 2 2 2 2 2 2 2 2 2 2 2 2 2 2 2 2 2 2 2 2 2 2 2 2 2
left_child=4 -2 3 -3 5 6 8 -7 -1 -10 11 -6 14 -14 23 -16 -17 -15 19 20 21 -19 -22 25 -20 28 27 -27 29 -12
right_child=1 2 -4 -5 10 7 -8 -9 9 -11 12 -13 13 17 15 16 -18 18 24 -21 22 -23 -24 -25 -26 26 -28 -29 -30 -31
leaf_value=-0.25414903457287691 0.69853866637158901 -14.717754340171815 3.7712831410268941 -2.8291354379653932 0.6429930660416816 8.0833014658519211 -10.621172001361849 0.3902633027031126 -9.4827910754415736 1.701980525493622 0.80292470608002109 -11.372436202656139 -11.671484585241839 0.9464691981816522 0.21703725072470578 -20.858346856724133 -6.7756053404930316 -1.0661825139446488 0.94124735481645494 6.65373491793871 -14.119067930091513 7.5235872609274725 -0.28329319477081299 3.1427573097788772 -0.24295667641740001 -2.2842695871541769 3.6096058164324081 -11.92707822980552 -0.31740373935508981 -7.7220072259990182
leaf_weight=417 3291 20 24 25 1794 21 20 5799 36 25 78 22 22 1482 55 22 39 2390 1427 32 22 28 20 92 5687 772 49 29 1527 82
leaf_count=417 3291 20 24 25 1794 21 20 5799 36 25 78 22 22 1482 55 22 39 2390 1427 32 22 28 20 92 5687 772 49 29 1527 82
internal_value=-1.93514e-09 0.602476 -3.97931 -8.11297 -0.0920605 0.287378 -1.23943 0.418022 -0.846885 -4.89887 -0.245037 0.497432 -0.342353 -0.120029 -1.24218 -6.13099 -11.8546 -0.0971094 -0.258111 -0.979487 -1.07878 -0.966715 -7.5306 -1.02647 -0.00541673 -1.17766 -2.27349 -2.63339 -0.62552 -3.5661
internal_weight=25349 3360 69 45 21989 6318 498 5820 478 61 15671 1816 13855 11110 2745 116 61 11088 9606 2492 2460 2418 42 2629 7114 2537 850 801 1687 160
internal_count=25349 3360 69 45 21989 6318 498 5820 478 61 15671 1816 13855 11110 2745 116 61 11088 9606 2492 2460 2418 42 2629 7114 2537 850 801 1687 160
is_linear=0
shrinkage=0.05


Tree=64
num_leaves=31
num_cat=0
split_feature=86 107 145 16 17 108 79 85 134 106 107 55 133 87 103 86 134 128 121 106 128 124 80 133 79 12 127 79 117 54
split_gain=538043 1.34015e+06 904254 791399 1.0462e+06 1.42921e+06 884867 788928 1.06694e+06 927639 1.53853e+06 870654 784746 841560 932815 820510 746136 963734 716337 703038 681853 659422 1.0177e+06 630771 825901 618161 606968 665416 1.0861e+06 597529
threshold=762.25000000000011 -754.24999999999989 1080.143493652344 1.0000000180025095e-35 38.250000000000007 298.25000000000006 1171.0000000000002 390.25000000000006 1492.0000000000002 153.75000000000003 -4.2499999999999991 -2344.5371093749995 -678.24999999999989 -940.74999999999989 789.40969848632824 -609.74999999999989 36.250000000000007 129.25000000000003 -74.249999999999986 1291.2500000000002 324.25000000000006 983.12179565429699 2759.7500000000005 279.75000000000006 -1324.4999999999998 572.29693603515636 1227.7500000000002 -299.74999999999994 582.66491699218761 590.47375488281261
decision_type=2 2 2 2 2 2 2 2 2 2 2 2 2 2 2 2 2 2 2 2 2 2 2 2 2 2 2 2 2 2
left_child=7 -2 3 4 6 -6 19 8 9 16 12 -9 15 -14 29 -11 -1 -18 23 -3 -7 -5 -23 -19 -25 -8 27 -12 -29 -15
right_child=1 2 -4 21 5 20 25 11 -10 10 26 -13 13 14 -16 -17 17 18 -20 -21 -22 22 -24 24 -26 -27 -28 28 -30 -31
leaf_value=-0.3300120158211664 -13.228471942175004 -1.8633422738248175 6.8208181544048037 -0.2645890569394499 4.2157129955291754 -14.091733305692674 -1.2317878222465515 -6.9249634828322968 -9.8674558567149315 -15.300788384392149 1.4927974810144276 0.56674586488754952 1.8287702200893798 -1.8163980485586646 -9.6719026462899311 -1.1500481700897216 0.64294461881466158 -0.70889705889152754 -0.69481298677513703 5.3807184984099194 -3.3555504344758535 -11.967482446034751 2.0121031429456631 -2.6534918343027432 -15.192616960920137 -13.514321844918388 -5.9590346010107744 -0.079941579626454276 -9.1448851582758568 1.0486093133687973
leaf_weight=4622 21 91 41 2487 20 50 20 39 28 21 847 6920 184 2021 36 20 5997 33 204 53 21 30 23 24 29 21 38 1174 34 200
leaf_count=4622 21 91 41 2487 20 50 20 39 28 21 847 6920 184 2021 36 20 5997 33 204 53 21 30 23 24 29 21 38 1174 34 200
internal_value=-2.11478e-10 -0.643671 -0.551168 -0.658502 -3.20131 -7.59054 -1.04228 0.0824389 -0.115996 -0.0983618 -0.695968 0.52476 -1.53797 -1.42274 -1.68782 -8.39799 0.152261 0.506813 -2.30829 0.802875 -10.9162 -0.382196 -5.90087 -6.13562 -9.51452 -7.52284 0.302522 0.418308 -0.335081 -1.55841
internal_weight=25349 2878 2857 2816 276 91 185 22471 15512 15484 4575 6959 2482 2441 2257 41 10909 6287 290 144 71 2540 53 86 53 41 2093 2055 1208 2221
internal_count=25349 2878 2857 2816 276 91 185 22471 15512 15484 4575 6959 2482 2441 2257 41 10909 6287 290 144 71 2540 53 86 53 41 2093 2055 1208 2221
is_linear=0
shrinkage=0.05


Tree=65
num_leaves=31
num_cat=0
split_feature=33 54 26 54 33 68 12 33 40 26 68 142 141 137 54 26 138 120 120 23 126 96 110 31 12 142 106 136 107 120
split_gain=504946 562856 802012 654930 906629 715776 573144 590002 723656 509408 488684 482723 1.18919e+06 603994 435316 669345 855464 432050 575928 653160 636302 572765 1.1329e+06 1.67572e+06 400122 637592 394472 1.21439e+06 812308 715100
threshold=252.31411743164065 269.78489685058599 292.96740722656256 311.52226257324224 342.26817321777349 292.84416198730474 365.86172485351568 388.65107727050787 374.52761840820318 349.79919433593756 250.48880767822268 -396.24999999999994 326.75000000000006 -920.33749389648426 353.65156555175787 382.29176330566412 320.73574829101568 789.75000000000011 338.25000000000006 1262.2500000000002 259.25000000000006 362.07260131835943 355.79006958007818 389.75000000000006 269.84478759765631 -350.24999999999994 996.25000000000011 1067.5000000000002 397.25000000000006 80.250000000000014
decision_type=2 2 2 2 2 2 2 2 2 2 2 2 2 2 2 2 2 2 2 2 2 2 2 2 2 2 2 2 2 2
left_child=-1 10 24 5 -5 -4 17 11 -9 -7 -2 12 13 -8 15 -13 -17 18 -6 21 -21 22 -20 -24 25 -3 27 28 -10 -28
right_child=1 2 3 4 6 9 7 8 26 -11 -12 14 -14 -15 -16 16 -18 -19 19 20 -22 -23 23 -25 -26 -27 29 -29 -30 -31
leaf_value=0.72388026086723611 0.30138226187506389 -9.01121194012463 0.23803555597985013 0.98888358476187721 -0.62688631252372407 -1.7196035674595482 -3.1796819959645686 -8.6467888445854193 -0.089918520648516756 -8.813015304505825 -1.7578956450699463 0.7053672401194877 -11.404733501947844 2.1403286148009339 1.4884422137002078 -13.124986959639052 -1.4487114312187319 1.6954429076142508 -1.5617514354321693 -14.984954242706301 -3.3922273109699121 0.23720426273917009 -3.3024416488409045 -20.482546639442447 1.5190881304133212 0.15057410351694267 -5.4283867488304773 -11.733734694394199 1.731217932995033 -0.55783629730758488
leaf_weight=2200 430 20 644 2025 1404 954 92 25 9607 26 873 282 26 127 1360 21 62 146 180 20 29 167 40 22 1209 376 78 22 654 2228
leaf_count=2200 430 20 644 2025 1404 954 92 25 9607 26 873 282 26 127 1360 21 62 146 180 20 29 167 40 22 1209 376 78 22 654 2228
internal_value=-7.74083e-10 -0.068795 -0.00858226 -0.0938915 -0.00988945 -1.05686 -0.131786 -0.022744 -0.148424 -1.9078 -1.07832 0.781989 -1.29482 -0.0945617 1.07696 -0.45625 -4.40295 -0.923757 -1.12913 -2.66875 -8.12395 -2.0152 -3.56954 -9.39861 1.06727 -0.312142 -0.131547 0.000994567 0.0261543 -0.722582
internal_weight=25349 23149 21846 20241 18617 1624 16592 14584 12614 980 1303 1970 245 219 1725 365 83 2008 1862 458 49 409 242 62 1605 396 12589 10283 10261 2306
internal_count=25349 23149 21846 20241 18617 1624 16592 14584 12614 980 1303 1970 245 219 1725 365 83 2008 1862 458 49 409 242 62 1605 396 12589 10283 10261 2306
is_linear=0
shrinkage=0.05


Tree=66
num_leaves=31
num_cat=0
split_feature=134 135 50 36 24 141 48 127 79 70 2 145 108 121 33 127 33 120 129 94 5 40 133 115 122 122 105 114 121 119
split_gain=489778 845109 645124 832944 866636 598456 588893 545775 856285 746447 890164 833139 785440 685964 777316 605068 780711 595281 591408 729267 805115 582326 569395 698439 851745 720804 566871 677450 638381 1.20291e+06
threshold=-137.24999999999997 -874.24999999999989 1003.7500000000001 1342.7500000000002 2263.5000000000005 76.250000000000014 -2602.3491210937495 213.25000000000003 1171.0000000000002 1501.5000000000002 1715.2500000000002 518.71133422851574 508.75000000000006 -240.24999999999997 371.84405517578131 209.75000000000003 377.31602478027349 221.75000000000003 49.250000000000007 236.25000000000003 419.86054992675787 406.79582214355474 -30.249999999999996 251.25000000000003 325.75000000000006 289.25000000000006 -380.74999999999994 -430.24999999999994 -62.749999999999993 66.250000000000014
decision_type=2 2 2 2 2 2 2 2 2 2 2 2 2 2 2 2 2 2 2 2 2 2 2 2 2 2 2 2 2 2
left_child=6 2 -2 -4 -5 -3 -1 8 13 11 -11 -10 -12 -7 -15 16 -16 18 26 -20 -21 -19 23 -9 25 -25 27 -18 -28 -30
right_child=1 5 3 4 -6 7 -8 22 9 10 12 -13 -14 14 15 -17 17 21 19 20 -22 -23 -24 24 -26 -27 28 -29 29 -31
leaf_value=-3.7523160803028279 3.053235976308037 0.47359054541999923 -10.715385479927065 7.9574671525221605 -4.0937990461077005 0.025051668140038397 -0.46436456954303423 2.7738162226231635 -3.8179475177418105 3.7497051574463067 -12.268775274276734 -16.379456485401501 0.6849364464933223 -0.33727722077012484 -9.0135106215605862 -9.7614153289794938 -2.5377246086086549 -3.9918014491859233 2.3139200754885407 1.2988101015488307 -12.718551201820375 0.89988595257039938 0.0096898002430974364 -1.5074389436095954 2.0779024904491892 -11.359980705806187 -1.7049768213335783 -11.320799186437027 -15.677380027770997 -0.82703590075174971
leaf_weight=144 381 5688 20 26 35 4263 2509 431 33 43 25 22 22 1712 37 25 42 76 106 21 20 305 8588 160 201 21 292 46 25 30
leaf_count=144 381 5688 20 26 35 4263 2509 431 33 43 25 22 22 1712 37 25 42 76 106 21 20 305 8588 160 201 21 292 46 25 30
internal_value=-8.03598e-10 0.0751421 2.19175 -1.86045 1.04281 0.0311612 -0.642829 -0.120932 -0.450327 -4.25347 -1.44904 -8.84255 -6.20534 -0.371547 -0.989268 -2.07825 -1.88617 -1.61233 -2.61815 0.12367 -5.53893 -0.0758837 0.129416 1.39412 -0.162543 -2.65055 -3.54469 -7.12888 -2.63573 -7.57719
internal_weight=25349 22696 462 81 61 22234 2653 16546 7145 145 90 55 47 7000 2737 1025 1000 963 582 147 41 381 9401 813 382 181 435 88 347 55
internal_count=25349 22696 462 81 61 22234 2653 16546 7145 145 90 55 47 7000 2737 1025 1000 963 582 147 41 381 9401 813 382 181 435 88 347 55
is_linear=0
shrinkage=0.05


Tree=67
num_leaves=31
num_cat=0
split_feature=142 141 110 94 99 4 141 113 107 106 106 57 52 133 106 37 117 50 144 97 126 88 1 122 86 12 26 141 99 54
split_gain=479941 526769 804519 568099 478483 617791 770233 525636 1.46408e+06 941634 857258 721457 1.47774e+06 1.25014e+06 752385 1.37608e+06 1.21894e+06 1.10644e+06 1.00646e+06 878088 770683 684532 1.09194e+06 660554 650049 638120 689540 626720 1.63985e+06 593589
threshold=-41.249999999999993 941.50000000000011 611.96658325195324 933.25000000000011 -2166.7499999999995 -543.30749511718739 175.75000000000003 -487.24999999999994 -582.24999999999989 -221.74999999999997 -16.749999999999996 -1088.7499999999998 -1248.7499999999998 -280.74999999999994 364.75000000000006 1004.7500000000001 594.56900024414074 737.25000000000011 570.62500000000011 -1177.947814941406 333.75000000000006 -845.70248413085926 455.25000000000006 -991.49999999999989 -1065.7499999999998 418.54588317871099 351.03741455078131 207.25000000000003 -185.74999999999997 579.40298461914074
decision_type=2 2 2 2 2 2 2 2 2 2 2 2 2 2 2 2 2 2 2 2 2 2 2 2 2 2 2 2 2 2
left_child=4 -2 3 -3 5 6 -1 -6 9 -9 -10 -11 13 -13 16 17 19 18 -16 -14 21 22 27 -12 -15 26 -23 -21 -29 -27
right_child=1 2 -4 -5 7 -7 -8 8 10 11 23 12 14 24 15 -17 -18 -19 -20 20 -22 25 -24 -25 -26 29 -28 28 -30 -31
leaf_value=-7.0540670937505272 0.6608139320643297 -13.978919860720636 3.6378706932067875 -2.6730723133087158 0.61750107786600539 -9.550676672458648 3.7659449966330278 -0.45374119249364897 0.84917761200698794 0.67032411041640749 -7.790194235529218 -18.917149420579275 3.3410323977064005 1.1037516448808755 -0.73090407089753595 -15.435744699938546 1.4983882487283813 7.1308621860685806 -14.356089275427488 -2.3757995671739702 -12.660566111973354 -0.50929462934795178 -16.273488254547118 -0.1023196462385349 -10.783844596406688 1.3313586594717846 -6.3123962088748149 -17.754189197833721 -0.59805866718292244 -7.2126705376998235
leaf_weight=29 3183 20 24 25 2481 30 38 2251 2768 194 28 24 55 23 33 29 225 21 23 152 21 95 20 13169 23 175 111 26 30 23
leaf_count=29 3183 20 24 25 2481 30 38 2251 2768 194 28 24 55 23 33 29 225 21 23 152 21 95 20 13169 23 175 111 26 30 23
internal_value=1.64927e-09 0.56712 -3.75502 -7.69789 -0.0834627 -3.58745 -0.917344 -0.0680133 -0.155147 -1.07295 0.049167 -2.14266 -2.63475 -9.66648 -2.161 -6.15281 -1.70748 -2.65665 -6.32696 -2.7263 -3.23733 -2.92422 -5.11466 -0.118631 -4.84005 -1.68803 -3.63621 -4.04169 -8.5634 0.33887
internal_weight=25349 3252 69 45 22097 97 67 22000 19519 3554 15965 1303 1109 70 1039 106 933 77 56 708 653 632 228 13197 46 404 206 208 56 198
internal_count=25349 3252 69 45 22097 97 67 22000 19519 3554 15965 1303 1109 70 1039 106 933 77 56 708 653 632 228 13197 46 404 206 208 56 198
is_linear=0
shrinkage=0.05


Tree=68
num_leaves=31
num_cat=0
split_feature=93 29 85 134 106 107 127 133 87 110 86 85 54 142 57 87 134 24 9 57 128 134 19 107 48 132 30 68 127 79
split_gain=444257 1.79285e+06 808168 916751 786310 1.32143e+06 709588 686514 777847 899595 722552 721285 852721 820618 1.72011e+06 887385 1.357e+06 1.74203e+06 1.09618e+06 752450 668688 786111 612516 587902 635994 859080 598756 695022 545691 594601
threshold=625.50000000000011 -894.24999999999989 390.25000000000006 1492.0000000000002 153.75000000000003 -4.2499999999999991 1324.5000000000002 -678.24999999999989 -683.24999999999989 813.04827880859386 -609.74999999999989 127.25000000000001 549.97891235351574 -437.74999999999994 -529.49999999999989 -40.749999999999993 229.75000000000003 55.500000000000007 669.75000000000011 1450.2500000000002 176.75000000000003 36.250000000000007 651.73046875000011 -614.74999999999989 -914.65051269531239 108.91798782348634 -947.74999999999989 1080.143493652344 1227.7500000000002 -299.74999999999994
decision_type=2 2 2 2 2 2 2 2 2 2 2 2 2 2 2 2 2 2 2 2 2 2 2 2 2 2 2 2 2 2
left_child=2 -2 3 4 20 7 23 10 -9 11 -6 13 19 14 -10 -15 18 -18 -17 -13 21 -1 -22 -3 -25 -26 -27 -28 29 -7
right_child=1 6 -4 -5 5 28 -8 8 9 -11 -12 12 -14 15 -16 16 17 -19 -20 -21 22 -23 -24 24 25 26 27 -29 -30 -31
leaf_value=-0.30876684386443554 -14.151501182715098 -8.7040080946424734 0.55160261824472989 -9.1528580171721323 -14.321911480313256 1.4033520042685157 1.2964273207898873 0.85780618593648639 -18.8135463455449 -11.310481499135495 -1.0427176332473755 -0.80114286962823944 3.6077377325722146 -1.4616986763842252 -2.238605966373366 -0.19337027599202827 -20.569002137013847 -1.5184763647261121 -13.084311218261718 -10.403088879585267 -1.696882153197423 0.55537714759498613 -10.013905752622165 7.7904975154183136 -11.069734846949579 7.1934756159782411 -0.66876422516424316 -9.7997995830717546 -5.6590735695864032 -0.32482344829033699
leaf_weight=4622 24 23 6466 28 21 847 502 351 23 24 20 718 112 980 49 94 28 21 20 21 149 6112 26 22 20 24 2736 21 38 1207
leaf_count=4622 24 23 6466 28 21 847 502 351 23 24 20 718 112 980 49 94 28 21 20 21 149 6112 26 22 20 24 2736 21 38 1207
internal_value=1.4383e-09 -0.534376 0.081991 -0.113774 -0.0974272 -0.647707 -0.436762 -1.42794 -1.32017 -1.68594 -7.84426 -1.57414 -0.457836 -2.35601 -7.53338 -2.02988 -5.44591 -12.4045 -2.45494 -1.074 0.133298 0.183282 -2.93255 -0.742476 -0.677611 -0.744122 -0.669864 -0.738315 0.277979 0.387818
internal_weight=25349 3372 21977 15511 15483 4574 3348 2482 2441 2090 41 2066 851 1215 72 1143 163 49 114 739 10909 10734 175 2846 2823 2801 2781 2757 2092 2054
internal_count=25349 3372 21977 15511 15483 4574 3348 2482 2441 2090 41 2066 851 1215 72 1143 163 49 114 739 10909 10734 175 2846 2823 2801 2781 2757 2092 2054
is_linear=0
shrinkage=0.05


Tree=69
num_leaves=31
num_cat=0
split_feature=33 54 26 54 33 68 58 75 26 142 141 10 37 40 33 87 141 128 127 14 127 115 120 37 121 127 79 85 72 66
split_gain=422671 519361 684195 605857 774838 632831 476229 519824 458187 435879 515577 1.40796e+06 648202 615304 498897 550758 480248 466173 802444 745196 913515 1.24177e+06 1.23633e+06 952885 779414 1.13028e+06 847267 1.09174e+06 1.15133e+06 793771
threshold=252.31411743164065 269.78489685058599 292.96740722656256 311.52226257324224 322.31147766113287 292.84416198730474 1244.7500000000002 250.48590087890628 349.79919433593756 -41.249999999999993 496.25000000000006 -1966.4999999999998 1790.2500000000002 433.61184692382818 539.11840820312511 1237.7500000000002 76.250000000000014 -942.24999999999989 213.25000000000003 -2304.4999999999995 -158.74999999999997 -394.24999999999994 -438.24999999999994 -1856.2499999999998 -281.74999999999994 209.75000000000003 1171.0000000000002 960.25000000000011 986.25000000000011 1465.2500000000002
decision_type=2 2 2 2 2 2 2 2 2 2 2 2 2 2 2 2 2 2 2 2 2 2 2 2 2 2 2 2 2 2
left_child=-1 6 -3 5 -5 -4 7 -2 -7 16 12 -12 -11 -14 15 -13 -6 -18 19 20 21 22 -19 -22 26 -26 27 28 -21 -28
right_child=1 2 3 4 9 8 -8 -9 -10 10 11 14 13 -15 -16 -17 17 18 -20 24 23 -23 -24 -25 25 -27 29 -29 -30 -31
leaf_value=0.66228617735461082 0.59292815475903382 0.98859144534416665 0.20747335412024712 1.4573014623711347 0.34014620016893182 -1.6317193855779477 -8.6887094593048086 -1.5857952466366863 -8.3590637335410491 1.2876884169816027 -13.363829682090065 -0.52714386222658649 -10.674662355943161 -0.16744920674123265 2.5736788256495609 -7.6330631978584051 0.65879170207879367 -13.903443365097047 -0.032868682668307739 -0.32198471516421012 1.0569630427612473 -19.015519754886629 2.1454994509617489 -9.0130141873513505 -1.4997926226373968 -12.217326409339904 -13.35040574281112 3.6236827753902823 -11.554360359648001 -2.0145622481691077
leaf_weight=2200 396 1605 644 866 3729 954 20 887 26 1392 22 157 22 38 102 33 1132 20 6274 2818 97 20 30 31 1538 25 23 178 23 47
leaf_count=2200 396 1605 644 866 3729 954 20 887 26 1392 22 157 22 38 102 33 1132 20 6274 2818 97 20 30 31 1538 25 23 178 23 47
internal_value=2.26097e-09 -0.0629414 -0.00510183 -0.0838962 -0.00310258 -1.01009 -1.03267 -0.913329 -1.8102 -0.0743498 0.671073 -1.16606 1.06836 -4.02009 -0.247046 -1.76133 -0.156703 -0.307874 -0.406244 -0.889245 -3.8934 -8.48592 -4.27408 -1.38186 -0.761381 -1.67122 -0.301014 -0.174921 -0.412919 -5.7392
internal_weight=25349 23149 21846 20241 18617 1624 1303 1283 980 17751 1766 314 1452 60 292 190 15985 12256 11124 4850 198 70 50 128 4652 1563 3089 3019 2841 70
internal_count=25349 23149 21846 20241 18617 1624 1303 1283 980 17751 1766 314 1452 60 292 190 15985 12256 11124 4850 198 70 50 128 4652 1563 3089 3019 2841 70
is_linear=0
shrinkage=0.05


Tree=70
num_leaves=31
num_cat=0
split_feature=106 134 112 141 73 107 16 41 31 93 19 121 52 62 138 144 105 16 121 78 42 136 106 107 78 52 115 114 128 106
split_gain=413136 1.67585e+06 732819 737770 774978 718635 588679 935783 743666 579665 891295 555602 555953 1.09854e+06 621094 656220 884652 804555 777334 1.32485e+06 929886 562380 540627 1.05452e+06 943928 771439 702291 1.59516e+06 668202 663522
threshold=1015.2500000000001 1666.2500000000002 769.25000000000011 21.250000000000004 2435.2500000000005 483.25000000000006 2741.5000000000005 2664.3842773437505 2213.0000000000005 1289.7500000000002 502.58158874511724 -790.74999999999989 -950.49999999999989 -1007.0854187011718 1080.143493652344 3492.997436523438 1037.5000000000002 2259.7500000000005 352.25000000000006 2116.5000000000005 1811.0000000000002 -19.249999999999996 302.25000000000006 189.75000000000003 95.750000000000014 201.75000000000003 -636.74999999999989 -895.74999999999989 -578.24999999999989 555.25000000000011
decision_type=2 2 2 2 2 2 2 2 2 2 2 2 2 2 2 2 2 2 2 2 2 2 2 2 2 2 2 2 2 2
left_child=1 5 3 -2 6 22 7 8 9 -5 -11 -4 -13 -14 15 17 -17 -15 19 -18 -20 -19 24 26 25 28 27 -24 -1 -25
right_child=2 -3 11 4 -6 -7 -8 -9 -10 10 -12 12 13 14 -16 16 18 21 20 -21 -22 -23 23 29 -26 -27 -28 -29 -30 -31
leaf_value=0.65781547088505565 -11.317165783473424 -13.719563523205844 -8.2545384858513167 -1.0945286937650429 -10.389963245391847 1.3067144767207339 6.4409926264182378 -11.594459913087929 6.0951676107943058 -1.1663024535050264 -13.11410479368987 5.1305106458663943 -9.868750315699085 -0.23179810186519345 5.8766584285469943 6.0684315408979153 -1.108953626015607 -2.0430116886677951 -9.0082481291559002 -15.283578421175481 -0.13894245979460804 4.1313725485596606 -0.22415344953536986 1.4512247951683985 0.76039586843120599 -1.6635867925675105 -0.80642669272849887 -16.986205794594508 -0.25452980740988623 -0.21122726582430099
leaf_weight=2925 21 22 21 415 25 1146 23 23 32 37 27 50 29 1700 43 28 34 46 36 32 165 186 40 969 4830 723 3728 22 6394 1577
leaf_count=2925 21 22 21 415 25 1146 23 23 32 37 27 50 29 1700 43 28 34 46 36 32 165 186 40 969 4830 723 3728 22 6394 1577
internal_value=3.22394e-12 0.073577 -0.553771 -2.11005 -1.77783 0.0871518 -1.39129 -1.72863 -1.28458 -1.77759 -6.20678 -0.157807 -0.0854224 -0.198862 -0.0753255 -0.190249 -2.38673 0.145135 -3.27341 -7.9815 -1.72747 2.90714 0.0212512 -0.365513 0.186026 -0.0902337 -0.894201 -6.17198 0.0318325 0.421497
internal_weight=25349 22376 2973 603 582 22354 557 534 511 479 64 2370 2349 2299 2270 2227 295 1932 267 66 201 232 21208 6336 14872 10042 3790 62 9319 2546
internal_count=25349 22376 2973 603 582 22354 557 534 511 479 64 2370 2349 2299 2270 2227 295 1932 267 66 201 232 21208 6336 14872 10042 3790 62 9319 2546
is_linear=0
shrinkage=0.05


Tree=71
num_leaves=31
num_cat=0
split_feature=134 135 141 64 65 73 93 91 86 73 96 138 45 0 138 107 106 127 106 35 81 106 110 135 135 141 135 92 142 140
split_gain=421383 779860 835222 757711 1.15162e+06 637894 606329 559622 760548 541992 607020 904141 541198 1.00218e+06 1.00674e+06 469405 1.18668e+06 820600 702070 698362 1.11943e+06 1.08755e+06 961811 901226 856371 1.31995e+06 801447 672041 1.29367e+06 937793
threshold=-137.24999999999997 -512.24999999999989 853.25000000000011 280.25000000000006 -517.24999999999989 2916.7500000000005 1493.5000000000002 1177.2500000000002 806.50000000000011 -3107.7499999999995 1023.3112182617189 909.93881225585949 802.25000000000011 2836.5000000000005 682.37133789062511 -573.74999999999989 -236.74999999999997 1025.2500000000002 98.250000000000014 1087.2500000000002 2452.402465820313 364.75000000000006 594.56900024414074 -253.74999999999997 -326.74999999999994 209.25000000000003 213.25000000000003 163.25000000000003 -555.24999999999989 757.25000000000011
decision_type=2 2 2 2 2 2 2 2 2 2 2 2 2 2 2 2 2 2 2 2 2 2 2 2 2 2 2 2 2 2
left_child=9 2 3 -2 -5 6 7 8 12 -1 11 -11 -6 14 -14 16 -3 19 -17 20 23 22 -21 24 -18 -26 -25 28 -20 -30
right_child=1 15 -4 4 5 -7 -8 -9 -10 10 -12 -13 13 -15 -16 18 17 -19 27 21 -22 -23 -24 26 25 -27 -28 -29 29 -31
leaf_value=-6.3004281776707352 1.818716866630798 0.057041337072512223 -7.8708252888459427 -10.625934571486255 1.712089469033353 8.9066554975509646 -7.0950422223409024 4.3727894524165567 -7.8626803912338801 -0.48271346828885309 6.686910458268791 -8.9397862961515795 -1.5160795242846514 6.7302825689315799 -11.765207530657451 0.6582985098868136 -2.0800172402963533 6.9417363827045158 -12.169484854698183 -8.4801682602034685 5.0650325459949039 -14.936167827606202 1.6443508184686 -0.60812845111693636 -4.5044301547902696 -16.402008015109647 -8.8420865789536514 0.082758821135698768 -0.83740970705213413 9.0980465412139893
leaf_weight=41 1317 2741 26 26 235 20 30 70 32 2551 29 32 119 28 30 4163 182 26 25 45 59 25 49 633 94 31 31 10351 2284 24
leaf_count=41 1317 2741 26 26 235 20 30 70 32 2551 29 32 119 28 30 4163 182 26 25 45 59 25 49 633 94 31 31 10351 2284 24
internal_value=9.7277e-10 0.0696983 1.03028 1.15163 -0.33743 0.136863 -0.185556 0.217721 -0.437357 -0.596258 -0.506721 -0.587486 0.139367 -1.94871 -3.57966 -0.0197299 -0.512834 -1.84222 0.0948896 -2.04099 -1.622 -5.66755 -3.20249 -2.02831 -4.26854 -7.45503 -0.992545 -0.0900261 -0.856634 -0.734095
internal_weight=25349 22696 1933 1907 590 564 544 514 444 2653 2612 2583 412 177 149 20763 3916 1175 16847 1149 1030 119 94 971 307 125 664 12684 2333 2308
internal_count=25349 22696 1933 1907 590 564 544 514 444 2653 2612 2583 412 177 149 20763 3916 1175 16847 1149 1030 119 94 971 307 125 664 12684 2333 2308
is_linear=0
shrinkage=0.05


Tree=72
num_leaves=31
num_cat=0
split_feature=99 4 141 108 86 107 145 16 17 108 79 80 84 127 22 3 124 118 65 144 5 24 115 135 52 131 127 106 106 61
split_gain=387664 597804 709335 458274 389383 1.05276e+06 751454 698454 920380 1.25649e+06 759807 652325 646153 609774 591453 577047 634992 1.12097e+06 580524 744463 1.02152e+06 930756 810611 624248 851417 568222 806956 487485 460512 614978
threshold=-2166.7499999999995 -543.30749511718739 175.75000000000003 -2265.7499999999995 762.25000000000011 -754.24999999999989 1080.143493652344 1.0000000180025095e-35 38.250000000000007 298.25000000000006 1171.0000000000002 918.50000000000011 977.25000000000011 875.25000000000011 25.250000000000004 36.750000000000007 983.12179565429699 2376.7673339843755 1495.2500000000002 3492.997436523438 621.82571411132824 2450.2500000000005 1148.2500000000002 394.25000000000006 2985.7500000000005 1178.973083496094 635.25000000000011 1379.7500000000002 1662.0000000000002 1023.3112182617189
decision_type=2 2 2 2 2 2 2 2 2 2 2 2 2 2 2 2 2 2 2 2 2 2 2 2 2 2 2 2 2 2
left_child=1 2 -1 -2 11 -6 7 8 10 -10 12 25 -7 27 -12 -9 18 -18 -17 -20 21 -21 -22 24 -23 -5 -27 -11 29 -13
right_child=3 -3 -4 4 5 6 -8 15 9 13 14 28 -14 -15 -16 16 17 -19 19 20 22 23 -24 -25 -26 26 -28 -29 -30 -31
leaf_value=-6.6054462794599864 6.2941695515451768 -9.009265583356223 3.5617519649721334 0.0392822127559826 -11.696345774332684 -5.1227495583466123 6.2600654892805148 6.3733302012085922 4.0060917997360228 -9.1573258107708337 -13.080711512565614 1.5787544398359135 2.6858249832730774 -2.7826735782623295 -1.0664443561008998 -0.86572246897998473 -14.416594133593819 0.55064455229660558 1.4692221633131575 -14.07120819921079 7.2216137054489877 1.4751100934784989 -2.4470183533170951 4.7474428517477856 -9.7192506995869863 -12.724853533790226 0.97790943059054303 -19.169763507843019 -4.6756032266787129 9.9032682543215547
leaf_weight=29 29 30 42 21620 21 35 41 32 20 31 20 627 109 20 21 1533 22 29 723 23 41 29 46 21 41 21 22 20 28 23
leaf_count=29 29 30 42 21620 21 35 41 32 20 31 20 627 109 20 21 1533 22 29 723 23 41 29 46 21 41 21 22 20 28 23
internal_value=-7.59868e-10 -3.09151 -0.591047 0.012367 0.0051434 -0.542251 -0.460265 -0.55811 -2.94694 -7.06378 -0.921897 0.0756596 0.787908 -10.1821 -6.92706 -0.298537 -0.383664 -5.90581 -0.269041 0.720907 -1.97079 -5.08467 2.10946 -2.81335 -5.08159 0.027862 -5.71414 -13.0838 1.60286 1.87331
internal_weight=25349 101 71 25248 25219 2878 2857 2816 276 91 185 22341 144 71 41 2540 2508 51 2457 924 201 114 87 91 70 21663 43 51 678 650
internal_count=25349 101 71 25248 25219 2878 2857 2816 276 91 185 22341 144 71 41 2540 2508 51 2457 924 201 114 87 91 70 21663 43 51 678 650
is_linear=0
shrinkage=0.05


Tree=73
num_leaves=31
num_cat=0
split_feature=141 108 12 141 17 52 58 135 98 2 128 55 100 141 102 18 108 45 127 106 140 141 126 127 107 106 107 106 107 107
split_gain=381157 672571 951637 1.22794e+06 1.09559e+06 790081 853200 670398 1.10855e+06 602812 555285 498928 489659 532262 626230 583302 463066 782561 506524 688540 785064 736832 683833 805967 657438 948630 676138 843526 719735 693547
threshold=786.00000000000011 268.25000000000006 409.76667785644537 1148.2500000000002 1455.7500000000002 210.75000000000003 -17.749999999999996 38.750000000000007 454.25000000000006 -243.74999999999997 -130.24999999999997 -336.02740478515619 518.25000000000011 890.75000000000011 5176.0375976562509 831.97500610351574 2363.5000000000005 2011.0000000000002 217.25000000000003 203.75000000000003 402.75000000000006 711.25000000000011 150.75000000000003 975.50000000000011 -315.24999999999994 -159.74999999999997 -557.74999999999989 -507.74999999999994 -1039.2499999999998 -832.24999999999989
decision_type=2 2 2 2 2 2 2 2 2 2 2 2 2 2 2 2 2 2 2 2 2 2 2 2 2 2 2 2 2 2
left_child=16 2 -2 4 10 -3 -7 -8 -9 -10 -4 -12 -11 15 -15 -14 18 -18 19 21 -21 24 23 -20 25 26 27 28 -1 -29
right_child=1 5 3 -5 -6 6 7 8 9 12 11 -13 13 14 -16 -17 17 -19 22 20 -22 -23 -24 -25 -26 -27 -28 29 -30 -31
leaf_value=-0.14409411096077815 -13.849388315564111 3.1620536961592736 6.776274893923504 -11.903921861307962 -8.5504678344726557 -11.389102274179459 5.5152153542167266 -10.846319793832713 6.1021821252504989 3.1437960363351385 -5.2997061622553865 4.9656295597553255 -13.014473447345551 -0.072618464010884051 -9.1668567248753146 -2.7238416612148288 -12.418623981475831 -0.44707742513612259 1.0404527106733583 -0.66781913467198417 -10.361725062415715 9.4196881793794187 0.059543558118583056 -8.3570114633311388 0.75001776219561189 -1.1239738424969552 1.2804225225113612 -2.2647543372461807 1.5556258761319084 -0.24257871654408283
leaf_weight=1812 21 128 41 28 30 20 38 29 30 52 29 20 21 192 21 40 20 43 2849 3835 21 21 7600 23 2493 1991 1064 643 949 1245
leaf_count=1812 21 128 41 28 30 20 38 29 30 52 29 20 21 192 21 40 20 43 2849 3835 21 21 7600 23 2493 1991 1064 643 949 1245
internal_value=1.10009e-09 -1.11808 -3.88883 -2.47551 -0.275547 -0.298014 -1.29776 -0.82063 -1.44599 -0.680229 2.48276 -1.10977 -1.30438 -2.14856 -0.969234 -6.26652 0.033621 -4.24757 0.0446091 -0.151314 -0.720613 0.063524 0.307923 0.965194 0.0442556 -0.184128 0.143412 -0.116812 0.440127 -0.931275
internal_weight=25349 740 169 148 120 571 443 423 385 356 90 49 326 274 213 61 24609 63 24546 14074 3856 10218 10472 2872 10197 7704 5713 4649 2761 1888
internal_count=25349 740 169 148 120 571 443 423 385 356 90 49 326 274 213 61 24609 63 24546 14074 3856 10218 10472 2872 10197 7704 5713 4649 2761 1888
is_linear=0
shrinkage=0.05


Tree=74
num_leaves=31
num_cat=0
split_feature=142 134 99 4 61 113 107 0 36 108 106 27 127 127 126 3 114 120 120 55 142 46 106 114 66 63 144 64 106 22
split_gain=369662 549122 377802 490485 616749 393372 1.14034e+06 907254 1.50107e+06 1.03334e+06 778116 737386 691329 599811 593135 779879 685677 660508 623222 577204 673334 577014 562689 617957 706501 1.19128e+06 1.66583e+06 751022 775329 674411
threshold=-17.249999999999996 1315.7500000000002 -2166.7499999999995 -543.30749511718739 770.76763916015636 -487.24999999999994 -573.74999999999989 700.25000000000011 -373.24999999999994 6.2500000000000009 -16.749999999999996 891.43197631835949 55.250000000000007 -634.24999999999989 -266.24999999999994 970.25000000000011 -1049.2499999999998 -438.24999999999994 -293.24999999999994 770.73071289062511 -326.74999999999994 1055.6074829101565 -204.74999999999997 -784.24999999999989 -724.74999999999989 -352.74999999999994 589.81747436523449 -45.249999999999993 -153.24999999999997 705.25000000000011
decision_type=2 2 2 2 2 2 2 2 2 2 2 2 2 2 2 2 2 2 2 2 2 2 2 2 2 2 2 2 2 2
left_child=2 -2 3 4 -1 -4 7 11 -9 12 -8 22 14 -12 16 -16 17 -10 19 -18 -21 -14 -7 -24 -25 26 27 28 -26 -27
right_child=1 -3 5 -5 -6 6 10 8 9 -11 13 -13 21 -15 15 -17 18 -19 -20 20 -22 -23 23 24 25 29 -28 -29 -30 -31
leaf_value=-4.4203259924123453 1.0445693967656575 -7.316239746809007 0.55272990747025375 -8.4645438162485771 5.45552018737793 -0.24505397777106952 0.80486825219308467 -15.550168124112217 -1.2659657205854145 -11.396812991438241 -7.8161664695739752 3.560527188096728 -3.6212948102799674 -0.064803949846297448 -14.165471500616807 -3.3315843283482218 2.1331926416467737 -13.66312430121682 2.3602118254385211 -2.2931780184468917 -14.060411779880525 2.0483089703618762 1.4036370450342206 -0.64341557115191028 -10.852000691340521 -0.052594464467967166 -16.956563698860908 -11.647427257696789 -1.3686288329107423 -6.7784382896290882
leaf_weight=43 1087 20 2600 30 25 2200 3008 22 21 29 25 105 63 14622 26 46 27 22 88 31 20 156 142 416 26 217 31 30 126 45
leaf_count=43 1087 20 2600 30 25 2200 3008 22 21 29 25 105 63 14622 26 46 27 22 88 31 20 156 142 416 26 217 31 30 126 45
internal_value=-1.39771e-09 0.893516 -0.040802 -3.139 -0.7895 -0.0282265 -0.0983382 -0.873405 -2.75308 -2.22088 0.0723917 -0.563129 -1.68867 -0.0780342 -3.33 -7.24382 -1.9817 -7.6087 -0.524108 -3.77821 -6.90778 0.417327 -0.697056 -1.65969 -2.1479 -3.46551 -6.24261 -4.4177 -2.99078 -1.2078
internal_weight=25349 1107 24242 98 68 24144 21544 3889 551 529 17655 3338 500 14647 281 72 209 43 166 78 51 219 3233 1033 891 475 213 182 152 262
internal_count=25349 1107 24242 98 68 24144 21544 3889 551 529 17655 3338 500 14647 281 72 209 43 166 78 51 219 3233 1033 891 475 213 182 152 262
is_linear=0
shrinkage=0.05


Tree=75
num_leaves=31
num_cat=0
split_feature=134 135 57 92 73 110 96 85 48 119 43 41 141 127 106 112 106 140 71 78 50 40 106 19 80 142 33 98 119 77
split_gain=362615 715070 864235 1.91313e+06 775647 966623 631472 517676 504979 489042 409413 409110 392138 576506 866007 476313 699660 848673 686855 1.05615e+06 653610 637360 1.09829e+06 731911 578107 532121 583674 529830 541761 528297
threshold=-137.24999999999997 -481.74999999999994 1043.2500000000002 -39.749999999999993 2916.7500000000005 983.12179565429699 876.19470214843761 1460.5000000000002 -2602.3491210937495 -559.24999999999989 -2512.2499999999995 -2797.587768554687 76.250000000000014 213.25000000000003 1803.2500000000002 708.75000000000011 364.75000000000006 349.25000000000006 -237.74999999999997 -140.24999999999997 2194.5000000000005 549.97891235351574 485.25000000000006 533.84020996093761 1087.7500000000002 -116.74999999999999 511.47276306152349 33.750000000000007 238.25000000000003 54.750000000000007
decision_type=2 2 2 2 2 2 2 2 2 2 2 2 2 2 2 2 2 2 2 2 2 2 2 2 2 2 2 2 2 2
left_child=8 2 7 -4 5 6 -5 -2 9 11 -10 -1 -3 14 15 16 29 18 -18 -20 21 23 -23 25 -22 26 27 -21 -29 -14
right_child=1 12 3 4 -6 -7 -8 -9 10 -11 -12 -13 13 -15 -16 -17 17 -19 19 20 24 22 -24 -25 -26 -27 -28 28 -30 -31
leaf_value=-0.51446890217322172 1.4472653294879883 0.34627439658309184 -13.404344600041709 -0.60917128647666385 8.2480327568054204 -8.490729994387241 8.0498317430848658 -6.2685648701407697 6.5642392056328918 -9.1126219209035249 -0.44653795714403277 -8.2411230075927016 -0.62696006475737165 0.096864058521281896 -9.4647106665152094 2.3412347420330706 2.6703659953011409 -11.90595419406891 -13.265434832572936 -10.072160944445381 -2.5574431456052342 -7.7873581019314857 4.7029256124388095 -11.29747094154358 -13.864549750089646 -0.43988953234991812 4.1633181278522207 -2.0559148633978759 -7.8036866888708012 0.53175161427124185
leaf_weight=93 1830 5223 30 249 25 37 23 22 21 30 2488 21 3515 9108 27 145 90 20 20 29 26 22 88 20 20 435 26 251 49 1366
leaf_count=93 1830 5223 30 249 25 37 23 22 21 30 2488 21 3515 9108 27 145 90 20 20 29 26 22 88 20 20 435 26 251 49 1366
internal_value=-2.47071e-09 0.0646557 0.917853 -1.30941 -0.223035 -0.908397 0.123024 1.35561 -0.553119 -3.43255 -0.387859 -1.9378 -0.027663 -0.155675 -0.529739 -0.490333 -0.559026 -1.70064 -1.51096 -1.89262 -1.65716 -1.36633 2.20487 -1.85131 -7.47358 -1.61217 -3.04862 -3.61857 -2.99472 -0.302682
internal_weight=25349 22696 2216 364 334 309 272 1852 2653 144 2509 114 20480 15257 6149 6122 5977 1096 1076 986 966 920 110 810 46 790 355 329 300 4881
internal_count=25349 22696 2216 364 334 309 272 1852 2653 144 2509 114 20480 15257 6149 6122 5977 1096 1076 986 966 920 110 810 46 790 355 329 300 4881
is_linear=0
shrinkage=0.05


Tree=76
num_leaves=31
num_cat=0
split_feature=8 37 110 4 103 23 128 36 106 85 44 36 65 29 15 125 107 105 100 43 41 121 72 57 37 138 90 113 0 134
split_gain=351335 1.00227e+06 852738 712402 796038 737228 779258 554794 598270 496292 411860 923850 1.02005e+06 769099 599715 516044 485228 811086 1.28727e+06 564471 844629 993228 565603 887968 512197 790065 1.08756e+06 506942 549089 499489
threshold=-2179.4999999999995 -1856.2499999999998 1178.973083496094 537.77749633789074 770.76763916015636 -4287.2499999999991 101.25000000000001 -1055.2499999999998 11.750000000000002 -349.24999999999994 -1119.7499999999998 -891.24999999999989 -1266.2499999999998 368.25000000000006 921.25000000000011 -405.06155395507807 -320.74999999999994 -111.24999999999999 -415.24999999999994 -1187.4999999999998 -313.29089355468744 -583.74999999999989 -371.24999999999994 -123.24999999999999 -2944.4999999999995 725.27545166015636 -1667.1964721679685 -162.74999999999997 -937.74999999999989 411.75000000000006
decision_type=2 2 2 2 2 2 2 2 2 2 2 2 2 2 2 2 2 2 2 2 2 2 2 2 2 2 2 2 2 2
left_child=1 2 3 4 5 -1 -7 9 -9 -3 13 12 -12 14 16 -14 17 19 -19 20 24 -22 29 -24 -2 -26 -27 -20 -29 -21
right_child=10 7 -4 -5 -6 6 -8 8 -10 -11 11 -13 15 -15 -16 -17 -18 18 27 22 21 -23 23 -25 25 26 -28 28 -30 -31
leaf_value=-8.0499390634997141 4.1890262095744797 -12.142475108096475 -10.226991000061943 -7.0442514784195858 5.0467093774676322 0.64910398058760876 -7.1791995847926415 3.3826572153185097 -6.9533892699650357 -2.5647333996636528 -13.06237349510193 -0.027358808493791825 -0.74907713472029247 6.4752186694235183 -8.2240209484100344 -8.651330063819886 1.4386105457595244 -11.770102600256603 5.3045021900763878 0.89188310606784416 -1.6549395708367229 -15.301563485832885 -12.05883100827535 0.6938753311450665 -0.11758052869249497 -14.836083828319204 0.2688383157436664 0.14760946333408356 -9.8441044187545774 4.1170550235631795
leaf_weight=29 65 38 21 34 80 489 34 28 28 21 25 20280 119 53 20 25 957 36 26 1326 40 20 21 39 1251 22 26 44 20 132
leaf_count=29 65 38 21 34 80 489 34 28 28 21 25 20280 119 53 20 25 957 36 26 1326 40 20 21 39 1251 22 26 44 20 132
internal_value=-3.00872e-09 -1.02982 -0.306643 0.0061607 0.385455 -0.290089 0.140189 -5.35003 -1.78537 -8.73345 0.0336464 -0.058038 -3.73954 0.491151 0.412744 -2.121 0.45566 0.149048 -3.77932 0.317292 -0.397781 -6.20381 0.988086 -3.76957 -0.142383 -0.35912 -6.65425 -0.583002 -2.9748 1.18387
internal_weight=25349 802 687 666 632 552 523 115 56 59 24547 20449 169 4098 4045 144 4025 3068 126 2942 1424 60 1518 60 1364 1299 48 90 64 1458
internal_count=25349 802 687 666 632 552 523 115 56 59 24547 20449 169 4098 4045 144 4025 3068 126 2942 1424 60 1518 60 1364 1299 48 90 64 1458
is_linear=0
shrinkage=0.05


Tree=77
num_leaves=31
num_cat=0
split_feature=141 144 138 18 145 5 47 52 128 134 68 47 19 94 125 80 135 142 19 138 54 93 134 5 5 120 140 57 128 134
split_gain=340542 719283 1.22581e+06 782006 724676 837246 946774 693203 567003 754794 938909 1.9796e+06 1.10288e+06 891203 664361 897173 631835 1.1964e+06 544706 515213 510048 549906 522014 549535 1.13445e+06 1.67701e+06 504787 510389 671562 518452
threshold=260.75000000000006 1267.1149902343752 1178.973083496094 1784.2149658203127 983.12179565429699 909.93881225585949 943.51049804687511 -965.74999999999989 -1187.2499999999998 232.25000000000003 516.37258911132824 518.77996826171886 513.88119506835949 -1510.9999999999998 -1031.0910034179685 -214.24999999999997 48.250000000000007 -481.24999999999994 488.90083312988287 582.66491699218761 1178.973083496094 2158.5000000000005 417.25000000000006 943.51049804687511 1080.143493652344 -46.749999999999993 115.25000000000001 -925.24999999999989 -349.24999999999994 1492.0000000000002
decision_type=2 2 2 2 2 2 2 2 2 2 2 2 2 2 2 2 2 2 2 2 2 2 2 2 2 2 2 2 2 2
left_child=20 2 3 4 5 8 -7 -3 -2 10 18 12 -12 -13 -15 19 -11 -18 -10 -16 21 22 23 -1 25 -25 -19 -28 -29 -30
right_child=1 7 -4 -5 -6 6 -8 -9 9 16 11 13 -14 14 15 -17 17 26 -20 -21 -22 -23 -24 24 -26 -27 27 28 29 -31
leaf_value=0.054532548717253361 2.4030778568723932 4.7035441429718681 -10.561784876546554 -6.458377276041678 4.94505507071813 -15.055077430180141 -1.6260848900250027 0.2662141368308244 -1.5846857987566452 0.58248495337944861 -6.852944228960121 -11.516368485987186 -22.907148918509485 5.2699688717722895 -11.0259852581554 0.94655659821900451 -10.412728905119003 -7.2226798682377256 2.4063410921004214 -2.0708938837051392 6.2289918142206533 -6.4494733519852163 1.0187635124074641 -18.89948428812481 4.9868754386901859 -2.0114337131685143 2.5304550945758821 -9.6708097912016378 -0.83018753741010265 3.8172650788460047
leaf_weight=16962 161 92 31 56 60 21 35 2032 503 1294 23 24 20 32 36 77 32 29 103 29 34 32 1458 21 27 49 124 21 1869 62
leaf_count=16962 161 92 31 56 60 21 35 2032 503 1294 23 24 20 32 36 77 32 29 103 29 34 32 1458 21 27 49 124 21 1869 62
internal_value=3.31331e-11 -0.303715 -0.652437 -0.585815 -0.513617 -0.58648 -6.66196 0.458415 -0.509835 -0.619461 -1.95616 -4.59594 -14.32 -2.48414 -1.23832 -2.70498 -0.289475 -0.817466 -0.906343 -7.03064 0.110582 0.0993666 0.110684 0.0330721 -3.71963 -7.07785 -0.6716 -0.580087 -0.777683 -0.680968
internal_weight=25349 6766 4642 4611 4555 4495 56 2124 4439 4278 847 241 43 198 174 142 3431 2137 606 65 18583 18549 18517 17059 97 70 2105 2076 1952 1931
internal_count=25349 6766 4642 4611 4555 4495 56 2124 4439 4278 847 241 43 198 174 142 3431 2137 606 65 18583 18549 18517 17059 97 70 2105 2076 1952 1931
is_linear=0
shrinkage=0.05


Tree=78
num_leaves=31
num_cat=0
split_feature=106 134 107 82 5 120 77 142 61 30 128 140 84 122 43 51 70 141 121 119 89 120 106 107 135 85 33 107 12 55
split_gain=341620 1.44143e+06 765892 609648 1.13591e+06 598396 570608 644273 567501 553015 518648 524613 520775 960531 505406 732329 1.00172e+06 627483 502472 967976 1.03374e+06 785768 480705 999413 1.15738e+06 902456 877504 683947 760591 669438
threshold=996.25000000000011 1666.2500000000002 628.25000000000011 1080.143493652344 943.51049804687511 742.75000000000011 1346.2500000000002 -624.49999999999989 241.1923751831055 -1390.7499999999998 906.25000000000011 -239.74999999999997 1877.2500000000002 515.75000000000011 2395.5000000000005 1250.5000000000002 1230.5000000000002 44.250000000000007 -332.24999999999994 276.25000000000006 579.40298461914074 87.750000000000014 302.25000000000006 -461.74999999999994 157.75000000000003 91.250000000000014 983.12179565429699 189.75000000000003 617.03479003906261 -2344.5371093749995
decision_type=2 2 2 2 2 2 2 2 2 2 2 2 2 2 2 2 2 2 2 2 2 2 2 2 2 2 2 2 2 2
left_child=1 5 3 4 10 22 7 -7 -4 -9 11 -2 14 -14 15 17 -17 -13 19 21 -21 -10 25 24 26 -1 -24 28 -25 -27
right_child=2 -3 8 -5 -6 6 -8 9 18 -11 -12 12 13 -15 -16 16 -18 -19 -20 20 -22 -23 23 27 -26 29 -28 -29 -30 -31
leaf_value=-0.094128210462577355 1.9260948468403645 -12.723933822458442 -7.8119041111158287 5.0194543438032273 -10.577330909548579 -6.665788839590447 3.7634049140649033 4.0542677362759916 -5.857333571260626 0.51931899099295231 5.9546925533901565 -10.017524719834327 -11.715829610197169 0.25233714103698734 3.3384463657032364 -11.956708045516697 -2.1892950340679715 -0.96605139080692237 0.26088179805044337 -1.1337569023000784 -14.602761050633021 6.2698630978079404 -1.3540736371770912 -0.97012868370976835 -13.384190934437974 -7.9471116326072 -12.297159233093263 0.36635185708669016 1.6209343413448636 0.79602416308142188
leaf_weight=10138 83 22 23 32 37 29 173 123 22 1101 22 20 38 30 44 42 70 449 2067 29 28 34 218 2890 26 22 20 2679 314 4524
leaf_count=10138 83 22 23 32 37 29 173 123 22 1101 22 20 38 30 44 42 70 449 2067 29 28 34 218 2890 26 22 20 2679 314 4524
internal_value=1.73702e-09 0.0681369 -0.49447 -1.75334 -2.0129 0.0807813 1.07167 0.70003 0.000965333 0.874547 -1.6158 -1.83043 -2.28035 -6.43576 -1.82824 -2.21952 -5.85207 -1.35204 0.0833947 -3.16321 -7.75011 1.50561 0.0129491 -0.358282 -3.36788 0.168354 -2.27366 -0.223227 -0.716198 0.753712
internal_weight=25349 22279 3070 867 835 22257 1426 1253 2203 1224 798 776 693 68 625 581 112 469 2180 113 57 56 20831 6147 264 14684 238 5883 3204 4546
internal_count=25349 22279 3070 867 835 22257 1426 1253 2203 1224 798 776 693 68 625 581 112 469 2180 113 57 56 20831 6147 264 14684 238 5883 3204 4546
is_linear=0
shrinkage=0.05


Tree=79
num_leaves=31
num_cat=0
split_feature=142 134 106 141 112 129 142 30 142 18 115 12 131 145 92 65 16 71 93 1 94 72 40 142 135 85 86 127 134 64
split_gain=330548 495821 340640 335377 730229 931089 2.04325e+06 793539 627604 678055 591397 558405 867012 591904 556234 514964 499849 643043 774928 714483 992907 1.37399e+06 724473 868925 632578 624847 946201 774028 708352 703736
threshold=-17.249999999999996 1315.7500000000002 -252.74999999999997 786.00000000000011 367.25000000000006 76.250000000000014 -326.74999999999994 -995.74999999999989 -77.249999999999986 1208.507507324219 -695.24999999999989 1023.3112182617189 943.51049804687511 909.93881225585949 246.25000000000003 -103.74999999999999 2741.5000000000005 1306.7500000000002 -742.24999999999989 805.25000000000011 1362.2500000000002 693.75000000000011 876.19470214843761 -472.74999999999994 -247.74999999999997 104.75000000000001 -144.24999999999997 1178.5000000000002 784.25000000000011 -374.74999999999994
decision_type=2 2 2 2 2 2 2 2 2 2 2 2 2 2 2 2 2 2 2 2 2 2 2 2 2 2 2 2 2 2
left_child=3 2 -2 16 5 10 -7 -6 9 -8 -5 12 13 14 -9 -16 17 25 -19 20 22 -22 23 -20 -18 27 -27 29 -28 -1
right_child=1 -3 -4 4 7 6 8 11 -10 -11 -12 -13 -14 -15 15 -17 24 18 19 -21 21 -23 -24 -25 -26 26 28 -29 -30 -31
leaf_value=0.19482599645116491 3.1837256041796582 -6.9562220680713658 0.63158101911372677 -4.3520721288827753 6.8084851716694077 -20.480530359631494 3.4002062245113098 6.1823397827148447 -9.3681255017557454 -6.2285300399317887 5.6654219192617079 6.2807645409195514 -10.170869636535645 7.2118351096692299 -6.9584721076182836 -0.88681210867926752 -0.41583117403302872 -10.640886087417604 -11.795591347558158 -0.32878230297228928 -18.289690807887489 -3.9734228453004214 6.0421138836491499 -1.204669402449964 3.6769906068865845 1.3265865153508469 -0.0094390607933034151 -7.5259669916497334 2.2346727035788261 -0.60244300395703576
leaf_weight=5848 152 20 935 26 38 21 41 25 31 33 34 27 25 23 39 334 175 20 21 1806 21 83 31 249 205 1951 7475 36 369 5255
leaf_count=5848 152 20 935 26 38 21 41 25 31 33 34 27 25 23 39 334 175 20 21 1806 21 83 31 249 205 1951 7475 36 369 5255
internal_value=-2.05017e-09 0.844923 0.988459 -0.038583 -1.11948 -3.80197 -6.24314 -0.143079 -3.39567 -0.89369 1.32451 -0.701556 -1.12425 -0.587043 -1.03773 -1.52165 -0.0065853 -0.0360917 -0.843048 -0.75442 -2.65245 -6.86421 -1.19722 -2.02841 1.79214 0.0499081 0.341216 -0.206251 0.0961292 -0.182518
internal_weight=25349 1107 1087 24242 697 186 126 511 105 74 60 473 446 421 398 373 23545 23165 2231 2211 405 104 301 270 380 20934 9795 11139 7844 11103
internal_count=25349 1107 1087 24242 697 186 126 511 105 74 60 473 446 421 398 373 23545 23165 2231 2211 405 104 301 270 380 20934 9795 11139 7844 11103
is_linear=0
shrinkage=0.05


Tree=80
num_leaves=31
num_cat=0
split_feature=75 127 122 134 114 121 71 99 124 101 141 0 106 8 112 134 140 136 94 55 107 106 107 79 59 42 79 64 145 141
split_gain=325265 341307 619079 884230 604216 1.18188e+06 1.14387e+06 890037 867402 926653 845538 1.18318e+06 673787 652886 613088 867562 718640 806305 645678 597458 553463 571820 845593 551976 875115 798111 725600 627868 1.01886e+06 606015
threshold=224.68847656250003 217.25000000000003 161.75000000000003 1180.0000000000002 -531.24999999999989 -332.24999999999994 1405.0000000000002 249.25000000000003 392.29878234863287 120.75000000000001 673.25000000000011 -673.74999999999989 351.75000000000006 -649.74999999999989 -132.24999999999997 467.25000000000006 231.75000000000003 181.25000000000003 -324.74999999999994 -193.90238952636716 189.75000000000003 1123.5000000000002 249.75000000000003 1171.0000000000002 861.25000000000011 2503.7500000000005 1824.5000000000002 1796.5000000000002 526.11407470703136 941.50000000000011
decision_type=2 2 2 2 2 2 2 2 2 2 2 2 2 2 2 2 2 2 2 2 2 2 2 2 2 2 2 2 2 2
left_child=-1 23 3 -3 13 6 -6 8 -7 10 14 -12 -9 -4 15 18 17 -16 -10 -18 -14 -22 -23 29 -25 27 -27 28 -26 -2
right_child=1 2 4 -5 5 7 -8 12 9 -11 11 -13 20 -15 16 -17 19 -19 -20 -21 21 22 -24 24 25 26 -28 -29 -30 -31
leaf_value=0.88378975684568284 -0.14897316905358957 0.84899968177306429 -0.52404991525540257 -9.4465681393941239 -2.7947571871024146 0.019403089194551228 -15.923890336354575 1.8222475675889331 -5.9497993327201684 -11.326015143558898 0.13078389793634415 -16.335741984844208 -1.033376342024122 4.0214708042926475 -1.1602696102880783 -10.562354802517664 5.1713837631337061 -9.2495626068115229 2.4781772207130088 -1.5154693993471438 0.69645703923222857 -9.9660200201946765 -0.31913486011468195 -12.608163975477218 0.12360401655498304 -12.547794696262905 -0.56216980478037959 2.8991358702155678 -12.992964611053466 -8.6495536804199222
leaf_weight=1000 13144 3015 139 21 79 635 21 559 47 29 20 24 1050 183 257 42 77 35 44 59 2751 23 1838 20 57 28 23 88 20 21
leaf_count=1000 13144 3015 139 21 79 635 21 559 47 29 20 24 1050 183 257 42 77 35 44 59 2751 23 1838 20 57 28 23 88 20 21
internal_value=2.88195e-09 -0.0362968 0.170814 0.777785 -0.0620931 -0.15209 -5.55188 -0.0799972 -1.28679 -2.59504 -2.17653 -8.85096 0.166172 2.05927 -1.65305 -4.61819 -0.731636 -2.12988 -1.87473 2.27047 0.0026704 0.238544 -0.43836 -0.205497 -2.60221 -1.67573 -7.14251 0.0140006 -3.2833 -0.162533
internal_weight=25349 24349 10948 3036 7912 7590 100 7490 1269 634 605 44 6221 322 561 133 428 292 91 136 5662 4612 1861 13401 236 216 51 165 77 13165
internal_count=25349 24349 10948 3036 7912 7590 100 7490 1269 634 605 44 6221 322 561 133 428 292 91 136 5662 4612 1861 13401 236 216 51 165 77 13165
is_linear=0
shrinkage=0.05


Tree=81
num_leaves=31
num_cat=0
split_feature=99 119 61 117 12 106 107 75 128 106 134 121 134 141 99 94 139 93 106 107 61 125 106 140 79 38 59 116 106 142
split_gain=306426 573547 519787 881307 436975 373336 1.19922e+06 1.08051e+06 794949 1.10445e+06 1.27803e+06 705538 706576 640757 770740 1.15087e+06 561179 557143 551713 657549 1.01202e+06 643268 632748 651285 663801 639104 578852 577428 541581 652363
threshold=-1607.2499999999998 -1771.9999999999998 876.19470214843761 770.76763916015636 983.12179565429699 -550.74999999999989 -698.74999999999989 943.51049804687511 -46.749999999999993 344.75000000000006 261.25000000000006 -406.74999999999994 297.75000000000006 344.75000000000006 -126.24999999999999 -690.74999999999989 -1126.3314819335935 -1313.2499999999998 -228.24999999999997 -392.74999999999994 1023.3112182617189 1039.804870605469 108.25000000000001 -717.74999999999989 -1367.7499999999998 -2585.2499999999995 1403.2500000000002 499.33750915527349 140.25000000000003 -513.74999999999989
decision_type=2 2 2 2 2 2 2 2 2 2 2 2 2 2 2 2 2 2 2 2 2 2 2 2 2 2 2 2 2 2
left_child=2 -2 3 -1 -4 7 8 -3 9 11 -11 12 13 -7 15 -15 -13 -14 -8 20 21 28 26 27 -25 -26 -21 -24 -20 -30
right_child=1 5 4 -5 -6 6 18 -9 -10 10 -12 16 17 14 -16 -17 -18 -19 19 22 -22 -23 23 24 25 -27 -28 -29 29 -31
leaf_value=-1.4231978993760337 4.7097774667006274 0.68016294782740516 7.8951559245586402 -10.433184915949262 -1.156514081954956 -0.85410936595037068 0.95135710827669906 -9.0251443468291193 1.0692647106710682 -3.0672249341011049 -17.308659284011178 -11.149955942630768 6.5256538309156902 -3.2923713938395185 3.3105437961779538 -17.246531425822866 -2.5936346181008485 0.44064672817202183 -0.60805643114720609 0.83003584304365408 8.6699331040893295 4.6637900876063929 -12.418876116275788 2.9467124738242179 -8.5846514094959598 -0.055249885729522323 -6.0379559770707161 -0.54790508179437547 2.702173453271389 -3.0596238796947444
leaf_weight=218 65 2584 24 31 30 1160 1617 29 349 50 23 20 52 45 20 22 458 136 1823 2967 28 51 20 185 22 12753 31 21 55 460
leaf_count=218 65 2584 24 31 30 1160 1617 29 349 50 23 20 52 45 20 22 458 136 1823 2967 28 51 20 185 22 12753 31 21 55 460
internal_value=1.01867e-09 0.0191207 -1.58052 -2.54492 2.86645 0.00691574 -0.0591492 0.57245 -1.1315 -1.51824 -7.55425 -1.2879 -0.73371 -1.1645 -5.3031 -7.87433 -2.95164 2.12373 0.0658411 -0.0119108 -0.780589 -0.891352 0.104215 -0.0467815 -0.0268767 -0.0699385 0.759019 -6.33862 -1.01253 -2.44429
internal_weight=25349 25046 303 249 54 24981 22368 2613 2335 1986 73 1913 1435 1247 87 67 478 188 20033 18416 2417 2389 15999 13001 12960 12775 2998 41 2338 515
internal_count=25349 25046 303 249 54 24981 22368 2613 2335 1986 73 1913 1435 1247 87 67 478 188 20033 18416 2417 2389 15999 13001 12960 12775 2998 41 2338 515
is_linear=0
shrinkage=0.05


Tree=82
num_leaves=31
num_cat=0
split_feature=134 135 61 59 136 136 107 23 64 115 40 12 65 64 65 141 65 54 77 58 131 75 140 36 14 112 135 140 54 100
split_gain=301470 684565 560458 780491 492099 492764 472694 459400 379548 721594 708833 684106 652332 657367 945968 1.31819e+06 739422 610356 643757 984268 608590 790771 1.21507e+06 748464 626343 612858 756139 949085 700090 582812
threshold=-137.24999999999997 -874.24999999999989 876.19470214843761 930.75000000000011 -25.749999999999996 -364.74999999999994 -2275.7499999999995 -4287.2499999999991 1131.2500000000002 -246.74999999999997 943.51049804687511 1178.973083496094 376.25000000000006 455.75000000000006 -636.74999999999989 277.25000000000006 -1.0000000180025095e-35 666.30764770507824 1138.5000000000002 1147.0000000000002 983.12179565429699 1023.3112182617189 221.75000000000003 2191.0000000000005 2967.2500000000005 1235.2500000000002 -250.74999999999997 402.75000000000006 582.66491699218761 -868.74999999999989
decision_type=2 2 2 2 2 2 2 2 2 2 2 2 2 2 2 2 2 2 2 2 2 2 2 2 2 2 2 2 2 2
left_child=7 2 3 6 5 -4 -2 -1 12 10 17 20 13 16 15 -15 -3 18 -10 -20 24 22 -22 -23 -11 -26 -27 -28 -29 -16
right_child=1 8 4 -5 -6 -7 -8 -9 9 11 -12 -13 -14 14 29 -17 -18 -19 19 -21 21 23 -24 -25 25 26 27 28 -30 -31
leaf_value=-7.1179666189047017 -5.4886252021789552 0.0019863790742510232 4.6955520108342172 -5.3955924344062813 -0.37236718677339103 14.827636346817016 2.4269910914277566 -0.43887688724836749 -1.3259379243044029 -0.46416737720904638 -10.706503930798284 6.8007476610295914 0.84109928247390353 0.26319291487984037 -4.563775342305501 -17.063338470458984 1.1935004243982086 4.3798505137043611 -16.600738527774812 -2.6219609302632954 -0.90955319404602053 -7.1876251784237954 -18.338480448722841 5.0424842538504766 3.3182044892337013 -7.7318035410296533 5.1777061535761915 -9.5138625876771084 1.3424812347599955 -0.46716268819930795
leaf_weight=26 20 11837 30 40 21 20 331 2627 133 2956 27 34 2631 23 90 21 1463 31 20 34 20 22 20 29 230 31 65 27 33 2457
leaf_count=26 20 11837 30 40 21 20 331 2627 133 2956 27 34 2631 23 90 21 1463 31 20 34 20 22 20 29 230 31 65 27 33 2457
internal_value=3.7177e-09 0.058953 1.96393 1.22184 6.0507 8.74839 1.97596 -0.504333 0.0193694 -0.442091 -3.06454 -0.256772 0.111851 -0.0088875 -0.737489 -8.00629 0.133053 -2.11805 -3.19525 -7.79929 -0.326669 -4.36106 -9.62402 -0.233249 -0.216816 1.67741 -0.741714 0.991828 -3.54287 -0.611919
internal_weight=25349 22696 462 391 71 50 351 2653 22234 3712 245 3467 18522 15891 2591 44 13300 218 187 54 3433 91 40 51 3342 386 156 125 60 2547
internal_count=25349 22696 462 391 71 50 351 2653 22234 3712 245 3467 18522 15891 2591 44 13300 218 187 54 3433 91 40 51 3342 386 156 125 60 2547
is_linear=0
shrinkage=0.05


Tree=83
num_leaves=31
num_cat=0
split_feature=127 106 71 100 114 16 23 142 128 27 121 132 100 124 110 86 92 139 57 94 115 84 85 141 119 123 105 43 100 111
split_gain=290863 662075 770204 1.87054e+06 1.98486e+06 933858 1.09172e+06 657084 623398 675509 650348 704484 597366 580741 511075 989821 471135 455813 804790 743491 718141 668800 654632 582680 543813 751498 1.09392e+06 794113 542617 684396
threshold=1445.2500000000002 1458.0000000000002 1306.7500000000002 802.75000000000011 623.75000000000011 62.250000000000007 -42.749999999999993 -422.74999999999994 720.25000000000011 242.12355804443362 -394.74999999999994 990.48287963867199 1297.2500000000002 575.62823486328136 666.30764770507824 2311.7500000000005 1644.7500000000002 774.59457397460949 1097.2500000000002 992.25000000000011 -1047.2499999999998 -136.74999999999997 960.25000000000011 15.250000000000002 879.75000000000011 -768.43502807617176 992.50000000000011 649.25000000000011 -438.74999999999994 2749.223510742188
decision_type=2 2 2 2 2 2 2 2 2 2 2 2 2 2 2 2 2 2 2 2 2 2 2 2 2 2 2 2 2 2
left_child=1 17 7 4 -4 6 -5 -3 9 -7 -11 -12 -10 16 15 -13 -9 18 19 22 -20 -19 -1 -24 25 -21 -27 -28 -23 -30
right_child=-2 2 3 5 -6 8 -8 13 12 10 11 14 -14 -15 -16 -17 -18 21 20 24 -22 28 23 -25 -26 26 27 -29 29 -31
leaf_value=0.029710967124192928 1.1691917660025855 -6.2179578377650344 -2.6952662836622312 -2.3567265972069333 -23.191040643056237 8.268736323443326 -17.000641303062441 1.567057317986208 -11.537953907012941 -7.2584005737304693 -7.6223768568038937 0.17807650417089463 -1.8185278051121292 5.3159386862156008 3.3103014632798384 -9.322803888320923 -6.366005462408066 -7.9304468848488554 -10.297137941632954 1.2172082347529276 -0.99056698008396316 5.4021051115459873 -5.5319907921331897 1.973479625714176 1.3242514327594215 -2.3347686459319763 -16.832625934584389 -5.1315138537308265 0.79614593336821438 -7.3703703421812792
leaf_weight=19302 521 26 27 35 21 22 20 85 25 35 30 318 43 86 107 30 24 22 21 56 1604 63 27 612 70 99 29 29 1934 26
leaf_count=19302 521 26 27 35 21 22 20 85 25 35 30 318 43 86 107 30 24 22 21 56 1604 63 27 612 70 99 29 29 1934 26
internal_value=5.91297e-10 -0.0245348 -1.33048 -2.12985 -11.6622 -1.44181 -7.68179 1.2485 -0.879184 -0.31302 -0.676094 -0.201082 -5.39185 2.24403 0.288234 -0.640965 -0.179672 0.0265136 -0.0402976 0.0457202 -1.11084 0.740332 0.0818358 1.65635 -2.49908 -3.75558 -5.52931 -10.9821 0.834626 0.687815
internal_weight=25349 24828 934 713 48 665 55 221 610 542 520 485 68 195 455 348 109 23894 21849 20224 1625 2045 19941 639 283 213 157 58 2023 1960
internal_count=25349 24828 934 713 48 665 55 221 610 542 520 485 68 195 455 348 109 23894 21849 20224 1625 2045 19941 639 283 213 157 58 2023 1960
is_linear=0
shrinkage=0.05


Tree=84
num_leaves=31
num_cat=0
split_feature=8 37 110 4 103 128 23 36 106 85 2 1 36 51 128 2 138 136 78 85 145 140 100 106 100 134 131 93 141 9
split_gain=284897 891824 712940 628553 731924 627412 694316 504223 524568 448236 363649 1.15188e+06 697218 807103 795781 769909 1.04917e+06 1.39204e+06 672499 694196 842014 645571 640951 640743 1.22798e+06 1.00149e+06 779679 920675 608543 587138
threshold=-2179.4999999999995 -1856.2499999999998 1178.973083496094 537.77749633789074 770.76763916015636 101.25000000000001 -4287.2499999999991 -1055.2499999999998 11.750000000000002 -349.24999999999994 -844.24999999999989 259.75000000000006 -87.249999999999986 -143.24999999999997 -1431.7499999999998 418.25000000000006 789.40969848632824 -322.24999999999994 -292.24999999999994 -599.24999999999989 579.40298461914074 -40.749999999999993 -2228.9999999999995 249.25000000000003 62.750000000000007 1136.2500000000002 943.51049804687511 -755.74999999999989 941.50000000000011 -862.49999999999989
decision_type=2 2 2 2 2 2 2 2 2 2 2 2 2 2 2 2 2 2 2 2 2 2 2 2 2 2 2 2 2 2
left_child=1 2 3 4 5 6 -1 9 -9 -3 11 -2 15 28 -15 22 17 -17 19 -16 -21 -19 -12 -20 25 26 27 -25 -14 -26
right_child=10 7 -4 -5 -6 -7 -8 8 -10 -11 12 -13 13 14 18 16 -18 21 23 20 -22 -23 -24 24 29 -27 -28 -29 -30 -31
leaf_value=-7.3356968879699709 0.27399251569190614 -11.467883959569429 -9.3159865788051075 -6.581679746683907 4.8667091809213163 -6.8303040322135473 0.62699445795214492 3.2349740007093981 -6.4434976447905816 -2.3656563225246612 -9.2597670918419261 6.9111245014450775 0.88042160151096494 -7.1649602198600775 1.2830427418584409 -15.219223928451539 5.2856939956689111 1.3860128402709961 0.53731368196503626 -2.8386314448580814 -12.937941567794136 -6.1899360208851952 -0.49699161747934339 -11.687265172212021 -8.3655901318504711 -12.886018421649934 7.5129324705704406 -1.5780261756164948 -6.9545127544403078 0.0087709319335810641
leaf_weight=29 6861 38 21 34 80 34 489 28 28 21 21 66 2860 40 92 30 26 47 3382 201 23 70 3321 23 21 20 23 1084 25 6311
leaf_count=29 6861 38 21 34 80 34 489 28 28 21 21 66 2860 40 92 30 26 47 3382 201 23 70 3321 23 21 20 23 1084 25 6311
internal_value=-1.49634e-09 -0.927355 -0.245184 0.0408324 0.397107 -0.250662 0.181207 -5.00258 -1.60426 -8.22811 0.0302985 0.337231 -0.0903665 0.0666436 -0.125146 -0.720417 -3.97284 -5.61041 -0.0999586 -2.37373 -3.87561 -3.14661 -0.552054 -0.0338218 -0.291985 -1.79505 -1.59875 -1.78806 0.812528 -0.0190025
internal_weight=25349 802 687 666 632 552 518 115 56 59 24547 6927 17620 14105 11220 3515 173 147 11180 316 224 117 3342 10864 7482 1150 1130 1107 2885 6332
internal_count=25349 802 687 666 632 552 518 115 56 59 24547 6927 17620 14105 11220 3515 173 147 11180 316 224 117 3342 10864 7482 1150 1130 1107 2885 6332
is_linear=0
shrinkage=0.05


Tree=85
num_leaves=31
num_cat=0
split_feature=142 134 127 106 71 79 99 80 0 144 82 115 142 3 115 65 5 121 126 96 61 54 61 73 115 99 105 141 48 10
split_gain=281528 420722 310009 715888 796065 1.43278e+06 1.1928e+06 734475 691531 551622 1.02449e+06 1.08946e+06 543306 521741 746878 479734 569028 468873 455408 448402 564502 534371 979440 427350 419017 408859 384390 378540 372585 661607
threshold=-17.249999999999996 1315.7500000000002 1445.2500000000002 1379.7500000000002 1306.7500000000002 623.75000000000011 1174.2500000000002 3223.0000000000005 -118.74999999999999 3492.997436523438 602.34585571289074 881.50000000000011 -422.74999999999994 3016.5000000000005 -336.74999999999994 2019.2500000000002 770.76763916015636 -801.74999999999989 -413.74999999999994 651.73046875000011 627.84988403320324 541.61633300781261 531.05023193359386 1889.7500000000002 238.25000000000003 1410.2500000000002 819.25000000000011 786.00000000000011 -861.11056518554676 -42.749999999999993
decision_type=2 2 2 2 2 2 2 2 2 2 2 2 2 2 2 2 2 2 2 2 2 2 2 2 2 2 2 2 2 2
left_child=2 -2 3 13 12 -6 -7 8 -8 19 11 -11 -5 -1 17 16 -12 -15 -16 20 21 22 -10 -21 -14 -20 -26 -28 -4 -30
right_child=1 -3 28 4 5 6 7 -9 9 10 15 -13 24 14 18 -17 -18 -19 25 23 -22 -23 -24 -25 26 -27 27 -29 29 -31
leaf_value=-0.029800421574424054 0.91197933131056086 -6.4063458633422856 -3.5593159637953109 -5.3948303159077966 -11.898566850026448 -13.728438024520877 -9.0274043421591497 5.3238395409706314 -1.0271388599613929 -18.435667496635801 1.1353827403141903 -3.951021857822643 7.2694697952270504 0.49776680662825301 10.569771680831909 4.1280748844146729 -9.9305899279458192 -8.719696859879928 3.7241448468480791 8.6862871035285618 -8.8450003727622661 2.6919438296350942 -12.434590445160866 0.30817625893486872 7.0802053689956672 -1.878934445977211 1.0513387950353843 -5.7785761231961459 6.6852635485785346 0.88611531480777972
leaf_weight=22396 1087 20 38 30 36 20 31 39 318 21 26 34 30 37 20 32 21 22 175 23 23 87 20 45 23 40 172 23 56 404
leaf_count=22396 1087 20 38 30 36 20 31 39 318 21 26 34 30 37 20 32 21 22 175 23 23 87 20 45 23 40 172 23 56 404
internal_value=1.50763e-11 0.77976 -0.0356074 -0.0615021 -1.33534 -2.1578 -1.68392 -1.34935 -1.73152 -1.38356 -4.24185 -9.48152 0.960457 -0.00232978 2.0903 -0.593975 -3.80899 -2.93925 3.35304 -0.641289 -1.21553 -0.802642 -1.70214 3.14195 1.72924 2.68171 0.966825 0.245759 1.19902 1.5921
internal_weight=25349 1107 24242 23744 1054 776 740 720 681 650 134 55 278 22690 294 79 47 59 235 516 448 425 338 68 248 215 218 195 498 460
internal_count=25349 1107 24242 23744 1054 776 740 720 681 650 134 55 278 22690 294 79 47 59 235 516 448 425 338 68 248 215 218 195 498 460
is_linear=0
shrinkage=0.05


Tree=86
num_leaves=31
num_cat=0
split_feature=141 100 92 82 93 38 89 92 117 72 108 107 62 37 127 113 87 120 108 124 57 110 64 4 141 106 1 66 79 107
split_gain=269963 454429 604289 479930 469102 947313 431149 409679 412924 403640 374411 596214 350824 345866 345397 646962 661080 757713 849045 1.03672e+06 633671 627243 503027 463748 527655 906973 942200 2.15464e+06 778194 690240
threshold=76.250000000000014 -1203.2499999999998 -446.24999999999994 841.86529541015636 411.25000000000006 -545.74999999999989 606.78826904296886 807.25000000000011 590.47375488281261 -1548.2499999999998 -515.74999999999989 -844.24999999999989 2684.092895507813 1468.2500000000002 213.25000000000003 -407.24999999999994 -1082.4999999999998 -424.24999999999994 -1407.7499999999998 789.40969848632824 -1631.9999999999998 526.17337036132824 1329.0000000000002 -997.13500976562489 205.25000000000003 332.25000000000006 199.75000000000003 341.25000000000006 740.25000000000011 -404.24999999999994
decision_type=2 2 2 2 2 2 2 2 2 2 2 2 2 2 2 2 2 2 2 2 2 2 2 2 2 2 2 2 2 2
left_child=1 2 10 4 6 -6 7 8 -3 -8 -1 -12 -7 -11 15 22 17 21 -19 -20 -18 -17 -2 24 28 29 -27 -28 -22 -26
right_child=14 3 -4 -5 5 12 9 -9 -10 13 11 -13 -14 -15 -16 16 20 18 19 -21 23 -23 -24 -25 25 26 27 -29 -30 -31
leaf_value=-0.20528398859064756 0.52745548507169182 0.39376686142700112 -8.1855313031837849 5.1237589458249655 -10.305922705411911 -0.63905757847695555 -2.0900925209124881 3.3319966636285061 -6.4714503656734124 4.5364458721587742 -8.5231353945202297 1.5279870753288272 4.4698031943184988 -2.301166736511957 0.11249034187937756 -1.5158456993103027 4.3379712958266774 8.3100240993499757 -1.552453634412118 -12.541581582504771 -0.3612945110600756 -13.025755878152518 -7.2499429066975907 -0.19622952602712443 -2.8656542089061805 -2.4729787574422484 -23.853183870315554 -3.9886626310126729 -8.6415683631239268 0.85516373106677612
leaf_weight=410 2083 4963 29 53 25 842 36 119 22 155 36 25 35 21 9489 20 69 20 321 23 1317 29 21 4490 281 99 20 43 29 224
leaf_count=410 2083 4963 29 53 25 842 36 119 22 155 36 25 35 21 9489 20 69 20 321 23 1317 29 21 4490 281 99 20 43 29 224
internal_value=2.11762e-10 0.270281 -1.18036 0.385943 0.34556 -0.708749 0.524451 0.43268 0.363469 2.73387 -0.749044 -4.40382 -0.435169 3.72059 -0.0985074 -0.318791 -0.550312 -2.4907 -1.70493 -2.28719 -0.428374 -8.32783 0.449829 -0.478947 -1.10955 -2.25951 -5.51482 -10.2949 -0.539696 -1.21523
internal_weight=25349 6771 500 6271 6218 902 5316 5104 4985 212 471 61 877 176 18578 9089 6985 413 364 344 6572 49 2104 6503 2013 667 162 63 1346 505
internal_count=25349 6771 500 6271 6218 902 5316 5104 4985 212 471 61 877 176 18578 9089 6985 413 364 344 6572 49 2104 6503 2013 667 162 63 1346 505
is_linear=0
shrinkage=0.05


Tree=87
num_leaves=31
num_cat=0
split_feature=1 60 71 103 142 9 66 33 47 124 106 107 126 106 129 134 141 23 58 121 142 92 93 0 91 99 107 58 59 106
split_gain=268498 1.39826e+06 516339 603732 584674 495249 526039 399453 348336 469413 317887 891969 901293 885696 1.44062e+06 652655 682219 932521 1.20306e+06 687173 694615 749218 596816 519117 749338 530498 518417 512599 1.19997e+06 505627
threshold=-2689.2499999999995 -509.56500244140619 153.75000000000003 770.76763916015636 -798.74999999999989 -3207.2499999999995 -3299.4999999999995 713.34976196289074 531.05023193359386 673.24798583984386 -565.24999999999989 -698.74999999999989 49.750000000000007 344.75000000000006 -117.74999999999999 209.25000000000003 344.75000000000006 -623.74999999999989 -1416.2499999999998 -529.74999999999989 -163.74999999999997 -1133.2499999999998 -1180.2499999999998 -792.74999999999989 -944.74999999999989 -288.74999999999994 -1039.2499999999998 -1328.7499999999998 -1341.4999999999998 -47.249999999999993
decision_type=2 2 2 2 2 2 2 2 2 2 2 2 2 2 2 2 2 2 2 2 2 2 2 2 2 2 2 2 2 2
left_child=1 2 3 7 -5 -2 -7 8 -1 -10 26 12 13 15 -15 16 19 18 -18 -12 21 -21 -17 -23 -25 -26 -8 28 -24 -13
right_child=5 -3 -4 4 -6 6 10 -9 9 -11 11 29 -14 14 -16 22 17 -19 -20 20 -22 23 27 24 25 -27 -28 -29 -30 -31
leaf_value=-1.8907510360363144 4.0775338285764056 -12.734493645668032 -8.3385229754447945 -2.9666552293300632 7.2403943376338233 -7.2408362770080572 0.088244970785636534 -6.5368213748931883 3.7275848528781497 -4.5539012215354226 -0.59609178560870624 0.58224834379491608 1.1064751953911254 -1.8523201320229508 -17.956536553942023 3.6942450898355461 -3.1452262962857884 -0.44844935365021232 -19.332542956959117 -13.700625553131104 -0.52516046501696112 -1.454494692147642 1.5311432215475269 -13.589636975288393 -1.8275352904166298 -8.3321804299646498 1.6491007542061074 0.43209020309490431 -13.360726529359818 -0.058865080461221679
leaf_weight=159 75 25 20 20 47 25 1836 30 77 22 880 3801 429 41 21 111 24 40 22 20 192 138 31 25 87 49 749 219 24 16110
leaf_count=159 75 25 20 20 47 25 1836 30 77 22 880 3801 429 41 21 111 24 40 22 20 192 138 31 25 87 49 749 219 24 16110
internal_value=1.28736e-09 -1.28516 -0.521869 -0.0814941 4.19351 0.0206046 0.00837212 -1.07603 -0.441051 1.88725 0.0156654 -0.0452715 -0.965888 -1.42797 -7.30697 -1.23221 -1.71014 -6.03185 -10.887 -1.44295 -2.90132 -4.33149 0.601291 -3.70479 -5.63362 -4.17112 0.540501 -0.651694 -4.96713 0.0635232
internal_weight=25349 400 375 355 67 24949 24874 288 258 99 24849 22264 2353 1924 62 1862 1477 86 46 1391 511 319 385 299 161 136 2585 274 55 19911
internal_count=25349 400 375 355 67 24949 24874 288 258 99 24849 22264 2353 1924 62 1862 1477 86 46 1391 511 319 385 299 161 136 2585 274 55 19911
is_linear=0
shrinkage=0.05


Tree=88
num_leaves=31
num_cat=0
split_feature=75 96 75 75 82 136 96 75 142 141 54 33 128 110 23 35 68 40 82 13 59 91 100 13 71 64 19 129 106 71
split_gain=259016 355631 765500 662239 1.01044e+06 641087 446559 667199 652254 1.26698e+06 620959 643838 513633 697784 566938 1.24228e+06 511570 806901 617664 519215 1.108e+06 742147 540905 500932 480723 748850 614877 477130 454897 416731
threshold=224.68847656250003 291.51284790039068 316.97926330566412 295.30259704589849 287.21792602539068 80.250000000000014 350.92811584472662 379.68652343750006 -624.49999999999989 213.25000000000003 409.70222473144537 418.50590515136724 -587.24999999999989 335.76658630371099 616.75000000000011 778.75000000000011 344.79751586914068 399.38220214843756 311.45710754394537 -1258.4874267578123 -487.74999999999994 -364.74999999999994 -908.74999999999989 -2060.1430664062495 471.25000000000006 598.75000000000011 415.61520385742193 -204.74999999999997 1803.2500000000002 822.75000000000011
decision_type=2 2 2 2 2 2 2 2 2 2 2 2 2 2 2 2 2 2 2 2 2 2 2 2 2 2 2 2 2 2
left_child=-1 3 -3 -2 5 -5 12 8 9 -8 28 23 -4 -14 15 16 18 19 -15 27 21 22 -21 -12 26 -26 -22 -18 -9 -27
right_child=1 2 6 4 -6 -7 7 10 -10 -11 11 -13 13 14 -16 -17 17 -19 -20 20 24 -23 -24 -25 25 29 -28 -29 -30 -31
leaf_value=0.7886670859139413 -0.19882682685481221 0.98865200349118387 1.5371110938033281 -3.9561183916197886 -1.3206336466234554 -14.505992190043131 0.47728301216947272 -0.9132728912983018 1.0007397660880351 -14.548213611841204 -2.686723795768462 -0.052427379910634911 -0.15518290913611088 -8.7331305380165585 0.43035039561337207 -12.829776000550815 -7.1155030465126039 3.3657039146953163 0.41542169248857425 -12.407749838299223 -0.62958762787156186 -17.825176239013672 -3.3368891659237097 1.5225446072405224 -13.372587024688722 0.43262832777840754 -9.4928337270563308 1.6142336974541349 6.4806857381548202 -8.1216686765352897
leaf_weight=1000 3336 1968 245 36 516 24 47 2203 2177 20 76 10233 1431 20 211 28 20 45 238 27 177 20 42 1010 25 35 22 72 21 24
leaf_count=1000 3336 1968 245 36 516 24 47 2203 2177 20 76 10233 1431 20 211 28 20 45 238 27 177 20 42 1010 25 35 22 72 21 24
internal_value=-1.59998e-09 -0.0323901 0.0512125 -0.469146 -2.03474 -8.17607 -0.0486782 0.0526587 0.851194 -4.00794 -0.0796541 0.0704205 -0.645175 -0.864568 -1.87364 -2.48514 -2.1075 -3.02684 -0.293768 -3.64681 -4.47859 -9.34452 -6.88636 1.22797 -2.94831 -6.12015 -1.60944 -0.283535 -0.843456 -3.04709
internal_weight=25349 24349 20437 3912 576 60 18469 15787 2244 67 13543 11319 2682 2437 1006 795 767 509 258 464 372 89 69 1086 283 84 199 92 2224 59
internal_count=25349 24349 20437 3912 576 60 18469 15787 2244 67 13543 11319 2682 2437 1006 795 767 509 258 464 372 89 69 1086 283 84 199 92 2224 59
is_linear=0
shrinkage=0.05


Tree=89
num_leaves=31
num_cat=0
split_feature=108 128 77 76 28 72 113 12 12 15 73 127 128 23 135 21 86 85 66 125 141 6 57 116 16 134 67 136 99 16
split_gain=252900 540766 341266 773364 850697 737811 677070 584914 867374 517192 1.0222e+06 489280 466070 410111 352304 344620 431998 674370 598156 732885 583652 578725 535693 693481 1.19144e+06 973759 627786 534186 502744 497492
threshold=2363.5000000000005 -102.74999999999999 2916.2500000000005 4058.1113281250005 3391.7500000000005 2641.2500000000005 1365.2500000000002 602.34585571289074 549.97891235351574 3770.7500000000005 1636.7500000000002 1178.5000000000002 829.50000000000011 3122.2500000000005 -314.74999999999994 3254.0000000000005 762.25000000000011 960.25000000000011 1593.7500000000002 1039.804870605469 16.750000000000004 1161.563415527344 1097.2500000000002 2455.420043945313 755.25000000000011 226.25000000000003 2418.444946289063 -47.749999999999993 377.75000000000006 1.0000000180025095e-35
decision_type=2 2 2 2 2 2 2 2 2 2 2 2 2 2 2 2 2 2 2 2 2 2 2 2 2 2 2 2 2 2
left_child=2 -2 3 4 9 -4 -5 8 -6 15 -11 13 -13 -7 -9 16 17 18 19 22 -19 -20 -1 26 25 -25 -24 -26 -29 -18
right_child=1 -3 5 6 7 11 -8 14 -10 10 -12 12 -14 -15 -16 -17 29 20 21 -21 -22 -23 23 24 27 -27 -28 28 -30 -31
leaf_value=0.033702612782335155 -9.4545743888074707 -0.46770618021488186 11.075341844558716 -0.5956908135187059 5.7449921640482815 1.6633999201229643 -13.450154037475585 3.5242121316492558 -4.567459334825215 0.45703724419905084 -13.223077483610675 7.8526822302076553 -0.74844612564359403 -6.233882171876969 10.833690312329461 3.6593507479876282 -2.6030273403425319 -4.2198171951332872 -10.650043938557308 2.9567200772177715 1.3387761826876405 -1.7295817635854087 -0.83400164377029362 -2.9678497812022333 2.7442660788695021 -16.968069661988153 5.8150298150810045 1.1295156979135104 -7.4796153100424041 -0.38515290477505687
leaf_weight=19587 22 70 21 21 44 35 20 32 38 36 22 36 28 31 34 64 286 49 24 208 1303 75 876 23 48 27 37 28 43 2181
leaf_count=19587 22 70 21 21 44 35 20 32 38 36 22 36 28 31 34 64 286 49 24 208 1303 75 876 23 48 27 37 28 43 2181
internal_value=-1.62685e-09 -2.61674 0.00953162 -0.00472201 0.00650156 2.37941 -6.86616 3.78606 0.966051 -0.0159479 -4.73197 0.974682 4.08969 -2.04593 7.2897 -0.0049447 -0.0144029 0.0549698 -0.0147926 0.00359395 1.13732 -3.89212 -0.0261245 -1.10915 -4.05131 -10.528 -0.564545 -1.33002 -4.08447 -0.642272
internal_weight=25349 92 25257 25106 25065 151 41 148 82 24917 58 130 64 66 66 24859 24795 22328 20976 20877 1352 99 20669 1082 169 50 913 119 71 2467
internal_count=25349 92 25257 25106 25065 151 41 148 82 24917 58 130 64 66 66 24859 24795 22328 20976 20877 1352 99 20669 1082 169 50 913 119 71 2467
is_linear=0
shrinkage=0.05


Tree=90
num_leaves=31
num_cat=0
split_feature=142 134 106 126 114 141 140 15 127 106 71 79 94 10 110 144 115 112 107 142 71 49 56 87 72 141 115 103 85 47
split_gain=250704 382733 287829 327634 387873 319194 379284 338393 275917 627052 715543 1.28487e+06 1.08294e+06 708007 556252 860873 1.58639e+06 502979 504489 485720 482172 469300 524161 516312 474106 456713 1.04876e+06 1.64195e+06 728411 467572
threshold=-17.249999999999996 1315.7500000000002 -252.74999999999997 321.25000000000006 -8.2499999999999982 222.25000000000003 137.25000000000003 531.75000000000011 1445.2500000000002 1379.7500000000002 1306.7500000000002 623.75000000000011 933.25000000000011 -42.749999999999993 666.30764770507824 3492.997436523438 881.50000000000011 1283.5000000000002 408.75000000000006 -422.74999999999994 3324.2500000000005 2428.5000000000005 3004.7500000000005 1269.2500000000002 422.25000000000006 853.25000000000011 -116.74999999999999 611.96658325195324 104.75000000000001 528.30694580078136
decision_type=2 2 2 2 2 2 2 2 2 2 2 2 2 2 2 2 2 2 2 2 2 2 2 2 2 2 2 2 2 2
left_child=8 2 -2 5 -5 -4 7 -7 9 21 19 -12 -13 -14 15 -15 -17 18 -16 -11 -19 25 24 -24 -23 -1 27 -27 -28 -30
right_child=1 -3 3 4 -6 6 -8 -9 -10 10 11 12 13 14 17 16 -18 20 -20 -21 -22 22 23 -25 -26 26 28 -29 29 -31
leaf_value=-0.0033103503762217756 2.8798749057870161 -6.1181604528427123 0.80923194641684804 -3.4047633048026791 2.5004491994943887 -1.9235270911455153 -0.35087255433986064 -9.3389781990051279 1.131160772659902 -5.0826775002479554 -11.254266839557225 -12.26072240083114 -8.0722698979907559 -0.83083808270685788 -1.4838481460298811 -16.907489265441892 -1.5320828919317209 -3.4319680250297164 7.8377797065897186 1.6532770994690158 4.0436495991314159 -4.0959520483016965 2.9660305687875459 -5.4828734093159444 3.98553635580679 -19.120067176364717 6.4699058503815623 -2.0633271150810777 0.25555456280708316 -5.123173630045307
leaf_weight=22126 152 20 379 31 270 40 190 25 498 30 36 23 36 444 21 25 51 59 47 248 34 20 33 40 196 21 33 43 116 62
leaf_count=22126 152 20 379 31 270 40 190 25 498 30 36 23 36 444 21 25 51 59 47 248 34 20 33 40 196 21 33 43 116 62
internal_value=2.76253e-09 0.735835 0.861943 0.533894 1.89227 -0.111013 -1.47875 -4.77562 -0.0336016 -0.058031 -1.25021 -2.02997 -1.58122 -1.23864 -0.87739 -1.67253 -6.58978 1.69076 4.95904 0.926376 -0.698947 -0.00265159 1.99934 -1.66351 3.23725 -0.0284797 -2.05356 -7.66007 -0.353012 -1.61794
internal_weight=25349 1107 1087 935 301 634 255 65 24242 23744 1054 776 740 717 681 520 76 161 68 278 93 22690 289 73 216 22401 275 64 211 178
internal_count=25349 1107 1087 935 301 634 255 65 24242 23744 1054 776 740 717 681 520 76 161 68 278 93 22690 289 73 216 22401 275 64 211 178
is_linear=0
shrinkage=0.05


Tree=91
num_leaves=31
num_cat=0
split_feature=85 86 64 91 4 57 139 135 93 5 106 135 107 140 70 45 128 96 79 106 80 142 20 15 85 42 57 47 130 0
split_gain=251892 804029 776378 967299 742039 1.41879e+06 715416 598261 677589 565466 553930 748653 785328 729278 598294 1.02233e+06 835332 827576 596980 967737 525420 516902 491227 507518 475979 475626 458380 458192 453973 707202
threshold=91.250000000000014 -144.24999999999997 1282.2500000000002 -262.74999999999994 -4133.6601562499991 -86.249999999999986 732.69366455078136 -100.74999999999999 390.75000000000006 876.19470214843761 -252.74999999999997 -1223.2499999999998 -439.24999999999994 757.25000000000011 -729.24999999999989 -1723.7499999999998 184.25000000000003 789.40969848632824 -299.74999999999994 797.75000000000011 61.250000000000007 -81.749999999999986 2949.547729492188 2585.5000000000005 -572.74999999999989 -168.74999999999997 410.25000000000006 627.84988403320324 1864.8000488281252 700.25000000000011
decision_type=2 2 2 2 2 2 2 2 2 2 2 2 2 2 2 2 2 2 2 2 2 2 2 2 2 2 2 2 2 2
left_child=6 2 7 -4 5 -3 10 8 22 -9 21 -12 14 18 17 -16 -17 28 -14 -20 -5 24 23 27 -1 -18 -7 -2 29 -13
right_child=1 4 3 20 -6 26 -8 9 -10 -11 11 12 13 -15 15 16 25 -19 19 -21 -22 -23 -24 -25 -26 -27 -28 -29 -30 -31
leaf_value=-0.46053592300712975 1.5683780616777463 -14.956489468365909 -13.135705146789551 5.0020506308628967 0.0078507874897518742 4.9315970983194273 -9.3931790033976252 0.31966477949718636 -6.0653937635598361 -7.045312033759223 -7.8706789206056031 -0.57287667037746559 0.28105059691267725 8.4757415771484386 -13.138446167707443 -1.4619446584730831 -3.8901956281354355 6.4841483899138197 -0.86292929530670781 -11.957659406661989 -3.598957187150206 1.2184605059903542 9.5207001273121161 -5.8980710801624117 0.63491010578133222 -13.502960766445506 -3.7786384835839275 4.1939606702389503 4.7672644790850187 -9.8807265122731529
leaf_weight=2492 1195 24 20 26 11419 23 21 750 27 27 34 723 3015 25 20 1164 31 44 1138 20 56 1048 21 21 1647 22 44 193 38 21
leaf_count=2492 1195 24 20 26 11419 23 21 750 27 27 34 723 3015 25 20 1164 31 44 1138 20 56 1048 21 21 1647 22 44 193 38 21
internal_value=-3.35661e-09 0.143662 0.989417 -3.27649 -0.0279879 -4.52516 -0.172923 1.18419 1.78171 0.0637389 -0.15606 -0.471306 -0.431124 -0.0385673 -1.22994 -1.92573 -1.74147 -0.187926 -0.0895756 -1.05455 -0.871808 0.226526 1.92988 1.81674 -0.0246336 -7.8804 -0.788558 1.93346 -0.563336 -0.835598
internal_weight=25349 13846 2336 102 11510 91 11503 2234 1457 777 11482 6295 6261 4198 2063 1237 1217 826 4173 1158 82 5187 1430 1409 4139 53 67 1388 782 744
internal_count=25349 13846 2336 102 11510 91 11503 2234 1457 777 11482 6295 6261 4198 2063 1237 1217 826 4173 1158 82 5187 1430 1409 4139 53 67 1388 782 744
is_linear=0
shrinkage=0.05


Tree=92
num_leaves=31
num_cat=0
split_feature=99 119 61 117 12 26 138 124 106 107 128 75 106 122 121 120 144 29 134 93 78 107 4 8 79 86 52 89 6 120
split_gain=238530 515685 434631 770583 366856 323963 316299 311627 284097 994444 851884 837802 783900 1.38644e+06 538770 902032 1.35594e+06 544305 538985 532013 527848 524481 477727 432130 431162 656320 453713 411676 410333 1.03931e+06
threshold=-1607.2499999999998 -1771.9999999999998 876.19470214843761 770.76763916015636 983.12179565429699 702.00830078125011 666.30764770507824 673.24798583984386 -507.74999999999994 -698.74999999999989 -46.749999999999993 943.51049804687511 400.25000000000006 -234.74999999999997 -291.74999999999994 151.25000000000003 551.68499755859386 -64.249999999999986 294.25000000000006 -1313.2499999999998 -1051.2499999999998 -791.74999999999989 -2588.057495117187 -2179.4999999999995 -1453.7499999999998 -1565.7499999999998 -2289.9999999999995 770.76763916015636 978.90487670898449 -266.74999999999994
decision_type=2 2 2 2 2 2 2 2 2 2 2 2 2 2 2 2 2 2 2 2 2 2 2 2 2 2 2 2 2 2
left_child=2 7 3 5 -4 6 -1 -2 11 10 12 -3 14 -14 18 16 17 22 20 -20 -10 -17 -16 -12 -11 -26 -27 -21 -22 -30
right_child=1 8 4 -5 -6 -7 -8 -9 9 24 23 -13 13 -15 15 21 -18 -19 19 27 28 -23 -24 -25 25 26 -28 -29 29 -31
leaf_value=-1.1334924087605693 1.6378935349293244 0.55755397231507808 7.2795607676108673 -9.6524526765269627 -1.0141466601689657 4.8372246837615975 -7.4924204132773653 8.7047377366286067 -4.1084423515697317 1.643025948561067 -5.5378103603016253 -7.5774173812940724 -0.91340369340535765 -16.155543498992923 -8.9150903209396031 -2.3097270523564197 -17.790244193304154 -11.212228456410495 5.7246621314022281 1.0246007319476644 -0.4885997981272816 4.8425383187002611 -0.74982726610737083 1.7156891457754637 -7.136578653752804 -6.1142685419321063 0.039392380299991092 -6.57349561509632 -6.9410474310318637 0.50092692071077782
leaf_weight=176 39 2891 24 31 30 20 22 26 150 417 22 32 37 25 23 89 21 22 54 118 881 36 81 308 32 30 19503 21 90 98
leaf_count=176 39 2891 24 31 30 20 22 26 150 417 22 32 37 25 23 89 21 22 54 118 881 36 81 308 32 30 19503 21 90 98
internal_value=7.15732e-10 0.0168699 -1.39447 -2.27634 2.67195 -1.22745 -1.84004 4.46463 0.00529696 -0.0560834 -1.09764 0.468495 -1.53797 -7.05943 -1.33469 -3.37236 -6.02753 -4.06708 -0.942164 1.51291 -1.33087 -0.249875 -2.55561 1.23212 0.0521276 0.0182198 0.0299412 -0.123313 -0.941122 -3.06172
internal_weight=25349 25046 303 249 54 218 198 65 24981 22058 2076 2923 1746 62 1684 272 147 126 1412 193 1219 125 104 330 19982 19565 19533 139 1069 188
internal_count=25349 25046 303 249 54 218 198 65 24981 22058 2076 2923 1746 62 1684 272 147 126 1412 193 1219 125 104 330 19982 19565 19533 139 1069 188
is_linear=0
shrinkage=0.05


Tree=93
num_leaves=31
num_cat=0
split_feature=33 96 75 117 101 96 110 128 110 23 35 68 40 90 59 121 115 71 19 89 19 54 103 12 116 33 57 78 75 138
split_gain=233559 337115 658734 607842 406347 394965 613798 475059 575206 486429 1.1352e+06 526149 728000 489140 1.06076e+06 1.05182e+06 1.51151e+06 484022 629335 692052 533261 395853 375362 362964 389893 360676 528498 340776 391257 328693
threshold=227.96028900146487 291.51284790039068 315.35398864746099 269.65957641601568 1111.7500000000002 350.92811584472662 348.30892944335943 -587.24999999999989 335.76658630371099 616.75000000000011 778.75000000000011 344.79751586914068 399.38220214843756 -1005.3539733886718 -487.74999999999994 -224.74999999999997 -6.2499999999999991 471.25000000000006 373.33845520019537 342.16145324707037 415.61520385742193 310.10588073730474 338.40092468261724 257.26571655273443 1811.2550048828127 314.09779357910162 673.75000000000011 -292.24999999999994 329.35797119140631 326.48454284667974
decision_type=2 2 2 2 2 2 2 2 2 2 2 2 2 2 2 2 2 2 2 2 2 2 2 2 2 2 2 2 2 2
left_child=-1 3 4 23 -3 7 -7 -4 21 10 11 22 13 -13 15 -15 -17 20 19 -19 -16 25 27 24 -2 -9 -27 -10 -29 -8
right_child=1 2 5 -5 -6 6 29 8 9 -11 -12 12 -14 14 17 16 -18 18 -20 -21 -22 -23 -24 -25 -26 26 -28 28 -30 -31
leaf_value=0.71258751668984244 -0.60383070122168081 1.0481034678859429 1.470156751378723 -1.2020646273461995 -4.316059497329924 1.654024811181849 -3.0529393681240355 -0.41855520619461262 1.6898332219857437 0.40536993313843095 -12.172725006512234 0.52037580658992133 3.197380181418525 -3.4615519333858877 -0.4717937895592223 -24.396013550758365 -6.5287031568329912 -3.277495561122894 -0.59963706146393514 -14.822370789669179 -8.5374225201814067 0.20943066784827946 1.576645730313373 0.55033894044422771 -7.6741588592529304 -1.8172842525147104 -9.4259866555531815 -8.5440810219446828 -1.422388231533545 0.0117262629036868
leaf_weight=1100 778 1828 253 1611 36 578 88 161 39 213 28 66 45 49 188 20 29 25 35 27 23 1213 146 1428 20 74 33 30 54 15131
leaf_count=1100 778 1828 253 1611 36 578 88 161 39 213 28 66 45 49 188 20 29 25 35 27 23 1213 146 1428 20 74 33 30 54 15131
internal_value=-1.5639e-09 -0.0323249 0.0485038 -0.462316 0.944504 -0.0415406 0.0547444 -0.594436 -0.80354 -1.71913 -2.28197 -1.92509 -2.87343 -3.46474 -4.12893 -8.64152 -13.8215 -2.64492 -5.78309 -9.27195 -1.35099 -0.174804 -0.137686 0.0730551 -0.781032 -1.9139 -4.16389 -2.17258 -3.96585 -0.00599439
internal_weight=25349 24249 20412 3837 1864 18548 15797 2751 2498 1017 804 776 507 462 396 98 49 298 87 52 211 1481 269 2226 798 268 107 123 84 15219
internal_count=25349 24249 20412 3837 1864 18548 15797 2751 2498 1017 804 776 507 462 396 98 49 298 87 52 211 1481 269 2226 798 268 107 123 84 15219
is_linear=0
shrinkage=0.05


Tree=94
num_leaves=31
num_cat=0
split_feature=85 86 64 91 48 139 135 93 116 134 136 22 28 106 135 107 136 79 106 15 85 121 78 45 119 120 5 64 9 141
split_gain=229280 710059 692047 857293 678546 636192 541982 611220 513860 835472 637578 597432 668827 591499 667950 646106 998405 579275 938806 570642 543740 517915 573168 576285 546762 515672 508242 506949 936644 679327
threshold=91.250000000000014 -144.24999999999997 1282.2500000000002 -262.74999999999994 -2495.640258789062 732.69366455078136 -100.74999999999999 390.75000000000006 2605.037475585938 1492.0000000000002 163.25000000000003 -565.74999999999989 -341.74999999999994 -252.74999999999997 291.75000000000006 -439.24999999999994 -722.24999999999989 -315.24999999999994 785.75000000000011 1609.0000000000002 -572.74999999999989 389.75000000000006 -606.74999999999989 -58.749999999999993 606.75000000000011 861.75000000000011 876.19470214843761 -374.74999999999994 -2450.7499999999995 432.25000000000006
decision_type=2 2 2 2 2 2 2 2 2 2 2 2 2 2 2 2 2 2 2 2 2 2 2 2 2 2 2 2 2 2
left_child=5 2 6 -4 -3 8 7 -2 9 13 11 -10 -13 14 19 27 -17 21 -19 20 -1 24 -23 -24 25 -18 -8 -15 -29 -30
right_child=1 4 3 -5 -6 -7 26 -9 10 -11 -12 12 -14 15 -16 16 17 18 -20 -21 -22 22 23 -25 -26 -27 -28 28 29 -31
leaf_value=-0.20203348111297692 1.8251930044054778 -7.7983760668497002 -12.377386722564697 -0.8318846665867945 -0.0052876154475720001 -8.8597417831420895 0.2919311570088069 -5.7684236155615913 7.9607756394606373 -10.40710948944092 7.6803175344023602 -8.7643370914459222 1.0061296594903826 -0.44350617763924838 9.1188610553741452 -11.025986530667261 0.4040852780053259 -0.82207586448732006 -11.485203320639474 -5.0277484261072605 0.85433173798828665 -10.363101039149546 1.2485529905658659 -8.572572226524354 6.8170315442663254 -7.2817368464036427 -6.6904425186139562 -10.888356945432466 -1.4422810043952554 -7.0203958914197733
leaf_weight=2930 1430 28 20 82 11482 21 750 27 26 20 43 20 141 996 21 21 2727 1210 21 52 2085 22 59 20 33 22 27 29 926 58
leaf_count=2930 1430 28 20 82 11482 21 750 27 26 20 43 20 141 996 21 21 2727 1210 21 52 2085 22 59 20 33 22 27 29 926 58
internal_value=-5.54366e-10 0.137062 0.931859 -3.09571 -0.0242456 -0.164979 1.11575 1.68447 -0.149077 -0.196899 2.19048 0.928116 -0.207593 -0.178719 0.220003 -0.508911 -0.151516 -0.0960067 -1.00398 0.183122 0.237153 0.291686 -3.2255 -1.23781 0.419376 0.342576 0.0493004 -1.24451 -2.03208 -1.77107
internal_weight=25349 13846 2336 102 11510 11503 2234 1457 11482 11252 230 187 161 11232 5088 6144 4135 4114 1231 5067 5015 2883 101 79 2782 2749 777 2009 1013 984
internal_count=25349 13846 2336 102 11510 11503 2234 1457 11482 11252 230 187 161 11232 5088 6144 4135 4114 1231 5067 5015 2883 101 79 2782 2749 777 2009 1013 984
is_linear=0
shrinkage=0.05


Tree=95
num_leaves=31
num_cat=0
split_feature=142 135 114 106 85 133 126 108 128 78 76 28 35 62 12 19 96 43 45 78 120 8 133 71 71 4 29 93 36 115
split_gain=224895 283024 298642 712455 362522 279892 267264 263941 561609 361181 908091 780445 643818 1.00592e+06 584533 841834 549073 545886 434998 373798 705172 430638 506300 340173 427138 696941 731468 866317 773034 620687
threshold=-12.249999999999998 1.0000000180025095e-35 47.750000000000007 413.75000000000006 1734.2500000000002 306.25000000000006 379.25000000000006 2363.5000000000005 -102.74999999999999 3189.5000000000005 4058.1113281250005 3391.7500000000005 3282.5000000000005 2822.760131835938 602.34585571289074 575.62823486328136 582.66491699218761 3501.0000000000005 3069.0000000000005 2895.7500000000005 1211.2500000000002 3610.2500000000005 -219.74999999999997 2642.7500000000005 1306.7500000000002 -360.81748962402338 2086.7500000000005 -222.24999999999997 2251.7500000000005 1313.5000000000002
decision_type=2 2 2 2 2 2 2 2 2 2 2 2 2 2 2 2 2 2 2 2 2 2 2 2 2 2 2 2 2 2
left_child=7 -2 3 5 6 -3 -4 9 -9 10 11 12 17 -14 15 -13 -11 18 19 21 -21 23 -23 24 29 26 27 -26 -28 -1
right_child=1 2 4 -5 -6 -7 -8 8 -10 16 -12 14 13 -15 -16 -17 -18 -19 -20 20 -22 22 -24 -25 25 -27 28 -29 -30 -31
leaf_value=-0.0065161811277919986 1.8911907480529377 -1.1676680249031459 -0.19597003745271804 -8.1239963797961963 -4.9825359378348706 4.5293005378158009 3.4198025525148426 -10.12454609632492 -0.59310104281586762 -4.0690103585903463 -7.7540910382019845 3.607425372783954 2.0473006892204286 -13.284965776360554 7.1460265512420582 -8.1231940889358523 3.9702020901030508 5.9579532598194334 -6.7676545331875495 -11.628693389892579 0.41353663629101167 -4.0983713865280151 4.6965888737307653 2.8431889528152992 -11.91695559501648 -0.30633865211101174 -15.938042867183686 -1.1834030202402475 -3.0675305196217129 3.0905826381379113
leaf_weight=21469 350 107 94 34 22 27 112 20 68 26 38 65 20 23 65 20 116 38 24 20 31 20 90 102 20 1804 20 313 28 163
leaf_count=21469 350 107 94 34 22 27 112 20 68 26 38 65 20 23 65 20 116 38 24 20 31 20 90 102 20 1804 20 313 28 163
internal_value=-1.79558e-09 0.855271 -0.060314 -1.65991 1.11834 -0.0197714 1.76989 -0.0259331 -2.75934 -0.0161212 -0.0307701 -0.0187099 -0.0410095 -6.15368 3.57674 0.84728 2.49823 -0.0301221 -0.0395623 -0.0328565 -4.30891 -0.0237809 3.09751 -0.0381352 -0.0504749 -0.716719 -2.65983 -1.82806 -8.43024 0.0168209
internal_weight=25349 746 396 168 228 134 206 24603 88 24515 24373 24335 24185 43 150 85 142 24142 24104 24080 51 24029 110 23919 23817 2185 381 333 48 21632
internal_count=25349 746 396 168 228 134 206 24603 88 24515 24373 24335 24185 43 150 85 142 24142 24104 24080 51 24029 110 23919 23817 2185 381 333 48 21632
is_linear=0
shrinkage=0.05


Tree=96
num_leaves=31
num_cat=0
split_feature=134 135 57 92 73 110 96 106 121 110 134 141 133 115 26 47 105 36 138 57 64 108 133 0 140 54 39 127 135 95
split_gain=221735 647897 577940 1.51609e+06 648570 663537 543335 398842 792146 391284 591668 692991 429269 454746 414180 500611 482891 593915 410326 387072 447099 615272 389135 835200 1.3802e+06 373220 366681 363768 355208 445994
threshold=-137.24999999999997 -481.74999999999994 1043.2500000000002 -39.749999999999993 2916.7500000000005 983.12179565429699 876.19470214843761 785.75000000000011 -200.74999999999997 770.76763916015636 681.25000000000011 70.250000000000014 -943.74999999999989 -1219.4999999999998 611.96658325195324 639.42663574218761 -909.74999999999989 -480.74999999999994 598.86972045898449 -1568.4999999999998 -1442.7499999999998 -791.74999999999989 -267.74999999999994 -1157.2499999999998 -265.24999999999994 598.86972045898449 1270.0125122070315 -132.24999999999997 -393.74999999999994 1672.2949829101565
decision_type=2 2 2 2 2 2 2 2 2 2 2 2 2 2 2 2 2 2 2 2 2 2 2 2 2 2 2 2 2 2
left_child=19 2 7 -4 5 6 -5 9 -9 14 11 -11 -13 -14 25 18 17 -17 -16 20 27 -22 -21 24 -24 -2 -10 -1 29 -25
right_child=1 -3 3 4 -6 -7 -8 8 26 10 -12 12 13 -15 15 16 -18 -19 -20 22 21 -23 23 28 -26 -27 -28 -29 -30 -31
leaf_value=-0.75859719049512297 1.2923466375454189 -0.037316310009937299 -11.725644315083823 -0.44290606152849749 7.754549991607667 -6.9004119357547244 7.589109964992689 -7.421889836360247 4.2013897624882786 -2.940051393923552 -4.2394806531816718 13.226748352050784 -0.31421317700986512 7.3884730277639452 -8.3430979055516854 0.82818025463336231 2.9204705484451789 -9.8661493015289317 -0.32032895723978683 0.027101691962121935 -0.8822103527459233 -12.707378388670358 -16.698550767483919 -1.4982635176607542 1.261060643196106 5.014709651302284 -3.7044590733268046 -7.7913506257534024 0.66688987986196446 -9.8062674665451066
leaf_weight=228 1306 20480 30 249 25 37 23 39 44 23 20 20 27 66 34 37 93 20 30 2056 22 22 23 84 20 71 22 20 158 20
leaf_count=228 1306 20480 30 249 25 37 23 39 44 23 20 20 27 66 34 37 93 20 30 2056 22 22 23 84 20 71 22 20 158 20
internal_value=3.34202e-10 0.0505593 0.862695 -0.958667 0.00842643 -0.618283 0.236272 1.22067 -1.77229 1.40056 3.79025 4.9711 6.58133 5.15221 1.16625 -0.880148 0.69949 -2.92422 -4.58242 -0.432527 -2.14986 -6.79479 -0.220134 -1.88674 -8.34524 1.48428 1.56611 -1.32575 -0.826759 -3.09596
internal_weight=25349 22696 2216 364 334 309 272 1852 105 1747 156 136 113 93 1591 214 150 57 64 2653 292 44 2361 305 43 1377 66 248 262 104
internal_count=25349 22696 2216 364 334 309 272 1852 105 1747 156 136 113 93 1591 214 150 57 64 2653 292 44 2361 305 43 1377 66 248 262 104
is_linear=0
shrinkage=0.05


Tree=97
num_leaves=31
num_cat=0
split_feature=85 93 29 134 113 58 92 22 59 106 128 58 107 98 37 134 120 128 128 127 10 128 134 31 23 110 71 87 103 142
split_gain=220805 602011 1.42095e+06 586021 545312 711736 850886 1.73469e+06 566378 546812 849025 545186 488344 460592 1.64324e+06 632944 550289 503184 470103 457216 451415 462433 1.05441e+06 801429 1.46675e+06 531597 1.01407e+06 474321 546864 450885
threshold=390.25000000000006 625.50000000000011 -894.24999999999989 1492.0000000000002 535.75000000000011 200.75000000000003 198.75000000000003 788.75000000000011 1672.2500000000002 785.75000000000011 -120.74999999999999 -628.74999999999989 138.25000000000003 -549.74999999999989 -341.74999999999994 656.75000000000011 318.75000000000006 -686.24999999999989 -114.74999999999999 1386.0000000000002 -1020.7499999999999 720.25000000000011 1083.5000000000002 1329.5000000000002 1394.0000000000002 983.12179565429699 3035.2500000000005 3009.5000000000005 876.19470214843761 -73.749999999999986
decision_type=2 2 2 2 2 2 2 2 2 2 2 2 2 2 2 2 2 2 2 2 2 2 2 2 2 2 2 2 2 2
left_child=3 -2 -3 4 8 13 7 -7 9 12 -11 -4 -1 14 15 16 -6 -15 -19 20 -13 22 25 -23 -25 27 -27 28 -22 -21
right_child=1 2 11 -5 5 6 -8 -9 -10 10 -12 19 -14 17 -16 -17 -18 18 -20 29 21 23 -24 24 -26 26 -28 -29 -30 -31
leaf_value=-0.043519655103020298 0.46773370317731627 -12.479186427593232 5.6076344416691706 -7.3444671767098573 -10.504119148254397 -20.452174999600366 -1.5421819871213256 -2.780622967859594 -7.5375437827110296 -11.218993932229502 2.0132986003702338 -6.1318527301152557 1.5322261106456612 -7.4665959150894841 -16.507096748352051 4.99263490960002 -1.2428890780166344 2.0864712949574851 -0.64633452480006826 2.0881000945474781 -0.3998333298322076 0.6011948754621107 6.5860396259360847 -15.931894818058721 -2.2404414196249465 -13.22401122217593 1.6235162983769957 -6.9689038629885083 5.4933319330215458 -1.6352506630536583
leaf_weight=13697 6466 24 39 28 20 21 119 41 25 27 22 36 510 23 20 32 81 209 637 329 2484 86 54 27 71 23 23 27 40 108
leaf_count=13697 6466 24 39 28 20 21 119 41 25 27 22 36 510 23 20 32 81 209 637 329 2484 86 54 27 71 23 23 27 40 108
internal_value=-3.05259e-09 0.185309 -0.356416 -0.117515 -0.104446 -1.12679 -4.01669 -8.76615 -0.0183259 -0.00513985 -5.27796 -0.269489 0.0130461 -0.614979 -3.14467 -1.13528 -3.0768 -0.169591 0.0287913 -0.338778 -0.568114 -0.497463 -0.329226 -2.92136 -6.01258 -0.473017 -5.80025 -0.376955 -0.306439 1.16791
internal_weight=25349 9837 3371 15512 15484 1203 181 62 14281 14256 49 3347 14207 1022 153 133 101 869 846 3308 2871 2835 2651 184 98 2597 46 2551 2524 437
internal_count=25349 9837 3371 15512 15484 1203 181 62 14281 14256 49 3347 14207 1022 153 133 101 869 846 3308 2871 2835 2651 184 98 2597 46 2551 2524 437
is_linear=0
shrinkage=0.05


Tree=98
num_leaves=31
num_cat=0
split_feature=127 122 134 92 85 142 86 66 115 135 112 101 121 115 57 131 69 65 107 144 4 64 65 43 121 133 115 50 15 106
split_gain=217788 569080 679970 462803 942983 1.4547e+06 519786 730524 1.00658e+06 503647 453786 619770 506976 577106 446282 629554 652047 585769 755783 728176 596583 1.09079e+06 535112 480968 452984 986824 843160 442002 717074 476358
threshold=213.25000000000003 161.75000000000003 1180.0000000000002 -47.749999999999993 -118.24999999999999 -275.74999999999994 -389.24999999999994 -451.74999999999994 126.25000000000001 329.25000000000006 -452.24999999999994 -488.24999999999994 -488.74999999999994 -342.74999999999994 904.75000000000011 639.42663574218761 -2082.871704101562 307.25000000000006 -424.24999999999994 2592.1774902343755 783.20251464843761 926.25000000000011 216.25000000000003 1061.2500000000002 52.750000000000007 499.75000000000006 687.25000000000011 770.75000000000011 869.75000000000011 1265.2500000000002
decision_type=2 2 2 2 2 2 2 2 2 2 2 2 2 2 2 2 2 2 2 2 2 2 2 2 2 2 2 2 2 2
left_child=-1 2 -2 4 9 -6 7 -7 -9 -3 -5 -12 13 -13 15 16 -14 19 -19 20 21 -16 -22 -18 25 26 -20 28 -26 -29
right_child=1 3 -4 10 5 6 -8 8 -10 -11 11 12 14 -15 17 -17 23 18 24 -21 22 -23 -24 -25 27 -27 -28 29 -30 -31
leaf_value=-0.13161706747286747 0.78882936335003806 -0.63912734095421109 -8.2381087961651041 5.1412509728561755 -14.988627518547908 2.4751946502923965 0.026330340038175172 -2.5740001522261524 -16.580581466011378 4.6505242963631952 -8.1465689130451366 0.31961664018176855 -8.6949802064895643 -11.548046839237214 -1.3973153528239992 3.0389421564634955 0.20025054402511999 8.027238706180027 -0.065500355853098588 -10.208206979159652 3.1527424028474993 -13.705799490710101 -5.9042738176527481 2.4519555451589472 -0.61830199603523539 -11.062418889999391 -9.150446982219302 0.66997220918873279 -10.085835973705564 -0.71608561980498342
leaf_weight=14032 3167 720 21 44 27 20 92 29 23 48 23 21 20 20 72 224 3389 28 214 29 73 24 21 255 70 28 29 1503 28 1055
leaf_count=14032 3167 720 21 44 27 20 92 29 23 48 23 21 20 20 72 224 3389 28 214 29 73 24 21 255 70 28 29 1503 28 1055
internal_value=1.95794e-09 0.163193 0.729367 -0.0588475 -1.09042 -4.23438 -2.46386 -5.64577 -8.76922 -0.308524 0.0791271 0.0478706 0.0744048 -5.46949 0.106591 0.46572 0.308406 -0.333326 -0.14841 -2.82842 -1.70203 -4.47444 1.12937 0.35782 -0.226619 -2.1739 -1.14971 -0.0279317 -3.32331 0.0983182
internal_weight=25349 11317 3188 8129 959 191 164 72 52 768 7170 7126 7103 41 7062 3888 3664 3174 2955 219 190 96 94 3644 2927 271 243 2656 98 2558
internal_count=25349 11317 3188 8129 959 191 164 72 52 768 7170 7126 7103 41 7062 3888 3664 3174 2955 219 190 96 94 3644 2927 271 243 2656 98 2558
is_linear=0
shrinkage=0.05


Tree=99
num_leaves=31
num_cat=0
split_feature=135 142 140 47 5 12 99 113 107 61 104 19 82 105 24 8 107 68 94 141 6 52 76 107 106 135 5 19 128 94
split_gain=214752 560400 819376 655451 489161 577306 541836 1.10903e+06 642148 491934 669868 451378 802053 725735 1.42283e+06 636754 844799 440419 436041 429886 1.09689e+06 419493 416704 377369 793245 684680 750192 977175 747163 540015
threshold=-600.24999999999989 -429.24999999999994 31.250000000000004 983.12179565429699 1080.143493652344 1023.3112182617189 -861.49999999999989 -653.24999999999989 -1391.7499999999998 876.19470214843761 -3054.1647949218745 617.03479003906261 841.86529541015636 -62.249999999999993 -249.74999999999997 1141.2500000000002 -1192.2499999999998 651.73046875000011 477.25000000000006 453.75000000000006 997.25006103515636 -125.24999999999999 -3414.1333007812495 -573.74999999999989 -316.74999999999994 -253.74999999999997 813.04827880859386 754.00469970703136 -155.24999999999997 -1039.4999999999998
decision_type=2 2 2 2 2 2 2 2 2 2 2 2 2 2 2 2 2 2 2 2 2 2 2 2 2 2 2 2 2 2
left_child=1 2 4 19 5 6 7 9 -8 10 -1 17 13 15 -15 16 -13 -10 -16 -3 -21 -14 -2 24 29 28 27 -27 -26 -24
right_child=22 3 -4 -5 -6 -7 8 -9 11 -11 -12 12 21 14 18 -17 -18 -19 -20 20 -22 -23 23 -25 25 26 -28 -29 -30 -31
leaf_value=-8.6521038589477541 5.3223970704608492 1.3589815625360846 -9.5326719118201222 8.8133916420595977 5.5773954441672879 -7.1527224162529253 4.3839091651293698 -6.5975572174993067 0.55913018062543662 6.9397026235407058 -0.14495674732030397 -7.3376736662604589 8.7698802326036542 -15.587879296212362 -6.8332995928250826 -6.6942125638326004 3.756326490793473 7.8904204913548064 1.884082903712988 1.6853182692996793 -9.8651763885251942 0.3332975317792195 -0.97088802856572609 0.04397599879166391 -2.0691629276204666 -0.50466077482108929 6.2473190609738234 -11.678523149490358 -8.5894449157283663 0.48263753827112582
leaf_weight=25 36 1041 23 28 38 29 98 87 836 22 311 22 23 29 26 33 78 21 32 61 31 41 929 17719 674 902 40 20 47 2047
leaf_count=25 36 1041 23 28 38 29 98 87 836 22 311 22 23 29 26 33 78 21 32 61 31 41 929 17719 674 902 40 20 47 2047
internal_value=4.34943e-10 0.402174 -0.156752 1.25621 -0.0335962 -0.158067 -0.0376122 -1.53415 0.499886 -0.303661 -0.777929 0.166289 -1.56125 -2.9944 -6.5451 -0.671762 1.31565 0.738777 -2.02371 1.06945 -2.2067 3.36519 -0.0526626 -0.0613096 -0.461729 -1.32929 -0.456218 -0.747044 -2.4942 0.0288992
internal_weight=25349 2935 1774 1161 1751 1713 1684 445 1239 358 336 1141 284 220 87 133 100 857 58 1133 92 64 22414 22378 4659 1683 962 922 721 2976
internal_count=25349 2935 1774 1161 1751 1713 1684 445 1239 358 336 1141 284 220 87 133 100 857 58 1133 92 64 22414 22378 4659 1683 962 922 721 2976
is_linear=0
shrinkage=0.05


Tree=100
num_leaves=31
num_cat=0
split_feature=75 96 33 75 82 136 47 134 92 27 108 93 91 16 75 33 40 5 6 12 6 55 19 94 1 71 19 6 54 68
split_gain=208592 308116 567947 548151 896781 575961 467526 397264 647048 379835 477642 654452 607732 583905 629751 349647 514928 536501 726491 365323 437848 554084 491357 482285 907520 507371 522341 320071 313919 325789
threshold=224.68847656250003 291.51284790039068 322.31147766113287 295.30259704589849 287.21792602539068 80.250000000000014 326.72618103027349 316.75000000000006 155.25000000000003 -1488.7419433593748 21.250000000000004 -376.24999999999994 331.25000000000006 11.750000000000002 339.60711669921881 352.46850585937506 343.50445556640631 338.57089233398443 -351.10995483398432 358.36279296875006 -1447.925109863281 -1172.0050048828123 359.57597351074224 -265.74999999999994 -89.749999999999986 1471.2500000000002 362.20185852050787 -2105.4460449218745 290.14227294921881 270.92730712890631
decision_type=2 2 2 2 2 2 2 2 2 2 2 2 2 2 2 2 2 2 2 2 2 2 2 2 2 2 2 2 2 2
left_child=-1 3 -3 28 5 -5 9 -6 -9 27 -11 -12 -13 14 -14 -8 17 -17 -19 20 -18 -22 -23 24 -24 26 -25 -4 29 -2
right_child=1 2 6 4 7 -7 15 8 -10 10 11 12 13 -15 -16 16 19 18 -20 -21 21 22 23 25 -26 -27 -28 -29 -30 -31
leaf_value=0.70774832865372306 -0.066829604435487078 0.74590791995432715 -1.8487274627685548 -3.6457421746518879 -0.56678043885199825 -13.645402542750041 0.73464140436882863 -11.064023012161256 -1.5129422886449784 0.2973301264566261 -10.128774978564337 1.4445075190329291 -14.836842313976517 -1.7248871006212145 -2.8609725713729861 1.4834311314167516 1.1783736599278329 -0.389851504105788 -11.565362726558339 0.015315197057914905 -9.4570225306919635 -0.44021074588032311 -1.1472867651419205 -7.7308121999104813 -13.163032738367717 -9.1449113011360179 0.2365522026187844 -10.11786977486177 0.983468054843879 -1.2742685576019563
leaf_weight=1000 2086 2556 25 36 430 24 1472 25 61 308 26 91 21 106 23 31 197 26 33 14641 21 586 33 24 30 21 144 22 487 763
leaf_count=1000 2086 2556 25 36 430 24 1472 25 61 308 26 91 21 106 23 31 197 26 33 14641 21 586 33 24 30 21 144 22 487 763
internal_value=5.92905e-10 -0.0290668 0.0487507 -0.4356 -1.85997 -7.64561 -0.0509044 -1.18722 -4.28942 -1.39766 -1.04441 -2.59218 -1.7791 -3.73476 -8.57673 -0.00236843 -0.0710882 -3.8423 -6.64056 -0.0494656 -0.947625 -1.43519 -1.23417 -3.08044 -6.86907 -1.81756 -0.901643 -5.71939 -0.189666 -0.390198
internal_weight=25349 24349 20437 3912 576 60 17881 516 86 622 575 267 241 150 44 17259 15787 90 59 15697 1056 859 838 252 63 189 168 47 3336 2849
internal_count=25349 24349 20437 3912 576 60 17881 516 86 622 575 267 241 150 44 17259 15787 90 59 15697 1056 859 838 252 63 189 168 47 3336 2849
is_linear=0
shrinkage=0.05


Tree=101
num_leaves=31
num_cat=0
split_feature=0 83 43 127 133 133 97 65 47 37 4 121 129 92 88 93 128 117 98 66 6 12 121 4 111 19 26 120 142 98
split_gain=205745 613369 929016 632715 762760 459858 435876 690655 763014 688876 879655 773591 535983 408028 622402 411766 385118 372782 454307 483065 547582 542962 476543 369217 351638 302525 548943 289439 269985 443589
threshold=2652.7500000000005 2148.1960449218755 1986.2500000000002 407.75000000000006 6.2500000000000009 782.25000000000011 2978.038208007813 1754.2500000000002 1023.3112182617189 3836.7500000000005 6812.9199218750009 522.00000000000011 1009.2500000000001 279.75000000000006 1953.007507324219 -1001.2499999999999 423.25000000000006 983.12179565429699 110.25000000000001 2811.7500000000005 1739.003356933594 639.42663574218761 -550.74999999999989 3684.099975585938 1892.6482543945315 713.34976196289074 516.37258911132824 1211.2500000000002 -71.749999999999986 989.50000000000011
decision_type=2 2 2 2 2 2 2 2 2 2 2 2 2 2 2 2 2 2 2 2 2 2 2 2 2 2 2 2 2 2
left_child=1 24 -3 4 -4 16 13 -8 9 11 -11 -9 -13 14 -2 -16 27 18 -15 20 -20 22 -22 -17 28 26 -7 -5 -1 -30
right_child=6 2 3 5 -6 25 7 8 -10 10 -12 12 -14 17 15 23 -18 -19 19 -21 21 -23 -24 -25 -26 -27 -28 -29 29 -31
leaf_value=-0.10873135131176055 -7.3188008915294311 -11.842291645208995 -10.511907344063124 2.6290419343662892 0.8567069940567017 -0.048825300931930549 -10.21600001335144 -10.800141128897668 8.779950675964356 7.2899691823366526 -4.030772908031941 4.7446627741274625 -5.8315976156741378 6.4009080812616164 5.7211712019784109 2.9927597783860707 8.1454722702503215 -3.9252266696521212 -7.0020937848091123 6.2091596126556396 -6.7832421075730096 4.4526640366471337 0.96013347163675289 -5.9210470217924858 3.8858917569292006 1.6252926063537598 -11.763588364124299 -3.5788175968187197 0.39508948679684774 -1.2876998779326323
leaf_weight=18054 33 24 36 57 25 20 20 32 20 37 32 23 25 53 28 21 21 28 20 51 21 115 369 26 58 20 20 28 5611 421
leaf_count=18054 33 24 36 57 25 20 20 32 20 37 32 23 25 53 28 21 21 28 20 51 21 115 369 26 58 20 20 28 5611 421
internal_value=-1.04557e-09 -0.0281694 -2.48711 -1.49802 -5.85264 0.102175 0.720329 -1.42986 -0.390083 -1.62096 2.03977 -4.77834 -0.763806 1.25155 -1.59655 0.921247 2.08211 1.71973 1.97102 1.56341 1.11211 1.43346 0.543182 -1.93828 -0.00260639 -3.39571 -5.90621 0.5841 -0.01197 0.27764
internal_weight=25349 24395 251 227 61 166 954 189 169 149 69 80 48 765 108 75 106 657 629 576 525 505 390 47 24144 60 40 85 24086 6032
internal_count=25349 24395 251 227 61 166 954 189 169 149 69 80 48 765 108 75 106 657 629 576 525 505 390 47 24144 60 40 85 24086 6032
is_linear=0
shrinkage=0.05


Tree=102
num_leaves=31
num_cat=0
split_feature=128 0 58 141 121 115 9 86 101 100 100 36 50 86 51 0 33 62 106 103 130 29 40 126 140 125 50 134 112 16
split_gain=205431 349191 335872 287022 624250 1.49912e+06 688692 2.3372e+06 739036 522884 1.45265e+06 506405 937433 811971 735560 571677 463024 407702 529201 392249 348657 404683 341972 362123 317149 347793 460487 305449 436157 826465
threshold=1420.7500000000002 1008.7500000000001 2002.7500000000002 786.00000000000011 -1444.7499999999998 -695.24999999999989 -372.74999999999994 -535.24999999999989 62.750000000000007 85.250000000000014 -145.74999999999997 1956.7500000000002 1587.7500000000002 2721.2500000000005 1328.2500000000002 218.25000000000003 594.56900024414074 2200.1298828125005 1499.7500000000002 307.71743774414068 -1357.0575561523435 -910.74999999999989 405.08375549316412 932.25000000000011 508.75000000000006 -235.55538940429685 -148.24999999999997 365.75000000000006 -443.74999999999994 -2618.9999999999995
decision_type=2 2 2 2 2 2 2 2 2 2 2 2 2 2 2 2 2 2 2 2 2 2 2 2 2 2 2 2 2 2
left_child=3 -2 -3 27 -5 -6 20 -8 -9 10 -10 12 15 16 -14 -11 17 -13 -19 -17 21 -7 -21 -24 -22 -26 -27 -1 -29 -30
right_child=1 2 -4 4 5 6 7 8 9 11 -12 13 14 -15 -16 19 -18 18 -20 22 24 -23 23 -25 25 26 -28 28 29 -31
leaf_value=-0.075598693462293143 7.2639032969108008 -2.5625471897614309 4.6151182416693439 6.5769924374727102 -14.801251902580262 2.95506819997515 -17.489417764414913 6.4408789871136349 1.4560422003269196 -7.5619186573028578 -16.78947340488434 5.3143029005631162 -14.859212629000346 -7.2130839904149369 -3.0257360655685952 -5.7072994625568398 6.1370453884727079 2.384090119058436 -8.8536366355419158 4.9900120681645923 -1.4601291911355381 -5.2174614082683215 2.4534890728337424 -5.7328569272702392 10.028476801785557 -3.6228713703155524 5.2155827564852579 1.7032885116519774 -4.6579968516216725 0.28627142030230029
leaf_weight=19042 26 39 28 26 20 28 23 30 24 25 20 23 24 24 29 20 57 22 20 49 29 33 35 22 22 20 56 535 86 4912
leaf_count=19042 26 39 28 26 20 28 23 30 24 25 20 23 24 24 29 20 57 22 20 49 29 33 35 22 22 20 56 535 86 4912
internal_value=-3.14636e-09 2.34565 0.437074 -0.00863737 -1.02119 -1.3228 -0.898282 -1.96616 -1.12409 -1.70011 -6.83737 -1.05428 -2.66324 1.19386 -8.38429 -0.655193 2.84769 -0.0368274 -2.96721 0.715189 1.64076 -1.46614 1.92698 -0.706153 3.13305 4.49226 2.88967 0.0194216 0.346437 0.201196
internal_weight=25349 93 67 25256 681 655 635 447 424 394 44 350 204 146 53 151 122 65 42 126 188 61 106 57 127 98 76 24575 5533 4998
internal_count=25349 93 67 25256 681 655 635 447 424 394 44 350 204 146 53 151 122 65 42 126 188 61 106 57 127 98 76 24575 5533 4998
is_linear=0
shrinkage=0.05


Tree=103
num_leaves=31
num_cat=0
split_feature=99 119 61 117 12 26 138 86 45 23 114 80 84 107 117 106 107 126 145 135 9 64 114 141 114 116 9 141 93 126
split_gain=207551 435231 337991 665297 316436 294350 286629 277138 473344 359846 491943 406896 632939 2.13039e+06 346647 321743 695297 562150 555898 564232 551880 532190 530059 885528 666769 487819 486721 554600 491171 470498
threshold=-1607.2499999999998 -1771.9999999999998 876.19470214843761 770.76763916015636 983.12179565429699 702.00830078125011 666.30764770507824 -3262.4999999999995 -3643.9999999999995 -3615.9999999999995 -470.24999999999994 -1872.7499999999998 -1756.2499999999998 -1391.7499999999998 370.55998229980474 -565.24999999999989 -698.74999999999989 46.250000000000007 1080.143493652344 -578.74999999999989 -1396.7499999999998 -161.74999999999997 -311.74999999999994 182.25000000000003 -228.74999999999997 -993.26000976562489 -531.24999999999989 361.25000000000006 -863.24999999999989 -1036.4999999999998
decision_type=2 2 2 2 2 2 2 2 2 2 2 2 2 2 2 2 2 2 2 2 2 2 2 2 2 2 2 2 2 2
left_child=2 -2 3 5 -4 6 -1 -3 -9 10 -10 14 13 -13 -11 -14 17 22 29 -20 21 25 -17 -24 -25 -19 27 -22 -28 -18
right_child=1 7 4 -5 -6 -7 -8 8 9 11 -12 12 15 -15 -16 16 18 20 19 -21 26 -23 23 24 -26 -27 28 -29 -30 -31
leaf_value=-1.0151640084656803 4.1018363887071612 -5.7364012823218395 6.5644613325595857 -8.9321525250711744 -1.1382498097419738 4.6770081853866579 -7.0685040040449669 5.9054636569584122 -0.76091624151576653 -4.1211197387088427 -9.3402554472287491 -14.799205842710311 0.58054083625914499 1.4375849010615513 2.4162914557461574 -1.0330219757472896 -5.8497084319591526 1.7955064746311735 10.057220024532743 1.2827837567580376 2.5307222427453024 -9.0988405065103013 -1.0839287622886544 -16.925277609825134 -4.3111893177032474 -5.7385710270174091 -3.2491412296224 10.474388124324658 2.4051391910844382 0.037118681170531437
leaf_weight=176 65 21 24 31 30 20 22 34 55 22 24 31 2218 58 259 1778 34 70 27 57 118 22 68 20 22 31 67 27 90 19828
leaf_count=176 65 21 24 31 30 20 22 34 55 22 24 31 2218 58 259 1778 34 70 27 57 118 22 68 20 22 31 67 27 90 19828
internal_value=1.20169e-09 0.0157364 -1.30077 -2.07844 2.28518 -1.10383 -1.68776 0.00510442 0.00993502 0.00189329 -3.3673 0.0126055 -0.00903468 -4.21793 1.90447 0.00626913 -0.0509542 -0.871575 0.0442075 4.10314 0.771339 -2.05191 -1.2414 -4.60963 -10.3179 -0.516933 1.9212 4.00989 -0.00783398 0.0270415
internal_weight=25349 25046 303 249 54 218 198 24981 24960 24926 79 24847 24566 89 281 24477 22259 2313 19946 84 425 123 1888 110 42 101 302 145 157 19862
internal_count=25349 25046 303 249 54 218 198 24981 24960 24926 79 24847 24566 89 281 24477 22259 2313 19946 84 425 123 1888 110 42 101 302 145 157 19862
is_linear=0
shrinkage=0.05


Tree=104
num_leaves=31
num_cat=0
split_feature=141 50 100 92 93 38 89 133 5 129 135 92 75 108 47 92 144 85 125 15 116 136 29 106 107 8 30 79 127 93
split_gain=203949 394209 335218 580063 383547 511189 506739 469119 389965 370942 475867 623003 591032 349917 335039 330876 323748 284863 644427 513084 755418 668662 640502 550186 763051 618315 3.54938e+06 2.63819e+06 927827 939618
threshold=76.250000000000014 3122.2500000000005 -1203.2499999999998 -446.24999999999994 411.25000000000006 -545.74999999999989 586.37289428710949 -678.24999999999989 634.06787109375011 -468.74999999999994 -319.24999999999994 68.250000000000014 634.06787109375011 207.75000000000003 523.51440429687511 738.75000000000011 -1322.7199707031248 382.75000000000006 -971.61862182617176 -497.24999999999994 2553.587524414063 846.75000000000011 -1147.2499999999998 112.75000000000001 -4.2499999999999991 -73.749999999999986 -59.249999999999993 -256.74999999999994 88.250000000000014 -376.24999999999994
decision_type=2 2 2 2 2 2 2 2 2 2 2 2 2 2 2 2 2 2 2 2 2 2 2 2 2 2 2 2 2 2
left_child=1 2 3 -1 6 -6 8 -8 15 -9 11 12 -11 14 -7 -4 -15 19 -19 20 21 -2 -21 -24 25 26 28 -28 29 -25
right_child=17 -3 4 -5 5 13 7 9 -10 10 -12 -13 -14 16 -16 -17 -18 18 -20 22 -22 -23 23 24 -26 -27 27 -29 -30 -31
leaf_value=-0.61927707729952097 0.14393316700729464 6.6316346883773809 0.31135424167631287 -8.0267214553696782 -7.4165423675819682 0.75176358244440578 -3.2288820639252664 7.552249528722065 -6.0030344704786938 1.5136324555785567 4.9797502391192383 3.4306309076717927 -8.9482188984199809 -5.7768966883420951 7.2668101737896613 2.6015400092294616 -0.63577163427250794 -7.4267721584865036 0.1723003660936174 -6.5536901078440923 7.5820135779240561 -8.594618983702226 -0.096527708643840415 -11.171567674305129 -0.069270655667326472 -1.142353471661935 -29.078618144989015 -4.5921038887717511 -0.29021356987726427 -1.891124964383111
leaf_weight=471 4423 24 4861 28 27 111 32 41 24 27 98 70 27 32 24 163 711 28 7755 44 34 22 3600 46 1147 1092 22 22 276 67
leaf_count=471 4423 24 4861 28 27 111 32 41 24 27 98 70 27 32 24 163 711 28 7755 44 34 22 3600 46 1147 1092 22 22 276 67
internal_value=-4.86868e-09 0.234922 0.212168 -1.03493 0.311767 -0.640101 0.472996 2.48727 0.355284 3.18277 2.37579 0.317825 -3.71729 -0.431714 1.90999 0.385658 -0.857193 -0.0856204 0.144962 -0.251866 0.157473 0.100683 -0.54215 -0.499977 -1.04355 -1.77633 -3.37518 -16.8354 -1.85269 -5.669
internal_weight=25349 6771 6747 499 6248 905 5343 295 5048 263 222 124 54 878 135 5024 743 18578 7783 10795 4479 4445 6316 6272 2672 1525 433 44 389 113
internal_count=25349 6771 6747 499 6248 905 5343 295 5048 263 222 124 54 878 135 5024 743 18578 7783 10795 4479 4445 6316 6272 2672 1525 433 44 389 113
is_linear=0
shrinkage=0.05


Tree=105
num_leaves=31
num_cat=0
split_feature=108 94 37 107 117 106 98 72 36 68 17 140 135 86 85 128 86 85 134 141 43 8 118 64 106 107 20 113 29 127
split_gain=199737 450565 404640 319410 438608 334069 719760 792676 866796 995799 699830 470677 561082 471479 439031 390265 376392 719887 1.29945e+06 455631 442686 415926 644743 717645 484645 510264 616824 558426 481756 448282
threshold=2363.5000000000005 2428.5000000000005 1845.5000000000002 1606.0000000000002 876.19470214843761 1662.0000000000002 875.25000000000011 503.25000000000006 1995.5000000000002 691.42440795898449 1695.2500000000002 -8.2499999999999982 -125.74999999999999 1706.2500000000002 2183.2500000000005 1420.7500000000002 762.25000000000011 960.25000000000011 1666.2500000000002 16.750000000000004 802.25000000000011 198.25000000000003 408.61856079101568 1212.7500000000002 378.75000000000006 549.75000000000011 -350.01463317871088 1205.2500000000002 -135.24999999999997 1081.2500000000002
decision_type=2 2 2 2 2 2 2 2 2 2 2 2 2 2 2 2 2 2 2 2 2 2 2 2 2 2 2 2 2 2
left_child=3 -2 -3 5 -5 14 -7 -8 9 10 -9 13 -13 -10 15 16 17 18 -1 20 -19 22 28 -24 -23 27 -27 29 -18 -26
right_child=1 2 -4 4 -6 6 7 8 11 -11 -12 12 -14 -15 -16 -17 21 19 -20 -21 -22 24 23 -25 25 26 -28 -29 -30 -31
leaf_value=-0.0083306939054292074 -7.0041843761097304 6.0736237740516668 -2.6738540557714607 2.9326428805702722 -3.7091130881473937 -7.8838501142828097 4.3553586508288529 -0.61550668301218647 1.2263908624649049 -11.987548126957634 -8.952242374420166 8.6049100325657779 0.62844273682298335 -7.2294878741397586 2.1208058919848467 6.979478740692139 -6.1442297816276552 -9.3079470539093023 -11.649395531415941 1.3486233181674783 0.58657937049865727 2.5424790172576905 -2.5565386642109265 -12.687741394700677 -1.6646881424104429 -8.3964683422375295 0.2699930818067135 -9.039468887329102 2.2376596124966941 5.5902473384683784
leaf_weight=20970 33 20 39 174 29 38 66 118 32 33 32 26 145 34 246 20 24 20 24 1292 26 125 44 29 662 21 920 25 60 22
leaf_count=20970 33 20 39 174 29 38 66 118 32 33 32 26 145 34 246 20 24 20 24 1292 26 125 44 29 662 21 920 25 60 22
internal_value=4.90128e-10 -2.3255 0.291393 0.00847076 1.98382 -0.00753451 -1.25674 -0.738566 -1.53904 -4.12399 -2.39401 0.456936 1.84124 -3.12967 0.0191504 -0.00213962 -0.00789433 0.0500284 -0.0216386 1.17452 -3.71539 -0.677423 -3.14417 -6.58126 -0.459238 -0.686641 0.0765864 -1.69961 -0.157166 -1.43134
internal_weight=25349 92 59 25257 203 25054 524 486 420 183 150 237 171 66 24530 24284 24264 22332 20994 1338 46 1932 157 73 1775 1650 941 709 84 684
internal_count=25349 92 59 25257 203 25054 524 486 420 183 150 237 171 66 24530 24284 24264 22332 20994 1338 46 1932 157 73 1775 1650 941 709 84 684
is_linear=0
shrinkage=0.05


Tree=106
num_leaves=31
num_cat=0
split_feature=135 142 140 47 117 134 65 117 105 115 127 93 85 130 113 51 107 12 112 6 133 82 104 129 127 2 29 45 73 16
split_gain=197391 598642 585163 466963 502314 419613 694106 800675 486153 1.48427e+06 584606 478632 718081 460425 1.25049e+06 527068 695398 740124 415289 535694 453260 441178 440094 414475 350399 685962 2.46103e+06 412625 385493 374171
threshold=-625.24999999999989 -429.24999999999994 -67.749999999999986 983.12179565429699 876.19470214843761 -52.249999999999993 -262.24999999999994 611.96658325195324 -990.74999999999989 -559.74999999999989 -229.74999999999997 -742.24999999999989 -367.24999999999994 -1726.3300170898435 -39.749999999999993 -411.24999999999994 -719.74999999999989 606.78826904296886 -1133.4999999999998 -2557.075317382812 -574.24999999999989 307.76264953613287 -3054.1647949218745 289.25000000000006 -274.74999999999994 418.25000000000006 322.75000000000006 -3643.9999999999995 392.75000000000006 -2281.7499999999995
decision_type=2 2 2 2 2 2 2 2 2 2 2 2 2 2 2 2 2 2 2 2 2 2 2 2 2 2 2 2 2 2
left_child=1 2 5 4 -3 8 7 -7 9 10 18 -10 -13 14 -14 -15 17 -17 20 -20 21 -1 -23 -8 25 29 -27 -26 -28 -2
right_child=24 3 -4 -5 -6 6 23 -9 11 -11 -12 12 13 15 -16 16 -18 -19 19 -21 -22 22 -24 -25 27 26 28 -29 -30 -31
leaf_value=-6.0428372525033502 -4.4761907179440774 1.3653867171994578 -6.5846750640869152 8.0840323305130006 -4.9983032628893858 -0.15266138440314331 0.52780791609375566 7.9937025352886755 1.6196003016010192 -11.223509614209872 -9.2155307388305658 -7.7234670456718 0.68033454201438215 3.1431678914313399 -12.626800457560101 -1.4123498813145692 0.69592574725380052 -13.408724117279053 -9.3839521541595463 -1.3326525868988839 -6.8100206249952322 -4.6169805879946111 2.086213246067214 -7.3547480543454489 5.5758704120462594 -20.65848284482956 1.5759955673217774 -0.019381496442987076 -6.6374870252609259 -0.21645015081152527
leaf_weight=21 56 1002 35 25 32 53 81 70 403 37 20 34 55 129 26 36 177 20 25 119 20 27 263 21 33 20 50 21790 20 649
leaf_count=21 56 1002 35 25 32 53 81 70 403 37 20 34 55 129 26 36 177 20 25 119 20 27 263 21 33 20 50 21790 20 649
internal_value=1.5906e-09 0.401531 -0.187614 1.3317 1.16844 -0.0508414 1.95454 4.48348 -0.370395 -1.56363 -0.841575 0.350967 -0.720855 -0.183409 -3.59109 0.579084 -0.840516 -5.69677 -0.488987 -2.73045 0.48615 0.955357 1.46212 -1.09507 -0.0484827 -1.07958 -5.19022 -0.0109205 -0.770714 -0.554813
internal_weight=25349 2731 1672 1059 1034 1637 225 123 1412 532 495 880 477 443 81 362 233 56 475 144 331 311 290 102 22618 795 90 21823 70 705
internal_count=25349 2731 1672 1059 1034 1637 225 123 1412 532 495 880 477 443 81 362 233 56 475 144 331 311 290 102 22618 795 90 21823 70 705
is_linear=0
shrinkage=0.05


Tree=107
num_leaves=31
num_cat=0
split_feature=142 140 126 2 27 135 120 22 114 108 128 66 69 113 127 28 26 19 42 43 30 8 104 90 71 71 115 120 50 115
split_gain=194612 243433 255216 427723 631549 278400 256331 223002 407236 217125 459054 295752 580715 918975 421198 414152 614399 926477 517374 331110 328264 334030 402953 367335 330918 308878 675719 911796 738100 525303
threshold=-12.249999999999998 490.25000000000006 328.25000000000006 291.25000000000006 364.05868530273443 10.250000000000002 496.25000000000006 -428.24999999999994 -288.74999999999994 2363.5000000000005 -102.74999999999999 3506.5000000000005 4203.1918945312509 1296.2500000000002 1271.7500000000002 3391.7500000000005 611.96658325195324 579.40298461914074 3515.2500000000005 3501.0000000000005 3035.5000000000005 3610.2500000000005 2593.4101562500005 2639.404907226563 3324.2500000000005 1306.7500000000002 -462.74999999999994 -367.74999999999994 1650.7500000000002 1313.5000000000002
decision_type=2 2 2 2 2 2 2 2 2 2 2 2 2 2 2 2 2 2 2 2 2 2 2 2 2 2 2 2 2 2
left_child=9 2 3 5 -5 -2 -6 8 -7 11 -11 12 15 -14 -13 18 17 -17 19 20 21 22 23 24 25 29 27 -27 -29 -1
right_child=1 -3 -4 4 6 7 -8 -9 -10 10 -12 14 13 -15 -16 16 -18 -19 -20 -21 -22 -23 -24 -25 -26 26 -28 28 -30 -31
leaf_value=-0.0051141890027074817 2.5068962113737414 -2.1528358770534397 2.7708397847717396 -9.9851589751243601 0.50760380880789713 1.8842176445152452 -5.5164125873928986 1.2220964943070012 -7.169608899399087 -9.1621511006355298 -0.54479720531141063 -0.056890101921864049 2.0739576385134746 -12.114037811279298 7.9809512078762062 2.6143389276095803 5.9925019553009902 -9.1487368540330376 -8.0691848540306097 4.1246420164903013 -4.870974315915789 2.6514161422848703 -5.4775264385868532 5.9094684197352487 6.3919871425628667 2.4165798301696779 -0.43777976313906602 -16.389588044938588 -3.8911181308605052 2.8440862306239416
leaf_weight=21474 230 64 167 20 111 23 21 83 27 20 68 39 21 25 28 70 71 22 20 48 35 116 34 26 20 25 2230 21 27 163
leaf_count=21474 230 64 167 20 111 23 21 83 27 20 68 39 21 25 28 70 71 22 20 48 35 116 34 26 20 25 2230 21 27 163
internal_value=-1.39895e-10 0.795607 1.07229 0.521503 -1.70529 1.45393 -0.450762 -0.366981 -3.00485 -0.024124 -2.50329 -0.0152247 -0.0243162 -5.63691 3.30221 -0.0137359 2.49815 -0.19857 -0.0306276 -0.0239894 -0.0322279 -0.0252112 -0.0381375 -0.0304272 -0.0368728 -0.0422436 -0.592738 -5.3264 -9.3592 0.01635
internal_weight=25349 746 682 515 152 363 132 133 50 24603 88 24515 24448 46 67 24402 163 92 24239 24219 24171 24136 24020 23986 23960 23940 2303 73 48 21637
internal_count=25349 746 682 515 152 363 132 133 50 24603 88 24515 24448 46 67 24402 163 92 24239 24219 24171 24136 24020 23986 23960 23940 2303 73 48 21637
is_linear=0
shrinkage=0.05


Tree=108
num_leaves=31
num_cat=0
split_feature=99 4 141 108 134 127 113 36 76 6 142 130 114 14 15 134 76 25 135 56 128 19 96 34 134 52 52 141 145 122
split_gain=188700 348514 461331 322609 223204 202252 428182 427072 1.02649e+06 442951 430237 541086 442994 785137 581968 390447 389339 345908 319441 311311 275638 465826 1.20807e+06 399846 300653 649466 602608 600513 604041 509660
threshold=-2166.7499999999995 -543.30749511718739 175.75000000000003 -2265.7499999999995 16.750000000000004 1445.2500000000002 2726.2500000000005 -1224.2499999999998 -628.09838867187489 128.51666259765628 -95.749999999999986 3419.0000000000005 875.75000000000011 2132.2500000000005 1483.2500000000002 1666.2500000000002 -3414.1333007812495 -5684.9323730468741 668.75000000000011 -3474.7499999999995 720.25000000000011 533.84020996093761 552.67700195312511 1725.7999267578127 764.25000000000011 3310.2500000000005 2462.2500000000005 941.50000000000011 521.25054931640636 733.25000000000011
decision_type=2 2 2 2 2 2 2 2 2 2 2 2 2 2 2 2 2 2 2 2 2 2 2 2 2 2 2 2 2 2
left_child=1 2 -1 -2 -4 6 15 -7 -9 -10 12 18 13 14 -11 16 17 -5 -12 -18 24 -22 -23 -24 27 26 -26 -21 -29 -27
right_child=3 -3 4 5 -6 7 -8 8 9 10 11 -13 -14 -15 -16 -17 19 -19 -20 20 21 22 23 -25 25 29 -28 28 -30 -31
leaf_value=-5.0980423051735455 5.2792212009429935 -6.6753224563598641 -0.72154333114624025 8.7104751676321026 6.576721494848079 8.1429878711700443 -5.6251703918856739 -10.406768851280212 4.958426659215581 -0.49506955615111758 2.1023053011651767 -7.2363812855311807 2.5618003807516181 5.0782978693644205 -12.412616965770722 -6.9935392129421237 -6.0990579156648543 0.65704472700754801 -5.0785265286763517 -0.014835182495247816 -0.25919127811556275 -12.314448100328447 -4.1026840969920162 4.0789138061659678 0.85454213151877578 -9.9955061197280894 6.8436591419306669 0.79940897464752203 -10.758531391162139 0.6704888298397973
leaf_weight=29 29 30 20 24 22 20 34 20 66 21 59 35 234 24 20 20 21 30 21 23189 230 32 32 28 924 24 44 20 26 21
leaf_count=29 29 30 20 24 22 20 34 20 66 21 59 35 234 24 20 20 21 30 21 23189 230 32 32 28 924 24 44 20 26 21
internal_value=-3.87769e-10 -2.15689 -0.247693 0.00862824 3.10136 0.00256745 -0.0179779 0.978434 0.691852 1.15429 0.547839 -2.05119 1.54746 -2.10415 -6.30851 -0.0102486 -0.00458149 4.23635 0.217337 -0.0138942 -0.00869325 -1.46196 -4.4689 -0.284605 0.0106054 0.853807 1.12677 -0.0261565 -5.73334 -5.01804
internal_weight=25349 101 71 25248 42 25219 24699 520 500 480 414 115 299 65 41 24665 24645 54 80 24591 24570 322 92 60 24248 1013 968 23235 46 45
internal_count=25349 101 71 25248 42 25219 24699 520 500 480 414 115 299 65 41 24665 24645 54 80 24591 24570 322 92 60 24248 1013 968 23235 46 45
is_linear=0
shrinkage=0.05


Tree=109
num_leaves=31
num_cat=0
split_feature=141 50 100 92 4 93 38 92 108 12 120 122 47 130 0 96 33 19 108 114 138 127 121 144 5 85 48 66 86 121
split_gain=188168 353137 290821 498175 350155 344997 652081 401298 315511 314854 401672 310723 301719 285807 394198 279371 354845 286145 277945 529023 323313 343345 687197 332527 277033 259628 583526 483035 604065 479267
threshold=76.250000000000014 3122.2500000000005 -1203.2499999999998 -446.24999999999994 -5254.8701171874991 411.25000000000006 -545.74999999999989 807.25000000000011 207.75000000000003 639.42663574218761 490.75000000000006 -364.74999999999994 523.51440429687511 -1299.7874755859373 85.250000000000014 264.97955322265631 276.57872009277349 682.37133789062511 -404.74999999999994 -478.74999999999994 309.95310974121099 -36.249999999999993 -1586.7499999999998 -282.02749633789057 634.06787109375011 382.75000000000006 -2495.640258789062 -201.74999999999997 -654.74999999999989 -521.74999999999989
decision_type=2 2 2 2 2 2 2 2 2 2 2 2 2 2 2 2 2 2 2 2 2 2 2 2 2 2 2 2 2 2
left_child=1 2 3 18 -4 7 -7 9 12 24 -11 -9 -8 14 -10 16 -15 -17 20 -20 -1 -22 -23 -24 -6 29 -27 -28 -29 -2
right_child=25 -3 4 -5 5 6 8 11 13 10 -12 -13 -14 15 -16 17 -18 -19 19 -21 21 22 23 -25 -26 26 27 28 -30 -31
leaf_value=-5.0786753285315731 0.22613799663767176 6.2799618790547056 6.9021335721015937 -7.4369729659387049 0.32177348335587719 -8.4310688605675335 0.72812936971853448 8.6596202714102599 0.05212945938110352 4.2859017640057173 -2.3031082789103192 2.0749378113473051 6.9107313225666687 -1.3942868007080895 -9.8750865393877039 0.039117246805301514 -8.6741459738124504 -5.5309316903352741 -9.6505455431730862 0.8568194370269776 1.1732132908251647 -10.023725106397814 1.5989979226799573 -5.2466934253772104 -4.6655069478122249 -5.9627720093115784 1.7717354609721401 -7.6874981994628913 0.098002377696298965 -0.47857854953216644
leaf_weight=31 3640 24 20 28 5022 26 111 21 20 101 30 122 24 70 20 587 22 24 23 25 278 22 68 24 28 39 443 25 7276 7155
leaf_count=31 3640 24 20 28 5022 26 111 21 20 101 30 122 24 70 20 587 22 24 23 25 278 22 68 24 28 39 443 25 7276 7155
internal_value=2.78572e-09 0.22565 0.204114 -0.957462 0.296884 0.275673 -0.627432 0.429018 -0.396345 0.356899 2.77697 3.04192 1.82726 -0.800365 -4.91148 -0.566446 -3.13512 -0.179674 -0.572268 -4.17796 -0.163112 0.225619 -2.08518 -0.186835 0.294121 -0.0822413 0.137891 0.168615 0.0713434 -0.240953
internal_weight=25349 6771 6747 499 6248 6228 904 5324 878 5181 131 143 135 743 40 703 92 611 471 48 423 392 114 92 5050 18578 7783 7744 7301 10795
internal_count=25349 6771 6747 499 6248 6228 904 5324 878 5181 131 143 135 743 40 703 92 611 471 48 423 392 114 92 5050 18578 7783 7744 7301 10795
is_linear=0
shrinkage=0.05


Tree=110
num_leaves=31
num_cat=0
split_feature=64 65 94 106 91 58 9 4 19 78 117 85 36 140 140 115 141 106 100 110 79 57 145 106 78 122 52 135 142 107
split_gain=187554 1.3379e+06 892646 1.04056e+06 648117 626565 657961 1.89303e+06 766326 782274 633683 592040 577463 575894 547800 863715 536919 521456 860249 898358 1.03781e+06 965505 924089 872923 814624 733206 649756 486933 577444 463938
threshold=-374.74999999999994 -596.24999999999989 100.25000000000001 773.25000000000011 -714.24999999999989 -1349.2499999999998 -33.749999999999993 -997.13500976562489 606.78826904296886 -493.24999999999994 691.42440795898449 -585.74999999999989 893.25000000000011 -239.74999999999997 323.75000000000006 411.25000000000006 1148.2500000000002 249.25000000000003 55.750000000000007 1023.3112182617189 -837.24999999999989 1007.2500000000001 418.34791564941412 1033.7500000000002 228.75000000000003 225.25000000000003 630.75000000000011 -504.24999999999994 -555.24999999999989 -145.74999999999997
decision_type=2 2 2 2 2 2 2 2 2 2 2 2 2 2 2 2 2 2 2 2 2 2 2 2 2 2 2 2 2 2
left_child=11 2 3 4 -2 13 10 -8 9 -9 -7 16 14 -6 -4 -16 -1 29 19 20 25 22 -22 24 -23 -19 -26 -13 -29 -3
right_child=1 17 12 -5 5 6 7 8 -10 -11 -12 27 -14 -15 15 -17 -18 18 -20 -21 21 23 -24 -25 26 -27 -28 28 -30 -31
leaf_value=-0.17811333651345262 0.16815376571918791 0.16413253406090375 1.0338022294687108 -10.21939375078356 -13.884647769927978 -1.5760759978968484 -19.015240306854249 -9.5957474415118877 -9.7886373996734619 -0.20125382097562153 5.4110097338171563 1.9440300013390623 8.0830912761688243 -4.164434045925737 -12.657711162567139 0.30163439446025425 -8.3941404998302467 -15.959471895694733 0.058622966646281152 9.1778874170212514 -1.4041345128904965 -9.57349060899333 1.178227104062384 -12.613551305687947 -10.219383714415812 -2.4205882337689402 -1.3591509965002195 -7.4792435131643131 0.47885502837726057 1.1272834035689216
leaf_weight=3458 342 5389 320 37 20 712 20 26 34 150 34 645 25 64 20 36 20 20 7816 21 936 38 550 23 22 20 348 23 2552 1628
leaf_count=3458 342 5389 320 37 20 712 20 26 34 150 34 645 25 64 20 36 20 20 7816 21 936 38 550 23 22 20 348 23 2552 1628
internal_value=9.86023e-10 -0.0815032 -1.36153 -1.94289 -1.72446 -2.3351 -1.97847 -4.3165 -2.91662 -1.58908 -1.25763 0.226951 0.724685 -6.47877 0.235429 -4.3267 -0.225359 0.0585985 -0.177111 -1.10861 -1.21899 -1.05267 -0.448348 -3.13623 -2.60197 -9.19003 -1.88598 0.715501 0.407773 0.387591
internal_weight=25349 18651 1840 1439 1402 1060 976 230 210 176 746 6698 401 84 376 56 3478 16811 9794 1978 1957 1917 1486 431 408 40 370 3220 2575 7017
internal_count=25349 18651 1840 1439 1402 1060 976 230 210 176 746 6698 401 84 376 56 3478 16811 9794 1978 1957 1917 1486 431 408 40 370 3220 2575 7017
is_linear=0
shrinkage=0.05


Tree=111
num_leaves=31
num_cat=0
split_feature=127 122 134 114 121 71 105 119 9 87 111 75 142 85 100 5 115 68 58 8 48 131 13 141 103 54 134 131 135 108
split_gain=186661 517749 549615 447422 902163 820858 684918 529454 516780 636656 526176 546519 1.17651e+06 942413 702960 668341 918759 602276 547863 484095 459704 522873 419484 461765 545252 1.35283e+06 433207 681840 423173 408691
threshold=213.25000000000003 161.75000000000003 1180.0000000000002 -531.24999999999989 -332.24999999999994 1405.0000000000002 -96.249999999999986 -131.24999999999997 -2675.2499999999995 -863.24999999999989 -868.63998413085926 431.74841308593756 -80.749999999999986 760.25000000000011 -967.24999999999989 586.37289428710949 330.75000000000006 463.84605407714849 -792.24999999999989 -649.74999999999989 -1923.3364257812498 602.34585571289074 1874.4028930664065 222.25000000000003 909.93881225585949 813.04827880859386 668.75000000000011 691.42440795898449 238.00000000000003 -22.749999999999996
decision_type=2 2 2 2 2 2 2 2 2 2 2 2 2 2 2 2 2 2 2 2 2 2 2 2 2 2 2 2 2 2
left_child=-1 2 22 19 5 29 8 -8 9 -6 -10 -12 13 14 -13 17 -17 -16 -14 20 -3 -22 23 24 25 -2 28 -28 -25 -5
right_child=1 3 -4 4 6 -7 7 -9 10 -11 11 12 18 -15 15 16 -18 -19 -20 -21 21 -23 -24 26 -26 -27 27 -29 -30 -31
leaf_value=-0.12184903679359815 1.0405788781272285 3.4645678914323144 -7.3710980086099545 -4.6833491888539545 -0.78912087440490719 -13.64133110954648 -6.2459914626497213 0.10220956749811914 2.0172275485900735 -13.405146355628967 -0.41050059134929867 0.7571065896749497 -4.4412043356895445 3.663427873452505 -13.488526129722596 -20.644852135398171 -6.6348406028747569 -3.6501098446335116 5.613337839501245 3.4462632994855875 0.15618705676227321 -7.8185447352547799 2.4462427651068341 -0.55584907264349426 8.8195625326850191 -12.032650246620179 5.0710996658364431 -3.4864590124650436 -6.9217893485669739 3.4572718427294777
leaf_weight=14032 1873 49 21 58 20 21 33 6984 104 20 295 25 20 24 20 22 25 70 42 184 61 31 325 788 22 20 79 33 27 21
leaf_count=14032 1873 49 21 58 20 21 33 6984 104 20 295 25 20 24 20 22 25 70 42 184 61 31 325 788 22 20 79 33 27 21
internal_value=7.79855e-10 0.151081 0.691118 -0.0607083 -0.136408 -4.85499 -0.0751593 0.0723548 -1.58187 -7.09713 -1.24089 -1.86491 -3.59496 -5.58326 -6.95314 -8.36012 -13.1927 -5.83642 2.36994 1.75701 -0.447402 -2.53095 0.744577 0.549982 0.993411 0.902457 -0.366056 2.54968 -0.766745 -2.51939
internal_weight=25349 11317 3188 8129 7804 100 7704 7017 687 40 647 543 248 186 162 137 47 90 62 325 141 92 3167 2842 1915 1893 927 112 815 79
internal_count=25349 11317 3188 8129 7804 100 7704 7017 687 40 647 543 248 186 162 137 47 90 62 325 141 92 3167 2842 1915 1893 927 112 815 79
is_linear=0
shrinkage=0.05


Tree=112
num_leaves=31
num_cat=0
split_feature=2 1 23 35 38 145 4 69 139 1 8 24 24 127 0 82 141 7 131 145 34 38 40 145 140 117 96 130 109 1
split_gain=189887 791849 721466 1.0691e+06 587412 594399 568361 1.22258e+06 573253 553149 472330 1.33014e+06 1.31848e+06 1.31012e+06 472514 428891 435492 1.81039e+06 533058 671961 519626 678964 517189 1.24815e+06 645392 875266 556189 501220 537278 467518
threshold=-580.24999999999989 248.75000000000003 -709.24999999999989 163.75000000000003 -520.74999999999989 634.06787109375011 -1380.3124999999998 -588.96231079101551 -425.37629699707026 176.75000000000003 -73.749999999999986 32.250000000000007 77.750000000000014 152.25000000000003 -406.74999999999994 1178.973083496094 786.00000000000011 -145.74999999999997 983.12179565429699 909.93881225585949 1035.884704589844 844.50000000000011 943.51049804687511 841.86529541015636 -40.749999999999993 983.12179565429699 876.19470214843761 220.7174987792969 -293.17999267578119 1997.2500000000002
decision_type=2 2 2 2 2 2 2 2 2 2 2 2 2 2 2 2 2 2 2 2 2 2 2 2 2 2 2 2 2 2
left_child=1 9 3 4 6 -6 7 8 -2 10 11 -1 13 -13 -14 16 22 -18 19 20 27 -22 26 -24 25 -25 -4 28 -19 -28
right_child=2 -3 15 -5 5 -7 -8 -9 -10 -11 -12 12 14 -15 -16 -17 17 18 -20 -21 21 -23 23 24 -26 -27 29 -29 -30 -31
leaf_value=0.16179005117846382 1.6558309843142827 3.6851407198966308 0.025074615839344588 -10.620494405684934 -0.15671972341189103 6.6951024442105682 -1.2873778995492016 -12.832200580835343 -7.4510821081973893 -5.9043086414274422 1.5582099154861022 -19.1060981631279 -0.94557146163556371 -3.1861074596643451 -8.6600940205834132 5.9474842484792072 -15.839438343048096 1.657208579664047 -7.0959923312067987 5.2444390300740586 -9.1407087318825013 -1.4651448831159115 -10.665470639028047 0.1170616743515949 2.4068594931854923 -10.964687401907785 8.0761058183816754 4.1242855822961584 -6.5771998353302479 0.89185862938563032
leaf_weight=8622 48 158 13981 31 219 37 479 36 27 38 553 24 203 28 22 30 21 52 32 47 33 227 38 49 85 28 39 76 32 54
leaf_count=8622 48 158 13981 31 219 37 479 36 27 38 553 24 203 28 22 30 21 52 32 47 33 227 38 49 85 28 39 76 32 54
internal_value=-9.70422e-10 0.174575 -0.107274 -1.50074 -1.16657 0.833583 -2.03443 -5.25819 -1.62266 0.116127 0.140332 0.052222 -3.35823 -10.5338 -1.69988 -0.0248348 -0.0369458 -1.45825 -0.853035 -0.425252 -1.05972 -2.43935 0.0148323 -2.5099 -0.596865 -3.91267 0.0507103 1.18219 -1.47971 3.90461
internal_weight=25349 9648 15701 877 846 256 590 111 75 9490 9452 8899 277 52 225 14824 14794 520 499 467 420 260 14274 200 162 77 14074 160 84 93
internal_count=25349 9648 15701 877 846 256 590 111 75 9490 9452 8899 277 52 225 14824 14794 520 499 467 420 260 14274 200 162 77 14074 160 84 93
is_linear=0
shrinkage=0.05


Tree=113
num_leaves=31
num_cat=0
split_feature=142 139 138 110 110 93 35 9 23 122 114 12 110 26 145 131 57 1 10 134 128 30 33 96 31 43 132 103 70 122
split_gain=177987 267520 260002 300291 400621 262480 549941 232393 262135 274876 246636 229886 451105 506482 492453 469778 399150 386230 735516 467036 527202 456156 361276 756881 994429 1.05783e+06 915212 784727 646481 466723
threshold=-16.249999999999996 1695.059020996094 397.76205444335943 363.31340026855474 377.18688964843756 -172.74999999999997 197.75000000000003 -2377.2499999999995 -203.74999999999997 389.75000000000006 166.75000000000003 1080.143493652344 1178.973083496094 1080.143493652344 1080.143493652344 1080.143493652344 440.25000000000006 1997.2500000000002 889.25000000000011 537.75000000000011 74.750000000000014 1413.7500000000002 943.51049804687511 943.51049804687511 207.75000000000003 2254.5000000000005 1950.243103027344 1023.3112182617189 551.25000000000011 338.75000000000006
decision_type=2 2 2 2 2 2 2 2 2 2 2 2 2 2 2 2 2 2 2 2 2 2 2 2 2 2 2 2 2 2
left_child=11 2 3 -2 -5 -6 -7 -4 -9 10 -10 12 13 14 22 -16 -17 18 19 -13 -21 -19 -1 24 -24 -26 -27 28 -25 -30
right_child=1 -3 7 4 5 6 -8 8 9 -11 -12 17 -14 -15 15 16 -18 21 -20 20 -22 -23 23 27 25 26 -28 -29 29 -31
leaf_value=-0.021223572190146804 0.64049055173003488 -4.8121676184914328 -3.0260021383112132 -7.9576591889063524 2.8931222558021545 -8.3602442917616475 2.9763710236549379 3.846643352675271 0.65394782452356248 3.2198150900432041 -5.3024241288503013 5.0010879004443138 -5.9736797928810121 -7.1462511606216426 9.5484634064435969 4.8341629904859209 -3.5876807848612469 9.7289536758705424 -7.8710133671760563 -7.6494839157376973 3.4262303720821032 1.508330773247613 2.4194227244172777 -3.1611172368893259 -17.471083744712498 2.9059780554337937 -11.872479367852211 -6.2020948918660483 12.491718063354492 2.8119342876203133
leaf_weight=23780 591 22 22 24 32 23 20 143 63 70 24 54 32 25 25 34 24 27 24 21 22 45 28 26 23 22 20 30 20 33
leaf_count=23780 591 22 22 24 32 23 20 143 63 70 24 54 32 25 25 34 24 27 24 21 22 45 28 26 23 22 20 30 20 33
internal_value=-9.06152e-10 0.642481 0.761061 0.213577 -2.33497 -0.53571 -3.0874 1.93424 2.29799 0.887437 -0.989189 -0.0273216 -0.0410735 -0.0331929 -0.0258035 3.8189 1.34926 1.69145 -0.0339477 1.90512 -1.98284 4.59106 -0.0391097 -2.14472 -5.45816 -8.85158 -4.13138 0.682351 3.2967 6.46468
internal_weight=25349 1034 1012 690 99 75 43 322 300 157 87 24315 24122 24090 24065 83 58 193 121 97 43 72 23982 202 93 65 42 109 79 53
internal_count=25349 1034 1012 690 99 75 43 322 300 157 87 24315 24122 24090 24065 83 58 193 121 97 43 72 23982 202 93 65 42 109 79 53
is_linear=0
shrinkage=0.05


Tree=114
num_leaves=31
num_cat=0
split_feature=99 119 3 31 138 1 53 140 134 103 138 89 86 45 23 114 80 84 107 117 106 107 6 126 121 92 120 108 145 135
split_gain=177260 355579 298936 680208 717397 490769 786615 531259 483137 397608 270085 420564 246160 393241 303208 412136 363996 571981 1.86774e+06 303651 278047 589173 530173 507602 604902 893292 717019 507338 461720 482958
threshold=-1607.2499999999998 -1771.9999999999998 -1754.2499999999998 -982.24999999999989 666.30764770507824 -2689.2499999999995 -1808.0949707031248 -623.49999999999989 -333.74999999999994 754.00469970703136 598.86972045898449 405.01110839843756 -3262.4999999999995 -3643.9999999999995 -3615.9999999999995 -470.24999999999994 -1872.7499999999998 -1756.2499999999998 -1391.7499999999998 370.55998229980474 -565.24999999999989 -698.74999999999989 -3268.3210449218745 22.250000000000004 -224.74999999999997 -424.24999999999994 147.75000000000003 11.750000000000002 1080.143493652344 -578.74999999999989
decision_type=2 2 2 2 2 2 2 2 2 2 2 2 2 2 2 2 2 2 2 2 2 2 2 2 2 2 2 2 2 2
left_child=2 -2 5 4 -4 6 8 -7 -1 -10 11 -9 -3 -14 15 -15 19 18 -18 -16 -19 22 -22 24 27 -26 -27 -24 -23 -30
right_child=1 12 3 -5 -6 7 -8 10 9 -11 -12 -13 13 14 16 -17 17 20 -20 -21 21 28 23 -25 25 26 -28 -29 29 -31
leaf_value=-5.4149555214246119 3.7078619197698743 -5.4061773518721266 -2.7337536811828613 2.1063032809425803 -14.196359199569338 9.491678609848023 -11.587145648002625 1.8252713284184858 -1.2514231019549902 8.0500045406818383 3.5892273521423341 -7.3389890710512802 5.3830681295955891 -0.7049216025525874 -3.8381897085092285 -8.5575823292136199 -13.917115926742554 0.53992276903295622 1.2858514123949512 2.2803729516543938 -7.4061659940083828 0.024827935278671512 -0.71628875281650362 0.74658273381127671 -1.2409516390264035 -13.345387723379666 -1.5377476340532303 -8.5376100770064767 9.2482266673335314 1.1303031503108512
leaf_weight=30 65 21 39 34 21 20 20 31 27 20 40 21 34 55 22 24 31 2218 58 259 30 19862 1635 471 100 36 20 21 27 57
leaf_count=30 65 21 39 34 21 20 20 31 27 20 40 21 34 55 22 24 31 2218 58 259 30 19862 1635 471 100 36 20 21 27 57
internal_value=-1.00283e-09 0.0145428 -1.20211 -3.54389 -6.74567 -0.148864 -2.75237 2.10596 -0.457623 2.70663 0.500367 -1.87568 0.00493284 0.00948545 0.00215568 -3.09054 0.0119888 -0.00847884 -4.00956 1.80134 0.00606937 -0.0471265 -0.802529 -0.715754 -1.09586 -4.07233 -9.12837 -0.815472 0.0404724 3.73964
internal_weight=25349 25046 303 94 60 209 97 112 77 47 92 52 24981 24960 24926 79 24847 24566 89 281 24477 22259 2313 2283 1812 156 56 1656 19946 84
internal_count=25349 25046 303 94 60 209 97 112 77 47 92 52 24981 24960 24926 79 24847 24566 89 281 24477 22259 2313 2283 1812 156 56 1656 19946 84
is_linear=0
shrinkage=0.05


Tree=115
num_leaves=31
num_cat=0
split_feature=134 135 97 49 141 145 128 127 121 23 134 110 100 82 120 92 63 113 114 106 113 79 24 47 22 4 101 37 65 128
split_gain=174967 528437 483288 721021 617479 518282 490302 466481 456962 858079 450979 443317 429732 362704 651723 391781 352223 461035 954896 775388 2.32268e+06 628621 594097 482921 495971 472025 575834 606412 381384 350248
threshold=-137.24999999999997 -481.74999999999994 490.01858520507818 2560.2500000000005 486.75000000000006 983.12179565429699 -526.74999999999989 1025.2500000000002 -778.24999999999989 651.75000000000011 206.25000000000003 579.40298461914074 -701.24999999999989 1023.3112182617189 -284.74999999999994 307.25000000000006 1063.2500000000002 -176.24999999999997 -417.74999999999994 272.25000000000006 155.25000000000003 -1551.7499999999998 645.75000000000011 617.03479003906261 -782.74999999999989 -947.51248168945301 45.750000000000007 -596.74999999999989 1289.2500000000002 -249.74999999999997
decision_type=2 2 2 2 2 2 2 2 2 2 2 2 2 2 2 2 2 2 2 2 2 2 2 2 2 2 2 2 2 2
left_child=16 2 13 4 7 6 -5 8 9 -4 12 -12 -10 15 -15 -2 17 -1 19 21 -21 -19 23 24 -23 26 -20 -28 -18 -14
right_child=1 -3 3 5 -6 -7 -8 -9 10 -11 11 -13 29 14 -16 -17 28 18 25 20 -22 22 -24 -25 -26 -27 27 -29 -30 -31
leaf_value=-0.071157477692348953 0.9830543425174405 -0.034449892932573362 -12.733107380867004 5.8836994941417986 -7.6548452244864569 9.9867234547932942 -3.9231712074279788 -7.2784963552768422 -7.6787955951690678 -0.44329492997150033 -0.39051427680092887 6.9974902442097662 1.1090881390791192 2.6365315437316896 -8.3493440027590164 3.123351338210087 4.1508292973918079 -9.2162140685422678 0.41455932036042215 -17.657142799040852 0.22232105670831143 -5.9120504736900337 -7.1251181803251571 5.4319530610115301 0.30081521442958287 1.2340821094730849 -11.899612281799318 -1.9727793550491335 -1.2535227406699703 -4.2024506296102819
leaf_weight=1749 1411 20480 20 26 36 24 25 26 20 49 37 45 152 27 27 252 85 29 88 34 39 44 38 31 119 279 25 40 53 39
leaf_count=1749 1411 20480 20 26 36 24 25 26 20 49 37 45 152 27 27 252 85 29 88 34 39 44 38 31 119 279 25 40 53 39
internal_value=2.2552e-09 0.044912 0.778364 -0.591328 -1.39069 3.92771 1.07641 -0.809476 -0.34485 -4.00556 0.517228 3.66388 -0.70564 1.17643 -2.85641 1.30738 -0.384215 -0.519167 -1.5421 -3.54982 -8.1051 -2.27574 -1.40818 -0.288364 -1.37628 0.0101589 -2.2217 -5.79079 2.07524 0.0245331
internal_weight=25349 22696 2216 499 424 75 51 388 362 69 293 82 211 1717 54 1663 2653 2515 766 334 73 261 232 194 163 432 153 65 138 191
internal_count=25349 22696 2216 499 424 75 51 388 362 69 293 82 211 1717 54 1663 2653 2515 766 334 73 261 232 194 163 432 153 65 138 191
is_linear=0
shrinkage=0.05


Tree=116
num_leaves=31
num_cat=0
split_feature=33 96 75 124 75 82 141 134 92 138 99 54 26 33 12 5 128 138 96 19 68 54 83 84 91 22 1 117 132 132
split_gain=171764 284079 485733 468034 378797 934160 549465 346674 487283 333245 338383 290269 689657 370875 419913 414296 326418 353786 410496 444688 523508 454870 409656 832291 1.93859e+06 586997 781232 406493 405308 588799
threshold=227.96028900146487 291.51284790039068 303.18870544433599 269.65675354003912 295.30259704589849 287.21792602539068 167.25000000000003 316.75000000000006 155.25000000000003 260.13896179199224 1041.2500000000002 311.52226257324224 348.45960998535162 342.26817321777349 367.14982604980474 363.43229675292974 -618.99999999999989 288.64860534667974 358.20169067382818 337.22862243652349 333.34622192382818 345.97572326660162 -904.06869506835926 -88.749999999999986 -129.74999999999997 -124.74999999999999 -402.24999999999994 406.61763000488287 607.13699340820324 -136.12873840332028
decision_type=2 2 2 2 2 2 2 2 2 2 2 2 2 2 2 2 2 2 2 2 2 2 2 2 2 2 2 2 2 2
left_child=-1 3 -3 9 -5 6 -6 -7 -9 -2 -11 12 -4 -13 16 -16 -15 -18 19 21 -21 -19 -22 24 25 26 -24 -20 29 -29
right_child=1 2 11 4 5 7 -8 8 -10 10 -12 13 -14 14 15 -17 17 18 27 20 22 -23 23 -25 -26 -27 -28 28 -30 -31
leaf_value=0.61109074486690496 -0.32547413124419328 1.0285160139863478 -0.70244279715347047 -0.58785345307389392 -3.7190847645635188 -0.92424223001016859 -14.771851730346681 -10.373814067840577 -1.385686009494882 1.2703916566134925 -5.3433400070667272 0.68974919689363401 -9.8832524435860787 1.4139605303244158 1.8361845757953728 0.0056584984151537019 2.5322389824522866 -1.669688179670191 0.54112578715710713 0.43898311902265086 0.38520292328751604 2.6787317197769882 -2.0579156037299864 -2.1974885775073103 -19.475463218688965 -0.96742381363204033 -13.195078785717488 -2.7150385764089364 -4.7269867555594738 1.9481695247798407
leaf_weight=1100 1593 1186 789 1179 23 351 22 25 38 586 20 1892 21 165 316 14156 72 161 561 122 69 96 31 295 25 66 32 157 81 119
leaf_count=1100 1593 1186 789 1179 23 351 22 25 38 586 20 1892 21 165 316 14156 72 161 561 122 69 96 31 295 25 66 32 157 81 119
internal_value=-9.76263e-10 -0.0277207 0.0464779 -0.422441 -1.06228 -2.28089 -9.12266 -1.53722 -4.9524 0.0541621 1.05212 -0.0141014 -0.940464 0.0266433 -0.0492824 0.0456285 -0.718654 -0.905131 -1.04149 -1.80219 -2.50765 -0.0453757 -3.20165 -3.75286 -6.7323 -4.2627 -7.71489 -0.298195 -1.61713 -0.704452
internal_weight=25349 24249 20412 3837 1638 459 45 414 63 2199 606 19226 810 18416 16524 14472 2052 1887 1815 897 640 257 518 449 154 129 63 918 357 276
internal_count=25349 24249 20412 3837 1638 459 45 414 63 2199 606 19226 810 18416 16524 14472 2052 1887 1815 897 640 257 518 449 154 129 63 918 357 276
is_linear=0
shrinkage=0.05


Tree=117
num_leaves=31
num_cat=0
split_feature=127 126 134 106 114 114 99 106 124 99 19 101 108 89 121 40 107 142 121 25 8 0 22 2 85 44 141 93 120 59
split_gain=169299 460147 510127 375034 705694 806781 429493 729177 644386 923779 1.47433e+06 547032 776107 536165 489556 470998 455176 508672 427088 749162 423045 418330 692283 494308 426299 405491 387713 382819 380509 494912
threshold=217.25000000000003 150.75000000000003 1180.0000000000002 -959.49999999999989 -531.24999999999989 -412.24999999999994 249.25000000000003 351.75000000000006 392.29878234863287 134.75000000000003 386.03596496582037 120.75000000000001 -13.249999999999998 590.47375488281261 -337.74999999999994 552.67700195312511 189.75000000000003 -169.74999999999997 445.25000000000006 824.90499877929699 -752.24999999999989 -657.74999999999989 -358.74999999999994 -2498.7499999999995 -660.49999999999989 -888.24999999999989 247.75000000000003 -619.74999999999989 777.25000000000011 -98.749999999999986
decision_type=2 2 2 2 2 2 2 2 2 2 2 2 2 2 2 2 2 2 2 2 2 2 2 2 2 2 2 2 2 2
left_child=-1 2 -2 -3 20 -6 8 13 -7 21 -11 12 -12 -8 -9 -14 17 18 -16 -20 -5 23 -23 24 -10 -22 -24 -28 -19 -30
right_child=1 3 -4 4 5 6 7 14 9 10 11 -13 15 -15 16 -17 -18 28 19 -21 25 22 26 -25 -26 -27 27 -29 29 -31
leaf_value=-0.11508394049282383 0.7358941953331436 -5.2109247658933917 -7.276692972183227 -0.021112655077950432 -4.1167308961431832 0.17344306077306154 1.3509458737354056 -6.4237544353803004 0.73849297523498536 -17.928370647430423 -9.0485860824584972 -9.392207909399465 -2.0737963411115832 7.0252513016594778 1.2356781195191777 5.7393500370638719 0.18932648957348938 -2.2382219956673852 -8.4783448970679078 2.3462104355135271 7.8200123218779867 -9.7417582030807228 0.90943885257049484 1.6866081664067072 -9.5850176024436955 2.4620663180317681 -6.8200451546526963 -0.77158970590365139 7.3914781522005804 -0.96008544213631586
leaf_weight=14136 2927 35 20 118 124 705 556 30 20 20 29 31 62 45 323 28 4760 591 33 31 47 28 98 192 20 142 47 59 24 68
leaf_count=14136 2927 35 20 118 124 705 556 30 20 20 29 31 62 45 323 28 4760 591 33 31 47 28 98 192 20 142 47 59 24 68
internal_value=-1.79735e-09 0.145084 0.681516 -0.0461652 -0.0242036 -0.115331 -0.0517189 0.117185 -0.866724 -2.02338 -5.17652 -3.47627 -1.93515 1.77581 -0.0529227 0.35696 -0.0201397 -0.95197 0.496308 -3.2352 2.32789 -0.868129 -2.36944 0.633182 -4.42326 3.79447 -1.35755 -3.45345 -1.77259 1.21858
internal_weight=25349 11213 2947 8266 8231 7924 7800 6461 1339 634 170 150 119 601 5860 90 5830 1070 387 64 307 464 232 232 40 189 204 106 683 92
internal_count=25349 11213 2947 8266 8231 7924 7800 6461 1339 634 170 150 119 601 5860 90 5830 1070 387 64 307 464 232 232 40 189 204 106 683 92
is_linear=0
shrinkage=0.05


Tree=118
num_leaves=31
num_cat=0
split_feature=2 1 43 51 105 79 141 1 13 75 10 28 24 37 10 8 62 110 101 121 64 13 78 78 129 14 104 43 120 23
split_gain=165262 708554 633162 798091 595448 546162 523688 487724 477573 446495 426718 402675 1.2221e+06 938549 657833 593468 454561 476091 471228 584172 527993 420575 410609 497000 482774 408168 393643 543997 497081 383441
threshold=-580.24999999999989 248.75000000000003 -8.2499999999999982 -97.249999999999986 -990.74999999999989 -1141.2499999999998 941.50000000000011 176.75000000000003 310.35980224609381 691.42440795898449 330.25000000000006 42.250000000000007 77.750000000000014 -53.249999999999993 -280.74999999999994 -455.49999999999994 -506.22061157226557 1178.973083496094 1457.2500000000002 731.25000000000011 1065.2500000000002 29.1181173324585 410.75000000000006 639.25000000000011 -9.7499999999999982 174.25000000000003 -167.95827484130857 -196.24999999999997 861.75000000000011 -709.24999999999989
decision_type=2 2 2 2 2 2 2 2 2 2 2 2 2 2 2 2 2 2 2 2 2 2 2 2 2 2 2 2 2 2
left_child=1 7 6 -4 8 -6 -2 10 -5 -10 11 16 13 -13 15 -14 17 18 19 20 21 26 24 -24 -17 -16 28 -28 -1 -7
right_child=2 -3 3 4 5 29 -8 -9 9 -11 -12 12 14 -15 25 22 -18 -19 -20 -21 -22 -23 23 -25 -26 -27 27 -29 -30 -31
leaf_value=0.030520113236004794 -0.68931120281878622 3.4836598439542934 0.94003600377826135 -10.767097906632857 -6.154694410916921 -3.7052984110183189 -8.4314256657253619 -5.5456242435660812 2.1470743837027717 -7.1815401015074363 4.1064126196192268 -2.9826136193624357 0.61719225874313954 -15.274215234756468 3.1359484399636308 -2.7304423496640964 0.98563518002270101 -5.798989500318255 7.3530833569439977 -6.1589396790454263 6.2728306069093591 -5.3634412769849105 4.8328321515023713 -5.1559915051315777 -11.637468266487122 -3.1927630578317951 -9.4228697281617393 -0.036888776327434342 3.0390618229763851 -0.043780317306442822
leaf_weight=7106 3042 158 2125 22 37 72 22 38 29 23 67 41 104 25 143 29 1452 35 22 38 34 36 20 33 32 31 26 38 140 10329
leaf_count=7106 3042 158 2125 22 37 72 22 38 29 23 67 41 104 25 143 29 1452 35 22 38 34 36 20 33 32 31 26 38 140 10329
internal_value=3.98357e-10 0.162863 -0.100076 0.0562695 -0.122384 -0.0906986 -0.744901 0.107574 -4.59171 -1.97904 0.130302 0.101916 -1.34402 -7.63852 -0.284234 -2.11415 0.1761 0.01885 0.0462189 0.0245485 0.0563876 0.0276156 -4.6059 -1.38662 -7.40298 2.00842 0.0541653 -3.84994 0.0886482 -0.0691269
internal_weight=25349 9648 15701 12637 10512 10438 3064 9490 74 52 9452 9385 458 66 392 218 8927 7475 7440 7418 7380 7346 114 53 61 174 7310 64 7246 10401
internal_count=25349 9648 15701 12637 10512 10438 3064 9490 74 52 9452 9385 458 66 392 218 8927 7475 7440 7418 7380 7346 114 53 61 174 7310 64 7246 10401
is_linear=0
shrinkage=0.05


Tree=119
num_leaves=31
num_cat=0
split_feature=64 65 94 106 58 124 117 80 5 138 7 66 99 70 113 106 84 25 100 84 51 115 126 107 41 138 121 8 8 120
split_gain=166681 1.19205e+06 854688 1.03145e+06 533434 527440 691724 541764 503897 487828 484876 481890 470044 692872 453773 439880 972689 702356 671427 743254 683043 502383 509728 432764 511899 615843 455747 487931 474308 443909
threshold=-250.74999999999997 -596.24999999999989 93.250000000000014 785.75000000000011 -1349.2499999999998 565.13192749023449 565.13192749023449 68.750000000000014 639.42663574218761 565.13192749023449 -13.499999999999998 -133.74999999999997 991.25000000000011 -77.749999999999986 1755.2500000000002 244.25000000000003 -660.24999999999989 -5104.2499999999991 62.750000000000007 1877.2500000000002 -758.74999999999989 -681.74999999999989 -565.74999999999989 -254.24999999999997 2256.2060546875005 433.43496704101568 -3.7499999999999996 1539.2500000000002 -631.74999999999989 125.75000000000001
decision_type=2 2 2 2 2 2 2 2 2 2 2 2 2 2 2 2 2 2 2 2 2 2 2 2 2 2 2 2 2 2
left_child=14 2 3 4 8 6 7 -6 -2 -7 -11 -4 13 -13 -1 23 -17 -18 19 20 -19 -22 -23 26 25 -25 29 28 -28 -3
right_child=1 15 11 -5 5 9 -8 -9 -10 10 -12 12 -14 -15 -16 16 17 18 -20 -21 21 22 -24 24 -26 -27 27 -29 -30 -31
leaf_value=0.20908222379679683 -3.4067066128437333 -0.13041242699470884 2.4888911249707206 -12.609657116731007 -1.7472344155789157 5.4824559340110195 -11.39982617128463 -8.0062876503209814 -12.294748148710832 2.004796761920653 -3.3524338923221415 -8.1481950805300762 -8.0987686170184094 2.1422179686056602 -7.3318125033378614 -8.3908889889717102 7.7506376292024344 2.4840411476790907 0.031535160179546377 -9.9353623763374657 -8.0525446839057491 5.0117136131314677 -1.1690596776345887 0.70375980100617996 -6.3959764125756919 3.6141838514744635 -6.5034407855735878 -8.8008770599365231 -0.10421914228716411 1.1785048213027645
leaf_weight=7908 52 3015 167 24 527 39 21 37 23 83 86 21 23 74 20 36 28 139 7706 23 26 34 1765 2216 24 198 36 25 148 825
leaf_count=7908 52 3015 167 24 527 39 21 37 23 83 86 21 23 74 20 36 28 139 7706 23 26 34 1765 2216 24 198 36 25 148 825
internal_value=-3.39706e-09 -0.0864925 -1.62302 -2.38462 -2.1019 -1.7207 -2.48961 -2.15785 -6.13237 0.441849 -0.721368 0.76065 -1.68525 -0.132505 0.190059 0.0248403 -0.187315 -0.156935 -0.179777 -0.99929 -0.894642 -1.15198 -1.05225 0.34394 0.870237 0.942477 0.0270444 -2.24675 -1.35624 0.1508
internal_weight=25349 17421 1177 892 868 793 585 564 75 208 169 285 118 95 7928 16244 9757 9721 9693 1987 1964 1825 1799 6487 2438 2414 4049 209 184 3840
internal_count=25349 17421 1177 892 868 793 585 564 75 208 169 285 118 95 7928 16244 9757 9721 9693 1987 1964 1825 1799 6487 2438 2414 4049 209 184 3840
is_linear=0
shrinkage=0.05


Tree=120
num_leaves=31
num_cat=0
split_feature=134 135 135 136 16 22 83 140 31 31 142 89 117 140 101 103 82 118 64 107 65 113 100 100 99 99 128 65 31 104
split_gain=171985 504615 801329 1.84367e+06 622544 575902 1.15029e+06 516972 524882 505643 474486 457306 893071 441258 399622 568169 423920 783697 976801 905657 671863 620018 601605 435080 522227 398239 381448 411158 378887 485157
threshold=356.75000000000006 66.750000000000014 87.250000000000014 360.25000000000006 -2231.4999999999995 -1555.7499999999998 -1297.6632690429685 316.75000000000006 1448.7500000000002 1073.2500000000002 -555.24999999999989 1080.143493652344 1080.143493652344 -130.74999999999997 820.25000000000011 255.1767272949219 565.13192749023449 767.59329223632824 362.25000000000006 1128.7500000000002 365.25000000000006 1843.5000000000002 646.25000000000011 1772.2500000000002 1735.2500000000002 3123.5000000000005 -559.74999999999989 -2154.4999999999995 -481.74999999999994 -773.47299194335926
decision_type=2 2 2 2 2 2 2 2 2 2 2 2 2 2 2 2 2 2 2 2 2 2 2 2 2 2 2 2 2 2
left_child=11 4 3 28 5 10 -7 25 9 -9 -2 12 14 -12 -1 -16 23 18 -18 22 -20 -21 -19 24 -17 -6 -4 -28 29 -3
right_child=1 2 26 -5 7 6 -8 8 -10 -11 13 -13 -14 -15 15 16 17 19 20 21 -22 -23 -24 -25 -26 -27 27 -29 -30 -31
leaf_value=-0.02278984678056846 -7.9038917136192328 -0.15247624033973331 -6.7383729378382373 -15.222754038018842 0.67004565894279056 -15.071593202244152 1.4964956283569337 2.2624739615683973 5.9544753931628343 -5.0938610636270969 -6.4532543000720795 3.6270881493048499 -10.652541312277318 1.3457830693040576 -8.2971771386953517 -0.5357237625025284 1.1733041801622937 -5.6790866034371517 -14.252695263076474 -12.153967044923618 -3.0553846631731307 -1.3190861209746332 3.7095891142939474 -6.7880139150619518 3.4589748304823171 -6.2427474339803064 5.5742493318788933 -0.037520512092119977 0.11299410106755103 -11.033718779087067
leaf_weight=17657 20 21 21 28 2639 22 20 230 90 26 21 83 20 133 26 739 28 21 37 23 21 31 91 25 92 21 33 2991 119 20
leaf_count=17657 20 21 21 28 2639 22 20 230 90 26 21 83 20 133 26 739 28 21 37 23 21 31 91 25 92 21 33 2991 119 20
internal_value=9.75035e-10 0.222817 -0.218511 -3.38653 0.665652 -1.92709 -7.18203 0.851957 2.67003 1.51535 -0.658661 -0.0761239 -0.0924636 0.282278 -0.0812241 -0.991078 -0.819635 -2.62215 -6.49605 -0.615187 -10.1985 -5.93394 1.94921 -0.288989 -0.0934707 0.615471 -0.0229161 0.023719 -1.31519 -5.4604
internal_weight=25349 6455 3233 188 3222 216 42 3006 346 256 174 18894 18811 154 18791 1134 1108 252 86 166 58 54 112 856 831 2660 3045 3024 160 41
internal_count=25349 6455 3233 188 3222 216 42 3006 346 256 174 18894 18811 154 18791 1134 1108 252 86 166 58 54 112 856 831 2660 3045 3024 160 41
is_linear=0
shrinkage=0.05


Tree=121
num_leaves=31
num_cat=0
split_feature=135 134 70 77 82 96 78 50 131 131 30 50 67 137 57 131 16 134 128 2 99 2 110 112 105 129 111 27 117 117
split_gain=162210 493913 494727 576194 498634 505263 404325 743289 611799 803232 525822 606011 373072 567150 369136 423787 505964 445400 346405 338265 629388 353171 328893 315275 353975 806450 511640 506214 342568 545191
threshold=-625.24999999999989 -87.249999999999986 -1609.9999999999998 -1419.7499999999998 909.93881225585949 789.40969848632824 554.75000000000011 474.75000000000006 555.48690795898449 459.85017395019537 3035.5000000000005 2701.5000000000005 2213.3000488281255 2215.3825683593755 977.75000000000011 586.37289428710949 -2460.4999999999995 584.25000000000011 -963.74999999999989 -1799.7499999999998 -1013.2499999999999 -3492.2499999999995 1023.3112182617189 -1737.9999999999998 -990.74999999999989 -481.74999999999994 -363.11192321777338 -2283.7192382812495 876.19470214843761 673.24798583984386
decision_type=2 2 2 2 2 2 2 2 2 2 2 2 2 2 2 2 2 2 2 2 2 2 2 2 2 2 2 2 2 2
left_child=1 2 3 4 5 19 14 -8 9 -9 11 -10 23 -14 15 16 18 22 -3 21 -21 -1 -17 -4 25 26 27 -25 29 -26
right_child=-2 6 12 -5 -6 -7 7 8 10 -11 -12 -13 13 -15 -16 17 -18 -19 -20 20 -22 -23 -24 24 28 -27 -28 -29 -30 -31
leaf_value=-4.3529484730958945 -0.043950295339026821 -0.15422097608960908 5.9822574065281797 -9.2557016954422 -8.2268547495206192 6.5549363055012453 -6.9808645072736244 2.7749406911708689 1.8994451880786156 -8.8536557602159913 -3.6505634258533348 10.440273270783601 -7.2753066132466007 -0.34178463131928249 -4.9341347420215609 4.0071432676480478 1.6775317329379076 -1.468340840409784 -8.7077601861953742 -8.0142924115771343 2.7623944675922396 1.0053868556829324 10.648459897722518 -5.2812365061706972 1.1298572266488234 -10.509429113070171 -8.0658246278762817 1.098759166347353 7.079367498918014 -3.470375220009259
leaf_weight=40 22618 29 26 25 24 22 38 27 90 33 29 27 39 121 20 166 502 34 20 42 20 133 21 36 806 21 20 228 22 70
leaf_count=40 22618 29 26 25 24 22 38 27 90 33 29 27 39 121 20 166 502 34 20 42 20 133 21 36 806 21 20 228 22 70
internal_value=-7.27236e-10 0.363994 -0.161695 -1.98164 -1.33448 -0.690838 1.22407 -0.555529 0.629727 -3.62079 2.37651 3.87041 0.239243 -2.03183 1.77234 1.94608 1.20416 3.79584 -3.64546 -1.36917 -4.53794 -0.233535 4.75296 0.534908 0.417176 -1.0545 -0.355366 0.22876 0.917021 0.762259
internal_weight=25349 2731 1695 306 281 257 1036 244 206 60 146 117 1389 160 792 772 551 221 49 235 62 173 187 1229 1203 305 284 264 898 876
internal_count=25349 2731 1695 306 281 257 1036 244 206 60 146 117 1389 160 792 772 551 221 49 235 62 173 187 1229 1203 305 284 264 898 876
is_linear=0
shrinkage=0.05


Tree=122
num_leaves=31
num_cat=0
split_feature=0 83 43 127 133 133 97 100 113 87 13 128 142 60 5 142 145 108 56 128 138 19 26 111 58 134 134 96 128 107
split_gain=164403 515144 781106 553268 669347 389061 363900 633292 1.44537e+06 418163 399548 387595 379612 485877 464849 387003 349904 496230 324246 320932 315889 290878 487826 288265 264660 524698 451375 423211 366048 327507
threshold=2652.7500000000005 2148.1960449218755 1986.2500000000002 407.75000000000006 6.2500000000000009 782.25000000000011 2978.038208007813 1237.7500000000002 1296.2500000000002 2075.7500000000005 1675.2237548828127 -1249.4999999999998 -80.749999999999986 1450.1925048828127 617.03479003906261 -51.249999999999993 659.34884643554699 2363.5000000000005 3004.7500000000005 423.25000000000006 813.04827880859386 713.34976196289074 516.37258911132824 1892.6482543945315 1088.2500000000002 385.25000000000006 320.75000000000006 789.40969848632824 -494.24999999999994 -631.74999999999989
decision_type=2 2 2 2 2 2 2 2 2 2 2 2 2 2 2 2 2 2 2 2 2 2 2 2 2 2 2 2 2 2
left_child=1 23 -3 4 -4 19 10 8 18 -9 -2 -12 24 -14 15 -15 -11 20 -8 -5 -18 22 -7 -1 29 26 27 28 -26 -13
right_child=6 2 3 5 -6 21 7 9 -10 16 11 12 13 14 -16 -17 17 -19 -20 -21 -22 -23 -24 -25 25 -27 -28 -29 -30 -31
leaf_value=-0.010231754745444396 -4.4309211177210654 -10.856836060682934 -9.8084169467290252 0.57832073022337516 0.84133399271965037 -0.032723867893218996 4.5924007200059433 7.026767834750089 -15.393747578496519 -6.3251783234732493 -5.330810551416306 -0.34653227370838791 -6.4327268505096447 -4.9574279771910774 6.5829059380751396 2.0328482042659415 7.0717980380716003 -5.2972977368727978 -4.1940401213509695 7.4808858598981587 -0.30814500183894716 1.83067387342453 -11.076120498180391 3.5189543510305472 -5.8747601058748034 3.1820010027417576 -7.1411410808563236 6.9655442464919322 0.61659168348656046 4.5497323905622746
leaf_weight=24086 31 24 36 85 25 20 21 22 23 21 21 43 30 36 26 44 29 23 21 21 29 20 20 58 27 186 23 21 111 166
leaf_count=24086 31 24 36 85 25 20 21 22 23 21 21 43 30 36 26 44 29 23 21 21 29 20 20 58 27 186 23 21 111 166
internal_value=-1.83802e-09 -0.0251807 -2.27865 -1.37171 -5.44376 0.124653 0.643903 -1.32075 -5.31832 0.774744 1.12929 1.36412 1.56131 -0.815061 0.774844 -1.11278 -0.573732 0.917384 0.19918 1.94581 3.38183 -3.09272 -5.55442 -0.00175376 2.12142 1.31442 -0.594212 0.352828 -0.653455 3.54237
internal_weight=25349 24395 251 227 61 166 954 189 65 124 765 734 713 136 106 80 102 81 42 106 58 60 40 24144 577 368 182 159 138 209
internal_count=25349 24395 251 227 61 166 954 189 65 124 765 734 713 136 106 80 102 81 42 106 58 60 40 24144 577 368 182 159 138 209
is_linear=0
shrinkage=0.05


Tree=123
num_leaves=31
num_cat=0
split_feature=128 0 58 69 142 79 65 3 142 86 97 1 65 92 57 93 122 6 131 6 85 52 141 55 43 101 96 78 125 84
split_gain=159645 272219 284735 235106 1.01568e+06 747680 422612 342885 195630 231869 585792 512183 520197 527946 448228 419634 674030 646383 384284 781752 396232 492132 468402 467741 732736 452918 452006 417070 437706 423146
threshold=1420.7500000000002 1008.7500000000001 2002.7500000000002 4203.1918945312509 -173.74999999999997 1645.7500000000002 3199.2500000000005 4694.0000000000009 -16.249999999999996 762.25000000000011 2392.0039062500005 4400.7500000000009 1495.2500000000002 2432.7500000000005 2866.2500000000005 2158.5000000000005 757.25000000000011 2849.445434570313 1178.973083496094 -699.21469116210926 960.25000000000011 2244.5000000000005 15.250000000000002 2197.805297851563 2192.5000000000005 1509.7500000000002 498.04573059082037 1918.7500000000002 1039.804870605469 906.25000000000011
decision_type=2 2 2 2 2 2 2 2 2 2 2 2 2 2 2 2 2 2 2 2 2 2 2 2 2 2 2 2 2 2
left_child=3 -2 -3 7 5 -5 -7 8 9 10 14 12 13 -11 18 -14 17 -17 20 -20 21 25 26 -24 -25 27 -22 28 29 -1
right_child=1 2 -4 4 -6 6 -8 -9 -10 11 -12 -13 15 -15 -16 16 -18 -19 19 -21 22 -23 23 24 -26 -27 -28 -29 -30 -31
leaf_value=-0.050875800412974653 6.410282021302443 -2.3791937996179633 4.2295135412897382 -6.9458829012784093 -11.621112670069156 -1.0246190834045412 8.8165463964144397 5.6330239472565831 0.6715951358786918 -1.0185593142415243 6.6770551854913895 -6.2421085552165385 1.0623236695263121 4.7233169471345304 4.7869211822139972 -1.3950961092244025 1.278425787554847 -13.685618708133697 -8.9420914702555709 2.8440959453582764 0.42055190106232959 -6.054348257008721 1.3331159985820367 -8.0665841048104436 0.90673408783399145 7.3053405693599167 -9.75710883140564 -7.0841150022688373 2.1345848556445994 -6.433713989991408
leaf_weight=19769 26 39 28 22 23 20 24 27 1026 1698 33 38 720 41 49 23 54 20 34 24 24 34 1135 35 65 21 20 21 230 26
leaf_count=19769 26 39 28 22 23 20 24 27 1026 1698 33 38 720 41 49 23 54 20 34 24 24 34 1135 35 65 21 20 21 230 26
internal_value=1.2713e-09 2.0678 0.382654 -0.00761424 -2.57292 0.580232 4.34329 0.00145767 -0.00459055 -0.0333608 0.0204687 -0.479934 -0.394268 -0.883184 0.0102454 0.6464 -2.44087 -7.11162 -0.000672435 -4.06505 0.0103535 -0.0439425 0.863679 1.04429 -2.23393 -0.0337589 -4.20566 -0.0414473 -0.0340617 -0.0592594
internal_weight=25349 93 67 25256 89 66 44 25167 25140 24114 21520 2594 2556 1739 21487 817 97 43 21438 58 21380 20101 1279 1235 100 20067 44 20046 20025 19795
internal_count=25349 93 67 25256 89 66 44 25167 25140 24114 21520 2594 2556 1739 21487 817 97 43 21438 58 21380 20101 1279 1235 100 20067 44 20046 20025 19795
is_linear=0
shrinkage=0.05


Tree=124
num_leaves=31
num_cat=0
split_feature=12 110 26 145 131 57 33 68 128 120 70 64 108 54 61 131 135 135 128 142 138 140 10 108 117 9 26 115 5 37
split_gain=157316 403280 410825 427879 411367 319544 317739 694723 580304 1.29512e+06 445495 780103 590839 309021 804426 393805 324429 306380 690804 350289 305619 302314 277618 269643 252319 220246 428396 439333 422369 1.06686e+06
threshold=1080.143493652344 1178.973083496094 1080.143493652344 1080.143493652344 1080.143493652344 440.25000000000006 943.51049804687511 876.19470214843761 301.25000000000006 1619.5000000000002 551.25000000000011 202.25000000000003 697.75000000000011 983.12179565429699 909.93881225585949 983.12179565429699 56.750000000000007 -1000.9999999999999 -618.99999999999989 -208.24999999999997 1023.3112182617189 255.25000000000003 1463.7500000000002 1057.2500000000002 876.19470214843761 2688.0000000000005 611.96658325195324 -321.74999999999994 909.93881225585949 -1228.7499999999998
decision_type=2 2 2 2 2 2 2 2 2 2 2 2 2 2 2 2 2 2 2 2 2 2 2 2 2 2 2 2 2 2
left_child=1 2 3 6 -5 -6 13 -8 10 -10 11 -9 -12 14 15 25 24 -2 -19 20 22 -21 -20 -22 -16 28 27 -27 -1 -30
right_child=17 -3 -4 4 5 -7 7 8 9 -11 12 -13 -14 -15 16 -17 -18 18 19 21 23 -23 -24 -25 -26 26 -28 -29 29 -31
leaf_value=-0.0087012748376688754 6.0582294019063312 -5.5347645569931387 -6.410164376735688 8.9481610374450682 4.3936915888505821 -3.1416694134473802 -10.812413864135742 2.4499841075194513 -14.324123689402706 2.1162573566436769 7.6331407245836758 -8.3357072609663003 -1.3709543728828431 -5.6637992779413864 2.3716015510559081 -5.9308835710798 -0.84962819695472724 -6.0370730310678482 7.1513375904249106 1.5461651065132835 1.0481977224349976 9.7445778097795408 -0.90335670471191409 -6.4729999238794509 8.6619224242188704 -7.0054330253601087 3.6858924829353721 0.6389707079682595 -12.848541098291225 1.8650448313781194
leaf_weight=24160 30 33 25 25 34 24 20 38 23 25 38 30 35 24 25 28 20 32 23 22 26 23 20 22 44 20 118 312 22 28
leaf_count=24160 30 33 25 25 34 24 20 38 23 25 38 30 35 24 25 28 20 32 23 22 26 23 20 22 44 20 118 312 22 28
internal_value=4.72307e-10 -0.0110517 -0.00379469 0.00258794 3.58662 1.27561 -0.00930629 -1.95068 -1.01293 -5.76143 0.603575 -2.30841 3.31611 0.00705384 0.0125469 -0.00455884 4.75755 1.40385 0.57271 2.12795 0.343525 5.73646 3.40497 -2.39902 6.38282 0.00217016 1.09819 0.178464 -0.018202 -4.60893
internal_weight=25349 25151 25118 25093 83 58 25010 209 189 48 141 68 73 24801 24777 24688 89 198 168 136 91 45 43 48 69 24660 450 332 24210 50
internal_count=25349 25151 25118 25093 83 58 25010 209 189 48 141 68 73 24801 24777 24688 89 198 168 136 91 45 43 48 69 24660 450 332 24210 50
is_linear=0
shrinkage=0.05


Tree=125
num_leaves=31
num_cat=0
split_feature=75 54 26 54 33 33 26 13 34 37 44 115 68 103 142 31 80 22 17 145 134 68 89 64 68 43 138 82 54 96
split_gain=156790 254820 470158 473056 380968 380668 369661 368414 482303 400036 506693 643744 313845 337486 335124 513038 1.27358e+06 299719 262860 362660 290739 259445 257087 385589 516886 397517 287288 249190 244653 232411
threshold=224.68847656250003 269.78489685058599 292.96740722656256 312.73178100585943 322.31147766113287 268.25619506835943 355.90332031250006 -706.06964111328114 -550.85208129882801 -280.74999999999994 -134.74999999999997 1.0000000180025095e-35 292.84416198730474 342.12710571289068 -36.249999999999993 63.250000000000007 150.25000000000003 1658.2500000000002 1144.2500000000002 283.10446166992193 177.25000000000003 310.07778930664068 281.86856079101568 -467.24999999999994 304.66720581054693 20.250000000000004 292.63214111328131 358.22848510742193 221.68982696533206 295.24372863769537
decision_type=2 2 2 2 2 2 2 2 2 2 2 2 2 2 2 2 2 2 2 2 2 2 2 2 2 2 2 2 2 2
left_child=28 5 -3 6 -5 -2 12 -7 -9 -10 11 -11 -4 14 22 -16 -17 18 19 -12 -21 -18 23 -14 25 -25 -24 -15 -1 -28
right_child=1 2 3 4 -6 7 -8 8 9 10 17 -13 13 27 15 16 21 -19 -20 20 -22 -23 26 24 -26 -27 29 -29 -30 -31
leaf_value=0.11742252135469067 -0.10578045107842547 0.79956887416475642 0.10597199420580994 1.0784542783843465 -0.017586269484390821 0.79922783236572714 -7.594973087310791 -8.4831999301910397 0.90102218267108725 -1.7613014235444693 -0.96937754612112248 -13.869493893214637 2.3473012041162562 2.1512469085780057 -0.28824710554402805 -17.642222766876223 1.4346014098687607 -7.2625188171863559 2.6898680141743494 -8.6756862744208316 -2.3538214428858324 -6.4338809880614285 0.55679010612841118 -7.5535483784145789 -9.5252443143550085 -0.43949153340525093 -4.3835567347028039 -2.0491925051579112 1.8462830807611295 -1.123977055028081
leaf_weight=713 1612 1808 649 830 17699 138 20 28 112 23 233 21 27 110 46 20 22 24 34 31 44 20 228 27 34 72 66 52 287 319
leaf_count=713 1612 1808 649 830 17699 138 20 28 112 23 233 21 27 110 46 20 22 24 34 31 44 20 228 27 34 72 66 52 287 319
internal_value=-1.82624e-09 -0.0252004 0.027041 -0.041964 0.0315105 -0.526015 -0.837179 -1.51063 -2.0902 -1.74728 -2.47072 -7.54021 -0.7573 -1.29446 -1.68014 -4.28908 -7.25743 -1.86127 -1.48223 -1.94279 -4.96686 -2.31229 -1.31563 -3.10044 -4.20637 -2.37969 -0.84978 0.802958 0.613606 -1.68276
internal_weight=25349 24349 22049 20241 18529 2300 1712 688 550 522 410 44 1692 1043 881 108 62 366 342 308 75 42 773 160 133 99 613 162 1000 385
internal_count=25349 24349 22049 20241 18529 2300 1712 688 550 522 410 44 1692 1043 881 108 62 366 342 308 75 42 773 160 133 99 613 162 1000 385
is_linear=0
shrinkage=0.05


Tree=126
num_leaves=31
num_cat=0
split_feature=99 119 61 82 4 124 85 79 51 142 124 86 45 23 73 80 84 107 5 117 4 108 107 108 4 75 134 106 107 0
split_gain=149722 313127 279185 566368 260815 243979 228436 215890 568858 313971 242402 200339 352819 242952 343102 319044 521703 1.6308e+06 286549 278892 249981 245829 405538 690050 455964 376332 568452 361205 651475 580311
threshold=-1607.2499999999998 -1771.9999999999998 876.19470214843761 789.40969848632824 -247.182502746582 673.24798583984386 -1381.2499999999998 -2860.4999999999995 -3890.4999999999995 -416.24999999999994 639.42663574218761 -3262.4999999999995 -3643.9999999999995 -3615.9999999999995 -1177.2499999999998 -1872.7499999999998 -1756.2499999999998 -1391.7499999999998 544.47283935546886 370.55998229980474 -2497.390014648437 -1249.7499999999998 -1532.2499999999998 -599.74999999999989 1031.330017089844 1178.973083496094 1039.7500000000002 -550.74999999999989 -573.74999999999989 700.25000000000011
decision_type=2 2 2 2 2 2 2 2 2 2 2 2 2 2 2 2 2 2 2 2 2 2 2 2 2 2 2 2 2 2
left_child=2 5 3 6 -4 -2 7 8 -1 -10 -9 -3 -13 14 18 19 17 -17 -14 -15 -19 -18 23 24 -23 27 -27 -24 29 -29
right_child=1 11 4 -5 -6 -7 -8 10 9 -11 -12 12 13 15 -16 16 21 20 -20 -21 -22 22 25 -25 -26 26 -28 28 -30 -31
leaf_value=3.9080375784635546 0.97803620680784575 -4.8772365737529029 6.1884922172712251 -9.668957088107156 -0.83880029032307302 7.2309719415811387 -5.4992540836334234 -0.28778789467062832 -10.861075363159181 -2.1075714202154252 5.6543088626861575 5.0983707189559944 -5.0563578377167389 -3.7191867489706389 -8.4263958549499502 -13.087867614530749 1.1708354128373635 5.3171445028348403 2.037059031043734 2.1446248195346258 -1.4479657909936376 -2.4557471368523935 0.67943958575649577 3.8744006607267596 -9.3474988524119063 7.1000919170157859 -3.1031438565254215 -0.41082609659139468 0.054722661567771329 -2.1780137847750676
leaf_weight=20 39 21 23 21 31 26 26 121 20 21 20 34 24 22 20 31 444 22 35 259 36 120 1766 36 30 43 20 2961 18506 551
leaf_count=20 39 21 23 21 31 26 26 121 20 21 20 34 24 22 20 31 444 22 35 259 36 120 1766 36 30 43 20 2961 18506 551
internal_value=9.46348e-10 0.0133655 -1.10479 -1.81158 2.15431 3.47921 -1.08788 -0.520079 -3.00524 -6.37757 0.555063 0.00434744 0.00845454 0.00151171 -2.76688 0.0103137 -0.00884847 -3.83004 -0.848399 1.68554 1.11811 0.00504564 -0.0164919 -2.34213 -3.8341 0.00164747 3.86097 -0.00857525 -0.0637589 -0.688081
internal_weight=25349 25046 303 249 54 65 228 202 61 41 141 24981 24960 24926 79 24847 24566 89 59 281 58 24477 24033 186 150 23847 63 23784 22018 3512
internal_count=25349 25046 303 249 54 65 228 202 61 41 141 24981 24960 24926 79 24847 24566 89 59 281 58 24477 24033 186 150 23847 63 23784 22018 3512
is_linear=0
shrinkage=0.05


Tree=127
num_leaves=31
num_cat=0
split_feature=135 134 70 64 128 82 78 50 138 52 131 16 136 78 68 60 137 141 121 110 131 128 2 41 41 124 17 127 88 92
split_gain=148066 438695 442270 549929 665196 414955 361382 652212 580134 333377 364686 455255 379025 590383 333286 332169 897574 311846 349212 687051 357906 308676 306798 517067 307014 410841 300542 297245 609802 455415
threshold=-625.24999999999989 -87.249999999999986 -1609.9999999999998 -1509.4999999999998 -963.74999999999989 876.19470214843761 554.75000000000011 474.75000000000006 983.12179565429699 573.25000000000011 586.37289428710949 -2460.4999999999995 -65.749999999999986 -1356.7499999999998 770.76763916015636 2396.140014648438 2215.3825683593755 517.75000000000011 -287.24999999999994 565.13192749023449 477.71464538574224 -963.74999999999989 -1799.7499999999998 -1390.1434326171873 -2553.3984374999995 471.91482543945318 -3357.2499999999995 -158.74999999999997 -3865.799926757812 772.25000000000011
decision_type=2 2 2 2 2 2 2 2 2 2 2 2 2 2 2 2 2 2 2 2 2 2 2 2 2 2 2 2 2 2
left_child=1 2 3 5 -5 14 9 -8 17 10 11 21 -12 -14 22 -4 -17 18 19 20 -9 -3 24 -24 25 -1 -27 28 -2 -30
right_child=27 6 15 4 -6 -7 7 8 -10 -11 12 -13 13 -15 -16 16 -18 -19 -20 -21 -22 -23 23 -25 -26 26 -28 -29 29 -31
leaf_value=-8.4366436243057255 -7.0748465379079182 -0.13892011858265976 0.49335949762902231 -1.7247154553731283 -13.755576632022859 -7.8838618513941769 -6.542923336280019 2.2517698836326598 6.55411520985996 -4.2549639909163766 5.3666792613173291 1.615544817660749 -4.9123228856495453 3.7523050500587987 5.7920139598846436 -11.099205907272257 -0.31672683517138167 -6.0123712871385662 -2.5852194093522574 6.4821010305829674 -7.2074344968795776 -8.2132366752624506 -10.615317392349244 -0.30355690929197499 1.9998025901535508 -3.6977408664567131 3.6956352834348323 0.014199557955032553 -0.66679782041179825 3.1628443033422955
leaf_weight=20 36 29 1246 27 20 20 38 20 34 23 126 500 28 66 20 23 120 23 63 46 20 20 20 31 93 28 27 20635 1866 81
leaf_count=20 36 29 1246 27 20 20 38 20 34 23 126 500 28 66 20 23 120 23 63 46 20 20 20 31 93 28 27 20635 1866 81
internal_value=4.58791e-09 0.347763 -0.14767 -1.86843 -6.84423 -0.96548 1.15834 -0.524103 0.586165 1.67667 1.85408 1.16481 3.57413 1.17135 -0.386536 0.231416 -2.05097 -0.593547 0.242916 2.31469 -2.47783 -3.43456 -0.950787 -4.34738 0.0803225 -2.29983 -0.0682653 -0.0419905 -0.626701 -0.507475
internal_weight=25349 2731 1695 306 47 259 1036 244 206 792 769 549 220 94 239 1389 143 172 149 86 40 49 219 51 168 75 55 22618 1983 1947
internal_count=25349 2731 1695 306 47 259 1036 244 206 792 769 549 220 94 239 1389 143 172 149 86 40 49 219 51 168 75 55 22618 1983 1947
is_linear=0
shrinkage=0.05


Tree=128
num_leaves=31
num_cat=0
split_feature=106 107 56 66 106 79 107 128 113 127 58 112 119 142 93 106 141 42 75 126 119 99 122 16 72 106 100 86 128 141
split_gain=149860 638961 549715 604830 732820 554296 524378 615330 493094 1.23397e+06 1.67824e+06 596166 1.2211e+06 721387 505903 475028 1.03258e+06 431564 488556 422957 462061 787242 422094 431715 408691 401246 603922 948215 566099 828810
threshold=158.75000000000003 -28.249999999999996 -964.74999999999989 -938.74999999999989 546.25000000000011 -973.74999999999989 -259.74999999999994 168.25000000000003 -149.24999999999997 -420.74999999999994 18.750000000000004 -271.74999999999994 -213.74999999999997 -294.74999999999994 -119.74999999999999 164.25000000000003 240.25000000000003 -459.24999999999994 389.91938781738287 -580.74999999999989 -502.74999999999994 241.75000000000003 432.25000000000006 -161.74999999999997 -618.74999999999989 492.75000000000006 55.750000000000007 706.75000000000011 -358.74999999999994 156.75000000000003
decision_type=2 2 2 2 2 2 2 2 2 2 2 2 2 2 2 2 2 2 2 2 2 2 2 2 2 2 2 2 2 2
left_child=6 8 -3 4 -4 -5 7 -1 14 10 -10 12 13 -11 -2 16 -13 -14 -19 -17 21 -21 23 24 -9 -7 27 28 29 -27
right_child=1 2 3 5 -6 25 -8 22 9 11 -12 15 17 -15 -16 19 -18 18 -20 20 -22 -23 -24 -25 -26 26 -28 -29 -30 -31
leaf_value=0.02429672784169748 5.6593279983599984 2.1763599168691261 0.89336870220991293 4.693937077373266 -10.666808141511062 0.56224824992583033 0.82669258701695836 -3.6946116864681247 -19.330803180876234 -17.336877451539038 0.65870429674784348 -1.161142686151323 -6.5366006942022414 -5.3695665331447833 -0.20518369097458691 4.396790300716054 -14.20139750480652 -4.6767465023767381 4.4965011019338954 2.5682991361618046 -0.45979876275567455 -10.077199355512859 -0.13755457237975238 -0.062990460621899572 -11.460585559904576 -0.060061639547348028 -0.04307516104330688 -11.339461393356324 -0.78043806743483213 -13.342472001780635
leaf_weight=9932 60 307 26 64 29 2511 2190 36 21 20 21 63 21 34 95 44 20 21 47 20 3011 32 73 29 32 24 6088 25 430 23
leaf_count=9932 60 307 26 64 29 2511 2190 36 21 20 21 63 21 34 95 44 20 21 47 20 3011 32 73 29 32 24 6088 25 430 23
internal_value=7.4991e-10 -0.117957 0.0949528 0.0256478 -5.202 0.0570194 0.125298 -0.0267569 -0.692571 -0.819212 -9.33605 -0.711889 -3.87026 -9.8019 2.06495 -0.570307 -4.30337 -0.271289 1.66359 -0.470582 -0.540502 -5.21355 -3.00949 -5.17084 -7.34919 0.0244117 -0.180521 -1.8474 -1.34991 -6.55996
internal_weight=25349 13057 9527 9220 55 9165 12292 10102 3530 3375 42 3333 143 54 155 3190 83 89 68 3107 3063 52 170 97 68 9101 6590 502 477 47
internal_count=25349 13057 9527 9220 55 9165 12292 10102 3530 3375 42 3333 143 54 155 3190 83 89 68 3107 3063 52 170 97 68 9101 6590 502 477 47
is_linear=0
shrinkage=0.05


Tree=129
num_leaves=31
num_cat=0
split_feature=134 135 135 136 16 22 83 140 31 31 19 140 89 117 133 134 142 86 141 107 138 117 44 31 58 106 71 17 2 120
split_gain=153432 436645 717620 1.63349e+06 537811 516273 1.01828e+06 470954 460622 450652 426048 934990 391954 763233 365098 809587 524806 421582 373574 372705 367825 748489 661270 1.58049e+06 618527 564041 426223 419384 617074 381326
threshold=356.75000000000006 66.750000000000014 87.250000000000014 360.25000000000006 -2231.4999999999995 -1555.7499999999998 -1297.6632690429685 316.75000000000006 1448.7500000000002 1073.2500000000002 841.86529541015636 -130.74999999999997 1080.143493652344 1080.143493652344 279.75000000000006 297.75000000000006 -258.74999999999994 2085.7500000000005 268.75000000000006 1128.7500000000002 606.78826904296886 582.66491699218761 -912.24999999999989 -372.74999999999994 -1707.2499999999998 1379.7500000000002 -824.74999999999989 1992.7500000000002 2090.2500000000005 233.25000000000003
decision_type=2 2 2 2 2 2 2 2 2 2 2 2 2 2 2 2 2 2 2 2 2 2 2 2 2 2 2 2 2 2
left_child=12 4 3 -3 5 10 -7 -6 9 -9 11 -2 13 14 17 -16 -17 18 -1 20 21 25 26 -24 -23 29 -22 -25 -29 -20
right_child=1 2 -4 -5 7 6 -8 8 -10 -11 -12 -13 -14 -15 15 16 -18 -19 19 -21 22 24 23 27 -26 -27 -28 28 -30 -31
leaf_value=0.039171787941920777 -9.1793926879763603 -1.2483559562452138 -0.014977968524100048 -14.339215625609672 0.56983590665308381 -14.185953474044801 1.402428390979767 2.1544575595596562 5.6076488606135051 -4.7903437110093927 -5.9003687750908647 2.2428664276834396 3.3565085767263394 -9.8493391251564031 -11.602366540431976 -7.8397163569927217 -0.31688207800143231 -6.0743478265301931 -1.2721592734563374 -6.3999451837369374 1.1645038400056229 -11.895070462922256 -13.436327455354775 2.1862000281693503 -2.9208071015464765 7.3313588613813581 6.3070333392803484 -9.3720402178557034 0.77437467131503801 0.41200530531731516
leaf_weight=16408 21 160 3045 28 2660 22 20 230 90 26 31 122 83 20 20 26 214 29 1047 28 106 24 23 122 96 22 65 23 43 495
leaf_count=16408 21 160 3045 28 2660 22 20 230 90 26 31 122 83 20 20 26 214 29 1047 28 106 24 23 122 96 22 65 23 43 495
internal_value=-9.33738e-11 0.210456 -0.200075 -3.19806 0.622389 -1.78746 -6.76291 0.795552 2.53082 1.44913 -0.586488 0.565472 -0.0719008 -0.087028 -0.0766376 -1.93728 -1.13186 -0.0505318 -0.0410901 -0.67 -0.592343 -0.910093 0.808421 -1.06435 -4.71566 -0.618106 3.11927 0.449242 -2.7615 -0.731523
internal_weight=25349 6455 3233 188 3222 216 42 3006 346 256 174 143 18894 18811 18791 260 240 18531 18502 2094 2066 1684 382 211 120 1564 171 188 66 1542
internal_count=25349 6455 3233 188 3222 216 42 3006 346 256 174 143 18894 18811 18791 260 240 18531 18502 2094 2066 1684 382 211 120 1564 171 188 66 1542
is_linear=0
shrinkage=0.05


Tree=130
num_leaves=31
num_cat=0
split_feature=135 127 0 121 131 2 134 67 141 78 130 58 37 26 141 134 67 141 61 94 43 3 72 65 131 26 106 22 26 42
split_gain=146474 462719 816451 887947 456974 942589 376276 531589 681295 686466 780891 519983 629664 502467 481290 377056 367891 373234 653444 402921 381361 353675 349542 1.65842e+06 405423 534375 333063 583692 355220 327462
threshold=-504.24999999999994 -158.74999999999997 -1919.7499999999998 -610.74999999999989 594.56900024414074 418.25000000000006 -43.749999999999993 2213.3000488281255 416.25000000000006 -423.24999999999994 2533.652465820313 -640.24999999999989 1193.2500000000002 476.10359191894537 853.25000000000011 5.7500000000000009 2057.722534179688 326.75000000000006 909.93881225585949 -1463.4999999999998 -196.24999999999997 -2290.4999999999995 -329.74999999999994 -414.74999999999994 983.12179565429699 876.19470214843761 531.25000000000011 1623.7500000000002 446.63632202148443 416.25000000000006
decision_type=2 2 2 2 2 2 2 2 2 2 2 2 2 2 2 2 2 2 2 2 2 2 2 2 2 2 2 2 2 2
left_child=6 2 3 21 26 -6 7 16 9 10 -9 -11 13 -13 15 -8 17 -1 19 -19 -21 -2 -17 -24 25 -25 27 -4 -28 -15
right_child=1 -3 4 -5 5 -7 14 8 -10 11 -12 12 -14 29 -16 22 -18 18 -20 20 -22 -23 23 24 -26 -27 28 -29 -30 -31
leaf_value=0.25314645658402629 1.95999657313029 0.0084360297472167115 -0.39424456687526965 -11.294536738176095 0.40910881215875805 -12.776628038157588 2.8995458233329625 -14.827991429964701 5.716289305686951 4.8211481296099157 -2.0731624643007915 -0.57031293490837365 0.60659206182184366 -3.7656145191192629 -6.4535289341753188 1.3170351327563194 5.9416230634406766 -7.6087629352297101 6.1400295686721806 1.1346971044173608 -5.314211401706789 -5.3603299494945649 -12.920048571825028 0.31068684513294265 5.6387586362434163 -7.3618459055821113 0.44277463217039364 -7.8357366530983548 8.7134360361099237 -11.92133216932416
leaf_weight=1983 33 20049 1097 38 33 23 222 24 24 26 24 29 71 20 22 801 27 42 20 52 41 33 25 417 33 24 37 27 20 32
leaf_count=1983 33 20049 1097 38 33 23 222 24 24 26 24 29 71 20 22 801 27 42 20 52 41 33 25 417 33 24 37 27 20 32
internal_value=1.62993e-09 -0.0517079 -0.950906 -5.2058 -0.593178 -5.00646 0.279371 -0.110387 -2.29341 -3.144 -8.45058 -1.71301 -2.8307 -5.84363 0.889 0.995134 0.141694 0.0684488 -2.29449 -3.54405 -1.70837 -1.70017 0.669919 -0.368838 0.293146 -0.106866 -0.383912 -0.572999 3.34476 -8.78452
internal_weight=25349 21390 1341 104 1237 56 3959 2415 250 226 48 178 152 81 1544 1522 2165 2138 155 135 93 66 1300 499 474 441 1181 1124 57 52
internal_count=25349 21390 1341 104 1237 56 3959 2415 250 226 48 178 152 81 1544 1522 2165 2138 155 135 93 66 1300 499 474 441 1181 1124 57 52
is_linear=0
shrinkage=0.05


Tree=131
num_leaves=31
num_cat=0
split_feature=93 29 80 7 23 136 106 141 58 92 134 113 139 79 64 63 44 109 79 101 114 78 86 36 15 65 134 8 135 33
split_gain=145200 1.04051e+06 471173 434257 546549 427665 463103 458017 425065 416270 413231 1.29254e+06 407089 730934 369903 607632 508356 470431 563300 331603 343200 358405 328930 355462 316567 406927 609374 921632 746133 749546
threshold=625.50000000000011 -894.24999999999989 638.75000000000011 -548.74999999999989 -721.24999999999989 545.50000000000011 1265.2500000000002 439.25000000000006 -628.74999999999989 1425.2500000000002 1492.0000000000002 940.75000000000011 118.33731079101564 529.75000000000011 1260.2500000000002 1024.2500000000002 817.25000000000011 1809.2874755859377 489.25000000000006 820.25000000000011 -463.74999999999994 1021.2500000000001 645.75000000000011 1809.2500000000002 -101.24999999999999 1617.2500000000002 1083.5000000000002 -161.74999999999997 668.75000000000011 983.12179565429699
decision_type=2 2 2 2 2 2 2 2 2 2 2 2 2 2 2 2 2 2 2 2 2 2 2 2 2 2 2 2 2 2
left_child=2 -2 9 -4 -5 7 -7 14 -3 10 -1 -12 13 -10 -6 16 -16 18 -17 20 -20 -22 23 -9 -14 26 27 -26 29 -29
right_child=1 8 3 4 5 6 -8 22 12 -11 11 -13 24 -15 15 17 -18 -19 19 -21 21 -23 -24 -25 25 -27 -28 28 -30 -31
leaf_value=-0.028308046407779314 -10.679264847437542 4.9583069896086673 3.3320128962397577 -6.0286070500650721 1.1615612867443126 -0.56697675849116125 -8.1821866420599143 2.567621801720291 1.1055838628248735 4.8293762480670761 -14.329020953178407 2.5780939056323127 2.2910750048359239 -12.101510205268861 -1.2369538664817812 -9.3682499742507925 -11.93182098388672 1.6497561413544439 -5.0210030122236775 -6.9099537265300759 -5.2490306215286253 1.0761591102304153 0.93130681462340315 8.4637897643175997 -10.664705502986909 0.62832820564531022 1.8777649016580851 -0.59387628780618273 -10.421329574584961 -8.0796460144660056
leaf_weight=19779 24 39 152 31 1006 86 26 61 22 44 20 26 120 20 25 20 20 253 33 20 25 215 91 44 24 825 214 2030 20 34
leaf_count=19779 24 39 152 31 1006 86 26 61 22 44 20 26 120 20 25 20 20 253 33 20 25 215 91 44 24 825 214 2030 20 34
internal_value=-2.34446e-09 -0.305501 0.046874 0.757644 0.55759 0.663654 -2.33479 0.848886 -0.231137 -0.028535 -0.0393168 -4.77283 -0.2923 -5.18351 0.572202 -0.398168 -5.99023 0.0464303 -1.24955 -0.695371 -0.24009 0.417285 3.13153 5.0384 -0.22942 -0.32553 -0.664434 -0.922513 -0.810318 -0.717188
internal_weight=25349 3372 21977 2108 1956 1925 112 1813 3348 19869 19825 46 3309 42 1617 611 45 566 313 293 273 240 196 105 3267 3147 2322 2108 2084 2064
internal_count=25349 3372 21977 2108 1956 1925 112 1813 3348 19869 19825 46 3309 42 1617 611 45 566 313 293 273 240 196 105 3267 3147 2322 2108 2084 2064
is_linear=0
shrinkage=0.05


Tree=132
num_leaves=31
num_cat=0
split_feature=64 65 94 106 94 89 113 101 92 38 123 45 30 16 101 113 45 51 3 128 106 126 131 141 113 123 110 103 96 115
split_gain=142541 1.01564e+06 667161 727947 465866 446552 398695 798473 630740 579962 520475 517942 568610 493206 507793 652562 477130 931797 923241 590846 585658 451658 435570 420015 371595 375243 714012 686617 815438 1.16543e+06
threshold=-250.74999999999997 -556.24999999999989 93.250000000000014 785.75000000000011 -1320.2499999999998 1023.3112182617189 130.25000000000003 -51.749999999999993 294.25000000000006 -119.74999999999999 -72.275001525878892 -1600.4999999999998 -1277.7499999999998 -1132.4999999999998 -198.74999999999997 -341.74999999999994 -776.24999999999989 -579.74999999999989 414.25000000000006 -942.24999999999989 35.750000000000007 341.25000000000006 371.74214172363287 164.25000000000003 1755.2500000000002 1823.257507324219 1178.973083496094 909.93881225585949 841.86529541015636 -979.49999999999989
decision_type=2 2 2 2 2 2 2 2 2 2 2 2 2 2 2 2 2 2 2 2 2 2 2 2 2 2 2 2 2 2
left_child=24 2 3 6 -3 -4 11 21 9 10 23 -2 -13 14 15 -14 -15 18 20 -19 -18 -8 -21 -9 25 26 27 28 -1 -30
right_child=1 4 5 -5 -6 -7 7 8 -10 -11 -12 12 13 16 -16 -17 17 19 -20 22 -22 -23 -24 -25 -26 -27 -28 -29 29 -31
leaf_value=0.14562625794897208 -9.5608816351890571 5.8795503584777613 0.097691403935760368 -10.089363502310935 0.02056653231033765 7.6264841079711916 2.097375453979923 -2.0337850387279803 4.1141001723029396 -10.948967945191169 2.1579993155694779 1.0126482203070608 -10.086788327353341 3.2843365622891323 -13.341755857467653 -0.082018017157530182 -1.5554687088535679 -8.2604730853327997 -16.272842869758605 -3.1467861851563264 -9.6454596342359267 -4.4651482359568275 1.0476341980376416 -11.671626982688904 -6.6310186631977563 1.9840605429301026 -8.6696213805157196 4.7610615467280146 1.9321574926376344 -13.846910514831544
leaf_weight=7476 25 34 317 27 15984 21 208 26 22 31 31 112 28 36 20 39 62 27 20 98 35 30 168 20 20 282 23 80 22 25
leaf_count=7476 25 34 317 27 15984 21 208 26 22 31 31 112 28 36 20 39 62 27 20 98 35 30 168 20 20 282 23 80 22 25
internal_value=2.72356e-10 -0.0799842 -1.36995 -1.9842 0.0330029 0.565457 -1.77337 -0.451144 -3.60247 -5.17436 -2.84952 -2.49961 -2.22591 -2.90644 -6.35016 -4.26312 -2.23468 -2.71927 -6.49134 -1.21302 -4.47454 1.27017 -0.497679 -6.22415 0.175757 0.192972 0.12674 0.15335 0.104352 -6.46096
internal_weight=25349 17421 1403 1065 16018 338 1038 368 130 108 77 670 645 533 87 67 446 410 117 293 97 238 266 46 7928 7908 7626 7603 7523 47
internal_count=25349 17421 1403 1065 16018 338 1038 368 130 108 77 670 645 533 87 67 446 410 117 293 97 238 266 46 7928 7908 7626 7603 7523 47
is_linear=0
shrinkage=0.05


Tree=133
num_leaves=31
num_cat=0
split_feature=12 110 26 145 142 142 103 96 138 40 138 43 16 34 131 103 87 120 25 96 23 75 96 85 75 83 29 65 72 54
split_gain=146305 360654 350440 359336 396732 494943 285539 586685 574978 564118 1.06237e+06 803061 587596 625022 560259 420573 515047 1.27737e+06 885005 658282 403820 363992 376497 348611 309576 646443 822544 724126 922604 423521
threshold=1080.143493652344 1178.973083496094 1080.143493652344 1080.143493652344 -286.74999999999994 -604.74999999999989 1023.3112182617189 983.12179565429699 1023.3112182617189 943.51049804687511 876.19470214843761 2081.5000000000005 1849.5000000000002 541.01174926757824 983.12179565429699 770.76763916015636 -1285.4999999999998 -785.49999999999989 -3547.720092773437 841.86529541015636 -4287.2499999999991 713.34976196289074 876.19470214843761 1095.7500000000002 738.81893920898449 1532.9629516601565 1553.0000000000002 -711.24999999999989 -925.24999999999989 770.76763916015636
decision_type=2 2 2 2 2 2 2 2 2 2 2 2 2 2 2 2 2 2 2 2 2 2 2 2 2 2 2 2 2 2
left_child=1 2 3 6 5 -5 7 9 -8 14 11 -11 13 -12 15 20 17 -17 -18 -19 -1 -20 -23 -9 -22 26 27 28 29 -26
right_child=-2 -3 -4 4 -6 -7 8 23 -10 10 12 -13 -14 -15 -16 16 18 19 21 -21 24 22 -24 -25 25 -27 -28 -29 -30 -31
leaf_value=-5.8134836475054428 1.3538281827261955 -5.2342995654452933 -5.9206416749954229 4.7054063301820026 9.2262640078862503 -4.5425781392856788 -8.1880348474748672 0.17148846817016603 1.6066691489055238 -16.231023424321958 2.9141455507278446 -3.2512551367282869 5.3197182857629031 -9.1715822616349101 -6.4099309977363141 6.2540851688385013 -5.3393126225471503 -1.9345524087548256 8.361406142136147 -13.02421789376632 0.0098799138882413942 1.5234203864499682 5.4045047977140976 7.7350811218604072 -4.3600761103630061 3.1674525773083726 -10.631422735850016 2.1506178009999943 -12.942446088790895 3.1940877165113175
leaf_weight=30 198 33 25 39 21 23 31 25 29 22 20 26 33 23 34 30 35 32 29 23 23957 244 84 39 55 54 30 73 24 28
leaf_count=30 198 33 25 39 21 23 31 25 29 22 20 26 33 23 34 30 35 32 29 23 23957 244 84 39 55 54 30 73 24 28
internal_value=-1.7873e-09 -0.0106579 -0.00379513 0.00209978 3.28654 1.2747 -0.00880021 -0.000515331 -3.45393 -0.0128109 -3.37684 -9.20032 0.301148 -3.55031 0.00403501 0.012854 1.48314 -2.04518 2.24821 -6.57205 -0.0160655 2.99208 2.51736 4.78055 -0.00888487 -1.71172 -2.96636 -1.68885 -4.3083 -1.81168
internal_weight=25349 25151 25118 25093 83 62 25010 24950 60 24886 124 48 76 43 24762 24728 477 85 392 55 24251 357 328 64 24221 264 210 180 107 83
internal_count=25349 25151 25118 25093 83 62 25010 24950 60 24886 124 48 76 43 24762 24728 477 85 392 55 24251 357 328 64 24221 264 210 180 107 83
is_linear=0
shrinkage=0.05


Tree=134
num_leaves=31
num_cat=0
split_feature=106 134 108 141 142 115 120 110 31 72 106 129 129 58 33 127 102 144 75 114 47 58 51 68 107 33 141 61 12 33
split_gain=142369 672014 487100 598371 575182 575815 541364 467501 778310 878889 590638 456764 764367 447430 443971 422240 551842 546097 727781 992712 555337 554274 1.81193e+06 478863 432964 425457 403778 372376 370666 356794
threshold=996.25000000000011 1666.2500000000002 861.75000000000011 21.250000000000004 -258.74999999999994 1071.5000000000002 1074.7500000000002 565.13192749023449 1819.2500000000002 894.75000000000011 1163.7500000000002 316.25000000000006 491.25000000000006 1709.0000000000002 263.36587524414068 597.25000000000011 1023.6875000000001 -2072.164916992187 738.81893920898449 -190.24999999999997 606.78826904296886 -867.24999999999989 -965.24999999999989 754.00469970703136 -901.74999999999989 634.06787109375011 496.25000000000006 509.30393981933599 479.75405883789068 413.90583801269537
decision_type=2 2 2 2 2 2 2 2 2 2 2 2 2 2 2 2 2 2 2 2 2 2 2 2 2 2 2 2 2 2
left_child=1 15 3 -2 11 6 7 14 9 10 -9 -5 -13 -10 -6 -1 17 23 20 -20 21 22 24 25 -19 -17 -12 29 -26 -16
right_child=2 -3 -4 4 5 -7 -8 8 13 -11 26 12 -14 -15 27 16 -18 18 19 -21 -22 -23 -24 -25 28 -27 -28 -29 -30 -31
leaf_value=-0.018501826801421397 -8.7958022479827598 -8.6904148329388011 0.074942966547886666 2.6007591496040297 -8.4329719638824461 -10.240514904260635 3.721175913377242 -9.0247502088546749 6.7076003122329713 -14.17647213267869 4.6662742636420509 -10.251706175577073 0.99033186303244713 -3.8686739397048955 0.1846777140242713 2.4608935754998287 1.7603821551639385 5.8434457969665532 -12.730441737174989 1.096671142578125 3.4850320250051574 0.032744542270431075 -16.935175119127546 8.0793809283863407 0.43244164748625319 -5.3608308601379395 -5.1498387140035637 3.376905834928472 -6.8486645205267553 -3.0821216057892893
leaf_weight=20112 26 22 2206 154 20 20 44 32 20 29 22 21 54 20 175 133 799 20 27 25 102 892 21 33 44 20 20 47 29 160
leaf_count=20112 26 22 2206 154 20 20 44 32 20 29 22 21 54 20 175 133 799 20 27 25 102 892 21 33 44 20 20 47 29 160
internal_value=2.28776e-09 0.0439864 -0.319209 -1.32557 -1.0938 -1.89707 -1.61376 -2.04447 -4.49979 -6.79853 -3.90717 1.0424 -2.15744 1.41946 -1.17106 0.0526199 0.719473 0.101578 -0.301705 -6.08279 -0.0303901 -0.386825 -3.66977 2.61668 -0.674354 1.43845 -0.00806525 -0.790854 -2.46005 -1.37558
internal_weight=25349 22279 3070 864 838 609 589 545 143 103 74 229 75 40 402 22257 2145 1346 1160 52 1108 1006 114 186 93 153 42 382 73 335
internal_count=25349 22279 3070 864 838 609 589 545 143 103 74 229 75 40 402 22257 2145 1346 1160 52 1108 1006 114 186 93 153 42 382 73 335
is_linear=0
shrinkage=0.05


Tree=135
num_leaves=31
num_cat=0
split_feature=106 107 78 79 71 57 52 15 22 78 2 128 138 117 9 34 113 127 122 141 135 44 86 16 59 142 130 7 59 71
split_gain=142055 550657 494668 682065 621686 853485 694985 787845 935802 577057 1.49767e+06 549369 524001 1.11527e+06 512316 745313 512065 511687 627178 623929 1.0958e+06 699148 692420 493063 638984 711477 476864 640610 606819 589416
threshold=158.75000000000003 -4.2499999999999991 292.25000000000006 -379.24999999999994 773.50000000000011 130.75000000000003 73.250000000000014 46.750000000000007 96.250000000000014 -175.24999999999997 -256.24999999999994 -799.24999999999989 348.22555541992193 375.71362304687506 -182.24999999999997 -211.99371337890622 925.25000000000011 685.25000000000011 526.25000000000011 141.75000000000003 -63.249999999999993 394.75000000000006 9.2500000000000018 2481.5000000000005 1503.5000000000002 -147.24999999999997 -892.60498046874989 1201.5000000000002 726.25000000000011 278.75000000000006
decision_type=2 2 2 2 2 2 2 2 2 2 2 2 2 2 2 2 2 2 2 2 2 2 2 2 2 2 2 2 2 2
left_child=-1 2 3 12 11 -6 -7 8 -8 10 -5 -4 -2 -14 -9 -16 -13 19 -19 -17 21 -21 -23 24 25 -24 29 28 -28 -11
right_child=1 -3 4 9 5 6 7 14 -10 26 -12 16 13 -15 15 17 -18 18 -20 20 -22 22 23 -25 -26 -27 27 -29 -30 -31
leaf_value=0.12199107833704288 1.8715153547321461 0.096056223264913143 8.6924145113338138 -17.720989055633545 -10.080672233581545 6.0907728098539842 -1.1248940196530572 4.1861140819696283 -14.800188908793709 0.94755076386711823 1.6288790082931521 0.8782167497801221 -9.1307952290926231 -0.49835369729929396 -10.471328592300416 0.67950201936342103 -7.020747314180646 9.3741338941786037 -0.706839484969775 2.2968753507060389 1.2220618541202237 -14.364509545053757 -0.14589716025761196 1.0743963479995728 -11.320294542312624 -8.8145267067885982 -2.9647321749637907 1.5263787862582086 -11.274263970748239 -5.1162897759554342
leaf_weight=12292 217 9183 22 20 25 36 29 52 22 220 20 893 39 921 20 270 21 27 36 31 124 21 56 30 40 41 491 78 23 49
leaf_count=12292 217 9183 22 20 25 36 29 52 22 220 20 893 39 921 20 270 21 27 36 31 124 21 56 30 40 41 491 78 23 49
internal_value=1.32482e-09 -0.114844 -0.614765 -1.14003 -0.0070264 -0.977517 -0.704967 -1.01116 -7.02404 -2.17538 -8.04606 0.884663 -0.347465 -0.849047 -0.601189 -0.958861 0.696731 -0.677427 3.61358 -1.11843 -2.53371 -4.66026 -5.80745 -4.73141 -6.00276 -3.80996 -1.90264 -2.69583 -3.33656 -0.157015
internal_weight=25349 13057 3874 2078 1796 860 835 799 51 901 40 936 1177 960 748 696 914 676 63 613 343 219 188 167 137 97 861 592 514 269
internal_count=25349 13057 3874 2078 1796 860 835 799 51 901 40 936 1177 960 748 696 914 676 63 613 343 219 188 167 137 97 861 592 514 269
is_linear=0
shrinkage=0.05


Tree=136
num_leaves=31
num_cat=0
split_feature=2 1 23 35 38 31 60 25 9 142 144 1 10 24 24 113 8 12 6 22 99 117 97 13 59 2 86 45 43 141
split_gain=138568 605892 547433 834394 520467 541508 522038 470907 1.19226e+06 687785 406772 405692 378734 1.12288e+06 746651 1.06819e+06 527627 537625 510808 423686 469408 388927 371338 367732 360365 355295 593491 351357 383603 1.02291e+06
threshold=-580.24999999999989 248.75000000000003 -709.24999999999989 163.75000000000003 -520.74999999999989 -447.74999999999994 1319.9274902343752 -1538.012512207031 -315.24999999999994 -138.24999999999997 589.81747436523449 176.75000000000003 -291.74999999999994 32.250000000000007 77.750000000000014 253.25000000000003 -455.49999999999994 544.47283935546886 710.88528442382824 -269.24999999999994 128.25000000000003 725.27545166015636 -17.78437519073486 -661.56671142578114 334.25000000000006 -200.24999999999997 -1403.7499999999998 -960.74999999999989 -1.0000000180025095e-35 786.00000000000011
decision_type=2 2 2 2 2 2 2 2 2 2 2 2 2 2 2 2 2 2 2 2 2 2 2 2 2 2 2 2 2 2
left_child=1 11 3 4 5 7 10 8 9 -2 -6 12 13 -1 15 -15 -16 22 19 20 -14 -21 -18 -9 -19 26 -25 -4 29 -29
right_child=2 -3 27 -5 6 -7 -8 23 -10 -11 -12 -13 18 14 16 -17 17 24 -20 21 -22 -23 -24 25 -26 -27 -28 28 -30 -31
leaf_value=0.13315712869862043 2.4916740039499796 3.2199434377535989 2.3560072719276715 -9.3622118303852702 0.61055964451847666 -9.9138053011894236 4.953367187182109 3.8675784361221504 -14.979958781329069 -7.7855791365658789 -5.6318318566968371 -5.0579073742816325 1.221786743196948 -16.600298568476802 0.64441197388447247 -1.8077837980710545 -4.2281305607329029 -13.692940180301669 -5.2959658980369575 1.6741070396392734 -8.7352285814285278 7.2724297776366731 3.5252480900805931 -10.004106743633749 -4.2013043415546418 0.35891614601663924 -1.7496702147671517 -0.54088812884943271 0.064341885132716201 -11.627673448835102
leaf_weight=8561 41 158 154 31 165 20 60 37 22 27 31 38 29 23 104 26 47 20 28 518 20 33 23 24 20 184 235 2239 12410 21
leaf_count=8561 41 158 154 31 165 20 60 37 22 27 31 38 29 23 104 26 47 20 28 518 20 33 23 24 20 184 235 2239 12410 21
internal_value=-6.03085e-09 0.14913 -0.0916381 -1.30546 -1.01024 -1.82715 0.872491 -1.54341 -4.86235 -1.589 -0.376757 0.0980041 0.118732 0.0342975 -3.18371 -8.75121 -1.90891 -4.32297 1.30512 1.61317 -2.8423 2.0094 -1.68059 -0.921104 -8.94712 -1.32106 -2.51456 -0.0198274 -0.044768 -0.643907
internal_weight=25349 9648 15701 877 846 590 256 570 90 68 196 9490 9452 8824 263 49 214 110 628 600 49 551 70 480 40 443 259 14824 14670 2260
internal_count=25349 9648 15701 877 846 590 256 570 90 68 196 9490 9452 8824 263 49 214 110 628 600 49 551 70 480 40 443 259 14824 14670 2260
is_linear=0
shrinkage=0.05


Tree=137
num_leaves=31
num_cat=0
split_feature=108 94 37 107 117 106 98 72 36 50 140 141 101 132 59 142 86 85 51 52 56 36 129 12 144 134 52 72 31 117
split_gain=139306 371365 323320 261821 378164 301226 601030 639188 708746 843032 398254 470182 394026 513416 397915 685688 360930 344608 369836 421304 370959 351449 735529 388097 379529 503308 367273 361774 358194 333226
threshold=2363.5000000000005 2428.5000000000005 1845.5000000000002 1606.0000000000002 876.19470214843761 1662.0000000000002 875.25000000000011 503.25000000000006 1995.5000000000002 2080.7500000000005 -8.2499999999999982 232.75000000000003 1894.0000000000002 1407.4829101562502 1114.7500000000002 -160.74999999999997 1706.2500000000002 2183.2500000000005 1938.0000000000002 2602.7500000000005 3325.2500000000005 3939.2500000000005 13.750000000000002 1080.143493652344 1496.9274902343752 719.75000000000011 2763.2500000000005 607.25000000000011 -110.74999999999999 666.30764770507824
decision_type=2 2 2 2 2 2 2 2 2 2 2 2 2 2 2 2 2 2 2 2 2 2 2 2 2 2 2 2 2 2
left_child=3 -2 -3 5 -5 17 -7 -8 9 12 16 -12 13 14 15 -9 -10 21 -19 -20 -21 23 -23 26 25 28 -1 -26 -25 -13
right_child=1 2 -4 4 -6 6 7 8 10 -11 11 29 -14 -15 -16 -17 -18 18 19 20 -22 22 -24 24 27 -27 -28 -29 -30 -31
leaf_value=-0.017298127723535475 -6.1897179690274333 5.6023404979705811 -2.216907636324565 2.6765241185138966 -3.4906259224332619 -7.2495283951884817 3.8541207835529789 -11.936192000479927 0.87808617502450947 -10.880645110326656 7.8308743623586814 -1.5718972441626757 3.5711324272155767 -10.237358017401263 0.85050645561541549 0.69506654305891558 -6.5203357731594771 3.8990689229157014 -4.396114896473132 4.3249214097073212 -2.3363936720472398 2.1234145561854048 -10.015018015641433 5.9300950754256476 11.296208436148508 -5.289267261823019 3.6897778525281311 1.8999334812164308 -1.8323276727095896 3.2636532579149518
leaf_weight=24037 33 20 39 174 29 38 66 21 32 34 26 82 25 22 59 22 34 118 38 57 33 24 26 42 21 24 67 20 23 63
leaf_count=24037 33 20 39 174 29 38 66 21 32 34 26 82 25 22 59 22 34 118 38 57 33 24 26 42 21 24 67 20 23 63
internal_value=4.82845e-10 -1.9421 0.433685 0.00707421 1.7955 -0.00741653 -1.19363 -0.720118 -1.43893 -3.77636 0.365927 1.63928 -2.15525 -3.30976 -1.81558 -5.47369 -2.93322 0.0179228 1.87991 0.0184935 1.88244 -0.00093936 -4.18857 0.00770063 2.73229 0.89863 -0.00699386 6.71266 3.18339 0.529066
internal_weight=25349 92 59 25257 203 25054 524 486 420 183 237 171 149 124 102 43 66 24530 246 128 90 24284 50 24234 130 89 24104 41 65 145
internal_count=25349 92 59 25257 203 25054 524 486 420 183 237 171 149 124 102 43 66 24530 246 128 90 24284 50 24234 130 89 24104 41 65 145
is_linear=0
shrinkage=0.05


Tree=138
num_leaves=31
num_cat=0
split_feature=142 66 134 61 16 140 120 32 134 108 66 131 118 109 96 3 15 12 110 115 113 47 46 114 17 19 57 43 4 93
split_gain=137745 299502 376949 348255 493769 465745 600718 260447 195957 194911 353949 500158 457733 320696 415793 303150 485029 441874 501984 385188 312664 570749 349533 283274 246692 428090 256873 756443 526260 1.2018e+06
threshold=-23.249999999999996 1854.0000000000002 523.75000000000011 486.24217224121099 -2281.7499999999995 475.25000000000006 680.25000000000011 3107.1350097656255 433.25000000000006 2363.5000000000005 3506.5000000000005 983.12179565429699 3047.8090820312505 3265.6975097656255 909.93881225585949 3016.5000000000005 3770.7500000000005 983.12179565429699 876.19470214843761 -428.24999999999994 2318.2500000000005 646.21759033203136 6386.4001464843759 -30.749999999999996 2876.0000000000005 621.82571411132824 1097.2500000000002 1061.2500000000002 -360.81748962402338 -593.74999999999989
decision_type=2 2 2 2 2 2 2 2 2 2 2 2 2 2 2 2 2 2 2 2 2 2 2 2 2 2 2 2 2 2
left_child=9 3 -3 5 -5 7 -7 8 -2 10 12 -12 15 -11 -15 16 20 18 19 -17 22 -22 24 -24 26 -26 27 -1 29 -28
right_child=1 2 -4 4 -6 6 -8 -9 -10 13 11 -13 -14 14 -16 17 -18 -19 -20 -21 21 -23 23 -25 25 -27 28 -29 -30 -31
leaf_value=-0.056367322687548377 0.33927738341159164 1.775245761871338 -6.3605051566873279 -4.6708851900967687 3.22899673161458 -8.7353808604180809 0.22588854352633159 -4.4458942193251394 2.0657220824559532 0.78589482613098927 6.7801759137663744 -2.6337287812005905 -6.0080958366394048 -10.485545857747397 -0.53576062066214425 -4.1213599174253401 -7.6438305263451882 5.7100555982589727 -5.9956334022375257 1.7134361205824389 -1.3390634341239931 9.4557502309481318 -0.10389064050489856 -6.5834620707743881 0.014665983319282533 7.1046652876969549 -12.980350739022962 1.2883257854404055 -0.15669167528322034 -1.3339576588291822
leaf_weight=18367 1046 24 35 22 196 32 45 26 195 39 43 21 32 21 21 31 21 50 26 323 25 24 31 37 60 33 23 1109 2791 600
leaf_count=18367 1046 24 35 22 196 32 45 26 195 39 43 21 32 21 21 31 21 50 26 323 25 24 31 37 60 33 23 1109 2791 600
internal_value=5.32997e-10 0.445929 -3.05105 0.578018 2.43176 0.277336 -3.49828 0.506793 0.610556 -0.0304641 -0.022077 3.69124 -0.0321542 -2.47898 -5.51065 -0.0240344 -0.0484983 1.29138 0.709977 1.20248 -0.0415934 3.94819 -0.0500746 -3.62954 -0.039484 2.53047 -0.0499255 0.020202 -0.449985 -1.76392
internal_weight=25349 1621 59 1562 218 1344 77 1267 1241 23728 23647 64 23583 81 42 23551 23121 430 380 354 23100 49 23051 68 22983 93 22890 19476 3414 623
internal_count=25349 1621 59 1562 218 1344 77 1267 1241 23728 23647 64 23583 81 42 23551 23121 430 380 354 23100 49 23051 68 22983 93 22890 19476 3414 623
is_linear=0
shrinkage=0.05


Tree=139
num_leaves=31
num_cat=0
split_feature=33 12 26 54 33 75 82 26 103 54 102 54 47 118 33 40 19 12 75 26 48 65 40 33 23 38 128 107 87 80
split_gain=136454 271213 319755 422630 407200 362412 459538 341807 326860 316781 302779 647349 288862 376756 398851 294894 269141 262611 355563 293739 625217 674072 478704 670819 498140 380074 360097 528485 753520 2.14356e+06
threshold=227.96028900146487 260.41111755371099 287.33023071289068 308.98504638671881 322.31147766113287 297.94525146484381 287.21792602539068 347.07748413085943 363.33070373535162 269.78489685058599 2042.350036621094 265.05346679687506 266.64117431640631 -1259.0004272460935 268.25619506835943 263.35705566406256 266.74047851562506 358.36279296875006 330.82083129882818 373.33161926269537 -799.67285156249989 -955.74999999999989 371.84405517578131 375.84069824218756 -160.24999999999997 -1315.7499999999998 -79.249999999999986 -187.74999999999997 -98.749999999999986 -6.2499999999999991
decision_type=2 2 2 2 2 2 2 2 2 2 2 2 2 2 2 2 2 2 2 2 2 2 2 2 2 2 2 2 2 2
left_child=-1 10 12 5 -5 -4 -7 8 9 -8 -2 -12 13 -3 -15 -16 -17 19 -19 26 25 -22 23 24 -23 -21 -6 28 -28 -30
right_child=1 2 3 4 17 6 7 -9 -10 -11 11 -13 -14 14 15 16 -18 18 -20 20 21 22 -24 -25 -26 -27 27 -29 29 -31
leaf_value=0.54466933539437812 -0.53418456970912531 -6.9059557700157175 -0.16716951440432673 1.0141159560617146 0.24360956811439319 -7.9995522375460029 -7.7053120803833011 -7.4975654504515905 2.1825587067188641 -1.3138560122875145 0.66608012960507323 -11.136905441113882 1.0999279702614677 0.76606194894507018 -4.5332392893620392 -5.7641707477115451 0.3532993976712227 1.5646421281365974 0.015852055308380724 -3.7904646072387695 -11.854606623649598 2.8263871065775557 -0.47295117035910894 -10.542872089658466 -5.5291558737104589 3.3051307096109763 -1.2038528539776023 -0.31116933717335371 -21.301114543676377 -1.9329998400211335
leaf_weight=1100 1553 20 1066 999 1309 27 20 22 66 632 26 21 1228 543 67 21 125 380 14934 25 20 30 148 35 44 77 153 588 20 50
leaf_count=1100 1553 20 1066 999 1309 27 20 22 66 632 26 21 1228 543 67 21 125 380 14934 25 20 30 148 35 44 77 153 588 20 50
internal_value=-1.50367e-09 -0.0247077 0.0197364 -0.038796 0.0318206 -0.763531 -1.59237 -1.3586 -1.17049 -1.50991 -0.653841 -4.60759 0.62273 -0.132422 0.0467718 -1.78691 -0.526611 -0.0232691 0.0542836 -0.498516 -1.7806 -3.01293 -2.32486 -4.83937 -2.14177 1.56601 -0.269313 -1.0972 -3.16978 -7.46675
internal_weight=25349 24249 22649 20645 18812 1833 767 740 718 652 1600 47 2004 776 756 213 146 17813 15314 2499 379 277 257 109 74 102 2120 811 223 70
internal_count=25349 24249 22649 20645 18812 1833 767 740 718 652 1600 47 2004 776 756 213 146 17813 15314 2499 379 277 257 109 74 102 2120 811 223 70
is_linear=0
shrinkage=0.05


Tree=140
num_leaves=31
num_cat=0
split_feature=134 141 142 142 6 122 34 8 7 6 11 50 38 142 126 64 133 106 107 37 75 61 37 107 145 16 123 29 135 137
split_gain=137779 444867 481666 869646 604332 1.2308e+06 785934 852184 1.34741e+06 517628 436073 765275 796221 488665 508478 476740 428452 402828 776497 614814 665653 862732 1.24563e+06 983188 598301 776558 876502 664923 583841 647393
threshold=183.25000000000003 222.25000000000003 -286.74999999999994 -278.74999999999994 1739.003356933594 -252.74999999999997 712.59753417968761 676.75000000000011 603.25000000000011 412.51145935058599 -149.25249481201169 -263.24999999999994 -534.74999999999989 -383.24999999999994 -413.74999999999994 -1310.7499999999998 24.250000000000004 378.75000000000006 249.75000000000003 -1547.2499999999998 547.30438232421886 558.17407226562511 -573.74999999999989 -668.24999999999989 754.00469970703136 1628.2500000000002 2670.6850585937505 -562.24999999999989 -84.749999999999986 -1241.9874877929685
decision_type=2 2 2 2 2 2 2 2 2 2 2 2 2 2 2 2 2 2 2 2 2 2 2 2 2 2 2 2 2 2
left_child=1 -1 10 -4 6 -6 7 -5 -9 -10 11 15 -13 14 -14 -3 -12 -2 19 -19 28 22 -22 -23 25 27 -27 -25 29 -21
right_child=17 2 3 4 5 -7 -8 8 9 -11 16 12 13 -15 -16 -17 -18 18 -20 20 21 23 -24 24 -26 26 -28 -29 -30 -31
leaf_value=-0.0021130608708472757 0.44238539095451374 -2.3801774936201783 -11.037946020811797 -1.0150909210641037 -16.208732060194016 -2.1663701527555221 2.7777356901516517 -17.442023399897987 3.8865441703796386 -6.64532508466925 1.6686664534622517 -13.537134120464325 -0.34610467079807733 2.9962479421070647 -8.7627886395705374 2.1915366470813753 -5.8528872203826907 1.9250712018373404 0.24281889772058479 1.4825235140176467 -18.390798730850218 -11.694792852799099 -3.8878371615158884 -8.3241687266031903 1.5401927039247214 -15.761523175239564 -1.298975784778595 -0.28711311751307705 -0.076614946783975124 -3.6207116700290296
leaf_weight=11984 5408 92 24 608 20 71 120 21 20 28 355 20 34 28 38 150 20 172 4232 81 20 24 57 30 127 22 20 181 1075 267
leaf_count=11984 5408 92 24 608 20 71 120 21 20 28 355 20 34 28 38 150 20 172 4232 81 20 24 57 30 127 22 20 181 1075 267
internal_value=7.53086e-10 -0.108063 -0.878043 -1.64623 -1.3924 -5.2526 -0.951653 -1.6127 -6.87856 -2.25705 0.0725533 -1.16532 -4.43001 -2.60859 -4.78824 0.45353 1.26752 0.125744 -0.14572 -0.937771 -1.19639 -2.80441 -7.65484 -1.87994 -1.26006 -2.66571 -8.8746 -1.42982 -0.652851 -2.43289
internal_weight=25349 13633 1649 912 888 91 797 677 69 48 737 362 120 100 72 242 375 11716 6308 2076 1904 481 77 404 380 253 42 211 1423 348
internal_count=25349 13633 1649 912 888 91 797 677 69 48 737 362 120 100 72 242 375 11716 6308 2076 1904 481 77 404 380 253 42 211 1423 348
is_linear=0
shrinkage=0.05


Tree=141
num_leaves=31
num_cat=0
split_feature=50 64 44 51 135 99 49 8 123 117 57 98 72 120 106 141 141 23 141 100 134 30 45 70 60 116 9 51 65 141
split_gain=134912 533272 477239 492782 446489 418493 397718 379079 346300 453965 714436 377356 519829 461956 341193 332268 353365 373479 399914 303262 284614 299975 283049 279070 261304 737160 383433 258554 353763 900210
threshold=-1337.2499999999998 -1270.7499999999998 -1716.7499999999998 -2488.4999999999995 -782.74999999999989 -99.749999999999986 -1558.7499999999998 161.00000000000003 939.39248657226574 666.30764770507824 -1469.2499999999998 -20.249999999999996 -810.74999999999989 186.75000000000003 433.75000000000006 853.25000000000011 562.25000000000011 -4287.2499999999991 348.75000000000006 15.250000000000002 623.75000000000011 -1042.7499999999998 -1808.7499999999998 -1156.7499999999998 452.83749389648443 532.95248413085949 -2273.7499999999995 -1572.7499999999998 -1494.2499999999998 427.25000000000006
decision_type=2 2 2 2 2 2 2 2 2 2 2 2 2 2 2 2 2 2 2 2 2 2 2 2 2 2 2 2 2 2
left_child=1 5 3 -2 -3 15 -4 14 9 11 -11 12 13 -6 -5 16 17 18 -1 -16 21 24 -7 -15 -19 -26 -27 -8 29 -29
right_child=2 4 6 7 8 22 27 -9 -10 10 -12 -13 -14 23 19 -17 -18 20 -20 -21 -22 -23 -24 -25 25 26 -28 28 -30 -31
leaf_value=-0.84619531920461954 -5.2237358461927492 1.3339362515478719 -5.3320767178758981 1.4612537612117107 -0.85940358858433141 4.3883427812502935 1.3544506639070895 -4.0018194777624947 3.3240505971908569 -0.46258909864859143 -12.503134608268738 1.9102903411388397 -8.1700079459410446 -8.7008552619389121 7.9103180760429019 -6.1233171193496041 4.5009529154475141 0.24825482615403432 -9.6725945722489133 1.8271336925029755 -5.7526069970357989 6.0415170578729542 -0.20811273613066042 -2.3405579005094137 -10.771822239103772 5.7474582529067995 -3.3169839552470615 -0.59309793769814423 0.0096241577995949037 -7.5207447069995812
leaf_weight=33 27 98 35 496 213 91 348 28 25 22 28 50 39 35 42 23 41 801 21 40 21 21 53 34 21 20 28 407 22155 53
leaf_count=33 27 98 35 496 213 91 348 28 25 22 28 50 39 35 42 23 41 801 21 40 21 21 53 34 21 20 28 407 22155 53
internal_value=2.21329e-09 -0.427804 0.0311018 1.38548 -1.7219 0.171846 -0.00617623 1.67995 -2.39337 -2.73288 -7.20529 -2.13013 -2.75948 -2.01121 1.95519 -0.181128 -0.0454074 -0.238369 -4.27868 4.94291 0.000860279 0.136464 2.69659 -5.5668 -0.00607188 -2.95847 0.459867 0.00194146 -0.018871 -1.39128
internal_weight=25349 1718 23631 633 544 1174 22998 606 446 421 50 371 321 282 578 1030 1007 966 54 82 912 891 144 69 870 69 48 22963 22615 460
internal_count=25349 1718 23631 633 544 1174 22998 606 446 421 50 371 321 282 578 1030 1007 966 54 82 912 891 144 69 870 69 48 22963 22615 460
is_linear=0
shrinkage=0.05


Tree=142
num_leaves=31
num_cat=0
split_feature=93 29 80 1 58 96 47 4 50 92 132 134 108 134 8 71 141 102 33 72 133 120 6 134 7 29 6 120 23 1
split_gain=134362 940247 406939 406781 384222 370718 482801 465204 427971 356009 348478 329626 1.09926e+06 311977 346724 296975 297924 291161 279791 271081 636610 402514 370441 373756 364777 322392 310357 554643 541104 408340
threshold=625.50000000000011 -894.24999999999989 638.75000000000011 4400.7500000000009 -628.74999999999989 909.93881225585949 813.04827880859386 1495.684997558594 1560.5000000000002 1425.2500000000002 90.446487426757827 1492.0000000000002 741.25000000000011 -295.74999999999994 -495.74999999999994 2500.5000000000005 820.75000000000011 -1927.1100463867185 754.00469970703136 713.75000000000011 537.75000000000011 -111.24999999999999 2093.345336914063 -282.74999999999994 1084.2500000000002 2610.2500000000005 1565.307067871094 -46.749999999999993 -374.24999999999994 1264.2500000000002
decision_type=2 2 2 2 2 2 2 2 2 2 2 2 2 2 2 2 2 2 2 2 2 2 2 2 2 2 2 2 2 2
left_child=2 -2 9 5 -3 6 13 -7 -9 11 -6 19 -13 -4 17 16 18 -15 -16 22 21 -21 25 -24 -25 26 -1 28 -28 -30
right_child=1 4 3 -5 10 7 -8 8 -10 -11 -12 12 -14 14 15 -17 -18 -19 -20 20 -22 -23 23 24 -26 -27 27 -29 29 -31
leaf_value=0.0030902837443094471 -10.155181533098222 4.7106476258008909 -4.7903580245971682 -4.4207120801273145 -6.5532215584408151 9.6369791874518782 -5.8528249404260091 -4.0747944513956709 5.111288761533797 4.4675559146837758 -0.23936062045701378 -12.335601176727902 3.1376605071127415 -1.0716580057144165 0.65279346993007514 5.7151939988136293 -3.1149794858235582 5.9401455168138471 6.2034889718760624 -6.9624312659104666 -9.4020528952280689 -0.11512420047166312 -4.4302586210625519 4.763036006205791 1.0041306921279076 -5.7173561401367188 -10.058507278340834 -0.25439798008028414 -6.2099499080492109 -0.48053399543277919
leaf_weight=18230 24 39 25 38 22 26 28 21 32 44 3287 22 24 20 1757 29 52 57 23 24 24 203 28 74 505 25 27 497 46 96
leaf_count=18230 24 39 25 38 22 26 28 21 32 44 3287 22 24 20 1757 29 52 57 23 24 24 203 28 74 505 25 27 497 46 96
internal_value=-1.243e-09 -0.293879 0.0450907 0.705637 -0.223188 0.799744 0.666458 4.15889 1.47152 -0.0249899 -0.281339 -0.0349607 -4.2626 0.759448 0.83104 0.695003 0.615535 4.1189 0.724516 -0.0251285 -1.65784 -0.839069 -0.00414272 1.2117 1.48454 -0.043148 -0.0356408 -1.0958 -3.57023 -2.33654
internal_weight=25349 3372 21977 2108 3348 2070 1991 79 53 19869 3309 19825 46 1963 1938 1861 1832 77 1780 19779 251 227 19528 607 579 18921 18896 666 169 142
internal_count=25349 3372 21977 2108 3348 2070 1991 79 53 19869 3309 19825 46 1963 1938 1861 1832 77 1780 19779 251 227 19528 607 579 18921 18896 666 169 142
is_linear=0
shrinkage=0.05


Tree=143
num_leaves=31
num_cat=0
split_feature=135 127 0 121 131 2 3 134 67 144 78 141 79 37 67 73 115 77 134 47 40 89 40 141 45 93 108 69 78 128
split_gain=133364 397886 737848 792912 393936 810586 378542 329893 484246 605297 734768 381435 361543 533531 347150 342465 663895 560207 341149 316813 411474 380721 312505 344890 308385 305733 444265 576158 691341 389044
threshold=-504.24999999999994 -158.74999999999997 -1919.7499999999998 -501.24999999999994 594.56900024414074 418.25000000000006 -2290.4999999999995 -43.749999999999993 2213.3000488281255 2456.0349121093755 -414.49999999999994 853.25000000000011 -40.749999999999993 1088.7500000000002 2780.2124023437505 -1226.4999999999998 -151.24999999999997 -1251.4999999999998 5.7500000000000009 454.30361938476568 493.37133789062506 465.86589050292974 909.93881225585949 330.25000000000006 -3643.9999999999995 -383.24999999999994 -276.74999999999994 711.59442138671886 -148.74999999999997 -421.24999999999994
decision_type=2 2 2 2 2 2 2 2 2 2 2 2 2 2 2 2 2 2 2 2 2 2 2 2 2 2 2 2 2 2
left_child=7 2 3 6 19 -6 -2 8 15 10 -10 18 -11 -14 -12 16 17 22 -9 21 -21 25 23 -1 -3 -4 27 28 -27 -28
right_child=1 24 4 -5 5 -7 -8 11 9 12 14 -13 13 -15 -16 -17 -18 -19 -20 20 -22 -23 -24 -25 -26 26 29 -29 -30 -31
leaf_value=-0.054664523361817652 0.94546064391732232 5.4482986890352691 0.10738696711511678 -12.688915401458742 0.38137559023770423 -11.846261608649208 -5.9772805712161921 2.7433445242074161 -12.122316416987667 2.2316238490841056 -0.80481614934073564 -5.6992133097215136 -9.5878625988960273 0.37324834684046304 -8.3658721971511838 0.52397531860728197 -9.2192764987116274 -8.1931407223577093 0.62253757037422985 4.5731657663981116 -0.12811696981633461 -7.5588414883613586 5.234088655471802 -4.3506657203802694 -0.00063446510584046049 -9.8029021923358641 1.9340035431534053 -11.855760697117077 -0.510902249127969 -2.2652198433929041
leaf_weight=460 40 26 593 25 33 23 39 222 27 79 63 22 20 41 20 1582 23 23 1300 69 143 20 25 52 20023 26 100 20 87 123
leaf_count=460 40 26 593 25 33 23 39 222 27 79 63 22 20 41 20 1582 23 23 1300 69 143 20 25 52 20023 26 100 20 87 123
internal_value=2.59586e-09 -0.0493396 -0.883167 -4.92806 -0.543095 -4.64069 -2.4721 0.266576 -0.0983702 -2.18192 -4.95749 0.837395 -0.00111275 -2.89269 -2.62676 0.142224 -0.893677 -0.551733 0.93188 -0.348797 1.40202 -0.731844 -0.224447 -0.490977 0.00643184 -0.587967 -1.74624 -4.03338 -2.64888 -0.38216
internal_weight=25349 21390 1341 104 1237 56 79 3959 2415 250 110 1544 140 61 83 2165 583 560 1522 1181 212 969 537 512 20049 949 356 133 113 223
internal_count=25349 21390 1341 104 1237 56 79 3959 2415 250 110 1544 140 61 83 2165 583 560 1522 1181 212 969 537 512 20049 949 356 133 113 223
is_linear=0
shrinkage=0.05


Tree=144
num_leaves=31
num_cat=0
split_feature=127 113 135 134 136 34 61 82 141 10 135 127 128 106 0 1 142 20 56 130 56 95 121 119 140 134 12 135 133 129
split_gain=130243 310434 233422 434537 366815 354381 416445 474312 269852 424634 233378 314075 223285 433676 636806 1.36039e+06 515412 378207 257222 442074 409383 390792 460634 644602 347773 511297 338786 336452 319243 363797
threshold=1445.2500000000002 2726.2500000000005 801.50000000000011 1666.2500000000002 594.25000000000011 -1005.5059814453124 422.95794677734381 368.26530456542974 1490.2500000000002 1739.7500000000002 493.50000000000006 1645.2500000000002 720.25000000000011 1458.0000000000002 1937.2500000000002 2713.0000000000005 -197.24999999999997 -340.11692810058588 3004.7500000000005 772.61999511718761 2605.0000000000005 2998.722534179688 340.75000000000006 257.75000000000006 2.2500000000000004 128.25000000000003 547.30438232421886 102.75000000000001 1067.2500000000002 821.50000000000011
decision_type=2 2 2 2 2 2 2 2 2 2 2 2 2 2 2 2 2 2 2 2 2 2 2 2 2 2 2 2 2 2
left_child=1 12 4 -4 5 -2 7 -7 -5 -10 -6 -12 18 17 16 -16 -15 -14 20 -20 28 -21 23 -23 25 -22 -26 -24 29 -1
right_child=2 -3 3 8 10 6 -8 -9 9 -11 11 -13 13 14 15 -17 -18 -19 19 21 24 22 27 -25 26 -27 -28 -29 -30 -31
leaf_value=-0.0046315471501993761 -5.5024993163088096 -4.7908085802022153 -6.4264375909169518 4.6814571049478317 7.0334634881270564 0.7071554000037058 1.8396803112922873 -8.6618606697429321 3.5474137687683105 -6.5190264636820023 6.346914341926575 -0.94817266729142935 -6.6387061929702753 -7.4914918696880335 -18.147704463005066 0.29399852514266972 2.2240833781486335 0.56463406495931678 -8.6966259388696585 2.6267588699565216 3.7270228102400496 -0.61479954560597738 -2.7106958099773952 -11.16329039335251 2.1988039953764096 -5.5291560630798342 9.0557936176177005 5.6615332427478977 -6.1561306530521032 2.3655295253531334
leaf_weight=23967 23 34 30 27 38 35 243 22 20 22 25 36 20 20 20 20 43 205 21 51 37 30 28 28 43 25 31 21 21 163
leaf_count=23967 23 34 30 27 38 35 243 22 20 22 25 36 20 20 20 20 43 205 21 51 37 30 28 28 43 25 31 21 21 163
internal_value=1.78453e-09 -0.0164178 0.782381 -1.40267 1.29499 0.478868 0.937439 -2.90896 0.78158 -1.72548 3.95768 2.04162 -0.00987065 -1.30577 -3.9929 -8.92685 -0.860226 -0.0756628 0.00750264 -1.88094 0.0214208 -0.975055 -2.69181 -5.70717 2.75698 -0.00530738 5.07133 0.877402 0.00601624 0.0113791
internal_weight=25349 24828 521 99 422 323 300 57 69 42 99 61 24794 328 103 40 63 225 24466 179 24287 158 107 58 136 62 74 49 24151 24130
internal_count=25349 24828 521 99 422 323 300 57 69 42 99 61 24794 328 103 40 63 225 24466 179 24287 158 107 58 136 62 74 49 24151 24130
is_linear=0
shrinkage=0.05


Tree=145
num_leaves=31
num_cat=0
split_feature=33 54 58 75 26 54 26 33 142 40 68 142 48 99 89 64 68 43 141 134 99 86 107 61 103 106 141 58 134 126
split_gain=127615 398637 364208 338020 284099 393142 317035 282377 279925 297326 258215 294467 358484 715783 304567 361908 474695 363581 294404 439323 542553 307468 261882 251281 246690 260164 244404 908707 241167 227267
threshold=252.31411743164065 269.78489685058599 1244.7500000000002 250.48590087890628 292.96740722656256 312.73178100585943 355.90332031250006 322.31147766113287 -109.74999999999999 248.91316986083987 292.84416198730474 -26.249999999999996 -174.64814758300778 447.25000000000006 281.86856079101568 -467.24999999999994 304.66720581054693 20.250000000000004 410.25000000000006 294.25000000000006 385.75000000000006 -351.74999999999994 445.75000000000006 292.84503173828131 272.26295471191412 1033.7500000000002 374.25000000000006 -120.74999999999999 395.25000000000006 73.250000000000014
decision_type=2 2 2 2 2 2 2 2 2 2 2 2 2 2 2 2 2 2 2 2 2 2 2 2 2 2 2 2 2 2
left_child=24 2 3 -2 26 6 10 -7 9 -5 -6 14 -13 -14 15 -12 17 -17 19 -16 21 -21 -20 29 25 -1 28 -28 -3 -11
right_child=1 4 -4 8 5 7 -8 -9 -10 23 11 12 13 -15 18 16 -18 -19 22 20 -22 -23 -24 -25 -26 -27 27 -29 -30 -31
leaf_value=0.18207968507841349 0.43482648474023194 0.61727676978434076 -7.5794813919067385 -7.209638476158891 0.097382677169674539 0.93364759037652656 -7.0179323053359983 -0.0099731791418994405 -0.4487255335944455 -2.9202905762901157 2.3195431096213208 0.33749797582626345 -13.675119947251819 -1.7951849878765644 -0.28175021861094929 -7.0853830885004117 -8.6748570718263327 -0.30688530191074354 4.6932827202563585 -3.7852418274590462 -0.053132291469309069 -11.055544295677773 -2.137902227640152 3.0800008843342468 1.4555006604063767 -4.7636335156582019 -11.2687899184227 1.0125185656620832 2.9798278078054774 -0.15748666206208786
leaf_weight=1754 396 1407 20 28 649 830 20 17699 451 283 28 30 21 32 613 27 38 74 47 33 54 26 20 24 419 27 20 61 117 101
leaf_count=1754 396 1407 20 28 649 830 20 17699 451 283 28 30 21 32 613 27 38 74 47 33 54 26 20 24 419 27 20 61 117 101
internal_value=9.95956e-10 -0.0345848 -0.884169 -0.779799 0.0160884 -0.0346855 -0.759627 0.032296 -1.32207 -2.22545 -0.685651 -1.17289 -4.0301 -6.50233 -0.92586 -2.86654 -3.91122 -2.11896 -0.517166 -0.809834 -3.67457 -6.9891 2.65412 -1.8834 0.363911 0.107103 0.656409 -2.0199 0.798654 -2.19362
internal_weight=25349 23149 1303 1283 21846 20241 1712 18529 887 436 1692 1043 83 53 960 167 139 101 793 726 113 59 67 408 2200 1781 1605 81 1524 384
internal_count=25349 23149 1303 1283 21846 20241 1712 18529 887 436 1692 1043 83 53 960 167 139 101 793 726 113 59 67 408 2200 1781 1605 81 1524 384
is_linear=0
shrinkage=0.05


Tree=146
num_leaves=31
num_cat=0
split_feature=36 51 8 74 111 35 78 51 72 106 86 136 141 37 9 17 113 103 47 103 114 45 4 15 33 117 84 29 24 15
split_gain=126788 914998 616014 1.09054e+06 636041 466745 1.11553e+06 452486 402019 532847 434297 814142 393545 407854 904457 675480 527720 504077 570699 470369 384242 379702 534905 386959 375239 372243 371143 354659 688480 351452
threshold=155.25000000000003 -143.24999999999997 662.75000000000011 -1391.7449951171873 577.47994995117199 62.750000000000007 -274.24999999999994 9.2500000000000018 35.250000000000007 351.75000000000006 -258.74999999999994 -30.749999999999996 786.00000000000011 11.250000000000002 -605.24999999999989 -8.2499999999999982 247.25000000000003 702.00830078125011 754.00469970703136 682.37133789062511 160.75000000000003 150.50000000000003 -1773.7824707031248 955.25000000000011 504.82691955566412 876.19470214843761 656.25000000000011 29.750000000000004 -145.74999999999997 1914.7500000000002
decision_type=2 2 2 2 2 2 2 2 2 2 2 2 2 2 2 2 2 2 2 2 2 2 2 2 2 2 2 2 2 2
left_child=2 -2 5 -4 27 -1 -7 -8 12 25 11 -11 13 -3 15 16 -15 19 -19 24 -14 22 -12 -24 26 29 -16 28 -5 -10
right_child=1 8 3 4 -6 6 7 -9 9 10 21 -13 20 14 17 -17 -18 18 -20 -21 -22 -23 23 -25 -26 -27 -28 -29 -30 -31
leaf_value=-0.0066200552244995818 1.1332947622621692 0.59243301394529835 -10.753627231717111 -0.86544958318208731 -8.3938068365228595 -13.230459052866156 0.75442201074658211 -6.2303170177244374 0.89741806652402301 -12.579465202093125 -10.065698471069338 -0.70894830501996564 -9.3758753776550297 1.0649816736942384 -0.93593264653681274 -11.682059682210287 -7.114042648293176 7.4833457088470459 -0.36582768440246582 -8.4237568283081057 -0.60955635166168221 -0.027396148508978865 -0.3199407122753285 -6.9812850677050085 0.97655437306806947 6.5750799541120175 -7.7936870530992755 0.4750975324530301 -8.3025152414272991 -0.96925315646396282
leaf_weight=11845 1868 631 32 154 29 22 92 31 2077 20 20 52 25 41 1459 30 38 40 55 20 25 5678 135 26 277 27 20 254 39 287
leaf_count=11845 1868 631 32 154 29 22 92 31 2077 20 20 52 25 41 1459 30 38 40 55 20 25 5678 135 26 277 27 20 254 39 287
internal_value=-1.17739e-09 0.110276 -0.113391 -1.81878 -1.21812 -0.0411358 -2.86071 -1.00596 -0.0637201 0.107337 -0.146692 -4.00631 -0.598684 -0.514539 -0.867317 -5.29478 -2.86923 -0.609383 2.93909 -0.799194 -4.99272 -0.0992618 -2.3537 -1.39569 -0.712354 0.737469 -1.02867 -0.752578 -2.36828 0.670796
internal_weight=25349 12851 12498 508 476 11990 145 123 10983 8322 5931 72 2661 2611 1980 109 79 1871 95 1776 50 5859 181 161 1756 2391 1479 447 193 2364
internal_count=25349 12851 12498 508 476 11990 145 123 10983 8322 5931 72 2661 2611 1980 109 79 1871 95 1776 50 5859 181 161 1756 2391 1479 447 193 2364
is_linear=0
shrinkage=0.05


Tree=147
num_leaves=31
num_cat=0
split_feature=20 20 19 128 52 10 100 43 6 9 128 142 72 75 34 44 59 29 71 3 22 8 100 114 68 138 94 124 11 93
split_gain=129321 451394 887403 357214 385644 300276 441982 417074 383540 444940 367287 933752 574729 468880 397873 364725 546540 407510 346373 582381 720667 1.17634e+06 1.02991e+06 659703 645975 576168 383426 429555 375657 891640
threshold=1665.0130615234377 1638.0925292968752 549.97891235351574 -1431.7499999999998 -593.24999999999989 1665.5000000000002 -868.74999999999989 1941.7500000000002 -933.07351684570301 11.750000000000002 348.25000000000006 -191.24999999999997 1198.5000000000002 876.19470214843761 838.36065673828136 1568.2500000000002 1435.5000000000002 2358.5000000000005 1306.7500000000002 1315.5000000000002 879.25000000000011 826.25000000000011 1092.5000000000002 153.25000000000003 691.42440795898449 528.26266479492199 861.75000000000011 450.22442626953131 -1183.4799804687498 596.75000000000011
decision_type=2 2 2 2 2 2 2 2 2 2 2 2 2 2 2 2 2 2 2 2 2 2 2 2 2 2 2 2 2 2
left_child=1 5 -3 -2 -5 7 -7 18 -9 -10 13 12 -12 14 -8 -16 -17 -18 -1 20 25 22 23 -22 -23 -20 27 -21 29 -27
right_child=3 2 -4 4 -6 6 10 8 9 -11 11 -13 -14 -15 15 16 17 -19 19 26 21 24 -24 -25 -26 28 -28 -29 -30 -31
leaf_value=0.020639815954302667 -4.7043828024183005 -0.80496063577501398 -12.014229699839717 4.8215658431251853 0.30145398713641641 -7.6026051007784332 -7.0478942352792489 -4.2887967314409172 8.1753420782089243 1.7044148883429067 -15.158387062663124 0.31360906249000914 -3.315197446346283 5.547801505977457 0.83902788584431021 -10.277288665771486 -4.2133365757325114 4.2962440252304077 2.182443360679716 1.5692167503889216 -9.0248621928848731 -1.0457302750774793 -17.089806923658951 1.196935530062075 -9.8786422209306206 0.78392902242726292 3.6253819642158653 -7.1549814139093675 -0.33651163727045064 -11.967547604670891
leaf_weight=20616 35 76 23 48 2788 26 23 23 30 232 21 63 20 33 216 20 34 24 181 43 38 350 23 27 22 29 104 21 134 26
leaf_count=20616 35 76 23 48 2788 26 23 23 30 232 21 63 20 33 216 20 34 24 181 43 38 350 23 27 22 29 104 21 134 26
internal_value=-1.17845e-09 -0.040361 -3.40913 0.316 0.377958 -0.0254583 -1.26255 0.00165728 1.9019 2.44536 -0.899463 -3.50839 -9.38122 -0.124238 -0.714703 -0.219249 -3.14986 -0.692131 -0.0233992 -0.933126 -1.47653 -2.79789 -7.99651 -4.77888 -1.56811 0.166236 1.75156 -1.29341 -1.76463 -5.24404
internal_weight=25349 22478 99 2871 2836 22379 480 21899 285 262 454 104 41 350 317 294 78 58 21614 998 830 460 88 65 372 370 168 64 189 55
internal_count=25349 22478 99 2871 2836 22379 480 21899 285 262 454 104 41 350 317 294 78 58 21614 998 830 460 88 65 372 370 168 64 189 55
is_linear=0
shrinkage=0.05


Tree=148
num_leaves=31
num_cat=0
split_feature=135 142 140 47 35 141 70 34 136 0 35 47 105 133 112 23 54 64 57 93 78 57 24 13 144 9 40 130 32 0
split_gain=126884 348702 453258 349246 312865 598373 408221 271363 410506 309074 413363 284577 267547 693202 573918 587240 468175 414901 698358 380532 487895 368382 726477 286742 321629 320168 457911 279600 787920 483785
threshold=-625.24999999999989 -429.24999999999994 -67.749999999999986 1023.3112182617189 673.50000000000011 502.75000000000006 808.75000000000011 -3937.1789550781245 97.250000000000014 -3531.2499999999995 -2211.7499999999995 575.62823486328136 -990.74999999999989 -554.74999999999989 -1133.4999999999998 -2333.7499999999995 314.05484008789068 -682.24999999999989 -1518.2499999999998 -953.24999999999989 -730.74999999999989 -379.74999999999994 -430.74999999999994 -2194.1777343749995 -2250.2075195312495 378.75000000000006 621.82571411132824 -1726.3300170898435 -2584.4475097656245 1401.2500000000002
decision_type=2 2 2 2 2 2 2 2 2 2 2 2 2 2 2 2 2 2 2 2 2 2 2 2 2 2 2 2 2 2
left_child=1 2 12 4 -3 6 -6 8 -2 10 11 -9 13 14 16 -16 -1 18 -15 -14 -21 -17 -23 24 -18 26 -25 28 -22 -29
right_child=7 3 -4 -5 5 -7 -8 9 -10 -11 -12 -13 19 17 15 21 23 -19 -20 20 27 22 -24 25 -26 -27 -28 29 -30 -31
leaf_value=-6.5227129793167116 9.1608536505699174 1.2774067594905243 -5.7577956880841938 7.5764049482345586 -2.6013782078111678 -8.9907119898569032 2.799047619536303 -2.3821412420272829 -0.73670603253624656 -0.036632700110343461 1.9332759597084739 -10.816850376129151 1.9115002299498383 -1.5844026472080839 -8.4310479021072382 0.90677251268178238 0.91963808476170417 -0.39311837090386287 -13.688480110351856 -6.098999467040553 0.41390770392758508 -11.772787802219391 1.3939815981821582 1.6364096722432546 -5.1615255737304686 -3.3625165159052068 7.1436051406860361 1.5661724738099361 -7.9088149241912067 -1.7062927683697471
leaf_weight=20 20 878 35 20 71 21 69 20 22 22514 22 20 319 22 35 80 79 27 26 33 105 20 22 154 30 22 50 396 39 158
leaf_count=20 20 878 35 20 71 21 69 20 22 22514 22 20 319 22 35 80 79 27 26 33 105 20 22 154 30 22 50 396 39 158
internal_value=-5.4197e-10 0.321929 -0.127713 1.03184 0.905866 -1.1203 0.0602602 -0.0388711 3.97642 -0.0463411 -3.57174 -6.5995 -0.00733845 -0.862251 -0.204628 -2.72187 0.908629 -5.35162 -8.14078 0.470598 -0.158195 -1.08399 -4.87591 1.35229 -0.754077 2.36819 2.98621 0.122674 -1.84016 0.63287
internal_weight=25349 2731 1672 1059 1039 161 140 22618 42 22576 62 40 1637 587 512 157 355 75 48 1050 731 122 42 335 109 226 204 698 144 554
internal_count=25349 2731 1672 1059 1039 161 140 22618 42 22576 62 40 1637 587 512 157 355 75 48 1050 731 122 42 335 109 226 204 698 144 554
is_linear=0
shrinkage=0.05


Tree=149
num_leaves=31
num_cat=0
split_feature=134 135 135 136 16 73 97 107 127 128 94 31 17 45 1 134 64 78 58 16 99 63 45 14 120 36 141 84 141 141
split_gain=129195 348325 640891 1.39183e+06 449743 468415 667548 447233 648408 432037 1.22914e+06 882696 1.38005e+06 456189 374213 613535 548563 617401 547403 679250 389031 352400 536300 348712 344666 335593 396722 326672 338405 302455
threshold=356.75000000000006 66.750000000000014 87.250000000000014 360.25000000000006 -2231.4999999999995 -514.74999999999989 -1036.8432617187498 -1686.7499999999998 149.25000000000003 129.25000000000003 -324.74999999999994 -199.74999999999997 -1060.2499999999998 3943.2500000000005 2302.7500000000005 668.75000000000011 1131.2500000000002 1021.2500000000001 952.75000000000011 533.75000000000011 901.75000000000011 540.25000000000011 899.25000000000011 1440.2500000000002 -3.7499999999999996 266.75000000000006 341.25000000000006 -2107.4999999999995 183.75000000000003 388.75000000000006
decision_type=2 2 2 2 2 2 2 2 2 2 2 2 2 2 2 2 2 2 2 2 2 2 2 2 2 2 2 2 2 2
left_child=-1 4 3 25 5 7 -7 8 -2 13 11 12 -11 14 16 24 20 -18 19 -19 21 22 23 -6 -16 26 -3 -9 -29 -27
right_child=1 2 -4 -5 9 6 -8 27 -10 10 -12 -13 -14 -15 15 -17 17 18 -20 -21 -22 -23 -24 -25 -26 29 -28 28 -30 -31
leaf_value=-0.065978001254565599 0.90518807172775273 -1.3052837146365126 0.0013727901480810592 -13.290795149760587 1.1871348354044382 -12.404908494515853 -0.087626447460868145 6.8231041817438047 -10.619831063436425 -1.6134830474853517 0.44772870082541766 -0.42431813972752269 -19.130040116932083 -6.2485663890838623 -3.9505270502784038 8.3664228814713493 -9.3956538417122584 -10.805930483341218 1.4813564325924276 1.6705056715011599 4.2971559147867895 3.7994841278645035 -6.083283277794167 -5.4808195781707774 2.8020274731650283 -0.89784812586648133 -9.5992398489089243 -5.5168641763993289 1.4852944716811181 5.7110430986984921
leaf_weight=18894 26 46 3045 28 999 22 22 21 23 22 1255 41 23 20 22 47 22 24 108 20 108 114 27 20 134 70 21 22 80 23
leaf_count=18894 26 46 3045 28 999 22 22 21 23 22 1255 41 23 20 22 47 22 24 108 20 108 114 27 20 134 70 21 22 80 23
internal_value=-2.24289e-09 0.19312 -0.173549 -3.00673 0.561041 -1.64268 -6.24627 -0.46502 -4.50451 0.719392 0.0514653 -5.73122 -10.5664 1.25734 1.3486 3.35853 1.06565 -1.56695 -0.433853 -5.13482 1.42691 1.15968 0.871972 1.05626 1.84974 -1.20702 -3.90488 1.14421 -0.024975 0.736609
internal_weight=25349 6455 3233 188 3222 216 44 172 49 3006 1341 86 45 1665 1645 203 1442 174 152 44 1268 1160 1046 1019 156 160 67 123 102 93
internal_count=25349 6455 3233 188 3222 216 44 172 49 3006 1341 86 45 1665 1645 203 1442 174 152 44 1268 1160 1046 1019 156 160 67 123 102 93
is_linear=0
shrinkage=0.05


Tree=150
num_leaves=31
num_cat=0
split_feature=142 136 8 2 126 128 114 135 85 56 65 6 29 61 120 134 71 66 134 142 23 31 57 51 36 135 65 100 121 107
split_gain=126711 214532 263732 221519 175060 307982 351159 287026 254454 199709 513467 467701 160640 151038 140617 655074 465670 683071 1.26716e+06 835266 530518 595166 464119 499388 598922 434712 486678 458309 434336 722793
threshold=-12.249999999999998 2.2500000000000004 -1738.4999999999998 -1896.2499999999998 328.25000000000006 423.25000000000006 419.75000000000006 134.75000000000003 278.25000000000006 84.750000000000014 122.25000000000001 562.49426269531261 1553.0000000000002 371.80758666992193 72.250000000000014 1180.0000000000002 1405.0000000000002 1502.0000000000002 -25.749999999999996 -199.24999999999997 768.25000000000011 1619.2500000000002 -1631.9999999999998 -2488.4999999999995 -2204.7499999999995 -373.74999999999994 -1961.2499999999998 -1466.2499999999998 -501.24999999999994 -614.74999999999989
decision_type=2 2 2 2 2 2 2 2 2 2 2 2 2 2 2 2 2 2 2 2 2 2 2 2 2 2 2 2 2 2
left_child=14 -2 -3 -4 7 13 -7 9 -9 -5 11 -11 -8 -6 15 16 28 18 -18 -20 -19 -22 -16 24 -24 26 -25 -28 -1 -30
right_child=1 2 3 4 5 6 12 8 -10 10 -12 -13 -14 -15 22 -17 17 20 19 -21 21 -23 23 25 -26 -27 27 -29 29 -31
leaf_value=0.21259024177061925 5.3959051256594455 -5.1709228223562249 5.838546755760909 1.3162175268676766 1.3956425193584328 -6.5596009588241575 3.3589025100072227 0.10131147021339054 -7.5111948966979982 -9.4300487009542326 0.8577571675632939 -0.37035325313436579 -2.3199705290794372 4.7296151253155303 2.2453649078530296 -9.2054324007034296 0.50926738693600615 6.4411214300394066 -18.250660662029102 -4.9166208207607269 -9.1856053102584116 0.27230021178722386 0.58116140365600588 -6.6943143186115082 -11.655277433395387 -0.035792457474649715 7.0882206634680429 0.84448160621509438 -1.8390561115600903 -0.16370596332008469
leaf_weight=5222 23 20 20 241 66 20 33 21 23 28 132 29 20 70 243 20 42 25 23 24 21 80 20 21 20 12961 30 1447 783 3621
leaf_count=5222 23 20 20 241 66 20 33 21 23 28 132 29 20 70 243 20 42 25 23 24 21 80 20 21 20 12961 30 1447 783 3621
internal_value=-3.30155e-10 0.64198 0.490748 0.65182 0.499939 1.70544 -0.914351 -0.0316016 -3.87795 0.361979 -0.854802 -4.82073 1.21593 3.11166 -0.0194658 -0.16562 -0.147249 -2.44865 -5.80196 -11.4418 -0.0800449 -1.69419 0.0782978 0.0419782 -5.53706 0.0574123 0.863839 0.971301 -0.095846 -0.461571
internal_weight=25349 746 723 703 683 209 73 474 44 430 189 57 53 136 24603 9861 9841 215 89 47 126 101 14742 14499 40 14459 1498 1477 9626 4404
internal_count=25349 746 723 703 683 209 73 474 44 430 189 57 53 136 24603 9861 9841 215 89 47 126 101 14742 14499 40 14459 1498 1477 9626 4404
is_linear=0
shrinkage=0.05


Tree=151
num_leaves=31
num_cat=0
split_feature=43 37 140 33 78 57 64 57 45 45 140 56 50 71 100 105 115 85 19 133 66 127 141 93 116 15 29 44 21 8
split_gain=123768 604572 1.12996e+06 747960 1.15827e+06 587963 414103 838534 1.10757e+06 926522 561298 492603 782518 770708 959298 912440 723312 475353 469804 606439 544313 437663 503041 490593 390686 376809 644173 364407 357360 395331
threshold=-8.2499999999999982 -363.24999999999994 444.75000000000006 549.97891235351574 -211.24999999999997 10.250000000000002 -28.249999999999996 -543.24999999999989 -803.74999999999989 -1559.4999999999998 -623.49999999999989 -256.74999999999994 -80.749999999999986 -97.749999999999986 -343.74999999999994 -295.74999999999994 -39.249999999999993 1095.7500000000002 561.94091796875011 312.25000000000006 -257.74999999999994 -72.749999999999986 80.250000000000014 -325.74999999999994 2019.2750244140627 1022.2500000000001 214.25000000000003 -391.24999999999994 150.25000000000003 198.25000000000003
decision_type=2 2 2 2 2 2 2 2 2 2 2 2 2 2 2 2 2 2 2 2 2 2 2 2 2 2 2 2 2 2
left_child=1 6 3 27 -5 -2 25 8 9 -8 -9 12 13 14 15 -12 -14 18 20 -20 -15 22 23 -13 -23 -1 -27 -3 29 -29
right_child=5 2 -4 4 -6 -7 7 10 -10 -11 11 21 16 17 -16 -17 -18 -19 19 -21 -22 24 -24 -25 -26 26 -28 28 -30 -31
leaf_value=0.16169055902192736 1.0579863164370711 0.88287805411810716 -13.105920352935792 -16.343147344589234 -0.19969717192649841 -0.0097509617925251781 -11.187129545211793 6.3117309729258224 -14.890341827143795 1.6619333784630959 -4.4013575754846848 -1.7074463435581753 -12.203648250333725 -8.4364790309559208 2.8908311968264373 -17.789010472297669 -1.7157140793119159 -6.8255486982209348 5.2005968685150146 -4.0801312819771152 -0.41573036891732279 1.1701812887209819 0.33839516325129404 -11.562815906690515 -5.6184788530523129 -10.157751345634461 0.47773801122392928 -1.3089225123037895 0.80551748639831322 -4.8196219609064217
leaf_weight=8145 1430 242 20 20 25 13106 20 30 23 47 35 28 31 22 23 20 35 28 75 23 549 578 72 23 22 24 35 375 141 102
leaf_count=8145 1430 242 20 20 25 13106 20 30 23 47 35 28 31 22 23 20 35 28 75 23 549 578 72 23 22 24 35 375 141 102
internal_value=-9.22427e-10 -0.128098 -1.35047 -1.09068 -7.37456 0.0952892 -0.0137477 -0.727935 -5.42344 -2.17361 -0.462818 -0.592765 -1.41552 -0.97044 -5.68383 -9.26959 -6.64186 -0.442973 -0.17584 3.02247 -0.724761 0.364273 -2.35275 -6.15202 0.921264 0.13285 -3.84856 -0.761875 -1.40594 -2.05964
internal_weight=25349 10813 925 905 45 14536 9888 1684 90 67 1594 1564 841 775 78 55 66 697 669 98 571 723 123 51 600 8204 59 860 618 477
internal_count=25349 10813 925 905 45 14536 9888 1684 90 67 1594 1564 841 775 78 55 66 697 669 98 571 723 123 51 600 8204 59 860 618 477
is_linear=0
shrinkage=0.05


Tree=152
num_leaves=31
num_cat=0
split_feature=134 141 140 86 82 12 106 101 86 105 78 98 122 129 87 78 6 4 131 117 82 5 106 43 64 113 91 106 59 31
split_gain=123240 366334 705943 351737 780148 303359 252022 604333 1.26582e+06 559326 474105 641315 468389 785022 522622 390497 688814 370069 322585 518429 551113 394460 441847 530458 579671 534724 464312 308156 522095 828023
threshold=764.25000000000011 941.50000000000011 430.25000000000006 2311.7500000000005 572.29693603515636 257.26571655273443 1379.7500000000002 1172.7500000000002 706.75000000000011 740.25000000000011 1004.2500000000001 1078.5000000000002 780.50000000000011 578.25000000000011 1936.2500000000002 1868.0000000000002 3374.6171875000005 -5888.3049316406241 575.62823486328136 427.34854125976568 454.24804687500006 598.86972045898449 1803.2500000000002 1986.2500000000002 2600.7500000000005 1957.7500000000002 3003.0000000000005 296.25000000000006 -416.24999999999994 -982.24999999999989
decision_type=2 2 2 2 2 2 2 2 2 2 2 2 2 2 2 2 2 2 2 2 2 2 2 2 2 2 2 2 2 2
left_child=1 3 -3 -1 -5 -2 15 8 9 -8 -9 -12 14 -14 -13 16 17 -7 19 -15 -21 -20 -23 -24 -25 -26 -27 -19 29 -29
right_child=5 2 -4 4 -6 6 7 10 -10 -11 11 12 13 18 -16 -17 -18 27 21 20 -22 22 23 24 25 26 -28 28 -30 -31
leaf_value=-0.01157965234138014 -5.3067098348684931 0.38313570618629456 -11.591612377166749 -11.328074758432129 0.62308353980382281 -5.909056683778763 7.2684196364879616 4.8449525842299828 -11.55703009920461 -3.1602864089939331 -7.2593630107243854 1.3042823180075616 9.1807056285716868 2.2087030443880296 -7.4438619463067317 3.6398934708813493 -6.9935717722465256 2.8757506344359736 6.034803127688031 -9.0279521822929389 -1.1331293051086722 6.6973171850045521 -7.7383294414390225 8.1964373475029362 -7.9455721293176929 6.143947990124043 -3.7256038714538926 2.0345221967651295 1.0652151551324389 -6.5529215085701864
leaf_weight=23439 23 32 20 22 36 20 20 52 35 36 30 31 27 72 38 118 29 173 43 30 84 24 22 21 21 26 22 52 690 61
leaf_count=23439 23 32 20 22 36 20 20 52 35 36 30 31 27 72 38 118 29 173 43 30 84 24 22 21 21 26 22 52 690 61
internal_value=-7.96726e-10 -0.03048 -4.22254 -0.0212028 -3.91011 0.398763 0.47261 -0.3269 -4.09778 0.564251 0.305052 -0.175752 0.285221 0.953879 -3.51354 0.916083 0.602513 0.823684 0.34532 -1.11288 -3.21071 1.86054 0.540735 -0.778533 0.92275 -1.29098 1.6204 0.96165 0.549272 -2.60118
internal_weight=25349 23549 52 23497 58 1800 1777 634 91 56 543 491 461 392 69 1143 1025 996 365 186 114 179 136 112 90 69 48 976 803 113
internal_count=25349 23549 52 23497 58 1800 1777 634 91 56 543 491 461 392 69 1143 1025 996 365 186 114 179 136 112 90 69 48 976 803 113
is_linear=0
shrinkage=0.05


Tree=153
num_leaves=31
num_cat=0
split_feature=75 96 124 138 51 30 90 58 94 64 56 38 124 13 96 22 75 138 124 96 82 82 26 75 89 135 17 26 131 84
split_gain=124424 212642 270432 352386 280663 304664 363911 404093 534849 275774 343858 429065 237310 424862 328306 315253 305302 305050 391876 339857 437598 877395 852763 411519 512134 568902 1.16533e+06 382183 328485 336551
threshold=224.68847656250003 236.14805603027347 246.96434020996097 263.09043884277349 -35.749999999999993 -504.74999999999994 111.0316734313965 -156.24999999999997 47.750000000000007 -386.24999999999994 -159.74999999999997 -187.74999999999997 269.65675354003912 -1581.9704589843748 291.51284790039068 1330.2500000000002 315.35398864746099 340.76867675781256 365.70210266113287 415.44470214843756 345.93060302734381 348.37249755859381 364.75953674316412 438.97741699218756 427.43875122070318 -295.74999999999994 -389.74999999999994 513.88119506835949 442.53524780273443 -1313.2499999999998
decision_type=2 2 2 2 2 2 2 2 2 2 2 2 2 2 2 2 2 2 2 2 2 2 2 2 2 2 2 2 2 2
left_child=-1 -2 -3 4 5 -4 7 9 -9 -7 11 -11 13 -5 -14 -15 -16 -18 -19 20 -20 22 -22 -21 25 26 -25 28 29 -23
right_child=1 2 3 12 -6 6 -8 8 -10 10 -12 -13 14 15 16 -17 17 18 19 23 21 27 -24 24 -26 -27 -28 -29 -30 -31
leaf_value=0.54661590580493213 -0.99988477525629982 1.0081257809877648 -0.45724431313259944 -5.5466265408889113 -0.065574467995244523 2.5280983050664267 0.11412887532417089 -13.280511055576305 -2.3541265169779462 -2.6251864912181069 0.24845045141875746 -9.5743146730793853 -0.74753642848222257 1.6807338283250208 0.669640633676301 -4.7329198145866398 -0.55690776908408957 0.78281289634627627 1.453142548123852 0.83524203297020083 -1.7794657995988583 -3.2264830450589459 -15.199948639869689 0.97083550572395338 0.024037817188992765 -0.75534692388482216 -15.531635900424874 -7.2384950365339016 1.1121665045277214 -0.52159269500802596
leaf_weight=1000 544 647 237 23 460 21 73 24 21 58 40 36 1419 456 1754 20 2319 1665 277 1660 29 120 20 20 9224 82 23 21 297 2759
leaf_count=1000 544 647 237 23 460 21 73 24 21 58 40 36 1419 456 1754 20 2319 1665 277 1660 29 120 20 20 9224 82 23 21 297 2759
internal_value=-9.552e-10 -0.0224492 -0.000112523 -0.0282812 -0.96111 -1.76885 -2.90749 -4.01038 -8.18153 -2.79941 -3.63431 -5.28655 0.0124996 1.09055 -0.0123032 1.41125 0.0391668 -0.0205573 0.0562345 -0.027013 -0.454451 -0.617237 -7.25721 0.109772 -0.0190421 -3.19799 -7.85607 -0.515467 -0.471013 -0.634336
internal_weight=25349 24349 23805 23158 970 510 273 200 45 155 134 94 22188 499 21689 476 20270 18516 16197 14532 3523 3246 49 11009 9349 125 43 3197 3176 2879
internal_count=25349 24349 23805 23158 970 510 273 200 45 155 134 94 22188 499 21689 476 20270 18516 16197 14532 3523 3246 49 11009 9349 125 43 3197 3176 2879
is_linear=0
shrinkage=0.05


Tree=154
num_leaves=31
num_cat=0
split_feature=50 64 57 51 140 122 136 44 45 140 120 65 51 19 103 36 31 68 123 15 9 2 71 129 41 112 106 72 99 115
split_gain=120832 455717 449111 566948 415433 366913 1.1451e+06 341895 352047 325733 335160 324488 547858 565211 443446 432270 349153 325158 309325 323597 450406 660986 411892 394359 678416 342393 308685 279635 274913 352124
threshold=-1337.2499999999998 -1270.7499999999998 -1174.2499999999998 -2488.4999999999995 -580.74999999999989 -45.749999999999993 360.25000000000006 -1716.7499999999998 -1559.4999999999998 295.25000000000006 490.75000000000006 -1686.7499999999998 -1202.2499999999998 673.24798583984386 634.06787109375011 -670.74999999999989 -847.24999999999989 568.58972167968761 939.39248657226574 -510.74999999999994 -1317.2499999999998 -1494.2499999999998 -738.74999999999989 183.75000000000003 -2315.504760742187 150.75000000000003 140.25000000000003 -1690.7499999999998 -99.749999999999986 -135.74999999999997
decision_type=2 2 2 2 2 2 2 2 2 2 2 2 2 2 2 2 2 2 2 2 2 2 2 2 2 2 2 2 2 2
left_child=1 5 26 -4 -3 6 28 -5 -9 10 -7 12 14 15 17 -14 -16 27 19 20 21 23 -23 25 -25 -6 -2 -10 29 -1
right_child=2 4 3 7 18 9 -8 8 11 -11 -12 -13 13 -15 16 -17 -18 -19 -20 -21 -22 22 -24 24 -26 -27 -28 -29 -30 -31
leaf_value=-0.099727337059167059 0.91960889724694894 2.6489633200260307 -8.026270931417292 1.3461844427418965 -1.6246973714199209 2.3423243491984098 -12.138968138098718 -5.8382514490531046 2.7025373160839083 5.6626871399257501 -2.1290350103378297 0.00081874720391137074 -8.646059243679046 -12.597614927291872 8.2966074124626488 0.56861063344138019 -0.62063330241612036 -7.7439555776119242 3.152459560500251 -7.2877210440174229 2.7955472205172889 -3.7450500910932369 -13.659297815561295 -10.956712951947903 0.28275998306274414 4.4926081771850583 4.1205921497973774 -4.6202545832503921 3.0892068118315481 -5.903308017165573
leaf_weight=817 437 52 22 465 269 139 20 26 32 46 60 22397 20 20 23 35 21 20 27 31 44 22 20 29 25 25 91 22 65 27
leaf_count=817 437 52 22 465 269 139 20 26 32 46 60 22397 20 20 23 35 21 20 27 31 44 22 20 29 25 25 91 22 65 27
internal_value=-4.34436e-10 -0.404864 0.0294341 -0.00351843 -1.60117 0.149469 -0.304464 0.00412858 -0.023465 1.87071 0.994176 -0.0167724 -2.05817 -5.39963 0.0656369 -2.78218 4.04065 -2.29789 -2.05037 -2.35247 -1.99995 -2.54098 -8.46612 -1.82587 -5.75325 -1.10452 1.47129 -0.280822 -0.0440793 -0.285387
internal_weight=25349 1718 23631 23103 544 1174 929 23081 22616 245 199 22590 193 75 118 55 44 74 492 465 434 390 42 348 54 294 528 54 909 844
internal_count=25349 1718 23631 23103 544 1174 929 23081 22616 245 199 22590 193 75 118 55 44 74 492 465 434 390 42 348 54 294 528 54 909 844
is_linear=0
shrinkage=0.05


Tree=155
num_leaves=31
num_cat=0
split_feature=106 134 103 107 108 92 141 65 142 88 4 57 22 9 62 141 121 1 92 15 24 44 30 93 105 113 94 108 94 105
split_gain=119754 511633 424452 434365 455889 630032 539014 903319 585059 511350 685081 1.20812e+06 804325 1.50018e+06 506863 467834 396532 593104 369980 458699 481469 389722 705639 383073 793381 372907 362315 516364 506174 468370
threshold=996.25000000000011 1666.2500000000002 241.00416564941409 628.25000000000011 320.25000000000006 994.25000000000011 93.750000000000014 873.75000000000011 -354.24999999999994 -1861.1525268554685 693.33499145507824 1906.0000000000002 1110.5000000000002 1.0000000180025095e-35 721.74151611328136 319.25000000000006 203.25000000000003 2362.7500000000005 1244.2500000000002 2069.2500000000005 3166.5000000000005 2083.2500000000005 2790.0000000000005 825.25000000000011 469.25000000000006 1231.7500000000002 898.25000000000011 90.750000000000014 1326.5000000000002 701.25000000000011
decision_type=2 2 2 2 2 2 2 2 2 2 2 2 2 2 2 2 2 2 2 2 2 2 2 2 2 2 2 2 2 2
left_child=1 18 -2 4 -4 -6 7 -7 15 -10 11 14 13 -12 -11 -8 17 -14 21 -20 26 22 23 25 -25 -1 -21 -28 29 -29
right_child=2 -3 3 -5 5 6 8 -9 9 10 12 -13 16 -15 -16 -17 -18 -19 19 20 -22 -23 -24 24 -26 -27 27 28 -30 -31
leaf_value=0.0087984066940414007 -6.9160601258277898 -7.58086087920449 1.2658906246000721 0.13483981967750516 0.089207943155054467 -15.114742791134379 5.9617803982325963 -1.7416261775153026 4.0143555516782019 -7.7316972416800427 -0.20918717219911775 -15.89146135875157 0.6136835068665647 -18.009409250468018 0.66187168121337892 -2.993667603492737 2.2064867022560866 -9.9068739686693466 2.2379397345123007 0.9325897810751933 3.7099195739497315 2.4423270122307104 -9.3917227983474731 -11.09873827436696 -0.92600874146689538 3.4946545344668554 -11.246344425678254 -9.4121718039879436 4.570764856338501 0.62744932430131106
leaf_weight=21266 24 22 155 2183 285 23 35 28 23 37 29 28 37 20 35 25 82 21 402 57 46 164 20 23 115 77 20 26 20 21
leaf_count=21266 24 22 155 2183 285 23 35 28 23 37 29 28 37 20 35 25 82 21 402 57 46 164 20 23 115 77 20 26 20 21
internal_value=1.49567e-09 0.0403418 -0.292761 -0.240575 -1.1902 -1.72791 -2.95221 -7.77264 -2.29134 -3.16089 -3.73193 -7.07868 -1.96117 -7.47458 -3.65149 2.23034 -0.0314725 -3.19548 0.047875 1.2811 -0.743356 0.0141768 -0.00434404 0.00439613 -2.62146 0.0213745 -2.16593 -4.196 -2.09141 -4.92638
internal_weight=25349 22279 3070 3046 863 708 423 51 372 312 289 100 189 49 72 60 140 58 22257 592 190 21665 21501 21481 138 21343 144 87 67 47
internal_count=25349 22279 3070 3046 863 708 423 51 372 312 289 100 189 49 72 60 140 58 22257 592 190 21665 21501 21481 138 21343 144 87 67 47
is_linear=0
shrinkage=0.05


Tree=156
num_leaves=31
num_cat=0
split_feature=85 93 79 57 78 110 96 32 92 93 48 135 127 91 79 86 16 105 80 78 64 52 141 30 133 141 85 80 136 6
split_gain=117718 551485 480014 598893 506347 599156 1.20603e+06 519122 468086 563340 449858 431980 1.00531e+06 428187 662324 689296 570497 370221 437806 440966 548989 471939 418353 505454 904388 538121 446455 780079 442285 414302
threshold=-349.24999999999994 -1580.2499999999998 -420.74999999999994 1570.0000000000002 -175.24999999999997 335.76658630371099 339.56929016113287 -1264.5849609374998 1340.7500000000002 528.75000000000011 -2733.5197753906245 224.25000000000003 1178.5000000000002 -471.74999999999994 -764.74999999999989 -627.74999999999989 -745.99999999999989 407.75000000000006 320.25000000000006 -42.749999999999993 521.25000000000011 722.25000000000011 313.25000000000006 -69.249999999999986 205.25000000000003 755.25000000000011 -126.74999999999999 -554.74999999999989 174.25000000000003 1565.307067871094
decision_type=2 2 2 2 2 2 2 2 2 2 2 2 2 2 2 2 2 2 2 2 2 2 2 2 2 2 2 2 2 2
left_child=11 -2 3 8 5 -4 -7 -8 9 17 -6 12 13 -1 -15 16 -16 18 19 20 22 -22 29 25 -25 26 28 -28 -24 -3
right_child=1 2 4 -5 10 6 7 -9 -10 -11 -12 -13 -14 14 15 -17 -18 -19 -20 -21 21 -23 23 24 -26 -27 27 -29 -30 -31
leaf_value=-0.11205330759530829 5.2533397417442478 0.67619745182275648 -0.68136719213082242 -6.4792564670244861 -7.5276074600219731 -14.815777557373048 -8.6939207601547235 0.92393547575524515 6.4535444091348086 -7.4172445080497047 -0.023825613832275723 2.9287929198610674 -11.438604941368105 1.2820626976023808 -14.3285133600235 -2.0180799331203585 -3.6382218544299789 2.4411888527800332 -6.2600530723730721 1.5186495479178315 -8.0386504627562854 0.96402347044398395 -3.2524486097196736 -0.30802645811012819 -14.229141043126583 6.7736052305802064 -10.64152570592946 -1.085129260060228 2.6572914982354772 -3.5043030437875973
leaf_weight=5696 51 2084 234 30 20 25 20 47 34 22 15099 109 20 101 24 155 26 256 24 828 37 24 48 28 20 23 29 81 93 61
leaf_count=5696 51 2084 234 30 20 25 20 47 34 22 15099 109 20 101 24 155 26 256 24 828 37 24 48 28 20 23 29 81 93 61
internal_value=8.75714e-10 0.0608586 0.0470424 0.556756 -0.0757904 -2.02542 -5.444 -1.94707 0.613928 0.55965 -0.0337519 -0.190765 -0.24723 -0.209938 -2.032 -3.66478 -8.76956 0.607915 0.469064 0.517186 0.189176 -4.49661 0.305038 -1.37548 -6.10849 -0.546337 -1.21709 -3.60454 0.645465 0.557311
internal_weight=25349 19218 19167 3722 15445 326 92 67 3692 3658 15119 6131 6022 6002 306 205 50 3636 3380 3356 2528 61 2467 322 48 274 251 110 141 2145
internal_count=25349 19218 19167 3722 15445 326 92 67 3692 3658 15119 6131 6022 6002 306 205 50 3636 3380 3356 2528 61 2467 322 48 274 251 110 141 2145
is_linear=0
shrinkage=0.05


Tree=157
num_leaves=31
num_cat=0
split_feature=20 20 53 37 128 10 100 43 108 17 75 36 107 9 18 45 16 9 6 9 140 71 72 98 76 48 0 3 30 59
split_gain=118707 379288 822632 345037 655226 265278 401361 361703 349702 544041 502869 498285 461556 489160 728764 410428 402725 332766 332043 386751 317002 292319 519963 889025 482814 435820 431351 382350 628500 840803
threshold=1665.0130615234377 1638.0925292968752 1002.7724914550782 -221.24999999999997 -1431.7499999999998 1665.5000000000002 -868.74999999999989 1941.7500000000002 1030.2500000000002 2039.2500000000002 876.19470214843761 2562.2500000000005 549.75000000000011 1489.2500000000002 54.87249946594239 1742.5000000000002 1628.2500000000002 1858.5000000000002 -933.07351684570301 11.750000000000002 150.75000000000003 1306.7500000000002 646.25000000000011 1355.2500000000002 453.43395996093756 875.47094726562511 1146.2500000000002 1315.5000000000002 493.75000000000006 861.25000000000011
decision_type=2 2 2 2 2 2 2 2 2 2 2 2 2 2 2 2 2 2 2 2 2 2 2 2 2 2 2 2 2 2
left_child=1 5 -3 -2 -5 7 -7 21 10 15 12 -11 13 14 -8 -10 -16 -15 -9 -20 -19 -1 23 24 -23 -26 -27 28 -24 -30
right_child=3 2 -4 4 -6 6 8 18 9 11 -12 -13 -14 17 16 -17 -18 20 19 -21 -22 22 27 -25 25 26 -28 -29 29 -31
leaf_value=0.017600912111613701 3.0619649821738584 -12.185125381946564 -0.83339916652516477 -7.8640243186950691 0.26746593051425677 -7.2294615818903996 -13.383936634063723 -3.9900240193242613 -11.279130037625631 5.8437764285640288 6.4300781144036199 -4.9239007586524606 2.7877505646844707 0.88005765086884125 -6.5587809909473762 -2.2927218437194825 3.1214882682787168 -0.88114219771491165 7.6179354747136436 1.584954928208528 -8.7322146272659307 2.0362166879698633 0.79042493315079276 -12.209261376380921 -8.9056919297864354 4.1850066256523135 -6.1994860863685615 1.8836774733125869 -10.906952535189115 -1.5999023077435086
leaf_weight=20616 109 20 79 25 2737 26 20 23 27 22 27 21 75 139 22 24 21 36 30 232 20 48 312 25 31 20 20 152 26 364
leaf_count=20616 109 20 79 25 2737 26 20 23 27 22 27 21 75 139 22 24 21 36 30 232 20 48 312 25 31 20 20 152 26 364
internal_value=3.65211e-09 -0.0386693 -3.12668 0.302754 0.193864 -0.0250086 -1.18777 0.000477859 -0.841774 -3.55745 -0.13268 0.585143 -0.664795 -1.66844 -5.49874 -7.05023 -1.83121 -0.430961 1.77009 2.27575 -3.6851 -0.0228561 -0.85859 -3.63791 -1.83721 -4.45586 -1.00724 -0.389946 -0.88224 -2.22037
internal_weight=25349 22478 99 2871 2762 22379 480 21899 454 94 360 43 333 258 63 51 43 195 285 262 56 21614 998 144 119 71 40 854 702 390
internal_count=25349 22478 99 2871 2762 22379 480 21899 454 94 360 43 333 258 63 51 43 195 285 262 56 21614 998 144 119 71 40 854 702 390
is_linear=0
shrinkage=0.05


Tree=158
num_leaves=31
num_cat=0
split_feature=134 141 121 33 50 58 107 41 11 28 113 70 0 3 116 0 13 141 127 103 117 117 116 41 22 43 115 133 100 129
split_gain=116862 376166 431544 740669 628606 782554 610398 912644 1.83273e+06 1.01411e+06 1.46422e+06 567861 555227 443960 589302 503876 1.03881e+06 438969 702408 382029 455811 397039 366952 472658 504415 501494 357583 358799 416892 349445
threshold=183.25000000000003 222.25000000000003 -859.74999999999989 360.80081176757818 664.25000000000011 171.75000000000003 -123.74999999999999 -743.88790893554676 -1703.712463378906 -558.74999999999989 -117.74999999999999 31.750000000000004 -792.74999999999989 1707.7500000000002 3223.242553710938 2569.0000000000005 1912.2354736328127 344.75000000000006 85.250000000000014 292.71694946289068 269.65957641601568 285.87725830078131 1749.767517089844 549.75521850585949 442.75000000000006 -196.24999999999997 -572.24999999999989 -1640.7499999999998 -1799.2499999999998 -56.749999999999993
decision_type=2 2 2 2 2 2 2 2 2 2 2 2 2 2 2 2 2 2 2 2 2 2 2 2 2 2 2 2 2 2
left_child=1 -1 26 19 5 6 7 12 -9 10 -10 -8 17 -6 15 16 -15 -5 -19 20 -4 -22 23 24 25 -11 27 -3 -29 -2
right_child=29 2 3 4 13 -7 11 8 9 22 -12 -13 -14 14 -16 -17 -18 18 -20 -21 21 -23 -24 -25 -26 -27 -28 28 -30 -31
leaf_value=-0.0020966283370008961 0.79676442587643737 -4.7548091374124803 0.82478160059286487 -0.88233462661504758 1.5318554333433874 -11.674119931221009 3.4542867294256241 -20.207515926361083 -2.2110729155717075 0.82867067909240721 -19.003849365234377 -4.3646752888815739 3.9949780016410643 -1.5712469754219056 3.1176939547061924 -0.15882267951965334 -16.859540789127351 -11.015100191347301 0.049020696603334871 1.8455549293034303 -10.843344957828522 -1.4728213941821686 1.670224193822254 -9.9235291312138258 4.9344606995582581 -8.8347449039590771 5.1568191377740158 3.2660199944002954 -0.48039800273629774 0.0063052321534965913
leaf_weight=11984 1623 35 72 140 164 25 69 20 27 25 25 35 41 25 32 32 20 32 26 228 20 26 44 24 20 29 38 102 273 10093
leaf_count=11984 1623 35 72 140 164 25 69 20 27 25 25 35 41 25 32 32 20 32 26 228 20 26 44 24 20 29 38 102 273 10093
internal_value=2.00748e-09 -0.0995223 -0.807557 -1.30157 -2.09146 -3.01999 -2.63156 -3.42464 -5.79636 -4.31068 -10.2845 0.822905 -1.30101 -0.111955 -2.58521 -4.95525 -8.36604 -2.39765 -6.05532 0.650319 -1.65912 -5.54696 -2.12307 -3.82619 -1.84867 -4.36094 0.5168 0.0867489 0.538628 0.115806
internal_weight=25349 13633 1649 1201 855 582 557 453 214 194 52 104 239 273 109 77 45 198 58 346 118 46 142 98 74 54 448 410 375 11716
internal_count=25349 13633 1649 1201 855 582 557 453 214 194 52 104 239 273 109 77 45 198 58 346 118 46 142 98 74 54 448 410 375 11716
is_linear=0
shrinkage=0.05


Tree=159
num_leaves=31
num_cat=0
split_feature=128 31 58 69 142 79 65 24 116 15 141 19 65 34 55 5 3 79 22 78 135 43 106 83 43 44 50 37 4 16
split_gain=116107 230826 381225 190273 821469 600647 362987 276191 179718 289719 644387 232570 228667 226607 442420 214580 185794 408253 403546 383305 356382 336587 316023 260087 1.06986e+06 381977 486946 676916 463685 429316
threshold=1420.7500000000002 1329.5000000000002 2002.7500000000002 4203.1918945312509 -173.74999999999997 1645.7500000000002 3199.2500000000005 4357.7500000000009 6440.6525878906259 4164.2500000000009 598.25000000000011 602.34585571289074 1839.7500000000002 3877.294555664063 3295.389526367188 536.41339111328136 3016.5000000000005 -53.749999999999993 3723.0000000000005 3649.2500000000005 -474.74999999999994 1705.7500000000002 1990.2500000000002 2148.1960449218755 1856.2500000000002 1386.0000000000002 2601.7500000000005 2069.7500000000005 4462.6198730468759 2373.2500000000005
decision_type=2 2 2 2 2 2 2 2 2 2 2 2 2 2 2 2 2 2 2 2 2 2 2 2 2 2 2 2 2 2
left_child=3 -2 -3 7 5 -5 -7 8 9 13 11 -11 -10 14 16 -16 18 -18 19 23 -19 -22 -23 -1 -25 -26 27 28 -27 -29
right_child=1 2 -4 4 -6 6 -8 -9 12 10 -12 -13 -14 -15 15 -17 17 20 -20 -21 21 22 -24 24 25 26 -28 29 -30 -31
leaf_value=-6.997306933765514e-05 5.6580226898193366 -3.4061138507298061 4.207974865936464 -6.2242047396573161 -10.451555453176084 -1.0806041014194487 8.0399504661560055 4.8783610080850544 6.6258046958757495 3.5753282712853478 -10.550323780306748 -3.5351306376249898 -0.68436034321784978 -3.9107728165549207 1.1586506768635341 6.6567008574803666 5.896034090693405 -5.1569351692199712 -6.2462297091117271 6.7384520780472528 -4.8170709155854725 2.7712677794067488 -3.0092260004952553 -12.316526331220356 5.6886816929687152 2.0066289988328827 0.53171020719740125 -13.263802790641785 -6.6283789352937177 -3.9301207542419436
leaf_weight=24258 27 35 31 22 23 20 24 29 23 23 21 23 20 37 35 36 41 25 26 21 21 152 28 21 22 53 180 22 22 28
leaf_count=24258 27 35 31 22 23 20 24 29 23 23 21 23 20 37 35 36 41 25 26 21 21 152 28 21 22 53 180 22 22 28
internal_value=-6.8231e-10 1.76344 0.170201 -0.0064935 -2.31429 0.521428 3.89424 0.00166773 -0.00395818 -0.00949221 -3.29302 0.0200988 3.22573 -0.000702207 0.00508678 3.94639 -0.00614247 1.30573 -0.0203505 -0.0137775 0.472976 1.17321 1.87208 -0.0195402 -1.37675 -0.674193 -1.13315 -3.53056 -0.526307 -8.03694
internal_weight=25349 93 66 25256 89 66 44 25167 25138 25095 67 46 43 25028 24991 71 24920 267 24653 24627 226 201 180 24606 348 327 305 125 75 50
internal_count=25349 93 66 25256 89 66 44 25167 25138 25095 67 46 43 25028 24991 71 24920 267 24653 24627 226 201 180 24606 348 327 305 125 75 50
is_linear=0
shrinkage=0.05


Tree=160
num_leaves=31
num_cat=0
split_feature=33 12 128 123 134 82 120 26 103 106 145 92 142 129 43 36 56 30 83 135 42 9 141 25 9 65 70 92 5 84
split_gain=114144 344374 692779 413425 336640 299623 257825 329855 215095 204984 190365 182066 175921 192886 173982 159424 763527 554494 1.47797e+06 652168 692297 536437 545260 980342 687910 476454 513141 729690 1.05519e+06 470699
threshold=252.31411743164065 260.41111755371099 -699.74999999999989 1951.7724609375002 24.750000000000004 304.60804748535162 -94.749999999999986 268.26760864257818 272.26295471191412 1033.7500000000002 250.36608886718753 -1234.4999999999998 -171.74999999999997 -133.74999999999997 1185.2500000000002 155.25000000000003 192.25000000000003 -59.249999999999993 -376.56939697265619 -178.74999999999997 50.750000000000007 -33.749999999999993 222.25000000000003 -1786.3300170898435 -1.0000000180025095e-35 -1.0000000180025095e-35 340.25000000000006 1079.7500000000002 558.17407226562511 38.250000000000007
decision_type=2 2 2 2 2 2 2 2 2 2 2 2 2 2 2 2 2 2 2 2 2 2 2 2 2 2 2 2 2 2
left_child=8 2 -2 4 5 6 7 -4 9 11 -10 -1 13 -8 -6 17 -17 21 -19 -20 -21 -3 -23 -24 -25 26 29 28 -28 -18
right_child=1 15 3 -5 14 -7 12 -9 10 -11 -12 -13 -14 -15 -16 16 25 18 19 20 -22 22 23 24 -26 -27 27 -29 -30 -31
leaf_value=-4.5723580479621893 -10.257036945475265 0.015455180184889295 -9.1817959431445964 -7.0223978311181643 0.29930579962174586 1.8766668674349785 -0.75449407554808123 -2.0572643756866458 -3.2762290422405513 -4.2190864739594636 1.6082687865474714 0.22562927441255778 0.062018305063247681 -7.5313146352767948 -3.563367776716909 0.86830999611621662 -1.5870655602532877 -15.395925013224284 3.3514755819358082 -1.3147273406590501 -11.432971334457399 -0.44101970274263008 -13.524419247536432 -11.164444913864138 -1.4932722781703138 0.046930921772302979 -2.9078167398770649 3.4786474359035497 -16.634676352001375 0.61943733840316684
leaf_weight=20 20 9819 33 26 489 35 21 32 21 27 398 1734 61 21 31 2700 641 21 51 73 22 598 21 20 228 7715 42 20 21 388
leaf_count=20 20 9819 33 26 489 35 21 32 21 27 398 1734 61 21 31 2700 641 21 51 73 22 598 21 20 228 7715 42 20 21 388
internal_value=1.67127e-10 -0.0327085 -1.07307 -0.827842 -0.605078 -2.33186 -3.20863 -5.67433 0.344168 0.104368 1.36346 0.17092 -1.65261 -4.1429 0.069031 0.00303956 0.132529 -0.134491 -2.99335 -1.20942 -3.6579 -0.0898131 -1.282 -3.15155 -2.27321 -0.0925319 -1.06012 -4.84197 -7.48344 -0.75507
internal_weight=25349 23149 769 749 723 203 168 65 2200 1781 419 1754 103 42 520 22380 11527 10853 167 146 95 10686 867 269 248 8827 1112 83 63 1029
internal_count=25349 23149 769 749 723 203 168 65 2200 1781 419 1754 103 42 520 22380 11527 10853 167 146 95 10686 867 269 248 8827 1112 83 63 1029
is_linear=0
shrinkage=0.05


Tree=161
num_leaves=31
num_cat=0
split_feature=134 130 6 22 144 23 85 142 57 109 138 130 36 94 118 133 122 131 68 131 54 50 136 136 125 128 115 124 134 33
split_gain=113359 303609 940440 709143 712895 681749 1.03255e+06 489880 1.70289e+06 485156 400935 470553 571946 1.11976e+06 555717 414510 544480 381054 651299 556411 451002 374972 337781 334778 323480 312833 369865 357407 308560 538789
threshold=356.75000000000006 514.03250122070324 -746.99148559570301 1892.7500000000002 435.19749450683599 1394.0000000000002 866.75000000000011 -555.24999999999989 -86.249999999999986 535.05999755859386 1080.143493652344 3419.0000000000005 2191.0000000000005 1638.5000000000002 3047.8090820312505 660.50000000000011 1520.7500000000002 789.40969848632824 725.27545166015636 682.37133789062511 682.37133789062511 -359.74999999999994 594.25000000000011 48.250000000000007 1402.283142089844 148.25000000000003 490.25000000000006 594.56900024414074 1083.5000000000002 702.00830078125011
decision_type=2 2 2 2 2 2 2 2 2 2 2 2 2 2 2 2 2 2 2 2 2 2 2 2 2 2 2 2 2 2
left_child=-1 3 21 7 5 -5 -7 8 -2 25 11 17 13 22 -14 -16 -17 18 20 -20 -4 -3 -13 -8 -22 26 -9 -28 29 -27
right_child=1 2 10 4 -6 6 23 9 -10 -11 -12 12 14 -15 15 16 -18 -19 19 -21 24 -23 -24 -25 -26 28 27 -29 -30 -31
leaf_value=-0.061802183162306679 -12.523404427245261 -2.2228633284568788 0.72106065615968451 -8.336787100399242 -12.170186647772789 -10.018752336502075 -3.5280756859552294 0.4333160844941934 3.5467783640412729 -6.8287262649536133 4.5928315958451655 -0.12108318092776281 1.5747876428788707 -12.260629239575616 -9.7281614446640035 4.674939329744805 -6.8523795843124393 3.4781225224956871 -10.698193130493165 -1.4078331310346903 6.4894385235062959 -10.987162017822266 -6.8288639628368877 3.6467925354838373 -0.7529804649807158 -0.38818195697491875 1.6117336745532054 7.2635478935743638 1.7656191167624102 -6.5817130618625219
leaf_weight=18894 32 26 2265 34 20 22 21 1308 34 25 63 102 217 29 20 21 20 128 20 83 58 23 23 72 21 1427 106 38 161 36
leaf_count=18894 32 26 2265 34 20 22 21 1308 34 25 63 102 217 29 20 21 20 128 20 83 58 23 23 72 21 1427 106 38 161 36
internal_value=2.63604e-09 0.180897 0.535534 -0.150672 -3.30644 -2.11667 -0.277679 0.0177287 -4.24483 0.108451 0.645222 0.562515 -0.964539 -3.40891 0.389539 -3.82684 -0.948143 0.818704 0.679593 -3.21179 0.850588 -6.33672 -1.35531 2.02666 4.56424 0.164832 0.698096 3.10318 -0.311954 -0.540586
internal_weight=25349 6455 3119 3336 169 149 115 3167 66 3101 3070 3007 432 154 278 61 41 2575 2447 103 2344 49 125 93 79 3076 1452 144 1624 1463
internal_count=25349 6455 3119 3336 169 149 115 3167 66 3101 3070 3007 432 154 278 61 41 2575 2447 103 2344 49 125 93 79 3076 1452 144 1624 1463
is_linear=0
shrinkage=0.05


Tree=162
num_leaves=31
num_cat=0
split_feature=106 43 120 15 51 59 15 43 107 78 79 71 57 45 15 15 128 9 34 115 106 138 117 78 2 113 138 100 107 93
split_gain=115006 412899 457812 449804 435137 564867 399470 604469 398097 426495 547025 517594 722729 597202 826493 1.21702e+06 497573 493646 676512 597141 564930 466429 993238 463886 1.29122e+06 425187 444061 424688 790051 547340
threshold=158.75000000000003 482.75000000000006 -11.749999999999998 1483.2500000000002 -8.7499999999999982 -287.24999999999994 1914.7500000000002 1079.2500000000002 -4.2499999999999991 292.25000000000006 -379.24999999999994 773.50000000000011 130.75000000000003 -246.74999999999997 46.750000000000007 -210.74999999999997 -799.24999999999989 -182.24999999999997 -211.99371337890622 -451.74999999999994 358.25000000000006 348.22555541992193 375.71362304687506 -175.24999999999997 -256.24999999999994 925.25000000000011 356.94404602050787 -114.74999999999999 -468.24999999999994 -433.74999999999994
decision_type=2 2 2 2 2 2 2 2 2 2 2 2 2 2 2 2 2 2 2 2 2 2 2 2 2 2 2 2 2 2
left_child=1 3 4 -1 -3 -6 -7 -8 9 10 21 16 -13 -14 15 -15 -11 -16 -19 20 -20 -2 -23 24 -12 26 -18 29 -29 -25
right_child=8 2 -4 -5 5 6 7 -9 -10 11 23 12 13 14 17 -17 25 18 19 -21 -22 22 -24 27 -26 -27 -28 28 -30 -31
leaf_value=0.0028343491591934361 1.7871907225402268 1.9014007795917784 1.4200895591514968 -3.6932888404432549 -8.4284930836070675 0.17846101827856165 -9.9482741177082072 -1.2677117666260143 0.075987577919766014 8.2801033561879933 -16.190352513790131 -9.2264807834625255 6.7161384653162077 -0.31276569111006602 4.1251413449374112 -16.235874522299994 -0.48345685367502517 -9.8576500797271738 -0.25063690517259685 -0.1224476676410849 -11.108745638847353 -8.5951005182205105 -0.44861873680165482 -4.4855248952840832 1.7764432668685914 -6.3617096174330943 1.7782000902936492 -12.314145597957429 -2.356363167411597 0.14157135283693353
leaf_weight=9950 217 236 1149 83 22 706 24 122 9183 22 20 25 27 28 55 21 372 20 23 636 25 39 921 77 20 21 521 21 387 376
leaf_count=9950 217 236 1149 83 22 706 24 122 9183 22 20 25 27 28 55 21 372 20 23 636 25 39 921 77 20 21 521 21 387 376
internal_value=6.30321e-10 0.109764 0.720478 -0.0277426 -0.00371369 -0.518138 -0.31388 -2.69465 -0.103333 -0.528398 -1.01613 0.0359106 -0.849613 -0.598809 -0.843244 -7.13696 0.849533 -0.43693 -0.793342 -0.528304 -5.9059 -0.306344 -0.77957 -1.94333 -7.20695 0.670679 0.836054 -1.6988 -2.8689 -0.644933
internal_weight=25349 12292 2259 10033 1110 874 852 146 13057 3874 2078 1796 860 835 808 49 936 759 704 684 48 1177 960 901 40 914 893 861 408 453
internal_count=25349 12292 2259 10033 1110 874 852 146 13057 3874 2078 1796 860 835 808 49 936 759 704 684 48 1177 960 901 40 914 893 861 408 453
is_linear=0
shrinkage=0.05


Tree=163
num_leaves=31
num_cat=0
split_feature=142 136 8 2 126 128 114 135 121 56 65 4 29 124 135 100 106 117 113 134 112 75 100 5 50 72 45 141 4 5
split_gain=112880 189408 236968 196100 156327 271318 309682 247777 228011 178030 446088 306442 145248 134055 126650 354630 805279 605938 364584 369983 332861 808899 787066 453477 383753 407228 410711 321185 396107 347817
threshold=-12.249999999999998 2.2500000000000004 -1738.4999999999998 -1896.2499999999998 328.25000000000006 423.25000000000006 419.75000000000006 134.75000000000003 20.750000000000004 84.750000000000014 63.250000000000007 492.54750061035162 1553.0000000000002 370.55818176269537 -600.24999999999989 1092.5000000000002 1458.0000000000002 841.86529541015636 688.25000000000011 719.75000000000011 -78.749999999999986 738.81893920898449 -294.24999999999994 1080.143493652344 -1864.7499999999998 -2157.9999999999995 -2504.9999999999995 303.75000000000006 -2035.5599975585935 507.17504882812506
decision_type=2 2 2 2 2 2 2 2 2 2 2 2 2 2 2 2 2 2 2 2 2 2 2 2 2 2 2 2 2 2
left_child=14 -2 -3 -4 7 13 -7 9 -9 -5 11 -11 -8 -6 15 16 18 -17 19 20 23 27 -23 24 25 -1 -27 28 29 -22
right_child=1 2 3 4 5 6 12 8 -10 10 -12 -13 -14 -15 -16 17 -18 -19 -20 -21 21 22 -24 -25 -26 26 -28 -29 -30 -31
leaf_value=-0.24285755141361343 5.0728111080501392 -4.9028878939151772 5.4965801107883454 1.2379526702385721 1.3857781803262408 -6.1475131940841683 3.1921172900633383 -7.0416791646376895 0.16443474179222473 -9.2086829434270445 0.52626031581697796 -0.85464164643060592 -2.2078406162559987 4.5256984112867675 -0.060059628623961497 -0.19521349157605852 -8.2187680417937905 11.199695668220521 3.2374835056417126 -5.9876584380865099 -8.5329112076759355 -14.471138275237312 -1.9343399417015814 6.3533758638426665 0.57992851696285641 -9.5535111356664597 -1.6853902281716815 -4.9737621053059904 1.660531730094605 0.31348615264892582
leaf_weight=185 23 20 20 241 69 20 33 23 21 23 145 21 20 67 21676 28 28 20 102 24 20 21 31 32 2142 27 43 30 169 25
leaf_count=185 23 20 20 241 69 20 33 23 21 23 145 21 20 67 21676 28 28 20 102 24 20 21 31 32 2142 27 43 30 169 25
internal_value=2.12519e-09 0.60593 0.46383 0.61651 0.473609 1.61279 -0.846126 -0.0286885 -3.6024 0.336993 -0.811849 -5.22153 1.1544 2.93265 -0.0183727 0.290341 0.219278 4.55267 0.302149 0.193235 0.247672 -1.33535 -6.99728 0.44058 0.361644 -1.47194 -4.72024 -0.128705 0.550508 -3.61825
internal_weight=25349 746 723 703 683 209 73 474 44 430 189 44 53 136 24603 2927 2879 48 2851 2749 2725 296 52 2429 2397 255 70 244 214 45
internal_count=25349 746 723 703 683 209 73 474 44 430 189 44 53 136 24603 2927 2879 48 2851 2749 2725 296 52 2429 2397 255 70 244 214 45
is_linear=0
shrinkage=0.05


Tree=164
num_leaves=31
num_cat=0
split_feature=44 36 65 29 15 125 60 0 135 107 135 113 43 120 122 127 4 31 34 44 115 85 107 106 134 34 58 6 117 106
split_gain=112862 710935 717707 562183 453389 441400 403582 561186 479940 448156 589008 958955 434910 497323 429921 560524 519688 651037 371640 324850 318962 312740 328457 327240 623410 393226 447956 300967 620921 298211
threshold=-1119.7499999999998 -891.24999999999989 -1266.2499999999998 247.25000000000003 778.25000000000011 -405.06155395507807 52.202499389648445 -3004.9999999999995 -744.74999999999989 -719.74999999999989 -168.24999999999997 64.250000000000014 -1160.2499999999998 803.25000000000011 -991.49999999999989 146.25000000000003 847.07250976562511 -1359.7499999999998 -1197.621398925781 -1716.7499999999998 -513.74999999999989 760.25000000000011 -282.24999999999994 158.75000000000003 93.250000000000014 -2607.295043945312 -1874.7499999999998 -933.07351684570301 611.96658325195324 1015.2500000000001
decision_type=2 2 2 2 2 2 2 2 2 2 2 2 2 2 2 2 2 2 2 2 2 2 2 2 2 2 2 2 2 2
left_child=3 2 -2 4 6 -4 12 -8 20 10 11 14 13 21 -10 16 -16 -18 -12 -14 -9 22 23 -1 -25 -26 -27 28 -11 -21
right_child=1 -3 5 -5 -6 -7 7 8 9 27 18 -13 19 -15 15 -17 17 -19 -20 29 -22 -23 -24 24 25 26 -28 -29 -30 -31
leaf_value=-0.21557502510230134 -10.911520929519947 -0.024368567980049199 -0.63102105165521305 4.4831795562254753 -7.363609483242036 -7.9341554431915284 -8.1897502307891852 0.59227402472895563 -8.9341366026401516 -8.3091815455206515 -5.2370062490304319 -13.148121839303238 2.9376287103330019 4.2622729225549847 2.7641490982424828 -8.6943139381408692 -10.875075644538517 -0.13471128219781922 1.7574467504745002 0.82358504173793112 5.7132648889835069 -5.8868478695551554 1.4872966173202244 -8.426015345255534 5.5795878601074227 -8.3611287099974501 0.87602274128368929 0.75421586614852654 2.4434830224514013 -5.1751246089027045
leaf_weight=1698 26 20317 120 76 20 25 25 138 25 29 24 26 189 64 62 25 21 43 91 1543 39 24 268 36 20 21 35 273 25 21
leaf_count=1698 26 20317 120 76 20 25 25 138 25 29 24 26 189 64 62 25 21 43 91 1543 39 24 268 36 20 21 35 273 25 21
internal_value=1.02918e-09 -0.0513897 -3.26185 0.216596 0.14883 -1.89018 0.180362 -0.81003 -0.585313 -1.21909 -2.55872 -4.18492 0.394159 -0.0796941 -2.86081 -1.8553 -0.498349 -3.65889 0.297735 0.97965 1.72063 -0.211895 -0.146352 -0.38824 -3.00596 -0.438568 -2.58791 0.0795772 -3.3311 0.74304
internal_weight=25349 20488 171 4861 4785 145 4765 846 821 644 317 202 3919 2166 176 151 126 64 115 1753 177 2102 2078 1810 112 76 56 327 54 1564
internal_count=25349 20488 171 4861 4785 145 4765 846 821 644 317 202 3919 2166 176 151 126 64 115 1753 177 2102 2078 1810 112 76 56 327 54 1564
is_linear=0
shrinkage=0.05


Tree=165
num_leaves=31
num_cat=0
split_feature=86 107 145 85 80 24 134 141 16 30 9 85 73 99 124 118 3 106 4 15 14 144 64 73 3 66 4 22 84 126
split_gain=111299 403623 439894 367511 316165 354103 319773 394127 312562 694303 473635 445742 606106 416851 411269 792559 374728 486302 320228 307711 491170 621190 328060 393370 303801 402890 697391 431378 333760 873460
threshold=762.25000000000011 -754.24999999999989 1080.143493652344 960.25000000000011 918.50000000000011 706.25000000000011 1136.2500000000002 439.25000000000006 1.0000000180025095e-35 300.75000000000006 169.25000000000003 1135.0000000000002 1110.5000000000002 1439.2500000000002 983.12179565429699 2376.7673339843755 464.75000000000006 1316.2500000000002 -1171.9150390624998 764.25000000000011 676.50000000000011 1137.4600219726565 598.75000000000011 612.75000000000011 2776.2500000000005 1593.7500000000002 -192.3649978637695 1789.7500000000002 892.25000000000011 -9.7499999999999982
decision_type=2 2 2 2 2 2 2 2 2 2 2 2 2 2 2 2 2 2 2 2 2 2 2 2 2 2 2 2 2 2
left_child=4 -2 3 -3 24 -6 7 -7 9 11 -10 -5 -13 -11 16 -16 17 -12 -14 -18 21 -21 -22 -24 25 28 -27 -28 -1 -30
right_child=1 2 -4 8 5 6 -8 -9 10 13 14 12 18 -15 15 -17 19 -19 -20 20 22 -23 23 -25 -26 26 27 -29 29 -31
leaf_value=0.013505313209274625 -7.1992508842831571 -5.1368226467034752 4.8997876330119814 -6.1687714313918898 2.7719478801582702 0.047720583919289843 -5.427467806442924 4.5385555835706848 2.828475019716679 -2.937680212656657 -0.96083080712705859 3.0991446019201492 -7.9985047533398586 -13.023878402709961 -11.835564476793463 0.7496472095621044 3.3770298539675196 -9.0698409362481183 -1.0953868472150394 -7.2916244666762653 -5.9115041831265325 2.4944291524589062 6.901502441224598 0.023312053822889561 1.8362946964268172 -11.208935210818337 2.3961633465025161 -4.418020429182798 -11.975457125618345 -0.2007171602476211
leaf_weight=21371 21 39 41 33 216 383 23 56 133 21 64 91 21 20 22 29 65 26 84 50 23 24 21 2050 224 21 45 48 21 63
leaf_count=21371 21 39 41 33 216 383 23 56 133 21 64 91 21 20 22 29 65 26 84 50 23 24 21 2050 224 21 45 48 21 63
internal_value=-1.61966e-09 -0.292753 -0.241987 -0.31685 0.0374946 1.1008 0.31949 0.620583 -0.249158 -1.86555 -0.0750761 -0.7927 0.112454 -7.85778 -0.237743 -4.67927 -0.140233 -3.30343 -2.47601 -0.0127413 -0.114372 -4.11777 0.0271044 0.0930571 0.00441412 -0.0146105 -2.97917 -1.12083 0.00114156 -3.1444
internal_weight=25349 2878 2857 2816 22471 678 462 439 2777 270 2507 229 196 41 2374 51 2323 90 105 2233 2168 74 2094 2071 21793 21569 114 93 21455 84
internal_count=25349 2878 2857 2816 22471 678 462 439 2777 270 2507 229 196 41 2374 51 2323 90 105 2233 2168 74 2094 2071 21793 21569 114 93 21455 84
is_linear=0
shrinkage=0.05


Tree=166
num_leaves=31
num_cat=0
split_feature=145 124 47 105 141 114 26 121 114 100 54 145 64 54 129 141 115 119 134 133 134 46 117 96 61 1 145 50 78 77
split_gain=109490 451879 713033 443104 414024 1.23928e+06 413826 394783 654782 392815 383667 906300 364495 357700 324003 547809 633079 506790 759186 747635 483994 467954 437115 770663 500300 433169 869036 556268 422107 1.32717e+06
threshold=617.03479003906261 639.42663574218761 682.37133789062511 2209.5000000000005 941.50000000000011 173.25000000000003 713.34976196289074 -125.74999999999999 -478.74999999999994 207.75000000000003 682.37133789062511 702.00830078125011 900.75000000000011 754.00469970703136 -15.749999999999998 527.25000000000011 168.25000000000003 -207.74999999999997 144.75000000000003 -339.74999999999994 747.75000000000011 5764.2026367187509 673.24798583984386 713.34976196289074 738.81893920898449 4400.7500000000009 983.12179565429699 2601.7500000000005 1462.2500000000002 382.75000000000006
decision_type=2 2 2 2 2 2 2 2 2 2 2 2 2 2 2 2 2 2 2 2 2 2 2 2 2 2 2 2 2 2
left_child=1 3 7 4 -1 -6 13 8 -3 -7 11 -8 -11 -2 15 16 17 -12 19 -19 21 22 -16 -24 -25 27 -27 -22 29 -26
right_child=6 2 -4 -5 5 9 10 -9 -10 12 14 -13 -14 -15 20 -17 -18 18 -20 -21 25 -23 23 24 28 26 -28 -29 -30 -31
leaf_value=0.010837611621633488 0.74546381936353801 0.53095670006491924 -9.8167877887857387 -5.7218437001985665 -14.084267921447754 4.8522790756225591 1.3683742893153223 3.6753418773412707 -8.377888959826846 -5.8130696751350577 0.05359063426950085 -11.922231690779977 -0.39081116017994583 4.5761342832469385 -8.1271288871765144 4.0660495411051381 3.3121334817674426 -13.153474926126416 2.4877603991278288 -2.0692420601844788 -0.13153822509196436 -8.1664642222722374 5.745943948957656 -9.0997983745906676 -0.14761724294709766 -11.424576136198912 1.6587629540761313 4.6072513452390345 1.7268607106208802 -10.463588582901728
leaf_weight=22195 1275 55 29 34 20 25 29 32 33 43 335 23 111 64 24 101 117 29 29 32 253 30 36 23 121 22 30 82 75 42
leaf_count=22195 1275 55 29 34 20 25 29 32 33 43 335 23 111 64 24 101 117 29 29 32 253 30 36 23 121 22 30 82 75 42
internal_value=-1.20652e-09 -0.0364117 -2.78083 -0.0181792 -0.0095195 -2.28 0.296561 -1.08047 -2.80986 -0.96109 -0.29398 -4.51016 -1.90482 0.928558 -0.135224 0.68526 0.0552602 -0.841338 -4.17246 -7.3388 -0.85009 -2.1946 -1.63648 -1.11198 -2.05791 0.369348 -3.8765 1.0284 -1.37739 -2.80572
internal_weight=25349 22577 149 22428 22394 199 2772 120 88 179 1433 52 154 1339 1381 643 542 425 90 61 738 351 321 297 261 387 52 335 238 163
internal_count=25349 22577 149 22428 22394 199 2772 120 88 179 1433 52 154 1339 1381 643 542 425 90 61 738 351 321 297 261 387 52 335 238 163
is_linear=0
shrinkage=0.05


Tree=167
num_leaves=31
num_cat=0
split_feature=20 20 46 24 128 24 43 134 141 93 6 55 91 93 86 129 64 52 0 140 96 19 120 110 119 131 134 128 134 116
split_gain=110630 331486 728930 305626 369933 363518 362614 252515 516766 464890 555697 533065 957623 555302 441488 445829 572136 757756 353197 325921 312844 418297 384636 373018 367629 306165 422476 304683 332402 326909
threshold=1665.0130615234377 1638.0925292968752 970.53250122070324 -227.74999999999997 -1431.7499999999998 11.750000000000002 174.25000000000003 395.25000000000006 624.75000000000011 -278.74999999999994 2667.2111816406255 3295.389526367188 1935.7500000000002 2158.5000000000005 2085.7500000000005 228.25000000000003 1305.7500000000002 1644.0000000000002 4771.5000000000009 820.50000000000011 943.51049804687511 943.51049804687511 -266.74999999999994 702.00830078125011 -502.74999999999994 770.76763916015636 33.250000000000007 829.50000000000011 1315.7500000000002 6440.6525878906259
decision_type=2 2 2 2 2 2 2 2 2 2 2 2 2 2 2 2 2 2 2 2 2 2 2 2 2 2 2 2 2 2
left_child=1 -1 -3 -2 -5 -6 -7 14 18 -10 -11 12 19 -13 15 20 -17 -18 27 -12 21 22 24 -24 -8 -25 -27 29 -29 -9
right_child=3 2 -4 4 5 6 7 8 9 10 11 13 -14 -15 -16 16 17 -19 -20 -21 -22 -23 23 25 -26 26 -28 28 -30 -31
leaf_value=-0.024559571707774657 5.490529496329172 -11.451148591041566 -0.76547323252204102 -5.1045471437275411 -6.2519001211438869 4.705917704105377 -1.1713806584958106 1.8357095580932528 -7.9597523371378589 1.8313424394624989 0.54100968187505549 4.1129067720151422 -11.894005100957809 -4.1364375268711759 -6.0594150723949554 0.62978532424339884 -13.571479010581971 -2.4014465422046429 -3.7421768511495284 -6.9124975043535235 5.292566676139832 -6.8713981810070228 0.20784986779186629 6.163098673820496 -8.9673622286319734 -4.965655581504107 4.6222326684881141 -4.9869950024520655 1.5634315726492141 8.3167168402671816
leaf_weight=22379 28 20 79 32 21 47 62 717 21 164 55 51 31 34 31 65 22 49 31 20 30 21 1123 50 20 20 27 34 45 20
leaf_count=22379 28 20 79 32 21 47 62 717 21 164 55 51 31 34 31 65 22 49 31 20 30 21 1123 50 20 20 27 34 45 20
internal_value=-2.12398e-09 -0.0373305 -2.9242 0.292272 0.241076 0.30193 0.35126 0.276645 0.811466 -0.731127 -0.303518 -2.13659 -4.50197 0.813169 -0.153676 -0.030722 -2.75961 -5.86258 1.49625 -1.44659 0.243579 0.129089 0.242001 0.464801 -3.07284 3.43961 0.54228 1.69526 -1.25574 2.01158
internal_weight=25349 22478 99 2871 2843 2811 2790 2743 1223 376 355 191 106 85 1520 1489 136 71 847 75 1353 1323 1302 1220 82 97 47 816 79 737
internal_count=25349 22478 99 2871 2843 2811 2790 2743 1223 376 355 191 106 85 1520 1489 136 71 847 75 1353 1323 1302 1220 82 97 47 816 79 737
is_linear=0
shrinkage=0.05


Tree=168
num_leaves=31
num_cat=0
split_feature=33 12 102 54 26 54 33 47 114 135 128 127 140 85 78 141 5 26 145 75 31 110 47 118 33 40 19 12 36 31
split_gain=108665 207983 254948 553318 251909 328162 333577 290205 319638 467671 575516 777047 351095 340766 302468 293061 261962 282524 300866 406527 579752 238877 230219 308545 320799 254152 233014 227014 213973 243103
threshold=227.96028900146487 260.41111755371099 2042.350036621094 265.05346679687506 287.33023071289068 304.68428039550787 322.31147766113287 326.72618103027349 -223.74999999999997 -15.749999999999998 23.250000000000004 421.25000000000006 -28.249999999999996 -724.74999999999989 116.25000000000001 107.25000000000001 333.43821716308599 325.23060607910162 361.93707275390631 326.67143249511724 507.25000000000006 277.68957519531256 266.64117431640631 -1259.0004272460935 268.25619506835943 263.35705566406256 266.74047851562506 286.04219055175787 -814.24999999999989 -847.24999999999989
decision_type=2 2 2 2 2 2 2 2 2 2 2 2 2 2 2 2 2 2 2 2 2 2 2 2 2 2 2 2 2 2
left_child=-1 2 -2 -4 22 16 -7 8 13 10 12 -12 15 -8 -14 -10 17 18 19 28 -21 -19 23 -3 -25 27 -27 -26 -6 -30
right_child=1 4 3 -5 5 6 7 -9 9 -11 11 -13 14 -15 -16 -17 -18 21 -20 20 -22 -23 -24 24 25 26 -28 -29 29 -31
leaf_value=0.48605486351683402 -0.46318624456103052 -6.2518414616584783 0.67460761620448195 -10.237537118366788 1.4773549083301001 0.84478763906101806 -3.1872663643090959 0.0070543141689885297 2.3782523423433304 -0.080057912046924751 -16.130875705331565 -3.0218369932128835 -10.079245250225068 0.99133835650947943 -2.5163415376956646 -4.3886319817975163 1.0356033744350557 1.5671672772277487 2.1391392064795776 -2.0539600909561724 -11.648502277135849 -4.1490093466308382 0.97809721350378642 0.68517411917861404 -2.2554161161818405 -5.3077835037594756 0.3843173854827881 -8.6156003642082215 -5.4071694727601676 -0.76013711243711513
leaf_weight=1100 1553 20 26 21 105 1158 62 17292 48 145 20 26 20 229 39 24 186 22 85 74 20 108 1228 543 47 21 125 20 29 953
leaf_count=1100 1553 20 26 21 105 1158 62 17292 48 145 20 26 20 229 39 24 186 22 85 74 20 108 1228 543 47 21 125 20 29 953
internal_value=1.82934e-10 -0.0220488 -0.572985 -4.20103 0.0168712 -0.0350816 0.0223452 -0.030846 -1.09997 -2.18536 -3.91005 -8.72142 -2.22056 0.101051 -5.08004 0.122624 -0.727071 -0.961925 -0.733991 -0.940779 -4.09535 -3.18166 0.552084 -0.122072 0.0400915 -1.60441 -0.434409 -4.15398 -0.667982 -0.897371
internal_weight=25349 24249 1600 47 22649 20645 19063 17905 613 322 177 46 131 291 59 72 1582 1396 1266 1181 94 130 2004 776 756 213 146 67 1087 982
internal_count=25349 24249 1600 47 22649 20645 19063 17905 613 322 177 46 131 291 59 72 1582 1396 1266 1181 94 130 2004 776 756 213 146 67 1087 982
is_linear=0
shrinkage=0.05


Tree=169
num_leaves=31
num_cat=0
split_feature=134 86 82 141 140 134 121 121 27 10 133 2 64 59 119 70 38 114 142 134 58 97 72 34 142 3 57 136 20 93
split_gain=107768 294173 669114 293114 600175 274981 423913 637761 386974 718455 426667 388409 367837 508300 614022 533004 481059 318902 443743 588707 387042 587503 365938 415946 298409 293423 349982 397652 358262 282720
threshold=764.25000000000011 2311.7500000000005 572.29693603515636 941.50000000000011 430.25000000000006 863.25000000000011 -801.74999999999989 -1287.4999999999998 1916.1422119140627 1665.5000000000002 553.50000000000011 2242.5000000000005 -1353.2499999999998 -541.74999999999989 351.25000000000006 -415.74999999999994 -1122.2499999999998 431.25000000000006 -389.24999999999994 1083.5000000000002 1709.0000000000002 878.92544555664074 1671.7500000000002 2715.578979492188 -117.74999999999999 1744.2500000000002 1079.7500000000002 470.50000000000006 877.74099731445324 729.25000000000011
decision_type=2 2 2 2 2 2 2 2 2 2 2 2 2 2 2 2 2 2 2 2 2 2 2 2 2 2 2 2 2 2
left_child=1 3 -3 -1 -5 8 7 -7 9 10 -2 -10 -8 14 -14 -15 -16 22 19 -19 21 -21 23 25 -12 26 -17 -28 -29 -13
right_child=5 2 -4 4 -6 6 12 -9 11 -11 24 29 13 15 16 17 -18 18 -20 20 -22 -23 -24 -25 -26 -27 27 28 -30 -31
leaf_value=-0.011402494927368475 3.9864868242049889 -10.454823288050566 0.61323321925269236 0.47715857028961184 -10.564154557585717 1.2662012004852297 6.0656589618095991 -11.360765895843507 7.808295898659285 -6.3268645235986423 1.9019189635537708 5.6309725197878748 2.267828474373653 6.4031700597490584 -0.87513744939457294 2.3781376749277117 -10.310561004366194 -8.8104071925668155 0.070764931769905531 2.1984033317792986 4.3521908541520444 -9.7756834077835091 6.3865488379342219 -5.4793817188428804 -1.9569458040281349 6.6868654003143311 2.8699081048965454 -9.9006080800294889 -0.43670141458511352 -1.8856520315696454
leaf_weight=23439 107 22 36 32 20 20 26 20 43 33 106 22 29 35 22 137 35 34 794 21 24 20 35 23 95 25 25 20 20 29
leaf_count=23439 107 22 36 32 20 20 26 20 43 33 106 22 29 35 22 137 35 34 794 21 24 20 35 23 95 25 25 20 20 29
internal_value=3.30329e-10 -0.0285026 -3.585 -0.0197215 -3.7695 0.372893 0.0240231 -5.04728 1.46762 0.684637 1.43587 4.30802 0.177119 0.0592576 -3.6553 0.322614 -6.66882 0.141953 -0.322801 -3.47928 -0.690686 -3.64261 1.59818 0.927809 0.0780774 1.577 0.944586 -2.0769 -5.16865 1.35681
internal_weight=25349 23549 58 23491 52 1800 1365 40 435 341 308 94 1325 1299 86 1213 57 1178 893 99 65 41 285 250 201 227 202 65 40 51
internal_count=25349 23549 58 23491 52 1800 1365 40 435 341 308 94 1325 1299 86 1213 57 1178 893 99 65 41 285 250 201 227 202 65 40 51
is_linear=0
shrinkage=0.05


Tree=170
num_leaves=31
num_cat=0
split_feature=77 30 73 15 30 112 129 127 128 127 142 0 83 43 134 78 83 66 76 5 68 79 109 86 72 97 113 21 129 115
split_gain=104948 403720 296635 967491 477241 514779 232745 510762 353515 302054 286945 202859 333453 853630 356139 520990 344022 452657 348702 405716 513342 504500 331128 414227 344675 531221 380084 544100 328648 313882
threshold=2916.2500000000005 1646.2500000000002 2633.0000000000005 3770.7500000000005 2332.2500000000005 1516.2500000000002 445.75000000000006 759.25000000000011 829.50000000000011 1081.2500000000002 -208.24999999999997 3079.7500000000005 2148.1960449218755 1986.2500000000002 473.75000000000006 2536.0000000000005 1640.2251586914065 2259.5000000000005 1668.4645996093752 552.67700195312511 682.37133789062511 609.75000000000011 380.32000732421881 1706.2500000000002 1041.5000000000002 1801.3763427734377 353.75000000000006 1989.5000000000002 191.75000000000003 -336.74999999999994
decision_type=2 2 2 2 2 2 2 2 2 2 2 2 2 2 2 2 2 2 2 2 2 2 2 2 2 2 2 2 2 2
left_child=2 -2 11 4 5 -4 7 -3 9 -8 -10 12 16 -14 15 28 17 18 -1 21 -21 -20 -18 24 25 -24 27 -26 -15 -13
right_child=1 6 3 -5 -6 -7 8 -9 10 -11 -12 29 13 14 -16 -17 22 -19 19 20 -22 -23 23 -25 26 -27 -28 -29 -30 -31
leaf_value=-0.00807481000575745 6.7157119785036361 3.0695360832214358 -9.2995458698272699 -11.988375039534136 4.820930500030518 1.4626652393341066 -0.8663697151910692 -6.4051852139559662 2.2158473014831546 6.507688902645576 -6.2538843369483956 -2.4544453306631611 -9.7727982257974571 -0.15754736135306868 0.77282797131174341 -9.5133280117874559 -4.1179036680857344 -6.3830760547092993 1.6659617298841476 -12.476360467672349 -1.2835087208520799 -7.5037344229221352 2.9819207042276141 4.5486502034323557 -0.20213610066307919 -3.2939219138561153 0.58657489705142696 -9.402016201019288 -7.0206129255748939 1.5882408907489172
leaf_weight=23353 28 25 20 22 30 25 21 33 20 41 20 55 29 103 167 23 30 28 60 20 21 20 249 84 45 39 314 25 21 378
leaf_count=23353 28 25 20 22 30 25 21 33 20 41 20 55 29 103 167 23 30 28 60 20 21 20 249 84 45 39 314 25 21 378
internal_value=-5.21124e-10 1.17696 -0.00879409 -2.76846 -0.0639516 -3.32054 0.207675 -2.32125 1.64569 4.01002 -2.01902 0.00188608 -0.0169741 -1.56506 -0.807021 -2.60181 0.00488833 -0.0295249 -0.0219464 -2.69916 -6.74344 -0.626462 1.03387 1.23831 0.824514 2.13207 -0.156151 -3.48781 -1.31984 1.07474
internal_weight=25349 188 25161 97 75 45 160 58 102 62 40 25064 24631 343 314 147 24288 23502 23474 121 41 80 786 756 672 288 384 70 124 433
internal_count=25349 188 25161 97 75 45 160 58 102 62 40 25064 24631 343 314 147 24288 23502 23474 121 41 80 786 756 672 288 384 70 124 433
is_linear=0
shrinkage=0.05


Tree=171
num_leaves=31
num_cat=0
split_feature=99 141 65 101 141 141 68 136 139 79 1 69 9 50 64 125 79 135 5 57 51 93 65 98 114 113 106 98 70 119
split_gain=104555 302661 291311 276203 233805 224628 280456 248220 214798 209616 302118 263288 234265 187176 405606 422746 478579 421343 414021 402130 599036 527106 546780 672544 417005 490795 542094 368400 513707 481601
threshold=-1607.2499999999998 711.25000000000011 -1440.2499999999998 -1725.7499999999998 103.75000000000001 410.25000000000006 841.86529541015636 22.250000000000004 -1903.2288818359373 -2860.4999999999995 -2549.9999999999995 -2525.077758789062 -2450.7499999999995 -1337.2499999999998 -1270.7499999999998 -1527.3460693359373 -1367.7499999999998 -612.24999999999989 909.93881225585949 -1174.2499999999998 -2488.4999999999995 -1978.7499999999998 -1615.7499999999998 -1414.7499999999998 188.25000000000003 402.75000000000006 -406.74999999999994 -20.249999999999996 -908.74999999999989 -421.24999999999994
decision_type=2 2 2 2 2 2 2 2 2 2 2 2 2 2 2 2 2 2 2 2 2 2 2 2 2 2 2 2 2 2
left_child=1 2 5 4 -2 6 7 9 -5 10 -1 -11 -13 14 18 16 -16 -17 -10 -15 -21 -22 23 -23 25 26 -25 28 -19 -30
right_child=3 -3 -4 8 -6 -7 -8 -9 13 11 -12 12 -14 19 15 17 -18 27 -20 20 21 22 -24 24 -26 -27 -28 -29 29 -31
leaf_value=-8.3283034663933986 -1.2041459660376272 4.1291940139399639 -7.2291287207603467 3.0133572473711636 3.901876003506743 -4.5667710971187905 3.9707274764776233 2.8403879143974997 0.28726585185708881 3.7886652584075926 -0.36705566319552335 -6.6263077372596371 -0.49037206898132962 1.4389328437692981 -1.5083935405897058 1.4462140187755361 -12.083925080299379 -1.5261774469166995 -6.2438259170055392 -8.4451826549711679 4.1882633001009628 -10.324761108557384 0.014850998511248797 1.3562751806957623 -8.3794612360000613 4.7604509743777186 -4.4591053104918936 1.3689365927129984 -0.0026456677395364516 -8.512323102156321
leaf_weight=26 31 27 20 59 81 37 32 33 826 25 22 21 60 493 23 111 20 216 25 21 75 24 22678 71 20 33 92 64 23 60
leaf_count=26 31 27 20 59 81 37 32 33 826 25 22 21 60 493 23 111 20 216 25 21 75 24 22678 71 20 33 92 64 23 60
internal_value=-1.31869e-09 -0.923228 -1.41749 0.011169 2.4886 -0.963452 -0.354672 -1.09485 4.06911e-05 -1.93811 -4.6794 -0.696775 -2.08117 -0.00710647 -0.575657 -1.68024 -6.42725 -1.24961 0.0954006 0.0259806 -0.00428734 0.00342191 -0.0102731 -2.38429 -1.50202 -0.800241 -1.92603 -2.07395 -2.81088 -6.15422
internal_weight=25349 303 276 25046 112 256 219 187 24934 154 48 106 81 24875 1368 517 43 474 851 23507 23014 22993 22918 240 216 196 163 363 299 83
internal_count=25349 303 276 25046 112 256 219 187 24934 154 48 106 81 24875 1368 517 43 474 851 23507 23014 22993 22918 240 216 196 163 363 299 83
is_linear=0
shrinkage=0.05


Tree=172
num_leaves=31
num_cat=0
split_feature=22 28 44 77 79 141 59 124 24 38 44 38 28 69 8 141 109 80 111 9 0 97 51 142 140 135 64 71 47 128
split_gain=106812 491159 421974 400260 426489 616715 479063 397297 395796 878746 432426 616685 413996 391158 1.17101e+06 654914 590490 482472 687948 541505 434494 385960 814126 376582 661027 916909 432936 456650 409081 412767
threshold=-1005.2499999999999 -1100.7499999999998 -1119.7499999999998 318.75000000000006 -468.24999999999994 263.25000000000006 -191.74999999999997 789.40969848632824 -1122.2499999999998 -1023.2499999999999 -1519.2499999999998 -1292.7499999999998 -1424.7499999999998 -436.28350830078119 625.75000000000011 941.50000000000011 -3071.1149902343745 -1192.4999999999998 -868.63998413085926 -862.49999999999989 -432.74999999999994 -819.49749755859364 -951.74999999999989 -302.24999999999994 126.25000000000001 -150.74999999999997 253.25000000000003 452.25000000000006 909.93881225585949 -2116.7499999999995
decision_type=2 2 2 2 2 2 2 2 2 2 2 2 2 2 2 2 2 2 2 2 2 2 2 2 2 2 2 2 2 2
left_child=23 8 3 4 7 -6 -7 -3 10 -10 11 -2 -12 14 15 17 -15 18 -4 -20 -18 22 -14 24 26 -26 28 -28 29 -1
right_child=1 2 13 -5 5 6 -8 -9 9 -11 12 -13 21 16 -16 -17 20 -19 19 -21 -22 -23 -24 -25 25 -27 27 -29 -30 -31
leaf_value=-5.0077854724157431 -1.7376386027990116 0.84946305656013021 -0.87056835086217943 5.2350257380335945 0.38102792024612431 -9.9320834308862693 -0.067521774768829354 4.9818590440096395 0.15564010957392252 -10.630908001491003 5.4381802409887321 -9.9721297935203275 -0.68868458712701319 4.8036181358190682 -9.3772077394498368 -8.8462927625231114 0.85775699487865309 -0.25457091350887917 -12.923425843165473 -2.508318187048038 -0.053019911518924039 1.1477899085557046 -10.176813165346783 0.61492831739121778 -11.767869350115459 -0.43181390572677963 -10.347154976072765 -0.51630850897894964 5.1304093994592366 0.042296275278022391
leaf_weight=42 144 940 112 51 120 32 20 62 41 35 32 27 139 65 37 23 1438 3393 26 24 14652 172 27 2430 30 44 21 27 38 1105
leaf_count=42 144 940 112 51 120 32 20 62 41 35 32 27 139 65 37 23 1438 3393 26 24 14652 172 27 2430 30 44 21 27 38 1105
internal_value=-4.99554e-11 -0.0426788 -0.00181699 0.898696 0.710321 -1.58985 -6.13802 1.10516 -1.43311 -4.81185 -0.95846 -3.03782 0.00254194 -0.0576151 -0.527771 -0.436259 0.0475916 -0.381849 -3.04761 -7.92417 0.0283783 -0.512075 -2.23193 0.246822 -0.437567 -5.02751 -0.162096 -4.8173 0.0264692 -0.142624
internal_weight=25349 21612 20995 1225 1174 172 52 1002 617 76 541 171 370 19770 3615 3578 16155 3555 162 50 16090 338 166 3737 1307 74 1233 48 1185 1147
internal_count=25349 21612 20995 1225 1174 172 52 1002 617 76 541 171 370 19770 3615 3578 16155 3555 162 50 16090 338 166 3737 1307 74 1233 48 1185 1147
is_linear=0
shrinkage=0.05


Tree=173
num_leaves=31
num_cat=0
split_feature=141 8 40 82 8 144 20 17 103 124 131 89 36 26 65 4 2 101 41 45 82 134 67 95 4 145 121 5 64 95
split_gain=104291 311717 480805 399053 397602 535450 393937 392557 343486 792072 651821 325543 312073 269107 257142 251235 370613 246523 242497 222559 197915 197385 381014 292689 284474 368616 341616 232525 223001 414062
threshold=76.250000000000014 1951.2500000000002 770.76763916015636 813.04827880859386 1564.7500000000002 2659.2175292968755 -428.77384948730463 1614.2500000000002 659.34884643554699 646.21759033203136 666.30764770507824 495.92503356933599 2562.2500000000005 552.67700195312511 -144.24999999999997 985.55249023437511 -1471.2499999999998 -688.24999999999989 2392.1164550781255 2559.2500000000005 651.73046875000011 -186.24999999999997 1841.4525146484377 2032.9525146484377 -2820.257446289062 561.94091796875011 -814.24999999999989 659.34884643554699 202.25000000000003 -1625.1000366210935
decision_type=2 2 2 2 2 2 2 2 2 2 2 2 2 2 2 2 2 2 2 2 2 2 2 2 2 2 2 2 2 2
left_child=1 2 4 -4 8 14 -5 11 9 20 -11 -3 13 -9 -6 16 17 -10 -15 -14 21 22 24 27 26 -26 -1 28 -23 -30
right_child=-2 7 3 6 5 -7 -8 12 15 10 -12 -13 19 18 -16 -17 -18 -19 -20 -21 -22 23 -24 -25 25 -27 -28 -29 29 -31
leaf_value=-0.10523439759299869 -0.061226650383379579 1.9637823776765302 -9.6429933786392219 -6.4273371083395823 -4.824167102092022 -8.6513971988971416 2.9498928249813616 1.1623559201442741 0.72528927326202397 -12.907667449542457 -0.4499241116501036 10.777777491807939 -3.0518609583377838 2.111722306410472 -0.22938761463128898 7.8611534538594157 -3.0405126076478228 7.8197799224853517 9.4689565295264835 1.8196379181501028 4.4827935695648193 0.50000804053623182 -5.8866941555882946 1.8749112109127255 -0.29599350803489283 5.0264825534820563 -6.742820891075664 -4.0457265434786676 -2.8326541092817803 0.015208516803474815
leaf_weight=42 18578 22 22 21 37 26 24 158 24 21 21 20 64 24 172 22 26 25 21 37 27 3038 33 276 461 35 36 32 137 1867
leaf_count=42 18578 22 22 21 37 26 24 158 24 21 21 20 64 24 172 22 26 25 21 37 27 3038 33 276 461 35 36 32 137 1867
internal_value=-1.74082e-09 0.167991 0.0892639 -4.12422 0.133665 -1.88462 -1.42615 1.62991 0.211127 0.163613 -6.6788 6.16092 1.00391 2.1339 -1.04282 3.16282 1.78464 4.34493 5.5451 -1.26725 0.211638 0.192279 -0.662189 0.289226 -0.361825 0.0795844 -3.16874 0.202972 0.229938 -0.179481
internal_weight=25349 6771 6425 67 6358 235 45 346 6123 6026 42 42 304 203 209 97 75 49 45 101 5984 5957 607 5350 574 496 78 5074 5042 2004
internal_count=25349 6771 6425 67 6358 235 45 346 6123 6026 42 42 304 203 209 97 75 49 45 101 5984 5957 607 5350 574 496 78 5074 5042 2004
is_linear=0
shrinkage=0.05


Tree=174
num_leaves=31
num_cat=0
split_feature=43 37 141 19 108 51 76 79 142 119 17 21 14 114 12 136 54 5 64 57 45 45 140 134 62 135 15 56 141 22
split_gain=104395 494050 955441 682008 1.13387e+06 484321 424235 407152 541537 381547 379690 814574 644003 750520 915276 472754 370100 642385 348288 688365 1.00296e+06 761702 488002 449441 612825 568675 534211 463847 500955 503461
threshold=-8.2499999999999982 -363.24999999999994 598.25000000000011 536.41339111328136 -17.749999999999996 -143.24999999999997 -427.99990844726557 -1141.2499999999998 -179.74999999999997 -436.24999999999994 -237.74999999999997 -230.74999999999997 -331.24999999999994 320.25000000000006 598.86972045898449 -186.74999999999997 396.50555419921881 408.37089538574224 -28.249999999999996 -543.24999999999989 -803.74999999999989 -1559.4999999999998 -623.49999999999989 -144.24999999999997 -447.48127746582026 -512.24999999999989 -645.24999999999989 -265.24999999999994 185.25000000000003 442.75000000000006
decision_type=2 2 2 2 2 2 2 2 2 2 2 2 2 2 2 2 2 2 2 2 2 2 2 2 2 2 2 2 2 2
left_child=1 18 3 16 -5 6 -2 8 9 -7 -9 -12 13 14 15 -13 17 -3 -1 20 21 -20 -21 24 26 -26 -24 28 -25 -30
right_child=5 2 -4 4 -6 7 -8 10 -10 -11 11 12 -14 -15 -16 -17 -18 -19 19 22 -22 -23 23 27 25 -27 -28 -29 29 -31
leaf_value=0.12016956255612746 -0.53926660405840321 -0.78510088992803373 -12.032274012565614 -15.857836570739748 0.11468340635299684 -4.8472510716010788 1.034430896996219 0.88837861311120481 -10.546380088442849 3.7762381600297021 -8.3393951670328779 -8.4655081840356186 -0.034701236618451758 3.8431892980848041 -13.969572160357522 -1.4651543334187047 1.9440665229772911 -8.3763642755048036 -10.003604829311371 5.8877116282780975 -13.932337891537211 1.6466672420501709 -4.0016372770733311 0.12876040957828258 -12.0265620803833 -1.7005523671706517 4.449019176512957 0.63953721093148863 -1.9917230209475651 -9.63121042666228
leaf_weight=8204 541 714 20 20 25 29 2055 1040 21 23 30 30 10588 35 21 123 117 29 20 30 23 47 45 374 30 24 32 690 346 23
leaf_count=8204 541 714 20 20 25 29 2055 1040 21 23 30 30 10588 35 21 123 117 29 20 30 23 47 45 374 30 24 32 690 346 23
internal_value=-2.51024e-09 -0.117646 -1.22266 -0.983768 -6.98421 0.0875143 0.706476 -0.0470607 -3.76974 -1.03302 -0.0241606 -0.111816 -0.0889548 -2.83746 -4.18127 -2.83777 -0.669792 -1.0814 -0.0142751 -0.669254 -4.92358 -1.83103 -0.429047 -0.550212 -3.35355 -7.43722 -0.489676 -0.293941 -1.16083 -2.4679
internal_weight=25349 10813 925 905 45 14536 2596 11940 73 52 11867 10827 10797 209 174 153 860 743 9888 1684 90 67 1594 1564 131 54 77 1433 743 369
internal_count=25349 10813 925 905 45 14536 2596 11940 73 52 11867 10827 10797 209 174 153 860 743 9888 1684 90 67 1594 1564 131 54 77 1433 743 369
is_linear=0
shrinkage=0.05


Tree=175
num_leaves=31
num_cat=0
split_feature=47 26 102 45 40 82 36 124 19 91 113 61 16 17 12 26 5 124 22 135 32 17 26 2 66 96 75 31 40 5
split_gain=106348 706794 566319 596282 517671 455882 772937 512505 502019 418826 479880 402024 514682 452594 384840 382719 428580 380723 604405 357082 349588 344293 331528 350942 388007 328611 479749 460241 622795 477163
threshold=468.38281250000006 452.44371032714849 -2963.6874999999995 -1463.7499999999998 486.28434753417974 391.09252929687506 -297.74999999999994 509.21195983886724 461.98091125488287 -46.749999999999993 280.25000000000006 477.86439514160162 -1085.2499999999998 1807.2500000000002 427.59004211425787 400.71054077148443 413.96669006347662 395.17530822753912 330.25000000000006 -155.74999999999997 3897.0100097656255 -991.74999999999989 498.07687377929693 1029.2500000000002 379.25000000000006 438.91076660156256 431.74841308593756 -383.74999999999994 375.84069824218756 369.60594177246099
decision_type=2 2 2 2 2 2 2 2 2 2 2 2 2 2 2 2 2 2 2 2 2 2 2 2 2 2 2 2 2 2
left_child=1 14 3 -3 -2 6 -4 9 -9 10 -7 12 -11 -13 15 16 25 18 -6 -8 -16 -12 23 24 -10 26 -1 29 -29 -28
right_child=4 2 5 -5 17 7 19 8 22 11 21 13 -14 -15 20 -17 -18 -19 -20 -21 -22 -23 -24 -25 -26 -27 27 28 -30 -31
leaf_value=-0.030214159054420715 1.2629435725727598 -2.231330053226368 -13.13007714033127 -12.780036401748658 -11.057474007606508 0.1186448400082824 2.790325513839722 -9.7521117123273697 -1.7492714628577233 -7.5717040402663729 -0.76022915613083608 3.6364252276823557 -1.386012398106296 -4.5713496533307163 0.93058189721240192 -0.79485264349100004 1.6078430830968911 0.034797510829968487 0.60404697418212894 -4.9450067442816668 -5.7299427342414866 6.8687842807769774 -7.1191531914931083 -6.1558333614598153 5.834730412409856 1.455288436870809 -1.6491936731338503 -8.3694855039769944 1.2749317799295699 -12.209071217412536
leaf_weight=12257 925 37 20 21 20 364 25 26 48 37 21 71 369 22 1316 1564 418 7079 25 37 20 50 26 23 26 367 20 22 70 23
leaf_count=12257 925 37 20 21 20 364 25 26 48 37 21 71 369 22 1316 1564 418 7079 25 37 20 50 26 23 26 367 20 22 70 23
internal_value=3.46824e-09 -0.0698558 -1.22859 -6.05069 0.150144 -0.988517 -4.58303 -0.716356 -3.43959 -0.281921 0.852095 -1.27049 -1.94973 1.6948 0.0182905 -0.0553552 0.032417 0.00565459 -4.57885 -1.82592 0.830873 4.61232 -2.10524 -0.761301 0.915378 -0.0191959 -0.062864 -3.02723 -1.03134 -7.2975
internal_weight=25349 17300 1223 58 8049 1165 82 1083 149 934 435 499 406 93 16077 14741 13177 7124 45 62 1336 71 123 97 74 12759 12392 135 92 43
internal_count=25349 17300 1223 58 8049 1165 82 1083 149 934 435 499 406 93 16077 14741 13177 7124 45 62 1336 71 123 97 74 12759 12392 135 92 43
is_linear=0
shrinkage=0.05


Tree=176
num_leaves=31
num_cat=0
split_feature=134 141 46 41 123 93 85 6 86 6 72 23 15 34 130 116 90 25 0 135 65 129 120 142 119 115 66 129 9 129
split_gain=104312 347106 407808 1.20685e+06 2.42664e+06 524415 702538 398337 577480 819197 389810 389456 463468 375183 473523 500331 340260 337296 335922 328227 710637 325199 384617 741887 849551 643013 422164 366565 478106 308427
threshold=206.25000000000003 220.25000000000003 -251.74250030517575 -574.80532836914051 -1835.2075195312498 157.25000000000003 853.75000000000011 1622.1685180664065 -25.749999999999996 2037.171569824219 411.25000000000006 1849.7500000000002 1914.7500000000002 712.59753417968761 152.6350021362305 246.01499938964847 995.48788452148449 -6915.0073242187491 1646.2500000000002 -744.74999999999989 -1186.7499999999998 -15.749999999999998 -46.749999999999993 -298.74999999999994 -173.24999999999997 -608.24999999999989 -2122.2499999999995 -5.2499999999999991 -629.74999999999989 -1638.7499999999998
decision_type=2 2 2 2 2 2 2 2 2 2 2 2 2 2 2 2 2 2 2 2 2 2 2 2 2 2 2 2 2 2
left_child=1 17 3 29 -5 -6 -7 13 9 -9 -10 12 -12 14 -4 -16 -11 -1 -15 -17 -21 -2 23 25 -25 -23 -24 28 -28 -3
right_child=21 2 7 4 5 6 -8 8 10 16 11 -13 -14 18 15 19 -18 -19 -20 20 -22 22 26 24 -26 -27 27 -29 -30 -31
leaf_value=4.6490684958604671 0.7553613548450977 -6.4071285724639893 2.1894332701269583 -21.017772536277775 -1.7147034697309889 -13.437504081726075 -2.2509232632815839 -10.711518920792475 4.3685109650216454 3.284182974338532 0.77645271530857796 1.8002066481788206 -8.0567141251130536 3.3305949202488834 -8.2363738681959067 2.3221649669312145 -4.3532419879095903 -0.0080326969489643071 -3.1218455086583679 -9.4662112827301037 -0.58613289639092325 -13.069745331225187 4.2922811263067242 0.038040926120239293 -8.1962400619817135 -2.6246079066904584 -9.7238755941391002 0.074968296147432292 -0.31746291433061874 -0.10005470776785348
leaf_weight=39 1686 20 158 20 198 25 32 36 41 25 27 53 33 164 23 74 35 12574 23 25 228 23 59 398 34 41 22 8569 35 629
leaf_count=39 1686 20 158 20 198 25 32 36 41 25 27 53 33 164 23 74 35 12574 23 25 228 23 59 398 34 41 22 8569 35 629
internal_value=5.47399e-10 -0.0878612 -0.723765 -1.47068 -4.24667 -2.93129 -7.15732 0.00655512 -1.70504 -4.74868 0.192289 -1.32298 -4.08179 0.622238 -0.0825975 -1.10826 -1.17098 0.00636728 2.53698 -0.606891 -1.46361 0.117089 -0.00012346 -1.35432 -0.610027 -6.37833 0.0772149 0.0483848 -3.94801 -0.294418
internal_weight=25349 14482 1869 924 275 255 57 945 250 96 154 113 60 695 508 350 60 12613 187 327 253 10867 9181 496 432 64 8685 8626 57 649
internal_count=25349 14482 1869 924 275 255 57 945 250 96 154 113 60 695 508 350 60 12613 187 327 253 10867 9181 496 432 64 8685 8626 57 649
is_linear=0
shrinkage=0.05


Tree=177
num_leaves=31
num_cat=0
split_feature=116 114 113 38 134 133 119 22 125 41 142 106 113 15 133 14 83 43 41 65 127 94 65 24 128 111 10 127 15 1
split_gain=103485 348561 758983 583017 548696 690380 347279 342061 328080 277933 226358 386649 213870 207132 637297 195832 308492 689886 466892 299910 330771 409037 386594 300042 288116 280998 312000 440106 331785 336839
threshold=5040.8449707031259 -21.249999999999996 1499.7500000000002 1725.2500000000002 747.75000000000011 938.75000000000011 -103.24999999999999 2997.0000000000005 2248.832153320313 3471.654663085938 -294.74999999999994 1580.5000000000002 1296.2500000000002 4164.2500000000009 252.25000000000003 2824.5000000000005 2148.1960449218755 1986.2500000000002 2554.4484863281255 2800.2500000000005 579.25000000000011 1798.2500000000002 1407.2500000000002 2352.5000000000005 -487.24999999999994 1892.6482543945315 2504.7500000000005 1.0000000180025095e-35 2746.2500000000005 3209.7500000000005
decision_type=2 2 2 2 2 2 2 2 2 2 2 2 2 2 2 2 2 2 2 2 2 2 2 2 2 2 2 2 2 2
left_child=9 6 3 -3 -4 -6 7 -2 -5 13 11 -11 -12 15 -15 16 18 -18 25 20 21 23 -22 -19 -17 26 28 -28 29 -1
right_child=1 2 4 8 5 -7 -8 -9 -10 10 12 -13 -14 14 -16 24 17 19 -20 -21 22 -23 -24 -25 -26 -27 27 -29 -30 -31
leaf_value=-0.0021167350204094066 1.6398419737815857 -12.083012296603277 -5.0268431509694746 0.64875264003359046 8.4168612800538547 -1.3827443893362839 4.542595213271202 -5.8429514030615488 -7.1673029975891112 3.8424402193589646 1.0491166259457427 -5.7632104438543328 5.9432516098022461 2.7149342823028566 -9.9074353504180905 -2.1879051482340075 -9.2239273627599072 0.97566603004932417 4.0566918588020435 3.6225989659627285 -5.7319277589519828 -10.071582254767419 1.214851126099421 -5.1876172212453993 1.8256808779352196 3.4425220777422698 -9.3313331604003906 -1.1994761943817138 3.9899323458854967 -5.6962893453928141
leaf_weight=23910 42 26 31 29 32 41 47 24 25 22 41 20 49 20 20 53 27 40 71 33 24 20 121 39 286 59 20 99 52 26
leaf_count=23910 42 26 31 29 32 41 47 24 25 22 41 20 49 20 20 53 27 40 71 33 24 20 121 39 286 59 20 99 52 26
internal_value=-8.98557e-10 -0.927837 -2.27017 -5.93159 0.546297 2.91297 1.25792 -1.08117 -2.96979 0.0109998 2.29926 -0.731679 3.7137 -0.00112099 -3.59625 0.00465897 -0.011828 -1.59471 0.00802578 -0.851067 -1.45611 -3.68406 0.0650394 -2.06697 1.19819 -0.00386925 -0.012304 -2.56617 0.000365259 -0.00830192
internal_weight=25349 297 184 80 104 73 113 66 54 25052 132 42 90 24920 40 24880 24541 304 24237 277 244 99 145 79 339 24166 24107 119 23988 23936
internal_count=25349 297 184 80 104 73 113 66 54 25052 132 42 90 24920 40 24880 24541 304 24237 277 244 99 145 79 339 24166 24107 119 23988 23936
is_linear=0
shrinkage=0.05


Tree=178
num_leaves=31
num_cat=0
split_feature=126 107 127 121 121 135 121 120 41 99 106 120 31 115 120 75 126 77 54 3 117 72 36 141 107 54 129 92 145 120
split_gain=100370 342354 580906 643165 397724 394917 609735 726074 792484 763700 586228 565135 670274 488740 680883 887090 616350 876865 899198 615091 461245 414365 620246 582169 724148 407828 391758 369407 376067 364563
threshold=-470.74999999999994 -598.74999999999989 -369.24999999999994 -550.74999999999989 -694.74999999999989 -199.24999999999997 -200.74999999999997 163.25000000000003 -942.57839965820301 -419.74999999999994 531.25000000000011 80.250000000000014 1277.2500000000002 -308.24999999999994 -169.74999999999997 460.06816101074224 -195.74999999999997 -847.74999999999989 498.07687377929693 1600.5000000000002 379.63381958007818 -798.24999999999989 -466.24999999999994 242.75000000000003 -698.74999999999989 582.66491699218761 -86.749999999999986 -1782.9999999999998 526.11407470703136 534.75000000000011
decision_type=2 2 2 2 2 2 2 2 2 2 2 2 2 2 2 2 2 2 2 2 2 2 2 2 2 2 2 2 2 2
left_child=-1 2 3 4 -2 6 10 9 25 -8 11 13 29 19 15 20 -16 18 -18 27 -15 -7 23 -23 -25 -9 -19 -4 -29 -13
right_child=1 -3 5 -5 -6 21 7 8 -10 -11 -12 12 -14 14 16 -17 17 26 -20 -21 -22 22 -24 24 -26 -27 -28 28 -30 -31
leaf_value=0.24614187868997417 -6.3123377811908732 0.047399031834021131 -6.5838420347733937 -11.680049928029378 3.6591667370032521 0.7597923270753143 -3.7187355001323987 -2.029877573847771 1.9483541965484621 -16.511315346956252 -8.7515129826285616 1.3027743662850491 8.9508097719263144 -7.8166134798968292 0.73530966747890825 -15.933526840209963 -3.135218112945557 -3.2125999441146855 -17.169716308230445 -7.2311943456530576 1.9364366834813898 -1.0982872152328491 0.024899753430525768 -3.658231444358826 -15.092778263688087 -12.127248336672784 4.6722189322761869 -0.55948260770954572 1.9073987712563598 -4.8240226031453526
leaf_weight=3560 20 18227 22 24 20 1047 28 20 62 20 22 241 27 27 143 20 25 50 21 32 22 100 521 45 20 20 23 716 197 27
leaf_count=3560 20 18227 22 24 20 1047 28 20 62 20 22 241 27 27 143 20 25 50 21 32 22 100 521 45 20 20 23 716 197 27
internal_value=-4.61021e-10 -0.0402159 -0.488548 -5.20913 -1.32659 -0.402179 -0.928608 -3.97797 -1.59161 -9.04898 -0.645386 -0.533437 1.44201 -0.982401 -2.64073 -7.05967 -1.47696 -4.13541 -9.54227 -0.414762 -3.43769 0.13397 -0.821184 -3.49276 -7.17655 -7.07856 -0.728342 -0.181472 -0.0271982 0.685522
internal_weight=25349 21789 3562 64 40 3498 1765 150 102 48 1615 1593 295 1298 331 69 262 119 46 967 49 1733 686 165 65 40 73 935 913 268
internal_count=25349 21789 3562 64 40 3498 1765 150 102 48 1615 1593 295 1298 331 69 262 119 46 967 49 1733 686 165 65 40 73 935 913 268
is_linear=0
shrinkage=0.05


Tree=179
num_leaves=31
num_cat=0
split_feature=106 134 103 107 108 92 141 65 129 5 142 135 47 54 13 92 92 15 24 44 30 77 105 105 93 105 29 41 113 135
split_gain=98880.7 406093 372073 348449 418000 541157 476838 799032 518179 509593 540662 731711 327656 538430 420136 475377 315874 378708 389138 335222 583609 332229 352114 533745 324307 691949 318532 314518 311897 305086
threshold=996.25000000000011 1666.2500000000002 241.00416564941409 628.25000000000011 320.25000000000006 994.25000000000011 93.750000000000014 873.75000000000011 -44.749999999999993 943.51049804687511 -365.74999999999994 203.25000000000003 397.87002563476568 474.16081237792974 1874.4028930664065 1485.2500000000002 1244.2500000000002 2069.2500000000005 3390.7500000000005 2083.2500000000005 2790.0000000000005 1817.7500000000002 363.75000000000006 687.75000000000011 825.25000000000011 469.25000000000006 2439.2500000000005 1680.080993652344 1231.7500000000002 -74.249999999999986
decision_type=2 2 2 2 2 2 2 2 2 2 2 2 2 2 2 2 2 2 2 2 2 2 2 2 2 2 2 2 2 2
left_child=1 16 -2 4 -4 -6 7 -7 -8 10 -10 12 -12 -14 15 -15 19 -18 21 20 24 22 -19 -24 28 -26 -23 -21 -1 -5
right_child=2 -3 3 29 5 6 8 -9 9 -11 11 -13 13 14 -16 -17 17 18 -20 27 -22 26 23 -25 25 -27 -28 -29 -30 -31
leaf_value=0.0071242981671494517 -6.4672066211700443 -6.7531437559561303 1.2841086392633378 -0.60086649005493076 0.10149594956322722 -14.156441252127937 2.1597314167022708 -1.5789395911352975 4.1192760428477975 -10.250564592534847 -1.0108546171432886 0.5110557022302048 -10.658725927140978 -1.6078314832278662 1.2572072912145544 -10.666479345957439 2.0522735487243433 0.8730363682905834 4.1052346937997006 -3.611181863695383 -8.5421137094497688 6.3148754644393925 -9.7187493059370258 -0.51432443495307656 -10.329914569077285 -0.82969422335210052 -1.3818249417514337 3.0802389934452048 3.1951017805508206 0.60437716172331024
leaf_weight=21266 24 22 155 879 285 23 60 28 29 22 39 92 45 28 27 30 402 30 35 20 20 20 36 28 23 115 41 144 77 1304
leaf_count=21266 24 22 155 879 285 23 60 28 29 22 39 92 45 28 27 30 402 30 35 20 20 20 36 28 23 115 41 144 77 1304
internal_value=2.39682e-10 0.0366578 -0.266026 -0.217166 -1.06771 -1.58258 -2.71725 -7.25115 -2.09567 -2.91401 -2.35744 -3.07708 -5.03038 -6.23624 -3.89493 -6.29334 0.0433692 1.18286 -0.656627 0.0122323 -0.00494475 -1.73189 -3.59665 -5.69181 0.00300383 -2.41306 1.14168 2.26421 0.0186257 0.119077
internal_weight=25349 22279 3070 3046 863 708 423 51 372 312 290 261 169 130 85 58 22257 592 190 21665 21501 155 94 64 21481 138 61 164 21343 2183
internal_count=25349 22279 3070 3046 863 708 423 51 372 312 290 261 169 130 85 58 22257 592 190 21665 21501 155 94 64 21481 138 61 164 21343 2183
is_linear=0
shrinkage=0.05


Tree=180
num_leaves=31
num_cat=0
split_feature=75 54 96 124 138 120 121 65 114 112 64 106 89 124 13 103 128 75 24 117 53 103 75 82 17 136 45 110 74 141
split_gain=98527.8 205353 176560 233079 295901 271272 434012 225283 326909 618371 380177 268128 250108 202429 364476 275109 395733 307183 274158 248424 226429 216511 257952 381341 478956 207692 184388 199849 183140 279988
threshold=224.68847656250003 221.68982696533206 236.14805603027347 246.96434020996097 263.09043884277349 298.25000000000006 105.25000000000001 -54.749999999999993 -21.249999999999996 98.750000000000014 220.25000000000003 198.25000000000003 281.86856079101568 269.65675354003912 -1581.9704589843748 275.21470642089849 -770.74999999999989 273.74031066894537 1236.2500000000002 283.13420104980474 1752.1699829101565 301.73077392578131 316.97926330566412 311.45710754394537 60.250000000000007 413.25000000000006 -1253.7499999999998 284.47929382324224 684.16247558593761 195.25000000000003
decision_type=2 2 2 2 2 2 2 2 2 2 2 2 2 2 2 2 2 2 2 2 2 2 2 2 2 2 2 2 2 2
left_child=1 -1 -2 -4 5 6 7 8 10 -10 11 12 -5 14 -6 16 -15 26 -16 -17 -19 25 -23 24 -24 28 -18 -28 -21 -30
right_child=2 -3 3 4 13 -7 -8 -9 9 -11 -12 -13 -14 15 18 19 17 20 -20 21 -22 22 23 -25 -26 -27 27 -29 29 -31
leaf_value=0.031831281260962158 -0.91063444664811388 1.6157568070998591 0.93639848231808664 -1.2919093844731999 -5.140161808677342 0.63654025156149829 -7.448197538512094 0.033900030963535242 -12.407032389640809 -0.89581905731133049 -6.5491415613330908 -5.2369835637509823 1.7725449092180021 -7.4904664446478311 1.5621015280878152 1.1707961081360432 -4.3778343743085868 -1.6207958565327318 -4.2812001160212922 -0.19795333549003813 -7.1448193278908736 0.69480500851885019 -7.4352580168308355 -0.0029906318825591196 0.1351453725496928 -5.7506841734051708 -0.00097473068315474711 3.4981665100370138 -0.81590967617139298 -4.5136074774300878
leaf_weight=713 544 287 647 241 23 226 28 271 20 28 32 32 92 23 455 458 20 256 21 752 20 1362 39 18117 45 20 244 49 217 67
leaf_count=713 544 287 647 241 23 226 28 271 20 28 32 32 92 23 455 458 20 256 21 752 20 1362 39 18117 45 20 244 49 217 67
internal_value=1.86866e-09 0.486418 -0.0199769 0.000376697 -0.0257744 -0.880577 -1.34142 -1.10261 -1.79473 -5.69216 -1.32351 -0.865369 -0.445273 0.0115953 1.00727 -0.0113122 -1.05635 -0.805101 1.30431 0.0190319 -2.02109 -0.00655168 0.0310918 -0.0185745 -3.37968 -0.703919 0.267143 0.584206 -0.606491 -1.68825
internal_weight=25349 1000 24349 23805 23158 970 744 716 445 48 397 365 333 22188 499 21689 612 589 476 21077 276 20619 19563 18201 84 1056 313 293 1036 284
internal_count=25349 1000 24349 23805 23158 970 744 716 445 48 397 365 333 22188 499 21689 612 589 476 21077 276 20619 19563 18201 84 1056 313 293 1036 284
is_linear=0
shrinkage=0.05


Tree=181
num_leaves=31
num_cat=0
split_feature=142 140 12 43 79 93 68 12 138 16 47 37 145 136 124 54 124 145 110 134 134 118 94 85 19 114 142 134 73 126
split_gain=97151.4 237207 651124 324091 341533 431703 312272 378058 212827 272495 253966 224363 442076 199701 169681 183855 154841 244137 314445 152779 352010 482087 622769 759538 707803 435482 433624 481513 407587 453121
threshold=-23.249999999999996 475.25000000000006 579.40298461914074 2671.2500000000005 1072.0000000000002 943.75000000000011 395.32539367675787 456.37394714355474 297.86230468750006 -2281.7499999999995 507.17504882812506 1088.7500000000002 383.19267272949224 379.75000000000006 504.72840881347662 549.97891235351574 270.76661682128912 269.63024902343756 287.15432739257818 764.25000000000011 863.25000000000011 -1857.2770996093748 -1167.7499999999998 -349.24999999999994 673.24798583984386 467.75000000000006 -389.24999999999994 1083.5000000000002 1411.2500000000002 1007.7500000000001
decision_type=2 2 2 2 2 2 2 2 2 2 2 2 2 2 2 2 2 2 2 2 2 2 2 2 2 2 2 2 2 2
left_child=19 3 6 4 5 8 -3 -8 16 -10 11 13 -13 -11 -12 -16 -2 18 -18 -1 -21 -22 -23 24 -24 28 27 -27 29 -25
right_child=1 2 -4 -5 -6 -7 7 -9 9 10 14 12 -14 -15 15 -17 17 -19 -20 20 21 22 23 25 -26 26 -28 -29 -30 -31
leaf_value=-0.060437869123478552 0.45375531486813836 -0.96193569577657267 4.2529032233783175 -4.870425001780192 4.560120675519661 -6.6071137343134199 -10.827942001342775 -2.0423333754142123 -3.3282250021443227 0.9822632044257793 6.1502749577948919 2.4921427294060035 -6.3984687065256054 5.0398377209901817 -1.9306621630986531 3.4124606196431149 -1.1874189816023175 -0.07139027676596417 -8.6987103050405334 1.7355476576675397 -7.4832422846839535 8.1323978861172996 -13.09381126676287 1.5698599208266506 -0.26047482382167469 -8.2838247095837314 0.051458352583277259 -0.99629542266621307 5.3847845864674406 -5.4927036304473882
leaf_weight=22063 368 52 35 27 54 21 25 24 33 579 38 27 29 32 21 69 38 127 22 397 21 24 21 248 22 34 742 68 63 25
leaf_count=22063 368 52 35 27 54 21 25 24 33 579 38 27 29 32 21 69 38 127 22 397 21 24 21 248 22 34 742 68 63 25
internal_value=9.89973e-10 0.374501 -1.62414 0.557542 0.65806 0.507981 -3.66074 -6.52479 0.616019 1.12383 1.30863 0.917148 -2.11192 1.19477 3.34864 2.16573 -0.141582 -1.31316 -3.94156 -0.0255844 0.436261 0.0294653 0.155982 -0.00054572 -6.52792 0.237316 -0.368739 -3.42547 1.75967 0.923105
internal_weight=25349 1621 136 1485 1458 1404 101 49 1383 828 795 667 56 611 128 90 555 187 60 23728 1665 1268 1247 1223 43 1180 844 102 336 273
internal_count=25349 1621 136 1485 1458 1404 101 49 1383 828 795 667 56 611 128 90 555 187 60 23728 1665 1268 1247 1223 43 1180 844 102 336 273
is_linear=0
shrinkage=0.05


Tree=182
num_leaves=31
num_cat=0
split_feature=135 127 0 121 2 131 2 106 22 86 78 93 114 141 2 19 47 89 4 36 6 121 45 80 64 57 115 105 57 65
split_gain=99414.1 291104 661252 706724 466922 325758 658899 317297 446047 330725 290463 322369 368532 359742 354209 329659 560928 360545 308755 303957 285544 274964 269000 266641 299378 816236 1.2836e+06 432522 361368 464473
threshold=-504.24999999999994 -158.74999999999997 -1919.7499999999998 -694.74999999999989 -2576.4999999999995 594.56900024414074 418.25000000000006 531.25000000000011 1623.7500000000002 287.25000000000006 669.75000000000011 -383.24999999999994 -640.74999999999989 31.750000000000004 -1292.2499999999998 362.20185852050787 375.78172302246099 253.80941009521487 247.71250152587893 -670.74999999999989 -87.112293243408189 -1122.4999999999998 -3643.9999999999995 2759.7500000000005 -219.74999999999997 -543.24999999999989 -419.74999999999994 -990.74999999999989 -379.74999999999994 -556.24999999999989
decision_type=2 2 2 2 2 2 2 2 2 2 2 2 2 2 2 2 2 2 2 2 2 2 2 2 2 2 2 2 2 2
left_child=23 2 3 -2 -5 7 -7 8 10 -9 11 19 -13 -14 -15 17 -17 18 -16 -4 -18 -21 -3 24 27 26 -26 -1 -27 -30
right_child=1 22 5 4 -6 6 -8 9 -10 -11 -12 12 13 14 15 16 20 -19 -20 21 -22 -23 -24 -25 25 28 -28 -29 29 -31
leaf_value=-0.26486598992406735 -0.7690375549452646 5.0876084767855136 -1.2537088193262325 -3.4452771953174044 -13.386070671787969 0.36779432296752934 -10.656541482261991 8.562428903579713 -6.7906504489757396 0.58201560974121092 3.3254896824933446 2.3428140061966918 1.8952635938074529 2.7359797830167025 -9.9140043580826998 -12.94513083955516 -8.2801951408386234 -0.63360279909114248 -1.5023249876499176 -4.6884865828922822 -0.90528361592973983 1.1687145120082787 -0.0014946314953568048 5.4843699534734096 1.5948557627201081 5.6034835488707939 -16.318803272247315 1.1489640277736501 -2.5518313301982065 0.07910062508177941
leaf_weight=909 56 26 255 21 27 33 23 20 27 37 53 47 41 23 24 23 21 97 20 21 35 437 20023 24 20 27 20 1336 190 1433
leaf_count=909 56 26 255 21 27 33 23 20 27 37 53 47 41 23 24 23 21 97 20 21 35 437 20023 24 20 27 20 1336 190 1433
internal_value=1.42881e-09 -0.0425992 -0.755814 -4.58501 -9.03697 -0.433877 -4.16006 -0.257191 -0.441749 3.38216 -0.285486 -0.468802 -1.75832 -2.43703 -3.16799 -3.78522 -6.37098 -2.33647 -6.09051 0.129838 -3.67088 0.900153 0.00510503 0.230158 0.198112 -0.304545 -7.36197 0.576505 -0.133456 -0.228895
internal_weight=25349 21390 1341 104 48 1237 56 1181 1124 57 1097 1044 331 284 243 220 79 141 44 713 56 458 20049 3959 3935 1690 40 2245 1650 1623
internal_count=25349 21390 1341 104 48 1237 56 1181 1124 57 1097 1044 331 284 243 220 79 141 44 713 56 458 20049 3959 3935 1690 40 2245 1650 1623
is_linear=0
shrinkage=0.05


Tree=183
num_leaves=31
num_cat=0
split_feature=116 114 122 19 119 142 100 94 96 64 72 24 15 135 14 135 141 111 138 129 47 142 83 43 41 65 117 136 127 19
split_gain=100022 305154 632368 546435 389975 354306 597042 343506 320990 314627 407545 257764 197256 420997 251233 325130 492824 385706 285813 261426 253652 253206 247104 575036 459244 274323 271358 361946 461894 305747
threshold=5040.8449707031259 -77.749999999999986 780.50000000000011 909.93881225585949 -103.24999999999999 -113.74999999999999 1191.7500000000002 1362.2500000000002 983.12179565429699 1131.2500000000002 828.75000000000011 4357.7500000000009 4164.2500000000009 66.750000000000014 2824.5000000000005 -299.24999999999994 755.25000000000011 1892.6482543945315 485.96820068359381 -2.7499999999999996 435.53230285644537 -181.24999999999997 2148.1960449218755 1986.2500000000002 2554.4484863281255 2800.2500000000005 469.98516845703131 -214.74999999999997 457.25000000000006 348.46911621093756
decision_type=2 2 2 2 2 2 2 2 2 2 2 2 2 2 2 2 2 2 2 2 2 2 2 2 2 2 2 2 2 2
left_child=11 4 3 7 9 6 -4 -3 -8 -2 -11 12 14 -14 22 17 18 -16 20 -19 -17 -18 24 -24 -1 26 29 -28 -29 -25
right_child=1 2 5 -5 -6 -7 8 -9 -10 10 -12 -13 13 -15 15 16 21 19 -20 -21 -22 -23 23 25 -26 -27 27 28 -30 -31
leaf_value=-0.0031008313557027945 3.4795310000578561 -7.1243251613948662 -4.8220349643541418 -11.503352810786321 5.2190574560409937 -4.1241980083060987 2.0340090384850136 1.1223553912980218 9.8250289678573619 -8.8626283562183374 0.99917146726088102 3.9245586054665704 0.31998744692121234 -8.7737341022491453 1.3246290971071293 2.6809746830236345 -6.1824014772068381 -7.6262230921674661 4.427839787285297 -0.18792834849584672 -4.0491860809780311 0.78575113117694861 -8.2367658036095772 -4.3767780845815487 3.996086282696989 3.2878001032648863 2.8008920632875882 -8.6748102174085737 -1.9112423264250464 2.3474155302733593
leaf_weight=24166 24 23 23 26 39 33 39 28 20 20 22 42 35 20 78 42 22 27 156 21 21 32 28 22 72 37 26 34 98 73
leaf_count=24166 24 23 23 26 39 33 39 28 20 20 22 42 35 20 78 42 22 27 156 21 21 32 28 22 72 37 26 34 98 73
internal_value=3.96522e-10 -0.912182 -2.09739 -5.60416 1.25506 0.250623 2.01122 -2.59674 4.67503 -1.0873 -3.69692 0.0108142 0.00424176 -2.98682 0.010834 1.25541 2.22506 -0.845504 3.27996 -4.37197 0.437588 -2.05313 -0.00938863 -1.39412 0.00877892 -0.733453 -1.32154 -2.59128 -3.65337 0.790234
internal_weight=25349 297 192 77 105 115 82 51 59 66 42 25052 25010 55 24955 399 273 126 219 48 63 54 24556 318 24238 290 253 158 132 95
internal_count=25349 297 192 77 105 115 82 51 59 66 42 25052 25010 55 24955 399 273 126 219 48 63 54 24556 318 24238 290 253 158 132 95
is_linear=0
shrinkage=0.05


Tree=184
num_leaves=31
num_cat=0
split_feature=22 28 111 116 86 125 9 144 54 26 3 122 71 24 38 36 115 119 89 66 77 15 22 109 14 16 75 142 140 135
split_gain=97957.1 430513 370720 459667 659802 432926 428646 415226 517352 1.06482e+06 469399 520592 420552 356440 792170 380253 425356 428062 417108 336193 528370 386149 618911 370583 334920 983666 371302 308134 587563 824088
threshold=-1005.2499999999999 -1100.7499999999998 -868.63998413085926 -1069.1199951171873 -1464.7499999999998 -759.08767700195301 -2377.2499999999995 -1284.6624755859373 598.86972045898449 590.47375488281261 -1225.7499999999998 11.250000000000002 1328.2500000000002 -1122.2499999999998 -1023.2499999999999 -1030.7499999999998 189.75000000000003 -43.749999999999993 491.24368286132818 -116.74999999999999 -286.24999999999994 -497.24999999999994 -551.24999999999989 807.94998168945324 85.250000000000014 -51.749999999999993 500.29907226562506 -302.24999999999994 126.25000000000001 -150.74999999999997
decision_type=2 2 2 2 2 2 2 2 2 2 2 2 2 2 2 2 2 2 2 2 2 2 2 2 2 2 2 2 2 2
left_child=27 13 5 4 -4 -3 -6 -8 9 10 11 -9 24 15 -15 19 17 -17 -19 20 21 23 -23 -2 -12 -26 -27 28 -1 -30
right_child=1 2 3 -5 6 -7 7 8 -10 -11 12 -13 -14 14 -16 16 -18 18 -20 -21 -22 22 -24 -25 25 26 -28 -29 29 -31
leaf_value=-0.12299183832775328 -0.33606477344395425 0.68915152363799892 -7.2135839948783049 0.062059987809972128 -7.4571268179199919 4.9296990255209119 -0.10769668753666793 -12.330229060649872 3.7766893097694885 -12.469237764586103 -0.17318613719683362 -0.92199174880981438 -6.7056701526045801 0.16744801387554265 -10.073969750744958 0.43678566005494868 4.0656802472521054 -0.41303834293199621 -10.159505172002884 -8.5150834941864026 6.011522539239377 -12.86051977248419 -1.8136928677558899 -7.3133355227383703 -9.7812488955886749 -0.37866515473765205 -7.2274137843738906 0.56934673227645738 -11.100171578725181 -0.35321083204312759
leaf_weight=1233 141 813 37 16676 22 65 2427 20 47 22 557 20 32 41 35 180 61 23 21 20 20 21 32 22 38 197 22 2430 30 44
leaf_count=1233 141 813 37 16676 22 65 2427 20 47 22 557 20 32 41 35 180 61 23 21 20 20 21 32 22 38 197 22 2430 30 44
internal_value=-6.72331e-10 -0.0408716 -0.00261554 -0.0465091 -0.572664 1.00309 -0.50048 -0.455227 -1.33843 -1.6032 -1.33338 -6.62611 -1.08314 -1.34263 -4.54899 -0.8922 0.364135 -0.643875 -5.06476 -2.29085 -1.76338 -2.48328 -6.19074 -1.27778 -0.862104 -2.3552 -1.06667 0.236371 -0.382705 -4.71009
internal_weight=25349 21612 20995 20117 3441 878 3404 3382 955 908 886 40 846 617 76 541 285 224 44 256 236 216 53 163 814 257 219 3737 1307 74
internal_count=25349 21612 20995 20117 3441 878 3404 3382 955 908 886 40 846 617 76 541 285 224 44 256 236 216 53 163 814 257 219 3737 1307 74
is_linear=0
shrinkage=0.05


Tree=185
num_leaves=31
num_cat=0
split_feature=47 26 102 45 40 82 24 124 19 64 26 91 113 110 61 16 17 124 22 12 26 127 2 10 44 80 135 32 89 17
split_gain=97940.4 611646 495286 536634 456614 411023 695896 456284 448280 406178 400078 377990 427662 372464 364099 461179 404053 342354 533082 340310 336818 385088 371783 319072 332417 738198 313069 312693 309528 308050
threshold=468.38281250000006 452.44371032714849 -2963.6874999999995 -1463.7499999999998 486.28434753417974 391.09252929687506 -441.74999999999994 509.21195983886724 470.15571594238287 481.75000000000006 495.98477172851568 -46.749999999999993 280.25000000000006 533.84020996093761 477.86439514160162 -1085.2499999999998 1807.2500000000002 395.17530822753912 330.25000000000006 427.59004211425787 409.74523925781256 1271.7500000000002 1801.2500000000002 -2596.4999999999995 -672.74999999999989 -766.24999999999989 -155.74999999999997 3897.0100097656255 461.83108520507818 -991.74999999999989
decision_type=2 2 2 2 2 2 2 2 2 2 2 2 2 2 2 2 2 2 2 2 2 2 2 2 2 2 2 2 2 2
left_child=1 19 3 -3 23 6 -4 11 9 -9 13 12 -7 -10 15 -13 -16 18 -6 20 -1 22 28 -2 -25 -26 -8 -21 -22 -14
right_child=4 2 5 -5 17 7 26 8 10 -11 -12 14 29 -15 16 -17 -18 -19 -20 27 21 -23 -24 24 25 -27 -28 -29 -30 -31
leaf_value=0.013577210210359587 -3.5646179118577175 -2.0312176111582168 -12.443447710275651 -12.038418505305337 -10.423345227241517 0.132809897012763 2.60496922492981 -11.844348920385045 -3.0002620349059237 -2.3225501385473071 -6.2981136767069508 -7.1594031198604684 -0.70696173622494651 4.0943156875468594 3.4652618319215911 -1.3040425285495072 -4.2898834531957455 0.0360208467787324 0.52852830123901373 0.87338745293510367 -0.74252961177903998 -7.7705883455276492 2.4893068875841524 2.5600889042303976 -8.6028651419140054 0.96046116179967123 -4.6379740537823855 -5.4258712935447697 -3.701408311846305 6.5093512575626384
leaf_weight=13641 34 37 20 21 20 364 25 24 37 21 30 37 21 37 71 369 22 7079 25 1316 901 20 81 354 21 516 37 20 98 50
leaf_count=13641 34 37 20 21 20 364 25 24 37 21 30 37 21 37 71 369 22 7079 25 1316 901 20 81 354 21 516 37 20 98 50
internal_value=-1.04838e-09 -0.0670376 -1.14496 -5.65451 0.144086 -0.920447 -4.33353 -0.662023 -3.23155 -7.40084 -1.42753 -0.252108 0.825205 0.547027 -1.19125 -1.83766 1.63071 0.00838544 -4.33897 0.0149613 -0.0542927 -0.895941 -0.768633 1.1892 1.37061 0.586476 -1.71743 0.779087 -1.03279 4.37495
internal_weight=25349 17300 1223 58 8049 1165 82 1083 149 45 104 934 435 74 499 406 93 7124 45 16077 14741 1100 1080 925 891 537 62 1336 999 71
internal_count=25349 17300 1223 58 8049 1165 82 1083 149 45 104 934 435 74 499 406 93 7124 45 16077 14741 1100 1080 925 891 537 62 1336 999 71
is_linear=0
shrinkage=0.05


Tree=186
num_leaves=31
num_cat=0
split_feature=145 26 101 107 5 114 131 105 141 135 141 114 100 64 71 144 74 104 50 46 2 5 35 52 31 37 141 80 31 15
split_gain=97561.5 394619 859699 1.0168e+06 514050 503133 365891 312401 311386 321311 302381 1.09059e+06 347043 295550 303575 272226 620809 1.4377e+06 553553 507953 453529 440913 414666 619674 634757 692043 537860 392003 395332 395764
threshold=617.03479003906261 673.24798583984386 -629.74999999999989 197.75000000000003 673.24798583984386 361.25000000000006 611.96658325195324 2209.5000000000005 209.25000000000003 -123.74999999999999 941.50000000000011 173.25000000000003 207.75000000000003 900.75000000000011 1171.2500000000002 1340.8024902343752 1240.967468261719 477.82725524902349 -1705.2499999999998 2695.704956054688 2022.5000000000002 444.82308959960943 -1343.2499999999998 -748.74999999999989 1226.5000000000002 858.25000000000011 348.75000000000006 -454.74999999999994 3276.2500000000005 3562.0000000000005
decision_type=2 2 2 2 2 2 2 2 2 2 2 2 2 2 2 2 2 2 2 2 2 2 2 2 2 2 2 2 2 2
left_child=1 7 4 8 -3 -5 -2 10 -4 -10 -1 -12 -13 -14 -15 16 21 -18 -17 20 -20 -8 26 -24 25 -25 -21 -26 -29 -30
right_child=6 2 3 5 -6 -7 15 -9 9 -11 11 12 13 14 -16 18 17 -19 19 22 -22 -23 23 24 27 -27 -28 28 29 -31
leaf_value=0.0097752562073574328 2.1289660452819263 -14.050423213413783 4.6461686109241693 -12.816213445663454 -3.3385879747569565 -1.7352153687250045 -7.4217142665386211 -4.7350707197189328 -4.9318453391393033 3.0909411833836486 -13.025045914649963 4.7518827648162842 -5.1732679412478495 4.4784573912620544 -1.7041701186270943 8.3616035907164861 -1.2721142027113173 -16.09265810251236 3.3177404315030881 -10.949018013477327 -0.76869072547084416 0.059857828421707088 5.1396453929798946 -1.7661992241817019 -6.2350222492218021 -11.62112446308136 0.50801042829241072 1.9351795424953584 -7.0763169991473367 -0.070756587480741845
leaf_weight=22152 244 21 57 20 24 21 20 35 24 26 20 25 42 26 84 23 90 20 238 20 95 1282 56 163 20 20 21 310 24 126
leaf_count=22152 244 21 57 20 24 21 20 35 24 26 20 25 42 26 84 23 90 20 238 20 95 1282 56 163 20 20 21 310 24 126
internal_value=1.09185e-09 -0.034371 -2.28558 -0.445486 -8.33744 -7.14058 0.27994 -0.0149606 2.11992 -0.759996 -0.00756857 -1.95782 -0.707291 -1.60518 -0.242822 0.101474 -0.359802 -3.96676 0.685096 0.523559 2.15194 -0.0550665 -0.18993 0.0889645 -0.337639 -2.84324 -5.08078 0.617621 0.915562 -1.19165
internal_weight=25349 22577 193 148 45 41 2772 22384 107 50 22349 197 177 152 110 2528 1412 110 1116 1093 333 1302 760 719 663 183 41 480 460 150
internal_count=25349 22577 193 148 45 41 2772 22384 107 50 22349 197 177 152 110 2528 1412 110 1116 1093 333 1302 760 719 663 183 41 480 460 150
is_linear=0
shrinkage=0.05


Tree=187
num_leaves=31
num_cat=0
split_feature=2 8 24 0 24 113 23 35 38 31 60 144 25 9 142 8 29 71 118 84 57 4 5 62 48 36 19 59 142 6
split_gain=96215.2 478364 965129 1.10823e+06 746448 816780 380337 662304 433516 454283 423223 370726 349117 919909 576145 329560 566822 323359 648988 554324 363516 498125 317774 317313 350423 640680 366028 715882 315995 304922
threshold=-580.24999999999989 -73.749999999999986 32.250000000000007 -286.74999999999994 77.750000000000014 253.25000000000003 -709.24999999999989 163.75000000000003 -520.74999999999989 -447.74999999999994 1319.9274902343752 589.81747436523449 -1538.012512207031 -315.24999999999994 -138.24999999999997 -106.24999999999999 -214.24999999999997 -256.24999999999994 -219.56760406494138 316.75000000000006 -379.74999999999994 630.38500976562511 598.86972045898449 -506.22061157226557 -546.49945068359364 -274.24999999999994 458.42031860351568 -1121.7499999999998 -219.74999999999997 -826.70147705078114
decision_type=2 2 2 2 2 2 2 2 2 2 2 2 2 2 2 2 2 2 2 2 2 2 2 2 2 2 2 2 2 2
left_child=1 2 15 4 5 -4 7 8 9 12 11 -10 13 14 -2 23 -17 18 20 28 22 -22 -14 24 -1 26 -26 -28 -19 -3
right_child=6 29 3 -5 -6 -7 -8 -9 10 -11 -12 -13 17 -15 -16 16 -18 19 -20 -21 21 -23 -24 -25 25 -27 27 -29 -30 -31
leaf_value=0.074980758962613747 2.4416404884035998 0.0070228240182322842 -14.108987625439964 -13.883286660058159 -0.67798413424580195 -1.3176686516174905 -0.016504124318009548 -8.2661055564880375 0.71092901124195629 -8.9774261036515242 4.5675949536263944 -5.2484586692625479 -1.0492188823037816 -13.055647686665708 -6.9646114468574529 -10.433674683570864 0.67201279081680165 -0.87688103729280942 -9.6565694073836017 -6.1418665270010635 -0.87574831485748295 -11.062802596092226 4.0677969805068441 0.863413937608279 0.57372261836367133 -10.301077890396119 1.1657965391874314 -9.4104288272559646 3.8067185589514283 2.2075906876381701
leaf_weight=7129 41 248 24 21 216 26 14824 31 165 20 60 31 193 22 27 20 27 58 24 24 30 20 36 1303 118 21 32 32 95 431
leaf_count=7129 41 248 24 21 216 26 14824 31 165 20 60 31 193 22 27 20 27 58 24 24 30 20 36 1303 118 21 32 32 95 431
internal_value=-4.29258e-10 0.124267 0.0273962 -2.82533 -1.95233 -7.4575 -0.0763601 -1.08811 -0.825087 -1.57064 0.89319 -0.231627 -1.31076 -4.16846 -1.29319 0.121698 -4.05381 -0.774938 -1.76681 0.923019 -1.08813 -4.95057 -0.244797 0.144426 0.0166511 -2.03178 -1.07763 -4.12232 2.03124 1.40385
internal_weight=25349 9648 8969 287 266 50 15701 877 846 590 256 196 570 90 68 8682 47 480 303 177 279 50 229 8635 7332 203 182 64 153 679
internal_count=25349 9648 8969 287 266 50 15701 877 846 590 256 196 570 90 68 8682 47 480 303 177 279 50 229 8635 7332 203 182 64 153 679
is_linear=0
shrinkage=0.05


Tree=188
num_leaves=31
num_cat=0
split_feature=96 68 110 71 23 52 145 3 33 9 117 145 106 47 5 16 16 34 124 145 26 24 135 61 24 82 135 140 117 4
split_gain=95605.9 464299 383947 354219 355489 626635 350305 690637 670286 399068 363995 527008 287409 284064 511714 437465 325253 320694 277229 521159 282488 449434 460009 276999 253210 244387 244334 427616 552853 567091
threshold=415.44470214843756 418.45918273925787 400.57257080078131 1435.2500000000002 1106.2500000000002 1117.2500000000002 403.39334106445318 -716.49999999999989 468.41310119628912 -1195.7499999999998 409.57923889160162 393.85037231445318 47.750000000000007 419.74842834472662 424.72711181640631 -414.74999999999994 -1281.7499999999998 -1605.3609619140623 454.14175415039068 504.64953613281256 454.32116699218756 -707.74999999999989 -72.249999999999986 421.56141662597662 190.75000000000003 385.92156982421881 -488.24999999999994 -288.24999999999994 380.68901062011724 -247.182502746582
decision_type=2 2 2 2 2 2 2 2 2 2 2 2 2 2 2 2 2 2 2 2 2 2 2 2 2 2 2 2 2 2
left_child=1 18 -2 4 5 6 7 8 9 12 -9 24 -3 14 15 -8 17 -15 19 20 23 -22 -23 26 -12 -4 -1 28 -28 -30
right_child=2 3 25 -5 -6 -7 13 10 -10 -11 11 -13 -14 16 -16 -17 -18 -19 -20 -21 21 22 -24 -25 -26 -27 27 -29 29 -31
leaf_value=0.63355577863322554 1.9519111525442829 -3.7430128208426545 1.97277238611019 -6.6722694213020395 2.2777104815391644 -8.7173810703413821 3.6213112271350365 0.32430650066699229 -13.500001385211945 -7.8353200565065668 -4.2508872175216679 -10.408865183875676 2.998701360702515 2.2731274724006654 -7.2653074803023507 -4.0633988111249861 3.3253532857275929 -6.0843865437941123 2.1590884639887977 -6.7345487191759306 -9.1049851185154349 1.9309420750357889 -5.1681621369643089 2.1703791298730106 2.4906170005981743 0.03359081865436514 -1.1215017461544301 -0.051476857481573685 -13.435728171467781 -1.5288896942138672
leaf_weight=1264 276 43 165 29 73 28 46 227 20 35 30 21 25 24 29 31 104 22 145 29 21 55 39 145 26 10608 234 11515 20 20
leaf_count=1264 276 43 165 29 73 28 46 227 20 35 30 21 25 24 29 31 104 22 145 29 21 55 39 145 26 10608 234 11515 20 20
internal_value=1.68738e-09 -0.0853543 0.110468 -1.24577 -1.04504 -1.3862 -1.08565 -1.96243 -5.12373 -3.49726 -0.683353 -3.65398 -1.26444 0.376783 -1.60452 0.527467 1.7769 -1.72394 -0.0154041 -0.0390364 -0.0244514 -2.49184 -1.01443 -0.00295199 -1.1209 0.0632915 -0.0270946 -0.0979286 -2.05009 -7.48231
internal_weight=25349 14300 11049 813 784 711 683 427 123 103 304 77 68 256 106 77 150 46 13487 13342 13313 115 94 13198 56 10773 13053 11789 274 40
internal_count=25349 14300 11049 813 784 711 683 427 123 103 304 77 68 256 106 77 150 46 13487 13342 13313 115 94 13198 56 10773 13053 11789 274 40
is_linear=0
shrinkage=0.05


Tree=189
num_leaves=31
num_cat=0
split_feature=85 93 135 127 91 127 72 64 70 64 43 14 2 54 60 19 144 100 35 30 57 141 16 51 92 79 12 5 65 57
split_gain=93995.8 484760 381734 827238 374179 604393 522862 1.09938e+06 367749 480099 395036 817591 590459 390551 368699 431297 879717 967137 417347 511514 439725 367413 533349 398718 355541 341027 346596 443174 328782 687924
threshold=-349.24999999999994 -1580.2499999999998 224.25000000000003 1178.5000000000002 -471.74999999999994 -125.74999999999999 -618.74999999999989 -432.24999999999994 -675.24999999999989 -612.74999999999989 -438.74999999999994 562.25000000000011 -2090.2499999999995 738.81893920898449 -4443.7351074218741 909.93881225585949 860.28247070312511 802.75000000000011 1087.2500000000002 1413.7500000000002 977.75000000000011 421.75000000000006 1900.2500000000002 2197.2500000000005 2888.7500000000005 -788.74999999999989 342.30712890625006 378.62454223632818 -1524.7499999999998 -1631.9999999999998
decision_type=2 2 2 2 2 2 2 2 2 2 2 2 2 2 2 2 2 2 2 2 2 2 2 2 2 2 2 2 2 2
left_child=2 -2 3 4 -1 6 7 -6 28 -10 11 13 -12 -11 -14 -16 17 -17 20 -20 -18 23 -23 -21 -24 -7 -27 -28 29 -3
right_child=1 8 -4 -5 5 25 -8 -9 9 10 12 -13 14 -15 15 16 18 -19 19 21 -22 22 24 -25 -26 26 27 -29 -30 -31
leaf_value=-0.098211591827337838 4.9226146155712653 3.028995785514514 2.7620616119013195 -10.375452890396119 -2.6177734638082573 2.3106105003092026 -0.90096271865897715 -17.85577904433012 -6.2340682883416463 -0.7719030155417379 3.2109389657305707 -9.9173610646277677 4.3252452225685118 3.4443647260728634 0.062248749638274405 -13.152704954147339 1.0761183629433313 0.46564890688115901 4.7478197570030503 0.19980749650435015 -7.5687662526180874 -6.0744350910186773 5.5963456357518835 -7.4608564635685513 -2.0796013767069037 -0.14058770573869045 -11.025883102416993 -1.4793323409172796 1.2982248438278834 -2.2227634416351765
leaf_weight=5696 51 90 109 20 29 72 36 20 31 1508 148 24 50 57 15745 32 24 22 52 33 38 20 48 35 22 98 20 31 985 203
leaf_count=5696 51 90 109 20 29 72 36 20 31 1508 148 24 50 57 15745 32 24 22 52 33 38 20 48 35 22 98 20 31 985 203
internal_value=2.54514e-09 0.054382 -0.170464 -0.223543 -0.189715 -1.89299 -5.47607 -8.83737 0.0414285 -0.0171099 -0.00631781 -0.75879 0.0671765 -0.618339 0.0383149 0.0249775 -1.77513 -7.60449 -0.617836 0.446357 -4.22236 -0.969314 1.1265 -3.74318 3.18391 -0.51489 -1.88023 -5.22308 0.86083 -0.609595
internal_weight=25349 19218 6131 6022 6002 306 85 49 19167 17889 17858 1589 16269 1565 16121 16071 326 54 272 210 62 158 90 68 70 221 149 51 1278 293
internal_count=25349 19218 6131 6022 6002 306 85 49 19167 17889 17858 1589 16269 1565 16121 16071 326 54 272 210 62 158 90 68 70 221 149 51 1278 293
is_linear=0
shrinkage=0.05


Tree=190
num_leaves=31
num_cat=0
split_feature=12 110 27 68 50 40 5 96 132 82 82 6 6 131 102 4 53 54 37 145 131 33 112 6 15 122 3 96 43 40
split_gain=94494.3 320036 341309 454515 391501 339623 263486 654592 595632 546830 453401 605496 539682 412201 392002 339341 264106 647434 491229 320701 452848 469703 632497 570577 495723 448866 441619 389743 380668 303846
threshold=1080.143493652344 1178.973083496094 -4005.886352539062 754.00469970703136 -3210.4999999999995 841.86529541015636 943.51049804687511 943.51049804687511 2095.652465820313 1023.3112182617189 943.51049804687511 3195.1027832031255 1841.935485839844 1080.143493652344 330.01998901367193 5632.8825683593759 -4908.7424316406241 646.21759033203136 -1119.7499999999998 634.06787109375011 611.96658325195324 691.42440795898449 1029.7500000000002 1204.3232421875002 -497.24999999999994 515.75000000000011 -3508.2499999999995 639.42663574218761 -2151.4999999999995 539.11840820312511
decision_type=2 2 2 2 2 2 2 2 2 2 2 2 2 2 2 2 2 2 2 2 2 2 2 2 2 2 2 2 2 2
left_child=1 2 3 -1 -4 -5 16 10 9 15 11 12 14 -11 -8 -9 17 18 -6 20 27 22 -22 24 -23 -24 -21 -18 -28 -30
right_child=-2 -3 4 5 6 -7 7 8 -10 13 -12 -13 -14 -15 -16 -17 19 -19 -20 26 21 23 25 -25 -26 -27 28 -29 29 -31
leaf_value=-1.0287877374225194 1.0880215364875216 -4.9292678775209371 -5.0184205519847387 11.166429910205659 0.76976111516479628 2.617310692713811 -9.1398787546157845 5.4014927468187111 7.8908937181035688 -8.6117324607125649 -10.767347162420101 -8.9267909544295279 4.5992364606549669 0.58642885117303756 0.7596375846862794 -1.417139771911833 -0.0063705791633105443 -8.11674342637553 -7.6891356746852395 -5.5678994434220455 -0.11152784246064368 -3.989045899340085 -10.653256396146922 0.49901541290861195 -13.438475484433383 -0.82490285237630223 4.8946812578925387 2.9375615949857883 2.8836608093717828 0.43883820564220077
leaf_weight=36 198 33 39 21 121 26 20 37 24 29 22 29 31 21 20 36 22096 34 20 28 378 35 26 33 23 21 54 113 138 1607
leaf_count=36 198 33 39 21 121 26 20 37 24 29 22 29 31 21 20 36 22096 34 20 28 378 35 26 33 23 21 54 113 138 1607
internal_value=-1.16171e-09 -0.0085654 -0.00210058 3.1989 -0.012713 6.43713 -0.0049029 -1.56131 0.685676 -0.72022 -4.26875 -2.83905 -0.352514 -4.7485 -4.19012 2.03888 0.012029 -1.92349 -0.430082 0.0258248 -0.0254134 -1.48973 -0.791683 -4.74982 -7.73623 -6.26186 0.663147 0.00860823 0.760128 0.632182
internal_weight=25349 25151 25118 83 25035 47 24996 269 147 123 122 100 71 50 40 73 24727 175 141 24552 22725 516 425 91 58 47 1827 22209 1799 1745
internal_count=25349 25151 25118 83 25035 47 24996 269 147 123 122 100 71 50 40 73 24727 175 141 24552 22725 516 425 91 58 47 1827 22209 1799 1745
is_linear=0
shrinkage=0.05


Tree=191
num_leaves=31
num_cat=0
split_feature=98 141 2 125 39 114 98 113 0 110 64 65 102 57 51 119 96 13 20 8 1 65 138 70 65 142 108 141 64 85
split_gain=96192.2 383473 497391 369535 363961 452943 358945 350565 309307 293235 282382 352790 698248 877206 451161 399738 417426 440687 475937 393408 411628 344327 343010 325698 371397 1.04222e+06 655444 789513 646753 408972
threshold=-1021.7499999999999 574.75000000000011 1295.5000000000002 -320.63720703124994 1069.4275512695315 -631.74999999999989 -960.24999999999989 -162.74999999999997 803.75000000000011 523.51440429687511 -1270.7499999999998 -1494.2499999999998 -3118.0024414062495 -1115.2499999999998 -2488.4999999999995 561.25000000000011 617.03479003906261 -723.15005493164051 -2535.7514648437495 -1276.2499999999998 -627.74999999999989 -1861.7499999999998 448.21479797363287 -714.74999999999989 -942.74999999999989 -569.24999999999989 165.25000000000003 164.25000000000003 -161.74999999999997 -339.74999999999994
decision_type=2 2 2 2 2 2 2 2 2 2 2 2 2 2 2 2 2 2 2 2 2 2 2 2 2 2 2 2 2 2
left_child=1 2 3 4 8 -6 9 -5 -1 -2 -8 12 13 21 -13 16 17 18 -14 -18 -21 -12 -19 -16 25 -25 27 -27 29 -29
right_child=6 -3 -4 7 5 -7 10 -9 -10 -11 11 14 15 -15 23 -17 19 22 -20 20 -22 -23 -24 24 -26 26 -28 28 -30 -31
leaf_value=-0.22547951701220303 0.75750737947958013 2.3540382760716234 -6.9781248257077984 0.51670587826065906 -1.7174757767033269 -9.3871421437371865 1.1756398693316068 8.1254583969712257 -6.3287536689213351 4.2143710560576864 2.1742567257447676 -6.2212612916683332 -7.339954630533855 -14.882827260047197 0.5783879275870365 -6.0764948737236768 6.1953802846726918 -0.0001725305210460316 0.57831110277681186 -5.5994203432039784 2.5143153830810832 -6.5753047797990893 -7.8082652214245929 -9.2693132663384468 -0.013452041277616449 0.37875287957612985 2.8334609326690137 -6.0849705503342006 -10.283372810080245 0.1666820577645706
leaf_weight=1808 214 127 29 41 154 22 506 24 21 86 22 29 21 20 2327 31 42 22 197 22 54 23 39 39 19006 181 99 47 37 59
leaf_count=1808 214 127 29 41 154 22 506 24 21 86 22 29 21 20 2327 31 42 22 197 22 54 23 39 39 19006 181 99 47 37 59
internal_value=6.21429e-10 -0.31392 -0.475345 -0.384243 -0.504528 -2.67618 0.0302204 3.32609 -0.295555 1.74847 0.00763456 -0.018848 -1.34153 -6.17008 0.0110311 -0.608218 -0.181225 -1.23562 -0.184458 2.31179 0.165602 -2.29774 -4.99223 0.0193236 -0.047501 -1.44823 -0.727133 -1.81509 -4.59192 -2.60528
internal_weight=25349 2226 2099 2070 2005 176 23123 65 1829 300 22823 22317 493 65 21824 428 397 279 218 118 76 45 61 21795 19468 462 423 324 143 106
internal_count=25349 2226 2099 2070 2005 176 23123 65 1829 300 22823 22317 493 65 21824 428 397 279 218 118 76 45 61 21795 19468 462 423 324 143 106
is_linear=0
shrinkage=0.05


Tree=192
num_leaves=31
num_cat=0
split_feature=135 78 142 93 72 107 114 115 120 94 127 135 129 3 88 16 29 61 68 89 82 5 54 9 65 57 76 0 0 133
split_gain=95434.2 480431 418049 437356 422992 474020 410102 587026 1.07382e+06 1.04131e+06 635074 732995 421844 401338 537053 320368 918552 316849 613359 551391 360655 606442 489054 433269 422099 828291 574559 373161 352726 333207
threshold=-373.74999999999994 3649.2500000000005 -326.74999999999994 1149.5000000000002 1671.7500000000002 645.25000000000011 -383.74999999999994 -302.74999999999994 -42.249999999999993 -1089.2499999999998 -311.74999999999994 -504.24999999999994 -5.2499999999999991 2251.2500000000005 2583.339965820313 -1439.4999999999998 -1213.7499999999998 651.73046875000011 627.84988403320324 634.06787109375011 909.93881225585949 876.19470214843761 876.19470214843761 -1930.4999999999998 -1066.2499999999998 -836.74999999999989 -855.85836791992176 -3004.9999999999995 785.25000000000011 -224.74999999999997
decision_type=2 2 2 2 2 2 2 2 2 2 2 2 2 2 2 2 2 2 2 2 2 2 2 2 2 2 2 2 2 2
left_child=1 2 3 6 5 -5 7 12 9 -9 -11 -12 17 14 15 16 -10 18 29 -20 22 -22 24 -23 25 27 -27 -19 -25 -1
right_child=-2 -3 -4 4 -6 -7 -8 8 13 10 11 -13 -14 -15 -16 -17 -18 20 19 -21 21 23 -24 28 -26 26 -28 -29 -30 -31
leaf_value=-0.046447480482830435 -0.054643277854365783 7.9089848804473881 0.62678596235355899 -0.84464818239212036 0.55652580803090879 -10.850466086946685 0.81907182176804028 -15.994708434018222 3.3536308107704955 -11.927728118896486 2.5667778049196519 -7.0850270877013335 -5.8729593843221668 6.6858868265151985 -8.0647827495228164 2.6010359562618635 -10.026511084515116 -2.0736708879470824 -10.795303364900443 -1.345748060686808 -9.2363658492267131 5.2591775306065882 8.1782397779925127 -7.495327998101712 3.6191797727843125 -12.215281895228795 -0.37383478164672851 3.7219189351651729 0.96914889812469485 -3.2926090893975224
leaf_weight=1662 19244 20 2599 20 33 29 861 22 29 20 42 37 32 20 22 71 23 42 26 38 20 30 29 20 120 21 20 82 32 83
leaf_count=1662 19244 20 2599 20 33 29 861 22 29 20 42 37 32 20 22 71 23 42 26 38 20 30 29 20 120 21 20 82 32 83
internal_value=1.1363e-09 0.172245 0.146816 -0.211027 -3.8194 -6.76646 -0.124104 -0.443441 -2.57751 -6.1552 -3.96865 -1.95369 -0.173019 0.046131 -0.869697 0.417228 -2.56451 -0.0910419 -0.377169 -5.18463 1.1532 -1.42986 1.99228 0.474165 1.36283 -0.278148 -6.43897 1.7589 -2.28642 -0.200849
internal_weight=25349 6105 6085 3486 82 49 3404 2543 286 121 99 79 2257 165 145 123 52 2225 1809 64 416 102 314 82 285 165 41 124 52 1745
internal_count=25349 6105 6085 3486 82 49 3404 2543 286 121 99 79 2257 165 145 123 52 2225 1809 64 416 102 314 82 285 165 41 124 52 1745
is_linear=0
shrinkage=0.05


Tree=193
num_leaves=31
num_cat=0
split_feature=50 44 45 5 2 72 107 127 133 49 67 110 27 68 3 40 142 136 3 103 89 89 136 22 77 128 86 117 115 9
split_gain=94519.9 334541 376196 540281 466155 320113 664956 504777 482625 306148 300670 600995 302703 380112 337454 373664 319257 286202 286186 272695 281715 276425 272018 204867 194700 251651 271666 526796 251123 364794
threshold=-1337.2499999999998 -1716.7499999999998 -1808.7499999999998 594.56900024414074 -2646.2499999999995 -860.24999999999989 -298.24999999999994 -369.24999999999994 -85.749999999999986 -1558.7499999999998 3145.0849609375005 1178.973083496094 -4005.886352539062 754.00469970703136 -3508.2499999999995 639.42663574218761 -464.24999999999994 567.25000000000011 -43.749999999999993 606.78826904296886 594.56900024414074 841.86529541015636 289.75000000000006 -3059.4999999999995 -355.74999999999994 154.25000000000003 -829.24999999999989 586.37289428710949 -1459.4999999999998 -1827.7499999999998
decision_type=2 2 2 2 2 2 2 2 2 2 2 2 2 2 2 2 2 2 2 2 2 2 2 2 2 2 2 2 2 2
left_child=5 2 3 -2 -5 10 7 -7 -9 -3 11 12 13 -1 15 -14 -15 22 19 20 -4 -21 23 -16 25 26 28 -28 29 -25
right_child=1 9 18 4 -6 6 -8 8 -10 -11 -12 -13 14 16 17 -17 -18 -19 -20 21 -22 -23 -24 24 -26 -27 27 -29 -30 -31
leaf_value=-0.98776382991245826 1.2849067207929252 -4.6779096293449403 1.6727269040979444 0.1233738136291504 -10.030050402421217 0.55981774330139167 2.9509483721948442 -13.517461539506911 -3.3633370721882039 0.0019437740602411423 5.3654639164606728 -8.2968281206877332 -1.0686859204218937 10.239341269839894 2.819031325976054 -8.4099327903527481 1.6204117706843786 -6.076513059139252 -3.7013984472855279 5.0417645950750876 -3.5573839426040652 -0.23820908740162849 3.2997061840419115 -0.54370592548468399 3.7255818161471144 -5.9820929670333864 -0.6571647323668004 -8.0649025559425365 0.21511282236590934 -6.3031748397930256
leaf_weight=35 74 35 320 20 26 21 31 25 22 22963 24 23 52 22 54 26 21 20 23 110 28 32 58 107 29 20 96 32 963 37
leaf_count=35 74 35 320 20 26 21 31 25 22 22963 24 23 52 22 54 26 21 20 23 110 28 32 58 107 29 20 96 32 963 37
internal_value=-9.35888e-10 0.0260329 1.15999 -1.36026 -5.61552 -0.358081 -3.11813 -5.88491 -8.76447 -0.00517836 -0.189307 -0.27289 -0.155491 2.88106 -0.314026 -3.51577 6.0301 -0.137659 1.74952 2.00538 1.25191 3.85191 -0.0525748 -0.19789 -0.32477 -0.418364 -0.328263 -2.5091 -0.0760979 -2.02357
internal_weight=25349 23631 633 120 46 1718 99 68 47 22998 1619 1595 1572 78 1494 78 43 1416 513 490 348 142 1396 1338 1284 1255 1235 128 1107 144
internal_count=25349 23631 633 120 46 1718 99 68 47 22998 1619 1595 1572 78 1494 78 43 1416 513 490 348 142 1396 1338 1284 1255 1235 128 1107 144
is_linear=0
shrinkage=0.05


Tree=194
num_leaves=31
num_cat=0
split_feature=33 12 102 54 26 118 54 41 2 0 22 138 68 47 108 136 133 134 117 103 110 17 96 50 128 36 24 37 12 97
split_gain=93844.2 184695 225174 480996 209991 249276 243180 231192 577653 219428 195518 182654 198573 324937 313926 176512 249983 169512 238559 272528 340676 535028 318899 558552 229623 168150 587972 564137 843695 532855
threshold=227.96028900146487 260.41111755371099 2042.350036621094 268.23377990722662 277.84744262695318 -1259.0004272460935 275.28161621093756 -664.45922851562489 -606.24999999999989 -385.74999999999994 1658.2500000000002 183.30970001220706 184.06170654296878 193.0351257324219 84.750000000000014 -209.24999999999997 -126.74999999999999 30.750000000000004 221.49168395996097 273.65342712402349 258.66061401367193 -80.749999999999986 233.43820953369143 92.250000000000014 -725.24999999999989 -87.249999999999986 -94.249999999999986 -682.24999999999989 539.11840820312511 73.57816314697267
decision_type=2 2 2 2 2 2 2 2 2 2 2 2 2 2 2 2 2 2 2 2 2 2 2 2 2 2 2 2 2 2
left_child=11 2 17 -4 5 -3 7 -6 -9 -10 15 12 -1 14 -14 -11 -17 18 -2 20 22 -22 23 -20 -19 26 -8 -28 29 -29
right_child=1 4 3 -5 6 -7 25 8 9 10 -12 -13 13 -15 -16 16 -18 24 19 -21 21 -23 -24 -25 -26 -27 27 28 -30 -31
leaf_value=0.2442453001129446 1.5179208151557866 -3.7471335589885713 0.40407478014628095 -9.826324741840363 0.92686406434105162 0.71803384576308338 -0.083927427217684814 -9.6941957632700611 -5.9305380036001623 -4.9661118843338707 -5.5904999874887018 0.83269993996321934 -1.999581750919079 0.79305955691215324 -10.1422614261508 2.7068870535918648 -0.95152962668086283 -4.9256924096494918 -1.418197534765516 0.11510443575948262 -9.6441558426932303 -1.3593259143829348 0.20150442175697864 -11.152385241985321 0.020392146435225175 0.12131586192734263 0.1060573327044646 -4.5734944611023636 -13.028659427684287 1.8287594095865884
leaf_weight=197 68 32 27 20 114 1346 7997 21 23 22 21 815 29 39 20 56 281 24 56 139 38 40 114 20 1054 12407 144 117 23 45
leaf_count=197 68 32 27 20 114 1346 7997 21 23 22 21 815 29 39 20 56 281 24 56 139 38 40 114 20 1054 12407 144 117 23 45
internal_value=5.99478e-11 -0.02049 -0.539667 -3.94929 0.0161864 0.614343 -0.0225641 -1.07206 -1.6095 -1.18822 -0.901182 0.451694 -0.637851 -2.61254 -5.32312 -0.626876 -0.343603 -0.436479 -1.22343 -1.68144 -2.61323 -5.39553 -1.47103 -3.97983 -0.0897248 0.00466921 -0.169152 -2.2407 -4.06737 -2.79509
internal_weight=25349 24249 1600 47 22649 1378 21271 538 424 403 380 1100 285 88 49 359 337 1553 475 407 268 78 190 76 1078 20733 8326 329 185 162
internal_count=25349 24249 1600 47 22649 1378 21271 538 424 403 380 1100 285 88 49 359 337 1553 475 407 268 78 190 76 1078 20733 8326 329 185 162
is_linear=0
shrinkage=0.05


Tree=195
num_leaves=31
num_cat=0
split_feature=2 76 39 10 24 111 30 4 133 22 83 3 51 51 39 108 36 36 113 78 44 45 120 30 24 17 100 87 94 79
split_gain=96189.6 900327 1.15333e+06 522163 515408 1.21674e+06 452829 622868 506866 495936 1.20793e+06 572488 434135 684660 390824 479826 445674 579724 560139 417778 469550 459595 839408 503250 390507 459488 557150 399814 748458 870720
threshold=136.25000000000003 -418.55429077148432 -367.22749328613276 153.75000000000003 -9.2499999999999982 674.58383178710949 -59.249999999999993 -2941.869995117187 82.250000000000014 139.75000000000003 -344.63708496093744 -241.74999999999997 -8.7499999999999982 20.250000000000004 2391.7299804687505 -504.49999999999994 -517.24999999999989 -397.74999999999994 640.25000000000011 493.25000000000006 -523.24999999999989 -115.74999999999999 -150.24999999999997 -108.74999999999999 259.25000000000006 657.25000000000011 760.75000000000011 715.50000000000011 376.25000000000006 155.25000000000003
decision_type=2 2 2 2 2 2 2 2 2 2 2 2 2 2 2 2 2 2 2 2 2 2 2 2 2 2 2 2 2 2
left_child=3 2 -2 6 5 14 -1 8 -8 10 -9 -12 -11 -14 16 -16 -3 -18 19 20 -19 22 -22 -23 -15 26 27 28 -26 -30
right_child=1 4 -4 -5 -6 -7 7 9 -10 12 11 -13 13 24 15 -17 17 18 -20 -21 21 23 -24 -25 25 -27 -28 -29 29 -31
leaf_value=0.068093155813226502 -16.110727834701539 3.5618131237594706 0.66626847357977015 0.89054104031239234 -0.0024125253068767128 -13.098862675306473 -1.2158544187192564 -14.469282473836627 -10.817310586145947 1.0153589098828095 -7.6828231557210289 0.14081790274237546 -8.5553150090677992 0.66664234905334929 -2.6346359465803424 5.8564973325264162 -9.81033789800561 2.2213490228018453 -7.2590457621216773 3.4279644852099214 -11.8973922673733 0.95421514256486617 -2.446023106206324 -7.7130257362127317 -0.48361981581195751 3.4745394315475076 -7.6563283636456454 2.8948909718881954 -14.844919940403528 -3.3261887755393986
leaf_weight=12568 20 38 21 1750 9076 22 27 21 28 401 30 106 29 298 28 41 23 62 40 46 31 103 97 20 202 39 42 44 21 75
leaf_count=12568 20 38 21 1750 9076 22 27 21 28 401 30 106 29 298 28 41 23 62 40 46 31 103 97 20 202 39 42 44 21 75
internal_value=1.49488e-09 -0.124043 -7.51763 0.0764778 -0.0925548 -1.57737 -0.0257841 -0.891411 -6.10387 -0.672233 -3.30836 -1.58499 -0.312657 -1.0227 -1.09821 2.41082 -1.62457 -2.09159 -1.64665 -1.02131 -1.6752 -2.63769 -4.73503 -0.455092 -0.719727 -1.69641 -2.22159 -1.55416 -2.21107 -5.84591
internal_weight=25349 9668 41 15681 9627 551 13931 1363 55 1308 157 136 1151 750 529 69 460 422 399 359 313 251 128 123 721 423 384 342 298 96
internal_count=25349 9668 41 15681 9627 551 13931 1363 55 1308 157 136 1151 750 529 69 460 422 399 359 313 251 128 123 721 423 384 342 298 96
is_linear=0
shrinkage=0.05


Tree=196
num_leaves=31
num_cat=0
split_feature=127 36 76 34 142 15 97 126 52 135 142 58 78 56 24 113 139 3 128 19 96 21 138 29 37 52 2 56 130 101
split_gain=93873.4 216524 590352 319842 246060 313983 364335 478170 348270 304488 299010 254169 483054 236421 218484 214261 209962 193180 178829 363447 911740 319321 242332 325756 544398 278075 255866 192471 372654 346657
threshold=1445.2500000000002 -1224.2499999999998 -628.09838867187489 121.72031021118165 -73.749999999999986 4951.2500000000009 2392.0039062500005 1520.2500000000002 2244.5000000000005 -76.249999999999986 -29.249999999999996 1115.2500000000002 2402.0000000000005 1299.0000000000002 579.25000000000011 2726.2500000000005 643.84799194335949 1634.2500000000002 720.25000000000011 533.84020996093761 552.67700195312511 1647.2500000000002 312.62495422363287 1421.7500000000002 1504.2500000000002 2097.7500000000005 -44.749999999999993 3004.7500000000005 772.61999511718761 1756.2500000000002
decision_type=2 2 2 2 2 2 2 2 2 2 2 2 2 2 2 2 2 2 2 2 2 2 2 2 2 2 2 2 2 2
left_child=15 -2 -3 16 5 6 8 -8 9 13 11 -6 -13 -5 -11 18 -4 -16 27 22 -21 -22 -20 26 -25 -26 -24 -1 -29 -30
right_child=1 2 3 4 10 -7 7 -9 -10 14 -12 12 -14 -15 17 -17 -18 -19 19 20 21 -23 23 24 25 -27 -28 28 29 -31
leaf_value=0.019088389054284075 5.6379160563151043 -7.9614593791961674 1.8058198455307222 -4.6997263401746752 0.6281723642349244 -4.4316358017921447 10.936773533821107 2.0958221558424142 -4.2524762943812782 -0.97070525053775669 2.1039794061581296 -11.808316143751146 -0.95067980516524553 1.8651536444822949 6.128399629592896 -3.9804144987288645 7.8433490276336677 1.6127320086956027 -5.3587876319885259 -10.48823539637255 -3.1163224132437457 4.1596656196117401 -1.8840579478971422 -7.5371980132213956 3.5730207603838711 -3.4651861584704857 3.3611747507126104 -7.8842030570620585 -2.249785155267046 2.9750189278613437
leaf_weight=24287 21 20 36 32 20 25 20 65 35 33 30 20 21 24 45 34 24 50 20 33 38 25 31 29 36 23 93 21 114 44
leaf_count=24287 21 20 36 32 20 25 20 65 35 33 30 20 21 24 45 34 24 50 20 33 38 25 31 29 36 23 93 21 114 44
internal_value=-3.27371e-10 0.664221 0.455326 0.806025 0.318196 0.954681 1.39763 4.17605 0.319256 1.18888 -1.98294 -3.9929 -6.24709 -1.88621 2.53423 -0.0139383 4.22083 3.75173 -0.00849904 -1.16824 -3.75563 -0.229026 -0.097593 0.398746 -1.92783 0.829313 2.04987 0.00704883 -1.6265 -0.794776
internal_weight=25349 521 500 480 420 329 304 85 219 184 91 61 41 56 128 24828 60 95 24794 328 96 63 232 212 88 59 124 24466 179 158
internal_count=25349 521 500 480 420 329 304 85 219 184 91 61 41 56 128 24828 60 95 24794 328 96 63 232 212 88 59 124 24466 179 158
is_linear=0
shrinkage=0.05


Tree=197
num_leaves=31
num_cat=0
split_feature=54 19 114 82 61 19 33 40 68 89 124 141 106 120 72 87 85 92 66 72 81 26 85 9 64 141 79 68 61 142
split_gain=96098.6 602326 526945 424319 408572 520459 396869 538830 290184 468437 287261 286301 275174 504210 336538 397114 312210 347620 323781 282361 272289 483636 262238 257282 423693 652179 557253 270257 260603 254609
threshold=481.81999206542974 526.17337036132824 -139.74999999999997 590.47375488281261 526.17337036132824 493.35134887695318 507.17504882812506 493.37133789062506 468.36091613769537 444.62605285644537 393.93484497070318 5.7500000000000009 1662.0000000000002 1704.5000000000002 102.25000000000001 -10.749999999999998 246.25000000000003 716.25000000000011 -52.749999999999993 239.25000000000003 4588.6926269531259 426.06152343750006 -440.74999999999994 -2780.7499999999995 -1442.7499999999998 109.75000000000001 -1125.7499999999998 430.18589782714849 481.81999206542974 -23.249999999999996
decision_type=2 2 2 2 2 2 2 2 2 2 2 2 2 2 2 2 2 2 2 2 2 2 2 2 2 2 2 2 2 2
left_child=1 3 22 4 20 -6 10 -8 -9 -10 -2 -11 14 -14 15 -12 -17 -18 -19 -16 23 -22 -3 24 27 -26 -27 -1 -25 -13
right_child=6 2 -4 -5 5 -7 7 8 9 11 12 29 13 -15 19 16 17 18 -20 -21 21 -23 -24 28 25 26 -28 -29 -30 -31
leaf_value=1.350370487536507 -4.4653913398583738 -4.2411105637197144 -8.9719959020614635 5.8022575070781102 0.099442509810129809 -10.821721138954164 -6.7005791950225833 4.0171283430523346 -5.4749804374499202 3.646866300922853 1.212567364958862 -0.072887122087482714 -7.9225826092388321 2.9324449807405473 5.3717548038020277 -5.8324738343556728 1.2070266230433595 -8.2417105042416114 -0.16870731512705486 1.7927896948877031 0.81620931625366211 -9.7115258264541637 3.1128723404624248 -0.034911749365869257 2.4392214632034306 -13.64484068552653 -2.6279734863476323 -3.9637649478334369 1.5629039980471136 1.7164281511480368
leaf_weight=87 24 27 35 31 24 20 30 45 39 54 626 5697 23 20 66 33 102 23 27 334 24 20 22 17352 20 24 22 33 259 206
leaf_count=87 24 27 35 31 24 20 30 45 39 54 626 5697 23 20 66 33 102 23 27 334 24 20 22 17352 20 24 22 33 259 206
internal_value=9.08325e-10 -0.0622051 -4.28627 -0.0424004 -0.0525309 -4.86472 0.15236 -0.0162237 0.0169713 -0.0130499 0.953197 0.0227089 1.0569 -2.87373 1.19647 0.611095 -1.42416 -0.46709 -3.88229 2.38332 -0.0406629 -3.96912 -0.939322 -0.0309505 -1.8808 -5.09859 -8.3759 -0.111017 -0.0114131 -0.0104445
internal_weight=25349 18000 84 17916 17885 44 7349 6071 6041 5996 1278 5957 1254 43 1211 811 185 152 50 400 17841 44 49 17797 186 66 46 120 17611 5903
internal_count=25349 18000 84 17916 17885 44 7349 6071 6041 5996 1278 5957 1254 43 1211 811 185 152 50 400 17841 44 49 17797 186 66 46 120 17611 5903
is_linear=0
shrinkage=0.05


Tree=198
num_leaves=31
num_cat=0
split_feature=40 18 81 124 33 9 16 14 58 51 61 54 135 121 133 115 3 1 0 0 34 52 68 32 145 115 145 131 82 112
split_gain=93882.9 558529 489160 446885 370029 487546 550836 1.2736e+06 319059 344772 283947 380504 405526 267956 225406 443225 214942 269843 346320 327574 202901 532343 531875 246252 727204 301196 192568 384948 499265 460584
threshold=1023.3112182617189 6667.6250000000009 5400.8198242187509 1178.973083496094 943.51049804687511 3227.7500000000005 1900.2500000000002 1469.7500000000002 -2151.9999999999995 -558.24999999999989 909.93881225585949 983.12179565429699 92.250000000000014 -974.24999999999989 -943.74999999999989 -1013.2499999999999 2492.2500000000005 875.75000000000011 1370.7500000000002 -571.74999999999989 -3937.1789550781245 -3476.2499999999995 754.00469970703136 -5631.9650878906241 725.27545166015636 -572.24999999999989 634.06787109375011 611.96658325195324 725.27545166015636 1029.7500000000002
decision_type=2 2 2 2 2 2 2 2 2 2 2 2 2 2 2 2 2 2 2 2 2 2 2 2 2 2 2 2 2 2
left_child=3 2 14 4 10 6 7 8 -6 -10 20 12 13 -12 -2 -16 17 19 -19 -17 22 -22 -1 24 25 -23 27 -25 29 -29
right_child=1 -3 -4 -5 5 -7 -8 -9 9 -11 11 -13 -14 -15 15 16 -18 18 -20 -21 21 23 -24 26 -26 -27 -28 28 -30 -31
leaf_value=-0.78907585408952507 5.704718353531578 7.8839771179052507 -6.6026738802591964 -7.4814895534515387 -5.0467588502427816 -9.3843176688466752 3.5823163320851883 -11.246164261593538 5.0550432308300124 -1.9744971795515582 0.8807280540466309 -3.0671298320476827 -2.7031029939651492 7.0572750422914154 -6.7028250718116773 0.32925477971721978 4.1480128584967719 -5.93655219078064 1.2123077352841696 7.3237852963534271 -6.3531231302203555 3.6677700488798082 9.0788569948889997 0.0036199769237706871 -10.056708017985027 -3.4213171140900975 0.517434895482626 -0.4669446003871518 -8.1238973324115467 -5.244389253959322
leaf_weight=36 22 26 24 20 23 21 43 34 37 33 25 26 20 59 20 70 45 32 36 22 33 31 22 22271 24 29 1743 439 26 57
leaf_count=36 22 26 24 20 23 21 43 34 37 33 25 26 20 59 20 70 45 32 36 22 33 31 22 22271 24 29 1743 439 26 57
internal_value=-2.41902e-10 0.883743 0.212134 -0.0104771 -0.0045079 -2.19685 -1.30898 -2.96509 0.062395 1.74112 0.0123488 2.343 3.69553 5.21902 0.874301 0.401994 1.09515 0.236528 -2.15186 2.00186 8.76563e-05 -0.00686172 2.95393 0.00164464 -2.70093 0.241378 0.010897 -0.0278384 -1.37 -1.01597
internal_weight=25349 297 271 25052 25032 191 170 127 93 70 24841 130 104 84 247 225 205 160 68 92 24711 24653 58 24620 84 60 24536 22793 522 496
internal_count=25349 297 271 25052 25032 191 170 127 93 70 24841 130 104 84 247 225 205 160 68 92 24711 24653 58 24620 84 60 24536 22793 522 496
is_linear=0
shrinkage=0.05


Tree=199
num_leaves=31
num_cat=0
split_feature=2 1 36 22 16 9 30 31 141 57 72 4 17 99 141 47 99 85 85 2 3 136 83 81 79 127 57 59 57 66
split_gain=90106.7 585396 339591 500693 538188 1.33116e+06 582368 564418 750325 494645 721503 450737 762077 525378 448710 461087 408573 471854 555666 396551 716110 1.04538e+06 419282 472718 720548 412436 384994 539911 642893 387743
threshold=-844.24999999999989 248.75000000000003 -87.249999999999986 25.250000000000004 -120.74999999999999 475.75000000000006 -704.74999999999989 -179.74999999999997 786.00000000000011 379.25000000000006 35.250000000000007 -3051.4550781249995 -90.249999999999986 1548.2500000000002 732.50000000000011 495.98477172851568 1296.7500000000002 75.750000000000014 -21.749999999999996 418.25000000000006 781.75000000000011 -266.74999999999994 503.73362731933599 2232.5400390625005 -233.74999999999997 91.750000000000014 1025.7500000000002 334.25000000000006 477.75000000000006 824.25000000000011
decision_type=2 2 2 2 2 2 2 2 2 2 2 2 2 2 2 2 2 2 2 2 2 2 2 2 2 2 2 2 2 2
left_child=1 -1 19 -4 5 7 -6 -5 11 -8 14 12 -9 26 15 -11 17 18 -17 22 21 -21 23 -2 25 -25 27 -13 -29 -30
right_child=2 -3 3 4 6 -7 9 8 -10 10 -12 13 -14 -15 -16 16 -18 -19 -20 20 -22 -23 -24 24 -26 -27 -28 28 29 -31
leaf_value=0.10103488490769674 -0.32128536857902767 4.7271608083144478 0.96057686698183442 2.8102146232930516 -8.2475092978704545 -13.133187786557457 0.66982014722845173 1.6115332460403444 -9.9627945220988749 -1.7069463977632386 0.090419954210976816 -0.18635078863780968 -11.370617620761578 -7.5990028028134944 -6.8747330532354471 -0.17941578489083509 -6.5682035183906553 2.2914418384713948 -9.1317373538017286 -16.204470888078216 0.14725685837448285 -3.0048748684922852 6.661473115781944 -6.178195772440203 -12.306795021295549 1.2205867900823555 2.0645094512866473 -8.8700548741552563 -1.0544260065548121 -6.3564443981647498
leaf_weight=7660 3222 69 1356 104 21 22 2744 20 23 839 7173 881 26 27 34 130 20 212 20 20 93 60 21 31 20 48 127 36 250 40
leaf_count=7660 3222 69 1356 104 21 22 2744 20 23 839 7173 881 26 27 34 130 20 212 20 20 93 60 21 31 20 48 127 36 250 40
internal_value=6.4363e-10 0.142334 -0.0624348 0.0471427 -0.0500113 -0.921311 0.0711127 -0.746173 -1.00482 0.0867493 -0.103088 -0.858385 -5.7262 -0.693859 -1.20909 -1.05132 0.388646 0.773002 -1.37306 -0.502148 -2.83634 -6.30477 -0.381317 -0.425852 -3.82901 -1.68273 -0.554099 -0.829628 -2.56806 -1.78574
internal_weight=25349 7729 17620 14105 12749 1556 11193 1534 1430 11172 8428 1407 46 1361 1255 1221 382 362 150 3515 173 80 3342 3321 99 79 1334 1207 326 290
internal_count=25349 7729 17620 14105 12749 1556 11193 1534 1430 11172 8428 1407 46 1361 1255 1221 382 362 150 3515 173 80 3342 3321 99 79 1334 1207 326 290
is_linear=0
shrinkage=0.05


Tree=200
num_leaves=31
num_cat=0
split_feature=54 68 33 138 126 54 101 61 111 47 96 3 126 134 39 142 133 125 3 16 138 124 51 128 136 99 23 40 141 40
split_gain=89058 503787 456885 424032 642690 618604 1.00359e+06 479978 477849 569300 471013 434515 406975 410390 393434 389331 387102 371658 359995 569294 420285 369187 357534 380882 425675 320597 314383 310541 499113 806659
threshold=446.58177185058599 418.45918273925787 460.22297668457037 404.86665344238287 -237.24999999999997 411.14233398437506 -385.74999999999994 437.28706359863287 487.55715942382818 440.97393798828131 416.90545654296881 -438.74999999999994 486.75000000000006 706.75000000000011 785.92251586914074 -67.749999999999986 24.250000000000004 960.20248413085949 1027.2500000000002 -51.749999999999993 374.30467224121099 406.59713745117193 -444.24999999999994 69.250000000000014 275.75000000000006 1218.2500000000002 -1962.2499999999998 466.02183532714849 175.75000000000003 456.33668518066412
decision_type=2 2 2 2 2 2 2 2 2 2 2 2 2 2 2 2 2 2 2 2 2 2 2 2 2 2 2 2 2 2
left_child=1 -1 -2 4 5 6 -3 -7 22 10 17 26 18 -14 25 -16 -11 -10 19 -13 -21 -22 23 -5 -25 -12 -6 28 29 -4
right_child=2 3 27 8 11 7 -8 -9 9 16 14 12 13 -15 15 -17 -18 -19 -20 20 21 -23 -24 24 -26 -27 -28 -29 -30 -31
leaf_value=0.02663481209033583 1.0910099155102979 -2.663989471435547 1.3300267440080642 0.16869734924043245 2.5205872136354448 1.121017145278842 -17.136222001780634 -6.9662539198994642 -9.3111683511734018 -10.38872701768522 -6.2436136123112274 1.8050844236927213 -8.9882209757963825 0.35825758291327436 2.5387205181213526 -4.6061167890375314 -3.033295163793384 -1.461520440405921 3.1403725750902867 0.51456061022622246 -10.757170228774733 -2.1574146668116252 1.757311217940372 -7.1514927044147401 0.35591094970703124 1.0079157370108145 -4.2030548156652241 0.059045884319857057 0.020391061649986761 -7.056963320208502
leaf_weight=14449 1079 25 45 398 20 43 23 32 25 27 35 106 24 23 143 22 53 38 94 35 26 24 299 41 35 27 133 7745 201 79
leaf_count=14449 1079 25 45 398 20 43 23 32 25 27 35 106 24 23 143 22 53 38 94 35 26 24 299 41 35 27 133 7745 201 79
internal_value=-1.12247e-09 -0.0704296 0.124709 -0.871391 -1.93823 -5.16625 -9.5986 -2.32955 -0.303906 -1.78159 -0.751473 -1.11957 -0.103609 -4.41441 0.310087 1.58608 -5.51575 -4.57646 0.607295 -0.63935 -3.6877 -6.62929 0.403394 -0.45066 -3.69414 -3.08569 -3.32415 -0.0044907 -1.51862 -4.0133
internal_weight=25349 16200 9149 1751 608 123 48 75 1143 370 290 485 332 47 227 165 80 63 285 191 85 50 773 474 76 62 153 8070 325 124
internal_count=25349 16200 9149 1751 608 123 48 75 1143 370 290 485 332 47 227 165 80 63 285 191 85 50 773 474 76 62 153 8070 325 124
is_linear=0
shrinkage=0.05


Tree=201
num_leaves=31
num_cat=0
split_feature=78 79 9 77 135 114 78 75 110 137 93 93 122 79 59 72 64 99 140 9 25 40 110 92 16 135 47 79 51 66
split_gain=89379.4 493170 438431 478888 724946 499791 424301 436061 460478 432177 368852 1.00548e+06 1.01633e+06 351621 324195 302216 567054 551135 564812 533025 554371 610788 959532 488316 470765 448450 434367 401116 568359 425870
threshold=-20.749999999999996 -277.74999999999994 1343.7500000000002 -404.74999999999994 -287.74999999999994 -784.24999999999989 1021.2500000000001 533.84020996093761 552.67700195312511 342.59500122070318 -1105.7499999999998 -850.74999999999989 -69.749999999999986 -133.74999999999997 430.25000000000006 -114.74999999999999 237.25000000000003 1059.2500000000002 91.750000000000014 957.25000000000011 417.37998962402349 426.05484008789068 375.72377014160162 489.25000000000006 309.25000000000006 394.25000000000006 528.30694580078136 -171.74999999999997 88.250000000000014 142.25000000000003
decision_type=2 2 2 2 2 2 2 2 2 2 2 2 2 2 2 2 2 2 2 2 2 2 2 2 2 2 2 2 2 2
left_child=2 6 13 5 -5 -4 7 8 14 -8 -3 12 -12 -1 -2 16 25 19 -19 20 26 22 24 -23 -22 -13 27 28 -18 -29
right_child=1 10 3 4 -6 -7 9 -9 -10 -11 11 15 -14 -15 -16 -17 17 18 -20 -21 21 23 -24 -25 -26 -27 -28 29 -30 -31
leaf_value=-0.063901148187679127 0.82967374036344355 3.7536759708076719 -5.228932038220492 0.29078107357025146 -12.17298908866942 2.9515696215075118 -9.2004495075770798 2.0358414437323078 -5.5067209154367447 0.2883232865482569 -1.1581749733104263 0.029933488221153465 -13.398771267490728 -6.1232105709612377 -1.8518415510654451 0.086593389359968867 -10.026744855691989 -12.689620840031168 -1.7248095730940503 1.7118313820562632 -8.0449260366374045 1.6439781990121394 -14.826589565647062 -6.0918251561767924 1.1296313144542554 -7.5057228320837028 3.6384316579155307 1.4196742093678818 0.29639920343955362 -4.1671543962815232
leaf_weight=9988 1147 64 33 20 28 43 21 611 32 28 43 1536 28 24 125 10980 30 23 24 107 29 51 29 34 27 20 46 103 24 51
leaf_count=9988 1147 64 33 20 28 43 21 611 32 28 43 1536 28 24 125 10980 30 23 24 107 29 51 29 34 27 20 46 103 24 51
internal_value=-1.26703e-09 0.0766362 -0.115022 -3.06988 -6.97975 -0.60049 0.81604 0.933598 0.417132 -3.77829 -0.0329713 -0.0513516 -5.98545 -0.0784261 0.56616 -0.0192241 -0.563683 -1.90097 -7.09057 -1.44163 -2.23743 -4.44737 -7.4444 -1.45034 -3.62148 -0.0669258 -0.758344 -1.73071 -5.43868 -0.430509
internal_weight=25349 15213 10136 124 48 76 1964 1915 1304 49 13249 13185 71 10012 1272 13114 2134 578 47 531 424 170 85 85 56 1556 254 208 54 154
internal_count=25349 15213 10136 124 48 76 1964 1915 1304 49 13249 13185 71 10012 1272 13114 2134 578 47 531 424 170 85 85 56 1556 254 208 54 154
is_linear=0
shrinkage=0.05


end of trees

feature_importances:
Column_141=260
Column_142=224
Column_106=192
Column_117=161
Column_107=150
Column_134=149
Column_135=115
Column_127=111
Column_26=105
Column_96=105
Column_128=102
Column_121=80
Column_12=74
Column_54=74
Column_120=74
Column_75=73
Column_78=71
Column_113=71
Column_136=70
Column_33=69
Column_85=66
Column_64=65
Column_140=65
Column_99=63
Column_100=63
Column_57=62
Column_145=61
Column_65=60
Column_115=60
Column_110=59
Column_93=58
Column_138=58
Column_68=57
Column_4=56
Column_5=56
Column_86=55
Column_108=55
Column_114=55
Column_131=55
Column_79=54
Column_47=53
Column_92=52
Column_0=49
Column_2=49
Column_94=49
Column_124=49
Column_19=48
Column_71=47
Column_36=46
Column_9=45
Column_16=45
Column_82=45
Column_103=45
Column_43=44
Column_40=42
Column_129=42
Column_6=40
Column_58=40
Column_72=40
Column_1=39
Column_37=39
Column_31=38
Column_45=38
Column_122=38
Column_126=38
Column_133=38
Column_15=37
Column_24=37
Column_8=36
Column_61=36
Column_22=35
Column_51=35
Column_89=35
Column_3=34
Column_23=34
Column_50=34
Column_29=33
Column_119=32
Column_101=30
Column_144=30
Column_30=29
Column_112=29
Column_52=28
Column_66=28
Column_59=27
Column_17=25
Column_80=25
Column_41=24
Column_44=24
Column_105=23
Column_10=22
Column_38=22
Column_87=21
Column_34=20
Column_70=20
Column_73=20
Column_98=20
Column_84=19
Column_91=18
Column_48=17
Column_116=17
Column_130=17
Column_13=16
Column_35=16
Column_56=16
Column_76=16
Column_77=16
Column_125=15
Column_69=14
Column_83=14
Column_97=14
Column_111=14
Column_14=13
Column_20=13
Column_118=13
Column_132=12
Column_32=11
Column_55=11
Column_60=11
Column_62=11
Column_102=11
Column_123=11
Column_7=10
Column_25=10
Column_27=10
Column_139=10
Column_28=9
Column_42=9
Column_90=9
Column_95=9
Column_109=9
Column_18=8
Column_67=8
Column_88=8
Column_39=7
Column_104=7
Column_21=6
Column_46=6
Column_81=6
Column_137=6
Column_49=5
Column_53=5
Column_63=5
Column_11=3
Column_74=3

parameters:
[boosting: gbdt]
[objective: regression]
[metric: l2]
[tree_learner: serial]
[device_type: cpu]
[data_sample_strategy: bagging]
[data: ]
[valid: ]
[num_iterations: 1000]
[learning_rate: 0.05]
[num_leaves: 31]
[num_threads: 0]
[seed: 42]
[deterministic: 1]
[force_col_wise: 0]
[force_row_wise: 0]
[histogram_pool_size: -1]
[max_depth: -1]
[min_data_in_leaf: 20]
[min_sum_hessian_in_leaf: 0.001]
[bagging_fraction: 1]
[pos_bagging_fraction: 1]
[neg_bagging_fraction: 1]
[bagging_freq: 0]
[bagging_seed: 400]
[bagging_by_query: 0]
[feature_fraction: 1]
[feature_fraction_bynode: 1]
[feature_fraction_seed: 30056]
[extra_trees: 0]
[extra_seed: 12879]
[early_stopping_round: 0]
[early_stopping_min_delta: 0]
[first_metric_only: 0]
[max_delta_step: 0]
[lambda_l1: 0]
[lambda_l2: 0]
[linear_lambda: 0]
[min_gain_to_split: 0]
[drop_rate: 0.1]
[max_drop: 50]
[skip_drop: 0.5]
[xgboost_dart_mode: 0]
[uniform_drop: 0]
[drop_seed: 17869]
[top_rate: 0.2]
[other_rate: 0.1]
[min_data_per_group: 100]
[max_cat_threshold: 32]
[cat_l2: 10]
[cat_smooth: 10]
[max_cat_to_onehot: 4]
[top_k: 20]
[monotone_constraints: ]
[monotone_constraints_method: basic]
[monotone_penalty: 0]
[feature_contri: ]
[forcedsplits_filename: ]
[refit_decay_rate: 0.9]
[cegb_tradeoff: 1]
[cegb_penalty_split: 0]
[cegb_penalty_feature_lazy: ]
[cegb_penalty_feature_coupled: ]
[path_smooth: 0]
[interaction_constraints: ]
[verbosity: -1]
[saved_feature_importance_type: 0]
[use_quantized_grad: 0]
[num_grad_quant_bins: 4]
[quant_train_renew_leaf: 0]
[stochastic_rounding: 1]
[linear_tree: 0]
[max_bin: 255]
[max_bin_by_feature: ]
[min_data_in_bin: 3]
[bin_construct_sample_cnt: 200000]
[data_random_seed: 175]
[is_enable_sparse: 1]
[enable_bundle: 1]
[use_missing: 1]
[zero_as_missing: 0]
[feature_pre_filter: 1]
[pre_partition: 0]
[two_round: 0]
[header: 0]
[label_column: ]
[weight_column: ]
[group_column: ]
[ignore_column: ]
[categorical_feature: ]
[forcedbins_filename: ]
[precise_float_parser: 0]
[parser_config_file: ]
[objective_seed: 16083]
[num_class: 1]
[is_unbalance: 0]
[scale_pos_weight: 1]
[sigmoid: 1]
[boost_from_average: 1]
[reg_sqrt: 0]
[alpha: 0.9]
[fair_c: 1]
[poisson_max_delta_step: 0.7]
[tweedie_variance_power: 1.5]
[lambdarank_truncation_level: 30]
[lambdarank_norm: 1]
[label_gain: ]
[lambdarank_position_bias_regularization: 0]
[eval_at: ]
[multi_error_top_k: 1]
[auc_mu_weights: ]
[num_machines: 1]
[local_listen_port: 12400]
[time_out: 120]
[machine_list_filename: ]
[machines: ]
[gpu_platform_id: -1]
[gpu_device_id: -1]
[gpu_device_id_list: ]
[gpu_use_dp: 0]
[num_gpu: 1]

end of parameters

pandas_categorical:null
