tree
version=v4
num_class=1
num_tree_per_iteration=1
label_index=0
max_feature_idx=293
objective=regression
feature_names=Column_0 Column_1 Column_2 Column_3 Column_4 Column_5 Column_6 Column_7 Column_8 Column_9 Column_10 Column_11 Column_12 Column_13 Column_14 Column_15 Column_16 Column_17 Column_18 Column_19 Column_20 Column_21 Column_22 Column_23 Column_24 Column_25 Column_26 Column_27 Column_28 Column_29 Column_30 Column_31 Column_32 Column_33 Column_34 Column_35 Column_36 Column_37 Column_38 Column_39 Column_40 Column_41 Column_42 Column_43 Column_44 Column_45 Column_46 Column_47 Column_48 Column_49 Column_50 Column_51 Column_52 Column_53 Column_54 Column_55 Column_56 Column_57 Column_58 Column_59 Column_60 Column_61 Column_62 Column_63 Column_64 Column_65 Column_66 Column_67 Column_68 Column_69 Column_70 Column_71 Column_72 Column_73 Column_74 Column_75 Column_76 Column_77 Column_78 Column_79 Column_80 Column_81 Column_82 Column_83 Column_84 Column_85 Column_86 Column_87 Column_88 Column_89 Column_90 Column_91 Column_92 Column_93 Column_94 Column_95 Column_96 Column_97 Column_98 Column_99 Column_100 Column_101 Column_102 Column_103 Column_104 Column_105 Column_106 Column_107 Column_108 Column_109 Column_110 Column_111 Column_112 Column_113 Column_114 Column_115 Column_116 Column_117 Column_118 Column_119 Column_120 Column_121 Column_122 Column_123 Column_124 Column_125 Column_126 Column_127 Column_128 Column_129 Column_130 Column_131 Column_132 Column_133 Column_134 Column_135 Column_136 Column_137 Column_138 Column_139 Column_140 Column_141 Column_142 Column_143 Column_144 Column_145 Column_146 Column_147 Column_148 Column_149 Column_150 Column_151 Column_152 Column_153 Column_154 Column_155 Column_156 Column_157 Column_158 Column_159 Column_160 Column_161 Column_162 Column_163 Column_164 Column_165 Column_166 Column_167 Column_168 Column_169 Column_170 Column_171 Column_172 Column_173 Column_174 Column_175 Column_176 Column_177 Column_178 Column_179 Column_180 Column_181 Column_182 Column_183 Column_184 Column_185 Column_186 Column_187 Column_188 Column_189 Column_190 Column_191 Column_192 Column_193 Column_194 Column_195 Column_196 Column_197 Column_198 Column_199 Column_200 Column_201 Column_202 Column_203 Column_204 Column_205 Column_206 Column_207 Column_208 Column_209 Column_210 Column_211 Column_212 Column_213 Column_214 Column_215 Column_216 Column_217 Column_218 Column_219 Column_220 Column_221 Column_222 Column_223 Column_224 Column_225 Column_226 Column_227 Column_228 Column_229 Column_230 Column_231 Column_232 Column_233 Column_234 Column_235 Column_236 Column_237 Column_238 Column_239 Column_240 Column_241 Column_242 Column_243 Column_244 Column_245 Column_246 Column_247 Column_248 Column_249 Column_250 Column_251 Column_252 Column_253 Column_254 Column_255 Column_256 Column_257 Column_258 Column_259 Column_260 Column_261 Column_262 Column_263 Column_264 Column_265 Column_266 Column_267 Column_268 Column_269 Column_270 Column_271 Column_272 Column_273 Column_274 Column_275 Column_276 Column_277 Column_278 Column_279 Column_280 Column_281 Column_282 Column_283 Column_284 Column_285 Column_286 Column_287 Column_288 Column_289 Column_290 Column_291 Column_292 Column_293
feature_infos=[-6602.5:9202.5] [-6012.5:9695] [-6967.5:9187.5] [-6720:9640] [-7132.18994140625:10798.7646484375] [151.30067443847656:1441.2490234375] [-6287.337890625:9162.3759765625] [-6715:9640] [-6060:9755] [-7157.5:9440] [-6910:9620] [-7108.68994140625:10775.9150390625] [151.30067443847656:1441.2490234375] [-6264.1708984375:9203.9775390625] [-6905:9620] [-6225:9855] [-7005:9518] [-6595:9735] [-7090.39013671875:10754.1650390625] [151.30067443847656:1441.2490234375] [-6184.92822265625:9252.2529296875] [-6595:9735] [-6190:9850] [-7287.5:9531.5] [-7040:9640] [-7076.14013671875:10732.1650390625] [151.30067443847656:1441.2490234375] [-6144.2529296875:9287.501953125] [-7035:9635] [-6355:9700] [-7135:9216.5] [-6725:9325] [-7058.43994140625:10701.0146484375] [151.30067443847656:1441.2490234375] [-6095.45703125:9261.3662109375] [-6725:9320] [-5880:9385] [-6934.5:8860] [-6627.5:9160] [-7021.26513671875:10667.0654296875] [151.30067443847656:1441.2490234375] [-6029.73388671875:9204.8779296875] [-6620:9160] [-6030:9275] [-6915:8960] [-6082.5:9155] [-6991.740234375:10634.08984375] [151.30067443847656:1441.2490234375] [-6032.4853515625:9147.84375] [-6087.5:9155] [-5745:9375] [-6677.5:9038] [-6087.5:9255] [-6964.60986328125:10593.615234375] [151.30067443847656:1441.2490234375] [-6002.7138671875:9056.67578125] [-6095:9255] [-5510:9370] [-6275:9051.5] [-5652.5:9160] [-6933.43505859375:10549.7099609375] [151.30067443847656:1441.2490234375] [-5966.46728515625:8934.9326171875] [-5647.5:9155] [-5182.5:9220] [-6060:8415] [-5575:8600] [-6899.56005859375:10502.009765625] [151.30067443847656:1441.2490234375] [-5908.37890625:8789.484375] [-5570:8600] [-5070:8715] [-5947.5:8396.5] [-5532.5:8505] [-6853.384765625:10453.3603515625] [151.30067443847656:1441.2490234375] [-5824.435546875:8724.8779296875] [-5530:8500] [-4847.5:8565] [-5945:7760] [-5697.5:8505] [-6808.8349609375:10401.4345703125] [151.30067443847656:1441.2490234375] [-5742.89599609375:8667.84375] [-5692.5:8502.5] [-5012.5:8847.5] [-5792.5:7932.5] [-5507.5:8820] [-6761.01513671875:10354.66015625] [151.30067443847656:1441.2490234375] [-5701.26904296875:8576.67578125] [-5502.5:8817.5] [-4835:8850] [-5602.5:8070] [-5285:8335] [-6712.9150390625:10308.91015625] [151.30067443847656:1441.2490234375] [-5642.74462890625:8454.9326171875] [-5277.5:8332.5] [-4955:8407.5] [-5800:7867.5] [-5615:7962.5] [-6662.56494140625:10261.8095703125] [151.30067443847656:1441.2490234375] [-5598.404296875:8309.484375] [-5615:7980] [-5122.5:8137.5] [-5967.5:7305] [-5782.5:7685] [-6614.0400390625:10212.6845703125] [151.30067443847656:1441.2490234375] [-5615.14013671875:8161.34912109375] [-5782.5:7687.5] [-5272.5:8002.5] [-5957.5:7322.5] [-5660:7622.5] [-6564.740234375:10162.4853515625] [151.30067443847656:1441.2490234375] [-5619.21826171875:8051.0166015625] [-5660:7617.5] [-5390:8115] [-5815:7312.5] [-5612.5:7435] [-6517.9599609375:10109.1845703125] [151.30067443847656:1441.2490234375] [-5618.607421875:7950.923828125] [-5610:7432.5] [-5552.5:7867.5] [-5975:6907.5] [-5605:6965] [-6468.634765625:10051.7353515625] [151.30067443847656:1441.2490234375] [-5617.37060546875:7836.7490234375] [-5562.5:6965] [-5452.5:7417.5] [-5788:6830] [-5452.5:7342.5] [-6415.43505859375:9995.53515625] [151.30067443847656:1441.2490234375] [-5602.38232421875:7745.2265625] [-5498:7340] [-5225:7402.5] [-5950:6695] [-5250:6857.5] [-6355.509765625:9938.2353515625] [151.30067443847656:1441.2490234375] [-5570.34765625:7656.5693359375] [-5250:6855] [-4895:7072.5] [-5620:6749.5] [-5370:6850] [-6320.93994140625:9875.134765625] [151.30067443847656:1441.2490234375] [-5503.49755859375:7571.0166015625] [-5365:6852.5] [-4782.5:6875] [-5465:6335] [-5085:6470] [-6283.76513671875:9809.7353515625] [151.30067443847656:1441.2490234375] [-5465.45263671875:7470.923828125] [-5077.5:6470] [-4957.5:6672.5] [-6055:6094.5] [-5807.5:6250] [-6254.240234375:9740.39453125] [151.30067443847656:1441.2490234375] [-5416.5478515625:7356.7490234375] [-5802.5:6250] [-5547.5:6637.5] [-6645:6100] [-6397.5:6350] [-6227.10986328125:9671.294921875] [151.30067443847656:1441.2490234375] [-5345.72509765625:7265.2265625] [-6392.5:6350] [-5712.5:6390] [-6492.5:6020] [-6082.5:6290] [-6195.93505859375:9600.0947265625] [151.30067443847656:1441.2490234375] [-5310.43212890625:7176.5693359375] [-6082.5:6285] [-5237.5:6360] [-6292:5625] [-5985:5740] [-6162.06005859375:9524.1201171875] [151.30067443847656:1441.2490234375] [-5255.16552734375:7045.97216796875] [-5977.5:5740] [-5387.5:6432.5] [-6272.5:5560] [-5440:5690] [-6115.884765625:9443.9697265625] [151.30067443847656:1441.2490234375] [-5169.01416015625:6917.7021484375] [-5445:5692.5] [-5102.5:5940] [-6035:5257.5] [-5445:5440] [-6071.3349609375:9356.794921875] [151.30067443847656:1441.2490234375] [-5092.740234375:6768.36572265625] [-5452.5:5440] [-4460:6047.5] [-5632.5:5185] [-4667.5:5540] [-6023.51513671875:9263.5947265625] [151.30067443847656:1441.2490234375] [-5019.763671875:6656.69580078125] [-4660:5540] [-4540:5845] [-5417.5:5095] [-4775:5372.5] [-5975.4150390625:9172.044921875] [151.30067443847656:1441.2490234375] [-4908.8759765625:6539.95068359375] [-4770:5372.5] [-4427.5:6160] [-5305:5205] [-4890:5650] [-5925.06494140625:9079.599609375] [151.30067443847656:1441.2490234375] [-4716.47802734375:6408.13720703125] [-4887.5:5647.5] [-3482.5:5650] [-5112.5:4862.5] [-3945:4895] [-5876.5400390625:8983.0498046875] [151.30067443847656:1441.2490234375] [-4497.70751953125:6270.5791015625] [-3942.5:4892.5] [-3235:5285] [-4167.5:4370] [-3605:4435] [-5827.240234375:8883.275390625] [151.30067443847656:1441.2490234375] [-4282.0068359375:6080.07177734375] [-3605:4435] [-3180:4955] [-3987.5:4207.5] [-3572.5:4240] [-5780.4599609375:8783.5947265625] [151.30067443847656:1441.2490234375] [-4061.824462890625:5881.42919921875] [-3570:4235] [-2922.5:4462.5] [-4365:3720] [-3250:3865] [-5731.134765625:8692.044921875] [151.30067443847656:1441.2490234375] [-3873.476806640625:5698.1171875] [-3247.5:3867.5] [-2625:4570] [-4483:3590] [-2967.5:3895] [-5677.93505859375:8599.599609375] [151.30067443847656:1441.2490234375] [-3634.978759765625:5534.19775390625] [-2975:3900] [-2245.5:4370] [-4391:3550] [-2829.5:3732.5] [-5618.009765625:8503.0498046875] [151.30067443847656:1441.2490234375] [-3406.15234375:5354.2705078125] [-2829.5:3732.5] [-2114.5:4682.5] [-4291.5:3727.5] [-2382.5:4172.5] [-5556.009765625:8403.275390625] [151.30067443847656:1441.2490234375] [-3216.27490234375:5114.56396484375] [-2387.5:4170] [-1950:4172.5] [-3794.5:2895] [-2412.5:3182.5] [-5501.1650390625:8282.125] [151.30067443847656:1441.2490234375] [-3097.75:4709.1494140625] [-2410:3190] [-1555:3807.5] [-4102:2291] [-1870:2502.5] [-5450.1650390625:8166.9248046875] [151.30067443847656:1441.2490234375] [-2902.04541015625:4459.56396484375] [-2160:2505] [0:2642.5] [-4206.5:0] none [-5395.26513671875:8037.8251953125] [151.30067443847656:1441.2490234375] [-2638.22314453125:4054.149169921875]
tree_sizes=2796 2836 2809 2820 2821 2839 2827 2829 2825 2826 2819 2855 2831 2821 2821 2842 2816 2862 2823 2861 2819 2865 2811 2810 2833 2855 2846 2825 2808 2875 2850 2820 2846 2811 2871 2824 2871 2838 2837 2819 2829 2826 2801 2824 2847 2876 2806 2781 2761 2778 2790 2852 2809 2789 2779 2831 2794 2826 2780 2747 2787 2787 2758 2814 2748 2819 2706 2789 2763 2724 2757 2783 2764 2787 2803 2801 2706 2751 2752 2790 2755 2698 2740 2706 2769 2845 2790 2788 2724 2749 2758 2779 2781 2748 2734 2773 2741 2791 2766 2707 2743 2732 2731 2738 2746 2709 2740 2772 2736 2769 2765 2721 2752 2719 2755 2757 2745 2713 2773 2767 2746 2705 2779 2778 2795 2732 2731 2754 2774 2742 2712 2708 2713

Tree=0
num_leaves=31
num_cat=0
split_feature=271 35 96 116 292 274 159 2 96 96 280 264 208 243 241 75 213 156 16 198 132 52 278 134 249 196 115 280 11 103
split_gain=4.68096e+07 2.03362e+07 1.02143e+07 5.55288e+06 5.08477e+06 5.23414e+06 3.86908e+06 4.94702e+06 3.4781e+06 3.09347e+06 2.99414e+06 2.15567e+06 3.25696e+06 2.70079e+06 2.6644e+06 1.91943e+06 2.50945e+06 2.80498e+06 2.47673e+06 1.91872e+06 1.85957e+06 1.79726e+06 1.78833e+06 1.75178e+06 1.71882e+06 1.95351e+06 3.03697e+06 2.59205e+06 1.79625e+06 1.79286e+06
threshold=418.37471008300787 4938.7500000000009 288.42204284667974 2608.1350097656255 724.36727905273449 426.75000000000006 1045.2505493164065 1203.5000000000002 441.63258361816412 364.72183227539068 435.25000000000006 512.03503417968761 611.19790649414074 447.01040649414068 835.25000000000011 439.06622314453131 437.25000000000006 423.25000000000006 2906.7500000000005 27.750000000000004 188.07109069824222 3221.2500000000005 429.29431152343756 3128.5000000000005 4784.5849609375009 1638.0000000000002 2280.5000000000005 592.25000000000011 4530.2600097656259 653.59622192382824
decision_type=2 2 2 2 2 2 2 2 2 2 2 2 2 2 2 2 2 2 2 2 2 2 2 2 2 2 2 2 2 2
left_child=2 3 -1 8 -3 -6 11 -8 19 -4 -7 13 14 22 -13 16 -10 -18 23 -2 -11 -21 -5 -17 25 26 27 29 -28 -14
right_child=1 4 9 6 5 10 7 -9 15 20 -12 12 24 -15 -16 18 17 -19 -20 21 -22 -23 -24 -25 -26 -27 28 -29 -30 -31
leaf_value=171.44052014348858 173.43532666703001 179.14845743721813 173.14951380427937 195.04324939634492 187.96965287668121 231.76595716065259 178.7687164331293 207.49886041045471 179.34772243088574 174.09505369092886 206.61871630158802 183.65670781678051 168.5732304271848 173.31462618271513 197.35777583664745 177.7568187682819 206.95095767563672 183.0812701601395 165.1782652544816 176.59082323671157 176.37041113553556 191.81470780915112 179.94133143325755 192.61595775193067 193.28368460504123 170.62324580411777 183.30878382561866 192.46988636014382 203.7972074944386 179.31796537623893
leaf_weight=8252 832 20 7681 24 23 20 29 31 136 2666 29 100 55 184 55 2404 20 32 39 632 1354 20 107 20 22 59 23 28 20 132
leaf_count=8252 832 20 7681 24 23 20 29 31 136 2666 29 100 55 184 55 2404 20 32 39 632 1354 20 107 20 22 59 23 28 20 132
internal_value=173.88 178.157 172.788 177.729 201.451 207.647 181.362 193.613 176.965 173.738 216.883 180.453 182.514 177.221 188.518 178.05 182.92 192.262 177.678 175.027 174.861 177.058 182.708 177.879 179.769 178.831 180.708 178.282 192.838 176.158
internal_weight=25049 5096 19953 5004 92 72 869 60 4135 11701 49 809 494 315 155 2651 188 52 2463 1484 4020 652 131 2424 339 317 258 215 43 187
internal_count=25049 5096 19953 5004 92 72 869 60 4135 11701 49 809 494 315 155 2651 188 52 2463 1484 4020 652 131 2424 339 317 258 215 43 187
is_linear=0
shrinkage=1


Tree=1
num_leaves=31
num_cat=0
split_feature=278 35 96 39 173 2 225 284 286 9 170 241 69 12 233 51 19 236 215 270 36 255 275 268 111 264 78 271 33 96
split_gain=4.24901e+07 1.80559e+07 1.46067e+07 4.44731e+06 3.63757e+06 3.0526e+06 2.68665e+06 3.04421e+06 2.58352e+06 2.98872e+06 2.56364e+06 2.57464e+06 2.43422e+06 2.36081e+06 2.34459e+06 3.37785e+06 3.30939e+06 2.96485e+06 2.34217e+06 2.46519e+06 3.13992e+06 2.37176e+06 2.69261e+06 2.28274e+06 2.28021e+06 1.88931e+06 1.81328e+06 1.683e+06 2.34291e+06 2.23015e+06
threshold=483.63320922851568 4938.7500000000009 338.36772155761724 4970.8276367187509 246.66037750244143 4816.0000000000009 24.750000000000004 4516.8000488281259 -275.95220947265619 -2880.2499999999995 2359.7500000000005 1671.0000000000002 3294.793090820313 295.21115112304693 564.25000000000011 3253.5000000000005 444.00724792480474 598.99819946289074 624.58282470703136 -1297.3549804687498 -2585.4999999999995 622.75000000000011 330.25000000000006 -486.24999999999994 2988.054565429688 328.89033508300787 -218.74999999999997 588.47909545898449 469.80149841308599 447.01040649414068
decision_type=2 2 2 2 2 2 2 2 2 2 2 2 2 2 2 2 2 2 2 2 2 2 2 2 2 2 2 2 2 2
left_child=2 3 4 14 -1 -3 -5 -8 25 -10 -7 -12 -6 -11 16 24 -2 -17 -18 -20 -21 22 -22 26 27 -4 -15 28 29 -16
right_child=1 5 8 6 12 10 7 -9 9 13 11 -13 -14 23 15 17 18 -19 19 20 21 -23 -24 -25 -26 -27 -28 -29 -30 -31
leaf_value=-2.8929827845545533 0.22903721645474434 10.668946714401246 -2.8842617637863652 26.001315774023535 -1.2024064611486824 17.68901357650757 6.6872537126828888 26.973735982721504 20.863367342948916 -3.0496458948483327 51.670101027055217 28.812920093536377 14.117625544621394 12.136214870296113 6.2478106628764758 29.62255967047907 6.3150889270000521 4.9303159236907961 -7.1872105629213401 21.451156413036845 2.8971891433450754 -7.1932646838101482 21.789349756240846 1.3778503207896209 -6.9755885569254561 0.34763636796359765 3.6660525138739573 12.069065189740016 0.59259923297061545 22.235643278319259
leaf_weight=4451 480 20 560 32 9460 20 116 22 20 271 22 28 26 73 88 31 1051 20 62 23 331 55 20 4625 30 2349 470 126 138 29
leaf_count=4451 480 20 560 32 9460 20 116 22 20 271 22 28 26 73 88 31 1051 20 62 23 331 55 20 4625 30 2349 470 126 138 29
internal_value=-3.34477e-08 5.87121 -0.722287 5.12432 -1.71374 27.8963 12.9482 9.92133 0.928988 1.57032 32.8183 38.8701 -1.16042 1.49937 4.58887 7.80251 3.8546 19.9393 4.98317 2.13217 3.47903 2.4609 3.97367 1.73792 6.29648 -0.274523 4.80477 7.34153 5.00557 10.2106
internal_weight=25049 2744 22305 2654 13937 90 170 138 8368 5459 70 50 9486 5439 2484 462 2022 51 1542 491 429 406 351 5168 411 2909 543 381 255 117
internal_count=25049 2744 22305 2654 13937 90 170 138 8368 5459 70 50 9486 5439 2484 462 2022 51 1542 491 429 406 351 5168 411 2909 543 381 255 117
is_linear=0
shrinkage=0.05


Tree=2
num_leaves=31
num_cat=0
split_feature=271 35 96 116 292 274 159 2 96 283 96 25 288 28 232 76 3 65 78 292 5 75 248 194 16 184 10 59 21 15
split_gain=3.84307e+07 1.64512e+07 8.42336e+06 4.72978e+06 4.39353e+06 4.68561e+06 3.32111e+06 4.32182e+06 2.93153e+06 2.7516e+06 2.52008e+06 1.88985e+06 1.8536e+06 2.09009e+06 2.06463e+06 2.64363e+06 2.45082e+06 2.36914e+06 2.40059e+06 2.29168e+06 1.82449e+06 1.77956e+06 2.25497e+06 2.32796e+06 2.21863e+06 1.68847e+06 1.78722e+06 1.68459e+06 1.65051e+06 1.59575e+06
threshold=418.37471008300787 4938.7500000000009 288.42204284667974 2608.1350097656255 724.36727905273449 426.75000000000006 1045.2505493164065 1203.5000000000002 441.63258361816412 448.25000000000006 367.10823059082037 4457.1674804687509 181.25000000000003 -76.749999999999986 245.25000000000003 3916.9860839843755 2319.2500000000005 1455.5000000000002 3255.5000000000005 636.49594116210949 775.33657836914074 439.06622314453131 15.750000000000002 449.77992248535162 2906.7500000000005 511.75000000000006 2987.2500000000005 1393.2500000000002 2184.5000000000005 4410.0000000000009
decision_type=2 2 2 2 2 2 2 2 2 2 2 2 2 2 2 2 2 2 2 2 2 2 2 2 2 2 2 2 2 2
left_child=2 3 -1 8 -3 -6 12 -8 25 -7 -4 -12 20 -14 -15 16 27 -18 -19 -20 -5 22 -10 -24 -23 -2 28 -16 -27 -17
right_child=1 4 10 6 5 9 7 -9 21 -11 11 -13 13 14 15 29 17 18 19 -21 -22 24 23 -25 -26 26 -28 -29 -30 -31
leaf_value=-2.2130688148778894 -0.14938496588037747 4.0952645361423494 -0.64115907792429183 1.5044600604604861 11.968248707315198 49.164219257749359 4.3191466652113819 31.172520889774447 3.4958584588129549 25.057001247406006 0.84023576553278267 16.250086660385133 -7.2797564330426132 13.996436549764542 1.7916985164989125 27.487213768959045 -8.6451668357849112 8.7556913731211718 3.6827993785633759 -17.647121486663817 14.719114500900796 3.6138966807087409 2.9997840221585901 20.452965481792177 -8.4072584910270489 3.9454500815264653 16.479275131225588 15.593099455869021 -4.9020755720920253 10.513046234978571
leaf_weight=8252 1010 20 7848 263 23 29 29 31 103 20 3833 20 22 126 33 20 45 105 34 20 29 2424 29 56 39 388 25 67 61 45
leaf_count=8252 1010 20 7848 263 23 29 29 31 103 20 3833 20 22 126 33 20 45 105 34 20 29 2424 29 56 39 388 25 67 61 45
internal_value=-2.8643e-08 3.87528 -0.989748 3.49008 24.8269 30.5857 6.84328 18.1934 2.78538 39.3245 -0.127014 0.920225 6.00149 7.80015 8.47037 6.58342 4.62649 1.48327 4.34981 -4.21717 2.81687 3.78145 8.47039 14.4984 3.42355 1.006 3.46791 11.0386 2.74345 15.7359
internal_weight=25049 5096 19953 5004 92 72 869 60 4135 49 11701 3853 809 517 495 369 304 204 159 54 292 2651 188 85 2463 1484 474 100 449 65
internal_count=25049 5096 19953 5004 92 72 869 60 4135 49 11701 3853 809 517 495 369 304 204 159 54 292 2651 188 85 2463 1484 474 100 449 65
is_linear=0
shrinkage=0.05


Tree=3
num_leaves=31
num_cat=0
split_feature=278 35 96 39 180 203 282 136 2 192 205 23 76 12 93 226 51 260 19 254 268 194 116 274 106 183 118 278 185 20
split_gain=3.50869e+07 1.47425e+07 1.18919e+07 3.69976e+06 3.14335e+06 3.00931e+06 3.59588e+06 2.44342e+06 3.67639e+06 2.30301e+06 4.45109e+06 2.22544e+06 2.25296e+06 2.20232e+06 2.15815e+06 2.13952e+06 2.92562e+06 3.22802e+06 2.55901e+06 2.26421e+06 2.87051e+06 2.10393e+06 2.09424e+06 2.68587e+06 2.43768e+06 2.08734e+06 2.00153e+06 2.0723e+06 2.03778e+06 1.88363e+06
threshold=483.63320922851568 4938.7500000000009 338.36772155761724 4970.8276367187509 264.35140991210943 1265.5000000000002 -371.74999999999994 -1098.4999999999998 -3495.4999999999995 1360.7500000000002 2153.7500000000005 3825.7500000000005 2907.891723632813 299.43096923828131 2698.2500000000005 617.75000000000011 3253.5000000000005 1285.2500000000002 444.00724792480474 698.75000000000011 633.75000000000011 530.86532592773449 2608.1350097656255 515.25000000000011 1837.7500000000002 1550.5000000000002 2943.863891601563 624.58282470703136 1067.7500000000002 3234.5197753906255
decision_type=2 2 2 2 2 2 2 2 2 2 2 2 2 2 2 2 2 2 2 2 2 2 2 2 2 2 2 2 2 2
left_child=2 3 4 15 -1 -3 -7 -4 -9 11 -11 12 -5 -10 -6 18 26 -18 -2 21 -21 -20 24 29 -23 -26 27 -17 -29 -24
right_child=1 5 7 9 14 6 -8 8 13 10 -12 -13 -14 -15 -16 16 17 -19 19 20 -22 22 23 -25 25 -27 -28 28 -30 -31
leaf_value=-2.4238702300252775 0.30526735606518662 40.841767999400268 -1.1161773948137061 15.274857590919318 -0.97070915304066563 7.0162377270062768 30.310483396375503 17.8574519887115 -2.556767954718195 -1.5909791000958149 25.274413681030275 4.5142093582153322 34.662307534010516 1.3431235443165799 9.3476908122791968 4.7139323846301151 31.900048700968426 6.6979917526245121 7.4884479025295878 -17.028994687398278 7.3016774741086099 3.1539653704067074 7.7116927516779725 16.650293111801147 -1.0601256086471234 -20.346030592918396 -6.5777918759981793 4.8752004668116573 19.886240871136007 -4.7046794437226795
leaf_weight=5927 484 23 1348 43 7959 30 37 33 383 58 21 25 23 6604 51 281 24 27 494 27 22 720 112 62 47 20 30 40 52 42
leaf_count=5927 484 23 1348 43 7959 30 37 33 383 58 21 25 23 6604 51 281 24 27 494 27 22 720 112 62 47 20 30 40 52 42
internal_value=-9.4721e-09 5.33527 -0.656354 4.66038 -1.55094 25.2371 19.8802 0.833584 1.20798 11.7964 5.55045 17.2188 22.0311 1.12935 -0.905011 4.172 7.27494 18.5578 3.47805 4.47134 -6.10502 4.81752 3.50203 7.86311 2.30509 -6.81711 5.84708 6.8464 13.3597 4.32541
internal_weight=25049 2744 22305 2654 13937 90 67 8368 7020 170 79 91 66 6987 8010 2484 454 51 2030 1546 49 1497 1003 216 787 67 403 373 92 154
internal_count=25049 2744 22305 2654 13937 90 67 8368 7020 170 79 91 66 6987 8010 2484 454 51 2030 1546 49 1497 1003 216 787 67 403 373 92 154
is_linear=0
shrinkage=0.05


Tree=4
num_leaves=31
num_cat=0
split_feature=271 35 96 292 274 116 166 2 280 96 96 26 176 36 273 261 261 285 236 173 239 96 33 233 155 74 26 243 269 243
split_gain=3.16819e+07 1.32896e+07 6.90809e+06 3.9703e+06 4.14829e+06 3.86473e+06 2.82284e+06 4.13573e+06 2.65484e+06 2.49759e+06 2.10922e+06 1.77064e+06 2.58404e+06 2.32751e+06 1.70037e+06 4.94777e+06 1.83939e+06 1.66539e+06 2.31309e+06 1.92371e+06 2.00182e+06 1.75162e+06 2.01248e+06 2.475e+06 2.04837e+06 2.63548e+06 1.93931e+06 2.42525e+06 2.08087e+06 1.80531e+06
threshold=418.37471008300787 4938.7500000000009 288.42204284667974 724.36727905273449 426.75000000000006 2608.1350097656255 1045.2505493164065 1203.5000000000002 435.25000000000006 441.63258361816412 380.10458374023443 653.59622192382824 1523.2500000000002 -2585.4999999999995 329.25000000000006 -240.24999999999997 447.75000000000006 480.18733215332037 636.49594116210949 505.92158508300787 -505.24999999999994 552.32839965820324 483.63320922851568 254.75000000000003 1944.0000000000002 659.58248901367199 455.76057434082037 545.15829467773449 21.750000000000004 537.80807495117199
decision_type=2 2 2 2 2 2 2 2 2 2 2 2 2 2 2 2 2 2 2 2 2 2 2 2 2 2 2 2 2 2
left_child=2 5 -1 -3 -5 9 14 -8 -6 -2 -4 17 13 -13 16 -16 -7 19 21 20 -11 22 23 26 25 -24 -19 28 -28 -27
right_child=1 3 10 4 8 6 7 -9 -10 11 -12 12 -14 -15 15 -17 -18 18 -20 -21 -22 -23 24 -25 -26 29 27 -29 -30 -31
leaf_value=-2.0064897624587519 0.89296948026534373 2.641864538192749 -0.5123351313986374 10.30658139716024 50.061034183502201 4.3587697789134063 2.8990960976173139 28.968842965364459 26.381486037681846 -1.9504737073383411 1.0235965146864221 11.895351285319174 13.536841255968268 -2.5023514976154275 30.713338992906657 6.5622085197006959 -9.546692626953126 1.4215783923109875 -0.22059589194303211 -0.87327485420293627 5.2171188767617869 8.762111379884967 1.1786449180451797 14.955094107912808 -9.935211979597808 6.1763143999903818 9.8478917596475135 0.75213573030803516 27.857226064930792 22.578326663970948
leaf_weight=8252 1484 20 8692 23 20 488 29 32 29 119 3009 31 33 297 23 272 25 158 176 308 537 371 309 82 32 51 53 46 23 25
leaf_count=8252 1484 20 8692 23 20 488 29 32 29 119 3009 31 33 297 23 272 25 158 176 308 537 371 309 82 32 51 53 46 23 25
internal_value=4.83857e-08 3.5186 -0.89865 22.3497 27.8241 3.17238 6.20347 16.575 36.0466 2.53538 -0.117359 3.45478 0.200203 -1.14159 5.42047 8.44518 3.68112 3.96783 5.11751 2.38643 3.9169 5.93448 4.58781 7.31541 2.21996 3.23026 5.07808 9.81355 15.2981 11.5717
internal_weight=25049 5096 19953 92 72 5004 869 61 49 4135 11701 2651 361 328 808 295 513 2290 1326 964 656 1150 779 362 417 385 280 122 76 76
internal_count=25049 5096 19953 92 72 5004 869 61 49 4135 11701 2651 361 328 808 295 513 2290 1326 964 656 1150 779 362 417 385 280 122 76 76
is_linear=0
shrinkage=0.05


Tree=5
num_leaves=31
num_cat=0
split_feature=278 35 131 234 1 173 199 282 288 225 61 259 282 11 214 252 261 275 3 72 194 42 8 114 5 121 264 145 194 281
split_gain=2.87898e+07 1.20635e+07 9.78027e+06 3.27214e+06 3.29592e+06 2.70872e+06 2.69567e+06 4.1348e+06 2.36716e+06 2.17115e+06 3.2012e+06 3.01588e+06 2.15344e+06 2.09266e+06 3.55654e+06 2.88176e+06 2.32205e+06 2.75866e+06 2.97127e+06 2.34355e+06 2.16081e+06 2.07677e+06 1.94163e+06 1.75404e+06 1.9836e+06 1.73126e+06 1.70621e+06 1.70117e+06 2.93337e+06 1.60926e+06
threshold=483.63320922851568 4938.7500000000009 340.13876342773443 1968.0000000000002 3552.5000000000005 246.66037750244143 1394.7500000000002 -371.74999999999994 150.25000000000003 -1753.4999999999998 578.96932983398449 -1227.9999999999998 -495.74999999999994 305.39500427246099 136.754997253418 -817.99999999999989 -551.74999999999989 -257.24999999999994 752.25000000000011 1032.7500000000002 624.58282470703136 3295.7500000000005 2549.7500000000005 -2019.2499999999998 426.99803161621099 433.75000000000006 674.41351318359386 473.41499328613287 523.98001098632824 -427.24999999999994
decision_type=2 2 2 2 2 2 2 2 2 2 2 2 2 2 2 2 2 2 2 2 2 2 2 2 2 2 2 2 2 2
left_child=2 3 5 8 22 -1 -3 -8 29 10 -10 12 -11 26 -15 -16 17 18 -17 -20 -18 -7 -5 -4 25 -25 27 -13 -29 -2
right_child=1 6 23 4 -6 21 7 -9 9 11 -12 13 -14 14 15 16 20 -19 19 -21 -22 -23 -24 24 -26 -27 -28 28 -30 -31
leaf_value=-2.4091253439622164 -6.4526697297529738 36.788860149383545 -2.2127078518919325 12.088283522791334 25.185845995777186 -0.95319410638545721 3.4187378587393926 28.787765672471792 3.3779255908468495 -15.799483629862468 30.729473361968999 0.14501478974209278 3.6644879888605191 19.789667952729733 -2.6302576444323429 -3.0249513113498687 8.0718171742383955 22.666574024624296 21.949505468777247 5.6135398356810864 1.9420403228859187 15.175421028137208 -6.6352829337120056 -0.089091588086828391 2.2139123901201851 1.9306382204657151 -6.0167012866662475 12.332794923675728 2.7711728644113127 2.3686421168246361
leaf_weight=4455 55 25 460 45 36 9688 29 36 23 30 20 215 27 49 88 40 333 45 42 46 253 20 20 3985 2251 1446 49 116 260 862
leaf_count=4455 55 25 460 45 36 9688 29 36 23 30 20 215 27 49 88 40 333 45 42 46 253 20 20 3985 2251 1446 49 116 260 862
internal_value=-4.4634e-08 4.83285 -0.594546 4.22235 13.0491 -1.38838 22.8358 17.4693 3.87315 5.01301 16.0996 4.71375 -6.57971 5.13285 6.69261 5.93493 6.928 12.0179 8.27425 13.4103 5.42534 -0.919967 6.32719 0.786336 0.965919 0.44866 2.94917 3.69253 5.72103 1.83956
internal_weight=25049 2744 22305 2654 101 14163 90 65 2553 1636 43 1593 57 1536 896 847 759 173 128 88 586 9708 65 8142 7682 5431 640 591 376 917
internal_count=25049 2744 22305 2654 101 14163 90 65 2553 1636 43 1593 57 1536 896 847 759 173 128 88 586 9708 65 8142 7682 5431 640 591 376 917
is_linear=0
shrinkage=0.05


Tree=6
num_leaves=31
num_cat=0
split_feature=271 69 96 163 222 128 288 191 96 282 282 145 102 271 263 274 226 12 248 274 26 33 131 38 66 282 254 268 204 278
split_gain=2.60042e+07 1.0873e+07 5.70556e+06 3.41211e+06 3.27072e+06 3.99972e+06 3.22737e+06 3.55182e+06 2.44058e+06 2.65241e+06 2.27042e+06 1.87258e+06 1.81199e+06 1.7923e+06 2.13761e+06 1.83299e+06 1.69505e+06 2.71988e+06 2.6356e+06 3.08228e+06 2.99467e+06 2.0567e+06 2.22112e+06 1.92185e+06 2.63036e+06 1.88227e+06 1.85416e+06 1.83638e+06 1.8241e+06 1.73361e+06
threshold=418.37471008300787 3952.567749023438 288.42204284667974 882.75000000000011 1045.2505493164065 -1957.9999999999998 181.25000000000003 1831.0000000000002 476.75883483886724 -371.74999999999994 309.75000000000006 696.40509033203136 4374.2150878906259 483.63320922851568 -2139.2399902343745 -333.74999999999994 140.25000000000003 447.01040649414068 618.25000000000011 837.75000000000011 879.99746704101574 458.16539001464849 436.54501342773443 3312.7500000000005 2497.7500000000005 197.25000000000003 -102.24999999999999 322.75000000000006 855.25000000000011 636.49594116210949
decision_type=2 2 2 2 2 2 2 2 2 2 2 2 2 2 2 2 2 2 2 2 2 2 2 2 2 2 2 2 2 2
left_child=2 4 -1 11 13 -6 -5 -8 -9 -10 -11 -3 -4 14 -2 -16 17 -15 19 20 28 23 -23 24 -18 -24 -21 -27 -19 -29
right_child=1 3 12 6 5 -7 7 8 9 10 -12 -13 -14 16 15 -17 21 18 -20 26 -22 22 25 -25 -26 27 -28 29 -30 -31
leaf_value=-1.8209632863154273 -4.1940685204664865 -5.9851468416360714 -0.13770364186886472 1.2177546998728879 1.3222376570982093 25.401085752759663 34.360231464787539 1.1956584112984794 5.4799499893188477 37.529123664855959 15.505422054637563 14.365000553131104 11.421838848380482 -0.8114095467051794 7.1990352558783997 1.5755769371993702 10.014821416165331 4.8629837136338452 -6.3601810998603945 25.670371070274939 -8.8830747584501903 -8.8074430118907596 6.1468922850504448 22.78611709276835 -6.7148838537710693 -12.057851766717846 6.5994560890197764 -1.8457502629673272 -2.55772641259763 14.959549632526581
leaf_weight=8252 150 26 11667 23 34 35 38 21 20 25 22 20 34 430 156 2038 181 1037 61 26 45 33 402 24 27 29 25 57 90 21
leaf_count=8252 150 26 11667 23 34 35 38 21 20 25 22 20 34 430 156 2038 181 1037 61 26 45 33 402 24 27 29 25 57 90 21
internal_value=-8.39837e-09 3.18776 -0.814155 14.7664 2.72708 13.5361 18.4413 21.5853 16.0688 20.7305 27.2202 2.86274 -0.104115 2.57272 1.58062 1.97542 3.50741 2.63041 3.78304 4.28896 3.76534 5.44951 3.76323 9.389 7.84318 4.57822 16.3219 -1.31528 4.27038 2.67875
internal_weight=25049 5096 19953 195 4901 69 149 126 88 67 47 46 11701 4832 2344 2194 2488 1714 1284 1223 1172 774 542 232 208 509 51 107 1127 78
internal_count=25049 5096 19953 195 4901 69 149 126 88 67 47 46 11701 4832 2344 2194 2488 1714 1284 1223 1172 774 542 232 208 509 51 107 1127 78
is_linear=0
shrinkage=0.05


Tree=7
num_leaves=31
num_cat=0
split_feature=278 284 96 274 192 118 201 2 222 128 136 2 234 12 90 68 201 274 96 248 227 231 67 219 190 287 5 5 269 42
split_gain=2.3518e+07 1.00759e+07 8.30384e+06 4.7048e+06 3.11371e+06 2.92997e+06 2.28005e+06 2.19896e+06 2.12877e+06 3.09743e+06 2.07178e+06 3.27856e+06 2.01741e+06 1.89524e+06 1.87462e+06 1.73279e+06 1.56258e+06 2.08384e+06 1.99814e+06 1.97872e+06 2.58962e+06 1.93724e+06 2.41499e+06 2.30135e+06 2.0985e+06 1.90199e+06 1.7897e+06 1.86112e+06 2.07391e+06 1.72633e+06
threshold=483.63320922851568 4516.8000488281259 338.36772155761724 426.75000000000006 3001.2500000000005 3557.9362792968755 213.31623840332034 4029.0000000000005 1045.2505493164065 -1957.9999999999998 -1098.4999999999998 -3495.4999999999995 1540.5000000000002 299.43096923828131 3117.666625976563 467.49603271484381 624.58282470703136 982.75000000000011 552.32839965820324 505.75000000000006 860.25000000000011 1.0000000180025095e-35 -135.24750518798825 95.250000000000014 904.25000000000011 418.25000000000006 436.54501342773443 518.72827148437511 -350.24999999999994 3295.7500000000005
decision_type=2 2 2 2 2 2 2 2 2 2 2 2 2 2 2 2 2 2 2 2 2 2 2 2 2 2 2 2 2 2
left_child=2 5 6 -3 -5 8 -1 12 16 -10 -4 -12 -7 -13 -8 -9 18 -18 21 -19 -21 24 -23 -24 25 26 -2 28 -28 -25
right_child=1 3 10 4 -6 7 14 15 9 -11 11 13 -14 -15 -16 -17 17 19 -20 20 -22 22 23 29 -26 -27 27 -29 -30 -31
leaf_value=-2.8564809302966854 -2.6405605055473664 0.59332130605524236 -1.0876979245427023 37.923568703146543 16.67840394973755 -7.9814978122711189 -1.0575938353289378 30.424407682418828 1.2561257741030527 22.300178077485828 16.775273247921106 -2.4413198301612398 14.207312002636138 1.1764823760290708 10.875970578735526 12.242032911902982 0.15537800244689981 22.165111308097842 6.6462745117558875 -10.888321175575257 10.34005798148174 1.2820811928272249 14.407871658751304 4.0130089535861568 -7.7200066918232411 17.168616236448287 0.34202596342989378 -1.5425029101656444 9.1153917372755764 18.980917107491265
leaf_weight=1980 182 22 1348 34 35 20 11924 20 34 36 33 383 21 6604 33 38 602 20 515 20 51 250 94 233 61 20 112 134 169 21
leaf_count=1980 182 22 1348 34 35 20 11924 20 34 36 33 383 21 6604 33 38 602 20 515 20 51 250 94 233 61 20 112 134 169 21
internal_value=1.40667e-08 4.36802 -0.537361 20.7275 27.147 3.80688 -1.2849 12.2466 3.47973 12.0788 0.707676 1.05243 3.3835 0.978169 -1.02466 18.5118 3.23741 1.22138 4.01748 8.27339 4.36023 2.95648 5.03092 7.72405 1.12682 2.00146 1.49335 3.3063 5.61853 5.25051
internal_weight=25049 2744 22305 91 69 2653 13937 99 2554 70 8368 7020 41 6987 11957 58 2484 693 1791 91 71 1276 598 348 678 617 597 415 281 254
internal_count=25049 2744 22305 91 69 2653 13937 99 2554 70 8368 7020 41 6987 11957 58 2484 693 1791 91 71 1276 598 348 678 617 597 415 281 254
is_linear=0
shrinkage=0.05


Tree=8
num_leaves=31
num_cat=0
split_feature=271 35 264 292 114 75 222 37 245 238 57 96 285 277 5 96 288 178 33 61 51 261 267 68 100 30 16 55 132 262
split_gain=2.1437e+07 8.99007e+06 4.92216e+06 3.48164e+06 3.79763e+06 4.12321e+06 2.7891e+06 3.71663e+06 3.87062e+06 1.88351e+06 2.73201e+06 1.76872e+06 1.65881e+06 1.86769e+06 1.9282e+06 2.38409e+06 2.03012e+06 1.92847e+06 1.88372e+06 2.04969e+06 1.82988e+06 1.74432e+06 2.26141e+06 2.08438e+06 1.903e+06 2.12014e+06 1.59501e+06 1.90075e+06 1.58916e+06 1.67738e+06
threshold=418.37471008300787 4938.7500000000009 284.66770935058599 724.36727905273449 4026.2500000000005 636.49594116210949 1045.2505493164065 706.25000000000011 -422.24999999999994 1978.0000000000002 3670.7500000000005 364.72183227539068 879.99746704101574 1078.5225219726565 775.33657836914074 537.80807495117199 12.750000000000002 525.25000000000011 467.49603271484381 636.49594116210949 1093.7500000000002 447.75000000000006 777.75000000000011 570.11660766601574 2030.5000000000002 1868.5000000000002 -2392.2499999999995 -2338.6435546874995 188.07109069824222 452.75000000000006
decision_type=2 2 2 2 2 2 2 2 2 2 2 2 2 2 2 2 2 2 2 2 2 2 2 2 2 2 2 2 2 2
left_child=2 6 -1 -3 -5 -6 9 8 -8 12 -11 -4 13 14 15 -2 -17 -16 -18 -20 -14 22 -15 -24 -23 -26 27 -21 29 -13
right_child=1 3 11 4 5 -7 7 -9 -10 10 -12 28 20 21 17 16 18 -19 19 26 -22 24 23 -25 25 -27 -28 -29 -30 -31
leaf_value=-1.7071933735575471 1.0597559955313045 -0.072686119079589842 -0.52163204780162564 39.253862274169926 29.631705172856648 0.0061001819113026502 -9.8450513760248839 29.455034871534867 17.300184814683323 4.0640704598537711 21.177139130234721 0.44909936279210572 5.7678101452914152 4.0337381613015717 -14.142407701466537 -10.84680865244432 -3.567018625952981 5.1282944416999818 6.9307508538394034 0.58975957461765838 -12.18512898683548 -2.6929594832432011 6.0604912447929387 20.908495450631168 19.212919405232306 1.8600774631500245 -0.84563459239370842 20.229100049625742 2.1862017637014115 -4.0426715769788677
leaf_weight=7920 2304 20 8136 25 24 23 24 22 29 86 32 2351 22 1148 37 22 66 20 538 28 40 184 60 39 23 75 183 22 1318 228
leaf_count=7920 2304 20 8136 25 24 23 24 22 29 86 32 2351 22 1148 37 22 66 20 538 28 40 184 60 39 23 75 183 22 1318 228
internal_value=7.70857e-09 2.89432 -0.73921 18.3825 23.509 15.1341 2.60956 12.1791 5.008 2.46395 8.7049 -0.102093 2.31088 2.41696 1.73369 1.89794 4.14609 -7.38076 4.54017 5.23417 -5.81473 3.85591 4.65902 11.9097 0.304604 5.93268 1.31675 9.23107 0.773805 0.0519982
internal_weight=25049 5096 19953 92 72 47 5004 75 53 4929 118 12033 4811 4749 3220 3163 859 57 837 771 62 1529 1247 99 282 98 233 50 3897 2579
internal_count=25049 5096 19953 92 72 47 5004 75 53 4929 118 12033 4811 4749 3220 3163 859 57 837 771 62 1529 1247 99 282 98 233 50 3897 2579
is_linear=0
shrinkage=0.05


Tree=9
num_leaves=31
num_cat=0
split_feature=96 118 264 222 43 245 6 26 229 264 156 222 82 289 275 110 5 75 253 19 173 205 110 252 2 170 289 288 56 40
split_gain=1.9466e+07 9.31609e+06 4.49915e+06 2.85426e+06 3.87132e+06 3.71555e+06 2.64558e+06 2.55901e+06 2.95928e+06 2.16037e+06 2.14097e+06 2.13321e+06 2.28956e+06 1.69431e+06 1.65993e+06 1.60677e+06 1.81725e+06 1.52817e+06 2.90557e+06 2.41633e+06 1.63232e+06 1.45175e+06 1.58169e+06 1.43101e+06 1.42818e+06 1.40432e+06 1.83321e+06 1.61677e+06 1.7514e+06 2.58397e+06
threshold=420.31375122070318 3557.9362792968755 284.66770935058599 1045.2505493164065 1811.7500000000002 -422.24999999999994 3447.118774414063 447.01040649414068 1045.2505493164065 879.99746704101574 1443.0000000000002 422.71945190429693 431.49392700195318 -22.749999999999996 234.25000000000003 467.49603271484381 467.49603271484381 447.01040649414068 324.75000000000006 444.00724792480474 636.49594116210949 2153.7500000000005 598.99819946289074 1328.7500000000002 4029.0000000000005 2163.5000000000005 -233.24999999999997 152.25000000000003 -1223.2499999999998 724.36727905273449
decision_type=2 2 2 2 2 2 2 2 2 2 2 2 2 2 2 2 2 2 2 2 2 2 2 2 2 2 2 2 2 2
left_child=2 3 -1 11 5 -5 23 -3 9 24 -8 12 15 -14 -12 16 -2 18 -13 20 -19 25 -23 -4 -9 27 -27 -21 29 -29
right_child=1 7 6 4 -6 -7 10 8 -10 -11 14 17 13 -15 -16 -17 -18 19 -20 21 -22 22 -24 -25 -26 26 -28 28 -30 -31
leaf_value=-1.6248712868397768 1.688824812779171 28.872234062048108 -0.22137608900127428 -9.3527985811233521 30.968462786376477 17.45731077023915 17.435651599733454 3.227412089595088 26.307509735652378 -2.8424004204571247 -5.3612407982349399 2.3646638172589816 -1.3925729429138438 8.1698336630451447 12.24866760502691 15.396860564606531 14.617785915533702 -0.44725722485125757 9.8996916405680064 1.422756983422991 -14.467964961312035 3.5933326456281875 21.889476812453498 4.4394316299232894 17.401387544778679 -16.25584295879711 2.2674989707329694 2.3853491644907558 5.0825881043284697 -12.62302151649229
leaf_weight=7899 289 26 11892 24 20 28 38 27 28 32 32 325 848 49 23 28 30 368 211 985 22 27 21 167 52 22 34 383 1088 31
leaf_count=7899 289 26 11892 24 20 28 38 27 28 32 32 325 848 49 23 28 30 368 211 985 22 27 21 167 52 22 34 383 1088 31
internal_value=6.09111e-09 2.79179 -0.695894 2.39293 12.2737 5.08341 -0.0920429 14.4748 11.7818 8.11762 8.30876 2.2435 0.463936 -0.870212 2.0029 3.91273 2.90471 2.87295 5.33088 2.43101 -1.23817 2.98329 11.5979 -0.156831 12.5571 2.82069 -5.00953 2.997 4.02938 1.26153
internal_weight=25049 4998 20051 4833 72 52 12152 165 139 111 93 4761 1244 897 55 347 319 3517 536 2981 390 2591 48 12059 79 2543 56 2487 1502 414
internal_count=25049 4998 20051 4833 72 52 12152 165 139 111 93 4761 1244 897 55 347 319 3517 536 2981 390 2591 48 12059 79 2543 56 2487 1502 414
is_linear=0
shrinkage=0.05


Tree=10
num_leaves=31
num_cat=0
split_feature=278 284 131 283 118 232 265 201 267 240 207 174 222 134 114 222 123 267 261 286 36 1 274 148 96 278 267 254 236 117
split_gain=1.77537e+07 7.75732e+06 6.29554e+06 4.267e+06 2.18263e+06 2.15252e+06 2.04284e+06 1.92186e+06 1.91228e+06 2.84513e+06 2.74967e+06 1.67539e+06 1.54266e+06 2.62565e+06 1.50823e+06 1.46081e+06 2.71288e+06 1.91928e+06 2.4948e+06 2.60732e+06 2.65317e+06 2.13074e+06 3.04451e+06 2.70167e+06 1.90667e+06 2.00871e+06 1.89739e+06 1.88536e+06 1.70678e+06 1.67598e+06
threshold=483.63320922851568 4516.8000488281259 340.13876342773443 -128.74999999999997 3557.9362792968755 2806.7500000000005 1986.151794433594 213.31623840332034 182.25000000000003 694.75000000000011 3468.6274414062505 2523.9038085937505 1045.2505493164065 -1103.2499999999998 -2019.2499999999998 588.47909545898449 -3599.732543945312 1366.2500000000002 -201.24999999999997 695.50338745117199 3324.5000000000005 1791.7500000000002 238.75000000000003 1615.2500000000002 500.19013977050787 636.49594116210949 275.75000000000006 560.75000000000011 674.41351318359386 674.41351318359386
decision_type=2 2 2 2 2 2 2 2 2 2 2 2 2 2 2 2 2 2 2 2 2 2 2 2 2 2 2 2 2 2
left_child=2 4 7 -3 12 6 -5 -1 -6 -10 -11 -9 15 -14 -4 24 -17 18 19 20 21 22 -18 28 -2 -26 -20 -28 -23 -24
right_child=1 3 14 5 8 -7 -8 11 9 10 -12 -13 13 -15 -16 16 17 -19 26 -21 -22 23 29 -25 25 -27 27 -29 -30 -31
leaf_value=-2.5485573418444551 2.1838560698282792 0.5575580978393555 -2.1399611343572968 28.832542005181313 23.587586398558187 36.012954418475815 6.2336280986666681 -0.90918359166788787 -6.2065627168726039 27.163263013146139 3.5419052055903841 7.6831158713290568 -3.5022112639054011 17.114751692021148 0.80753163731887556 -16.492553002493722 -1.3750691076668051 10.330093616060914 -10.913457276958686 18.771709808936489 -8.6383584946393963 8.2901321904999872 15.5635930519104 -5.962328091534701 5.1056612041243605 17.402678734915597 1.6551668782201077 -7.2782654606088819 22.625312631780453 2.1010596929594527
leaf_weight=1980 845 25 460 20 22 26 20 12126 27 22 28 57 23 47 7682 21 231 60 52 26 48 56 50 22 649 35 234 79 33 43
leaf_count=1980 845 25 460 20 22 26 20 12126 27 22 28 57 23 47 7682 21 231 60 52 26 48 56 50 22 649 35 234 79 33 43
internal_value=-8.19242e-09 3.79515 -0.466886 18.1494 3.30279 24.813 17.5331 -1.10379 10.587 6.87257 13.9353 -0.868983 3.02043 10.3406 0.641007 2.81414 1.2799 1.6795 1.08564 3.34778 2.5175 3.7485 1.70026 9.72713 3.77242 5.73489 -2.06897 -0.599597 13.6054 9.33898
internal_weight=25049 2744 22305 91 2653 66 40 14163 99 77 50 12183 2554 70 8142 2484 955 934 874 509 483 435 324 111 1529 684 365 313 89 93
internal_count=25049 2744 22305 91 2653 66 40 14163 99 77 50 12183 2554 70 8142 2484 955 934 874 509 483 435 324 111 1529 684 365 313 89 93
is_linear=0
shrinkage=0.05


Tree=11
num_leaves=31
num_cat=0
split_feature=96 118 180 32 198 205 6 26 229 264 156 34 292 240 75 259 79 250 278 275 128 188 219 21 45 267 43 75 31 190
split_gain=1.61544e+07 7.56221e+06 3.81125e+06 2.38938e+06 2.54995e+06 2.64703e+06 2.36273e+06 2.29727e+06 2.68053e+06 1.9841e+06 1.98143e+06 1.77648e+06 1.85049e+06 2.17172e+06 1.50109e+06 1.95487e+06 1.93747e+06 1.78215e+06 1.48599e+06 1.44772e+06 1.42676e+06 2.20948e+06 1.79819e+06 1.41235e+06 2.45001e+06 1.40368e+06 2.17603e+06 2.23493e+06 2.58058e+06 2.23514e+06
threshold=420.31375122070318 3557.9362792968755 264.35140991210943 4996.3525390625009 762.75000000000011 1799.7500000000002 3447.118774414063 447.01040649414068 1045.2505493164065 879.99746704101574 1443.0000000000002 3815.8515625000005 487.39910888671881 -739.74999999999989 441.63258361816412 -156.74999999999997 -2082.2499999999995 365.90969848632818 325.79702758789068 234.25000000000003 1215.7500000000002 643.54690551757824 895.25000000000011 -2761.2499999999995 -2609.2499999999995 -474.74999999999994 -3418.2499999999995 447.01040649414068 -3302.4999999999995 -652.24999999999989
decision_type=2 2 2 2 2 2 2 2 2 2 2 2 2 2 2 2 2 2 2 2 2 2 2 2 2 2 2 2 2 2
left_child=2 3 -1 11 -5 -6 -4 -3 9 -9 -8 12 13 -2 18 16 -16 -18 -15 -12 21 22 23 24 -17 -14 -27 -28 -29 -30
right_child=1 7 6 4 5 -7 10 8 -10 -11 19 -13 25 14 15 20 17 -19 -20 -21 -22 -23 -24 -25 -26 26 27 28 29 -31
leaf_value=-1.6964234947477177 -1.3843734229579816 26.710517191428405 -0.23939147611044481 14.108739762306215 -5.0857571543479452 16.499691042900086 16.536848628520968 11.284860086441041 24.342326845441548 -3.4730614125728607 -5.1871215939521793 -6.713970542776174 -0.21275114723477501 -3.728290953081951 -4.7991174001319736 -1.2677005644197819 -6.3514565672193264 6.8557648432367451 4.7177746927362572 11.258665250695271 4.8282514162799899 -5.2572257429653533 14.380415659365447 -0.40803246896359185 21.821356248855594 15.803166752892572 9.9897697956331317 -11.765675927852762 7.1691976682505629 2.3109574978103367
leaf_weight=5940 606 26 14018 85 49 20 38 79 28 32 32 58 249 57 51 27 28 291 603 23 136 204 23 672 20 37 124 29 297 1167
leaf_count=5940 606 26 14018 85 49 20 38 79 28 32 32 58 249 57 51 27 28 291 603 23 136 204 23 672 20 37 124 29 297 1167
internal_value=-1.91243e-08 2.54325 -0.633943 2.18389 8.31191 1.17089 -0.186693 13.0692 10.5176 7.03032 7.75658 1.9822 2.09135 1.25413 2.0112 1.1125 4.24982 5.69651 3.98834 1.69021 0.0396664 -0.648756 0.618263 0.178027 8.55743 3.28713 3.81402 3.53968 3.00397 3.29654
internal_weight=25049 4998 20051 4833 154 69 14111 165 139 111 93 4679 4621 2718 2112 1452 370 319 660 55 1082 946 742 719 47 1903 1654 1617 1493 1464
internal_count=25049 4998 20051 4833 154 69 14111 165 139 111 93 4679 4621 2718 2112 1452 370 319 660 55 1082 946 742 719 47 1903 1654 1617 1493 1464
is_linear=0
shrinkage=0.05


Tree=12
num_leaves=31
num_cat=0
split_feature=271 1 96 156 274 191 222 37 212 238 57 177 169 190 102 191 38 180 80 189 281 24 45 292 5 233 92 227 281 183
split_gain=1.46741e+07 6.05183e+06 3.478e+06 3.0678e+06 3.95159e+06 3.39195e+06 2.41088e+06 3.88954e+06 3.18079e+06 1.66595e+06 2.35135e+06 1.79558e+06 1.54413e+06 1.59036e+06 1.40639e+06 1.39096e+06 1.31912e+06 1.29421e+06 1.96121e+06 1.62257e+06 1.50675e+06 1.41254e+06 1.52597e+06 1.38735e+06 1.47071e+06 1.60365e+06 1.49787e+06 2.36235e+06 1.5373e+06 2.85843e+06
threshold=418.37471008300787 5432.0000000000009 288.42204284667974 2126.7500000000005 426.75000000000006 2782.5000000000005 1045.2505493164065 706.25000000000011 -1129.7499999999998 1978.0000000000002 3670.7500000000005 3105.2500000000005 2650.5000000000005 2008.7500000000002 4374.2150878906259 2096.5000000000005 1708.5000000000002 403.54847717285162 986.50000000000011 2392.7500000000005 122.75000000000001 1092.2500000000002 1188.5000000000002 395.77120971679693 408.65106201171881 -629.49999999999989 -2661.9999999999995 -2029.4999999999998 690.25000000000011 -788.24999999999989
decision_type=2 2 2 2 2 2 2 2 2 2 2 2 2 2 2 2 2 2 2 2 2 2 2 2 2 2 2 2 2 2
left_child=2 6 -1 -3 -5 -6 9 8 -8 11 12 15 13 -11 -4 17 -17 18 20 23 -2 22 -20 -19 25 -25 27 -26 -28 -30
right_child=1 3 14 4 5 -7 7 -9 -10 10 -12 -13 -14 -15 -16 16 -18 19 21 -21 -22 -23 -24 24 26 -27 28 -29 29 -31
leaf_value=-1.3976635604206578 1.4883271319809415 0.45463441702035762 -0.086815013273335656 2.0749839782714843 43.556543359302339 16.538918485549782 -8.2992373908007604 28.729984192414719 16.203063627389763 -1.0978382856949516 18.523015636867949 -12.710700992175511 -4.9823747859281653 16.507964707011805 10.097126175375546 15.731736587776858 3.7550300004616588 10.897676673142806 4.7271413689309902 -11.669821153368268 -3.9724794147894587 1.4282869512016334 21.383934686183931 -3.4679935368102628 12.522746815888778 1.7016707689375492 2.4833498727416501 -4.881742748664692 24.00576841263544 4.9070202550557376
leaf_weight=8252 210 26 11667 20 21 26 27 22 26 23 36 21 34 29 34 34 71 46 44 21 317 206 20 218 23 481 2653 128 21 292
leaf_count=8252 210 26 11667 20 21 26 27 22 26 23 36 21 34 29 34 34 71 46 44 21 317 206 20 218 23 481 2653 128 21 292
internal_value=8.40648e-09 2.39464 -0.611592 15.0325 20.6895 28.6106 2.15972 11.0568 3.72076 2.02431 7.79433 1.87784 3.30326 8.72078 -0.0572232 1.94187 7.6332 1.81418 -0.0211132 2.19087 -1.79645 3.44407 9.93239 2.26624 2.1622 0.0893863 2.62703 -2.23073 2.87434 6.18841
internal_weight=25049 5096 19953 93 67 47 5003 75 53 4928 122 4806 86 52 11701 4785 105 4680 797 3883 527 270 64 3862 3816 699 3117 151 2966 313
internal_count=25049 5096 19953 93 67 47 5003 75 53 4928 122 4806 86 52 11701 4785 105 4680 797 3883 527 270 64 3862 3816 699 3117 151 2966 313
is_linear=0
shrinkage=0.05


Tree=13
num_leaves=31
num_cat=0
split_feature=271 249 96 274 192 134 2 226 246 274 187 261 51 118 260 5 105 51 33 159 278 7 282 189 269 55 128 275 185 60
split_gain=1.33634e+07 5.94641e+06 4.9029e+06 4.74837e+06 2.41871e+06 1.91136e+06 2.25167e+06 1.86168e+06 2.32892e+06 2.54496e+06 2.38214e+06 2.16245e+06 2.11349e+06 3.34998e+06 3.05421e+06 2.48551e+06 1.9301e+06 3.20495e+06 1.8953e+06 2.33282e+06 1.88303e+06 1.93815e+06 1.87393e+06 2.87895e+06 2.44357e+06 1.83347e+06 1.67484e+06 1.66242e+06 1.65628e+06 1.78671e+06
threshold=483.63320922851568 4784.5849609375009 341.23442077636724 426.75000000000006 3001.2500000000005 -933.24999999999989 -3495.4999999999995 140.25000000000003 816.25000000000011 837.75000000000011 598.99819946289074 176.75000000000003 3253.5000000000005 2943.863891601563 1148.2500000000002 518.72827148437511 1208.7500000000002 418.25000000000006 444.00724792480474 403.54847717285162 624.58282470703136 -778.74999999999989 16.250000000000004 1992.2500000000002 637.25000000000011 3184.446655273438 3029.7500000000005 -1261.2499999999998 1189.7500000000002 4887.0351562500009
decision_type=2 2 2 2 2 2 2 2 2 2 2 2 2 2 2 2 2 2 2 2 2 2 2 2 2 2 2 2 2 2
left_child=2 7 25 -3 -5 -4 -7 8 9 18 -10 -12 13 16 15 -14 17 20 -2 -20 -9 -22 -18 24 -24 -1 -16 -8 29 -21
right_child=1 3 5 4 -6 6 27 12 10 -11 11 -13 14 -15 26 -17 22 -19 19 28 21 -23 23 -25 -26 -27 -28 -29 -30 -31
leaf_value=-0.99593453067069637 -1.2971101471203479 -3.6694736750229549 -1.1662488406725151 31.744966463361472 12.725865846872331 14.150277174636722 12.599393670161566 2.6496302401451839 1.1492826463282109 11.470757746179899 -22.464377777664751 -2.6325207399470467 33.99034045196715 -8.899028752247494 -5.3254010824056772 9.9416797510602262 10.357762314386278 -5.420270283246527 19.873360767364503 2.6669503118162572 5.429097775485781 22.004890922020223 -1.4491020461491178 -10.319826453924179 17.371504368501551 8.895895232545568 11.642944657441342 0.80297787625447192 -6.0748006444710958 13.047826010681863
leaf_weight=14187 335 23 1313 35 32 32 30 210 80 75 27 28 21 48 26 22 211 98 20 1150 45 29 35 32 34 47 33 6696 52 43
leaf_count=14187 335 23 1313 35 32 32 30 210 80 75 27 28 21 48 26 22 211 98 20 1150 45 29 35 32 34 47 33 6696 52 43
internal_value=-1.56322e-08 3.29263 -0.405065 15.9323 22.6612 0.579389 0.918546 2.864 1.95972 2.4689 -4.35782 -12.3682 4.80328 3.87561 11.5517 21.6864 4.75915 2.37614 2.04693 2.93251 5.06646 11.925 7.67681 2.07602 7.82482 -0.963272 4.16537 0.855593 2.66037 3.04111
internal_weight=25049 2744 22305 90 67 8071 6758 2654 1810 1675 135 55 844 742 102 43 694 382 1600 1265 284 74 312 101 69 14234 59 6726 1245 1193
internal_count=25049 2744 22305 90 67 8071 6758 2654 1810 1675 135 55 844 742 102 43 694 382 1600 1265 284 74 312 101 69 14234 59 6726 1245 1193
is_linear=0
shrinkage=0.05


Tree=14
num_leaves=31
num_cat=0
split_feature=96 118 264 26 229 222 43 245 264 6 187 156 222 82 289 110 47 75 253 19 257 276 173 174 107 243 284 198 226 288
split_gain=1.2202e+07 5.73637e+06 3.04872e+06 1.92294e+06 2.23201e+06 1.88926e+06 2.91845e+06 3.09447e+06 1.78486e+06 1.77243e+06 1.80454e+06 1.71083e+06 1.46751e+06 1.99398e+06 1.51507e+06 1.43513e+06 1.73477e+06 1.4109e+06 2.45611e+06 1.93711e+06 1.39312e+06 1.7368e+06 1.38943e+06 1.3831e+06 2.66999e+06 1.64304e+06 1.57999e+06 1.27119e+06 1.38176e+06 1.23368e+06
threshold=420.31375122070318 3557.9362792968755 286.53092956542974 447.01040649414068 1045.2505493164065 1045.2505493164065 1811.7500000000002 -422.24999999999994 879.99746704101574 3447.118774414063 469.80149841308599 1105.2500000000002 422.71945190429693 431.49392700195318 -22.749999999999996 467.49603271484381 449.77992248535162 447.01040649414068 324.75000000000006 444.00724792480474 408.65106201171881 147.25000000000003 636.49594116210949 1018.1388549804689 423.25000000000006 487.39910888671881 1519.4199829101565 389.25000000000006 -262.24999999999994 152.25000000000003
decision_type=2 2 2 2 2 2 2 2 2 2 2 2 2 2 2 2 2 2 2 2 2 2 2 2 2 2 2 2 2 2
left_child=2 5 -1 -3 8 12 7 -7 -5 -4 11 -11 13 15 -15 16 -2 18 27 22 21 -21 -19 24 25 -20 -25 28 -14 -22
right_child=1 3 9 4 -6 6 -8 -9 -10 10 -12 -13 17 14 -16 -17 -18 19 23 20 29 -23 -24 26 -26 -27 -28 -29 -30 -31
leaf_value=-1.3002413405716382 1.1496152801693773 23.858453068366419 -0.09754867689225713 9.8965557182891466 21.658658776964462 -9.4813666184743237 26.167940571308137 14.985589618342264 -4.1007749438285828 22.938101930618288 -6.4742564487457273 5.7755705509545674 2.2663986708848709 -1.4392305988190204 7.6032382154951295 14.371692761353083 12.166819099100625 -0.68232997698385434 3.2328722768359714 4.4393157000811598 0.76276600914319936 21.73163407802582 -13.617879268256102 -2.4150494645942344 25.246284543314289 20.009236178398133 9.9737129226807628 10.933604550531932 -7.5405675450960805 3.0405171325971354
leaf_weight=8095 278 26 11863 79 28 24 20 28 32 20 20 53 248 848 49 28 41 368 54 53 962 20 22 44 31 20 62 35 42 1556
leaf_count=8095 278 26 11863 79 28 24 20 28 32 20 20 53 248 848 49 28 41 368 54 53 962 20 22 44 31 20 62 35 42 1556
internal_value=2.4319e-08 2.21034 -0.55096 11.378 9.04349 1.89736 9.93615 3.69315 5.86129 -0.0436465 6.83207 10.4776 1.77579 0.299784 -0.945272 3.51827 2.56562 2.29787 4.65959 1.87321 2.36771 9.17694 -1.41203 8.8602 12.9276 7.76702 4.83121 1.93243 0.846079 2.1703
internal_weight=25049 4998 20051 165 139 4833 72 52 111 11956 93 73 4761 1244 897 347 319 3517 536 2981 2591 73 390 211 105 74 106 325 290 2518
internal_count=25049 4998 20051 165 139 4833 72 52 111 11956 93 73 4761 1244 897 347 319 3517 536 2981 2591 73 390 211 105 74 106 325 290 2518
is_linear=0
shrinkage=0.05


Tree=15
num_leaves=31
num_cat=0
split_feature=271 2 96 135 283 274 213 60 5 96 233 253 250 113 241 134 2 0 11 39 257 12 201 130 275 274 100 31 71 89
split_gain=1.10776e+07 5.0615e+06 4.09107e+06 3.97639e+06 2.80513e+06 1.84023e+06 2.08542e+06 1.88415e+06 1.66067e+06 2.91228e+06 2.39837e+06 2.11007e+06 2.04046e+06 1.71894e+06 1.67767e+06 1.62216e+06 2.01244e+06 1.61672e+06 1.57335e+06 1.5594e+06 1.52059e+06 1.55165e+06 1.46322e+06 1.45238e+06 1.44872e+06 1.35385e+06 1.34905e+06 1.30131e+06 1.59991e+06 1.27881e+06
threshold=483.63320922851568 4816.0000000000009 338.36772155761724 1716.7500000000002 112.75000000000001 225.75000000000003 -1320.7499999999998 -3644.9999999999995 636.49594116210949 552.32839965820324 -1391.4999999999998 -132.24999999999997 598.99819946289074 -1254.2499999999998 449.25000000000006 -933.24999999999989 -3495.4999999999995 -1034.4999999999998 3277.122436523438 -3231.422485351562 500.19013977050787 299.43096923828131 213.31623840332034 921.51998901367199 -1261.2499999999998 -265.24999999999994 2671.2500000000005 477.25000000000006 -1322.2499999999998 505.92158508300787
decision_type=2 2 2 2 2 2 2 2 2 2 2 2 2 2 2 2 2 2 2 2 2 2 2 2 2 2 2 2 2 2
left_child=2 5 22 -3 -5 8 27 29 9 12 19 13 14 -12 -2 -4 -17 -15 -10 -11 21 -18 -1 -16 -23 -19 -24 28 -7 -8
right_child=1 3 15 4 -6 6 7 -9 18 10 11 -13 -14 17 23 16 20 25 -20 -21 -22 24 26 -25 -26 -27 -28 -29 -30 -31
leaf_value=-2.1522679401697085 0.475700002550206 -5.1001266288757323 -1.0823414058051037 10.060559504713332 29.939384640587704 13.030264170603321 1.5916447312743576 3.7654174520671613 -4.9115251990465021 11.307433718726749 24.395658106463298 4.174378214312382 -5.5267618718694465 -0.28203734726859975 3.6825420737266543 13.32108919620514 -2.3186734538049776 4.4096657718930929 2.870263764409736 -4.153710370521023 -9.7945965682759013 11.946362895965578 -0.72094139033238891 17.982567950395438 0.93364409298069573 20.156370917344706 7.1278621803630493 21.234560267130533 -3.7438247408185692 -14.101981941223144
leaf_weight=1980 478 20 1349 35 36 44 27 1217 182 21 28 122 122 26 56 32 376 21 101 73 34 30 11907 26 6542 39 55 24 21 25
leaf_count=1980 478 20 1349 35 36 44 27 1217 182 21 28 122 122 26 56 32 376 21 101 73 34 30 11907 26 6542 39 55 24 21 25
internal_value=-9.00486e-09 2.99783 -0.368799 14.5927 20.14 2.60012 3.88607 3.36717 1.25162 2.19846 6.05441 8.74458 0.332681 13.6355 1.6092 0.505518 0.810911 10.1322 -2.13428 -0.699625 0.753574 0.805191 -0.893251 8.2167 0.983915 14.645 -0.684853 11.2847 7.61094 -5.95337
internal_weight=25049 2744 22305 91 71 2653 1358 1269 1295 1012 330 236 682 114 560 8363 7014 86 283 94 6982 6948 13942 82 6572 60 11962 89 65 52
internal_count=25049 2744 22305 91 71 2653 1358 1269 1295 1012 330 236 682 114 560 8363 7014 86 283 94 6982 6948 13942 82 6572 60 11962 89 65 52
is_linear=0
shrinkage=0.05


Tree=16
num_leaves=31
num_cat=0
split_feature=96 118 180 197 163 225 2 152 32 198 205 234 34 6 184 275 267 212 225 268 253 278 232 231 149 173 134 275 247 23
split_gain=1.00976e+07 4.66135e+06 2.58873e+06 1.78148e+06 2.64972e+06 2.43947e+06 2.48207e+06 2.05062e+06 1.68732e+06 2.06658e+06 2.28766e+06 1.68398e+06 1.62622e+06 1.60328e+06 1.7261e+06 1.67674e+06 1.37038e+06 1.70766e+06 2.83233e+06 1.64138e+06 1.93637e+06 1.45343e+06 1.47823e+06 1.77666e+06 1.74053e+06 1.37242e+06 1.30928e+06 1.12433e+06 1.17639e+06 1.12254e+06
threshold=420.31375122070318 3557.9362792968755 264.35140991210943 3300.7500000000005 882.75000000000011 2856.5000000000005 4816.0000000000009 674.41351318359386 4996.3525390625009 762.75000000000011 1799.7500000000002 934.75000000000011 3815.8515625000005 3447.118774414063 716.25000000000011 208.25000000000003 -598.49999999999989 -1861.7499999999998 -1359.4999999999998 -988.99999999999989 -78.749999999999986 696.40509033203136 -144.24999999999997 -141.74999999999997 -859.74999999999989 469.80149841308599 -2342.2499999999995 1.0000000180025095e-35 226.25000000000003 1266.2500000000002
decision_type=2 2 2 2 2 2 2 2 2 2 2 2 2 2 2 2 2 2 2 2 2 2 2 2 2 2 2 2 2 2
left_child=2 8 -1 4 -3 -5 -7 11 12 29 -11 -6 16 -4 -15 -16 -2 19 -19 -18 25 26 24 -24 -23 -21 -20 28 -25 -10
right_child=1 3 13 5 7 6 -8 -9 9 10 -12 -13 -14 14 15 -17 17 18 21 20 -22 22 23 27 -26 -27 -28 -29 -30 -31
leaf_value=-1.3768527193847881 -1.7528271081115028 -1.4692759740920296 -0.17600927444296202 -9.7675223263827249 4.5527628558022633 -1.1344956579662504 23.477361550331118 30.721541603406269 3.4411183265539318 -5.3668886505827622 14.699858118966223 21.743620524118686 -6.7611774691219999 17.060749993500888 -4.5771371841430666 11.632020646554453 16.472819982256208 -11.558103780159726 -6.8619405942493019 7.7780206799507141 12.27775656580925 3.3460814499855043 -8.0471253890257621 8.1385618512223399 23.317853156725565 -5.4316765598222325 1.7154280998928155 14.34642581641674 -5.6226367301940918 15.911137358616976
leaf_weight=5940 276 21 14018 22 28 21 20 24 26 49 20 29 58 27 39 27 35 40 45 32 48 20 26 41 24 51 3926 32 25 59
leaf_count=5940 276 21 14018 22 28 21 20 24 26 49 20 29 58 27 39 27 35 40 45 32 48 20 26 41 24 51 3926 32 25 59
internal_value=-2.35337e-08 2.01073 -0.501202 10.2748 14.3579 3.66408 10.8713 18.4612 1.72859 6.87822 0.44956 13.299 1.5591 -0.132599 6.41071 2.05388 1.66353 1.88054 1.68298 6.85399 4.28407 1.81095 6.36622 3.57238 14.2398 -0.338781 1.61823 6.65511 2.92599 12.0968
internal_weight=25049 4998 20051 165 102 63 41 81 4833 154 69 57 4679 14111 93 66 4621 4345 4179 166 131 4139 168 124 44 83 3971 98 66 85
internal_count=25049 4998 20051 165 102 63 41 81 4833 154 69 57 4679 14111 93 66 4621 4345 4179 166 131 4139 168 124 44 83 3971 98 66 85
is_linear=0
shrinkage=0.05


Tree=17
num_leaves=31
num_cat=0
split_feature=271 1 199 254 131 222 37 170 288 238 280 177 266 233 131 80 226 90 211 201 280 49 65 247 27 242 9 189 224 196
split_gain=9.27412e+06 3.77463e+06 2.88248e+06 2.53775e+06 2.34503e+06 1.68991e+06 2.94301e+06 2.76492e+06 1.37661e+06 1.25181e+06 1.97837e+06 1.68559e+06 1.20776e+06 1.83883e+06 2.44037e+06 4.0145e+06 1.45087e+06 1.31487e+06 1.48507e+06 1.19006e+06 1.1888e+06 1.19522e+06 1.61142e+06 1.351e+06 1.24156e+06 1.25551e+06 1.18221e+06 1.17826e+06 1.29557e+06 1.16938e+06
threshold=418.37471008300787 5432.0000000000009 1394.7500000000002 202.75000000000003 340.13876342773443 1045.2505493164065 706.25000000000011 -1588.2499999999998 612.25000000000011 1978.0000000000002 222.25000000000003 3105.2500000000005 410.25000000000006 -64.249999999999986 480.18733215332037 25.250000000000004 617.75000000000011 2606.192749023438 267.25000000000006 213.31623840332034 -249.74999999999997 1378.2500000000002 -159.74999999999997 -374.24999999999994 1749.2203369140627 1193.7525024414065 -1965.7499999999998 546.75000000000011 226.25000000000003 32.750000000000007
decision_type=2 2 2 2 2 2 2 2 2 2 2 2 2 2 2 2 2 2 2 2 2 2 2 2 2 2 2 2 2 2
left_child=4 5 -3 -4 19 9 7 -7 -5 11 -11 -2 13 20 27 -16 17 18 -14 -1 -6 22 26 -24 25 -25 -22 28 -15 -23
right_child=1 2 3 8 12 6 -8 -9 -10 10 -12 -13 16 14 15 -17 -18 -19 -20 -21 21 29 23 24 -26 -27 -28 -29 -30 -31
leaf_value=-1.9758118185715166 1.5398771064946879 26.810097551345827 -8.316000151634217 2.7275254583358768 -1.3860302316093354 -10.770592245188627 24.540170114690611 12.406390233193676 19.778919555400982 20.569996061779207 3.703176818035617 -12.656808604512896 0.73056044636350692 2.747575527685945 23.645513284928871 -2.9172093391418459 1.122612692929148 9.4699316842215406 -4.8948862228340708 -0.65282267953139161 2.5687352081848767 -8.986259171610973 5.4034363917674231 1.3190209020243353 12.514195355914888 -7.7560184012518993 -0.59620389990930078 3.4868569992195102 -1.2018655041113815 -0.2186643112413954
leaf_weight=1980 4785 24 20 20 1034 22 22 31 29 21 101 21 165 372 33 25 386 21 406 12011 381 61 314 249 21 45 1308 570 470 101
leaf_count=1980 4785 24 20 20 1034 22 22 31 29 21 101 21 165 372 33 25 386 21 406 12011 381 61 314 249 21 45 1308 570 470 101
internal_value=1.83944e-08 1.90371 11.8845 6.69303 -0.486208 1.71818 9.16705 2.78576 12.8192 1.60481 6.60648 1.47784 0.344156 0.659399 2.14429 12.1961 -1.26236 -2.81742 -3.26932 -0.840052 0.038231 0.632056 0.922237 3.0825 0.768932 -0.0700157 0.117734 1.7314 0.543018 -3.52004
internal_weight=25049 5096 93 69 19953 5003 75 53 49 4928 122 4806 5962 4984 1470 58 978 592 571 13991 3514 2480 2318 629 315 294 1689 1412 842 162
internal_count=25049 5096 93 69 19953 5003 75 53 49 4928 122 4806 5962 4984 1470 58 978 592 571 13991 3514 2480 2318 629 315 294 1689 1412 842 162
is_linear=0
shrinkage=0.05


Tree=18
num_leaves=31
num_cat=0
split_feature=278 284 283 96 55 243 206 125 2 219 281 57 199 261 188 96 254 215 267 145 93 78 63 177 215 266 254 267 26 201
split_gain=8.52616e+06 3.92967e+06 3.32982e+06 3.1763e+06 1.79922e+06 1.75914e+06 2.86639e+06 1.60556e+06 1.86328e+06 1.36029e+06 1.32246e+06 1.54565e+06 1.60345e+06 1.37221e+06 2.71847e+06 3.19741e+06 2.93042e+06 2.45475e+06 2.58134e+06 2.11168e+06 2.03446e+06 2.21806e+06 2.68696e+06 2.27349e+06 2.08803e+06 2.22758e+06 1.73001e+06 1.91698e+06 1.5907e+06 2.17762e+06
threshold=483.63320922851568 4516.8000488281259 -128.74999999999997 364.72183227539068 3184.446655273438 674.41351318359386 1872.2500000000002 -2314.945678710937 -3495.4999999999995 -721.74999999999989 -147.74999999999997 -2074.4999999999995 -2051.2499999999995 -209.74999999999997 1767.633972167969 512.03503417968761 -897.74999999999989 578.96932983398449 1366.2500000000002 598.99819946289074 1296.7500000000002 1045.7500000000002 1594.5000000000002 -414.74999999999994 480.18733215332037 160.25000000000003 828.75000000000011 790.25000000000011 429.29431152343756 537.80807495117199
decision_type=2 2 2 2 2 2 2 2 2 2 2 2 2 2 2 2 2 2 2 2 2 2 2 2 2 2 2 2 2 2
left_child=3 10 -3 4 -1 -4 -7 -5 9 -9 11 12 -2 14 15 -12 -16 19 26 -15 21 24 23 -23 -17 -26 27 -19 -18 -30
right_child=1 2 5 7 -6 6 -8 8 -10 -11 13 -13 -14 17 16 20 28 18 -20 -21 -22 22 -24 -25 25 -27 -28 -29 29 -31
leaf_value=-0.71827466397557616 -2.2839400434494017 -2.6938048095703127 31.112841100692748 -4.4708846988493969 8.2594580684389385 27.581386184692384 2.4037725375248837 2.031341588497162 0.70660724089191407 19.422008190984315 -0.11149634686288479 -1.8525156233349784 16.88524088462194 2.7564652533919523 -4.616069210072359 16.889547859538688 26.721714251691647 -4.1086601208775271 6.849543686754564 13.816400442161459 -3.834818657094782 30.512749325787581 3.9714508007983778 10.948931653571853 3.0097731522596365 18.670792313416801 -11.532224931522293 3.425618816021597 0.41455160549708775 18.100119531089845
leaf_weight=16204 20 25 20 149 56 20 26 22 5851 23 457 305 24 528 24 33 22 248 85 47 55 27 49 33 421 24 49 128 28 46
leaf_count=16204 20 25 20 149 56 20 26 22 5851 23 457 305 24 528 24 33 22 248 85 47 55 27 49 33 421 24 49 128 28 46
internal_value=1.3861e-09 2.63003 12.8466 -0.323551 -0.687355 18.7331 13.3506 0.655019 0.784558 10.9199 2.27959 -0.588683 8.17198 2.71407 3.86527 3.08504 11.0109 1.42069 -1.10458 3.66049 5.36046 6.22202 12.6583 19.7526 4.75433 3.85441 -2.69541 -1.5438 14.9176 11.4083
internal_weight=25049 2744 91 22305 16260 66 46 6045 5896 45 2653 349 44 2304 1219 1099 120 1085 510 575 642 587 109 60 478 445 425 376 96 74
internal_count=25049 2744 91 22305 16260 66 46 6045 5896 45 2653 349 44 2304 1219 1099 120 1085 510 575 642 587 109 60 478 445 425 376 96 74
is_linear=0
shrinkage=0.05


Tree=19
num_leaves=31
num_cat=0
split_feature=5 31 199 69 96 187 288 225 226 153 275 213 261 274 171 36 245 241 96 19 288 192 272 268 156 131 61 283 206 162
split_gain=7.79687e+06 3.26513e+06 3.14211e+06 2.77213e+06 1.95922e+06 1.80949e+06 1.7833e+06 1.86237e+06 2.27069e+06 2.0251e+06 1.63241e+06 2.00269e+06 1.61368e+06 1.99785e+06 1.43269e+06 1.74373e+06 1.40802e+06 2.34672e+06 1.74626e+06 2.38207e+06 1.64246e+06 1.46514e+06 1.35934e+06 1.33959e+06 1.27689e+06 1.22858e+06 2.68289e+06 1.26746e+06 1.21828e+06 1.25274e+06
threshold=426.99803161621099 4936.2500000000009 1394.7500000000002 3101.8613281250005 288.42204284667974 879.99746704101574 152.25000000000003 -1753.4999999999998 -1838.7499999999998 -1094.9920654296873 -587.74999999999989 -1281.2499999999998 -277.24999999999994 814.75000000000011 19.250000000000004 2261.0000000000005 -453.74999999999994 241.25000000000003 545.15829467773449 598.99819946289074 309.75000000000006 -1169.7499999999998 -1540.3065185546873 -1031.7499999999998 58.750000000000007 476.75883483886724 394.21360778808599 -9.7499999999999982 -1391.2499999999998 -1958.4999999999998
decision_type=2 2 2 2 2 2 2 2 2 2 2 2 2 2 2 2 2 2 2 2 2 2 2 2 2 2 2 2 2 2
left_child=3 6 -3 4 24 -4 10 -8 9 22 -2 28 13 16 15 -6 -10 18 21 -20 -21 -18 -9 -16 -1 26 27 -5 29 -12
right_child=1 2 5 25 14 -7 7 8 12 -11 11 -13 -14 -15 23 -17 17 -19 19 20 -22 -23 -24 -25 -26 -27 -28 -29 -30 -31
leaf_value=-0.58523536737772519 -1.7797724621326649 28.622297741117933 13.253189301490785 0.048638227068144704 -0.50952646986856986 -5.6354846772693454 13.497760900698211 -9.7105646653608844 1.9319202741298191 -19.629044950576059 13.753528035205344 0.93034069898558869 1.5633923494852984 17.805569343211559 8.8418146327137954 -10.981981848478318 -4.4540389797266791 -0.74032022714614865 21.619601181877986 12.815491007765136 -2.2555662508668575 6.6918301361336097 7.6740628781525988 0.45240095259495111 -1.8664017130125172 15.097043535786291 -7.3395377262218577 12.745442372658214 16.850040295918784 -1.031095388061122
leaf_weight=5191 553 21 32 29 6326 21 38 22 511 21 23 1313 1544 26 48 40 34 110 45 48 29 222 23 5472 3110 31 37 61 30 38
leaf_count=5191 553 21 32 29 6326 21 38 22 511 21 23 1313 1544 26 48 40 34 110 45 48 29 222 23 5472 3110 31 37 61 30 38
internal_value=1.2755e-09 1.83455 12.2544 -0.42417 -0.475804 5.769 1.66802 2.50765 2.34915 -6.80817 0.521193 1.42748 2.58441 4.12242 -0.0641594 -0.575329 3.76631 5.68715 7.55757 12.4804 7.13938 5.21152 -0.825088 0.525352 -1.06523 6.17296 3.99464 8.65425 8.60056 4.54343
internal_weight=25049 4704 74 20345 20187 53 4630 2673 2635 66 1957 1404 2569 1025 11886 6366 999 488 378 122 77 256 45 5520 8301 158 127 90 91 61
internal_count=25049 4704 74 20345 20187 53 4630 2673 2635 66 1957 1404 2569 1025 11886 6366 999 488 378 122 77 256 45 5520 8301 158 127 90 91 61
is_linear=0
shrinkage=0.05


Tree=20
num_leaves=31
num_cat=0
split_feature=271 249 274 96 192 233 239 26 206 51 261 167 12 187 243 243 113 243 240 205 274 281 159 49 94 196 264 240 105 114
split_gain=7.10486e+06 3.40927e+06 3.89487e+06 2.65547e+06 1.92659e+06 1.52528e+06 2.52312e+06 2.34697e+06 2.11886e+06 2.10855e+06 2.21509e+06 2.02244e+06 1.9417e+06 1.57625e+06 2.01436e+06 2.15629e+06 1.70844e+06 1.62895e+06 1.64167e+06 1.61024e+06 1.56015e+06 1.74433e+06 1.559e+06 1.55626e+06 2.83448e+06 1.79549e+06 1.54553e+06 1.37882e+06 1.33234e+06 2.15625e+06
threshold=483.63320922851568 4784.5849609375009 426.75000000000006 288.42204284667974 3001.2500000000005 128.25000000000003 1050.2500000000002 452.66287231445318 -327.74999999999994 3007.0000000000005 755.75000000000011 2224.324829101563 436.54501342773443 439.06622314453131 545.15829467773449 775.33657836914074 -167.24999999999997 552.32839965820324 238.75000000000003 51.750000000000007 837.75000000000011 969.00000000000011 402.01121520996099 184.75000000000003 1080.2500000000002 1530.7500000000002 598.99819946289074 673.75000000000011 1560.7500000000002 -601.74999999999989
decision_type=2 2 2 2 2 2 2 2 2 2 2 2 2 2 2 2 2 2 2 2 2 2 2 2 2 2 2 2 2 2
left_child=3 5 -3 -1 -4 6 12 9 -9 11 -11 28 -2 -10 16 17 -15 -16 -19 -20 22 -22 -14 26 -25 -26 -21 -27 29 -7
right_child=1 2 4 -5 -6 7 -8 8 13 10 -12 -13 20 14 15 -17 -18 18 19 23 21 -23 -24 24 25 27 -28 -29 -30 -31
leaf_value=-1.0055191625934568 -1.7581000361915518 -5.7814715012260107 26.172818897792268 0.12374754275559441 9.1984891504049298 18.809851455688477 -14.839096411069235 18.222449488639832 -10.61151372909546 30.362211389541628 6.8298451125621797 -8.6704992248898467 15.793541408777237 -4.7211381453054919 -13.907464199264846 8.731769397523669 9.0076642232583772 7.7129085484605575 -11.834924009111193 -1.7102166748046876 14.791361055568775 -2.1560604572296143 1.7298386236566423 -17.050104818344117 7.8721777107404627 -15.560120271501086 13.148804980686734 -0.29298419080674648 14.342760348769856 1.3850916780855345
leaf_weight=8278 368 23 35 14027 32 22 24 20 25 20 20 21 20 27 24 63 141 52 36 35 49 22 1338 30 46 21 35 50 53 92
leaf_count=8278 368 23 35 14027 32 22 24 20 25 20 20 21 20 27 24 63 141 52 36 35 49 22 1338 30 46 21 35 50 53 92
internal_value=5.80764e-09 2.40083 11.9714 -0.295354 18.0657 2.07628 1.26558 3.84854 2.21928 8.17181 18.596 5.95389 1.48067 1.67216 2.22054 0.257378 6.80125 -1.36538 -0.378459 -2.04151 2.31472 9.54005 1.93696 -0.416793 -3.33874 0.176995 5.71929 -4.80862 7.79288 4.74776
internal_weight=25049 2744 90 22305 67 2654 1821 833 605 228 40 188 1797 585 560 392 168 329 305 253 1429 71 1358 217 147 117 70 71 167 114
internal_count=25049 2744 90 22305 67 2654 1821 833 605 228 40 188 1797 585 560 392 168 329 305 253 1429 71 1358 217 147 117 70 71 167 114
is_linear=0
shrinkage=0.05


Tree=21
num_leaves=31
num_cat=0
split_feature=5 222 224 274 129 222 288 227 43 42 288 250 41 168 169 275 210 58 89 61 187 66 164 92 32 72 10 6 177 148
split_gain=6.52128e+06 2.87572e+06 4.40477e+06 2.40628e+06 2.24034e+06 1.78797e+06 1.55372e+06 1.49751e+06 1.3968e+06 1.50606e+06 1.47722e+06 1.43021e+06 1.64302e+06 1.75906e+06 2.39587e+06 1.39442e+06 1.79325e+06 1.3654e+06 1.74844e+06 2.09075e+06 2.07223e+06 1.36936e+06 1.6333e+06 1.29702e+06 1.2993e+06 1.20093e+06 1.77259e+06 1.98968e+06 3.15605e+06 1.90777e+06
threshold=426.99803161621099 1045.2505493164065 660.25000000000011 1670.0000000000002 -1282.2499999999998 288.20288085937506 152.25000000000003 -686.74999999999989 -917.74999999999989 -998.24999999999989 50.250000000000007 353.57765197753912 -2183.218139648437 -813.74999999999989 -542.24999999999989 -560.24999999999989 -1134.7499999999998 2675.5000000000005 429.29431152343756 429.29431152343756 452.66287231445318 3346.0000000000005 892.25000000000011 -2661.9999999999995 -4299.6999511718741 3508.7500000000005 3272.5000000000005 2321.6032714843755 490.75000000000006 765.75000000000011
decision_type=2 2 2 2 2 2 2 2 2 2 2 2 2 2 2 2 2 2 2 2 2 2 2 2 2 2 2 2 2 2
left_child=3 6 4 5 -3 -1 15 -6 11 -10 -11 12 13 -7 -15 -2 -17 -12 20 -20 21 22 -19 -8 -25 26 27 -26 -29 -28
right_child=1 2 -4 -5 7 8 23 -9 9 10 17 -13 -14 14 -16 16 -18 18 19 -21 -22 -23 -24 24 25 -27 29 28 -30 -31
leaf_value=-0.97126934650826036 -1.6005979785796356 -8.689991295337677 27.793143817094656 15.434786352515221 19.227199778349505 0.88421967129653967 -4.1121531055345164 1.5488587379455567 3.5856163124607976 -1.2870634779567813 0.3007737880048324 -2.7496943573063275 -0.95725186068537893 24.684405020475388 4.4259937350396754 6.5029167184958583 0.67094901843931665 13.851045343399049 24.131105182387614 2.0747405233837308 -9.3922778703272343 15.863858446867571 -0.56120328242364137 10.894899472130669 1.9706116430609855 8.0292484707209493 -17.7699266910553 15.559147790074348 2.6772557512351445 -0.9821610524437645
leaf_weight=8296 592 24 26 24 23 201 77 25 327 1530 7577 848 1253 20 54 148 1205 25 22 21 32 23 92 45 2108 89 20 72 140 110
leaf_count=8296 592 24 26 24 23 201 77 25 327 1530 7577 848 1253 20 54 148 1205 25 22 21 32 23 92 45 2108 89 20 72 140 110
internal_value=1.5119e-09 1.67779 10.1532 -0.387924 3.78316 -0.406611 1.49746 10.0197 -0.0170553 0.250354 0.133359 -1.10301 -0.189147 3.31062 9.90124 0.423327 1.30889 0.412266 4.34147 13.3594 2.08698 4.71082 2.51834 2.28257 2.47313 2.32386 2.11661 2.43497 7.05224 -3.56489
internal_weight=25049 4704 98 20345 72 20321 4606 48 12025 9649 9322 2376 1528 275 74 1945 1353 7792 215 43 172 140 117 2661 2584 2539 2450 2320 212 130
internal_count=25049 4704 98 20345 72 20321 4606 48 12025 9649 9322 2376 1528 275 74 1945 1353 7792 215 43 172 140 117 2661 2584 2539 2450 2320 212 130
is_linear=0
shrinkage=0.05


Tree=22
num_leaves=31
num_cat=0
split_feature=103 222 224 184 205 69 225 54 183 72 117 205 254 208 10 208 0 292 264 39 5 185 183 267 78 103 254 288 240 204
split_gain=5.97223e+06 2.79826e+06 3.97531e+06 2.12988e+06 2.0376e+06 1.80897e+06 1.48459e+06 2.57892e+06 2.09852e+06 1.79518e+06 2.84138e+06 2.01927e+06 1.87469e+06 1.5062e+06 1.44785e+06 1.83759e+06 1.77428e+06 1.63094e+06 1.60345e+06 1.57667e+06 1.93761e+06 1.93003e+06 1.91842e+06 1.64608e+06 1.99887e+06 1.69222e+06 1.49696e+06 1.36716e+06 1.34122e+06 1.33415e+06
threshold=388.53430175781256 1045.2505493164065 660.25000000000011 -2503.7499999999995 -1066.2499999999998 3101.8613281250005 2856.5000000000005 560.00579833984386 3698.2500000000005 3508.7500000000005 469.80149841308599 2153.7500000000005 -172.24999999999997 696.40509033203136 3272.5000000000005 653.59622192382824 3847.0000000000005 724.36727905273449 598.99819946289074 3180.734985351563 775.33657836914074 1002.7500000000001 1168.7500000000002 193.25000000000003 2569.0000000000005 724.36727905273449 271.25000000000006 44.250000000000007 -49.249999999999993 389.50000000000006
decision_type=2 2 2 2 2 2 2 2 2 2 2 2 2 2 2 2 2 2 2 2 2 2 2 2 2 2 2 2 2 2
left_child=5 6 3 -3 -5 27 8 -8 9 11 -11 14 -12 -9 19 18 -17 -18 -16 20 -2 23 29 25 26 -21 28 -1 -25 -22
right_child=1 2 -4 4 -6 -7 7 13 -10 10 12 -13 -14 -15 15 16 17 -19 -20 21 22 -23 -24 24 -26 -27 -28 -29 -30 -31
leaf_value=-1.439478479121381 0.98998915151716105 -9.3704875339161262 26.403486522344441 21.660406799316405 1.0570167477925618 6.8029695731050825 19.15959105645457 -9.7714340463280678 -12.852536517602426 -1.7559758822123213 7.5484934682431435 10.745373431129277 28.479522876739505 9.4010454949878515 -1.6648978720540588 -19.470604170285739 -13.288734539917536 2.5279239715673985 13.955698127746581 0.011156779137727257 -5.4996253672820421 -0.16635035865447101 8.2089516401290901 7.822665891881849 25.132852325439455 14.960250883517057 -1.1764271616935731 -0.30555449973424686 22.473163554781962 -19.942948550269719
leaf_weight=3237 5784 22 26 20 30 85 31 20 27 36 23 53 20 21 92 26 28 39 20 107 67 170 20 61 20 23 32 14867 21 21
leaf_count=3237 5784 22 26 20 30 85 31 20 27 36 23 53 20 21 92 26 28 39 20 107 67 170 20 61 20 23 32 14867 21 21
internal_value=-1.20025e-09 1.25715 9.6455 3.594 9.29837 -0.474134 1.13558 8.27695 1.05872 1.11509 8.60748 1.02519 17.2839 0.0486165 0.946309 -3.18921 -8.38421 -4.08202 1.12449 1.08032 0.86609 3.98878 -5.76942 6.66443 10.5532 2.656 7.99538 -0.5083 11.5746 -8.94633
internal_weight=25049 6860 98 72 50 18189 6762 72 6690 6663 79 6584 43 41 6531 205 93 67 112 6326 5892 434 108 264 134 130 114 18104 82 88
internal_count=25049 6860 98 72 50 18189 6762 72 6690 6663 79 6584 43 41 6531 205 93 67 112 6326 5892 434 108 264 134 130 114 18104 82 88
is_linear=0
shrinkage=0.05


Tree=23
num_leaves=31
num_cat=0
split_feature=292 180 118 180 5 75 152 212 279 199 240 167 67 159 236 49 108 32 57 36 2 110 176 30 64 253 226 271 45 260
split_gain=5.54898e+06 2.32162e+06 2.03102e+06 3.31389e+06 2.76478e+06 2.57099e+06 2.37579e+06 1.93514e+06 1.48057e+06 3.53665e+06 1.29701e+06 1.20764e+06 1.52974e+06 2.18662e+06 1.52591e+06 1.72893e+06 2.04115e+06 1.54365e+06 3.61137e+06 1.93551e+06 2.57999e+06 2.82846e+06 1.73524e+06 1.65436e+06 1.48633e+06 1.41533e+06 1.35399e+06 1.3419e+06 1.43884e+06 1.60667e+06
threshold=487.39910888671881 343.96189880371099 3557.9362792968755 464.46438598632818 406.79368591308599 469.80149841308599 696.40509033203136 1512.0000000000002 2200.874145507813 1208.2500000000002 -911.24999999999989 3154.079467773438 5164.9250488281259 1045.2505493164065 598.99819946289074 3261.2500000000005 2429.7500000000005 290.55499267578131 2354.7500000000005 -2585.4999999999995 1146.7500000000002 674.41351318359386 996.25000000000011 1460.2500000000002 2495.0000000000005 842.75000000000011 308.25000000000006 674.41351318359386 512.25000000000011 16.250000000000004
decision_type=2 2 2 2 2 2 2 2 2 2 2 2 2 2 2 2 2 2 2 2 2 2 2 2 2 2 2 2 2 2
left_child=1 -1 11 -4 -5 -6 8 -8 9 -7 -3 12 14 24 15 16 -2 23 19 -19 21 27 25 26 -14 -23 -16 28 29 -21
right_child=2 10 3 4 5 6 7 -9 -10 -11 -12 -13 13 -15 17 -17 -18 18 -20 20 -22 22 -24 -25 -26 -27 -28 -29 -30 -31
leaf_value=-0.62837328155619909 2.7830673626924436 -1.2726213103915702 25.902556618054707 -11.268494707605115 23.568482471647719 8.0427102770124161 22.959120491027832 2.6264980966394602 7.4736692074806461 -20.337699944040054 0.6817981382908771 -9.1498588619232191 -5.7697651157776519 22.984673728942873 -6.223926198266331 15.654661006927491 -6.4850504690600985 19.00052586555481 -4.8264154139355098 -2.4867615154811316 8.7693568643770714 -3.912940770636002 6.1033941023277514 10.480558309555054 10.123996292603643 -16.688951274326868 3.9904352933932574 14.760078424395937 -5.6645954978081496 15.67297593478499
leaf_weight=14586 1420 969 21 23 21 21 25 22 31 23 6848 25 24 20 193 25 62 20 169 21 133 96 33 20 38 28 39 33 31 29
leaf_count=14586 1420 969 21 23 21 21 25 22 31 23 6848 25 24 20 193 25 62 20 169 21 133 96 33 20 38 28 39 33 31 29
internal_value=3.90267e-09 -0.255755 2.16541 7.18872 4.82131 7.40918 4.62766 13.4417 -0.895819 -6.7925 0.439527 1.7834 1.8957 8.60891 1.66165 2.61529 2.39533 -0.0391188 1.354 3.81743 3.06579 0.266618 -4.08612 -3.31738 3.97157 -6.79785 -4.50686 6.26118 2.79866 8.04589
internal_weight=25049 22403 2646 187 166 143 122 47 75 44 7817 2459 2434 82 2352 1507 1482 845 593 424 404 271 157 252 62 124 232 114 81 50
internal_count=25049 22403 2646 187 166 143 122 47 75 44 7817 2459 2434 82 2352 1507 1482 845 593 424 404 271 157 252 62 124 232 114 81 50
is_linear=0
shrinkage=0.05


Tree=24
num_leaves=31
num_cat=0
split_feature=285 281 2 96 199 279 250 96 184 7 261 267 56 135 220 278 82 72 131 12 156 268 96 261 232 243 128 127 148 71
split_gain=5.05729e+06 2.7433e+06 3.45024e+06 2.34407e+06 2.3219e+06 3.65561e+06 1.84394e+06 2.27235e+06 2.24269e+06 2.30156e+06 2.5774e+06 2.30524e+06 1.69005e+06 1.94752e+06 1.62787e+06 1.62351e+06 2.20957e+06 1.78938e+06 1.68663e+06 1.44024e+06 1.39792e+06 1.37712e+06 1.36151e+06 1.3549e+06 1.91018e+06 1.31317e+06 1.30457e+06 1.47372e+06 2.17607e+06 2.14495e+06
threshold=512.03503417968761 -234.74999999999997 4816.0000000000009 341.23442077636724 1394.7500000000002 2200.874145507813 570.11660766601574 552.32839965820324 2449.0000000000005 1589.2500000000002 -565.74999999999989 365.25000000000006 505.25000000000006 -2355.4999999999995 1724.2500000000002 775.33657836914074 636.49594116210949 -1177.7499999999998 570.11660766601574 299.43096923828131 -1119.7499999999998 -457.74999999999994 611.19790649414074 -201.24999999999997 -969.74999999999989 674.41351318359386 2718.2500000000005 729.25000000000011 1266.0000000000002 -449.24999999999994
decision_type=2 2 2 2 2 2 2 2 2 2 2 2 2 2 2 2 2 2 2 2 2 2 2 2 2 2 2 2 2 2
left_child=3 -2 6 -1 -4 -6 -3 14 9 12 20 25 13 -9 23 16 17 18 -15 -5 -11 -14 -13 24 -8 -12 27 -21 29 -29
right_child=1 2 4 19 5 -7 7 8 -10 10 11 22 21 15 -16 -17 -18 -19 -20 26 -22 -23 -24 -25 -26 -27 -28 28 -30 -31
leaf_value=-0.61190870755216964 -3.38925192784518 4.3964578185353309 27.623793563842778 -2.56550538984976 -5.9250956747266983 18.136958355652659 -14.0712658199397 -4.061779023455335 -11.32541744709015 24.83249922938969 1.9162928342819214 -4.2533447674342559 -12.590111978848775 -9.1622081188928526 8.9955875724554062 12.887657310412482 -1.5092194857636119 14.870061237857028 8.4135344395270728 0.21333807593032314 10.430410804824225 -0.45083786636590961 9.8707221550600863 -6.1969370627844782 1.4915031035322892 -15.786000699996947 -9.3505905266964078 19.086255296071371 0.066393943417306048 2.9550123289795409
leaf_weight=14254 192 728 20 383 27 38 22 77 27 23 22 21 33 21 32 52 123 53 39 6080 63 80 91 162 190 20 33 21 1020 1102
leaf_count=14254 192 728 20 383 27 38 22 77 27 23 22 21 33 21 32 52 123 53 39 6080 63 80 91 162 190 20 33 21 1020 1102
internal_value=2.32096e-09 2.31505 2.8727 -0.218025 12.7259 8.14195 2.42698 1.18129 2.82133 3.35331 7.34841 3.47632 1.34741 3.00165 -1.82815 4.89014 3.12797 8.17553 2.26202 0.431866 14.2821 -3.99594 7.22246 -2.75424 -0.123501 -6.51337 0.570916 0.610732 1.7382 3.25667
internal_weight=25049 2156 1964 22893 85 65 1879 1151 745 718 240 154 478 365 406 288 236 113 60 8639 86 113 112 374 212 42 8256 8223 2143 1123
internal_count=25049 2156 1964 22893 85 65 1879 1151 745 718 240 154 478 365 406 288 236 113 60 8639 86 113 112 374 212 42 8256 8223 2143 1123
is_linear=0
shrinkage=0.05


Tree=25
num_leaves=31
num_cat=0
split_feature=5 31 199 17 187 187 124 173 243 288 225 226 265 272 261 275 149 0 275 213 245 248 3 279 185 177 218 233 127 170
split_gain=4.62362e+06 1.98094e+06 2.37192e+06 1.9426e+06 1.68738e+06 1.39456e+06 1.34979e+06 2.35677e+06 2.02375e+06 1.30154e+06 1.54063e+06 1.9732e+06 1.79769e+06 1.49009e+06 1.43206e+06 1.63436e+06 1.41566e+06 1.97943e+06 1.34851e+06 1.63443e+06 1.19474e+06 1.53646e+06 1.41528e+06 1.33474e+06 1.36646e+06 1.44646e+06 1.18832e+06 1.15724e+06 1.12486e+06 1.52095e+06
threshold=426.99803161621099 4936.2500000000009 1394.7500000000002 3407.2500000000005 879.99746704101574 232.22170257568362 500.19013977050787 464.46438598632818 426.99803161621099 152.25000000000003 -1753.4999999999998 -1838.7499999999998 -1164.9083251953123 -1540.3065185546873 -277.24999999999994 216.75000000000003 -1898.7499999999998 -3251.2499999999995 -587.74999999999989 -1281.2499999999998 192.25000000000003 -372.74999999999994 -1857.2499999999998 -511.08045959472651 -388.74999999999994 -436.24999999999994 -779.74999999999989 -909.74999999999989 2957.2500000000005 341.25000000000006
decision_type=2 2 2 2 2 2 2 2 2 2 2 2 2 2 2 2 2 2 2 2 2 2 2 2 2 2 2 2 2 2
left_child=3 9 -3 5 -4 -1 7 8 -5 18 -11 12 13 -12 15 16 -13 -18 -2 -20 21 -19 -23 -24 -25 -26 -16 -28 29 -21
right_child=1 2 4 6 -6 -7 -8 -9 -10 10 11 14 -14 -15 26 -17 17 20 19 28 -22 22 23 24 25 -27 27 -29 -30 -31
leaf_value=-1.2930379271298948 -1.7880577624410012 23.749907860372748 11.121302423626185 3.0864687815308574 -7.1188798972538541 -0.17783910845653678 17.994811450242999 -7.0559152978839297 22.566016187667849 11.996152837652909 -10.23813649882441 -1.1566114191037076 -19.194917039871218 7.7599977451822033 8.9420742182021442 15.900284941379841 19.173168273199174 2.5246794582223497 7.6070907970378689 1.4337198868680749 -0.96036477404192466 -1.9321006774902345 20.740126273745584 0.55190233374541664 17.924184399116331 7.1122195667454182 -6.4604490611415644 1.1315664069189539 11.638082019142484 -2.6161618423048814
leaf_weight=3362 553 21 32 40 21 16870 20 33 20 38 23 157 20 23 47 26 21 423 91 987 121 36 21 53 41 126 52 1445 23 303
leaf_count=3362 553 21 32 40 21 16870 20 33 20 38 23 157 20 23 47 26 21 423 91 987 121 36 21 53 41 126 52 1445 23 303
internal_value=-1.59938e-09 1.41274 9.52883 -0.326641 3.89406 -0.363154 6.21089 3.67671 9.57965 1.28302 2.00032 1.85617 -6.68024 -1.23907 2.07548 3.52435 3.20226 4.01501 0.303275 1.127 3.62729 4.4203 7.31505 8.69637 7.54674 9.76665 1.11363 0.867849 0.677883 0.482469
internal_weight=25049 4704 74 20345 53 20232 113 93 60 4630 2673 2635 66 46 2569 1025 999 842 1957 1404 821 700 277 241 220 167 1544 1497 1313 1290
internal_count=25049 4704 74 20345 53 20232 113 93 60 4630 2673 2635 66 46 2569 1025 999 842 1957 1404 821 700 277 241 220 167 1544 1497 1313 1290
is_linear=0
shrinkage=0.05


Tree=26
num_leaves=31
num_cat=0
split_feature=278 249 274 264 192 168 73 282 163 222 128 222 123 261 171 128 216 260 52 267 113 239 201 1 31 68 12 25 113 185
split_gain=4.26599e+06 2.17203e+06 3.16863e+06 1.73639e+06 1.62396e+06 1.42696e+06 1.01161e+06 1.0611e+06 1.00645e+06 931161 1.56312e+06 1.32141e+06 2.01206e+06 1.43867e+06 2.83534e+06 2.09084e+06 2.24537e+06 1.69453e+06 1.65819e+06 2.62781e+06 1.63929e+06 1.69062e+06 1.48348e+06 1.47613e+06 1.44348e+06 1.43183e+06 1.69922e+06 1.35549e+06 1.3174e+06 1.30321e+06
threshold=483.63320922851568 4784.5849609375009 426.75000000000006 284.66770935058599 3001.2500000000005 -2183.2499999999995 4637.5000000000009 -1093.4999999999998 -125.24999999999999 1045.2505493164065 -1859.7499999999998 588.47909545898449 -3599.732543945312 -201.24999999999997 1424.7500000000002 -379.74999999999994 -235.26396179199216 106.75000000000001 3840.0000000000005 1232.2500000000002 1134.2500000000002 87.750000000000014 653.59622192382824 979.50000000000011 719.75000000000011 530.86532592773449 879.99746704101574 4749.1401367187509 2283.0000000000005 -1304.2499999999998
decision_type=2 2 2 2 2 2 2 2 2 2 2 2 2 2 2 2 2 2 2 2 2 2 2 2 2 2 2 2 2 2
left_child=3 6 -3 8 -4 -5 7 -2 -1 11 -11 27 -13 14 15 17 -17 -14 19 23 21 -18 -19 25 -25 -15 -27 29 -16 -9
right_child=1 2 4 5 -6 -7 -8 9 -10 10 -12 12 13 18 28 16 20 22 -20 -21 -22 -23 -24 24 -26 26 -28 -29 -30 -31
leaf_value=-0.31707621988205714 -3.5789071052363428 -6.5867461080136511 22.38492433003017 -6.0091849347164761 6.9244956219738185 0.13908155890652538 11.053356614283153 5.6339498119905969 -1.4508475229511675 -0.60719785361454415 15.419996747374535 -15.601814041137695 1.6219599634263575 -17.034625643950243 4.2321631885710218 -18.149127864837649 17.915499505996703 22.263482112884521 -13.420291009971075 7.9076984005075106 -4.1283578506687233 -2.6430529046058657 5.7184715157463444 12.619861500603813 -1.2706609643690767 -1.3701585511074348 -16.414929540520131 14.254699772596361 20.798924509116585 1.623982312846854
leaf_weight=4383 99 23 35 95 33 14290 28 242 3537 29 32 20 205 26 21 22 20 20 28 71 114 20 42 21 171 102 23 24 28 1245
leaf_count=4383 99 23 35 95 33 14290 28 242 3537 29 32 20 205 26 21 22 20 20 28 71 114 20 42 21 171 102 23 24 28 1245
internal_value=-2.24194e-09 1.86035 9.45589 -0.228863 14.8821 0.0984778 1.59981 1.49898 -0.823408 1.69799 7.80051 1.54697 0.0900464 0.426061 2.28603 1.02366 -3.20719 3.81254 -1.64432 -0.847872 -1.07262 7.63622 11.0556 -2.66025 0.248615 -6.35894 -4.1384 2.46683 13.6989 2.27658
internal_weight=25049 2744 91 22305 68 14385 2653 2625 7920 2526 61 2465 954 934 492 443 176 267 442 414 154 40 62 343 192 151 125 1511 49 1487
internal_count=25049 2744 91 22305 68 14385 2653 2625 7920 2526 61 2465 954 934 492 443 176 267 442 414 154 40 62 343 192 151 125 1511 49 1487
is_linear=0
shrinkage=0.05


Tree=27
num_leaves=31
num_cat=0
split_feature=264 134 191 233 2 241 157 103 138 266 241 265 254 261 267 267 122 232 63 281 288 65 253 184 261 248 221 178 269 138
split_gain=3.92447e+06 2.13489e+06 1.87447e+06 1.86968e+06 2.07152e+06 2.61249e+06 1.78119e+06 1.44634e+06 1.47253e+06 1.39602e+06 1.393e+06 1.40867e+06 1.3033e+06 1.28096e+06 2.74789e+06 1.42028e+06 1.68703e+06 1.31791e+06 1.34923e+06 1.24262e+06 2.22958e+06 1.45285e+06 1.24066e+06 2.27072e+06 1.78398e+06 1.41004e+06 1.23676e+06 2.76936e+06 1.1814e+06 1.18089e+06
threshold=359.77819824218756 2475.2500000000005 -258.24999999999994 -515.24999999999989 4816.0000000000009 1533.2500000000002 1958.2500000000002 321.60145568847662 384.58641052246099 -277.74999999999994 449.25000000000006 1256.5091552734377 1340.0000000000002 447.75000000000006 790.25000000000011 1608.7500000000002 362.75000000000006 793.75000000000011 -374.74999999999994 745.25000000000011 534.75000000000011 1280.2500000000002 731.75000000000011 -1193.7499999999998 266.25000000000006 405.75000000000006 -1079.722473144531 42.250000000000007 617.25000000000011 624.58282470703136
decision_type=2 2 2 2 2 2 2 2 2 2 2 2 2 2 2 2 2 2 2 2 2 2 2 2 2 2 2 2 2 2
left_child=12 7 -3 -4 6 -6 10 8 -2 -8 -5 -12 -1 14 22 26 -17 29 -19 20 21 -11 24 -24 -9 -25 27 -15 -27 -16
right_child=1 2 3 4 5 -7 9 13 -10 19 11 -13 -14 15 17 16 -18 18 -20 -21 -22 -23 23 25 -26 28 -28 -29 -30 -31
leaf_value=-0.48748382576924576 -1.0351540373649166 17.761426430179373 -6.6952219678597018 1.5910199353569432 26.045498047185983 4.2266576710869286 -11.529550490379334 0.78603020547311786 -12.176735057465493 -10.435708813667297 24.241344846997944 7.9464846240149605 10.716135028692392 -6.7493667071206236 0.77587761060666238 17.735951092129664 0.077364353129738259 20.051884051731655 6.9232521941111642 -2.4236321913746171 17.907034897804262 3.7427661462263631 -13.655868542194368 10.491322473809124 -4.0875896781375731 3.142250100676101 -2.464390743904016 11.66545718960008 -8.1944778760274257 10.220347682548606
leaf_weight=16007 684 23 44 38 23 34 20 5847 31 20 21 36 26 35 118 21 38 28 65 106 26 187 20 64 194 541 633 49 24 46
leaf_count=16007 684 23 44 38 23 34 20 5847 31 20 21 36 26 35 118 21 38 28 65 106 26 187 20 64 194 541 633 49 24 46
internal_value=4.14893e-09 0.834576 3.7743 3.19465 4.04623 13.0308 2.91822 0.633205 -1.51822 1.30716 9.00632 13.9499 -0.469315 0.832385 1.0476 -1.09431 6.36262 6.12122 10.876 2.06449 4.10629 2.37287 0.852697 2.93007 0.629519 3.45745 -1.70792 3.99261 2.66069 3.42494
internal_weight=25049 9016 578 555 511 57 454 8438 715 359 95 57 16033 7723 6947 776 59 257 93 339 233 207 6690 649 6041 629 717 84 565 164
internal_count=25049 9016 578 555 511 57 454 8438 715 359 95 57 16033 7723 6947 776 59 257 93 339 233 207 6690 649 6041 629 717 84 565 164
is_linear=0
shrinkage=0.05


Tree=28
num_leaves=31
num_cat=0
split_feature=285 281 2 156 180 250 96 184 7 261 267 36 171 4 181 174 82 26 151 36 156 208 287 240 288 280 4 26 50 52
split_gain=3.57322e+06 2.35189e+06 2.51593e+06 2.11249e+06 1.69152e+06 1.63686e+06 1.9226e+06 1.99886e+06 1.94763e+06 2.23423e+06 2.02456e+06 1.52884e+06 2.01932e+06 1.45301e+06 1.44577e+06 1.78533e+06 1.61708e+06 2.34701e+06 1.57606e+06 1.28143e+06 1.27064e+06 1.26712e+06 1.24091e+06 1.23655e+06 1.23289e+06 2.6228e+06 1.64341e+06 1.22954e+06 1.54912e+06 1.26335e+06
threshold=512.03503417968761 -234.74999999999997 4816.0000000000009 2126.7500000000005 343.96189880371099 570.11660766601574 552.32839965820324 2449.0000000000005 1589.2500000000002 -565.74999999999989 365.25000000000006 1755.7500000000002 821.50000000000011 -559.94250488281239 29.290620803833011 -187.68893432617185 588.47909545898449 588.47909545898449 -1261.4049682617185 -2585.4999999999995 -1119.7499999999998 653.59622192382824 -152.74999999999997 -1042.7499999999998 79.750000000000014 -578.74999999999989 3123.4499511718755 879.99746704101574 3454.2500000000005 2109.0000000000005
decision_type=2 2 2 2 2 2 2 2 2 2 2 2 2 2 2 2 2 2 2 2 2 2 2 2 2 2 2 2 2 2
left_child=4 24 5 -4 -1 -3 13 8 11 20 -11 12 14 22 15 16 17 -8 -18 -20 -10 -5 -7 -22 -2 26 -26 28 29 -12
right_child=1 2 3 21 -6 6 7 -9 9 10 27 -13 -14 -15 -16 -17 18 -19 19 -21 23 -23 -24 -25 25 -27 -28 -29 -30 -31
leaf_value=-0.50715273413906015 -8.1795536970480907 3.9372690014295531 -2.0653683745342755 7.2662422714325103 0.38705574613262517 2.9181092858314517 1.0067919111251831 -10.939043402671814 23.108161453578784 -6.372982907508101 1.3700529073414049 -7.8073181791739037 9.1483074875455355 -0.12753140719019271 -6.3850943055290443 15.907052260069619 -11.164064150698046 21.984486162662506 11.88440061049028 -1.0265716124522057 0.44775412691136202 21.751830220222473 -10.083185689877242 14.87247529824575 0.23993851161393964 13.592181513044569 -14.772514167198768 17.735444289445876 -7.8730517523629331 14.742567334030614
leaf_weight=14601 78 728 23 26 8292 24 40 27 23 42 38 44 80 304 65 21 34 20 22 152 24 36 78 39 61 27 26 20 21 33
leaf_count=14601 78 728 23 26 8292 24 40 27 23 42 38 44 80 304 65 21 34 20 22 152 24 36 78 39 61 27 26 20 21 33
internal_value=1.91763e-09 1.94595 2.46229 10.8763 -0.183264 2.08167 0.90801 2.41657 2.9188 6.5939 2.98881 1.07356 1.97392 -1.86016 0.352594 1.86799 0.767915 7.99936 -1.31808 0.60585 13.0495 15.6772 -7.02406 9.37734 -3.33576 -0.0215809 -4.24654 6.49948 4.05688 7.58545
internal_weight=25049 2156 1964 85 22893 1879 1151 745 718 240 154 478 434 406 354 289 268 60 208 174 86 62 102 63 192 114 87 112 92 71
internal_count=25049 2156 1964 85 22893 1879 1151 745 718 240 154 478 434 406 354 289 268 60 208 174 86 62 102 63 192 114 87 112 92 71
is_linear=0
shrinkage=0.05


Tree=29
num_leaves=31
num_cat=0
split_feature=5 274 222 224 129 288 10 227 227 271 40 264 99 261 267 169 198 47 173 285 119 173 216 89 226 84 262 145 219 2
split_gain=3.27927e+06 1.72921e+06 1.52188e+06 3.1475e+06 1.63127e+06 1.23241e+06 1.23482e+06 1.19614e+06 1.08671e+06 1.22048e+06 1.07841e+06 1.07737e+06 1.06562e+06 1.64468e+06 2.91029e+06 1.76219e+06 2.12974e+06 1.63876e+06 1.26723e+06 1.18299e+06 1.47724e+06 1.64695e+06 1.48193e+06 1.43389e+06 1.43073e+06 1.82528e+06 1.71978e+06 1.63984e+06 1.5644e+06 1.51837e+06
threshold=426.99803161621099 1670.0000000000002 1045.2505493164065 660.25000000000011 -1282.2499999999998 76.750000000000014 3106.2500000000005 -686.74999999999989 -1022.9999999999999 395.77120971679693 227.70919036865237 1045.2505493164065 3770.0000000000005 463.75000000000006 790.25000000000011 1314.7500000000002 -181.74999999999997 545.15829467773449 537.80807495117199 879.99746704101574 2483.7500000000005 473.41499328613287 844.77117919921886 381.68627929687506 -537.24999999999989 500.25000000000006 389.75000000000006 387.31033325195318 -802.24999999999989 -3495.4999999999995
decision_type=2 2 2 2 2 2 2 2 2 2 2 2 2 2 2 2 2 2 2 2 2 2 2 2 2 2 2 2 2 2
left_child=1 5 11 4 -4 8 10 -6 9 -1 -7 12 13 14 19 16 18 -14 -16 20 22 -22 24 -24 28 26 29 -27 -2 -26
right_child=2 -3 3 -5 7 6 -8 -9 -10 -11 -12 -13 17 -15 15 -17 -18 -19 -20 -21 21 -23 23 -25 25 27 -28 -29 -30 -31
leaf_value=-2.1474691034826852 1.346505024672483 13.13811311920484 -8.6727656205495194 22.266791787055823 15.521367641117264 -1.2519075491026366 3.8216506017643272 -0.27829236602783203 -0.71497342699808153 -10.074286535093862 0.091403774615880312 -9.7358881991842523 14.056782255768775 -1.6980586982699504 20.652663352272729 15.177951264381409 -1.4626228761028601 0.99141791423161829 6.1127476255944444 -9.0277037209477928 -1.2324586185906083 12.501754598165382 10.562104705105659 -2.2291826148440825 12.565566611289979 -3.8728461342888907 -3.4547203268526361 7.3720390331199157 -1.9543354488880027 1.9663106803847172
leaf_weight=224 1212 24 24 26 23 1711 206 25 6334 62 11784 23 40 502 22 52 74 60 47 29 35 58 23 462 35 37 147 262 510 976
leaf_count=224 1212 24 24 26 23 1711 206 25 6334 62 11784 23 40 502 22 52 74 60 47 29 35 58 23 462 35 37 147 262 510 976
internal_value=-5.98807e-09 -0.275086 1.18976 7.35535 1.97066 -0.290927 -0.0202651 7.29238 -0.8511 -3.86587 -0.0789116 1.05857 1.11275 0.998876 1.33896 7.29578 4.42954 6.21756 10.7487 1.03215 1.1098 7.33296 0.951842 -1.62259 1.34461 2.49777 1.59851 5.98053 0.368904 2.33325
internal_weight=25049 20345 4704 98 72 20321 13701 48 6620 286 13495 4606 4583 4483 3981 195 143 100 69 3786 3757 93 3664 485 3179 1457 1158 299 1722 1011
internal_count=25049 20345 4704 98 72 20321 13701 48 6620 286 13495 4606 4583 4483 3981 195 143 100 69 3786 3757 93 3664 485 3179 1457 1158 299 1722 1011
is_linear=0
shrinkage=0.05


Tree=30
num_leaves=31
num_cat=0
split_feature=96 222 224 184 205 69 289 12 185 227 248 267 2 138 103 184 267 108 289 21 86 245 59 231 114 150 12 68 68 184
split_gain=3.01686e+06 1.53911e+06 2.84062e+06 1.5618e+06 1.60227e+06 1.38485e+06 1.07462e+06 1.02264e+06 1.01708e+06 1.69489e+06 1.32575e+06 1.32168e+06 1.89992e+06 2.23592e+06 1.73631e+06 1.34667e+06 1.43283e+06 1.66142e+06 1.40126e+06 1.45597e+06 1.37701e+06 1.32029e+06 1.23563e+06 2.80585e+06 1.38676e+06 1.67187e+06 1.56876e+06 1.94321e+06 1.37663e+06 1.26964e+06
threshold=364.72183227539068 1045.2505493164065 660.25000000000011 -2503.7499999999995 -1066.2499999999998 3101.8613281250005 -33.749999999999993 294.35295104980474 -182.74999999999997 755.25000000000011 728.75000000000011 237.25000000000003 4029.0000000000005 636.49594116210949 467.49603271484381 -414.74999999999994 215.75000000000003 -1425.7499999999998 -516.99999999999989 -2130.7499999999995 -1224.7499999999998 600.25000000000011 -762.24999999999989 440.75000000000006 1717.7500000000002 2149.2500000000005 578.96932983398449 530.86532592773449 330.95266723632818 890.25000000000011
decision_type=2 2 2 2 2 2 2 2 2 2 2 2 2 2 2 2 2 2 2 2 2 2 2 2 2 2 2 2 2 2
left_child=5 6 3 -3 -5 -1 7 -2 9 10 21 15 -13 14 -14 20 17 -17 -19 -20 -10 -9 23 -21 26 29 27 28 -24 -26
right_child=1 2 -4 4 -6 -7 -8 8 11 -11 -12 12 13 -15 -16 16 -18 18 19 22 -22 -23 24 -25 25 -27 -28 -29 -30 -31
leaf_value=-0.42807077133011728 -3.8366372158130013 -9.229598556865346 21.153452494969738 17.719111648201942 -0.55125562985738119 6.5215111606650886 2.6763476617207194 0.1062891755281751 19.23499581927345 -10.958364027568273 -8.8417654828327468 0.09382887882369681 3.6423154197988055 -0.68295990384143335 22.520464515686037 -10.539688413483757 8.6971905825889291 -2.7881948623781891 -8.1195965358705244 3.6719292625368638 4.7907091019215526 10.006622652446524 13.998714728582474 20.194916899998987 7.3282964865366624 0.39503345595465766 -5.2312571954159512 11.200467894212256 1.0444338414086598 23.055102103097099
leaf_weight=16353 132 22 26 20 30 72 628 3524 21 35 41 2309 21 46 29 28 73 153 33 179 77 34 21 30 33 45 84 53 876 21
leaf_count=16353 132 22 26 20 30 72 628 3524 21 35 41 2309 21 46 29 28 73 153 33 179 77 34 21 30 33 45 84 53 876 21
internal_value=-1.73223e-09 0.75727 6.98758 1.87213 6.75689 -0.397607 0.685657 0.527369 0.601545 -0.00860399 0.0978816 1.13816 0.380381 7.27256 14.5916 2.19343 1.85097 1.52978 1.75095 2.25603 7.88591 0.200896 2.51117 6.04365 1.85954 7.5128 1.31827 1.89739 1.34771 13.4443
internal_weight=25049 8624 98 72 50 16425 8526 7898 7766 3634 3599 4132 2405 96 50 1727 1629 1556 1528 1375 98 3558 1342 209 1133 99 1034 950 897 54
internal_count=25049 8624 98 72 50 16425 8526 7898 7766 3634 3599 4132 2405 96 50 1727 1629 1556 1528 1375 98 3558 1342 209 1133 99 1034 950 897 54
is_linear=0
shrinkage=0.05


Tree=31
num_leaves=31
num_cat=0
split_feature=285 281 2 268 250 89 177 2 159 1 218 10 285 264 52 31 265 261 253 215 78 148 136 220 44 0 179 88 3 27
split_gain=2.80554e+06 2.11736e+06 2.01025e+06 1.84772e+06 1.49492e+06 1.72832e+06 1.58387e+06 1.5415e+06 2.55227e+06 1.65278e+06 1.49136e+06 1.48466e+06 1.36117e+06 1.35313e+06 1.35155e+06 1.64143e+06 1.40336e+06 1.3528e+06 1.59623e+06 1.4003e+06 1.23941e+06 2.31209e+06 1.23797e+06 1.18976e+06 1.13559e+06 1.22124e+06 1.13407e+06 1.11908e+06 2.07408e+06 1.92141e+06
threshold=512.03503417968761 -234.74999999999997 4816.0000000000009 450.25000000000006 570.11660766601574 537.80807495117199 3105.2500000000005 1146.7500000000002 1045.2505493164065 3751.2500000000005 2271.2500000000005 -1536.7499999999998 724.36727905273449 302.62516784667974 577.25000000000011 161.25000000000003 709.39639282226574 -201.24999999999997 272.75000000000006 624.58282470703136 2847.7500000000005 1687.7500000000002 1.0000000180025095e-35 1724.2500000000002 -1397.2499999999998 -1193.2499999999998 -1127.0500488281248 -1111.8925170898435 -1146.2499999999998 -887.55288696289051
decision_type=2 2 2 2 2 2 2 2 2 2 2 2 2 2 2 2 2 2 2 2 2 2 2 2 2 2 2 2 2 2
left_child=13 -2 4 10 27 11 7 14 9 20 -4 -6 -11 -1 15 16 17 18 19 -7 21 -9 -17 -13 25 -21 -19 29 -29 -3
right_child=1 2 3 -5 5 6 -8 8 -10 12 -12 23 -14 -15 -16 22 -18 26 -20 24 -22 -23 -24 -25 -26 -27 -28 28 -30 -31
leaf_value=-0.59898672670336883 -3.2871573857342207 4.5143557253945081 8.4997212358883445 1.1347140669822693 -13.145003924199514 6.0714814747081087 -11.148313669724899 8.1334894159049895 21.077090229590738 -11.108648649283818 26.126395627430512 -2.0884764429338545 3.340832856985239 0.17606268449923054 -4.1083956655012361 17.635141931261337 12.621331040064495 -11.998359089739182 12.364841083218071 -5.8088239920139317 15.264175293662332 -6.6539942877633242 1.3477603863924743 8.3409282032648715 -11.559963033117098 7.0800898579990168 -0.98973453712463388 -7.3891653819959986 3.4217674252257417 17.0678695601386
leaf_weight=9997 192 173 28 36 28 68 22 108 24 28 21 309 39 12896 109 28 24 34 34 40 33 35 20 30 29 34 75 49 469 37
leaf_count=9997 192 173 28 36 28 68 22 108 24 28 21 309 39 12896 109 28 24 34 34 40 33 35 20 30 29 34 75 49 469 37
internal_value=-1.03018e-08 1.72429 2.21421 9.73525 1.87398 0.752362 2.07799 2.45985 5.52189 3.98558 16.054 -2.07949 -2.69776 -0.162389 0.808198 2.19656 0.967853 0.0771408 2.47023 0.502877 6.5298 4.51418 10.8487 -1.16552 -3.17348 0.113109 -4.42362 3.6473 2.39911 6.72617
internal_weight=25049 2156 1964 85 1879 1151 784 762 267 243 49 367 67 22893 495 386 338 314 205 171 176 143 48 339 103 74 109 728 518 210
internal_count=25049 2156 1964 85 1879 1151 784 762 267 243 49 367 67 22893 495 386 338 314 205 171 176 143 48 339 103 74 109 728 518 210
is_linear=0
shrinkage=0.05


Tree=32
num_leaves=31
num_cat=0
split_feature=264 288 109 212 127 281 225 50 43 120 172 23 141 4 262 192 233 166 243 209 96 4 222 254 5 180 47 113 289 215
split_gain=2.58151e+06 1.50904e+06 1.61486e+06 1.79206e+06 2.95303e+06 2.76611e+06 2.20113e+06 1.92463e+06 1.87423e+06 1.73919e+06 1.52172e+06 1.67111e+06 1.51173e+06 2.18673e+06 1.23926e+06 1.18234e+06 1.33048e+06 1.86481e+06 1.39166e+06 1.33944e+06 1.30894e+06 1.28608e+06 1.22334e+06 1.13355e+06 1.0723e+06 1.02436e+06 1.23588e+06 1.0507e+06 1.01253e+06 1.00218e+06
threshold=359.77819824218756 152.25000000000003 3758.819946289063 515.50000000000011 797.75000000000011 745.25000000000011 2856.5000000000005 2444.2500000000005 2150.2500000000005 2997.7500000000005 3441.692504882813 3825.7500000000005 3447.5000000000005 5106.8376464843759 360.50000000000006 1694.7500000000002 -467.74999999999994 372.28500366210943 384.58641052246099 1791.705993652344 408.65106201171881 1371.1025390625002 365.90969848632818 1340.0000000000002 696.40509033203136 391.72161865234381 408.65106201171881 1350.7500000000002 -313.24999999999994 560.00579833984386
decision_type=2 2 2 2 2 2 2 2 2 2 2 2 2 2 2 2 2 2 2 2 2 2 2 2 2 2 2 2 2 2
left_child=23 14 10 4 8 7 12 -6 -4 -9 11 -3 -5 -14 15 16 -2 22 20 -20 28 -22 -18 25 -16 26 27 -1 -19 -17
right_child=1 2 3 6 5 -7 -8 9 -10 -11 -12 -13 13 -15 24 29 17 18 19 -21 21 -23 -24 -25 -26 -27 -28 -29 -30 -31
leaf_value=-0.27100062230005811 -0.48599355192141758 0.97921165548439593 -14.326420114040374 1.8019822922490893 18.679899781325769 25.312844413121542 11.6167333483696 -2.1815896331616069 6.8220741315321494 15.18409069379171 -12.128535738858311 13.45543740413807 3.5338080839677293 -17.531210545131142 -2.8515877266826068 -2.4522441166034645 1.451415248474099 -6.9268565416336063 1.6444855271690486 14.128766545382414 7.6655173425873118 22.500885468437559 -3.4036037142001669 10.050973165952243 7.5679083237281226 -2.6297024972437617 2.6201426551859273 -1.8075302437847562 5.9382181141926695 -14.926909539529257
leaf_weight=13952 1815 4523 20 147 29 30 44 46 22 21 22 27 22 28 491 69 259 20 918 22 48 21 260 26 26 498 348 1209 65 21
leaf_count=13952 1815 4523 20 147 29 30 44 46 22 21 22 27 22 28 491 69 259 20 918 22 48 21 260 26 26 498 348 1209 65 21
internal_value=4.67071e-09 0.676881 1.25909 4.26912 8.23317 12.0604 1.5058 7.91906 -3.24864 3.26138 0.989817 1.05325 -0.752481 -8.2626 -0.0418219 0.294091 0.442614 1.48751 2.65848 1.93667 7.06435 12.1806 -0.980772 -0.380638 -2.32759 -0.397581 -0.325907 -0.39353 2.91114 -5.363
internal_weight=25049 9016 4981 409 168 126 241 96 42 67 4572 4550 197 50 4035 3518 3428 1613 1094 940 154 69 519 16033 517 16007 15509 15161 85 90
internal_count=25049 9016 4981 409 168 126 241 96 42 67 4572 4550 197 50 4035 3518 3428 1613 1094 940 154 69 519 16033 517 16007 15509 15161 85 90
is_linear=0
shrinkage=0.05


Tree=33
num_leaves=31
num_cat=0
split_feature=271 241 222 224 184 205 264 201 168 262 253 89 272 288 34 122 243 227 40 281 8 1 205 78 187 194 205 220 12 167
split_gain=2.38117e+06 1.13693e+06 1.07392e+06 2.39367e+06 1.39492e+06 1.39639e+06 1.01722e+06 1.00421e+06 990125 934357 1.09049e+06 1.4874e+06 1.16891e+06 1.02387e+06 987341 950986 936350 1.29863e+06 1.17485e+06 1.53946e+06 1.02396e+06 1.18668e+06 929803 927074 1.55068e+06 2.42031e+06 1.48565e+06 1.93893e+06 981922 907369
threshold=418.37471008300787 1924.2500000000002 1045.2505493164065 660.25000000000011 -2503.7499999999995 -1066.2499999999998 1045.2505493164065 213.31623840332034 -2183.2499999999995 420.25000000000006 742.25000000000011 328.39729309082037 387.44044494628912 170.25000000000003 2925.5388183593755 -322.74999999999994 302.65284729003912 667.75000000000011 359.82966613769537 629.75000000000011 516.75000000000011 1176.2500000000002 368.75000000000006 3927.5000000000005 588.47909545898449 467.49603271484381 137.75000000000003 1957.0000000000002 439.06622314453131 3154.079467773438
decision_type=2 2 2 2 2 2 2 2 2 2 2 2 2 2 2 2 2 2 2 2 2 2 2 2 2 2 2 2 2 2
left_child=1 7 6 4 -4 -6 23 -1 -9 10 -10 -12 15 -11 16 -13 -15 -18 -19 20 -20 -22 -14 29 25 -25 -26 -28 -27 -2
right_child=2 -3 3 -5 5 -7 -8 8 9 13 11 12 22 14 -16 -17 17 18 19 -21 21 -23 -24 24 26 28 27 -29 -30 -31
leaf_value=-1.3280913977342836 0.85056030325069154 10.629650020599366 -9.0394695758819577 19.151927683903619 16.302517728805544 -0.75372196197509767 -9.627874681223993 -6.449233357944796 -0.049388473166603164 -2.4464264534325539 -0.79138106297063571 3.4591535221446641 -4.9257373887917097 1.2263331439254843 5.9173382149588676 16.800520630443796 -3.5700950895479373 -1.7822803825551068 1.2801904586645274 -2.448222746372223 18.534629782715015 5.3673264942385934 4.9169501222294869 15.154241006374361 -1.0886146068572999 -13.646991514024279 24.375156512627235 4.2066668380390517 -0.23658029360648913 -7.2293812888009219
leaf_weight=1980 4792 24 22 26 20 30 23 62 15188 844 181 22 29 490 62 34 409 290 52 75 28 44 139 20 20 21 26 22 39 35
leaf_count=1980 4792 24 22 26 20 30 23 62 15188 844 181 22 29 490 62 34 409 290 52 75 28 44 139 20 20 21 26 22 39 35
internal_value=-3.53561e-09 -0.246366 0.964626 6.14817 1.45237 6.06877 0.862988 -0.259463 -0.14158 -0.119717 0.0188916 2.57948 5.30325 -1.06188 -0.255977 11.5593 -0.53173 -1.49103 0.247902 3.20646 6.62663 10.4879 3.21791 0.911489 4.80946 0.0908921 10.3607 15.1313 -4.93022 0.791974
internal_weight=25049 19953 5096 98 72 50 4998 19929 17949 17887 15593 405 224 2294 1450 56 1388 898 489 199 124 72 168 4975 148 80 68 48 60 4827
internal_count=25049 19953 5096 98 72 50 4998 19929 17949 17887 15593 405 224 2294 1450 56 1388 898 489 199 124 72 168 4975 148 80 68 48 60 4827
is_linear=0
shrinkage=0.05


Tree=34
num_leaves=31
num_cat=0
split_feature=5 274 288 268 262 233 204 37 93 262 85 1 33 49 267 289 189 175 25 93 209 71 190 288 59 124 247 179 199 92
split_gain=2.18642e+06 1.38534e+06 1.11236e+06 1.32605e+06 2.02435e+06 1.92903e+06 1.69263e+06 1.25221e+06 1.19281e+06 1.92019e+06 1.39103e+06 1.32528e+06 1.09826e+06 1.10263e+06 1.09514e+06 1.27965e+06 1.2781e+06 1.41463e+06 1.74642e+06 1.09796e+06 1.14484e+06 1.04802e+06 1.13419e+06 1.03795e+06 1.0338e+06 1.50889e+06 2.10603e+06 1.33512e+06 1.14805e+06 1.02824e+06
threshold=426.99803161621099 1670.0000000000002 152.25000000000003 -961.24999999999989 -603.24999999999989 -1940.9999999999998 88.250000000000014 551.75000000000011 861.25000000000011 -272.24999999999994 736.25000000000011 742.75000000000011 436.54501342773443 1021.2500000000001 -598.49999999999989 -738.49999999999989 -1549.2499999999998 -1605.4999999999998 2903.5000000000005 -1400.7499999999998 -1647.1048583984373 588.75000000000011 1274.7500000000002 40.250000000000007 2745.2500000000005 483.63320922851568 1343.5000000000002 3213.327514648438 289.50000000000006 -2661.9999999999995
decision_type=2 2 2 2 2 2 2 2 2 2 2 2 2 2 2 2 2 2 2 2 2 2 2 2 2 2 2 2 2 2
left_child=1 23 8 4 6 -5 7 -4 10 -10 14 -11 -13 -14 15 -2 19 -18 -19 20 -16 -12 -23 -1 -25 26 27 28 -26 -7
right_child=2 -3 3 5 -6 29 -8 -9 9 11 21 12 13 -15 16 -17 17 18 -20 -21 -22 22 -24 24 25 -27 -28 -29 -30 -31
leaf_value=-1.0715443924305184 -14.866404906563137 11.781037038564683 4.2195118529196005 -11.109129375315483 16.695815261746898 -5.2564966474260606 -4.5368380845761775 17.65167576789856 -8.5374172166902209 -10.883424272216283 13.699411326867562 9.9416637539863597 10.400293059576127 -1.7767892781599071 4.7254566836864393 -2.0005167850778123 -7.4780022577444711 0.088829207201549701 12.965821856039543 -4.8837181008380393 17.63817883446103 4.6988152320753009 -7.2306143574092703 -0.13516488386716358 -8.7480965375900279 16.172838306427003 -12.522179601503456 10.96914618400776 2.9604412958116795 1.5968327899304977
leaf_weight=3160 23 24 131 31 33 56 51 20 98 26 27 30 21 162 94 121 60 1062 27 23 21 149 23 16884 24 20 23 46 164 2415
leaf_count=3160 23 24 131 31 33 56 51 20 98 26 27 30 21 162 94 121 60 1062 27 23 21 149 23 16884 24 20 23 46 164 2415
internal_value=-2.14742e-09 -0.224619 0.971487 1.6233 5.21435 1.28601 3.33867 5.99861 0.0645128 -2.64338 0.624366 -0.226581 1.07425 -0.379419 0.0796737 -4.05549 0.542349 -0.00371308 0.408093 5.08891 7.08343 4.54122 3.1036 -0.238798 -0.0854576 2.94435 1.9149 3.33393 1.46573 1.44152
internal_weight=25049 20345 4704 2737 235 2502 202 151 1967 337 1630 239 213 183 1431 144 1287 1149 1089 138 115 199 172 20321 17161 277 257 234 188 2471
internal_count=25049 20345 4704 2737 235 2502 202 151 1967 337 1630 239 213 183 1431 144 1287 1149 1089 138 115 199 172 20321 17161 277 257 234 188 2471
is_linear=0
shrinkage=0.05


Tree=35
num_leaves=31
num_cat=0
split_feature=285 281 249 128 138 250 261 252 178 188 86 292 206 129 211 67 266 254 259 227 275 46 2 5 288 250 271 266 103 275
split_gain=2.04462e+06 1.82604e+06 1.60768e+06 1.71175e+06 2.29814e+06 1.36415e+06 2.33004e+06 1.90622e+06 1.76624e+06 1.66212e+06 1.8747e+06 1.72805e+06 1.98636e+06 2.63133e+06 1.59934e+06 1.57577e+06 1.34558e+06 1.35724e+06 2.7795e+06 1.36511e+06 1.33732e+06 1.19806e+06 1.14798e+06 1.1038e+06 1.54438e+06 1.10341e+06 1.08998e+06 1.07124e+06 1.11234e+06 1.10693e+06
threshold=512.03503417968761 -234.74999999999997 4784.5849609375009 3029.7500000000005 570.11660766601574 570.11660766601574 -201.24999999999997 -840.74999999999989 644.75000000000011 1879.221862792969 1050.2500000000002 724.36727905273449 -1090.2499999999998 -2265.9999999999995 3098.7500000000005 3498.400024414063 -8.2499999999999982 498.25000000000006 1158.7500000000002 896.25000000000011 -490.24999999999994 2427.579956054688 -2270.4999999999995 611.19790649414074 164.25000000000003 674.41351318359386 236.03627777099612 360.25000000000006 552.32839965820324 -396.74999999999994
decision_type=2 2 2 2 2 2 2 2 2 2 2 2 2 2 2 2 2 2 2 2 2 2 2 2 2 2 2 2 2 2
left_child=26 23 5 -4 -5 -3 7 8 15 10 11 12 13 -9 16 21 -8 27 19 -19 -15 -7 -14 24 -2 -12 -1 29 -29 -18
right_child=1 2 3 4 -6 6 14 9 -10 -11 25 -13 22 20 -16 -17 17 18 -20 -21 -22 -23 -24 -25 -26 -27 -28 28 -30 -31
leaf_value=-0.92912503640031907 -3.9276518022784823 3.3185951503974986 18.017671455875522 16.207138547727041 -4.9515386321327908 0.17354086794696011 -12.896436283506198 -3.7041039716629758 -13.707810046937732 11.810304578145345 0.34956308141831433 13.524449985854481 -8.2320991071065261 26.137047203727391 11.976775877475738 11.633165559768678 -12.281039505738478 -16.955224821762165 1.5837574070462814 -4.8221684458580887 8.6852079028174991 -13.342049407958985 2.4007942800810844 -7.7160312364373027 8.714041104997909 -11.76074512799581 0.011947437510548126 -3.5032897969509693 5.626250066135241 -0.90140320837497723
leaf_weight=3663 78 727 31 21 33 91 29 21 27 63 62 49 30 23 20 25 26 49 78 44 21 20 165 79 35 27 19230 47 115 120
leaf_count=3663 78 727 31 21 33 91 29 21 27 63 62 49 30 23 20 25 26 49 78 44 21 20 165 79 35 27 19230 47 115 120
internal_value=3.58602e-09 1.472 1.92697 8.65291 3.27684 1.62271 0.552476 2.62095 -2.02657 4.26422 3.06973 4.9114 3.28817 10.8578 -1.89208 0.292503 -2.4381 -1.80493 -5.37689 -11.2149 17.8078 -2.2617 0.764965 -3.18194 -0.0120832 -3.32435 -0.138629 0.17821 2.97756 -2.92791
internal_weight=25049 2156 1964 85 54 1879 1152 624 163 461 398 309 260 65 528 136 508 479 171 93 44 111 195 192 113 89 22893 308 162 146
internal_count=25049 2156 1964 85 54 1879 1152 624 163 461 398 309 260 65 528 136 508 479 171 93 44 111 195 192 113 89 22893 308 162 146
is_linear=0
shrinkage=0.05


Tree=36
num_leaves=31
num_cat=0
split_feature=180 231 12 191 261 267 72 129 169 150 238 212 129 191 267 212 52 206 240 224 255 246 224 219 276 254 283 233 253 248
split_gain=1.89621e+06 1.16591e+06 1.82835e+06 1.59228e+06 1.17524e+06 1.64429e+06 1.40535e+06 1.35381e+06 2.04932e+06 1.38496e+06 1.35941e+06 1.67973e+06 1.32606e+06 1.09112e+06 1.07505e+06 1.54898e+06 1.11489e+06 1.04599e+06 1.03992e+06 1.61801e+06 1.57775e+06 1.74979e+06 1.4261e+06 1.28677e+06 1.25469e+06 2.698e+06 1.29408e+06 1.2165e+06 1.13492e+06 2.4208e+06
threshold=347.98762512207037 1874.2500000000002 397.35771179199224 1118.2500000000002 447.75000000000006 790.25000000000011 4356.7500000000009 2962.2500000000005 1528.5000000000002 1092.7500000000002 634.75000000000011 -685.24999999999989 112.75000000000001 -2074.2499999999995 1608.7500000000002 814.25000000000011 3840.0000000000005 1998.2500000000002 -966.74999999999989 242.25000000000003 -163.74999999999997 -36.749999999999993 -542.24999999999989 -1102.2499999999998 150.25000000000003 -1099.7499999999998 209.75000000000003 -938.24999999999989 742.25000000000011 422.25000000000006
decision_type=2 2 2 2 2 2 2 2 2 2 2 2 2 2 2 2 2 2 2 2 2 2 2 2 2 2 2 2 2 2
left_child=13 4 -3 -4 5 6 18 8 9 10 11 -7 -12 -1 16 -16 -6 -5 19 24 21 -20 23 -22 26 -26 -2 -24 -29 -30
right_child=1 2 3 17 14 7 -8 -9 -10 -11 12 -13 -14 -15 15 -17 -18 -19 20 -21 22 -23 27 -25 25 -27 -28 28 29 -31
leaf_value=-8.2168564395471062 -0.63107675572043609 15.133542698621751 14.064919910430909 -7.5964930127374828 -1.355266709882148 9.5172987526538328 13.744568843841552 -8.2566143643856051 13.94872980647617 -7.9995561256408694 2.1528531122207641 -1.6715462164003023 19.139337642104536 -0.33159387933228257 13.624060521454647 -1.8094369624112105 -12.504645662722382 2.4037092372254061 0.82652655218654358 -13.632670148213705 1.3887961023084578 3.6127877523526006 -11.259425526315518 -4.1106360838476537 16.274936575048113 -0.3904612030702479 -7.9263803824782375 0.15741296606084385 12.026797019491594 1.4690618209162443
leaf_weight=44 1211 32 25 32 892 51 20 20 54 25 20 98 27 15004 29 37 23 143 1811 24 155 818 22 339 34 85 64 3279 60 571
leaf_count=44 1211 32 25 32 892 51 20 20 54 25 20 98 27 15004 29 37 23 143 1811 24 155 818 22 339 34 85 64 3279 60 571
internal_value=-2.3316e-09 0.533624 4.03681 2.26133 0.450429 0.633659 0.506193 4.30339 5.21685 3.08326 4.49689 2.15819 11.911 -0.35465 -1.19098 4.97195 -1.63552 0.575101 0.474944 -0.760612 0.723281 1.69346 0.147006 -2.38511 -0.538998 4.37108 -0.997272 0.46513 0.5311 2.47297
internal_weight=25049 10001 232 200 9769 8788 8493 295 275 221 196 149 47 15048 981 66 915 175 8473 1418 7055 2629 4426 494 1394 119 1275 3932 3910 631
internal_count=25049 10001 232 200 9769 8788 8493 295 275 221 196 149 47 15048 981 66 915 175 8473 1418 7055 2629 4426 494 1394 119 1275 3932 3910 631
is_linear=0
shrinkage=0.05


Tree=37
num_leaves=31
num_cat=0
split_feature=264 288 134 240 167 141 129 229 79 143 268 59 198 71 94 127 292 56 201 93 136 163 219 64 278 241 250 75 96 110
split_gain=1.73265e+06 1.15153e+06 1.29555e+06 1.56389e+06 1.79772e+06 1.53912e+06 1.73359e+06 1.52871e+06 1.4602e+06 1.31313e+06 1.23939e+06 1.82589e+06 1.31484e+06 1.2349e+06 2.08479e+06 1.22777e+06 1.16837e+06 1.2444e+06 1.63477e+06 1.78921e+06 1.84796e+06 1.58005e+06 1.35771e+06 1.2906e+06 1.50053e+06 1.71092e+06 1.3148e+06 1.21798e+06 2.21153e+06 1.31382e+06
threshold=359.77819824218756 152.25000000000003 740.75000000000011 1168.2500000000002 784.65240478515636 962.75000000000011 460.75000000000006 1045.2505493164065 -634.24999999999989 782.75000000000011 -961.24999999999989 933.75000000000011 -697.74999999999989 -216.74999999999997 395.25000000000006 1624.2500000000002 1045.2505493164065 1680.2500000000002 394.21360778808599 526.75000000000011 1333.2500000000002 621.75000000000011 110.25000000000001 2017.7500000000002 696.40509033203136 817.25000000000011 380.10458374023443 611.19790649414074 578.96932983398449 696.40509033203136
decision_type=2 2 2 2 2 2 2 2 2 2 2 2 2 2 2 2 2 2 2 2 2 2 2 2 2 2 2 2 2 2
left_child=-1 -2 3 4 10 6 -4 13 -8 15 11 12 -3 -7 -15 -10 17 18 21 20 22 -16 -20 -19 26 -26 -25 28 -28 -29
right_child=1 2 5 -5 -6 7 8 -9 9 -11 -12 -13 -14 14 16 -17 -18 23 19 -21 -22 -23 -24 24 25 -27 27 29 -30 -31
leaf_value=-0.31183821602431605 -0.073285480836842595 4.3905503493583131 -6.3579145050048833 11.361682752519847 -6.2384525900905574 9.5901610302370646 19.298447103500365 12.42280584458382 2.9639544805413802 14.392913728441512 0.17287845792086134 17.738112050836737 -6.3966097379432014 -5.5519968272310445 12.548103132003394 15.332521059296349 -9.7116522208504055 8.2439879063627508 9.5406630706787112 -3.1127073281062279 15.19194240611175 1.6430733015428165 -7.1688169233260615 7.377582628386361 2.1988019410353989 14.421176424384118 0.43118040326561752 13.326690711975099 -14.034170084340232 -2.4926288740975515
leaf_weight=16033 4035 167 30 32 103 43 20 31 228 35 2507 22 34 113 39 22 23 101 20 380 29 224 31 77 67 50 469 35 28 21
leaf_count=16033 4035 167 30 32 103 43 20 31 228 35 2507 22 34 113 39 22 23 101 20 380 29 224 31 77 67 50 469 35 28 21
internal_value=-3.94005e-09 0.554537 1.06312 0.37012 0.245966 2.00142 5.11069 1.41658 6.23875 5.32228 0.490616 4.06267 2.56586 1.22161 1.01081 4.05239 1.47605 1.63984 0.115826 -1.68192 5.11433 3.26017 -0.61608 2.93921 2.22197 7.42204 1.25624 0.403898 -0.383769 7.39445
internal_weight=25049 9016 4981 2865 2833 2116 335 1781 305 285 2730 223 201 1750 1707 250 1594 1571 723 460 80 263 51 848 747 117 630 553 497 56
internal_count=25049 9016 4981 2865 2833 2116 335 1781 305 285 2730 223 201 1750 1707 250 1594 1571 723 460 80 263 51 848 747 117 630 553 497 56
is_linear=0
shrinkage=0.05


Tree=38
num_leaves=31
num_cat=0
split_feature=5 274 288 227 271 274 232 18 110 288 93 262 26 267 268 233 267 222 211 220 177 256 19 54 96 82 152 283 267 241
split_gain=1.62879e+06 1.147e+06 910988 978729 1.1271e+06 1.02012e+06 896737 1.76678e+06 931827 872027 1.07227e+06 2.06706e+06 1.17255e+06 1.09447e+06 1.04838e+06 1.75662e+06 1.71614e+06 2.30195e+06 2.53312e+06 1.6486e+06 1.52627e+06 1.15228e+06 1.11232e+06 1.9475e+06 1.26073e+06 1.39509e+06 1.25349e+06 1.3327e+06 1.79005e+06 2.8233e+06
threshold=426.99803161621099 1670.0000000000002 76.750000000000014 -1022.9999999999999 395.77120971679693 45.750000000000007 1934.0000000000002 3364.1225585937505 408.65106201171881 152.25000000000003 986.75000000000011 -247.24999999999997 434.12649536132818 -598.49999999999989 -961.24999999999989 -1940.9999999999998 -513.74999999999989 530.86532592773449 -837.74999999999989 -329.74999999999994 -2075.2499999999995 3679.557495117188 500.19013977050787 500.19013977050787 530.86532592773449 518.72827148437511 530.86532592773449 619.50000000000011 1608.7500000000002 769.25000000000011
decision_type=2 2 2 2 2 2 2 2 2 2 2 2 2 2 2 2 2 2 2 2 2 2 2 2 2 2 2 2 2 2
left_child=1 2 3 4 -1 -6 -4 8 -8 10 13 -12 -13 -2 16 -16 19 -18 -19 20 -11 -20 23 -17 25 -24 -26 -28 29 -29
right_child=9 -3 6 -5 5 -7 7 -9 -10 14 11 12 -14 -15 15 22 17 18 21 -21 -22 -23 24 -25 26 -27 27 28 -30 -31
leaf_value=-1.8981032751899745 -3.4696275696639094 10.73033763964971 -0.0096155057700211682 -0.55920265605876107 -4.5903449144118875 -17.86722699040952 4.5864153281334907 -8.7420100879669196 16.370271039009094 -3.0623056491638754 -8.9561489377332784 9.7614000205640448 -1.4044273774702472 0.94212990978512046 -10.712531963471443 1.6803973288797058 -3.9751549855522494 29.316929044723508 2.2523636302640364 -9.7626840455191477 8.7650980634872724 17.421468716575987 -0.18330061619966187 8.3075237537584012 6.0857708991528305 -6.4941285080653577 1.2974121041451157 0.57594093267734237 6.1036579955707904 -22.957021433830263
leaf_weight=224 155 24 13596 6334 39 23 62 20 23 47 92 27 182 1511 31 1046 23 20 31 28 65 21 317 124 121 121 669 26 22 25
leaf_count=224 155 24 13596 6334 39 23 62 20 23 47 92 27 182 1511 31 1046 23 20 31 28 65 21 317 124 121 121 669 26 22 25
internal_value=-1.61592e-09 -0.193871 -0.206773 -0.688389 -3.54946 -9.51564 0.0259325 4.62889 7.77499 0.8385 0.0354613 -2.71101 0.0380479 0.531672 1.41562 1.11572 4.60865 9.79562 14.1946 1.08891 3.80181 8.37835 1.26411 2.38276 0.258094 -1.9267 1.36695 0.597437 -5.81741 -10.9598
internal_weight=25049 20345 20321 6620 286 62 13701 105 85 4704 1967 301 209 1666 2737 2502 235 95 72 140 112 52 2471 1170 1301 438 863 742 73 51
internal_count=25049 20345 20321 6620 286 62 13701 105 85 4704 1967 301 209 1666 2737 2502 235 95 72 140 112 52 2471 1170 1301 438 863 742 73 51
is_linear=0
shrinkage=0.05


Tree=39
num_leaves=31
num_cat=0
split_feature=264 274 144 240 210 136 16 249 5 114 261 243 261 229 12 141 4 260 72 33 138 139 141 136 150 68 213 59 206 47
split_gain=1.51603e+06 1.35301e+06 1.69657e+06 1.86046e+06 2.50968e+06 1.94252e+06 2.56671e+06 1.39232e+06 1.76768e+06 2.07994e+06 1.3782e+06 1.77488e+06 2.52739e+06 1.47621e+06 1.60521e+06 1.34427e+06 1.28986e+06 1.25531e+06 1.9894e+06 1.30802e+06 2.29494e+06 1.24502e+06 1.2366e+06 1.57595e+06 1.50324e+06 1.29192e+06 1.62774e+06 1.23763e+06 1.19161e+06 1.12215e+06
threshold=505.92158508300787 225.75000000000003 -2947.545043945312 -1602.9999999999998 -1263.9999999999998 -2371.2499999999995 -2392.2499999999995 4784.5849609375009 545.15829467773449 4026.2500000000005 -220.24999999999997 545.15829467773449 845.25000000000011 505.92158508300787 447.01040649414068 3447.5000000000005 461.95999145507818 47.750000000000007 -2099.9999999999995 624.58282470703136 552.32839965820324 -2345.1196289062495 1792.2500000000002 1.0000000180025095e-35 -23.749999999999996 436.54501342773443 466.25000000000006 529.50000000000011 2382.5000000000005 426.99803161621099
decision_type=2 2 2 2 2 2 2 2 2 2 2 2 2 2 2 2 2 2 2 2 2 2 2 2 2 2 2 2 2 2
left_child=15 2 21 -4 5 -5 -7 10 -9 -10 22 12 13 -12 -15 -1 -16 19 -19 20 -6 -2 23 24 -3 -24 -27 -25 -13 -20
right_child=1 7 3 4 17 6 -8 8 9 -11 11 28 -14 14 16 -17 -18 18 29 -21 -22 -23 25 27 -26 26 -28 -29 -30 -31
leaf_value=-0.10985126647330078 3.1586172793060543 4.0212412295545024 -6.1133564076761706 -5.0311469455560056 -0.35184851100911269 26.708660073280335 6.0681120278405363 21.774121813774112 16.432557557878038 -3.9475707638648245 1.5235751011154868 -1.3425119669720214 -9.5330590981703534 -0.58096050701358104 22.143609601801092 -11.949421521027883 8.7894632506370538 -17.513349966569379 -8.1145765042695839 -3.4743081231550743 9.0892379636114295 16.946780551563609 20.531968498229983 -9.410947398881655 18.229408909025647 17.57782101006735 0.52884913285573321 2.0767970934510234 7.722872729179187 -0.6084634919228149
leaf_weight=22771 64 164 134 24 184 20 61 20 21 31 66 514 26 22 33 24 40 22 61 110 99 22 21 37 21 21 42 64 39 271
leaf_count=22771 64 164 134 24 184 20 61 20 21 31 66 514 26 22 33 24 40 22 61 110 99 22 21 37 21 21 42 64 39 271
internal_value=-7.43492e-09 1.237 -0.0493326 -0.63678 0.224559 7.46267 11.1645 2.40363 9.14155 4.28287 1.96658 0.720775 4.93173 7.26766 11.2583 -0.122317 14.8263 -0.792846 -2.95248 1.15247 2.95086 6.68582 4.45818 2.89165 5.63406 9.79187 6.21184 -2.13158 -0.703181 -1.9876
internal_weight=25049 2254 1072 986 852 105 81 1182 72 52 1110 740 187 161 95 22795 73 747 354 393 283 86 370 286 185 84 63 101 553 332
internal_count=25049 2254 1072 986 852 105 81 1182 72 52 1110 740 187 161 95 22795 73 747 354 393 283 86 370 286 185 84 63 101 553 332
is_linear=0
shrinkage=0.05


Tree=40
num_leaves=31
num_cat=0
split_feature=12 97 231 12 282 191 261 253 288 217 210 288 226 247 36 83 12 234 267 262 219 240 259 64 268 267 5 57 93 170
split_gain=1.45809e+06 1.22447e+06 927433 1.30838e+06 1.46121e+06 1.38239e+06 1.11e+06 1.44389e+06 1.78099e+06 1.49018e+06 1.42151e+06 1.3115e+06 1.27949e+06 1.66036e+06 1.24382e+06 1.1433e+06 1.69369e+06 1.60189e+06 1.11686e+06 1.11136e+06 1.13522e+06 1.33898e+06 1.12406e+06 1.11e+06 2.05397e+06 1.50908e+06 1.5069e+06 1.27729e+06 1.21952e+06 1.16657e+06
threshold=325.13613891601568 3325.586303710938 1874.2500000000002 397.35771179199224 19.750000000000004 1118.2500000000002 447.75000000000006 731.75000000000011 784.50000000000011 1502.2500000000002 530.25000000000011 507.75000000000006 140.25000000000003 283.75000000000006 1721.2500000000002 1327.9768066406252 879.99746704101574 -1157.2499999999998 790.25000000000011 428.25000000000006 124.25000000000001 215.25000000000003 294.75000000000006 2062.7500000000005 -736.74999999999989 -147.24999999999997 429.29431152343756 2143.5000000000005 1179.0000000000002 673.75000000000011
decision_type=2 2 2 2 2 2 2 2 2 2 2 2 2 2 2 2 2 2 2 2 2 2 2 2 2 2 2 2 2 2
left_child=1 -1 6 4 -4 -5 7 9 10 15 14 12 -12 -14 19 -2 17 -17 -15 22 21 -21 -9 24 26 28 -19 -27 -26 -25
right_child=2 -3 3 5 -6 -7 -8 8 -10 -11 11 -13 13 18 -16 16 -18 23 -20 20 -22 -23 -24 29 25 27 -28 -29 -30 -31
leaf_value=-0.39969696475736249 0.1686596591386319 11.981869616508485 1.9039854845404627 12.809119705200196 20.787979675474624 0.26165862444374299 -1.1725756771497162 -4.4109433374097273 -9.8406207281967699 -5.261442112321614 -5.7843197931261621 12.777918467635201 13.398956795798407 2.6379520499993521 -6.1592588311149967 -7.6218423366546633 14.426799968572764 5.6327105959256496 12.476532453106296 -3.8980340968237983 -9.5786678009563015 10.354547353891228 6.1395683370968879 -2.2775776651382449 -0.18831940478292006 2.6974119702756143 21.807218321164452 12.481804649035137 -14.013898546045477 2.4751736899886687
leaf_weight=12553 8831 20 20 25 21 180 1128 31 29 119 34 42 45 415 63 46 26 36 31 45 36 26 136 250 58 454 24 36 22 267
leaf_count=12553 8831 20 20 25 21 180 1128 31 29 119 34 42 45 415 63 46 26 36 31 45 36 26 136 250 58 454 24 36 22 267
internal_value=2.70568e-11 -0.380001 0.382956 3.42258 11.5763 1.79184 0.321816 0.473651 2.35615 0.300933 2.74742 4.27598 3.59583 4.24537 0.175618 0.366796 1.80218 1.52705 3.3218 1.63218 -2.34603 1.32122 4.18109 1.89396 3.303 2.37674 12.1025 3.41627 -3.99035 0.176938
internal_weight=25049 12573 12476 246 41 205 12230 11102 933 10169 904 567 525 491 337 10050 1219 1193 446 274 107 71 167 1147 630 570 60 490 80 517
internal_count=25049 12573 12476 246 41 205 12230 11102 933 10169 904 567 525 491 337 10050 1219 1193 446 274 107 71 167 1147 630 570 60 490 80 517
is_linear=0
shrinkage=0.05


Tree=41
num_leaves=31
num_cat=0
split_feature=288 285 2 109 88 4 264 138 194 221 19 274 281 100 33 252 261 243 178 198 267 253 268 103 245 212 254 284 82 6
split_gain=1.40392e+06 1.25587e+06 1.2464e+06 2.10504e+06 1.519e+06 1.18878e+06 1.47243e+06 1.91293e+06 2.04267e+06 1.50334e+06 1.18992e+06 1.14103e+06 1.26213e+06 1.124e+06 1.08479e+06 928043 1.63181e+06 1.70291e+06 1.53064e+06 1.61236e+06 1.16807e+06 1.46515e+06 1.44665e+06 1.16593e+06 1.16353e+06 1.48052e+06 1.29198e+06 1.47307e+06 1.90474e+06 1.3151e+06
threshold=76.750000000000014 505.92158508300787 -1529.2499999999998 1279.924987792969 -1111.8925170898435 906.22497558593761 674.41351318359386 552.32839965820324 523.98001098632824 -1650.4300537109373 552.32839965820324 791.00000000000011 266.25000000000006 1240.5000000000002 444.00724792480474 -799.74999999999989 -438.74999999999994 552.32839965820324 807.25000000000011 -281.24999999999994 -169.74999999999997 122.75000000000001 -214.24999999999997 879.99746704101574 -38.749999999999993 -677.24999999999989 -19.249999999999996 4516.8000488281259 624.58282470703136 3995.9938964843755
decision_type=2 2 2 2 2 2 2 2 2 2 2 2 2 2 2 2 2 2 2 2 2 2 2 2 2 2 2 2 2 2
left_child=13 -2 3 5 11 6 7 8 14 10 -9 12 -4 -1 -3 23 17 18 19 -17 21 -19 -22 -6 25 -18 29 -28 -29 -26
right_child=1 2 4 -5 15 -7 -8 9 -10 -11 -12 -13 -14 -15 -16 16 24 20 -20 -21 22 -23 -24 -25 26 -27 27 28 -30 -31
leaf_value=-0.40570321417589561 0.098711634070187626 -8.6392061528705408 10.496056649141146 -12.729657429286412 -3.1713460195764722 10.863291851679485 -7.5501808937579868 5.6091977807608515 -9.7188533854484565 1.2566900746297029 22.460226631164552 17.206419114444568 0.30293636496250448 -2.8408535934574024 3.9181942803295038 -2.4964620996404578 2.2919302110870681 -1.6518114279892488 -7.5800019575066351 16.234202249050139 11.698612618791884 14.007877078056337 -1.6017536193132402 8.0320253681253515 8.2304142301918102 -7.5060623405927629 -0.15597226886306637 18.664760986328126 -0.32311904770987376 -5.3585432779221307
leaf_weight=7052 15601 21 57 35 166 24 63 22 60 59 20 23 65 508 95 27 72 59 43 20 138 20 24 27 117 83 474 25 28 21
leaf_count=7052 15601 21 57 35 166 24 63 22 60 59 20 23 65 508 95 27 72 59 43 20 138 20 24 27 117 83 474 25 28 21
internal_value=-3.64089e-09 0.246107 1.46407 -1.01768 2.1291 0.10847 -0.650694 0.918504 -2.22913 6.40348 13.6335 6.99113 5.0653 -0.569335 1.64487 1.60455 2.14256 5.10576 -0.762895 5.47403 7.29737 2.31267 9.72819 -1.60403 0.946446 -2.95474 1.85574 0.727971 8.63343 6.16253
internal_weight=25049 17489 1888 399 1489 364 340 277 176 101 42 145 122 7560 116 1344 1151 331 90 47 241 79 162 193 820 155 665 527 53 138
internal_count=25049 17489 1888 399 1489 364 340 277 176 101 42 145 122 7560 116 1344 1151 331 90 47 241 79 162 193 820 155 665 527 53 138
is_linear=0
shrinkage=0.05


Tree=42
num_leaves=31
num_cat=0
split_feature=180 191 250 110 32 75 0 34 264 149 269 9 215 187 271 225 292 198 276 51 166 16 145 99 101 192 226 241 54 196
split_gain=1.28765e+06 974667 993379 2.30021e+06 832519 1.49791e+06 1.22154e+06 1.60013e+06 1.21883e+06 2.29134e+06 1.62249e+06 1.62472e+06 1.55092e+06 1.43478e+06 1.31281e+06 1.47309e+06 1.30298e+06 1.25364e+06 1.24872e+06 1.36153e+06 1.61674e+06 1.11053e+06 1.08896e+06 1.05937e+06 1.02282e+06 983159 1.01506e+06 913762 2.12045e+06 1.18339e+06
threshold=347.98762512207037 -2074.2499999999995 447.01040649414068 297.71269226074224 2957.0324707031255 324.18989562988287 -402.24999999999994 592.11917114257824 523.98001098632824 935.75000000000011 -1268.7499999999998 304.25000000000006 487.39910888671881 1045.2505493164065 588.47909545898449 18.750000000000004 500.19013977050787 996.25000000000011 442.75000000000006 1985.2500000000002 429.29431152343756 2780.5000000000005 464.46438598632818 251.75000000000003 -644.24999999999989 -1169.7499999999998 -1209.7499999999998 868.75000000000011 491.92401123046881 1638.0000000000002
decision_type=2 2 2 2 2 2 2 2 2 2 2 2 2 2 2 2 2 2 2 2 2 2 2 2 2 2 2 2 2 2
left_child=1 -1 -3 -4 -2 -6 -7 -8 9 17 -10 24 -13 14 15 -14 -11 18 19 20 -9 -15 -22 -16 -12 -25 -27 29 -29 -28
right_child=4 2 3 -5 5 6 7 8 10 16 11 12 13 21 23 -17 -18 -19 -20 -21 22 -23 -24 25 -26 26 27 28 -30 -31
leaf_value=-7.723056134005839 0.27724331116604972 -0.29374720292205803 -2.5447169985089984 19.346138836088638 10.180351163357496 -6.9298636780228726 13.249926292485206 1.2704686528160458 -10.127423551808235 -2.7537082636983774 2.2022294951336727 17.889201291799548 -2.0003743886947634 4.1855875349044807 9.94770893914359 14.253709971386455 -14.132215029617837 13.999917917666227 -7.3776176601648338 -6.0518337815038628 18.208794444799423 20.648327109927223 3.3361720919609072 -9.1707782247792125 -13.060137219791827 11.650259673077128 0.65727746576070789 17.270159175992013 0.79695093643097659 -9.3682878671739349
leaf_weight=44 8875 14955 28 21 50 43 29 84 23 190 21 20 20 20 35 46 29 23 32 31 32 21 20 23 23 23 120 24 105 39
leaf_count=44 8875 14955 28 21 50 43 29 84 23 190 21 20 20 20 35 46 29 23 32 31 32 21 20 23 23 23 120 24 105 39
internal_value=-3.75246e-09 -0.292251 -0.270459 6.83708 0.439735 1.72047 1.32736 1.67107 1.33662 -0.631762 2.87847 3.43242 4.24929 3.67618 2.83341 9.32823 -4.26045 2.94789 1.67052 3.4043 5.55974 12.6177 12.4886 1.67174 -5.77583 0.804496 1.54222 0.734978 3.86173 -1.80182
internal_weight=25049 15048 15004 49 10001 1126 1076 1033 1004 441 563 540 496 476 435 66 219 222 199 167 136 41 52 369 44 334 311 288 129 159
internal_count=25049 15048 15004 49 10001 1126 1076 1033 1004 441 563 540 496 476 435 66 219 222 199 167 136 41 52 369 44 334 311 288 129 159
is_linear=0
shrinkage=0.05


Tree=43
num_leaves=31
num_cat=0
split_feature=288 271 100 278 254 283 269 243 82 31 5 217 245 40 261 289 275 96 213 179 1 66 289 57 58 244 75 96 124 244
split_gain=1.2416e+06 1.07675e+06 1.0202e+06 940418 2.3398e+06 2.46973e+06 1.71559e+06 1.66095e+06 1.38789e+06 1.35554e+06 1.45265e+06 1.69546e+06 1.48073e+06 1.17755e+06 1.11967e+06 1.10523e+06 1.06005e+06 1.02177e+06 1.05935e+06 1.00053e+06 1.0181e+06 869518 793414 833684 1.2036e+06 1.06379e+06 1.15287e+06 1.95233e+06 1.86021e+06 1.17965e+06
threshold=76.750000000000014 236.03627777099612 1240.5000000000002 696.40509033203136 1340.0000000000002 619.50000000000011 -1268.7499999999998 724.36727905273449 879.99746704101574 4936.2500000000009 653.59622192382824 -1369.4999999999998 -502.24999999999994 552.32839965820324 -461.24999999999994 -291.74999999999994 -1261.2499999999998 545.15829467773449 427.75000000000006 -1678.5799560546873 181.25000000000003 1240.7500000000002 -17.749999999999996 2872.7500000000005 2195.7500000000005 653.69964599609386 624.58282470703136 578.96932983398449 496.07127380371099 886.10723876953136
decision_type=2 2 2 2 2 2 2 2 2 2 2 2 2 2 2 2 2 2 2 2 2 2 2 2 2 2 2 2 2 2
left_child=2 -2 -1 7 5 6 -5 8 16 10 13 -12 -13 17 -14 -15 19 18 -8 -3 -21 -4 23 24 -18 -25 27 28 29 -27
right_child=1 3 21 4 -6 -7 9 -9 -10 -11 11 12 14 15 -16 -17 22 -19 -20 20 -22 -23 -24 25 -26 26 -28 -29 -30 -31
leaf_value=-0.37951836851409543 -0.86875511608598688 13.503272760325466 -8.5182411100257909 -10.740626725283537 15.684424769878389 -11.689286030828953 -6.0964969519412877 -12.084551158657781 -11.21428011747507 13.815843791961669 19.069503852454101 -4.3902586482666637 15.791940247161049 -12.291239867671845 3.7751909713896499 -0.22802154482627404 0.21237085734697958 11.167924967305414 8.0680338347500022 -5.9231123271195791 8.2742545930402613 -1.9641052072368017 1.7014530763722773 10.886696215236888 -3.5848421158936787 -8.9889178045864764 13.357696251869204 -13.773381778172084 12.069768516719343 1.6047910154291563
leaf_weight=7052 1973 29 57 22 32 32 33 27 26 30 22 37 28 31 63 49 13349 29 22 23 28 451 968 34 212 29 20 21 40 280
leaf_count=7052 1973 29 57 22 32 32 33 27 26 30 22 37 28 31 63 49 13349 29 22 23 28 451 968 34 212 29 20 21 40 280
internal_value=1.90659e-09 0.231443 -0.535412 0.371344 2.67699 1.63117 2.7958 0.305625 0.32784 3.6615 2.69134 6.24734 4.04353 -0.561093 7.47265 -4.90252 0.347803 3.5736 -0.430685 6.08803 1.87152 -2.69951 0.317092 0.22127 0.153009 2.40451 1.66504 1.03301 1.92394 0.610559
internal_weight=25049 17489 7560 15516 430 398 366 15086 15059 344 314 150 128 164 91 80 15033 84 55 80 51 508 14953 13985 13561 424 390 370 349 309
internal_count=25049 17489 7560 15516 430 398 366 15086 15059 344 314 150 128 164 91 80 15033 84 55 80 51 508 14953 13985 13561 424 390 370 349 309
is_linear=0
shrinkage=0.05


Tree=44
num_leaves=31
num_cat=0
split_feature=54 185 206 240 135 128 229 292 269 64 89 54 234 261 4 192 226 92 253 211 244 132 184 226 52 288 234 215 154 86
split_gain=1.14901e+06 1.10856e+06 1.30004e+06 1.4777e+06 1.28531e+06 1.53005e+06 1.1593e+06 1.31119e+06 1.27097e+06 1.20025e+06 2.07366e+06 2.86878e+06 1.29182e+06 1.26518e+06 1.99742e+06 1.63433e+06 1.17315e+06 1.09749e+06 1.08903e+06 1.18317e+06 1.08584e+06 1.07723e+06 1.44505e+06 1.03591e+06 1.15679e+06 1.01603e+06 1.01524e+06 1.00211e+06 994505 2.01636e+06
threshold=327.64707946777349 -182.74999999999997 -629.74999999999989 -748.74999999999989 -291.74999999999994 -586.74999999999989 1045.2505493164065 1045.2505493164065 -1085.2499999999998 4073.7500000000005 429.29431152343756 523.98001098632824 1382.5000000000002 249.75000000000003 -2595.4899902343745 910.75000000000011 93.750000000000014 -492.74999999999994 742.25000000000011 1965.5000000000002 427.39674377441412 1193.8201293945315 1262.7500000000002 140.25000000000003 2785.2500000000005 175.75000000000003 1000.2500000000001 261.80180358886724 60.250000000000007 -1105.2499999999998
decision_type=2 2 2 2 2 2 2 2 2 2 2 2 2 2 2 2 2 2 2 2 2 2 2 2 2 2 2 2 2 2
left_child=-1 20 3 4 5 -3 7 8 -4 13 -11 -12 -13 18 15 -15 -8 -16 19 -10 27 22 26 -23 -25 -21 -20 -2 -29 -30
right_child=1 2 6 -5 -6 -7 16 -9 9 10 11 12 -14 14 17 -17 -18 -19 21 25 -22 23 -24 24 -26 -27 -28 28 29 -31
leaf_value=-0.32939635960728331 7.0841903497775398 -2.3899962470645 -10.362048086753259 11.227112435537672 -5.3702129554748543 16.696579942249116 0.41066920416695735 -11.038510787487031 0.91690969618992113 -7.7973024520007046 21.288215897977352 -6.2494823912779491 9.2018349705203892 15.698293077244479 -5.215276780054551 -1.5590695018839578 16.932582586461848 -0.42653882328578918 6.1018580325899858 -14.167088179787001 -7.9947154440663084 -8.2503578662872314 16.944868991851806 0.24645545956314796 10.711948993802071 -0.64641276561852656 -1.7149535947927721 -0.39078341760147045 17.079356338864283 1.265939996671487
leaf_weight=12871 48 21 26 63 40 21 21 24 3894 22 32 24 31 34 129 23 22 1650 180 24 44 28 25 151 32 33 54 4958 21 503
leaf_count=12871 48 21 26 63 40 21 21 24 3894 22 32 24 31 34 129 23 22 1650 180 24 44 28 25 151 32 33 54 4958 21 503
internal_value=-1.61294e-10 0.348141 0.786411 5.46854 1.04427 7.15329 0.6813 0.626462 0.67026 0.715318 5.91699 9.38497 2.45944 0.624703 -0.478582 8.7348 8.86374 -0.773783 1.08289 0.812226 -0.171115 3.35816 5.51872 0.7061 2.07649 -6.33933 4.29798 -0.108866 -0.171848 1.89968
internal_weight=25049 12178 6604 145 82 42 6459 6416 6392 6366 109 87 55 6257 1836 57 43 1779 4421 3951 5574 470 259 211 183 57 234 5530 5482 524
internal_count=25049 12178 6604 145 82 42 6459 6416 6392 6366 109 87 55 6257 1836 57 43 1779 4421 3951 5574 470 259 211 183 57 234 5530 5482 524
is_linear=0
shrinkage=0.05


Tree=45
num_leaves=31
num_cat=0
split_feature=288 261 192 274 277 178 269 100 155 231 26 159 267 282 227 168 276 226 269 274 262 52 66 218 229 130 171 203 254 12
split_gain=1.10589e+06 997642 1.60073e+06 1.43178e+06 1.66727e+06 1.96831e+06 1.25854e+06 1.27035e+06 2.33869e+06 1.24792e+06 1.37167e+06 1.24953e+06 1.10912e+06 1.04072e+06 1.065e+06 1.04042e+06 1.22061e+06 1.01367e+06 2.06529e+06 1.72419e+06 1.28186e+06 1.01758e+06 1.22498e+06 1.01016e+06 1.04241e+06 975777 1.02366e+06 1.02075e+06 960874 938472
threshold=76.750000000000014 -251.74999999999997 -34.749999999999993 368.25000000000006 3830.857543945313 187.75000000000003 -1085.2499999999998 -1159.4999999999998 -115.74999999999999 1874.2500000000002 395.77120971679693 381.68627929687506 248.25000000000003 -118.24999999999999 -6.7499999999999991 -1923.7499999999998 179.25000000000003 -777.74999999999989 -294.74999999999994 814.75000000000011 1651.2500000000002 3840.0000000000005 3346.0000000000005 -814.74999999999989 365.90969848632818 -1108.9799804687498 44.750000000000007 287.75000000000006 -214.74999999999997 449.77992248535162
decision_type=2 2 2 2 2 2 2 2 2 2 2 2 2 2 2 2 2 2 2 2 2 2 2 2 2 2 2 2 2 2
left_child=-1 2 28 6 5 -5 -4 8 -8 15 11 -11 -9 14 -14 16 -3 18 -17 23 21 22 25 -20 -25 26 27 -19 -2 -12
right_child=1 9 3 4 -6 -7 7 12 -10 10 29 -13 13 -15 -16 17 -18 20 19 -21 -22 -23 -24 24 -26 -27 -28 -29 -30 -31
leaf_value=-0.50530443984460793 0.37919064335380459 0.46067034933302137 -11.059146334510297 12.048486793349531 18.70070608962666 1.2020172154704731 2.3741449221487971 2.2476741186042668 -12.906867763541994 3.8855127713293771 -4.7685425491436666 18.977880880236626 1.0477811359223865 2.447698918183645 -13.273335683345795 -17.024081138942552 14.842123465538027 0.49587577232148955 1.4230399804730569 10.588187521475334 10.23525641679764 -7.3782209910452368 8.2436157920143831 -1.0278195284031055 -6.6741171804341413 -0.36631622627033322 2.5930842257887621 -4.8207399848810182 -2.6724165117667216 3.508697983933919
leaf_weight=7560 4406 36 20 58 22 150 62 1494 42 32 46 24 21 45 34 23 25 1303 124 27 30 48 44 162 165 7939 602 97 274 134
leaf_count=7560 4406 36 20 58 22 150 62 1494 42 32 46 24 21 45 34 23 25 1303 124 27 30 48 44 162 165 7939 602 97 274 134
internal_value=-2.52027e-09 0.218429 0.701842 1.90623 5.611 4.22651 1.41025 1.55712 -3.79703 -0.0765775 3.51957 10.3537 1.90645 -3.19144 -7.80527 -0.156454 6.35471 -0.194052 -2.38913 -1.68493 -0.0847671 -0.115625 -0.0807125 -2.41969 -3.87687 -0.117557 0.868907 0.12751 0.200528 1.3934
internal_weight=25049 17489 6628 1948 230 208 1718 1698 104 10861 236 56 1594 100 55 10625 61 10564 501 478 10063 10033 9985 451 327 9941 2002 1400 4680 180
internal_count=25049 17489 6628 1948 230 208 1718 1698 104 10861 236 56 1594 100 55 10625 61 10564 501 478 10063 10033 9985 451 327 9941 2002 1400 4680 180
is_linear=0
shrinkage=0.05


Tree=46
num_leaves=31
num_cat=0
split_feature=96 75 47 69 4 179 166 81 283 170 201 92 261 225 138 289 19 261 79 78 4 274 141 245 148 213 171 231 273 253
split_gain=1.02306e+06 897619 1.06613e+06 956926 1.13342e+06 1.25902e+06 1.47e+06 877791 867028 850324 1.33993e+06 852043 1.40702e+06 959856 905010 830093 833748 859754 1.34342e+06 2.5171e+06 1.53194e+06 1.3222e+06 2.28351e+06 1.57976e+06 1.52901e+06 1.19383e+06 1.39007e+06 1.01381e+06 1.96355e+06 1.57409e+06
threshold=367.10823059082037 376.14756774902349 420.31375122070318 3101.8613281250005 3947.674926757813 3647.452514648438 345.95121765136724 -2616.712524414062 2.2500000000000004 1675.2500000000002 388.53430175781256 1446.2500000000002 -648.24999999999989 42.750000000000007 339.01695251464849 -32.749999999999993 309.84713745117193 529.25000000000011 3029.5000000000005 3255.5000000000005 5106.8376464843759 982.75000000000011 674.25000000000011 944.75000000000011 1590.7500000000002 106.25000000000001 -78.249999999999986 -299.74999999999994 -1066.9999999999998 828.00000000000011
decision_type=2 2 2 2 2 2 2 2 2 2 2 2 2 2 2 2 2 2 2 2 2 2 2 2 2 2 2 2 2 2
left_child=1 3 7 4 9 -6 -7 -3 -5 11 -11 -1 -13 14 -14 16 -2 21 19 20 25 27 -23 24 -24 26 -19 29 -29 -18
right_child=15 2 -4 8 5 6 -8 -9 -10 10 -12 12 13 -15 -16 -17 17 18 -20 -21 -22 22 23 -25 -26 -27 -28 28 -30 -31
leaf_value=-0.10654561316171812 -2.5769054035509917 -13.628851761817934 5.9452524748715492 -2.2458637386560443 -15.850941920280457 -10.346951990542205 7.9501262642088397 -2.8354747096697492 9.353769662428876 1.3661545925027083 12.568974558512371 6.8880325930459172 -3.1273540720343593 -1.3347486703892213 -13.025273110454576 2.2524339794911583 -0.12058555599077209 -4.1728205108642582 4.5760393730429723 -18.704314819249241 11.46683036630804 -2.8495480007595488 15.526540920951149 21.98752233584722 -2.9111563011356023 -2.6676324863619669 13.360551980825571 -12.949965150833131 1.1084400438302719 -14.195773200988771
leaf_weight=14498 242 20 33 24 24 23 21 324 49 242 30 49 72 1178 34 593 2916 20 86 22 22 45 22 24 23 518 26 25 3824 20
leaf_count=14498 242 20 33 24 24 23 21 324 49 242 30 49 72 1178 34 593 2916 20 86 22 22 45 22 24 23 518 26 25 3824 20
internal_value=-9.82637e-10 -0.227541 -2.63946 -0.171564 -0.197348 -6.63897 -1.61426 -3.463 5.54019 -0.170146 2.60176 -0.217772 -1.42749 -1.74483 -6.30216 0.448738 0.312223 0.404304 -1.2732 -2.10056 -1.47721 0.573051 5.91314 11.6279 6.10283 -1.98212 5.73735 0.483328 1.01713 -0.216466
internal_weight=25049 16621 377 16244 16171 68 44 344 73 16103 272 15831 1333 1284 106 8428 7835 7593 694 608 586 6899 114 69 45 564 46 6785 3849 2936
internal_count=25049 16621 377 16244 16171 68 44 344 73 16103 272 15831 1333 1284 106 8428 7835 7593 694 608 586 6899 114 69 45 564 46 6785 3849 2936
is_linear=0
shrinkage=0.05


Tree=47
num_leaves=31
num_cat=0
split_feature=288 182 143 205 222 224 229 285 118 10 291 278 25 134 198 241 233 26 257 292 161 173 201 222 159 261 4 19 5 244
split_gain=986240 1.21031e+06 1.02975e+06 999574 946887 863145 1.0077e+06 948356 923426 1.15635e+06 963231 942567 853488 797558 1.23259e+06 2.85451e+06 1.1296e+06 1.90659e+06 1.08033e+06 1.91571e+06 1.35432e+06 1.18975e+06 1.70469e+06 1.76659e+06 1.2521e+06 1.10867e+06 1.17349e+06 1.04075e+06 1.3857e+06 1.03548e+06
threshold=50.250000000000007 1043.7500000000002 -2342.2499999999995 -2086.2499999999995 288.20288085937506 -1264.7499999999998 449.77992248535162 405.30880737304693 -882.47775268554676 -1713.7499999999998 581.94500732421886 512.03503417968761 -1419.627502441406 2475.2500000000005 731.25000000000011 411.25000000000006 196.75000000000003 570.11660766601574 724.36727905273449 1045.2505493164065 2024.2500000000002 434.12649536132818 598.99819946289074 455.76057434082037 390.08749389648443 72.750000000000014 2259.082397460938 469.80149841308599 518.72827148437511 1403.2034301757815
decision_type=2 2 2 2 2 2 2 2 2 2 2 2 2 2 2 2 2 2 2 2 2 2 2 2 2 2 2 2 2 2
left_child=1 2 -1 -4 -2 -5 -7 -8 9 -9 11 12 -10 -6 15 -15 17 -16 20 -20 25 24 23 -23 -22 -18 -27 -25 -29 -17
right_child=4 -3 3 5 13 6 7 8 10 -11 -12 -13 -14 14 16 29 18 -19 19 -21 21 22 -24 27 -26 26 -28 28 -30 -31
leaf_value=-8.1475007511848627 -0.36130796035603896 -3.7831661361044855 8.8799805756272949 -5.0250855971574788 0.29821445852978024 -0.54247139945098843 12.19142541470735 0.96472143888473516 8.7376485562324522 13.830399362502559 3.5943957850933077 -10.25088666713599 -3.1409365331934347 0.69683767290491805 0.71001381541407393 23.979410063702129 17.192639322280883 -17.97612018585205 15.492832125557795 -2.5239871482849123 0.2063983640539537 6.5162158870697029 5.2692867327577027 -16.805894088745116 11.594702056146438 -5.6218223299298975 10.410961090087891 4.8209545278549193 -11.677237918717521 8.9759282941403598
leaf_weight=43 6263 290 29 100 13509 3906 23 40 20 31 100 33 62 76 43 23 20 20 36 25 109 20 39 34 31 21 25 20 35 23
leaf_count=43 6263 290 29 100 13509 3906 23 40 20 31 100 33 62 76 43 23 20 20 36 25 109 20 39 34 31 21 25 20 35 23
internal_value=-4.64499e-11 -0.654786 -0.447986 -0.371771 0.150326 -0.43395 -0.325026 2.42365 1.63813 6.58213 0.00546616 -3.11534 -0.243721 0.37744 2.16121 6.64699 1.01631 -5.22209 1.96334 8.10889 0.90436 -0.576128 -3.70174 -6.91156 2.72809 7.36467 3.09165 -9.92904 -5.6779 16.4777
internal_weight=25049 4677 4387 4344 20372 4315 4215 309 286 71 215 115 82 14109 600 122 478 63 415 61 354 288 148 109 140 66 46 89 55 46
internal_count=25049 4677 4387 4344 20372 4315 4215 309 286 71 215 115 82 14109 600 122 478 63 415 61 354 288 148 109 140 66 46 89 55 46
is_linear=0
shrinkage=0.05


Tree=48
num_leaves=31
num_cat=0
split_feature=288 268 267 143 262 1 261 63 166 134 273 135 233 241 100 271 156 2 60 201 92 275 180 5 229 166 82 213 76 148
split_gain=902643 914371 1.43961e+06 1.16218e+06 1.41713e+06 1.32445e+06 1.06802e+06 1.32892e+06 1.22735e+06 1.10687e+06 1.5744e+06 1.25663e+06 1.04188e+06 993992 889950 881215 1.39398e+06 1.51844e+06 1.04728e+06 942634 1.27222e+06 1.20691e+06 1.19902e+06 1.03839e+06 1.23475e+06 825112 982615 812586 814792 906103
threshold=76.750000000000014 -961.24999999999989 240.25000000000003 1969.7500000000002 -619.74999999999989 333.25000000000006 -1181.7499999999998 -1394.7499999999998 418.37471008300787 2475.2500000000005 -397.24999999999994 1880.5000000000002 -564.74999999999989 2257.0000000000005 1240.5000000000002 636.49594116210949 2455.2500000000005 4816.0000000000009 4887.0351562500009 455.76057434082037 3443.5000000000005 148.75000000000003 483.63320922851568 377.59042358398443 449.77992248535162 469.80149841308599 570.11660766601574 -378.24999999999994 1179.4524536132815 1654.2500000000002
decision_type=2 2 2 2 2 2 2 2 2 2 2 2 2 2 2 2 2 2 2 2 2 2 2 2 2 2 2 2 2 2
left_child=14 2 3 4 -2 -6 7 -3 -9 13 -11 -12 -13 -8 -1 19 -17 18 -18 20 23 22 -21 -14 -25 -23 -27 -16 29 -29
right_child=1 6 -4 -5 5 -7 9 8 -10 10 11 12 15 -15 27 16 17 -19 -20 21 -22 25 -24 24 -26 26 -28 28 -30 -31
leaf_value=-0.31091216517427717 1.3618966085566138 3.184637515775619 13.588768982887268 -7.5503838683619655 2.0308119545812193 18.999146851249364 0.068252762281924076 -1.5701405745965464 -15.849147961946096 16.160156922340395 10.86986257897483 -9.9879423302412036 -1.564061412410658 10.25128222902616 -10.75744549717222 14.986508573334795 3.6502109715342521 10.627316573262215 -11.133669899857564 -4.5885394729886739 13.383830034732819 0.82221980321974986 8.5950636211563562 10.85427921930949 -4.0769547748565671 -18.214502193530404 -3.9067595854401591 -3.2784522886276246 -1.1364619532103644 -15.654821273258754
leaf_weight=7052 524 31 26 33 23 23 16210 27 34 20 36 20 122 24 28 29 25 32 23 35 24 21 34 45 20 24 24 50 409 21
leaf_count=7052 524 31 26 33 23 23 16210 27 34 20 36 20 122 24 28 29 25 32 23 35 24 21 34 45 20 24 24 50 409 21
internal_value=-2.86296e-09 0.197338 2.06911 1.5724 2.10057 10.515 0.127508 -5.24501 -9.52893 0.156985 2.39684 1.8613 1.18283 0.0833071 -0.456514 1.67064 5.59508 2.19069 -3.43373 0.444956 2.54645 -2.76819 1.90773 1.15555 6.26005 -7.44411 -11.0606 -2.47775 -1.99476 -6.93907
internal_weight=25049 17489 629 603 570 46 16860 92 61 16768 534 514 478 16234 7560 458 109 80 48 349 211 138 69 187 65 69 48 508 480 71
internal_count=25049 17489 629 603 570 46 16860 92 61 16768 534 514 478 16234 7560 458 109 80 48 349 211 138 69 187 65 69 48 508 480 71
is_linear=0
shrinkage=0.05


Tree=49
num_leaves=31
num_cat=0
split_feature=47 14 289 178 260 223 238 177 62 261 123 261 267 80 287 236 222 268 289 129 177 264 289 289 288 289 212 246 226 155
split_gain=884960 845554 828444 867132 831225 825433 821171 1.0369e+06 2.20519e+06 1.55548e+06 1.19206e+06 895705 1.21144e+06 1.40934e+06 1.06115e+06 856499 1.21147e+06 1.2517e+06 1.00131e+06 877794 789453 776216 760796 739439 780516 1.2706e+06 737739 1.13829e+06 852709 719247
threshold=228.88735198974612 -677.24999999999989 -32.249999999999993 913.25000000000011 1234.7500000000002 1038.9947509765627 1978.0000000000002 2543.7500000000005 2603.638061523438 976.25000000000011 951.95748901367199 477.00000000000006 790.25000000000011 4648.7500000000009 699.25000000000011 483.63320922851568 598.99819946289074 293.75000000000006 -374.74999999999994 512.75000000000011 2095.7500000000005 328.89033508300787 -248.74999999999997 -48.749999999999993 227.75000000000003 -127.74999999999999 30.750000000000004 1413.7500000000002 -59.499999999999993 3311.2500000000005
decision_type=2 2 2 2 2 2 2 2 2 2 2 2 2 2 2 2 2 2 2 2 2 2 2 2 2 2 2 2 2 2
left_child=1 -1 6 4 5 -4 11 8 10 -9 -8 12 13 29 15 23 19 18 -18 -17 -5 -3 -11 24 -14 -26 27 -13 -28 -2
right_child=2 21 3 20 -6 -7 7 9 -10 22 -12 26 14 -15 -16 16 17 -19 -20 -21 -22 -23 -24 -25 25 -27 28 -29 -30 -31
leaf_value=0.48200798813380408 0.012422328489028566 -1.4745187768007093 0.61698846451387879 4.0551307218862176 10.252715136246248 -7.7493518606821699 11.138703153444375 -11.003477633476258 19.066786532931857 -1.6676743424457052 -3.0830739666775959 0.33985659357379466 -1.2472077873688709 12.384352269379988 -7.7440479712052781 5.8700297958710621 -1.1422114719044079 -4.6923924843470255 12.470583079883031 17.407853128015997 -3.9535823275061213 5.0908823572099209 11.495382985614595 -7.7874143576622004 11.637582433223725 -0.24719015308048414 -11.007090494036674 13.115245494842529 -1.4869278357647273 -7.735967872937521
leaf_weight=911 17923 2112 1706 324 22 30 23 25 27 23 41 136 79 23 22 34 22 36 35 32 34 46 21 20 44 46 24 20 1178 30
leaf_count=911 17923 2112 1706 324 22 30 23 25 27 23 41 136 79 23 22 34 22 36 35 32 34 46 21 20 44 46 24 20 1178 30
internal_value=-2.05003e-10 -0.795338 0.111051 1.05156 0.594802 0.472409 0.0108635 3.57842 7.08338 -1.04406 2.02788 -0.0181057 0.0736123 0.0153208 2.90563 3.57889 6.28332 2.60662 7.21652 11.4641 3.29453 -1.33457 4.61469 1.30373 2.37961 5.56314 -1.25718 1.97773 -1.67701 -0.000525463
internal_weight=25049 3069 21980 2116 1758 1736 19864 160 91 69 64 19704 18346 17976 370 348 159 93 57 66 358 2158 44 189 169 90 1358 156 1202 17953
internal_count=25049 3069 21980 2116 1758 1736 19864 160 91 69 64 19704 18346 17976 370 348 159 93 57 66 358 2158 44 189 169 90 1358 156 1202 17953
is_linear=0
shrinkage=0.05


Tree=50
num_leaves=31
num_cat=0
split_feature=201 289 287 238 261 240 288 220 183 239 14 217 170 240 155 177 62 261 123 204 155 184 197 285 222 212 212 218 254 169
split_gain=827623 811816 880522 752136 966608 1.18446e+06 1.30119e+06 1.17621e+06 1.50179e+06 1.07697e+06 1.19666e+06 1.06829e+06 1.34049e+06 972287 945682 935805 1.99018e+06 1.40382e+06 1.07584e+06 855659 752939 857578 871264 1.94574e+06 858887 747156 1.35096e+06 796245 1.7575e+06 809460
threshold=213.31623840332034 -32.749999999999993 215.25000000000003 1978.0000000000002 529.25000000000011 1048.2500000000002 145.75000000000003 1328.2500000000002 1632.7500000000002 1618.5000000000002 5090.0000000000009 84.250000000000014 -274.74999999999994 107.25000000000001 3311.2500000000005 2543.7500000000005 2603.638061523438 976.25000000000011 951.95748901367199 2036.2500000000002 -145.24999999999997 285.25000000000006 882.75000000000011 429.29431152343756 311.50485229492193 -748.74999999999989 -868.24999999999989 235.25000000000003 -151.74999999999997 390.25000000000006
decision_type=2 2 2 2 2 2 2 2 2 2 2 2 2 2 2 2 2 2 2 2 2 2 2 2 2 2 2 2 2 2
left_child=-1 3 -3 4 5 9 -7 -8 -9 10 14 12 -6 -13 -2 16 18 -17 -5 -10 -15 24 23 -23 -22 26 -4 29 -29 -27
right_child=1 2 25 15 11 6 7 8 19 -11 -12 13 -14 20 -16 17 -18 -19 -20 -21 21 22 -24 -25 -26 27 -28 28 -30 -31
leaf_value=-0.9810086072130938 0.016719596303618297 0.32715512456896395 2.2643767420413359 10.581767965399701 -4.1742670910699031 -1.9659750054622518 0.26616580486297609 21.870486051386052 -1.5172973269507999 -9.9740884895677926 9.9971882613499972 -9.1135952830314633 9.7597792477077903 5.9061086988810345 -9.1788979087557117 -10.453303506851197 18.11344734474465 4.3839592023329308 -2.9289203585647954 11.393424078912446 2.5971398915013961 -0.69778697131822509 -1.8678211941196428 12.852323431127212 -6.5776245996149045 0.92508077521393772 15.841783936960358 11.355208052674477 1.8123441987279947 -6.9383015086484505
leaf_weight=1980 19148 1628 53 23 28 58 40 22 21 27 30 44 45 33 28 25 27 44 41 33 31 120 686 34 144 137 28 55 393 43
leaf_count=1980 19148 1628 53 23 28 58 40 22 21 27 30 44 45 33 28 25 27 44 41 33 31 120 686 34 144 137 28 55 393 43
internal_value=-2.9211e-09 0.0841994 0.967637 -0.0153854 -0.0419449 0.0420283 4.1488 7.20618 10.8588 0.00487459 0.0189031 -1.4408 4.41521 -1.83227 0.00329254 3.3995 6.72921 -0.991861 1.92648 6.37259 -1.52657 -1.76822 -1.10486 2.2938 -4.95238 2.43831 6.9578 1.85538 2.9839 -0.953394
internal_weight=25049 23069 2337 20732 20572 19407 174 116 76 19233 19206 1165 73 1092 19176 160 91 69 64 54 1048 1015 840 154 175 709 81 628 448 180
internal_count=25049 23069 2337 20732 20572 19407 174 116 76 19233 19206 1165 73 1092 19176 160 91 69 64 54 1048 1015 840 154 175 709 81 628 448 180
is_linear=0
shrinkage=0.05


Tree=51
num_leaves=31
num_cat=0
split_feature=12 212 279 204 241 227 201 194 115 254 226 134 254 280 166 3 261 206 266 247 183 217 162 235 242 289 250 264 219 230
split_gain=804353 1.10411e+06 2.27646e+06 1.16448e+06 1.10628e+06 1.05674e+06 955908 1.37721e+06 1.01642e+06 970656 2.28967e+06 2.33065e+06 2.33039e+06 1.76144e+06 1.26957e+06 1.60418e+06 1.25237e+06 1.30137e+06 1.32063e+06 1.32714e+06 1.20164e+06 1.50184e+06 1.50007e+06 1.34414e+06 1.40182e+06 1.42397e+06 1.18434e+06 1.32505e+06 1.32794e+06 1.12465e+06
threshold=439.06622314453131 377.25000000000006 935.94787597656261 1130.5000000000002 -245.24999999999997 297.75000000000006 377.58390808105474 408.65106201171881 -919.74999999999989 60.250000000000007 -29.749999999999996 1072.7500000000002 -62.749999999999993 665.75000000000011 416.59812927246099 -1220.4999999999998 -228.24999999999997 -1435.2499999999998 403.25000000000006 -714.24999999999989 -105.24999999999999 -613.74999999999989 610.25000000000011 -1936.8225097656248 1610.8649902343752 -143.24999999999997 560.00579833984386 530.86532592773449 -200.74999999999997 -243.55887603759763
decision_type=2 2 2 2 2 2 2 2 2 2 2 2 2 2 2 2 2 2 2 2 2 2 2 2 2 2 2 2 2 2
left_child=-1 2 6 -4 5 -3 8 -8 -2 10 13 12 -12 14 15 -9 20 -18 19 -19 22 -22 -16 -23 25 29 27 28 -11 -25
right_child=1 4 3 -5 -6 -7 7 9 -10 26 11 -13 -14 -15 16 -17 17 18 -20 -21 21 23 -24 24 -26 -27 -28 -29 -30 -31
leaf_value=-0.12742323020136045 -0.92642133217869382 -1.0183952038104718 21.491752402782442 4.4294911098480227 -0.38880958084616513 -15.567886058489481 -2.4361450820679034 14.5562024296941 6.5666983408646447 4.277550206333399 7.0192649864759602 -3.1939064121246341 24.063417175163828 14.772975283083708 0.53054453230223375 1.7463890871240033 8.6204506232188294 -13.541661200803871 4.9458264859517413 -3.0026506229417356 9.0448945895485249 -10.398552885509673 -12.384747374576072 -3.4443644957883017 -2.2902504860162738 11.001650534254132 -4.6235487239925481 11.190225907734463 -3.2832681736877181 5.3011668719977978
leaf_weight=20835 66 26 20 20 1044 24 309 37 144 96 122 45 24 23 999 72 26 34 45 246 92 21 23 56 100 66 152 28 147 107
leaf_count=20835 66 26 20 20 1044 24 309 37 144 96 122 45 24 23 999 72 26 34 45 246 92 21 23 56 100 66 152 28 147 107
internal_value=1.91768e-09 0.63001 1.10926 12.9606 -0.736769 -8.00215 0.955345 0.717074 4.21172 1.09753 1.5305 6.75469 9.82104 1.01801 0.853584 6.09467 0.538829 -2.14352 -3.00463 -4.28239 1.18193 3.36015 0.239887 1.86587 2.64871 4.80546 -1.0909 0.890519 -0.296278 2.29657
internal_weight=25049 4214 3120 40 1094 50 3080 2870 210 2561 2138 191 146 1947 1924 109 1815 351 325 280 1464 442 1022 350 329 229 423 271 243 163
internal_count=25049 4214 3120 40 1094 50 3080 2870 210 2561 2138 191 146 1947 1924 109 1815 351 325 280 1464 442 1022 350 329 229 423 271 243 163
is_linear=0
shrinkage=0.05


Tree=52
num_leaves=31
num_cat=0
split_feature=288 182 143 205 224 229 119 162 153 264 261 275 246 4 205 15 177 232 143 57 96 163 142 118 77 212 126 112 53 24
split_gain=783952 1.03825e+06 947928 885701 801036 967891 908757 1.01316e+06 960792 806290 763622 1.7086e+06 1.5279e+06 2.02443e+06 2.37664e+06 1.84988e+06 1.1846e+06 1.39243e+06 1.13858e+06 1.09611e+06 1.09505e+06 1.07445e+06 1.62362e+06 963367 1.10073e+06 942522 896836 1.10361e+06 881751 1.41446e+06
threshold=50.250000000000007 1043.7500000000002 -2342.2499999999995 -2086.2499999999995 -1188.4999999999998 449.77992248535162 -560.49999999999989 -1266.7499999999998 -696.38079833984364 467.49603271484381 -461.24999999999994 -1085.7499999999998 -162.74999999999997 -925.20748901367176 1517.2500000000002 -1489.7499999999998 -374.24999999999994 1122.2500000000002 -227.74999999999997 1937.7500000000002 398.78779602050787 -2656.4999999999995 -2792.4999999999995 -1004.9677734374999 -760.74999999999989 906.25000000000011 -121.24999999999999 127.75000000000001 4317.0300292968759 2925.2500000000005
decision_type=2 2 2 2 2 2 2 2 2 2 2 2 2 2 2 2 2 2 2 2 2 2 2 2 2 2 2 2 2 2
left_child=1 2 -1 -4 -5 -6 7 -7 -9 -8 12 -12 28 -14 15 -15 18 26 23 20 -20 -13 -23 -17 -25 -19 -18 -28 29 -2
right_child=10 -3 3 4 5 6 9 8 -10 -11 11 21 13 14 -16 16 17 25 19 -21 -22 22 -24 24 -26 -27 27 -29 -30 -31
leaf_value=-7.7795293369958571 0.16179240434258074 -3.4812741651411714 8.3897129149272534 -4.0309900183102183 -0.46346968306053232 -3.5706269524314189 5.345127810720812 12.617264363059292 2.071992102927632 -1.7625724079241429 12.533822391651295 7.6600232950846348 -0.74952166350078342 14.83412311719014 -8.7488884487667615 12.245143857694442 -3.3894076339440584 17.674853159811189 8.9096487164497375 1.430452284216881 22.875899029731752 -12.327657000444553 -0.05592442416223406 -6.1831700407225512 4.6802941000762104 3.1989158977161756 9.6665432624194949 1.377388422747579 7.0384597052698554 -11.122281438963753
leaf_weight=43 3402 290 29 145 3868 22 57 54 36 133 27 45 388 39 37 31 81 23 32 20 25 27 15589 29 119 22 46 316 46 28
leaf_count=43 3402 290 29 145 3868 22 57 54 36 133 27 45 388 39 37 31 81 23 32 20 25 27 15589 29 119 22 46 316 46 28
internal_value=-8.39659e-10 -0.583785 -0.392248 -0.319123 -0.377653 -0.250619 2.47556 6.04795 8.39916 0.369738 0.134025 -0.0332444 0.694257 2.22611 3.63409 4.21923 3.66281 2.21777 6.41741 11.5015 15.0352 -0.0549104 -0.0771422 4.23041 2.55164 10.5977 1.36653 2.43071 0.1619 0.0696775
internal_weight=25049 4677 4387 4344 4315 4170 302 112 90 190 20372 15688 4684 1208 820 783 744 488 256 77 57 15661 15616 179 148 45 443 362 3476 3430
internal_count=25049 4677 4387 4344 4315 4170 302 112 90 190 20372 15688 4684 1208 820 783 744 488 256 77 57 15661 15616 179 148 45 443 362 3476 3430
is_linear=0
shrinkage=0.05


Tree=53
num_leaves=31
num_cat=0
split_feature=176 267 183 63 148 162 60 9 36 3 5 162 75 236 248 240 58 5 71 79 250 288 93 289 255 1 150 156 57 281
split_gain=760893 1.35409e+06 1.30571e+06 1.09378e+06 964029 2.02545e+06 1.08139e+06 1.67312e+06 1.18913e+06 1.28756e+06 1.19326e+06 2.02026e+06 1.04419e+06 1.43864e+06 2.09319e+06 1.98905e+06 1.10099e+06 1.01095e+06 1.60467e+06 1.42553e+06 925071 911665 902210 875052 868564 846692 1.27157e+06 849104 838847 1.02255e+06
threshold=1858.2500000000002 1608.7500000000002 1590.5000000000002 720.50000000000011 1266.0000000000002 1729.2500000000002 3109.0649414062505 70.250000000000014 3324.5000000000005 3164.5000000000005 386.04539489746099 847.75000000000011 775.33657836914074 500.19013977050787 1151.0000000000002 -782.99999999999989 895.75000000000011 775.33657836914074 -1874.7499999999998 -1246.7499999999998 570.11660766601574 227.75000000000003 880.75000000000011 -33.749999999999993 531.50000000000011 2168.7500000000005 467.25000000000006 383.75000000000006 -51.249999999999993 -299.74999999999994
decision_type=2 2 2 2 2 2 2 2 2 2 2 2 2 2 2 2 2 2 2 2 2 2 2 2 2 2 2 2 2 2
left_child=1 4 24 -3 5 6 17 -8 9 10 25 21 13 23 15 -15 20 -1 -19 -20 -17 -12 -14 -6 -2 27 -27 -9 -4 -30
right_child=2 3 28 -5 12 -7 7 8 -10 -11 11 -13 22 14 -16 16 -18 18 19 -21 -22 -23 -24 -25 -26 26 -28 -29 29 -31
leaf_value=-0.016962523249970805 14.534985221227011 14.948536924079614 9.1332064453760786 0.96400332718059945 -1.8671449308945556 14.853811230866805 -7.6570217112700156 9.8252271731694538 -4.1395100438317582 16.686479459490098 0.33283143639564516 21.312383124941874 -0.85385328292846685 -3.9948626669485181 -11.587340838074685 15.30265507274204 3.3041391908696718 7.2594534397125248 -19.356315166299993 -4.0831730422973633 3.5959267722235788 8.6472190216621936 -15.232885523637137 1.2851366955158758 1.7734890242417654 -11.17861383701193 1.8885503072005052 -2.8258382411230181 -10.26875286102295 0.87917100043735708
leaf_weight=21163 30 27 30 29 1611 23 36 36 43 21 64 21 20 67 25 45 140 20 22 50 27 68 24 255 24 29 52 21 21 1005
leaf_count=21163 30 27 30 29 1611 23 36 36 43 21 64 21 20 67 25 45 140 20 22 50 27 68 24 255 24 29 52 21 21 1005
internal_value=2.75132e-10 -0.0593397 1.27976 7.70655 -0.0775488 0.0239918 0.00823434 2.61388 3.65544 4.72974 3.86688 6.90766 -1.07135 -0.916733 2.27286 3.51481 5.88816 -0.0396983 -5.26966 -8.74997 10.9126 4.616 -8.69696 -1.43637 8.86321 0.495583 -2.78982 5.16431 0.891969 0.650997
internal_weight=25049 23939 1110 56 23883 21669 21646 391 355 312 291 153 2214 2170 304 279 212 21255 92 72 72 132 44 1866 54 138 81 57 1056 1026
internal_count=25049 23939 1110 56 23883 21669 21646 391 355 312 291 153 2214 2170 304 279 212 21255 92 72 72 132 44 1866 54 138 81 57 1056 1026
is_linear=0
shrinkage=0.05


Tree=54
num_leaves=31
num_cat=0
split_feature=166 288 30 65 268 267 143 262 261 261 63 26 134 198 241 287 240 63 173 122 260 287 236 201 138 92 78 117 291 19
split_gain=742337 701352 787142 1.48538e+06 741346 1.22584e+06 1.04635e+06 1.18984e+06 1.26214e+06 982226 1.17624e+06 1.10562e+06 892922 1.34291e+06 1.8963e+06 1.13424e+06 1.21324e+06 907628 1.72727e+06 3.78489e+06 1.02324e+06 1.00174e+06 1.31086e+06 1.39757e+06 879596 835342 2.42034e+06 985255 1.05084e+06 793529
threshold=195.98908233642581 76.750000000000014 -4009.4999999999995 -3374.9999999999995 -961.24999999999989 240.25000000000003 1969.7500000000002 -619.74999999999989 -699.74999999999989 -1181.7499999999998 -1394.7499999999998 402.01121520996099 2475.2500000000005 731.25000000000011 411.25000000000006 588.50000000000011 1108.7500000000002 3414.2500000000005 476.75883483886724 3326.2500000000005 1503.0000000000002 -67.249999999999986 449.77992248535162 394.21360778808599 476.75883483886724 -2661.9999999999995 -2774.9999999999995 476.75883483886724 -2420.532592773437 473.41499328613287
decision_type=2 2 2 2 2 2 2 2 2 2 2 2 2 2 2 2 2 2 2 2 2 2 2 2 2 2 2 2 2 2
left_child=-1 2 -2 -4 5 6 7 -3 -9 10 -6 -12 25 14 -14 17 -17 21 -19 -20 -21 -15 23 -23 -16 27 -27 -11 -29 -24
right_child=1 4 3 -5 9 -7 -8 8 -10 12 11 -13 13 15 24 16 -18 18 19 20 -22 22 29 -25 -26 26 -28 28 -30 -31
leaf_value=-1.4173173053798451 7.5877281415847042 1.2779874149289689 -13.675150242305939 -0.35776007069736915 2.9414453967925045 12.542813879480729 -7.2017789436109148 18.702250775836763 2.0748978919982912 1.1199675829637619 -1.4657126841721713 -15.018132809681052 1.094102992461278 6.4232062841716573 8.744242179393769 -14.841520168667749 -0.5203918869495392 15.140065961224693 17.227636550903323 -15.078929660433815 -0.10767509603500368 -0.42762230794454359 -12.085552155971527 13.048292891184488 22.941919403076174 16.724354375492442 0.12837401224076769 -17.812264478774299 -3.3262124769149288 -2.0410061427191191
leaf_weight=891 31 523 21 7118 31 26 33 21 25 42 27 34 52 57 24 21 50 35 25 21 25 97 32 24 20 22 15618 21 31 51
leaf_count=891 31 523 21 7118 31 26 33 21 25 42 27 34 52 57 24 21 50 35 25 21 25 97 32 24 20 22 15618 21 31 51
internal_value=2.80928e-09 0.0522738 -0.362412 -0.396934 0.227297 1.91316 1.45407 1.95608 9.66565 0.162583 -4.9892 -9.01952 0.191718 2.20247 7.55827 1.0286 -4.75622 2.14773 6.04947 1.56819 -6.94238 0.563117 -1.07426 2.24529 15.1977 0.123475 0.151719 -4.57587 -9.17635 -5.9136
internal_weight=25049 24158 7170 7139 16988 628 602 569 46 16360 92 61 16268 534 96 438 71 367 106 71 46 261 204 121 44 15734 15640 94 52 83
internal_count=25049 24158 7170 7139 16988 628 602 569 46 16360 92 61 16268 534 96 438 71 367 106 71 46 261 204 121 44 15734 15640 94 52 83
is_linear=0
shrinkage=0.05


Tree=55
num_leaves=31
num_cat=0
split_feature=47 9 43 97 289 261 274 241 101 219 286 273 211 59 23 10 37 93 74 253 15 234 49 41 163 50 292 274 37 288
split_gain=672940 757115 717709 1.10214e+06 905435 913970 1.2776e+06 1.3086e+06 1.22885e+06 949979 1.61895e+06 2.03807e+06 1.40302e+06 1.06917e+06 866123 1.06921e+06 984263 911371 1.05444e+06 1.20123e+06 991926 975561 911690 1.56557e+06 1.76617e+06 893087 885553 854895 1.12144e+06 1.08024e+06
threshold=228.88735198974612 -736.74999999999989 -994.74999999999989 -992.10861206054676 -6.2499999999999991 -178.24999999999997 708.50000000000011 437.75000000000006 -1821.7499999999998 1949.2500000000002 842.72775268554699 -332.24999999999994 1686.7500000000002 1364.7500000000002 -1648.7499999999998 -1536.7499999999998 -1522.2499999999998 -1441.7499999999998 -1202.8000488281248 1383.2500000000002 109.75000000000001 1267.2500000000002 -842.24999999999989 -1158.9133300781248 109.75000000000001 -500.24999999999994 363.52210998535162 229.25000000000003 -3959.2499999999995 680.25000000000011
decision_type=2 2 2 2 2 2 2 2 2 2 2 2 2 2 2 2 2 2 2 2 2 2 2 2 2 2 2 2 2 2
left_child=1 -1 3 27 5 6 9 -8 -7 10 12 -12 -4 -14 -10 26 -17 25 19 21 -20 22 -19 24 -24 -18 -16 -2 -29 -30
right_child=2 -3 4 -5 -6 8 7 -9 14 -11 11 -13 13 -15 15 16 17 18 20 -21 -22 -23 23 -25 -26 -27 -28 28 29 -31
leaf_value=0.48562413721739423 -0.71418010873551552 -1.2165811431902591 0.52312117374458278 -3.3110644563707612 2.8450575454834781 10.123723008714874 2.7913418432076771 17.756030055454797 4.6162558125552309 -10.107435673759099 21.347117614746097 3.1274133909832349 -0.75259426051172718 -14.578913192395811 -0.72833300370436449 7.6338005128502848 -1.0512731768280628 -1.7210942199287407 -1.3490456150839056 13.327254226207735 -0.051376072313395998 -9.4600172432986174 3.951355036305932 1.0346463221174547 18.275764645470513 -9.3595200464410606 -13.656791330266882 11.436697952091695 0.97902228137368896 -9.547366322040558
leaf_weight=943 2783 2126 7965 321 326 29 48 21 93 21 20 66 29 27 26 40 83 224 1982 20 5730 22 106 870 27 53 27 25 971 25
leaf_count=943 2783 2126 7965 321 326 29 48 21 93 21 20 66 29 27 26 40 83 224 1982 20 5730 22 106 870 27 53 27 25 971 25
internal_value=-6.57418e-10 -0.693551 0.0968384 -0.497588 0.234167 0.185611 0.570838 7.34581 -0.152764 0.513324 0.540836 7.36455 0.467673 -7.41886 -0.184798 -0.233278 -0.192292 -0.226629 -0.165111 1.17047 -0.38488 0.97581 1.16292 1.80701 6.85932 -4.28905 -7.31453 -0.260173 0.97734 0.714806
internal_weight=25049 3069 21980 4125 17855 17529 8197 69 9332 8128 8107 86 8021 56 9303 9210 9157 9117 8981 1269 7712 1249 1227 1003 133 136 53 3804 1021 996
internal_count=25049 3069 21980 4125 17855 17529 8197 69 9332 8128 8107 86 8021 56 9303 9210 9157 9117 8981 1269 7712 1249 1227 1003 133 136 53 3804 1021 996
is_linear=0
shrinkage=0.05


Tree=56
num_leaves=31
num_cat=0
split_feature=131 5 152 5 205 205 239 40 96 18 149 264 2 107 164 22 193 138 222 229 156 194 103 82 257 206 32 66 115 194
split_gain=649116 1.53594e+06 1.51948e+06 1.4789e+06 1.64164e+06 1.92039e+06 1.46321e+06 1.87335e+06 1.47049e+06 1.42182e+06 1.3429e+06 1.31503e+06 1.2062e+06 1.85676e+06 1.46707e+06 1.50926e+06 1.39496e+06 1.2969e+06 1.14802e+06 2.97185e+06 1.08831e+06 1.05226e+06 998777 1.10238e+06 1.56298e+06 1.11191e+06 1.08458e+06 996200 1.09386e+06 1.13672e+06
threshold=473.41499328613287 545.15829467773449 487.39910888671881 469.80149841308599 605.25000000000011 1101.5000000000002 735.75000000000011 496.07127380371099 512.03503417968761 1555.9624633789065 1360.5000000000002 560.00579833984386 47.250000000000007 -727.24999999999989 -284.74999999999994 -265.24999999999994 80.904998779296889 500.19013977050787 424.76710510253912 473.41499328613287 604.75000000000011 464.46438598632818 436.54501342773443 447.01040649414068 473.41499328613287 408.25000000000006 514.02749633789074 -1450.4999999999998 -1862.7499999999998 461.08456420898443
decision_type=2 2 2 2 2 2 2 2 2 2 2 2 2 2 2 2 2 2 2 2 2 2 2 2 2 2 2 2 2 2
left_child=1 3 6 -1 9 -6 11 20 -9 27 -7 12 13 16 -15 -16 17 -2 -11 -20 -8 -14 -4 24 26 -26 -24 28 29 -5
right_child=2 -3 22 4 5 10 7 8 -10 18 -12 -13 21 14 15 -17 -18 -19 19 -21 -22 -23 23 -25 25 -27 -28 -29 -30 -31
leaf_value=-0.13034115216715905 1.2096610636783369 -4.340020393195311 -6.0169312270358208 -4.9227762967348099 -7.519202870982034 -3.7676295329784524 19.743394587116857 -7.8217821686356164 9.5925217108293008 2.1726655733891023 10.980311506083517 -10.885143897533418 -5.5599104282103085 18.620911841238701 -0.18836287941251484 15.977785426920111 -10.35367077537205 14.402185349237351 22.521134556702208 -0.32274933854738874 7.7728787227552765 4.3786976331617771 4.5398336706739491 0.076267990259379748 5.8274589118204618 20.392510528564454 -10.216114015579224 0.59567709975524863 8.9317307271855935 7.4157314174515863
leaf_weight=21066 165 211 64 40 84 29 31 27 22 39 33 20 76 31 42 22 23 21 35 24 49 41 33 2293 38 20 20 321 94 35
leaf_count=21066 165 211 64 40 84 29 31 27 22 39 33 20 76 31 42 22 23 21 35 24 49 41 33 2293 38 20 20 321 94 35
internal_value=1.80798e-09 -0.0945606 0.685113 -0.0534692 2.15278 -2.59263 3.01191 7.69584 -0.00311512 3.33106 4.08208 1.64178 2.23688 3.89722 9.69314 5.36875 1.26271 2.69914 8.82885 13.2287 12.4115 -2.07715 0.147725 0.311842 5.17825 10.8499 -1.02845 2.2315 5.33859 0.835194
internal_weight=25049 22011 3038 21800 734 146 570 129 49 588 62 441 421 304 95 64 209 186 98 59 80 117 2468 2404 111 58 53 490 169 75
internal_count=25049 22011 3038 21800 734 146 570 129 49 588 62 441 421 304 95 64 209 186 98 59 80 117 2468 2404 111 58 53 490 169 75
is_linear=0
shrinkage=0.05


Tree=57
num_leaves=31
num_cat=0
split_feature=166 288 30 65 100 213 100 227 78 73 269 261 37 71 13 37 253 6 274 142 128 157 188 8 103 11 26 82 229 194
split_gain=630894 609738 698831 1.33753e+06 679262 770038 766701 698424 702859 1.16511e+06 782797 671869 1.42153e+06 1.5102e+06 1.07069e+06 1.10551e+06 1.02469e+06 1.053e+06 989600 974858 1.33633e+06 1.09039e+06 917019 910184 905346 1.53974e+06 1.43437e+06 1.01076e+06 874171 1.15708e+06
threshold=195.98908233642581 76.750000000000014 -4009.4999999999995 -3374.9999999999995 1240.5000000000002 -378.24999999999994 1304.2500000000002 -1049.2499999999998 2240.2500000000005 1493.0000000000002 125.25000000000001 -251.74999999999997 -1348.7499999999998 -414.74999999999994 -1694.4149169921873 -1104.7499999999998 253.25000000000003 -598.64233398437489 860.25000000000011 -87.249999999999986 -318.74999999999994 73.750000000000014 -244.34017181396482 -1393.2499999999998 560.00579833984386 -662.76251220703114 598.99819946289074 598.99819946289074 537.80807495117199 412.68888854980474
decision_type=2 2 2 2 2 2 2 2 2 2 2 2 2 2 2 2 2 2 2 2 2 2 2 2 2 2 2 2 2 2
left_child=-1 2 -2 -4 7 -6 -7 -5 9 -9 -11 12 13 16 15 -14 19 -18 23 20 21 24 -15 -16 26 27 28 -26 29 -3
right_child=1 11 3 4 5 6 -8 8 -10 10 -12 -13 14 22 18 -17 17 -19 -20 -21 -22 -23 -24 -25 25 -27 -28 -29 -30 -31
leaf_value=-1.306606415633476 7.1524419399999806 -1.0193033677590229 -12.971027669452486 -2.3436083182361389 -10.190486182485309 -8.9882384993813265 -1.0752908562021617 -0.14247554467402679 -9.4372695899009695 7.9498064626057943 -0.7114902955293656 -0.036500094078518175 1.0283529032071432 -10.059984345069299 11.787105169296266 -7.7411938729493519 1.7818291012197733 15.437171955108642 10.108396767416309 -10.070086434712778 11.399716619650524 -10.847091094970704 -0.51086120961642845 1.0969485513295505 15.855479548054356 -1.4028010918375324 -12.315513537938779 2.7497906787054882 -7.4022667917338287 2.4629324306008868
leaf_weight=891 31 1070 21 360 28 33 423 6139 20 75 40 10477 75 65 20 69 48 20 31 26 24 25 41 4493 31 68 26 28 44 307
leaf_count=891 31 1070 21 360 28 33 423 6139 20 75 40 10477 75 65 20 69 48 20 31 26 24 25 41 4493 31 68 26 28 44 307
internal_value=-1.41153e-09 0.0481905 -0.338464 -0.370992 -0.333818 -2.14214 -1.64794 -0.201888 -0.078997 -0.0490696 4.93718 0.211383 0.610257 -0.574489 1.07096 -3.17372 -0.216918 5.79811 1.20548 -0.464961 -0.311089 -0.486861 -6.36646 1.14432 -0.322309 3.72538 -0.677566 9.63583 -0.464626 -0.242944
internal_weight=25049 24158 7170 7139 7118 484 456 6634 6274 6254 115 16988 6511 1823 4688 144 1717 68 4544 1649 1623 1599 106 4513 1574 127 1447 59 1421 1377
internal_count=25049 24158 7170 7139 7118 484 456 6634 6274 6254 115 16988 6511 1823 4688 144 1717 68 4544 1649 1623 1599 106 4513 1574 127 1447 59 1421 1377
is_linear=0
shrinkage=0.05


Tree=58
num_leaves=31
num_cat=0
split_feature=176 267 183 63 148 162 158 142 245 172 75 236 248 240 86 146 253 179 149 93 281 270 266 239 177 26 227 180 61 257
split_gain=612636 1.20018e+06 1.1872e+06 985910 863932 1.78901e+06 974990 2.13639e+06 1.80202e+06 947389 936075 1.22275e+06 1.87909e+06 1.78748e+06 1.00614e+06 1.06553e+06 910901 853177 847472 816475 793701 1.06312e+06 1.01567e+06 1.30522e+06 1.11341e+06 975257 1.3465e+06 1.35465e+06 1.01411e+06 1.09458e+06
threshold=1858.2500000000002 1608.7500000000002 1590.5000000000002 720.50000000000011 1266.0000000000002 1729.2500000000002 3522.170043945313 1.0000000180025095e-35 497.25000000000006 4246.0427246093759 775.33657836914074 500.19013977050787 1151.0000000000002 -782.99999999999989 1050.2500000000002 911.34616088867199 497.75000000000006 3213.327514648438 1868.0000000000002 880.75000000000011 195.25000000000003 2636.755004882813 43.250000000000007 1010.5000000000001 1701.0000000000002 395.77120971679693 1876.2500000000002 338.27522277832037 422.71945190429693 464.46438598632818
decision_type=2 2 2 2 2 2 2 2 2 2 2 2 2 2 2 2 2 2 2 2 2 2 2 2 2 2 2 2 2 2
left_child=1 4 -2 -3 5 6 17 9 -9 -8 11 -6 13 -13 15 -15 -17 -1 -16 -12 21 -4 23 24 -22 26 -24 -28 29 -27
right_child=2 3 20 -5 10 -7 7 8 -10 -11 19 12 -14 14 18 16 -18 -19 -20 -21 22 -23 25 -25 -26 28 27 -29 -30 -31
leaf_value=-0.0017362281991212547 8.3794425533877472 14.133611053890654 0.36304320634032289 0.85655205496426301 -1.3438479992575267 13.963139021914939 -6.4723167721818129 17.329343352615833 -1.0521146994829178 6.3894657178358605 -0.77008347988128667 -3.8665203169210636 -11.05650752735138 3.9134116417024196 0.86639645853132574 22.645616949172251 8.2424405180889622 -7.8145785548857276 11.860808426993234 -14.44885582526525 -6.5435378809769951 -6.7257320822101754 1.6945661438127286 13.603122612049706 7.7030409179627899 -1.5283889012458998 1.8979789802432059 19.877672030709007 0.35292644935272499 -15.281244506006656
leaf_weight=21488 54 27 192 29 1866 23 41 40 20 22 20 67 25 41 106 21 23 35 21 24 24 73 271 38 32 39 20 22 322 23
leaf_count=21488 54 27 192 29 1866 23 41 40 20 22 20 67 25 41 106 21 23 35 21 24 24 73 271 38 32 39 20 22 322 23
internal_value=2.00717e-09 -0.0532457 1.14833 7.25799 -0.0703888 0.0257358 0.0109266 4.44988 11.2022 -1.9809 -1.01119 -0.864788 2.07575 3.25248 5.50235 9.71275 15.1167 -0.0144412 2.68437 -8.23123 0.77856 -1.58971 1.57198 6.45076 1.59736 0.914006 2.98561 11.3159 -0.774566 -6.63025
internal_weight=25049 23939 1110 56 23883 21669 21646 123 60 63 2214 2170 304 279 212 85 44 21523 127 44 1056 265 791 94 56 697 313 42 384 62
internal_count=25049 23939 1110 56 23883 21669 21646 123 60 63 2214 2170 304 279 212 85 44 21523 127 44 1056 265 791 94 56 697 313 42 384 62
is_linear=0
shrinkage=0.05


Tree=59
num_leaves=31
num_cat=0
split_feature=201 289 178 17 169 234 117 177 274 213 12 65 238 261 217 170 248 288 220 131 232 232 240 177 62 282 292 123 254 259
split_gain=576747 679850 750230 1.02336e+06 987111 876232 1.51819e+06 699585 660782 847432 640359 604238 577964 825175 922286 1.15662e+06 895777 1.2237e+06 1.42456e+06 920598 1.01197e+06 903427 853622 780629 1.63942e+06 1.31496e+06 1.42615e+06 880910 769041 738589
threshold=213.31623840332034 -32.249999999999993 913.25000000000011 1056.2500000000002 -150.24999999999997 586.25000000000011 408.65106201171881 2095.7500000000005 560.25000000000011 -392.74999999999994 310.89425659179693 374.75000000000006 1978.0000000000002 529.25000000000011 84.250000000000014 -274.74999999999994 943.50000000000011 149.25000000000003 1328.2500000000002 394.21360778808599 1710.7500000000002 1080.2500000000002 107.25000000000001 2543.7500000000005 2603.638061523438 -371.74999999999994 624.58282470703136 951.95748901367199 727.25000000000011 765.50000000000011
decision_type=2 2 2 2 2 2 2 2 2 2 2 2 2 2 2 2 2 2 2 2 2 2 2 2 2 2 2 2 2 2
left_child=-1 12 3 5 -5 8 -7 -4 -3 -10 -11 -6 13 16 15 -15 -2 28 21 -20 -21 -19 -16 24 27 -25 -27 -14 -18 -23
right_child=1 2 7 4 11 6 -8 -9 9 10 -12 -13 23 14 22 -17 17 18 19 20 -22 29 -24 25 -26 26 -28 -29 -30 -31
leaf_value=-0.81893441059748939 -0.011174484660313519 0.92516846913597106 3.631815636333815 6.9519356947678794 -11.619982824325561 2.1217602211331563 14.637278405825297 -3.7931128725835261 4.1036706100491918 3.0105925810337069 -6.967781934360179 -2.5607779945387987 9.4879944023878675 -3.8700614409787315 -8.5186459915204491 9.0731367466184825 0.86649039387702942 6.7635539891543219 2.7682564213871959 20.639995032090411 7.2640704370314069 3.2885156113168472 -1.4102145939675859 -11.840934159755708 16.347410696524161 -6.8987684035301218 10.456723880356757 -2.7375990945391542 -8.3735687166452415 -5.4491073285832128
leaf_weight=1980 19108 1341 339 26 20 126 30 35 34 20 82 231 23 28 44 45 76 54 32 26 31 46 1052 20 27 20 29 41 32 51
leaf_count=1980 19108 1341 339 26 20 126 30 35 34 20 82 231 23 28 44 45 76 54 32 26 31 46 1052 20 27 20 29 41 32 51
internal_value=-1.6359e-10 0.0702887 0.88911 0.488115 -2.32198 0.964782 4.52859 2.93697 0.588375 -2.73251 -5.01124 -3.28263 -0.0196891 -0.0429115 -1.33314 4.10862 0.0346107 2.54859 4.53754 9.55517 13.3654 1.58013 -1.69559 2.97383 6.01497 -1.03694 3.37285 1.65597 -1.8713 -1.30549
internal_weight=25049 23069 2284 1910 277 1633 156 374 1477 136 102 251 20785 20625 1169 73 19456 348 240 89 57 151 1096 160 91 69 49 64 108 97
internal_count=25049 23069 2284 1910 277 1633 156 374 1477 136 102 251 20785 20625 1169 73 19456 348 240 89 57 151 1096 160 91 69 49 64 108 97
is_linear=0
shrinkage=0.05


Tree=60
num_leaves=31
num_cat=0
split_feature=288 182 143 205 224 229 285 118 10 291 264 267 86 184 59 261 128 261 246 205 74 15 275 177 157 86 182 112 163 143
split_gain=557091 874756 832543 811094 708517 837948 800057 801990 1.09215e+06 904020 845086 741640 982008 686678 703976 656722 624333 599902 1.53751e+06 1.7184e+06 2.08222e+06 3.19505e+06 1.39712e+06 1.29725e+06 1.24246e+06 1.52584e+06 1.5024e+06 1.2237e+06 924560 1.50805e+06
threshold=50.250000000000007 1043.7500000000002 -2342.2499999999995 -2086.2499999999995 -1369.4999999999998 449.77992248535162 405.30880737304693 -882.47775268554676 -1713.7499999999998 581.94500732421886 530.86532592773449 297.25000000000006 1025.7500000000002 1445.7500000000002 1364.7500000000002 335.75000000000006 -951.74999999999989 -491.74999999999994 -162.74999999999997 1517.2500000000002 -872.57501220703114 -1489.7499999999998 -1085.7499999999998 -374.24999999999994 -1235.2499999999998 -1310.7499999999998 -331.74999999999994 1751.7500000000002 -2656.4999999999995 -2521.2499999999995
decision_type=2 2 2 2 2 2 2 2 2 2 2 2 2 2 2 2 2 2 2 2 2 2 2 2 2 2 2 2 2 2
left_child=1 2 -1 -4 -5 15 -7 8 -8 10 16 12 -11 -3 -15 -6 -9 18 -2 20 -20 -22 -19 24 -23 -26 -27 -25 -24 -30
right_child=17 13 3 4 5 6 7 9 -10 11 -12 -13 -14 14 -16 -17 -18 22 19 -21 21 23 28 27 25 26 -28 -29 29 -31
leaf_value=-7.2394033204677504 0.10615883461244971 -4.6663751556827693 8.0861939890631316 -5.3297622738972956 -0.30632478470955071 11.247147662743279 0.59786558151245117 -8.4022947998344915 12.81803477605184 5.0865322262812889 -10.748880150583055 9.1081013370204627 -7.7681047024205334 7.940039618810018 -2.2681439060913888 -4.0936530385987231 1.6473374453537606 11.336768425835505 -0.54320743529743154 -8.2617477236567307 22.22959169149399 -2.3445192307233813 6.8823581536610918 0.72054544180108793 19.815209770202639 3.8571222166861254 15.108701989589594 7.5552910196928345 -12.591466522216798 -0.048546863021522967
leaf_weight=43 3271 209 29 69 3816 23 41 20 33 39 27 37 24 24 57 118 68 27 329 37 24 32 48 342 25 124 39 81 24 15969
leaf_count=43 3271 209 29 69 3816 23 41 20 33 39 27 37 24 24 57 118 68 27 329 37 24 32 48 342 25 124 39 81 24 15969
internal_value=-3.9755e-09 -0.49212 -0.316309 -0.24778 -0.30379 -0.222115 2.27207 1.55779 6.0474 0.0125269 -3.01084 3.4894 0.189528 -3.15171 0.756503 -0.419925 -0.63667 0.112981 0.63723 2.31887 2.71193 4.31753 -0.0274455 3.64896 6.76308 8.31331 6.54922 2.02933 -0.0465736 -0.0673695
internal_weight=25049 4677 4387 4344 4315 4246 312 289 74 215 115 100 63 290 81 3934 88 20372 4304 1033 996 667 16068 643 220 188 163 423 16041 15993
internal_count=25049 4677 4387 4344 4315 4246 312 289 74 215 115 100 63 290 81 3934 88 20372 4304 1033 996 667 16068 643 220 188 163 423 16041 15993
is_linear=0
shrinkage=0.05


Tree=61
num_leaves=31
num_cat=0
split_feature=43 138 93 253 65 169 68 23 29 226 185 205 157 260 43 137 40 50 289 96 163 232 215 291 134 3 6 89 278 173
split_gain=552852 1.79755e+06 1.53355e+06 1.22101e+06 1.00927e+06 919205 1.22074e+06 682437 2.0567e+06 1.53257e+06 1.44863e+06 745860 845805 671346 629278 1.46158e+06 894702 826420 798584 757081 1.57943e+06 1.47516e+06 1.25163e+06 996413 1.21933e+06 958860 695149 1.04057e+06 1.11913e+06 687200
threshold=-3418.2499999999995 588.47909545898449 -3594.7499999999995 -137.74999999999997 -3374.9999999999995 -1322.2499999999998 530.86532592773449 -3123.9999999999995 -3051.2499999999995 -798.74999999999989 -397.24999999999994 -1609.7499999999998 -1539.4999999999998 -145.74999999999997 -994.74999999999989 1634.0125122070315 228.88863372802737 -1356.7499999999998 -6.2499999999999991 560.00579833984386 -705.24999999999989 -62.249999999999993 537.80807495117199 -1577.0499877929685 -1731.7499999999998 -1737.2499999999998 -1059.5205078124998 487.39910888671881 436.54501342773443 449.77992248535162
decision_type=2 2 2 2 2 2 2 2 2 2 2 2 2 2 2 2 2 2 2 2 2 2 2 2 2 2 2 2 2 2
left_child=1 2 -1 -4 5 6 -2 8 13 11 -11 -10 -13 -6 15 19 -16 -18 -19 22 23 -22 26 -21 -25 -24 -9 28 -28 -29
right_child=4 -3 3 -5 7 -7 -8 14 9 10 -12 12 -14 -15 16 -17 17 18 -20 20 21 -23 25 24 -26 -27 27 29 -30 -31
leaf_value=-7.1469454108057793 -0.62044579982757575 16.713706738608224 15.31386715116955 -1.9483584403991701 0.71615799392972679 -0.097207258296785531 -15.440712492393727 -0.18416458056330912 7.8300507013862202 18.29505677996455 2.0932594039223411 -8.2869447153210647 3.3815563517372782 -8.8817989719541455 -0.77224807242618221 -12.174594120626097 8.3778767878009432 0.16202862021297595 2.6981748953196401 14.668923627413236 -15.042050457000734 1.7342568096361664 -15.837982966683128 -7.3380985838174828 6.6173456618355377 -3.3856609718157693 -1.8278973900293736 -15.502185544100676 7.0906853817604691 -3.3856262550354006
leaf_weight=37 24 21 21 20 35 54 33 3093 37 37 22 25 41 38 2596 27 31 17494 316 26 20 38 22 20 72 52 713 22 37 25
leaf_count=37 24 21 21 20 35 54 33 3093 37 37 22 25 41 38 2596 27 31 17494 316 26 20 38 22 20 72 52 713 22 37 25
internal_value=2.17832e-09 3.72904 0.233167 6.89327 -0.0147966 -4.77192 -9.2006 0.00646196 2.68812 5.82809 12.2537 2.1474 -1.03833 -4.28004 -0.0191513 -0.579148 0.0950291 0.221224 0.207027 -0.503526 2.70534 -4.05068 -0.645998 6.02609 3.58355 -7.0877 -0.523456 -1.84018 -1.38791 -9.05721
internal_weight=25049 99 78 41 24950 111 57 24839 235 162 59 103 66 73 24604 4167 20437 17841 17810 4140 176 58 3964 118 92 74 3890 797 750 47
internal_count=25049 99 78 41 24950 111 57 24839 235 162 59 103 66 73 24604 4167 20437 17841 17810 4140 176 58 3964 118 92 74 3890 797 750 47
is_linear=0
shrinkage=0.05


Tree=62
num_leaves=31
num_cat=0
split_feature=231 166 187 180 282 284 47 19 288 254 278 257 274 254 250 292 267 60 279 232 212 273 273 47 225 254 233 168 71 167
split_gain=530868 1.00558e+06 1.2829e+06 954097 753528 931514 711962 1.49294e+06 1.15236e+06 674452 1.00905e+06 1.14599e+06 928569 670495 1.05834e+06 1.33074e+06 1.10638e+06 803147 842117 601201 923011 1.06555e+06 1.49076e+06 1.02635e+06 858292 844080 1.18698e+06 892858 808113 955622
threshold=1874.2500000000002 467.49603271484381 441.63258361816412 483.63320922851568 -236.74999999999997 1230.1699829101565 530.86532592773449 545.15829467773449 507.75000000000006 1340.0000000000002 552.32839965820324 383.09368896484381 1670.0000000000002 698.75000000000011 570.11660766601574 545.15829467773449 1118.7500000000002 5987.1423339843759 935.94787597656261 1104.2500000000002 208.25000000000003 -365.74999999999994 -152.74999999999997 487.39910888671881 876.75000000000011 -163.74999999999997 408.75000000000006 -129.24999999999997 512.25000000000011 335.44082641601568
decision_type=2 2 2 2 2 2 2 2 2 2 2 2 2 2 2 2 2 2 2 2 2 2 2 2 2 2 2 2 2 2
left_child=9 2 4 -3 -2 -6 8 -8 -5 12 11 -11 13 17 15 -15 -16 19 -19 24 -21 23 -23 -22 -1 -24 -27 -28 29 -29
right_child=1 3 -4 6 5 -7 7 -9 -10 10 -12 -13 -14 14 16 -17 -18 18 -20 20 21 22 25 -25 -26 26 27 28 -30 -31
leaf_value=0.032664360797564719 -5.0480997403462737 -9.9660338445143282 16.716657629880039 -1.6141116116009653 13.669660795852543 1.2667407306229197 -12.523785010251132 2.224216382014446 15.35907599925995 8.1271742113705354 13.113420371214549 -5.7007292655206498 -9.6705907802581805 -1.2209821367688063 -13.19216287716015 9.5072745796044682 -1.4610777193849738 0.29662454525629678 14.00693333943685 6.3691570438916179 15.330460643768312 -6.5844886256355641 6.7246741020073335 0.70777129332224531 -1.2506163913541897 -8.4764998722076417 -9.4902507257461561 1.2403245630471602 0.388522261266049 9.3108150755772829
leaf_weight=21267 21 22 22 20 24 41 22 78 20 29 24 31 25 792 37 30 44 24 21 79 24 71 59 24 1388 35 20 92 602 61
leaf_count=21267 21 22 22 20 24 41 22 78 20 29 24 31 25 792 37 30 44 24 21 79 24 71 59 24 1388 35 20 92 602 61
internal_value=-8.51324e-10 2.2051 5.94226 -0.286345 3.18602 5.84628 1.23475 -1.02034 6.87248 -0.0240275 4.44866 0.982757 -0.0392413 -0.0294811 -1.36677 -0.82944 -6.81972 0.0213278 6.69477 0.00866845 1.16852 0.752684 0.381633 8.01912 -0.0459582 0.950786 0.530219 0.936974 1.21319 4.45797
internal_weight=25049 270 108 162 86 65 140 100 40 24779 84 60 24695 24670 903 822 81 23767 45 23722 1067 988 940 48 22655 869 810 775 755 153
internal_count=25049 270 108 162 86 65 140 100 40 24779 84 60 24695 24670 903 822 81 23767 45 23722 1067 988 940 48 22655 869 810 775 755 153
is_linear=0
shrinkage=0.05


Tree=63
num_leaves=31
num_cat=0
split_feature=43 138 93 253 65 169 68 131 5 173 195 225 267 125 92 292 149 285 75 33 52 177 281 260 5 92 164 132 141 1
split_gain=501253 1.61971e+06 1.37859e+06 1.10196e+06 909219 827956 1.09906e+06 653858 1.30612e+06 1.24038e+06 1.6288e+06 1.94866e+06 2.57926e+06 2.15947e+06 1.82672e+06 1.56362e+06 1.59697e+06 1.56159e+06 2.10495e+06 1.52754e+06 1.34976e+06 1.31357e+06 1.21924e+06 1.24962e+06 1.16373e+06 1.20973e+06 1.36499e+06 1.2489e+06 1.15831e+06 1.48357e+06
threshold=-3418.2499999999995 588.47909545898449 -3594.7499999999995 -137.74999999999997 -3374.9999999999995 -1322.2499999999998 530.86532592773449 469.80149841308599 545.15829467773449 505.92158508300787 600.51629638671886 102.75000000000001 420.25000000000006 140.35092926025393 147.25000000000003 429.29431152343756 -705.24999999999989 512.03503417968761 444.00724792480474 512.03503417968761 1924.0000000000002 83.250000000000014 295.75000000000006 -100.74999999999999 537.80807495117199 704.25000000000011 126.25000000000001 648.60345458984386 -1269.4999999999998 -1547.2499999999998
decision_type=2 2 2 2 2 2 2 2 2 2 2 2 2 2 2 2 2 2 2 2 2 2 2 2 2 2 2 2 2 2
left_child=1 2 -1 -4 5 6 -2 8 -6 10 11 -9 13 14 22 21 -17 24 -19 -18 -12 -14 23 -13 25 26 -11 -27 -26 -30
right_child=4 -3 3 -5 7 -7 -8 9 -10 17 20 12 15 -15 -16 16 19 18 -20 -21 -22 -23 -24 -25 28 27 -28 -29 29 -31
leaf_value=-6.7650063057203553 -0.59105670054753623 15.87638824553717 14.546540889285859 -1.852573664188385 -0.051711562453841432 -0.092637552407190765 -14.653344816150089 1.2322359156386371 -4.1311890420588586 -4.1090769162976448 -4.8969533524146449 17.878482778867088 -13.908209243416787 22.785571126937867 -1.504044903935613 -6.4081621360778813 16.420235821273593 9.934295593324256 0.44095597595222052 0.13535544276237488 2.4567545255025229 1.5660390332341194 21.906918222253974 3.9986310892105106 -6.6830039532288268 9.4280505666026357 -13.353055606135783 -3.0486274968355129 14.695597346623741 0.58067199635978151
leaf_weight=37 24 21 21 20 21659 54 33 456 198 162 130 24 24 30 37 20 36 61 1365 24 120 32 22 50 46 27 53 78 21 164
leaf_count=37 24 21 21 20 21659 54 33 456 198 162 130 24 24 30 37 20 36 61 1365 24 120 32 22 50 46 27 53 78 21 164
internal_value=4.79195e-11 3.55076 0.232316 6.54697 -0.0140892 -4.52926 -8.73238 0.00608814 -0.0886671 0.70061 2.13087 3.28916 6.42614 10.668 7.93472 1.34213 5.82767 -0.026455 0.847053 9.90628 -1.36717 -5.06578 11.5726 8.5002 -2.28711 -4.23943 -6.38783 0.159661 0.417401 2.18291
internal_weight=25049 99 78 41 24950 111 57 24839 21857 2982 1005 755 299 163 133 136 80 1977 1426 60 250 56 96 74 551 320 215 105 231 185
internal_count=25049 99 78 41 24950 111 57 24839 21857 2982 1005 755 299 163 133 136 80 1977 1426 60 250 56 96 74 551 320 215 105 231 185
is_linear=0
shrinkage=0.05


Tree=64
num_leaves=31
num_cat=0
split_feature=171 196 267 58 52 251 13 95 211 10 262 152 288 261 257 170 289 182 215 254 215 89 267 169 75 41 155 89 26 202
split_gain=496321 1.43595e+06 960403 926918 925906 829524 1.01788e+06 1.44506e+06 1.22345e+06 1.04507e+06 991768 896095 821297 783104 1.17912e+06 1.20662e+06 1.09644e+06 1.02895e+06 917325 1.06849e+06 1.05338e+06 849413 827159 1.29877e+06 1.29336e+06 970120 1.76018e+06 1.2774e+06 944338 874920
threshold=1732.2500000000002 780.25000000000011 1608.7500000000002 290.25000000000006 1680.5000000000002 798.73492431640636 253.738395690918 84.52500152587892 1747.2500000000002 1530.2500000000002 13.250000000000002 403.54847717285162 1187.0000000000002 545.50000000000011 530.86532592773449 981.75000000000011 -70.749999999999986 607.25000000000011 434.12649536132818 754.75000000000011 412.68888854980474 449.77992248535162 790.25000000000011 1528.5000000000002 410.69157409667974 1637.4464111328127 1052.2500000000002 416.59812927246099 518.72827148437511 2163.5058593750005
decision_type=2 2 2 2 2 2 2 2 2 2 2 2 2 2 2 2 2 2 2 2 2 2 2 2 2 2 2 2 2 2
left_child=2 4 13 -4 -2 -3 8 11 -7 10 -9 -8 -11 22 16 17 18 -16 20 21 -15 -20 29 24 -24 26 27 -26 -27 -1
right_child=1 5 3 -5 -6 6 7 9 -10 12 -12 -13 -14 14 15 -17 -18 -19 19 -21 -22 -23 23 -25 25 28 -28 -29 -30 -31
leaf_value=-0.053513865196971933 2.5455715891718866 -9.3838918182253845 13.129566786024306 0.7993500242914473 17.577704820178806 -0.73471801848638629 -1.7098828905615315 13.35450272096528 15.635802017211915 0.50136178381509944 2.8883442621358806 -14.925452506023905 -8.910577815771104 -2.3014603154973372 -8.7766118848046588 -16.914529978687113 1.5495042560792498 2.8629926962011005 13.191378863652549 -2.8616959163698099 -10.745387656688692 1.2331668504485578 -2.053490158489772 9.1501992384592707 15.488038148880007 2.3422504301424381 -10.860212222859264 1.907493038502948 15.132673803452523 10.408925206661225
leaf_weight=22413 20 20 27 35 21 21 29 27 25 677 140 23 24 482 43 22 317 34 27 59 40 33 182 57 20 27 24 129 31 20
leaf_count=22413 20 20 27 35 21 21 29 27 25 677 140 23 24 482 43 22 317 34 27 59 40 33 182 57 20 27 24 129 31 20
internal_value=-7.14199e-10 1.0764 -0.0460189 6.16896 10.245 0.695156 0.903832 0.540908 8.1623 1.02593 4.58048 -7.55523 0.179127 -0.0621011 -1.39269 -6.5876 -0.855851 -3.63705 -2.04539 1.91615 -2.9485 6.61436 -0.000692734 2.07524 1.09879 3.58241 1.70626 3.73038 9.17851 -0.0441861
internal_weight=25049 1027 24022 62 41 986 966 920 46 868 167 52 701 23960 1057 99 958 77 641 119 522 60 22903 470 413 231 173 149 58 22433
internal_count=25049 1027 24022 62 41 986 966 920 46 868 167 52 701 23960 1057 99 958 77 641 119 522 60 22903 470 413 231 173 149 58 22433
is_linear=0
shrinkage=0.05


Tree=65
num_leaves=31
num_cat=0
split_feature=166 233 261 211 288 225 217 103 225 212 72 100 247 205 254 289 135 211 232 170 149 221 100 273 32 138 197 169 18 274
split_gain=489691 518415 1.27976e+06 1.29701e+06 1.36543e+06 1.10911e+06 967873 1.56463e+06 1.07666e+06 990824 910734 1.82028e+06 868420 1.07753e+06 849219 1.04433e+06 835890 1.13331e+06 940664 861317 1.14694e+06 1.01714e+06 1.17112e+06 977563 942712 1.09048e+06 886864 819525 1.20581e+06 814064
threshold=195.98908233642581 -869.74999999999989 -604.74999999999989 2349.7500000000005 534.75000000000011 748.75000000000011 -16.749999999999996 570.11660766601574 49.750000000000007 -1861.7499999999998 3508.7500000000005 3305.5000000000005 -794.24999999999989 -1564.7499999999998 1600.2500000000002 -313.24999999999994 -2355.4999999999995 -858.24999999999989 -714.74999999999989 -1879.2499999999998 -2177.7499999999995 -273.95748901367182 -2331.7499999999995 -1268.4999999999998 -1505.8275146484373 341.13330078125006 -1251.7499999999998 -1087.2499999999998 1103.5999755859377 -149.74999999999997
decision_type=2 2 2 2 2 2 2 2 2 2 2 2 2 2 2 2 2 2 2 2 2 2 2 2 2 2 2 2 2 2
left_child=-1 5 3 4 12 6 8 -8 9 29 -4 -12 -3 -14 15 -13 17 18 -11 21 -21 22 -18 -22 -24 -26 -27 28 -25 -2
right_child=1 2 10 -5 -6 -7 7 -9 -10 16 11 14 13 -15 -16 -17 19 -19 -20 20 23 -23 24 27 25 26 -28 -29 -30 -31
leaf_value=-1.1511379948101195 -0.3677877746363904 -0.26228385474884286 -0.019489688361701663 -10.428098330290423 11.301061270577568 -11.740276852521029 -0.080451714992523196 14.75518570608563 -9.8860284005441983 -10.44337689971924 16.588018890718619 4.8731131974019508 13.304762482643127 1.8825073660134786 8.7562031449942754 -6.4424735649065541 -4.0803958112543279 1.0590295839309694 -0.61080923345353877 9.1593529726777767 8.0987101275345381 -4.0998643827827079 1.7459149212672793 -2.5634360701042307 0.44314943552017216 22.427474377155306 8.9226874805265854 -0.69530743323286748 -15.160282077789308 4.3569779353963458
leaf_weight=891 188 583 18953 23 35 22 52 27 31 75 24 38 21 1230 29 44 33 65 36 28 29 46 58 379 20 20 31 1841 20 177
leaf_count=891 188 583 18953 23 35 22 52 27 31 75 24 38 21 1230 29 44 33 65 36 28 29 46 58 379 20 20 31 1841 20 177
internal_value=-2.38062e-09 0.0424565 0.132604 1.37297 1.5182 -0.552663 -0.474676 4.98996 -0.614977 -0.520623 0.00965862 4.10187 1.3315 2.07425 1.40216 -1.19867 -0.85336 -4.18412 -7.25444 -0.619342 -0.898339 2.46169 4.32485 -1.02245 6.47503 10.3383 14.2187 -1.14054 -3.19486 1.9234
internal_weight=25049 24158 20980 1892 1869 3178 3156 79 3077 3046 19088 135 1834 1251 111 82 2681 176 111 2505 2297 208 162 2269 129 71 51 2240 399 365
internal_count=25049 24158 20980 1892 1869 3178 3156 79 3077 3046 19088 135 1834 1251 111 82 2681 176 111 2505 2297 208 162 2269 129 71 51 2240 399 365
is_linear=0
shrinkage=0.05


Tree=66
num_leaves=31
num_cat=0
split_feature=289 238 225 164 80 115 273 211 153 152 288 281 4 18 214 225 204 244 173 1 227 197 129 49 129 4 17 218 261 184
split_gain=480351 693413 1.10081e+06 704345 681867 1.06679e+06 648376 670718 642462 977467 622542 877665 785599 619479 951918 611878 605383 680098 604188 592036 559477 559062 643588 623526 704451 630079 549186 539888 671293 521334
threshold=-32.249999999999993 623.25000000000011 638.25000000000011 1732.2500000000002 1557.7500000000002 1394.0000000000002 392.75000000000006 -49.749999999999993 10.040651321411135 318.15892028808599 352.75000000000006 690.25000000000011 -1285.262512207031 766.30499267578136 1013.4200134277345 1108.2500000000002 -1082.2499999999998 -831.05123901367176 246.66037750244143 -1077.7499999999998 935.25000000000011 1198.2500000000002 974.75000000000011 1571.2500000000002 1209.7500000000002 1992.894958496094 1075.2500000000002 455.75000000000006 -99.749999999999986 -1178.7499999999998
decision_type=2 2 2 2 2 2 2 2 2 2 2 2 2 2 2 2 2 2 2 2 2 2 2 2 2 2 2 2 2 2
left_child=18 3 -3 6 15 -6 10 -8 9 -9 16 12 19 27 -15 -4 -2 -18 21 -12 -17 23 -23 -1 25 -25 29 28 -14 -19
right_child=1 2 4 -5 5 -7 7 8 -10 -11 11 -13 13 14 -16 20 17 26 -20 -21 -22 22 -24 24 -26 -27 -28 -29 -30 -31
leaf_value=-0.63989394521473586 6.3163247817601915 10.931137452806745 0.85506900540110997 9.6079509258270264 -9.8110533778156555 1.0190294615493334 2.244943068524202 0.63040769796656537 -1.4676724469886637 -12.089040003581481 4.7356072516276919 -7.0269152259826662 13.255462465967453 -6.1018308821178628 6.5835762596130367 13.31193171977997 -3.9010677154820699 7.297720044234703 0.039924881696779657 -4.8639309544944105 4.245296688430142 -11.121490405499936 -2.2203869368316549 14.692210593223573 -0.56749105721103899 2.5576876738797067 -1.9494940658494579 16.414827861785891 1.2361757423442146 0.51977184737417825
leaf_weight=3435 39 35 138 20 28 121 60 23 106 44 29 20 21 21 50 20 104 29 18720 36 114 24 132 20 49 23 236 20 26 1306
leaf_count=3435 39 35 138 20 28 121 60 23 106 44 29 20 21 21 50 20 104 29 18720 36 114 24 132 20 49 23 236 20 26 1306
internal_value=-2.46378e-09 0.637107 2.41093 0.267762 1.7026 -1.01615 0.181678 -2.31028 -3.89013 -7.72266 0.481433 2.96652 3.9511 6.08581 2.83155 3.19192 0.15811 0.0147249 -0.0752482 -0.58106 5.59853 -0.660651 -3.58979 -0.531095 3.53113 8.20165 0.27395 9.53436 6.6065 0.667008
internal_weight=25049 2646 456 2190 421 149 2170 233 173 67 1937 223 203 138 71 272 1714 1675 22403 65 134 3683 156 3527 92 43 1571 67 47 1335
internal_count=25049 2646 456 2190 421 149 2170 233 173 67 1937 223 203 138 71 272 1714 1675 22403 65 134 3683 156 3527 92 43 1571 67 47 1335
is_linear=0
shrinkage=0.05


Tree=67
num_leaves=31
num_cat=0
split_feature=288 282 287 274 149 272 162 81 261 246 212 277 27 254 143 275 163 142 5 113 71 274 283 253 253 289 269 17 288 255
split_gain=464140 691347 686898 927435 714370 615353 1.15089e+06 961366 602964 1.22776e+06 1.86556e+06 2.00134e+06 3.33507e+06 1.29386e+06 1.22802e+06 1.16319e+06 1.15469e+06 1.39799e+06 1.11177e+06 927734 1.5737e+06 968742 883419 853661 737966 722439 742156 737060 720840 713947
threshold=24.250000000000004 -757.74999999999989 -392.24999999999994 -62.749999999999993 -678.74999999999989 433.93386840820318 1126.7500000000002 2434.1525878906255 -491.74999999999994 -102.24999999999999 366.25000000000006 -783.49499511718739 -1101.7035522460935 -181.24999999999997 -1215.4999999999998 -1085.7499999999998 -2656.4999999999995 -2792.4999999999995 512.03503417968761 1525.7500000000002 781.25000000000011 10.750000000000002 -302.74999999999994 -1.0000000180025095e-35 127.25000000000001 -287.24999999999994 -402.74999999999994 -1234.7499999999998 25.250000000000004 -358.24999999999994
decision_type=2 2 2 2 2 2 2 2 2 2 2 2 2 2 2 2 2 2 2 2 2 2 2 2 2 2 2 2 2 2
left_child=1 -1 3 4 -3 6 7 -4 9 23 11 25 -13 14 -14 -10 -17 -18 19 20 29 -21 -20 28 -25 -11 27 -27 -2 -12
right_child=8 2 5 -5 -6 -7 -8 -9 15 10 18 12 13 -15 -16 16 17 -19 22 21 -22 -23 -24 24 -26 26 -28 -29 -30 -31
leaf_value=-5.2065105245774053 8.38259949867542 5.7472265243530281 -0.712625434536998 12.722142356092281 -5.296123313020777 -3.1791723739875826 11.233500071934293 9.1731876525878899 10.111045348644257 3.7146118374971246 9.3077634735107431 24.231681648167697 -3.8081869438716347 -3.7483982764350046 5.9666604051917638 7.4250079126919024 -11.078269269548613 -0.091406062235698332 1.2915107727050783 -0.78861111056420119 -9.877115891619427 11.815070266251764 -10.512246513834187 12.995791385571161 0.46243059946143106 -14.79568127155304 -0.19804322916727801 -1.6713590031084806 0.030006899656119863 -2.2222761154174804
leaf_weight=83 26 32 1509 22 27 227 21 25 28 78 25 22 35 45 392 51 29 17980 23 31 41 30 51 24 23 20 130 23 3967 29
leaf_count=83 26 32 1509 22 27 227 21 25 28 78 25 22 35 45 392 51 29 17980 23 31 41 30 51 24 23 20 130 23 3967 29
internal_value=-8.38989e-10 -0.741587 -0.542666 3.96053 0.69349 -0.747357 -0.392359 -0.551514 0.062465 0.547576 2.14008 3.35531 5.20256 4.31561 5.16544 -0.0720348 -0.0878226 -0.109098 -1.79621 0.598022 -2.49172 5.40992 -6.84351 0.163247 6.86244 -0.280322 -2.08151 -7.77569 0.0843939 3.11571
internal_weight=25049 1946 1863 81 59 1782 1555 1534 23103 5015 975 745 494 472 427 18088 18060 18009 230 156 95 61 74 4040 47 251 173 43 3993 54
internal_count=25049 1946 1863 81 59 1782 1555 1534 23103 5015 975 745 494 472 427 18088 18060 18009 230 156 95 61 74 4040 47 251 173 43 3993 54
is_linear=0
shrinkage=0.05


Tree=68
num_leaves=31
num_cat=0
split_feature=30 135 1 211 267 288 141 64 257 31 64 2 267 40 24 275 12 33 219 100 33 40 218 206 289 131 166 2 129 28
split_gain=458261 1.29909e+06 880008 826080 864997 473492 1.02109e+06 772712 953375 1.89116e+06 888985 1.01174e+06 872831 755003 785326 771001 690891 1.14541e+06 821960 783498 715478 981865 687022 643896 642856 635996 628580 606605 1.80926e+06 1.18421e+06
threshold=-4009.4999999999995 -2034.4999999999998 -3753.7499999999995 -1317.7499999999998 -384.74999999999994 40.250000000000007 -1783.4999999999998 -471.99999999999994 455.76057434082037 -1832.2499999999998 -570.74999999999989 -543.24999999999989 -15.749999999999998 775.33657836914074 -1239.7499999999998 -497.24999999999994 405.30880737304693 408.65106201171881 382.75000000000006 61.250000000000007 343.17361450195318 342.14433288574224 -663.49999999999989 37.750000000000007 -179.74999999999997 455.76057434082037 408.65106201171881 -3495.4999999999995 -1282.2499999999998 -3321.2499999999995
decision_type=2 2 2 2 2 2 2 2 2 2 2 2 2 2 2 2 2 2 2 2 2 2 2 2 2 2 2 2 2 2
left_child=1 3 -2 4 -1 6 25 8 10 -10 24 -12 -11 14 -9 -16 20 19 23 -18 21 -17 -22 -19 -8 -4 -24 28 -7 -29
right_child=2 -3 5 -5 -6 27 7 13 9 12 11 -13 -14 -15 15 16 17 18 -20 -21 22 -23 26 -25 -26 -27 -28 29 -30 -31
leaf_value=-1.7433149504661563 -8.2998212423175577 14.775745446681976 -3.3256960554556416 -4.5522997689247138 12.962100642919541 0.30837566422634444 0.72341559243426434 -9.08215194384257 -6.0707756509383524 6.2213800821548855 1.8297813709204396 12.78549143296701 19.068737363815309 8.7114084720611569 -3.1175422084539437 -0.62509979122446724 3.0093146902543531 -0.43106438128153485 -6.1966111653890366 15.567538545442666 -12.052340160273017 7.4204260037495544 -3.3624013662215106 7.6293131026061802 -1.8352851723220416 -13.901611898058938 3.8064306842429296 -10.811890426635742 13.204424428283904 0.076703440288005728
leaf_weight=20 32 20 44 40 20 122 638 30 24 39 96 27 20 20 344 1371 27 75 39 23 20 39 242 37 399 21 35 25 35 21125
leaf_count=20 32 20 44 40 20 122 638 30 24 39 96 27 20 20 344 1371 27 75 39 23 20 39 242 37 399 21 35 25 35 21125
internal_value=-3.48781e-09 3.37799 -0.0135396 0.528547 5.60939 -0.0028978 -0.532422 -0.418556 0.586032 5.76277 0.215627 4.23469 10.5764 -0.960998 -1.04577 -0.938713 -0.545884 2.22682 0.0548803 8.7861 -0.872371 -0.402564 -3.10277 2.23174 -0.26108 -6.74253 -2.45659 0.0868184 3.18329 0.0638328
internal_weight=25049 100 24949 80 40 24917 3610 3545 1243 83 1160 123 59 2302 2282 2252 1908 201 151 50 1707 1410 297 112 1037 65 277 21307 157 21150
internal_count=25049 100 24949 80 40 24917 3610 3545 1243 83 1160 123 59 2302 2282 2252 1908 201 151 50 1707 1410 297 112 1037 65 277 21307 157 21150
is_linear=0
shrinkage=0.05


Tree=69
num_leaves=31
num_cat=0
split_feature=231 166 52 79 264 289 138 5 54 254 281 274 273 261 276 262 253 288 247 233 145 40 170 12 141 157 276 171 241 278
split_gain=451022 901634 1.23165e+06 896415 765550 678341 605734 959212 878998 578756 908420 844646 746908 597750 1.0861e+06 843141 757360 1.56852e+06 867411 1.819e+06 1.26189e+06 852960 752378 1.01037e+06 852798 1.02749e+06 950496 800762 809010 711031
threshold=1874.2500000000002 467.49603271484381 3221.2500000000005 1042.7500000000002 530.86532592773449 -141.74999999999997 879.99746704101574 578.96932983398449 552.32839965820324 1340.0000000000002 820.25000000000011 1670.0000000000002 600.75000000000011 291.25000000000006 122.75000000000001 789.75000000000011 721.75000000000011 784.50000000000011 133.25000000000003 -595.24999999999989 412.68888854980474 512.03503417968761 -687.24999999999989 724.36727905273449 977.75000000000011 839.25000000000011 347.75000000000006 936.00000000000011 522.75000000000011 187.88098144531253
decision_type=2 2 2 2 2 2 2 2 2 2 2 2 2 2 2 2 2 2 2 2 2 2 2 2 2 2 2 2 2 2
left_child=9 2 5 -3 -5 -2 7 8 -6 11 12 13 -11 15 -15 16 -1 18 19 -18 -21 -22 -20 24 26 -26 -24 -27 -29 -16
right_child=1 3 -4 4 6 -7 -8 -9 -10 10 -12 -13 -14 14 29 -17 17 -19 22 20 21 -23 23 -25 25 27 -28 28 -30 -31
leaf_value=-0.0054825632491418766 -0.62685670545682892 6.8899515222100653 16.771506264209748 -8.8043538758248996 4.8944364104952136 8.3017245120472385 -7.6960645246505734 11.474173362255097 -7.7495571454366043 6.1931399508164482 10.919878027516027 -9.2220522346496576 -5.6802005096718124 -2.2663555296398257 -6.7413522708415989 8.4438678518931081 -5.1215509286293619 -11.687355156378313 -5.9014520863124309 1.699097068221481 23.079060602188111 9.3446000429300167 1.9327511253273664 12.411654936699641 -7.3498019936292067 5.8507272668679562 9.1397308248823332 -10.213866978883743 0.24149502385483099 -0.018058978092803522
leaf_weight=20598 52 34 20 33 28 36 20 20 27 26 31 25 27 796 40 30 26 22 35 27 20 26 272 21 46 60 55 20 247 2329
leaf_count=20598 52 34 20 33 28 36 20 20 27 26 31 25 27 796 40 30 26 22 35 27 20 26 272 21 46 60 55 20 247 2329
internal_value=-1.05221e-09 2.03251 5.57126 -0.326648 -2.24356 3.02574 0.0354564 2.0972 -1.31261 -0.0221469 4.1211 -0.0362402 0.144457 -0.0269315 -0.668478 0.0674881 0.0557866 1.49481 1.834 6.23491 10.2797 15.3161 1.25769 1.60522 1.28103 -0.353017 3.14493 0.63124 -0.541678 -0.13158
internal_weight=25049 270 108 162 128 88 95 75 55 24779 84 24695 53 24670 3165 21505 21475 877 855 99 73 46 756 721 700 373 327 327 267 2369
internal_count=25049 270 108 162 128 88 95 75 55 24779 84 24695 53 24670 3165 21505 21475 877 855 99 73 46 756 721 700 373 327 327 267 2369
is_linear=0
shrinkage=0.05


Tree=70
num_leaves=31
num_cat=0
split_feature=289 182 17 169 239 117 145 131 225 236 4 10 159 177 164 159 163 173 255 4 283 268 282 124 239 122 30 3 57 177
split_gain=434274 651510 782233 857882 824935 951941 820944 624619 606351 590944 720120 742892 653444 572269 608219 635556 697857 512122 516224 630210 505456 858206 1.19956e+06 1.5651e+06 891508 1.0112e+06 948388 1.01724e+06 1.51965e+06 922578
threshold=-32.249999999999993 874.75000000000011 1101.7500000000002 -186.24999999999997 746.25000000000011 408.65106201171881 588.47909545898449 512.03503417968761 845.75000000000011 429.29431152343756 -1528.5399780273435 -273.24999999999994 405.30880737304693 2095.7500000000005 1897.2500000000002 523.98001098632824 621.75000000000011 246.66037750244143 -126.74999999999999 2649.595092773438 262.75000000000006 -852.24999999999989 -124.74999999999999 653.59622192382824 2650.0000000000005 3326.2500000000005 2816.0000000000005 2585.7500000000005 2776.7500000000005 -1903.4999999999998
decision_type=2 2 2 2 2 2 2 2 2 2 2 2 2 2 2 2 2 2 2 2 2 2 2 2 2 2 2 2 2 2
left_child=17 2 4 -4 6 -6 7 8 9 12 -11 -12 -2 14 15 16 -3 18 -1 -20 -19 -22 23 -23 25 26 27 28 29 -24
right_child=1 13 3 -5 5 -7 -8 -9 -10 10 11 -13 -14 -15 -16 -17 -18 20 19 -21 21 22 24 -25 -26 -27 -28 -29 -30 -31
leaf_value=0.16812543490869833 0.442595236984198 9.1459389636391091 7.8092675995826726 -2.927016905792867 2.091223943421221 11.62305034904769 10.379641466140747 -8.5936744356155401 -6.7524372957150138 -1.8291906548319041 15.753726115226748 3.2276003804700126 -4.2485940297444662 -3.7683653545379645 8.5174853417069425 -6.0086173621090984 1.9551238799808033 0.11702303616683847 -1.1633737618243039 5.5037213563919067 6.9658353042602545 -3.1347095540276282 7.9553738224095314 -18.753404099345207 7.0628243409298568 -9.7301908908351784 4.3407318284878365 -6.7151455572909784 10.706549294241544 -1.062340476791541
leaf_weight=1349 1536 38 20 267 127 33 20 20 30 27 20 29 78 35 43 22 301 17004 2298 36 35 81 29 20 37 31 91 72 29 1291
leaf_count=1349 1536 38 20 267 127 33 20 20 30 27 20 29 78 35 43 22 301 17004 2298 36 35 81 29 20 37 31 91 72 29 1291
internal_value=-2.27152e-09 0.60578 0.255862 -2.17884 0.6198 4.05716 0.307312 0.191538 0.293692 0.418771 4.72746 8.3403 0.215883 2.36494 2.89629 2.22673 2.76117 -0.0715482 -0.610507 -1.06054 0.0344874 -0.783366 -0.944712 -6.22752 -0.607013 -0.79093 -0.607652 -0.924543 -0.615482 -0.864224
internal_weight=25049 2646 2207 287 1920 160 1760 1740 1720 1690 76 49 1614 439 404 361 339 22403 3683 2334 18720 1716 1681 101 1580 1543 1512 1421 1349 1320
internal_count=25049 2646 2207 287 1920 160 1760 1740 1720 1690 76 49 1614 439 404 361 339 22403 3683 2334 18720 1716 1681 101 1580 1543 1512 1421 1349 1320
is_linear=0
shrinkage=0.05


Tree=71
num_leaves=31
num_cat=0
split_feature=30 135 29 23 76 1 262 264 211 267 286 269 225 279 225 211 17 43 49 37 63 143 168 267 65 126 212 4 253 134
split_gain=412177 1.15555e+06 825590 1.19283e+06 1.90546e+06 1.91778e+06 1.02531e+06 853576 738710 783938 689223 669994 574954 1.38473e+06 1.28107e+06 958427 859893 619038 1.09773e+06 986000 831513 584563 1.04418e+06 1.2424e+06 1.43474e+06 801913 762289 757729 727935 654018
threshold=-4009.4999999999995 -2034.4999999999998 -3051.2499999999995 -3123.9999999999995 -2744.7404785156245 -2782.7499999999995 -335.74999999999994 449.77992248535162 -1317.7499999999998 -384.74999999999994 -1531.6849365234373 -679.74999999999989 -1494.7499999999998 -994.89813232421864 -1359.4999999999998 -1391.9999999999998 -1637.2499999999998 -2567.9999999999995 -2608.2499999999995 -2777.2499999999995 -2670.7499999999995 -2175.7499999999995 -1837.9999999999998 237.25000000000003 -1491.7499999999998 -1568.9999999999998 -1339.2499999999998 -925.20748901367176 -688.24999999999989 -2165.2499999999995
decision_type=2 2 2 2 2 2 2 2 2 2 2 2 2 2 2 2 2 2 2 2 2 2 2 2 2 2 2 2 2 2
left_child=1 8 11 4 7 -6 -7 -4 9 -1 -5 -2 13 15 16 -12 -14 -16 19 -19 -20 25 23 26 -25 27 28 -22 -23 -24
right_child=2 -3 3 10 5 6 -8 -9 -10 -11 12 -13 14 -15 17 -17 -18 18 20 -21 21 22 29 24 -26 -27 -28 -29 -30 -31
leaf_value=-1.6788480877876282 2.0612672082309067 13.953306103944778 -5.2577257387492127 -8.1609851030203018 20.642178153991701 -3.0987752313613894 10.718627015475569 3.6041237897071685 -4.2884328126907354 12.320599331259729 3.5106934527556102 -6.8556353781904491 -14.21394145488739 -6.9025409744336059 -3.6880051541746712 15.544700559547969 -2.988598165673725 13.08421633988619 -6.960135839151782 1.2735326068345891 -4.7663020384875505 -1.497000454167525 8.8075185650870917 20.481095123291016 2.5854389448960622 -12.503970099687578 -2.3573603415489197 3.5193307611075313 8.249683100772355 -0.020158733179692953
leaf_weight=20 29 20 49 26 27 25 29 61 40 20 78 77 24 26 114 21 59 30 43 43 74 30 21 21 24 20 70 44 53 23831
leaf_count=20 29 20 49 26 27 25 29 61 40 20 78 77 24 26 114 21 59 30 43 43 74 30 21 21 24 20 70 44 53 23831
internal_value=-4.7376e-09 3.20364 -0.0128408 0.00594708 3.94206 9.76185 4.32168 -0.343427 0.516221 5.32088 -0.0245493 -4.41611 -0.0159589 3.36645 -0.0332154 6.06336 -6.23448 -0.0121365 0.0051055 6.12724 -0.0133385 -0.000988861 0.0176306 3.63364 10.9367 -3.24591 1.48567 -1.67674 4.72679 -0.0123866
internal_weight=25049 100 24949 24843 191 81 54 110 80 40 24652 106 24626 125 24501 99 83 24418 24304 73 24231 24188 24050 198 45 138 153 118 83 23852
internal_count=25049 100 24949 24843 191 81 54 110 80 40 24652 106 24626 125 24501 99 83 24418 24304 73 24231 24188 24050 198 45 138 153 118 83 23852
is_linear=0
shrinkage=0.05


Tree=72
num_leaves=31
num_cat=0
split_feature=231 166 257 229 82 19 292 178 254 278 257 274 260 254 250 282 180 289 166 205 60 279 288 183 205 27 254 253 252 287
split_gain=408542 801398 1.11943e+06 832961 1.05199e+06 1.09546e+06 769225 691782 524102 837153 1.00533e+06 749405 587414 757718 1.23065e+06 1.53031e+06 704521 1.11312e+06 952828 650375 648676 764249 599213 1.2315e+06 1.73871e+06 968953 835142 713065 1.24068e+06 989922
threshold=1874.2500000000002 467.49603271484381 518.72827148437511 461.08456420898443 467.49603271484381 537.80807495117199 552.32839965820324 1862.7500000000002 1340.0000000000002 552.32839965820324 383.09368896484381 1670.0000000000002 1783.7500000000002 698.75000000000011 570.11660766601574 -188.74999999999997 512.03503417968761 -153.74999999999997 496.07127380371099 275.25000000000006 5987.1423339843759 935.94787597656261 653.75000000000011 -596.74999999999989 -657.74999999999989 -974.46282958984364 345.25000000000006 721.75000000000011 452.25000000000006 153.25000000000003
decision_type=2 2 2 2 2 2 2 2 2 2 2 2 2 2 2 2 2 2 2 2 2 2 2 2 2 2 2 2 2 2
left_child=8 2 6 -3 -5 -6 7 -2 11 10 -10 12 13 20 16 -16 18 -18 -15 -17 22 -22 27 -24 -25 -26 -27 -1 -29 -30
right_child=1 3 -4 4 5 -7 -8 -9 9 -11 -12 -13 -14 14 15 19 17 -19 -20 -21 21 -23 23 24 25 26 -28 28 29 -31
leaf_value=-0.045306577797408848 0.22262976597994566 -9.1036366151726771 15.948493750095366 11.479648017883301 -8.0850833211626334 2.4620746262102244 -5.0147569656372077 10.550027456003079 7.4563899434846022 11.813970398902894 -5.4951286039044787 -8.6869272851943986 8.1408019114624377 -1.0263332405994678 -19.506824691295623 -10.217630898952486 10.689045035839081 -2.7170210842291516 -11.363345942289934 1.347248826488372 -0.077354403336842861 12.983705012003581 6.9471434295177463 -17.239891356513613 -10.421671470134489 1.7519311333106735 -4.8905264451533936 4.619616460684993 -0.40350982797017604 2.1078013026546087
leaf_weight=21545 31 23 20 21 35 83 23 34 29 24 31 25 22 725 20 20 32 30 23 31 24 21 32 21 31 118 79 207 1069 620
leaf_count=21545 31 23 20 21 35 83 23 34 29 24 31 25 22 725 20 20 32 30 23 31 24 21 32 21 31 118 79 207 1069 620
internal_value=-3.17181e-09 1.93443 5.27068 -0.289733 1.16868 -0.66632 2.8439 5.62465 -0.0210782 3.92169 0.764772 -0.0344895 -0.0257213 -0.0330105 -1.47291 -7.78485 -0.919642 4.20224 -1.34418 -3.188 0.020364 6.01781 0.00898704 -2.28621 -3.47282 -2.2048 -0.911796 0.0365008 0.96611 0.518345
internal_weight=25049 270 108 162 139 118 88 65 24779 84 60 24695 24670 24648 881 71 810 62 748 51 23767 45 23722 281 249 228 197 23441 1896 1689
internal_count=25049 270 108 162 139 118 88 65 24779 84 60 24695 24670 24648 881 71 810 62 748 51 23767 45 23722 281 249 228 197 23441 1896 1689
is_linear=0
shrinkage=0.05


Tree=73
num_leaves=31
num_cat=0
split_feature=138 233 261 211 288 232 274 262 247 205 212 178 177 204 262 186 13 92 49 3 86 42 99 289 192 275 108 66 278 169
split_gain=393043 431007 1.1359e+06 1.12599e+06 1.08147e+06 980447 812754 971018 775989 944022 742424 812739 1.60536e+06 1.52229e+06 1.28611e+06 945637 1.61204e+06 1.55535e+06 990707 953892 931498 853304 990594 940374 844146 1.26197e+06 799606 792159 989569 1.22479e+06
threshold=188.26058197021487 -869.74999999999989 -604.74999999999989 2349.7500000000005 534.75000000000011 501.25000000000006 -439.74999999999994 -347.24999999999994 -794.24999999999989 -1564.7499999999998 -1861.7499999999998 -134.74999999999997 100.75000000000001 95.250000000000014 78.250000000000014 257.44749450683599 728.36560058593761 -612.74999999999989 -1121.2499999999998 1491.7500000000002 340.25000000000006 -395.74999999999994 -610.24999999999989 -207.24999999999997 -19.749999999999996 -834.74999999999989 -332.24999999999994 774.25000000000011 416.59812927246099 -260.74999999999994
decision_type=2 2 2 2 2 2 2 2 2 2 2 2 2 2 2 2 2 2 2 2 2 2 2 2 2 2 2 2 2 2
left_child=-1 5 3 4 8 10 7 -4 -3 -10 -2 13 24 15 20 18 21 -18 -12 -19 -14 22 -17 -24 25 -13 -26 28 -20 -30
right_child=1 2 6 -5 -6 -7 -8 -9 9 -11 11 12 14 -15 -16 16 17 19 27 -21 -22 -23 23 -25 26 -27 -28 -29 29 -31
leaf_value=-1.3949331697163108 1.676916125832034 -0.26101791159610971 -0.10426309559796308 -9.7237587970236081 9.9895339912838423 -11.280869279588972 -0.024372698553256904 11.78985595535487 12.450311864841552 1.7600238309584242 -1.3757559652170184 12.961760559000751 -6.0717089027166367 -10.494086644763039 -12.984970947265627 -3.4228549730032682 11.597681491851809 0.70652012892172378 0.16318368302695704 -6.5685149619073586 2.7596721905696242 -3.6006377882876643 -8.7348595099789765 -22.731689525785903 16.012171065289042 0.060820031514132983 4.9675293570024932 -8.2384174595708437 2.1903847070690854 11.82974893592653
leaf_weight=495 366 588 37 23 36 21 19370 32 21 1243 1138 22 48 42 25 32 25 142 596 66 79 118 28 21 23 137 57 23 153 42
leaf_count=495 366 588 37 23 36 21 19370 32 21 1243 1138 22 48 42 25 32 25 142 596 66 79 118 28 21 23 137 57 23 153 42
internal_value=6.09578e-10 0.0281214 0.109273 1.27246 1.40641 -0.512638 -0.00507647 5.41185 1.23957 1.93763 -0.441594 -0.716842 1.39864 -1.0578 -2.61876 -0.891552 -3.00834 -0.18564 -0.423083 -1.6019 -0.578173 -6.31331 -10.2651 -14.7335 3.95364 1.84586 8.14286 0.908786 1.17476 4.26656
internal_weight=25049 24554 21350 1911 1888 3204 19439 69 1852 1264 3183 2817 391 2426 152 2384 432 233 1952 208 127 199 81 49 239 159 80 814 791 195
internal_count=25049 24554 21350 1911 1888 3204 19439 69 1852 1264 3183 2817 391 2426 152 2384 432 233 1952 208 127 199 81 49 239 159 80 814 791 195
is_linear=0
shrinkage=0.05


Tree=74
num_leaves=31
num_cat=0
split_feature=288 262 169 93 93 155 206 66 81 289 52 134 269 176 30 268 155 282 289 229 51 65 268 273 218 219 262 261 275 66
split_gain=395575 916042 913641 1.40282e+06 1.57013e+06 1.05048e+06 889915 852557 851225 1.0231e+06 849807 843846 831598 809158 797894 797823 789644 739445 738074 764519 733206 768596 729894 1.31317e+06 1.25141e+06 1.13959e+06 1.34212e+06 1.0106e+06 1.00133e+06 936146
threshold=142.75000000000003 360.50000000000006 -869.24999999999989 -2066.2499999999995 -2166.7499999999995 -1029.4999999999998 1998.2500000000002 -1935.4999999999998 3636.964965820313 -361.74999999999994 -1987.2499999999998 -498.24999999999994 -854.74999999999989 1914.2500000000002 -4009.4999999999995 -252.74999999999997 -708.74999999999989 -435.74999999999994 -1007.4999999999999 696.40509033203136 -2050.2499999999995 -1470.2499999999998 -961.24999999999989 -701.74999999999989 -1180.2499999999998 -387.74999999999994 -726.49999999999989 -1181.7499999999998 -1164.2499999999998 807.75000000000011
decision_type=2 2 2 2 2 2 2 2 2 2 2 2 2 2 2 2 2 2 2 2 2 2 2 2 2 2 2 2 2 2
left_child=1 2 5 4 15 11 7 16 13 -10 17 12 -1 20 -14 -4 -5 -9 -12 -20 -3 -22 23 25 -25 26 -2 -24 -27 -26
right_child=22 8 3 6 -6 -7 -8 10 9 -11 18 -13 14 -15 -16 -17 -18 -19 19 -21 21 -23 27 24 29 28 -28 -29 -30 -31
leaf_value=-4.857757319966141 0.76716391132567741 -10.556884063373914 5.3089588868908768 1.458956823980107 14.240718429228838 -2.9502574000473167 -9.1927593983136688 -1.8053696298599242 0.3245118041833242 -13.332077009975912 8.1843039444514698 9.4280386843464594 8.1408307700321583 3.6539862701922292 -0.27546729620044547 -2.5623197128187938 -8.0502257950970399 9.9694310116767895 0.08055670979200108 -7.2182679480976537 4.918782883248431 -1.6132055702924508 -6.17269509775298 17.280897323380817 0.73090017046247213 -12.271097132798028 13.06531510925293 0.17869083462574029 -0.19119460355667842 10.319586668610574
leaf_weight=98 197 22 82 34 34 541 26 20 24 32 28 22 29 81 973 53 61 40 10544 36 47 1077 63 22 70 29 25 10657 42 40
leaf_count=98 197 22 82 34 34 541 26 20 24 32 28 22 29 81 973 53 61 40 10544 36 47 1077 63 22 70 29 25 10657 42 40
internal_value=2.53145e-09 -0.177893 -0.0484962 0.11723 4.63737 -1.14052 0.0464261 0.0687451 -1.45078 -7.47925 0.110739 -0.267905 -0.461823 -1.17565 -0.0318818 2.21875 -4.64694 6.0445 0.0771769 0.0557214 -1.51701 -1.34007 0.221932 2.25411 6.3949 0.388642 2.15209 0.141365 -5.12524 4.2177
internal_weight=25049 13904 12621 10958 169 1663 10789 10763 1283 56 10668 1122 1100 1227 1002 135 95 60 10608 10580 1146 1124 11145 425 132 293 222 10720 71 110
internal_count=25049 13904 12621 10958 169 1663 10789 10763 1283 56 10668 1122 1100 1227 1002 135 95 60 10608 10580 1146 1124 11145 425 132 293 222 10720 71 110
is_linear=0
shrinkage=0.05


Tree=75
num_leaves=31
num_cat=0
split_feature=92 86 133 232 205 113 112 72 213 77 118 165 292 212 182 100 157 75 46 128 10 259 176 19 229 88 28 26 266 21
split_gain=386980 1.51739e+06 1.48323e+06 1.51661e+06 1.39985e+06 1.17836e+06 946970 1.2003e+06 925063 899629 886953 873399 775071 1.45614e+06 1.63944e+06 1.26678e+06 1.30427e+06 1.44304e+06 1.6934e+06 1.94061e+06 1.45676e+06 1.22247e+06 1.11976e+06 1.06277e+06 965335 884471 1.03034e+06 869442 809932 1.00633e+06
threshold=-662.24999999999989 -967.74999999999989 -151.24999999999997 -295.24999999999994 -1252.2499999999998 708.75000000000011 -485.74999999999994 -1477.7499999999998 -979.74999999999989 -1300.7499999999998 -1244.4767456054685 -2629.5949707031245 487.39910888671881 -619.24999999999989 -308.74999999999994 -3141.4999999999995 -594.74999999999989 674.41351318359386 1015.165008544922 -1744.7499999999998 -2326.2499999999995 -148.24999999999997 -1051.4999999999998 636.49594116210949 523.98001098632824 -347.20249938964838 -1634.7499999999998 552.32839965820324 97.750000000000014 -2761.2499999999995
decision_type=2 2 2 2 2 2 2 2 2 2 2 2 2 2 2 2 2 2 2 2 2 2 2 2 2 2 2 2 2 2
left_child=2 4 6 -4 8 11 12 -8 -2 -3 -11 -6 23 14 15 -14 17 18 20 -20 22 -15 24 28 -17 26 -22 -23 -1 -30
right_child=1 9 3 -5 5 -7 7 -9 -10 10 -12 -13 13 21 -16 16 -18 -19 19 -21 25 27 -24 -25 -26 -27 -28 -29 29 -31
leaf_value=-0.55430335133736264 -0.6026760986873082 -7.9904365839276998 -16.738462927030479 -3.0384767030736053 11.963275297482809 14.611755237125216 -14.143599342346192 -2.1258559441663389 -12.512663020258366 9.8460134309271119 0.021006207550742371 2.2563968270529968 -2.1271435124952283 3.2170309118791063 16.533050571169174 0.18421538262753875 -6.5435621261596681 -4.2924966090764753 25.972529890423733 4.7228633638810029 -1.9356689059216046 -11.202917655309042 17.30005025205941 -9.1200196574715999 12.489334378285069 -5.1983717176318169 8.2048618065227163 -1.7106903708898107 9.5007194350747497 0.74367784227837219
leaf_weight=4156 56 35 23 166 24 21 25 123 23 23 18058 673 122 55 21 37 28 39 21 22 46 45 29 34 28 40 55 52 34 935
leaf_count=4156 56 35 23 166 24 21 25 123 23 23 18058 673 122 55 21 37 28 39 21 22 46 45 29 34 28 40 55 52 34 935
internal_value=-1.13568e-09 0.111939 -0.34503 -4.70567 2.24715 2.94223 -0.206445 -4.15588 -4.07014 0.0180019 0.0335041 2.59064 -0.105649 1.53553 2.86658 2.25203 3.80061 4.71429 5.97783 15.1006 4.30856 -2.73783 9.12999 -0.309246 5.48488 1.09427 3.5864 -6.1143 -0.250794 1.05094
internal_weight=25049 18913 6136 189 797 718 5947 148 79 18116 18081 697 5799 640 488 467 345 317 278 43 235 152 94 5159 65 141 101 97 5125 969
internal_count=25049 18913 6136 189 797 718 5947 148 79 18116 18081 697 5799 640 488 467 345 317 278 43 235 152 94 5159 65 141 101 97 5125 969
is_linear=0
shrinkage=0.05


Tree=76
num_leaves=31
num_cat=0
split_feature=289 182 223 239 218 241 237 133 30 44 6 10 177 164 257 163 10 216 51 221 175 204 264 211 47 2 223 121 283 30
split_gain=382032 581592 737939 730465 781348 826242 564841 805691 761785 683327 561759 843941 529491 532585 580773 599703 487157 554040 718147 645178 615314 562840 570009 872224 666514 643162 762486 485570 475213 811184
threshold=-32.249999999999993 874.75000000000011 1038.9947509765627 746.25000000000011 608.25000000000011 782.75000000000011 169.68669128417972 705.50000000000011 1912.2500000000002 -601.24999999999989 -3090.694458007812 -2550.7499999999995 2095.7500000000005 1897.2500000000002 545.15829467773449 621.75000000000011 1026.2500000000002 -65.844821929931626 67.750000000000014 984.47750854492199 -144.74999999999997 -1082.2499999999998 291.43061828613287 131.75000000000003 345.07336425781256 -1529.2499999999998 -998.13623046874989 1986.2500000000002 262.75000000000006 2816.0000000000005
decision_type=2 2 2 2 2 2 2 2 2 2 2 2 2 2 2 2 2 2 2 2 2 2 2 2 2 2 2 2 2 2
left_child=28 2 3 6 5 -5 7 10 9 -8 -2 -12 13 14 15 -3 17 19 20 21 -19 -13 -23 25 -25 26 -24 -15 -1 -30
right_child=1 12 -4 4 -6 -7 8 -9 -10 -11 11 16 -14 27 -16 -17 -18 18 -20 -21 -22 22 23 24 -26 -27 -28 -29 29 -31
leaf_value=0.0017989490540361551 -7.0134668102264399 8.5444573716113439 -7.5508244556188586 12.443906011206932 1.2271540795203668 -0.1115059781074524 -9.7417075481414805 8.9804147992815295 7.822686273401434 -1.2751652882788695 10.495962331408547 6.1274157738685613 -3.6693557970864434 13.439759990147181 -5.7576009403575554 1.8784957848514037 -3.8281533267864818 12.57413310380209 -1.159208580594004 8.0298160552978519 3.4321547659851563 0.75279622436836779 -2.8505712768009732 -1.4107117942401342 -9.9943758096013759 -1.8715919389343654 6.464581439050578 2.8103489469398153 -1.1660223029558892 2.5083022024053516
leaf_weight=20562 25 38 30 38 142 20 25 28 22 510 21 35 35 21 22 301 65 21 81 25 149 541 35 42 49 244 59 22 1676 165
leaf_count=20562 25 38 30 38 142 20 25 28 22 510 21 35 35 21 22 301 65 21 81 25 149 541 35 42 49 244 59 22 1676 165
internal_value=1.61021e-09 0.568176 0.237566 0.344894 3.22447 8.11445 0.053586 0.5829 -1.29583 -1.6708 0.413984 0.549819 2.23026 2.74137 2.11482 2.62571 0.394641 0.608913 2.71535 0.0955974 4.56146 -0.101771 -0.326536 -1.68765 -6.03268 -0.517835 2.99617 8.00146 -0.0671068 -0.83671
internal_weight=25049 2646 2207 2177 200 58 1977 1420 557 535 1392 1367 439 404 361 339 1346 1281 251 1030 170 1005 970 429 91 338 94 43 22403 1841
internal_count=25049 2646 2207 2177 200 58 1977 1420 557 535 1392 1367 439 404 361 339 1346 1281 251 1030 170 1005 970 429 91 338 94 43 22403 1841
is_linear=0
shrinkage=0.05


Tree=77
num_leaves=31
num_cat=0
split_feature=288 176 280 176 123 243 4 267 281 224 260 135 60 239 194 73 282 246 56 231 269 285 99 289 46 49 261 274 19 169
split_gain=373814 746549 712801 599429 680019 621782 580185 686798 628981 622786 610439 714926 636303 629364 608579 730592 620556 591932 971055 654613 679498 1.06732e+06 588295 541200 539162 511376 1.04837e+06 1.24188e+06 1.54541e+06 1.4252e+06
threshold=50.250000000000007 1225.2500000000002 -1078.7499999999998 1807.2500000000002 1660.9475097656252 336.22933959960943 2972.202514648438 502.75000000000006 73.250000000000014 -1523.2499999999998 555.25000000000011 179.75000000000003 896.80252075195324 820.75000000000011 408.65106201171881 306.75000000000006 -210.24999999999997 611.25000000000011 -540.74999999999989 478.25000000000006 -213.24999999999997 319.59515380859381 946.25000000000011 -122.24999999999999 1057.4375000000002 -926.74999999999989 -217.24999999999997 372.75000000000006 653.59622192382824 2482.2500000000005
decision_type=2 2 2 2 2 2 2 2 2 2 2 2 2 2 2 2 2 2 2 2 2 2 2 2 2 2 2 2 2 2
left_child=1 2 -1 5 -5 -3 7 8 9 -4 12 -12 13 14 -10 16 -16 19 -19 23 -21 -22 -9 -11 -14 -2 27 28 -27 -29
right_child=25 3 6 4 -6 -7 -8 22 10 17 11 -13 24 -15 15 -17 -18 18 -20 20 21 -23 -24 -25 -26 26 -28 29 -30 -31
leaf_value=-9.6575436401367192 -0.35193633636615407 -1.3376415409229614 -6.481265656892643 5.3913341665267946 -3.2444933598896242 -6.9361236340409027 4.0221658270806078 -5.0667259052099496 1.017941636792292 -0.08468492383359319 12.035699233641992 -0.066047834313434112 -8.1550644455284917 -7.271863510495141 7.0422292357996898 13.852272062301637 -2.8716490648410939 13.244499912261965 0.862076812355142 -10.142551223670736 -5.7225489816275141 6.02543782859013 0.8706480248052566 -1.9885362315814146 -0.8030615956260917 0.69548023861022701 -0.084226519590961058 2.5110966253808606 -4.4864610912832061 13.612472361903038
leaf_weight=20 4911 91 43 40 53 109 80 132 708 2316 26 23 29 21 38 20 27 20 76 34 58 29 61 445 178 5168 9685 429 148 31
leaf_count=20 4911 91 43 40 53 109 80 132 708 2316 26 23 29 21 38 20 27 20 76 34 58 29 61 445 178 5168 9685 429 148 31
internal_value=1.70655e-09 -0.403122 -0.239811 -2.84665 0.469841 -4.38881 -0.19665 -0.275433 -0.137926 -0.506896 0.90381 6.35529 0.642182 1.27163 1.49788 5.49548 2.92416 -0.420631 3.44175 -0.549287 -4.1489 -1.80655 -3.19015 -0.391535 -1.83305 0.0925486 0.233734 0.766879 0.551212 3.25923
internal_weight=25049 4677 4384 293 93 200 4364 4284 4091 3021 1070 49 1021 814 793 85 65 2978 96 2882 121 87 193 2761 207 20372 15461 5776 5316 460
internal_count=25049 4677 4384 293 93 200 4364 4284 4091 3021 1070 49 1021 814 793 85 65 2978 96 2882 121 87 193 2761 207 20372 15461 5776 5316 460
is_linear=0
shrinkage=0.05


Tree=78
num_leaves=31
num_cat=0
split_feature=231 166 52 79 288 65 282 254 130 17 254 281 274 273 260 254 250 282 180 152 166 34 232 56 261 93 225 291 203 138
split_gain=366570 724837 1.02838e+06 816749 693531 899353 1.44218e+06 1.39537e+06 605236 677989 471723 810112 662384 648664 540181 661841 1.08849e+06 1.35237e+06 633863 1.00544e+06 854346 768845 599979 1.10951e+06 1.30143e+06 1.1977e+06 785603 768752 790377 860745
threshold=1874.2500000000002 467.49603271484381 3221.2500000000005 1042.7500000000002 993.25000000000011 2942.7500000000005 -371.74999999999994 1209.2500000000002 386.76499938964849 1917.2500000000002 1340.0000000000002 820.25000000000011 1670.0000000000002 600.75000000000011 1783.7500000000002 698.75000000000011 570.11660766601574 -188.74999999999997 512.03503417968761 537.80807495117199 496.07127380371099 335.37657165527349 1080.2500000000002 3461.2500000000005 -132.24999999999997 2946.2500000000005 876.75000000000011 -336.30751037597651 661.75000000000011 487.39910888671881
decision_type=2 2 2 2 2 2 2 2 2 2 2 2 2 2 2 2 2 2 2 2 2 2 2 2 2 2 2 2 2 2
left_child=10 2 8 -3 5 7 -7 -5 -2 -10 12 13 14 -12 15 22 18 -18 20 -20 -17 -21 26 25 -25 -24 -1 28 -28 -30
right_child=1 3 -4 4 -6 6 -8 -9 9 -11 11 -13 -14 -15 -16 16 17 -19 19 21 -22 -23 23 24 -26 -27 27 -29 29 -31
leaf_value=0.035210842058155528 9.6500702723212868 6.6055795480223267 15.239651167392731 1.5670944317181905 -10.665165405273438 -5.2109461250305174 10.816764700412751 -15.23757595788865 -4.815889661465631 5.3983469109982254 5.6021434270418613 10.140964284250813 -8.1672640933990479 -5.4628060411523895 7.8068657452409926 -0.95853835099832774 -18.332752199172972 -2.9920169505418519 12.898224998655776 -7.2374128531842006 -10.746784787592681 6.4605742263793946 1.0205581419888938 17.502045687762173 1.4913325210412345 -11.034954461597261 -7.2038092908859257 -0.68660337485152123 -3.1558672656615574 8.0193246319180442
leaf_weight=21276 23 34 20 30 20 25 32 21 33 32 26 31 25 27 22 725 20 51 21 21 23 20 1088 22 30 21 100 1113 96 21
leaf_count=21276 23 34 20 30 20 25 32 21 33 32 26 31 25 27 22 725 20 51 21 21 23 20 1088 22 30 21 100 1113 96 21
internal_value=2.34072e-09 1.83237 5.00525 -0.282883 -2.11263 -0.528828 3.78707 -5.35248 2.67925 0.212658 -0.0199661 3.72059 -0.0326896 -0.0347176 -0.0244462 -0.0314362 -1.37716 -7.31335 -0.856824 4.00143 -1.25951 -0.555468 0.0184473 1.12698 8.2651 0.792275 -0.0384846 -1.21739 -3.93981 -1.15006
internal_weight=25049 270 108 162 128 108 57 51 88 65 24779 84 24695 53 24670 24648 881 71 810 62 748 41 23767 1161 52 1109 22606 1330 217 117
internal_count=25049 270 108 162 128 108 57 51 88 65 24779 84 24695 53 24670 24648 881 71 810 62 748 41 23767 1161 52 1109 22606 1330 217 117
is_linear=0
shrinkage=0.05


Tree=79
num_leaves=31
num_cat=0
split_feature=166 233 229 148 292 254 277 274 161 140 210 248 197 199 93 40 54 281 170 161 120 280 222 260 57 113 51 178 204 65
split_gain=356651 438903 1.05946e+06 934923 930256 937798 1.07884e+06 1.24415e+06 1.16486e+06 1.69014e+06 1.42509e+06 1.61562e+06 1.09715e+06 927944 909580 898797 1.04897e+06 1.06233e+06 1.0122e+06 867717 860486 859208 890189 849869 828648 1.05125e+06 762873 777518 1.54632e+06 1.05395e+06
threshold=195.98908233642581 -869.74999999999989 1045.2505493164065 1890.2500000000002 1045.2505493164065 -422.24999999999994 3032.9399414062505 20.250000000000004 742.75000000000011 676.25000000000011 -6.2499999999999991 -500.74999999999994 -1169.4999999999998 -479.24999999999994 840.25000000000011 452.66287231445318 390.08749389648443 202.75000000000003 1175.7500000000002 515.50000000000011 1937.0000000000002 -279.74999999999994 364.70492553710943 -279.74999999999994 203.00000000000003 2283.0000000000005 2390.5000000000005 -134.74999999999997 95.250000000000014 767.75000000000011
decision_type=2 2 2 2 2 2 2 2 2 2 2 2 2 2 2 2 2 2 2 2 2 2 2 2 2 2 2 2 2 2
left_child=-1 3 4 20 5 6 8 -8 9 12 13 -12 -3 14 -11 16 17 21 -18 -13 26 -10 -23 -7 -17 -26 27 28 29 -2
right_child=1 2 -4 -5 -6 23 7 -9 15 10 11 19 -14 -15 -16 24 18 -19 -20 -21 -22 22 -24 -25 25 -27 -28 -29 -30 -31
leaf_value=-0.98239963659985308 -0.38203401976758822 6.1757898153883692 7.6177187067397103 -7.2265649879679961 -9.7358783245086684 -5.4808104674021401 -1.3115170383453369 15.016471798079355 -0.22900198815574108 15.152114188103448 22.074782008216495 1.2475697737473708 0.55733889904514922 -1.3450462013483049 0.90320891936620085 2.8666108753370203 0.37668534398078918 3.5850332657496136 11.624993693033854 12.175772177471835 8.1709130583138307 -3.4743347538842095 -13.54212207969379 -0.03664000516171869 -10.790302891705348 1.761521491137418 -10.21570152759552 1.8214956424264022 -10.33781199833242 -6.2438544213017337
leaf_weight=891 2614 89 47 51 24 72 20 28 71 21 21 39 3666 84 24 23 60 57 30 34 29 54 37 16388 69 22 20 344 41 79
leaf_count=891 2614 89 47 51 24 72 20 28 71 21 21 39 3666 84 24 23 60 57 30 34 29 54 37 16388 69 22 20 344 41 79
internal_value=-2.97876e-10 0.0362331 0.11918 -0.51135 0.102343 0.113636 0.757719 8.21314 0.676405 0.941664 5.1708 9.85321 0.690506 1.75882 7.5527 -1.81815 -0.418233 -2.28578 4.12612 6.33742 -0.401828 -4.35143 -7.56783 -0.0604541 -5.61268 -7.7558 -0.482076 -0.41883 -0.700714 -0.553992
internal_weight=25049 24158 20980 3178 20933 20909 4449 48 4401 3978 223 94 3755 129 45 423 309 219 90 73 3127 162 91 16460 114 91 3098 3078 2734 2693
internal_count=25049 24158 20980 3178 20933 20909 4449 48 4401 3978 223 94 3755 129 45 423 309 219 90 73 3127 162 91 16460 114 91 3098 3078 2734 2693
is_linear=0
shrinkage=0.05


Tree=80
num_leaves=31
num_cat=0
split_feature=43 138 93 253 29 23 83 1 243 267 286 3 225 279 225 198 17 285 269 65 78 107 86 86 17 206 7 51 146 265
split_gain=355166 1.34213e+06 1.13886e+06 934699 765158 982416 1.66797e+06 1.2577e+06 832349 740010 620697 541826 494297 1.18707e+06 1.09854e+06 899864 748185 708957 540889 538992 893394 1.06747e+06 1.00838e+06 840571 1.11723e+06 710297 828362 773419 1.10967e+06 718491
threshold=-3418.2499999999995 588.47909545898449 -3594.7499999999995 -137.74999999999997 -3051.2499999999995 -3123.9999999999995 -2706.087036132812 -2782.7499999999995 512.03503417968761 -490.24999999999994 -1531.6849365234373 -2574.9999999999995 -1494.7499999999998 -994.89813232421864 -1359.4999999999998 -1831.9999999999998 -1637.2499999999998 512.03503417968761 -427.24999999999994 -2144.7499999999995 -1277.2499999999998 -1135.7499999999998 -1591.7499999999998 -2059.2499999999995 -2439.7499999999995 -1198.2499999999998 -3001.2499999999995 -2296.2499999999995 -1961.6661376953123 -1391.9664916992185
decision_type=2 2 2 2 2 2 2 2 2 2 2 2 2 2 2 2 2 2 2 2 2 2 2 2 2 2 2 2 2 2
left_child=1 2 -1 -4 9 6 8 -8 -6 -2 -7 -9 13 15 16 17 -14 -12 -18 20 21 25 -22 24 -21 27 -27 29 -29 -16
right_child=4 -3 3 -5 5 10 7 11 -10 -11 12 -13 14 -15 19 -17 18 -19 -20 23 22 -23 -24 -25 -26 26 -28 28 -30 -31
leaf_value=-6.3917227616181247 3.3299953765869144 14.208739217122398 13.075028179373062 -2.0283186531066897 -3.7906808982576643 -7.7427170826838569 16.625138914585115 -0.186915478398723 5.4811334522994795 -6.4827769229929135 -0.72139120545922497 10.073045206069947 -13.214841297268869 -6.3848898630875812 -6.0642444366063835 13.210884331805367 1.9629226899147036 10.082987915385853 -7.6132196952556743 10.914685071176955 -15.033219754695892 9.1752933850655189 -2.0692716825008395 0.0005608675396037864 1.5355270092482904 -8.7092933563959036 -1.4223120368171089 16.039228987693786 1.1135894862088291 2.3418848599473092
leaf_weight=37 25 21 21 20 70 26 32 31 37 83 49 22 24 26 39 28 30 22 29 36 24 26 40 23268 269 42 546 20 33 73
leaf_count=37 25 21 21 20 70 26 32 31 37 83 49 22 24 26 39 28 30 22 29 36 24 26 40 23268 269 42 546 20 33 73
internal_value=-7.61436e-10 2.98888 -0.0318529 5.70754 -0.0118597 0.00639729 3.56912 8.79785 -0.584539 -4.2113 -0.0213529 4.07194 -0.0132001 3.123 -0.0292018 5.62002 -5.77171 2.62644 -2.74399 -0.00968064 -1.25196 -0.785404 -6.93075 0.0347447 2.64258 -1.12933 -1.94281 1.76961 6.74591 -0.585249
internal_weight=25049 99 78 41 24950 24842 192 85 107 108 24650 53 24624 125 24499 99 83 71 59 24416 843 779 64 23573 305 753 588 165 53 112
internal_count=25049 99 78 41 24950 24842 192 85 107 108 24650 53 24624 125 24499 99 83 71 59 24416 843 779 64 23573 305 753 588 165 53 112
is_linear=0
shrinkage=0.05


Tree=81
num_leaves=31
num_cat=0
split_feature=289 240 223 110 138 278 252 260 267 246 44 204 24 218 18 194 194 37 222 48 85 274 243 274 156 257 194 117 113 283
split_gain=349235 533119 819939 1.0113e+06 772090 532757 649465 513125 775092 461490 687066 514261 695375 587551 483468 857578 677982 623784 564457 518965 786607 573654 505347 469461 497519 436399 624834 563740 435756 430787
threshold=-32.249999999999993 406.75000000000006 89.240585327148452 323.27478027343756 552.32839965820324 570.11660766601574 15.750000000000002 854.75000000000011 808.00000000000011 165.75000000000003 -1855.7499999999998 701.25000000000011 1556.7500000000002 554.25000000000011 2342.2150878906255 418.37471008300787 329.80432128906256 -572.74999999999989 281.88111877441412 406.28746032714849 707.75000000000011 108.25000000000001 208.51822662353518 235.25000000000003 -59.249999999999993 467.49603271484381 408.65106201171881 400.39556884765631 -649.24999999999989 262.75000000000006
decision_type=2 2 2 2 2 2 2 2 2 2 2 2 2 2 2 2 2 2 2 2 2 2 2 2 2 2 2 2 2 2
left_child=29 5 3 -3 25 7 -7 8 9 11 -11 12 -2 -13 15 19 18 -17 -16 20 21 22 -12 24 -23 26 27 -4 -25 -1
right_child=1 2 4 -5 -6 6 -8 -9 -10 10 14 13 -14 -15 16 17 -18 -19 -20 -21 -22 23 -24 28 -26 -27 -28 -29 -30 -31
leaf_value=0.0014442109066495495 0.79762176460086431 -0.21631221771240236 1.7331375525676398 14.617834970244656 -5.8795406474786649 11.2047620177269 -0.8355780380112785 6.0059071494473351 -8.1319564391826766 -7.8077182061744459 -2.6319496983289721 12.06846361614409 -5.8441881557790252 1.4894999217987062 4.6394749283790588 -13.721968727111818 7.9645731155688955 -3.0336840712746911 -7.239680724143982 -2.0562578190688137 6.1651159319961284 -6.2864342666384001 6.7994559521577802 4.4596579957981497 1.2920108765363694 9.1636083364486698 -4.7843368244171147 10.371703864336014 -0.80406618789212791 -0.79690880749742909
leaf_weight=20562 1015 20 339 27 34 24 21 36 29 33 20 21 41 35 20 20 39 43 20 281 57 67 49 49 32 20 35 20 199 1841
leaf_count=20562 1015 20 339 27 34 24 21 36 29 33 20 21 41 35 20 20 39 43 20 281 57 67 49 49 32 20 35 20 199 1841
internal_value=3.97179e-10 0.54324 2.02271 8.30543 1.36358 0.202777 5.58594 0.0877527 -0.0151718 0.100157 -0.722415 0.78736 0.539748 5.45661 -0.461461 -0.822623 3.2736 -6.42679 -1.3001 -0.35437 0.656688 -0.0980729 4.06572 -0.926031 -3.83684 1.95843 1.59268 2.21439 0.235944 -0.0641616
internal_weight=25049 2646 495 47 448 2151 45 2106 2070 2041 929 1112 1056 56 896 817 79 63 40 754 473 416 69 347 99 414 394 359 248 22403
internal_count=25049 2646 495 47 448 2151 45 2106 2070 2041 929 1112 1056 56 896 817 79 63 40 754 473 416 69 347 99 414 394 359 248 22403
is_linear=0
shrinkage=0.05


Tree=82
num_leaves=31
num_cat=0
split_feature=143 43 247 115 7 268 255 266 239 85 78 288 85 8 95 128 23 59 168 253 67 277 58 288 65 269 4 233 92 155
split_gain=346211 885279 656843 1.08492e+06 735370 674112 659833 677932 626180 512151 759856 649083 526480 1.21656e+06 1.45263e+06 1.54327e+06 816494 753077 651326 1.32586e+06 702870 735640 604404 600079 978186 806356 581688 544544 511954 1.30106e+06
threshold=-2175.7499999999995 -3418.2499999999995 -391.74999999999994 -1422.7499999999998 -1684.2499999999998 -399.74999999999994 -180.74999999999997 -143.74999999999997 -1049.4999999999998 -3141.2499999999995 -2774.9999999999995 168.25000000000003 -2084.7499999999995 -2768.7499999999995 -2359.217407226562 -1561.4999999999998 -3593.9999999999995 -1959.4999999999998 -1837.9999999999998 342.25000000000006 -389.49249267578119 -1218.4449462890623 -876.24999999999989 66.750000000000014 -2461.7499999999995 -221.74999999999997 -3639.2099609374995 -1666.9999999999998 -674.74999999999989 253.25000000000003
decision_type=2 2 2 2 2 2 2 2 2 2 2 2 2 2 2 2 2 2 2 2 2 2 2 2 2 2 2 2 2 2
left_child=2 -2 3 4 6 -4 7 -1 -6 -3 11 -11 16 14 17 -16 -12 26 19 20 21 27 -22 24 25 -18 -14 -15 29 -20
right_child=1 9 5 -5 8 -7 -8 -9 -10 10 12 -13 13 18 15 -17 23 -19 28 -21 22 -23 -24 -25 -26 -27 -28 -29 -30 -31
leaf_value=0.10369090888670036 8.3346760522574197 -7.6125367598100144 -13.777457818984985 10.689660346508028 -12.478171878511256 -2.5348587107658389 6.9704998195652044 -9.6024852938950076 -2.7736258944934784 0.37435006916522984 -11.874824732244015 12.96034039088658 -9.5054703235626228 7.7837844890096921 3.8399425985351687 20.933944321715316 0.93729272021187671 7.9174768557151154 -0.30215474864018416 13.101644727918837 -7.7368222977175867 9.6797657482764308 2.157213171597185 -2.8896253971195729 -5.3891285089346077 14.000883554276966 1.1296587962243292 -1.0685396960083868 0.10119974454562067 -4.3984426833025303
leaf_weight=179 32 22 20 20 22 40 31 20 68 20 20 21 20 23 31 23 27 24 4802 27 33 34 29 189 26 21 36 71 18916 202
leaf_count=179 32 22 20 20 22 40 31 20 68 20 20 21 20 23 31 23 27 24 4802 27 33 34 29 189 26 21 36 71 18916 202
internal_value=-1.21855e-09 0.0236797 -1.4592 -0.608049 -1.31416 -6.28239 0.185202 -0.871804 -5.14585 0.0128761 0.0196969 6.82083 0.00834048 0.033341 4.7843 11.1207 -2.13579 0.507222 0.00696537 2.73392 1.26061 3.37713 -3.10897 -1.39518 2.42173 6.65261 -2.6686 1.09745 -0.0177733 -0.467512
internal_weight=25049 24649 400 340 320 60 230 199 90 24617 24595 41 24554 24271 134 54 283 80 24137 217 190 128 62 263 74 48 56 94 23920 5004
internal_count=25049 24649 400 340 320 60 230 199 90 24617 24595 41 24554 24271 134 54 283 80 24137 217 190 128 62 263 74 48 56 94 23920 5004
is_linear=0
shrinkage=0.05


Tree=83
num_leaves=31
num_cat=0
split_feature=231 59 49 135 103 261 19 82 264 233 82 159 218 255 254 90 6 285 72 107 285 285 232 51 125 127 50 168 205 4
split_gain=340971 670091 1.40008e+06 963355 808218 1.41229e+06 663665 651319 755056 604084 454970 902506 706272 1.24414e+06 428428 757238 689462 610787 518131 1.29008e+06 987298 829530 539762 1.09077e+06 1.02481e+06 701822 581687 579565 596056 449465
threshold=1874.2500000000002 1237.7500000000002 1571.2500000000002 1124.5000000000002 487.39910888671881 567.25000000000011 545.15829467773449 439.06622314453131 458.16539001464849 2122.2500000000005 1045.2505493164065 1045.2505493164065 316.75000000000006 636.25000000000011 1340.0000000000002 1356.602966308594 3306.141723632813 1045.2505493164065 3508.7500000000005 3235.7500000000005 775.33657836914074 879.99746704101574 1710.7500000000002 950.75000000000011 849.48471069335949 1354.2500000000002 1746.2500000000002 1400.5000000000002 1675.5000000000002 5106.8376464843759
decision_type=2 2 2 2 2 2 2 2 2 2 2 2 2 2 2 2 2 2 2 2 2 2 2 2 2 2 2 2 2 2
left_child=10 3 -3 -2 5 -4 -6 8 -7 -8 11 14 -12 -14 17 -16 -17 18 21 -20 -21 22 29 24 -24 -25 -27 -28 -29 -1
right_child=1 2 4 -5 6 7 9 -9 -10 -11 12 -13 13 -15 15 16 -18 -19 19 20 -22 -23 23 25 -26 26 27 28 -30 -31
leaf_value=-0.022393159534367341 0.31364370669637409 -10.360234750234165 16.801733359836398 13.679423469763535 -6.5138440317577793 5.488516989998196 -2.3119065231747098 9.596686074137688 -6.948239439267379 7.4802496978214812 -8.6099642490729309 8.2562786449085586 8.6126625745192822 -8.4387678992748274 8.8972774015890579 -5.877381596741853 6.3709612011909487 -8.17433753428252 11.278652791295734 -5.7549295663833622 8.0335278433561328 -9.5277330564415976 -3.4455238663873007 -8.3399856953393847 -16.713472721793433 9.1178171152160274 7.2920807701349268 -6.2547058278322218 3.4698276446415828 2.9483300847932696
leaf_weight=24121 28 26 21 26 36 23 36 20 26 28 39 33 23 20 37 27 20 23 35 37 20 23 43 21 22 21 20 40 26 128
leaf_count=24121 28 26 21 26 36 23 36 20 26 28 39 33 23 20 37 27 20 23 35 37 20 23 43 21 22 21 20 40 26 128
internal_value=6.58321e-10 1.76723 0.521785 6.74902 2.0109 5.44835 -1.0828 1.99298 -1.11058 1.97216 -0.0192563 -0.00691096 -3.73747 0.681765 -0.017967 3.54678 -0.665321 -0.0301492 -0.0225213 3.72273 -0.916874 -0.0366053 -0.0276741 -2.6614 -7.93621 0.0172138 1.65741 -0.164315 -2.42383 -0.00671199
internal_weight=25049 270 216 54 190 90 100 69 49 64 24779 24697 82 43 24664 84 47 24580 24557 92 57 24465 24442 193 65 128 107 86 66 24249
internal_count=25049 270 216 54 190 90 100 69 49 64 24779 24697 82 43 24664 84 47 24580 24557 92 57 24465 24442 193 65 128 107 86 66 24249
is_linear=0
shrinkage=0.05


Tree=84
num_leaves=31
num_cat=0
split_feature=288 262 206 169 93 93 155 81 289 66 158 92 273 51 267 134 155 289 269 30 207 276 176 289 268 74 49 254 51 65
split_gain=339708 789661 804371 811432 1.22955e+06 1.35545e+06 956296 775850 919329 747771 829502 881833 959054 758306 848845 747516 706654 704972 701797 728775 701360 690889 688352 699693 682697 649794 642430 630478 622735 695136
threshold=142.75000000000003 360.50000000000006 1998.2500000000002 -869.24999999999989 -2066.2499999999995 -2166.7499999999995 -1029.4999999999998 3636.964965820313 -313.24999999999994 -1935.4999999999998 -739.81500244140614 1180.2500000000002 -894.24999999999989 -2296.2499999999995 107.75000000000001 -498.24999999999994 -708.74999999999989 -37.249999999999993 -854.74999999999989 -4009.4999999999995 -611.59500122070301 -108.74999999999999 1914.2500000000002 -172.74999999999997 -252.74999999999997 1410.0425415039065 -2948.2499999999995 698.75000000000011 -2050.2499999999995 -1470.2499999999998
decision_type=2 2 2 2 2 2 2 2 2 2 2 2 2 2 2 2 2 2 2 2 2 2 2 2 2 2 2 2 2 2
left_child=1 2 3 6 5 24 15 22 -9 16 11 12 -11 14 -14 18 -6 20 -1 -20 -15 -19 28 25 -5 -24 -21 -12 -3 -30
right_child=-2 7 -4 4 9 -7 -8 8 -10 10 27 -13 13 17 -16 -17 -18 21 19 26 -22 -23 23 -25 -26 -27 -28 -29 29 -31
leaf_value=-4.4438018554327448 0.20566363731526197 -9.7299323515458553 -8.8301556898997386 4.9730385982408762 1.4232483926941368 13.284346332970788 -2.7822463467138756 -0.46266252553021464 -13.283568031212381 9.5665622043609613 -0.17810093935589447 9.5749970912933353 0.14765837669372558 0.26776912221024457 14.715127937793733 8.9027855851433504 -7.5723667770135599 11.765146658637308 7.8001837960604963 -5.7060102948955462 9.660597190856933 2.3610711571471446 11.683665258089702 -2.5312817488947221 -2.3082103558306426 0.048641889095306395 0.058850099716876964 -8.8543085904348455 4.7164493915882515 -1.4955466126374548
leaf_weight=98 11145 22 26 82 34 34 541 27 29 30 7175 28 20 3158 20 22 61 22 29 51 20 174 30 31 53 20 922 21 47 1077
leaf_count=98 11145 22 26 82 34 34 541 27 29 30 7175 28 20 3158 20 22 61 22 29 51 20 174 30 31 53 20 922 21 47 1077
internal_value=-3.34422e-09 -0.164853 -0.0447136 -0.0265777 0.129951 4.36167 -1.05554 -1.34668 -7.10206 0.0635046 0.102833 0.737569 0.66572 0.587505 7.43139 -0.22297 -4.35288 0.506368 -0.405485 -0.0105204 0.326881 3.41663 -1.08401 3.37053 2.11447 7.02966 -0.243316 -0.203421 -1.39886 -1.23579
internal_weight=25049 13904 12621 12595 10932 169 1663 1283 56 10763 10668 3472 3444 3414 40 1122 95 3374 1100 1002 3178 196 1227 81 135 50 973 7196 1146 1124
internal_count=25049 13904 12621 12595 10932 169 1663 1283 56 10763 10668 3472 3444 3414 40 1122 95 3374 1100 1002 3178 196 1227 81 135 50 973 7196 1146 1124
is_linear=0
shrinkage=0.05


Tree=85
num_leaves=31
num_cat=0
split_feature=12 103 20 130 208 220 103 271 275 185 206 267 240 244 135 129 199 226 282 139 239 170 138 267 12 6 34 127 128 286
split_gain=337514 795878 679902 693338 615333 1.30641e+06 1.25741e+06 784018 1.04293e+06 761129 1.24538e+06 1.26147e+06 1.25228e+06 1.11699e+06 1.03011e+06 1.43138e+06 813000 1.30203e+06 1.17219e+06 1.15824e+06 2.0452e+06 1.51232e+06 1.14128e+06 1.13844e+06 1.07746e+06 970433 1.28612e+06 1.89115e+06 922348 1.1043e+06
threshold=325.13613891601568 255.41064453125003 3357.3647460937505 3652.869995117188 271.82032775878912 -596.74999999999989 314.00984191894537 284.65791320800787 -552.24999999999989 -182.74999999999997 -629.74999999999989 -672.99999999999989 -748.74999999999989 312.87927246093756 -291.74999999999994 -379.74999999999994 -547.74999999999989 -933.24999999999989 -288.74999999999994 -55.25085258483886 712.25000000000011 -54.249999999999993 467.49603271484381 365.25000000000006 674.41351318359386 -2927.1706542968745 -2346.9750976562495 -889.24999999999989 -1302.2499999999998 -455.06254577636713
decision_type=2 2 2 2 2 2 2 2 2 2 2 2 2 2 2 2 2 2 2 2 2 2 2 2 2 2 2 2 2 2
left_child=2 -2 3 -1 5 6 -3 8 -6 13 12 -12 14 16 15 -11 23 18 -18 21 22 25 -21 -9 -24 -19 27 -27 29 -25
right_child=1 4 -4 -5 7 -7 -8 9 -10 10 11 -13 -14 -15 -16 -17 17 19 -20 20 -22 -23 24 28 -26 26 -28 -29 -30 -31
leaf_value=-0.18771428689398298 9.9098806358519056 2.7362326546542111 5.3142236017755105 -7.2349157115391325 -9.2358306053072905 0.80659950870093311 17.980394629637399 -0.0059845014401366352 -1.1097286316116899 -1.9382087945938111 -6.5746266793163999 0.5371374338260082 10.602880760202886 -5.8907372639622801 -4.6243584597110745 15.936491707393103 -1.6048256860297059 -7.7975951735789968 -10.09453918499606 -0.50216863478223484 13.848957257886088 -12.655685896709048 8.2008080268061008 2.2361981593559839 -4.8247278118133545 0.12825651439753447 -1.2081883637832873 18.365276382082985 0.64517157122113367 10.180318452538671
leaf_weight=12482 21 31 56 35 43 229 24 2860 483 24 63 6077 61 86 40 21 97 52 70 420 31 29 77 107 20 44 1155 21 216 74
leaf_count=12482 21 31 56 35 43 229 24 2860 483 24 63 6077 61 86 40 21 97 52 70 420 31 29 77 107 20 44 1155 21 216 74
internal_value=3.37542e-09 0.184248 -0.182826 -0.20742 0.16785 2.46854 9.38823 0.114165 -1.77403 0.199454 0.572691 0.464167 5.13665 -0.238345 1.21382 6.40332 -0.146157 -0.93529 -5.16339 -0.553412 1.37477 -1.36559 0.626802 0.342296 5.51513 -1.10819 -0.823068 6.02022 2.85132 5.48407
internal_weight=25049 12476 12573 12517 12455 284 55 12171 526 11645 6286 6140 146 5359 85 45 5273 2016 167 1849 548 1301 517 3257 97 1272 1220 65 397 181
internal_count=25049 12476 12573 12517 12455 284 55 12171 526 11645 6286 6140 146 5359 85 45 5273 2016 167 1849 548 1301 517 3257 97 1272 1220 65 397 181
is_linear=0
shrinkage=0.05


Tree=86
num_leaves=31
num_cat=0
split_feature=138 233 229 254 204 232 212 186 5 161 140 212 247 245 52 94 225 217 145 225 89 253 227 79 260 222 64 155 51 157
split_gain=325656 336132 989423 861660 1.14515e+06 1.53384e+06 948035 905561 1.17558e+06 938619 1.86323e+06 1.70913e+06 1.52315e+06 944012 910614 1.18807e+06 859546 879389 1.27317e+06 874033 839043 1.2431e+06 817250 805688 771040 727806 1.1014e+06 1.43018e+06 1.18908e+06 935744
threshold=188.26058197021487 -869.74999999999989 1045.2505493164065 -422.24999999999994 2143.0000000000005 1348.5000000000002 -1473.7499999999998 3877.660034179688 674.41351318359386 742.75000000000011 676.25000000000011 -145.74999999999997 -505.74999999999994 -15.249999999999998 1234.2500000000002 998.75000000000011 748.75000000000011 -16.749999999999996 518.72827148437511 42.750000000000007 402.01121520996099 -172.24999999999997 406.25000000000006 1623.5000000000002 -279.74999999999994 464.46438598632818 -2312.7499999999995 75.250000000000014 -540.74999999999989 -1622.9999999999998
decision_type=2 2 2 2 2 2 2 2 2 2 2 2 2 2 2 2 2 2 2 2 2 2 2 2 2 2 2 2 2 2
left_child=-1 16 3 4 5 6 -3 8 9 10 13 -12 -13 14 15 25 17 19 -19 -2 -15 -22 -23 -16 -5 -8 -27 29 -29 -28
right_child=1 2 -4 24 -6 -7 7 -9 -10 -11 11 12 -14 20 23 -17 -18 18 -20 -21 21 22 -24 -25 -26 26 27 28 -30 -31
leaf_value=-1.2697344350197701 -0.43165253230349343 7.2178718938204369 7.3438495564968029 -5.1762956686922026 -9.5724578627833612 14.57142862558365 0.26883880855474152 9.1283393713735759 -4.9788244090181717 -1.7338099104004936 1.7868379709054167 17.880952069817521 4.4862570119175045 1.1502356490573369 -5.9569434593539494 9.6120547927088218 -10.301061110063033 -0.22503089418216629 12.722277737432911 -8.7380104152485725 17.263890007786127 1.33211999772087 12.933271713256836 4.1312251129150388 -0.06121888264902714 -7.0794389963150026 -2.4535605206489564 -10.582378321427566 4.2669158788664001 8.0313579709379823
leaf_weight=495 3070 55 47 74 27 20 3056 31 94 370 127 41 44 148 95 36 22 49 31 32 23 63 20 25 16708 24 25 26 28 143
leaf_count=495 3070 55 47 74 27 20 3056 31 94 370 127 41 44 148 95 36 22 49 31 32 23 63 20 25 16708 24 25 26 28 143
internal_value=2.66705e-10 0.0255974 0.0972631 0.0812752 0.693939 0.755619 0.693859 0.612659 0.552499 0.673585 0.900582 5.45964 10.9472 0.640205 0.424103 0.577944 -0.45195 -0.383855 4.79205 -0.51734 3.58226 6.97791 4.12758 -3.85524 -0.0837737 0.479449 3.09581 4.19584 -2.88274 6.4711
internal_weight=25049 24554 21350 21303 4521 4494 4474 4419 4388 4294 3924 212 85 3712 3458 3338 3204 3182 80 3102 254 106 83 120 16782 3302 246 222 54 168
internal_count=25049 24554 21350 21303 4521 4494 4474 4419 4388 4294 3924 212 85 3712 3458 3338 3204 3182 80 3102 254 106 83 120 16782 3302 246 222 54 168
is_linear=0
shrinkage=0.05


Tree=87
num_leaves=31
num_cat=0
split_feature=288 282 287 274 0 41 57 2 272 162 81 252 281 261 246 212 277 27 254 143 275 5 163 143 113 71 283 39 253 253
split_gain=321950 558898 560215 800421 620624 494445 1.05585e+06 643516 468759 1.00855e+06 790082 565665 440784 436673 944840 1.59411e+06 1.71558e+06 2.74744e+06 1.12726e+06 1.05405e+06 928183 926444 899236 1.11518e+06 792879 1.37148e+06 782114 765962 707854 692947
threshold=24.250000000000004 -757.74999999999989 -392.24999999999994 -62.749999999999993 1.0000000180025095e-35 -2183.218139648437 -1644.4999999999998 -2173.4999999999995 433.93386840820318 1126.7500000000002 2434.1525878906255 -840.74999999999989 -222.24999999999997 -491.74999999999994 -102.24999999999999 366.25000000000006 -783.49499511718739 -1044.9703979492185 -181.24999999999997 -1215.4999999999998 -1085.7499999999998 518.72827148437511 -2656.4999999999995 -2521.2499999999995 1525.7500000000002 781.25000000000011 -302.74999999999994 2353.192504882813 -1.0000000180025095e-35 127.25000000000001
decision_type=2 2 2 2 2 2 2 2 2 2 2 2 2 2 2 2 2 2 2 2 2 2 2 2 2 2 2 2 2 2
left_child=1 -1 3 4 -3 6 -4 -7 9 10 11 -9 -13 14 28 16 -16 -18 19 -19 -15 24 -22 -24 25 -17 -23 -26 -2 -30
right_child=13 2 5 -5 -6 7 -8 8 -10 -11 -12 12 -14 20 15 21 17 18 -20 -21 22 26 23 -25 27 -27 -28 -29 29 -31
leaf_value=-4.6321428864835257 0.055900829079526648 4.2652452138754038 -0.52482993846036952 11.767584020441229 -6.568113042116166 -7.4063415262434225 12.875376537867957 -5.3450021990009997 -2.7626308193947251 10.558725945154826 8.3315313000679012 -4.9352792276785928 -0.23998520233834439 9.0340034902095798 -0.38086209472907018 2.751343890472695 21.196653230985007 -3.6622788238525388 -3.6723620200157168 5.3956416976146215 6.5533707927255067 1.2001630617224652 -10.066010483673642 -0.079787861925350034 9.0532698878875149 -9.3780099926925296 -9.9406643075943002 -2.4513724181963052 12.171337505678338 0.026283417577328889
leaf_weight=83 3993 39 49 22 20 36 21 61 227 21 25 52 1290 28 251 54 24 35 45 390 51 23 28 17981 39 41 50 23 24 23
leaf_count=83 3993 39 49 22 20 36 21 61 227 21 25 52 1290 28 251 54 24 35 45 390 51 23 28 17981 39 41 50 23 24 23
internal_value=-1.54852e-09 -0.617635 -0.438781 3.62801 0.59292 -0.623635 3.49523 -0.792047 -0.649974 -0.319006 -0.478972 -0.635966 -0.421919 0.0520243 0.464857 1.86188 2.98522 4.69551 3.8529 4.6497 -0.0624359 -1.77678 -0.0765389 -0.0953142 0.387071 -2.48343 -6.43054 4.78542 0.127705 6.22801
internal_weight=25049 1946 1863 81 59 1782 70 1712 1676 1449 1428 1403 1342 23103 5015 975 745 494 470 425 18088 230 18060 18009 157 95 73 62 4040 47
internal_count=25049 1946 1863 81 59 1782 70 1712 1676 1449 1428 1403 1342 23103 5015 975 745 494 470 425 18088 230 18060 18009 157 95 73 62 4040 47
is_linear=0
shrinkage=0.05


Tree=88
num_leaves=31
num_cat=0
split_feature=12 79 85 289 287 204 244 281 19 225 168 171 251 260 254 260 211 274 68 94 99 280 283 239 168 64 274 89 176 147
split_gain=310489 538943 351652 323943 501521 544069 684773 513407 537466 488096 507882 484499 1.88364e+06 680212 683615 627508 981870 506295 482051 566214 695891 421080 418558 726012 969156 764977 658052 1.01012e+06 854462 1.50876e+06
threshold=178.06549072265628 -469.74999999999994 -544.74999999999989 -32.249999999999993 220.25000000000003 -1082.2499999999998 -831.05123901367176 539.25000000000011 545.15829467773449 1108.2500000000002 860.25000000000011 -201.24999999999997 26.12907695770264 254.25000000000003 -159.74999999999997 98.750000000000014 465.25000000000006 143.25000000000003 395.77120971679693 543.75000000000011 2090.2500000000005 570.50000000000011 262.75000000000006 2650.0000000000005 2895.0000000000005 3167.7500000000005 73.250000000000014 398.78779602050787 -927.74999999999989 -1093.7499999999998
decision_type=2 2 2 2 2 2 2 2 2 2 2 2 2 2 2 2 2 2 2 2 2 2 2 2 2 2 2 2 2 2
left_child=1 2 -1 22 5 -5 -7 8 9 -8 -11 12 17 15 -15 16 -13 -6 -16 -20 -21 -9 -2 24 25 26 27 -24 -28 -30
right_child=3 -3 -4 4 11 6 7 21 -10 10 -12 13 -14 14 18 -17 -18 -19 19 20 -22 -23 23 -25 -26 -27 28 -29 29 -31
leaf_value=-1.0449513661746797 0.01890742405139199 -4.0530864314599473 6.1711121559143072 5.8893813532590871 9.4817063546180727 -4.0080129283489567 0.090883330355455913 -7.4177452468719238 8.5394419384002695 10.479554811390964 1.7396438920870425 -5.8526391029357914 17.238748551710795 9.3999094238987677 2.1730423667828243 -7.754030289836229 8.4995958935130727 1.019196230075077 -7.5879631710052493 5.288158303338129 -4.8676200964758474 0.89491691303253185 2.2549504902051845 5.6506538479827171 -9.0447387173771858 3.7066570018673994 4.517376043316391 -10.956702601909639 -8.5103363785376924 -0.72549395725029331
leaf_weight=52 20408 121 25 40 20 101 1586 39 20 22 68 26 23 27 300 40 22 152 30 37 31 25 23 43 36 91 72 39 65 1465
leaf_count=52 20408 121 25 40 20 101 1586 39 20 22 68 26 23 27 300 40 22 152 30 37 31 25 23 43 36 91 72 39 65 1465
internal_value=-1.19951e-09 -1.97214 1.29793 0.015713 0.5428 0.119738 -0.00427332 0.225487 0.391377 0.294145 3.87607 1.67873 3.80022 0.872316 1.70079 -3.12885 0.725469 2.00321 1.17849 -1.86605 0.658318 -4.17061 -0.0461146 -0.769653 -0.923798 -0.757214 -1.00133 -6.05561 -0.805724 -1.05622
internal_weight=25049 198 77 24851 2609 1901 1861 1760 1696 1676 90 708 195 513 425 88 48 172 398 98 68 64 22242 1834 1791 1755 1664 62 1602 1530
internal_count=25049 198 77 24851 2609 1901 1861 1760 1696 1676 90 708 195 513 425 88 48 172 398 98 68 64 22242 1834 1791 1755 1664 62 1602 1530
is_linear=0
shrinkage=0.05


Tree=89
num_leaves=31
num_cat=0
split_feature=143 43 227 267 131 5 65 115 283 241 85 78 288 85 86 212 281 72 206 80 274 23 4 183 203 238 24 176 73 2
split_gain=309051 798318 599106 1.41083e+06 827571 1.08451e+06 731222 738433 635745 488485 428159 705796 574664 469041 1.08909e+06 1.40463e+06 1.17324e+06 1.12895e+06 955541 950348 918604 863760 1.19994e+06 793606 714536 1.294e+06 872570 857332 832590 801496
threshold=-2175.7499999999995 -3418.2499999999995 -2029.4999999999998 -632.24999999999989 452.66287231445318 467.49603271484381 -3864.2499999999995 -2489.2499999999995 -180.24999999999997 -840.24999999999989 -3141.2499999999995 -2774.9999999999995 168.25000000000003 -2084.7499999999995 -2059.2499999999995 -1519.2499999999998 2.7500000000000004 -2056.9999999999995 -555.74999999999989 -2159.2499999999995 219.75000000000003 -3123.9999999999995 -2635.8225097656245 64.250000000000014 -483.49999999999994 -659.49999999999989 -1274.7499999999998 -541.24999999999989 -1772.7499999999998 -2432.9999999999995
decision_type=2 2 2 2 2 2 2 2 2 2 2 2 2 2 2 2 2 2 2 2 2 2 2 2 2 2 2 2 2 2
left_child=2 -2 3 -1 5 -4 -6 -8 -9 -10 -3 12 -12 -13 15 16 19 18 -16 -15 -20 22 -17 -22 25 26 -23 28 -27 -26
right_child=1 10 4 -5 6 -7 7 8 9 -11 11 13 -14 14 17 21 -18 -19 20 -21 23 24 -24 -25 29 27 -28 -29 -30 -31
leaf_value=-4.0360655403137207 7.9146239221096044 -6.9600416226820521 -1.5148267116155902 13.543431704384941 -12.112523094736614 8.6269849603826341 0.26788776378806045 -12.725816281636556 -9.5911566400527963 0.20437208243778776 0.50740309894084934 -2.0163822139846985 12.349928338187082 9.2248845058938738 -0.53926424188944311 -2.1632953987880188 12.965202835083009 0.018192888675240798 -9.4550591338698453 -4.9981033012270935 -6.9498586550354959 -0.34586300437695516 12.822941987654742 4.2751576777427429 -8.5740958493947996 0.80298832544759557 -11.493265610649473 11.534635134304272 9.7788670976956684 -0.2458165549314939
leaf_weight=25 32 22 131 21 26 33 82 27 20 35 20 283 21 23 184 22 50 23331 82 24 32 107 34 31 40 119 21 34 33 104
leaf_count=25 32 22 131 21 26 33 82 27 20 35 20 283 21 23 184 22 50 23331 82 24 32 107 34 31 40 119 21 34 33 104
internal_value=1.01742e-09 0.0223728 -1.37867 3.98936 -2.07621 0.525904 -4.32224 -3.0872 -6.44228 -3.35764 0.0121136 0.0183501 6.57309 0.00740506 0.0310024 2.11523 7.63379 -0.0228211 -2.93132 1.96208 -5.96676 1.07379 6.93549 -1.42644 0.357077 1.69449 -2.17473 4.35718 2.7517 -2.55923
internal_weight=25049 24649 400 46 354 164 190 164 82 55 24617 24595 41 24554 24271 611 97 23660 329 47 145 514 56 63 458 314 128 186 152 144
internal_count=25049 24649 400 46 354 164 190 164 82 55 24617 24595 41 24554 24271 611 97 23660 329 47 145 514 56 63 458 314 128 186 152 144
is_linear=0
shrinkage=0.05


Tree=90
num_leaves=31
num_cat=0
split_feature=176 183 267 148 162 127 82 152 103 110 215 11 197 282 114 199 6 253 75 236 248 240 63 174 124 136 211 218 158 273
split_gain=299030 994186 834107 725402 1.60227e+06 801456 1.13208e+06 1.10451e+06 1.31793e+06 1.19769e+06 1.55233e+06 1.02562e+06 1.04551e+06 1.10241e+06 987749 982383 953083 812253 800302 953488 1.52552e+06 1.48175e+06 994204 907287 796328 758457 751205 1.03686e+06 800286 849045
threshold=1858.2500000000002 1590.5000000000002 1608.7500000000002 1266.0000000000002 1729.2500000000002 1011.7500000000001 278.67381286621099 476.75883483886724 724.36727905273449 458.16539001464849 429.29431152343756 4174.1699218750009 852.75000000000011 -251.24999999999997 450.25000000000006 992.25000000000011 666.63327026367199 812.75000000000011 775.33657836914074 500.19013977050787 1151.0000000000002 -782.99999999999989 764.00000000000011 889.73742675781261 286.66160583496099 1160.5000000000002 1131.2500000000002 1675.2500000000002 386.36749267578131 -339.74999999999994
decision_type=2 2 2 2 2 2 2 2 2 2 2 2 2 2 2 2 2 2 2 2 2 2 2 2 2 2 2 2 2 2
left_child=2 -2 3 4 5 -1 24 9 17 11 -11 12 -8 15 -15 16 -14 -9 19 -5 21 -21 23 -23 -7 -16 28 -28 -24 -30
right_child=1 -3 -4 18 -6 6 7 8 -10 10 -12 -13 13 14 25 -17 -18 -19 -20 20 -22 22 26 -25 -26 -27 27 -29 29 -31
leaf_value=-0.069134580961529066 7.419522818550468 0.46389316218467713 6.0578658979918281 -1.2012399950795403 13.226550823709241 -0.3582576603855494 0.60498056153272417 -3.7798600147010157 9.9500594774882014 1.9142427423968913 18.193363839608651 13.255575342178345 6.8908227853775035 -7.429314536633699 4.7293114386705888 2.2298200776500088 20.994167381784195 3.7630077936432578 -7.5894938772374934 -3.6029365101856978 -10.013990198135376 5.4974727836347403 -2.1080505058683197 18.957736932663689 -6.7385321693761018 -1.6672851206892627 -9.5942994912465416 5.8204085993766785 -1.5576881226897239 10.181621408030225
leaf_weight=19843 54 1056 56 1866 23 386 648 189 24 32 27 20 25 23 216 31 23 44 44 67 25 31 29 21 56 59 24 20 20 67
leaf_count=19843 54 1056 56 1866 23 386 648 189 24 32 27 20 25 23 216 31 23 44 44 67 25 31 29 21 56 59 24 20 20 67
internal_value=2.7499e-09 0.802275 -0.0371998 -0.0514913 0.0365901 0.0225751 1.03189 1.74588 -1.2063 2.43312 9.36401 2.04181 1.823 3.91657 2.52445 9.16786 13.6487 -2.35546 -0.913567 -0.778203 1.81847 2.87872 4.92717 10.9333 -1.16662 3.35695 2.97516 -2.58761 5.08518 7.48293
internal_weight=25049 1110 23939 23883 21669 21646 1803 1361 257 1104 59 1045 1025 377 298 79 48 233 2214 2170 304 279 212 52 442 275 160 44 116 87
internal_count=25049 1110 23939 23883 21669 21646 1803 1361 257 1104 59 1045 1025 377 298 79 48 233 2214 2170 304 279 212 52 442 275 160 44 116 87
is_linear=0
shrinkage=0.05


Tree=91
num_leaves=31
num_cat=0
split_feature=17 189 76 207 106 44 4 33 287 113 141 13 2 5 271 224 78 149 96 228 264 100 161 124 19 184 288 4 142 163
split_gain=297224 1.55149e+06 1.03832e+06 985920 924240 1.20466e+06 982842 858177 867683 815463 1.22673e+06 787513 767149 991532 1.66987e+06 1.2795e+06 935272 1.0978e+06 919391 1.48038e+06 1.24011e+06 1.37803e+06 1.82687e+06 1.21814e+06 1.17633e+06 1.08487e+06 1.01109e+06 890982 830737 806705
threshold=1056.2500000000002 1911.7500000000002 1276.5501708984377 105.60750198364259 1334.2500000000002 472.25000000000006 176.29499816894534 303.58589172363287 110.25000000000001 1195.7500000000002 1464.5000000000002 903.29702758789074 1052.2500000000002 636.49594116210949 674.41351318359386 -1523.2499999999998 -197.24999999999997 -1017.7499999999999 537.80807495117199 1097.8399658203127 674.41351318359386 250.25000000000003 110.25000000000001 570.11660766601574 545.15829467773449 415.25000000000006 39.750000000000007 3045.2375488281255 -402.24999999999994 -2192.9999999999995
decision_type=2 2 2 2 2 2 2 2 2 2 2 2 2 2 2 2 2 2 2 2 2 2 2 2 2 2 2 2 2 2
left_child=1 12 4 -3 7 -6 -7 8 -2 -9 -11 -4 13 18 -15 -16 17 -17 24 20 21 22 26 -23 -1 -24 -20 -14 -21 -28
right_child=2 3 11 -5 5 6 -8 9 -10 10 -12 -13 27 14 15 16 -18 -19 19 28 -22 23 25 -25 -26 -27 29 -29 -30 -31
leaf_value=0.053722652316050661 -1.4253963689837192 -1.5664484686085158 5.365090804428295 9.5349028283357633 -14.157764671908485 -6.8557917107449899 -0.475473795692126 -0.27699126420022152 -7.0411283828995455 11.471212683759028 -3.4381424557078968 -0.025102176633539447 1.5429578343970758 -4.4771079803743872 -9.0472769237699975 3.6393522546734922 -0.97132840606760473 17.371649898182262 -3.3129966367615595 0.34802716988505744 -4.7816561570167542 19.931702015616679 -12.093233120825984 5.2173796293063042 -3.3593660905316938 1.2445005750656128 -0.81531796622694586 9.8278147104624161 -10.958431535214187 5.6717480470998787
leaf_weight=18197 315 28 69 70 27 101 150 544 88 37 22 3778 264 293 21 43 47 22 45 33 50 22 31 39 256 30 57 37 32 301
leaf_count=18197 315 28 69 70 27 101 150 544 88 37 22 3778 264 293 21 43 47 22 45 33 50 22 31 39 256 30 57 37 32 301
internal_value=5.67945e-11 0.0874168 -0.339343 6.36309 -1.5705 -4.12236 -3.04285 -0.865315 -2.65166 0.328545 5.91179 0.0715766 0.0563867 0.0177578 -2.368 2.27837 4.40193 8.28721 0.0709885 1.93405 2.74257 3.45916 2.53035 10.5242 0.00637259 -5.53369 3.75096 2.56136 -5.21823 4.63889
internal_weight=25049 19918 5131 98 1284 278 251 1006 403 603 59 3847 19820 19519 426 133 112 65 19093 640 575 525 464 61 18453 61 403 301 65 358
internal_count=25049 19918 5131 98 1284 278 251 1006 403 603 59 3847 19820 19519 426 133 112 65 19093 640 575 525 464 61 18453 61 403 301 65 358
is_linear=0
shrinkage=0.05


Tree=92
num_leaves=31
num_cat=0
split_feature=169 275 246 4 78 108 155 274 68 180 158 18 31 273 142 280 22 274 282 177 70 279 232 261 224 107 101 209 33 92
split_gain=288525 1.05162e+06 1.29696e+06 1.05874e+06 1.02136e+06 846800 959781 751964 667627 1.19091e+06 852927 767451 765118 676052 680519 664388 657991 638304 866813 635202 967432 864786 855486 1.2788e+06 954249 865540 847152 947186 711086 705392
threshold=-849.74999999999989 55.750000000000007 716.25000000000011 -385.76750183105463 -2774.9999999999995 485.25000000000006 -1029.4999999999998 522.25000000000011 653.59622192382824 611.19790649414074 -241.02999877929685 3364.1225585937505 -160.49999999999997 85.250000000000014 -1324.2499999999998 299.75000000000006 -1725.2499999999998 -238.74999999999997 -309.24999999999994 -920.24999999999989 1207.2500000000002 -994.89813232421864 156.25000000000003 -589.24999999999989 -149.74999999999997 603.75000000000011 202.25000000000003 -259.95541381835932 447.01040649414068 -662.24999999999989
decision_type=2 2 2 2 2 2 2 2 2 2 2 2 2 2 2 2 2 2 2 2 2 2 2 2 2 2 2 2 2 2
left_child=1 2 5 -3 -2 6 8 -5 9 10 12 -10 13 14 15 -1 -15 -16 -19 20 22 -21 24 -24 25 26 -6 -28 -26 -23
right_child=4 3 -4 7 19 -7 -8 -9 11 -11 -12 -13 -14 16 17 -17 -18 18 -20 21 -22 29 23 -25 28 -27 27 -29 -30 -31
leaf_value=-0.73759509965051739 9.1319405955653039 0.6093623923235818 -12.293510858217877 3.4071222503980003 1.2374271633110974 8.9340136600577313 -2.0295425026443694 14.22582302422359 -7.8159485839031362 9.7127171212807308 -3.3205647777003997 3.4487486793881375 6.4369641687870036 -0.42755642143388589 -3.3074752951040867 8.2339352653140114 6.5566869384282604 11.840588911118047 2.1321927799267715 10.361134110391141 -4.0230938924256199 -0.76262660997322407 14.272620533062861 2.6486257638201516 -1.8447874837929441 11.419008370339871 -8.9947420950545816 3.2440284996032718 -12.19914791584015 0.080105106063790399
leaf_weight=1191 31 152 24 36 1233 23 908 29 54 32 176 21 50 60 32 21 77 31 89 20 93 2900 26 263 97 20 43 25 20 17272
leaf_count=1191 31 152 24 36 1233 23 908 29 54 32 176 21 50 60 32 21 77 31 89 20 93 2900 26 263 97 20 43 25 20 17272
internal_value=6.84577e-10 -0.459523 -0.720386 2.89322 0.0626651 -0.619932 -0.700071 8.23393 -0.0418589 0.155127 -0.0219679 -4.66183 0.352341 0.149655 -0.186641 -0.582148 3.49789 2.967 4.6402 0.0498927 0.944536 -0.0307458 1.21205 3.69438 0.713162 1.09648 0.937797 -4.49519 -3.61476 -0.0410491
internal_weight=25049 3006 2789 217 22043 2765 2742 65 1834 1759 1727 75 1551 1501 1364 1212 137 152 120 22012 1820 20192 1727 289 1438 1321 1301 68 117 20172
internal_count=25049 3006 2789 217 22043 2765 2742 65 1834 1759 1727 75 1551 1501 1364 1212 137 152 120 22012 1820 20192 1727 289 1438 1321 1301 68 117 20172
is_linear=0
shrinkage=0.05


Tree=93
num_leaves=31
num_cat=0
split_feature=288 224 253 262 52 224 149 42 226 261 246 212 235 17 254 143 227 5 283 252 233 246 5 275 163 142 283 113 71 274
split_gain=281786 557977 581818 959721 520378 849347 711535 535732 479258 375208 864304 1.4022e+06 1.53321e+06 2.39816e+06 1.08446e+06 1.12056e+06 1.02254e+06 1.04323e+06 977046 845927 842064 826058 821151 818091 755751 987332 716629 696098 1.23092e+06 779240
threshold=22.750000000000004 727.75000000000011 680.75000000000011 397.75000000000006 729.25000000000011 925.50000000000011 1679.5000000000002 1505.2500000000002 -1838.7499999999998 -491.74999999999994 -102.24999999999999 366.25000000000006 -1009.4100036621093 -1719.7499999999998 -67.249999999999986 -741.74999999999989 -574.74999999999989 386.04539489746099 -374.74999999999994 50.750000000000007 84.250000000000014 -7.7499999999999991 518.72827148437511 -1085.7499999999998 -2656.4999999999995 -2792.4999999999995 -302.74999999999994 1525.7500000000002 781.25000000000011 10.750000000000002
decision_type=2 2 2 2 2 2 2 2 2 2 2 2 2 2 2 2 2 2 2 2 2 2 2 2 2 2 2 2 2 2
left_child=1 2 8 -4 5 -3 7 -6 -1 10 -2 12 -12 -14 15 21 -17 19 -19 20 -18 -15 27 -11 -25 -26 -24 28 -13 -29
right_child=9 4 3 -5 6 -7 -8 -9 -10 23 11 22 13 14 -16 16 17 18 -20 -21 -22 -23 26 24 25 -27 -28 29 -30 -31
leaf_value=-7.1177830166286897 0.10769603825633761 -5.9135479363528169 11.280169670670121 -3.1707161021232606 -14.373246417045593 8.3232021284103404 1.2942775392532351 -5.0428429210186003 -0.40081933396012054 8.4809912119592941 -0.65662584058907003 2.6059138696843931 20.848045753155436 5.7446105003356935 -7.2532792958346279 14.070089607238771 2.0556294273171161 -2.0694570914558743 9.0558922824242138 -6.7068949828545259 12.697083940960113 -4.8383271552898268 1.276892438142196 6.0058690332898905 -9.3076686509724329 -0.074499239397477685 -9.3873427047729496 -1.0910808244059165 -8.8399085411211349 10.119804509993523
leaf_weight=27 4074 22 27 20 25 20 25 40 1615 28 223 55 21 28 22 30 162 23 139 24 21 54 23 51 29 18068 50 31 41 31
leaf_count=27 4074 22 27 20 25 20 25 40 1615 28 223 55 21 28 22 30 162 23 139 24 21 54 23 51 29 18068 50 31 41 31
internal_value=2.46541e-11 -0.598943 -0.354265 5.13086 -3.72971 0.865857 -5.87431 -8.63146 -0.511269 0.0469552 0.428124 1.76291 2.81573 4.29347 3.60232 4.09883 5.19288 4.47116 7.47637 2.11925 3.27678 -1.22464 -1.64164 -0.0589903 -0.0721664 -0.0892952 -6.02738 0.38468 -2.28241 4.51436
internal_weight=25049 1821 1689 47 132 42 90 65 1642 23228 5052 978 747 524 503 481 399 369 162 207 183 82 231 18176 18148 18097 73 158 96 62
internal_count=25049 1821 1689 47 132 42 90 65 1642 23228 5052 978 747 524 503 481 399 369 162 207 183 82 231 18176 18148 18097 73 158 96 62
is_linear=0
shrinkage=0.05


Tree=94
num_leaves=31
num_cat=0
split_feature=289 182 108 190 260 6 15 5 49 58 223 150 18 177 54 121 141 275 236 283 275 282 131 233 224 218 147 177 289 231
split_gain=279202 481909 656846 570225 798062 489517 551898 492728 879385 1.05195e+06 577100 808061 733897 456052 434024 549726 596456 710718 565176 389399 668745 931268 1.109e+06 713945 1.07071e+06 1.39914e+06 1.01778e+06 1.0221e+06 918810 884179
threshold=-32.249999999999993 874.75000000000011 1676.2500000000002 1250.2500000000002 1148.2500000000002 -3090.694458007812 -2181.2499999999995 431.49392700195318 -1327.2499999999998 -724.74999999999989 -143.70423889160153 258.75000000000006 656.25500488281261 2095.7500000000005 213.76040649414065 619.75000000000011 1161.2500000000002 468.75000000000006 325.88073730468756 262.75000000000006 -834.74999999999989 -124.74999999999999 636.49594116210949 755.25000000000011 -180.74999999999997 -415.24999999999994 2121.2500000000005 1448.7500000000002 -118.24999999999999 -491.24999999999994
decision_type=2 2 2 2 2 2 2 2 2 2 2 2 2 2 2 2 2 2 2 2 2 2 2 2 2 2 2 2 2 2
left_child=19 2 3 4 5 -2 -7 -8 -9 -10 -11 12 -12 14 -3 18 -17 -18 -16 -1 -21 22 -22 24 25 29 27 -26 -28 -23
right_child=1 13 -4 -5 -6 6 7 8 9 10 11 -13 -14 -15 15 16 17 -19 -20 20 21 23 -24 -25 26 -27 28 -29 -30 -31
leaf_value=0.0050059259335941894 -6.5474772783426136 -2.3383178625788008 -6.4210825153299282 -8.1062271773815162 9.2569282565116886 6.7706328075943576 0.024112119724588561 -4.3191588843570043 13.112313723307233 -3.0009901670848622 2.393344361782074 -1.6403684024299896 15.627184079993857 -3.4765333001954222 4.6438833365073569 8.6495982490886352 1.7227081409564207 9.2547250335280964 -4.8253986024856568 7.7183742917102327 -2.5678425310570518 -0.69175763691172887 -14.614767871856692 1.1023822374431791 -1.9723806997528035 4.1386808568632212 -15.457239187680759 6.301245120970103 -2.0323340148925779 -11.742174580822821
leaf_weight=20562 26 42 37 20 25 33 1899 34 29 34 20 28 22 35 26 55 204 37 40 23 81 85 25 461 871 182 26 39 25 23
leaf_count=20562 26 42 37 20 25 33 1899 34 29 34 20 28 22 35 26 55 204 37 40 23 81 85 25 461 871 182 26 39 25 23
internal_value=-8.79391e-10 0.485727 0.184781 0.297415 0.375588 0.271102 0.355563 0.253096 2.85693 4.69141 2.34328 4.93907 9.32536 1.99868 2.47302 3.03124 3.9513 2.87908 -1.09508 -0.0573688 -0.754028 -0.861214 -5.4091 -0.579628 -1.19946 1.46335 -2.00301 -1.6178 -8.8764 -3.04509
internal_weight=25049 2646 2207 2170 2150 2125 2099 2066 167 133 104 70 42 439 404 362 296 241 66 22403 1841 1818 106 1712 1251 290 961 910 51 108
internal_count=25049 2646 2207 2170 2150 2125 2099 2066 167 133 104 70 42 439 404 362 296 241 66 22403 1841 1818 106 1712 1251 290 961 910 51 108
is_linear=0
shrinkage=0.05


Tree=95
num_leaves=31
num_cat=0
split_feature=166 194 82 12 19 233 155 120 229 292 254 115 273 61 120 282 47 276 283 31 103 162 283 254 226 212 191 162 12 215
split_gain=273338 389450 507499 375197 355571 349281 809200 813663 798278 807348 697451 875050 1.20674e+06 1.06088e+06 735493 652233 1.24229e+06 942291 836445 1.0897e+06 747432 626371 609337 953587 1.04495e+06 608708 752011 1.24135e+06 895067 847811
threshold=194.37319946289065 185.92153167724612 207.39729309082034 188.304801940918 240.75873565673831 -869.74999999999989 1554.2500000000002 1937.0000000000002 1045.2505493164065 1045.2505493164065 -589.74999999999989 2197.7500000000005 -457.74999999999994 674.41351318359386 1425.2500000000002 -824.49999999999989 483.63320922851568 -604.74999999999989 -410.74999999999994 -1377.2499999999998 473.41499328613287 921.50000000000011 -374.74999999999994 -122.24999999999999 -219.74999999999997 -1861.7499999999998 -329.74999999999994 707.75000000000011 496.07127380371099 431.49392700195318
decision_type=2 2 2 2 2 2 2 2 2 2 2 2 2 2 2 2 2 2 2 2 2 2 2 2 2 2 2 2 2 2
left_child=4 2 -2 -3 -1 6 7 25 9 10 11 13 -13 -7 -15 16 20 -18 19 -17 -12 -10 23 24 -20 -5 27 -27 29 -28
right_child=1 3 -4 5 -6 8 -8 -9 21 -11 15 12 -14 14 -16 18 17 -19 22 -21 -22 -23 -24 -25 -26 26 28 -29 -30 -31
leaf_value=-0.59464342957850003 8.1073985352235685 -1.7743787465720542 -0.81491233507792149 1.5250966606359908 -4.4277882926391836 0.97416750429358157 -6.0580821862296457 8.0017597330027623 0.20203665580068317 -9.0641864498456322 4.4650471834036018 -2.7278836750984192 12.590201584498089 -1.6736792802810669 -13.333283956845603 -12.11016591828445 -8.6544061299028083 5.0682244669307366 2.5299689841992929 -1.7081190256665204 15.315269697280158 11.812201540286726 0.0024816350563657153 -2.9248370416959126 16.597926731543108 -0.79748151245655763 2.6786510656885554 -10.417711022320916 8.9227705209683155 -4.4601251425414246
leaf_weight=726 34 288 30 358 66 2107 63 29 21 24 65 20 36 38 21 29 29 22 33 191 21 26 18005 30 22 2437 147 34 39 58
leaf_count=726 34 288 30 358 66 2107 63 29 21 24 65 20 36 38 21 29 29 22 33 191 21 26 18005 30 22 2437 147 34 39 58
internal_value=-2.60245e-10 0.0298448 3.92507 0.0195404 -0.914072 0.041153 -0.448097 -0.334161 0.115814 0.101031 0.111673 0.948543 7.11946 0.788999 -5.82371 0.0108693 3.44797 -2.73484 -0.0148479 -3.0793 7.11452 6.62468 0.0224201 4.24586 8.15715 -0.412827 -0.668362 -0.929852 1.97976 0.6589
internal_weight=25049 24257 64 24193 792 23905 3165 3102 20740 20693 20669 2222 56 2166 59 18447 137 51 18310 220 86 47 18090 85 55 3073 2715 2471 244 205
internal_count=25049 24257 64 24193 792 23905 3165 3102 20740 20693 20669 2222 56 2166 59 18447 137 51 18310 220 86 47 18090 85 55 3073 2715 2471 244 205
is_linear=0
shrinkage=0.05


Tree=96
num_leaves=31
num_cat=0
split_feature=17 189 170 79 76 198 78 101 102 213 79 52 152 30 31 13 91 122 141 220 254 149 154 201 96 96 288 257 40 250
split_gain=274714 1.3665e+06 955785 1.03266e+06 927316 839538 751612 748175 903531 760318 746202 924230 803092 755577 798448 722427 730579 915915 756830 1.27796e+06 1.20257e+06 1.06544e+06 1.08757e+06 742888 998201 724445 695031 843827 2.03112e+06 1.45179e+06
threshold=1056.2500000000002 1911.7500000000002 2018.7500000000002 930.25000000000011 1276.5501708984377 -1556.2499999999998 946.25000000000011 1315.5000000000002 175.10749816894534 823.75000000000011 108.25000000000001 633.25000000000011 1045.2505493164065 1339.7500000000002 2186.5000000000005 728.36560058593761 625.25000000000011 -44.749999999999993 380.75000000000006 68.250000000000014 129.25000000000003 38.750000000000007 166.25000000000003 530.86532592773449 434.12649536132818 384.58641052246099 1187.0000000000002 512.03503417968761 496.07127380371099 483.63320922851568
decision_type=2 2 2 2 2 2 2 2 2 2 2 2 2 2 2 2 2 2 2 2 2 2 2 2 2 2 2 2 2 2
left_child=1 -1 3 6 5 -2 -3 -7 9 -9 11 -6 15 -13 -15 -12 23 -18 19 -19 -21 22 -20 24 25 -17 27 29 -29 -23
right_child=4 2 -4 -5 10 7 -8 8 -10 -11 12 13 -14 14 -16 16 17 18 21 20 -22 26 -24 -25 -26 -27 -28 28 -30 -31
leaf_value=0.05492002138870794 8.6743064641952525 9.9297094621828634 -2.6968637228012087 17.054935596466063 4.9806283383142382 -1.1278545732661427 -2.5837194771993732 -4.9585907380779588 -2.4537928397079996 -17.19622375423258 7.7196553322576706 -14.934354904719763 9.9239295505342042 1.2840424227528275 -11.089779504862699 1.4733819805492054 -5.9083606817829075 -0.1623417319941152 -1.9961406411546649 15.742712157592178 1.5538974796022689 -0.068882348291986958 -12.599469555728138 9.2344140531593251 -6.1684245488222906 10.127146760879025 -7.5576317449410757 5.958801042063115 -0.53822365562627272 -7.0387566213483943
leaf_weight=19820 20 28 24 25 21 1067 21 30 145 22 31 21 21 32 22 110 67 97 99 32 28 2515 32 38 34 31 30 195 314 77
leaf_count=19820 20 28 24 25 21 1067 21 30 145 22 31 21 21 32 22 110 67 97 99 32 28 2515 32 38 34 31 30 195 314 77
internal_value=-4.01451e-09 0.0840414 5.9737 8.78577 -0.32624 -1.48973 4.56681 -1.65055 -4.4816 -10.1361 0.0620931 -4.29077 0.173497 -6.88676 -3.75714 0.118601 0.0548998 -0.118795 -0.0053409 3.38553 9.12127 -0.168544 -4.58627 2.89763 1.52164 3.37598 0.0162924 0.0895649 1.95081 -0.275935
internal_weight=25049 19918 98 74 5131 1284 49 1264 197 52 3847 96 3751 75 54 3730 3699 3486 3419 157 60 3262 131 213 175 141 3131 3101 509 2592
internal_count=25049 19918 98 74 5131 1284 49 1264 197 52 3847 96 3751 75 54 3730 3699 3486 3419 157 60 3262 131 213 175 141 3131 3101 509 2592
is_linear=0
shrinkage=0.05


Tree=97
num_leaves=31
num_cat=0
split_feature=56 64 260 239 121 259 8 141 63 47 157 160 127 43 227 100 110 261 4 268 2 126 59 212 15 80 57 118 236 124
split_gain=271168 1.14311e+06 907282 894589 865052 760479 1.12266e+06 953167 807831 941968 759948 724026 2.02163e+06 1.69984e+06 1.25585e+06 1.13301e+06 851103 832662 750094 772936 749923 676094 1.40457e+06 968231 647331 717422 631603 1.0598e+06 1.04424e+06 1.58383e+06
threshold=-1223.2499999999998 -665.24999999999989 174.75000000000003 -567.24999999999989 -137.74999999999997 -305.24999999999994 -489.74999999999994 -662.74999999999989 -1537.7499999999998 483.63320922851568 63.250000000000007 -855.84240722656239 -544.74999999999989 -2144.4999999999995 -193.74999999999997 -495.74999999999994 313.14474487304693 291.25000000000006 1549.5449829101565 -187.24999999999997 -1529.2499999999998 -870.74999999999989 -1561.7499999999998 -224.74999999999997 -892.74999999999989 -1144.7499999999998 -573.74999999999989 -1031.3101806640623 332.65028381347662 365.97740173339849
decision_type=2 2 2 2 2 2 2 2 2 2 2 2 2 2 2 2 2 2 2 2 2 2 2 2 2 2 2 2 2 2
left_child=1 2 4 -3 5 10 8 -8 -7 -10 -1 12 17 -14 -15 20 -16 18 19 -4 -13 23 -23 24 25 -21 28 -28 29 -2
right_child=26 3 11 -5 -6 6 7 -9 9 -11 -12 15 13 14 16 -17 -18 -19 -20 21 -22 22 -24 -25 -26 -27 27 -29 -30 -31
leaf_value=-0.0044591846639540659 0.33650783740679158 -14.712404088974001 -2.6627972014672388 -3.2165297978168184 8.2286548738126406 -2.648371618425442 -3.8650799673956797 -17.413106992244721 -0.36648294677447635 10.230055011402477 -9.8067103171348577 -7.0091687750816352 20.326403704143708 -2.8885131931967205 17.289397776126862 6.6349652908529553 5.3792946643754842 -4.1644573665695424 10.081386280578116 2.0712267739353361 -0.43653867259187606 17.126088064057488 0.14687084308986006 -3.2729205401902348 7.0998656344413762 -7.7430735945701601 -4.2888065276080622 -0.011078242094151817 1.9565251457402568 -6.8289760947227478
leaf_weight=1742 2141 20 123 110 27 590 37 20 449 22 20 75 21 36 20 35 60 81 23 270 103 21 29 97 60 20 146 17461 1110 80
leaf_count=1742 2141 20 123 110 27 590 37 20 449 22 20 75 21 36 20 35 60 81 23 270 103 21 29 97 60 20 146 17461 1110 80
internal_value=-1.35677e-09 -0.371269 -0.220603 -4.98513 -0.679404 -0.762917 -1.78292 -8.61877 -1.41567 0.128472 -0.115722 1.02124 1.66694 7.2366 4.86689 -1.58886 8.35682 0.613014 1.21484 0.885922 -3.20591 1.76418 7.27814 1.1474 2.37246 1.39438 0.0728955 -0.0465498 0.704259 0.0784085
internal_weight=25049 4111 3981 130 2907 2880 1118 57 1061 471 1762 1074 861 137 116 213 80 724 643 620 178 497 50 447 350 290 20938 17607 3331 2221
internal_count=25049 4111 3981 130 2907 2880 1118 57 1061 471 1762 1074 861 137 116 213 80 724 643 620 178 497 50 447 350 290 20938 17607 3331 2221
is_linear=0
shrinkage=0.05


Tree=98
num_leaves=31
num_cat=0
split_feature=252 4 267 142 150 233 272 261 17 218 37 101 95 240 23 129 10 288 170 257 187 173 26 78 259 103 35 33 233 246
split_gain=271223 1.55162e+06 1.61594e+06 1.72678e+06 941787 782453 812964 716869 639390 780164 844395 637138 511542 1.47749e+06 945625 1.70485e+06 1.14526e+06 880227 1.02178e+06 1.14508e+06 1.43816e+06 1.08725e+06 1.42618e+06 1.28023e+06 1.1773e+06 1.4541e+06 930202 832241 830278 740306
threshold=-1237.2499999999998 -724.26501464843739 -67.249999999999986 -1344.2499999999998 -1544.7499999999998 -1940.9999999999998 -1100.3049316406248 -1317.4999999999998 -1533.7499999999998 30.250000000000004 298.75000000000006 -2398.7499999999995 -2522.8049316406245 -1065.2499999999998 -3123.9999999999995 -1167.2499999999998 -3193.4999999999995 593.25000000000011 -935.24999999999989 545.15829467773449 505.92158508300787 386.04539489746099 383.09368896484381 -1439.7499999999998 186.25000000000003 324.15028381347662 -1402.7499999999998 326.03047180175787 -536.24999999999989 6.2500000000000009
decision_type=2 2 2 2 2 2 2 2 2 2 2 2 2 2 2 2 2 2 2 2 2 2 2 2 2 2 2 2 2 2
left_child=1 2 3 4 -1 6 11 -5 -3 10 -10 -2 13 -7 15 16 -14 18 28 20 21 24 -23 -24 26 -26 27 -20 29 -15
right_child=5 8 -4 7 -6 12 -8 -9 9 -11 -12 -13 14 17 -16 -17 -18 -19 19 -21 -22 22 23 -25 25 -27 -28 -29 -30 -31
leaf_value=1.2743244649125982 -7.6313965523242961 -7.970701834890578 15.938641716883735 14.607049064925224 -10.33414736248198 -5.0740163018148419 -10.654344790663039 3.2500176091988884 -1.9227216542422116 -9.7809339046478279 6.5796558579733206 3.8897606404622396 -3.578846970399221 -1.2173568360905207 0.021871908692475461 13.524599751498966 7.1124585636826456 -9.9064684162969172 9.0619162464963985 -4.7815393411188518 13.787018411500114 -10.488194527345547 -7.877839387893677 5.5893666537106039 2.1160488338697525 20.510229910503735 -2.8636364901887958 0.25938762402534488 -4.2144090403616437 4.4037365085369835
leaf_weight=104 20 36 26 33 21 189 35 24 91 20 43 30 60 281 23268 36 43 23 58 56 28 34 25 60 21 22 58 50 180 74
leaf_count=104 20 36 26 33 21 189 35 24 91 20 43 30 60 281 23268 36 43 23 58 56 28 34 25 60 21 22 58 50 180 74
internal_value=-4.79204e-11 1.29483 4.27861 2.61289 -0.675899 -0.0209056 -4.80985 9.82514 -1.97161 -0.569228 0.805653 -0.718702 -0.00433554 -1.02969 0.0464351 4.1582 0.884514 -0.241674 -0.00694297 1.86461 2.91007 1.98155 -1.83347 1.62842 4.15374 11.527 2.24379 4.98667 -1.44821 -0.045636
internal_weight=25049 398 208 182 125 24651 85 57 190 154 134 50 24566 1159 23407 139 103 970 947 412 356 328 119 85 209 43 166 108 535 355
internal_count=25049 398 208 182 125 24651 85 57 190 154 134 50 24566 1159 23407 139 103 970 947 412 356 328 119 85 209 43 166 108 535 355
is_linear=0
shrinkage=0.05


Tree=99
num_leaves=31
num_cat=0
split_feature=231 166 187 180 130 73 79 280 19 17 82 5 212 85 174 80 37 159 285 197 222 236 211 173 145 62 54 278 257 5
split_gain=271632 563384 897423 752420 578513 524672 870648 520713 791048 508908 464513 683373 575948 964073 381423 431090 669153 666556 857137 473470 752533 712298 664579 544184 507569 473149 703738 644941 1.42164e+06 990590
threshold=1874.2500000000002 467.49603271484381 441.63258361816412 483.63320922851568 386.76499938964849 4637.5000000000009 1180.7500000000002 240.25000000000003 545.15829467773449 1917.2500000000002 1045.2505493164065 1045.2505493164065 -901.74999999999989 111.25000000000001 3938.664672851563 3683.7500000000005 3734.5000000000005 1045.2505493164065 879.99746704101574 2517.5000000000005 545.15829467773449 452.66287231445318 2063.7500000000005 439.06622314453131 598.99819946289074 3603.4338378906255 523.98001098632824 724.36727905273449 724.36727905273449 636.49594116210949
decision_type=2 2 2 2 2 2 2 2 2 2 2 2 2 2 2 2 2 2 2 2 2 2 2 2 2 2 2 2 2 2
left_child=10 2 4 -3 -2 6 -5 -8 -9 -6 11 14 -12 -14 15 17 -17 18 19 22 21 -21 25 -24 -25 27 -27 28 -1 -29
right_child=1 3 -4 5 9 -7 7 8 -10 -11 12 -13 13 -15 -16 16 -18 -19 -20 20 -22 -23 23 24 -26 26 -28 29 -30 -31
leaf_value=0.001863974899053651 9.2841693844114044 -8.8834912863644693 13.38606796914881 6.4564845532178881 -4.894880922763579 7.0517043672758959 3.0145286850307298 -11.453365149497987 0.46229275189913238 3.9629188046735879 -9.0121854616329085 7.5370757055282596 5.732329068865095 -8.2545139486139476 -5.0866692117742591 10.474227944850924 0.18736633145531945 7.834499189588759 -8.2037185847759257 6.1201386229197183 11.704321630434556 -5.0741286171807189 -0.90542344921324625 -11.877006583378233 -2.3505686031447519 0.19031457276571365 -9.7415624680057658 -1.8227014228275846 -11.696155175795923 9.3928761402765915
leaf_weight=24106 21 22 22 32 31 29 23 30 26 34 32 30 28 22 37 25 43 27 32 30 22 27 83 29 27 42 31 35 26 45
leaf_count=24106 21 22 22 32 31 29 23 30 26 34 32 30 28 22 37 25 43 27 32 30 22 27 83 29 27 42 31 35 26 45
internal_value=3.88474e-10 1.57734 4.37462 -0.287513 2.06937 1.06328 -0.501258 -3.31958 -5.9211 -0.26157 -0.0171872 -0.00471304 -3.7742 -0.421882 -0.0138854 -0.00626486 3.9693 -0.0172712 -0.0259119 -0.0152319 3.84934 0.817591 -0.027732 -3.47517 -7.2839 -0.00799989 -4.02733 0.00411853 -0.0107396 4.48606
internal_weight=25049 270 108 162 86 140 111 79 56 65 24779 24697 82 50 24667 24630 68 24562 24535 24503 79 57 24424 139 56 24285 73 24212 24132 80
internal_count=25049 270 108 162 86 140 111 79 56 65 24779 24697 82 50 24667 24630 68 24562 24535 24503 79 57 24424 139 56 24285 73 24212 24132 80
is_linear=0
shrinkage=0.05


Tree=100
num_leaves=31
num_cat=0
split_feature=30 135 1 211 267 40 183 86 12 39 157 114 247 65 176 100 23 29 73 135 164 72 115 72 285 185 250 212 197 104
split_gain=277902 710585 705388 553420 612970 396694 819932 1.01079e+06 590854 3.30784e+06 971559 833510 515460 780416 498593 466408 603750 1.07248e+06 628941 612353 435270 387939 363166 354877 871396 1.30497e+06 997590 1.30229e+06 1.23197e+06 990469
threshold=-4009.4999999999995 -2034.4999999999998 -3753.7499999999995 -1317.7499999999998 -384.74999999999994 1045.2505493164065 330.75000000000006 114.75000000000001 879.99746704101574 3457.285034179688 1114.7500000000002 716.75000000000011 -2053.7499999999995 435.25000000000006 -1315.7499999999998 -3570.2499999999995 -3123.9999999999995 -2623.7499999999995 -2049.4999999999995 -1338.7499999999998 -1759.2499999999998 -2866.7499999999995 -3151.2499999999995 -1541.2499999999998 480.18733215332037 -2012.2499999999998 512.03503417968761 -1861.7499999999998 -207.74999999999997 -1583.434143066406
decision_type=2 2 2 2 2 2 2 2 2 2 2 2 2 2 2 2 2 2 2 2 2 2 2 2 2 2 2 2 2 2
left_child=1 3 -2 4 -1 8 -7 -8 12 10 -10 -11 13 14 -4 22 17 19 -19 20 -17 -22 -14 24 25 -18 28 -28 -26 -27
right_child=2 -3 5 -5 -6 6 7 -9 9 11 -12 -13 15 -15 -16 16 23 18 -20 -21 21 -23 -24 -25 26 29 27 -29 -30 -31
leaf_value=-1.5077586555480957 -7.4292859032750131 11.060176930427552 -5.2870711956705367 -3.6355015802383424 10.87135548181832 -12.263970758914949 5.6448158502578742 -6.8268443295449934 -14.034181356430054 5.4257211957659042 0.7509693622589112 18.603275157724109 -0.38030484199523928 -12.347256378900438 4.7715347983620386 2.1692166490801448 -9.1562187961441417 12.500504892940324 2.0510507424672446 6.4824117784114454 -7.8718394602498707 -0.45967030118151408 -9.689685778184371 0.05990619649886289 3.123861093910373 0.10410183610272235 8.1442884406447416 -1.7224374781271408 16.468934295290993 -2.0411725592852044
leaf_weight=20 32 20 28 40 20 20 32 33 20 21 25 28 20 21 22 58 47 36 24 34 31 41 22 21735 98 1370 40 204 21 886
leaf_count=20 32 20 28 40 20 20 32 33 20 21 25 28 20 21 22 58 47 36 24 34 31 41 22 21735 98 1370 40 204 21 886
internal_value=1.28428e-09 2.63055 -0.0105437 0.523148 4.6818 -0.0010161 -3.41095 -0.68695 0.0106561 3.96726 -5.82021 12.9558 -0.00437826 -4.25854 -0.861285 0.00786667 0.0168457 2.60083 8.32072 0.508189 -1.0543 -3.65102 -5.25665 -0.00687514 -0.551321 -0.910205 1.72557 -0.104941 5.47887 -0.738413
internal_weight=25049 100 24949 80 40 24917 85 65 24832 94 45 49 24738 71 50 24667 24625 224 60 164 130 72 42 24401 2666 2303 363 244 119 2256
internal_count=25049 100 24949 80 40 24917 85 65 24832 94 45 49 24738 71 50 24667 24625 224 60 164 130 72 42 24401 2666 2303 363 244 119 2256
is_linear=0
shrinkage=0.05


Tree=101
num_leaves=31
num_cat=0
split_feature=288 176 4 280 186 64 269 58 212 120 59 103 47 37 147 173 33 0 142 64 283 281 288 66 243 78 94 13 239 67
split_gain=263696 762573 580884 574233 507310 503000 813818 695893 655133 562324 778554 591565 722619 877231 655720 838348 590292 667871 537753 528379 611892 603881 585628 839039 488655 488125 518092 641150 547408 609161
threshold=47.750000000000007 1225.2500000000002 2972.202514648438 -753.74999999999989 -330.95500183105463 -471.99999999999994 -437.24999999999994 -409.74999999999994 316.75000000000006 -561.24999999999989 1.0000000180025095e-35 512.03503417968761 390.08749389648443 -585.24999999999989 328.75000000000006 422.71945190429693 348.07571411132818 -352.24999999999994 493.25000000000006 -570.74999999999989 -255.74999999999997 -83.249999999999986 39.750000000000007 -728.74999999999989 387.31033325195318 -291.74999999999994 -1183.2499999999998 -2231.8945312499995 -594.74999999999989 173.74500274658206
decision_type=2 2 2 2 2 2 2 2 2 2 2 2 2 2 2 2 2 2 2 2 2 2 2 2 2 2 2 2 2 2
left_child=1 2 3 24 -3 8 -7 -8 19 10 -9 12 16 -14 15 -15 -11 -18 -16 20 21 -5 23 -21 -1 26 -22 -28 -29 -30
right_child=-2 4 -4 5 -6 6 7 9 -10 11 -12 -13 13 14 18 -17 17 -19 -20 22 25 -23 -24 -25 -26 -27 27 28 29 -31
leaf_value=0.087598801321453534 0.074886518907731237 -9.387702913637515 4.1512464074712048 1.0615014106962417 -2.1789364327126601 -3.3651974722803857 -1.9293241623540958 -0.37891853068556108 7.4916162079030819 0.13988424450274747 11.893536229928335 -7.6286392230987552 -6.6176660776138307 4.412248116043898 -3.8041797499502858 16.055788360942497 -11.310990896679108 -1.8166062212519489 4.7935694412751628 13.574994017861108 -1.6628632361172802 7.1363554215431213 -3.1647228088872188 2.7597235743839716 -8.8107264501353111 -8.2141804122924817 8.9710926532745372 5.2936689002513893 -0.76353987398695278 4.4214787982404236
leaf_weight=27 20649 27 76 225 254 245 518 28 33 1256 24 25 20 52 31 22 21 157 44 22 432 50 29 97 36 20 22 50 493 64
leaf_count=27 20649 27 76 225 254 245 518 28 33 1256 24 25 20 52 31 22 21 157 44 22 432 50 29 97 36 20 22 50 493 64
internal_value=1.78955e-10 -0.351439 -0.179513 -0.260922 -2.87159 -0.185952 -0.631801 -0.327123 0.522708 0.166889 5.28529 0.00340237 0.12243 3.21478 4.53458 7.87384 -0.242011 -2.93673 1.23983 0.369799 0.0601859 2.16602 3.20653 4.75919 -4.99716 -0.475526 -0.329651 0.586005 0.282097 -0.167775
internal_weight=25049 4400 4119 4043 281 3980 2443 2198 1537 1680 52 1628 1603 169 149 74 1434 178 75 1504 1356 275 148 119 63 1081 1061 629 607 557
internal_count=25049 4400 4119 4043 281 3980 2443 2198 1537 1680 52 1628 1603 169 149 74 1434 178 75 1504 1356 275 148 119 63 1081 1061 629 607 557
is_linear=0
shrinkage=0.05


Tree=102
num_leaves=31
num_cat=0
split_feature=262 157 292 250 261 267 289 283 280 269 238 12 239 57 82 110 31 145 179 18 233 282 232 198 190 192 282 36 66 85
split_gain=261889 826559 729433 560070 329150 1.10179e+06 902166 876080 1.01501e+06 1.01503e+06 941697 652627 636629 680996 710753 1.0426e+06 1.02439e+06 1.20147e+06 912603 710611 1.08999e+06 674311 667974 673129 658916 793829 633365 569511 1.07499e+06 577001
threshold=1651.2500000000002 1600.7500000000002 775.33657836914074 473.41499328613287 477.00000000000006 790.25000000000011 -683.74999999999989 754.25000000000011 592.25000000000011 300.25000000000006 645.75000000000011 444.00724792480474 2650.0000000000005 -1446.7499999999998 518.72827148437511 469.80149841308599 2892.7500000000005 598.99819946289074 2399.3225097656255 -442.38499450683588 1142.2500000000002 -7.7499999999999991 1274.2500000000002 -13.249999999999998 330.25000000000006 445.25000000000006 197.25000000000003 2080.7500000000005 713.25000000000011 157.75000000000003
decision_type=2 2 2 2 2 2 2 2 2 2 2 2 2 2 2 2 2 2 2 2 2 2 2 2 2 2 2 2 2 2
left_child=4 -2 3 -3 5 -1 -6 8 9 -7 11 -10 13 -8 15 19 17 27 -19 20 22 -17 23 -15 -25 -26 -23 28 29 -16
right_child=1 2 -4 -5 6 7 12 -9 10 -11 -12 -13 -14 14 16 21 -18 18 -20 -21 -22 26 -24 24 25 -27 -28 -29 -30 -31
leaf_value=-0.0074354067605882359 11.659363372325899 1.6862025669642859 6.958620321750641 -10.00498379468918 -11.226010303497315 8.0042648162841807 8.2702808925083708 -6.9947913486024609 -0.72584096841514123 0.20801423064804833 13.081916895145325 8.4874959001670014 6.3328049638054589 2.0934633133841341 -6.9204482086499546 0.04242470338940621 -10.674779294729234 8.0468066087583221 -3.1238295092727202 -0.10627664275489118 -10.085658869960092 14.986595912206742 4.9421291393392224 -12.515301504135133 3.9336100059397086 -4.5440255212946008 4.0602873497539091 2.3871136093139649 -13.744464868818012 3.7403051029552112
leaf_weight=22751 20 21 24 20 20 50 21 23 40 253 41 37 33 61 30 48 40 41 33 1029 44 21 34 20 34 147 36 20 35 22
leaf_count=22751 20 21 24 20 20 50 21 23 40 253 41 37 33 61 30 48 40 41 33 1029 44 21 34 20 34 147 36 20 35 22
internal_value=-5.51034e-10 2.77064 0.0356533 -4.01682 -0.00943377 0.0407053 -0.666854 2.50748 3.02661 1.49452 6.9607 3.70135 -0.546109 -0.678396 -0.789264 -0.392811 -3.43348 -1.83319 3.06531 -0.761088 -2.74285 4.40881 -1.65136 -2.507 -3.90316 -2.95154 8.08577 -5.22094 -6.96992 -2.41013
internal_weight=25049 85 65 41 24964 23195 1769 444 421 303 118 77 1749 1716 1695 1474 221 181 74 1369 340 105 296 262 201 181 57 107 87 52
internal_count=25049 85 65 41 24964 23195 1769 444 421 303 118 77 1749 1716 1695 1474 221 181 74 1369 340 105 296 262 201 181 57 107 87 52
is_linear=0
shrinkage=0.05


Tree=103
num_leaves=31
num_cat=0
split_feature=138 117 117 289 287 204 244 261 264 29 144 204 180 85 276 177 155 266 187 288 113 142 253 4 262 283 9 3 57 149
split_gain=261614 311806 283346 281162 479416 521141 683223 538302 612155 794639 515586 567348 599575 487285 567945 463528 1.09384e+06 566508 782007 545331 548005 617781 513438 560999 454055 447791 636802 1.20749e+06 1.50274e+06 1.35944e+06
threshold=188.26058197021487 172.44118499755862 185.95677185058597 -36.249999999999993 220.25000000000003 -1082.2499999999998 -831.05123901367176 -596.74999999999989 325.83848571777349 -69.749999999999986 -572.26998901367176 701.25000000000011 464.46438598632818 582.75000000000011 412.75000000000006 -666.24999999999989 -217.74999999999997 195.25000000000003 455.76057434082037 680.25000000000011 1038.7500000000002 1778.2500000000002 105.25000000000001 751.43750000000011 -72.249999999999986 262.75000000000006 2819.7500000000005 2585.7500000000005 2776.7500000000005 1958.2500000000002
decision_type=2 2 2 2 2 2 2 2 2 2 2 2 2 2 2 2 2 2 2 2 2 2 2 2 2 2 2 2 2 2
left_child=2 -2 -1 25 5 -5 24 8 -8 -10 13 -12 -13 14 -9 16 -6 18 22 -19 -21 -22 23 -17 -7 -3 27 28 -27 -29
right_child=1 3 -4 4 15 6 7 10 9 -11 11 12 -14 -15 -16 17 -18 19 -20 20 21 -23 -24 -25 -26 26 -28 29 -30 -31
leaf_value=-0.059304547304417192 -6.2175653195381173 0.033813028259112254 -2.4646292902663487 5.6131698250770574 2.2337586304415828 -5.5826001635124527 -1.2081867456436157 1.1540232735459399 13.888402101397515 2.4833660475554922 -1.2305126095767571 1.7571906800087267 -6.4430945714314776 7.0099833825055287 -7.2211430152257279 -3.2604083033970426 14.402534371614458 2.611608788057378 5.8546687368423713 -8.124435966491701 7.289471081307247 -4.8386204310825898 -5.1986702600251071 6.6647471189498901 1.6521718896668531 -1.0262906608174909 2.0746169678096114 -3.0834563721870558 9.9254904806613933 -17.680665484341709
leaf_weight=273 20 19864 222 42 115 86 40 561 24 42 904 313 24 34 21 35 22 399 31 25 21 21 92 24 29 1479 174 58 32 22
leaf_count=273 20 19864 222 42 115 86 40 561 24 42 904 313 24 34 21 35 22 399 31 25 21 21 92 24 29 1479 174 58 32 22
internal_value=1.20784e-09 0.0229428 -1.13806 0.02803 0.489889 0.09903 -0.0124204 0.20702 3.6726 6.63065 0.00920059 -0.577774 1.17319 1.19172 0.851827 1.54546 4.18787 0.986799 -1.37881 1.91071 -2.26333 1.22543 -2.86383 0.776943 -3.75818 -0.0340024 -0.797224 -1.1113 -0.794354 -7.09769
internal_weight=25049 24554 495 24534 2905 2120 2078 1963 106 66 1857 1241 337 616 582 785 137 648 182 466 67 42 151 59 115 21629 1765 1591 1511 80
internal_count=25049 24554 495 24534 2905 2120 2078 1963 106 66 1857 1241 337 616 582 785 137 648 182 466 67 42 151 59 115 21629 1765 1591 1511 80
is_linear=0
shrinkage=0.05


Tree=104
num_leaves=31
num_cat=0
split_feature=252 4 141 274 283 233 261 278 17 218 37 282 288 254 95 240 8 129 51 232 288 170 257 187 173 26 78 259 103 35
split_gain=253727 1.38074e+06 1.42904e+06 1.40189e+06 717557 694933 748927 697838 566273 685056 744914 545346 702317 516928 478606 1.33484e+06 850137 2.0946e+06 1.22438e+06 842823 797083 911831 1.02354e+06 1.26794e+06 1.00192e+06 1.25989e+06 1.15854e+06 1.06238e+06 1.30682e+06 833990
threshold=-1237.2499999999998 -724.26501464843739 -610.74999999999989 -199.74999999999997 -143.74999999999997 -1940.9999999999998 -895.74999999999989 611.19790649414074 -1533.7499999999998 30.250000000000004 298.75000000000006 -522.74999999999989 66.750000000000014 -1539.4999999999998 -2522.8049316406245 -1065.2499999999998 -2768.7499999999995 -1149.4999999999998 -2823.7499999999995 -453.24999999999994 593.25000000000011 -935.24999999999989 545.15829467773449 505.92158508300787 386.04539489746099 383.09368896484381 -1439.7499999999998 186.25000000000003 324.15028381347662 -1402.7499999999998
decision_type=2 2 2 2 2 2 2 2 2 2 2 2 2 2 2 2 2 2 2 2 2 2 2 2 2 2 2 2 2 2
left_child=1 2 3 11 -5 6 7 -2 -3 10 -10 12 -1 -6 15 -7 17 18 -16 -20 21 -17 23 24 27 -26 -27 29 -29 -23
right_child=5 8 -4 4 13 14 -8 -9 9 -11 -12 -13 -14 -15 16 20 -18 -19 19 -21 -22 22 -24 -25 25 26 -28 28 -30 -31
leaf_value=-7.2098384805701006 -2.8714249954223634 -7.4746341122521303 13.281097897120885 16.112610764503479 -1.1706210297346116 -4.8405365312698656 0.8122500574266589 -14.939392935711405 -1.7834679342396969 -9.141171054840088 6.2023735645205482 -8.3470715749831434 3.031815494980131 10.197404489517211 -4.1266485523759275 -1.3855399769043255 0.022160598399047719 15.92592126583231 13.877461899410594 -0.30450278639793399 -9.4444063725678813 4.7285887878250197 -4.5395838850310879 12.945391924040658 -9.9362365610459289 -7.5910865268707273 5.2201121156414354 2.0282968521118163 19.466067575324669 -2.704658293518527
leaf_weight=22 25 36 35 20 20 189 37 23 91 20 43 21 70 20 57 535 23279 29 22 20 23 108 56 28 34 25 60 21 22 58
leaf_count=22 25 36 35 20 20 189 37 23 91 20 43 21 70 20 57 535 23279 29 22 20 23 108 56 28 34 25 60 21 22 58
internal_value=-7.93192e-10 1.25237 4.06706 2.20295 8.3798 -0.0202201 -4.53339 -8.65399 -1.82897 -0.509201 0.779153 -1.0768 0.582724 4.51339 -0.00460418 -0.996402 0.0445048 4.10818 0.646416 7.12415 -0.24739 -0.02402 1.74397 2.7324 1.86056 -1.8017 1.45211 3.94577 10.9499 2.13143
internal_weight=25049 398 208 173 60 24651 85 48 190 154 134 113 92 40 24566 1159 23407 128 99 42 970 947 412 356 328 119 85 209 43 166
internal_count=25049 398 208 173 60 24651 85 48 190 154 134 113 92 40 24566 1159 23407 128 99 42 970 947 412 356 328 119 85 209 43 166
is_linear=0
shrinkage=0.05


Tree=105
num_leaves=31
num_cat=0
split_feature=30 1 9 5 33 241 260 140 239 212 141 89 232 283 100 224 166 65 163 149 288 5 124 238 213 164 155 241 225 39
split_gain=258105 616111 612226 649440 628657 378089 761718 947406 537451 406792 1.00263e+06 1.05725e+06 886006 778953 796339 635041 767492 1.28539e+06 638397 619382 614079 585770 827834 483012 709305 1.29686e+06 784253 656525 890437 540025
threshold=-4009.4999999999995 -3753.7499999999995 -4195.7499999999991 588.47909545898449 467.49603271484381 -1823.7499999999998 -608.74999999999989 -1623.9999999999998 -1569.4999999999998 -1861.7499999999998 -78.749999999999986 530.86532592773449 -969.74999999999989 -18.249999999999996 -1621.7499999999998 -1369.4999999999998 476.75883483886724 -439.74999999999994 -1532.2499999999998 -2537.9999999999995 105.25000000000001 324.21615600585943 406.79368591308599 -1385.2499999999998 -1320.7499999999998 -511.74999999999994 -1007.2499999999999 -598.74999999999989 -993.74999999999989 232.50000000000003
decision_type=2 2 2 2 2 2 2 2 2 2 2 2 2 2 2 2 2 2 2 2 2 2 2 2 2 2 2 2 2 2
left_child=2 -2 3 4 -1 6 7 -3 -7 10 11 13 -13 -10 19 16 20 18 -18 -15 -11 -22 -23 29 25 26 27 28 -25 -17
right_child=1 5 -4 -5 -6 8 -8 -9 9 15 -12 12 -14 14 -16 23 17 -19 -20 -21 21 22 -24 24 -26 -27 -28 -29 -30 -31
leaf_value=-2.5449461373415865 -6.9435514826327562 -7.5674848241806032 8.6566003240388021 -6.451826040267945 9.1564839164415996 8.203127570152283 -10.666063671112061 5.336536063569965 -1.8100813017379154 -3.5090411258085319 -7.082779547146389 13.230503210268523 2.3605842809419375 2.886338827311993 -1.8796797225108515 -0.73402529954910278 -6.6090357007299154 2.5373629985032262 -17.636252337410337 15.043928537585519 -3.2792987158804232 10.2634231616469 -1.1320283174514771 -5.6995886767352069 -0.0023900813336295472 14.1721605166145 -2.6995985045361874 9.8157531561170313 5.8347483071413908 -9.0136130425237848
leaf_weight=22 32 25 29 25 24 20 25 33 110 96 28 38 37 20 26 54 35 27 21 22 33 34 30 27 23976 23 67 35 44 31
leaf_count=22 32 25 29 25 24 20 25 33 110 96 28 38 37 20 26 54 35 27 21 22 33 34 30 27 23976 23 67 35 44 31
internal_value=-2.06179e-09 -0.0101612 2.53513 0.0348049 3.56015 -0.00125693 -3.37028 -0.225542 0.010003 0.00339935 1.895 2.88859 7.86801 0.79052 4.99738 -0.018267 -2.40311 -6.42372 -10.7442 9.2546 -0.674038 2.13174 4.92181 0.00886812 0.0220988 3.01774 1.53479 4.21124 1.44845 -3.75364
internal_weight=25049 24949 100 71 46 24917 83 58 24834 24814 281 253 75 178 68 24533 276 83 56 42 193 97 64 24257 24172 196 173 106 71 85
internal_count=25049 24949 100 71 46 24917 83 58 24834 24814 281 253 75 178 68 24533 276 83 56 42 193 97 64 24257 24172 196 173 106 71 85
is_linear=0
shrinkage=0.05


Tree=106
num_leaves=31
num_cat=0
split_feature=261 274 169 204 274 107 282 72 121 122 248 69 274 289 64 16 61 198 281 184 26 292 59 66 254 246 37 76 19 96
split_gain=254314 839468 1.19634e+06 1.04158e+06 704851 698870 678405 921983 1.02667e+06 1.282e+06 954842 886066 838400 780401 897748 1.19499e+06 874401 1.48375e+06 1.04236e+06 954170 717193 950648 631656 796645 819337 577243 661884 675460 566184 1.77778e+06
threshold=-251.74999999999997 396.25000000000006 2482.2500000000005 2273.5000000000005 475.25000000000006 -2160.2499999999995 -512.74999999999989 3508.7500000000005 3107.5000000000005 4153.5000000000009 1530.2500000000002 3541.041381835938 -333.74999999999994 -338.24999999999994 -1698.7499999999998 -2137.7499999999995 331.81924438476568 1122.7500000000002 -74.749999999999986 2022.7500000000002 397.35771179199224 449.77992248535162 -1436.7499999999998 -580.74999999999989 -339.24999999999994 409.75000000000006 1172.2500000000002 2447.6735839843755 636.49594116210949 560.00579833984386
decision_type=2 2 2 2 2 2 2 2 2 2 2 2 2 2 2 2 2 2 2 2 2 2 2 2 2 2 2 2 2 2
left_child=1 3 4 28 5 -3 12 11 -9 -10 -11 13 -2 14 -8 -16 -17 18 -18 -19 -20 -22 -7 -24 -25 26 -6 -28 29 -1
right_child=6 2 -4 -5 25 22 7 8 9 10 -12 -13 -14 -15 15 16 17 19 20 -21 21 -23 23 24 -26 -27 27 -29 -30 -31
leaf_value=0.051937206346527799 6.4679113809879016 12.515441029412408 12.383153975009918 -8.6514561533927914 -0.29472091896780611 -4.1727521356333188 -8.2186056657270949 12.854441520145961 -6.9976970760910611 -0.2211004127155651 14.873934674263001 -5.8057719637365901 -2.8292705159220435 -0.16260842857984814 12.546733518747184 -1.0443283954959603 12.019733878260567 -7.6020873256351642 7.2842540492187258 4.6962766091028847 -3.9658893198337197 4.3463356245537197 9.9811622233617872 -1.4244422366653664 7.5697067307680843 -5.0356756778473555 10.907663055260976 -0.62686137231913486 -1.9341189952864331 3.6824888640557014
leaf_weight=9212 26 21 27 34 203 27 22 28 27 22 20 68 360 13456 26 201 42 46 80 24 53 98 42 69 40 47 30 22 326 350
leaf_count=9212 26 21 27 34 203 27 22 28 27 22 20 68 360 13456 26 201 42 46 80 24 53 98 42 69 40 47 30 22 326 350
internal_value=-1.76154e-09 0.188306 2.13096 0.0849269 1.57845 3.8888 -0.13479 -0.0786197 4.77939 1.50256 6.96701 -0.112002 -2.20304 -0.0844413 1.69228 2.0748 1.57431 3.10884 4.77406 -3.38551 3.45666 1.4288 2.87105 4.13053 1.87616 0.0560723 0.994551 6.02767 0.114967 0.184827
internal_weight=25049 10450 528 9922 501 199 14599 14213 97 69 42 14116 386 14048 592 570 544 343 273 70 231 151 178 151 109 302 255 52 9888 9562
internal_count=25049 10450 528 9922 501 199 14599 14213 97 69 42 14116 386 14048 592 570 544 343 273 70 231 151 178 151 109 302 255 52 9888 9562
is_linear=0
shrinkage=0.05


Tree=107
num_leaves=31
num_cat=0
split_feature=232 227 206 219 231 63 107 4 42 44 124 99 0 238 261 57 128 0 66 133 86 84 86 122 176 96 110 122 161 12
split_gain=254087 929131 1.58311e+06 985643 791189 713157 885181 699027 1.30838e+06 1.33057e+06 656106 651296 857682 1.12706e+06 1.1492e+06 625247 1.67454e+06 906015 782476 741008 983975 777994 839542 711485 884352 622567 1.26465e+06 1.26037e+06 1.24871e+06 1.11969e+06
threshold=1080.2500000000002 630.75000000000011 399.75000000000006 -72.249999999999986 857.25000000000011 3414.2500000000005 1977.7500000000002 5106.8376464843759 1628.7500000000002 2069.5000000000005 724.36727905273449 1662.7500000000002 1735.2500000000002 -1306.2499999999998 -712.24999999999989 -61.749999999999993 474.75000000000006 -745.24999999999989 -229.74999999999997 -87.749999999999986 -282.24999999999994 38.250000000000007 77.250000000000014 270.75000000000006 841.75000000000011 570.11660766601574 588.47909545898449 1725.2500000000002 -37.749999999999993 588.47909545898449
decision_type=2 2 2 2 2 2 2 2 2 2 2 2 2 2 2 2 2 2 2 2 2 2 2 2 2 2 2 2 2 2
left_child=4 2 -2 -3 5 7 -7 10 -9 -10 25 12 13 -12 -15 16 18 -17 -5 -19 -21 -22 -23 24 -24 26 -1 28 29 -27
right_child=1 3 -4 15 -6 6 -8 8 9 -11 11 -13 -14 14 -16 17 -18 19 -20 20 21 22 23 -25 -26 27 -28 -29 -30 -31
leaf_value=-0.014485491318675013 2.4151372794447274 10.991400247553122 -14.252927143592387 -0.023787654594630954 -2.0400860137138213 -13.483768122536796 -1.6534654790768402 -5.3079940089812645 17.681468677520751 3.0048846336121255 -14.354070339202881 -9.9730985539300114 6.076538733778329 6.7237085107834105 -4.577354305401081 -7.1598952949047092 13.687085503339768 6.5772913406292606 9.500257486820221 -8.4069779798388478 7.930292370740105 -5.7845722961425778 -0.68970657944679259 0.32557868486471997 13.837458992004395 5.2921884788679758 -9.1440545163656548 11.474343080520631 -2.0365388856314155 0.45029711221178914
leaf_weight=21284 29 23 28 157 488 21 64 26 23 47 20 28 29 31 82 40 32 48 25 32 34 55 20 1570 22 202 38 30 229 292
leaf_count=21284 29 23 28 157 488 21 64 26 23 47 20 28 29 31 82 40 32 48 25 32 34 55 20 1570 22 202 38 30 229 292
internal_value=5.79125e-10 0.524386 -5.77268 0.698794 -0.0483594 -0.00505719 -4.57625 0.0123191 4.26974 7.82719 -0.00603765 -2.93167 -1.71463 -3.41345 -1.47706 0.582465 3.13906 0.28202 1.28446 0.44916 0.279425 0.442838 0.290124 0.497387 6.91976 0.0191433 -0.0307562 1.4321 1.01541 2.43018
internal_weight=25049 2115 57 2058 22934 22446 85 22361 96 70 22265 190 162 133 113 2035 214 1821 182 1781 1733 1701 1667 1612 42 22075 21322 753 723 494
internal_count=25049 2115 57 2058 22934 22446 85 22361 96 70 22265 190 162 133 113 2035 214 1821 182 1781 1733 1701 1667 1612 42 22075 21322 753 723 494
is_linear=0
shrinkage=0.05


Tree=108
num_leaves=31
num_cat=0
split_feature=17 189 76 76 199 15 101 49 193 113 138 2 130 271 267 253 17 223 267 4 50 8 79 52 101 139 201 292 140 65
split_gain=251545 1.20032e+06 859242 849496 842260 1.19444e+06 762692 1.07422e+06 772554 761058 1.23477e+06 666058 859411 813327 1.15519e+06 949642 894373 760955 730911 650035 910525 761839 675346 890289 727613 692555 1.11031e+06 1.32678e+06 902426 1.01386e+06
threshold=1056.2500000000002 1911.7500000000002 964.68209838867199 1276.5501708984377 1713.2500000000002 670.25000000000011 995.25000000000011 650.75000000000011 1042.259948730469 1195.7500000000002 424.76710510253912 1052.2500000000002 2980.557495117188 384.58641052246099 -126.24999999999999 -18.249999999999996 947.75000000000011 1527.8403320312502 1608.7500000000002 -135.06749725341794 2384.5000000000005 1845.7500000000002 108.25000000000001 633.25000000000011 25.250000000000004 1050.238464355469 469.80149841308599 346.96188354492193 555.25000000000011 842.75000000000011
decision_type=2 2 2 2 2 2 2 2 2 2 2 2 2 2 2 2 2 2 2 2 2 2 2 2 2 2 2 2 2 2
left_child=1 11 4 6 -3 -6 9 -8 -9 -2 -11 12 17 -13 -15 -16 -17 18 -1 20 21 -5 23 -21 -25 26 27 -24 29 -27
right_child=3 2 -4 19 5 -7 7 8 -10 10 -12 13 -14 14 15 16 -18 -19 -20 22 -22 -23 25 24 -26 28 -28 -29 -30 -31
leaf_value=0.032154985738288205 -0.96682459411166966 -5.7866328557332363 12.822082499388992 5.5606827435341293 13.175050840554414 -2.7243420078640894 -13.285041072845459 -3.880985158596415 1.4243471328046295 12.317469414642879 -3.7213794753665015 0.12105557193533022 -6.4021954439580444 -3.2371507302920026 17.694654593467714 1.7400973594413616 12.920425835362188 -9.2595026715235278 7.4797165957364173 4.8266994930448988 10.570511414023008 -3.3949002861976627 3.8344627611463964 -1.7949264599217309 -11.779499901146503 5.8264010347425943 7.7530797835709393 -2.3058676537277036 0.085118773060346126 -3.525835982143442
leaf_weight=19412 840 21 29 47 27 21 25 279 91 28 21 171 52 30 20 53 27 22 33 21 34 48 179 36 37 32 69 173 2864 307
leaf_count=19412 840 21 29 47 27 21 25 279 91 28 21 171 52 30 20 53 27 22 33 21 34 48 179 36 37 32 69 173 2864 307
internal_value=-2.29374e-09 0.0804193 5.60037 -0.312179 2.56516 6.21907 -1.42578 -3.25394 -2.57616 -0.61349 5.44368 0.0531259 0.017132 2.38723 5.36812 7.9497 5.51346 0.0342793 0.0447942 0.0595024 3.54879 1.03576 -0.0615623 -4.24573 -6.8556 0.0469673 1.95348 0.81663 -0.203624 -2.64303
internal_weight=25049 19918 98 5131 69 48 1284 395 370 889 49 19820 19519 301 130 100 80 19467 19445 3847 129 95 3718 94 73 3624 421 352 3203 339
internal_count=25049 19918 98 5131 69 48 1284 395 370 889 49 19820 19519 301 130 100 80 19467 19445 3847 129 95 3718 94 73 3624 421 352 3203 339
is_linear=0
shrinkage=0.05


Tree=109
num_leaves=31
num_cat=0
split_feature=92 167 125 4 77 79 195 280 34 87 269 233 107 0 66 42 275 65 107 106 232 240 100 189 139 85 36 37 65 190
split_gain=254591 1.31621e+06 1.04981e+06 1.09502e+06 901160 848714 1.1558e+06 1.18204e+06 1.09199e+06 1.05302e+06 953753 1.0333e+06 883952 816308 1.08242e+06 805575 860439 768819 831183 900684 804627 769967 766614 747631 717518 707245 736064 1.1443e+06 709554 683032
threshold=-674.74999999999989 -764.71343994140614 -1318.3718261718748 -2113.3049316406245 -1630.4999999999998 -936.74999999999989 -266.57315063476557 -27.249999999999996 -307.13595581054682 -887.24999999999989 -900.24999999999989 -1515.9999999999998 -1477.2499999999998 -705.74999999999989 -1117.2499999999998 -1649.4999999999998 -973.24999999999989 -1280.9999999999998 -309.74999999999994 -129.24999999999997 -506.24999999999994 -397.24999999999994 -679.74999999999989 22.750000000000004 -510.69871520996088 -435.74999999999994 129.25000000000003 -159.74999999999997 -1764.7499999999998 -1265.2499999999998
decision_type=2 2 2 2 2 2 2 2 2 2 2 2 2 2 2 2 2 2 2 2 2 2 2 2 2 2 2 2 2 2
left_child=1 -1 3 -2 -4 6 10 8 22 -7 -6 -12 -11 14 -9 -3 -17 -13 19 20 -19 -21 -8 -10 -16 26 28 -28 -18 -14
right_child=2 15 4 -5 5 9 7 13 23 12 11 17 29 -15 24 16 25 18 -20 21 -22 -23 -24 -25 -26 -27 27 -29 -30 -31
leaf_value=0.056893000351667999 13.021576653188095 -8.3581056019534241 -9.822681277731192 -0.16389457641109345 11.335366308093072 6.7779214150027229 11.921555617877416 -3.1626055677731832 21.658501482009889 -6.0375146875615986 -10.407170274040915 -1.4995318494613386 3.9933645723563327 -1.4714523520520939 4.4460502215794158 8.6753478074073804 -10.672391781352815 -2.585408729674338 11.370527212960381 2.1787874156236646 2.7005508034409984 -10.666169731957574 0.12423159241676332 8.3014090212908656 16.512545919418336 4.9824054819103836 -16.218184318325736 -3.2498682584166527 -1.3666016593349906 -0.032409096670493999
leaf_weight=4981 32 46 23 31 20 57 21 24 20 61 22 301 106 93 28 20 21 86 21 20 442 28 40 22 22 37 22 75 834 17493
leaf_count=4981 32 46 23 31 20 57 21 24 20 61 22 301 106 93 28 20 21 86 21 20 442 28 40 22 22 37 22 75 834 17493
internal_value=3.28489e-09 -0.282909 0.0898143 6.53349 0.0683921 0.0804116 1.3616 4.24497 8.4575 -0.00708825 0.533397 0.298571 -0.0289878 1.64681 5.56571 -1.88723 -1.59222 0.56085 1.59967 1.24344 1.83958 -5.3141 4.18561 14.6619 9.75531 -1.79986 -2.06345 -6.19114 -1.59516 -0.00816158
internal_weight=25049 6036 19013 63 18950 18927 1210 270 103 17717 940 920 17660 167 74 1055 1009 898 597 576 528 48 61 42 50 989 952 97 855 17599
internal_count=25049 6036 19013 63 18950 18927 1210 270 103 17717 940 920 17660 167 74 1055 1009 898 597 576 528 48 61 42 50 989 952 97 855 17599
is_linear=0
shrinkage=0.05


Tree=110
num_leaves=31
num_cat=0
split_feature=233 246 225 109 271 273 36 273 128 239 248 259 40 180 194 71 166 190 33 194 260 289 54 229 208 217 288 75 277 15
split_gain=251618 1.27512e+06 981490 1.22582e+06 1.22228e+06 941231 858142 769752 861389 756135 818253 729352 871227 833496 823630 716645 691934 924071 995169 1.08204e+06 976655 1.1273e+06 1.1857e+06 960910 871330 992919 1.10879e+06 852017 845448 1.44401e+06
threshold=-348.24999999999994 816.25000000000011 -135.24999999999997 909.28250122070324 313.84872436523443 355.25000000000006 1280.2500000000002 392.75000000000006 -1415.7499999999998 -50.249999999999993 138.75000000000003 -169.24999999999997 412.68888854980474 246.64484405517581 380.10458374023443 322.75000000000006 355.00382995605474 -1115.7499999999998 476.75883483886724 449.77992248535162 -161.74999999999997 -535.24999999999989 447.01040649414068 406.79368591308599 473.41499328613287 128.25000000000003 164.25000000000003 500.19013977050787 1426.5524902343752 2115.5000000000005
decision_type=2 2 2 2 2 2 2 2 2 2 2 2 2 2 2 2 2 2 2 2 2 2 2 2 2 2 2 2 2 2
left_child=1 5 3 -2 -5 9 -3 8 -7 10 -1 13 -13 -11 -14 -12 -4 -18 20 23 21 -19 -23 -20 25 -21 -27 -28 -22 -30
right_child=2 6 16 4 -6 7 -8 -9 -10 11 15 12 14 -15 -16 -17 17 18 19 24 28 22 -24 -25 -26 26 27 -29 29 -31
leaf_value=-0.10683666730499973 1.2495841743956719 -2.705451685521338 -0.19661989640940358 3.6957712309291733 17.149103384613991 15.691227170399257 -15.069494087022285 1.2875337123426041 3.3369938340297964 -7.267627229892156 1.844548293863024 -1.1356340679848294 -11.598430200304305 0.84269158006445033 -3.3966297724330037 11.433630632471157 9.2769225287437447 -5.9949742169380187 -0.18754988584388682 10.10843669573466 0.23156908092338344 4.0177495780508776 16.816738238334658 -5.6569354591396568 -0.47033525700349693 -4.9260018151739366 -2.3819848003295756 8.8160063558695274 4.8897086915727392 0.56454952092687716
leaf_weight=7864 462 36 9659 52 25 21 23 268 43 34 70 722 35 464 244 27 30 25 147 42 2439 190 20 177 956 46 26 49 295 558
leaf_count=7864 462 36 9659 52 25 21 23 268 43 34 70 722 35 464 244 27 30 25 147 42 2439 190 20 177 956 46 26 49 295 558
internal_value=2.29304e-09 -0.196834 0.127583 2.22303 8.06374 -0.152677 -7.52533 2.46405 7.39073 -0.244511 -0.0505385 -1.27468 -2.0526 0.288975 -4.42553 4.51367 0.0505349 0.527989 0.475178 -0.630961 0.927732 4.04184 5.2367 -3.17545 0.105782 3.48473 1.18559 4.93404 0.705431 2.06035
internal_weight=25049 9851 15198 539 77 9792 59 332 64 9460 7961 1499 1001 498 279 97 14659 5000 4970 1443 3527 235 210 324 1119 163 121 75 3292 853
internal_count=25049 9851 15198 539 77 9792 59 332 64 9460 7961 1499 1001 498 279 97 14659 5000 4970 1443 3527 235 210 324 1119 163 121 75 3292 853
is_linear=0
shrinkage=0.05


Tree=111
num_leaves=31
num_cat=0
split_feature=143 43 247 115 99 268 85 78 288 85 86 212 72 282 206 274 41 137 2 183 227 269 121 23 247 112 143 45 288 65
split_gain=244884 578388 527343 763481 612639 480925 384485 567146 470531 400644 916938 1.11727e+06 981367 943879 839364 790495 743422 1.33893e+06 964652 698481 687152 677127 682494 599531 579360 575196 1.28758e+06 596306 534948 820708
threshold=-2175.7499999999995 -3418.2499999999995 -391.74999999999994 -1422.7499999999998 -1381.7499999999998 -399.74999999999994 -3141.2499999999995 -2774.9999999999995 168.25000000000003 -2084.7499999999995 -2059.2499999999995 -1519.2499999999998 -2056.9999999999995 -279.24999999999994 -555.74999999999989 219.75000000000003 -2183.218139648437 -2569.289916992187 -2432.9999999999995 64.250000000000014 -1204.4999999999998 85.750000000000014 -1931.7499999999998 -3593.9999999999995 -192.74999999999997 -1354.7499999999998 -729.74999999999989 -1479.2499999999998 66.750000000000014 -2461.7499999999995
decision_type=2 2 2 2 2 2 2 2 2 2 2 2 2 2 2 2 2 2 2 2 2 2 2 2 2 2 2 2 2 2
left_child=2 -2 3 4 -1 -4 -3 8 -8 23 11 13 14 20 -12 -16 17 24 -18 -17 -11 22 -19 -9 -13 26 -20 -27 29 -25
right_child=1 6 5 -5 -6 -7 7 9 -10 10 12 16 -14 -15 15 19 18 21 25 -21 -22 -23 -24 28 -26 27 -28 -29 -30 -31
leaf_value=-0.18340616357998682 6.7376458957791332 -6.5958144491369071 -11.879530925750734 9.0128289365768435 -6.536223797635599 -2.3835612082481386 0.40417516946792609 -10.208505549430848 11.120140161968415 -1.5768271280057504 -0.4900989755988121 -3.3313066159233906 0.017943138909768432 14.234185028076173 -8.8128935662711552 -6.5469469636678701 -7.3169917345047004 11.077998443483375 0.42605405025757276 3.9838636398315432 8.5514884836533493 15.671890892386438 1.6896550159065091 6.2506936412304643 6.2037280661719194 -10.137324295484502 12.657088985045752 0.81846732740049011 -2.6395279231525604 -4.779240647875346
leaf_weight=276 32 22 20 20 44 40 20 20 21 33 184 66 23331 30 82 32 44 32 208 31 34 20 49 48 21 23 24 27 189 26
leaf_count=276 32 22 20 20 44 40 20 20 21 33 184 66 23331 30 82 32 44 32 208 31 34 20 49 48 21 23 24 27 189 26
internal_value=-1.91291e-09 0.0199152 -1.22723 -0.46458 -1.05692 -5.54888 0.0111827 0.0170926 5.89284 0.00728139 0.0290905 1.94151 -0.0202961 6.86331 -2.73203 -5.57696 1.01269 3.5167 -0.431344 -1.36512 3.56292 7.43294 5.39863 -1.86314 -1.02975 0.643013 1.69133 -4.2212 -1.22851 2.37531
internal_weight=25049 24649 400 340 320 60 24617 24595 41 24554 24271 611 23660 97 329 145 514 188 326 63 67 101 81 283 87 282 232 50 263 74
internal_count=25049 24649 400 340 320 60 24617 24595 41 24554 24271 611 23660 97 329 145 514 188 326 63 67 101 81 283 87 282 232 50 263 74
is_linear=0
shrinkage=0.05


Tree=112
num_leaves=31
num_cat=0
split_feature=12 79 85 172 267 162 143 184 185 232 134 89 166 259 273 40 292 121 285 216 278 245 252 172 292 229 68 224 268 257
split_gain=242149 463514 313030 309007 268439 798195 1.54989e+06 1.53719e+06 915429 806914 984676 819811 1.17234e+06 730886 888338 887077 805813 1.08073e+06 869857 840506 794372 806302 879499 1.96445e+06 741807 774898 979023 702546 700383 1.09819e+06
threshold=178.06549072265628 -469.74999999999994 -544.74999999999989 839.49749755859386 -251.24999999999997 784.75000000000011 708.25000000000011 62.250000000000007 -363.74999999999994 239.25000000000003 518.75000000000011 403.54847717285162 523.98001098632824 -419.74999999999994 -652.24999999999989 879.99746704101574 340.00257873535162 -509.74999999999994 286.48075866699224 -544.78878784179676 393.05549621582037 -1561.7499999999998 -1237.2499999999998 -1285.0150146484373 402.01121520996099 636.49594116210949 674.41351318359386 -229.74999999999997 -961.24999999999989 588.47909545898449
decision_type=2 2 2 2 2 2 2 2 2 2 2 2 2 2 2 2 2 2 2 2 2 2 2 2 2 2 2 2 2 2
left_child=1 2 -1 -3 5 6 9 -8 -7 28 11 -11 -13 14 -6 16 17 -16 -19 -20 -18 -22 23 -23 -24 27 -27 -26 -2 -30
right_child=4 3 -4 -5 13 8 7 -9 -10 10 -12 12 -14 -15 15 -17 20 18 19 -21 21 22 24 -25 25 26 -28 -29 29 -31
leaf_value=-0.91950057057233969 0.92472538014769556 -6.4393802517110661 5.8887687530517585 -1.3648767996014972 -9.2430472271783017 -13.263564491271973 2.1124648731808331 18.61609950065613 -2.165655227016857 1.4728699530640694 -4.785069465637207 15.623279285430909 1.2689293422698975 -0.015569165573478344 0.85500172478602821 10.453884870529174 -1.8375771583298619 1.3582905722701033 16.631821660995485 5.6977123739801607 -7.0358213142553971 19.869432033300399 4.3700950217723848 -0.36075112084547678 -1.7454680670001173 10.004463296401793 -2.3984947626407331 2.2262283234862807 -0.83548259368413302 -9.8954259129131543
leaf_weight=52 625 55 25 66 21 20 43 21 262 73 32 33 25 19619 529 25 356 115 20 145 30 20 125 30 361 41 26 161 2059 34
leaf_count=52 625 55 25 66 21 20 43 21 262 73 32 33 25 19619 529 25 356 115 20 145 30 20 125 30 361 41 26 161 2059 34
internal_value=1.42353e-10 -1.74163 1.29098 -3.67147 0.0138764 -0.411515 -0.168179 7.52772 -2.95274 -0.33914 3.07784 4.99856 9.43606 0.0773586 0.98666 1.09494 0.975503 2.18455 4.69646 7.02306 0.124962 1.00489 1.32063 7.73132 0.871699 0.129255 5.19138 -0.520481 -0.544058 -0.982658
internal_weight=25049 198 77 121 24851 3227 2945 64 282 2881 163 131 58 21624 2005 1984 1959 809 280 165 1150 794 764 50 714 589 67 522 2718 2093
internal_count=25049 198 77 121 24851 3227 2945 64 282 2881 163 131 58 21624 2005 1984 1959 809 280 165 1150 794 764 50 714 589 67 522 2718 2093
is_linear=0
shrinkage=0.05


Tree=113
num_leaves=31
num_cat=0
split_feature=267 272 170 268 159 33 61 245 150 286 224 227 211 250 155 129 282 227 261 187 103 261 267 240 239 197 268 125 259 50
split_gain=240237 728686 1.16559e+06 704249 1.16967e+06 870665 1.04627e+06 800085 854218 691774 655876 756513 694578 884232 853172 1.13139e+06 866449 1.06456e+06 795191 692563 686193 890993 729066 644533 635186 958981 721738 662153 620981 610658
threshold=-632.24999999999989 -454.20620727539057 -185.24999999999997 -813.74999999999989 879.99746704101574 636.49594116210949 611.19790649414074 -1561.7499999999998 -1586.9999999999998 -231.96456146240232 -1523.2499999999998 -2029.4999999999998 -1186.9999999999998 369.50630187988287 -244.74999999999997 -606.74999999999989 -353.74999999999994 85.250000000000014 -582.24999999999989 500.19013977050787 349.07518005371099 -1022.2499999999999 -348.24999999999994 -729.24999999999989 -493.74999999999994 -784.74999999999989 -927.24999999999989 -792.84588623046864 -963.24999999999989 -1227.2499999999998
decision_type=2 2 2 2 2 2 2 2 2 2 2 2 2 2 2 2 2 2 2 2 2 2 2 2 2 2 2 2 2 2
left_child=1 2 23 4 5 6 10 8 -5 -3 11 -2 13 -12 24 -16 18 -18 20 -13 -17 -22 -23 28 27 -26 -27 29 -1 -14
right_child=3 9 -4 7 -6 -7 -8 -9 -10 -11 12 19 14 -15 15 16 17 -19 -20 -21 21 22 -24 -25 25 26 -28 -29 -30 -31
leaf_value=0.069590672679699456 4.5404328584671019 -9.1445912345635652 10.039852108405187 0.048218290702156399 10.349748848506383 -4.5396409438206602 10.637596885363262 -0.015828268033189367 -13.73292775587602 -0.087213492715680921 14.218173088630042 -2.267959122998374 0.22228280642093759 1.6832396801780254 12.450782098441289 5.0948734501429973 9.546610875356766 -3.694019775390625 7.6085481843640723 -13.572578191757202 2.1182770534797952 -3.2556009552695535 -14.206991763341996 5.0985722869279844 -10.470343307887807 -4.9456987147061326 3.3058738083209636 -3.3691323328018186 -3.7710419133570072 6.9637735884068377
leaf_weight=279 24 49 26 23 35 65 30 23488 22 37 24 42 78 34 29 35 63 20 31 20 54 55 21 42 34 53 53 55 169 59
leaf_count=279 24 49 26 23 35 65 30 23488 22 37 24 42 78 34 29 35 63 20 31 20 54 55 21 42 34 53 53 55 169 59
internal_value=1.27005e-09 -0.986754 -0.276578 0.0242985 1.38601 1.0291 1.47377 -0.0285892 -6.68923 -5.24781 1.12312 -2.99692 1.63074 6.87011 1.15593 3.05129 2.07428 6.3561 0.261059 -5.91461 -1.11938 -2.79245 -6.28164 -0.82398 -0.602422 -3.16359 -0.819912 1.2651 -1.37922 3.12555
internal_weight=25049 602 516 24447 914 879 814 23533 45 86 784 86 698 58 640 308 279 83 196 62 165 130 76 490 332 140 106 192 448 137
internal_count=25049 602 516 24447 914 879 814 23533 45 86 784 86 698 58 640 308 279 83 196 62 165 130 76 490 332 140 106 192 448 137
is_linear=0
shrinkage=0.05


Tree=114
num_leaves=31
num_cat=0
split_feature=253 261 211 124 124 34 119 282 173 40 225 148 151 274 261 32 110 276 120 54 258 208 260 274 279 281 217 288 101 266
split_gain=238444 1.2872e+06 1.01293e+06 914299 891685 834996 992454 899997 803254 931348 755833 884702 675720 757704 654959 954810 912213 1.19926e+06 1.38052e+06 1.34381e+06 786708 651548 638561 836169 822172 982592 902465 775210 753096 722559
threshold=-433.24999999999994 -604.74999999999989 2349.7500000000005 879.99746704101574 298.45228576660162 155.99798583984378 540.25000000000011 -486.24999999999994 299.94447326660162 279.67391967773443 235.25000000000003 369.75000000000006 -113.85250091552733 -180.24999999999997 -1139.7499999999998 -434.45249938964838 309.73963928222662 -170.74999999999997 -1464.2499999999998 359.82966613769537 -932.69274902343739 225.96083831787112 -296.74999999999994 -397.24999999999994 -359.55972290039057 -179.74999999999997 -664.74999999999989 44.250000000000007 -578.74999999999989 -338.74999999999994
decision_type=2 2 2 2 2 2 2 2 2 2 2 2 2 2 2 2 2 2 2 2 2 2 2 2 2 2 2 2 2 2
left_child=5 2 3 4 8 10 -7 -8 12 -10 14 -12 -2 -14 15 16 -1 18 -18 -20 -17 -16 24 27 25 26 -3 -24 -26 -29
right_child=1 22 -4 -5 -6 6 7 -9 9 -11 11 -13 13 -15 21 20 17 -19 19 -21 -22 -23 23 -25 28 -27 -28 29 -30 -31
leaf_value=-2.3169342641792601 0.48581580977886918 -13.970346396902332 -8.9466711417488423 10.123880940098918 0.87297147288482069 -3.4535174423470525 -2.5707635027516371 4.1214664897497961 16.54822278881073 3.9859077241685656 12.72042608165741 -1.3883636522293092 0.78520874977111821 11.714118055616106 2.8023504750545207 -4.5185696909936626 -1.1548276702562967 13.453940113261343 15.931126437187196 3.6409537706957309 5.2252403965702765 -0.89686121093828697 -3.6344964794490653 -0.028233335287908973 -13.638434847593309 0.93414834649146261 -0.70788806800184589 1.6170690240086736 -3.3579882701847454 11.097365948557854
leaf_weight=63 130 23 23 31 1195 416 99 102 25 36 25 20 29 35 130 89 102 32 30 86 27 1411 23 20305 20 269 29 37 163 44
leaf_count=63 130 23 23 31 1195 416 99 102 25 36 25 20 29 35 130 89 102 32 30 86 27 1411 23 20305 20 269 29 37 163 44
internal_value=-1.83933e-09 0.0528594 1.46568 1.62739 1.44574 -0.450209 -2.05961 0.825294 4.12988 9.1344 0.0425951 6.44985 2.5563 6.76196 -0.103764 1.62413 3.06014 4.41516 3.08836 6.81945 -2.25061 -0.584793 -0.0487466 -0.00532881 -1.80691 -0.282121 -6.57398 4.46656 -4.48153 6.76686
internal_weight=25049 22417 1504 1481 1450 2632 617 201 255 61 2015 45 194 64 1970 429 313 250 218 116 116 1541 20913 20409 504 321 52 104 183 81
internal_count=25049 22417 1504 1481 1450 2632 617 201 255 61 2015 45 194 64 1970 429 313 250 218 116 116 1541 20913 20409 504 321 52 104 183 81
is_linear=0
shrinkage=0.05


Tree=115
num_leaves=31
num_cat=0
split_feature=17 189 170 2 45 235 278 240 246 73 72 209 168 263 90 113 51 214 220 33 33 5 274 234 236 243 236 38 159 96
split_gain=236710 1.08343e+06 808529 903735 759422 1.07067e+06 772468 890222 826111 649264 1.23267e+06 1.24436e+06 857172 707628 1.15774e+06 726323 808775 673846 668568 635762 829215 909776 917968 893043 1.24763e+06 1.44723e+06 1.05872e+06 1.16796e+06 935966 889948
threshold=1056.2500000000002 1911.7500000000002 2018.7500000000002 121.75000000000001 1495.7500000000002 3105.5124511718755 570.11660766601574 -1256.4999999999998 1721.7500000000002 536.75000000000011 909.75000000000011 421.05970764160162 118.25000000000001 847.61999511718761 1214.8672485351565 1350.7500000000002 1538.7500000000002 684.59249877929699 184.25000000000003 1045.2505493164065 653.59622192382824 512.03503417968761 -419.74999999999994 -253.74999999999997 491.92401123046881 483.63320922851568 598.99819946289074 2973.2500000000005 350.09719848632818 422.71945190429693
decision_type=2 2 2 2 2 2 2 2 2 2 2 2 2 2 2 2 2 2 2 2 2 2 2 2 2 2 2 2 2 2
left_child=1 -1 3 -3 5 6 7 -2 -9 -6 -11 12 -12 14 -13 18 -17 -18 -16 20 21 22 -15 28 25 -25 27 -26 -24 -28
right_child=4 2 -4 -5 9 -7 -8 8 -10 10 11 13 -14 19 15 16 17 -19 -20 -21 -22 -23 23 24 26 -27 29 -29 -30 -31
leaf_value=0.052081649691514569 -11.120393852754074 1.9153995513916016 -2.6524160166581474 13.002982588410379 -5.3866144437415926 -10.407237953344982 3.2239218544628887 -0.89911622313497797 -10.869741083326794 4.0341260000050649 -2.8706249204029639 -5.5181695128188419 -13.606719303131104 9.3817203980905042 4.1970772087574009 -3.3932227877470162 7.592784875792427 -1.3991713228924523 16.264230823516847 -8.8557861423492437 4.128546544145947 -3.0506738159223952 4.0855123661182544 0.14452493493897639 4.5413305119464269 -12.482869591920272 -6.5130719267405004 19.017604704336687 -6.5020901872412011 4.2791871362262297
leaf_weight=19820 22 34 24 40 51 30 108 1936 21 206 120 34 22 27 24 39 74 29 22 20 121 237 27 1688 38 23 26 22 92 72
leaf_count=19820 22 34 24 40 51 30 108 1936 21 206 120 34 22 27 24 39 74 29 22 20 121 237 27 1688 38 23 26 22 92 72
internal_value=1.63171e-09 0.078012 5.32229 7.90869 -0.302834 -1.02864 -0.893828 -1.11855 -1.00611 0.206965 0.303243 0.0244759 -4.53396 0.272009 2.97243 4.50796 2.73912 5.06107 9.96832 0.021489 0.096308 -0.120344 0.224315 0.0999437 0.367347 -0.0252179 4.61848 9.8493 -4.09986 1.41593
internal_weight=25049 19918 98 74 5131 2117 2087 1979 1957 3014 2963 2757 142 2615 222 188 142 103 46 2393 2373 2252 2015 1988 1869 1711 158 60 119 98
internal_count=25049 19918 98 74 5131 2117 2087 1979 1957 3014 2963 2757 142 2615 222 188 142 103 46 2393 2373 2252 2015 1988 1869 1711 158 60 119 98
is_linear=0
shrinkage=0.05


Tree=116
num_leaves=31
num_cat=0
split_feature=92 133 232 86 155 113 1 124 112 72 77 134 5 86 114 235 38 66 132 3 118 131 93 127 141 120 269 292 212 182
split_gain=234876 1.21659e+06 1.2933e+06 1.1288e+06 1.14876e+06 817511 781940 871994 774395 951421 748156 745760 748562 737861 866885 863213 888609 810465 920958 1.09535e+06 713830 645781 627346 602858 649223 601285 557899 511655 1.0824e+06 1.1517e+06
threshold=-662.24999999999989 -151.24999999999997 -295.24999999999994 -967.74999999999989 -697.24999999999989 760.75000000000011 270.25000000000006 624.58282470703136 -485.74999999999994 -1477.7499999999998 -1280.7499999999998 -572.74999999999989 420.31375122070318 -1591.7499999999998 -864.74999999999989 -1525.992492675781 -752.74999999999989 -529.49999999999989 -657.56851196289051 -655.24999999999989 -1244.4767456054685 512.03503417968761 -917.24999999999989 -1445.4999999999998 -1528.2499999999998 -160.74999999999997 165.75000000000003 487.39910888671881 -619.24999999999989 -308.74999999999994
decision_type=2 2 2 2 2 2 2 2 2 2 2 2 2 2 2 2 2 2 2 2 2 2 2 2 2 2 2 2 2 2
left_child=1 8 -3 4 11 6 13 22 27 -10 -5 12 -2 -6 15 -15 -17 18 -16 26 -12 -4 -8 -22 -25 -21 -20 -1 29 -29
right_child=3 2 21 10 5 -7 7 -9 9 -11 20 -13 -14 14 17 16 -18 -19 19 25 23 -23 -24 24 -26 -27 -28 28 -30 -31
leaf_value=-0.21756159867163452 -0.75893428807847962 -15.329710820835571 -4.4645630894899373 -6.9115781026008811 -5.0878571166992188 12.853263378143311 -8.6242870428413152 6.9240077217419937 -12.606947199821473 -1.9074156439401273 8.8240397263804216 4.9748426734498059 -8.6718200694190131 13.50814054334486 1.244394896899488 1.8208722779527307 11.372895067759924 -5.376005404226242 7.7508270546242048 8.4872543204914432 -6.9567413683860542 2.7667913518300873 1.7390539454377216 8.2399921079476677 0.010922268744307868 -2.250682132691145 18.617008917672294 1.9138025678438984 -2.40305379660506 13.883444784936451
leaf_weight=5159 89 23 125 39 25 20 40 21 25 123 23 33 45 37 216 80 35 31 27 22 31 41 23 24 17999 32 21 467 152 21
leaf_count=5159 89 23 125 39 25 20 40 21 25 123 23 33 45 37 216 80 35 31 27 22 31 41 23 24 17999 32 21 467 152 21
internal_value=-2.75636e-09 -0.268802 -4.21807 0.0872081 1.92883 2.90616 2.58003 -1.89963 -0.143291 -3.71477 0.00618746 -1.75813 -3.41625 3.29541 3.71374 6.86528 4.72801 2.34115 3.09345 7.00909 0.0211121 -2.67851 -4.84085 0.00989757 0.0218804 2.12403 12.5048 -0.0521411 1.2813 2.42889
internal_weight=25049 6136 189 18913 797 630 610 84 5947 148 18116 167 134 526 501 152 115 349 318 102 18077 166 63 18054 18023 54 48 5799 640 488
internal_count=25049 6136 189 18913 797 630 610 84 5947 148 18116 167 134 526 501 152 115 349 318 102 18077 166 63 18054 18023 54 48 5799 640 488
is_linear=0
shrinkage=0.05


Tree=117
num_leaves=31
num_cat=0
split_feature=231 124 19 283 264 59 89 264 9 267 82 5 227 51 174 80 86 105 37 169 155 113 273 167 121 159 34 141 187 82
split_gain=231309 495591 1.10748e+06 983148 1.0856e+06 508311 747298 470505 445123 369772 355233 522894 489227 634744 335045 387410 592190 600869 545496 527906 848738 459552 829064 605542 512931 401475 567471 849574 551135 372954
threshold=1874.2500000000002 560.00579833984386 537.80807495117199 -312.74999999999994 578.96932983398449 1237.7500000000002 447.01040649414068 458.16539001464849 1513.7500000000002 1479.7500000000002 1045.2505493164065 1045.2505493164065 609.25000000000011 -737.24999999999989 3938.664672851563 3683.7500000000005 3007.7500000000005 3138.2500000000005 3734.5000000000005 2350.7500000000005 2042.2500000000002 3018.5000000000005 600.75000000000011 2570.362426757813 2363.7500000000005 1045.2505493164065 3815.8515625000005 1792.2500000000002 775.33657836914074 879.99746704101574
decision_type=2 2 2 2 2 2 2 2 2 2 2 2 2 2 2 2 2 2 2 2 2 2 2 2 2 2 2 2 2 2
left_child=10 3 -3 -2 5 -5 7 8 -7 -4 11 14 13 -12 15 16 17 21 -17 20 -18 23 -23 25 -25 26 29 28 -28 -1
right_child=1 2 9 4 -6 6 -8 -9 -10 -11 12 -13 -14 -15 -16 18 19 -19 -20 -21 -22 22 -24 24 -26 -27 27 -29 -30 -31
leaf_value=0.0035946224947737168 -7.0811176981244772 -11.888170612454415 -2.1025914296125756 8.7249885453118221 14.219092855354152 -3.8940411996841435 7.0392446581055141 -7.161912471276743 6.6549313020706187 4.8278117104580538 -1.9798214132721359 6.5921390199661261 2.5302235069274905 -13.035638904571535 -4.7673634297138943 9.6361547603607178 0.22484404087066651 6.4530942956606552 0.34828849531883421 0.30560946496757302 -13.261162798745293 -0.77240652676139565 -12.631783907413483 11.460590272858029 1.1232496382934707 6.3225612335205081 -14.103828457423621 3.0944705910152859 -3.8016010116128367 -5.9880233182356912
leaf_weight=24183 21 20 39 27 24 20 34 27 20 38 37 30 25 20 37 25 20 36 43 37 28 56 20 21 28 25 21 27 34 26
leaf_count=24183 21 20 39 27 24 20 34 27 20 38 37 30 25 20 37 25 20 36 43 37 28 56 20 21 28 25 21 27 34 26
internal_value=-9.12264e-10 1.45556 -1.40523 3.05959 4.46061 2.6309 1.00179 -2.062 1.38045 1.31761 -0.0158603 -0.00495168 -3.30135 -5.85906 -0.0129751 -0.00583286 -0.0162667 -0.00179906 3.76295 -4.18245 -7.64199 -0.0113067 -3.8933 0.000802111 5.55354 -0.0103874 -0.0169052 -4.16932 -7.73518 -0.00284026
internal_weight=25049 270 97 173 152 128 101 67 40 77 24779 24697 82 57 24667 24630 24562 24477 68 85 48 24441 76 24365 49 24316 24291 82 55 24209
internal_count=25049 270 97 173 152 128 101 67 40 77 24779 24697 82 57 24667 24630 24562 24477 68 85 48 24441 76 24365 49 24316 24291 82 55 24209
is_linear=0
shrinkage=0.05


Tree=118
num_leaves=31
num_cat=0
split_feature=199 199 219 275 288 141 192 128 226 118 274 169 147 120 257 23 80 86 248 197 61 113 61 224 61 130 93 8 162 248
split_gain=229217 1.04269e+06 933760 876330 846835 841204 836466 1.04574e+06 946519 1.01665e+06 824890 796848 819246 806025 1.10585e+06 793996 745513 740844 725631 1.20552e+06 724904 817371 823180 745625 712843 695609 913088 1.43303e+06 939351 897869
threshold=-547.74999999999989 -248.24999999999997 305.25000000000006 95.250000000000014 680.25000000000011 1792.2500000000002 -385.74999999999994 -152.24999999999997 17.250000000000004 -1149.2172851562498 364.75000000000006 -652.74999999999989 -1193.7499999999998 -873.74999999999989 363.53092956542974 -2552.2499999999995 862.25000000000011 -1546.2499999999998 472.25000000000006 -259.24999999999994 374.82846069335943 538.75000000000011 319.03213500976568 -698.74999999999989 278.73893737792974 -1108.9799804687498 -1400.7499999999998 -1609.7499999999998 130.75000000000003 -548.74999999999989
decision_type=2 2 2 2 2 2 2 2 2 2 2 2 2 2 2 2 2 2 2 2 2 2 2 2 2 2 2 2 2 2
left_child=3 2 5 4 6 15 7 8 11 -10 -8 -1 13 14 24 -2 17 -5 -17 -20 21 -9 -23 -24 -13 29 28 -28 -27 -3
right_child=1 25 -4 16 -6 -7 10 20 9 -11 -12 12 -14 -15 -16 18 -18 -19 19 -21 -22 22 23 -25 -26 26 27 -29 -30 -31
leaf_value=-0.27844510068761658 -5.2586759978582212 -2.8713659409776722 -10.653501772880555 5.7011885753785725 -9.6673842820254237 8.9887109891934838 2.2085166326884567 -2.6917242587574068 15.443959054492769 1.1955276072505983 12.851353222727775 1.7275481882194681 0.70937713525655399 12.057709282842175 -1.4028574195892916 -0.8102418367926133 11.665463095361538 0.45047897369952872 11.340165586182566 -0.63019301726900301 -4.3284427338056437 -1.6500942210356397 2.131062512170701 15.620617571026088 13.28860356171926 -1.140720173496528 11.510904859723869 -0.020684089042548759 -8.4233537515004482 1.0916621157839566
leaf_weight=3329 98 152 24 99 22 22 203 124 21 31 20 24 1521 29 69 3599 22 209 33 58 221 36 21 20 30 149 27 12380 63 2393
leaf_count=3329 98 152 24 99 22 22 203 124 21 31 20 24 1521 29 69 3599 22 209 33 58 221 36 21 20 30 149 27 12380 63 2393
internal_value=2.07498e-10 -0.0853607 -0.822031 0.268002 0.123488 -0.760101 0.161284 0.0390432 0.238702 6.9497 3.16303 0.168935 1.05915 4.55918 2.79124 -0.81672 2.77336 2.13821 -0.69875 3.71071 -2.35213 -0.179167 3.86703 8.71133 8.15036 0.100896 -0.0511858 0.00441085 -3.3049 0.85497
internal_weight=25049 18998 3834 6051 5721 3810 5699 5476 5054 52 223 5002 1673 152 123 3788 330 308 3690 91 422 201 77 41 54 15164 12619 12407 212 2545
internal_count=25049 18998 3834 6051 5721 3810 5699 5476 5054 52 223 5002 1673 152 123 3788 330 308 3690 91 422 201 77 41 54 15164 12619 12407 212 2545
is_linear=0
shrinkage=0.05


Tree=119
num_leaves=31
num_cat=0
split_feature=261 56 56 274 240 81 226 211 152 283 16 233 175 239 16 260 71 274 71 114 236 57 206 282 44 129 155 128 54 262
split_gain=228685 672969 900436 733139 904660 660689 932278 1.19577e+06 769747 828520 752478 724655 1.48292e+06 1.08592e+06 832906 944263 1.27596e+06 760388 723771 968466 881452 812849 693552 781524 1.80466e+06 668860 1.13147e+06 770396 705837 694988
threshold=-132.24999999999997 -1223.2499999999998 -1238.7499999999998 708.50000000000011 -88.749999999999986 -1179.1124877929685 -677.74999999999989 -943.74999999999989 491.92401123046881 80.250000000000014 -1353.2499999999998 50.250000000000007 -892.74999999999989 970.25000000000011 -838.74999999999989 1016.7500000000001 322.75000000000006 643.25000000000011 -659.74999999999989 -775.24999999999989 314.69517517089849 -1417.9999999999998 231.75000000000003 217.75000000000003 -1059.7499999999998 1052.7500000000002 1147.2500000000002 934.75000000000011 340.21730041503912 145.25000000000003
decision_type=2 2 2 2 2 2 2 2 2 2 2 2 2 2 2 2 2 2 2 2 2 2 2 2 2 2 2 2 2 2
left_child=1 2 -1 -3 -5 6 7 -2 9 -9 -11 13 -13 22 15 16 17 18 19 21 -21 -14 23 25 -25 26 29 -27 -29 -7
right_child=5 3 -4 4 -6 11 -8 8 -10 10 -12 12 14 -15 -16 -17 -18 -19 -20 20 -22 -23 -24 24 -26 27 -28 28 -30 -31
leaf_value=-0.3838304977878928 5.012458414381201 0.29364805242101449 -6.2446072856881729 1.3035607662965667 12.548003528736256 -1.3860019100437138 0.94954247769979971 -5.5230981115038915 -12.314762874603272 6.1882805325694994 -5.849278738498688 8.9245118234468546 5.5141495819091801 -9.9635510690284494 0.091491529775959674 3.6526791319014538 -10.24457334383176 -7.6271290121078499 -2.9427307038039894 1.6058430845087228 14.356789945519489 -5.5279214797019964 -2.255116109275844 17.187493036985398 0.70660781090204816 -12.75374927520752 9.1691766055425017 -7.3280219266812017 1.214337960068594 0.34040629622275964
leaf_weight=3000 44 10380 67 53 27 1285 2018 105 25 37 20 46 25 33 5390 63 52 50 194 33 23 50 693 20 98 22 30 42 57 1067
leaf_count=3000 44 10380 67 53 27 1285 2018 105 25 37 20 46 25 33 5390 63 52 50 194 33 23 50 693 20 98 22 30 42 57 1067
internal_value=1.90207e-09 0.13943 -0.511862 0.330397 5.09856 -0.163693 0.605118 -2.40375 -4.14874 -2.88855 1.96458 -0.350155 -0.0179753 -0.938291 -0.0879335 -2.06161 -2.9047 -1.88691 -1.00379 1.86761 6.84284 -1.84723 -0.84842 -0.476485 3.49998 -0.66395 -0.479733 -4.29043 -2.40969 -0.602806
internal_weight=25049 13527 3067 10460 80 11522 2249 231 187 162 57 9273 5926 3347 5880 490 427 375 325 131 56 75 3314 2621 118 2503 2382 121 99 2352
internal_count=25049 13527 3067 10460 80 11522 2249 231 187 162 57 9273 5926 3347 5880 490 427 375 325 131 56 75 3314 2621 118 2503 2382 121 99 2352
is_linear=0
shrinkage=0.05


Tree=120
num_leaves=31
num_cat=0
split_feature=261 276 239 253 85 212 260 5 288 226 10 278 238 149 185 158 148 241 163 84 50 25 273 212 123 131 47 275 72 169
split_gain=228849 878332 704471 686830 1.00224e+06 1.05571e+06 745015 1.22158e+06 798132 833473 734220 646493 626028 723325 892241 796804 715889 804294 956505 985008 959161 843344 1.01963e+06 798379 705460 880011 1.64447e+06 679450 668193 645997
threshold=291.25000000000006 116.25000000000001 155.25000000000003 557.75000000000011 -1415.7499999999998 -499.24999999999994 759.50000000000011 388.53430175781256 653.75000000000011 327.75000000000006 -1374.7499999999998 187.88098144531253 -4.7499999999999991 -1233.7499999999998 -605.74999999999989 -82.342498779296861 -501.74999999999994 25.250000000000004 -369.74999999999994 26.250000000000004 -206.74999999999997 -1694.470031738281 34.250000000000007 114.75000000000001 -1029.052551269531 436.54501342773443 480.18733215332037 303.75000000000006 -477.24999999999994 3856.0000000000005
decision_type=2 2 2 2 2 2 2 2 2 2 2 2 2 2 2 2 2 2 2 2 2 2 2 2 2 2 2 2 2 2
left_child=3 -2 -3 6 5 -5 8 -8 -1 10 -10 -4 27 -14 15 -15 -16 -18 23 21 -21 22 -20 -19 -23 28 -27 -6 -26 -22
right_child=1 2 11 4 12 -7 7 -9 9 -11 -12 -13 13 14 16 -17 17 18 19 20 29 24 -24 -25 25 26 -28 -29 -30 -31
leaf_value=-0.023290303427061315 -1.824264317486227 -4.5920485451251647 -6.0280306071769907 16.88422103881836 -3.4981139218062163 1.7278548947087042 -2.9181252596839782 9.8152552061559017 -10.610944681167602 -13.577943849563599 0.34427198996910685 0.30066298123596236 -5.4105167343502956 1.5537335932254792 8.1241062991959705 15.667594795227053 9.4501156753963897 -0.29661718148451588 -8.5917514922442262 -9.6670019792473845 0.83839524474286697 12.749932704653059 3.6002738572181543 -9.0786579553471061 -0.71664972364902502 20.046867504986849 0.92569712244946034 5.6073306461175285 6.4425020062923437 -6.7209081485353668
leaf_weight=19475 805 79 41 20 140 27 31 48 20 20 65 2557 42 20 35 20 27 65 27 23 1111 28 47 43 80 22 23 24 55 29
leaf_count=19475 805 79 41 20 140 27 31 48 20 20 65 2557 42 20 35 20 27 65 27 23 1111 28 47 43 80 22 23 24 55 29
internal_value=-1.35117e-09 -0.376123 0.0593478 0.0607251 0.96644 8.17737 -0.0271788 4.81861 -0.0467303 -4.39429 -2.23343 0.200788 0.784326 1.06941 1.23386 8.61066 1.05115 0.89447 0.745724 1.08496 0.442141 3.73603 -0.848168 -3.79317 5.36695 4.21849 10.2738 -2.16561 2.20004 0.646097
internal_weight=25049 3482 2677 21567 1908 47 19659 79 19580 105 85 2598 1861 1697 1655 40 1615 1580 1553 1445 1163 282 74 108 208 180 45 164 135 1140
internal_count=25049 3482 2677 21567 1908 47 19659 79 19580 105 85 2598 1861 1697 1655 40 1615 1580 1553 1445 1163 282 74 108 208 180 45 164 135 1140
is_linear=0
shrinkage=0.05


Tree=121
num_leaves=31
num_cat=0
split_feature=289 240 286 15 145 6 15 254 142 267 9 159 90 105 50 248 132 169 183 106 246 292 24 281 146 203 190 257 247 254
split_gain=230991 397636 708838 826232 424402 379299 606953 407356 792874 594596 422919 525671 525242 471502 708818 658671 628703 745487 495591 533324 479949 454390 423508 402867 388610 376577 816479 817990 422878 442406
threshold=-32.249999999999993 406.75000000000006 323.80242919921881 -386.24999999999994 570.11660766601574 -3090.694458007812 -2181.2499999999995 -163.74999999999997 680.25000000000011 547.25000000000011 -1641.7499999999998 370.85237121582037 -1107.0338134765623 -450.74999999999994 312.75000000000006 -34.749999999999993 239.94716644287112 572.75000000000011 137.75000000000003 232.75000000000003 238.25000000000003 271.68469238281256 -238.24999999999997 323.75000000000006 -917.13357543945301 1.0000000180025095e-35 448.25000000000006 220.51004028320315 -124.74999999999999 196.75000000000003
decision_type=2 2 2 2 2 2 2 2 2 2 2 2 2 2 2 2 2 2 2 2 2 2 2 2 2 2 2 2 2 2
left_child=-1 5 3 -3 -4 -2 -7 8 9 -8 11 -9 -12 22 16 -16 17 18 20 21 -15 -20 24 -24 -14 -17 27 -27 -28 -30
right_child=1 2 4 -5 -6 6 7 10 -10 -11 12 -13 13 14 15 25 -18 -19 19 -21 -22 -23 23 -25 -26 26 28 -29 29 -31
leaf_value=-0.052181263776997493 -5.975062169075013 0.67430174549420674 1.4929868124138852 13.539416944063627 -4.7629578393081138 6.9478882894371496 0.71222684574728412 -1.1568638789348114 5.7260783025087463 -6.4564091364542655 4.575969207961605 -10.968939241908846 -8.0636905217170725 3.5187485870562103 -6.6417713875673261 2.381814013371307 8.2821964376112991 -5.7448465095247547 4.313073827964919 -0.82513156858357517 -2.5011057857848424 12.660257139413254 -12.354678981304168 -2.3189038729667666 -0.59198371908669156 0.78806499559052146 -6.4769824663798019 -7.2890410691842265 2.6028590984158702 -1.6181204781509362
leaf_weight=22403 25 24 416 26 29 33 808 39 78 30 53 21 20 57 49 89 34 35 56 33 79 23 20 20 134 49 21 87 154 104
leaf_count=22403 25 24 416 26 29 33 808 39 78 30 53 21 20 57 49 89 34 35 56 33 79 23 20 20 134 49 21 87 154 104
internal_value=-4.59876e-10 0.441805 1.71952 7.36416 1.0853 0.147769 0.219769 0.113688 0.90439 0.455593 -0.501676 -4.59109 -0.282012 -0.523998 -0.0269684 -1.10752 1.85803 1.08622 2.05028 4.51329 0.0219214 6.74327 -2.75294 -7.33679 -1.56234 -0.569466 -1.20239 -4.37891 0.346018 0.901379
internal_weight=25049 2646 495 50 445 2151 2126 2093 916 838 1177 60 1117 1064 870 553 317 283 248 112 136 79 194 40 154 504 415 136 279 258
internal_count=25049 2646 495 50 445 2151 2126 2093 916 838 1177 60 1117 1064 870 553 317 283 248 112 136 79 194 40 154 504 415 136 279 258
is_linear=0
shrinkage=0.05


Tree=122
num_leaves=31
num_cat=0
split_feature=138 117 110 134 138 40 43 97 169 97 35 96 45 233 258 260 73 73 117 180 289 66 142 209 177 260 71 201 283 289
split_gain=219460 267186 265620 793887 870695 362789 445400 821829 761343 680255 655354 824868 650146 842376 1.08867e+06 917871 612850 673280 1.25656e+06 828012 598034 576315 556676 1.24977e+06 949540 662654 837978 1.63356e+06 802207 1.06122e+06
threshold=188.26058197021487 172.44118499755862 204.27845764160159 -549.74999999999989 218.12395477294925 227.70919036865237 -994.74999999999989 -992.10861206054676 -762.74999999999989 -1004.3572692871093 -1160.7499999999998 467.49603271484381 -1281.7499999999998 -909.74999999999989 -551.34533691406239 -219.74999999999997 -1524.4999999999998 -1364.2499999999998 441.63258361816412 480.18733215332037 -6.2499999999999991 -1239.4999999999998 -19.249999999999996 -151.0748596191406 478.25000000000006 174.75000000000003 -844.74999999999989 464.46438598632818 -363.74999999999994 -457.24999999999994
decision_type=2 2 2 2 2 2 2 2 2 2 2 2 2 2 2 2 2 2 2 2 2 2 2 2 2 2 2 2 2 2
left_child=-1 -2 3 4 -3 -4 7 9 -9 22 -10 -12 13 15 -15 -8 21 18 -18 -20 -19 -14 25 -24 -25 26 -7 -28 -27 -30
right_child=1 2 5 -5 -6 6 12 8 10 -11 11 -13 16 14 -16 -17 17 20 19 -21 -22 -23 23 24 -26 28 27 -29 29 -31
leaf_value=-1.0423440231879553 -5.7557524561882021 2.1012829470273222 -0.70570014872701448 0.068208889759182073 10.683664132489099 -0.88638568530687634 5.0878366041183476 -8.5784259544951578 0.16446580689972692 8.0072679729461669 -2.7637039655714895 -14.001095969676971 -1.363427451954734 12.488718968782671 1.9218512603869806 -9.8789314694347841 0.16250188873738658 0.091830746769650362 17.146226091818377 4.3754252517223362 2.2974168611029846 -8.3860535922977668 -14.85247640382676 5.294891717657447 -6.8856529809534557 -8.0933306614557914 0.879657787291238 15.040767773714933 12.558428649902345 0.91903354771910828
leaf_weight=495 20 165 1719 691 36 2417 20 49 166 25 89 20 155 39 65 21 98 16993 22 30 313 36 21 32 32 24 274 22 20 940
leaf_count=495 20 165 1719 691 36 2417 20 49 166 25 89 20 155 39 65 21 98 16993 22 30 313 36 21 32 32 24 274 22 20 940
internal_value=-6.47107e-10 0.0210133 0.0257225 0.872708 3.63843 -0.00623385 0.0486119 -0.419102 -2.83652 -0.213364 -1.81342 -4.82561 0.157207 3.49158 5.88443 -2.57807 0.129809 0.160631 3.49603 9.77846 0.131721 -2.68706 -0.267704 -4.26831 -0.795381 -0.175724 -0.578869 1.93217 0.935793 1.16152
internal_weight=25049 24554 24534 892 201 23642 21923 4131 324 3807 275 109 17792 145 104 41 17647 17456 150 52 17306 191 3782 85 64 3697 2713 296 984 960
internal_count=25049 24554 24534 892 201 23642 21923 4131 324 3807 275 109 17792 145 104 41 17647 17456 150 52 17306 191 3782 85 64 3697 2713 296 984 960
is_linear=0
shrinkage=0.05


Tree=123
num_leaves=31
num_cat=0
split_feature=261 274 169 204 165 127 160 197 257 252 289 292 218 278 245 203 175 34 200 274 243 249 79 140 8 272 267 175 267 212
split_gain=221729 718548 1.25224e+06 752358 566194 1.16982e+06 1.8006e+06 1.59889e+06 882317 801630 741961 812138 1.11088e+06 746737 1.57805e+06 893388 1.20653e+06 809753 719259 843973 843308 848388 837362 684583 647535 1.0741e+06 797134 667795 1.06021e+06 734341
threshold=-209.74999999999997 401.75000000000006 2482.2500000000005 2273.5000000000005 -1042.3324584960935 -711.24999999999989 -1156.3414306640623 -108.74999999999999 560.00579833984386 1191.7500000000002 -535.24999999999989 386.04539489746099 1302.7500000000002 363.53092956542974 391.25000000000006 377.75000000000006 507.25000000000006 -1932.3951416015623 -2118.994995117187 501.75000000000006 480.18733215332037 -1391.605041503906 -123.24999999999999 215.25000000000003 229.25000000000003 1100.7481079101565 1479.7500000000002 -815.74999999999989 425.25000000000006 -434.74999999999994
decision_type=2 2 2 2 2 2 2 2 2 2 2 2 2 2 2 2 2 2 2 2 2 2 2 2 2 2 2 2 2 2
left_child=1 3 -3 -1 5 8 7 -7 -2 10 -8 13 18 15 -15 16 17 -12 -13 -20 21 -21 -22 -19 25 26 27 28 29 -6
right_child=4 2 -4 -5 24 6 9 -9 -10 -11 11 12 -14 14 -16 -17 -18 23 19 20 22 -23 -24 -25 -26 -27 -28 -29 -30 -31
leaf_value=0.093859500301557292 -0.63952279809318602 1.3164327397836486 11.639108740322051 -6.863178880092426 -1.8565044359020566 2.4648914883265629 10.15483611424764 18.145104715330849 -9.2160860994169802 10.015794992446899 10.750417336550626 -8.1666444160721525 7.2772204139653374 2.1611417238177224 16.870268216340438 -2.2041263968412141 13.375307028634209 1.4391071568121458 -4.0448371076420564 5.6757882051169872 13.389255409439407 -4.0292522601783274 -0.11555541970513084 -3.4740354297997116 -0.017551943465267859 -11.603879906820215 8.5140681142392367 -1.0304745956963206 6.1818788446574695 4.7748382198037929
leaf_weight=10915 918 562 31 39 184 37 21 29 31 24 22 44 34 88 23 192 21 895 146 32 24 76 22 77 6999 23 23 3379 84 54
leaf_count=10915 918 562 31 39 184 37 21 29 31 24 22 44 34 88 23 192 21 895 146 32 24 76 22 77 6999 23 23 3379 84 54
internal_value=2.11029e-09 0.160861 1.85607 0.0690901 -0.137569 0.501779 1.2483 9.35468 -0.919685 0.940996 0.81415 0.698493 -1.34458 1.28444 5.20898 0.923528 1.51516 1.2646 -2.19673 -1.32115 1.26105 -1.15368 6.93043 1.0499 -0.301541 -0.832003 -0.765475 -0.823143 1.35255 -0.351914
internal_weight=25049 11547 593 10954 13502 2756 1807 66 949 1741 1717 1696 378 1318 111 1207 1015 994 344 300 154 108 46 972 10746 3747 3724 3701 322 238
internal_count=25049 11547 593 10954 13502 2756 1807 66 949 1741 1717 1696 378 1318 111 1207 1015 994 344 300 154 108 46 972 10746 3747 3724 3701 322 238
is_linear=0
shrinkage=0.05


Tree=124
num_leaves=31
num_cat=0
split_feature=22 22 289 270 67 68 199 267 16 28 145 201 85 157 44 36 288 144 210 197 29 113 78 4 10 109 85 54 122 65
split_gain=218863 1.1254e+06 805962 886142 1.01925e+06 1.08679e+06 808920 769956 829316 941703 817714 1.06962e+06 1.22695e+06 1.14279e+06 869755 1.01038e+06 854752 743753 803037 729715 713954 1.23724e+06 1.14333e+06 2.17182e+06 1.29419e+06 1.05414e+06 1.00246e+06 883865 883684 1.11171e+06
threshold=1092.0000000000002 779.00000000000011 -639.74999999999989 1942.332458496094 2056.6650390625005 314.81321716308599 -817.24999999999989 502.75000000000006 443.25000000000006 715.25000000000011 473.41499328613287 416.59812927246099 1203.2500000000002 748.25000000000011 762.25000000000011 1108.2500000000002 166.75000000000003 459.33749389648443 1051.2500000000002 2333.0000000000005 467.25000000000006 887.75000000000011 159.25000000000003 1311.9175415039065 -536.74999999999989 3053.1750488281255 1164.7500000000002 327.64707946777349 80.250000000000014 -1215.2499999999998
decision_type=2 2 2 2 2 2 2 2 2 2 2 2 2 2 2 2 2 2 2 2 2 2 2 2 2 2 2 2 2 2
left_child=1 19 -3 4 5 17 -7 10 9 -9 11 12 14 -14 15 -8 -13 18 -4 20 21 25 23 -23 -24 26 28 -26 -1 -30
right_child=-2 2 3 -5 -6 6 7 8 -10 -11 -12 16 13 -15 -16 -17 -18 -19 -20 -21 -22 22 24 -25 27 -27 -28 -29 29 -31
leaf_value=0.14743752618146971 -0.27165573298472001 -7.9819676026054056 -0.67053840669010223 9.2015107313791926 -2.5189467953145503 -2.6397405945021535 3.7768458300169963 2.1582606006413698 3.0971948478648912 -10.069345581916071 10.440227799145681 3.8047345395271592 21.376080055236816 5.8401335617591599 -2.3015714140499344 13.634086985423648 -8.7851387066500521 1.7079083406592457 -9.0270482897758484 9.5075933712720868 -0.92221702409331974 3.4314555380079486 -3.2853127617481328 21.830073928833009 0.3823487272103801 -11.498159011602404 9.7978135915902946 4.8409471059838936 4.2409371100220028 -1.0862498004054275
leaf_weight=12284 5721 23 283 36 160 58 251 32 134 31 53 26 20 29 51 29 28 412 32 20 2064 81 121 20 229 20 26 216 102 2457
leaf_count=12284 5721 23 283 36 160 58 251 32 134 31 53 26 20 29 51 29 28 412 32 20 2064 81 121 20 229 20 26 216 102 2457
internal_value=4.54831e-10 0.0804089 1.31378 1.44219 1.27071 1.68347 3.02963 3.51037 0.872785 -3.8585 4.57732 3.86134 4.79706 12.1813 3.70392 4.79777 -2.72335 0.309533 -1.51945 -0.0376141 -0.0484486 0.0674847 2.17426 7.07475 1.29979 -0.0268949 -0.0114651 2.54652 -0.0286477 -0.873912
internal_weight=25049 19328 1688 1665 1629 1469 742 684 197 63 487 434 380 49 331 280 54 727 315 17640 17620 15556 667 101 566 14889 14869 445 14843 2559
internal_count=25049 19328 1688 1665 1629 1469 742 684 197 63 487 434 380 49 331 280 54 727 315 17640 17620 15556 667 101 566 14889 14869 445 14843 2559
is_linear=0
shrinkage=0.05


Tree=125
num_leaves=31
num_cat=0
split_feature=56 57 85 268 261 231 164 115 259 61 222 137 246 261 68 149 50 256 12 54 255 93 206 104 198 15 253 204 264 120
split_gain=218341 921052 756844 578723 572577 1.23235e+06 939491 904178 669564 586450 1.27149e+06 1.00779e+06 954407 1.45538e+06 568444 544122 533767 532850 571052 904444 1.85556e+06 661641 708144 635503 853406 824936 604421 798976 725023 662425
threshold=-1223.2499999999998 -845.24999999999989 -380.74999999999994 -112.74999999999999 1.0000000180025095e-35 432.25000000000006 248.25000000000003 -289.74999999999994 62.250000000000007 588.47909545898449 611.19790649414074 -2399.572387695312 -538.74999999999989 -712.24999999999989 192.39028930664065 -1689.2499999999998 -1246.2499999999998 410.63499450683599 293.47581481933599 300.92503356933599 192.25000000000003 -1062.2499999999998 1.0000000180025095e-35 -2992.6179199218745 -1831.9999999999998 -2881.7499999999995 357.75000000000006 -78.249999999999986 388.53430175781256 -681.74999999999989
decision_type=2 2 2 2 2 2 2 2 2 2 2 2 2 2 2 2 2 2 2 2 2 2 2 2 2 2 2 2 2 2
left_child=1 3 16 4 5 6 9 -8 -7 10 14 -11 -13 -14 -1 -15 -3 18 -5 20 -20 23 -23 -21 -25 -26 -27 28 -28 -29
right_child=-2 2 -4 17 -6 8 7 -9 -10 11 -12 12 13 15 -16 -17 -18 -19 19 21 -22 22 -24 24 25 26 27 29 -30 -31
leaf_value=5.0781831133094704 0.065410648054626194 4.6665422352877526 -10.611535743120555 -1.0067828053636336 -4.8449815864625734 2.7305309367902351 -14.687738446567369 -0.33780582745869958 14.324492859840394 11.446862472479161 -12.62767958207564 -3.8362507733087692 14.677123641967775 -6.4175763311840246 -0.6537651689644246 3.940318647027016 -4.4588396881596521 -7.0724610828218006 0.35612385466292101 -5.1297837288148944 17.989364917755129 -6.5550885261510903 1.5082002793039595 12.113310832069034 10.517908928486017 -0.066114674129728546 13.450486893807687 -1.9499253088633222 3.4194307316181276 5.2371030070952012
leaf_weight=44 20938 22 37 268 76 33 23 21 20 26 22 63 24 21 2550 32 59 21 37 31 25 53 56 21 26 295 31 75 43 56
leaf_count=44 20938 22 37 268 76 33 23 21 20 26 22 63 24 21 2550 32 59 21 37 31 25 53 56 21 26 295 31 75 43 56
internal_value=-1.10661e-09 -0.333147 -4.68673 -0.204491 -0.561251 -0.448169 -0.589836 -7.83891 7.10561 -0.475185 -0.658054 2.40667 0.727773 4.46197 -0.556539 -0.163753 -1.98034 0.811139 0.973928 1.68265 7.4663 1.16069 -2.41248 1.83452 2.22921 1.83459 1.38306 3.46846 7.62163 1.12239
internal_weight=25049 4111 118 3993 2955 2879 2826 44 53 2782 2616 166 140 77 2594 53 81 1038 1017 749 62 687 109 578 547 526 500 205 74 131
internal_count=25049 4111 118 3993 2955 2879 2826 44 53 2782 2616 166 140 77 2594 53 81 1038 1017 749 62 687 109 578 547 526 500 205 74 131
is_linear=0
shrinkage=0.05


Tree=126
num_leaves=31
num_cat=0
split_feature=58 118 275 288 103 96 288 124 40 198 233 261 240 239 227 239 113 282 168 141 160 262 51 25 272 115 197 269 131 222
split_gain=213275 1.02358e+06 1.00986e+06 658406 701459 1.22367e+06 1.09363e+06 875018 983422 1.13114e+06 779126 1.25312e+06 824630 968062 824348 730948 682848 661164 647568 628980 498839 534753 471292 869702 698647 657028 1.07376e+06 606331 955752 989000
threshold=2563.5000000000005 2756.8142089843755 -206.24999999999997 1187.0000000000002 674.41351318359386 588.47909545898449 452.75000000000006 491.92401123046881 552.32839965820324 1122.7500000000002 -521.74999999999989 -132.24999999999997 -264.74999999999994 1050.2500000000002 281.25000000000006 1712.7500000000002 3018.5000000000005 178.25000000000003 2292.0000000000005 3447.5000000000005 2612.8742675781255 1651.2500000000002 2166.0000000000005 632.94247436523449 1889.8634033203127 2477.7500000000005 1457.2500000000002 -209.74999999999997 505.92158508300787 444.00724792480474
decision_type=2 2 2 2 2 2 2 2 2 2 2 2 2 2 2 2 2 2 2 2 2 2 2 2 2 2 2 2 2 2
left_child=1 20 -3 4 5 7 -6 10 9 -9 -2 12 -12 -14 -13 -7 18 19 -16 -18 21 22 24 -24 25 -1 -27 -25 29 -29
right_child=3 2 -4 -5 6 15 -8 8 -10 -11 11 14 13 -15 16 -17 17 -19 -20 -21 -22 -23 23 27 -26 26 -28 28 -30 -31
leaf_value=-0.0029636953857285833 -6.7303548124101429 -15.736343230009078 -1.917278960423592 -7.0684414577484134 0.11392377482520209 -13.412871640661487 12.925713673714668 4.6417720844348276 -0.36250360012054444 18.854076714742753 15.284115352630616 -9.0540464419585014 -1.6642286638418835 11.143296894073487 1.0070574361240041 -1.1762769928345314 -2.4458647004393645 2.726115051182834 10.213156767324968 -12.840271349183539 6.545806652924111 6.3447519219282906 5.4794043174156783 -6.9767535952727009 -9.3357186365127571 10.815182593062119 -0.24207706076127514 -1.6962045755842532 5.6339519285574191 -12.71039510315115
leaf_weight=23722 36 20 39 25 36 23 31 42 44 21 20 26 36 25 145 26 43 33 22 22 29 33 39 60 20 37 54 277 41 22
leaf_count=23722 36 20 39 25 36 23 31 42 44 21 20 26 36 25 145 26 43 33 22 22 29 33 39 60 20 37 54 277 41 22
internal_value=1.47844e-09 -0.0239257 -6.60171 0.889663 1.20496 0.630375 6.04177 1.34876 5.37327 9.37921 0.293311 0.973021 6.47349 3.58476 -0.558037 -6.91998 0.275534 -3.03772 2.21984 -5.96397 -0.00797724 -0.015797 -0.0244448 -1.64782 0.00545758 0.013303 4.25373 -2.34273 -1.52496 -2.50661
internal_weight=25049 24393 59 656 631 564 67 515 107 63 408 372 81 61 291 49 265 98 167 65 24334 24305 24272 439 23833 23813 91 400 340 299
internal_count=25049 24393 59 656 631 564 67 515 107 63 408 372 81 61 291 49 265 98 167 65 24334 24305 24272 439 23833 23813 91 400 340 299
is_linear=0
shrinkage=0.05


Tree=127
num_leaves=31
num_cat=0
split_feature=254 211 232 156 142 245 58 76 132 146 287 92 198 247 247 233 155 135 286 220 69 184 156 253 253 55 230 157 223 114
split_gain=214728 995950 1.27594e+06 871690 1.55097e+06 835023 979190 1.00277e+06 991862 900297 862237 1.31839e+06 844606 812179 1.12031e+06 882386 794487 1.17918e+06 791579 781055 763925 780645 739331 802718 877442 736068 668465 989864 806583 659836
threshold=-422.24999999999994 2349.7500000000005 1348.5000000000002 665.25000000000011 522.75000000000011 -44.749999999999993 1227.7500000000002 1476.5232543945315 943.57791137695324 628.45925903320324 -178.74999999999997 1349.7500000000002 483.25000000000006 -397.24999999999994 -451.74999999999994 58.250000000000007 837.75000000000011 -117.24999999999999 -530.24560546874989 590.75000000000011 -764.46530151367176 -790.24999999999989 507.75000000000006 -126.74999999999999 -392.24999999999994 -1870.6481933593748 -1067.1559448242185 -1235.2499999999998 -1250.8046264648435 294.25000000000006
decision_type=2 2 2 2 2 2 2 2 2 2 2 2 2 2 2 2 2 2 2 2 2 2 2 2 2 2 2 2 2 2
left_child=1 2 3 4 5 6 8 -8 9 12 -10 -12 16 14 15 -7 19 -18 20 29 21 -2 23 24 -6 -15 27 28 -20 -1
right_child=18 -3 -4 -5 22 13 7 -9 10 -11 11 -13 -14 25 -16 -17 17 -19 26 -21 -22 -23 -24 -25 -26 -27 -28 -29 -30 -31
leaf_value=0.1322722147609178 -0.95695414113984933 -10.917004235684871 11.312656248532811 -1.9207308489563211 5.6185114371015672 -0.38065808854013122 -9.9635929055835888 -1.3383586202348983 -1.7448725010667527 -4.2587351971145333 2.9355724771817524 18.260629782469376 8.0468982920927168 -7.5125751412433139 15.28607434492845 10.865089981372542 2.8707200050354005 -13.147393781167489 2.7278590261936189 -9.4299111774989548 -8.9550698795834105 -9.1649151109880034 8.031658553241229 7.2333769964760748 -2.9314235952789391 1.9205504386417751 -0.057878045029106519 -3.9641433404839561 15.219269860784213 3.1127609821269289
leaf_weight=5655 442 20 26 448 47 53 46 126 28 116 36 23 34 23 26 26 20 27 28 21 37 31 82 58 83 205 17043 23 24 192
leaf_count=5655 442 20 26 448 47 53 46 126 28 116 36 23 34 23 26 26 20 27 28 21 37 31 82 58 83 205 17043 23 24 192
internal_value=-3.36677e-09 0.225626 0.255737 0.216757 0.354998 0.204323 0.0758219 -3.64511 0.179853 0.103815 5.48067 8.90975 0.188881 2.64468 6.28338 3.32047 0.143712 -6.33118 -0.0949837 0.195573 -2.03612 -1.4949 4.06998 2.34201 0.159707 0.968963 -0.0371509 4.6729 8.49313 0.230144
internal_weight=25049 7421 7401 7375 6927 6657 6324 172 6152 6065 87 59 5949 333 105 79 5915 47 17628 5868 510 473 270 188 130 228 17118 75 52 5847
internal_count=25049 7421 7401 7375 6927 6657 6324 172 6152 6065 87 59 5949 333 105 79 5915 47 17628 5868 510 473 270 188 130 228 17118 75 52 5847
is_linear=0
shrinkage=0.05


Tree=128
num_leaves=31
num_cat=0
split_feature=199 93 282 65 61 196 247 6 32 18 278 271 199 132 217 155 211 265 198 59 21 250 145 6 269 275 128 226 118 73
split_gain=216242 951219 892315 925469 772061 743606 1.27442e+06 690740 1.10828e+06 709009 708110 1.03223e+06 689486 1.08314e+06 902970 728433 790355 1.1269e+06 961115 860698 717294 701667 771862 692335 691834 683591 871035 848447 896992 811613
threshold=-547.74999999999989 -1577.2499999999998 16.250000000000004 -2544.9999999999995 224.94969177246097 -392.24999999999994 64.750000000000014 548.00534057617199 889.87500000000011 -2299.859985351562 360.94070434570318 416.59812927246099 -248.24999999999997 -1199.9396972656248 -364.24999999999994 1347.7500000000002 92.750000000000014 -402.59323120117182 -578.74999999999989 1237.7500000000002 -1271.7499999999998 452.66287231445318 402.01121520996099 -2204.661499023437 -1085.2499999999998 95.250000000000014 -152.24999999999997 17.250000000000004 -1149.2172851562498 -189.74999999999997
decision_type=2 2 2 2 2 2 2 2 2 2 2 2 2 2 2 2 2 2 2 2 2 2 2 2 2 2 2 2 2 2
left_child=5 2 4 -4 -2 25 -7 8 9 -6 -11 -12 15 14 -14 16 19 -18 -19 -3 -20 22 -21 -15 -25 26 27 29 -29 -1
right_child=1 12 3 -5 7 6 -8 -9 -10 10 11 -13 13 23 -16 -17 17 18 20 21 -22 -23 -24 24 -26 -27 -28 28 -30 -31
leaf_value=-0.1149256596689987 5.3966412979980998 -0.26781306429222557 10.931342848487523 0.031232386311208171 -5.4513682200990878 1.8787619946044605 15.03989676475525 3.7709598072701027 -11.991704315458026 -3.870898729575317 4.4639713793992994 -2.8238678018623427 11.638021086002219 -5.1067486091982577 2.2866415281118231 6.1494391248776363 -11.679222228310325 1.7188265975179347 4.7914254101839928 -4.374032656504558 -4.6775622283337128 0.53091036918315482 -15.400153037479946 -6.9159712409973144 0.12227624199811667 2.4144136132423286 -2.1696576645089016 14.539333525016197 1.0658717306454977 1.7702293312123196
leaf_weight=4359 29 2887 23 127 174 229 20 36 35 178 89 107 29 64 235 39 33 116 22 65 220 47 21 35 14387 314 421 21 30 657
leaf_count=4359 29 2887 23 127 174 229 20 36 35 178 89 107 29 64 235 39 33 116 22 65 220 47 21 35 14387 314 421 21 30 657
internal_value=-6.06481e-11 -0.0829096 -1.77254 1.70258 -2.57696 0.260307 2.93588 -2.95052 -3.36557 -2.81463 -1.58792 0.485406 -0.00882598 0.140011 3.31388 -0.645158 -0.722844 -2.83806 -2.0231 -0.448986 -3.81675 -4.38167 -7.06646 0.0821688 0.105195 0.145481 0.0156625 0.197233 6.61377 0.131994
internal_weight=25049 18998 798 150 648 6051 249 619 583 548 374 196 18200 14750 264 3450 3411 391 358 3020 242 133 86 14486 14422 5802 5488 5067 51 5016
internal_count=25049 18998 798 150 648 6051 249 619 583 548 374 196 18200 14750 264 3450 3411 391 358 3020 242 133 86 14486 14422 5802 5488 5067 51 5016
is_linear=0
shrinkage=0.05


Tree=129
num_leaves=31
num_cat=0
split_feature=252 273 282 26 110 270 124 252 260 191 124 271 75 138 248 254 253 270 122 281 2 92 226 275 282 267 238 269 268 236
split_gain=215937 1.14249e+06 870612 840160 1.64959e+06 578803 698992 573241 741101 1.22464e+06 875680 936549 1.24134e+06 880721 1.18919e+06 689481 1.1919e+06 1.11367e+06 1.27607e+06 1.46678e+06 943953 1.08728e+06 912107 894227 844750 827586 772834 684111 677058 605146
threshold=-1237.2499999999998 -237.74999999999997 -294.74999999999994 345.08448791503912 323.27478027343756 -2000.9049682617185 523.98001098632824 -840.74999999999989 -65.749999999999986 -1800.7499999999998 560.00579833984386 518.72827148437511 455.76057434082037 588.47909545898449 -942.74999999999989 -767.24999999999989 -444.74999999999994 -796.85000610351551 -1033.7499999999998 135.25000000000003 -44.249999999999993 1048.7500000000002 -457.74999999999994 -427.24999999999994 -486.24999999999994 233.25000000000003 -417.24999999999994 -427.24999999999994 -875.99999999999989 467.49603271484381
decision_type=2 2 2 2 2 2 2 2 2 2 2 2 2 2 2 2 2 2 2 2 2 2 2 2 2 2 2 2 2 2
left_child=1 3 -3 4 -1 6 -5 8 10 -10 11 29 -13 -12 -15 16 20 28 19 -19 -9 -22 23 27 -23 -25 -24 -20 -18 -2
right_child=7 2 -4 5 -6 -7 -8 15 9 -11 13 12 -14 14 -16 -17 17 18 22 -21 21 24 26 25 -26 -27 -28 -29 -30 -31
leaf_value=-2.0251305164434972 -0.24155748205785535 16.276295337677002 2.895815181732178 -0.71677830532193187 13.164062320644206 -2.5223777675806591 9.6640325705210373 0.84720078512237085 6.2777173829078681 -7.3350400563290252 -12.570887497493199 -4.3612117615613073 10.02940355463231 2.3866320333480835 -10.483396705559322 -0.037505676371178465 -6.8283332916998098 20.496000419616703 1.1453318535117434 2.3293967068195345 -5.4813996464433812 -3.5587355606017574 15.741516607999802 7.7615207643219923 7.9356642484664919 -3.0807502508163456 5.025571906341697 -7.3955557810293655 1.1529993326433245 -5.748436319386518
leaf_weight=39 655 20 31 50 33 201 24 642 20 95 28 22 47 50 28 22225 31 25 64 20 142 31 20 66 33 24 106 37 186 54
leaf_count=39 655 20 31 50 33 201 24 642 20 95 28 22 47 50 28 22225 31 25 64 20 142 31 20 66 33 24 106 37 186 54
internal_value=-1.67102e-09 1.15535 8.14306 0.12834 4.93658 -1.13055 2.64997 -0.0186536 -1.19186 -4.9676 -0.700666 -0.119795 5.44109 -4.96404 -2.23338 0.0308994 1.09628 2.84507 4.54286 12.422 -0.0977591 -3.04273 3.42438 1.24601 2.36806 4.87025 6.72652 -1.98351 0.012809 -0.660981
internal_weight=25049 398 51 347 72 275 74 24651 999 115 884 778 69 106 78 23652 1427 579 362 45 848 206 317 191 64 90 126 101 217 709
internal_count=25049 398 51 347 72 275 74 24651 999 115 884 778 69 106 78 23652 1427 579 362 45 848 206 317 191 64 90 126 101 217 709
is_linear=0
shrinkage=0.05


Tree=130
num_leaves=31
num_cat=0
split_feature=143 43 255 282 271 257 257 52 131 5 266 134 150 56 99 94 8 116 17 104 134 127 127 23 168 196 161 198 87 77
split_gain=215227 460500 455081 382144 785315 595316 757092 450451 378364 922323 573916 332742 917643 324118 454459 501852 584188 1.1149e+06 839884 872978 486038 585718 606285 452326 400258 717020 896108 755551 437436 557186
threshold=-2175.7499999999995 -3418.2499999999995 322.25000000000006 -708.74999999999989 696.40509033203136 598.99819946289074 545.15829467773449 -2144.4999999999995 449.77992248535162 467.49603271484381 -431.24999999999994 -2165.2499999999995 -1839.7499999999998 -2900.2499999999995 -2355.2499999999995 -2339.2499999999995 -2768.7499999999995 -2638.672485351562 -3123.9999999999995 -2345.2180175781245 -1812.2499999999998 -1607.7499999999998 -1304.7499999999998 -2962.2499999999995 -1837.9999999999998 -1815.7499999999998 -1673.4999999999998 -1275.2499999999998 -1231.4999999999998 -890.74999999999989
decision_type=2 2 2 2 2 2 2 2 2 2 2 2 2 2 2 2 2 2 2 2 2 2 2 2 2 2 2 2 2 2
left_child=2 -2 3 7 5 6 8 -1 9 -5 -10 12 -3 23 -15 20 17 -17 -19 -20 -16 -22 -23 -13 25 -18 27 28 -27 -30
right_child=1 11 -4 4 -6 -7 -8 -9 10 -11 -12 13 -14 14 15 16 24 18 19 -21 21 22 -24 -25 -26 26 -28 -29 29 -31
leaf_value=-1.217582531273365 6.0128223905339837 -2.2130245637893675 -7.8258469541867575 -1.414450249620355 8.9877073832180194 -7.5391552124704635 6.8523501680956942 -9.1813766882969787 0.87965075439876983 9.281506499290467 -7.7236604452133184 -0.17229140266992046 11.964689935956685 4.2230475958436733 -10.199597281501408 -1.2489936446076009 -2.4054356413502851 0.12958086573559305 19.634935101270678 5.4907714078823728 3.8127033066365033 -9.6590985747178397 0.4794256855701578 -6.7057951064130599 -0.018143783197349286 6.8486314961167638 12.42493981581468 -5.5547198410034184 -5.0436679591303291 6.3673815441131598
leaf_weight=56 32 25 24 104 23 28 36 26 36 25 42 69 21 64 21 67 62 23 20 24 31 30 29 43 23933 61 26 25 23 20
leaf_count=56 32 25 24 104 23 28 36 26 36 25 42 69 21 64 21 67 62 23 20 24 31 30 29 43 23933 61 26 25 23 20
internal_value=-1.70869e-09 0.0186704 -1.15052 -0.724432 0.117395 -0.635436 0.160054 -3.74269 -1.00382 0.65841 -3.7529 0.0108785 4.25941 0.00292473 0.0152132 0.00417404 0.0195064 3.31175 7.8725 11.9199 -3.35016 -1.75195 -4.67576 -2.68069 0.00123884 2.13895 3.95671 2.24994 4.12606 0.263797
internal_weight=25049 24649 400 376 294 271 243 82 207 129 78 24617 46 24571 24459 24395 24284 134 67 44 111 90 59 112 24150 217 155 129 104 43
internal_count=25049 24649 400 376 294 271 243 82 207 129 78 24617 46 24571 24459 24395 24284 134 67 44 111 90 59 112 24150 217 155 129 104 43
is_linear=0
shrinkage=0.05


Tree=131
num_leaves=31
num_cat=0
split_feature=175 196 127 140 91 216 223 51 71 148 31 185 219 40 112 140 116 283 169 288 103 124 292 186 89 25 135 117 11 121
split_gain=207080 1.04947e+06 649024 765102 699875 619999 866485 849168 957685 937872 899246 851566 1.05264e+06 792148 708693 705193 690322 678241 669312 597970 634349 1.13021e+06 763974 808043 759050 611422 682112 595359 584042 1.74847e+06
threshold=1729.2500000000002 721.75000000000011 1331.0000000000002 1492.7500000000002 917.75000000000011 1036.457946777344 1000.6736755371095 950.75000000000011 1543.5000000000002 1008.2500000000001 1048.2500000000002 1189.7500000000002 920.25000000000011 321.68960571289068 1711.2500000000002 701.50000000000011 2684.682495117188 110.25000000000001 1717.7500000000002 1187.0000000000002 674.41351318359386 560.00579833984386 775.33657836914074 3374.927612304688 552.32839965820324 2376.912475585938 2984.7500000000005 500.19013977050787 4174.1699218750009 1986.2500000000002
decision_type=2 2 2 2 2 2 2 2 2 2 2 2 2 2 2 2 2 2 2 2 2 2 2 2 2 2 2 2 2 2
left_child=5 -2 4 -4 -3 6 18 8 14 11 -10 16 -13 -8 -7 -11 -9 28 -1 20 21 22 23 24 27 -23 -27 -5 -17 -30
right_child=1 2 3 19 -6 7 13 9 10 15 -12 12 -14 -15 -16 17 -18 -19 -20 -21 -22 25 -24 -25 -26 26 -28 -29 29 -31
leaf_value=0.015665797286639079 8.9640291557118701 -0.56059161822001147 5.7701713941667396 1.1958714944498947 -12.046270922252111 -2.6609690748299322 -1.3082664787769318 -2.504751902295832 -4.2633715617351049 -10.060779848098756 -17.096805021876381 17.834829486608506 1.6125886666774751 9.2740374525388081 4.943309373014114 -1.0627640973068628 5.9432005314599898 0.78461644950719966 6.5716388665712806 -7.4835628529389702 4.7260568365638642 -12.387080452105273 10.37161045074463 -3.6849300670623779 10.762423830032349 3.949710940278095 -7.0735127978854706 -7.0283086776733406 -9.963293787988567 6.8366603141739262
leaf_weight=21969 37 36 69 509 21 310 28 57 39 20 21 20 20 48 34 763 42 537 39 24 81 23 20 100 20 23 36 23 59 21
leaf_count=21969 37 36 69 509 21 310 28 57 39 20 21 20 20 48 34 763 42 537 39 24 81 23 20 100 20 23 36 23 59 21
internal_value=-9.90454e-10 0.697057 0.386521 0.704608 -4.79216 -0.0296497 0.0456882 -0.885934 -2.92607 -0.350382 -8.75507 3.56685 9.72371 5.37529 -1.90938 -0.739307 1.07923 -0.604213 0.0272835 0.297712 0.521365 0.0696674 0.745886 0.450618 1.19981 -5.47202 -2.77632 0.840315 -1.48891 -5.55331
internal_weight=25049 1022 985 928 57 24027 22084 1943 404 1539 60 139 40 76 344 1400 99 1380 22008 859 835 754 672 652 552 82 59 532 843 80
internal_count=25049 1022 985 928 57 24027 22084 1943 404 1539 60 139 40 76 344 1400 99 1380 22008 859 835 754 672 652 552 82 59 532 843 80
is_linear=0
shrinkage=0.05


Tree=132
num_leaves=31
num_cat=0
split_feature=231 166 52 229 82 19 289 254 281 239 127 113 273 267 139 273 177 52 5 281 96 80 86 15 114 4 164 261 92 34
split_gain=205991 452765 749186 648229 741330 723727 465089 334276 586025 520818 1.09611e+06 866868 586213 764864 527372 500799 491021 425611 409406 988706 417175 372682 524678 474253 593296 439873 1.19083e+06 1.0036e+06 759666 525140
threshold=1874.2500000000002 467.49603271484381 3221.2500000000005 461.08456420898443 467.49603271484381 537.80807495117199 -141.74999999999997 1340.0000000000002 820.25000000000011 1618.5000000000002 423.75000000000006 3721.2500000000005 336.25000000000006 752.00000000000011 1502.8318481445315 600.75000000000011 2543.7500000000005 4812.5000000000009 406.79368591308599 764.75000000000011 374.82846069335943 3683.7500000000005 3007.7500000000005 2960.2500000000005 2575.5000000000005 5106.8376464843759 963.75000000000011 27.250000000000004 2856.0000000000005 3815.8515625000005
decision_type=2 2 2 2 2 2 2 2 2 2 2 2 2 2 2 2 2 2 2 2 2 2 2 2 2 2 2 2 2 2
left_child=7 2 6 -3 -5 -6 -2 9 15 16 -11 12 14 -14 -12 -9 17 21 20 -20 -15 22 25 -24 -25 29 27 -27 -28 -1
right_child=1 3 -4 4 5 -7 -8 8 -10 10 11 -13 13 18 -16 -17 -18 -19 19 -21 -22 -23 23 24 -26 26 28 -29 -30 -31
leaf_value=-0.0097779462228506815 -1.1284862582500164 -8.0735388424085528 12.616593570709229 9.6440358298165467 -6.5820821816580635 1.9907672043306281 6.2646105846597093 4.8927542576423058 8.5944994588052079 -13.593213958740234 -9.7154024775211631 -11.218970715403557 9.6793337881565105 0.40892046093940737 -0.12844302728772164 -4.8295923162389691 4.6316218340606019 -7.3054217720031751 10.628476329471754 -3.6030325632828935 -8.5352372429587628 4.6973675966262816 1.7400700620982956 -0.71677498329769485 -11.605584144592285 3.1417568293901592 -5.5714711181660919 15.502620315551759 6.0632196630537507 -5.2448092992107078
leaf_weight=24086 52 23 20 21 35 83 36 26 31 20 26 20 24 32 32 27 57 20 23 26 22 42 23 22 29 52 47 24 20 48
leaf_count=24086 52 23 20 21 35 83 36 26 31 20 26 20 24 32 32 27 57 20 23 26 22 42 23 22 29 52 47 24 20 48
internal_value=-1.85096e-09 1.3736 3.88126 -0.298184 0.988385 -0.552027 1.89596 -0.0149671 3.13383 -0.0256778 -2.42028 -1.33024 -0.261191 1.64087 -4.42605 -0.0601393 -0.00365954 -0.0144821 -0.232171 3.07706 -3.235 -0.0085042 -0.0166208 -4.2204 -6.90845 -0.00380702 2.76112 7.04519 -2.09843 -0.0201899
internal_weight=25049 270 108 162 139 118 88 24779 84 24695 225 205 185 127 58 53 24470 24413 103 49 54 24393 24351 74 51 24277 143 76 67 24134
internal_count=25049 270 108 162 139 118 88 24779 84 24695 225 205 185 127 58 53 24470 24413 103 49 54 24393 24351 74 51 24277 143 76 67 24134
is_linear=0
shrinkage=0.05


end of trees

feature_importances:
Column_288=79
Column_261=75
Column_267=64
Column_274=64
Column_96=56
Column_289=51
Column_5=49
Column_254=49
Column_253=38
Column_282=38
Column_2=36
Column_233=35
Column_264=35
Column_212=34
Column_275=34
Column_4=33
Column_222=32
Column_12=31
Column_278=31
Column_281=31
Column_292=31
Column_283=30
Column_240=29
Column_225=28
Column_260=27
Column_268=27
Column_271=27
Column_177=26
Column_232=26
Column_205=25
Column_226=25
Column_269=25
Column_65=24
Column_138=24
Column_166=24
Column_169=24
Column_227=24
Column_239=24
Column_262=24
Column_93=23
Column_211=23
Column_273=23
Column_19=22
Column_26=22
Column_155=22
Column_229=22
Column_257=22
Column_103=21
Column_113=21
Column_224=21
Column_241=21
Column_243=21
Column_285=21
Column_33=20
Column_51=20
Column_75=20
Column_78=20
Column_82=20
Column_86=20
Column_134=20
Column_173=20
Column_180=20
Column_201=20
Column_250=20
Column_1=19
Column_17=19
Column_52=19
Column_92=19
Column_128=19
Column_143=19
Column_198=19
Column_206=19
Column_231=19
Column_40=18
Column_85=18
Column_118=18
Column_131=18
Column_141=18
Column_170=18
Column_184=18
Column_246=18
Column_248=18
Column_37=17
Column_43=17
Column_57=17
Column_72=17
Column_100=17
Column_124=17
Column_194=17
Column_199=17
Column_204=17
Column_236=17
Column_247=17
Column_6=16
Column_10=16
Column_66=16
Column_159=16
Column_163=16
Column_187=16
Column_71=15
Column_79=15
Column_89=15
Column_110=15
Column_129=15
Column_149=15
Column_156=15
Column_176=15
Column_218=15
Column_245=15
Column_280=15
Column_23=14
Column_30=14
Column_47=14
Column_54=14
Column_59=14
Column_127=14
Column_135=14
Column_183=14
Column_219=14
Column_238=14
Column_252=14
Column_31=13
Column_36=13
Column_49=13
Column_61=13
Column_68=13
Column_142=13
Column_145=13
Column_148=13
Column_162=13
Column_168=13
Column_185=13
Column_192=13
Column_197=13
Column_213=13
Column_259=13
Column_287=13
Column_3=12
Column_15=12
Column_64=12
Column_114=12
Column_157=12
Column_215=12
Column_266=12
Column_34=11
Column_63=11
Column_115=11
Column_117=11
Column_276=11
Column_0=10
Column_8=10
Column_35=10
Column_50=10
Column_56=10
Column_73=10
Column_76=10
Column_80=10
Column_122=10
Column_152=10
Column_164=10
Column_178=10
Column_182=10
Column_191=10
Column_217=10
Column_220=10
Column_279=10
Column_9=9
Column_16=9
Column_18=9
Column_32=9
Column_58=9
Column_107=9
Column_120=9
Column_121=9
Column_189=9
Column_190=9
Column_234=9
Column_255=9
Column_272=9
Column_286=9
Column_69=8
Column_99=8
Column_101=8
Column_132=8
Column_150=8
Column_171=8
Column_196=8
Column_223=8
Column_244=8
Column_25=7
Column_39=7
Column_42=7
Column_44=7
Column_60=7
Column_123=7
Column_130=7
Column_136=7
Column_140=7
Column_161=7
Column_167=7
Column_208=7
Column_249=7
Column_277=7
Column_284=7
Column_11=6
Column_13=6
Column_24=6
Column_29=6
Column_45=6
Column_67=6
Column_81=6
Column_94=6
Column_112=6
Column_116=6
Column_174=6
Column_175=6
Column_179=6
Column_203=6
Column_265=6
Column_7=5
Column_21=5
Column_27=5
Column_41=5
Column_77=5
Column_90=5
Column_108=5
Column_125=5
Column_139=5
Column_158=5
Column_209=5
Column_210=5
Column_216=5
Column_270=5
Column_291=5
Column_22=4
Column_28=4
Column_38=4
Column_55=4
Column_62=4
Column_74=4
Column_95=4
Column_97=4
Column_105=4
Column_106=4
Column_109=4
Column_133=4
Column_146=4
Column_147=4
Column_172=4
Column_186=4
Column_188=4
Column_221=4
Column_235=4
Column_46=3
Column_84=3
Column_88=3
Column_102=3
Column_104=3
Column_119=3
Column_126=3
Column_137=3
Column_144=3
Column_153=3
Column_160=3
Column_207=3
Column_214=3
Column_14=2
Column_20=2
Column_83=2
Column_87=2
Column_91=2
Column_151=2
Column_154=2
Column_165=2
Column_193=2
Column_195=2
Column_230=2
Column_242=2
Column_251=2
Column_256=2
Column_258=2
Column_263=2
Column_48=1
Column_53=1
Column_70=1
Column_111=1
Column_181=1
Column_200=1
Column_202=1
Column_228=1
Column_237=1

parameters:
[boosting: gbdt]
[objective: regression]
[metric: l2]
[tree_learner: serial]
[device_type: cpu]
[data_sample_strategy: bagging]
[data: ]
[valid: ]
[num_iterations: 1000]
[learning_rate: 0.05]
[num_leaves: 31]
[num_threads: 0]
[seed: 42]
[deterministic: 1]
[force_col_wise: 0]
[force_row_wise: 0]
[histogram_pool_size: -1]
[max_depth: -1]
[min_data_in_leaf: 20]
[min_sum_hessian_in_leaf: 0.001]
[bagging_fraction: 1]
[pos_bagging_fraction: 1]
[neg_bagging_fraction: 1]
[bagging_freq: 0]
[bagging_seed: 400]
[bagging_by_query: 0]
[feature_fraction: 1]
[feature_fraction_bynode: 1]
[feature_fraction_seed: 30056]
[extra_trees: 0]
[extra_seed: 12879]
[early_stopping_round: 0]
[early_stopping_min_delta: 0]
[first_metric_only: 0]
[max_delta_step: 0]
[lambda_l1: 0]
[lambda_l2: 0]
[linear_lambda: 0]
[min_gain_to_split: 0]
[drop_rate: 0.1]
[max_drop: 50]
[skip_drop: 0.5]
[xgboost_dart_mode: 0]
[uniform_drop: 0]
[drop_seed: 17869]
[top_rate: 0.2]
[other_rate: 0.1]
[min_data_per_group: 100]
[max_cat_threshold: 32]
[cat_l2: 10]
[cat_smooth: 10]
[max_cat_to_onehot: 4]
[top_k: 20]
[monotone_constraints: ]
[monotone_constraints_method: basic]
[monotone_penalty: 0]
[feature_contri: ]
[forcedsplits_filename: ]
[refit_decay_rate: 0.9]
[cegb_tradeoff: 1]
[cegb_penalty_split: 0]
[cegb_penalty_feature_lazy: ]
[cegb_penalty_feature_coupled: ]
[path_smooth: 0]
[interaction_constraints: ]
[verbosity: -1]
[saved_feature_importance_type: 0]
[use_quantized_grad: 0]
[num_grad_quant_bins: 4]
[quant_train_renew_leaf: 0]
[stochastic_rounding: 1]
[linear_tree: 0]
[max_bin: 255]
[max_bin_by_feature: ]
[min_data_in_bin: 3]
[bin_construct_sample_cnt: 200000]
[data_random_seed: 175]
[is_enable_sparse: 1]
[enable_bundle: 1]
[use_missing: 1]
[zero_as_missing: 0]
[feature_pre_filter: 1]
[pre_partition: 0]
[two_round: 0]
[header: 0]
[label_column: ]
[weight_column: ]
[group_column: ]
[ignore_column: ]
[categorical_feature: ]
[forcedbins_filename: ]
[precise_float_parser: 0]
[parser_config_file: ]
[objective_seed: 16083]
[num_class: 1]
[is_unbalance: 0]
[scale_pos_weight: 1]
[sigmoid: 1]
[boost_from_average: 1]
[reg_sqrt: 0]
[alpha: 0.9]
[fair_c: 1]
[poisson_max_delta_step: 0.7]
[tweedie_variance_power: 1.5]
[lambdarank_truncation_level: 30]
[lambdarank_norm: 1]
[label_gain: ]
[lambdarank_position_bias_regularization: 0]
[eval_at: ]
[multi_error_top_k: 1]
[auc_mu_weights: ]
[num_machines: 1]
[local_listen_port: 12400]
[time_out: 120]
[machine_list_filename: ]
[machines: ]
[gpu_platform_id: -1]
[gpu_device_id: -1]
[gpu_device_id_list: ]
[gpu_use_dp: 0]
[num_gpu: 1]

end of parameters

pandas_categorical:null
