tree
version=v4
num_class=1
num_tree_per_iteration=1
label_index=0
max_feature_idx=258
objective=regression
feature_names=Column_0 Column_1 Column_2 Column_3 Column_4 Column_5 Column_6 Column_7 Column_8 Column_9 Column_10 Column_11 Column_12 Column_13 Column_14 Column_15 Column_16 Column_17 Column_18 Column_19 Column_20 Column_21 Column_22 Column_23 Column_24 Column_25 Column_26 Column_27 Column_28 Column_29 Column_30 Column_31 Column_32 Column_33 Column_34 Column_35 Column_36 Column_37 Column_38 Column_39 Column_40 Column_41 Column_42 Column_43 Column_44 Column_45 Column_46 Column_47 Column_48 Column_49 Column_50 Column_51 Column_52 Column_53 Column_54 Column_55 Column_56 Column_57 Column_58 Column_59 Column_60 Column_61 Column_62 Column_63 Column_64 Column_65 Column_66 Column_67 Column_68 Column_69 Column_70 Column_71 Column_72 Column_73 Column_74 Column_75 Column_76 Column_77 Column_78 Column_79 Column_80 Column_81 Column_82 Column_83 Column_84 Column_85 Column_86 Column_87 Column_88 Column_89 Column_90 Column_91 Column_92 Column_93 Column_94 Column_95 Column_96 Column_97 Column_98 Column_99 Column_100 Column_101 Column_102 Column_103 Column_104 Column_105 Column_106 Column_107 Column_108 Column_109 Column_110 Column_111 Column_112 Column_113 Column_114 Column_115 Column_116 Column_117 Column_118 Column_119 Column_120 Column_121 Column_122 Column_123 Column_124 Column_125 Column_126 Column_127 Column_128 Column_129 Column_130 Column_131 Column_132 Column_133 Column_134 Column_135 Column_136 Column_137 Column_138 Column_139 Column_140 Column_141 Column_142 Column_143 Column_144 Column_145 Column_146 Column_147 Column_148 Column_149 Column_150 Column_151 Column_152 Column_153 Column_154 Column_155 Column_156 Column_157 Column_158 Column_159 Column_160 Column_161 Column_162 Column_163 Column_164 Column_165 Column_166 Column_167 Column_168 Column_169 Column_170 Column_171 Column_172 Column_173 Column_174 Column_175 Column_176 Column_177 Column_178 Column_179 Column_180 Column_181 Column_182 Column_183 Column_184 Column_185 Column_186 Column_187 Column_188 Column_189 Column_190 Column_191 Column_192 Column_193 Column_194 Column_195 Column_196 Column_197 Column_198 Column_199 Column_200 Column_201 Column_202 Column_203 Column_204 Column_205 Column_206 Column_207 Column_208 Column_209 Column_210 Column_211 Column_212 Column_213 Column_214 Column_215 Column_216 Column_217 Column_218 Column_219 Column_220 Column_221 Column_222 Column_223 Column_224 Column_225 Column_226 Column_227 Column_228 Column_229 Column_230 Column_231 Column_232 Column_233 Column_234 Column_235 Column_236 Column_237 Column_238 Column_239 Column_240 Column_241 Column_242 Column_243 Column_244 Column_245 Column_246 Column_247 Column_248 Column_249 Column_250 Column_251 Column_252 Column_253 Column_254 Column_255 Column_256 Column_257 Column_258
feature_infos=[-10208:15705] [-9136.5:15771.5] [-10464:14267] [-9947:14752.5] [-7808.375:17497.609375] [136.75750732421875:1862.834716796875] [-7695.85400390625:15214.8408203125] [-9945:14758.5] [-9616.5:14988] [-10637:14483] [-9641.5:14800] [-7744.47509765625:17430.869140625] [136.75750732421875:1862.834716796875] [-7732.00341796875:15122.9462890625] [-9635.5:14806] [-8911:15018.5] [-10269.5:14527.5] [-9398.5:14830.5] [-7679.990234375:17354.2890625] [136.75750732421875:1862.834716796875] [-7686.85400390625:14962.1328125] [-9413.5:14836.5] [-7962:14983.5] [-9573.5:14558] [-8656.5:14685.5] [-7611.93505859375:17270.109375] [136.75750732421875:1862.834716796875] [-7723.00341796875:14749.302734375] [-8639:14680.5] [-7809.5:14747] [-9330.5:13242.5] [-8481:13421] [-7545.10498046875:17183.189453125] [136.75750732421875:1862.834716796875] [-7574.59423828125:14526.9111328125] [-8463.5:13423.5] [-7692:13474.5] [-9236:12653.5] [-8386.5:13007.5] [-7485.5751953125:17094.994140625] [136.75750732421875:1862.834716796875] [-7443.81298828125:14305.419921875] [-8369:13001.5] [-8137.5:13191.5] [-9681.5:12376.5] [-8832:13185] [-7436.81494140625:16997.890625] [136.75750732421875:1862.834716796875] [-7280.875:14018.3818359375] [-8814.5:13179] [-7992.5:13532] [-9536.5:12583] [-8687:13525.5] [-7403.5400390625:16909.83984375] [136.75750732421875:1862.834716796875] [-7107.00341796875:13861.4375] [-8669.5:13519.5] [-7840:13618.5] [-8887.5:12894.5] [-8346.5:13258.5] [-7386.205078125:16827.630859375] [136.75750732421875:1862.834716796875] [-6958.59423828125:13759.4892578125] [-8430:13240.5] [-7983.5:13336.5] [-9004:12533.5] [-8169:12770.5] [-7357.9150390625:16741.689453125] [136.75750732421875:1862.834716796875] [-6827.81298828125:13645.8076171875] [-8167:12752.5] [-7838.5:12848.5] [-9289.5:12240.5] [-7890.5:12379] [-7332.51513671875:16653.5390625] [136.75750732421875:1862.834716796875] [-6664.875:13530.6435546875] [-7907.5:12375] [-7133:12681.5] [-8585.5:12236.5] [-7666.5:12445] [-7311.375:16563.099609375] [136.75750732421875:1862.834716796875] [-6474.2958984375:13431.94921875] [-7643:12449] [-6321:12457] [-9245.5:11703.5] [-8326.5:12013] [-7283.91015625:16467.494140625] [136.75750732421875:1862.834716796875] [-6300.564453125:13302.953125] [-8303:12001] [-6795.5:12088.5] [-9009:11302.5] [-7329.5:11895.5] [-7248.64013671875:16367.740234375] [136.75750732421875:1862.834716796875] [-6100.4052734375:13145.09375] [-7316.5:11868.5] [-7123:12643.5] [-8667:11694.5] [-7817.5:12637] [-7215.81005859375:16279.650390625] [136.75750732421875:1862.834716796875] [-5962.77783203125:13039.3583984375] [-7800:12631] [-7231:12730] [-8775:12006] [-7925.5:12370] [-7173.23486328125:16188.0498046875] [136.75750732421875:1862.834716796875] [-5852.07080078125:12918.87109375] [-7908:12352] [-7298.5:12448] [-8842.5:11645] [-7993:11780.5] [-7133.47021484375:16089.6201171875] [136.75750732421875:1862.834716796875] [-5791.35400390625:12754.24609375] [-7975.5:11776.5] [-7146:11839.5] [-8333:10762] [-8067:11139.5] [-7089.96484375:15986.3603515625] [136.75750732421875:1862.834716796875] [-5827.50341796875:12576.0419921875] [-8054:11154] [-7860.5:11498] [-9404.5:10575] [-8727:10953] [-7046.009765625:15880.3095703125] [136.75750732421875:1862.834716796875] [-5679.09423828125:12373.583984375] [-8714:10953.5] [-8520.5:11475.5] [-10064.5:10364] [-9215:10909.5] [-6996.64990234375:15777.6953125] [136.75750732421875:1862.834716796875] [-5567.00341796875:12240.4853515625] [-9197.5:10895] [-8368:10954] [-9415.5:10039] [-8874.5:10636] [-6945.2099609375:15668.3203125] [136.75750732421875:1862.834716796875] [-5418.59423828125:12094.623046875] [-8958:10638.5] [-7886.5:10644.5] [-8968:9874.5] [-8697:10103] [-6892.4150390625:15550.08984375] [136.75750732421875:1862.834716796875] [-5287.81298828125:11902.0205078125] [-8695:10105.5] [-8366.5:10220.5] [-9387:9445.5] [-8391.5:9584] [-6829.919921875:15426.5703125] [136.75750732421875:1862.834716796875] [-5538.9072265625:11691.2919921875] [-8385.5:9589] [-7661:9673] [-9019.5:8912.5] [-8148.5:9321.5] [-6770.18994140625:15294.599609375] [136.75750732421875:1862.834716796875] [-5776.142578125:11406.810546875] [-8163.5:9307] [-6584.5:9464.5] [-8323.5:8647.5] [-7072:9352] [-6711.43017578125:15156.7099609375] [136.75750732421875:1862.834716796875] [-5872.4931640625:11095.646484375] [-7087:9337.5] [-6548.5:9396.5] [-7735:8481.5] [-6555:9078.5] [-6651.10986328125:15019.0146484375] [136.75750732421875:1862.834716796875] [-5934.53955078125:10794.7236328125] [-6547.5:9081] [-6079:9087] [-7187.5:8317] [-6541.5:8418.5] [-6590.21484375:14879.8701171875] [136.75750732421875:1862.834716796875] [-5989.7177734375:10554.4765625] [-6501:8412.5] [-5783:8953] [-7327:7888] [-6477.5:8026.5] [-6532.15478515625:14735.58984375] [136.75750732421875:1862.834716796875] [-5818.10693359375:10267.16015625] [-6460:8031.5] [-5630.5:8420] [-6678:6975] [-6137:7004.5] [-6475.35498046875:14589.349609375] [136.75750732421875:1862.834716796875] [-5538.0517578125:9894.0546875] [-6220.5:7006.5] [-5149:8001.5] [-6322:6062.5] [-5959.5:7046.5] [-6415.7001953125:14413.740234375] [136.75750732421875:1862.834716796875] [-5415.63818359375:9538.146484375] [-5957.5:7022] [-5629:7496.5] [-6649.5:6099] [-5654:6564] [-6351.384765625:14247.599609375] [136.75750732421875:1862.834716796875] [-5248.6708984375:9237.2236328125] [-5648:6611.5] [-4923.5:7365] [-6282:6080.5] [-5411:6594.5] [-6283.169921875:14052.0654296875] [136.75750732421875:1862.834716796875] [-5092.9736328125:8996.9765625] [-5426:6642] [-3590.5:7395.5] [-5586:5830] [-4098.5:6114] [-6208.740234375:13854.7998046875] [136.75750732421875:1862.834716796875] [-4841.47607421875:8709.66015625] [-4080.5:6127] [-3811:7632.5] [-5526.5:6125.5] [-3817.5:6934] [-6137.47998046875:13667.240234375] [136.75750732421875:1862.834716796875] [-4600.4326171875:8336.5546875] [-3810:6916] [-3341.5:6917.5] [-4450:5769] [-3804:6096.5] [-6065.31005859375:13484.6103515625] [136.75750732421875:1862.834716796875] [-4415.0751953125:7855.07373046875] [-3763.5:6091.5] [-2259.5:7066] [-4331:3434] [-2439.5:4998.5] [-5988.6748046875:13280.5400390625] [136.75750732421875:1862.834716796875] [-4111.568359375:7491.65771484375] [-2399:4995] [0:5732.5] [-4567.5:0] none [-5910.5498046875:13074.490234375] [136.75750732421875:1862.834716796875] [-3737.789306640625:6810.59814453125]
tree_sizes=2852 2852 2857 2845 2862 2849 2858 2852 2868 2866 2877 2870 2858 2868 2852 2855 2877 2841 2852 2835 2847 2850 2870 2843 2807 2826 2839 2837 2837 2810 2821 2794 2830 2805 2828 2833 2802 2833 2788 2822 2816 2803 2808 2817 2825 2812 2808 2814 2743 2795

Tree=0
num_leaves=31
num_cat=0
split_feature=257 257 257 115 252 138 124 220 180 192 257 254 5 208 165 48 246 250 16 233 247 6 243 257 257 192 63 218 11 54
split_gain=1.19971e+08 3.74953e+07 2.15814e+07 1.33078e+07 1.03025e+07 1.71043e+07 6.62542e+06 5.37697e+06 5.00424e+06 3.26459e+06 3.19472e+06 2.47788e+06 2.55432e+06 3.6964e+06 2.18014e+06 3.12962e+06 2.41745e+06 2.05282e+06 2.04145e+06 3.07485e+06 2.29796e+06 2.16967e+06 2.02466e+06 1.88705e+06 1.59099e+06 1.5617e+06 3.09983e+06 1.54417e+06 1.50537e+06 1.50491e+06
threshold=512.81195068359386 858.00915527343761 339.02513122558599 5389.2500000000009 1006.0000000000001 456.44549560546881 776.22653198242199 976.25000000000011 1200.0135498046877 955.25000000000011 277.90954589843756 -1096.9999999999998 1200.0135498046877 899.23205566406261 4378.5900878906259 3426.0471191406255 470.25000000000006 992.53356933593761 -1471.2499999999998 -493.24999999999994 -125.74999999999999 -1558.6427001953123 705.22543334960949 633.87484741210949 429.23454284667974 1957.2500000000002 1015.5000000000001 170.75000000000003 -3290.5100097656245 321.20491027832037
decision_type=2 2 2 2 2 2 2 2 2 2 2 2 2 2 2 2 2 2 2 2 2 2 2 2 2 2 2 2 2 2
left_child=2 4 10 11 7 -6 -5 23 -8 24 -1 17 13 14 15 16 -13 -3 21 -20 -21 -14 28 27 -4 26 -24 -2 -9 -30
right_child=1 3 9 6 5 -7 8 22 -10 -11 -12 12 18 -15 -16 -17 -18 -19 19 20 -22 -23 25 -25 -26 -27 -28 -29 29 -31
leaf_value=-201.74590087476238 -207.8729721695239 -216.23472215389987 -205.16796000108383 -221.84205911042159 -269.56847184872407 -214.36118492290095 -267.80907665748623 -227.16597244454346 -236.18529033788548 -208.86599987285487 -203.56616534135475 -235.26134252427022 -228.13472215688009 -215.81111778840136 -216.4580774183126 -246.55075449722526 -214.29275787329453 -234.81123087982255 -248.43502093779253 -213.54324488442376 -235.13740072532843 -208.24722215551415 -215.16284715538998 -211.82606915810763 -206.70614225199952 -214.22311501217803 -236.55069454566419 -210.80070931273272 -226.75597276663561 -212.6604946286981
leaf_weight=5331 975 20 5018 23 20 47 29 21 22 902 4400 27 32 309 38 23 28 58 21 22 28 24 32 1134 2528 42 36 837 20 356
leaf_count=5331 975 20 5018 23 20 47 29 21 22 902 4400 27 32 309 38 23 28 58 21 22 28 24 32 1134 2528 42 36 837 20 356
internal_value=-205.938 -213.529 -204.174 -224.062 -211.422 -230.841 -244.12 -211.045 -254.167 -206.023 -202.569 -221.706 -220.527 -218.668 -226.279 -231.063 -224.586 -230.048 -226.749 -232.379 -225.636 -219.612 -215.801 -210.226 -205.683 -221.804 -226.486 -209.225 -214.138 -213.41
internal_weight=22403 4224 18179 704 3520 67 74 3453 51 8448 9731 630 552 425 116 78 55 78 127 71 50 56 507 2946 7546 110 68 1812 397 376
internal_count=22403 4224 18179 704 3520 67 74 3453 51 8448 9731 630 552 425 116 78 55 78 127 71 50 56 507 2946 7546 110 68 1812 397 376
is_linear=0
shrinkage=1


Tree=1
num_leaves=31
num_cat=0
split_feature=257 257 257 86 252 138 124 246 220 217 257 176 185 203 227 206 243 124 88 257 248 115 187 218 11 54 176 71 241 5
split_gain=1.08274e+08 3.38395e+07 1.94772e+07 1.21463e+07 9.29804e+06 1.54367e+07 7.45596e+06 5.63047e+06 4.85271e+06 3.08799e+06 2.88324e+06 2.42218e+06 3.76084e+06 3.19376e+06 3.34566e+06 2.26333e+06 1.82725e+06 1.78379e+06 1.71273e+06 1.70307e+06 1.44555e+06 2.51817e+06 1.44089e+06 1.39362e+06 1.3586e+06 1.35819e+06 1.75434e+06 1.74542e+06 1.31099e+06 2.08137e+06
threshold=512.81195068359386 858.00915527343761 339.02513122558599 5630.5000000000009 1006.0000000000001 456.44549560546881 776.22653198242199 1987.2500000000002 976.25000000000011 356.75000000000006 277.90954589843756 2873.0000000000005 2233.7500000000005 -875.24999999999989 -178.74999999999997 -2383.9999999999995 705.22543334960949 1039.6253662109377 3532.3300781250005 633.87484741210949 279.75000000000006 2151.2500000000005 705.22543334960949 170.75000000000003 -3290.5100097656245 321.20491027832037 717.75000000000011 985.25000000000011 387.75000000000006 626.69149780273449
decision_type=2 2 2 2 2 2 2 2 2 2 2 2 2 2 2 2 2 2 2 2 2 2 2 2 2 2 2 2 2 2
left_child=2 4 10 11 8 -6 -5 -8 19 -4 -1 13 -13 14 15 17 24 -3 -16 23 21 -18 -15 -2 -10 -26 27 -27 -14 -30
right_child=1 3 9 6 5 -7 7 -9 16 -11 -12 12 28 22 18 -17 20 -19 -20 -21 -22 -23 -24 -25 25 26 -28 -29 29 -31
leaf_value=3.9823662318447206 -1.8383513633532402 -14.583887806843066 0.48174969274437862 -10.95422451734543 -60.449077095985416 -8.0021532971808256 -33.630661905965496 -67.658278732299806 -20.166701098850794 -1.7049189227646029 2.2531149712386118 -40.648457412492661 -9.7426594681209995 -22.963253016905355 -40.951659324055633 -9.7023241321006459 -9.482583124160767 -33.011742417017622 -21.75317356494757 -5.5937935776680021 -9.5455282980935632 -31.314998168604717 -9.7195586208531388 -4.6197016493322742 -19.777201905548573 -5.7907848386537459 -5.1028032401090222 -26.176498463040311 -8.9380209059942342 -28.295069108358248
leaf_weight=5331 975 29 6274 20 20 47 31 20 21 2174 4400 21 36 22 21 83 25 24 26 1134 57 28 309 837 20 21 314 21 21 41
leaf_count=5331 975 29 6274 20 20 47 31 20 21 2174 4400 21 36 22 21 83 25 24 26 1134 57 28 309 837 20 21 314 21 21 41
internal_value=-5.40551e-08 -7.2111 1.67554 -17.2181 -5.2097 -23.658 -36.8282 -46.9748 -4.85174 -0.0809655 3.20046 -15.0186 -21.4466 -13.5304 -18.831 -14.8567 -9.37005 -22.9286 -30.3312 -4.07415 -15.0725 -21.0167 -10.5998 -3.12311 -7.79002 -7.09877 -6.3865 -15.9836 -17.332 -21.7386
internal_weight=22403 4224 18179 704 3520 67 71 51 3453 8448 9731 633 119 514 183 136 507 53 47 2946 110 53 331 1812 397 376 356 42 98 62
internal_count=22403 4224 18179 704 3520 67 71 51 3453 8448 9731 633 119 514 183 136 507 53 47 2946 110 53 331 1812 397 376 356 42 98 62
is_linear=0
shrinkage=0.05


Tree=2
num_leaves=31
num_cat=0
split_feature=257 257 257 86 252 138 124 246 220 257 192 254 253 68 215 72 241 206 243 257 192 198 211 62 19 11 210 248 184 257
split_gain=9.77172e+07 3.05401e+07 1.76552e+07 1.09621e+07 8.39148e+06 1.39316e+07 6.72901e+06 5.0815e+06 4.37957e+06 3.07293e+06 2.80169e+06 2.19959e+06 3.52847e+06 3.80013e+06 2.73425e+06 2.61879e+06 1.89261e+06 1.68306e+06 1.6491e+06 1.5833e+06 1.42285e+06 2.78134e+06 1.41124e+06 2.52169e+06 1.22898e+06 1.22613e+06 1.22622e+06 1.9673e+06 1.21815e+06 1.21779e+06
threshold=512.81195068359386 858.00915527343761 348.16616821289068 5630.5000000000009 1006.0000000000001 456.44549560546881 776.22653198242199 1987.2500000000002 976.25000000000011 277.90954589843756 1025.2500000000002 -762.99999999999989 208.75000000000003 1110.3916015625002 899.23205566406261 2667.0000000000005 16.750000000000004 -2004.2499999999998 705.22543334960949 584.03851318359386 1957.2500000000002 1120.7500000000002 1748.7500000000002 3488.314575195313 992.53356933593761 -3290.5100097656245 883.75000000000011 146.75000000000003 -860.24999999999989 427.52264404296881
decision_type=2 2 2 2 2 2 2 2 2 2 2 2 2 2 2 2 2 2 2 2 2 2 2 2 2 2 2 2 2 2
left_child=2 4 9 11 8 -6 -5 -8 19 -1 29 12 24 16 15 -13 -14 -16 25 -2 21 -20 28 -24 -3 -10 27 -27 -19 -4
right_child=1 3 10 6 5 -7 7 -9 18 -11 -12 14 13 -15 17 -17 -18 22 20 -21 -22 -23 23 -25 -26 26 -28 -29 -30 -31
leaf_value=3.7832480244091138 -2.499408013158833 -8.0056063311141834 0.61876584216952324 -10.406513328552247 -57.426621699333197 -7.6020457211961148 -31.949129473778513 -64.275365276336672 -19.15836617151896 2.0591154184767255 -3.0755940617067026 -13.690247754883348 -8.6341616802215579 -40.57872745144752 -21.347374401670514 -31.223581033594471 -28.995217504955477 -11.410371939074093 -11.794864223573519 -4.8504363366217298 -7.0831680087106568 -33.41017501137474 -24.892599903570641 -7.1820829749107364 -19.707819117082135 -3.4680984662926719 -5.6385209678965609 -23.542990004328583 -4.5067924275670368 -0.73777520332730795
leaf_weight=5331 1228 57 4426 20 20 47 31 20 21 5016 764 57 25 31 33 34 21 119 46 1718 42 22 37 44 37 23 327 26 138 2642
leaf_count=5331 1228 57 4426 20 20 47 31 20 21 5016 764 57 25 31 33 34 21 119 46 1718 42 22 37 44 37 23 327 26 138 2642
internal_value=-1.99523e-08 -6.85055 1.59177 -16.3572 -4.94922 -22.4751 -34.9868 -44.6261 -4.60915 2.94743 -0.199221 -14.2676 -19.1123 -27.048 -12.4745 -20.2412 -17.9294 -10.5695 -8.90155 -3.87044 -14.3189 -18.7881 -9.51719 -15.2721 -12.6118 -7.40052 -6.74383 -14.1201 -7.70339 0.111694
internal_weight=22403 4224 18179 704 3520 67 71 51 3453 10347 7832 633 171 77 462 91 46 371 507 2946 110 68 338 81 94 397 376 49 257 7068
internal_count=22403 4224 18179 704 3520 67 71 51 3453 10347 7832 633 171 77 462 91 46 371 507 2946 110 68 338 81 94 397 376 49 257 7068
is_linear=0
shrinkage=0.05


Tree=3
num_leaves=31
num_cat=0
split_feature=257 257 257 115 252 138 124 180 218 257 217 254 5 208 165 48 241 35 98 24 250 141 257 243 18 176 71 82 192 106
split_gain=8.81897e+07 2.75625e+07 1.59338e+07 9.98812e+06 7.57331e+06 1.25732e+07 4.85439e+06 4.24217e+06 4.00675e+06 2.80229e+06 2.66166e+06 1.97253e+06 2.08597e+06 2.99732e+06 1.96178e+06 2.7301e+06 2.19555e+06 1.73228e+06 2.62368e+06 2.25729e+06 1.69925e+06 1.57224e+06 1.52198e+06 1.49887e+06 1.59151e+06 1.52799e+06 2.18092e+06 1.93159e+06 1.52215e+06 2.75893e+06
threshold=512.81195068359386 858.00915527343761 348.16616821289068 5389.2500000000009 1006.0000000000001 456.44549560546881 776.22653198242199 1200.0135498046877 1224.0000000000002 254.42852783203128 356.75000000000006 -1096.9999999999998 1200.0135498046877 899.23205566406261 4378.5900878906259 3426.0471191406255 76.750000000000014 -4237.4999999999991 -1594.7499999999998 3006.2500000000005 992.53356933593761 971.75000000000011 579.07751464843761 705.22543334960949 -3265.032592773437 717.75000000000011 985.25000000000011 343.32283020019537 1957.2500000000002 2522.2500000000005
decision_type=2 2 2 2 2 2 2 2 2 2 2 2 2 2 2 2 2 2 2 2 2 2 2 2 2 2 2 2 2 2
left_child=2 4 9 11 8 -6 -5 -8 22 -1 -4 20 13 14 15 16 -13 -14 -19 21 -3 -20 -2 24 -10 26 -26 -27 29 -25
right_child=1 3 10 6 5 -7 7 -9 23 -11 -12 12 17 -15 -16 -17 -18 18 19 -21 -22 -23 -24 28 25 27 -28 -29 -30 -31
leaf_value=3.9361982799258892 -2.1958929614143599 -8.3734403300285347 0.35903888506462273 -13.846919449515966 -54.555290746688847 -7.2219435402687573 -54.076649803950865 -24.960178899765015 -19.878588589754973 2.2041110385289735 -1.7387997686404337 -25.918706527778081 -4.5624334836006168 -8.1936107594797143 -8.3036967867299136 -36.623369349604069 -5.9356399854024255 -35.556585328475293 -22.547767257690431 -30.693598465692432 -25.27460408806801 -5.9787811959662092 -4.5480683728784284 -9.7964480672891341 -4.9173047833717796 -19.784641701834545 -26.581499708266485 -4.185666336346201 -5.9542022111369119 -28.456081366539003
leaf_weight=3560 1145 20 5785 23 20 47 29 22 22 6787 2047 28 20 309 38 23 27 23 22 21 58 41 1722 52 26 21 21 361 51 32
leaf_count=3560 1145 20 5785 23 20 47 29 22 22 6787 2047 28 20 309 38 23 27 23 22 21 58 41 1722 52 26 21 21 361 51 32
internal_value=1.03666e-08 -6.50802 1.51218 -15.5394 -4.70175 -21.3513 -32.9166 -41.5166 -4.3787 2.80005 -0.18926 -13.4982 -12.4465 -10.7663 -17.6195 -22.158 -16.1088 -18.0693 -20.5939 -16.497 -20.941 -11.7648 -3.60867 -8.14602 -6.76251 -6.08989 -14.5971 -5.0432 -12.768 -16.9049
internal_weight=22403 4224 18179 704 3520 67 74 51 3453 10347 7832 630 552 425 116 78 55 127 107 84 78 63 2867 586 451 429 47 382 135 84
internal_count=22403 4224 18179 704 3520 67 74 51 3453 10347 7832 630 552 425 116 78 55 127 107 84 78 63 2867 586 451 429 47 382 135 84
is_linear=0
shrinkage=0.05


Tree=4
num_leaves=31
num_cat=0
split_feature=257 257 257 86 252 138 124 212 220 191 257 176 185 203 227 219 88 250 6 257 257 75 218 6 173 254 254 68 213 162
split_gain=7.95912e+07 2.48751e+07 1.44134e+07 9.10086e+06 6.83491e+06 1.13474e+07 5.65275e+06 4.43439e+06 3.62309e+06 2.42441e+06 2.25412e+06 1.96017e+06 3.35373e+06 2.67507e+06 2.79933e+06 1.90383e+06 1.50744e+06 1.45279e+06 2.12848e+06 1.32678e+06 1.30943e+06 1.26978e+06 1.24048e+06 1.34867e+06 1.21997e+06 1.17593e+06 2.31681e+06 1.15363e+06 1.03439e+06 1.81914e+06
threshold=512.81195068359386 858.00915527343761 339.02513122558599 5630.5000000000009 1006.0000000000001 456.44549560546881 776.22653198242199 2112.2500000000005 976.25000000000011 840.25000000000011 236.46519470214847 2873.0000000000005 2233.7500000000005 -856.74999999999989 -178.74999999999997 -2732.2499999999995 3532.3300781250005 776.22653198242199 3306.1718750000005 633.87484741210949 429.23454284667974 992.53356933593761 176.25000000000003 -2813.853149414062 683.63073730468761 -197.74999999999997 -962.74999999999989 320.02725219726568 -115.74999999999999 80.250000000000014
decision_type=2 2 2 2 2 2 2 2 2 2 2 2 2 2 2 2 2 2 2 2 2 2 2 2 2 2 2 2 2 2
left_child=2 4 10 11 8 -6 -5 -8 19 20 -1 13 -13 14 15 21 -16 27 -19 22 -4 -3 -2 -24 -15 26 -14 -10 29 -25
right_child=1 3 9 6 5 -7 7 -9 17 -11 -12 12 25 24 16 -17 -18 18 -20 -21 -22 -23 23 28 -26 -27 -28 -29 -30 -31
leaf_value=4.077277145551264 -1.4416981792688157 -12.094544744491579 0.66773226724375823 -9.2079749405384064 -51.827526597976686 -6.8608464606264805 -26.671448248404047 -56.209687095880511 -18.880194228887557 -2.6790309029824959 2.3125909969684169 -36.773817984263104 -25.148903074264528 -19.406539579391481 -36.210181427001956 -8.6073252079334672 -18.720404584067207 -25.381673487595151 -5.5145162068880529 -4.8291703906705248 -0.71704123019824906 -29.320737847037936 -13.14446801038889 -1.0403528039272014 -7.9132467675288005 -22.621286284178495 -4.7647065218376081 -6.5975133818856015 -3.0042136084807072 -15.87181305776943
leaf_weight=2403 979 20 5065 20 20 47 27 24 20 808 7328 21 20 25 22 94 28 28 26 1134 2575 23 39 39 302 32 46 433 711 44
leaf_count=2403 979 20 5065 20 20 47 27 24 20 808 7328 21 20 25 22 94 28 28 26 1134 2575 23 39 39 302 32 46 433 711 44
internal_value=-1.48767e-08 -6.18262 1.43657 -14.7624 -4.46667 -20.2837 -31.7369 -40.5718 -4.15976 -0.0744524 2.74837 -12.8585 -18.6411 -11.5197 -16.2896 -12.5938 -26.4159 -8.06389 -15.816 -3.48787 0.201006 -21.3086 -2.64845 -4.0667 -8.79194 -14.7555 -10.9417 -7.1398 -3.62082 -8.90281
internal_weight=22403 4224 18179 704 3520 67 71 51 3453 8448 9731 633 119 514 187 137 50 507 54 2946 7640 43 1812 833 327 98 66 453 794 83
internal_count=22403 4224 18179 704 3520 67 71 51 3453 8448 9731 633 119 514 187 137 50 507 54 2946 7640 43 1812 833 327 98 66 453 794 83
is_linear=0
shrinkage=0.05


Tree=5
num_leaves=31
num_cat=0
split_feature=257 257 257 181 252 138 96 12 54 218 257 206 225 232 212 236 5 233 250 210 59 232 53 239 257 253 18 243 115 29
split_gain=7.18311e+07 2.24498e+07 1.3123e+07 8.314e+06 6.16851e+06 1.0241e+07 4.75342e+06 7.39224e+06 5.28782e+06 3.30957e+06 2.63359e+06 1.98362e+06 2.37989e+06 3.06963e+06 2.16168e+06 1.8715e+06 1.64017e+06 1.53112e+06 1.46134e+06 1.36965e+06 2.23112e+06 1.2993e+06 2.364e+06 1.28345e+06 1.27698e+06 1.11033e+06 1.28022e+06 1.40119e+06 1.16855e+06 2.69251e+06
threshold=512.81195068359386 858.00915527343761 317.26268005371099 3809.9016113281255 1006.0000000000001 456.44549560546881 776.22653198242199 798.89459228515636 1200.0135498046877 1224.0000000000002 429.23454284667974 -2004.2499999999998 242.25000000000003 37.750000000000007 -1109.2499999999998 992.53356933593761 1480.4058837890627 412.75000000000006 233.74124908447268 883.75000000000011 2251.0000000000005 -1409.9999999999998 3411.025024414063 -218.74999999999997 579.07751464843761 71.750000000000014 -3265.032592773437 692.68301391601574 2525.5000000000005 4213.2500000000009
decision_type=2 2 2 2 2 2 2 2 2 2 2 2 2 2 2 2 2 2 2 2 2 2 2 2 2 2 2 2 2 2
left_child=2 4 18 11 9 -6 15 -8 -9 24 -4 21 23 -14 -15 -5 -16 -12 -1 20 -11 -3 -23 -13 -2 -21 -27 -28 -29 -30
right_child=1 3 10 6 5 -7 7 8 -10 19 17 12 13 14 16 -17 -18 -19 -20 25 -22 22 -24 -25 -26 26 27 28 29 -31
leaf_value=3.9359705608238453 -1.9578617354199357 -9.1950654308001205 0.67604460243368258 -23.818816879391672 -49.23615001678467 -6.5178041661039323 -53.576553193454089 -3.7274437557567248 -38.394102122566913 -8.6341440997521079 -0.71079528444377771 -11.292445507194058 -30.967555312676865 -23.499036968455599 -8.5997408668242823 -4.2714740419387818 -20.208058846337455 -4.4012979102457406 2.4358138925974906 -16.279756327028629 -27.91764639854431 -10.442182280800559 -31.601759020487471 -2.5169019333161087 -4.1124110015148121 -16.873893493652343 -3.6999633826272338 -4.9255408359023765 -29.964000122547152 -6.9664917400905075
leaf_weight=2224 1145 24 6952 24 20 47 29 22 22 60 2678 66 22 34 233 25 35 314 6011 27 20 22 33 113 1722 25 346 53 20 35
leaf_count=2224 1145 24 6952 24 20 47 29 22 22 60 2678 66 22 34 233 25 35 314 6011 27 20 22 33 113 1722 25 346 53 20 35
internal_value=9.58083e-09 -5.87349 1.36474 -14.0243 -4.24333 -19.2695 -25.8921 -33.978 -21.0608 -3.95177 0.142231 -11.5365 -10.3797 -12.936 -11.6225 -13.8457 -10.1158 -1.0981 2.84096 -7.37568 -13.455 -18.9021 -23.1379 -5.75258 -3.25194 -6.41452 -5.85845 -5.25187 -10.2237 -15.3292
internal_weight=22403 4224 18179 704 3520 67 122 73 44 3453 9944 582 503 324 302 49 268 2992 8235 586 80 79 55 179 2867 506 479 454 108 55
internal_count=22403 4224 18179 704 3520 67 122 73 44 3453 9944 582 503 324 302 49 268 2992 8235 586 80 79 55 179 2867 506 479 454 108 55
is_linear=0
shrinkage=0.05


Tree=6
num_leaves=31
num_cat=0
split_feature=257 257 257 86 252 138 117 220 217 257 254 253 68 208 45 241 164 205 156 198 233 241 201 58 192 227 82 234 141 218
split_gain=6.48276e+07 2.02609e+07 1.18966e+07 7.50645e+06 5.56708e+06 9.24249e+06 4.86008e+06 3.01078e+06 2.22328e+06 2.20655e+06 1.63166e+06 2.92424e+06 3.12732e+06 2.33085e+06 2.88111e+06 1.54379e+06 1.43723e+06 1.7165e+06 1.66077e+06 1.84281e+06 1.77747e+06 1.28248e+06 1.35367e+06 2.3168e+06 2.7177e+06 2.03627e+06 1.74471e+06 1.20293e+06 1.67487e+06 1.38056e+06
threshold=512.81195068359386 858.00915527343761 348.16616821289068 5630.5000000000009 1006.0000000000001 456.44549560546881 798.89459228515636 976.25000000000011 356.75000000000006 277.90954589843756 -762.99999999999989 199.75000000000003 1110.3916015625002 823.68878173828136 3140.2500000000005 16.750000000000004 725.75000000000011 884.25000000000011 -1375.2499999999998 -1732.7499999999998 -479.74999999999994 -305.24999999999994 683.63073730468761 336.25000000000006 1861.2500000000002 1144.2500000000002 350.12287902832037 -1444.2499999999998 -2179.7499999999995 170.75000000000003
decision_type=2 2 2 2 2 2 2 2 2 2 2 2 2 2 2 2 2 2 2 2 2 2 2 2 2 2 2 2 2 2
left_child=2 4 9 10 7 -6 -5 27 -4 -1 11 -3 15 14 -12 -13 17 18 -15 -20 -21 -9 26 -24 25 -25 -23 28 -2 -29
right_child=1 3 8 6 5 -7 -8 21 -10 -11 13 12 -14 16 -16 -17 -18 -19 19 20 -22 22 23 24 -26 -27 -28 29 -30 -31
leaf_value=3.1175897916447344 -21.745290981531145 -9.7784789967921473 0.32744777462890334 -14.701372710141269 -46.774344034194947 -6.1919138167766823 -40.929805269366824 -18.594477101167044 -1.5898642614680381 1.6565859309089797 -10.839779607816176 -6.6311596151727903 -35.233653948383953 -5.9599470783273389 -34.88983536243439 -24.858215223039902 -5.291866188669621 -23.687335571289065 -25.587649903978622 -2.1322575944842717 -18.805603182700374 -17.798079002820529 -1.3826638795234061 -13.70535669780913 -5.4210333854921409 -35.472465289722791 -4.3680152087660797 -1.9463296209580385 -4.9658057858204021 -4.1448663398867751
leaf_weight=5331 20 93 5785 33 20 47 38 24 2047 5016 33 26 31 120 20 21 172 25 28 33 31 26 37 21 31 22 346 1526 58 1342
leaf_count=5331 20 93 5785 33 20 47 38 24 2047 5016 33 26 31 120 20 21 172 25 28 33 31 26 37 21 31 22 346 1526 58 1342
internal_value=4.10535e-09 -5.57982 1.2965 -13.3231 -4.03117 -18.3061 -28.7391 -3.75418 -0.173668 2.40933 -11.5939 -15.7665 -22.9061 -10.0495 -19.9153 -14.7752 -8.77108 -11.2961 -9.83484 -14.889 -10.2084 -7.31315 -6.75259 -11.5984 -16.7062 -24.842 -5.30668 -3.14169 -9.26824 -2.97507
internal_weight=22403 4224 18179 704 3520 67 71 3453 7832 10347 633 171 78 462 53 47 409 237 212 92 64 507 483 111 74 43 372 2946 78 2868
internal_count=22403 4224 18179 704 3520 67 71 3453 7832 10347 633 171 78 462 53 47 409 237 212 92 64 507 483 111 74 43 372 2946 78 2868
is_linear=0
shrinkage=0.05


Tree=7
num_leaves=31
num_cat=0
split_feature=257 250 257 181 220 54 54 253 68 254 190 247 257 187 184 25 32 183 257 257 117 204 4 218 232 201 231 249 212 100
split_gain=5.85069e+07 1.83563e+07 1.07781e+07 7.17295e+06 4.50722e+06 4.32823e+06 6.83144e+06 4.33872e+06 3.4509e+06 2.913e+06 2.24713e+06 2.06529e+06 1.69928e+06 2.49502e+06 3.24547e+06 1.53068e+06 1.44114e+06 1.3752e+06 1.33792e+06 1.3363e+06 1.22613e+06 1.08023e+06 1.56018e+06 1.52188e+06 2.43199e+06 1.31212e+06 1.27135e+06 1.70682e+06 1.20875e+06 1.25345e+06
threshold=512.81195068359386 858.00915527343761 320.84552001953131 3809.9016113281255 1100.2500000000002 705.22543334960949 798.89459228515636 924.75000000000011 317.65319824218756 -1096.9999999999998 1139.2500000000002 739.75000000000011 683.63073730468761 549.32611083984386 314.75000000000006 550.93750000000011 -3078.6350097656245 1193.2500000000002 236.46519470214847 377.48083496093756 754.08599853515636 -294.74999999999994 3260.454956054688 703.25000000000011 262.75000000000006 858.00915527343761 78.750000000000014 2324.782592773438 1238.7500000000002 2342.2500000000005
decision_type=2 2 2 2 2 2 2 2 2 2 2 2 2 2 2 2 2 2 2 2 2 2 2 2 2 2 2 2 2 2
left_child=2 4 18 9 11 -5 -7 -8 -6 17 19 -2 16 -14 -15 -11 -10 -3 -1 -4 -16 22 -17 25 -25 -23 27 -24 -26 -30
right_child=1 3 10 5 8 6 7 -9 12 15 -12 -13 13 14 20 21 -18 -19 -20 -21 -22 23 26 24 28 -27 -28 -29 29 -31
leaf_value=3.5301621498143954 -3.0009726523248048 -15.55797783027996 1.1041366296216297 -10.196806762092992 -28.643461666107182 -54.383502084558671 -10.305637286691105 -38.802301649613817 -18.148595802783969 -18.474837582285812 -2.0780911062561112 -18.37643594091589 -28.059709343910221 -25.224411018078143 -2.5805665574794592 -4.0051369811213293 -4.2541346922356595 -31.370527114868164 2.1371053667895477 -0.1614582490893578 -13.91777129462271 -13.785669405460357 -21.547729716762419 -21.359829119273599 -4.0907670924334019 0.31793633471144012 -25.704394066852075 -6.5567549948789638 -18.373075595654939 -4.2832362256668235
leaf_weight=2403 3014 44 3540 38 20 22 34 22 20 41 1063 22 20 26 86 43 279 20 6096 5077 33 20 31 35 123 94 23 49 38 27
leaf_count=2403 3014 44 3540 38 20 22 34 22 20 41 1063 22 20 26 86 43 279 20 6096 5077 33 20 31 35 123 94 23 49 38 27
internal_value=3.71258e-08 -5.30082 1.23168 -12.6711 -3.82676 -24.0341 -30.7754 -21.5008 -8.30783 -10.4295 0.0908997 -3.11239 -7.43129 -11.5045 -9.22103 -9.19954 -5.18353 -20.4994 2.53098 0.358468 -5.7245 -8.4122 -12.0047 -6.85582 -9.25822 -2.15638 -15.3443 -12.3658 -7.00526 -12.5204
internal_weight=22403 4224 18179 704 3520 116 78 56 484 588 9680 3036 464 165 145 524 299 64 8499 8617 119 483 146 337 223 114 103 80 188 65
internal_count=22403 4224 18179 704 3520 116 78 56 484 588 9680 3036 464 165 145 524 299 64 8499 8617 119 483 146 337 223 114 103 80 188 65
is_linear=0
shrinkage=0.05


Tree=8
num_leaves=31
num_cat=0
split_feature=257 257 250 218 219 238 232 204 257 120 99 113 247 225 154 197 115 4 206 156 225 232 247 212 24 93 220 120 198 231
split_gain=5.3105e+07 1.48117e+07 1.11025e+07 6.58986e+06 4.79203e+06 4.11224e+06 3.12162e+06 3.92956e+06 2.88014e+06 2.06552e+06 2.23541e+06 2.45178e+06 1.93664e+06 2.58024e+06 2.14456e+06 1.90393e+06 1.43541e+06 1.5273e+06 1.37861e+06 2.48449e+06 1.64782e+06 1.82494e+06 2.12405e+06 1.37327e+06 1.46853e+06 1.37598e+06 1.53589e+06 1.33217e+06 1.29031e+06 1.21525e+06
threshold=594.35995483398449 377.48083496093756 858.00915527343761 3359.0000000000005 1946.0000000000002 2061.5000000000005 1085.2500000000002 328.75000000000006 288.97503662109381 2152.7500000000005 2765.2500000000005 2589.7500000000005 -1466.7499999999998 242.25000000000003 -1665.2499999999998 901.25000000000011 5389.2500000000009 219.83000183105472 -2004.2499999999998 -1857.2499999999998 246.75000000000003 404.75000000000006 -490.74999999999994 -1130.7499999999998 5468.5000000000009 3024.0000000000005 843.75000000000011 320.75000000000006 -1468.2499999999998 -1171.4999999999998
decision_type=2 2 2 2 2 2 2 2 2 2 2 2 2 2 2 2 2 2 2 2 2 2 2 2 2 2 2 2 2 2
left_child=1 8 6 12 15 -5 -2 -8 -1 27 11 -11 13 14 -4 28 17 -14 19 -19 29 22 -22 -23 25 26 -25 -9 -3 -20
right_child=2 4 3 5 -6 -7 7 9 -10 10 -12 -13 16 -15 -16 -17 -18 18 20 -21 21 23 -24 24 -26 -27 -28 -29 -30 -31
leaf_value=2.7258634942572639 -3.7065610061886902 -2.7474682841029834 -26.763418006896973 -41.162248077392576 -25.306148061752321 -13.394546749194465 -30.31963015556336 -11.952980100010571 1.1945769143924865 -11.382082669875203 -7.6941424353902512 -33.111229115440736 -20.742216997880206 -33.289577922821046 -7.390809922218323 -2.389041340534519 -19.831809127330782 -5.438336608807246 -11.319357745787677 -28.700523792613637 -8.9549866276402632 -18.400257152981229 -28.543212760925293 -1.4246759557548692 -17.205567707334247 3.0658631710779098 -11.357511600033268 -1.3805367277584215 -0.16714187919214574 -0.50382874216545714
leaf_weight=6123 1552 532 20 30 20 24 20 38 6160 34 133 21 26 20 50 1503 32 24 34 22 31 27 25 68 28 42 91 138 5425 110
leaf_count=6123 1552 532 20 30 20 24 20 38 6160 34 133 21 26 20 50 1503 32 24 34 22 31 27 25 68 28 42 91 138 5425 110
internal_value=-2.51651e-08 0.889734 -6.66053 -12.0376 -0.864338 -28.821 -4.70524 -8.74158 1.95791 -7.55597 -11.2003 -19.6787 -10.6433 -17.4511 -12.9258 -0.798811 -9.54914 -8.92595 -8.31395 -16.5637 -7.48174 -9.5237 -17.6997 -7.73519 -6.47773 -4.98331 -7.10951 -3.66322 -0.397582 -3.0575
internal_weight=22403 19763 2640 704 7480 54 1936 384 12283 364 188 55 650 90 70 7460 560 528 502 46 456 312 56 256 229 201 159 176 5957 144
internal_count=22403 19763 2640 704 7480 54 1936 384 12283 364 188 55 650 90 70 7460 560 528 502 46 456 312 56 256 229 201 159 176 5957 144
is_linear=0
shrinkage=0.05


Tree=9
num_leaves=31
num_cat=0
split_feature=257 250 257 181 54 250 220 68 254 257 247 182 241 25 233 183 110 250 128 105 85 12 52 148 248 163 90 72 164 24
split_gain=4.80462e+07 1.48632e+07 8.79954e+06 6.01187e+06 3.84984e+06 6.11296e+06 3.75685e+06 3.0809e+06 2.46294e+06 2.0231e+06 1.80565e+06 1.49602e+06 1.67196e+06 1.27324e+06 1.23737e+06 1.22601e+06 1.14862e+06 1.07558e+06 1.06109e+06 1.89434e+06 1.9612e+06 1.66904e+06 1.35516e+06 1.42695e+06 1.12956e+06 1.12029e+06 1.04199e+06 1.3098e+06 1.58172e+06 1.15467e+06
threshold=512.81195068359386 858.00915527343761 316.12066650390631 3809.9016113281255 705.22543334960949 1480.4058837890627 1100.2500000000002 317.65319824218756 -1096.9999999999998 429.23454284667974 739.75000000000011 403.25000000000006 -93.749999999999986 550.93750000000011 412.75000000000006 1193.2500000000002 776.22653198242199 233.74124908447268 1977.0000000000002 -273.74999999999994 880.25000000000011 1200.0135498046877 2047.7500000000002 2161.2500000000005 60.250000000000007 -675.24999999999989 2036.2097167968752 1319.2500000000002 531.75000000000011 -3221.9999999999995
decision_type=2 2 2 2 2 2 2 2 2 2 2 2 2 2 2 2 2 2 2 2 2 2 2 2 2 2 2 2 2 2
left_child=2 6 17 8 -5 -6 10 -8 15 -4 26 -9 -13 -10 -11 -3 -14 -1 19 21 -21 -15 -22 25 -23 -24 29 28 -28 -2
right_child=1 3 9 4 5 -7 7 11 13 14 -12 12 16 18 -16 -17 -18 -19 -20 20 22 24 23 -25 -26 -27 27 -29 -30 -31
leaf_value=3.2744091901164367 -6.1855032214463428 -13.977195763587952 0.58770964764106215 -8.7882307002418933 -42.193679156670207 -14.198817897759952 -26.782862758636476 -16.245968949167352 -16.711977848483297 -0.61616250490999269 -17.097369176691227 -17.48191170939084 -4.1204699907168543 0.37823990166905419 -3.9338075237669003 -28.907397804260256 -12.864558931830386 1.9848167094702185 -3.0878977772735414 -23.866824306760517 -4.9876320170260025 -3.541142118894137 -16.420531185371122 -22.618194405237833 -18.142558461648445 -5.5428754636219573 -21.316698780059816 -3.8643908512388543 -4.6433934226180567 -1.9952748809833514
leaf_weight=2224 177 44 7040 38 39 39 20 38 41 2678 22 29 355 83 314 20 42 5923 105 28 87 26 41 30 27 56 25 468 33 2311
leaf_count=2224 177 44 7040 38 39 39 20 38 41 2678 22 29 355 83 314 20 42 5923 105 28 87 26 41 30 27 56 25 468 33 2311
internal_value=1.26746e-08 -4.80363 1.11615 -11.4357 -21.8384 -28.1962 -3.47722 -7.5683 -9.38346 0.124818 -2.82501 -6.74009 -5.89214 -8.25254 -0.964338 -18.6429 -5.04554 2.33685 -7.53445 -8.7696 -11.4231 -4.04798 -9.79492 -13.0881 -10.9796 -10.1406 -2.72084 -4.74275 -11.8302 -2.29337
internal_weight=22403 4224 18179 704 116 78 3520 484 588 10032 3036 464 426 524 2992 64 397 8147 483 378 242 136 214 127 53 97 3014 526 58 2488
internal_count=22403 4224 18179 704 116 78 3520 484 588 10032 3036 464 426 524 2992 64 397 8147 483 378 242 136 214 127 53 97 3014 526 58 2488
is_linear=0
shrinkage=0.05


Tree=10
num_leaves=31
num_cat=0
split_feature=257 257 250 218 219 238 208 231 257 246 233 225 220 78 225 204 211 212 257 176 192 148 116 16 222 224 185 34 241 12
split_gain=4.35529e+07 1.21354e+07 8.96599e+06 5.59759e+06 4.23493e+06 3.81386e+06 2.76923e+06 2.47415e+06 2.35409e+06 1.7935e+06 1.77312e+06 2.12487e+06 3.37428e+06 3.16567e+06 2.06192e+06 1.93786e+06 1.78576e+06 2.82646e+06 1.62314e+06 1.51525e+06 1.49698e+06 2.00928e+06 1.40957e+06 1.29858e+06 1.57966e+06 1.27708e+06 1.26951e+06 1.20654e+06 1.12203e+06 1.11843e+06
threshold=594.35995483398449 377.48083496093756 858.00915527343761 3359.0000000000005 1946.0000000000002 2061.5000000000005 458.20018005371099 1142.5000000000002 288.97503662109381 399.25000000000006 -2314.7499999999995 -178.24999999999997 -585.24999999999989 2461.0000000000005 -929.74999999999989 -201.74999999999997 1748.7500000000002 665.25000000000011 465.19665527343756 572.25000000000011 1861.2500000000002 2395.0000000000005 3709.3449707031255 -3255.9999999999995 473.70811462402349 1636.7500000000002 -224.74999999999997 2088.1882324218755 247.25000000000003 858.00915527343761
decision_type=2 2 2 2 2 2 2 2 2 2 2 2 2 2 2 2 2 2 2 2 2 2 2 2 2 2 2 2 2 2
left_child=1 8 6 10 18 -5 -2 -8 -1 -9 19 14 13 -13 -12 28 -17 -18 -3 -4 21 29 -19 24 -20 -24 -26 -25 -14 -11
right_child=2 4 3 5 -6 -7 7 9 -10 20 11 12 15 -15 -16 16 17 22 23 -21 -22 -23 25 27 26 -27 -28 -29 -30 -31
leaf_value=2.4669091457030454 -19.609337725207723 -0.10462637476841695 -11.572458557966279 -38.217307984034221 -23.759150381088258 -11.475961084663869 -3.3339529082706747 -22.622962806338357 1.0825101460459001 -5.2072533269981287 -12.068733796667546 -11.005717623233796 -25.763824302673342 -37.588088389805385 0.67003588887805843 -4.7090018086641736 -27.634413083394367 -18.635059949329921 -18.979918363094331 -27.391152763366701 -3.1954294569790367 -23.84048538017273 1.5150727185938093 -0.9270731655231752 -2.2799781676626556 -10.598377129814843 -15.219419919360769 -3.8349293491966145 -10.086496225992839 -18.47816690683365
leaf_weight=6123 29 4396 41 30 20 24 1652 21 6160 77 47 24 25 21 98 206 24 28 20 24 112 25 36 2468 137 55 22 417 21 20
leaf_count=6123 29 4396 41 30 20 24 1652 21 6160 77 47 24 25 21 98 206 24 28 20 24 112 25 36 2468 137 55 22 417 21 20
internal_value=-1.40299e-08 0.805751 -6.03184 -10.8639 -0.781963 -26.3323 -4.27472 -4.04153 1.77262 -8.62551 -9.57885 -8.70837 -10.4382 -23.4108 -3.45908 -8.96036 -7.68891 -11.9816 -0.720362 -17.4132 -7.36933 -11.2011 -8.82479 -1.60377 -5.73622 -5.80624 -4.07034 -1.34738 -18.6068 -7.94352
internal_weight=22403 19763 2640 704 7480 54 1936 1907 12283 255 650 585 440 45 145 395 349 143 7460 65 234 122 119 3064 179 91 159 2885 46 97
internal_count=22403 19763 2640 704 7480 54 1936 1907 12283 255 650 585 440 45 145 395 349 143 7460 65 234 122 119 3064 179 91 159 2885 46 97
is_linear=0
shrinkage=0.05


Tree=11
num_leaves=31
num_cat=0
split_feature=257 257 250 218 225 238 247 173 197 257 242 214 66 233 225 220 169 169 211 231 219 54 227 117 231 233 197 23 16 241
split_gain=3.93306e+07 1.04922e+07 8.63452e+06 5.05182e+06 3.65603e+06 3.44201e+06 2.23753e+06 3.62696e+06 1.89019e+06 1.72402e+06 1.61238e+06 1.65348e+06 1.87786e+06 1.60024e+06 1.91769e+06 3.08396e+06 2.88782e+06 2.02622e+06 1.92719e+06 1.91628e+06 1.6764e+06 1.87972e+06 1.76475e+06 1.74529e+06 1.51662e+06 2.01082e+06 1.39662e+06 1.34513e+06 1.30575e+06 1.30334e+06
threshold=584.03851318359386 363.34733581542974 858.00915527343761 3359.0000000000005 2211.2500000000005 2061.5000000000005 160.75000000000003 447.57618713378912 901.25000000000011 277.90954589843756 1827.9375000000002 4582.7551269531259 3527.7500000000005 -2314.7499999999995 -178.24999999999997 -252.74999999999997 2267.2500000000005 885.25000000000011 -178.74999999999997 -1171.4999999999998 151.25000000000003 1200.0135498046877 1345.7500000000002 656.75689697265636 1142.5000000000002 556.75000000000011 134.75000000000003 175.75000000000003 679.75000000000011 -416.24999999999994
decision_type=2 2 2 2 2 2 2 2 2 2 2 2 2 2 2 2 2 2 2 2 2 2 2 2 2 2 2 2 2 2
left_child=1 9 6 13 8 -5 24 -8 -3 -1 -9 12 28 26 19 16 17 27 -17 -15 -20 23 -23 -22 29 -26 -4 -16 -12 -2
right_child=2 4 3 5 -6 -7 7 10 -10 -11 11 -13 -14 14 15 18 -18 -19 20 -21 21 22 -24 -25 25 -27 -28 -29 -30 -31
leaf_value=2.4377033714939462 -4.9149807388663298 -0.1390922104232393 -11.118895901384809 -36.306443030039468 -21.910877549648287 -10.902162718772889 -28.226942906379705 -2.720265797847583 -2.0623863556422886 1.2012786296965121 -19.911852977586832 -1.6398593375023376 -24.317954579106086 -9.936697967590824 -10.694847502708436 -21.832089606575344 -35.021406965255743 -2.1009973607063297 -2.3860403931699694 1.6817668077008552 -16.332136262107539 -27.484182258605955 -8.8787572237161481 -3.8341927410217758 -22.234722414883702 -5.5677559290300396 -26.44660465406335 -28.611236849698159 -6.3352508569692638 -1.8498387278339008
leaf_weight=5331 500 6672 42 30 20 24 20 162 1580 5984 23 47 27 62 20 23 20 25 128 83 37 25 26 114 22 102 23 22 77 1132
leaf_count=5331 500 6672 42 30 20 24 20 162 1580 5984 23 47 27 62 20 23 20 25 128 83 37 25 26 114 22 102 23 22 77 1132
internal_value=-5.92331e-09 0.794355 -5.52523 -10.3207 -0.559092 -25.0157 -3.92673 -7.5412 -0.507343 1.78381 -6.30991 -9.65198 -12.6171 -9.09991 -8.27295 -9.91634 -18.3482 -13.3712 -7.83822 -3.28613 -6.86289 -9.6997 -17.9991 -6.8966 -3.19395 -8.5248 -16.5425 -20.0796 -9.45787 -2.78891
internal_weight=22403 19587 2816 704 8272 54 2112 356 8252 11315 336 174 127 650 585 440 87 67 353 145 330 202 51 151 1756 124 65 42 100 1632
internal_count=22403 19587 2816 704 8272 54 2112 356 8252 11315 336 174 127 650 585 440 87 67 353 145 330 202 51 151 1756 124 65 42 100 1632
is_linear=0
shrinkage=0.05


Tree=12
num_leaves=31
num_cat=0
split_feature=257 257 257 86 234 124 246 217 208 30 173 234 12 227 234 90 239 254 176 51 253 166 240 66 239 197 19 206 105 216
split_gain=3.57154e+07 1.08659e+07 6.52772e+06 4.79339e+06 4.58523e+06 3.94139e+06 3.83744e+06 1.71651e+06 1.52972e+06 2.75952e+06 3.12067e+06 2.06983e+06 1.79168e+06 1.63457e+06 3.36382e+06 1.56937e+06 1.49869e+06 1.9816e+06 1.65676e+06 1.47602e+06 1.15051e+06 1.1036e+06 1.37707e+06 1.28813e+06 1.49701e+06 1.03495e+06 1.26169e+06 1.02766e+06 1.00155e+06 1.8355e+06
threshold=512.81195068359386 823.68878173828136 320.84552001953131 5630.5000000000009 2067.2500000000005 776.22653198242199 1987.2500000000002 356.75000000000006 823.68878173828136 1195.7500000000002 726.51162719726574 -1733.4999999999998 1200.0135498046877 -315.24999999999994 149.25000000000003 2361.796508789063 745.75000000000011 -724.24999999999989 2873.0000000000005 3397.0000000000005 924.75000000000011 619.04949951171886 55.750000000000007 3527.7500000000005 1584.7500000000002 -414.74999999999994 255.97701263427737 -1477.7499999999998 -416.24999999999994 -388.96679687499994
decision_type=2 2 2 2 2 2 2 2 2 2 2 2 2 2 2 2 2 2 2 2 2 2 2 2 2 2 2 2 2 2
left_child=2 4 -1 8 16 -5 -7 25 9 -3 15 -10 28 27 -15 -11 18 -18 -2 -17 -16 -19 -23 24 -24 26 -4 -14 -13 -30
right_child=1 3 7 5 -6 6 -8 -9 11 10 -12 12 13 14 20 19 17 21 -20 -21 -22 22 23 -25 -26 -27 -28 -29 29 -31
leaf_value=1.9734833933606 -2.0746483393864001 -1.7718760657954862 -13.02225852251053 -3.0041771435737612 -24.701524634659293 -18.17706825733185 -46.268880861997609 -1.0698714934720115 -18.280722262920477 -24.302849390506747 -34.354541087150572 -0.14244545025210228 -12.752978825569153 -30.846470306396487 -4.1555363457377359 1.4304648383803991 -19.532379180734807 -2.675322956805962 -13.348000420946065 -16.482480828658392 -17.764525440216065 -15.398989388881587 -2.7492475452144509 -16.889805633371527 -14.87906586877231 0.82291003143108454 -0.39837750882701783 1.8790524450937907 -18.510878682136536 -4.8926652572948388
leaf_weight=8499 2628 37 20 20 24 31 20 2448 39 20 22 93 20 25 41 23 22 428 33 23 25 39 207 22 29 5301 1911 30 27 296
leaf_count=8499 2628 37 20 20 24 31 20 2448 39 20 22 93 20 25 41 23 22 428 33 23 25 39 207 22 29 5301 1911 30 27 296
internal_value=-5.01962e-09 -4.14159 0.962324 -9.42061 -2.92336 -21.8162 -29.1935 0.0745306 -8.19996 -13.2289 -18.0461 -7.14523 -6.36555 -11.2365 -15.2269 -12.6099 -2.76999 -4.74896 -2.21445 -7.52601 -9.31046 -4.30036 -6.64217 -5.31846 -4.23978 0.461906 -0.529127 -3.97376 -4.71459 -6.03103
internal_weight=22403 4224 18179 792 3432 71 51 9680 721 125 88 596 557 141 91 66 3408 747 2661 46 66 725 297 258 236 7232 1931 50 416 323
internal_count=22403 4224 18179 792 3432 71 51 9680 721 125 88 596 557 141 91 66 3408 747 2661 46 66 725 297 258 236 7232 1931 50 416 323
is_linear=0
shrinkage=0.05


Tree=13
num_leaves=31
num_cat=0
split_feature=257 250 257 181 240 71 252 138 218 254 93 6 217 82 13 257 253 53 253 248 247 141 149 225 240 241 197 173 226 257
split_gain=3.22331e+07 9.85232e+06 6.00681e+06 4.24364e+06 3.32289e+06 3.01097e+06 2.85145e+06 7.46016e+06 1.91478e+06 1.89557e+06 1.81684e+06 1.66413e+06 1.57815e+06 1.53154e+06 1.36567e+06 1.33383e+06 1.12735e+06 1.12385e+06 1.70608e+06 2.04776e+06 1.25615e+06 1.20688e+06 2.15282e+06 1.17675e+06 1.62987e+06 1.09244e+06 1.05106e+06 1.27424e+06 1.07524e+06 1.029e+06
threshold=512.81195068359386 858.00915527343761 352.20091247558599 3809.9016113281255 1130.5000000000002 5195.7500000000009 1006.0000000000001 456.44549560546881 360.25000000000006 -1096.9999999999998 5381.7500000000009 -2813.853149414062 356.75000000000006 298.55754089355474 -3128.957397460937 236.46519470214847 236.25000000000003 4646.7924804687509 409.25000000000006 96.250000000000014 -420.24999999999994 2355.2500000000005 388.75000000000006 347.25000000000006 4.2500000000000009 379.25000000000006 -1159.4999999999998 739.54895019531261 -1726.7499999999998 589.15350341796886
decision_type=2 2 2 2 2 2 2 2 2 2 2 2 2 2 2 2 2 2 2 2 2 2 2 2 2 2 2 2 2 2
left_child=2 6 15 9 5 -5 8 -8 26 16 -7 14 -4 -13 -10 -1 -3 18 19 21 -19 22 -11 -22 -25 -12 27 -2 -28 -15
right_child=1 3 12 4 -6 10 7 -9 11 17 25 13 -14 29 -16 -17 -18 20 -20 -21 23 -23 -24 24 -26 -27 28 -29 -30 -31
leaf_value=2.7178390663712668 -3.2393430428922394 -10.592849967181683 0.26985285601179565 -30.103109704880492 -33.818807337834286 4.2191318464279179 -36.973041256991301 -2.2396675403301534 -6.037450901440212 -8.6385961368830522 -19.863799752860235 -17.368337250947953 -1.3691813537493207 -1.7839871180857099 -21.721500903627149 1.3784609179782228 -24.300194390614831 0.63587916552365487 -4.1553532360164267 -23.574225851694745 2.235670095223647 -0.97975339889526369 -26.623775400519374 -21.688010436838326 -6.1123059556937562 -4.6739613914489748 -7.0322606723341679 -14.431852257251741 -0.77864031717721816 -4.4926546803217686
leaf_weight=2403 277 40 5574 21 26 20 22 52 35 99 29 20 1994 574 23 8208 24 91 131 30 26 34 20 22 71 20 72 28 1516 901
leaf_count=2403 277 40 5574 21 26 20 22 52 35 99 29 20 1994 574 23 8208 24 91 131 30 26 34 20 22 71 20 72 28 1516 901
internal_value=-1.26233e-08 -3.93451 0.914208 -9.33412 -18.0741 -13.5257 -2.85459 -12.5658 -2.64605 -7.6099 -8.48039 -3.9473 -0.161996 -3.62492 -12.257 1.68178 -15.7331 -6.61776 -8.51142 -11.6297 -3.78627 -9.28763 -11.6613 -7.16792 -9.79688 -13.6639 -1.57852 -4.26685 -1.06218 -3.43857
internal_weight=22403 4224 18179 704 116 90 3520 74 3446 588 69 1553 7568 1495 58 10611 64 524 314 183 210 153 119 119 93 49 1893 305 1588 1475
internal_count=22403 4224 18179 704 116 90 3520 74 3446 588 69 1553 7568 1495 58 10611 64 524 314 183 210 153 119 119 93 49 1893 305 1588 1475
is_linear=0
shrinkage=0.05


Tree=14
num_leaves=31
num_cat=0
split_feature=257 257 115 252 131 257 124 180 218 82 6 5 105 216 254 234 254 211 11 23 225 217 24 47 86 113 233 191 105 58
split_gain=2.91538e+07 1.10142e+07 4.22452e+06 4.13493e+06 5.27773e+06 3.91684e+06 2.50074e+06 3.23966e+06 1.62575e+06 1.66826e+06 1.68111e+06 1.29807e+06 2.14615e+06 1.95307e+06 1.50068e+06 2.40463e+06 1.8107e+06 1.24887e+06 1.53097e+06 1.1822e+06 1.29052e+06 1.13091e+06 1.11756e+06 1.98273e+06 1.27556e+06 1.31227e+06 1.04622e+06 1.27986e+06 1.03487e+06 1.02805e+06
threshold=465.19665527343756 776.22653198242199 5389.2500000000009 1006.0000000000001 452.34590148925787 304.47436523437506 776.22653198242199 1200.0135498046877 1006.2500000000001 296.12419128417974 -2534.9633789062495 1109.719909667969 -283.74999999999994 -718.63015747070301 -762.99999999999989 -527.74999999999989 -298.24999999999994 2290.7500000000005 4106.8200683593759 -3242.7499999999995 -1118.7499999999998 356.75000000000006 5468.5000000000009 633.87484741210949 -121.24999999999999 758.75000000000011 -473.24999999999994 -1154.7499999999998 -3731.2499999999995 983.75000000000011
decision_type=2 2 2 2 2 2 2 2 2 2 2 2 2 2 2 2 2 2 2 2 2 2 2 2 2 2 2 2 2 2
left_child=5 3 11 8 -5 -1 -4 -8 19 -10 -11 12 28 -14 15 -13 -16 18 -18 20 -2 -7 24 -24 25 -15 -22 -28 -3 -26
right_child=1 2 6 4 -6 21 7 -9 9 10 -12 14 13 22 16 -17 17 -19 -20 -21 26 -23 23 -25 29 -27 27 -29 -30 -31
leaf_value=1.928229390518942 -13.436166240109339 -10.344866742911163 -5.7354263036147408 -33.883753776550293 -3.959185532825749 0.68943184775219579 -36.571133873791531 -11.126598320765929 -18.110711688995362 -15.138208101590473 -3.0943553321839805 -25.937607403362502 -22.946166343688965 -5.5149974141802112 -1.8830734280978931 -5.9510502921210398 -18.93346490405855 -23.558766462689356 -0.78222741553416619 -1.2164827049456108 -0.55426085207845788 -0.59709731889797257 -4.6584132786182799 -21.998818385601044 0.50450636401320947 -23.191103744506837 -15.10132256360615 -3.1291786164503836 0.26233446635546226 -6.3473538605223574
leaf_weight=7267 36 27 23 23 41 7174 29 22 20 30 847 34 20 21 68 27 21 21 26 3513 143 2242 34 32 66 21 34 65 155 321
leaf_count=7267 36 27 23 23 41 7174 29 22 20 30 847 34 20 21 68 27 21 21 26 3513 143 2242 34 32 66 21 34 65 155 321
internal_value=-7.58726e-09 -3.08037 -7.94163 -2.09012 -14.7133 1.05615 -19.4225 -25.5951 -1.91779 -3.83197 -3.50635 -6.99131 -5.97841 -7.62777 -10.575 -17.0911 -7.65238 -13.4217 -8.89235 -1.46487 -4.60361 0.383102 -7.00885 -13.0659 -6.077 -14.3531 -3.28967 -7.24082 -1.31126 -5.17882
internal_weight=22403 5720 968 4752 64 16683 74 51 4688 897 877 894 697 515 197 61 136 68 47 3791 278 9416 495 66 429 42 242 99 182 387
internal_count=22403 5720 968 4752 64 16683 74 51 4688 897 877 894 697 515 197 61 136 68 47 3791 278 9416 495 66 429 42 242 99 182 387
is_linear=0
shrinkage=0.05


Tree=15
num_leaves=31
num_cat=0
split_feature=257 257 85 240 219 257 252 194 257 226 218 254 105 202 5 44 94 247 225 220 92 24 233 247 22 227 52 232 19 240
split_gain=2.65515e+07 7.62617e+06 5.58513e+06 3.70129e+06 3.28953e+06 3.06998e+06 2.85359e+06 4.3617e+06 1.48653e+06 1.46408e+06 1.11275e+06 1.1158e+06 1.0905e+06 2.13807e+06 1.75737e+06 1.69363e+06 2.85595e+06 1.13173e+06 1.5081e+06 2.6369e+06 2.2824e+06 1.87023e+06 1.37988e+06 1.34144e+06 1.16769e+06 1.50305e+06 1.19181e+06 2.61857e+06 1.18206e+06 1.53114e+06
threshold=594.35995483398449 377.48083496093756 6453.2500000000009 1130.5000000000002 1946.0000000000002 776.22653198242199 1006.0000000000001 549.38742065429699 255.58366394042972 1025.5000000000002 691.25000000000011 -224.74999999999997 -283.74999999999994 -836.78826904296864 1109.719909667969 -3559.4999999999995 -1507.7499999999998 739.75000000000011 -65.249999999999986 -597.74999999999989 786.75000000000011 5468.5000000000009 -1572.9999999999998 -1466.7499999999998 5004.7500000000009 1195.7500000000002 2958.0000000000005 512.75000000000011 683.63073730468761 548.75000000000011
decision_type=2 2 2 2 2 2 2 2 2 2 2 2 2 2 2 2 2 2 2 2 2 2 2 2 2 2 2 2 2 2
left_child=1 8 5 9 10 6 -2 -8 -1 -4 11 -3 14 -14 -7 -16 -17 18 22 -20 -21 23 -15 -22 25 26 -25 -28 -27 -30
right_child=2 4 3 -5 -6 12 7 -9 -10 -11 -12 -13 13 17 15 16 -18 -19 19 20 21 -23 -24 24 -26 28 27 -29 29 -31
leaf_value=2.2416996349349607 -2.6963312573717175 -1.0054513870364516 -17.560283655733677 -35.659293008985976 -20.880230507850648 -1.2456982361163003 -32.796129779815679 -0.53376159667968748 1.0380050541600265 -1.7036661580204964 -1.7251388147355873 0.38441119062908569 -23.87059017658234 -8.9230340452864763 -2.4602189901712781 -30.09334086463565 -3.6928041946887973 1.0990707372364246 -22.883435779629334 -21.197674474408551 -17.789424948258834 -17.722566955154008 0.87344805205740583 -0.61419980305583544 3.7293424241683066 -4.0105150667826335 -20.734383642673492 -1.2593355475531685 -25.671666407585146 -8.1583013571225678
leaf_weight=3649 1623 2660 37 21 20 182 20 22 8634 24 1641 3159 20 64 37 21 20 38 33 31 22 37 82 119 34 30 28 45 24 26
leaf_count=3649 1623 2660 37 21 20 182 20 22 8634 24 1641 3159 20 64 37 21 20 38 33 31 22 37 82 119 34 30 28 45 24 26
internal_value=-2.64897e-10 0.629125 -4.70962 -17.5544 -0.629506 -4.29786 -3.02932 -15.8968 1.3956 -11.3216 -0.575214 -0.250927 -6.66307 -7.78287 -3.93677 -10.216 -17.215 -7.25799 -7.81028 -9.3041 -8.17249 -7.06624 -3.4209 -5.86416 -5.00679 -6.0988 -3.6996 -8.72922 -11.8569 -16.5647
internal_weight=22403 19763 2640 82 7480 2558 1665 42 12283 61 7460 5819 893 633 260 78 41 613 575 429 396 365 146 328 306 272 192 73 80 50
internal_count=22403 19763 2640 82 7480 2558 1665 42 12283 61 7460 5819 893 633 260 78 41 613 575 429 396 365 146 328 306 272 192 73 80 50
is_linear=0
shrinkage=0.05


Tree=16
num_leaves=31
num_cat=0
split_feature=257 176 182 257 253 233 257 253 252 220 239 198 197 218 241 6 218 197 5 250 206 217 36 164 178 13 166 171 250 227
split_gain=2.40289e+07 7.52259e+06 4.95621e+06 4.48358e+06 3.18635e+06 4.60659e+06 3.15932e+06 2.39733e+06 1.79413e+06 2.11583e+06 1.86114e+06 1.34824e+06 1.90945e+06 1.32544e+06 1.25015e+06 1.24297e+06 1.22805e+06 1.22063e+06 1.38947e+06 1.15091e+06 1.55235e+06 1.2709e+06 1.79966e+06 1.19015e+06 1.29258e+06 1.10615e+06 1.08379e+06 2.13911e+06 1.03302e+06 1.01689e+06
threshold=512.81195068359386 2873.0000000000005 2310.2500000000005 348.16616821289068 1109.7500000000002 1739.0000000000002 776.22653198242199 1252.2500000000002 -362.74999999999994 1200.2500000000002 711.75000000000011 -1396.2499999999998 -71.249999999999986 170.75000000000003 -86.249999999999986 -2813.853149414062 1311.2500000000002 -1159.4999999999998 823.68878173828136 504.81159973144537 866.75000000000011 -112.24999999999999 2657.5000000000005 -123.74999999999999 305.25000000000006 -3128.957397460937 705.22543334960949 2146.5000000000005 233.74124908447268 -156.24999999999997
decision_type=2 2 2 2 2 2 2 2 2 2 2 2 2 2 2 2 2 2 2 2 2 2 2 2 2 2 2 2 2 2
left_child=3 6 -3 28 8 -6 7 13 9 -4 14 12 29 17 -10 25 -5 18 -2 20 -17 22 23 -21 -25 -15 27 -13 -1 -8
right_child=1 2 4 16 5 -7 11 -9 10 -11 -12 26 -14 15 -16 19 -18 -19 -20 21 -22 -23 -24 24 -26 -27 -28 -29 -30 -31
leaf_value=2.4270171986818312 -2.8663863074257083 -32.181214839935301 -3.8439681196212767 0.017479628323838561 -30.31726280934102 -3.4368161467569216 -5.3676675504481297 -16.933951003463179 -3.9111811140309207 -24.030425827591511 -0.59497645211032057 -15.895185267925264 -23.499095878601075 -4.925114030983984 -20.224042081832888 -20.920489170551303 -3.1126711752254299 -0.22556096648350721 -15.971114182472229 0.15570132226654979 -2.2314743461608888 -1.9425639290961501 -19.675834420452947 -17.404372690405165 -2.5838021893655103 -17.849925203323362 -3.2754796996080411 2.9328056855635212 1.2110135791163705 -12.768020079471171
leaf_weight=2225 251 25 25 7505 37 28 169 27 23 27 127 48 20 49 24 20 327 1226 22 66 25 1356 23 28 31 25 436 22 8122 64
leaf_count=2225 251 25 25 7505 37 28 169 27 23 27 127 48 20 49 24 20 327 1226 22 66 25 1356 23 28 31 25 436 22 8122 64
internal_value=1.66377e-08 -3.39709 -10.8175 0.789334 -8.98208 -18.738 -2.79708 -2.09913 -6.17618 -14.3254 -3.74078 -5.69279 -8.67301 -1.97083 -12.2412 -2.96092 -0.11321 -0.898843 -3.92244 -2.65849 -10.5377 -2.42274 -6.82222 -4.45715 -9.61729 -9.2916 -4.20268 -9.97782 1.4725 -7.40038
internal_weight=22403 4224 316 18179 291 65 3908 3149 226 52 174 759 253 3122 47 1623 7832 1499 273 1549 45 1504 148 125 59 74 506 70 10347 233
internal_count=22403 4224 316 18179 291 65 3908 3149 226 52 174 759 253 3122 47 1623 7832 1499 273 1549 45 1504 148 125 59 74 506 70 10347 233
is_linear=0
shrinkage=0.05


Tree=17
num_leaves=31
num_cat=0
split_feature=257 257 115 252 131 257 250 19 143 82 24 225 128 226 5 105 216 254 234 254 254 19 168 124 93 24 239 240 19 115
split_gain=2.18488e+07 8.03703e+06 3.3394e+06 3.12902e+06 4.6985e+06 2.94533e+06 2.30043e+06 5.12339e+06 1.37173e+06 1.48496e+06 1.3537e+06 1.56254e+06 1.34244e+06 1.10154e+06 1.04471e+06 1.67507e+06 1.67656e+06 1.26392e+06 2.14961e+06 1.64202e+06 1.18897e+06 1.19285e+06 985217 1.19832e+06 2.34074e+06 1.9733e+06 1.2404e+06 1.35339e+06 1.00914e+06 936963
threshold=465.19665527343756 776.22653198242199 5389.2500000000009 1006.0000000000001 452.34590148925787 304.47436523437506 1480.4058837890627 692.68301391601574 1527.2500000000002 293.85371398925787 -3221.9999999999995 -1118.7499999999998 567.75000000000011 -92.249999999999986 1109.719909667969 -283.74999999999994 -718.63015747070301 -762.99999999999989 -527.74999999999989 -298.24999999999994 -84.249999999999986 1480.4058837890627 -1672.7499999999998 823.68878173828136 322.25000000000006 5468.5000000000009 793.75000000000011 -37.249999999999993 626.69149780273449 2224.5000000000005
decision_type=2 2 2 2 2 2 2 2 2 2 2 2 2 2 2 2 2 2 2 2 2 2 2 2 2 2 2 2 2 2
left_child=5 3 14 8 -5 -1 7 -4 10 -10 11 -2 -11 -13 15 -3 -17 18 -16 -19 21 -21 -18 24 -24 26 29 -28 -25 -26
right_child=1 2 6 4 -6 -7 -8 -9 9 12 -12 13 -14 -15 17 16 22 19 -20 20 -22 -23 23 28 25 -27 27 -29 -30 -31
leaf_value=1.6705389537735176 -16.470937199725046 -0.94243637965275695 -7.2600268554687508 -30.889600926896801 -2.6548565896545973 0.33066629628070648 -7.464751474997577 -43.048948287963867 -15.108874746163687 -15.342918731949547 -1.0722010840432008 -1.8167212206490184 -2.8068158371959124 -12.637316556487766 -23.533622915604539 -20.715466034412387 -16.547099072592598 -1.0131565788212944 -4.6366101229632344 -25.689366713024324 -3.8539214752338555 -8.6273511910438554 -22.313234219948452 4.1563035789956437 -3.158668035009633 -18.658778777718545 10.912551135108586 -3.3313467593840613 -4.5073049913018437 -10.980768730474074
leaf_weight=7267 27 182 20 23 41 9416 34 20 27 22 3708 147 729 28 34 20 21 68 27 21 27 20 24 47 69 28 21 81 118 86
leaf_count=7267 27 182 20 23 41 9416 34 20 27 22 3708 147 729 28 34 20 21 68 27 21 27 20 24 47 69 28 21 81 118 86
internal_value=2.01875e-08 -2.66667 -6.81927 -1.82077 -12.8017 0.914306 -17.0268 -25.1545 -1.67086 -3.58824 -1.28935 -5.27534 -3.17405 -3.54802 -5.97436 -5.06567 -6.52281 -9.18937 -15.1694 -6.50716 -12.0012 -17.3664 -5.94937 -5.47985 -7.31694 -6.05409 -4.68082 -0.39878 -2.03949 -7.49867
internal_weight=22403 5720 968 4752 64 16683 74 40 4688 778 3910 202 751 175 894 697 515 197 61 136 68 41 495 474 309 285 257 102 165 155
internal_count=22403 5720 968 4752 64 16683 74 40 4688 778 3910 202 751 175 894 697 515 197 61 136 68 41 495 474 309 285 257 102 165 155
is_linear=0
shrinkage=0.05


Tree=18
num_leaves=31
num_cat=0
split_feature=257 257 85 240 219 257 194 226 103 220 232 201 5 34 20 246 241 85 117 211 227 160 105 103 26 89 6 231 240 164
split_gain=1.98681e+07 5.71766e+06 4.38462e+06 3.22518e+06 2.824e+06 2.15118e+06 2.62455e+06 1.26419e+06 1.17931e+06 1.04525e+06 2.83813e+06 1.85189e+06 1.42164e+06 1.47845e+06 2.29055e+06 2.14584e+06 1.50452e+06 1.13795e+06 1.33871e+06 1.31398e+06 3.64213e+06 1.35936e+06 1.24101e+06 1.04711e+06 1.27567e+06 1.75235e+06 1.39593e+06 1.0232e+06 1.21004e+06 993501
threshold=594.35995483398449 377.48083496093756 6453.2500000000009 1130.5000000000002 1946.0000000000002 776.22653198242199 441.56689453125006 1025.5000000000002 303.48217773437506 2704.0000000000005 2648.7500000000005 569.05575561523449 1109.719909667969 4491.1074218750009 1381.4370117187502 1095.0000000000002 -624.74999999999989 -283.24999999999994 531.55700683593761 -178.74999999999997 -130.24999999999997 765.64083862304699 -3731.2499999999995 554.02239990234386 563.82043457031261 666.45263671875011 3760.2958984375005 921.25000000000011 -247.74999999999997 -1747.4999999999998
decision_type=2 2 2 2 2 2 2 2 2 2 2 2 2 2 2 2 2 2 2 2 2 2 2 2 2 2 2 2 2 2
left_child=1 8 5 7 -3 6 -2 -4 -1 10 11 -7 17 14 -14 16 -16 22 -19 20 21 -20 -13 -21 -25 26 -26 -8 -29 -10
right_child=2 4 3 -5 -6 9 27 -9 29 -11 -12 12 13 -15 15 -17 -18 18 19 23 -22 -23 -24 24 25 -27 -28 28 -30 -31
leaf_value=1.6394002610737708 -16.828321986272933 -0.49530080120927522 -15.43391390877801 -32.355241548447388 -19.308776822090152 -20.659452095720919 -1.8222511278737112 -0.69946501652399706 -8.7421102087412574 1.8251542784950949 -24.690534515380861 -9.4417967619719345 -6.0711391953229912 3.3478482019333615 -14.796966583728789 -4.8234727430343627 -33.745113934982911 2.2281125633804888 -14.489969548871441 -15.693710799217223 -29.084439451044258 -1.2619856087061077 2.6257882413297597 3.2648366964780369 -6.415551956176758 -3.4715227967983973 -24.137979853153229 -17.052244071960452 -4.2555585814901624 0.70091418852194254
leaf_weight=6917 32 7460 37 21 20 20 1371 24 28 44 20 27 100 21 20 20 22 54 31 20 22 52 101 52 25 222 20 20 242 5338
leaf_count=6917 32 7460 37 21 20 20 1371 24 28 44 20 27 100 21 20 20 22 54 31 20 22 52 101 52 25 222 20 20 242 5338
internal_value=-2.99338e-09 0.544215 -4.07398 -15.4549 -0.545604 -3.70915 -2.64727 -9.63675 1.20788 -5.68904 -6.07846 -5.62944 -5.25787 -9.13448 -10.7526 -18.3032 -24.7222 -4.12461 -5.20538 -6.10946 -10.9969 -6.20256 0.080282 -4.59566 -3.89986 -5.29523 -14.2922 -2.36938 -5.2324 0.65164
internal_weight=22403 19763 2640 82 7480 2558 1665 61 12283 893 849 829 809 183 162 62 42 626 498 444 105 83 128 339 319 267 45 1633 262 5366
internal_count=22403 19763 2640 82 7480 2558 1665 61 12283 893 849 829 809 183 162 62 42 626 498 444 105 83 128 339 319 267 45 1633 262 5366
is_linear=0
shrinkage=0.05


Tree=19
num_leaves=31
num_cat=0
split_feature=257 257 86 117 252 131 257 35 96 24 90 225 8 240 33 204 225 212 247 239 148 58 58 233 208 8 155 141 205 233
split_gain=1.80436e+07 6.49449e+06 2.81583e+06 2.97336e+06 2.72466e+06 4.23388e+06 2.40396e+06 1.22853e+06 1.43326e+06 1.2107e+06 1.42366e+06 1.72371e+06 1.0812e+06 1.0526e+06 1.76428e+06 993735 1.14316e+06 2.11454e+06 1.81138e+06 1.2655e+06 1.1908e+06 3.21689e+06 3.19139e+06 1.28522e+06 1.75097e+06 1.46863e+06 1.19193e+06 1.24012e+06 1.05846e+06 1.21893e+06
threshold=465.19665527343756 776.22653198242199 5630.5000000000009 798.89459228515636 1006.0000000000001 452.34590148925787 304.47436523437506 2254.0000000000005 312.84724426269537 -3221.9999999999995 -3895.251831054687 -1118.7499999999998 -2489.7499999999995 -348.24999999999994 633.87484741210949 -1988.2499999999998 237.25000000000003 -1158.7499999999998 -1466.7499999999998 711.75000000000011 2161.2500000000005 2345.2500000000005 1643.0000000000002 1445.2500000000002 899.23205566406261 3749.5000000000005 1493.7500000000002 1432.7500000000002 560.25000000000011 101.25000000000001
decision_type=2 2 2 2 2 2 2 2 2 2 2 2 2 2 2 2 2 2 2 2 2 2 2 2 2 2 2 2 2 2
left_child=6 4 15 -4 7 -6 -1 9 -9 10 -2 -12 13 -13 -15 -3 -17 19 -19 -18 26 22 -22 24 25 -23 27 28 -20 -30
right_child=1 2 3 -5 5 -7 -8 8 -10 -11 11 12 -14 14 -16 16 17 18 20 -21 21 23 -24 -25 -26 -27 -28 -29 29 -31
leaf_value=1.5140888795459104 1.5756478753130316 -11.961064008430199 -4.7912160508772912 -25.020632822085652 -29.080106809864873 -2.2777368289668387 0.30360189329746445 -15.745893271073053 -3.0503127280661939 -0.98676635937869706 -21.269044365882877 -3.4103164313236878 4.6023751730268652 -3.6825742131187802 -24.432704979181292 -2.5635472567704247 -25.78663973496074 -18.832114358743034 -0.16204509191345751 -8.6267753514376562 -8.7454613975576461 -1.8877018711783671 -33.149597588039583 5.0590336402257288 0.91952411773357001 -18.285211049185857 2.9822145474628665 -13.418751686992067 -17.674971862272784 -1.6837051941798284
leaf_weight=7267 59 54 34 39 23 41 9416 23 665 3798 20 60 22 21 20 312 21 24 114 22 37 22 21 33 47 36 71 33 22 26
leaf_count=7267 59 54 34 39 23 41 9416 23 665 3798 20 60 22 21 20 312 21 24 114 22 37 22 21 33 47 36 71 33 22 26
internal_value=6.44749e-09 -2.42336 -6.15624 -15.5987 -1.66295 -11.9098 0.830882 -1.52306 -3.47473 -1.18738 -4.95927 -7.65549 -5.44191 -7.62977 -13.8046 -5.38608 -4.9639 -6.37961 -5.43931 -17.0072 -4.74358 -7.70079 -17.5814 -3.54805 -6.25314 -12.0655 -2.56459 -4.58419 -2.78456 -9.01304
internal_weight=22403 5720 968 73 4752 64 16683 4688 688 4000 202 143 123 101 41 895 841 529 486 43 462 196 58 138 105 58 266 195 162 48
internal_count=22403 5720 968 73 4752 64 16683 4688 688 4000 202 143 123 101 41 895 841 529 486 43 462 196 58 138 105 58 266 195 162 48
is_linear=0
shrinkage=0.05


Tree=20
num_leaves=31
num_cat=0
split_feature=257 257 85 124 254 225 257 253 234 250 170 116 219 109 246 220 232 201 5 34 20 246 241 85 75 211 227 150 105 191
split_gain=1.63754e+07 4.49272e+06 3.66468e+06 2.85589e+06 3.00827e+06 2.48568e+06 1.87771e+06 1.93486e+06 1.06966e+06 1.01977e+06 985906 983629 1.26367e+06 1.29264e+06 982312 938353 2.59136e+06 1.59068e+06 1.26488e+06 1.30942e+06 2.01204e+06 1.8848e+06 1.35024e+06 988615 1.19055e+06 1.46771e+06 2.98642e+06 1.13325e+06 1.09636e+06 915643
threshold=584.03851318359386 377.48083496093756 6453.2500000000009 776.22653198242199 -428.24999999999994 2211.2500000000005 776.22653198242199 1252.2500000000002 646.25000000000011 233.74124908447268 2172.7500000000005 -1374.845031738281 -1979.7499999999998 -1413.355041503906 1238.2500000000002 2704.0000000000005 2648.7500000000005 569.05575561523449 1109.719909667969 4491.1074218750009 1381.4370117187502 1095.0000000000002 -624.74999999999989 -283.24999999999994 449.86349487304693 -178.74999999999997 -130.24999999999997 -460.24999999999994 -3731.2499999999995 -805.24999999999989
decision_type=2 2 2 2 2 2 2 2 2 2 2 2 2 2 2 2 2 2 2 2 2 2 2 2 2 2 2 2 2 2
left_child=1 9 6 -4 -5 8 7 -2 10 -1 11 12 -3 -14 -10 16 17 -8 23 20 -20 22 -22 28 29 26 27 -26 -19 -25
right_child=2 5 3 4 -6 -7 15 -9 14 -11 -12 -13 13 -15 -16 -17 -18 18 19 -21 21 -23 -24 24 25 -27 -28 -29 -30 -31
leaf_value=2.0651337615398879 -2.1461798588982872 -12.275231590270998 0.52554033994674687 -10.751785076686316 -34.029716043886928 -18.072246417999267 -19.003887186050417 -15.883324373685397 -2.9729800754456068 0.88222318582633452 -7.8658043100720363 0.22391070472440924 -0.80743072269601834 -11.441861146071862 3.4996363317049468 1.9853708917444406 -23.287735071182254 -8.6914650457876714 -5.5215806522369384 3.3607390994117377 -13.599214231967927 -4.3526603269577029 -31.549569498408928 -4.1627973651885988 -14.858641268656806 -3.8624154547456309 -26.978593817624184 -2.2269994808094844 2.6510214569545028 10.785797037397113
leaf_weight=2225 1815 25 24 35 23 20 20 26 597 10058 42 4575 1951 29 65 44 20 27 100 21 20 20 22 20 26 353 22 56 101 21
leaf_count=2225 1815 25 24 35 23 20 20 26 597 10058 42 4575 1951 29 65 44 20 27 100 21 20 20 22 20 26 353 22 56 101 21
internal_value=-7.48196e-09 0.51256 -3.56517 -13.9803 -19.9827 -0.469442 -3.25279 -2.34019 -0.421109 1.0965 -0.229533 -0.18079 -1.10424 -0.963188 -2.33745 -5.13422 -5.50319 -5.07413 -4.72976 -8.3864 -9.90917 -16.9859 -23.0018 -3.66081 -4.66818 -5.40043 -10.6208 -6.23215 0.258466 3.4938
internal_weight=22403 19587 2816 82 58 7304 2734 1841 7284 12283 6622 6580 2005 1980 662 893 849 829 809 183 162 62 42 626 498 457 104 82 128 41
internal_count=22403 19587 2816 82 58 7304 2734 1841 7284 12283 6622 6580 2005 1980 662 893 849 829 809 183 162 62 42 626 498 457 104 82 128 41
is_linear=0
shrinkage=0.05


Tree=21
num_leaves=31
num_cat=0
split_feature=257 176 182 257 236 253 248 103 227 252 47 239 75 142 217 241 225 212 197 232 158 193 206 224 168 149 117 47 4 253
split_gain=1.48455e+07 5.34441e+06 3.60954e+06 2.55356e+06 4.98639e+06 2.44193e+06 4.39423e+06 2.01479e+06 1.43873e+06 1.43765e+06 1.95281e+06 1.56693e+06 1.26917e+06 1.21607e+06 1.17972e+06 1.14522e+06 1.13136e+06 2.01127e+06 1.42982e+06 1.31503e+06 1.41029e+06 1.10896e+06 1.007e+06 1.00575e+06 1.99152e+06 1.9329e+06 1.037e+06 1.05174e+06 987235 978235
threshold=465.19665527343756 2873.0000000000005 2310.2500000000005 656.75689697265636 600.94247436523449 1109.7500000000002 1260.0000000000002 303.48217773437506 -1393.9999999999998 -362.74999999999994 776.22653198242199 711.75000000000011 462.90596008300787 -3862.4999999999995 310.25000000000006 88.250000000000014 432.25000000000006 -1158.7499999999998 -847.74999999999989 498.25000000000006 1862.9124755859377 3513.6525878906255 -795.24999999999989 653.50000000000011 483.75000000000006 -33.249999999999993 739.54895019531261 705.22543334960949 1361.1524658203127 290.75000000000006
decision_type=2 2 2 2 2 2 2 2 2 2 2 2 2 2 2 2 2 2 2 2 2 2 2 2 2 2 2 2 2 2
left_child=7 3 -3 -2 -5 9 -7 -1 13 10 -4 15 -10 -6 -9 -11 -14 18 -18 20 -19 -22 -15 -21 25 28 -26 -28 -25 -23
right_child=1 2 5 4 8 6 -8 14 12 11 -12 -13 16 22 -16 -17 17 19 -20 23 21 29 -24 24 26 -27 27 -29 -30 -31
leaf_value=1.391790237445117 -1.1182600294286875 -25.930837342805333 -20.376923709080138 -26.12062566479047 -18.056510713696479 -29.45780392011007 -3.5475548532274033 0.58748497555884338 2.6367766085125153 -3.7623821849003436 -0.86774010036302662 0.66404625284485519 -1.6692949235875645 -3.5307213301842029 -0.72240178958975398 -19.014389781951905 -5.7495781898498537 -15.789230442601582 -24.429626846313479 0.54862490013241771 2.0784735951253346 -2.5018004326593308 -14.067167768807247 -15.105143795013428 1.9463136985188438 -21.009689554674875 -15.108670625232515 -2.5359405655413867 -1.997958642361211 -17.952881212234498
leaf_weight=7103 3800 27 29 24 24 30 36 7335 105 32 23 128 683 104 2245 20 20 43 21 160 35 21 29 20 105 29 21 80 51 20
leaf_count=7103 3800 27 29 24 24 30 36 7335 105 32 23 128 683 104 2245 20 20 43 21 160 35 21 29 20 105 29 21 80 51 20
internal_value=-4.56595e-09 -2.19813 -8.42509 -1.82301 -3.50204 -6.839 -15.3249 0.753659 -3.1565 -4.42489 -11.7479 -2.30937 -2.65231 -7.69745 0.280523 -9.62854 -3.07656 -4.61197 -15.3174 -3.86168 -8.55282 -4.45854 -5.82814 -2.66372 -4.34338 -10.1328 -1.53298 -5.15007 -5.69012 -10.0389
internal_weight=22403 5720 325 5395 1595 298 66 16683 1571 232 52 180 1414 157 9580 52 1309 626 41 585 119 76 133 466 306 100 206 101 71 41
internal_count=22403 5720 325 5395 1595 298 66 16683 1571 232 52 180 1414 157 9580 52 1309 626 41 585 119 76 133 466 306 100 206 101 71 41
is_linear=0
shrinkage=0.05


Tree=22
num_leaves=31
num_cat=0
split_feature=257 176 182 257 253 233 257 236 240 87 219 170 192 12 218 226 232 196 19 26 82 33 248 93 253 1 1 243 53 142
split_gain=1.34228e+07 4.43903e+06 3.94858e+06 2.55279e+06 2.26323e+06 3.89433e+06 1.68122e+06 4.50022e+06 1.37903e+06 1.37954e+06 1.36144e+06 1.63974e+06 1.21747e+06 1.20749e+06 1.20615e+06 1.17708e+06 2.1928e+06 1.36198e+06 1.26401e+06 1.15849e+06 1.17656e+06 1.10824e+06 1.74501e+06 1.08129e+06 1.0812e+06 1.00424e+06 963508 1.46107e+06 1.26192e+06 2.26924e+06
threshold=512.81195068359386 2873.0000000000005 2310.2500000000005 304.47436523437506 1109.7500000000002 1739.0000000000002 656.75689697265636 600.94247436523449 -784.74999999999989 -3840.7499999999995 -478.24999999999994 2642.2500000000005 955.25000000000011 519.29574584960949 624.75000000000011 -253.74999999999997 404.75000000000006 1969.0000000000002 574.32891845703136 823.68878173828136 739.54895019531261 776.22653198242199 -312.74999999999994 4123.2500000000009 512.75000000000011 -2596.4999999999995 2970.2500000000005 501.95671081542974 -1564.8499755859373 584.75000000000011
decision_type=2 2 2 2 2 2 2 2 2 2 2 2 2 2 2 2 2 2 2 2 2 2 2 2 2 2 2 2 2 2
left_child=3 6 -3 -1 10 -6 19 -8 9 -9 -4 24 -5 -10 25 -15 -17 18 -18 26 -21 22 -13 -24 -12 -11 28 -28 29 -2
right_child=1 2 4 12 5 -7 7 8 13 14 11 21 -14 15 -16 16 17 -19 -20 20 -22 -23 23 -25 -26 -27 27 -29 -30 -31
leaf_value=1.3160019140516288 -1.6408522557119185 -27.307936641693118 -16.690849471092225 0.27820986264615943 -25.469602325639212 -0.75445957865033841 -24.814593080679575 -15.847697423185622 1.6873327681154171 4.5345597081893194 -17.716290184303567 -16.554651651382446 -1.5172948258104682 -0.82831271390240746 -9.7082247022125472 -16.954323109352227 -15.956220691100411 4.3561625406146049 -3.8258639042760119 -16.833053026199341 -3.7494933628645102 6.1972912528298121 4.1075935787388254 -6.9075023549634054 -2.7839425823905253 -4.08757335727298 -16.923191783428191 -2.7681590993427538 0.29747705335399671 -13.955177015960217
leaf_weight=7267 578 25 20 9868 37 28 24 28 189 37 27 20 1044 412 90 33 23 48 324 20 122 44 56 37 22 387 20 206 1327 40
leaf_count=7267 578 25 20 9868 37 28 24 28 189 37 27 20 1044 412 90 33 23 48 324 20 122 44 56 37 22 387 20 206 1327 40
internal_value=-4.79301e-09 -2.53899 -8.23914 0.58995 -6.60092 -14.8231 -2.07808 -3.32694 -2.99867 -5.03983 -4.23614 -3.02695 0.106426 -1.92355 -4.45107 -2.73599 -4.57236 -3.53792 -4.62989 -1.21689 -5.59225 -0.534806 -3.15615 -0.274756 -11.012 -3.33517 -0.93071 -4.02082 -0.571654 -2.4379
internal_weight=22403 4224 316 18179 291 65 3908 1595 1571 542 226 206 10912 1029 514 840 428 395 347 2313 142 157 113 93 49 424 2171 226 1945 618
internal_count=22403 4224 316 18179 291 65 3908 1595 1571 542 226 206 10912 1029 514 840 428 395 347 2313 142 157 113 93 49 424 2171 226 1945 618
is_linear=0
shrinkage=0.05


Tree=23
num_leaves=31
num_cat=0
split_feature=257 155 253 190 243 232 220 147 243 23 229 135 93 18 234 256 61 206 217 82 39 38 220 246 226 218 21 254 225 204
split_gain=1.22163e+07 4.5316e+06 3.03942e+06 4.83035e+06 2.31107e+06 1.88246e+06 2.15792e+06 1.70744e+06 1.68705e+06 1.27992e+06 3.99227e+06 1.20498e+06 1.22514e+06 1.20318e+06 1.52364e+06 1.18937e+06 1.01295e+06 952128 927958 858169 1.33445e+06 1.28891e+06 1.10545e+06 2.81451e+06 845238 1.33105e+06 968355 1.75993e+06 845113 1.43957e+06
threshold=465.19665527343756 3164.0000000000005 1109.7500000000002 4245.2500000000009 858.00915527343761 2648.7500000000005 -206.74999999999997 4832.2500000000009 290.12918090820318 -3242.7499999999995 476.11993408203131 2353.5000000000005 4123.2500000000009 542.09249877929699 -1733.4999999999998 1505.5225219726565 283.30023193359381 -734.74999999999989 310.25000000000006 409.40505981445318 2259.579956054688 2560.2500000000005 1767.2500000000002 954.25000000000011 1025.5000000000002 2134.0000000000005 -68.749999999999986 -193.74999999999997 -161.74999999999997 -363.24999999999994
decision_type=2 2 2 2 2 2 2 2 2 2 2 2 2 2 2 2 2 2 2 2 2 2 2 2 2 2 2 2 2 2
left_child=8 4 5 -4 9 6 -3 11 -1 10 -2 -8 -13 17 -15 24 -17 -6 -10 -18 21 -21 -22 -24 -11 26 -26 -28 -16 -30
right_child=1 2 3 -5 13 -7 7 -9 18 15 -12 12 -14 14 28 16 19 -19 -20 20 22 -23 23 -25 25 -27 27 -29 29 -31
leaf_value=1.3365484195972359 -25.987098064422607 -16.14831738313039 -30.017655103547231 -2.6762260882059734 -5.1623442807793616 -16.279111671447755 -15.242344143390657 9.2289761765797937 0.56853530611282821 -0.41240896213156764 -2.9154098107417425 0.17341685562298215 -11.162337492307028 -14.127997600010463 -0.025732139487197436 -12.982980283823881 0.90442915807679758 -20.405856275558474 -0.51774710207251573 -3.9950701931689654 -1.6394189180871068 -14.363915491104127 -21.762610621005297 1.2095797467231753 -1.2334717806647806 6.0290365219116211 -23.22865216164362 -4.3559973971048995 -12.235334958670276 -3.246241360411422
leaf_weight=6211 20 30 35 30 20 34 20 30 7849 3094 300 116 30 35 138 22 194 21 2623 94 920 44 24 30 34 22 21 30 53 279
leaf_count=6211 20 30 35 30 20 34 20 30 7849 3094 300 116 30 35 138 22 194 21 2623 94 920 44 24 30 34 22 21 30 53 279
internal_value=-2.17988e-09 -1.994 -7.72792 -17.3985 -1.64858 -5.31027 -3.66009 -1.74863 0.683671 -1.30133 -4.35739 -3.73253 -2.15585 -4.73255 -4.06377 -1.0854 -2.34337 -12.97 0.296446 -2.16414 -2.69949 -7.30108 -2.04752 -9.00028 -0.563503 -4.93253 -7.76964 -12.1271 -3.31431 -4.68125
internal_weight=22403 5720 325 65 5395 260 226 196 16683 4849 320 166 146 546 505 4529 1328 41 10472 1306 1112 138 974 54 3201 107 85 51 470 332
internal_count=22403 5720 325 65 5395 260 226 196 16683 4849 320 166 146 546 505 4529 1328 41 10472 1306 1112 138 974 54 3201 107 85 51 470 332
is_linear=0
shrinkage=0.05


Tree=24
num_leaves=31
num_cat=0
split_feature=257 155 253 196 243 232 220 208 103 26 159 23 229 235 141 240 176 222 103 257 18 234 93 177 217 226 206 112 207 109
split_gain=1.10252e+07 4.08977e+06 2.74308e+06 4.4223e+06 2.08574e+06 1.69892e+06 1.94752e+06 1.63118e+06 1.577e+06 1.51173e+06 1.23319e+06 1.15513e+06 3.60302e+06 1.10649e+06 1.46512e+06 1.5757e+06 1.80071e+06 1.60917e+06 1.09784e+06 1.08984e+06 1.08587e+06 1.37508e+06 964285 940791 932997 876275 859296 853988 943712 818259
threshold=465.19665527343756 3164.0000000000005 1109.7500000000002 2921.7500000000005 858.00915527343761 2648.7500000000005 -206.74999999999997 899.23205566406261 303.48217773437506 705.22543334960949 489.35853576660162 -3242.7499999999995 476.11993408203131 2677.6450195312505 436.75000000000006 280.25000000000006 948.25000000000011 476.11993408203131 519.29574584960949 640.96713256835949 542.09249877929699 -1733.4999999999998 4123.2500000000009 2499.5000000000005 310.25000000000006 465.50000000000006 -734.74999999999989 3535.2500000000005 3876.772583007813 1013.2100219726564
decision_type=2 2 2 2 2 2 2 2 2 2 2 2 2 2 2 2 2 2 2 2 2 2 2 2 2 2 2 2 2 2
left_child=8 4 5 -4 11 6 -3 10 -1 -5 -8 12 -2 -13 19 27 -17 -18 -12 -15 26 -22 23 -20 -10 -19 -6 28 -16 -23
right_child=1 2 3 9 20 -7 7 -9 24 -11 18 13 -14 14 15 16 17 25 22 -21 21 29 -24 -25 -26 -27 -28 -29 -30 -31
leaf_value=1.2140481889307684 -24.687743911743166 -15.34090151309967 -33.025317198276518 3.502093029022217 -4.9042270094156271 -15.465156241024241 1.3653073177735013 6.5756269304648685 0.50388237970476768 -15.938421468734743 -16.793224746704102 -0.71236040879488516 -2.7696393148303033 -18.062423110961912 -1.4359959604999712 -18.487804096698763 -15.543966109991073 -9.4026566537363205 -7.2428806056147046 -5.2332172461918427 -13.4215977369036 4.0951013134585486 -13.279233862104872 7.394700295584542 -0.66100679013492314 0.66207059471230767 -19.385563278198244 -8.1964322224259387 3.9805620702374882 -3.7494527908788848
leaf_weight=7103 20 30 25 20 20 34 60 46 7335 20 25 3883 300 25 248 25 25 28 23 49 35 36 21 21 2245 95 21 32 119 434
leaf_count=7103 20 30 25 20 20 34 60 46 7335 20 25 3883 300 25 248 25 25 28 23 49 35 36 21 21 2245 95 21 32 119 434
internal_value=1.10121e-08 -1.8943 -7.34153 -16.5286 -1.56615 -5.04476 -3.47709 -1.6612 0.649488 -6.21816 -4.18716 -1.23626 -4.13952 -1.03113 -2.94719 -2.09073 -6.07614 -3.97957 -7.8888 -9.56741 -4.49593 -3.86058 -4.46402 -0.256762 0.230899 -1.62909 -12.3215 -0.362722 0.320327 -3.14859
internal_weight=22403 5720 325 65 5395 260 226 196 16683 40 150 4849 320 4529 646 572 173 148 90 74 546 505 65 44 9580 123 41 399 367 470
internal_count=22403 5720 325 65 5395 260 226 196 16683 40 150 4849 320 4529 646 572 173 148 90 74 546 505 65 44 9580 123 41 399 367 470
is_linear=0
shrinkage=0.05


Tree=25
num_leaves=31
num_cat=0
split_feature=257 257 85 240 225 5 254 48 41 83 121 159 154 226 240 33 17 226 253 243 236 247 246 240 12 241 144 10 101 217
split_gain=1.0032e+07 2.90398e+06 2.4838e+06 2.69622e+06 2.0285e+06 1.33086e+06 1.54734e+06 1.55587e+06 1.38604e+06 1.67537e+06 2.41639e+06 1.34117e+06 1.28677e+06 1.15838e+06 1.29989e+06 2.158e+06 3.13924e+06 1.73505e+06 1.85646e+06 1.56376e+06 1.03478e+06 1.02099e+06 1.17418e+06 982805 1.88199e+06 783004 1.01417e+06 798937 1.04569e+06 1.52674e+06
threshold=584.03851318359386 377.48083496093756 6453.2500000000009 1130.5000000000002 2211.2500000000005 1039.6253662109377 -1324.9999999999998 2793.132934570313 4423.6054687500009 1781.0863037109377 1202.0000000000002 1039.6253662109377 -2669.9999999999995 903.75000000000011 762.75000000000011 640.96713256835949 1605.2500000000002 1481.5000000000002 832.25000000000011 640.96713256835949 574.32891845703136 3.7500000000000004 378.75000000000006 78.750000000000014 798.89459228515636 -416.24999999999994 4543.3850097656259 -3500.7499999999995 118.25000000000001 -1576.2499999999998
decision_type=2 2 2 2 2 2 2 2 2 2 2 2 2 2 2 2 2 2 2 2 2 2 2 2 2 2 2 2 2 2
left_child=1 -1 5 23 -3 6 7 -2 9 12 -11 -12 -7 25 15 19 -17 18 -16 20 -15 22 -14 24 -4 26 -8 -27 -29 -30
right_child=2 4 3 -5 -6 8 13 -9 -10 10 11 -13 21 14 17 16 -18 -19 -20 -21 -22 -23 -24 -25 -26 27 -28 28 29 -31
leaf_value=0.87065613150736443 -21.718871837556364 -0.34466012974738869 -20.932056072780068 -26.817287826538088 -16.290158853530883 -14.123784726460777 -3.7244908001659733 -2.8362203617890676 3.8552797480991909 -28.080501976013181 -1.0617502258669946 -17.669111232757569 -4.4820950599468281 -0.6359325091044109 0.61864820056491432 -2.0227206809180127 -24.086664967787897 4.3253041694129726 -19.20308453241984 2.2070708131790164 -14.675203237533569 -9.9499285116428293 4.7525590255043726 3.0416932010650637 0.49908907890319826 -7.2067416490340719 3.8647051850644254 0.87714359684414944 -12.234023108201869 -1.4170030273608309
leaf_weight=12283 20 7284 21 21 20 30 531 24 35 20 31 20 92 21 27 28 38 69 21 60 35 41 55 20 20 49 48 601 34 804
leaf_count=12283 20 7284 21 21 20 30 531 24 35 20 31 20 92 21 27 28 38 69 21 60 35 41 55 20 20 49 48 601 34 804
internal_value=-6.5329e-09 0.401183 -2.79047 -11.3649 -0.388323 -2.5333 -2.12882 -11.4192 -5.54196 -6.68003 -13.3508 -7.57444 -4.50744 -1.95604 -4.86491 -7.5082 -14.7262 -0.753122 -8.05336 -3.4014 -9.41048 -2.97292 -1.02695 -6.04521 -10.4778 -1.53527 -3.09533 -0.928222 -0.714429 -1.85588
internal_weight=22403 19587 2816 82 7304 2734 2410 44 324 289 71 51 218 2366 299 182 66 117 48 116 56 188 147 61 41 2067 579 1488 1439 838
internal_count=22403 19587 2816 82 7304 2734 2410 44 324 289 71 51 218 2366 299 182 66 117 48 116 56 188 147 61 41 2067 579 1488 1439 838
is_linear=0
shrinkage=0.05


Tree=26
num_leaves=31
num_cat=0
split_feature=257 176 182 194 254 19 75 205 253 51 218 225 64 184 124 40 176 110 247 39 45 100 246 243 156 96 254 47 254 218
split_gain=9.0929e+06 3.40205e+06 3.09183e+06 1.59552e+06 3.89936e+06 1.76939e+06 1.48586e+06 1.48266e+06 1.31648e+06 2.4642e+06 1.3725e+06 1.97345e+06 1.34007e+06 1.37044e+06 1.17191e+06 1.09232e+06 1.02597e+06 1.47063e+06 1.04867e+06 1.00141e+06 1.38972e+06 959292 1.20352e+06 908267 1.41808e+06 1.01264e+06 1.22128e+06 904874 866906 960449
threshold=476.11993408203131 2873.0000000000005 2310.2500000000005 1110.3916015625002 -444.74999999999994 390.77210998535162 306.95498657226568 -2902.7499999999995 757.00000000000011 -2400.2499999999995 2396.7500000000005 1848.2500000000002 2472.0000000000005 -1847.9999999999998 1039.6253662109377 675.23397827148449 3199.2500000000005 516.10797119140636 -933.99999999999989 167.65250396728518 609.75000000000011 5122.5000000000009 1653.0000000000002 489.35853576660162 1860.5000000000002 523.14776611328136 -28.249999999999996 454.63931274414068 -184.24999999999997 170.75000000000003
decision_type=2 2 2 2 2 2 2 2 2 2 2 2 2 2 2 2 2 2 2 2 2 2 2 2 2 2 2 2 2 2
left_child=6 7 -3 5 -5 -4 -1 14 12 -10 11 19 28 -14 15 -2 17 -7 -18 -11 -21 22 -20 24 -15 -25 -27 -22 29 -9
right_child=1 2 3 4 -6 16 -8 8 9 10 -12 -13 13 23 -16 -17 18 -19 21 20 27 -23 -24 25 -26 26 -28 -29 -30 -31
leaf_value=1.0949756438022227 -10.226848595937094 -23.319647774329553 -13.70877450641833 0.038608153661092125 -29.104001326994464 2.6726243972778323 0.15433338077389758 -0.49866381009656702 -19.219974371103142 3.0161155488984339 6.6138612151145937 -15.40944631917136 -15.441520673578436 -0.69916069848196849 -15.972421468098958 3.7751788506141075 -9.1889870240138123 -14.509924697875977 2.64394505444695 -13.166153554658633 -10.05453618805984 10.840643832087517 -9.836024894714356 -0.081644921742014959 -19.074124511082967 -3.2380704744608573 -14.299793212502093 -0.087201115601467649 0.23285052135995446 -2.4845463596742565
leaf_weight=7373 30 26 38 24 22 20 9750 1436 26 58 32 35 22 21 30 26 26 33 85 37 29 24 25 286 21 329 27 106 1349 1057
leaf_count=7373 30 26 38 24 22 20 9750 1436 26 58 32 35 22 21 30 26 26 33 85 37 29 24 25 286 21 329 27 106 1349 1057
internal_value=3.43573e-09 -1.81402 -6.78602 -5.33863 -13.8992 -3.76977 0.559365 -1.49004 -1.37514 -4.45958 -3.16742 -4.34856 -1.15608 -3.15825 -7.99795 -3.72591 -1.99661 -8.02594 0.000603104 -2.66538 -4.58124 1.78366 -0.192412 -2.76317 -9.88664 -2.29715 -4.07702 -2.22833 -0.788165 -1.34065
internal_weight=22403 5280 323 297 46 251 17123 4957 4871 323 297 265 4548 706 86 56 213 53 160 230 172 134 110 684 42 642 356 135 3842 2493
internal_count=22403 5280 323 297 46 251 17123 4957 4871 323 297 265 4548 706 86 56 213 53 160 230 172 134 110 684 42 642 356 135 3842 2493
is_linear=0
shrinkage=0.05


Tree=27
num_leaves=31
num_cat=0
split_feature=257 155 253 190 243 140 232 219 117 197 250 23 215 170 173 234 235 141 240 52 37 118 191 128 231 204 233 117 164 150
split_gain=8.28369e+06 3.39466e+06 2.34396e+06 3.91428e+06 1.66591e+06 1.63095e+06 1.81032e+06 1.41721e+06 1.32159e+06 1.20385e+06 1.45314e+06 1.09031e+06 2.98111e+06 1.09021e+06 1.04381e+06 1.11713e+06 970635 1.32225e+06 1.40478e+06 1.53952e+06 1.57009e+06 1.42535e+06 1.12013e+06 1.00676e+06 968817 1.46008e+06 1.00601e+06 910913 884993 866157
threshold=443.48675537109381 3164.0000000000005 1109.7500000000002 4245.2500000000009 858.00915527343761 2731.7500000000005 2648.7500000000005 -378.24999999999994 776.22653198242199 3271.7500000000005 726.51162719726574 -3242.7499999999995 441.55833435058599 968.25000000000011 715.72747802734386 -1733.4999999999998 2677.6450195312505 436.75000000000006 280.25000000000006 2958.0000000000005 2523.0000000000005 1519.3867187500002 1069.0000000000002 -266.74999999999994 -295.74999999999994 -201.74999999999997 -240.24999999999997 292.56642150878912 2498.5000000000005 2547.0000000000005
decision_type=2 2 2 2 2 2 2 2 2 2 2 2 2 2 2 2 2 2 2 2 2 2 2 2 2 2 2 2 2 2
left_child=13 4 5 -4 11 -3 7 -7 9 28 -11 12 -2 27 -6 -16 -13 23 29 20 21 -20 -21 -18 -17 26 -26 -1 -9 -19
right_child=1 2 3 -5 14 6 -8 8 -10 10 -12 16 -14 -15 15 24 17 18 19 22 -22 -23 -24 -25 25 -27 -28 -29 -30 -31
leaf_value=1.1879047157274434 -21.969969118209114 -18.071103320121765 -26.303462191990448 -1.6908279164632163 -12.22022184916905 -10.087134957924867 -13.922589666703169 -7.2001785091731865 8.9874541971418598 0.70174582481384284 -18.130025445847284 -0.54818186258526402 -2.5211511647217795 -1.2603549105168526 -12.19222734335697 0.090907166364945877 -3.6478437563268153 0.48934770088739593 -18.028037777841092 -7.2912992260853446 -21.546949972425189 -2.8177124752927183 5.2970916160317358 -15.380619106870709 -20.054013427821076 -2.7403644126215028 -6.4093447671617785 0.39478048504619534 4.0850621293967881 -7.4231983768312562
leaf_weight=6046 21 20 35 30 35 39 34 23 36 20 21 4707 319 734 33 190 41 385 20 30 21 67 43 33 22 231 35 9023 71 38
leaf_count=6046 21 20 35 30 35 39 34 23 36 20 21 4707 319 734 33 190 41 385 20 30 21 67 43 33 22 231 35 9023 71 38
internal_value=6.52755e-09 -1.48774 -6.43844 -14.9438 -1.22801 -4.34432 -3.21917 -1.48624 0.475369 -1.79452 -8.9438 -0.976334 -3.7224 0.621343 -3.86688 -3.29474 -0.802952 -2.57168 -1.79881 -5.48507 -9.27624 -6.31434 0.12378 -8.88003 -2.68048 -4.50882 -11.6757 0.712999 1.32378 -0.221472
internal_weight=22403 6600 329 65 6271 264 244 210 171 135 41 5725 340 15803 546 511 5385 678 604 181 108 87 73 74 478 288 57 15069 94 423
internal_count=22403 6600 329 65 6271 264 244 210 171 135 41 5725 340 15803 546 511 5385 678 604 181 108 87 73 74 478 288 57 15069 94 423
is_linear=0
shrinkage=0.05


Tree=28
num_leaves=31
num_cat=0
split_feature=257 243 243 229 218 220 238 240 12 218 39 239 184 227 225 232 13 197 18 252 253 87 234 191 19 234 205 257 77 199
split_gain=7.51069e+06 3.42564e+06 2.67883e+06 2.24994e+06 1.9584e+06 3.96744e+06 2.16212e+06 1.42209e+06 1.48225e+06 1.23301e+06 1.89474e+06 1.46518e+06 1.35297e+06 1.30213e+06 1.14358e+06 1.13913e+06 2.21879e+06 1.13087e+06 1.93937e+06 1.01789e+06 1.64504e+06 992868 882984 1.21943e+06 2.26355e+06 1.26965e+06 1.16538e+06 1.55262e+06 824964 900884
threshold=633.87484741210949 579.07751464843761 394.74783325195318 336.58467102050787 3359.0000000000005 2704.0000000000005 2061.5000000000005 -784.74999999999989 519.29574584960949 586.25000000000011 5162.4450683593759 45.750000000000007 1034.2500000000002 4.2500000000000009 335.75000000000006 404.75000000000006 2771.914916992188 901.25000000000011 -3341.672485351562 861.50000000000011 869.25000000000011 -3840.7499999999995 366.25000000000006 1032.2500000000002 569.05575561523449 1499.7500000000002 1773.2500000000002 992.53356933593761 -643.74999999999989 327.25000000000006
decision_type=2 2 2 2 2 2 2 2 2 2 2 2 2 2 2 2 2 2 2 2 2 2 2 2 2 2 2 2 2 2
left_child=2 -2 -1 -4 7 -6 -7 9 -9 21 11 13 -13 -11 -10 16 -16 -5 -19 20 -20 -3 -17 24 -24 28 -25 -28 -26 -30
right_child=1 4 3 17 5 6 -8 8 14 10 -12 12 -14 -15 15 22 -18 18 19 -21 -22 -23 23 26 25 -27 27 -29 29 -31
leaf_value=0.71015353066749887 -20.874662905472977 -12.99884774684906 -16.841712849480768 -0.12053162046447792 -28.405324892564256 -13.921481351057688 6.7041380317122847 1.9079760567728443 -0.058632556894017612 -13.302107228173151 0.2443398518032498 -28.723620729446413 -10.332280911207199 1.5517930288314821 -3.7931291707226489 0.46966041080150867 -21.739101743698122 -15.781795157988867 -1.424101387627779 7.2296440124511721 -14.365576091766357 -2.5789877769672529 -22.116652956008913 3.441314523675469 1.4564192148355337 -13.788964692751566 -0.75158028999964399 -15.837137222290039 -9.7398348355293294 -2.0149432555834452
leaf_weight=13338 26 24 21 5469 22 24 27 271 391 36 45 20 20 25 61 163 24 24 1381 33 25 482 20 89 65 33 66 23 65 90
leaf_count=13338 26 24 21 5469 22 24 27 271 391 36 45 20 20 25 61 163 24 24 1381 33 25 482 20 89 65 33 66 23 65 90
internal_value=-2.45e-09 -2.83767 0.29536 -0.500341 -2.61285 -10.6578 -3.00204 -2.32111 -1.40128 -4.24118 -8.28907 -12.0911 -19.528 -7.21444 -2.22404 -3.43531 -8.86023 -0.450836 -1.68558 -1.45048 -1.65421 -3.07321 -2.6843 -3.82421 -5.92357 -4.64349 -0.60439 -4.6501 -3.27167 -5.25441
internal_weight=22403 2112 20291 6953 2086 73 51 2013 1361 652 146 101 40 61 1090 699 85 6932 1463 1439 1406 506 614 451 273 253 178 89 220 155
internal_count=22403 2112 20291 6953 2086 73 51 2013 1361 652 146 101 40 61 1090 699 85 6932 1463 1439 1406 506 614 451 273 253 178 89 220 155
is_linear=0
shrinkage=0.05


Tree=29
num_leaves=31
num_cat=0
split_feature=257 176 182 257 253 248 254 251 211 85 142 218 211 239 241 248 6 157 54 191 46 11 43 230 16 7 236 198 57 7
split_gain=6.82305e+06 2.4646e+06 3.03113e+06 1.4419e+06 1.43658e+06 3.24797e+06 1.18297e+06 2.20527e+06 1.19238e+06 1.25416e+06 1.40918e+06 1.1535e+06 1.65049e+06 1.10294e+06 1.4588e+06 1.23467e+06 938331 889894 870196 849487 811525 1.62579e+06 829320 954239 776170 995046 1.22211e+06 746575 776729 1.08126e+06
threshold=512.81195068359386 2873.0000000000005 2310.2500000000005 304.47436523437506 1109.7500000000002 1260.0000000000002 -1324.9999999999998 -588.64849853515614 -1579.2499999999998 -2997.2499999999995 -880.74999999999989 176.25000000000003 -411.74999999999994 793.75000000000011 68.250000000000014 -374.74999999999994 -2813.853149414062 -824.74999999999989 549.32611083984386 861.75000000000011 3844.277465820313 4529.8076171875009 1607.7500000000002 1572.7935791015627 -2352.2499999999995 -1802.4999999999998 606.76919555664074 -1360.7499999999998 1091.0000000000002 27.500000000000004
decision_type=2 2 2 2 2 2 2 2 2 2 2 2 2 2 2 2 2 2 2 2 2 2 2 2 2 2 2 2 2 2
left_child=3 6 -3 -1 13 -6 7 -2 9 -8 -11 27 -13 14 18 -15 17 -14 -4 -5 22 -22 23 -21 -18 26 -26 -10 -29 -30
right_child=1 2 4 19 5 -7 8 -9 11 10 -12 12 16 15 -16 -17 24 -19 -20 20 21 -23 -24 -25 25 -27 -28 28 29 -31
leaf_value=0.96627990712150391 1.7495888811570628 -22.764797943115237 -11.520639122616162 0.18876592573426235 -23.245248238245647 -0.82512169974190863 -16.969748033176767 -17.94720710118612 -1.6505177156519126 0.45847142303691196 -11.5630585187752 -13.635284829934438 -13.731825437853415 -11.338965143476216 -19.130137777328493 1.7712283184451441 1.9746147221918648 -3.029070775325482 0.91591155956952996 -1.9322312522930076 -18.124992679414294 0.92493224342664093 0.73589411610068545 -12.367575877645741 -16.953891720374425 -1.66096369980821 -2.3047910812922887 1.576703422559004 -10.862457947377806 -0.49797910437793347
leaf_weight=7267 27 25 22 10021 30 35 22 30 593 68 38 30 31 21 20 124 141 52 39 461 21 24 362 23 24 1735 35 685 27 370
leaf_count=7267 27 25 22 10021 30 35 22 30 593 68 38 30 31 21 20 124 141 52 39 461 21 24 362 23 24 1735 35 685 27 370
internal_value=-3.68377e-09 -1.81021 -6.05753 0.420614 -4.6222 -11.1729 -1.46677 -8.61715 -1.36094 -6.1059 -3.85113 -1.1978 -1.99373 -2.73815 -7.41156 -0.127489 -1.82067 -7.02649 -3.5694 0.0572194 -1.42227 -7.96503 -1.07425 -2.42813 -1.59737 -1.87811 -8.26375 -0.224629 0.556842 -1.20287
internal_weight=22403 4224 316 18179 291 65 3908 57 3851 128 106 3723 2048 226 81 145 2018 83 61 10912 891 45 846 484 1935 1794 59 1675 1082 397
internal_count=22403 4224 316 18179 291 65 3908 57 3851 128 106 3723 2048 226 81 145 2018 83 61 10912 891 45 846 484 1935 1794 59 1675 1082 397
is_linear=0
shrinkage=0.05


Tree=30
num_leaves=31
num_cat=0
split_feature=257 155 246 190 136 232 26 246 89 137 45 248 154 162 134 224 254 253 238 183 139 110 170 132 145 243 218 252 119 204
split_gain=6.23028e+06 2.5932e+06 2.07875e+06 4.80183e+06 1.97644e+06 2.03564e+06 1.40993e+06 1.39619e+06 1.21575e+06 1.42804e+06 1.19249e+06 1.0946e+06 1.08595e+06 1.13663e+06 1.71143e+06 1.17839e+06 1.06053e+06 1.80796e+06 962375 943417 1.04613e+06 915432 914716 869917 849087 999857 997011 1.55078e+06 1.69915e+06 1.07539e+06
threshold=443.48675537109381 3164.0000000000005 1987.2500000000002 4245.2500000000009 2735.2500000000005 2648.7500000000005 943.09799194335949 -267.24999999999994 858.00915527343761 -810.00250244140614 5357.0000000000009 32.250000000000007 -2669.9999999999995 628.75000000000011 1869.5000000000002 955.75000000000011 -205.24999999999997 1109.7500000000002 1744.5000000000002 1414.2500000000002 506.14488220214849 1480.4058837890627 968.25000000000011 4517.4553222656259 899.23205566406261 739.54895019531261 739.50000000000011 -232.74999999999997 1531.2500000000002 820.25000000000011
decision_type=2 2 2 2 2 2 2 2 2 2 2 2 2 2 2 2 2 2 2 2 2 2 2 2 2 2 2 2 2 2
left_child=22 6 4 -4 -3 7 10 -6 11 -10 16 -8 21 -14 15 19 17 24 -9 20 -15 -11 -1 -12 25 -2 29 -28 -29 -27
right_child=1 2 3 -5 5 -7 8 18 9 12 23 -13 13 14 -16 -17 -18 -19 -20 -21 -22 -23 -24 -25 -26 26 27 28 -30 -31
leaf_value=0.62281164726086313 -1.1698527683922639 -18.362499523162843 -33.165318407331192 -1.2864836431211897 -13.369694360097251 -14.558626964688301 -2.0215831708908083 -1.0771757581977399 -15.860167968273164 -2.1811934644525706 -16.441968511399768 -17.122623937924704 1.9885247133575477 -2.9464210641795194 1.1802163191463637 -18.184840223063595 -0.021876977305570044 -15.061125357945762 9.5749075452486689 2.257810440769902 -17.225513194436612 -16.447584355395772 -1.1847477468151895 -2.0501956440153579 2.6558812648740435 -3.8422512613573385 -1.1353203511819607 -5.4865569021020626 -23.237296841694757 6.4999138498306284
leaf_weight=15069 2807 22 21 27 21 32 20 182 20 22 21 30 154 29 92 23 2524 24 24 27 23 23 734 21 131 155 41 28 26 30
leaf_count=15069 2807 22 21 27 21 32 20 182 20 22 21 30 154 29 92 23 2524 24 24 27 23 23 734 21 131 155 41 28 26 30
internal_value=-4.65656e-09 -1.29023 -5.61723 -15.2335 -3.9746 -2.75246 -1.06322 -1.08816 -3.71859 -2.82711 -0.851544 -11.0822 -2.16385 -1.21871 -3.76466 -8.22474 -0.790398 -1.38872 0.163844 -5.32496 -9.26217 -9.4729 0.538856 -9.24608 -1.28675 -1.45406 -4.30319 -8.46675 -14.0332 -2.16514
internal_weight=22403 6600 329 48 281 259 6271 227 463 413 5808 50 393 348 194 102 5766 3242 206 79 52 45 15803 42 3218 3087 280 95 54 185
internal_count=22403 6600 329 48 281 259 6271 227 463 413 5808 50 393 348 194 102 5766 3242 206 79 52 45 15803 42 3218 3087 280 95 54 185
is_linear=0
shrinkage=0.05


Tree=31
num_leaves=31
num_cat=0
split_feature=257 250 218 238 253 117 23 226 225 152 239 241 210 225 220 177 139 225 66 240 67 100 100 211 212 226 229 115 257 134
split_gain=5.6328e+06 2.34974e+06 1.97048e+06 2.93459e+06 1.33175e+06 2.33798e+06 1.95893e+06 1.51009e+06 1.9979e+06 995641 1.17269e+06 2.9574e+06 924108 1.05219e+06 1.72755e+06 1.91434e+06 1.7506e+06 1.26346e+06 1.28606e+06 1.07717e+06 1.77475e+06 1.06449e+06 954403 830948 1.80568e+06 924711 952935 914136 817681 801203
threshold=429.23454284667974 858.00915527343761 3359.0000000000005 2061.5000000000005 522.75000000000011 305.77052307128912 -3242.7499999999995 1695.7500000000002 2211.2500000000005 594.41250610351574 1295.7500000000002 1241.5000000000002 -2378.2499999999995 -161.74999999999997 -191.24999999999997 1094.7500000000002 2635.739624023438 -929.74999999999989 1069.7500000000002 -784.74999999999989 4273.6726074218759 -1043.7499999999998 195.25000000000003 1748.7500000000002 846.25000000000011 819.50000000000011 943.09799194335949 2906.5000000000005 236.46519470214847 1011.2500000000001
decision_type=2 2 2 2 2 2 2 2 2 2 2 2 2 2 2 2 2 2 2 2 2 2 2 2 2 2 2 2 2 2
left_child=28 4 12 -4 -2 -6 -7 8 9 -8 -11 -12 22 17 15 16 21 18 -14 20 -16 -15 -3 27 -25 -26 -27 -21 -1 -19
right_child=1 2 3 -5 5 6 7 -9 -10 10 11 -13 13 14 19 -17 -18 29 -20 23 -22 -23 -24 24 25 26 -28 -29 -30 -31
leaf_value=1.3927195817232132 -0.57255437726191571 -4.2358015219370522 -23.49727911949158 -0.040177916114528978 -19.571041759252552 -14.035490055820521 -0.55503808302899538 5.7808923981228819 -16.296334617614747 -2.8083246935317869 -23.877884308497112 0.94398453235626223 3.7852136757062831 -2.2082221666971846 -15.72040477854865 -23.549217071533207 6.1027050199962805 0.018165764441856972 -11.819369940603934 0.088543927092706004 -0.97875798624389043 -16.695772323012353 -18.077894608974457 -17.463839530944824 5.2474958220043701 2.082489917896412 -10.672222599817907 10.569180023193361 0.38743823153069412 8.9763321116566654
leaf_weight=2403 5641 33 30 24 20 34 472 61 25 211 24 24 23 21 35 20 21 52 31 124 49 32 20 20 37 27 32 25 12784 48
leaf_count=2403 5641 33 30 24 20 34 472 61 25 211 24 24 23 21 35 20 21 52 31 124 49 32 20 20 37 27 32 25 12784 48
internal_value=7.24294e-09 -1.15018 -3.8943 -13.0719 -0.853521 -2.67319 -2.27606 -1.78669 -2.3973 -1.92195 -4.41301 -11.4669 -3.13185 -2.57012 -3.80775 -9.82409 -6.1146 0.990052 -5.17297 -2.1873 -7.12111 -10.9554 -9.45923 -0.623375 -3.79658 -0.949235 -4.83532 1.84704 0.546501 4.31809
internal_weight=22403 7216 704 54 6512 871 851 817 756 731 259 48 650 597 443 94 74 154 54 349 84 53 53 265 116 96 59 149 15187 100
internal_count=22403 7216 704 54 6512 871 851 817 756 731 259 48 650 597 443 94 74 154 54 349 84 53 53 265 116 96 59 149 15187 100
is_linear=0
shrinkage=0.05


Tree=32
num_leaves=31
num_cat=0
split_feature=257 243 257 85 240 219 240 12 218 185 247 33 68 210 213 84 92 254 19 96 99 30 181 149 217 18 204 254 123 128
split_gain=5.12012e+06 3.01135e+06 1.88707e+06 1.51505e+06 2.39026e+06 1.3535e+06 1.11323e+06 1.29564e+06 1.08882e+06 1.56101e+06 1.05693e+06 1.0455e+06 1.79869e+06 1.01507e+06 2.29186e+06 928260 1.13891e+06 921548 913682 904193 848431 828128 811451 885862 774285 1.06994e+06 1.59282e+06 867972 883144 977386
threshold=633.87484741210949 579.07751464843761 363.34733581542974 6453.2500000000009 1130.5000000000002 1946.0000000000002 -784.74999999999989 519.29574584960949 586.25000000000011 315.75000000000006 -795.74999999999989 675.23397827148449 726.57089233398449 821.75000000000011 648.75000000000011 -729.74999999999989 -378.74999999999994 -348.74999999999994 549.32611083984386 626.69149780273449 -3400.2499999999995 -1940.2499999999998 -2328.662963867187 -3116.7499999999995 356.75000000000006 -2319.5549316406245 1707.2500000000002 -209.74999999999997 -1340.754943847656 373.25000000000006
decision_type=2 2 2 2 2 2 2 2 2 2 2 2 2 2 2 2 2 2 2 2 2 2 2 2 2 2 2 2 2 2
left_child=2 -2 -1 6 17 24 8 -8 20 -10 -11 12 13 14 18 -13 -17 -5 -9 -20 -3 -18 -22 -24 27 26 -26 28 29 -4
right_child=1 3 5 4 -6 -7 7 11 9 10 -12 15 -14 -15 -16 16 21 -19 19 -21 22 -23 23 -25 25 -27 -28 -29 -30 -31
leaf_value=0.67333055885855186 -19.254121435261691 -11.879185336569082 -1.3944046832467478 0.69761282480680031 -23.836563377380372 -11.081962046129952 2.023082392556327 -12.633031957799739 -17.006738895403618 -8.7174780514932451 1.4838725372802379 1.9608834570298814 -15.944308639394826 0.48061620169923502 -18.445061615535192 -12.317440227508547 6.034204114760672 -12.100627951188521 1.9932494926452637 -5.5242011713981629 4.2645808878152272 -1.9542180691954791 -12.495994552699003 -2.1944934761729735 -3.0028704876881189 -0.69164838266190198 -17.826347076892855 0.60368986863490437 0.090541012380866925 -10.252027566730977
leaf_weight=11315 26 23 1164 39 20 29 273 22 33 62 43 223 29 131 28 25 35 22 80 80 46 444 22 406 193 2316 20 3249 1973 32
leaf_count=11315 26 23 1164 39 20 29 273 22 33 62 43 223 29 131 28 25 35 22 80 80 46 444 22 406 193 2316 20 3249 1973 32
internal_value=2.39899e-09 -2.34294 0.243866 -2.13216 -8.83627 -0.297509 -1.86132 -1.05921 -3.59185 -7.52101 -4.53978 -1.82627 -3.98997 -2.97333 -5.12793 -0.725082 -1.91352 -3.91815 -3.07914 -1.76548 -2.50086 -1.37051 -2.04579 -2.72401 -0.262553 -1.00353 -4.39475 0.0294288 -0.559329 -1.6314
internal_weight=22403 2112 20291 2086 81 8976 2005 1370 635 138 105 1097 370 341 210 727 504 61 182 160 497 479 474 428 8947 2529 213 6418 3169 1196
internal_count=22403 2112 20291 2086 81 8976 2005 1370 635 138 105 1097 370 341 210 727 504 61 182 160 497 479 474 428 8947 2529 213 6418 3169 1196
is_linear=0
shrinkage=0.05


Tree=33
num_leaves=31
num_cat=0
split_feature=257 155 246 190 136 232 246 26 89 137 45 248 232 246 253 93 248 220 4 124 254 238 201 224 48 69 132 142 233 164
split_gain=4.63669e+06 2.02059e+06 1.69083e+06 4.39996e+06 1.7467e+06 1.75095e+06 1.21076e+06 1.16039e+06 1.13552e+06 1.28453e+06 1.01984e+06 983260 968186 910143 1.53688e+06 2.15697e+06 1.18784e+06 1.25759e+06 1.08888e+06 1.12305e+06 1.01404e+06 882758 811956 801135 803207 914966 793681 717632 866952 911271
threshold=443.48675537109381 3164.0000000000005 1987.2500000000002 4245.2500000000009 2735.2500000000005 2648.7500000000005 -267.24999999999994 943.09799194335949 858.00915527343761 -810.00250244140614 5357.0000000000009 32.250000000000007 -1136.2499999999998 1653.0000000000002 757.00000000000011 -1209.4999999999998 859.00000000000011 117.75000000000001 4885.9426269531259 435.53199768066412 -205.24999999999997 1744.5000000000002 269.10528564453131 1776.7500000000002 4349.2382812500009 3835.7043457031255 4517.4553222656259 2765.0000000000005 485.50000000000006 3013.5000000000005
decision_type=2 2 2 2 2 2 2 2 2 2 2 2 2 2 2 2 2 2 2 2 2 2 2 2 2 2 2 2 2 2
left_child=22 7 4 -4 -3 6 -6 10 11 -10 13 -9 -11 14 20 -16 17 -17 19 -19 23 27 -1 24 25 -2 -12 -8 -29 -30
right_child=1 2 3 -5 5 -7 21 8 9 12 26 -13 -14 -15 15 16 -18 18 -20 -21 -22 -23 -24 -25 -26 -27 -28 28 29 -31
leaf_value=1.0222074844834352 -1.0899330758999308 -16.976942190256988 -30.770357218242829 -0.25464175807105172 -12.195598403612774 -13.251721045374872 6.9092806485983047 -1.8506472730636596 -14.820911297760905 -11.562073318163556 -15.357087139856247 -16.163079987366995 -1.1980875922896999 5.9857373008541037 -17.702475775991168 4.0817207488520397 3.1560938526844158 -15.691204997471401 -18.170127151608465 -2.6992196004837754 0.24077162542964731 9.4206185912092533 0.23439465023762562 -9.2678535842895524 4.530503581913691 -10.169914592163904 -1.6103942235310873 0.72622892951965334 -15.278287264278957 -2.1034862640925818
leaf_weight=4623 3039 22 21 27 21 32 26 20 20 24 21 30 369 51 28 29 58 21 20 80 2319 24 11180 30 63 28 21 100 21 35
leaf_count=4623 3039 22 21 27 21 32 26 20 20 24 21 30 369 51 28 29 58 21 20 80 2319 24 11180 30 63 28 21 100 21 35
internal_value=-3.67611e-09 -1.11306 -4.93257 -13.6053 -3.45111 -2.3022 -0.758655 -0.912675 -3.32161 -2.46005 -0.72064 -10.4381 -1.831 -0.664093 -0.723435 -4.67416 -2.92035 -5.2699 -7.5112 -5.40052 -0.553263 0.407247 0.464861 -1.13597 -1.05803 -1.17283 -8.48374 -0.781329 -2.0631 -7.04404
internal_weight=22403 6600 329 48 281 259 227 6271 463 413 5808 50 393 5766 5715 236 208 150 121 101 5479 206 15803 3160 3130 3067 42 182 156 56
internal_count=22403 6600 329 48 281 259 227 6271 463 413 5808 50 393 5766 5715 236 208 150 121 101 5479 206 15803 3160 3130 3067 42 182 156 56
is_linear=0
shrinkage=0.05


Tree=34
num_leaves=31
num_cat=0
split_feature=257 253 149 115 96 247 254 225 142 23 123 1 192 170 4 233 240 218 238 124 164 184 190 125 1 203 164 150 254 252
split_gain=4.20295e+06 1.85333e+06 1.82796e+06 3.64636e+06 4.58877e+06 2.95758e+06 2.0148e+06 1.21128e+06 1.61543e+06 1.19785e+06 1.18928e+06 2.62206e+06 2.49438e+06 1.26994e+06 1.01244e+06 982692 1.05624e+06 947293 1.63852e+06 1.56745e+06 1.0203e+06 949190 2.36933e+06 975971 1.00512e+06 772799 1.57851e+06 956719 768904 836789
threshold=429.23454284667974 534.25000000000011 2979.5000000000005 3422.0000000000005 776.22653198242199 -426.24999999999994 -876.99999999999989 -1118.7499999999998 -3862.4999999999995 -3525.4999999999995 3361.387573242188 3625.2500000000005 1618.7500000000002 840.25000000000011 4408.6499023437509 -1271.2499999999998 762.75000000000011 1392.7500000000002 -78.249999999999986 528.01879882812511 3013.5000000000005 3584.2500000000005 3313.7500000000005 -1075.1520996093748 4807.2500000000009 1081.7500000000002 982.25000000000011 617.75000000000011 -219.74999999999997 109.25000000000001
decision_type=2 2 2 2 2 2 2 2 2 2 2 2 2 2 2 2 2 2 2 2 2 2 2 2 2 2 2 2 2 2
left_child=-1 7 6 -4 14 -6 -3 8 -2 -10 15 12 13 -12 -5 -8 -17 20 19 -19 28 22 23 -20 25 -25 27 -27 29 -9
right_child=1 2 3 4 5 -7 10 17 9 -11 11 -13 -14 -15 -16 16 -18 18 21 -21 -22 -23 -24 24 -26 26 -28 -29 -30 -31
leaf_value=0.47207007671582446 -17.168719257007947 -17.423706674575808 -27.986291637420653 -3.9809679416509773 -31.140804347991946 -6.6304480139166122 9.0634507045745849 -0.63453663273898542 -14.460804138183594 -1.5402108469442732 -9.4710337361732098 0.084532873242670767 -23.981194305419923 3.7015682061513271 8.6318944291370681 -1.9102828880758596 3.5144469234987952 -20.636504364531973 -12.02599672317505 -3.8336436244419647 8.4425296089865949 7.9035252418518072 -18.493997349057878 5.4700238646645296 -8.5196222511497712 -2.0457689502022482 0.70805469526905407 -16.630327911998915 0.29886676612088142 -3.4608298182076425
leaf_weight=15187 22 21 20 26 20 32 25 2702 20 174 77 141 25 24 41 556 107 23 20 35 33 25 21 57 37 22 239 23 2358 290
leaf_count=15187 22 21 20 26 20 32 25 2702 20 174 77 141 25 24 41 556 107 23 20 35 33 25 21 57 37 22 239 23 2358 290
internal_value=-2.34498e-09 -0.993532 -2.86793 -8.23247 -4.9125 -16.0575 -2.10392 -0.650973 -4.32835 -2.87223 -1.76704 -4.59941 -9.84097 -6.34091 3.73735 -0.667856 -1.0348 -0.516001 -2.5933 -10.4968 -0.322279 -1.56086 -2.12556 -1.26189 -0.692365 0.156927 -0.909434 -9.5001 -0.376342 -0.908475
internal_weight=22403 7216 1115 139 119 52 976 6101 216 194 955 267 126 101 67 688 663 5885 502 58 5383 444 419 398 378 341 284 45 5350 2992
internal_count=22403 7216 1115 139 119 52 976 6101 216 194 955 267 126 101 67 688 663 5885 502 58 5383 444 419 398 378 341 284 45 5350 2992
is_linear=0
shrinkage=0.05


Tree=35
num_leaves=31
num_cat=0
split_feature=257 243 185 95 254 252 85 124 254 68 239 232 240 218 198 12 93 175 19 164 254 218 232 217 197 147 123 129 46 218
split_gain=3.81295e+06 2.65935e+06 1.52635e+06 2.00691e+06 1.23468e+06 1.46031e+06 1.22529e+06 2.119e+06 2.53515e+06 1.1219e+06 1.03798e+06 1.27536e+06 1.10265e+06 1.21644e+06 1.42946e+06 962820 889132 892077 930226 1.2646e+06 867909 857255 1.23023e+06 1.15177e+06 836435 947626 818017 832575 1.27068e+06 807797
threshold=633.87484741210949 579.07751464843761 1161.0000000000002 -2423.700073242187 -5.2499999999999991 1006.0000000000001 6453.2500000000009 776.22653198242199 -428.24999999999994 309.45823669433599 2291.0000000000005 2648.7500000000005 -784.74999999999989 703.25000000000011 175.25000000000003 519.29574584960949 4123.2500000000009 2910.0000000000005 563.82043457031261 881.25000000000011 -186.24999999999997 873.75000000000011 266.75000000000006 295.75000000000006 1147.7500000000002 2001.7500000000002 -1296.0200195312498 554.25000000000011 -1979.9849853515623 1693.7500000000002
decision_type=2 2 2 2 2 2 2 2 2 2 2 2 2 2 2 2 2 2 2 2 2 2 2 2 2 2 2 2 2 2
left_child=2 -2 9 -4 5 -5 10 -8 -9 -1 11 12 13 -3 -15 -14 17 18 19 -17 26 24 -23 -24 25 -20 27 -11 -29 -16
right_child=1 6 3 4 -6 -7 7 8 -10 20 -12 -13 15 14 29 16 -18 -19 21 -21 -22 22 23 -25 -26 -27 -28 28 -30 -31
leaf_value=0.80219350635587416 -17.913961714964646 -2.285411481928175 -17.226680545806886 -1.2390634595750702 -10.941169321537018 11.488091468811035 4.9894775556481408 -4.4714609282357349 -25.840662566475249 -1.1157190004492372 6.0146262699907478 -14.312216660380365 1.9040799863975157 -18.018758270475598 -1.9386573703472434 -15.34662230695997 -10.264955254111973 5.6491926580005227 0.032363822531749499 -0.9975310059154735 0.3975682594630735 -13.815411376953126 -13.602050363449823 -1.4800568248631605 6.1435912263159658 -8.1681686504106779 -0.00636655121594877 -2.2617616111817571 -17.357913402318953 -12.366597982553337
leaf_weight=7375 26 513 20 1123 32 23 23 35 23 1751 44 20 264 27 65 28 28 45 483 34 6545 25 21 293 51 38 3356 46 20 26
leaf_count=7375 26 513 20 1123 32 23 23 35 23 1751 44 20 264 27 65 28 28 45 483 34 6545 25 21 293 51 38 3356 46 20 26
internal_value=-9.46849e-09 -2.02187 0.210447 -1.52078 -1.25413 -0.983632 -1.82379 -7.85282 -12.9455 0.319074 -1.58022 -1.75063 -1.62119 -3.3383 -7.91568 -0.794099 -1.47509 -1.23333 -1.55164 -7.47777 0.0150107 -1.14832 -3.14066 -2.29076 0.0324554 -0.565756 -0.46901 -1.32351 -6.83635 -4.91807
internal_weight=22403 2112 20291 1198 1178 1146 2086 81 58 19093 2005 1961 1941 631 118 1310 1046 1018 973 62 11718 911 339 314 572 521 5173 1817 66 91
internal_count=22403 2112 20291 1198 1178 1146 2086 81 58 19093 2005 1961 1941 631 118 1310 1046 1018 973 62 11718 911 339 314 572 521 5173 1817 66 91
is_linear=0
shrinkage=0.05


Tree=36
num_leaves=31
num_cat=0
split_feature=257 253 117 5 0 254 225 142 23 8 25 220 213 134 192 152 194 9 6 246 239 219 37 81 248 230 232 128 248 253
split_gain=3.47145e+06 1.59207e+06 1.82777e+06 1.73006e+06 2.4626e+06 1.18943e+06 1.06914e+06 1.453e+06 1.07797e+06 845697 2.82608e+06 892732 1.05425e+06 1.99593e+06 1.00015e+06 812890 1.30026e+06 3.5779e+06 1.28484e+06 973713 2.19654e+06 2.72766e+06 958391 1.1492e+06 950245 1.31081e+06 906418 881407 737417 718288
threshold=429.23454284667974 534.25000000000011 308.14184570312506 1480.4058837890627 -650.74999999999989 -876.99999999999989 -1118.7499999999998 -3862.4999999999995 -3525.4999999999995 4126.5000000000009 2210.797485351563 1200.2500000000002 2126.7500000000005 2764.7500000000005 1957.2500000000002 594.41250610351574 858.73690795898449 5290.2500000000009 4774.5686035156259 1459.2500000000002 1295.7500000000002 1357.7500000000002 1056.0000000000002 758.37249755859386 1260.0000000000002 2976.7353515625005 1701.5000000000002 1676.2500000000002 -739.99999999999989 567.75000000000011
decision_type=2 2 2 2 2 2 2 2 2 2 2 2 2 2 2 2 2 2 2 2 2 2 2 2 2 2 2 2 2 2
left_child=28 6 -3 5 -5 -4 7 -2 -9 -8 -11 14 13 -13 -12 18 17 19 22 20 29 -22 26 -24 25 -18 -7 -25 -1 -17
right_child=1 2 3 4 -6 15 9 8 -10 10 11 12 -14 -15 -16 16 24 -19 -20 -21 21 -23 23 27 -26 -27 -28 -29 -30 -31
leaf_value=-8.9340018499465224 -16.218011665344239 -17.619298763275147 -10.911628216339484 -0.16728211879730226 -24.979561049938201 0.43877652747844292 -0.32925853270913286 -13.65273582458496 -1.3957387138372181 -21.29897822380066 -1.1545600068600228 -0.097030708789825448 0.22093861171177456 -21.921374997225676 10.525749338240852 -9.1730909783499595 -0.44849697909988723 -25.519187202453615 12.161960641741754 3.5864576590061192 -26.873255688211191 -2.5222766171330995 -11.484373997449875 -5.5987646643026379 -9.8483186540149514 11.756221682291766 11.507371702194215 1.2609295363898751 0.44199165154382958 -1.3265896645954678
leaf_weight=21 22 20 36 20 20 246 5623 20 174 20 144 20 35 22 21 35 143 20 20 40 23 23 35 81 21 26 20 111 15166 175
leaf_count=21 22 20 36 20 20 246 5623 20 174 20 144 20 35 22 21 35 143 20 20 40 23 23 35 81 21 26 20 111 15166 175
internal_value=-2.48161e-09 -0.902942 -2.6402 -2.36661 -12.5734 -1.97963 -0.585446 -4.04032 -2.65935 -0.45864 -3.23539 -1.74254 -6.18803 -11.5288 0.332025 -1.66407 -3.08601 -5.05137 -0.261529 -3.66841 -4.80199 -14.6978 -0.765524 -3.15194 0.182695 1.42915 1.271 -1.633 0.429027 -2.63434
internal_weight=22403 7216 1115 1095 40 1055 6101 216 194 5885 262 242 77 42 165 1019 506 316 513 296 256 46 493 227 190 169 266 192 15187 210
internal_count=22403 7216 1115 1095 40 1055 6101 216 194 5885 262 242 77 42 165 1019 506 316 513 296 256 46 493 227 190 169 266 192 15187 210
is_linear=0
shrinkage=0.05


Tree=37
num_leaves=31
num_cat=0
split_feature=257 243 218 219 218 220 238 254 25 204 240 194 236 131 133 129 218 198 253 31 226 5 242 124 18 131 150 232 33 68
split_gain=3.15078e+06 2.41569e+06 1.3678e+06 1.07469e+06 1.04117e+06 3.40645e+06 1.6987e+06 1.02927e+06 1.00897e+06 1.40966e+06 958163 1.11208e+06 1.11305e+06 936391 1.01929e+06 2.42221e+06 975679 1.04704e+06 880423 1.86722e+06 784978 737816 811784 846903 952591 1.67248e+06 1.93547e+06 767476 775942 953822
threshold=633.87484741210949 584.03851318359386 535.25000000000011 1946.0000000000002 3359.0000000000005 2704.0000000000005 2061.5000000000005 -212.24999999999997 -2267.257446289062 1707.2500000000002 -784.74999999999989 569.13031005859386 613.32830810546886 431.32545471191412 1654.2500000000002 1343.7500000000002 586.25000000000011 27.750000000000004 461.25000000000006 -2591.2499999999995 -1726.7499999999998 512.81195068359386 2635.837524414063 823.68878173828136 5032.6726074218759 626.69149780273449 1690.5000000000002 1236.0000000000002 675.23397827148449 633.92889404296886
decision_type=2 2 2 2 2 2 2 2 2 2 2 2 2 2 2 2 2 2 2 2 2 2 2 2 2 2 2 2 2 2
left_child=2 -2 7 8 10 -6 -7 -1 9 -4 13 -12 -13 -3 15 16 -15 -18 -9 -20 -14 -22 27 24 25 -24 -27 28 29 -23
right_child=1 4 3 -5 5 6 -8 18 -10 -11 11 12 20 14 -16 -17 17 -19 19 -21 21 22 23 -25 -26 26 -28 -29 -30 -31
leaf_value=-0.18248296646760179 -16.169360098345528 -13.654091703891755 -2.4742194331457643 -10.215506984447611 -23.949131591753527 -10.089007463057836 8.1930935753716376 0.75127669825369903 -0.34341168639855035 -16.255390357971191 5.2069020572461584 -10.877448550292424 -7.9725833506197548 -1.8939200522790429 1.0305637597209878 -16.837044659527866 -18.069638533927499 -4.1153046747533288 -16.661672084331514 -0.90959910433328117 2.1717244058113381 -0.62673868476797689 1.4102317723360929 -0.66455771307055467 -2.6488383632659911 -6.5608876934757951 -27.082683711051942 4.3666761547669593 0.63809850617778885 -8.3550463250705178
leaf_weight=5190 29 20 257 29 22 24 27 10663 3795 20 76 28 37 393 144 33 20 41 20 317 203 109 22 209 125 27 20 87 353 63
leaf_count=5190 29 20 257 29 22 24 27 10663 3795 20 76 28 37 393 144 33 20 41 20 317 203 109 22 209 125 27 20 87 353 63
internal_value=-1.76568e-10 -1.83794 0.191303 -0.624355 -1.63841 -7.50416 -0.410248 0.397912 -0.556049 -3.46925 -1.42538 -0.66981 -1.01792 -3.00266 -2.66506 -3.75781 -2.80712 -8.6905 0.671753 -1.84444 -0.797951 -0.580002 -1.13035 -2.87288 -5.25195 -9.96772 -15.2936 0.0171032 -0.703683 -3.45746
internal_weight=22403 2112 20291 4101 2083 73 51 16190 4072 277 2010 1359 1283 651 631 487 454 61 11000 337 1255 1218 1015 403 194 69 47 612 525 172
internal_count=22403 2112 20291 4101 2083 73 51 16190 4072 277 2010 1359 1283 651 631 487 454 61 11000 337 1255 1218 1015 403 194 69 47 612 525 172
is_linear=0
shrinkage=0.05


Tree=38
num_leaves=31
num_cat=0
split_feature=257 253 11 250 251 232 254 225 142 23 218 57 232 45 219 163 184 100 226 109 179 79 149 191 163 155 33 198 141 100
split_gain=2.8783e+06 1.34829e+06 1.61852e+06 2.49799e+06 1.59968e+06 3.61753e+06 1.7153e+06 953638 1.16102e+06 960406 860376 1.2809e+06 1.37231e+06 1.2081e+06 859536 998526 800892 2.09514e+06 783462 840524 1.59027e+06 1.17712e+06 790292 798130 731041 837488 718204 679993 1.54594e+06 741293
threshold=429.23454284667974 555.25000000000011 8948.4648437500018 1480.4058837890627 3021.3811035156255 2648.7500000000005 -876.99999999999989 -1118.7499999999998 -3862.4999999999995 -3525.4999999999995 691.25000000000011 -2590.7499999999995 -60.249999999999993 2197.0000000000005 -1278.2499999999998 -2296.2499999999995 3584.2500000000005 4140.2500000000009 1695.7500000000002 3747.0925292968755 3888.6774902343755 1980.2500000000002 2979.5000000000005 1630.0000000000002 189.75000000000003 2011.7500000000002 579.07751464843761 -1524.2499999999998 1501.7500000000002 -4340.7499999999991
decision_type=2 2 2 2 2 2 2 2 2 2 2 2 2 2 2 2 2 2 2 2 2 2 2 2 2 2 2 2 2 2
left_child=-1 7 4 -4 5 6 -3 8 -2 -10 27 -12 13 -13 -8 -16 17 -14 19 22 21 -21 23 -17 -22 -26 -27 28 -9 -29
right_child=1 2 3 -5 -6 -7 14 10 9 -11 11 12 16 -15 15 18 -18 -19 -20 20 24 -23 -24 -25 25 26 -28 29 -30 -31
leaf_value=0.3906582258441621 -14.416344787763514 -15.452195872431217 -23.890627670288087 -1.7089322272936505 8.6144517516388621 -23.462852873802188 4.4322567012093286 -1.072620873072663 -12.91818906068802 -1.3522578160933088 -12.664840232849123 -2.5493854873751602 -0.86231938478314785 -17.780597959912342 -11.862243438720704 -1.5690784470451891 7.2569552191372582 -14.438842280157681 4.4121445879644279 -5.9167234897613525 -10.264930504560471 -22.340972163081172 -10.988028011322022 4.1265515542030338 5.5963264465332037 2.4146473243300406 -7.9234173683893125 9.3323224587873987 -13.306648402743869 0.12752874625931029
leaf_weight=15187 23 23 22 30 34 20 55 592 20 175 25 30 1413 23 25 507 29 29 49 24 24 20 20 70 36 28 42 22 27 3779
leaf_count=15187 23 23 22 30 34 20 55 592 20 175 25 30 1413 23 25 507 29 29 49 24 24 20 20 70 36 28 42 22 27 3779
internal_value=4.17641e-09 -0.82219 -2.49808 -11.0935 -2.0406 -2.42477 -1.9689 -0.543462 -3.79167 -2.53851 -0.424831 -1.43886 -1.2547 -9.15916 -1.62433 -2.01854 -0.969906 -1.13536 -1.71843 -2.10805 -5.166 -13.3823 -1.21679 -0.878101 -2.38511 -0.600997 -3.78819 -0.0694635 -1.60625 0.180806
internal_weight=22403 7216 1029 52 977 943 923 6187 218 195 5969 1549 1524 53 900 845 1471 1442 820 771 174 44 597 577 130 106 70 4420 619 3801
internal_count=22403 7216 1029 52 977 943 923 6187 218 195 5969 1549 1524 53 900 845 1471 1442 820 771 174 44 597 577 130 106 70 4420 619 3801
is_linear=0
shrinkage=0.05


Tree=39
num_leaves=31
num_cat=0
split_feature=222 226 253 254 253 220 171 183 231 30 235 225 149 149 218 57 232 45 33 257 194 213 32 252 0 171 180 184 130 212
split_gain=2.60967e+06 1.49111e+06 1.3935e+06 1.43443e+06 3.99886e+06 1.43667e+06 2.35198e+06 3.31413e+06 1.54078e+06 1.21331e+06 1.43871e+06 1.18871e+06 1.06036e+06 1.30269e+06 988008 1.34339e+06 1.45808e+06 1.34551e+06 791489 759813 752234 732249 962923 879044 761304 719808 1.33191e+06 982207 715333 1.87444e+06
threshold=406.54446411132818 1695.7500000000002 534.25000000000011 -195.74999999999997 1551.5000000000002 2704.0000000000005 2269.2500000000005 2781.5000000000005 1344.5000000000002 3178.0000000000005 3132.1850585937505 -1118.7499999999998 -2778.4999999999995 -3824.2499999999995 691.25000000000011 -2590.7499999999995 -60.249999999999993 2197.0000000000005 1200.0135498046877 483.77349853515631 1040.881042480469 -1294.4999999999998 3478.3449707031255 -580.74999999999989 4542.2500000000009 2403.5000000000005 754.08599853515636 1817.2500000000002 -1107.502502441406 1174.5000000000002
decision_type=2 2 2 2 2 2 2 2 2 2 2 2 2 2 2 2 2 2 2 2 2 2 2 2 2 2 2 2 2 2
left_child=1 19 11 4 5 6 9 -8 -9 10 -4 12 13 -2 21 -16 17 -17 20 -1 28 22 -13 -24 -23 27 -27 -5 29 -18
right_child=2 -3 3 25 -6 -7 7 8 -10 -11 -12 14 -14 -15 15 16 18 -19 -20 -21 -22 24 23 -25 -26 26 -28 -29 -30 -31
leaf_value=0.41218277396182446 -2.5111794081032279 -12.035878515243532 -1.8360214273903255 -1.1753820167450637 -23.779776474145745 8.0922408752441424 -27.478087051709494 -14.226498508453369 3.5394083609947793 5.8026311938355617 -13.187891622023152 -1.0820121918274805 -2.1378273434474551 -18.652370078325273 -13.470755975142769 -2.8953527873960034 -2.0522975380710093 -19.753011384010318 6.8974187173189669 5.7495393226395795 -8.4178756713867191 0.045019635771037812 -0.42604450854388154 -13.180662371771678 6.4371891045031395 7.6588471577085304 -5.048061542806682 -10.17692745178938 -0.53142013692944234 -17.547175641493364
leaf_weight=13952 25 24 181 572 26 25 24 23 26 41 33 260 145 25 23 29 173 20 31 67 35 5215 22 35 47 58 32 32 1180 22
leaf_count=13952 25 24 181 572 26 25 24 23 26 41 33 260 145 25 23 29 173 20 31 67 35 5215 22 35 47 58 32 32 1180 22
internal_value=8.91917e-09 0.416373 -0.699418 -2.38168 -4.85551 -3.46166 -4.34229 -12.2556 -4.79969 -2.07691 -3.58654 -0.451707 -4.30294 -10.5818 -0.345814 -1.47906 -1.29395 -9.77603 -1.00553 0.437691 -1.17928 -0.0384825 -2.3723 -8.25783 0.102114 -1.0307 3.14084 -1.65229 -0.995026 -3.80044
internal_weight=22403 14043 8360 1073 379 353 328 73 49 255 214 7287 195 50 7092 1513 1490 49 1441 14019 1410 5579 317 57 5262 694 90 604 1375 195
internal_count=22403 14043 8360 1073 379 353 328 73 49 255 214 7287 195 50 7092 1513 1490 49 1441 14019 1410 5579 317 57 5262 694 90 604 1375 195
is_linear=0
shrinkage=0.05


Tree=40
num_leaves=31
num_cat=0
split_feature=4 219 190 5 191 204 19 254 222 225 208 2 225 201 89 148 197 79 194 115 106 167 94 128 218 10 240 191 39 243
split_gain=2.35657e+06 1.78409e+06 5.4684e+06 1.55755e+06 2.539e+06 1.44505e+06 1.24357e+06 1.47348e+06 1.09334e+06 1.07325e+06 1.07824e+06 1.03727e+06 1.1569e+06 861790 1.6674e+06 1.94771e+06 956152 1.26573e+06 856354 841272 816129 1.17296e+06 1.2357e+06 1.0951e+06 791262 826155 770308 727682 919357 1.14563e+06
threshold=2878.400024414063 2354.2500000000005 4245.2500000000009 1480.4058837890627 111.25000000000001 -311.74999999999994 312.97155761718756 -1324.9999999999998 274.78765869140631 -824.24999999999989 899.23205566406261 -1456.7499999999998 254.25000000000003 715.72747802734386 675.23397827148449 2161.2500000000005 306.75000000000006 -412.74999999999994 944.44439697265636 2525.5000000000005 818.75000000000011 505.99104309082037 1410.2500000000002 1230.5000000000002 535.25000000000011 -3500.7499999999995 -86.749999999999986 -276.74999999999994 -2349.8200683593745 650.02038574218761
decision_type=2 2 2 2 2 2 2 2 2 2 2 2 2 2 2 2 2 2 2 2 2 2 2 2 2 2 2 2 2 2
left_child=6 3 -3 5 -5 11 -1 -8 -7 -10 13 -2 20 -11 15 -15 17 -16 -12 -18 -13 -22 -23 -24 -9 -26 -14 -27 29 -29
right_child=1 2 -4 4 -6 8 7 24 9 10 18 12 26 14 16 -17 19 -19 -20 -21 21 22 23 -25 25 27 -28 28 -30 -31
leaf_value=0.6703031440817574 -14.625287740880793 -29.175422411379607 2.035812560717265 -1.0527262976675322 -23.292570786249073 -11.606934816187078 -12.781709882487421 0.10764038622769115 -10.674920566558839 -0.22955113095085466 8.0110012301083273 0.42469552036834091 -16.55437024688721 -1.4062656130109517 -0.093632286071777357 -19.742335497538249 2.9689115509664248 -16.96934751033783 1.1846487481669603 -5.6706549217826447 -14.79448006439209 5.9210096457908898 -13.131633335544217 0.64199316236707904 -9.5328705116554548 1.5489931519266857 -4.1422139825820921 -5.838303076512652 -0.7615280353325834 6.845688977241517
leaf_weight=7677 22 23 36 33 21 22 23 9528 25 1181 58 146 25 28 25 30 109 20 221 38 25 29 31 27 27 309 25 162 2457 20
leaf_count=7677 22 23 36 33 21 22 23 9528 25 1181 58 146 25 28 25 30 109 20 221 38 25 29 31 27 27 309 25 162 2457 20
internal_value=1.4368e-09 -1.55401 -10.1313 -1.31764 -9.70155 -1.10071 0.169223 -0.137881 -0.530522 -0.390072 -0.239708 -4.13656 -3.38737 -0.794093 -3.46099 -10.8904 -1.21667 -7.59395 2.60375 0.735554 -2.03835 -5.2491 -2.50618 -6.71977 -0.114622 -0.826459 -10.3483 -0.746719 -1.01552 -4.44446
internal_weight=22403 2200 59 2141 54 2087 20203 12526 1757 1735 1710 330 308 1431 250 58 192 45 279 147 258 112 87 58 12503 2975 50 2948 2639 182
internal_count=22403 2200 59 2141 54 2087 20203 12526 1757 1735 1710 330 308 1431 250 58 192 45 279 147 258 112 87 58 12503 2975 50 2948 2639 182
is_linear=0
shrinkage=0.05


Tree=41
num_leaves=31
num_cat=0
split_feature=253 240 217 254 254 248 254 213 8 254 19 253 4 212 117 170 86 119 114 19 254 9 226 232 23 95 247 152 157 152
split_gain=2.19714e+06 1.41874e+06 1.38416e+06 3.3233e+06 1.25225e+06 984412 1.36646e+06 978674 1.21213e+06 1.11367e+06 1.41693e+06 1.26716e+06 972087 2.11542e+06 971021 891229 1.05616e+06 1.35738e+06 1.30657e+06 946016 1.2979e+06 906079 876113 1.41261e+06 831570 817511 840499 805777 1.31687e+06 1.20867e+06
threshold=522.75000000000011 -784.74999999999989 3027.0000000000005 -428.24999999999994 -1096.9999999999998 233.75000000000003 -136.24999999999997 317.75000000000006 3941.7500000000005 -254.74999999999997 504.81159973144537 341.25000000000006 -1327.1800537109373 1174.5000000000002 823.68878173828136 2642.2500000000005 1012.7500000000001 1690.2500000000002 625.75000000000011 1039.6253662109377 -762.99999999999989 2106.2500000000005 1695.7500000000002 2259.2500000000005 3992.2500000000005 2745.267456054688 -823.24999999999989 594.41250610351574 3132.7500000000005 705.30020141601574
decision_type=2 2 2 2 2 2 2 2 2 2 2 2 2 2 2 2 2 2 2 2 2 2 2 2 2 2 2 2 2 2
left_child=1 5 4 -4 -2 15 -7 -3 12 10 -10 -11 13 -9 -12 16 19 18 -18 -1 -21 -20 23 27 -24 26 -19 -6 29 -29
right_child=2 7 3 -5 22 6 -8 8 9 11 14 -13 -14 -15 -16 -17 17 25 21 20 -22 -23 24 -25 -26 -27 -28 28 -30 -31
leaf_value=-0.36014688647483006 -13.981019287109376 0.446396600560096 5.6090039626411778 -18.593785944500485 -0.49335688963200497 -16.760212125380836 0.49144582531668929 -1.3359998627344059 6.2911986570100531 -16.624250551426051 -12.516722683248849 -2.5463464921520607 0.082221759259450078 -14.302444799018629 1.804112182557583 7.9173365942857892 -2.4870134371298334 -11.139500745650261 -8.4835047624050048 -15.158426680931678 0.49320664582429113 -20.996253668743634 -0.049872582373411765 -13.694104623794557 11.137291677181537 2.2018453829510269 0.60033807913462323 -5.8481605129997902 -13.818533424094873 -0.43574164861397779
leaf_weight=1210 20 14781 23 37 808 24 22 672 37 33 29 31 3715 33 20 27 54 31 39 26 27 23 46 24 26 86 30 164 27 278
leaf_count=1210 20 14781 23 37 808 24 22 672 37 33 29 31 3715 33 20 27 54 31 39 26 27 23 46 24 26 86 30 164 27 278
internal_value=-2.16764e-09 0.130403 -1.8802 -9.31605 -1.55992 -1.30098 -8.50942 0.24868 -0.390806 -4.8111 -1.09452 -9.80527 -0.240796 -1.94294 -6.67148 -1.08747 -1.24679 -4.12937 -8.17301 -0.64654 -7.18495 -13.1253 -1.37899 -1.67612 3.98994 -0.938474 -5.36581 -1.45025 -3.0988 -2.44397
internal_weight=22403 20950 1453 60 1393 1599 46 19351 4570 150 86 64 4420 705 49 1553 1526 263 116 1263 53 62 1373 1301 72 147 61 1277 469 442
internal_count=22403 20950 1453 60 1393 1599 46 19351 4570 150 86 64 4420 705 49 1553 1526 263 116 1263 53 62 1373 1301 72 147 61 1277 469 442
is_linear=0
shrinkage=0.05


Tree=42
num_leaves=31
num_cat=0
split_feature=222 171 253 254 253 220 148 211 254 248 100 97 121 232 226 198 218 253 218 57 232 45 184 100 130 212 225 238 204 257
split_gain=2.03195e+06 1.32085e+06 1.05071e+06 1.21734e+06 3.56865e+06 1.34036e+06 2.02599e+06 1.0196e+06 1.1017e+06 1.0732e+06 855019 794143 2.24278e+06 1.10721e+06 888192 1.50711e+06 1.5024e+06 751088 748359 1.17657e+06 1.28093e+06 1.19933e+06 733132 1.73777e+06 656360 1.51725e+06 995930 639442 613285 600576
threshold=406.54446411132818 2403.5000000000005 534.25000000000011 -195.74999999999997 1551.5000000000002 2704.0000000000005 4242.0000000000009 -1579.2499999999998 -388.24999999999994 -102.74999999999999 -164.74999999999997 2863.677368164063 2012.2500000000002 898.25000000000011 -285.74999999999994 755.00000000000011 1267.2500000000002 1551.5000000000002 691.25000000000011 -2590.7499999999995 -60.249999999999993 2197.0000000000005 3584.2500000000005 4140.2500000000009 -1107.502502441406 1174.5000000000002 888.75000000000011 338.25000000000006 -1281.4999999999998 489.35853576660162
decision_type=2 2 2 2 2 2 2 2 2 2 2 2 2 2 2 2 2 2 2 2 2 2 2 2 2 2 2 2 2 2
left_child=1 29 7 4 5 6 11 8 10 -10 -2 12 14 -13 28 16 27 -5 -9 -20 21 -21 23 24 25 26 -22 -16 -4 -1
right_child=2 -3 3 17 -6 -7 -8 18 9 -11 -12 13 -14 -15 15 -17 -18 -19 19 20 22 -23 -24 -25 -26 -27 -28 -29 -30 -31
leaf_value=0.36409068048443788 2.0237082812745695 -12.472818183898926 -5.6027823734283446 -1.1768767110768117 -22.234247141617999 8.1197504577636721 -17.283445420631995 -0.056228757004785281 -19.670113353729249 -4.3887442058987096 -8.5862209396702909 -6.5471941617818992 -18.020904137538032 6.2641050271689895 -12.1055845952034 2.7814638713995619 -19.709963748766029 7.0433765279835674 -12.531011487090069 -2.5892730696447965 -5.1048622900896738 -18.504864397048951 7.0045401408754548 -13.139838060839423 -0.32996609409001565 -15.824992674047298 2.5605739313955995 -1.2431562860806784 4.6215618075023999 5.336143442450977
leaf_weight=13962 59 20 20 665 26 25 26 5640 20 27 28 26 26 48 20 42 23 29 23 29 101 20 29 29 1187 22 73 42 55 61
leaf_count=13962 59 20 20 665 26 25 26 5640 20 27 28 26 26 48 20 42 23 29 23 29 101 20 29 29 1187 22 73 42 55 61
internal_value=3.61156e-09 0.367406 -0.617163 -2.07794 -4.35689 -3.04014 -3.89075 -0.402066 -4.72324 -10.8915 -1.39098 -2.73773 -4.19844 1.76284 -2.41932 -4.96718 -8.79592 -0.833379 -0.321116 -1.30853 -1.1353 -9.08543 -0.864964 -1.02659 -0.772588 -3.45316 -1.8889 -4.74717 1.89507 0.385719
internal_weight=22403 14043 8360 1073 379 353 328 7287 134 47 87 302 228 74 202 127 85 694 7153 1513 1490 49 1441 1412 1383 196 174 62 75 14023
internal_count=22403 14043 8360 1073 379 353 328 7287 134 47 87 302 228 74 202 127 85 694 7153 1513 1490 49 1441 1412 1383 196 174 62 75 14023
is_linear=0
shrinkage=0.05


Tree=43
num_leaves=31
num_cat=0
split_feature=4 219 190 5 16 204 19 254 222 225 250 2 204 211 25 135 184 247 239 196 121 51 212 162 135 245 232 27 53 165
split_gain=1.84732e+06 1.5245e+06 4.95167e+06 1.30715e+06 2.26491e+06 1.25925e+06 1.02158e+06 1.28151e+06 1.00563e+06 939554 1.11703e+06 930173 1.08383e+06 948706 891414 1.50455e+06 800199 838155 901798 1.32416e+06 1.76524e+06 833526 807006 714040 652731 640369 851704 1.24258e+06 907783 1.17803e+06
threshold=2878.400024414063 2354.2500000000005 4245.2500000000009 1480.4058837890627 -2441.4999999999995 -311.74999999999994 312.97155761718756 -1324.9999999999998 274.78765869140631 -824.24999999999989 1480.4058837890627 -1456.7499999999998 -679.74999999999989 -1888.4999999999998 4055.3525390625005 225.25000000000003 -989.74999999999989 739.75000000000011 1295.7500000000002 1864.7500000000002 2208.2500000000005 4130.2500000000009 761.75000000000011 -1721.2499999999998 2641.7500000000005 -564.24999999999989 352.75000000000006 -3766.738403320312 2614.9851074218755 2644.1650390625005
decision_type=2 2 2 2 2 2 2 2 2 2 2 2 2 2 2 2 2 2 2 2 2 2 2 2 2 2 2 2 2 2
left_child=6 3 -3 5 -5 11 23 -8 -7 -10 16 -2 13 -13 -14 -16 -11 18 -18 20 22 -21 -20 -1 -19 -9 -27 -28 29 -29
right_child=1 2 -4 4 -6 8 7 25 9 10 -12 12 14 -15 15 -17 17 24 19 21 -22 -23 -24 -25 -26 26 27 28 -30 -31
leaf_value=-6.521342330660139 -13.725132621418346 -27.426668652244235 2.2733384284708236 1.0295863526208062 -19.464408038212703 -11.049250765280291 -11.919986288443857 -1.4531088254615439 -9.9146659834384927 3.6636777928751756 9.2537890391244044 -8.4755902351871608 -3.2903087459964517 1.1552744609852359 -19.785675500940396 -2.3831374292788299 -0.44072738576360176 1.1119900638406928 -12.405724194049837 5.475774769293956 -20.043142227331799 -6.879810106186639 -0.24863747774168501 0.63662017887875977 12.388312671298074 0.29151592468544141 -10.274351312174943 -0.58355323443396778 4.4041506266855937 -12.458864386876424
leaf_weight=35 22 23 36 28 26 22 23 825 25 117 31 31 81 146 27 23 1361 33 20 39 24 21 43 7642 21 7763 33 3770 91 21
leaf_count=35 22 23 36 28 26 22 23 825 25 117 31 31 81 146 27 23 1361 33 20 39 24 21 43 7642 21 7763 33 3770 91 21
internal_value=7.55915e-09 -1.37589 -9.30463 -1.1574 -8.83789 -0.958668 0.149827 -0.12852 -0.426394 -0.291695 -0.151008 -3.79263 -3.08316 -0.531487 -6.53084 -11.7805 -0.324652 -0.623394 -0.842568 -4.56301 -8.50392 1.15132 -4.10803 0.603987 5.49723 -0.106829 -0.0117203 -0.613003 -0.530874 -0.649336
internal_weight=22403 2200 59 2141 54 2087 20203 12526 1757 1735 1710 330 308 177 131 50 1679 1562 1508 147 87 60 63 7677 54 12503 11678 3915 3882 3791
internal_count=22403 2200 59 2141 54 2087 20203 12526 1757 1735 1710 330 308 177 131 50 1679 1562 1508 147 87 60 63 7677 54 12503 11678 3915 3882 3791
is_linear=0
shrinkage=0.05


Tree=44
num_leaves=31
num_cat=0
split_feature=253 198 189 256 21 217 254 254 218 160 129 26 226 232 8 247 5 254 253 249 173 58 236 23 152 157 152 111 31 75
split_gain=1.71493e+06 1.13354e+06 1.76996e+06 1.27317e+06 1.14661e+06 1.13272e+06 3.1025e+06 1.10162e+06 1.0902e+06 1.07601e+06 966323 1.609e+06 823239 1.26408e+06 784319 1.18073e+06 1.50361e+06 1.35599e+06 1.78799e+06 1.03244e+06 1.00505e+06 812569 770845 711298 658975 1.1073e+06 1.11149e+06 1.08454e+06 1.24624e+06 1.00466e+06
threshold=522.75000000000011 -1468.2499999999998 -166.24999999999997 3503.007446289063 2041.7500000000002 3027.0000000000005 -428.24999999999994 -1096.9999999999998 535.25000000000011 695.57110595703136 -2627.9999999999995 992.53356933593761 1695.7500000000002 2259.2500000000005 3941.7500000000005 -520.24999999999989 739.54895019531261 -254.74999999999997 309.75000000000006 5163.2475585937509 600.94247436523449 -3124.9999999999995 504.81159973144537 3992.2500000000005 594.41250610351574 3132.7500000000005 705.30020141601574 3476.9279785156255 2934.2500000000005 445.72636413574224
decision_type=2 2 2 2 2 2 2 2 2 2 2 2 2 2 2 2 2 2 2 2 2 2 2 2 2 2 2 2 2 2
left_child=1 2 3 4 10 7 -7 -2 -3 -6 11 22 13 24 21 19 17 -17 -19 20 -16 -10 -1 -14 27 26 -26 28 -9 -30
right_child=5 8 -4 -5 9 6 -8 12 14 -11 -12 -13 23 -15 15 16 -18 18 -20 -21 -22 -23 -24 -25 25 -27 -28 -29 29 -31
leaf_value=-10.346046642303468 -13.021515395641329 0.38701873688071564 -14.361334716356717 9.9935001487731938 -17.459240668160575 6.0329737538876742 -17.352003083680128 -0.36940576612413506 -9.0193501401830609 -2.3686298299718787 -0.38857577617515576 -16.952582268092943 0.26645414881084278 -12.858353042602539 6.2393306558782413 2.3912170487780906 -19.290305147171022 -19.681054637829462 -1.3712817637125652 10.921720800399781 -7.2557929421598848 -0.31472601854119314 -0.48914187978953128 10.613026820696318 -5.4308754627661013 -12.596685854593915 -0.24059828320424337 7.2225138524716561 -16.968669727870399 -1.3102593183517457
leaf_weight=25 20 15851 26 25 21 23 37 723 27 27 819 23 46 24 22 43 20 24 30 20 37 3814 96 26 164 27 278 44 21 20
leaf_count=25 20 15851 26 25 21 23 37 723 27 27 819 23 46 24 22 43 20 24 30 20 37 3814 96 26 164 27 278 44 21 20
internal_value=-3.42303e-10 0.115208 -1.47638 -1.15301 -1.42864 -1.66111 -8.38776 -1.37138 0.200197 -8.97077 -1.05271 -4.82999 -1.20168 -1.4897 -0.533346 -3.61853 -6.80741 -4.23362 -9.50896 1.10424 -2.22371 -0.375914 -2.52569 4.00272 -1.27604 -2.76687 -2.1664 -0.410689 -0.850298 -9.33042
internal_weight=22403 20950 1062 1036 1011 1453 60 1393 19888 48 963 144 1373 1301 4037 196 117 97 54 79 59 3841 121 72 1277 469 442 808 764 41
internal_count=22403 20950 1062 1036 1011 1453 60 1393 19888 48 963 144 1373 1301 4037 196 117 97 54 79 59 3841 121 72 1277 469 442 808 764 41
is_linear=0
shrinkage=0.05


Tree=45
num_leaves=31
num_cat=0
split_feature=222 226 85 240 223 96 253 254 240 218 58 170 130 239 11 201 257 233 239 196 253 205 205 247 156 150 246 38 218 6
split_gain=1.56503e+06 1.23256e+06 909022 1.72535e+06 1.07041e+06 901689 867415 787585 767203 1.16929e+06 969862 1.24519e+06 1.45363e+06 1.30704e+06 788084 729121 682602 604808 1.22306e+06 730867 1.14374e+06 1.2078e+06 1.43607e+06 1.09067e+06 824922 1.03572e+06 746243 1.45025e+06 726797 628644
threshold=406.54446411132818 1695.7500000000002 6453.2500000000009 1130.5000000000002 3909.418579101563 264.19323730468756 1551.5000000000002 -348.74999999999994 -784.74999999999989 3359.0000000000005 1207.2500000000002 -2053.7499999999995 2876.7375488281255 17.250000000000004 2652.974975585938 1480.4058837890627 483.77349853515631 192.75000000000003 376.25000000000006 1694.2500000000002 757.00000000000011 263.75000000000006 1194.2500000000002 493.00000000000006 987.75000000000011 2400.5000000000005 743.75000000000011 2294.2500000000005 810.25000000000011 -2603.661499023437
decision_type=2 2 2 2 2 2 2 2 2 2 2 2 2 2 2 2 2 2 2 2 2 2 2 2 2 2 2 2 2 2
left_child=1 16 4 7 5 -2 8 -4 10 17 15 -12 13 14 -13 -7 -1 29 -19 20 24 23 -23 -22 -20 26 28 -28 -26 -10
right_child=2 -3 3 -5 -6 6 -8 -9 9 -11 11 12 -14 -15 -16 -17 -18 18 19 -21 21 22 -24 -25 25 -27 27 -29 -30 -31
leaf_value=0.31764621944447746 -11.126536397933961 -10.998889382680257 2.7423920802581008 -18.141272045317152 9.2698141421590545 -0.60143112598662607 -9.2825551501342236 -9.0891119610179558 -1.6622263228367709 -11.767324341427198 -16.099393470287321 -1.9466665714601927 0.092933953385199275 -16.216635073026023 -12.292266106605531 -9.4253069221973416 5.3765533155469756 -10.929967969463718 -0.077792550682798875 1.3432089838558499 -18.369086677687509 1.2246230339681781 -12.850389616688094 -4.0007805261611935 -10.21350777943929 2.6147182409252441 -3.2970768853237757 -18.622145557403567 -0.98801546096801762 0.20120247077891695
leaf_weight=13952 20 24 39 21 28 954 28 22 499 22 20 79 155 30 24 24 67 31 803 293 28 74 24 25 27 56 38 26 102 4868
leaf_count=13952 20 24 39 21 28 954 28 22 499 22 20 79 155 30 24 24 67 31 803 293 28 74 24 25 27 56 38 26 102 4868
internal_value=-1.75462e-09 0.322442 -0.541633 -5.78017 -0.489742 -0.522865 -0.497097 -1.52471 -0.467105 -0.25858 -1.58853 -4.03534 -3.19755 -7.03233 -4.35729 -0.817968 0.341824 -0.221853 -1.09984 -0.896144 -1.44156 -5.51087 -2.22232 -11.5916 -0.857462 -3.37182 -5.10884 -9.52289 -2.91893 0.0279491
internal_weight=22403 14043 8360 82 8278 8250 8230 61 8202 6916 1286 308 288 133 103 978 14019 6894 1527 1496 1203 151 98 53 1052 249 193 64 129 5367
internal_count=22403 14043 8360 82 8278 8250 8230 61 8202 6916 1286 308 288 133 103 978 14019 6894 1527 1496 1203 151 98 53 1052 249 193 64 129 5367
is_linear=0
shrinkage=0.05


Tree=46
num_leaves=31
num_cat=0
split_feature=4 219 190 5 191 214 185 150 220 152 152 141 86 254 253 232 253 222 218 240 163 256 246 45 32 253 248 211 240 239
split_gain=1.4301e+06 1.26656e+06 4.37181e+06 1.11386e+06 2.04695e+06 1.16185e+06 1.61219e+06 1.60458e+06 2.05196e+06 946588 1.09176e+06 1.13223e+06 1.1693e+06 883221 2.17636e+06 880587 873901 830124 764482 1.12803e+06 1.31828e+06 1.46062e+06 868047 683582 1.35932e+06 756284 681631 742188 680079 660949
threshold=2878.400024414063 2354.2500000000005 4245.2500000000009 1480.4058837890627 111.25000000000001 3822.527465820313 -2279.7499999999995 2400.5000000000005 1200.2500000000002 473.72688293457037 531.56362915039074 5256.5000000000009 5630.5000000000009 -186.24999999999997 1109.7500000000002 2259.2500000000005 196.25000000000003 274.78765869140631 207.25000000000003 -213.74999999999997 1882.2500000000002 -1261.7399902343748 178.25000000000003 2849.5000000000005 2275.1398925781255 369.75000000000006 -214.74999999999997 430.25000000000006 -1050.2499999999998 -63.249999999999993
decision_type=2 2 2 2 2 2 2 2 2 2 2 2 2 2 2 2 2 2 2 2 2 2 2 2 2 2 2 2 2 2
left_child=13 3 -3 5 -5 6 -2 17 -9 -7 -11 12 -12 14 15 16 28 -8 -18 20 21 22 -20 -15 25 -25 -23 -28 29 -1
right_child=1 2 -4 4 -6 9 7 8 -10 10 11 -13 -14 23 -16 -17 18 -19 19 -21 -22 26 -24 24 -26 -27 27 -29 -30 -31
leaf_value=-1.6580341046253839 -12.803819248945482 -25.465474883369779 2.4414323922660617 -0.3356722065896699 -20.304563395182292 7.3435630900519229 -10.501594396071001 -2.1670195710091362 -17.408613871125613 -6.5973793803429119 1.1919944701473351 10.036287879943849 -10.674717209555887 0.42511223536991205 -15.645623310752539 9.7468787225809965 -0.16426383126676883 -0.71352805910970685 -4.8400288143157963 -1.2873673355511202 -17.740208148956299 3.2987057675706581 -17.888813676283913 -16.302366592770532 3.1759331900899004 -4.3627876215510897 -12.113377337022262 -1.6027648150081366 0.1230065782445716 -11.045605249404908
leaf_weight=300 31 23 36 33 21 56 22 63 34 49 368 34 22 12372 23 22 746 1408 25 612 20 47 26 21 41 36 22 71 5799 20
leaf_count=300 31 23 36 33 21 56 22 63 34 49 368 34 22 12372 23 22 746 1408 25 612 20 47 26 21 41 36 22 71 5799 20
internal_value=-2.04704e-09 -1.21059 -8.43753 -1.01143 -8.10135 -0.827985 -1.51541 -1.28625 -7.50943 1.19662 0.468863 1.28548 0.52259 0.131827 -0.287987 -0.242173 -0.270757 -0.864114 -1.3235 -2.37428 -5.52685 -4.24796 -11.4924 0.392165 -3.76731 -8.76158 -1.60894 -4.08915 -0.000818302 -2.24476
internal_weight=22403 2200 59 2141 54 2087 1558 1527 97 529 473 424 390 20203 7733 7710 7688 1430 1569 823 211 191 51 12470 98 57 140 93 6119 320
internal_count=22403 2200 59 2141 54 2087 1558 1527 97 529 473 424 390 20203 7733 7710 7688 1430 1569 823 211 191 51 12470 98 57 140 93 6119 320
is_linear=0
shrinkage=0.05


Tree=47
num_leaves=31
num_cat=0
split_feature=253 5 0 23 232 131 226 199 211 198 189 256 21 160 218 220 219 254 129 40 254 184 10 184 100 213 182 46 204 6
split_gain=1.32936e+06 967442 1.81772e+06 1.18766e+06 1.01556e+06 3.86807e+06 1.41552e+06 1.05479e+06 1.15356e+06 941048 1.5726e+06 1.15734e+06 989230 953697 911828 907923 1.71795e+06 2.87985e+06 847568 1.39789e+06 751603 959836 714692 694826 1.26032e+06 781042 704776 879965 1.36485e+06 811134
threshold=522.75000000000011 1480.4058837890627 -650.74999999999989 -3365.2499999999995 2648.7500000000005 798.89459228515636 1695.7500000000002 3509.0000000000005 2936.7500000000005 -1468.2499999999998 -166.24999999999997 3503.007446289063 2041.7500000000002 695.57110595703136 535.25000000000011 1200.2500000000002 1172.0000000000002 -182.74999999999997 -2627.9999999999995 992.53356933593761 -376.74999999999994 -2440.9999999999995 -3500.7499999999995 3584.2500000000005 4140.2500000000009 -167.24999999999997 -41.249999999999993 -2288.6975097656245 528.75000000000011 -1152.341857910156
decision_type=2 2 2 2 2 2 2 2 2 2 2 2 2 2 2 2 2 2 2 2 2 2 2 2 2 2 2 2 2 2
left_child=9 3 -3 -2 6 -6 7 8 15 10 11 12 18 -14 -11 -5 17 -17 19 20 -1 -22 -16 24 25 -24 -27 28 -28 -30
right_child=1 2 -4 4 5 -7 -8 -9 -10 14 -12 -13 13 -15 22 16 -18 -19 -20 -21 21 -23 23 -25 -26 26 27 -29 29 -31
leaf_value=1.168376925675308 -10.341123530864715 1.5280147933959962 -19.789328460693362 -0.48376810217816985 -19.180422382970011 8.2329933822155006 6.4523618868451855 -12.505171985626221 10.416861013932662 0.34972692270800587 -13.494099050301774 9.5834727363586421 -16.303634568623135 -2.0965696829336662 -9.9203446841239931 -22.370633480466648 -0.54654564608772882 -3.0731110260404391 -0.33554774143793353 -15.510751581192018 -0.52788687092917308 -14.154426316420237 -7.8550381442478727 7.4038780893598286 -10.230960629203103 1.4400943816141876 -16.216850562322708 -0.43670753316763389 -0.13984419908574833 -9.7174212422864201
leaf_weight=68 35 20 20 992 31 22 65 20 22 15851 26 25 21 27 20 29 139 58 819 24 28 24 35 28 33 481 21 3297 93 29
leaf_count=68 35 20 20 992 31 22 65 20 22 15851 26 25 21 27 20 29 139 58 819 24 28 24 35 28 33 481 21 3297 93 29
internal_value=9.90686e-09 -1.4625 -9.13066 -1.24543 -1.01441 -7.80127 -0.742933 -1.11412 -0.930392 0.101433 -1.34873 -1.04392 -1.30672 -8.31216 0.17887 -1.13535 -3.99539 -9.50562 -0.957538 -4.49511 -2.29198 -6.81706 -0.491987 -0.445044 -0.500138 -0.418966 -0.35259 -0.603253 -4.44311 -2.41648
internal_weight=22403 1453 40 1413 1378 53 1325 1260 1240 20950 1062 1036 1011 48 19888 1218 226 87 963 144 120 52 4037 4017 3989 3956 3921 3440 143 122
internal_count=22403 1453 40 1413 1378 53 1325 1260 1240 20950 1062 1036 1011 48 19888 1218 226 87 963 144 120 52 4037 4017 3989 3956 3921 3440 143 122
is_linear=0
shrinkage=0.05


Tree=48
num_leaves=31
num_cat=0
split_feature=222 226 40 85 250 40 251 257 106 66 201 41 253 171 157 73 182 26 165 89 248 226 244 139 97 94 154 3 247 89
split_gain=1.22321e+06 1.1001e+06 838262 780692 1.54627e+06 3.68327e+06 990037 638728 596785 1.64823e+06 922348 921889 917746 869219 2.05578e+06 848442 591110 565005 847468 854694 831208 666930 1.71213e+06 659039 1.29171e+06 649058 612132 874633 720437 556374
threshold=406.54446411132818 1695.7500000000002 260.87211608886724 6453.2500000000009 1480.4058837890627 683.63073730468761 3021.3811035156255 483.77349853515631 4177.2500000000009 3295.2500000000005 569.05575561523449 4810.2280273437509 1551.5000000000002 2653.2500000000005 3602.2500000000005 4159.5000000000009 465.75000000000006 943.09799194335949 -937.84249877929676 858.00915527343761 32.250000000000007 1695.7500000000002 2207.0351562500005 2058.7087402343755 1737.2115478515627 3607.2500000000005 -2669.9999999999995 -409.49999999999994 167.75000000000003 230.03847503662112
decision_type=2 2 2 2 2 2 2 2 2 2 2 2 2 2 2 2 2 2 2 2 2 2 2 2 2 2 2 2 2 2
left_child=1 7 -2 6 5 -5 8 29 11 -10 -11 12 15 16 -15 17 -12 21 -19 20 -20 22 25 24 26 -4 27 -21 -28 -1
right_child=2 -3 3 4 -6 -7 -8 -9 9 10 13 -13 -14 14 -16 -17 -18 18 19 23 -22 -23 -24 -25 -26 -27 28 -29 -30 -31
leaf_value=1.0616856197811813 -8.0921216964721676 -10.410634287198384 -0.29809286515405126 2.7851318012584341 2.0877224809245063 -26.14766266562722 8.2454415314125296 5.1736110936349897 -16.953995280563831 7.0950359344482425 -6.4364075279235839 4.5203778532931684 -10.873106011890229 -20.67014239549637 1.7287133216857911 -9.4242176441045924 4.3390669584274297 -11.659588284925981 0.59855823935497376 1.1750455498695374 -11.918477035893336 6.819480194467487 -14.913958777382504 4.2673601090908049 -10.535133926073712 6.3408166936925943 1.5962116946394627 -13.612052326202395 -5.9759270558486115 0.1524506226012568
leaf_weight=1957 36 24 7380 22 38 22 33 67 20 25 20 95 21 20 21 26 35 22 21 20 36 33 20 56 36 37 208 20 37 11995
leaf_count=1957 36 24 7380 22 38 22 33 67 20 25 20 95 21 20 21 26 35 22 21 20 36 33 20 56 36 37 208 20 37 11995
internal_value=3.64207e-09 0.285063 -0.478845 -0.445918 -5.30051 -11.6813 -0.39762 0.303374 -0.432365 -3.6572 -1.45938 -0.376006 -0.434348 -3.68709 -9.19756 -0.40678 0.420713 -0.3772 -2.08583 -1.60052 -7.30694 -0.272898 -0.304369 -0.737746 -1.61091 -0.264974 -0.48364 -6.2185 0.452664 0.279986
internal_weight=22403 14043 8360 8324 82 44 8242 14019 8209 141 121 8068 7973 96 41 7952 55 7926 456 434 57 7470 7437 377 321 7417 285 40 245 13952
internal_count=22403 14043 8360 8324 82 44 8242 14019 8209 141 121 8068 7973 96 41 7952 55 7926 456 434 57 7470 7437 377 321 7417 285 40 245 13952
is_linear=0
shrinkage=0.05


Tree=49
num_leaves=31
num_cat=0
split_feature=171 253 254 174 198 202 99 240 245 164 164 148 199 246 226 252 232 247 248 164 103 117 163 166 191 246 183 156 227 82
split_gain=1.15696e+06 1.24466e+06 1.62858e+06 1.14631e+06 919271 1.13112e+06 733381 690719 963523 1.24927e+06 1.38563e+06 972217 834386 655386 2.1516e+06 843687 791347 1.00674e+06 1.22498e+06 840400 785470 1.14598e+06 622645 850356 809389 855939 1.27084e+06 1.19454e+06 1.09421e+06 1.89899e+06
threshold=1016.2500000000001 757.00000000000011 -474.24999999999994 -115.01005554199217 -1560.2499999999998 748.77441406250011 -3400.2499999999995 -507.74999999999994 694.00000000000011 236.75000000000003 -430.24999999999994 -96.249999999999986 546.25000000000011 1987.2500000000002 1695.7500000000002 1257.7500000000002 2648.7500000000005 -1466.7499999999998 -858.99999999999989 3013.5000000000005 613.32830810546886 509.17491149902349 2449.7500000000005 499.16854858398443 1630.0000000000002 954.25000000000011 1944.7500000000002 1583.0000000000002 1250.0000000000002 412.71450805664068
decision_type=2 2 2 2 2 2 2 2 2 2 2 2 2 2 2 2 2 2 2 2 2 2 2 2 2 2 2 2 2 2
left_child=1 4 -3 -2 5 -1 -6 -4 9 10 -9 -10 -13 15 -15 16 17 18 -5 22 21 -21 24 -24 25 28 -27 -28 -19 -30
right_child=3 2 7 13 6 -7 -8 8 11 -11 -12 12 -14 14 -16 -17 -18 19 -20 20 -22 -23 23 -25 -26 26 27 -29 29 -31
leaf_value=-1.0872122250405334 -12.623853228205727 -17.144077463150023 5.2517967383066813 -0.091010515746616186 8.9852631251017261 -12.560685560920023 0.23926716962624753 -4.8799271956734041 9.1315569303252477 -0.52700446060725625 -22.874813070297243 -9.0450306740589443 1.1439549600636518 -15.963173912311422 2.4533700016566686 7.8628122653279995 -8.122858231575103 -0.50695061053339463 -17.381312403678894 3.104284925346191 6.9092945450457979 -10.098057394136083 -0.73738615621219994 -11.35513521830241 1.7372612213588334 -1.9276860916708398 -2.7631062221527101 -19.308494043350223 3.6901889495849609 -13.876426231861116
leaf_weight=911 21 20 27 21 24 22 18601 23 22 35 20 32 54 29 35 28 37 1660 20 65 69 22 44 33 292 127 20 24 25 40
leaf_count=911 21 20 27 21 24 22 18601 23 22 35 20 32 54 29 35 28 37 1660 20 65 69 22 44 33 292 127 20 24 25 40
internal_value=1.58532e-09 0.130536 -3.5023 -0.989063 0.173815 -1.35776 0.250537 -2.22138 -3.3062 -7.54077 -13.2496 -0.2479 -2.6473 -0.894764 -5.89163 -0.768211 -0.864917 -0.755841 -8.5253 -0.624264 2.9254 -0.234238 -0.868745 -5.28785 -0.713228 -1.09062 -4.46481 -11.7879 -0.756139 -7.12004
internal_weight=22403 19791 233 2612 19558 933 18625 213 186 78 43 108 86 2591 64 2527 2499 2462 41 2421 156 87 2265 77 2188 1896 171 44 1725 65
internal_count=22403 19791 233 2612 19558 933 18625 213 186 78 43 108 86 2591 64 2527 2499 2462 41 2421 156 87 2265 77 2188 1896 171 44 1725 65
is_linear=0
shrinkage=0.05


end of trees

feature_importances:
Column_257=115
Column_254=53
Column_253=46
Column_218=42
Column_232=32
Column_225=30
Column_240=29
Column_220=26
Column_226=22
Column_246=21
Column_250=21
Column_247=20
Column_252=20
Column_243=19
Column_5=18
Column_248=18
Column_219=17
Column_233=17
Column_239=16
Column_241=16
Column_19=15
Column_124=15
Column_217=15
Column_204=14
Column_176=13
Column_211=13
Column_23=12
Column_85=12
Column_117=12
Column_164=12
Column_197=12
Column_198=12
Column_212=12
Column_227=12
Column_234=12
Column_6=11
Column_115=11
Column_184=11
Column_191=11
Column_192=10
Column_238=10
Column_4=9
Column_12=9
Column_86=9
Column_100=9
Column_190=9
Column_206=9
Column_222=9
Column_24=8
Column_45=8
Column_54=8
Column_68=8
Column_82=8
Column_93=8
Column_105=8
Column_138=8
Column_141=8
Column_152=8
Column_182=8
Column_201=8
Column_208=8
Column_231=8
Column_11=7
Column_18=7
Column_26=7
Column_33=7
Column_142=7
Column_149=7
Column_155=7
Column_170=7
Column_194=7
Column_236=7
Column_58=6
Column_89=6
Column_96=6
Column_103=6
Column_128=6
Column_131=6
Column_148=6
Column_150=6
Column_171=6
Column_173=6
Column_185=6
Column_205=6
Column_213=6
Column_8=5
Column_16=5
Column_25=5
Column_75=5
Column_156=5
Column_163=5
Column_181=5
Column_183=5
Column_1=4
Column_39=4
Column_40=4
Column_47=4
Column_48=4
Column_53=4
Column_57=4
Column_66=4
Column_129=4
Column_154=4
Column_157=4
Column_165=4
Column_180=4
Column_196=4
Column_210=4
Column_224=4
Column_229=4
Column_256=4
Column_0=3
Column_10=3
Column_13=3
Column_21=3
Column_30=3
Column_32=3
Column_34=3
Column_46=3
Column_51=3
Column_52=3
Column_71=3
Column_90=3
Column_94=3
Column_99=3
Column_106=3
Column_109=3
Column_110=3
Column_121=3
Column_123=3
Column_130=3
Column_134=3
Column_135=3
Column_139=3
Column_160=3
Column_162=3
Column_166=3
Column_199=3
Column_203=3
Column_216=3
Column_235=3
Column_251=3
Column_2=2
Column_7=2
Column_9=2
Column_20=2
Column_31=2
Column_35=2
Column_37=2
Column_38=2
Column_41=2
Column_72=2
Column_79=2
Column_87=2
Column_88=2
Column_92=2
Column_95=2
Column_97=2
Column_113=2
Column_116=2
Column_119=2
Column_120=2
Column_132=2
Column_136=2
Column_137=2
Column_147=2
Column_159=2
Column_168=2
Column_169=2
Column_177=2
Column_187=2
Column_189=2
Column_202=2
Column_214=2
Column_215=2
Column_230=2
Column_242=2
Column_245=2
Column_249=2
Column_3=1
Column_17=1
Column_22=1
Column_27=1
Column_29=1
Column_36=1
Column_43=1
Column_44=1
Column_59=1
Column_61=1
Column_62=1
Column_63=1
Column_64=1
Column_67=1
Column_69=1
Column_73=1
Column_77=1
Column_78=1
Column_81=1
Column_83=1
Column_84=1
Column_98=1
Column_101=1
Column_111=1
Column_112=1
Column_114=1
Column_118=1
Column_125=1
Column_133=1
Column_140=1
Column_143=1
Column_144=1
Column_145=1
Column_158=1
Column_167=1
Column_174=1
Column_175=1
Column_178=1
Column_179=1
Column_193=1
Column_207=1
Column_223=1
Column_244=1

parameters:
[boosting: gbdt]
[objective: regression]
[metric: l2]
[tree_learner: serial]
[device_type: cpu]
[data_sample_strategy: bagging]
[data: ]
[valid: ]
[num_iterations: 1000]
[learning_rate: 0.05]
[num_leaves: 31]
[num_threads: 0]
[seed: 42]
[deterministic: 1]
[force_col_wise: 0]
[force_row_wise: 0]
[histogram_pool_size: -1]
[max_depth: -1]
[min_data_in_leaf: 20]
[min_sum_hessian_in_leaf: 0.001]
[bagging_fraction: 1]
[pos_bagging_fraction: 1]
[neg_bagging_fraction: 1]
[bagging_freq: 0]
[bagging_seed: 400]
[bagging_by_query: 0]
[feature_fraction: 1]
[feature_fraction_bynode: 1]
[feature_fraction_seed: 30056]
[extra_trees: 0]
[extra_seed: 12879]
[early_stopping_round: 0]
[early_stopping_min_delta: 0]
[first_metric_only: 0]
[max_delta_step: 0]
[lambda_l1: 0]
[lambda_l2: 0]
[linear_lambda: 0]
[min_gain_to_split: 0]
[drop_rate: 0.1]
[max_drop: 50]
[skip_drop: 0.5]
[xgboost_dart_mode: 0]
[uniform_drop: 0]
[drop_seed: 17869]
[top_rate: 0.2]
[other_rate: 0.1]
[min_data_per_group: 100]
[max_cat_threshold: 32]
[cat_l2: 10]
[cat_smooth: 10]
[max_cat_to_onehot: 4]
[top_k: 20]
[monotone_constraints: ]
[monotone_constraints_method: basic]
[monotone_penalty: 0]
[feature_contri: ]
[forcedsplits_filename: ]
[refit_decay_rate: 0.9]
[cegb_tradeoff: 1]
[cegb_penalty_split: 0]
[cegb_penalty_feature_lazy: ]
[cegb_penalty_feature_coupled: ]
[path_smooth: 0]
[interaction_constraints: ]
[verbosity: -1]
[saved_feature_importance_type: 0]
[use_quantized_grad: 0]
[num_grad_quant_bins: 4]
[quant_train_renew_leaf: 0]
[stochastic_rounding: 1]
[linear_tree: 0]
[max_bin: 255]
[max_bin_by_feature: ]
[min_data_in_bin: 3]
[bin_construct_sample_cnt: 200000]
[data_random_seed: 175]
[is_enable_sparse: 1]
[enable_bundle: 1]
[use_missing: 1]
[zero_as_missing: 0]
[feature_pre_filter: 1]
[pre_partition: 0]
[two_round: 0]
[header: 0]
[label_column: ]
[weight_column: ]
[group_column: ]
[ignore_column: ]
[categorical_feature: ]
[forcedbins_filename: ]
[precise_float_parser: 0]
[parser_config_file: ]
[objective_seed: 16083]
[num_class: 1]
[is_unbalance: 0]
[scale_pos_weight: 1]
[sigmoid: 1]
[boost_from_average: 1]
[reg_sqrt: 0]
[alpha: 0.9]
[fair_c: 1]
[poisson_max_delta_step: 0.7]
[tweedie_variance_power: 1.5]
[lambdarank_truncation_level: 30]
[lambdarank_norm: 1]
[label_gain: ]
[lambdarank_position_bias_regularization: 0]
[eval_at: ]
[multi_error_top_k: 1]
[auc_mu_weights: ]
[num_machines: 1]
[local_listen_port: 12400]
[time_out: 120]
[machine_list_filename: ]
[machines: ]
[gpu_platform_id: -1]
[gpu_device_id: -1]
[gpu_device_id_list: ]
[gpu_use_dp: 0]
[num_gpu: 1]

end of parameters

pandas_categorical:null
