tree
version=v4
num_class=1
num_tree_per_iteration=1
label_index=0
max_feature_idx=258
objective=regression
feature_names=Column_0 Column_1 Column_2 Column_3 Column_4 Column_5 Column_6 Column_7 Column_8 Column_9 Column_10 Column_11 Column_12 Column_13 Column_14 Column_15 Column_16 Column_17 Column_18 Column_19 Column_20 Column_21 Column_22 Column_23 Column_24 Column_25 Column_26 Column_27 Column_28 Column_29 Column_30 Column_31 Column_32 Column_33 Column_34 Column_35 Column_36 Column_37 Column_38 Column_39 Column_40 Column_41 Column_42 Column_43 Column_44 Column_45 Column_46 Column_47 Column_48 Column_49 Column_50 Column_51 Column_52 Column_53 Column_54 Column_55 Column_56 Column_57 Column_58 Column_59 Column_60 Column_61 Column_62 Column_63 Column_64 Column_65 Column_66 Column_67 Column_68 Column_69 Column_70 Column_71 Column_72 Column_73 Column_74 Column_75 Column_76 Column_77 Column_78 Column_79 Column_80 Column_81 Column_82 Column_83 Column_84 Column_85 Column_86 Column_87 Column_88 Column_89 Column_90 Column_91 Column_92 Column_93 Column_94 Column_95 Column_96 Column_97 Column_98 Column_99 Column_100 Column_101 Column_102 Column_103 Column_104 Column_105 Column_106 Column_107 Column_108 Column_109 Column_110 Column_111 Column_112 Column_113 Column_114 Column_115 Column_116 Column_117 Column_118 Column_119 Column_120 Column_121 Column_122 Column_123 Column_124 Column_125 Column_126 Column_127 Column_128 Column_129 Column_130 Column_131 Column_132 Column_133 Column_134 Column_135 Column_136 Column_137 Column_138 Column_139 Column_140 Column_141 Column_142 Column_143 Column_144 Column_145 Column_146 Column_147 Column_148 Column_149 Column_150 Column_151 Column_152 Column_153 Column_154 Column_155 Column_156 Column_157 Column_158 Column_159 Column_160 Column_161 Column_162 Column_163 Column_164 Column_165 Column_166 Column_167 Column_168 Column_169 Column_170 Column_171 Column_172 Column_173 Column_174 Column_175 Column_176 Column_177 Column_178 Column_179 Column_180 Column_181 Column_182 Column_183 Column_184 Column_185 Column_186 Column_187 Column_188 Column_189 Column_190 Column_191 Column_192 Column_193 Column_194 Column_195 Column_196 Column_197 Column_198 Column_199 Column_200 Column_201 Column_202 Column_203 Column_204 Column_205 Column_206 Column_207 Column_208 Column_209 Column_210 Column_211 Column_212 Column_213 Column_214 Column_215 Column_216 Column_217 Column_218 Column_219 Column_220 Column_221 Column_222 Column_223 Column_224 Column_225 Column_226 Column_227 Column_228 Column_229 Column_230 Column_231 Column_232 Column_233 Column_234 Column_235 Column_236 Column_237 Column_238 Column_239 Column_240 Column_241 Column_242 Column_243 Column_244 Column_245 Column_246 Column_247 Column_248 Column_249 Column_250 Column_251 Column_252 Column_253 Column_254 Column_255 Column_256 Column_257 Column_258
feature_infos=[-10208:15705] [-9136.5:15771.5] [-10464:14267] [-9947:14752.5] [-7808.375:17497.609375] [136.75750732421875:1862.834716796875] [-7695.85400390625:15214.8408203125] [-9945:14758.5] [-9616.5:14988] [-10637:14483] [-9641.5:14800] [-7744.47509765625:17430.869140625] [136.75750732421875:1862.834716796875] [-7732.00341796875:15122.9462890625] [-9635.5:14806] [-8911:15018.5] [-10269.5:14527.5] [-9398.5:14830.5] [-7679.990234375:17354.2890625] [136.75750732421875:1862.834716796875] [-7686.85400390625:14962.1328125] [-9413.5:14836.5] [-7962:14983.5] [-9573.5:14558] [-8656.5:14685.5] [-7611.93505859375:17270.109375] [136.75750732421875:1862.834716796875] [-7723.00341796875:14749.302734375] [-8639:14680.5] [-7809.5:14747] [-9330.5:13242.5] [-8481:13421] [-7545.10498046875:17183.189453125] [136.75750732421875:1862.834716796875] [-7574.59423828125:14526.9111328125] [-8463.5:13423.5] [-7692:13474.5] [-9236:12653.5] [-8386.5:13007.5] [-7485.5751953125:17094.994140625] [136.75750732421875:1862.834716796875] [-7443.81298828125:14305.419921875] [-8369:13001.5] [-8137.5:13191.5] [-9681.5:12376.5] [-8832:13185] [-7436.81494140625:16997.890625] [136.75750732421875:1862.834716796875] [-7280.875:14018.3818359375] [-8814.5:13179] [-7992.5:13532] [-9536.5:12583] [-8687:13525.5] [-7403.5400390625:16909.83984375] [136.75750732421875:1862.834716796875] [-7107.00341796875:13861.4375] [-8669.5:13519.5] [-7840:13618.5] [-8887.5:12894.5] [-8346.5:13258.5] [-7386.205078125:16827.630859375] [136.75750732421875:1862.834716796875] [-6958.59423828125:13759.4892578125] [-8430:13240.5] [-7983.5:13336.5] [-9004:12533.5] [-8169:12770.5] [-7357.9150390625:16741.689453125] [136.75750732421875:1862.834716796875] [-6827.81298828125:13645.8076171875] [-8167:12752.5] [-7838.5:12848.5] [-9289.5:12240.5] [-7890.5:12379] [-7332.51513671875:16653.5390625] [136.75750732421875:1862.834716796875] [-6664.875:13530.6435546875] [-7907.5:12375] [-7133:12681.5] [-8585.5:12236.5] [-7666.5:12445] [-7311.375:16563.099609375] [136.75750732421875:1862.834716796875] [-6474.2958984375:13431.94921875] [-7643:12449] [-6321:12457] [-9245.5:11703.5] [-8326.5:12013] [-7283.91015625:16467.494140625] [136.75750732421875:1862.834716796875] [-6300.564453125:13302.953125] [-8303:12001] [-6795.5:12088.5] [-9009:11302.5] [-7329.5:11895.5] [-7248.64013671875:16367.740234375] [136.75750732421875:1862.834716796875] [-6100.4052734375:13145.09375] [-7316.5:11868.5] [-7123:12643.5] [-8667:11694.5] [-7817.5:12637] [-7215.81005859375:16279.650390625] [136.75750732421875:1862.834716796875] [-5962.77783203125:13039.3583984375] [-7800:12631] [-7231:12730] [-8775:12006] [-7925.5:12370] [-7173.23486328125:16188.0498046875] [136.75750732421875:1862.834716796875] [-5852.07080078125:12918.87109375] [-7908:12352] [-7298.5:12448] [-8842.5:11645] [-7993:11780.5] [-7133.47021484375:16089.6201171875] [136.75750732421875:1862.834716796875] [-5791.35400390625:12754.24609375] [-7975.5:11776.5] [-7146:11839.5] [-8333:10762] [-8067:11139.5] [-7089.96484375:15986.3603515625] [136.75750732421875:1862.834716796875] [-5827.50341796875:12576.0419921875] [-8054:11154] [-7860.5:11498] [-9404.5:10575] [-8727:10953] [-7046.009765625:15880.3095703125] [136.75750732421875:1862.834716796875] [-5679.09423828125:12373.583984375] [-8714:10953.5] [-8520.5:11475.5] [-10064.5:10364] [-9215:10909.5] [-6996.64990234375:15777.6953125] [136.75750732421875:1862.834716796875] [-5567.00341796875:12240.4853515625] [-9197.5:10895] [-8368:10954] [-9415.5:10039] [-8874.5:10636] [-6945.2099609375:15668.3203125] [136.75750732421875:1862.834716796875] [-5418.59423828125:12094.623046875] [-8958:10638.5] [-7886.5:10644.5] [-8968:9874.5] [-8697:10103] [-6892.4150390625:15550.08984375] [136.75750732421875:1862.834716796875] [-5287.81298828125:11902.0205078125] [-8695:10105.5] [-8366.5:10220.5] [-9387:9445.5] [-8391.5:9584] [-6829.919921875:15426.5703125] [136.75750732421875:1862.834716796875] [-5538.9072265625:11691.2919921875] [-8385.5:9589] [-7661:9673] [-9019.5:8912.5] [-8148.5:9321.5] [-6770.18994140625:15294.599609375] [136.75750732421875:1862.834716796875] [-5776.142578125:11406.810546875] [-8163.5:9307] [-6584.5:9464.5] [-8323.5:8647.5] [-7072:9352] [-6711.43017578125:15156.7099609375] [136.75750732421875:1862.834716796875] [-5872.4931640625:11095.646484375] [-7087:9337.5] [-6548.5:9396.5] [-7735:8481.5] [-6555:9078.5] [-6651.10986328125:15019.0146484375] [136.75750732421875:1862.834716796875] [-5934.53955078125:10794.7236328125] [-6547.5:9081] [-6079:9087] [-7187.5:8317] [-6541.5:8418.5] [-6590.21484375:14879.8701171875] [136.75750732421875:1862.834716796875] [-5989.7177734375:10554.4765625] [-6501:8412.5] [-5783:8953] [-7327:7888] [-6477.5:8026.5] [-6532.15478515625:14735.58984375] [136.75750732421875:1862.834716796875] [-5818.10693359375:10267.16015625] [-6460:8031.5] [-5630.5:8420] [-6678:6975] [-6137:7004.5] [-6475.35498046875:14589.349609375] [136.75750732421875:1862.834716796875] [-5538.0517578125:9894.0546875] [-6220.5:7006.5] [-5149:8001.5] [-6322:6062.5] [-5959.5:7046.5] [-6415.7001953125:14413.740234375] [136.75750732421875:1862.834716796875] [-5415.63818359375:9538.146484375] [-5957.5:7022] [-5629:7496.5] [-6649.5:6099] [-5654:6564] [-6351.384765625:14247.599609375] [136.75750732421875:1862.834716796875] [-5248.6708984375:9237.2236328125] [-5648:6611.5] [-4923.5:7365] [-6282:6080.5] [-5411:6594.5] [-6283.169921875:14052.0654296875] [136.75750732421875:1862.834716796875] [-5092.9736328125:8996.9765625] [-5426:6642] [-3590.5:7395.5] [-5586:5830] [-4098.5:6114] [-6208.740234375:13854.7998046875] [136.75750732421875:1862.834716796875] [-4841.47607421875:8709.66015625] [-4080.5:6127] [-3811:7632.5] [-5526.5:6125.5] [-3817.5:6934] [-6137.47998046875:13667.240234375] [136.75750732421875:1862.834716796875] [-4600.4326171875:8336.5546875] [-3810:6916] [-3341.5:6917.5] [-4450:5769] [-3804:6096.5] [-6065.31005859375:13484.6103515625] [136.75750732421875:1862.834716796875] [-4415.0751953125:7855.07373046875] [-3763.5:6091.5] [-2259.5:7066] [-4331:3434] [-2439.5:4998.5] [-5988.6748046875:13280.5400390625] [136.75750732421875:1862.834716796875] [-4111.568359375:7491.65771484375] [-2399:4995] [0:5732.5] [-4567.5:0] none [-5910.5498046875:13074.490234375] [136.75750732421875:1862.834716796875] [-3737.789306640625:6810.59814453125]
tree_sizes=2794 2786 2794 2796 2806 2804 2793 2804 2799 2786 2766 2775 2785 2758 2766 2788 2758 2762 2791 2758 2763 2731 2741 2763 2746 2755 2736 2716 2767 2736 2731 2736 2777 2737 2708 2704 2703 2719 2680 2722 2729 2710 2701 2742 2716 2727 2733 2749 2731 2729 2694 2728 2696 2729 2694 2693 2699 2717 2717 2742 2707 2676 2715 2710 2680 2700 2709 2706 2698 2722 2688 2720 2718 2733 2694 2706

Tree=0
num_leaves=31
num_cat=0
split_feature=257 4 257 190 257 79 220 243 257 225 253 197 183 96 53 106 39 238 241 246 206 248 222 58 247 54 183 184 85 120
split_gain=1.02511e+08 2.86693e+07 2.20627e+07 1.01681e+07 4.48487e+06 4.18275e+06 4.09797e+06 4.24488e+06 3.59375e+06 3.06173e+06 2.88319e+06 2.2836e+06 2.43903e+06 2.20842e+06 1.96497e+06 2.69503e+06 1.73609e+06 1.71215e+06 1.69175e+06 2.24331e+06 1.61845e+06 1.58729e+06 1.45794e+06 1.27381e+06 1.23239e+06 1.17162e+06 1.12247e+06 1.41986e+06 1.11275e+06 1.09474e+06
threshold=539.71261596679699 6450.7951660156259 332.61575317382818 2096.7500000000005 419.60963439941412 2377.2500000000005 2704.0000000000005 1480.4058837890627 943.09799194335949 397.75000000000006 924.75000000000011 1556.2500000000002 -140.24999999999997 253.61371612548831 5341.3100585937509 1560.7500000000002 4928.3625488281259 2061.5000000000005 -29.249999999999996 -71.749999999999986 641.50000000000011 772.00000000000011 433.60746765136724 398.75000000000006 35.250000000000007 535.61007690429699 -766.74999999999989 -1200.7499999999998 660.25000000000011 2629.7500000000005
decision_type=2 2 2 2 2 2 2 2 2 2 2 2 2 2 2 2 2 2 2 2 2 2 2 2 2 2 2 2 2 2
left_child=2 3 13 8 -4 23 7 18 14 -7 -11 12 -9 -1 22 -16 26 -8 19 -3 -18 -20 -2 28 -6 -24 -10 -28 -5 -27
right_child=1 6 4 5 24 9 17 11 16 10 -12 -13 -14 -15 15 -17 20 -19 21 -21 -22 -23 25 -25 -26 29 27 -29 -30 -31
leaf_value=194.86675402395932 215.59675993721419 208.79060611691961 198.382227158516 207.85338386387957 200.16546535892266 236.99560553458221 226.91489112650811 235.28081355538853 203.41373101022728 212.73022128824203 228.23073388598633 244.15655708246035 212.2324241216578 196.47134593288126 226.34734474553511 205.30782828748445 211.8249648325027 247.10536693778522 208.12593068142607 229.57492981111005 229.31935570207128 223.63393885454707 202.12652628264652 205.81010606581853 202.42028257812061 204.12246259141881 219.36102254569749 207.42684060043243 222.49260591712482 209.6660316046256
leaf_weight=3358 26 20 5456 27 3306 20 21 24 80 130 39 21 22 5933 23 45 39 21 77 37 20 21 815 150 742 1694 36 81 25 94
leaf_count=3358 26 20 5456 27 3306 20 21 24 80 130 39 21 22 5933 23 45 39 21 77 37 20 21 815 150 742 1694 36 81 25 94
internal_value=199.106 206.825 197.624 205.573 199.318 213.15 222.688 219.979 204.57 218.497 216.307 230.495 224.258 195.891 204.032 212.424 210.231 237.01 215.433 222.282 217.755 211.449 203.815 208.148 200.579 203.698 207.978 211.099 214.891 204.414
internal_weight=22403 3608 18795 3344 9504 391 264 222 2953 189 169 67 46 9291 2697 68 256 42 155 57 59 98 2629 202 4048 2603 197 117 52 1788
internal_count=22403 3608 18795 3344 9504 391 264 222 2953 189 169 67 46 9291 2697 68 256 42 155 57 59 98 2629 202 4048 2603 197 117 52 1788
is_linear=0
shrinkage=1


Tree=1
num_leaves=31
num_cat=0
split_feature=257 4 257 190 257 79 153 257 212 253 40 50 241 248 257 53 106 39 206 231 241 58 254 47 247 143 183 184 51 160
split_gain=9.25164e+07 2.58741e+07 1.99116e+07 9.17671e+06 4.04759e+06 3.77493e+06 3.70854e+06 3.24336e+06 2.9131e+06 2.64663e+06 2.60196e+06 2.7601e+06 2.57675e+06 2.71917e+06 2.06782e+06 1.77339e+06 2.43226e+06 1.56682e+06 1.46065e+06 1.39335e+06 1.15316e+06 1.14962e+06 1.07318e+06 1.02577e+06 1.0898e+06 1.01999e+06 1.01303e+06 1.28143e+06 993744 934055
threshold=539.71261596679699 6450.7951660156259 332.61575317382818 2096.7500000000005 419.60963439941412 2377.2500000000005 4257.7788085937509 943.09799194335949 66.250000000000014 924.75000000000011 992.53356933593761 2191.2500000000005 -77.749999999999986 437.50000000000006 286.51464843750006 5341.3100585937509 1560.7500000000002 4928.3625488281259 641.50000000000011 1786.2500000000002 369.75000000000006 398.75000000000006 -81.249999999999986 412.71450805664068 82.000000000000014 1072.0000000000002 -766.74999999999989 -1200.7499999999998 3397.0000000000005 2355.6494140625005
decision_type=2 2 2 2 2 2 2 2 2 2 2 2 2 2 2 2 2 2 2 2 2 2 2 2 2 2 2 2 2 2
left_child=2 3 14 7 -4 21 10 15 -7 22 28 -12 -8 -14 -1 19 -17 26 -19 -2 -6 25 23 -10 -25 -5 -9 -28 -3 -18
right_child=1 6 4 5 20 8 12 17 9 -11 11 -13 13 -15 -16 16 29 18 -20 -21 -22 -23 -24 24 -26 -27 27 -29 -30 -31
leaf_value=-3.6131139068044629 4.3589847444282945 15.958541033818172 -0.68749028088332398 6.8188814813440501 1.0196986489852087 36.465601710081103 41.594292278000808 4.0924385020136835 5.9899580230712894 27.903246884596975 18.092004657278256 38.508454452514655 11.978197339864877 33.198225421375696 -2.059027932655221 25.879372173806896 -1.1534349804339203 12.083110937934656 28.702782640457158 15.99146539247953 3.275705625763965 6.3689945501486465 2.5580950328281951 20.95978533452557 8.2161727469900381 20.993059191703797 19.242365689410107 7.9048926344256349 4.9570454327265425 13.257336248051036
leaf_weight=5947 2603 65 5456 22 3367 20 33 80 25 38 49 25 26 36 3344 23 23 39 20 26 681 150 21 62 23 30 36 81 30 22
leaf_count=5947 2603 65 5456 22 3367 20 33 80 25 38 49 25 26 36 3344 23 23 39 20 26 681 150 21 62 23 30 36 81 30 22
internal_value=-2.86759e-08 7.33355 -1.40779 6.14385 0.201298 13.342 22.4031 5.19075 18.4211 16.2856 17.96 24.9895 30.3072 24.2995 -3.05377 4.68023 12.6523 10.5692 17.7169 4.47403 1.39923 8.58988 12.9156 14.893 17.5115 14.9963 8.42851 11.3933 12.4844 5.89183
internal_weight=22403 3608 18795 3344 9504 391 264 2953 189 169 169 74 95 62 9291 2697 68 256 59 2629 4048 202 131 110 85 52 197 117 95 45
internal_count=22403 3608 18795 3344 9504 391 264 2953 189 169 169 74 95 62 9291 2697 68 256 59 2629 4048 202 131 110 85 52 197 117 95 45
is_linear=0
shrinkage=0.05


Tree=2
num_leaves=31
num_cat=0
split_feature=257 4 257 190 257 220 243 79 257 225 253 197 183 257 53 106 238 241 246 39 248 154 206 222 54 128 100 257 248 4
split_gain=8.3496e+07 2.33513e+07 1.79702e+07 8.28198e+06 3.66067e+06 3.61704e+06 3.62181e+06 3.40687e+06 2.92714e+06 2.63374e+06 2.35755e+06 2.02126e+06 2.17978e+06 1.92836e+06 1.60048e+06 2.19512e+06 1.50996e+06 1.48086e+06 2.03281e+06 1.41405e+06 1.36454e+06 1.33414e+06 1.31824e+06 1.28581e+06 1.04751e+06 1.0399e+06 1.49743e+06 999232 1.20836e+06 976699
threshold=539.71261596679699 6450.7951660156259 332.61575317382818 2096.7500000000005 435.53199768066412 2704.0000000000005 1480.4058837890627 2377.2500000000005 943.09799194335949 397.75000000000006 924.75000000000011 1556.2500000000002 -140.24999999999997 257.96873474121099 5341.3100585937509 1560.7500000000002 2061.5000000000005 -29.249999999999996 -71.749999999999986 4928.3625488281259 772.00000000000011 916.25000000000011 641.50000000000011 431.32545471191412 535.61007690429699 1100.2500000000002 98.250000000000014 1039.6253662109377 400.75000000000006 3783.0974121093755
decision_type=2 2 2 2 2 2 2 2 2 2 2 2 2 2 2 2 2 2 2 2 2 2 2 2 2 2 2 2 2 2
left_child=2 3 13 8 -4 6 17 25 14 -9 27 12 -8 -1 23 -16 -7 18 -3 -10 -19 -6 -21 -2 29 26 -5 28 -11 -25
right_child=1 5 4 7 21 16 11 9 19 10 -12 -13 -14 -15 15 -17 -18 20 -20 22 -22 -23 -24 24 -26 -27 -28 -29 -30 -31
leaf_value=-3.7617961405703193 15.535623146057128 8.1036940860748299 -0.53176988504101319 6.4882558701854016 1.0078146116456828 25.25791398002988 33.004090444246934 34.657514543533324 8.0070848565983592 14.172913151317173 26.25147426923116 41.304262279328846 11.215037215839734 -2.2982348799140988 24.585403309697693 5.5972391605377201 44.21875148954846 7.7301189174899809 27.888869945423025 11.47895502066001 22.108880597211069 3.458807978026071 27.267643256783487 1.9287548385571265 4.8194479619198685 5.5764109489164859 21.296199401732416 22.515438528060912 3.1523042578446239 6.7635293871406619
leaf_weight=3827 25 20 6160 38 2641 21 24 20 197 72 39 21 22 5464 23 45 21 77 37 39 21 703 20 693 1788 133 31 20 38 123
leaf_count=3827 25 20 6160 38 2641 21 24 20 197 72 39 21 22 5464 23 45 21 77 37 39 21 703 20 693 1788 133 31 20 38 123
internal_value=-3.17087e-09 6.96687 -1.3374 5.83666 0.191233 21.2829 18.7373 12.6749 4.93121 17.5 15.4695 28.451 22.5832 -2.90108 4.44622 12.0197 34.7383 14.5385 20.9467 10.0407 10.8113 1.52308 16.8311 4.25033 4.14198 8.16039 13.1411 12.235 10.3658 2.65753
internal_weight=22403 3608 18795 3344 9504 264 222 391 2953 189 169 67 46 9291 2697 68 42 155 57 256 98 3344 59 2629 2604 202 69 130 110 816
internal_count=22403 3608 18795 3344 9504 264 222 391 2953 189 169 67 46 9291 2697 68 42 155 57 256 98 3344 59 2629 2604 202 69 130 110 816
is_linear=0
shrinkage=0.05


Tree=3
num_leaves=31
num_cat=0
split_feature=257 4 257 190 257 220 243 257 257 219 205 198 183 96 178 53 113 238 253 241 246 39 103 248 231 177 241 183 184 160
split_gain=7.53552e+07 2.10746e+07 1.62181e+07 7.47449e+06 3.35819e+06 3.26438e+06 3.26868e+06 3.09286e+06 2.64174e+06 2.24073e+06 3.2647e+06 1.84426e+06 1.97943e+06 1.80973e+06 1.51229e+06 1.44444e+06 1.98225e+06 1.36274e+06 1.35672e+06 1.33647e+06 1.83461e+06 1.27618e+06 1.28099e+06 1.2315e+06 1.22783e+06 1.06245e+06 999156 914262 1.15649e+06 912570
threshold=539.71261596679699 6450.7951660156259 332.61575317382818 2096.7500000000005 414.41207885742193 2704.0000000000005 1480.4058837890627 692.68301391601574 943.09799194335949 -678.24999999999989 2321.5000000000005 159.75000000000003 -140.24999999999997 251.06094360351565 3270.2500000000005 5341.3100585937509 1483.2500000000002 2061.5000000000005 869.25000000000011 -29.249999999999996 -71.749999999999986 4928.3625488281259 823.68878173828136 772.00000000000011 1786.2500000000002 -49.249999999999993 -207.74999999999997 -766.74999999999989 -1200.7499999999998 2355.6494140625005
decision_type=2 2 2 2 2 2 2 2 2 2 2 2 2 2 2 2 2 2 2 2 2 2 2 2 2 2 2 2 2 2
left_child=2 3 13 8 -4 6 19 18 15 -9 26 12 -8 -1 -12 24 -17 -7 -5 20 -3 27 -23 -21 -2 -6 -11 -10 -29 -18
right_child=1 5 4 7 25 17 11 9 21 10 14 -13 -14 -15 -16 16 29 -19 -20 23 -22 22 -24 -25 -26 -27 -28 28 -30 -31
leaf_value=-3.7185524146361915 3.9298164469927346 7.6985092163085938 -0.67485664861222228 5.1218226014951185 0.60265328243907212 23.995018129121689 31.353886284430821 31.885440816879271 3.4874622166156772 3.2701411498220345 15.343505449648257 39.30607208808263 10.590308426185089 -2.250109193499815 31.299532396143135 22.977605978647869 -2.0868576044724749 42.007813953218005 17.956006423632303 7.3436129700053829 26.494425968866093 7.0924545461932826 22.090331216539656 21.00343644732521 14.849507560179786 2.2222343264102937 12.743899078896412 17.87989298635059 7.1092937013249342 12.314606813950974
leaf_weight=3201 2603 20 5192 145 2687 21 24 20 80 38 27 21 22 6090 33 24 22 21 24 77 37 24 35 21 26 1625 104 36 81 22
leaf_count=3201 2603 20 5192 145 2687 21 24 20 80 38 27 21 22 6090 33 24 22 21 24 77 37 24 35 21 26 1625 104 36 81 22
internal_value=3.11771e-08 6.61853 -1.27053 5.54482 0.181671 20.2188 17.8005 12.0412 4.68465 15.9212 14.3405 27.0285 21.4235 -2.75603 24.1193 4.22391 11.4187 33.0014 6.94443 13.8116 19.8994 9.5387 15.9895 10.2707 4.03781 1.213 10.2087 7.60673 10.4233 5.11387
internal_weight=22403 3608 18795 3344 9504 264 222 391 2953 222 202 67 46 9291 60 2697 68 42 169 155 57 256 59 98 2629 4312 142 197 117 44
internal_count=22403 3608 18795 3344 9504 264 222 391 2953 222 202 67 46 9291 60 2697 68 42 169 155 57 256 59 98 2629 4312 142 197 117 44
is_linear=0
shrinkage=0.05


Tree=4
num_leaves=31
num_cat=0
split_feature=257 4 257 196 257 220 226 257 197 38 250 178 257 204 241 225 224 31 164 220 254 247 241 95 46 110 124 238 208 245
split_gain=6.80081e+07 1.90198e+07 1.47294e+07 6.77878e+06 3.15441e+06 2.9461e+06 3.08423e+06 2.9386e+06 2.54045e+06 2.08707e+06 2.41892e+06 2.03475e+06 1.7269e+06 1.5012e+06 1.50058e+06 1.80621e+06 3.34342e+06 1.37938e+06 1.36847e+06 1.76374e+06 1.30998e+06 1.25392e+06 1.55571e+06 1.27626e+06 1.8411e+06 1.23486e+06 2.32823e+06 1.22987e+06 1.16949e+06 1.16329e+06
threshold=539.71261596679699 6450.7951660156259 366.47259521484381 1969.0000000000002 290.11676025390631 2704.0000000000005 -777.24999999999989 943.09799194335949 1502.2500000000002 2426.2500000000005 633.87484741210949 -370.74999999999994 435.53199768066412 945.75000000000011 -150.74999999999997 1318.7500000000002 1636.7500000000002 3085.7500000000005 1245.7500000000002 -687.74999999999989 -313.24999999999994 282.75000000000006 579.25000000000011 2745.267456054688 4384.7673339843759 447.57618713378912 606.76919555664074 2061.5000000000005 476.11993408203131 392.25000000000006
decision_type=2 2 2 2 2 2 2 2 2 2 2 2 2 2 2 2 2 2 2 2 2 2 2 2 2 2 2 2 2 2
left_child=2 3 4 7 -1 6 8 13 11 -5 28 -3 -4 -2 -8 -16 -17 -12 -9 -20 21 22 23 -15 -25 -19 -27 -7 -11 -14
right_child=1 5 12 9 -6 27 14 18 -10 10 17 -13 29 20 15 16 -18 25 19 -21 -22 -23 -24 24 -26 26 -28 -29 -30 -31
leaf_value=-3.0867605804797247 3.4412353478947377 27.333808753069707 -0.15784427882609608 6.7706279532744151 -1.4244575624827431 22.795267463865738 21.366032107387269 7.4839880194985176 39.144943332672121 16.95938243865967 30.857930876991965 8.7525398841271027 0.9792055465379742 6.69371824211035 -0.95737915198008228 31.065533370971679 7.192947206605564 8.2934486306946855 25.289016302142826 8.9271718800067905 4.4916856031383627 20.510604548996145 -1.8370862168424271 23.977446648105982 7.1455189675995801 35.110816640853884 15.412143539190295 39.907423328218009 2.0219481016460219 3.5269363319420908
leaf_weight=6211 2124 34 3960 101 5280 21 35 206 22 20 22 26 2811 117 30 20 55 29 28 40 418 22 34 32 33 20 60 21 38 533
leaf_count=6211 2124 34 3960 101 5280 21 35 206 22 20 22 26 2811 117 30 20 55 29 28 40 418 22 34 32 33 20 60 21 38 533
internal_value=-1.7612e-08 6.2876 -1.20701 5.26758 -2.32295 19.2079 16.9104 4.57387 24.611 12.5731 15.6738 19.2819 0.54865 4.08695 12.4001 9.41144 13.559 19.4376 9.51416 15.6644 6.17766 9.13873 7.98048 9.81454 15.432 17.1326 20.3368 31.3513 7.17279 1.38529
internal_weight=22403 3608 18795 3344 11491 264 222 3054 82 290 189 60 7304 2780 140 105 75 131 274 68 656 238 216 182 65 109 80 42 58 3344
internal_count=22403 3608 18795 3344 11491 264 222 3054 82 290 189 60 7304 2780 140 105 75 131 274 68 656 238 216 182 65 109 80 42 58 3344
is_linear=0
shrinkage=0.05


Tree=5
num_leaves=31
num_cat=0
split_feature=257 257 257 129 191 254 208 222 257 257 152 204 248 233 213 226 43 100 254 254 5 215 253 242 5 96 178 239 222 61
split_gain=6.14524e+07 1.92434e+07 1.08988e+07 5.86784e+06 5.22355e+06 4.20233e+06 4.54694e+06 2.68477e+06 2.36952e+06 2.35791e+06 2.14097e+06 1.85416e+06 1.7802e+06 1.4873e+06 1.44361e+06 2.37359e+06 1.43791e+06 1.36013e+06 1.49204e+06 1.40086e+06 1.28107e+06 1.22966e+06 1.05097e+06 1.02552e+06 979762 971465 887805 829881 825260 1.21621e+06
threshold=501.95671081542974 943.09799194335949 309.00860595703131 1946.2500000000002 1996.2500000000002 -1324.9999999999998 1480.4058837890627 626.69149780273449 613.32830810546886 414.41207885742193 1481.2517700195315 945.75000000000011 772.00000000000011 -690.74999999999989 -1139.2499999999998 -579.74999999999989 2897.7500000000005 1686.2500000000002 -762.99999999999989 -572.74999999999989 683.63073730468761 528.01879882812511 120.25000000000001 4064.482543945313 683.63073730468761 248.1259689331055 213.75000000000003 376.25000000000006 656.75689697265636 692.68301391601574
decision_type=2 2 2 2 2 2 2 2 2 2 2 2 2 2 2 2 2 2 2 2 2 2 2 2 2 2 2 2 2 2
left_child=2 4 25 10 8 -5 12 23 27 22 -3 21 17 28 -12 -16 -9 -7 -19 -20 -18 -10 -4 -6 -21 -1 -11 -2 -13 -30
right_child=1 3 9 5 7 6 -8 16 11 26 14 13 -14 -15 15 -17 20 18 19 24 -22 -23 -24 -25 -26 -27 -28 -29 29 -31
leaf_value=-3.4534394048950832 1.7160966722596702 7.0002886630799797 -1.4939228486233302 39.129398748966366 5.4363645393797695 24.435683418512344 37.759611262798309 9.2913095426559451 14.916080963134768 0.21004583504054392 9.3228895883302432 7.6055162489414219 24.442962370163357 6.4948417260200122 35.391640272140499 11.839619567601577 33.295524184902511 2.6127895236015322 25.085564853928307 3.5606098685945784 16.385370436168852 3.7109094658177648 -0.24501941117042453 17.016501665115356 16.673237800598145 -2.2948019643582014 1.8800779109538504 3.7932342892721529 27.766560888290407 10.329456892013551
leaf_weight=2956 1289 218 2967 26 94 20 25 20 25 2178 37 26 39 443 20 23 24 41 22 28 21 1187 3897 24 29 4663 1254 767 20 20
leaf_count=2956 1289 218 2967 26 94 20 25 20 25 2178 37 26 39 443 20 23 24 41 22 28 21 1187 3897 24 29 4663 1254 767 20 20
internal_value=1.16004e-08 5.23201 -1.3107 14.1983 4.03649 20.1981 17.7853 12.2865 3.63677 -0.249826 9.56763 5.0056 14.9956 7.53807 16.5636 22.794 20.4463 12.3639 10.3519 14.3684 25.4041 3.94204 -0.784864 7.79165 10.2319 -2.74433 0.82025 2.49098 14.5404 19.048
internal_weight=22403 4488 17915 528 3960 230 204 183 3777 10296 298 1721 179 509 80 43 65 140 120 79 45 1212 6864 118 57 7619 3432 2056 66 40
internal_count=22403 4488 17915 528 3960 230 204 183 3777 10296 298 1721 179 509 80 43 65 140 120 79 45 1212 6864 118 57 7619 3432 2056 66 40
is_linear=0
shrinkage=0.05


Tree=6
num_leaves=31
num_cat=0
split_feature=257 158 257 257 205 247 257 68 33 142 39 240 180 50 44 257 248 183 253 220 248 247 241 240 183 23 3 247 75 225
split_gain=5.54871e+07 1.56387e+07 1.21069e+07 6.0761e+06 3.65123e+06 2.66801e+06 2.57728e+06 2.06833e+06 2.81977e+06 2.49057e+06 1.61e+06 1.8313e+06 2.03701e+06 1.90894e+06 1.65299e+06 1.4221e+06 1.30593e+06 1.27423e+06 1.21177e+06 1.24659e+06 1.15854e+06 1.04066e+06 1.50242e+06 1.39073e+06 999746 1.16003e+06 1.07828e+06 983027 967259 961520
threshold=539.71261596679699 5928.1923828125009 366.47259521484381 899.23205566406261 1267.0000000000002 739.75000000000011 286.51464843750006 823.87695312500011 1200.0135498046877 3086.5000000000005 4928.3625488281259 -216.74999999999997 899.23205566406261 3412.2500000000005 -274.24999999999994 481.38352966308599 194.25000000000003 -766.74999999999989 182.25000000000003 661.75000000000011 -616.99999999999989 739.75000000000011 522.25000000000011 -9.7499999999999982 -458.49999999999994 3663.7500000000005 509.75000000000006 14.750000000000002 626.69149780273449 -1118.7499999999998
decision_type=2 2 2 2 2 2 2 2 2 2 2 2 2 2 2 2 2 2 2 2 2 2 2 2 2 2 2 2 2 2
left_child=2 3 6 4 20 10 -1 9 -9 -3 17 12 -12 14 -14 27 -11 -5 -6 -20 29 22 23 -21 -19 26 -26 -4 -27 -2
right_child=1 7 15 5 18 -7 -8 8 -10 16 11 -13 13 -15 -16 -17 -18 24 19 21 -22 -23 -24 -25 25 28 -28 -29 -30 -31
leaf_value=-2.8249766549263704 -0.040731936196486157 6.1767471743104538 -0.17723701607977713 2.2166803048415615 2.1765806689262392 26.836465694593347 -1.3264327530974078 36.051586360680432 17.253867807842436 12.396225500106812 31.957543912529946 6.0336448293106235 10.225020034224899 1.2069642759504773 27.721001723960594 1.8761439655722247 28.588043091513896 20.014801822304726 21.293553634643558 6.8521876204581496 3.2205657237277094 16.974446233113607 4.1749257680472978 19.964407464785452 13.224835812418085 6.5926660060882574 3.3956460846038095 1.4508789620997582 20.989536411634514 9.0527513923234491
leaf_weight=5947 36 42 4650 88 50 23 5544 38 42 20 20 51 27 21 27 1496 33 20 25 42 2474 39 109 39 38 20 105 1158 28 151
leaf_count=5947 36 42 4650 88 50 23 5544 38 42 20 20 51 27 21 27 1496 33 20 25 42 2474 39 109 39 38 20 105 1158 28 151
internal_value=-1.77385e-08 5.67938 -1.09025 4.93616 4.10045 10.2308 -2.10198 20.2593 26.1828 15.2711 9.37251 13.6764 17.7794 13.9985 18.973 0.501462 22.4779 7.27094 9.29159 10.6922 3.5074 9.53482 8.00774 13.1655 9.37888 8.26517 6.0076 0.147377 14.9908 7.30213
internal_weight=22403 3608 18795 3433 2965 468 11491 175 80 95 445 146 95 75 54 7304 53 299 304 254 2661 229 190 81 211 191 143 5808 48 187
internal_count=22403 3608 18795 3433 2965 468 11491 175 80 95 445 146 95 75 54 7304 53 299 304 254 2661 229 190 81 211 191 143 5808 48 187
is_linear=0
shrinkage=0.05


Tree=7
num_leaves=31
num_cat=0
split_feature=257 257 53 190 254 252 257 216 257 250 219 87 100 253 103 246 208 19 246 90 201 58 184 215 127 138 150 169 44 251
split_gain=5.01992e+07 1.50726e+07 1.21008e+07 4.67856e+06 3.93181e+06 4.71101e+06 2.88427e+06 2.52561e+06 2.38984e+06 2.25706e+06 1.956e+06 1.92441e+06 1.87269e+06 1.67005e+06 1.4605e+06 1.30904e+06 1.22279e+06 1.28836e+06 1.17964e+06 1.14608e+06 1.42554e+06 1.13537e+06 1.11431e+06 1.02962e+06 998035 1.27655e+06 1.02507e+06 971553 954076 874812
threshold=613.32830810546886 367.47297668457037 5341.3100585937509 2096.7500000000005 -348.74999999999994 -23.249999999999996 481.38352966308599 4046.413452148438 302.05529785156256 1480.4058837890627 -678.24999999999989 2496.0000000000005 571.75000000000011 992.25000000000011 1200.0135498046877 915.75000000000011 516.10797119140636 584.03851318359386 -794.74999999999989 2512.104125976563 1039.6253662109377 2656.5000000000005 -1433.7499999999998 483.77349853515631 2383.0000000000005 739.54895019531261 1740.7500000000002 3297.5000000000005 2845.0000000000005 1052.3022460937502
decision_type=2 2 2 2 2 2 2 2 2 2 2 2 2 2 2 2 2 2 2 2 2 2 2 2 2 2 2 2 2 2
left_child=1 8 3 16 5 7 29 11 -1 15 -5 12 -4 -12 19 -7 -2 22 -19 -6 27 -8 -18 -23 26 -26 -20 -21 -25 -3
right_child=2 6 4 10 14 9 21 -9 -10 -11 13 -13 -14 -15 -16 -17 17 18 24 20 -22 23 -24 28 25 -27 -28 -29 -30 -31
leaf_value=-2.5583469786315196 12.668780149276868 0.015001955330576919 9.8541136200087411 26.589935355186466 -1.6854199992285837 12.918609972000121 1.8956941386321298 29.502647399902344 -1.0839646339630764 40.561146116256715 8.530756683254717 3.511030919528475 28.74068611235846 20.224666033850777 19.901605777082775 29.225001740455628 -2.4522424527811353 16.012714299435416 4.6569938986201675 9.0559309061983946 -0.59114666691532836 13.705346679687501 3.2505626125447451 11.16862562510275 4.9512169115683617 15.807148693932428 -3.1421050479127604 19.54936523512006 0.56006916917082095 2.9307179198000171
leaf_weight=7091 43 5450 35 20 27 20 2593 21 4488 28 201 51 21 36 29 32 109 24 992 71 27 37 400 31 68 45 44 32 67 270
leaf_count=7091 43 5450 35 20 27 20 2593 21 4488 28 201 51 21 36 29 32 109 24 992 71 27 37 400 31 68 45 44 32 67 270
internal_value=1.58081e-08 -0.815231 6.87148 5.28055 14.8746 19.5978 0.790653 13.649 -1.98688 29.1161 11.5742 10.5375 16.9366 10.307 9.59263 22.9533 4.34289 4.13004 5.0416 7.68843 9.63531 2.12844 2.02933 6.59889 4.81244 9.27438 4.32576 12.316 3.91584 0.152632
internal_weight=22403 20027 2376 1982 394 208 8448 128 11579 80 257 107 56 237 186 52 1725 1682 1173 157 130 2728 509 135 1149 113 1036 103 98 5720
internal_count=22403 20027 2376 1982 394 208 8448 128 11579 80 257 107 56 237 186 52 1725 1682 1173 157 130 2728 509 135 1149 113 1036 103 98 5720
is_linear=0
shrinkage=0.05


Tree=8
num_leaves=31
num_cat=0
split_feature=257 257 53 190 254 252 257 216 257 250 238 87 100 253 103 246 208 19 229 158 208 71 97 201 184 176 207 11 253 188
split_gain=4.53048e+07 1.3603e+07 1.0921e+07 4.2224e+06 3.54846e+06 4.25169e+06 2.60305e+06 2.27936e+06 2.18412e+06 2.037e+06 1.83028e+06 1.73678e+06 1.6901e+06 1.3574e+06 1.3181e+06 1.18141e+06 1.11452e+06 1.219e+06 1.08616e+06 1.27836e+06 1.16879e+06 1.03912e+06 1.03859e+06 1.30117e+06 992942 870171 1.03412e+06 867512 853567 957114
threshold=613.32830810546886 367.47297668457037 5341.3100585937509 2096.7500000000005 -348.74999999999994 -23.249999999999996 481.38352966308599 4046.413452148438 286.51464843750006 1480.4058837890627 -708.74999999999989 2496.0000000000005 571.75000000000011 992.25000000000011 1200.0135498046877 915.75000000000011 504.81159973144537 584.03851318359386 992.53356933593761 3597.259887695313 683.63073730468761 3214.0000000000005 2469.4409179687505 1039.6253662109377 -1433.7499999999998 3762.5000000000005 4976.3200683593759 -4989.0549316406241 345.25000000000006 1528.0799560546877
decision_type=2 2 2 2 2 2 2 2 2 2 2 2 2 2 2 2 2 2 2 2 2 2 2 2 2 2 2 2 2 2
left_child=1 8 3 16 5 7 28 11 -1 15 -5 12 -4 -12 22 -7 -2 24 20 -20 -19 -8 -6 25 -18 26 -24 -22 -3 -30
right_child=2 6 4 10 14 9 21 -9 -10 -11 13 -13 -14 -15 -16 -17 17 18 19 -21 27 -23 23 -25 -26 -27 -28 -29 29 -31
leaf_value=-2.5558103805065548 12.957129509789604 -0.12464924964708274 9.3614080599376148 24.454271324821143 -1.4248516501060555 12.272679519653321 1.8296937593263884 28.027514975411549 -1.1818827808350432 38.533088500159131 8.0222360681458778 3.3354794085025787 27.303652263823011 18.459773138084927 18.906525588857715 27.763751512765886 -2.3296303311892603 6.3823859001886758 6.4758562160574868 17.712066387361098 12.629801845550539 6.9734285796974227 14.831915086507799 -0.56158938937717018 3.0507885203136142 20.107805939515433 3.3137927005165504 2.5220998694384398 0.94605523653608725 5.931637837908684
leaf_weight=5947 35 4787 35 23 28 20 2626 21 5632 28 197 51 21 37 29 32 109 383 138 31 22 102 40 27 402 24 38 605 824 109
leaf_count=5947 35 4787 35 23 28 20 2626 21 5632 28 197 51 21 37 29 32 109 383 138 31 22 102 40 27 402 24 38 605 824 109
internal_value=2.70783e-08 -0.774469 6.5279 5.01652 14.1308 18.6179 0.751121 12.9665 -1.88754 27.6603 10.9955 10.0106 16.0897 9.67262 9.113 21.8056 4.12574 3.94285 4.82691 8.53694 4.20612 2.02202 7.30401 9.19864 1.90311 11.7822 9.22052 2.87676 0.145 1.52851
internal_weight=22403 20027 2376 1982 394 208 8448 128 11579 80 257 107 56 234 186 52 1725 1690 1179 169 1010 2728 157 129 511 102 78 627 5720 933
internal_count=22403 20027 2376 1982 394 208 8448 128 11579 80 257 107 56 234 186 52 1725 1690 1179 169 1010 2728 157 129 511 102 78 627 5720 933
is_linear=0
shrinkage=0.05


Tree=9
num_leaves=31
num_cat=0
split_feature=257 257 257 206 212 132 257 220 233 254 116 248 224 213 178 257 227 106 71 6 219 191 253 54 215 233 108 33 247 205
split_gain=4.09625e+07 1.16635e+07 9.00333e+06 4.70858e+06 3.57756e+06 1.93417e+06 1.90385e+06 1.80024e+06 3.08118e+06 1.70131e+06 1.71608e+06 1.67152e+06 1.84882e+06 1.49369e+06 1.40527e+06 1.24343e+06 1.21729e+06 1.18194e+06 1.08108e+06 1.04037e+06 1.21826e+06 1.0413e+06 909894 889868 964512 938201 882240 821188 818710 817090
threshold=539.71261596679699 1039.6253662109377 332.61575317382818 1508.7500000000002 2710.5000000000005 4517.4553222656259 419.60963439941412 1505.7500000000002 -1271.2499999999998 -815.74999999999989 3841.067504882813 1260.0000000000002 929.75000000000011 -167.24999999999997 3270.2500000000005 246.40652465820315 1437.0000000000002 -2817.9999999999995 2581.5000000000005 3760.2958984375005 -1028.7499999999998 -351.74999999999994 107.25000000000001 535.61007690429699 489.35853576660162 932.25000000000011 -2228.2499999999995 613.32830810546886 35.250000000000007 1083.7500000000002
decision_type=2 2 2 2 2 2 2 2 2 2 2 2 2 2 2 2 2 2 2 2 2 2 2 2 2 2 2 2 2 2
left_child=2 3 15 9 5 17 -4 8 -7 10 22 12 18 -12 -14 -1 -16 -3 -5 23 21 -21 -2 24 -11 -25 -19 -24 -8 -28
right_child=1 4 6 11 -6 7 28 -9 -10 19 13 -13 14 -15 16 -17 -18 26 -20 20 -22 -23 27 25 -26 -27 29 -29 -30 -31
leaf_value=-2.8758466445018525 1.589553439359606 19.30707571424287 -0.46430487407579996 8.9254735816608779 29.198129760857785 13.190393042564393 0.62996446104118509 8.3812902297973633 39.169735227312366 6.6655015465142071 26.528947658538819 21.745883540312448 4.7795500513061464 7.845553373253864 23.238374071121218 -1.6415579326864085 8.6004824891382334 -0.27502198600769046 21.373213422620623 6.6687064464275654 4.3050592441663698 21.843951005935669 4.7305365221840994 2.9909751408874232 0.43719281116069741 10.558630443186988 11.119724162773121 15.459238004107631 2.4677797669007613 2.2638580126147114
leaf_weight=3026 81 29 5456 33 33 25 3306 25 21 69 20 24 249 23 20 6265 49 25 37 26 216 20 42 1647 627 42 163 31 742 31
leaf_count=3026 81 29 5456 33 33 25 3306 25 21 69 20 24 249 23 20 6265 49 25 37 26 216 20 42 1647 627 42 163 31 742 31
internal_value=-6.64131e-09 4.87976 -0.936747 3.94504 13.5259 11.9046 0.145255 19.1811 25.0505 3.22134 7.70406 8.94065 8.14858 16.5355 6.52924 -2.04356 12.8433 9.82147 15.505 2.88772 5.87847 13.2666 5.23813 2.55918 1.05465 3.17916 8.56538 9.28656 0.966837 9.70461
internal_weight=22403 3608 18795 3256 352 319 9504 71 46 2844 197 412 388 43 318 9291 69 248 70 2647 262 46 154 2385 696 1689 219 73 4048 194
internal_count=22403 3608 18795 3256 352 319 9504 71 46 2844 197 412 388 43 318 9291 69 248 70 2647 262 46 154 2385 696 1689 219 73 4048 194
is_linear=0
shrinkage=0.05


Tree=10
num_leaves=31
num_cat=0
split_feature=257 22 257 257 54 94 241 211 88 254 248 257 192 79 180 87 257 208 25 170 26 253 147 247 225 110 129 135 60 195
split_gain=3.70679e+07 1.1863e+07 6.6783e+06 3.91767e+06 3.24828e+06 3.11704e+06 2.40661e+06 1.8167e+06 1.7225e+06 2.00355e+06 2.39018e+06 1.49021e+06 1.31514e+06 1.62128e+06 1.26052e+06 1.14605e+06 1.10324e+06 1.35881e+06 1.44455e+06 984055 958491 882735 844339 829362 882876 867650 1.34329e+06 1.12176e+06 828856 1.34595e+06
threshold=501.95671081542974 4616.5000000000009 309.00860595703131 943.09799194335949 798.89459228515636 4475.0000000000009 104.25000000000001 1897.7500000000002 3743.1125488281255 -393.74999999999994 -38.749999999999993 406.54446411132818 2261.5000000000005 4349.0000000000009 992.53356933593761 2939.0000000000005 613.32830810546886 535.61007690429699 3406.974975585938 2028.5000000000002 1480.4058837890627 120.25000000000001 4832.2500000000009 739.75000000000011 1017.7500000000001 650.02038574218761 902.75000000000011 1698.2500000000002 5320.8698730468759 2247.078247070313
decision_type=2 2 2 2 2 2 2 2 2 2 2 2 2 2 2 2 2 2 2 2 2 2 2 2 2 2 2 2 2 2
left_child=2 3 -1 7 12 15 -7 16 20 10 14 21 19 -14 -10 -6 -2 18 -18 -3 -5 -4 -15 24 -9 -26 -27 -28 -19 -30
right_child=1 4 11 8 5 6 -8 23 9 -11 -12 -13 13 22 -16 -17 17 28 -20 -21 -22 -23 -24 -25 25 26 27 -29 29 -31
leaf_value=-2.1401925688042058 1.8101671014486826 9.4927862377248271 -1.3198610938227322 2.9058427660292345 19.297373799482983 41.458601433297865 19.25516209785755 14.889618881543479 19.549970444611141 6.1830561176522991 29.294595735413687 0.58728302478220717 26.289530422376551 4.6980276234944665 5.2240387495826273 3.6784686420274819 5.7923570209493249 2.9951347969771103 21.786293849945068 0.23172506784137928 11.835206708560388 -0.13820115173704672 16.206517971263214 14.239029516893275 2.0979847235729299 -0.449280632019043 22.903501229286196 7.5111708213543071 12.705155866547436 -2.0066456317901613
leaf_weight=7619 2011 117 2807 131 24 23 26 24 28 77 28 3872 23 30 34 23 48 1407 20 38 39 3617 34 34 120 25 20 29 53 22
leaf_count=7619 2011 117 2807 131 24 23 26 24 28 77 28 3872 23 30 34 23 48 1407 20 38 39 3617 34 34 120 25 20 29 53 22
internal_value=-1.22096e-08 4.06348 -1.01797 3.32985 13.071 20.8534 29.6772 2.87314 8.49733 12.104 17.1696 -0.187526 9.98381 14.9037 11.6938 11.6541 2.58281 3.58525 10.4965 7.22233 4.95434 -0.654534 10.8119 6.97579 5.84299 4.72382 8.98192 13.7938 3.26814 8.38969
internal_weight=22403 4488 17915 4150 338 96 49 3813 337 167 90 10296 242 87 62 47 3561 1550 68 155 170 6424 64 252 218 194 74 49 1482 75
internal_count=22403 4488 17915 4150 338 96 49 3813 337 167 90 10296 242 87 62 47 3561 1550 68 155 170 6424 64 252 218 194 74 49 1482 75
is_linear=0
shrinkage=0.05


Tree=11
num_leaves=31
num_cat=0
split_feature=257 257 53 190 254 252 257 241 241 24 250 96 219 253 103 26 254 208 19 246 97 162 59 254 189 79 127 138 154 222
split_gain=3.34738e+07 1.00932e+07 8.23073e+06 3.32595e+06 2.87833e+06 3.65954e+06 1.93762e+06 1.90451e+06 2.62452e+06 2.04032e+06 1.6979e+06 1.66795e+06 1.6493e+06 1.25437e+06 1.13678e+06 1.10253e+06 984606 912415 1.04064e+06 966587 888261 1.16162e+06 1.41962e+06 907142 882196 879997 876050 974510 897396 765620
threshold=613.32830810546886 367.47297668457037 5341.3100585937509 2096.7500000000005 -348.74999999999994 -23.249999999999996 481.38352966308599 -147.24999999999997 -871.24999999999989 3338.7500000000005 1480.4058837890627 252.35232543945315 -678.24999999999989 992.25000000000011 1200.0135498046877 705.22543334960949 -246.24999999999997 504.81159973144537 584.03851318359386 -794.74999999999989 2469.4409179687505 1160.2500000000002 3179.2500000000005 -156.24999999999997 -1136.9999999999998 2741.5000000000005 2383.0000000000005 739.54895019531261 1691.0000000000002 396.34111022949224
decision_type=2 2 2 2 2 2 2 2 2 2 2 2 2 2 2 2 2 2 2 2 2 2 2 2 2 2 2 2 2 2
left_child=1 11 3 17 5 7 -3 8 -4 -10 15 -1 -5 -14 16 -7 -6 -2 24 -20 -18 -22 -23 -24 -19 29 28 -28 -21 -8
right_child=2 6 4 12 14 10 25 -9 9 -11 -12 -13 13 -15 -16 -17 20 18 19 26 21 22 23 -25 -26 -27 27 -29 -30 -31
leaf_value=-2.5662125860980343 11.499136659077237 0.12546903704286561 6.1033085075584621 23.393882679939271 -2.8755884115512558 28.505971927642822 7.4050331744280733 3.2655584909478019 13.346441205342613 35.387119565691272 34.568527276175367 -1.2420765552879214 6.9025362900240514 17.037148873011272 16.787321184421408 13.540959079936147 -0.91707315196593608 -2.9460111583432846 14.091443664580584 3.8309853242601108 -1.1393681240081788 20.597552835941315 15.846967616081239 2.4982360676356725 2.4383388067190159 6.3014401844903531 4.3813604161359265 13.839043419096207 -2.9702014081618366 1.4430373470938302
leaf_weight=3344 35 5720 37 20 26 20 55 49 21 21 28 8235 201 36 29 32 24 93 24 990 20 32 20 35 418 102 69 45 51 2571
leaf_count=3344 35 5720 37 20 26 20 55 49 21 21 28 8235 201 36 29 32 24 93 24 990 20 32 20 35 418 102 69 45 51 2571
internal_value=-8.4634e-09 -0.665709 5.61118 4.29909 12.2116 16.2528 0.648409 11.0097 15.813 24.3668 24.6419 -1.62449 9.60554 8.44197 7.69231 19.2967 6.01234 3.50851 3.34302 4.15985 7.77635 9.72628 12.2241 7.35232 1.45841 1.74489 3.95348 8.11466 3.49779 1.56791
internal_weight=22403 20027 2376 1982 394 208 8448 128 79 42 80 11579 257 237 186 52 157 1725 1690 1179 131 107 87 55 511 2728 1155 114 1041 2626
internal_count=22403 20027 2376 1982 394 208 8448 128 79 42 80 11579 257 237 186 52 157 1725 1690 1179 131 107 87 55 511 2728 1155 114 1041 2626
is_linear=0
shrinkage=0.05


Tree=12
num_leaves=31
num_cat=0
split_feature=257 158 257 257 247 205 152 124 143 253 248 254 253 220 257 254 197 231 39 240 236 92 183 183 199 254 64 204 157 23
split_gain=3.02603e+07 9.12602e+06 6.33369e+06 3.59466e+06 2.05119e+06 1.93284e+06 1.52624e+06 2.20055e+06 3.44033e+06 1.36333e+06 1.23267e+06 2.58707e+06 1.04484e+06 1.08019e+06 1.01781e+06 990565 1.02306e+06 1.02202e+06 974562 1.51614e+06 1.30558e+06 1.05844e+06 1.00825e+06 981838 959983 957595 1.32807e+06 1.62825e+06 888553 868262
threshold=528.01879882812511 5928.1923828125009 332.61575317382818 899.23205566406261 739.75000000000011 1267.0000000000002 776.60214233398449 1200.0135498046877 -368.74999999999994 341.25000000000006 425.25000000000006 -189.74999999999997 182.25000000000003 661.75000000000011 246.40652465820315 -325.74999999999994 1998.0000000000002 1041.2500000000002 4928.3625488281259 -365.24999999999994 1039.6253662109377 2043.2500000000002 -766.74999999999989 -458.49999999999994 1859.7500000000002 -388.24999999999994 3257.2500000000005 1254.2500000000002 -1529.7499999999998 3663.7500000000005
decision_type=2 2 2 2 2 2 2 2 2 2 2 2 2 2 2 2 2 2 2 2 2 2 2 2 2 2 2 2 2 2
left_child=2 3 14 5 18 25 -3 10 -9 -4 -8 -12 -7 -14 -1 24 -17 -18 22 20 -20 -22 28 -24 -15 26 -2 -28 -5 -25
right_child=1 6 9 4 -6 12 7 8 -10 -11 11 -13 13 15 -16 16 17 -19 19 -21 21 -23 23 29 -26 -27 27 -29 -30 -31
leaf_value=-2.5148281888333344 3.2809632390356542 24.194930911708525 -0.18021596758444758 5.7279719688675623 22.147425535450811 0.30697529765692627 2.1358046510484487 4.6112973356246947 31.046433508396149 1.4676564861367518 26.378063165573849 1.2510375118255617 17.770226776123049 20.828708161626544 -1.3981188543719045 -1.5611281028260358 15.982257955807908 4.8547612719535831 21.699459105067785 4.0831366832554341 15.151496887207031 0.30195216834545135 17.614948637485504 4.0178914045954093 8.0114200572172809 1.8614463421545091 5.3170320614524513 22.119762453578769 -4.3205048701979898 11.789725486437481
leaf_weight=3026 880 37 7742 44 23 55 45 20 32 1498 21 20 25 21 6265 46 26 100 36 60 30 20 20 143 48 1961 46 21 44 48
leaf_count=3026 880 37 7742 44 23 55 45 20 32 1498 21 20 25 21 6265 46 26 100 36 60 30 20 20 143 48 1961 46 21 44 48
internal_value=9.2462e-09 4.02008 -0.839985 3.49196 7.58726 2.8984 15.1771 12.7593 20.8791 0.0869391 7.84967 14.121 6.58035 7.87748 -1.76182 6.85126 4.82095 7.15091 6.83471 10.1832 14.4391 9.21168 5.19964 7.07471 11.9123 2.49197 3.79762 10.5836 0.703734 5.97102
internal_weight=22403 3872 18531 3697 468 3229 175 138 52 9240 86 41 321 266 9291 241 172 126 445 146 86 50 299 211 69 2908 947 67 88 191
internal_count=22403 3872 18531 3697 468 3229 175 138 52 9240 86 41 321 266 9291 241 172 126 445 146 86 50 299 211 69 2908 947 67 88 191
is_linear=0
shrinkage=0.05


Tree=13
num_leaves=31
num_cat=0
split_feature=257 257 53 190 254 252 241 241 24 257 238 250 47 213 94 246 239 226 153 26 208 19 246 184 127 138 33 257 58 215
split_gain=2.74732e+07 8.2988e+06 6.7368e+06 2.77522e+06 2.40412e+06 3.16646e+06 1.658e+06 2.35907e+06 1.7675e+06 1.6182e+06 1.5568e+06 1.47701e+06 1.4297e+06 1.09923e+06 1.03065e+06 1.58948e+06 1.93098e+06 1.06577e+06 1.06478e+06 967962 810173 938315 852169 796122 758208 857367 833773 846484 752359 859708
threshold=613.32830810546886 366.47259521484381 5341.3100585937509 2096.7500000000005 -348.74999999999994 -23.249999999999996 -147.24999999999997 -871.24999999999989 3338.7500000000005 481.38352966308599 -708.74999999999989 1480.4058837890627 277.19515991210943 3056.5000000000005 2533.5000000000005 915.75000000000011 1584.7500000000002 903.75000000000011 3272.639526367188 705.22543334960949 504.81159973144537 584.03851318359386 -794.74999999999989 -1433.7499999999998 2383.0000000000005 739.54895019531261 943.09799194335949 1039.6253662109377 2656.5000000000005 483.77349853515631
decision_type=2 2 2 2 2 2 2 2 2 2 2 2 2 2 2 2 2 2 2 2 2 2 2 2 2 2 2 2 2 2
left_child=1 12 3 20 5 6 7 -4 -9 -3 -5 19 -1 -12 17 18 -17 -6 -16 -7 -2 23 -23 -22 26 -26 27 -24 -11 -30
right_child=2 9 4 10 14 11 -8 8 -10 28 13 -13 -14 -15 15 16 -18 -19 -20 -21 21 22 24 -25 25 -27 -28 -29 29 -31
leaf_value=-2.1109763132525345 10.703834365606308 0.10601414252129016 5.1472085424371672 21.156263158632363 7.2391924432345807 26.195274505615238 2.6455122275011882 12.205330908866157 32.719545514242995 1.3928632809403054 6.2601396948641659 31.810139656066895 -0.98711009367863667 16.818834144728523 11.266150245666504 27.087698546699858 8.2150904447743383 -4.0886243415601333 -4.853900035222372 12.173244866728783 -2.5613872000930509 13.119162249565125 3.6676133785191483 2.2563602884017415 3.9695987838333937 12.840648337867528 0.67234597387058403 12.676237063937718 11.715112092043903 2.7697371923801852
leaf_weight=5043 35 5808 37 23 56 20 49 21 21 2593 206 28 6448 28 20 23 33 33 21 32 109 24 762 402 69 45 252 27 37 98
leaf_count=5043 35 5808 37 23 56 20 49 21 21 2593 206 28 6448 28 20 23 33 33 21 32 109 24 762 402 69 45 252 27 37 98
internal_value=-1.07735e-08 -0.603097 5.08343 3.89637 11.0548 14.7482 9.87109 14.3528 22.4624 0.577825 8.74362 22.5517 -1.48034 7.52357 6.9246 10.4898 15.9663 3.03899 3.00954 17.5663 3.1742 3.01827 3.7939 1.2287 3.60012 7.47133 3.17619 3.97589 1.58233 5.22143
internal_weight=22403 20027 2376 1982 394 208 128 79 42 8536 257 80 11491 234 186 97 56 89 41 52 1725 1690 1179 511 1155 114 1041 789 2728 135
internal_count=22403 20027 2376 1982 394 208 128 79 42 8536 257 80 11491 234 186 97 56 89 41 52 1725 1690 1179 511 1155 114 1041 789 2728 135
is_linear=0
shrinkage=0.05


Tree=14
num_leaves=31
num_cat=0
split_feature=257 257 53 190 254 252 257 216 87 219 250 100 218 253 257 103 246 254 199 93 79 252 208 19 246 40 184 232 201 107
split_gain=2.47946e+07 7.51488e+06 6.07997e+06 2.50464e+06 2.16972e+06 2.85773e+06 1.67673e+06 1.59363e+06 1.58784e+06 1.44127e+06 1.333e+06 1.33233e+06 1.17097e+06 1.04825e+06 1.03281e+06 956251 929484 853576 770473 1.29959e+06 1.27391e+06 755449 731181 846830 769082 726666 718500 709836 694814 700728
threshold=613.32830810546886 381.79884338378912 5341.3100585937509 2096.7500000000005 -348.74999999999994 -23.249999999999996 302.05529785156256 4046.413452148438 2496.0000000000005 -678.24999999999989 1480.4058837890627 571.75000000000011 1881.2500000000002 992.25000000000011 481.38352966308599 1200.0135498046877 915.75000000000011 -246.24999999999997 26.250000000000004 2295.7500000000005 4349.0000000000009 206.25000000000003 504.81159973144537 584.03851318359386 -794.74999999999989 462.90596008300787 -1433.7499999999998 1400.2500000000002 650.02038574218761 503.75000000000006
decision_type=2 2 2 2 2 2 2 2 2 2 2 2 2 2 2 2 2 2 2 2 2 2 2 2 2 2 2 2 2 2
left_child=1 6 3 22 5 7 -1 8 11 -5 16 -4 14 -11 -3 17 -7 -6 -19 27 -21 -14 -2 26 -25 -23 -24 -20 -28 -30
right_child=2 12 4 9 15 10 -8 -9 -10 13 -12 -13 21 -15 -16 -17 -18 18 19 20 -22 25 23 24 -26 -27 28 -29 29 -31
leaf_value=-1.8277826679772506 10.168642786570958 0.15736806518807739 6.7446753181730008 21.195930509567262 -3.2378606401957004 8.2323217678070062 -0.66182966448456781 21.970885422116236 0.52344565128578857 5.811436809918181 30.219632775442946 22.675061493828185 -0.15564604640007018 15.076035263803272 1.392808902838893 14.919993597885659 21.972825368790655 15.215242662754926 4.3957475023774002 15.619742433364326 0.82872739178128541 12.843436798595247 -2.4333179006882766 12.463204054037732 3.4201172234846915 3.5424735923608148 -0.23594778269186789 -7.8073925278403538 0.79533710404477942 6.3877561282279878
leaf_weight=7091 35 4719 35 20 26 20 5456 21 51 201 28 21 40 36 2637 29 32 22 26 37 24 42 109 24 1155 42 174 22 99 129
leaf_count=7091 35 4719 35 20 26 20 5456 21 51 201 28 21 40 36 2637 29 32 22 26 37 24 42 109 24 1155 42 174 22 99 129
internal_value=-1.98869e-09 -0.572942 4.82926 3.70155 10.5021 14.0108 -1.32077 9.37753 6.90594 8.30644 21.4241 12.7186 0.681476 7.21872 0.600252 6.57837 16.688 5.03756 6.68002 4.95731 9.80033 5.49986 3.01549 2.86735 3.6042 8.19296 1.16726 -1.19736 2.14354 3.95947
internal_weight=22403 20027 2376 1982 394 208 12547 128 107 257 80 56 7480 237 7356 186 52 157 131 109 61 124 1725 1690 1179 84 511 48 402 228
internal_count=22403 20027 2376 1982 394 208 12547 128 107 257 80 56 7480 237 7356 186 52 157 131 109 61 124 1725 1690 1179 84 511 48 402 228
is_linear=0
shrinkage=0.05


Tree=15
num_leaves=31
num_cat=0
split_feature=257 22 257 96 257 192 225 253 240 254 253 248 254 58 166 43 29 204 79 79 122 257 240 113 254 253 148 122 191 239
split_gain=2.24026e+07 7.67062e+06 4.19251e+06 2.48853e+06 2.39253e+06 1.68419e+06 3.24998e+06 1.37784e+06 1.28279e+06 1.2155e+06 1.19651e+06 1.18865e+06 3.121e+06 1.16806e+06 1.64511e+06 1.65296e+06 1.75231e+06 1.54008e+06 1.34967e+06 1.40138e+06 2.37643e+06 925546 924527 880703 801583 847176 776680 769081 696661 666158
threshold=501.95671081542974 4616.5000000000009 302.05529785156256 1200.0135498046877 943.09799194335949 2261.5000000000005 1429.7500000000002 478.25000000000006 853.75000000000011 -658.24999999999989 274.25000000000006 530.50000000000011 -159.74999999999997 1029.7500000000002 992.53356933593761 2488.7500000000005 2901.5000000000005 -1988.2499999999998 -210.24999999999997 -1414.2499999999998 -1596.9999999999998 410.71250915527349 -916.24999999999989 2923.0000000000005 -388.24999999999994 142.75000000000003 -2113.2499999999995 -3593.7499999999995 -1154.7499999999998 -908.24999999999989
decision_type=2 2 2 2 2 2 2 2 2 2 2 2 2 2 2 2 2 2 2 2 2 2 2 2 2 2 2 2 2 2
left_child=2 4 -1 5 7 -3 -7 24 13 -9 21 -8 -13 17 15 -15 -17 -6 19 20 27 -4 -20 -12 28 -26 -27 -19 -2 -30
right_child=1 3 10 -5 8 6 11 9 -10 -11 23 12 -14 14 -16 16 -18 18 22 -21 -22 -23 -24 -25 25 26 -28 -29 29 -31
leaf_value=-1.7363934675681278 0.89061841948037879 6.0556180222786686 -0.79238823810090708 23.668974052555861 -2.6131336936244258 31.514765603201734 4.5534298412940082 13.973126825491589 16.660642722968401 3.7056902167569525 0.71322797953216222 27.155349539793459 1.2392663024720694 -4.0567256135940557 -4.69686822508866 23.27213363647461 4.8133345799313654 12.391333018030439 24.881652918728918 -1.308855640526974 25.728945808410646 0.34865831509012435 10.691347718238831 9.3350656445821141 -0.53273475740172649 8.1710278031618699 1.565392480434473 -0.3667440167179814 12.226942131736063 3.3978237143792058
leaf_weight=7091 326 187 5923 32 27 21 51 30 29 736 2332 26 21 25 53 20 36 21 22 33 20 2539 24 30 550 46 1364 27 22 739
leaf_count=7091 326 187 5923 32 27 21 51 30 29 736 2332 26 21 25 53 20 36 21 22 33 20 2539 24 30 550 46 1364 27 22 739
internal_value=6.16767e-09 3.15899 -0.791378 10.4021 2.56907 9.0147 13.6647 2.21216 6.60732 4.10781 -0.172281 9.83968 15.5758 5.66074 2.15202 6.63339 11.4058 8.36285 10.3789 7.14557 11.2485 -0.45002 17.478 0.822735 1.7356 1.13166 1.7809 5.21491 2.82459 3.65307
internal_weight=22403 4488 17915 338 4150 306 119 3813 337 766 10824 98 47 308 134 81 56 174 147 101 68 8462 46 2362 3047 1960 1410 48 1087 761
internal_count=22403 4488 17915 338 4150 306 119 3813 337 766 10824 98 47 308 134 81 56 174 147 101 68 8462 46 2362 3047 1960 1410 48 1087 761
is_linear=0
shrinkage=0.05


Tree=16
num_leaves=31
num_cat=0
split_feature=257 257 53 190 254 252 241 241 24 238 155 250 96 54 213 0 86 54 213 26 68 5 103 135 229 208 250 61 127 136
split_gain=2.03595e+07 6.12861e+06 5.06917e+06 2.09383e+06 1.85886e+06 2.47409e+06 1.47604e+06 2.13392e+06 1.52022e+06 1.3552e+06 1.18572e+06 1.16877e+06 1.15873e+06 966518 933206 857899 1.00159e+06 1.37816e+06 1.30916e+06 848842 719720 967583 704463 683001 656008 684619 805808 705950 817786 915638
threshold=613.32830810546886 366.47259521484381 5341.3100585937509 2096.7500000000005 -348.74999999999994 -23.249999999999996 -147.24999999999997 -871.24999999999989 3338.7500000000005 -708.74999999999989 1143.0000000000002 1480.4058837890627 252.35232543945315 486.55793762207037 3056.5000000000005 2867.7500000000005 5630.5000000000009 798.89459228515636 1231.7500000000002 705.22543334960949 417.74423217773443 460.72059631347662 943.09799194335949 -146.74999999999997 1200.0135498046877 516.10797119140636 633.87484741210949 516.10797119140636 2383.0000000000005 1622.7500000000002
decision_type=2 2 2 2 2 2 2 2 2 2 2 2 2 2 2 2 2 2 2 2 2 2 2 2 2 2 2 2 2 2
left_child=1 12 3 24 5 6 7 -4 -9 -5 13 19 -1 -3 20 -6 17 18 -17 -7 -11 -22 -8 -12 25 26 -2 -27 -29 -30
right_child=2 10 4 9 15 11 22 8 -10 14 23 -13 -14 -15 -16 16 -18 -19 -20 -21 21 -23 -24 -25 -26 27 -28 28 29 -31
leaf_value=-2.0570667023782216 1.7833990324111213 -0.20497641550122428 3.9658715724945068 19.137813269573709 0.81571364125661683 23.347172412872315 -3.3037593159182324 10.921506677355085 29.946698529379713 -3.2927623824639753 10.902372217178346 27.937254347120014 -0.95149868467756615 1.0479923541140495 14.982964712594237 -1.1067654504920499 -1.5349275713617152 18.317934968130931 12.424676602926011 10.216249768435956 16.658950723409653 5.0100206770548006 8.8940866923332216 1.6043947944562142 8.7459078398617844 0.13138503999987119 15.476413466713646 2.4609636245927513 16.422304333448409 4.8456160000246813
leaf_weight=3342 21 4624 37 23 57 20 29 21 21 22 20 28 8149 2307 28 33 22 35 39 32 20 164 20 1585 44 284 22 1217 20 117
leaf_count=3342 21 4624 37 23 57 20 29 21 21 22 20 28 8149 2307 28 33 22 35 39 32 20 164 20 1585 44 284 22 1217 20 117
internal_value=-5.48893e-09 -0.519177 4.37608 3.34638 9.55595 12.8036 8.49252 12.7211 20.4341 7.55671 0.495656 19.7013 -1.27304 0.212077 6.4184 5.92416 8.18138 10.1791 6.22277 15.2666 5.25428 6.27621 1.67495 1.72026 2.7191 2.56135 8.78913 2.39786 2.87325 6.53564
internal_weight=22403 20027 2376 1982 394 208 128 79 42 257 8536 80 11491 6931 234 186 129 107 72 52 206 184 49 1605 1725 1681 43 1638 1354 137
internal_count=22403 20027 2376 1982 394 208 128 79 42 257 8536 80 11491 6931 234 186 129 107 72 52 206 184 49 1605 1725 1681 43 1638 1354 137
is_linear=0
shrinkage=0.05


Tree=17
num_leaves=31
num_cat=0
split_feature=257 48 257 96 257 197 241 248 247 254 180 253 128 183 197 254 92 18 219 63 183 143 246 127 89 113 253 254 52 257
split_gain=1.83835e+07 6.40804e+06 3.47701e+06 2.98023e+06 2.04039e+06 1.92106e+06 1.74065e+06 1.60442e+06 1.27012e+06 1.59802e+06 1.31769e+06 978456 971498 1.68653e+06 1.5187e+06 867568 1.01182e+06 1.42734e+06 1.6306e+06 1.39426e+06 910649 985040 938034 869102 852615 778878 747684 1.19383e+06 963032 704898
threshold=501.95671081542974 4349.2382812500009 309.00860595703131 1200.0135498046877 692.68301391601574 2230.7500000000005 -154.24999999999997 1008.5000000000001 -251.74999999999997 -267.24999999999994 754.08599853515636 274.25000000000006 1977.0000000000002 1873.0000000000002 1171.7500000000002 -815.74999999999989 1360.5000000000002 3717.7900390625005 -685.74999999999989 -2205.2499999999995 2575.5000000000005 1935.7500000000002 587.25000000000011 2693.2500000000005 715.72747802734386 2923.0000000000005 127.75000000000001 -762.99999999999989 -619.74999999999989 410.71250915527349
decision_type=2 2 2 2 2 2 2 2 2 2 2 2 2 2 2 2 2 2 2 2 2 2 2 2 2 2 2 2 2 2
left_child=2 4 -1 5 26 12 -7 15 -8 -10 -11 29 -3 14 -14 16 19 -18 -19 -6 21 23 -22 -17 -9 -13 -2 28 -28 -4
right_child=1 3 11 -5 7 6 8 24 9 10 -12 25 13 -15 -16 20 17 18 -20 -21 22 -23 -24 -25 -26 -27 27 -29 -30 -31
leaf_value=-1.526631653629019 0.35792394044280751 -0.045687005076652923 -0.69808763831319642 22.578399991989137 12.614519395147052 23.321194648742676 1.7025302516786678 20.930250084400178 20.892887932913645 15.757337143110192 -0.52870443132188594 0.68745881165006928 6.0681294847811973 -0.67925365277699068 23.855636469523112 2.9573620652331707 4.4304051109524663 27.241660216308777 7.537911237989154 -0.73137013508723336 15.394402383935864 -1.6163187617972747 4.0910103300809864 11.779342056142873 7.3095787478817842 8.7972105765342725 18.157228815555573 1.9186297069748708 4.3300787869621731 0.31008546150554683
leaf_weight=7619 855 78 5467 38 28 27 38 20 35 23 27 2260 28 35 21 748 43 21 21 65 29 118 50 29 27 30 20 2030 34 2539
leaf_count=7619 855 78 5467 38 28 27 38 20 35 23 27 2260 28 35 21 748 43 21 21 65 29 118 50 29 27 30 20 2030 34 2539
internal_value=-6.56414e-09 2.86162 -0.716884 9.35795 2.31215 7.74776 11.8251 4.05044 9.30155 12.6988 6.96287 -0.117673 3.97246 7.7036 13.6913 3.681 6.89071 10.8339 17.3898 3.28675 3.09443 2.6402 8.24036 3.28663 13.1056 0.7937 1.603 2.11381 9.45125 -0.378358
internal_weight=22403 4488 17915 350 4138 312 150 1199 123 85 50 10296 162 84 49 1152 178 85 42 93 974 895 79 777 47 2290 2939 2084 54 8006
internal_count=22403 4488 17915 350 4138 312 150 1199 123 85 50 10296 162 84 49 1152 178 85 42 93 974 895 79 777 47 2290 2939 2084 54 8006
is_linear=0
shrinkage=0.05


Tree=18
num_leaves=31
num_cat=0
split_feature=257 257 53 223 135 54 5 26 257 172 6 225 164 51 204 248 106 207 141 218 239 253 224 248 132 174 166 175 215 141
split_gain=1.6658e+07 5.02832e+06 4.25188e+06 1.76666e+06 1.65491e+06 1.86953e+06 4.50849e+06 1.63292e+06 1.52662e+06 1.4937e+06 2.15531e+06 1.21108e+06 2.02996e+06 1.44421e+06 1.43905e+06 1.15681e+06 1.03287e+06 1.64956e+06 1.26594e+06 834079 793106 778495 704113 697797 990951 1.12907e+06 1.05506e+06 1.05301e+06 1.06373e+06 1.04981e+06
threshold=613.32830810546886 406.54446411132818 5341.3100585937509 1421.9373168945315 3173.7500000000005 798.89459228515636 1200.0135498046877 739.54895019531261 290.11676025390631 4624.6074218750009 2909.746948242188 909.25000000000011 2030.0000000000002 3397.0000000000005 3072.2500000000005 425.25000000000006 4177.2500000000009 5544.1450195312509 1150.7500000000002 1881.2500000000002 1464.7500000000002 120.25000000000001 1636.7500000000002 -340.74999999999994 -2299.7556152343745 -3178.6958007812495 992.53356933593761 -1517.2499999999998 899.23205566406261 -1234.2499999999998
decision_type=2 2 2 2 2 2 2 2 2 2 2 2 2 2 2 2 2 2 2 2 2 2 2 2 2 2 2 2 2 2
left_child=1 8 3 22 9 7 -7 -6 -1 10 -4 12 13 -5 -13 -16 17 20 -19 -3 -11 -10 23 24 25 -2 27 -26 29 -29
right_child=2 19 4 11 5 6 -8 -9 21 16 -12 14 -14 -15 15 -17 -18 18 -20 -21 -22 -23 -24 -25 26 -27 -28 28 -30 -31
leaf_value=-1.5722049542295329 0.91818397158668152 0.6589136632042103 3.6014689839404563 25.176505496584138 13.441580638885497 36.645581690470379 6.5932494302781741 -3.729114951491356 -1.0720075013740782 5.7957000071803728 24.810042129516603 2.4703200803103824 4.0252123832702642 7.9593735558646062 4.644359752337138 18.910142464107938 -2.701583827266822 5.8541042503714564 23.054220398612646 4.8359346721260277 -3.1755432897998439 -0.070288359892755767 9.7529198300453928 1.5100267394022509 -2.1360396214600268 15.583139743804933 -4.2277911816702947 14.885542899654025 14.710161131399651 3.1630925645477963
leaf_weight=6211 21 5862 23 29 45 24 26 20 3536 120 25 216 55 21 30 27 37 20 23 122 31 4296 31 1155 58 35 45 21 27 211
leaf_count=6211 21 5862 23 29 45 24 26 20 3536 120 25 216 55 21 30 27 37 20 23 122 31 4296 31 1155 58 35 45 21 27 211
internal_value=-1.92223e-09 -0.469616 3.95834 3.01529 8.7023 13.7496 21.0184 8.15829 -0.986794 6.62186 14.6476 6.09033 10.6538 17.9453 4.33514 11.4018 4.95417 6.41429 15.0542 0.744074 3.95392 -0.522546 2.29062 2.14356 3.8941 10.0838 2.93658 3.95361 5.31731 4.22418
internal_weight=22403 20027 2376 1982 394 115 50 65 14043 279 48 378 105 50 273 57 231 194 43 5984 151 7832 1604 1573 418 56 362 317 259 232
internal_count=22403 20027 2376 1982 394 115 50 65 14043 279 48 378 105 50 273 57 231 194 43 5984 151 7832 1604 1573 418 56 362 317 259 232
is_linear=0
shrinkage=0.05


Tree=19
num_leaves=31
num_cat=0
split_feature=257 22 257 247 96 257 254 18 121 39 254 254 141 8 93 100 253 226 254 240 253 218 220 178 204 113 253 227 227 75
split_gain=1.5112e+07 5.32421e+06 2.84525e+06 1.89784e+06 1.87385e+06 1.42046e+06 1.38218e+06 1.26091e+06 1.58068e+06 1.09799e+06 1.09787e+06 1.28839e+06 1.3711e+06 1.10121e+06 1.01818e+06 1.17703e+06 906301 870121 860423 1.29763e+06 776105 1.23743e+06 1.0906e+06 749882 705602 697499 693741 685674 988651 1.10779e+06
threshold=501.95671081542974 4616.5000000000009 302.05529785156256 739.75000000000011 1200.0135498046877 776.22653198242199 -1324.9999999999998 5532.6374511718759 326.25000000000006 5746.4899902343759 -876.99999999999989 -276.24999999999994 5256.5000000000009 5146.0000000000009 3024.0000000000005 2002.2500000000002 274.25000000000006 -777.24999999999989 -815.74999999999989 -361.24999999999994 121.75000000000001 70.250000000000014 -1313.2499999999998 767.75000000000011 1776.0000000000002 2923.0000000000005 127.75000000000001 1437.0000000000002 921.25000000000011 776.22653198242199
decision_type=2 2 2 2 2 2 2 2 2 2 2 2 2 2 2 2 2 2 2 2 2 2 2 2 2 2 2 2 2 2
left_child=2 3 -1 7 6 24 -3 18 9 -9 -8 12 13 -12 15 -13 -4 -11 19 20 23 22 -22 -2 -5 -18 -20 28 29 -10
right_child=1 4 16 5 -6 -7 10 8 27 17 11 14 -14 -15 -16 -17 25 -19 26 -21 21 -23 -24 -25 -26 -27 -28 -29 -30 -31
leaf_value=-1.428480235374626 -1.5160490223404135 19.212540896042537 -0.38168193937155304 -1.4348545715212824 20.141345429420472 19.007880052813778 -3.1222919243353386 21.175262314932688 -2.6004208790628538 12.963946628011763 16.722857568798396 2.4842282271385194 22.344373835688053 4.9187849813891997 1.6488996344454148 19.6381870880723 0.62856802921919919 0.046685565601695671 0.37973546726230278 12.68481524979196 3.8347547638800834 -1.9037730375925701 17.097635373761577 8.6893557705662481 9.9064595393836505 8.3014189275105803 1.9508450825696528 -3.4764533556572026 12.557330481759434 7.6517669463644227
leaf_weight=7091 99 23 8462 24 32 27 27 21 57 32 29 20 23 62 102 20 2332 22 962 41 31 30 31 22 32 30 2606 35 29 49
leaf_count=7091 99 23 8462 24 32 27 27 21 57 32 29 20 23 62 102 20 2332 22 962 41 31 30 31 22 32 30 2606 35 29 49
internal_value=1.62322e-08 2.59454 -0.649974 2.10306 8.62898 9.58775 7.42507 1.95031 5.42756 11.4741 6.46708 7.47845 11.4373 8.68052 4.30025 11.0612 -0.13996 7.70136 1.72741 4.53915 2.97121 6.43251 10.4662 0.339479 5.0459 0.726022 1.52724 2.76 4.37685 2.1388
internal_weight=22403 4488 17915 4150 338 83 306 4067 245 75 283 256 114 91 142 40 10824 54 3822 254 213 92 62 121 56 2362 3568 170 135 106
internal_count=22403 4488 17915 4150 338 83 306 4067 245 75 283 256 114 91 142 40 10824 54 3822 254 213 92 62 121 56 2362 3568 170 135 106
is_linear=0
shrinkage=0.05


Tree=20
num_leaves=31
num_cat=0
split_feature=257 257 127 124 254 47 210 222 98 2 252 254 212 241 201 210 246 125 188 113 113 211 231 170 253 220 253 220 87 87
split_gain=1.37071e+07 4.167e+06 3.48017e+06 2.87655e+06 2.14357e+06 1.43261e+06 1.02355e+06 887628 894188 862476 936874 1.0192e+06 1.00876e+06 1.5176e+06 1.1718e+06 1.08637e+06 892884 848974 1.76458e+06 962378 889897 824442 773242 769940 709187 694919 1.17527e+06 932631 739837 1.31956e+06
threshold=613.32830810546886 414.41207885742193 2383.0000000000005 1200.0135498046877 -1324.9999999999998 277.19515991210943 1012.2500000000001 523.14776611328136 -2170.2499999999995 91.250000000000014 775.75000000000011 -267.24999999999994 883.25000000000011 877.50000000000011 544.70681762695324 1421.2500000000002 -284.24999999999994 -3105.803588867187 -2119.6022949218745 -2738.2499999999995 -2277.7499999999995 1273.2500000000002 1786.2500000000002 -764.74999999999989 120.25000000000001 -17.749999999999996 631.25000000000011 -724.24999999999989 -868.24999999999989 -753.74999999999989
decision_type=2 2 2 2 2 2 2 2 2 2 2 2 2 2 2 2 2 2 2 2 2 2 2 2 2 2 2 2 2 2
left_child=1 5 6 4 -4 -1 7 -2 17 -6 12 -12 13 15 -14 16 -11 19 20 -9 -19 -8 -3 -23 -7 26 28 -28 -10 -30
right_child=2 22 3 -5 9 24 21 8 25 10 11 -13 14 -15 -16 -17 -18 18 -20 -21 -22 23 -24 -25 -26 -27 27 -29 29 -31
leaf_value=-1.5406552751177864 12.153679207393102 0.68937767430270469 19.011461550394696 20.763470301968709 14.550660141309104 -0.95528672850756424 14.321777376921283 -2.9835592431681501 -1.0205585483215787 12.703141931692761 17.458924797603064 5.8429558116814189 10.178158582490067 18.158438422628073 -0.81937667666649328 15.2839272369038 2.4680425867438318 21.534369979858401 3.2259168951134933 8.8147942352294919 7.3842179369926457 12.767652647018433 7.6663999998569494 3.526471494899567 -0.082481135539618153 -0.28405147424313876 15.498686967577255 3.4038011602453282 12.409233782067895 1.9366306255235077
leaf_weight=5160 21 5504 30 35 24 4484 23 56 197 24 28 58 29 23 147 22 190 25 95 25 20 25 40 229 4839 452 28 37 32 501
leaf_count=5160 21 5504 30 35 24 4484 23 56 197 24 28 58 29 23 147 22 190 25 95 25 20 25 40 229 4839 452 28 37 32 501
internal_value=-1.36373e-09 -0.425996 3.59067 6.84661 5.9995 -0.872224 2.46602 1.94683 1.80082 5.28325 4.85634 9.6249 3.91359 5.89843 0.992717 4.7036 3.6159 4.73211 7.08933 0.657908 15.2454 5.25687 0.739717 4.43604 -0.502267 1.28132 2.17132 8.61391 1.59767 2.56538
internal_weight=22403 20027 2376 610 575 14483 1766 1489 1468 545 521 86 435 259 176 236 214 221 140 81 45 277 5544 254 9323 1247 795 65 730 533
internal_count=22403 20027 2376 610 575 14483 1766 1489 1468 545 521 86 435 259 176 236 214 221 140 81 45 277 5544 254 9323 1247 795 65 730 533
is_linear=0
shrinkage=0.05


Tree=21
num_leaves=31
num_cat=0
split_feature=257 48 96 138 257 197 220 212 248 150 181 246 222 128 183 197 89 254 58 38 141 254 92 18 219 56 141 183 143 246
split_gain=1.24408e+07 4.7341e+06 2.33412e+06 2.11131e+06 1.5876e+06 1.56396e+06 1.57776e+06 1.2499e+06 1.17369e+06 983448 861617 839665 824076 793320 1.49962e+06 1.29802e+06 733921 727890 927155 1.32521e+06 667360 654842 864322 1.23302e+06 1.38888e+06 1.21701e+06 763716 734045 930447 816349
threshold=481.38352966308599 4349.2382812500009 1200.0135498046877 334.30892944335943 692.68301391601574 2230.7500000000005 1200.2500000000002 2710.5000000000005 1008.5000000000001 2700.2500000000005 1640.915954589844 798.00000000000011 396.34111022949224 1977.0000000000002 1873.0000000000002 1171.7500000000002 715.72747802734386 -365.24999999999994 2656.5000000000005 3212.5000000000005 926.25000000000011 -815.74999999999989 1360.5000000000002 3717.7900390625005 -685.74999999999989 1.0000000180025095e-35 -2179.7499999999995 2575.5000000000005 1935.7500000000002 577.25000000000011
decision_type=2 2 2 2 2 2 2 2 2 2 2 2 2 2 2 2 2 2 2 2 2 2 2 2 2 2 2 2 2 2
left_child=3 4 5 -1 12 13 -7 9 21 -8 -5 -12 -2 20 15 -15 -10 18 -14 -20 -3 22 25 -24 -25 26 -6 28 -23 -29
right_child=1 2 -4 10 8 6 7 -9 16 -11 11 -13 17 14 -16 -17 -18 -19 19 -21 -22 27 23 24 -26 -27 -28 29 -30 -31
leaf_value=-1.1539629882718441 6.8929805150107732 5.0136279775250348 19.481241243763975 -0.12501726068562599 -0.13864744034680454 19.330433427265714 13.360401073694229 15.087029598781042 18.333794651031493 0.55774451176325479 1.8161270661354068 10.855449806490252 1.9116425829256185 4.9202143645712306 -1.5830895205906461 21.364662061702639 5.6967165028607409 0.66453780349766256 17.715973033075748 1.3835041293391477 -4.4371516440777077 2.7241865167075452 3.4947114645048631 24.632103038969497 6.4473054728337704 -4.5657062401642667 11.817169622989262 13.983452204295569 -2.0409547746181489 3.3577543777578018
leaf_weight=9272 63 31 38 7846 22 35 20 35 20 60 150 31 954 28 35 21 27 2488 23 27 47 777 43 21 21 37 34 28 118 51
leaf_count=9272 63 31 38 7846 22 35 20 35 20 60 150 31 954 28 35 21 27 2488 23 27 47 777 43 21 21 37 34 28 118 51
internal_value=-1.433e-09 2.16918 7.78132 -0.640008 1.756 6.35633 10.0352 7.20625 3.32933 3.75841 -0.046337 3.3643 1.22536 2.94995 6.32162 11.9678 11.0742 1.12311 2.25949 8.89644 -0.681073 3.01335 5.80192 9.44635 15.5397 2.47099 7.12024 2.50374 2.09593 7.12382
internal_weight=22403 5104 350 17299 4754 312 150 115 1199 80 8027 181 3555 162 84 49 47 3492 1004 50 78 1152 178 85 42 93 56 974 895 79
internal_count=22403 5104 350 17299 4754 312 150 115 1199 80 8027 181 3555 162 84 49 47 3492 1004 50 78 1152 178 85 42 93 56 974 895 79
is_linear=0
shrinkage=0.05


Tree=22
num_leaves=31
num_cat=0
split_feature=257 257 257 212 204 234 226 57 253 162 212 241 240 108 246 226 232 253 127 120 177 236 98 247 0 176 198 206 82 241
split_gain=1.12719e+07 3.65256e+06 2.59957e+06 1.77942e+06 1.66932e+06 1.22555e+06 1.02962e+06 2.06011e+06 1.00077e+06 880345 820690 1.51678e+06 2.26259e+06 1.14334e+06 1.02793e+06 959627 1.50804e+06 814318 668648 1.80131e+06 1.18087e+06 900673 813149 887730 722563 714417 705948 1.40348e+06 763544 824581
threshold=539.71261596679699 1039.6253662109377 332.61575317382818 2710.5000000000005 975.75000000000011 -707.24999999999989 1481.5000000000002 6833.0000000000009 232.25000000000003 1015.2500000000001 -2107.4999999999995 -190.74999999999997 -845.24999999999989 1748.7500000000002 159.25000000000003 -777.24999999999989 1236.0000000000002 1551.5000000000002 1363.7500000000002 1395.2500000000002 23.750000000000004 650.02038574218761 2202.2500000000005 345.50000000000006 1517.2500000000002 2270.2500000000005 1290.0000000000002 806.75000000000011 452.46113586425787 345.25000000000006
decision_type=2 2 2 2 2 2 2 2 2 2 2 2 2 2 2 2 2 2 2 2 2 2 2 2 2 2 2 2 2 2
left_child=2 4 -1 6 -2 8 7 10 -6 -4 13 -12 -13 14 -3 -14 -17 18 -7 21 -21 -20 23 -22 -24 -25 27 -26 29 -28
right_child=1 3 9 -5 5 17 -8 -9 -10 -11 11 12 15 -15 -16 16 -18 -19 19 20 22 -23 24 25 26 -27 28 -29 -30 -31
leaf_value=-1.0861231711275412 1.27696405471566 10.380337250933929 -0.13176607893353501 18.451129427823155 20.105911402702333 1.1915275168065962 -3.08682077549122 18.498982700620381 5.2289241057175859 1.1341715326280455 1.2375380920711905 25.678364508492606 15.951712759017946 -9.0369788742065431 -3.3059835185175359 -3.4576654665172102 11.274234194504588 12.852968453277242 7.4354304992235631 11.950085130897728 -1.3900611234282305 21.548806829452516 10.827102656944378 12.415543289979299 9.2052295264075781 -0.21252626805078415 -6.576834125104158 -2.7008123665065558 7.7741974169466674 5.3044386076927186
leaf_weight=9291 2245 34 7839 33 20 304 27 35 26 1665 64 21 25 20 23 32 38 22 26 37 167 20 37 24 34 21 23 91 119 40
leaf_count=9291 2245 34 7839 33 20 304 27 35 26 1665 64 21 25 20 23 32 38 22 26 37 167 20 37 24 34 21 23 91 119 40
internal_value=1.03425e-08 2.55978 -0.491391 7.39823 2.0367 3.72377 6.25483 7.11861 11.6972 0.0900128 5.56876 7.41676 10.826 1.24876 4.85779 7.54283 4.53965 3.34369 3.12184 4.04017 3.30079 13.5717 2.72521 0.28948 4.2263 6.52244 3.43076 0.537631 5.4178 0.966831
internal_weight=22403 3608 18795 352 3256 1011 319 292 46 9504 257 180 116 77 57 95 70 965 943 639 593 46 556 212 344 45 307 125 182 63
internal_count=22403 3608 18795 352 3256 1011 319 292 46 9504 257 180 116 77 57 95 70 965 943 639 593 46 556 212 344 45 307 125 182 63
is_linear=0
shrinkage=0.05


Tree=23
num_leaves=31
num_cat=0
split_feature=257 48 96 257 197 241 254 253 247 208 254 253 233 122 212 141 197 253 250 240 185 134 171 23 3 219 113 59 96 231
split_gain=1.02357e+07 3.90217e+06 2.05586e+06 1.77586e+06 1.36194e+06 1.42052e+06 1.32703e+06 1.18558e+06 1.05264e+06 1.23474e+06 1.11922e+06 997076 1.05052e+06 897940 1.34122e+06 952206 904067 740372 723571 1.0395e+06 680980 1.2682e+06 1.1687e+06 610841 569056 623777 566084 867042 549372 515612
threshold=481.38352966308599 4349.2382812500009 1200.0135498046877 302.05529785156256 2230.7500000000005 -154.24999999999997 -815.74999999999989 60.250000000000007 -251.74999999999997 754.08599853515636 -267.24999999999994 486.75000000000006 -1340.7499999999998 544.75000000000011 -1321.2499999999998 -833.99999999999989 -898.24999999999989 120.25000000000001 1109.719909667969 -749.74999999999989 1576.0000000000002 2869.7500000000005 928.75000000000011 3663.7500000000005 2616.2500000000005 -148.74999999999997 2923.0000000000005 2907.0000000000005 400.53614807128912 -1400.2499999999998
decision_type=2 2 2 2 2 2 2 2 2 2 2 2 2 2 2 2 2 2 2 2 2 2 2 2 2 2 2 2 2 2
left_child=3 6 4 -1 20 -6 7 -2 -7 -10 -11 18 -13 15 -15 16 -9 28 29 -20 21 -3 -23 -14 25 -16 -19 -28 -5 -8
right_child=1 2 -4 17 5 8 11 13 9 10 -12 12 23 14 24 -17 -18 26 19 -21 -22 22 -24 -25 -26 -27 27 -29 -30 -31
leaf_value=-1.188353676414095 -0.052899607552422429 0.12032178572246006 18.043218539890489 -1.1172701635350721 19.543820516709928 -0.039091956615448002 -2.3801591294744742 3.5265837468599019 17.002170626322428 13.531850914728075 -1.7381020273481096 10.292425855000815 2.1713534842469158 21.431166812351773 5.8018939869744441 -1.0172461760044098 16.453499169576737 0.16075000000311049 15.03334799679843 -0.51900597526913594 -2.9328864446708138 1.563313522792998 17.051384327329441 8.5738497465084773 2.1937366211053098 17.201608875819616 13.490314333438874 -1.2324747896194459 0.049886432287367916 1.0244128491295452
leaf_weight=7091 90 70 38 2592 27 38 115 38 36 21 28 45 832 21 28 55 21 5926 22 21 42 21 29 39 33 21 20 20 1650 3373
leaf_count=7091 90 70 38 2592 27 38 115 38 36 21 28 45 832 21 28 55 21 5926 22 21 42 21 29 39 33 21 20 20 1650 3373
internal_value=-7.71964e-09 1.96758 7.0628 -0.580525 5.72544 9.15852 1.59245 4.77185 6.87882 9.97153 4.80616 1.37296 2.84291 6.7729 10.1566 3.71566 8.12769 -0.158296 0.991634 7.43801 2.54667 4.46452 10.5464 2.45803 7.26927 10.6875 0.200765 6.12892 -0.663284 0.912163
internal_weight=22403 5104 350 17299 312 150 4754 307 123 85 49 4447 916 217 103 114 59 10208 3531 43 162 120 50 871 82 49 5966 40 4242 3488
internal_count=22403 5104 350 17299 312 150 4754 307 123 85 49 4447 916 217 103 114 59 10208 3531 43 162 120 50 871 82 49 5966 40 4242 3488
is_linear=0
shrinkage=0.05


Tree=24
num_leaves=31
num_cat=0
split_feature=257 257 53 204 205 47 68 61 247 247 248 254 245 248 166 204 26 233 2 238 75 10 129 210 183 79 147 24 143 12
split_gain=9.2834e+06 2.87659e+06 2.56496e+06 1.1745e+06 1.21774e+06 1.07892e+06 1.0778e+06 2.04478e+06 1.17904e+06 2.33032e+06 1.10697e+06 1.38277e+06 834382 1.27439e+06 819852 761512 880436 726026 669112 655852 1.267e+06 737696 1.43764e+06 655367 677640 639141 930317 622374 644971 620422
threshold=613.32830810546886 414.41207885742193 5341.3100585937509 1054.7500000000002 -20.749999999999996 277.19515991210943 823.87695312500011 899.23205566406261 -1466.7499999999998 -771.74999999999989 437.50000000000006 -167.74999999999997 -48.249999999999993 772.00000000000011 798.89459228515636 3072.2500000000005 569.05575561523449 -704.74999999999989 2823.0000000000005 -489.24999999999994 626.69149780273449 -250.74999999999997 1242.2500000000002 2046.5000000000002 813.25000000000011 2600.5000000000005 1568.5000000000002 2678.2500000000005 64.250000000000014 640.96713256835949
decision_type=2 2 2 2 2 2 2 2 2 2 2 2 2 2 2 2 2 2 2 2 2 2 2 2 2 2 2 2 2 2
left_child=1 5 3 -2 -5 -1 10 -8 -9 -10 14 -12 -11 23 17 19 -17 -4 -7 20 -6 22 -21 24 -14 27 -27 28 -3 -16
right_child=2 25 6 4 15 18 7 8 9 12 11 -13 13 -15 29 16 -18 -19 -20 21 -22 -23 -24 -25 -26 26 -28 -29 -30 -31
leaf_value=-1.3014116002761311 1.4339356048411576 0.15613145493022684 13.314744210243227 15.130798490842185 16.738972719510397 -0.42267387706210996 23.068942038218182 -2.3273295310827402 23.409830959637961 14.381622223059336 16.197062061892616 2.432773300119349 -2.8523455476760868 13.803191325975503 4.5009772391546345 4.1216662987282406 16.354225128764906 2.216764992262636 7.6096112049542945 3.1935674426167511 1.2082347042473227 1.2259856300270104 18.076313648223877 -7.4296461749076848 10.163418102264405 10.669761995367104 1.6601787117757199 -2.4261312046836565 1.2865966084723384 -5.9838082036306695
leaf_weight=5160 1396 3060 20 24 24 9297 24 26 24 24 36 37 20 23 21 38 24 56 26 86 29 341 20 20 20 37 127 173 2147 43
leaf_count=5160 1396 3060 20 24 24 9297 24 26 24 24 36 37 20 23 21 38 24 56 26 86 29 341 20 20 20 37 127 173 2147 43
internal_value=-6.19365e-09 -0.350579 2.95499 2.22253 4.10115 -0.721331 6.63959 9.47647 7.39864 9.32898 4.22891 9.22064 6.17066 3.79641 1.62607 3.63013 8.85685 5.13729 -0.400273 2.98202 8.24102 2.35847 6.00163 -0.0395245 3.65554 0.617963 3.69283 0.524231 0.622256 -2.54349
internal_weight=22403 20027 2376 1982 586 14483 394 181 157 131 213 73 107 83 140 562 62 76 9323 500 53 447 106 60 40 5544 164 5380 5207 64
internal_count=22403 20027 2376 1982 586 14483 394 181 157 131 213 73 107 83 140 562 62 76 9323 500 53 447 106 60 40 5544 164 5380 5207 64
is_linear=0
shrinkage=0.05


Tree=25
num_leaves=31
num_cat=0
split_feature=257 22 47 247 96 257 254 254 254 233 247 156 164 253 11 207 226 248 31 253 113 254 143 79 159 47 106 201 171 108
split_gain=8.40976e+06 3.27241e+06 1.53718e+06 1.34361e+06 1.18576e+06 1.10446e+06 975142 937030 996305 1.16064e+06 1.63512e+06 1.13141e+06 967269 934444 867715 1.95927e+06 839427 1.45313e+06 825865 821475 640555 593705 641978 992574 576756 759825 867275 757001 588392 692126
threshold=481.38352966308599 4616.5000000000009 374.10191345214849 739.75000000000011 1200.0135498046877 776.22653198242199 -388.24999999999994 -1324.9999999999998 -876.99999999999989 150.25000000000003 -28.749999999999996 466.25000000000006 2228.7500000000005 142.75000000000003 5587.8076171875009 4081.5500488281255 1695.7500000000002 624.75000000000011 1467.2500000000002 224.25000000000003 2923.0000000000005 -400.24999999999994 -3393.4999999999995 -3728.7499999999995 346.96633911132818 535.61007690429699 3561.7500000000005 454.55718994140631 2918.0000000000005 3227.2500000000005
decision_type=2 2 2 2 2 2 2 2 2 2 2 2 2 2 2 2 2 2 2 2 2 2 2 2 2 2 2 2 2 2
left_child=2 3 19 6 7 -5 14 -3 -9 10 11 -10 -13 -8 21 -16 -11 -18 -17 -1 -21 22 -2 -24 -15 26 -26 -27 29 -29
right_child=1 4 -4 5 -6 -7 13 8 9 16 -12 12 -14 24 15 18 17 -19 -20 20 -22 -23 23 -25 25 27 -28 28 -30 -31
leaf_value=-1.0638120652934449 -4.952643830635969 15.28530442611031 0.14720161173252963 3.8062352131989048 15.695460173487664 16.015383444892034 -0.77416967705680928 -4.3439733721591809 -0.63385203977425897 -0.23479761528165155 20.245927754154913 19.182588904244561 5.2845097938852925 6.3571408250115136 17.090665638446808 9.6782142887115494 0.31759953252200424 17.146675789874532 -1.4897046515528036 -0.099841744134374952 7.3789688899599275 6.7601837418973449 9.9684353470802307 1.76425780793019 -0.19833585466322559 10.898578147266223 7.5063165589382779 1.7865608539373494 9.689108268074369 -6.0177528184035731
leaf_weight=9334 34 23 5688 59 32 27 699 27 36 89 27 21 31 55 32 25 29 23 49 2248 29 64 38 1236 941 23 38 1394 23 29
leaf_count=9334 34 23 5688 59 32 27 699 27 36 89 27 21 31 55 32 25 29 23 49 2248 29 64 38 1236 941 23 38 1394 23 29
internal_value=3.67942e-09 1.78346 -0.526203 1.44631 6.53755 7.63934 1.3325 5.57986 4.79108 5.75454 9.4824 6.17995 10.8972 0.842152 2.39482 6.75341 2.71409 7.76123 2.28324 -0.856091 -0.00459119 2.05808 1.82801 2.00897 1.29353 1.17977 0.100721 1.89889 1.75574 1.62751
internal_weight=22403 5104 17299 4766 338 86 4680 306 283 256 115 88 52 3202 1478 106 141 52 74 11611 2277 1372 1308 1274 2503 2448 979 1469 1446 1423
internal_count=22403 5104 17299 4766 338 86 4680 306 283 256 115 88 52 3202 1478 106 141 52 74 11611 2277 1372 1308 1274 2503 2448 979 1469 1446 1423
is_linear=0
shrinkage=0.05


Tree=26
num_leaves=31
num_cat=0
split_feature=257 67 138 135 217 252 238 172 198 254 253 68 252 254 227 177 206 235 169 245 257 211 33 102 96 152 128 185 191 252
split_gain=7.60679e+06 2.61977e+06 1.77827e+06 1.6407e+06 1.42401e+06 1.26811e+06 1.2241e+06 1.44777e+06 1.14822e+06 969837 1.09043e+06 960168 865284 946250 840578 818235 1.71285e+06 1.29933e+06 1.08845e+06 704729 715348 801103 660027 577723 613820 1.31645e+06 671002 782910 665434 573732
threshold=528.01879882812511 5008.1950683593759 334.30892944335943 3173.7500000000005 759.25000000000011 -238.24999999999997 -830.99999999999989 4914.4101562500009 1164.7500000000002 -348.74999999999994 869.25000000000011 359.43569946289068 775.75000000000011 -238.74999999999997 -346.74999999999994 893.75000000000011 788.00000000000011 4737.3823242187509 3297.5000000000005 392.25000000000006 499.16854858398443 442.75000000000006 285.68452453613287 4359.8051757812509 675.23397827148449 601.03665161132824 2960.7500000000005 2676.7500000000005 1630.0000000000002 -580.74999999999989
decision_type=2 2 2 2 2 2 2 2 2 2 2 2 2 2 2 2 2 2 2 2 2 2 2 2 2 2 2 2 2 2
left_child=2 8 -1 6 -5 -6 7 -3 29 -7 -11 -10 14 -14 -13 16 -8 -18 -17 -4 22 -22 -21 24 25 26 27 -16 -26 -2
right_child=1 3 19 4 5 9 15 -9 11 10 -12 12 13 -15 23 18 17 -19 -20 20 21 -23 -24 -25 28 -27 -28 -29 -30 -31
leaf_value=-0.90781468647608576 3.3348971398953084 20.874070276532855 -0.078151474536111556 20.604298811692459 -2.3038428344726563 17.372640889137983 1.1319287651666889 4.0802093375812882 -5.5939192295074465 -2.1456458741968332 12.509765196641288 13.636536712646484 19.231890511512759 5.368017783761025 5.3516936814647984 -2.3871085957444018 18.088281238780304 3.0725309109687808 8.1316793503299838 9.8327477121353155 12.096876883506775 2.5479259217657697 0.6416026319570407 -3.7878369688987732 3.1105442000759975 -4.1324003943375187 12.207334265800624 -5.4047468775794627 12.940208458177972 0.95723973993367728
leaf_weight=9325 280 21 8238 26 25 32 108 33 24 22 30 20 20 32 87 119 34 25 31 20 30 82 836 28 36 56 26 21 33 2703
leaf_count=9325 280 21 8238 26 25 32 108 33 24 22 30 20 20 32 87 119 34 25 31 20 30 82 836 28 36 56 26 21 33 2703
internal_value=1.87401e-09 2.01558 -0.421149 5.36998 10.0898 7.58181 3.65251 10.6112 1.51132 10.524 6.3094 4.08854 4.73584 10.7003 3.72558 2.46713 4.87463 11.7257 -0.213226 0.0718074 1.34801 5.10568 0.856349 3.03492 3.77251 2.30565 4.99618 3.26016 7.81169 1.18042
internal_weight=22403 3872 18531 506 135 109 371 54 3366 84 52 383 359 52 307 317 167 59 150 9206 968 112 856 287 259 190 134 108 69 2983
internal_count=22403 3872 18531 506 135 109 371 54 3366 84 52 383 359 52 307 317 167 59 150 9206 968 112 856 287 259 190 134 108 69 2983
is_linear=0
shrinkage=0.05


Tree=27
num_leaves=31
num_cat=0
split_feature=257 257 127 124 254 131 96 248 252 212 54 131 154 210 211 222 220 96 173 225 159 61 229 141 181 195 2 197 257 250
split_gain=6.90665e+06 2.21223e+06 2.04127e+06 2.02355e+06 1.47477e+06 788744 736861 734792 1.22743e+06 943494 897228 938604 700401 693648 763167 750811 752870 728424 700556 997005 1.13423e+06 961323 814176 859039 781180 941673 708550 1.18314e+06 686846 676746
threshold=613.32830810546886 366.47259521484381 2383.0000000000005 1200.0135498046877 -1324.9999999999998 1109.719909667969 1039.6253662109377 45.250000000000007 -84.749999999999986 -767.24999999999989 798.89459228515636 798.89459228515636 916.25000000000011 1012.2500000000001 1273.2500000000002 523.14776611328136 -17.749999999999996 606.76919555664074 739.54895019531261 379.25000000000006 715.72747802734386 666.45263671875011 1200.0135498046877 -920.74999999999989 616.95877075195324 774.19308471679699 1076.7500000000002 254.25000000000003 246.40652465820315 626.69149780273449
decision_type=2 2 2 2 2 2 2 2 2 2 2 2 2 2 2 2 2 2 2 2 2 2 2 2 2 2 2 2 2 2
left_child=1 28 13 4 -4 6 7 8 9 -6 -9 -12 -3 15 -15 -2 17 -17 19 20 26 -22 24 -24 -20 -26 29 -28 -1 -19
right_child=2 12 3 -5 5 -7 -8 10 -10 -11 11 -13 -14 14 -16 16 -18 18 22 -21 21 -23 23 -25 25 -27 27 -29 -30 -31
leaf_value=-1.4018601653904155 10.647384250731697 0.086291021913560473 15.124738915761313 16.714850069454737 11.985507876784714 -4.7605891280449359 11.769834225972495 4.1219123360297329 -5.884312936464946 1.7273495968544124 4.4321337949145923 18.877956025496772 1.2353659507309187 12.706487705396569 3.1952085317009842 -0.43276746881453332 -0.43548942028062615 8.6251543005307507 -0.73650887044220625 15.284964398741721 1.2979603507302024 14.253984375697812 11.918214351289414 -0.59331805913344682 14.388370516300203 1.3035209330645474 13.793051403760911 -1.6809276944115048 -0.52419108561910244 -0.36084000431678515
leaf_weight=3026 21 6894 30 35 27 26 30 240 45 132 22 23 1642 23 254 241 506 24 277 20 22 41 34 23 20 44 30 21 8465 165
leaf_count=3026 21 6894 30 35 27 26 30 240 45 132 22 23 1642 23 254 241 506 24 277 20 22 41 34 23 20 44 30 21 8465 165
internal_value=1.21413e-09 -0.302389 2.5488 5.0424 4.33191 3.7378 4.16354 3.6969 1.406 3.4693 5.3367 11.8156 0.307329 1.68747 3.98495 1.26007 1.12579 1.947 2.74245 4.47252 3.75883 9.72966 1.3384 6.8697 0.41381 5.39254 2.19149 7.42141 -0.755313 0.780239
internal_weight=22403 20027 2376 610 575 545 519 489 204 159 285 45 8536 1766 277 1489 1468 962 721 323 303 63 398 57 341 64 240 51 11491 189
internal_count=22403 20027 2376 610 575 545 519 489 204 159 285 45 8536 1766 277 1489 1468 962 721 323 303 63 398 57 341 64 240 51 11491 189
is_linear=0
shrinkage=0.05


Tree=28
num_leaves=31
num_cat=0
split_feature=257 48 96 47 225 226 248 211 68 240 252 232 254 240 6 253 229 225 248 164 152 177 194 227 218 141 162 241 152 5
split_gain=6.29966e+06 2.529e+06 1.56798e+06 1.21269e+06 1.13508e+06 1.59179e+06 1.32658e+06 1.09711e+06 1.12254e+06 1.01059e+06 1.0573e+06 1.09999e+06 981134 1.39539e+06 1.07494e+06 877838 773244 1.5141e+06 740047 963662 689006 684955 670134 692293 1.0418e+06 933858 1.3833e+06 1.12912e+06 594068 650323
threshold=481.38352966308599 4349.2382812500009 1200.0135498046877 374.10191345214849 -518.24999999999989 -750.74999999999989 -151.74999999999997 2290.7500000000005 858.73690795898449 -197.74999999999997 588.50000000000011 2259.2500000000005 -388.24999999999994 762.75000000000011 2741.2419433593755 142.75000000000003 1200.0135498046877 -156.24999999999997 662.25000000000011 1245.7500000000002 823.87695312500011 1094.7500000000002 1040.881042480469 1144.2500000000002 1098.0000000000002 1091.2500000000002 2083.0000000000005 -68.749999999999986 351.31364440917974 563.82043457031261
decision_type=2 2 2 2 2 2 2 2 2 2 2 2 2 2 2 2 2 2 2 2 2 2 2 2 2 2 2 2 2 2
left_child=3 12 4 18 -3 6 -6 20 9 -9 11 -11 13 16 -15 -14 22 -18 -1 -20 21 -7 23 24 -2 -26 27 -27 -17 -30
right_child=1 2 -4 -5 5 7 -8 8 -10 10 -12 -13 15 14 -16 28 17 -19 19 -21 -22 -23 -24 -25 25 26 -28 -29 29 -31
leaf_value=-0.77720616901926398 1.7906932549688379 -4.6023013237983958 15.234878348676782 0.14269308344760126 22.064375394582751 7.8200818519843258 5.6070347747802742 19.018943623134071 -3.7040647554397581 9.2794322884082785 12.634364207794793 -7.3036532735824586 -0.81624377550954874 3.9413366243243217 19.636552343368532 5.9790672159384171 16.071310840334213 0.030990763633481917 -0.031284780878769729 13.118080659346148 -4.7601678462915649 -2.1084108825773002 -3.1980897841043774 -3.5043855871315359 0.13136288642883301 7.675699079036713 2.9263589572500099 23.178836673239005 0.23082591319605894 1.8441610131043102
leaf_weight=11551 1140 31 38 5688 24 38 25 21 20 20 38 20 698 24 20 63 28 31 38 22 43 32 64 54 40 24 44 23 1211 1290
leaf_count=11551 1140 31 38 5688 24 38 25 21 20 20 38 20 698 24 20 63 28 31 38 22 43 32 64 54 40 24 44 23 1211 1290
internal_value=-2.7686e-09 1.54359 5.64548 -0.455429 4.47755 5.47924 13.6678 3.74976 7.10032 9.28302 6.66181 0.98789 1.24159 2.30369 11.0755 0.755807 2.03714 7.64335 -0.748437 4.79015 0.221299 3.28134 1.79901 2.04038 2.27595 6.49881 9.29769 15.2623 1.18377 1.06297
internal_weight=22403 5104 350 17299 312 281 49 232 119 99 78 40 4754 1492 44 3262 1448 59 11611 60 113 70 1389 1325 1271 131 91 47 2564 2501
internal_count=22403 5104 350 17299 312 281 49 232 119 99 78 40 4754 1492 44 3262 1448 59 11611 60 113 70 1389 1325 1271 131 91 47 2564 2501
is_linear=0
shrinkage=0.05


Tree=29
num_leaves=31
num_cat=0
split_feature=257 22 47 247 257 96 227 254 233 247 130 190 86 184 253 254 253 241 93 144 246 253 204 12 75 131 117 155 234 3
split_gain=5.68545e+06 2.28815e+06 1.15061e+06 1.04494e+06 932340 901054 863909 1.38422e+06 1.14135e+06 1.78712e+06 987399 944964 778910 839241 717322 715302 713017 669770 943690 900278 1.02547e+06 832205 1.02932e+06 943782 1.19053e+06 1.04141e+06 988459 844002 781652 1.03441e+06
threshold=481.38352966308599 4616.5000000000009 277.19515991210943 739.75000000000011 776.22653198242199 1200.0135498046877 -1174.2499999999998 -1096.9999999999998 150.25000000000003 -28.749999999999996 5562.2324218750009 2096.7500000000005 5630.5000000000009 2790.5000000000005 341.25000000000006 -388.24999999999994 142.75000000000003 -256.74999999999994 2802.7500000000005 4299.9226074218759 249.25000000000003 190.25000000000003 -995.74999999999989 606.76919555664074 715.72747802734386 606.76919555664074 656.75689697265636 -1155.7499999999998 -580.74999999999989 254.25000000000003
decision_type=2 2 2 2 2 2 2 2 2 2 2 2 2 2 2 2 2 2 2 2 2 2 2 2 2 2 2 2 2 2
left_child=2 3 -1 15 -5 6 -3 -8 9 10 11 -9 13 -10 -4 17 -17 18 19 20 21 23 27 -2 25 -25 -27 -23 29 -19
right_child=1 5 14 4 -6 -7 7 8 12 -11 -12 -13 -14 -15 -16 16 -18 28 -20 -21 -22 22 -24 24 -26 26 -28 -29 -30 -31
leaf_value=-1.0534699724465402 -1.3556447424571214 -4.4998048702875773 -0.30004657578878524 3.1242004661236784 14.341764435944734 13.424876070022584 16.867517630259197 3.0054146818816663 1.1288163021018234 19.626223402756914 -2.8401495769106111 16.292205312459366 -4.3160106965473721 11.339874766932594 0.93246998320646923 -0.74774343623794381 1.0584387729868303 2.7035046937136817 -7.197661038601038 8.4688874763804822 -8.5366015893441656 5.1789380277906147 1.8705515277827229 1.181770694640375 -1.0699438844060711 15.41116431829257 3.6533584652525009 17.858145468575614 2.7065796389355334 16.736476528147858
leaf_weight=5214 323 24 10759 59 27 32 24 32 79 26 29 23 42 27 1326 699 2503 29 33 43 27 35 135 62 111 39 33 21 563 24
leaf_count=5214 323 24 10759 59 27 32 24 32 79 26 29 23 42 27 1326 699 2503 29 33 43 27 35 135 62 111 39 33 21 563 24
internal_value=-7.99513e-09 1.46641 -0.432657 1.18448 6.64599 5.44176 4.60692 5.38196 4.31354 8.17101 4.62535 8.56171 1.44649 3.72975 -0.164811 1.08412 0.664147 1.99396 1.09419 1.42426 1.03887 1.3795 4.2346 0.419417 2.7596 5.93184 10.0222 9.93364 3.25305 9.05806
internal_weight=22403 5104 17299 4766 86 338 306 282 258 110 84 55 148 106 12085 4680 3202 1478 862 829 786 759 191 568 245 134 72 56 616 53
internal_count=22403 5104 17299 4766 86 338 306 282 258 110 84 55 148 106 12085 4680 3202 1478 862 829 786 759 191 568 245 134 72 56 616 53
is_linear=0
shrinkage=0.05


Tree=30
num_leaves=31
num_cat=0
split_feature=257 47 127 124 254 245 2 247 212 254 113 210 192 222 98 92 233 162 178 232 211 198 24 17 71 247 246 254 211 212
split_gain=5.14649e+06 1.75592e+06 1.65275e+06 1.73508e+06 1.20627e+06 925766 784651 953408 1.58911e+06 654253 824398 599493 693272 656187 683342 821523 1.10895e+06 735031 1.34682e+06 648849 628132 651561 639767 899382 595607 576286 565958 674226 786201 802676
threshold=613.32830810546886 389.31976318359381 2383.0000000000005 1200.0135498046877 -1324.9999999999998 546.75000000000011 91.250000000000014 -1191.2499999999998 -1362.2499999999998 -305.74999999999994 2793.7500000000005 1012.2500000000001 395.75000000000006 523.14776611328136 -2170.2499999999995 -3416.2499999999995 -1572.9999999999998 -1827.9999999999998 -2335.7499999999995 -151.74999999999997 1352.2500000000002 929.75000000000011 1932.0000000000002 343.25000000000006 3214.0000000000005 -106.24999999999999 108.75000000000001 -285.24999999999994 2551.2500000000005 883.25000000000011
decision_type=2 2 2 2 2 2 2 2 2 2 2 2 2 2 2 2 2 2 2 2 2 2 2 2 2 2 2 2 2 2
left_child=1 5 11 4 -4 -1 -6 -8 -9 -7 -11 13 -13 -2 15 19 -17 18 -18 -15 -14 -22 23 -23 25 -3 -10 28 29 -28
right_child=2 24 3 -5 6 9 7 8 26 10 -12 12 20 14 -16 16 17 -19 -20 -21 21 22 -24 -25 -26 -27 27 -29 -30 -31
leaf_value=-0.68777700534665431 9.8036688804626468 -0.0099447456258659837 13.547098162968954 15.25245321273804 12.088158450524013 8.0501120747746651 -3.201645223025618 14.348865208029748 -2.3785063397377093 0.52654972639027731 10.717319324470703 11.502685054063797 9.0941168981439926 -8.1802393158276878 0.44812618619265709 14.130968667141028 -0.31370392799377445 1.0987408412951176 17.816070364770436 3.8543910526093983 -2.5980419842923279 4.9924552161118081 7.6047293244782139 -4.7532028782367703 4.4318385219306089 0.94185770769034294 6.9513916591428355 1.7751672006070109 10.493335327754419 -2.8054539203643802
leaf_weight=12455 21 4646 30 35 24 37 58 32 47 361 21 25 34 24 1247 28 20 107 21 21 61 58 59 40 89 2418 53 236 60 35
leaf_count=12455 21 4646 30 35 24 37 58 32 47 361 21 25 34 24 1247 28 20 107 21 21 61 58 59 40 89 2418 53 236 60 35
internal_value=1.05822e-09 -0.261029 2.20018 4.44396 3.78605 -0.610009 3.24875 2.84156 3.59859 1.70168 1.08678 1.42514 3.56101 1.02781 0.902265 3.46476 5.00623 3.27992 8.97228 -2.56408 2.77315 1.78731 3.49117 1.01464 0.367069 0.315856 2.80042 3.4343 6.07995 3.07083
internal_weight=22403 20027 2376 610 575 12874 545 521 463 419 382 1766 277 1489 1468 221 176 148 41 45 252 218 157 98 7153 7064 431 384 148 88
internal_count=22403 20027 2376 610 575 12874 545 521 463 419 382 1766 277 1489 1468 221 176 148 41 45 252 218 157 98 7153 7064 431 384 148 88
is_linear=0
shrinkage=0.05


Tree=31
num_leaves=31
num_cat=0
split_feature=257 127 124 254 131 32 218 247 254 136 257 183 251 224 22 254 253 54 222 181 181 198 127 169 247 62 240 253 195 246
split_gain=4.72179e+06 2.23182e+06 1.73657e+06 1.15391e+06 887040 1.02425e+06 1.16292e+06 1.274e+06 1.19121e+06 798439 790963 744645 1.19228e+06 734817 885413 737824 616514 600156 752177 605953 720134 600618 660134 692514 589599 644906 642536 583823 568526 507526
threshold=435.53199768066412 2574.5000000000005 1200.0135498046877 -1324.9999999999998 1109.719909667969 4965.8725585937509 -25.249999999999996 -377.74999999999994 -348.74999999999994 2231.7500000000005 246.40652465820315 992.75000000000011 1210.7099609375002 1636.7500000000002 640.75000000000011 -359.74999999999994 71.750000000000014 549.32611083984386 439.39459228515631 1943.2993164062502 1823.2734375000002 -1360.7499999999998 -2038.2499999999998 553.25000000000011 240.25000000000003 5241.4335937500009 -188.24999999999997 119.25000000000001 1528.1130371093752 1653.0000000000002
decision_type=2 2 2 2 2 2 2 2 2 2 2 2 2 2 2 2 2 2 2 2 2 2 2 2 2 2 2 2 2 2
left_child=10 13 3 -3 5 9 -7 -8 -9 11 -1 -5 -13 17 -15 -16 -11 21 -19 20 -20 22 -2 -24 26 -26 -10 -12 -17 -18
right_child=1 2 -4 4 -6 6 7 8 24 16 27 12 -14 14 15 28 29 18 19 -21 -22 -23 23 -25 25 -27 -28 -29 -30 -31
leaf_value=-1.2118172033198096 2.4362245536512801 12.699236691792807 14.489830744607108 -0.39754298528035487 -6.7603483259677892 17.328538684844972 -1.3406471445912223 15.305751582895008 8.1713005107382077 -6.9875635226567585 -0.67483564854266209 17.980054116249086 2.6636745682469125 10.929755453161292 9.6175522489547731 -5.1866315866217896 1.7759104164626789 10.228956732542621 1.1907629238472308 -3.223431203891705 9.252292552247777 0.50060713009095381 -2.8141075459252942 6.7407077169418335 15.123208268122241 2.7176448082923894 -2.3657357509319601 0.011936763583840382 3.0380563285134059 -5.745158779621125
leaf_weight=3026 90 30 35 27 24 20 61 35 23 24 5831 24 27 37 25 34 343 23 2607 77 28 2812 366 20 22 20 39 6594 55 24
leaf_count=3026 90 30 35 27 24 20 61 35 23 24 5831 24 27 37 25 34 343 23 2607 77 28 2812 366 20 22 20 39 6594 55 24
internal_value=-1.31853e-09 1.08217 3.60587 3.09316 2.68898 3.01813 5.83287 4.68331 7.32691 1.69778 -0.486908 6.31675 9.87138 0.764148 4.20919 2.02795 0.776348 0.677779 1.22503 1.14866 1.27643 0.222572 -1.41993 -2.31904 4.64173 9.2158 1.54316 -0.310363 -0.103959 1.28407
internal_weight=22403 6952 778 743 713 689 220 200 139 469 15451 78 51 6174 151 114 391 6023 2735 2712 2635 3288 476 386 104 42 62 12425 89 367
internal_count=22403 6952 778 743 713 689 220 200 139 469 15451 78 51 6174 151 114 391 6023 2735 2712 2635 3288 476 386 104 42 62 12425 89 367
is_linear=0
shrinkage=0.05


Tree=32
num_leaves=31
num_cat=0
split_feature=257 257 191 142 254 234 241 248 253 238 57 96 215 23 149 194 13 116 245 115 253 129 174 230 15 204 212 176 166 73
split_gain=4.30812e+06 1.84245e+06 1.44479e+06 1.10299e+06 1.30124e+06 964737 1.04917e+06 1.05667e+06 799750 676382 1.31372e+06 655661 568401 564969 522008 558075 684530 1.09671e+06 555346 950326 503548 526474 865621 1.22202e+06 1.11786e+06 845101 1.54277e+06 1.82728e+06 776016 761650
threshold=692.68301391601574 414.41207885742193 1996.2500000000002 1621.2500000000002 -1096.9999999999998 -20.249999999999996 750.75000000000011 772.00000000000011 469.75000000000006 1744.5000000000002 6833.0000000000009 253.61371612548831 322.14445495605474 2734.0000000000005 -689.24999999999989 739.75958251953136 -2109.276977539062 -1353.2550048828123 694.00000000000011 -897.24999999999989 60.250000000000007 -1805.4999999999998 635.92968750000011 -124.91188812255858 487.25000000000006 1120.2500000000002 -175.24999999999997 770.00000000000011 798.89459228515636 3783.2500000000005
decision_type=2 2 2 2 2 2 2 2 2 2 2 2 2 2 2 2 2 2 2 2 2 2 2 2 2 2 2 2 2 2
left_child=1 11 9 -4 -5 -6 8 -8 -7 10 20 -1 -3 -13 18 16 17 -16 -14 -20 -2 -22 -23 -24 -25 -26 -27 -28 29 -29
right_child=2 12 3 4 5 6 7 -9 -10 -11 -12 13 14 -15 15 -17 -18 -19 19 -21 21 22 23 24 25 26 27 28 -30 -31
leaf_value=-1.0992336670411875 -0.77063696050643926 7.0644851283593617 16.176845755943884 15.423496674574338 -6.6341228212629053 4.3859747772216799 -4.4648264603737076 7.4143619510862564 17.164169432222845 -4.4981439321821268 12.896996988568986 -0.32818559888087384 -0.16655254181252332 6.6598463266060266 2.4852329074963926 -3.6708048948601113 0.78151878172806388 14.39161068309437 12.802116242322056 -2.2571805667877198 4.8145498337718733 0.0070026695964828375 15.265026655197145 13.687781414118682 0.30955423044240127 17.73507383108139 17.077776762417383 2.1385671633481982 -2.4602001142828431 13.047638444900514
leaf_weight=3454 150 33 26 26 21 25 39 36 24 39 28 11000 2499 29 160 67 3601 22 22 20 177 378 20 22 271 20 21 80 73 20
leaf_count=3454 150 33 26 26 21 25 39 36 24 39 28 11000 2499 29 160 67 3601 22 22 20 177 378 20 22 271 20 21 80 73 20
internal_value=-8.1584e-09 -0.185473 2.59204 6.58208 5.12323 3.27629 4.95466 1.23718 10.6447 1.98692 2.18765 -0.498078 0.519299 -0.309811 0.485502 0.852612 0.932726 3.92447 -0.0707249 5.63102 1.94426 2.32063 1.83287 3.1425 2.6643 2.16426 4.51298 3.14988 1.45921 4.32038
internal_weight=22403 20907 1496 197 171 145 124 75 49 1299 1260 14483 6424 11029 6391 3850 3783 182 2541 42 1232 1082 905 527 507 485 214 194 173 100
internal_count=22403 20907 1496 197 171 145 124 75 49 1299 1260 14483 6424 11029 6391 3850 3783 182 2541 42 1232 1082 905 527 507 485 214 194 173 100
is_linear=0
shrinkage=0.05


Tree=33
num_leaves=31
num_cat=0
split_feature=257 257 212 253 226 57 96 212 241 240 108 253 226 232 206 224 253 248 246 178 26 59 212 205 254 107 115 254 220 212
split_gain=3.89211e+06 1.46802e+06 1.11306e+06 1.08293e+06 983190 1.29911e+06 867091 747491 1.26248e+06 1.78856e+06 1.00644e+06 909032 745635 1.13435e+06 715069 1.29024e+06 692716 650630 550382 868305 956045 661345 529386 846046 491150 581342 503078 465849 738134 783331
threshold=528.01879882812511 1039.6253662109377 2710.5000000000005 341.25000000000006 1481.5000000000002 6833.0000000000009 253.61371612548831 -2107.4999999999995 -190.74999999999997 -845.24999999999989 1748.7500000000002 381.75000000000006 -777.24999999999989 1236.0000000000002 1508.7500000000002 929.75000000000011 486.75000000000006 1260.0000000000002 1653.0000000000002 3270.2500000000005 569.05575561523449 612.75000000000011 106.25000000000001 -894.74999999999989 -365.24999999999994 855.75000000000011 2906.5000000000005 -388.24999999999994 -1410.4999999999998 -1589.4999999999998
decision_type=2 2 2 2 2 2 2 2 2 2 2 2 2 2 2 2 2 2 2 2 2 2 2 2 2 2 2 2 2 2
left_child=3 14 4 6 5 7 -1 10 22 -10 11 -3 -11 -14 27 16 -16 18 19 21 -21 -17 23 -9 25 -5 -26 28 -2 -30
right_child=1 2 -4 24 -6 -7 -8 8 9 12 -12 -13 13 -15 15 17 -18 -19 -20 20 -22 -23 -24 -25 26 -27 -28 -29 29 -31
leaf_value=-1.1557633761815047 -2.1847592101673836 7.4988036305563801 13.262163393425221 1.5734934215960297 -5.5124318334791402 13.497437744140626 -0.25079265465822215 -4.6449410790488832 21.308668572562084 12.596683252334595 -10.5436909532547 -5.4715486017140478 -4.3988332658074798 8.3780578839151492 5.7804729949920741 7.4723734701833422 16.370175668467649 9.7844169537226371 -4.6707587460109172 2.5063878018515453 16.000969886779785 -0.35114167133967084 -7.1514896778833306 9.3857903404669329 0.57911775134524424 11.046023292541506 8.1858762090856381 0.43162025994444042 5.8651254623413092 1.6129122726738672
leaf_weight=3303 108 35 33 46 27 35 13325 21 21 25 20 22 32 38 47 31 23 24 35 35 21 210 21 22 1810 25 22 2050 125 811
leaf_count=3303 108 35 33 46 27 35 13325 21 21 25 20 22 32 38 47 31 23 24 35 35 21 210 21 22 1810 25 22 2050 125 811
internal_value=-6.68974e-10 1.44175 4.52046 -0.301251 3.61614 4.46022 -0.430557 3.22948 4.99314 8.10347 -0.893374 2.4927 5.18443 2.53719 1.13388 3.05444 9.25995 1.83426 1.25955 1.95841 7.56686 0.655203 -0.644338 2.53357 0.828599 4.90889 0.670465 0.869451 1.72917 2.18078
internal_weight=22403 3872 352 18531 319 292 16628 257 180 116 77 57 95 70 3520 426 70 356 332 297 56 241 64 43 1903 71 1832 3094 1044 936
internal_count=22403 3872 352 18531 319 292 16628 257 180 116 77 57 95 70 3520 426 70 356 332 297 56 241 64 43 1903 71 1832 3094 1044 936
is_linear=0
shrinkage=0.05


Tree=34
num_leaves=31
num_cat=0
split_feature=257 6 212 234 226 33 227 145 215 33 54 8 211 226 128 40 164 97 208 33 191 208 236 51 30 76 99 240 219 246
split_gain=3.55755e+06 1.74661e+06 1.2558e+06 990823 829671 1.50689e+06 1.81771e+06 933797 804775 803176 773114 807766 944879 846870 1.05008e+06 686626 772834 672814 626797 615910 896618 988097 615849 600304 593591 748207 962894 763756 891493 763146
threshold=435.53199768066412 3760.2958984375005 2710.5000000000005 1739.2500000000002 -667.24999999999989 798.89459228515636 -1624.7499999999998 1109.719909667969 323.05484008789068 1200.0135498046877 579.07751464843761 3941.7500000000005 1603.7500000000002 953.00000000000011 789.75000000000011 579.07751464843761 -1189.7499999999998 2649.536010742188 589.15350341796886 656.75689697265636 -1221.7499999999998 692.68301391601574 223.3962326049805 1289.7500000000002 535.75000000000011 1124.3707275390627 2145.7500000000005 317.75000000000006 -120.24999999999999 -794.74999999999989
decision_type=2 2 2 2 2 2 2 2 2 2 2 2 2 2 2 2 2 2 2 2 2 2 2 2 2 2 2 2 2 2
left_child=22 8 4 -4 5 19 -7 -8 -2 -6 18 12 15 14 -14 16 -12 -15 -10 20 -3 -22 -1 -16 25 26 27 29 -29 -17
right_child=1 2 3 -5 9 6 7 -9 10 -11 11 -13 13 17 23 24 -18 -19 -20 -21 21 -23 -24 -25 -26 -27 -28 28 -30 -31
leaf_value=-1.3507638581157586 10.688733203411104 -4.5706108188087295 2.5386216072809127 16.699262428283692 2.1539637798118214 0.39385440297748731 25.699535770416261 10.771781210465866 0.4704405403102736 -6.4362888566378889 12.548331025600433 -6.0812984671857624 3.4102270658980025 -0.20588606868881776 20.557562096714975 9.9543235778808601 2.8174720841753591 10.010138989686967 -1.3282729876765484 -4.8083680543899536 0.15317030804497855 12.754810900006976 -0.3152763929274795 8.3070059341192248 2.5503486249495197 -4.3932871309916184 11.355434211095174 13.897514851888022 2.3795858331734228 0.11545129868932241
leaf_weight=1602 20 22 21 30 441 23 20 22 3288 29 25 36 47 83 20 20 111 20 568 25 28 35 13849 20 444 75 21 21 84 1353
leaf_count=1602 20 22 21 30 441 23 20 22 3288 29 25 36 47 83 20 20 111 20 568 25 28 35 13849 20 444 75 21 21 84 1353
internal_value=-2.11637e-09 0.939325 3.31538 10.8684 2.71817 5.65699 11.6927 17.8802 0.674981 1.62393 0.642865 1.35149 1.46565 4.84572 8.47784 1.1675 4.60623 1.77781 0.205485 2.0904 4.11946 7.15408 -0.422638 14.4323 0.935752 0.4803 0.724142 0.573089 4.68317 0.258771
internal_weight=22403 6952 696 51 645 175 65 42 6256 470 6236 2380 2344 190 87 2154 136 103 3856 110 85 63 15451 40 2018 1574 1499 1478 105 1373
internal_count=22403 6952 696 51 645 175 65 42 6256 470 6236 2380 2344 190 87 2154 136 103 3856 110 85 63 15451 40 2018 1574 1499 1478 105 1373
is_linear=0
shrinkage=0.05


Tree=35
num_leaves=31
num_cat=0
split_feature=5 48 96 124 143 33 253 245 215 96 166 254 253 234 234 250 24 232 21 66 54 23 254 200 92 79 232 222 5 252
split_gain=3.26358e+06 1.95847e+06 1.03156e+06 1.13391e+06 1.01149e+06 1.00256e+06 917717 908387 774623 756806 789422 724374 759704 1.2659e+06 879450 624963 617331 951278 583269 721902 871038 677162 758888 656017 638081 739044 736182 585981 540158 787707
threshold=421.66401672363287 4349.2382812500009 1200.0135498046877 1109.719909667969 4838.0000000000009 544.70681762695324 353.25000000000006 267.75000000000006 715.72747802734386 798.89459228515636 776.22653198242199 -815.74999999999989 121.75000000000001 -905.49999999999989 10.750000000000002 1109.719909667969 3720.5000000000005 1280.5000000000002 3397.7500000000005 2838.5000000000005 563.82043457031261 -304.74999999999994 -572.74999999999989 3355.819946289063 1518.7500000000002 764.75000000000011 -397.74999999999994 403.47026062011724 512.81195068359386 511.00000000000006
decision_type=2 2 2 2 2 2 2 2 2 2 2 2 2 2 2 2 2 2 2 2 2 2 2 2 2 2 2 2 2 2
left_child=7 6 3 4 5 8 11 -1 -3 10 -7 12 14 -14 -2 -13 18 -18 19 21 -21 -8 -23 -22 26 -26 -24 -27 -29 -30
right_child=1 2 -4 -5 -6 9 16 -9 -10 -11 -12 15 13 -15 -16 -17 17 -19 -20 20 23 22 24 -25 25 27 -28 28 29 -31
leaf_value=-0.5954699777962833 -0.85351238335514901 4.502899607402437 12.580180153093842 -5.0501726865768433 12.323484965471122 3.5199517588866387 2.4835313336694358 0.49991312904428109 16.903927422761917 6.6579912715997454 -6.2674089643690323 0.22930795928623116 15.155582803090415 2.3871742157502611 10.050207217444074 7.8553850244592738 11.548298637683576 0.1059978821698357 -3.6916351070770852 -0.028181254162507899 4.5204782714843752 -6.9739182303933536 8.6283157714083796 15.864210253122909 9.8564368724823002 9.2030228697735321 -1.2355733787432783 -2.4788252774580029 5.3678974037625125 -1.7785370636731388
leaf_weight=12608 116 34 38 32 39 38 739 2227 20 39 45 5386 30 55 22 27 39 34 52 34 25 34 20 26 30 23 349 81 97 64
leaf_count=12608 116 34 38 32 39 38 739 2227 20 39 45 5386 30 55 22 27 39 34 52 34 25 34 20 26 30 23 349 81 97 64
internal_value=6.88698e-10 0.844923 4.91095 3.73107 5.03804 3.42366 0.685811 -0.431033 9.09587 0.913003 -1.78645 0.3824 3.17515 6.89367 0.884762 0.267347 1.72407 6.21901 1.51561 1.69351 6.17086 1.42867 0.311856 10.3036 0.684923 2.41843 -0.700945 1.57639 0.851549 2.52708
internal_weight=22403 7568 285 247 215 176 7283 14835 54 122 83 5636 223 85 138 5413 1647 73 1574 1522 85 1437 698 51 664 295 369 265 242 161
internal_count=22403 7568 285 247 215 176 7283 14835 54 122 83 5636 223 85 138 5413 1647 73 1574 1522 85 1437 698 51 664 295 369 265 242 161
is_linear=0
shrinkage=0.05


Tree=36
num_leaves=31
num_cat=0
split_feature=257 127 124 145 96 226 127 227 240 238 205 254 239 226 240 224 22 254 253 188 100 204 11 120 141 101 199 220 191 36
split_gain=2.94904e+06 1.45939e+06 1.42336e+06 933170 1.36374e+06 1.17653e+06 2.49836e+06 647724 627296 2.17234e+06 761640 625306 1.18389e+06 691429 771797 574535 772165 640537 560285 559429 647187 550450 548376 725380 847139 878146 564544 515131 681192 713622
threshold=435.53199768066412 2574.5000000000005 1200.0135498046877 1109.719909667969 798.89459228515636 1481.5000000000002 3598.2500000000005 471.25000000000006 704.75000000000011 1174.5000000000002 3001.2500000000005 -962.74999999999989 -318.24999999999994 -1252.7499999999998 221.25000000000003 1636.7500000000002 640.75000000000011 -359.74999999999994 121.75000000000001 2097.359252929688 2253.5000000000005 3072.2500000000005 5587.8076171875009 709.75000000000011 570.25000000000011 -2666.4999999999995 -502.74999999999994 976.25000000000011 460.25000000000006 2837.2500000000005
decision_type=2 2 2 2 2 2 2 2 2 2 2 2 2 2 2 2 2 2 2 2 2 2 2 2 2 2 2 2 2 2
left_child=18 15 3 4 8 6 7 -6 11 -10 -11 -3 -13 -14 21 19 -17 -18 -1 22 -21 27 -2 24 25 -24 -25 28 -15 -30
right_child=1 2 -4 -5 5 -7 -8 -9 9 10 -12 12 13 14 -16 16 17 -19 -20 20 -22 -23 23 26 -26 -27 -28 -29 29 -31
leaf_value=-0.67323486958500345 0.50473117072286511 -5.3232196753365661 12.749653156144278 -6.2067072335879017 0.73077837654522493 -0.22739101031730913 26.684869384765626 12.195394403284247 18.60595944325129 -0.91542669349992778 8.8222264902932306 12.927276680686257 -7.2106095552444458 -0.020342740416526797 -1.491704443693161 9.9203683028350014 8.6788730182647722 -0.37906760600175748 -0.070499915910766583 -6.7342784191880911 1.5928711080551148 10.856911500295004 11.087782689332963 -6.5173600977117365 14.645821979522706 -2.847977365438755 2.8461512107464175 -1.2457494441689789 1.7957720425664165 9.8986178957048025
leaf_weight=8057 5774 35 35 30 28 29 20 22 24 71 28 22 24 70 140 37 25 89 7394 56 40 21 20 22 25 26 60 69 49 61
leaf_count=8057 5774 35 35 30 28 29 20 22 24 71 28 22 24 70 140 37 25 89 7394 56 40 21 20 22 25 26 60 69 49 61
internal_value=1.39053e-09 0.855226 2.896 2.43183 2.7953 8.24105 11.7494 5.77521 1.91724 5.11033 1.83866 1.11735 1.61169 1.03809 1.52094 0.598063 3.64429 1.60732 -0.384799 0.521693 -3.26463 3.08305 0.58302 3.53752 7.23738 3.21105 0.33399 2.42742 3.83547 6.28917
internal_weight=22403 6952 778 743 713 99 70 50 614 123 99 491 456 434 410 6174 151 114 15451 6023 96 270 5927 153 71 46 82 249 180 110
internal_count=22403 6952 778 743 713 99 70 50 614 123 99 491 456 434 410 6174 151 114 15451 6023 96 270 5927 153 71 46 82 249 180 110
is_linear=0
shrinkage=0.05


Tree=37
num_leaves=31
num_cat=0
split_feature=5 23 171 89 59 245 10 6 241 241 250 248 254 164 190 149 254 249 162 69 20 253 192 192 24 17 156 244 127 247
split_gain=2.75216e+06 1.64554e+06 990097 893040 1.40177e+06 787798 612985 790490 861856 1.85593e+06 1.75822e+06 857241 1.42837e+06 1.05775e+06 617560 932091 586362 687136 1.05567e+06 1.30468e+06 928850 922921 767778 850405 578562 1.08143e+06 816142 1.12176e+06 572423 570349
threshold=421.66401672363287 3663.7500000000005 2918.0000000000005 467.12149047851568 2482.0000000000005 267.75000000000006 3830.7500000000005 3961.471801757813 -871.24999999999989 -154.24999999999997 1200.0135498046877 102.25000000000001 -815.74999999999989 1629.0000000000002 4245.2500000000009 3547.5000000000005 -309.24999999999994 2070.494995117188 180.25000000000003 2575.660034179688 4328.7973632812509 736.50000000000011 -668.74999999999989 -81.249999999999986 884.00000000000011 1210.7500000000002 1860.5000000000002 1217.0930175781252 3598.2500000000005 -50.249999999999993
decision_type=2 2 2 2 2 2 2 2 2 2 2 2 2 2 2 2 2 2 2 2 2 2 2 2 2 2 2 2 2 2
left_child=5 2 16 -4 -5 -1 -3 -8 -9 10 -10 12 -11 -13 15 28 17 21 19 22 24 -2 -19 -24 -20 -26 27 -27 -15 -18
right_child=1 6 3 4 -6 -7 7 8 9 11 -12 13 -14 14 -16 -17 29 18 20 -21 -22 -23 23 -25 25 26 -28 -29 -30 -31
leaf_value=-0.54895622083520923 0.6858560158603243 12.508991786411832 -3.697643332481384 1.968647865551274 15.699812339333926 0.47113234225621253 -3.6311720931168758 -2.8866630890790157 6.7083615481853487 -11.391298741879671 25.606452721357346 14.24291168696114 4.319190859183287 -0.61463666070591327 9.8037347206702616 -6.7400957419322083 -0.1322936782949172 -0.88512637547084272 -2.4042893521329192 18.964364585876464 -6.5899729820989794 9.8340661372457241 15.766811678720558 2.3124777277310691 13.960469370302945 2.1784011098646352 -4.7923565812408926 14.42946924729781 10.666675795679508 1.0050998514291345
leaf_weight=12608 1794 21 20 41 34 2227 33 34 32 23 20 28 39 22 26 26 3284 35 47 20 31 28 23 24 23 124 32 22 23 1659
leaf_count=12608 1794 21 20 41 34 2227 33 34 32 23 20 28 39 22 26 26 3284 35 47 20 31 28 23 24 23 124 32 22 23 1659
internal_value=-3.05769e-09 0.775902 0.619224 5.69006 8.19344 -0.395823 4.24534 3.67823 4.56178 5.62139 13.9769 3.29795 -1.50889 5.68214 3.21099 0.796747 0.551812 1.23025 3.16131 7.51416 1.56995 0.826443 4.72142 8.89651 2.58993 3.75774 2.43941 4.02445 5.15137 0.249445
internal_weight=22403 7568 7241 95 75 14835 327 306 273 239 52 187 62 125 97 71 7146 2203 381 102 279 1822 82 47 248 201 178 146 45 4943
internal_count=22403 7568 7241 95 75 14835 327 306 273 239 52 187 62 125 97 71 7146 2203 381 102 279 1822 82 47 248 201 178 146 45 4943
is_linear=0
shrinkage=0.05


Tree=38
num_leaves=31
num_cat=0
split_feature=54 184 79 254 243 254 226 253 32 8 61 115 225 127 190 225 211 58 37 250 26 254 121 226 240 254 206 254 213 9
split_gain=2.51279e+06 1.20995e+06 1.17505e+06 873169 762008 844552 951061 707454 683476 696652 953388 660253 655001 963683 610719 609655 906253 777350 643717 633206 591124 573299 607298 621212 571764 567448 566105 623479 580592 565582
threshold=549.32611083984386 3584.2500000000005 2203.0000000000005 -309.24999999999994 1480.4058837890627 -876.99999999999989 -1291.9999999999998 224.25000000000003 4965.8725585937509 5146.0000000000009 512.81195068359386 4243.0000000000009 2485.5000000000005 2693.2500000000005 3313.7500000000005 -178.24999999999997 547.75000000000011 2924.7500000000005 2063.7500000000005 715.72747802734386 943.09799194335949 -428.24999999999994 -2188.4999999999995 502.75000000000006 -1287.7499999999998 -19.249999999999996 1508.7500000000002 -246.24999999999997 935.75000000000011 2371.2500000000005
decision_type=2 2 2 2 2 2 2 2 2 2 2 2 2 2 2 2 2 2 2 2 2 2 2 2 2 2 2 2 2 2
left_child=2 4 7 -3 12 -6 -7 -1 24 10 -10 -11 13 20 -14 -15 -17 18 -18 -20 -2 22 -9 -24 -4 -26 28 -28 -19 -22
right_child=1 3 8 -5 5 6 -8 21 9 11 -12 -13 14 15 -16 16 17 26 19 -21 29 -23 23 -25 25 -27 27 -29 -30 -31
leaf_value=-0.47668517276755007 1.1180468395166594 13.559734939126407 -7.0603332316875456 1.1034608602523803 -0.10876560807228089 18.259859321230934 3.542598245454871 11.326941580772401 17.14693930456415 -4.5518623815341428 2.3657093381881715 8.0004441857337962 0.0056056190620769157 12.276860743477231 -10.608022420302682 -5.0441582305090771 4.2945139397274366 3.6865601718425753 6.3398155653476715 18.92161096572876 -0.37593833838690482 0.13523928003035141 0.51361387749003551 9.3444289442151796 1.9721796297355572 -4.7981302868236195 10.783582542419435 -0.49886555323998139 -7.255784236060248 -6.9740775267283128
leaf_weight=13797 2632 34 20 24 32 21 23 20 24 22 20 20 33 21 23 28 55 22 20 20 332 4376 117 24 498 33 25 24 27 36
leaf_count=13797 2632 34 20 24 32 21 23 20 24 22 20 20 33 21 23 28 55 22 20 20 332 4376 117 24 498 33 25 24 27 36
internal_value=5.49616e-10 1.24499 -0.225229 8.40541 1.1219 6.07179 10.5667 -0.298578 1.88589 6.0315 10.4282 1.42543 1.00784 1.10044 -4.35356 4.13562 3.36201 4.58156 7.80449 12.6307 0.855607 0.243047 3.17328 2.01673 1.23884 1.55143 1.4573 5.25749 -2.34289 -1.02141
internal_weight=22403 3432 18971 58 3374 76 44 18334 637 86 44 42 3298 3242 56 242 221 193 95 40 3000 4537 161 141 551 531 98 49 49 368
internal_count=22403 3432 18971 58 3374 76 44 18334 637 86 44 42 3298 3242 56 242 221 193 95 40 3000 4537 161 141 551 531 98 49 49 368
is_linear=0
shrinkage=0.05


Tree=39
num_leaves=31
num_cat=0
split_feature=5 23 171 89 59 74 42 100 115 39 231 226 199 246 241 211 213 248 79 224 238 253 66 110 51 36 254 256 162 226
split_gain=2.31394e+06 1.36657e+06 837368 789087 1.24149e+06 713306 744533 689170 1.14249e+06 596081 592142 1.79619e+06 1.80386e+06 1.00629e+06 664257 1.00873e+06 763421 841388 668560 626196 576045 558281 539843 984297 528035 608661 537466 665114 849046 1.22296e+06
threshold=421.66401672363287 3663.7500000000005 2918.0000000000005 467.12149047851568 2482.0000000000005 4088.717407226563 5408.0000000000009 2993.0000000000005 2906.5000000000005 4258.7199707031259 -1102.4999999999998 -715.74999999999989 1079.5000000000002 35.750000000000007 822.75000000000011 1435.2500000000002 1567.7500000000002 466.75000000000006 4349.0000000000009 1427.7500000000002 1040.7500000000002 224.25000000000003 -1846.2499999999998 294.78640747070318 3397.0000000000005 3866.0000000000005 -309.24999999999994 1981.4899902343752 180.25000000000003 -50.249999999999993
decision_type=2 2 2 2 2 2 2 2 2 2 2 2 2 2 2 2 2 2 2 2 2 2 2 2 2 2 2 2 2 2
left_child=5 2 24 -4 -5 7 9 8 21 -7 -3 12 -12 -13 15 -15 -16 -18 -19 -17 -21 -1 23 -23 25 26 27 -2 29 -29
right_child=1 10 3 4 -6 6 -8 -9 -10 -11 11 13 -14 14 16 19 17 18 -20 20 -22 22 -24 -25 -26 -27 -28 28 -30 -31
leaf_value=-0.56368757429600846 0.76395784618915197 -2.4776027390451141 -3.5923919439315797 1.7270956138285198 14.649401025211112 12.21747968413613 -4.7049449272155766 -6.8706984028583626 10.755891783341118 3.1015927574069231 5.5964972740564596 -7.1285956899325065 23.251615258921749 -0.57395788141199067 -8.1126314496994016 14.821759979426862 -4.7567175388336187 13.140238657864657 1.3981635415995564 0.35681313872337345 11.55790086334402 11.762054227016591 0.036925935791039595 1.1958424601207178 -4.562772539550183 6.5443949662503744 0.21641185658997431 4.0895990116473957 1.6382253179367741 17.437622841921719
leaf_weight=11318 1798 33 20 41 34 22 25 41 23 97 39 24 23 37 20 32 24 22 27 24 22 27 3162 120 51 42 4883 78 272 22
leaf_count=11318 1798 33 20 41 34 22 25 41 23 97 39 24 23 37 20 32 24 22 27 24 22 27 3162 120 51 42 4883 78 272 22
internal_value=5.57438e-10 0.711453 0.568672 5.23203 7.58521 -0.362944 3.139 -0.39727 -0.379153 4.78688 3.87316 4.586 12.146 2.56566 3.68423 6.22519 0.54217 2.91335 6.67012 9.45043 5.71386 -0.396662 0.174626 3.13658 0.506677 0.543117 0.50738 1.16212 3.0866 7.02616
internal_weight=22403 7568 7241 95 75 14835 144 14691 14650 119 327 294 62 232 208 115 93 73 49 78 46 14627 3309 147 7146 7095 7053 2170 372 100
internal_count=22403 7568 7241 95 75 14835 144 14691 14650 119 327 294 62 232 208 115 93 73 49 78 46 14627 3309 147 7146 7095 7053 2170 372 100
is_linear=0
shrinkage=0.05


Tree=40
num_leaves=31
num_cat=0
split_feature=253 254 220 254 247 247 5 236 243 247 206 218 204 212 196 15 211 246 201 243 251 223 188 114 96 247 17 78 175 163
split_gain=2.11565e+06 1.33846e+06 1.33903e+06 1.27224e+06 1.22328e+06 814823 704172 967300 772441 842619 729812 701340 645869 1.08388e+06 1.24357e+06 883986 755199 700722 659063 1.44103e+06 661401 755618 629501 788366 605539 599945 589304 584967 576223 878442
threshold=353.25000000000006 -325.74999999999994 2704.0000000000005 -388.24999999999994 -1466.7499999999998 -1101.2499999999998 1200.0135498046877 1109.719909667969 823.68878173828136 374.25000000000006 1322.0000000000002 473.75000000000006 727.25000000000011 308.75000000000006 1565.2500000000002 -616.49999999999989 732.25000000000011 -252.24999999999997 1039.6253662109377 858.00915527343761 1210.7099609375002 1332.9945068359377 1579.757507324219 881.75000000000011 253.61371612548831 -251.74999999999997 -230.74999999999997 1555.2500000000002 -2879.2499999999995 -3541.2499999999995
decision_type=2 2 2 2 2 2 2 2 2 2 2 2 2 2 2 2 2 2 2 2 2 2 2 2 2 2 2 2 2 2
left_child=3 2 4 12 -2 -6 7 8 9 11 -11 25 28 14 15 -14 -17 -15 19 20 21 -19 26 -24 -5 -7 -3 -25 29 -1
right_child=1 22 -4 24 5 6 -8 -9 -10 10 -12 -13 13 17 -16 16 -18 18 -20 -21 -22 -23 23 27 -26 -27 -28 -29 -30 -31
leaf_value=-0.64230867732654928 -6.1486333186573852 1.3595920978585232 13.554340208321811 -0.96444286670473045 11.018538575172425 2.3805677173802486 -4.307058855295181 12.414619902084615 -2.6884503849423851 1.9405794220311301 13.669335956043668 -0.34558965265750885 12.934743024905524 -4.9355071785714895 17.541100215911865 -1.3613131523132325 6.767289465890741 1.0719635226096667 -6.5461903311989538 13.640781568563902 -3.248622711760099 8.9354551281684476 10.175950242678326 10.008556429545086 -0.20565241657783209 10.922063521777883 -0.2997208494793685 1.4869714829926579 0.33132418545061038 13.836235466003419
leaf_weight=22 34 921 32 3265 35 52 30 29 52 21 36 104 24 45 20 62 53 141 22 26 61 39 30 21 13504 34 1277 491 1900 20
leaf_count=22 34 921 32 3265 35 52 30 29 52 21 36 104 24 45 20 62 53 141 22 26 61 39 30 21 13504 34 1277 491 1900 20
internal_value=-1.11146e-09 1.1905 3.68931 -0.198313 2.95001 3.73717 3.02531 3.69595 2.85033 4.01638 9.34822 2.41683 0.869668 2.48586 5.88378 4.20647 2.38491 0.868293 1.772 2.45739 1.25089 2.77572 0.771899 2.29808 -0.353392 5.75744 0.39556 1.83649 0.459377 6.25224
internal_weight=22403 3199 459 19204 427 393 358 328 299 247 57 190 2435 493 159 139 115 334 289 267 241 180 2740 542 16769 86 2198 512 1942 42
internal_count=22403 3199 459 19204 427 393 358 328 299 247 57 190 2435 493 159 139 115 334 289 267 241 180 2740 542 16769 86 2198 512 1942 42
is_linear=0
shrinkage=0.05


Tree=41
num_leaves=31
num_cat=0
split_feature=5 254 155 253 23 177 208 194 187 245 23 30 79 248 237 92 146 121 191 8 245 8 131 121 197 222 248 31 127 247
split_gain=1.95173e+06 1.24714e+06 1.93079e+06 911052 884995 1.46159e+06 1.09673e+06 1.51368e+06 1.0335e+06 614885 605876 608546 944255 601177 587232 584888 595461 553443 576817 844438 547764 547427 758060 799029 1.14682e+06 554171 540567 511067 509162 697895
threshold=421.66401672363287 -1324.9999999999998 2409.0000000000005 353.25000000000006 3663.7500000000005 -295.74999999999994 754.08599853515636 666.52459716796886 858.00915527343761 302.25000000000006 -304.74999999999994 -523.24999999999989 -458.24999999999994 -175.24999999999997 -463.90516662597651 1487.7500000000002 1442.5456542968752 3876.0000000000005 1848.2500000000002 1913.7500000000002 787.75000000000011 3588.0000000000005 633.87484741210949 1137.2500000000002 629.75000000000011 400.36743164062506 334.25000000000006 -2208.7499999999995 2383.0000000000005 45.250000000000007
decision_type=2 2 2 2 2 2 2 2 2 2 2 2 2 2 2 2 2 2 2 2 2 2 2 2 2 2 2 2 2 2
left_child=9 2 14 17 10 -6 7 -7 -8 -1 11 13 -13 27 -2 16 -12 18 20 -20 -3 22 25 24 -24 -17 -23 -5 -25 -30
right_child=1 3 -4 4 5 6 8 -9 -10 -11 15 12 -14 -15 -16 21 -18 -19 19 -21 -22 26 23 28 -26 -27 -28 -29 29 -31
leaf_value=-0.45520790341915024 6.3797666182884809 0.29790687100766799 18.787506390114626 0.82134531497955321 15.513750086890326 2.8545671929704386 -9.3041293144226085 18.745590296658602 2.4927084288946015 0.51686896009190431 -0.61090843491761015 14.194218894151541 2.4860705024398424 1.3092460738929306 -4.8618168467567084 8.4604413668314624 -8.3030838648478191 -8.023515100479127 -1.6515598408381145 9.3317896144730721 -5.0119278703417098 3.476414057516283 2.2860408855521164 -3.1191854749407089 17.613351791638596 -0.021564498909845436 -4.5678361400961878 11.139881961743036 -1.3730841656525932 9.8326421333081804
leaf_weight=12975 26 5540 24 20 27 47 24 22 82 1860 369 26 51 609 21 21 27 20 30 42 49 31 23 28 26 232 64 30 24 33
leaf_count=12975 26 5540 24 20 27 47 24 22 82 1860 369 26 51 609 21 21 27 20 30 42 49 31 23 28 26 232 64 30 24 33
internal_value=-3.23723e-09 0.653402 7.24896 0.590939 1.56582 4.68585 3.01526 7.92127 -0.178274 -0.33333 1.17534 2.23342 6.43947 1.74196 1.35693 0.28838 -1.13537 0.279306 0.308639 4.75539 0.251354 1.4581 2.29297 5.33367 10.4189 0.682476 -1.94287 7.01247 2.40219 5.11444
internal_weight=22403 7568 71 7497 1816 202 175 69 106 14835 1614 736 77 659 47 878 396 5681 5661 72 5589 482 387 134 49 253 95 50 85 57
internal_count=22403 7568 71 7497 1816 202 175 69 106 14835 1614 736 77 659 47 878 396 5681 5661 72 5589 482 387 134 49 253 95 50 85 57
is_linear=0
shrinkage=0.05


Tree=42
num_leaves=31
num_cat=0
split_feature=54 254 177 247 187 150 79 53 32 8 61 115 161 19 201 235 6 205 219 96 10 86 206 239 205 229 245 245 240 29
split_gain=1.78772e+06 989992 1.85568e+06 924309 1.27965e+06 1.79743e+06 902451 791034 571312 611898 830911 601803 569413 590774 554615 553536 748327 535588 812826 525233 502454 735345 815367 543079 565869 533087 719025 1.30919e+06 904412 703672
threshold=549.32611083984386 -1324.9999999999998 977.25000000000011 -1466.7499999999998 1480.4058837890627 -853.24999999999989 2203.0000000000005 4849.9450683593759 4965.8725585937509 5146.0000000000009 512.81195068359386 4243.0000000000009 2021.2500000000002 403.73518371582037 456.44549560546881 1761.320007324219 2207.898559570313 -236.24999999999997 -308.74999999999994 218.35293579101565 -3500.7499999999995 -3701.9999999999995 -1015.2499999999999 -908.24999999999989 -2902.7499999999995 992.53356933593761 529.25000000000011 -99.749999999999986 655.75000000000011 2500.2500000000005
decision_type=2 2 2 2 2 2 2 2 2 2 2 2 2 2 2 2 2 2 2 2 2 2 2 2 2 2 2 2 2 2
left_child=6 2 -2 7 20 -6 19 -3 12 10 -10 -11 15 14 -14 -8 -17 -18 -19 -1 -5 22 -22 -23 -25 -26 27 -27 -28 -29
right_child=1 3 -4 4 5 -7 8 -9 9 11 -12 -13 13 -15 -16 16 17 18 -20 -21 21 23 -24 24 25 26 28 29 -30 -31
leaf_value=-1.2166283262689743 1.1209236903068347 -0.64652338490194206 19.85363982200623 -2.1954510946427623 -0.31382761597633363 16.444698433205485 -1.2729161920426768 -11.181558612414769 15.843271784981093 -4.5730471004139295 2.0441004896163939 7.4107803153991698 -0.92603132706969538 1.55032623225245 -8.5528653402586254 12.803712666034698 -0.93089002843414037 13.480199981871108 2.9361595135842657 -0.17983477479544116 13.209902070118829 7.5321687790655325 0.91351079600197937 -7.5020454788208015 0.75686950564969868 0.52061827787712445 -6.9046387025067819 18.236485307216647 4.7254122226578854 7.1072185827761274
leaf_weight=1316 39 49 20 124 32 32 79 28 24 22 20 20 67 116 37 20 70 21 141 17018 26 31 28 20 2800 67 32 20 35 49
leaf_count=1316 39 49 20 124 32 32 79 28 24 22 20 20 67 116 37 20 70 21 141 17018 26 31 28 20 2800 67 32 20 35 49
internal_value=2.86988e-10 1.05012 7.471 0.937806 1.06432 8.06544 -0.189975 -4.47745 1.66013 5.45034 9.57092 1.13354 1.06855 -0.90301 -3.63942 2.37896 3.52379 2.72379 4.30298 -0.254255 0.92568 1.0502 6.834 0.947936 0.880417 0.936244 3.41037 5.49901 -0.829239 10.3331
internal_weight=22403 3432 59 3373 3296 64 18971 77 637 86 44 42 551 220 104 331 252 232 162 18334 3232 3108 54 3054 3023 3003 203 136 67 69
internal_count=22403 3432 59 3373 3296 64 18971 77 637 86 44 42 551 220 104 331 252 232 162 18334 3232 3108 54 3054 3023 3003 203 136 67 69
is_linear=0
shrinkage=0.05


Tree=43
num_leaves=31
num_cat=0
split_feature=253 254 220 254 247 247 5 240 234 254 187 89 204 212 196 213 246 201 243 251 223 108 41 188 114 256 242 78 175 163
split_gain=1.65586e+06 1.07443e+06 1.13961e+06 1.06551e+06 1.04225e+06 676216 650258 855616 1.04355e+06 684253 1.03476e+06 569963 540599 953812 1.07226e+06 806318 626677 620114 1.24172e+06 610545 671849 539527 717317 519290 682460 536909 550226 522364 509393 763822
threshold=353.25000000000006 -325.74999999999994 2704.0000000000005 -388.24999999999994 -1466.7499999999998 -1101.2499999999998 1200.0135498046877 704.75000000000011 1739.2500000000002 -554.74999999999989 858.00915527343761 726.51162719726574 727.25000000000011 308.75000000000006 1565.2500000000002 347.75000000000006 -252.24999999999997 1039.6253662109377 858.00915527343761 1210.7099609375002 1332.9945068359377 3827.2500000000005 4423.6054687500009 1579.757507324219 881.75000000000011 2488.8974609375005 2426.962524414063 1555.2500000000002 -2879.2499999999995 -3541.2499999999995
decision_type=2 2 2 2 2 2 2 2 2 2 2 2 2 2 2 2 2 2 2 2 2 2 2 2 2 2 2 2 2 2
left_child=3 2 4 12 -2 -6 7 9 -9 -7 11 -11 28 14 15 -14 -15 18 19 20 -18 22 -5 25 -25 26 -3 -26 29 -1
right_child=1 23 -4 21 5 6 -8 8 -10 10 -12 -13 13 16 -16 -17 17 -19 -20 -21 -22 -23 -24 24 27 -27 -28 -29 -30 -31
leaf_value=-0.55589131875471631 -5.7884300652672271 0.47769116903896408 12.392857307195664 -0.31790704622652777 9.9698094776698536 -1.1467228030165038 -4.3579813140630721 15.731149462291175 0.77727676391601563 3.8204557514274038 14.506926382155648 -5.1911869668960575 1.659183983851984 -4.7254597883754306 16.292718591690065 10.352005139986675 1.0211253789511134 -6.4508941650390632 12.663827114838821 -3.1604335620755055 8.4359396310952999 -7.2521777834211081 8.518186602385148 9.3939858373006189 9.3572660446166989 -2.3713618934507199 8.613297171252114 1.3045754311708715 0.30615313050150872 12.945056495666504
leaf_weight=22 34 2008 32 16718 35 96 30 28 20 143 21 20 103 45 20 36 141 22 26 61 39 28 23 30 21 169 21 491 1900 20
leaf_count=22 34 2008 32 16718 35 96 30 28 20 143 21 20 103 45 20 36 141 22 26 61 39 28 23 30 21 169 21 491 1900 20
internal_value=-5.36624e-09 1.05322 3.29204 -0.175445 2.61002 3.3366 2.6881 3.33256 9.50037 2.27522 4.06058 2.71473 0.801919 2.28055 5.46807 3.91056 0.763138 1.61776 2.2826 1.16263 2.62767 -0.317366 -0.305767 0.678172 2.06433 0.336362 0.561894 1.63486 0.426551 5.87313
internal_weight=22403 3199 459 19204 427 393 358 328 48 280 184 163 2435 493 159 139 334 289 267 241 180 16769 16741 2740 542 2198 2029 512 1942 42
internal_count=22403 3199 459 19204 427 393 358 328 48 280 184 163 2435 493 159 139 334 289 267 241 180 16769 16741 2740 542 2198 2029 512 1942 42
is_linear=0
shrinkage=0.05


Tree=44
num_leaves=31
num_cat=0
split_feature=5 254 155 152 128 213 253 247 246 70 4 241 234 178 74 42 100 115 22 8 249 237 253 163 121 191 8 251 94 28
split_gain=1.54984e+06 1.00541e+06 1.57677e+06 738476 1.68531e+06 653514 549113 631483 901210 629031 721334 753306 817220 687758 544186 667972 631355 988171 538171 1.06427e+06 604202 536431 526102 523799 477272 514843 767570 472729 469662 468446
threshold=421.66401672363287 -1324.9999999999998 2409.0000000000005 1481.2517700195315 -1418.7499999999998 -270.74999999999994 353.25000000000006 -1466.7499999999998 -215.24999999999997 3117.2500000000005 1817.7349853515627 1007.2500000000001 1168.0000000000002 2307.2500000000005 4088.717407226563 5408.0000000000009 2993.0000000000005 2906.5000000000005 173.25000000000003 592.75000000000011 1441.5625000000002 -463.90516662597651 320.25000000000006 1186.5000000000002 3876.0000000000005 1848.2500000000002 1913.7500000000002 1210.7099609375002 -3789.4999999999995 -3687.2499999999995
decision_type=2 2 2 2 2 2 2 2 2 2 2 2 2 2 2 2 2 2 2 2 2 2 2 2 2 2 2 2 2 2
left_child=14 2 21 6 5 -5 24 -8 -9 18 -11 12 -12 -13 16 22 17 -1 19 20 23 -2 -16 29 25 27 -27 28 -3 -10
right_child=1 3 -4 4 -6 -7 7 8 9 10 11 13 -14 -15 15 -17 -18 -19 -20 -21 -22 -23 -24 -25 -26 26 -28 -29 -30 -31
leaf_value=-0.32596012527060414 5.9803483009338381 -7.0133641633120449 16.931414719422659 -3.9306321282540604 17.483635271163216 7.337273467670788 -5.9463492898146315 10.433809155004996 -5.4563877831334651 -3.9653855408941001 5.250841665267945 6.8836889282862348 16.223264331817628 -2.5902003113953573 7.9088252999565825 -4.6679857330322267 -6.5229681427885851 10.046059115036675 -0.035213870209574401 12.702359984137797 -5.1787840321660044 -4.7639865852537611 1.2406480621546507 8.3118693208694463 -7.4739992141723635 -1.6438072041670482 8.8277208634785236 -2.9082531231792035 0.30696707476859242 1.824877829080628
leaf_weight=14627 26 22 24 31 21 22 30 27 23 28 112 30 20 53 55 25 41 23 802 22 32 21 64 30 20 30 42 119 5423 558
leaf_count=14627 26 22 24 31 21 22 30 27 23 28 112 30 20 53 55 25 41 23 802 22 32 21 64 30 20 30 42 119 5423 558
internal_value=2.33376e-09 0.582256 6.50422 0.526172 5.49631 0.746612 0.476625 1.24602 1.37024 1.22713 3.58337 4.56646 6.91333 0.834097 -0.297035 2.76172 -0.327017 -0.309676 0.83683 1.88853 1.51854 1.17969 4.32258 1.8693 0.236258 0.263619 4.46458 0.209257 0.27739 1.53663
internal_weight=22403 7568 71 7497 74 53 7423 1767 1737 1710 243 215 132 83 14835 144 14691 14650 1467 665 643 47 119 611 5656 5636 72 5564 5445 581
internal_count=22403 7568 71 7497 74 53 7423 1767 1737 1710 243 215 132 83 14835 144 14691 14650 1467 665 643 47 119 611 5656 5636 72 5564 5445 581
is_linear=0
shrinkage=0.05


Tree=45
num_leaves=31
num_cat=0
split_feature=54 254 177 247 250 247 79 53 254 231 233 110 226 203 205 220 232 85 73 19 146 1 12 231 219 204 247 221 253 233
split_gain=1.40082e+06 783690 1.54489e+06 764066 1.05725e+06 1.03894e+06 735328 689664 529221 587718 1.35111e+06 467135 458863 914025 1.05784e+06 925624 827321 628872 542656 564541 557891 853370 926982 457118 1.54649e+06 929769 691955 771059 435833 541412
threshold=549.32611083984386 -1324.9999999999998 977.25000000000011 -1466.7499999999998 1480.4058837890627 -586.24999999999989 2203.0000000000005 4849.9450683593759 -19.249999999999996 -914.74999999999989 -1083.2499999999998 245.52848052978518 -1069.2499999999998 -802.24999999999989 -671.74999999999989 -923.74999999999989 193.75000000000003 -2733.7499999999995 -1581.4999999999998 1039.6253662109377 -1444.2386474609373 1344.2500000000002 619.04949951171886 -247.24999999999997 -945.74999999999989 1576.7500000000002 -520.24999999999989 675.46749877929699 924.75000000000011 1093.0000000000002
decision_type=2 2 2 2 2 2 2 2 2 2 2 2 2 2 2 2 2 2 2 2 2 2 2 2 2 2 2 2 2 2
left_child=6 2 -2 7 12 -6 11 -3 9 -8 -11 -1 13 17 15 -15 -16 -5 -19 20 -20 -22 -23 25 26 -14 -25 -28 -12 -30
right_child=1 3 -4 4 5 -7 8 -9 -10 10 28 -13 23 14 16 -17 -18 18 19 -21 21 22 -24 24 -26 -27 27 -29 29 -31
leaf_value=-0.80783438463645663 0.84841865881895417 -0.51683535064969754 17.940622365474702 7.2559527884830137 15.637261885901294 1.6801223456859589 -5.2024168883051196 -10.353712553637369 -4.1414885270289892 13.583301212310793 1.2769228426148436 -0.11667569423561533 -0.79578571936884424 5.6025479621665433 -0.43635106334438573 17.701213517665863 10.977507743835449 -3.4504989862442019 8.5752311023076384 -5.1684735561239314 -1.4585492882591029 0.4555145672389439 14.170654210177336 14.422703485488894 0.66706958222709545 9.4160341076228935 9.1517862851803127 -1.840085608870895 12.542834618091584 1.4040037194887798
leaf_weight=2905 39 49 20 33 24 30 28 28 39 25 501 15429 722 43 77 25 20 83 30 29 104 28 22 25 1912 23 39 27 20 24
leaf_count=2905 39 49 20 33 24 30 28 28 39 25 501 15429 722 43 77 25 20 83 30 29 104 28 22 25 1912 23 39 27 20 24
internal_value=2.21236e-10 0.929563 6.64239 0.829635 0.944657 7.8833 -0.168165 -4.09388 1.50186 1.86991 2.21732 -0.226189 0.829084 2.23206 5.26904 10.0506 1.91702 0.708954 -0.0209478 1.31545 2.33737 1.12221 6.49018 0.576875 0.970166 -0.480521 7.33852 4.65511 1.69595 6.46711
internal_weight=22403 3432 59 3373 3296 54 18971 77 637 598 570 18334 3242 494 165 68 97 329 296 213 184 154 50 2748 2003 745 91 66 545 44
internal_count=22403 3432 59 3373 3296 54 18971 77 637 598 570 18334 3242 494 165 68 97 329 296 213 184 154 50 2748 2003 745 91 66 545 44
is_linear=0
shrinkage=0.05


Tree=46
num_leaves=31
num_cat=0
split_feature=253 254 254 220 247 29 233 257 26 104 35 257 253 246 218 234 211 229 159 188 114 155 209 11 177 256 242 215 2 94
split_gain=1.31138e+06 882852 857861 989122 833170 580433 1.70457e+06 647151 879552 974752 670596 583261 500371 490747 471694 1.30869e+06 1.35415e+06 641670 464384 429326 607978 510500 675490 764351 513637 509817 500283 429668 405480 546488
threshold=353.25000000000006 -388.24999999999994 -325.74999999999994 2704.0000000000005 -1466.7499999999998 4512.7500000000009 309.25000000000006 823.68878173828136 656.75689697265636 968.30389404296886 1013.7500000000001 584.03851318359386 123.25000000000001 855.75000000000011 -1001.7499999999999 -1248.9999999999998 -99.749999999999986 1200.0135498046877 303.35211181640631 1579.757507324219 881.75000000000011 1955.2500000000002 1751.1822509765627 4374.6923828125009 509.75000000000006 2488.8974609375005 2426.962524414063 363.48815917968756 -641.74999999999989 623.25000000000011
decision_type=2 2 2 2 2 2 2 2 2 2 2 2 2 2 2 2 2 2 2 2 2 2 2 2 2 2 2 2 2 2
left_child=1 14 3 4 -2 7 -7 8 11 -10 -9 -6 28 18 17 16 -16 -1 -14 25 -21 22 24 -24 -22 26 -4 -23 29 -3
right_child=2 12 19 -5 5 6 -8 10 9 -11 -12 -13 13 -15 15 -17 -18 -19 -20 20 21 27 23 -25 -26 -27 -28 -29 -30 -31
leaf_value=-1.9656495695433964 -5.2065745241501755 -0.22387392145203924 0.43084212709357406 11.416456753341482 4.0415418255329127 16.649968371567905 -1.1169054172657154 4.1871526431706219 3.6292010545730591 17.301063407551158 -4.392436741244409 -1.7820932400760368 -0.53390059442201743 -3.7864401643416468 2.348300558520902 0.78707056287904864 19.035876483917235 7.1398634819757376 0.28431921946362471 8.7806723244984948 7.8913236576577894 6.0327435955856785 16.489148333072663 2.9835217779332943 -0.9606845725131663 -2.3471604917881757 8.1884460051854457 0.069566767623110648 -0.84489902985288412 4.7990128826011311
leaf_weight=246 34 3512 2008 32 120 27 27 36 32 22 62 67 2505 85 31 2117 20 21 5635 30 23 33 20 22 57 169 21 357 4977 55
leaf_count=246 34 3512 2008 32 120 27 27 36 32 22 62 67 2505 85 31 2117 20 21 5635 30 23 33 20 22 57 169 21 357 4977 55
internal_value=-2.72424e-09 -0.156132 0.937281 2.93779 2.30238 2.95201 7.76653 2.1851 3.57819 9.19922 -1.24075 1.955 -0.285318 -0.00694585 0.733524 0.977741 8.89245 -1.24949 0.0325206 0.602159 1.86254 1.45718 4.28002 9.41477 1.58427 0.291364 0.511133 0.574143 -0.553296 -0.146425
internal_weight=22403 19204 3199 459 427 393 54 339 241 54 98 187 16769 8225 2435 2168 51 267 8140 2740 542 512 122 42 80 2198 2029 390 8544 3567
internal_count=22403 19204 3199 459 427 393 54 339 241 54 98 187 16769 8225 2435 2168 51 267 8140 2740 542 512 122 42 80 2198 2029 390 8544 3567
is_linear=0
shrinkage=0.05


Tree=47
num_leaves=31
num_cat=0
split_feature=5 254 155 152 128 213 237 245 153 80 98 86 148 9 216 225 213 111 253 129 71 114 205 239 227 80 122 210 170 241
split_gain=1.20123e+06 773197 1.26935e+06 599344 1.4375e+06 575653 516789 481230 470104 498549 465857 472614 1.25316e+06 1.60322e+06 559753 484550 472493 873881 723553 875850 546761 1.16316e+06 704487 623422 586969 586586 645948 496472 1.15642e+06 1.23135e+06
threshold=421.66401672363287 -1324.9999999999998 2409.0000000000005 1481.2517700195315 -1418.7499999999998 -270.74999999999994 -463.90516662597651 267.75000000000006 3272.639526367188 3030.5000000000005 -3793.4999999999995 -3336.4999999999995 -1850.4999999999998 -3208.4999999999995 -1098.1788940429685 432.25000000000006 -341.74999999999994 -1831.9035034179685 631.25000000000011 639.25000000000011 932.75000000000011 399.25000000000006 -168.24999999999997 398.75000000000006 -533.74999999999989 -368.24999999999994 -687.74999999999989 280.75000000000006 -1273.2499999999998 142.25000000000003
decision_type=2 2 2 2 2 2 2 2 2 2 2 2 2 2 2 2 2 2 2 2 2 2 2 2 2 2 2 2 2 2
left_child=7 2 6 10 5 -5 -2 8 9 -1 -3 12 13 -12 15 -13 17 -16 20 -20 21 23 -22 -19 -23 26 -25 -18 29 -29
right_child=1 3 -4 4 -6 -7 -8 -9 -10 -11 11 14 -14 -15 16 -17 27 18 19 -21 22 24 -24 25 -26 -27 -28 28 -30 -31
leaf_value=-0.38096369860359242 5.6404357323279752 -4.8961952727015428 15.061534961064659 -3.8354477436311782 16.011924689156668 6.7399366676807411 -4.9053586755480083 0.41608470823400112 -6.2525810816708738 5.9676548584814997 1.6634579226155493 -1.0038221135508463 -0.60442266187002502 18.157078919043908 7.5450111583427146 4.4924973953337899 -0.206982992490296 0.63386829603265304 14.393956509503452 1.9170755728697166 -1.2859754499057878 3.2731294570899596 6.8012579128660011 7.3626900596278055 12.022562562094794 12.60032645970583 -2.7281128324311354 2.0323738401586358 0.65139143093363616 17.520206705729166
leaf_weight=12543 26 41 24 31 21 22 21 2227 34 31 34 886 86 26 54 42 2357 959 22 39 377 41 29 35 36 20 29 33 2256 21
leaf_count=12543 26 41 24 31 21 22 21 2227 34 31 34 886 86 26 54 42 2357 959 22 39 377 41 29 35 36 20 29 33 2256 21
internal_value=-4.9957e-09 0.512605 5.70585 0.463423 4.94095 0.554334 0.928485 -0.261503 -0.381188 -0.365312 0.418786 0.448306 3.2648 8.81069 0.391478 -0.755066 0.560152 1.28992 1.07708 6.41693 0.86363 1.43346 -0.708316 0.995652 7.36377 5.12602 2.79029 0.303551 0.824473 8.05542
internal_weight=22403 7568 71 7497 74 53 47 14835 12608 12574 7423 7382 146 60 7236 928 6308 1641 1587 61 1526 1120 406 1043 77 84 64 4667 2310 54
internal_count=22403 7568 71 7497 74 53 47 14835 12608 12574 7423 7382 146 60 7236 928 6308 1641 1587 61 1526 1120 406 1043 77 84 64 4667 2310 54
is_linear=0
shrinkage=0.05


Tree=48
num_leaves=31
num_cat=0
split_feature=254 252 232 210 164 149 253 245 136 253 247 47 191 225 29 87 13 220 227 198 138 205 248 103 177 8 225 206 87 125
split_gain=1.10058e+06 1.29369e+06 1.46887e+06 834111 1.45912e+06 985658 735993 598293 1.13605e+06 542561 541038 650663 573758 591368 526312 478678 586053 893243 915622 494913 463822 664071 437843 689848 932715 637456 955551 469702 505138 470368
threshold=-317.24999999999994 449.00000000000006 739.25000000000011 3297.5000000000005 2717.7500000000005 796.25000000000011 123.25000000000001 787.75000000000011 4962.5000000000009 70.750000000000014 -1292.7499999999998 1039.6253662109377 970.75000000000011 806.25000000000011 4512.7500000000009 4585.2500000000009 3536.4477539062505 -1024.2499999999998 489.75000000000006 1000.7500000000001 292.54426574707037 -1267.7499999999998 -662.24999999999989 501.95671081542974 1.0000000180025095e-35 852.75000000000011 -1005.7499999999999 -2383.9999999999995 -3289.2499999999995 -3679.3332519531245
decision_type=2 2 2 2 2 2 2 2 2 2 2 2 2 2 2 2 2 2 2 2 2 2 2 2 2 2 2 2 2 2
left_child=1 7 -3 4 5 -4 -2 8 9 10 -1 12 -12 -14 -9 16 22 -18 -19 -20 21 -8 23 -11 25 26 -25 -24 29 -29
right_child=6 2 3 -5 -6 -7 20 14 -10 15 11 -13 13 -15 -16 -17 17 18 19 -21 -22 -23 27 24 -26 -27 -28 28 -30 -31
leaf_value=-4.7457269893317928 -0.53623959181534497 -4.607741977839634 4.1925882548093796 16.998090235392251 -5.6239007836296446 16.070808371036286 8.3557569138350942 -1.1190347015857698 11.077347168555626 -0.10454381464049221 -0.2562367911577057 8.5935738823630583 11.323041699149393 0.45193592268845129 -10.102573763805887 -5.6652158663823053 11.860334494908651 -0.62828521783324498 13.795939870107743 2.8058367729187013 0.2872934441666678 -0.57392778446989856 -6.9032589769363399 0.11858946360074557 14.962394643866498 -3.2603715042273205 14.109446520085001 0.93060391403379905 0.6771246175182829 11.513252485366095
leaf_weight=61 7736 29 40 21 21 31 21 56 26 80 1421 22 22 29 23 26 30 87 21 20 8127 2430 20 26 23 24 23 21 1865 21
leaf_count=61 7736 29 40 21 21 31 21 56 26 80 1421 22 22 29 23 26 30 87 21 20 8127 2430 20 26 23 24 23 21 1865 21
internal_value=2.76201e-09 0.74167 5.43051 8.0067 5.95431 9.37885 -0.165594 0.572981 0.660957 0.590466 -0.130116 0.0583395 -0.0692252 5.14143 -3.7345 1.08041 1.15798 4.09481 2.27477 8.43491 0.10547 -0.497419 0.937335 3.32456 6.18215 3.41578 6.68573 0.719301 0.799244 6.22193
internal_weight=22403 4089 142 113 92 71 18314 3947 3868 3842 1555 1494 1472 51 79 2287 2261 158 128 41 10578 2451 2103 176 96 73 49 1927 1907 42
internal_count=22403 4089 142 113 92 71 18314 3947 3868 3842 1555 1494 1472 51 79 2287 2261 158 128 41 10578 2451 2103 176 96 73 49 1927 1907 42
is_linear=0
shrinkage=0.05


Tree=49
num_leaves=31
num_cat=0
split_feature=253 254 66 17 75 252 124 254 170 205 253 212 204 246 253 243 108 41 80 33 86 195 128 218 19 170 198 213 195 165
split_gain=1.02839e+06 709846 687412 1.04914e+06 572532 503663 1.3865e+06 644851 706623 833588 626799 473596 546607 731159 625855 467237 466666 605340 460106 569545 490039 439323 1.42168e+06 1.18132e+06 430953 648986 411510 809934 546232 949830
threshold=353.25000000000006 -388.24999999999994 2838.5000000000005 2108.5000000000005 321.16348266601568 -518.74999999999989 1200.0135498046877 -365.24999999999994 1392.0000000000002 2321.5000000000005 433.75000000000006 -2857.9999999999995 -922.99999999999989 -170.24999999999997 504.75000000000006 1200.0135498046877 3827.2500000000005 4423.6054687500009 2880.7500000000005 458.30326843261724 2845.2500000000005 2247.078247070313 2278.7500000000005 1128.2500000000002 943.09799194335949 1891.7500000000002 192.25000000000003 -276.74999999999994 889.23599243164074 3239.664916992188
decision_type=2 2 2 2 2 2 2 2 2 2 2 2 2 2 2 2 2 2 2 2 2 2 2 2 2 2 2 2 2 2
left_child=1 26 11 -4 -5 -6 7 8 -7 -10 -9 -2 13 -13 -15 21 17 -3 -12 -20 -21 22 24 -24 25 -14 28 -28 29 -1
right_child=2 16 3 4 5 6 -8 10 9 -11 18 12 15 14 -16 -17 -18 -19 19 20 -22 -23 23 -25 -26 -27 27 -29 -30 -31
leaf_value=0.31130054534721896 -6.7622670626098458 -0.25446664073508563 13.095802793295489 -4.651851115761132 -5.0721848297119143 12.918977986849271 15.236701046336783 9.0364036733453936 -2.3385201448109001 9.9885256171226509 -4.2046761979448037 12.581860132217408 0.3686515353332373 -0.96785286106169233 6.8317859194999517 6.5503821403749534 -6.7036764076777873 7.8626978293709131 6.608580783605575 5.715901940209525 -1.7068310110657305 -2.9260793774398337 0.25296985626220708 16.556280094146729 -2.7611587853632242 6.498746506734328 9.2434281201873514 1.3725140202322954 -2.7126546667105913 6.0984061730874553
leaf_weight=1694 22 16718 23 29 20 26 22 22 32 24 47 20 2305 64 43 31 28 23 40 28 108 97 20 25 107 44 35 494 138 74
leaf_count=1694 22 16718 23 29 20 26 22 22 32 24 47 20 2305 64 43 31 28 23 40 28 108 97 20 25 107 44 35 494 138 74
internal_value=1.33595e-09 -0.138264 0.830014 2.71278 2.11276 2.64439 3.0866 2.26917 6.10714 2.9445 0.98462 0.544684 0.603013 3.80678 2.16658 0.448247 -0.254102 -0.243315 0.190273 1.36392 -0.178621 0.375435 0.503482 9.31036 0.342118 0.483477 0.659475 1.89327 0.31704 0.553521
internal_weight=22403 19204 3199 421 398 369 349 327 82 56 245 2778 2756 127 107 2629 16769 16741 223 176 136 2598 2501 45 2456 2349 2435 529 1906 1768
internal_count=22403 19204 3199 421 398 369 349 327 82 56 245 2778 2756 127 107 2629 16769 16741 223 176 136 2598 2501 45 2456 2349 2435 529 1906 1768
is_linear=0
shrinkage=0.05


Tree=50
num_leaves=31
num_cat=0
split_feature=127 106 140 151 248 233 246 221 99 239 247 177 198 5 178 254 170 219 171 103 145 85 124 122 86 246 243 246 100 124
split_gain=957391 853371 677982 676927 644604 873348 784592 1.0849e+06 809990 717762 771566 1.09767e+06 701741 643835 495175 1.02538e+06 865772 560715 523336 515179 492542 363923 396398 377002 688536 422460 348926 337049 561479 913093
threshold=2574.5000000000005 1889.5000000000002 1917.7500000000002 4087.757446289063 772.00000000000011 429.75000000000006 1321.2500000000002 3611.6875000000005 4792.5000000000009 1236.7500000000002 -1466.7499999999998 -133.24999999999997 362.75000000000006 421.66401672363287 1790.0000000000002 -348.74999999999994 1438.7500000000002 -351.74999999999994 2918.0000000000005 640.96713256835949 366.65013122558599 2572.7500000000005 473.70811462402349 1488.7500000000002 2541.2500000000005 383.25000000000006 217.89883422851565 1238.2500000000002 1922.0000000000002 675.23397827148449
decision_type=2 2 2 2 2 2 2 2 2 2 2 2 2 2 2 2 2 2 2 2 2 2 2 2 2 2 2 2 2 2
left_child=13 -2 3 -3 5 9 -6 -8 -9 10 -4 -12 -13 21 15 -14 -17 -16 -19 -20 -7 22 26 -23 25 -25 -1 28 -22 -30
right_child=1 2 4 -5 6 20 7 8 -10 -11 11 12 14 -15 17 16 -18 18 19 -21 27 23 -24 24 -26 -27 -28 -29 29 -31
leaf_value=-0.99629116748034097 9.9395639737447112 2.5678115820273377 -5.9249176684547882 13.702409535362609 11.342563597361249 3.2924015621344247 -6.3334932433234323 12.576925186157228 0.56528667509555819 10.979607963562012 10.945070069836033 -2.7639165828394336 14.510274940988294 0.33166252586904332 -6.8990996769496382 -2.4490298819541931 8.8976093982828086 -0.66897408638681688 11.442861598470937 0.4703880691528321 -9.1240921186364226 -1.9031343367041611 -1.6297437062155791 3.4495411403038925 -0.78150213782986011 11.7430896793093 -0.14621528016444338 -6.7640146483766275 -2.9938249715048859 6.8395066661219452
leaf_weight=1335 30 39 34 21 30 36 27 25 32 20 31 86 23 6953 21 40 29 70 23 20 23 41 523 34 48 28 12604 47 99 31
leaf_count=1335 30 39 34 21 30 36 27 25 32 20 31 86 23 6953 21 40 29 70 23 20 23 41 523 34 48 28 12604 47 99 31
internal_value=-2.84517e-09 1.65914 1.35132 6.46492 0.940589 0.317275 4.40162 1.92271 5.83355 1.74921 1.25953 1.97169 1.08011 -0.0643931 2.54288 5.36745 2.31985 0.603614 1.99792 6.33939 -2.09153 -0.25284 -0.278336 2.18907 3.71435 7.19501 -0.227631 -3.06063 -1.92299 -0.648954
internal_weight=22403 837 807 60 747 633 114 84 57 397 377 343 312 21566 226 92 69 134 113 43 236 14613 14462 151 110 62 13939 200 153 130
internal_count=22403 837 807 60 747 633 114 84 57 397 377 343 312 21566 226 92 69 134 113 43 236 14613 14462 151 110 62 13939 200 153 130
is_linear=0
shrinkage=0.05


Tree=51
num_leaves=31
num_cat=0
split_feature=253 254 254 220 247 247 26 5 254 39 178 218 222 108 41 218 234 211 229 143 210 234 224 108 199 191 247 190 196 241
split_gain=885513 618034 585876 775040 675085 477818 962940 796677 806652 1.27361e+06 1.32347e+06 458660 589970 425894 529673 408526 1.15675e+06 1.19759e+06 527112 401328 857905 1.03334e+06 987752 594213 481456 424055 396345 369692 367650 1.09015e+06
threshold=353.25000000000006 -388.24999999999994 -325.74999999999994 2704.0000000000005 -1466.7499999999998 -979.74999999999989 640.96713256835949 1200.0135498046877 -554.74999999999989 4258.7199707031259 1116.2500000000002 109.75000000000001 501.95671081542974 3827.2500000000005 4423.6054687500009 -1001.7499999999999 -1248.9999999999998 -154.74999999999997 1200.0135498046877 -1373.2499999999998 -1273.7499999999998 -430.74999999999994 -992.24999999999989 -1803.4999999999998 -1637.4999999999998 -1789.7499999999998 409.25000000000006 1683.0000000000002 1494.7500000000002 247.25000000000003
decision_type=2 2 2 2 2 2 2 2 2 2 2 2 2 2 2 2 2 2 2 2 2 2 2 2 2 2 2 2 2 2
left_child=1 15 3 4 -2 6 -6 8 26 11 -11 -10 -13 14 -3 18 17 -17 -1 20 21 -18 -22 -21 -25 -24 -7 -14 -4 -30
right_child=2 13 28 -5 5 7 -8 -9 9 10 -12 12 27 -15 -16 16 19 -19 -20 23 22 -23 25 24 -26 -27 -28 -29 29 -31
leaf_value=-1.8784894901925957 -4.8981687570319465 -0.2365139672344988 0.24578419921330444 9.9286784205585725 -1.1393810531497002 -2.6556918513343994 13.335719059131765 -6.2823355670486185 7.1293652730110368 20.555284998633645 2.7837387895584111 4.5469026104348611 -4.4779809665679933 -6.3977770601000108 7.356402666672416 1.8739494464794797 2.5269290966647016 17.442187245686849 6.3742797352018812 -4.7399221814762464 10.126653407238148 16.355721034786921 -4.9666645394431228 -6.4947857419649768 0.63609423468329451 0.94444184488583116 4.761793256842572 3.565404049754143 7.1870947406842163 0.64184299804162293
leaf_weight=246 34 16718 2317 32 20 83 27 28 39 22 20 61 50 28 23 30 35 21 21 55 27 22 36 24 1725 193 23 20 78 345
leaf_count=246 34 16718 2317 32 20 83 27 28 39 22 20 61 50 28 23 30 35 21 21 55 27 22 36 24 1725 193 23 20 78 345
internal_value=6.81411e-10 -0.1283 0.770199 2.42343 1.86098 2.44574 7.1761 1.80318 2.51511 4.29578 12.0926 2.3695 0.952443 -0.236387 -0.226082 0.616063 0.84334 8.2844 -1.2294 0.66408 2.31682 7.86436 1.08163 0.377324 0.538243 0.0151849 -1.04624 -2.17987 0.493252 1.84877
internal_weight=22403 19204 3199 459 427 393 47 346 318 212 42 170 131 16769 16741 2435 2168 51 267 2117 313 57 256 1804 1749 229 106 70 2740 423
internal_count=22403 19204 3199 459 427 393 47 346 318 212 42 170 131 16769 16741 2435 2168 51 267 2117 313 57 256 1804 1749 229 106 70 2740 423
is_linear=0
shrinkage=0.05


Tree=52
num_leaves=31
num_cat=0
split_feature=253 254 172 193 247 243 149 4 211 225 184 189 223 192 65 93 247 85 187 44 197 95 58 232 10 246 219 87 108 79
split_gain=838107 1.03258e+06 958777 1.15705e+06 632574 735628 1.05999e+06 728280 597969 519106 435955 987309 929246 442498 480391 937838 614888 494274 446113 393915 606953 1.09827e+06 387240 415702 496400 375516 470424 372908 368066 471645
threshold=123.25000000000001 -309.24999999999994 -1173.0175170898435 -1043.7799682617185 739.75000000000011 1480.4058837890627 1636.7500000000002 7132.2351074218759 2551.2500000000005 930.25000000000011 1234.2500000000002 1256.2500000000002 1421.9373168945315 1172.2500000000002 1462.0000000000002 823.75000000000011 -565.24999999999989 -2063.2499999999995 1039.6253662109377 -824.74999999999989 596.75000000000011 546.45748901367199 2764.7500000000005 145.25000000000003 2137.0000000000005 366.25000000000006 124.25000000000001 -3289.2499999999995 4314.2500000000009 1027.7500000000002
decision_type=2 2 2 2 2 2 2 2 2 2 2 2 2 2 2 2 2 2 2 2 2 2 2 2 2 2 2 2 2 2
left_child=19 2 9 -4 5 7 -7 10 -6 27 11 13 -13 14 17 -16 -17 -5 -19 20 -1 25 23 -18 -25 26 -22 -2 29 -12
right_child=1 -3 3 4 8 6 -8 -9 -10 -11 28 12 -14 -15 15 16 22 18 -20 -21 21 -23 -24 24 -26 -27 -28 -29 -30 -31
leaf_value=-0.046747302729936421 4.5190278229890053 0.090436673383289201 11.455243694782258 7.9976515908653925 1.759149369739351 2.1631641684351743 16.45022827744484 -5.8507844335892623 13.554815743186257 5.4673902928829197 3.7351387037950405 1.0858314915843632 14.444057652155559 -3.9695577831829301 13.319785788158576 -1.086242237687111 9.09551063620526 1.2368584247267975 -5.3249673905196016 -0.56566875821342844 3.3015961046362747 14.139855234622956 10.886776998768683 6.5724930721780526 -3.1908636267979942 7.7878903388977054 -3.4691793408082883 -1.5682512562005178 4.2653931675535262 -2.8688343432816592
leaf_weight=3415 27 10509 32 26 21 37 20 34 22 32 34 23 30 34 24 64 23 637 27 6578 58 20 23 23 30 20 46 369 33 132
leaf_count=3415 27 10509 32 26 21 37 20 34 22 32 34 23 30 34 24 64 23 637 27 6578 58 20 23 23 30 20 46 369 33 132
internal_value=-1.27394e-09 0.278016 1.39997 2.0628 1.83107 1.62659 7.17617 1.36233 7.79414 -0.658211 1.5732 2.01303 8.64709 1.62708 1.84405 4.09192 2.73322 1.23485 0.970037 -0.336406 0.0873344 3.26712 5.20236 3.48208 1.04606 1.51345 0.30683 -1.15321 -0.557454 -1.51621
internal_weight=22403 12266 1757 1329 1297 1254 57 1197 43 428 1163 964 53 911 877 187 163 690 664 10137 3559 144 99 76 53 124 104 396 199 166
internal_count=22403 12266 1757 1329 1297 1254 57 1197 43 428 1163 964 53 911 877 187 163 690 664 10137 3559 144 99 76 53 124 104 396 199 166
is_linear=0
shrinkage=0.05


Tree=53
num_leaves=31
num_cat=0
split_feature=127 121 134 44 37 225 212 49 121 171 28 111 44 254 206 79 237 155 58 231 226 197 217 117 247 122 234 138 22 225
split_gain=783249 1.17189e+06 1.29941e+06 639743 824453 686704 786029 686284 2.07228e+06 611196 556354 672888 527768 641549 733920 593822 673289 540612 509289 642693 1.04507e+06 1.53174e+06 2.15478e+06 511665 627224 1.14985e+06 508142 504517 503522 488839
threshold=1190.5000000000002 338.75000000000006 1817.2500000000002 -824.74999999999989 -193.24999999999997 972.25000000000011 538.75000000000011 -518.24999999999989 -1484.2499999999998 824.25000000000011 356.75000000000006 45.100055694580085 122.25000000000001 -166.24999999999997 1102.7500000000002 -221.74999999999997 322.49183654785162 1899.2500000000002 2426.5000000000005 -1171.4999999999998 -667.24999999999989 1556.2500000000002 424.25000000000006 992.53356933593761 449.25000000000006 2547.2500000000005 -554.24999999999989 640.96713256835949 535.00000000000011 144.75000000000003
decision_type=2 2 2 2 2 2 2 2 2 2 2 2 2 2 2 2 2 2 2 2 2 2 2 2 2 2 2 2 2 2
left_child=3 2 9 4 5 7 -7 10 -9 -2 11 -1 13 14 15 -3 -17 -16 23 -20 21 26 -23 24 -14 -26 -21 -10 -15 -22
right_child=1 12 -4 -5 -6 6 -8 8 27 -11 -12 -13 18 28 17 16 -18 -19 19 20 29 22 -24 -25 25 -27 -28 -29 -30 -31
leaf_value=0.057630411562127296 6.9245812228747781 -2.881391951617073 17.560911960601807 -0.35570027309888053 8.9631263238412355 6.8311193864747715 0.20284341094420127 18.374174475669861 2.4035898882419544 -2.6122827495847432 -6.1462885022163398 8.8161421515724889 -0.14567903675373753 -1.8133417534952363 15.796779051694003 12.021084610621136 2.0634091389590297 4.4385378713160755 -5.5173576816916468 -4.9645539874122262 7.0096725195646288 25.601694476604465 3.1615037296129311 -6.2108432726426557 1.137437829517183 13.069000404357912 4.4887459955432201 -5.9357725597563249 5.704614595914709 0.67721158678643412
leaf_weight=6812 42 34 20 11678 27 83 97 20 133 28 36 22 2126 96 22 24 58 20 32 21 32 20 23 33 105 25 44 21 29 640
leaf_count=6812 42 34 20 11678 27 83 97 20 133 28 36 22 2126 96 22 24 58 20 32 21 32 20 23 33 105 25 44 21 29 640
internal_value=-3.37421e-09 0.690106 6.32119 -0.126654 0.242234 0.209639 3.25922 0.131712 3.23281 3.10984 0.0531684 0.0858258 0.540343 2.60731 4.72479 2.67428 4.97785 10.3881 0.35171 1.42755 1.71246 6.27776 13.5988 -0.0299325 0.0604798 3.43197 1.4346 1.2664 -0.0691759 0.978757
internal_weight=22403 3474 90 18929 7251 7224 180 7044 174 70 6870 6834 3384 283 158 116 82 42 3101 812 780 108 43 2289 2256 130 65 154 125 672
internal_count=22403 3474 90 18929 7251 7224 180 7044 174 70 6870 6834 3384 283 158 116 82 42 3101 812 780 108 43 2289 2256 130 65 154 125 672
is_linear=0
shrinkage=0.05


Tree=54
num_leaves=31
num_cat=0
split_feature=253 254 172 193 206 257 168 148 247 8 65 108 232 233 8 205 68 6 65 92 11 180 201 20 2 85 45 79 133 114
split_gain=729143 896462 854288 1.04388e+06 561141 1.34972e+06 757657 1.06022e+06 556436 548739 934131 1.02247e+06 666413 540285 521974 471940 451716 437053 508152 1.38295e+06 486757 551586 585708 965753 1.06055e+06 430534 548400 419905 411146 585553
threshold=123.25000000000001 -309.24999999999994 -1173.0175170898435 -1043.7799682617185 2719.7500000000005 1200.0135498046877 2232.2500000000005 3028.0000000000005 544.75000000000011 3941.7500000000005 2373.7500000000005 1983.7500000000002 739.25000000000011 150.25000000000003 3588.0000000000005 690.25000000000011 683.75418090820324 -2298.262817382812 -2840.4999999999995 -1940.2499999999998 5587.8076171875009 705.22543334960949 650.02038574218761 671.62503051757824 1491.2500000000002 1056.7500000000002 1245.7500000000002 -1842.4999999999998 -683.74999999999989 -1017.2499999999999
decision_type=2 2 2 2 2 2 2 2 2 2 2 2 2 2 2 2 2 2 2 2 2 2 2 2 2 2 2 2 2 2
left_child=-1 2 15 -4 6 -6 7 8 9 10 17 -12 -11 14 -8 28 -16 -5 -19 -20 21 22 27 -24 -25 -23 -27 -21 29 -2
right_child=1 -3 3 4 5 -7 13 -9 -10 12 11 -13 -14 -15 16 -17 -18 18 19 20 -22 25 23 24 -26 26 -28 -29 -30 -31
leaf_value=-0.31377620255586575 -0.63321762911017021 0.084535147212730213 10.851678371429443 8.7459039211273204 1.4590772590637209 16.320522525093775 -4.1115772631860557 13.291283283233643 9.2006191372871395 -5.4267267411215272 15.341730601970966 2.169941293492037 4.2328200120192312 -5.7465285490299101 9.8457880401611337 5.6373258488518854 -0.78101874351501466 -4.7226848539184116 14.503560829162598 7.7979542325843472 7.4525284405549375 -4.8087563279849377 -1.2449341944853467 18.185042936151678 2.8294349338697353 7.0960549468579508 -2.6385493584168263 0.76022926801638702 -3.2984035330532246 7.8881878061728052
leaf_weight=10137 241 10509 32 20 50 22 31 20 24 57 26 34 26 58 20 28 20 34 20 22 30 67 30 22 23 23 39 579 137 22
leaf_count=10137 241 10509 32 20 50 22 31 20 24 57 26 34 26 58 20 28 20 34 20 22 30 67 30 22 23 23 39 579 137 22
internal_value=1.39003e-09 0.259314 1.30471 1.93038 1.71027 6.00007 1.45813 1.88474 1.67272 1.50098 1.83519 7.87772 -2.40084 -2.16637 0.75826 -0.638088 4.53238 1.43635 1.2719 1.51029 1.19907 0.966021 1.53776 5.704 10.3366 -2.03008 0.972675 1.01785 -1.07737 0.0795996
internal_weight=22403 12266 1757 1329 1297 72 1225 1096 1076 1052 969 60 83 129 71 428 40 909 889 855 835 805 676 75 45 129 62 601 400 263
internal_count=22403 12266 1757 1329 1297 72 1225 1096 1076 1052 969 60 83 129 71 428 40 909 889 855 835 805 676 75 45 129 62 601 400 263
is_linear=0
shrinkage=0.05


Tree=55
num_leaves=31
num_cat=0
split_feature=5 254 155 237 247 53 187 150 181 74 187 236 100 115 233 239 246 253 5 110 163 155 229 17 93 246 253 43 240 47
split_gain=689065 559147 972167 431240 425689 780526 676480 1.22785e+06 555575 356965 621179 920938 615333 791970 375708 541380 354787 567031 761526 832176 564545 527365 477555 1.10797e+06 827315 494276 448539 424606 530620 418806
threshold=421.66401672363287 -1324.9999999999998 2409.0000000000005 -463.90516662597651 -1466.7499999999998 4849.9450683593759 1480.4058837890627 -853.24999999999989 190.16889953613284 4088.717407226563 469.55819702148443 473.70811462402349 2993.0000000000005 2906.5000000000005 259.25000000000006 174.75000000000003 -186.74999999999997 252.75000000000003 726.51162719726574 613.32830810546886 -1716.7499999999998 -1393.2499999999998 626.69149780273449 -2388.7499999999995 -1699.7499999999998 -252.24999999999997 115.25000000000001 -447.74999999999994 -802.24999999999989 715.72747802734386
decision_type=2 2 2 2 2 2 2 2 2 2 2 2 2 2 2 2 2 2 2 2 2 2 2 2 2 2 2 2 2 2
left_child=9 2 3 -2 5 8 16 -8 -3 12 11 -11 13 -1 15 -12 17 22 19 -19 29 -22 27 -24 -25 26 -26 28 -6 -18
right_child=1 4 -4 -5 6 -7 7 -9 -10 10 14 -13 -14 -15 -16 -17 20 18 -20 -21 21 -23 23 24 25 -27 -28 -29 -30 -31
leaf_value=-0.21980018836094706 4.927952450972338 -3.4771262006326156 12.992085425059001 -4.7055020275570101 -0.90750834270759873 -9.808112388232658 -1.4172903895378113 12.433776348829269 5.7417361378669742 1.5615376244891774 -4.0870326974175191 13.907712936401367 -6.3391720451959754 9.0656186062356703 -5.5368638321205426 6.3942788183689121 -1.9038816964527587 3.8910532128810886 -3.1202820920944214 16.182497851053874 6.2530147552490236 0.34400655169723998 13.403187063465948 -5.956819829858583 4.0290590187859916 10.055087728085725 -4.0034959375858312 -1.7479605877494562 3.4782014658265084 1.1362092923473668
leaf_weight=14627 26 44 24 21 135 29 32 32 26 44 22 23 41 23 27 28 483 40 20 21 38 5958 23 29 63 23 24 188 141 148
leaf_count=14627 26 44 24 21 135 29 32 32 26 44 22 23 41 23 27 28 483 40 20 21 38 5958 23 29 63 23 24 188 141 148
internal_value=-4.69806e-10 0.38824 4.80452 0.623643 0.346416 -2.91054 0.39 5.50824 -0.0529773 -0.198059 2.27927 5.79978 -0.222341 -0.205222 -0.784029 1.7825 0.345336 1.41005 5.34653 8.12253 0.231747 0.381455 0.900696 3.2379 1.55587 3.53649 1.81318 0.0846901 1.33302 -1.19083
internal_weight=22403 7568 71 47 7497 99 7398 64 70 14835 144 67 14691 14650 77 50 7334 707 81 61 6627 5996 626 162 139 110 87 464 276 631
internal_count=22403 7568 71 47 7497 99 7398 64 70 14835 144 67 14691 14650 77 50 7334 707 81 61 6627 5996 626 162 139 110 87 464 276 631
is_linear=0
shrinkage=0.05


Tree=56
num_leaves=31
num_cat=0
split_feature=254 220 192 253 253 137 225 206 32 189 163 164 238 195 167 206 4 159 164 192 212 215 110 6 177 43 64 163 83 31
split_gain=644722 838200 854304 482586 476119 560972 594252 724464 562473 543898 1.15475e+06 976411 1.01252e+06 785108 866108 902600 699004 643011 534556 600310 1.11239e+06 994700 1.29233e+06 697995 720625 533622 714054 858088 565618 737957
threshold=-317.24999999999994 2704.0000000000005 3799.5000000000005 123.25000000000001 167.75000000000003 -1824.9625244140623 2485.5000000000005 2719.7500000000005 -4875.7949218749991 49.750000000000007 414.75000000000006 1030.2500000000002 391.25000000000006 178.99432373046878 1422.0632934570315 -254.24999999999997 2611.692504882813 899.23205566406261 2133.0000000000005 -871.24999999999989 -1130.7499999999998 656.75689697265636 692.68301391601574 818.02166748046886 -455.24999999999994 -1131.2499999999998 -2669.4999999999995 -1360.9999999999998 -537.50531005859364 27.750000000000004
decision_type=2 2 2 2 2 2 2 2 2 2 2 2 2 2 2 2 2 2 2 2 2 2 2 2 2 2 2 2 2 2
left_child=1 4 -3 -2 18 8 7 9 -6 13 16 12 -12 25 15 -15 -11 -16 19 -1 21 23 -23 24 -21 26 -7 -28 -27 -30
right_child=3 2 -4 -5 5 6 -8 -9 -10 10 11 -13 -14 14 17 -17 -18 -19 -20 20 -22 22 -24 -25 -26 28 27 -29 29 -31
leaf_value=-1.0236654262883171 -0.42687172246061555 0.30992745702916924 14.091770400171695 0.092751758138110874 4.9832629880597521 -2.1779365062713625 -4.9422722518444067 11.168271682375954 -2.3753640249744059 -0.27181307100731394 3.7239158455530808 1.0974914822844262 17.244880528450011 4.905683237314225 -4.0257275541623434 17.084599711977202 -6.8242174153053572 8.1133319282531744 -4.246749413364074 1.0717021165953742 0.36967796120850105 20.231868605386644 3.0761126538981562 -5.9038022052674073 12.478401198387147 -2.9266482325019063 13.123988600571952 1.7754168110509074 6.6003927387297159 0.016082179827952948
leaf_weight=699 7736 22 23 10578 31 24 32 21 160 115 45 287 20 32 24 29 63 20 68 45 1912 21 23 21 20 74 36 31 64 127
leaf_count=699 7736 22 23 10578 31 24 32 21 160 115 45 287 20 32 24 29 63 20 68 45 1912 21 23 21 20 74 36 31 64 127
internal_value=-3.05965e-12 0.567658 7.35398 -0.126742 0.492142 1.31035 1.76615 1.97828 -1.18103 1.78353 0.691075 2.35072 7.88421 3.0395 6.8389 10.6957 -2.59092 1.49203 0.132409 0.24105 0.673976 5.1495 11.2641 2.0211 4.58146 1.9189 5.22232 7.87316 0.784512 2.22234
internal_weight=22403 4089 45 18314 4044 1235 1044 1012 191 991 530 352 65 461 105 61 178 44 2809 2741 2042 130 44 86 65 356 91 67 265 191
internal_count=22403 4089 45 18314 4044 1235 1044 1012 191 991 530 352 65 461 105 61 178 44 2809 2741 2042 130 44 86 65 356 91 67 265 191
is_linear=0
shrinkage=0.05


Tree=57
num_leaves=31
num_cat=0
split_feature=127 121 134 171 44 37 239 140 20 227 28 49 121 111 44 52 185 219 154 23 212 192 246 2 228 171 240 212 220 246
split_gain=617677 1.02781e+06 1.14832e+06 648724 561197 736320 617280 520355 795619 546166 489023 504864 1.48044e+06 594096 470427 580153 753162 723271 645910 474468 440476 1.72857e+06 671419 528144 806893 478821 452790 419316 417859 408486
threshold=1190.5000000000002 338.75000000000006 1601.7500000000002 824.25000000000011 -824.74999999999989 -193.24999999999997 915.25000000000011 209.75000000000003 -1682.3656616210935 803.75000000000011 341.75000000000006 -518.24999999999989 -1369.2499999999998 45.100055694580085 122.25000000000001 511.25000000000006 1300.7500000000002 786.75000000000011 1124.2500000000002 368.25000000000006 -135.74999999999997 1774.5000000000002 -299.24999999999994 712.75000000000011 1317.497497558594 75.250000000000014 291.25000000000006 -1655.2499999999998 -572.74999999999989 491.75000000000006
decision_type=2 2 2 2 2 2 2 2 2 2 2 2 2 2 2 2 2 2 2 2 2 2 2 2 2 2 2 2 2 2
left_child=4 2 3 -2 5 6 10 8 9 -8 11 13 -13 -1 15 16 -3 -18 -17 -16 21 23 -22 24 -21 27 29 -25 -24 -27
right_child=1 14 -4 -5 -6 -7 7 -9 -10 -11 -12 12 -14 -15 19 18 17 -19 -20 20 22 -23 28 25 -26 26 -28 -29 -30 -31
leaf_value=0.078090492882520679 6.0364222054928547 -0.31239274636858461 14.513579542107053 -4.5020161815311601 -0.32699846643246339 8.4746230302033592 -3.6187928758818533 -2.6384621408250597 10.000782744427944 5.9273517208714637 -5.2405439246268504 15.643841254711152 1.1560868628473091 8.3077665849165481 -1.9166946082644991 14.125054733753206 11.56490794022878 -0.71032630205154423 3.1201381188631059 1.2951108208273427 -7.1880878171613141 15.041447854560355 -6.9702477645874028 -8.6154842240469787 11.366427599589031 1.6237075368174025 8.6666453060507784 -0.88191891368478537 0.29081547710293892 -2.6191750853808959
leaf_weight=6857 40 173 27 23 11678 27 29 27 47 31 42 20 149 22 225 20 30 20 40 59 31 23 20 21 30 370 20 106 2129 67
leaf_count=6857 40 173 27 23 11678 27 29 27 47 31 42 20 149 22 225 20 30 20 40 59 31 23 20 21 30 370 20 106 2129 67
internal_value=1.93277e-09 0.612839 5.88641 2.18906 -0.112473 0.233028 0.202224 3.56419 5.12934 1.31338 0.138684 0.170739 2.87061 0.10441 0.472585 2.42404 1.24976 6.65481 6.78844 0.294493 0.467482 1.5626 0.117849 1.10196 4.68994 0.555156 1.30989 -2.1607 0.223239 0.973197
internal_weight=22403 3474 90 63 18929 7251 7224 134 107 60 7090 7048 169 6879 3384 283 223 50 60 3101 2876 696 2180 673 89 584 457 127 2149 437
internal_count=22403 3474 90 63 18929 7251 7224 134 107 60 7090 7048 169 6879 3384 283 223 50 60 3101 2876 696 2180 673 89 584 457 127 2149 437
is_linear=0
shrinkage=0.05


Tree=58
num_leaves=31
num_cat=0
split_feature=253 241 234 240 94 39 19 23 164 150 241 14 66 155 225 247 247 149 64 83 224 219 219 168 212 170 234 248 225 86
split_gain=579611 530093 669514 975426 485802 568187 516452 416134 679862 1.55593e+06 634389 607748 651326 944237 623895 591068 511766 411621 534456 495518 460415 409463 396268 792072 1.22424e+06 1.06401e+06 606164 530260 484611 472290
threshold=353.25000000000006 822.75000000000011 1247.5000000000002 117.75000000000001 4475.0000000000009 6213.5849609375009 858.00915527343761 3663.7500000000005 1533.2500000000002 1306.7500000000002 211.75000000000003 3281.2500000000005 2838.5000000000005 1955.2500000000002 1429.7500000000002 -272.74999999999994 -99.749999999999986 2030.0000000000002 5263.2500000000009 4393.0427246093759 2718.2500000000005 586.75000000000011 -542.74999999999989 1073.5000000000002 -1321.2499999999998 758.50000000000011 -960.49999999999989 14.250000000000002 -1118.7499999999998 -3336.4999999999995
decision_type=2 2 2 2 2 2 2 2 2 2 2 2 2 2 2 2 2 2 2 2 2 2 2 2 2 2 2 2 2 2
left_child=1 2 4 -4 5 22 -7 11 9 16 21 12 -2 -14 -15 -12 -9 -17 19 -19 -20 -10 23 28 -25 -26 -24 -27 -1 -30
right_child=7 -3 3 -5 -6 6 -8 8 10 -11 15 -13 13 14 -16 17 -18 18 20 -21 -22 -23 26 24 25 27 -28 -29 29 -31
leaf_value=-2.2376668106634172 0.46042570917408931 -3.6987207627763938 13.890516662597657 -0.59786247106698853 -6.9292386788588303 1.0265680585588728 10.671545870407769 -4.1337978487429412 2.0960329147321839 16.446946114760177 -8.6121618902683252 -2.7151559850407971 10.63488073532398 -3.4276149348208778 5.8954923433416031 -5.7498031003134598 6.8022659111022952 0.9061394857323688 -4.3848063957996857 11.402303574301982 4.7980627150762656 11.463105952739717 7.6982856313387558 13.788125421221441 11.331387934477434 -2.8104747936345529 -0.25472623733893041 6.4358696079254152 3.3588692035310523 0.19339745033662237
leaf_weight=200 2681 102 21 26 26 35 23 23 28 26 20 144 39 38 34 21 20 23 39 22 21 20 24 26 23 69 13984 20 121 4504
leaf_count=200 2681 102 21 26 26 35 23 23 28 26 20 144 39 38 34 21 20 23 39 22 21 20 24 26 23 69 13984 20 121 4504
internal_value=-5.43477e-09 -0.1038 -0.0846038 5.87567 -0.0993051 -0.0899731 4.8513 0.623123 2.5285 6.79114 1.0124 0.452444 0.615816 4.36899 0.974964 -0.627023 0.952743 0.640459 1.91851 6.0376 -1.1708 5.99898 -0.10508 0.278835 4.01382 1.74479 -0.2411 -0.732645 0.172011 0.276213
internal_weight=22403 19204 19102 47 19055 19029 58 3199 263 69 194 2936 2792 111 72 146 43 126 105 45 60 48 18971 4963 138 112 14008 89 4825 4625
internal_count=22403 19204 19102 47 19055 19029 58 3199 263 69 194 2936 2792 111 72 146 43 126 105 45 60 48 18971 4963 138 112 14008 89 4825 4625
is_linear=0
shrinkage=0.05


Tree=59
num_leaves=31
num_cat=0
split_feature=254 220 248 239 219 164 244 196 12 192 212 141 247 190 213 233 177 147 253 136 108 243 246 171 240 17 36 253 211 12
split_gain=551705 722161 817350 412977 523302 687499 946521 611595 658739 544064 578018 498436 756256 494252 496603 478657 452936 571155 407821 554555 732832 422767 1.3456e+06 554010 415313 513329 393048 392969 883701 390288
threshold=-317.24999999999994 2704.0000000000005 624.75000000000011 290.25000000000006 -394.74999999999994 2030.0000000000002 975.10165405273449 -379.24999999999994 943.09799194335949 776.25000000000011 -967.24999999999989 -1535.2499999999998 35.250000000000007 500.25000000000006 -341.74999999999994 -659.74999999999989 2051.5000000000005 2492.7500000000005 70.750000000000014 2231.7500000000005 2268.7500000000005 1480.4058837890627 242.75000000000003 4196.0000000000009 -1050.2499999999998 1303.7500000000002 3059.5000000000005 631.25000000000011 -230.24999999999997 531.55700683593761
decision_type=2 2 2 2 2 2 2 2 2 2 2 2 2 2 2 2 2 2 2 2 2 2 2 2 2 2 2 2 2 2
left_child=1 18 -3 16 5 6 7 8 -5 10 -9 12 -6 -12 -15 -13 17 27 19 20 24 23 -23 -20 25 -1 29 -2 -29 -26
right_child=3 2 -4 4 11 -7 -8 9 -10 -11 13 15 -14 14 -16 -17 -18 -19 21 -21 -22 22 -24 -25 26 -27 -28 28 -30 -31
leaf_value=-3.8508631259855566 -0.31482889652441748 0.79704545974731456 14.358153567314147 0.72771092563609541 -1.0639040656711745 -6.6050738873390049 12.396820306777954 11.147397370338441 -7.7683588470021894 -3.9473138978083933 1.8656980999491433 5.5118166067661392 11.902976790341464 13.118580265478656 3.2961150054008734 -0.046930130769304697 -7.6283055441720151 6.729641631553914 0.82328669712892322 -6.0649799835987581 7.5820957372265489 15.154553193137758 -0.85495162418910431 -7.5329734706878675 -0.20636022267482657 3.1827102184295657 -5.8578352804537177 12.277779531478883 -1.2029035368273338 1.9328810457181753
leaf_weight=137 11792 25 20 462 23 26 20 25 24 24 176 39 22 22 31 5527 21 29 2405 39 31 21 35 20 1028 32 27 20 31 269
leaf_count=137 11792 25 20 462 23 26 20 25 24 24 176 39 22 22 31 5527 21 29 2405 39 31 21 35 20 1028 32 27 20 31 269
internal_value=-1.12488e-09 0.525114 6.8242 -0.117243 0.205893 1.39391 1.65918 1.37809 0.308152 3.24856 3.92849 0.034392 5.27546 3.1404 7.37336 -0.00798095 -0.291704 -0.278726 0.45502 -0.177585 -0.0269235 0.853554 5.14861 0.754369 -0.184914 -2.51906 0.113025 -0.295888 4.08364 0.237322
internal_weight=22403 4089 45 18314 6421 810 784 764 486 278 254 5611 45 229 53 5566 11893 11872 4044 1563 1524 2481 56 2425 1493 169 1324 11843 51 1297
internal_count=22403 4089 45 18314 6421 810 784 764 486 278 254 5611 45 229 53 5566 11893 11872 4044 1563 1524 2481 56 2425 1493 169 1324 11843 51 1297
is_linear=0
shrinkage=0.05


Tree=60
num_leaves=31
num_cat=0
split_feature=253 246 215 96 226 211 199 152 155 102 253 5 245 224 156 44 113 227 171 233 65 208 257 233 232 184 120 248 233 115
split_gain=510961 634990 680550 798776 409676 549126 974453 497626 877746 519567 577475 519961 440484 524227 550397 604836 484340 444436 564587 534768 700832 582699 525700 426542 415620 387274 371192 760317 672271 500638
threshold=123.25000000000001 -595.49999999999989 626.69149780273449 899.23205566406261 -737.99999999999989 -381.24999999999994 -1466.4999999999998 300.89141845703131 -541.24999999999989 5759.3698730468759 709.25000000000011 943.09799194335949 -191.24999999999997 96.250000000000014 -47.749999999999993 -251.24999999999997 -825.74999999999989 -456.24999999999994 -1072.7499999999998 -1572.9999999999998 2373.7500000000005 439.39459228515631 403.47026062011724 -1271.2499999999998 111.75000000000001 -434.74999999999994 -1996.7499999999998 -102.74999999999999 51.750000000000007 -2185.9999999999995
decision_type=2 2 2 2 2 2 2 2 2 2 2 2 2 2 2 2 2 2 2 2 2 2 2 2 2 2 2 2 2 2
left_child=-1 2 -2 -4 5 7 -7 8 -3 10 11 -9 17 14 16 -16 -14 18 -8 -20 21 22 -21 -6 25 -18 27 -25 -29 -28
right_child=1 4 3 -5 23 6 12 9 -10 -11 -12 -13 13 -15 15 -17 24 -19 19 20 -22 -23 -24 26 -26 -27 29 28 -30 -31
leaf_value=-0.26266814219320056 -0.21415789888964759 0.78570810103416444 16.327509778738023 2.1961924171447755 6.4759410931513859 12.81693372130394 9.0260112242265187 -0.17410044772074607 13.179474966824055 7.9236396217346199 6.5954685431718829 -5.6938940678702465 -0.039423671364784245 11.126677160263062 6.3341931766477124 -2.0944601285457614 8.3991868221398569 -3.6759241823880178 -5.815361072335925 0.083429038113561171 9.9640011874112222 -2.1153698509389702 10.205690436129984 9.6604196802775064 12.911033638663916 -0.052668313358141032 -5.2932086891748691 -1.2375086645717206 8.0088607318401337 0.051411864793517531
leaf_weight=10137 36 50 20 20 26 21 22 822 20 20 30 45 32 20 29 80 33 53 28 29 22 88 23 30 23 23 44 92 25 10460
leaf_count=10137 36 50 20 20 26 21 22 822 20 20 30 45 32 20 29 80 33 53 28 29 22 88 23 30 23 23 44 92 25 10460
internal_value=-1.44966e-09 0.217077 4.77322 9.26185 0.188671 0.958677 2.2635 0.263299 4.32678 -0.0468909 -0.224606 -0.460595 1.82465 3.37634 2.67177 0.148026 5.15004 0.419336 1.44315 0.565135 1.66794 0.36427 4.56058 0.0795565 7.2521 4.92789 0.0639424 2.55907 0.738211 0.0290239
internal_weight=22403 12266 76 40 12190 1513 526 987 70 917 897 867 505 240 220 109 111 265 212 190 162 140 52 10677 79 56 10651 147 117 10504
internal_count=22403 12266 76 40 12190 1513 526 987 70 917 897 867 505 240 220 109 111 265 212 190 162 140 52 10677 79 56 10651 147 117 10504
is_linear=0
shrinkage=0.05


Tree=61
num_leaves=31
num_cat=0
split_feature=127 114 128 141 17 177 138 248 241 225 204 226 240 225 135 150 159 206 219 211 79 218 210 199 218 41 92 247 220 245
split_gain=487921 720804 571171 728763 542566 541547 767352 603340 834591 679291 971431 620107 597902 862176 633574 520052 413429 751463 392007 624007 825312 691759 872633 705334 625513 528004 831844 858231 474187 461358
threshold=2574.5000000000005 1594.2500000000002 1733.5000000000002 1933.0000000000002 2010.7500000000002 -268.24999999999994 683.63073730468761 772.00000000000011 1241.5000000000002 949.75000000000011 876.00000000000011 2002.0000000000002 -104.74999999999999 674.75000000000011 2491.5000000000005 3271.2500000000005 754.08599853515636 3327.2500000000005 -868.74999999999989 -665.24999999999989 -3728.7499999999995 451.75000000000006 -1273.7499999999998 -974.74999999999989 -299.74999999999994 -968.45840454101551 230.25000000000003 -823.24999999999989 -330.74999999999994 -131.74999999999997
decision_type=2 2 2 2 2 2 2 2 2 2 2 2 2 2 2 2 2 2 2 2 2 2 2 2 2 2 2 2 2 2
left_child=18 4 -3 -4 -2 6 -5 9 15 10 -7 -10 13 14 -12 -9 17 -11 19 28 -21 22 -22 24 -24 26 27 -25 -1 -30
right_child=1 2 3 5 -6 7 -8 8 11 16 12 -13 -14 -15 -16 -17 -18 -19 -20 20 21 -23 23 25 -26 -27 -28 -29 29 -31
leaf_value=-0.25127741566249956 12.22361396789551 -6.4689831128487221 10.035094759681009 -0.77354227542877207 1.698696307341258 -1.879127744290064 12.758567057956348 14.360617197078207 -3.853767239420038 -1.4860411718424331 9.1359425981839504 6.167321580648423 0.3587726434071859 12.912699373563132 -1.6109291940927506 3.6077434886585587 -4.8341609319051111 8.385843767438617 -0.12342318423890866 10.503681814193726 9.7598022845483605 -7.2655214434084687 -3.6585626977054697 12.754338483810425 4.5658465110022446 0.81315113054068822 13.388196768760682 1.9721219742647276 -0.10306382519858225 8.9735777633530756
leaf_weight=1492 25 26 22 20 24 106 22 23 38 235 24 26 57 36 32 22 78 21 19051 25 31 23 114 20 29 466 20 239 28 28
leaf_count=1492 25 26 22 20 24 106 22 23 38 235 24 26 57 36 32 22 78 21 19051 25 31 23 114 20 29 466 20 239 28 28
internal_value=1.78432e-09 1.18444 0.818552 1.06721 7.06855 0.800595 6.31471 0.468801 3.88598 -0.163581 1.77974 0.2173 4.38269 6.87576 2.99487 9.10366 -1.64725 -0.676238 -0.0459695 0.540738 1.53722 1.29925 1.51361 1.22573 -1.99068 1.84311 3.5634 2.80473 -0.0817387 4.43526
internal_weight=22403 837 788 762 49 740 42 698 109 589 255 64 149 92 56 45 334 256 21566 2515 967 942 919 888 143 745 279 259 1548 56
internal_count=22403 837 788 762 49 740 42 698 109 589 255 64 149 92 56 45 334 256 21566 2515 967 942 919 888 143 745 279 259 1548 56
is_linear=0
shrinkage=0.05


Tree=62
num_leaves=31
num_cat=0
split_feature=127 121 134 171 23 44 37 246 181 100 28 132 127 44 183 191 254 253 52 23 49 121 113 205 210 191 213 212 128 233
split_gain=468424 906366 1.0153e+06 491314 586911 467775 649168 527206 486891 513641 457520 463600 648844 413801 534926 619040 562163 455780 455154 410075 392154 1.16199e+06 398420 393751 388189 376257 551394 718036 373107 651169
threshold=1190.5000000000002 338.75000000000006 1817.2500000000002 1016.2500000000001 794.50000000000011 -824.74999999999989 -193.24999999999997 798.00000000000011 33.235607147216804 -608.74999999999989 341.75000000000006 -76.20263290405272 481.25000000000006 122.25000000000001 1609.2500000000002 1069.0000000000002 -214.24999999999997 614.25000000000011 567.75000000000011 368.25000000000006 -518.24999999999989 -1350.2499999999998 1074.2500000000002 992.00000000000011 984.25000000000011 -2366.9999999999995 -1473.9999999999998 -1465.2499999999998 -588.24999999999989 192.75000000000003
decision_type=2 2 2 2 2 2 2 2 2 2 2 2 2 2 2 2 2 2 2 2 2 2 2 2 2 2 2 2 2 2
left_child=5 2 3 4 -2 6 7 10 9 28 11 20 -13 14 17 -16 -17 18 -3 -15 22 -22 23 24 -1 -21 -27 -28 29 -9
right_child=1 13 -4 -5 -6 -7 -8 8 -10 -11 -12 12 -14 19 15 16 -18 -19 -20 25 21 -23 -24 -25 -26 26 27 -29 -30 -31
leaf_value=0.077763092500557587 10.713717984199524 0.8580112122806014 15.421176209449769 -3.9759734153747561 -0.12058497476577759 -0.29380342053915554 7.9559842392250353 0.15845463384281508 -4.0703160953521733 11.267108119617809 -5.1390621196206023 9.7275666067997619 0.72170417626698813 -1.8207236991143891 12.425689542293549 8.3391382751464853 -1.8128644577662152 -5.3043557996933277 8.6959077925909138 6.6300643603007003 13.889314953088761 0.87174931138753886 -6.81831955909729 -5.6362168498833976 5.4338480079875282 -6.3995501856009165 7.4312230787343454 0.32432792022428497 -3.2797064591501837 9.0320046372902691
leaf_weight=6723 25 157 20 20 25 11678 27 44 20 22 41 30 60 225 24 25 30 26 21 24 20 120 21 30 34 30 36 2786 20 39
leaf_count=6723 25 157 20 20 25 11678 27 44 20 22 41 30 60 225 24 25 30 26 21 24 20 120 21 30 34 30 36 2786 20 39
internal_value=-1.46269e-10 0.533686 5.48592 2.64727 5.29657 -0.0979462 0.217489 0.188566 3.17308 4.33202 0.127434 0.158114 3.72366 0.401977 2.23222 5.72543 2.80168 0.879454 1.78271 0.234948 0.111928 2.7314 0.0580612 0.0793378 0.104714 0.395771 0.343308 0.41499 2.85074 4.32795
internal_weight=22403 3474 90 70 50 18929 7251 7224 145 125 7079 7038 90 3384 283 79 55 204 178 3101 6948 140 6808 6787 6757 2876 2852 2822 103 83
internal_count=22403 3474 90 70 50 18929 7251 7224 145 125 7079 7038 90 3384 283 79 55 204 178 3101 6948 140 6808 6787 6757 2876 2852 2822 103 83
is_linear=0
shrinkage=0.05


Tree=63
num_leaves=31
num_cat=0
split_feature=254 220 192 225 141 87 212 241 223 4 136 220 138 216 78 239 219 164 244 196 12 192 212 87 141 247 236 250 171 176
split_gain=446305 616298 745852 387161 814335 657020 657432 633385 830734 1.81389e+06 645273 658606 528080 504979 404835 350037 447545 617680 826202 536459 581450 488823 498704 471292 433682 653119 429871 603212 520269 694016
threshold=-317.24999999999994 2704.0000000000005 3799.5000000000005 2485.5000000000005 5256.5000000000009 4585.2500000000009 608.75000000000011 -204.24999999999997 1527.1917724609377 3887.892456054688 1075.7500000000002 661.75000000000011 435.53199768066412 2120.2661132812505 1507.2500000000002 290.25000000000006 -394.74999999999994 2030.0000000000002 975.10165405273449 -379.24999999999994 943.09799194335949 776.25000000000011 -967.24999999999989 1176.0000000000002 -1535.2499999999998 35.250000000000007 992.53356933593761 943.09799194335949 2918.0000000000005 2873.0000000000005
decision_type=2 2 2 2 2 2 2 2 2 2 2 2 2 2 2 2 2 2 2 2 2 2 2 2 2 2 2 2 2 2
left_child=1 3 -3 4 5 6 -1 -8 9 10 11 -9 -10 -14 -12 -2 17 18 19 20 -17 22 -21 -24 25 -18 27 28 29 -26
right_child=15 2 -4 -5 -6 -7 7 8 12 -11 14 -13 13 -15 -16 16 24 -19 -20 21 -22 -23 23 -25 26 -27 -28 -29 -30 -31
leaf_value=0.25474386657919867 -0.26606759266635316 -0.29036685770208187 12.587009631032529 -4.6836426374074582 10.047784644907171 -6.0563065394377098 -1.4189936557448055 8.0299521482907803 -4.2680387994647031 18.883698846982874 12.815024929046633 -1.3456706079084482 -0.83231695741415024 6.723633260843231 3.9850657516055636 0.67164532013189104 -0.96902208328247075 -6.2912363125727735 11.574132315218449 10.381189667701722 -7.3104628781477619 -3.789446085691452 2.0130665608814784 8.4718068325158331 -0.034602645225987563 11.081257783824748 3.9747308311177729 -7.6524118130023666 4.2037391424179082 -8.0709933952048978
leaf_weight=3566 11893 22 23 37 22 39 83 26 40 23 25 67 48 41 27 462 23 26 20 25 24 24 196 33 5374 22 67 26 72 27
leaf_count=3566 11893 22 23 37 22 39 83 26 40 23 25 67 48 41 27 462 23 26 20 25 24 24 196 33 5374 22 67 26 72 27
internal_value=-4.84895e-09 0.472298 6.2914 0.407545 0.454557 0.401595 0.465421 2.44246 3.52159 5.83879 3.76959 1.27547 0.503846 2.64851 8.23024 -0.105451 0.192044 1.29071 1.54215 1.27953 0.277467 3.03134 3.67583 2.9438 0.0334418 4.92223 -0.006083 -0.0545854 -0.0184912 -0.0747772
internal_weight=22403 4089 45 4044 4007 3985 3946 380 297 168 145 93 129 89 52 18314 6421 810 784 764 486 278 254 229 5611 45 5566 5499 5473 5401
internal_count=22403 4089 45 4044 4007 3985 3946 380 297 168 145 93 129 89 52 18314 6421 810 784 764 486 278 254 229 5611 45 5566 5499 5473 5401
is_linear=0
shrinkage=0.05


Tree=64
num_leaves=31
num_cat=0
split_feature=253 246 2 229 247 40 236 232 253 118 163 127 49 201 64 198 199 254 33 40 232 234 27 156 205 186 93 115 198 176
split_gain=428237 541612 620938 629571 392983 811909 560753 666503 758551 646869 783330 965792 707708 609950 539989 1.09999e+06 495324 460734 474289 407803 482266 434072 588898 393856 621644 332159 596776 801418 377916 552162
threshold=121.75000000000001 -595.49999999999989 -2042.2499999999998 798.89459228515636 -1466.7499999999998 633.87484741210949 992.53356933593761 -216.24999999999997 522.75000000000011 2064.812133789063 3202.7500000000005 3598.2500000000005 3314.7500000000005 1039.6253662109377 1123.7500000000002 -1167.7499999999998 2818.0000000000005 -658.24999999999989 943.09799194335949 1109.719909667969 898.25000000000011 666.75000000000011 1867.7817382812502 -3065.7499999999995 -1922.7499999999998 -1113.2775268554685 1298.2500000000002 3129.0000000000005 -11.749999999999998 -194.74999999999997
decision_type=2 2 2 2 2 2 2 2 2 2 2 2 2 2 2 2 2 2 2 2 2 2 2 2 2 2 2 2 2 2
left_child=-1 2 -2 -4 5 -3 13 8 -8 14 11 12 -11 17 15 -9 -12 25 23 21 -21 22 -20 24 -19 -6 28 -28 29 -27
right_child=1 4 3 -5 6 -7 7 9 -10 10 16 -13 -14 -15 -16 -17 -18 18 19 20 -22 -23 -24 -25 -26 26 27 -29 -30 -31
leaf_value=-0.24293013563233684 11.967176463603975 2.7122596820195515 -2.7221772573210981 8.0540192604064949 -1.0744842295845352 -8.112055303992296 12.412005390659456 -4.6102709192218203 0.10440015877996173 9.4898663981207498 -7.5777616364615303 14.918076884228251 -0.32821121025085453 -7.3696456511815391 -5.3603429124905517 8.8636363617011487 2.4344412740071615 -1.3156125863393149 -4.4956115497301701 -2.6046900148744938 7.6392120170593261 -7.8974978151775552 3.3187000287903681 0.13574111528231209 9.7439672434771509 4.9092164395032114 -4.1631110234958371 6.3951905608177189 2.3905664285024009 15.870350756645204
leaf_weight=10024 20 30 33 23 48 41 31 33 21 29 21 23 50 27 52 28 30 24 73 27 20 42 36 11440 27 27 41 32 30 20
leaf_count=10024 20 30 33 23 48 41 31 33 21 29 21 23 50 27 52 28 30 24 73 27 20 42 36 11440 27 27 41 32 30 20
internal_value=-3.82196e-09 0.196715 4.40466 1.70376 0.170721 -3.5384 0.19225 2.26441 7.44163 1.25232 3.37132 5.90109 3.27589 0.136942 -1.61677 1.57447 -1.68823 0.153992 0.113478 -2.31285 1.75442 -3.57882 -1.91474 0.155286 4.53946 2.54574 3.70421 0.465186 6.77497 9.57353
internal_weight=22403 12379 76 56 12303 71 12232 318 52 266 153 102 79 11914 113 61 51 11887 11689 198 47 151 109 11491 51 198 150 73 77 47
internal_count=22403 12379 76 56 12303 71 12232 318 52 266 153 102 79 11914 113 61 51 11887 11689 198 47 151 109 11491 51 198 150 73 77 47
is_linear=0
shrinkage=0.05


Tree=65
num_leaves=31
num_cat=0
split_feature=254 184 54 164 212 162 241 136 189 247 43 183 76 85 41 254 233 134 58 239 219 194 246 177 238 138 75 234 36 17
split_gain=392201 552425 612518 466448 503253 709976 803936 605525 998615 483038 496825 370171 369545 365873 410206 358128 335145 519249 476028 310104 682351 603895 509277 431728 425595 509197 409556 407188 387240 368841
threshold=-317.24999999999994 3584.2500000000005 798.89459228515636 4453.7500000000009 608.75000000000011 2083.0000000000005 -167.74999999999997 795.25000000000011 920.50000000000011 282.75000000000006 953.25000000000011 1320.7500000000002 1539.5970458984377 2506.5000000000005 2654.6701660156255 -420.24999999999994 713.00000000000011 4420.0000000000009 4008.2500000000005 468.75000000000006 -400.24999999999994 715.80612182617199 829.50000000000011 2211.7500000000005 40.250000000000007 343.20410156250006 1200.0135498046877 134.75000000000003 3518.2500000000005 -1476.4999999999998
decision_type=2 2 2 2 2 2 2 2 2 2 2 2 2 2 2 2 2 2 2 2 2 2 2 2 2 2 2 2 2 2
left_child=1 3 -3 4 16 6 -6 11 -9 10 -10 15 -12 -7 -15 -8 17 18 -1 22 21 24 23 26 -21 -26 -2 -27 -23 -22
right_child=19 2 -4 -5 5 13 7 8 9 -11 12 -13 -14 14 -16 -17 -18 -19 -20 20 29 28 -24 -25 25 27 -28 -29 -30 -31
leaf_value=0.26634314569270834 -0.21162431933571196 0.83084214650667632 12.469600200653076 -6.7194160793138593 -1.6668028547052753 -3.7399082155550945 -5.1427427988785972 14.417703564026779 9.3394879785451028 11.530327873229981 -4.2636987129847208 6.4771823306878407 3.6613522529602052 7.0856313892032787 -0.55936486745202874 3.3272209107875828 -6.0690028054373606 7.9238623315637771 -6.799320975939434 0.42579670810699466 1.8793500196753126 -2.8556460401751629 6.4196601037321415 -6.7778341779708873 -2.273057287389582 11.845880534251531 6.7759676680678416 4.8078321980429699 4.8732055300758006 -0.071883778616094823
leaf_weight=3528 14687 26 20 23 57 59 26 34 22 20 24 24 38 23 74 24 21 22 24 75 264 71 29 25 22 24 21 143 21 2932
leaf_count=3528 14687 26 20 23 57 59 26 34 22 20 24 24 38 23 74 24 21 22 24 75 264 71 29 25 22 24 21 143 21 2932
internal_value=8.84804e-11 0.442746 5.89117 0.380755 0.421378 2.04844 3.60471 5.02205 6.97884 4.5469 2.88418 1.3729 0.593591 -0.635116 1.25337 -1.07716 0.229027 0.266032 0.218602 -0.0988526 0.320586 2.39701 -0.199777 -0.212806 3.61268 4.87732 -0.201647 5.81929 -1.09145 0.0892945
internal_weight=22403 4089 46 4043 4020 425 269 212 138 104 84 74 62 156 97 50 3595 3574 3552 18314 3552 356 14762 14733 264 189 14708 167 92 3196
internal_count=22403 4089 46 4043 4020 425 269 212 138 104 84 74 62 156 97 50 3595 3574 3552 18314 3552 356 14762 14733 264 189 14708 167 92 3196
is_linear=0
shrinkage=0.05


Tree=66
num_leaves=31
num_cat=0
split_feature=253 226 136 211 75 6 225 9 216 27 197 199 36 211 87 244 234 198 222 127 252 190 86 129 233 131 198 239 245 205
split_gain=375913 499192 607457 472776 980852 694128 664873 627744 528104 473027 441599 452655 436134 399543 430639 619134 491869 437687 402928 359213 345574 724937 587915 798670 1.93734e+06 485092 643264 609022 503519 456286
threshold=121.75000000000001 -763.74999999999989 4067.5000000000005 -710.74999999999989 1109.719909667969 -826.60409545898426 -620.74999999999989 -2261.7499999999995 2232.648559570313 -1313.185119628906 -456.74999999999994 -349.74999999999994 -694.74999999999989 -457.74999999999994 -916.24999999999989 -495.36058044433588 7.7500000000000009 -861.74999999999989 389.14147949218756 1490.2500000000002 775.75000000000011 4245.2500000000009 4238.2500000000009 2801.0000000000005 1093.0000000000002 754.08599853515636 -2127.9999999999995 -545.74999999999989 1415.7500000000002 -1410.2499999999998
decision_type=2 2 2 2 2 2 2 2 2 2 2 2 2 2 2 2 2 2 2 2 2 2 2 2 2 2 2 2 2 2
left_child=-1 2 3 -2 5 6 7 -5 13 10 -8 -12 -11 -7 -15 -16 17 -17 -19 -18 25 22 23 -22 -25 26 -3 -28 29 -27
right_child=1 20 -4 4 -6 8 9 -9 -10 12 11 -13 -14 14 15 16 19 18 -20 -21 21 -23 -24 24 -26 28 27 -29 -30 -31
leaf_value=-0.22760549252370135 -0.070128261465607036 8.6343438198620621 9.6887943720817571 13.220558583530886 9.6717564395956099 -1.5162742947587391 -2.8758934009075166 3.7014925723852117 -7.470376859392438 11.501734654108684 6.5422108770906933 -1.0782147394983392 2.2842931891932632 -2.6190755331291342 10.768195524215699 5.6781007948674658 11.453766326904297 4.3128379303216935 -1.2977581516280772 2.4636033401489259 0.11045042413179991 9.1371077473958344 -7.0942653269994826 18.806822465714955 -1.1343027394393397 -7.3667606932776311 8.5812129188151598 0.057461485994785115 -9.090369047437397 -0.78491722240841766
leaf_weight=10024 671 22 20 29 37 153 60 43 21 21 40 38 33 53 20 38 20 40 160 25 183 30 21 21 29 28 21 10039 21 442
leaf_count=10024 671 22 20 29 37 153 60 43 21 21 40 38 33 53 20 38 20 40 160 25 183 30 21 21 29 28 21 10039 21 442
internal_value=-1.81459e-12 0.184305 1.03233 0.917064 1.71418 1.34336 3.43803 7.53556 0.299982 1.90146 0.349005 2.8297 5.86885 0.620567 1.53893 2.26624 1.66539 0.758992 -0.175639 6.45923 0.0654242 1.7866 0.918431 1.6406 7.24097 0.0191919 0.0939315 0.0752546 -1.51548 -1.17703
internal_weight=22403 12379 1522 1502 831 794 264 72 530 192 138 78 54 509 356 303 283 238 200 45 10857 284 254 233 50 10573 10082 10060 491 470
internal_count=22403 12379 1522 1502 831 794 264 72 530 192 138 78 54 509 356 303 283 238 200 45 10857 284 254 233 50 10573 10082 10060 491 470
is_linear=0
shrinkage=0.05


Tree=67
num_leaves=31
num_cat=0
split_feature=127 121 121 142 44 37 225 212 49 121 5 249 169 28 111 3 79 249 204 44 254 206 79 237 212 16 65 78 219 192
split_gain=364680 788651 918632 578081 398909 570146 475651 683191 476198 1.52284e+06 476809 445240 444801 409198 486579 378525 376698 362905 427541 358703 464093 605998 509823 561713 492529 433635 377126 357293 402584 344287
threshold=1190.5000000000002 338.75000000000006 237.75000000000003 413.25000000000006 -824.74999999999989 -193.24999999999997 972.25000000000011 538.75000000000011 -518.24999999999989 -1484.2499999999998 683.63073730468761 43.302499771118171 1359.5000000000002 356.75000000000006 45.100055694580085 -2357.2499999999995 -274.24999999999994 -2363.109985351562 -1988.2499999999998 122.25000000000001 -166.24999999999997 1102.7500000000002 -221.74999999999997 322.49183654785162 1112.7500000000002 -29.749999999999996 178.25000000000003 -402.24999999999994 -314.74999999999994 -2239.9999999999995
decision_type=2 2 2 2 2 2 2 2 2 2 2 2 2 2 2 2 2 2 2 2 2 2 2 2 2 2 2 2 2 2
left_child=4 2 3 -2 5 6 8 11 12 -10 16 15 13 14 -1 -8 27 -6 -19 20 21 22 -3 -24 -23 -22 -21 -11 -29 -20
right_child=1 19 -4 -5 17 -7 7 -9 9 10 -12 -13 -14 -15 -16 -17 -18 18 29 26 25 24 23 -25 -26 -27 -28 28 -30 -31
leaf_value=0.076800450628695685 8.3750640773773206 -3.157972171552041 14.246960643359595 -1.1461540964516728 5.5227599497194646 7.4570942013352015 12.732611070229458 -0.13362395394708693 15.675910642147066 -0.086828202754259121 -5.8044470700350672 -0.45368737995624547 -6.3574693750452118 -5.2439187046554352 7.5247750542380594 4.8603379352672684 -1.5059298362420952 -6.8123473777771002 5.7157455404599515 -3.3838748779561785 -2.0973276765828723 14.677993001937867 10.557448021570842 1.4621979674388623 3.8366240978240969 4.4060759524504345 0.27753393578562319 11.787348244406962 3.0009969025850296 -0.2790361229308046
leaf_weight=6785 25 34 21 44 27 27 26 97 20 32 22 20 27 36 22 37 46 25 24 72 89 20 24 58 22 36 3029 22 32 11602
leaf_count=6785 25 34 21 44 27 27 26 97 20 32 22 20 27 36 22 37 46 25 24 72 89 20 24 58 22 36 3029 22 32 11602
internal_value=-1.91827e-09 0.470893 5.09036 2.30356 -0.0864219 0.20487 0.177765 2.71581 0.112908 2.69611 1.01042 6.04586 0.0474823 0.0727539 0.100872 8.10921 2.14623 -0.267288 -0.280706 0.348034 2.05208 3.85304 1.98979 4.12422 8.99918 -0.224347 0.192522 4.09971 6.58062 -0.266661
internal_weight=22403 3474 90 69 18929 7251 7224 180 7044 174 154 83 6870 6843 6807 63 132 11678 11651 3384 283 158 116 82 42 125 3101 86 54 11626
internal_count=22403 3474 90 69 18929 7251 7224 180 7044 174 154 83 6870 6843 6807 63 132 11678 11651 3384 283 158 116 82 42 125 3101 86 54 11626
is_linear=0
shrinkage=0.05


Tree=68
num_leaves=31
num_cat=0
split_feature=236 152 143 106 208 35 253 40 5 222 80 216 199 243 190 58 134 35 58 225 4 229 96 15 58 42 254 50 33 19
split_gain=340942 316544 691421 851776 499176 561259 461205 433393 554445 396607 364310 295496 359700 316625 716556 847375 324847 324630 949932 550858 523408 515372 790525 428960 386678 686621 1.02535e+06 380394 377026 414014
threshold=223.3962326049805 1481.2517700195315 -377.24999999999994 -2817.9999999999995 1200.0135498046877 6766.0000000000009 1551.5000000000002 1109.719909667969 823.68878173828136 1480.4058837890627 6180.5000000000009 4046.413452148438 3509.0000000000005 1109.719909667969 -278.74999999999994 2924.7500000000005 4420.0000000000009 3890.2500000000005 3083.0000000000005 720.25000000000011 2193.3750000000005 776.22653198242199 499.16854858398443 3529.5000000000005 2656.5000000000005 2749.2500000000005 -343.74999999999994 3572.5000000000005 465.20338439941412 360.98100280761724
decision_type=2 2 2 2 2 2 2 2 2 2 2 2 2 2 2 2 2 2 2 2 2 2 2 2 2 2 2 2 2 2
left_child=-1 4 3 -3 5 6 10 8 -6 -5 11 12 13 16 -15 -16 17 23 19 -19 -20 22 -22 24 -2 26 -26 28 29 -27
right_child=1 2 -4 9 7 -7 -8 -9 -10 -11 -12 -13 -14 14 15 -17 -18 18 20 -21 21 -23 -24 -25 25 27 -28 -29 -30 -31
leaf_value=-0.70285858093881837 0.028095021666857525 8.5346234946023856 10.285606825351715 0.83426780483939433 -5.3497892503080706 6.4764168711269612 5.624336318067602 -7.8313696242667534 5.0455326474231228 -8.8942898082733155 -6.3937731699510056 6.1184838199615479 -5.8393648954538202 -3.9702118266712541 13.220807558059693 -0.40326695215134389 -4.5845731634842721 14.652495803833009 -6.3910156078338627 3.4169169157743458 0.6043493595274706 -2.1777315187454227 10.605582893305812 -1.8390561421777383 15.847180557250978 -2.1852853580828637 2.3302146627547891 4.4001829040677931 -4.8459410156144038 7.041848361492157
leaf_weight=1602 19654 21 24 22 29 34 37 37 23 20 22 20 26 22 25 21 38 20 25 24 62 60 29 305 20 31 47 38 45 20
leaf_count=1602 19654 21 24 22 29 34 37 37 23 20 22 20 26 22 25 21 38 20 25 24 62 60 29 305 20 31 47 38 45 20
internal_value=-2.04809e-10 0.054131 3.06379 0.312622 0.0414903 0.0576139 0.0470151 -3.69503 -0.751858 -3.79838 0.0369752 0.0438657 0.0379428 0.045402 3.45157 7.00112 0.0340581 0.0426699 1.95295 8.524 0.310183 1.41965 3.79156 0.0218236 0.0504093 2.23232 6.36513 0.165916 -1.51015 1.4332
internal_weight=22403 20801 87 63 20714 20625 20591 89 52 42 20554 20532 20512 20486 68 46 20418 20380 220 44 176 151 91 20160 19855 201 67 134 96 51
internal_count=22403 20801 87 63 20714 20625 20591 89 52 42 20554 20532 20512 20486 68 46 20418 20380 220 44 176 151 91 20160 19855 201 67 134 96 51
is_linear=0
shrinkage=0.05


Tree=69
num_leaves=31
num_cat=0
split_feature=162 218 190 190 220 190 163 227 127 190 100 205 171 44 245 192 190 250 5 107 147 233 253 241 253 254 245 136 19 115
split_gain=326386 451600 698225 667022 561057 481451 613456 545775 531640 489785 411434 382629 382278 376184 697215 432431 551833 404410 559131 386033 512233 369664 710132 524057 481841 463115 467914 366665 365127 847389
threshold=1015.2500000000001 212.25000000000003 2096.7500000000005 1683.0000000000002 -597.74999999999989 -403.74999999999994 288.75000000000006 -1045.2499999999998 2383.0000000000005 902.25000000000011 -1737.7499999999998 575.50000000000011 1302.7500000000002 -1215.2499999999998 721.75000000000011 415.25000000000006 1093.7500000000002 364.99160766601568 378.20446777343756 -3564.2499999999995 -1961.4999999999998 -413.74999999999994 111.25000000000001 -305.24999999999994 337.75000000000006 -1096.9999999999998 -447.24999999999994 -383.74999999999994 1109.719909667969 259.75000000000006
decision_type=2 2 2 2 2 2 2 2 2 2 2 2 2 2 2 2 2 2 2 2 2 2 2 2 2 2 2 2 2 2
left_child=12 2 3 5 -3 -2 -7 -8 -9 -10 -6 -12 13 14 15 -1 17 -17 -19 -15 -21 22 -13 24 -24 -23 -27 -16 -22 -30
right_child=1 4 -4 -5 10 6 7 8 9 -11 11 21 -14 19 27 16 -18 18 -20 20 28 25 23 -25 -26 26 -28 -29 29 -31
leaf_value=0.13081643209761257 9.239094547998338 -7.7601731126958668 10.684860227221535 -5.7283725538561425 7.4011887693405161 -4.6816682744670564 -3.5577380561828615 1.8812588739578286 2.896837785414287 12.74408542798913 -0.49339869662767138 -3.1948861655066998 -6.3904336671034496 6.2595706742742792 8.9764561748504637 -0.86369306185306649 -2.6828185788420744 11.210775450297765 3.2968651274117557 -3.5319638861664409 -0.20967170853859371 7.3487958053747819 6.1927259588241581 7.8154689027302302 -4.6512688137236102 -5.83467295964559 0.46602669190536733 0.4897961962223053 -2.6425632385980515 11.561634459949676
leaf_weight=4802 21 22 21 31 20 37 40 358 28 23 1190 34 24 23 35 39 43 28 110 116 13477 24 20 67 21 30 1657 20 21 21
leaf_count=4802 21 22 21 31 20 37 40 358 28 23 1190 34 24 23 35 39 43 28 110 116 13477 24 20 67 21 30 1657 20 21 21
internal_value=8.86259e-11 0.43301 1.74062 1.3915 0.196072 1.82684 1.50655 2.0165 2.56165 7.33775 0.253217 0.206238 -0.0841137 -0.0760352 0.291445 0.230126 2.39778 3.63205 4.90259 -0.212636 -0.223554 0.655545 3.10696 5.09087 0.638485 0.452097 0.353981 5.8904 -0.195166 4.45954
internal_weight=22403 3644 559 538 3085 507 486 449 409 51 3063 3043 18759 18735 5077 5022 220 177 138 13658 13635 1853 142 108 41 1711 1687 55 13519 42
internal_count=22403 3644 559 538 3085 507 486 449 409 51 3063 3043 18759 18735 5077 5022 220 177 138 13658 13635 1853 142 108 41 1711 1687 55 13519 42
is_linear=0
shrinkage=0.05


Tree=70
num_leaves=31
num_cat=0
split_feature=254 184 54 164 212 162 247 219 66 31 78 43 225 230 233 134 106 146 240 150 218 220 72 192 3 78 246 110 213 239
split_gain=316402 464647 553798 398287 421952 649850 702049 494287 678419 551083 484220 550436 344438 351924 297305 439757 425243 1.15552e+06 499902 357461 331185 668142 457857 762786 635320 523431 440687 450113 430655 488485
threshold=-317.24999999999994 3584.2500000000005 798.89459228515636 4453.7500000000009 608.75000000000011 2083.0000000000005 345.50000000000006 532.75000000000011 176.25000000000003 1769.2500000000002 558.75000000000011 953.25000000000011 949.75000000000011 2505.257446289063 713.00000000000011 4420.0000000000009 3295.7500000000005 2730.815551757813 -416.74999999999994 1740.7500000000002 -1077.4999999999998 -782.24999999999989 149.75000000000003 93.750000000000014 692.25000000000011 1997.2500000000002 303.25000000000006 481.38352966308599 -1577.9999999999998 -243.74999999999997
decision_type=2 2 2 2 2 2 2 2 2 2 2 2 2 2 2 2 2 2 2 2 2 2 2 2 2 2 2 2 2 2
left_child=1 3 -3 4 14 6 7 8 -6 -10 -9 -12 -7 -14 15 16 17 19 -18 20 26 22 23 24 -22 -24 27 -1 29 -29
right_child=-2 2 -4 -5 5 12 -8 10 9 -11 11 -13 13 -15 -16 -17 18 -19 -20 -21 21 -23 25 -25 -26 -27 -28 28 -30 -31
leaf_value=-3.3337735146579179 -0.088787846674190068 0.58284992621495169 11.649676742553712 -6.2201150935629137 13.477097222918557 4.5542817812699541 10.308585917949678 -3.2891593435158337 -2.0226291868421771 8.7769736698695606 10.224995670318604 1.1384416047632695 -3.9082268876688824 1.3857629688843243 -5.7296159795352395 7.2844001136042849 -6.5693948229153953 10.773997075741107 2.1499393692016602 -2.7223022407176449 1.6782559894564646 0.08547569724877889 -2.9026600888087639 12.30511496782303 8.4646823908153337 4.1694370548976094 -7.859536405404409 1.0479764680529751 -3.3497749049489096 9.7232735651731499
leaf_weight=101 18314 26 20 23 21 26 32 48 27 21 20 100 77 53 21 22 48 26 25 102 373 2526 84 20 38 38 24 86 41 20
leaf_count=101 18314 26 20 23 21 26 32 48 27 21 20 100 77 53 21 22 48 26 25 102 373 2526 84 20 38 38 24 86 41 20
internal_value=-4.66696e-10 0.397667 5.39451 0.340814 0.378352 1.8682 3.35711 2.41852 5.98151 2.7022 0.955145 2.65287 -0.69921 -1.74991 0.202222 0.237076 0.193427 0.272675 -3.58332 0.193603 0.28236 0.4301 2.00428 2.76972 2.30571 -0.699876 -1.39003 -0.763953 1.00171 2.68482
internal_weight=22403 4089 46 4043 4020 425 269 237 69 48 168 120 156 130 3595 3574 3552 3479 73 3453 3351 3079 553 431 411 122 272 248 147 106
internal_count=22403 4089 46 4043 4020 425 269 237 69 48 168 120 156 130 3595 3574 3552 3479 73 3453 3351 3079 553 431 411 122 272 248 147 106
is_linear=0
shrinkage=0.05


Tree=71
num_leaves=31
num_cat=0
split_feature=253 246 215 159 247 54 180 115 192 140 36 16 17 234 240 10 76 245 220 241 4 134 52 172 128 30 21 16 253 128
split_gain=307038 443193 550814 774711 379449 729852 445951 1.13263e+06 308034 358523 275879 406065 612807 481005 636815 605565 741108 360584 560349 401758 421216 375779 461811 512422 397810 395007 735268 337606 341761 632924
threshold=121.75000000000001 -595.49999999999989 626.69149780273449 943.09799194335949 -1466.7499999999998 683.63073730468761 1480.4058837890627 -940.24999999999989 -2239.9999999999995 -2867.4999999999995 2019.7500000000002 933.75000000000011 898.25000000000011 -1248.9999999999998 -973.24999999999989 3663.0000000000005 2603.6870117187505 -233.24999999999997 -1024.2499999999998 -186.74999999999997 8945.8750000000018 -382.24999999999994 1206.2500000000002 2625.319946289063 -374.74999999999994 1608.2500000000002 2097.0000000000005 1479.7500000000002 924.75000000000011 2556.5000000000005
decision_type=2 2 2 2 2 2 2 2 2 2 2 2 2 2 2 2 2 2 2 2 2 2 2 2 2 2 2 2 2 2
left_child=8 2 -2 -4 5 -3 10 -8 -1 -10 -6 12 -12 -13 15 16 -15 -16 -19 -20 21 -21 23 -23 -24 26 -26 -27 -29 -30
right_child=1 4 3 -5 6 -7 7 -9 9 -11 11 13 -14 14 17 -17 -18 18 19 20 -22 22 24 -25 25 27 -28 28 29 -31
leaf_value=-3.5109055873325894 -0.51384087900320696 1.3579226468060468 14.969636614322662 1.0528250217437745 0.04689006495636034 -8.7899787229650155 -2.2121243643760682 11.770472655977521 5.571373275474266 -0.19810681721793008 -1.7314473368904808 -6.7571831864389509 8.8606823027133945 2.9562243647575381 -1.9668592146832307 -0.10336584900364731 15.697419275556292 9.0115630435943608 6.8643741588592535 -4.7611467868089674 -5.7149198320176868 9.7430439215281908 5.9541784380421499 -0.51253258614313035 0.88398132710717625 -4.1499551838094542 11.307119293316552 -0.0070498594179764845 -0.7353872653209802 6.2157019971884218
leaf_weight=70 36 37 20 20 10456 34 30 28 27 9927 22 22 36 25 139 33 21 20 25 32 27 29 33 21 64 44 23 971 66 65
leaf_count=70 36 37 20 20 10456 34 30 28 27 9927 22 22 36 25 139 33 21 20 25 32 27 29 33 21 64 44 23 971 66 65
internal_value=-1.44688e-10 0.166568 3.97304 8.01123 0.143054 -3.50164 0.164209 4.53809 -0.205701 -0.182457 0.143371 0.730568 4.84298 0.586881 0.68552 5.06507 8.77286 0.463593 0.701503 0.582788 0.468577 0.592431 0.722609 5.4357 0.536468 0.391468 3.63952 0.144888 0.31637 2.71363
internal_weight=22403 12379 76 40 12303 71 12232 58 10024 9954 12174 1718 58 1660 1638 79 46 1559 1420 1400 1375 1348 1316 50 1266 1233 87 1146 1102 131
internal_count=22403 12379 76 40 12303 71 12232 58 10024 9954 12174 1718 58 1660 1638 79 46 1559 1420 1400 1375 1348 1316 50 1266 1233 87 1146 1102 131
is_linear=0
shrinkage=0.05


Tree=72
num_leaves=31
num_cat=0
split_feature=187 219 198 253 226 124 64 197 169 218 8 149 17 177 8 1 227 111 239 247 192 257 250 232 211 246 222 253 212 23
split_gain=301141 263034 588423 637721 547450 844065 536070 757510 1.0868e+06 513318 501614 499387 451936 427638 402784 467686 393630 566350 401837 367160 490003 848615 471585 422660 437389 714476 627259 474088 366988 358721
threshold=205.74165344238284 -868.74999999999989 -1524.2499999999998 631.25000000000011 -1343.7499999999998 579.07751464843761 1103.7500000000002 295.25000000000006 132.75000000000003 -229.24999999999997 1124.7500000000002 271.75000000000006 1605.2500000000002 -2152.7499999999995 1602.7500000000002 1392.7500000000002 -1045.2499999999998 3476.9279785156255 -379.24999999999994 -1749.2499999999998 3799.5000000000005 1200.0135498046877 992.53356933593761 2648.7500000000005 2551.2500000000005 1238.2500000000002 558.45663452148449 544.25000000000011 -536.74999999999989 2450.2500000000005
decision_type=2 2 2 2 2 2 2 2 2 2 2 2 2 2 2 2 2 2 2 2 2 2 2 2 2 2 2 2 2 2
left_child=-1 2 -2 6 5 -3 7 12 -9 -5 -8 -10 13 -4 15 -15 18 28 -12 -6 23 22 -22 24 -21 26 -26 -28 -18 -27
right_child=1 4 3 9 19 -7 10 8 11 -11 16 -13 -14 14 -16 -17 17 -19 -20 20 21 -23 -24 -25 25 29 27 -29 -30 -31
leaf_value=-0.90127449887731437 -0.5638941217309501 -1.0837274204600942 7.0053362812314717 10.582164756713375 -5.6618910164668641 13.108683819770812 -5.7226633643110603 16.173397753238678 -2.0916669888155801 0.59575895396145906 -0.18141908903916679 7.6308262557983397 8.4675720429420469 0.77459676712121805 -4.8709103499689412 8.4833362603187563 0.79729594665545012 8.8337947201728824 -8.9657396689705227 -0.05698314326655373 4.8796377326760982 12.853501019477845 -5.0323192233131051 -5.4595266236199276 -1.40648499654606 3.6172429623811144 4.3450636934351037 13.804577144292686 -6.0850414525378831 -4.3766706294483617
leaf_weight=890 857 22 28 31 29 20 48 20 28 22 30 25 20 1213 31 20 162 20 23 18605 28 20 21 36 20 23 27 26 22 36
leaf_count=890 857 22 28 31 29 20 48 20 28 22 30 25 20 1213 31 20 162 20 23 18605 28 20 21 36 20 23 27 26 22 36
internal_value=2.30952e-09 0.037286 0.508826 1.03626 -0.0275373 5.67456 0.866894 1.28478 6.24208 6.43686 -1.03074 2.49441 1.00896 0.893501 0.758113 0.899637 -0.154427 0.842975 -3.99348 -0.0402282 -0.0315758 4.17422 0.631656 -0.0470341 -0.0366349 2.83138 6.13844 8.98558 -0.0255922 -1.2604
internal_weight=22403 21513 2600 1743 18913 42 1690 1385 73 53 305 53 1312 1292 1264 1233 257 204 53 18871 18842 69 49 18773 18737 132 73 53 184 59
internal_count=22403 21513 2600 1743 18913 42 1690 1385 73 53 305 53 1312 1292 1264 1233 257 204 53 18871 18842 69 49 18773 18737 132 73 53 184 59
is_linear=0
shrinkage=0.05


Tree=73
num_leaves=31
num_cat=0
split_feature=96 173 248 33 115 219 210 198 23 254 136 183 219 219 218 232 204 233 86 223 164 202 252 239 247 247 240 163 164 239
split_gain=273966 415652 390476 388448 297627 388235 574299 832770 770417 642891 592908 637151 576812 644306 583547 449881 462126 444595 422601 631603 361958 1.96242e+06 538773 715707 359466 447715 466008 380900 359196 546376
threshold=292.59037780761724 381.89616394042974 561.75000000000011 263.14825439453131 326.25000000000006 110.25000000000001 1097.7500000000002 415.50000000000006 -674.74999999999989 -222.24999999999997 28.250000000000004 640.25000000000011 854.75000000000011 727.25000000000011 1392.7500000000002 739.25000000000011 1284.5000000000002 1.0000000180025095e-35 5630.5000000000009 3909.418579101563 2133.0000000000005 2287.626098632813 422.75000000000006 698.25000000000011 -854.74999999999989 72.250000000000014 221.25000000000003 790.75000000000011 566.75000000000011 -212.24999999999997
decision_type=2 2 2 2 2 2 2 2 2 2 2 2 2 2 2 2 2 2 2 2 2 2 2 2 2 2 2 2 2 2
left_child=1 2 -1 -4 -2 20 10 -8 9 -9 11 -7 13 -10 -15 -14 -17 -18 19 24 21 28 23 -22 -19 -26 -27 -28 -6 -30
right_child=4 -3 3 -5 5 6 7 8 12 -11 -12 -13 15 14 -16 16 17 18 -20 -21 22 -23 -24 -25 25 26 27 -29 29 -31
leaf_value=-0.26839191795830741 -0.049953601656036968 -4.1365667816521468 0.32532957838131837 9.5939163064956663 0.34088382662385269 0.61301165393147716 8.4779829447610044 13.249742015202841 0.70944782806173823 2.1837865012032647 -0.76716951148969204 11.58966087460518 -4.9328718125820163 2.3973600803537574 11.071914412758566 6.8219973807749543 5.0628710122619367 4.8277759022182893 -5.7659727854606437 7.076466388172574 -2.2790648149947326 14.092496848106386 -9.289711408615112 7.7193638541481722 -2.9856731357726645 7.5324173438549042 4.7026818092912439 -1.1339824112157477 -1.6257140399963879 1.9169756001077358
leaf_weight=6272 10309 69 26 20 1715 39 35 21 212 35 1651 20 53 47 33 23 35 27 39 27 96 28 20 22 188 20 32 221 123 945
leaf_count=6272 10309 69 26 20 1715 39 35 21 212 35 1651 20 53 47 33 23 35 27 39 27 96 28 20 22 188 20 32 221 123 945
internal_value=1.22282e-09 -0.276881 -0.234729 4.35515 0.110417 0.400107 -0.0263286 0.895307 0.633319 6.33352 -0.591167 4.33391 0.299765 2.15223 5.97561 -0.513649 -0.130939 -0.402446 -0.747727 -0.367705 0.798924 0.921659 -1.70115 -0.414951 -0.779575 -1.10799 0.18507 -0.395748 0.789147 1.50897
internal_weight=22403 6387 6318 46 16016 5707 2758 1048 1013 56 1710 59 957 292 80 665 612 589 554 515 2949 2811 138 118 488 461 273 253 2783 1068
internal_count=22403 6387 6318 46 16016 5707 2758 1048 1013 56 1710 59 957 292 80 665 612 589 554 515 2949 2811 138 118 488 461 273 253 2783 1068
is_linear=0
shrinkage=0.05


Tree=74
num_leaves=31
num_cat=0
split_feature=219 198 253 218 151 226 124 203 207 218 64 197 169 94 50 199 59 146 226 212 234 171 19 75 212 121 217 231 191 197
split_gain=263803 519470 559555 508159 529981 498140 758803 488291 684080 465520 391014 835163 1.32334e+06 470502 798436 452625 450851 419687 398461 508280 392018 428917 347099 615233 587331 366358 334527 407169 432080 560233
threshold=-868.74999999999989 -1524.2499999999998 631.25000000000011 -1077.4999999999998 -3375.6049804687495 -1343.7499999999998 579.07751464843761 -754.74999999999989 -3772.484985351562 -229.24999999999997 1103.7500000000002 254.25000000000003 132.75000000000003 189.25000000000003 66.250000000000014 130.25000000000003 690.25000000000011 907.69287109375011 -1583.2499999999998 -1465.2499999999998 109.75000000000001 -35.749999999999993 633.87484741210949 754.08599853515636 -1158.7499999999998 -1391.7499999999998 -1017.7499999999999 78.750000000000014 -904.74999999999989 -666.24999999999989
decision_type=2 2 2 2 2 2 2 2 2 2 2 2 2 2 2 2 2 2 2 2 2 2 2 2 2 2 2 2 2 2
left_child=1 26 3 -3 7 6 -2 8 -5 -4 11 13 -13 22 -15 -14 -16 -12 -19 -20 21 -21 -6 24 -24 -25 27 28 29 -1
right_child=5 2 9 4 10 -7 -8 -9 -10 -11 17 12 15 14 16 -17 -18 18 19 20 -22 -23 23 25 -26 -27 -28 -29 -30 -31
leaf_value=-0.24286584321836854 -1.0306599660353226 -2.3010200879124345 9.9725440486784915 2.1578686725009573 0.19822464485632052 -0.073871714794323917 12.425858787298203 0.91790924944528729 14.490463132443637 0.46244620409878823 -4.0003691903182439 16.643428677862342 -3.4327288589694285 12.457175764170561 -0.6543312987973614 6.0093754402796433 6.4437722740428782 -5.709843049446742 6.860360135138035 3.2721806463442351 6.223526046389626 -3.0951920196927829 10.121184695072664 2.3984976700058693 1.1303260589347166 -6.5299261593818674 -2.2594573850901623 6.8779180208841968 -7.4308991813659677 8.2675597548484809
leaf_weight=584 22 122 31 22 900 19751 20 41 23 22 77 22 22 22 62 30 35 24 32 38 21 87 39 27 34 20 212 21 20 20
leaf_count=584 22 122 31 22 900 19751 20 41 23 22 77 22 22 22 62 30 35 24 32 38 21 87 39 27 34 20 212 21 20 20
internal_value=1.36385e-09 0.47249 0.965697 0.807967 1.04833 -0.0623047 5.37721 4.86498 8.46119 6.02496 0.828338 1.21654 6.36374 0.882126 3.85732 2.01464 1.90684 -0.859419 0.337874 1.1533 -0.0975671 -1.15951 0.53502 3.06099 5.93366 -1.40083 -0.53637 0.029978 -0.200481 0.0389363
internal_weight=22403 2610 1753 1700 1578 19793 42 86 45 53 1492 1213 74 1139 119 52 97 279 202 178 146 125 1020 120 73 47 857 645 624 604
internal_count=22403 2610 1753 1700 1578 19793 42 86 45 53 1492 1213 74 1139 119 52 97 279 202 178 146 125 1020 120 73 47 857 645 624 604
is_linear=0
shrinkage=0.05


Tree=75
num_leaves=31
num_cat=0
split_feature=187 152 2 44 208 207 131 145 253 246 127 44 254 31 115 85 237 240 226 254 6 72 120 250 120 44 245 117 117 30
split_gain=261156 239006 636664 820611 490704 472201 386837 459545 241094 290647 257510 578835 409924 494423 479120 386529 383574 376662 620584 414411 395801 380711 377048 728888 372627 351759 330566 368354 311251 305302
threshold=205.74165344238284 1481.2517700195315 2823.0000000000005 -4645.4999999999991 1200.0135498046877 6751.8300781250009 1039.6253662109377 1200.0135498046877 1551.5000000000002 1653.0000000000002 1190.5000000000002 122.25000000000001 -166.24999999999997 225.00000000000003 1612.2500000000002 229.75000000000003 -196.82014465332028 762.75000000000011 617.75000000000011 -370.74999999999994 3004.504760742188 79.750000000000014 1001.2500000000001 486.55793762207037 1147.7500000000002 -158.74999999999997 787.75000000000011 619.04949951171886 495.34709167480474 1320.0000000000002
decision_type=2 2 2 2 2 2 2 2 2 2 2 2 2 2 2 2 2 2 2 2 2 2 2 2 2 2 2 2 2 2
left_child=-1 4 3 -3 5 8 -6 -8 9 10 -2 12 14 -14 15 -12 -13 21 -19 -20 -21 -18 23 -23 -17 -26 29 28 -28 -24
right_child=1 2 -4 -5 6 -7 7 -9 -10 -11 11 16 13 -15 -16 24 17 18 19 20 -22 22 26 -25 25 -27 27 -29 -30 -31
leaf_value=-0.83931018537485957 -0.038377664066448866 7.1140585278922863 8.5458983135223399 -5.209348192214966 0.94195981424922748 6.9072200217247017 -11.96735578264509 -2.7510126264471761 4.1198214795854353 -3.0219666701096757 -2.8106220130920412 6.96472457022894 -1.3041800643801691 5.7539264502850447 9.3661272389548156 9.5856459796428677 -4.5165151702033155 10.764208717346193 7.2169464912414556 2.3044894031788177 -3.698128513679948 -1.8105200105905532 -0.49862360794359123 11.688440866470337 0.19903713038989479 6.9084958299001062 -2.5713395949204765 -6.5790862058338364 4.1659329295158392 0.61653223724636996
leaf_weight=890 17947 22 30 35 30 25 21 38 36 78 25 21 100 33 35 24 45 20 25 76 43 20 1024 20 56 30 60 38 24 1532
leaf_count=890 17947 22 30 35 30 25 21 38 36 78 25 21 100 33 35 24 45 20 25 76 43 20 1024 20 56 30 60 38 24 1532
internal_value=-2.07483e-11 0.0347225 2.6501 -0.452946 0.0241028 0.0395567 -3.68083 -6.03141 0.0315006 0.024583 0.035793 0.445249 2.52629 0.447079 4.15297 2.80141 0.231356 0.183047 2.51116 1.3649 0.135476 0.0448602 0.12038 4.93896 4.07688 2.53955 0.0484069 -2.49429 -0.646405 0.169772
internal_weight=22403 21513 87 57 21426 21337 89 59 21312 21276 21198 3251 303 133 170 135 2948 2927 164 144 119 2763 2718 40 110 86 2678 122 84 2556
internal_count=22403 21513 87 57 21426 21337 89 59 21312 21276 21198 3251 303 133 170 135 2948 2927 164 144 119 2763 2718 40 110 86 2678 122 84 2556
is_linear=0
shrinkage=0.05


end of trees

feature_importances:
Column_257=119
Column_254=105
Column_253=90
Column_247=59
Column_246=44
Column_241=38
Column_212=35
Column_248=35
Column_220=30
Column_225=28
Column_96=27
Column_127=27
Column_219=27
Column_226=27
Column_240=27
Column_233=24
Column_5=22
Column_79=22
Column_190=22
Column_211=20
Column_245=20
Column_183=19
Column_204=19
Column_234=19
Column_197=18
Column_205=18
Column_218=18
Column_239=18
Column_250=18
Column_252=18
Column_54=17
Column_192=17
Column_206=17
Column_208=17
Column_44=16
Column_164=16
Column_222=16
Column_232=16
Column_23=15
Column_53=15
Column_121=15
Column_177=15
Column_198=15
Column_213=15
Column_171=14
Column_191=14
Column_227=14
Column_238=14
Column_8=13
Column_58=13
Column_100=13
Column_115=13
Column_124=13
Column_141=13
Column_184=13
Column_4=12
Column_19=12
Column_33=12
Column_87=12
Column_128=12
Column_215=12
Column_243=12
Column_47=11
Column_108=11
Column_113=11
Column_155=11
Column_199=11
Column_210=11
Column_6=10
Column_17=10
Column_26=10
Column_39=10
Column_138=10
Column_152=10
Column_178=10
Column_201=10
Column_224=10
Column_229=10
Column_231=10
Column_2=9
Column_22=9
Column_86=9
Column_106=9
Column_136=9
Column_143=9
Column_162=9
Column_163=9
Column_75=8
Column_92=8
Column_103=8
Column_134=8
Column_187=8
Column_236=8
Column_24=7
Column_85=7
Column_110=7
Column_131=7
Column_150=7
Column_170=7
Column_216=7
Column_237=7
Column_12=6
Column_31=6
Column_36=6
Column_40=6
Column_43=6
Column_59=6
Column_61=6
Column_64=6
Column_68=6
Column_78=6
Column_93=6
Column_94=6
Column_114=6
Column_120=6
Column_122=6
Column_129=6
Column_149=6
Column_159=6
Column_169=6
Column_181=6
Column_188=6
Column_195=6
Column_196=6
Column_223=6
Column_3=5
Column_10=5
Column_11=5
Column_28=5
Column_37=5
Column_41=5
Column_48=5
Column_49=5
Column_65=5
Column_66=5
Column_89=5
Column_111=5
Column_135=5
Column_166=5
Column_172=5
Column_176=5
Column_180=5
Column_207=5
Column_251=5
Column_29=4
Column_30=4
Column_32=4
Column_50=4
Column_51=4
Column_52=4
Column_71=4
Column_80=4
Column_98=4
Column_117=4
Column_145=4
Column_146=4
Column_147=4
Column_154=4
Column_156=4
Column_189=4
Column_194=4
Column_244=4
Column_249=4
Column_9=3
Column_15=3
Column_16=3
Column_18=3
Column_20=3
Column_35=3
Column_42=3
Column_57=3
Column_74=3
Column_76=3
Column_97=3
Column_107=3
Column_132=3
Column_140=3
Column_142=3
Column_148=3
Column_153=3
Column_158=3
Column_175=3
Column_185=3
Column_217=3
Column_242=3
Column_256=3
Column_0=2
Column_1=2
Column_13=2
Column_21=2
Column_27=2
Column_38=2
Column_72=2
Column_73=2
Column_83=2
Column_95=2
Column_99=2
Column_102=2
Column_116=2
Column_125=2
Column_151=2
Column_160=2
Column_168=2
Column_173=2
Column_174=2
Column_193=2
Column_203=2
Column_221=2
Column_230=2
Column_235=2
Column_14=1
Column_25=1
Column_45=1
Column_46=1
Column_56=1
Column_60=1
Column_62=1
Column_63=1
Column_67=1
Column_69=1
Column_70=1
Column_82=1
Column_88=1
Column_90=1
Column_101=1
Column_104=1
Column_118=1
Column_130=1
Column_133=1
Column_137=1
Column_144=1
Column_157=1
Column_161=1
Column_165=1
Column_167=1
Column_186=1
Column_200=1
Column_202=1
Column_209=1
Column_228=1

parameters:
[boosting: gbdt]
[objective: regression]
[metric: l2]
[tree_learner: serial]
[device_type: cpu]
[data_sample_strategy: bagging]
[data: ]
[valid: ]
[num_iterations: 1000]
[learning_rate: 0.05]
[num_leaves: 31]
[num_threads: 0]
[seed: 42]
[deterministic: 1]
[force_col_wise: 0]
[force_row_wise: 0]
[histogram_pool_size: -1]
[max_depth: -1]
[min_data_in_leaf: 20]
[min_sum_hessian_in_leaf: 0.001]
[bagging_fraction: 1]
[pos_bagging_fraction: 1]
[neg_bagging_fraction: 1]
[bagging_freq: 0]
[bagging_seed: 400]
[bagging_by_query: 0]
[feature_fraction: 1]
[feature_fraction_bynode: 1]
[feature_fraction_seed: 30056]
[extra_trees: 0]
[extra_seed: 12879]
[early_stopping_round: 0]
[early_stopping_min_delta: 0]
[first_metric_only: 0]
[max_delta_step: 0]
[lambda_l1: 0]
[lambda_l2: 0]
[linear_lambda: 0]
[min_gain_to_split: 0]
[drop_rate: 0.1]
[max_drop: 50]
[skip_drop: 0.5]
[xgboost_dart_mode: 0]
[uniform_drop: 0]
[drop_seed: 17869]
[top_rate: 0.2]
[other_rate: 0.1]
[min_data_per_group: 100]
[max_cat_threshold: 32]
[cat_l2: 10]
[cat_smooth: 10]
[max_cat_to_onehot: 4]
[top_k: 20]
[monotone_constraints: ]
[monotone_constraints_method: basic]
[monotone_penalty: 0]
[feature_contri: ]
[forcedsplits_filename: ]
[refit_decay_rate: 0.9]
[cegb_tradeoff: 1]
[cegb_penalty_split: 0]
[cegb_penalty_feature_lazy: ]
[cegb_penalty_feature_coupled: ]
[path_smooth: 0]
[interaction_constraints: ]
[verbosity: -1]
[saved_feature_importance_type: 0]
[use_quantized_grad: 0]
[num_grad_quant_bins: 4]
[quant_train_renew_leaf: 0]
[stochastic_rounding: 1]
[linear_tree: 0]
[max_bin: 255]
[max_bin_by_feature: ]
[min_data_in_bin: 3]
[bin_construct_sample_cnt: 200000]
[data_random_seed: 175]
[is_enable_sparse: 1]
[enable_bundle: 1]
[use_missing: 1]
[zero_as_missing: 0]
[feature_pre_filter: 1]
[pre_partition: 0]
[two_round: 0]
[header: 0]
[label_column: ]
[weight_column: ]
[group_column: ]
[ignore_column: ]
[categorical_feature: ]
[forcedbins_filename: ]
[precise_float_parser: 0]
[parser_config_file: ]
[objective_seed: 16083]
[num_class: 1]
[is_unbalance: 0]
[scale_pos_weight: 1]
[sigmoid: 1]
[boost_from_average: 1]
[reg_sqrt: 0]
[alpha: 0.9]
[fair_c: 1]
[poisson_max_delta_step: 0.7]
[tweedie_variance_power: 1.5]
[lambdarank_truncation_level: 30]
[lambdarank_norm: 1]
[label_gain: ]
[lambdarank_position_bias_regularization: 0]
[eval_at: ]
[multi_error_top_k: 1]
[auc_mu_weights: ]
[num_machines: 1]
[local_listen_port: 12400]
[time_out: 120]
[machine_list_filename: ]
[machines: ]
[gpu_platform_id: -1]
[gpu_device_id: -1]
[gpu_device_id_list: ]
[gpu_use_dp: 0]
[num_gpu: 1]

end of parameters

pandas_categorical:null
