tree
version=v4
num_class=1
num_tree_per_iteration=1
label_index=0
max_feature_idx=258
objective=regression
feature_names=Column_0 Column_1 Column_2 Column_3 Column_4 Column_5 Column_6 Column_7 Column_8 Column_9 Column_10 Column_11 Column_12 Column_13 Column_14 Column_15 Column_16 Column_17 Column_18 Column_19 Column_20 Column_21 Column_22 Column_23 Column_24 Column_25 Column_26 Column_27 Column_28 Column_29 Column_30 Column_31 Column_32 Column_33 Column_34 Column_35 Column_36 Column_37 Column_38 Column_39 Column_40 Column_41 Column_42 Column_43 Column_44 Column_45 Column_46 Column_47 Column_48 Column_49 Column_50 Column_51 Column_52 Column_53 Column_54 Column_55 Column_56 Column_57 Column_58 Column_59 Column_60 Column_61 Column_62 Column_63 Column_64 Column_65 Column_66 Column_67 Column_68 Column_69 Column_70 Column_71 Column_72 Column_73 Column_74 Column_75 Column_76 Column_77 Column_78 Column_79 Column_80 Column_81 Column_82 Column_83 Column_84 Column_85 Column_86 Column_87 Column_88 Column_89 Column_90 Column_91 Column_92 Column_93 Column_94 Column_95 Column_96 Column_97 Column_98 Column_99 Column_100 Column_101 Column_102 Column_103 Column_104 Column_105 Column_106 Column_107 Column_108 Column_109 Column_110 Column_111 Column_112 Column_113 Column_114 Column_115 Column_116 Column_117 Column_118 Column_119 Column_120 Column_121 Column_122 Column_123 Column_124 Column_125 Column_126 Column_127 Column_128 Column_129 Column_130 Column_131 Column_132 Column_133 Column_134 Column_135 Column_136 Column_137 Column_138 Column_139 Column_140 Column_141 Column_142 Column_143 Column_144 Column_145 Column_146 Column_147 Column_148 Column_149 Column_150 Column_151 Column_152 Column_153 Column_154 Column_155 Column_156 Column_157 Column_158 Column_159 Column_160 Column_161 Column_162 Column_163 Column_164 Column_165 Column_166 Column_167 Column_168 Column_169 Column_170 Column_171 Column_172 Column_173 Column_174 Column_175 Column_176 Column_177 Column_178 Column_179 Column_180 Column_181 Column_182 Column_183 Column_184 Column_185 Column_186 Column_187 Column_188 Column_189 Column_190 Column_191 Column_192 Column_193 Column_194 Column_195 Column_196 Column_197 Column_198 Column_199 Column_200 Column_201 Column_202 Column_203 Column_204 Column_205 Column_206 Column_207 Column_208 Column_209 Column_210 Column_211 Column_212 Column_213 Column_214 Column_215 Column_216 Column_217 Column_218 Column_219 Column_220 Column_221 Column_222 Column_223 Column_224 Column_225 Column_226 Column_227 Column_228 Column_229 Column_230 Column_231 Column_232 Column_233 Column_234 Column_235 Column_236 Column_237 Column_238 Column_239 Column_240 Column_241 Column_242 Column_243 Column_244 Column_245 Column_246 Column_247 Column_248 Column_249 Column_250 Column_251 Column_252 Column_253 Column_254 Column_255 Column_256 Column_257 Column_258
feature_infos=[-7133:8285] [-7068:8920] [-8405:8227.5] [-7162.5:8527.5] [-8149.22998046875:10745.4501953125] [101.59349060058594:1576.9803466796875] [-7308.34033203125:8667.7353515625] [-7162:8530] [-7087:9197.5] [-7797.5:8475] [-7313.5:9017.5] [-8098.85009765625:10699.125] [101.59349060058594:1576.9803466796875] [-7288.71826171875:8467.078125] [-7312:9017.5] [-7066.5:9270] [-8129.5:8650] [-7749.5:8952.5] [-8049.85498046875:10652.375] [101.59349060058594:1576.9803466796875] [-7273.69873046875:8511.2080078125] [-7748:8952.5] [-6562:9362.5] [-8397:8932.5] [-7845.5:9097.5] [-8004.16015625:10607] [101.59349060058594:1576.9803466796875] [-7190.90771484375:8564.5068359375] [-7844:9100] [-6658:9182.5] [-8493:8497.5] [-7605.5:8915] [-7956.09521484375:10559.4248046875] [101.59349060058594:1576.9803466796875] [-7118.6435546875:8566.142578125] [-7604:8915] [-6760.5:9447.5] [-8253:8725] [-7139.5:9267.5] [-7909.5498046875:10513.5] [101.59349060058594:1576.9803466796875] [-7033.5849609375:8578.9931640625] [-7138:9267.5] [-6678.5:9280] [-7787:8632.5] [-7145.5:8942.5] [-7861.705078125:10467.8251953125] [101.59349060058594:1576.9803466796875] [-6944.62255859375:8612.0390625] [-7144:8945] [-6676:9330] [-7853:8782.5] [-7473:8982.5] [-7810.27490234375:10417.4501953125] [101.59349060058594:1576.9803466796875] [-6878.248046875:8645.7177734375] [-7471.5:8985] [-6501:9215] [-8120.5:8872.5] [-7136.5:9212.5] [-7786.5751953125:10370.25] [101.59349060058594:1576.9803466796875] [-6824.04345703125:8697.2431640625] [-7135:9104.5] [-6427:9262.5] [-7784:8932.5] [-6670.5:9157.5] [-7777.78515625:10325] [101.59349060058594:1576.9803466796875] [-6744.53955078125:8728.17578125] [-6669:9160] [-6241.5:9465] [-7127.5:8980] [-6485:9280] [-7766.68994140625:10284.400390625] [101.59349060058594:1576.9803466796875] [-6677.30859375:8778.341796875] [-6483.5:9282.5] [-6017.5:9950] [-7667.5:9227.5] [-6205.5:9770] [-7754.22021484375:10253.400390625] [101.59349060058594:1576.9803466796875] [-6600.55322265625:8868.4921875] [-6204:9770] [-6015.5:9782.5] [-7840:9135] [-6372:9242.5] [-7721.31494140625:10218] [101.59349060058594:1576.9803466796875] [-6365.27587890625:8902.4931640625] [-6370.5:9242.5] [-5996:9522.5] [-7610:8892.5] [-6676.5:9290] [-7681.73486328125:10174.8251953125] [101.59349060058594:1576.9803466796875] [-6300.216796875:8937.720703125] [-6675:9287.5] [-5951:9500] [-7324:9107.5] [-6620:9317.5] [-7636.759765625:10131.0498046875] [101.59349060058594:1576.9803466796875] [-6274.92431640625:8972.24609375] [-6618.5:9317.5] [-6291.5:9687.5] [-7267.5:9292.5] [-6400.5:9660] [-7593.6298828125:10092.2001953125] [101.59349060058594:1576.9803466796875] [-6260.34033203125:9034.76953125] [-6398.5:9662.5] [-6306:9695] [-6865:9212.5] [-6455.5:9305] [-7549.43994140625:10046.5] [101.59349060058594:1576.9803466796875] [-6240.71826171875:9059.3359375] [-6456.5:9302.5] [-6291:9317.5] [-6635:8520] [-6470:8767.5] [-7499.40478515625:9994.2998046875] [101.59349060058594:1576.9803466796875] [-6225.69873046875:9032.8056640625] [-6471:8770] [-6221.5:8950] [-6602:8300] [-6465:8550] [-7450:9943.0498046875] [101.59349060058594:1576.9803466796875] [-6142.90771484375:8988.9140625] [-6463.5:8552.5] [-6206.5:8710] [-6687.5:7865] [-6450:7970] [-7403.1748046875:9886.349609375] [101.59349060058594:1576.9803466796875] [-6070.6435546875:8896.28515625] [-6448.5:7970] [-5815:8392.5] [-7302.5:7670] [-6037.5:7810] [-7345.0498046875:9838] [101.59349060058594:1576.9803466796875] [-5985.5849609375:8797.5322265625] [-6036:7807.5] [-5733:8102.5] [-6710:7595] [-5979:7767.5] [-7281.53515625:9797.875] [101.59349060058594:1576.9803466796875] [-5896.62255859375:8703.892578125] [-5980:7767.5] [-5766.5:7977.5] [-6285:7492.5] [-5974:7502.5] [-7221.23486328125:9755.599609375] [101.59349060058594:1576.9803466796875] [-5830.248046875:8594.67578125] [-5972.5:7502.5] [-5684.5:7610] [-6102.5:6407.5] [-5930.5:6855] [-7160.7001953125:9705.9501953125] [101.59349060058594:1576.9803466796875] [-5776.04345703125:8436.5234375] [-5931.5:6850] [-5682:6910] [-6327.5:5862.5] [-5925.5:6215] [-7098.35009765625:9645.1748046875] [101.59349060058594:1576.9803466796875] [-5696.53955078125:8234.56640625] [-5924:6215] [-4788:6882.5] [-5955:6075] [-4969:6175] [-7034.10498046875:9579.724609375] [101.59349060058594:1576.9803466796875] [-5629.30859375:8047.3330078125] [-4967.5:6172.5] [-4755.5:6262.5] [-5616.5:4767.5] [-5242.5:5237.5] [-6973.41015625:9497.275390625] [101.59349060058594:1576.9803466796875] [-5552.55322265625:7791.8935546875] [-5242.5:5240] [-4462.5:5702.5] [-6150:5020] [-4890:5280] [-6912.97509765625:9411.1748046875] [101.59349060058594:1576.9803466796875] [-5317.27587890625:7563.53955078125] [-4882.5:5280] [-4235:5595] [-5600:4532.5] [-4937.5:4695] [-6850.96484375:9319.900390625] [101.59349060058594:1576.9803466796875] [-5069.38720703125:7278.4453125] [-4936:4695] [-4035:5857.5] [-5585:4685] [-4640:5227.5] [-6786.6650390625:9237.775390625] [101.59349060058594:1576.9803466796875] [-4798.76123046875:7091.99560546875] [-4647.5:5225] [-4595:5805] [-5747.5:4535] [-4992.5:4540] [-6720.18017578125:9145] [101.59349060058594:1576.9803466796875] [-4532.7373046875:6859.99609375] [-4997.5:4540] [-4230:5297.5] [-5565:4400] [-4490:5147.5] [-6648.26513671875:9058.525390625] [101.59349060058594:1576.9803466796875] [-4290.0791015625:6704.314453125] [-4495:5147.5] [-3637.5:5197.5] [-4972.5:3602] [-3997.5:4675.5] [-6574.80517578125:8967.525390625] [101.59349060058594:1576.9803466796875] [-4022.890380859375:6503.6953125] [-3996:4677] [-3428.5:5622.5] [-4645:4667.5] [-3446.5:5142.5] [-6498.52490234375:8883.125] [101.59349060058594:1576.9803466796875] [-3788.854736328125:6379.9501953125] [-3446.5:5137.5] [-3347:5157.5] [-4635:4878.5] [-3375:5102.5] [-6423.0048828125:8783.7998046875] [101.59349060058594:1576.9803466796875] [-3573.09521484375:6135.181640625] [-3556.5:5103] [-3399:6013.5] [-4097:3127] [-3429:4117.5] [-6346.5400390625:8676.9248046875] [101.59349060058594:1576.9803466796875] [-3299.632080078125:5822.2109375] [-3430.5:4114.5] [0:4883] [-3620:0] none [-6267.39013671875:8548.2998046875] [101.59349060058594:1576.9803466796875] [-2999.66552734375:5292.9189453125]
tree_sizes=2786 2812 2821 2827 2819 2852 2841 2825 2824 2816 2848 2842 2852 2841 2826 2829 2855 2823 2844 2846 2825 2824 2845 2848 2816 2844 2855 2824 2860 2826 2837 2838 2884 2858 2849 2825 2861 2819 2863 2866 2845 2824 2838 2870 2870 2856 2906 2864 2895 2875 2833 2854 2848 2915 2846 2835 2906 2871 2808 2894 2800 2766 2860 2836 2903 2872 2846 2829 2850 2828 2815 2802 2865 2757 2797 2826 2843 2832 2838 2863 2818 2749 2821 2784 2799 2850

Tree=0
num_leaves=31
num_cat=0
split_feature=257 228 236 166 204 250 159 12 236 4 251 183 13 5 243 237 1 229 208 47 12 200 114 253 208 254 114 234 11 187
split_gain=5.24064e+07 2.32807e+07 1.63912e+07 7.3391e+06 6.96707e+06 4.75606e+06 4.19021e+06 8.58493e+06 3.89722e+06 3.71354e+06 3.5112e+06 6.46582e+06 4.83068e+06 3.43357e+06 3.4043e+06 2.99772e+06 3.08841e+06 2.73356e+06 2.72958e+06 2.93538e+06 2.88587e+06 4.21572e+06 3.61468e+06 2.45544e+06 2.44895e+06 2.29073e+06 2.21196e+06 2.1792e+06 2.17544e+06 2.8939e+06
threshold=475.07818603515631 4134.7749023437509 292.53562927246099 904.46777343750011 1783.2500000000002 644.34121704101574 679.19335937500011 492.29144287109381 419.66514587402349 6012.8100585937509 1341.8395996093752 1074.2500000000002 3289.8095703125005 441.64888000488287 904.46777343750011 1181.9653930664065 1764.0000000000002 205.64466857910159 370.54817199707037 315.14872741699224 575.74453735351574 2136.4050292968755 2128.5000000000005 272.75000000000006 619.95794677734386 -368.74999999999994 -1782.2499999999998 -224.74999999999997 5110.5000000000009 492.26103210449224
decision_type=2 2 2 2 2 2 2 2 2 2 2 2 2 2 2 2 2 2 2 2 2 2 2 2 2 2 2 2 2 2
left_child=2 4 17 6 5 28 7 13 -4 -9 11 12 24 -3 -14 16 23 -1 -6 -20 -21 -22 -23 -13 -7 -8 -10 -18 -2 -30
right_child=1 3 8 -5 18 10 25 9 26 -11 -12 15 14 -15 -16 -17 27 -19 19 20 21 22 -24 -25 -26 -27 -28 -29 29 -31
leaf_value=172.85080987886673 179.87718034579416 197.27650068437146 176.89534706851259 227.36392920555051 170.8687507115512 192.76343058115862 174.12027797157432 205.05850031959105 174.24203531294017 233.57940576160183 165.27728301590034 177.05727319997186 187.55468012671605 172.76375063764144 212.52464330734188 179.62326960926799 219.90000071631957 174.97782720170136 207.52431914435911 184.51288733764719 208.64250049156172 178.23625060485887 202.78104210324176 198.75656296687413 180.31544716429258 195.12450066768218 179.54901836517897 199.41479808784879 175.31988166711105 198.927059241405
leaf_weight=2097 2952 50 11092 21 20 43 27 25 215 21 23 22 39 20 21 26 20 5401 22 168 37 40 24 32 487 25 2263 37 21 34
leaf_count=2097 2952 50 11092 21 20 43 27 25 215 21 23 22 39 20 21 26 20 5401 22 168 37 40 24 32 487 25 2263 37 21 34
internal_value=177.282 182.342 176.259 199.496 181.545 180.949 196.012 201.299 177.296 218.079 184.511 185.12 182.848 190.273 196.294 194.905 198.485 174.383 188.736 189.964 188.528 195.208 187.441 189.916 181.325 184.218 179.089 206.603 180.061 189.913
internal_weight=25325 4257 21068 189 4068 3757 168 116 13570 46 750 727 590 70 60 137 111 7498 311 291 269 101 64 54 530 52 2478 57 3007 55
internal_count=25325 4257 21068 189 4068 3757 168 116 13570 46 750 727 590 70 60 137 111 7498 311 291 269 101 64 54 530 52 2478 57 3007 55
is_linear=0
shrinkage=1


Tree=1
num_leaves=31
num_cat=0
split_feature=257 228 243 184 204 191 250 26 180 236 193 110 83 49 40 247 159 194 60 208 223 228 252 222 58 27 190 250 114 237
split_gain=4.72968e+07 2.10108e+07 1.48573e+07 6.85855e+06 6.28778e+06 4.43294e+06 4.29235e+06 4.16486e+06 3.39275e+06 3.3265e+06 3.11678e+06 3.87057e+06 3.84506e+06 4.3894e+06 2.85171e+06 3.74034e+06 4.31084e+06 2.73782e+06 2.65782e+06 2.46345e+06 2.70275e+06 2.41392e+06 2.40086e+06 3.26088e+06 2.11767e+06 2.14537e+06 2.0739e+06 2.57493e+06 1.99629e+06 1.98604e+06
threshold=475.07818603515631 4134.7749023437509 298.50521850585943 53.750000000000007 1783.2500000000002 2471.5000000000005 644.34121704101574 502.09635925292974 472.73120117187506 419.66514587402349 1115.9725341796877 797.33575439453136 1231.683776855469 1728.2500000000002 700.57888793945324 -350.24999999999994 509.73971557617193 225.70937347412112 -562.04000854492176 370.54817199707037 2970.2917480468755 3297.099975585938 -74.749999999999986 534.11987304687511 -1888.7499999999998 864.86831665039074 2093.2500000000005 537.77215576171886 -1782.2499999999998 1109.5554809570315
decision_type=2 2 2 2 2 2 2 2 2 2 2 2 2 2 2 2 2 2 2 2 2 2 2 2 2 2 2 2 2 2
left_child=2 4 17 -3 6 14 -2 -7 -8 -4 18 29 24 -14 15 -5 -17 -1 -10 -6 21 22 23 -21 -13 -26 -24 -28 -11 -12
right_child=1 3 9 5 19 7 8 -9 10 28 11 12 13 -15 -16 16 -18 -19 -20 20 -22 -23 26 -25 25 -27 27 -29 -30 -31
leaf_value=-3.8446269332001393 2.6402116258628978 48.791135025024417 -0.3183680598832721 29.937378079963452 -6.0921878790855413 13.361856923784529 21.424991341013659 42.599791974034808 9.7898452942187983 -2.8875669973672822 7.6023803430822401 22.182187541961671 45.786340637207033 13.056790124802362 -3.6747235818342734 24.901742084209737 -1.5200550311490111 -1.9409586523199707 -0.25681153620992386 11.589225818102177 29.326974609919958 1.5658304633801443 4.6232309001647396 38.443585338592527 16.151064047606095 -4.0034801460081537 28.2240656546184 9.7607880797879449 2.1540671662784296 -4.4968993782997133
leaf_weight=3057 3007 20 10591 33 20 21 38 29 91 215 223 25 20 21 22 26 38 4942 238 26 21 57 81 20 23 31 28 58 2263 40
leaf_count=3057 3007 20 10591 33 20 21 38 29 91 215 223 25 20 21 22 26 38 4942 238 26 21 57 81 20 23 31 28 58 2263 40
internal_value=5.54218e-08 4.80697 -0.971295 21.1036 4.04982 17.827 3.48425 30.3199 6.86827 0.0674873 6.09136 9.15743 16.5987 29.0224 12.5779 16.2641 9.2138 -2.66849 2.52205 10.8821 12.0488 10.7049 13.1506 23.265 10.1509 4.58086 10.3646 15.7721 1.71664 5.76219
internal_weight=25325 4257 21068 189 4068 169 3757 50 750 13069 712 383 120 41 119 97 64 7999 329 311 291 270 213 46 79 54 167 86 2478 263
internal_count=25325 4257 21068 189 4068 169 3757 50 750 13069 712 383 120 41 119 97 64 7999 329 311 291 270 213 46 79 54 167 86 2478 263
is_linear=0
shrinkage=0.05


Tree=2
num_leaves=31
num_cat=0
split_feature=257 228 243 201 204 184 25 229 33 256 169 19 229 222 229 183 136 200 130 161 52 6 15 71 126 197 209 66 47 12
split_gain=4.27743e+07 1.78361e+07 1.45861e+07 6.53221e+06 5.13696e+06 3.6985e+06 3.69585e+06 3.36708e+06 3.31238e+06 3.73373e+06 3.44015e+06 3.11372e+06 2.88814e+06 2.78529e+06 2.93938e+06 2.91639e+06 2.59728e+06 2.57648e+06 4.31829e+06 3.06662e+06 2.52177e+06 2.5956e+06 3.14076e+06 2.49799e+06 2.43939e+06 3.05733e+06 2.40732e+06 2.38387e+06 2.36408e+06 3.22439e+06
threshold=492.24920654296881 4134.7749023437509 307.90232849121099 1012.183807373047 1783.2500000000002 2654.7500000000005 4842.1301269531259 421.42282104492193 537.77215576171886 4401.7050781250009 2198.2500000000005 492.29144287109381 205.64466857910159 371.76028442382818 700.57888793945324 1228.7500000000002 -674.74999999999989 -1189.8375244140623 -1408.6300048828123 656.25000000000011 -460.24999999999994 -491.73051452636713 369.75000000000006 -1074.4999999999998 -1547.7499999999998 -1562.7499999999998 1501.8601684570315 1332.7500000000002 314.16770935058599 575.74453735351574
decision_type=2 2 2 2 2 2 2 2 2 2 2 2 2 2 2 2 2 2 2 2 2 2 2 2 2 2 2 2 2 2
left_child=2 4 12 5 6 8 13 -4 9 -3 -10 -7 -1 -2 17 -16 -8 18 19 -15 -19 22 -22 -21 -9 -26 -17 -18 -6 -30
right_child=1 3 7 -5 28 11 16 24 10 -11 -12 -13 -14 14 15 26 27 20 -20 23 21 -23 -24 -25 25 -27 -28 -29 29 -31
leaf_value=-4.0330376418872902 21.40469096955799 10.66157935346876 -0.215086754978387 47.077119140625001 27.080260622501374 12.160032875537873 28.543698594570163 -3.0014527524511023 17.875983146826425 37.743139762878421 -6.8485321044921879 37.162093908136541 -1.9069230254138743 3.026300842131326 5.0805992980222197 22.85707422235738 -4.2483085852402906 -1.957744118647561 22.083879681995938 27.649004463527515 5.4790154725710556 1.8715581856011099 26.963809843496843 7.2344703177380012 21.617952504158023 1.9965418884029447 3.822745764255524 13.206140230878999 5.1935323226604275 16.401230269375414
leaf_weight=2097 21 35 9892 20 20 20 20 252 24 20 34 33 6703 637 414 46 26 420 35 23 75 1293 22 43 20 2698 26 79 176 101
leaf_count=2097 21 35 9892 20 20 20 20 252 24 20 34 33 6703 637 414 46 26 420 35 23 75 1293 22 43 20 2698 26 79 176 101
internal_value=8.19197e-08 4.9971 -0.844999 20.0822 4.19013 16.8298 3.60279 0.228193 11.7185 20.5094 3.3823 27.7274 -2.41357 3.258 3.13239 6.69585 12.0296 2.45271 4.94268 4.08928 1.43746 2.46335 10.3519 14.3486 1.7046 2.14092 15.9836 8.88409 10.4788 9.28009
internal_weight=25325 3663 21662 186 3477 166 3180 12862 113 55 58 53 8800 3055 3034 486 125 2548 738 703 1810 1390 97 66 2970 2718 72 105 297 277
internal_count=25325 3663 21662 186 3477 166 3180 12862 113 55 58 53 8800 3055 3034 486 125 2548 738 703 1810 1390 97 66 2970 2718 72 105 297 277
is_linear=0
shrinkage=0.05


Tree=3
num_leaves=31
num_cat=0
split_feature=257 6 61 166 204 75 187 12 185 165 117 6 87 5 44 8 58 222 253 21 250 40 254 12 229 141 11 62 171 191
split_gain=3.86038e+07 1.62414e+07 1.33152e+07 9.02418e+06 6.81208e+06 4.6682e+06 3.57371e+06 3.4876e+06 3.35566e+06 5.70965e+06 3.63638e+06 2.93645e+06 3.48205e+06 4.12958e+06 3.59002e+06 2.87193e+06 2.82257e+06 2.57924e+06 2.16253e+06 2.18112e+06 2.30103e+06 2.0881e+06 2.06477e+06 2.05329e+06 2.0175e+06 2.5223e+06 2.3587e+06 2.15662e+06 2.19965e+06 2.09863e+06
threshold=492.24920654296881 5156.5039062500009 336.49124145507818 852.46588134765636 1783.2500000000002 569.17248535156261 231.32129669189456 581.48425292968761 1793.7500000000002 2439.5500488281255 719.73504638671886 2713.646118164063 3477.5000000000005 594.14135742187511 1050.2500000000002 1562.0000000000002 4543.5000000000009 371.76028442382818 398.75000000000006 1838.0000000000002 661.46316528320324 282.10499572753912 -47.749999999999993 171.15287780761722 338.21548461914068 -1100.7499999999998 -5802.0224609374991 1012.1833496093751 577.25000000000011 -1923.4999999999998
decision_type=2 2 2 2 2 2 2 2 2 2 2 2 2 2 2 2 2 2 2 2 2 2 2 2 2 2 2 2 2 2
left_child=2 4 6 5 11 16 -1 18 9 -9 -10 17 13 21 -15 24 -3 -2 -6 -20 -21 -13 -19 -8 -4 -26 -27 28 29 -28
right_child=1 3 15 -5 7 -7 23 8 10 -11 -12 12 -14 14 -16 -17 -18 22 19 20 -22 -23 -24 -25 25 26 27 -29 -30 -31
leaf_value=-3.3403113368971358 20.704734973907474 13.579175445011684 -1.0715612949079369 53.816870625813806 1.8664924781841155 2.2250190317630767 10.042622950443857 26.583869094848634 35.077943315004049 -9.588802115122478 12.902237833870783 20.453966009616853 -2.3667081274181965 37.051806440353396 12.993011615241784 2.568011139443779 38.444360992431648 2.3069290025431122 0.56507298139964834 10.812806732912321 28.358208858489991 5.1346268433391273 7.7946069405130718 -1.4577235067688645 -2.1653104101972924 13.928542017255509 16.11803890575062 -2.3719603046645292 3.4009191089462805 0.63478538457981082
leaf_weight=3368 20 21 2382 21 104 32 39 20 38 24 36 24 83 20 69 1456 25 2505 34 74 25 304 184 8061 714 35 22 460 931 4194
leaf_count=3368 20 21 2382 21 104 32 39 20 38 24 36 24 83 20 69 1456 25 2505 34 74 25 304 184 8061 714 35 22 460 931 4194
internal_value=7.79143e-08 4.74724 -0.802749 24.7235 4.19235 16.8907 -1.9715 10.7646 17.788 6.85332 24.2898 3.46528 6.98588 8.84742 18.3995 0.512073 27.0929 2.81549 7.26764 11.4911 15.2435 6.25555 2.68243 -1.40235 0.169495 0.634598 0.988929 0.908158 1.20131 0.71558
internal_weight=25325 3663 21662 99 3564 78 11468 355 118 44 74 3209 500 417 89 10194 46 2709 237 133 99 328 2689 8100 8738 6356 5642 5607 5147 4216
internal_count=25325 3663 21662 99 3564 78 11468 355 118 44 74 3209 500 417 89 10194 46 2709 237 133 99 328 2689 8100 8738 6356 5642 5607 5147 4216
is_linear=0
shrinkage=0.05


Tree=4
num_leaves=31
num_cat=0
split_feature=250 228 236 184 257 114 5 191 246 103 237 248 68 223 183 20 106 243 206 94 156 131 248 204 205 138 186 53 108 159
split_gain=3.49777e+07 1.56466e+07 1.14117e+07 5.63263e+06 4.71984e+06 5.98403e+06 4.9256e+06 4.39697e+06 4.28819e+06 3.11177e+06 3.3545e+06 2.72175e+06 2.70322e+06 2.55965e+06 4.71174e+06 3.42701e+06 3.03901e+06 2.88565e+06 2.74403e+06 2.53594e+06 2.4333e+06 3.14246e+06 2.28474e+06 2.63029e+06 2.26239e+06 2.50748e+06 2.3035e+06 3.36117e+06 3.73072e+06 2.25541e+06
threshold=477.39038085937506 4134.7749023437509 292.53562927246099 53.750000000000007 644.34121704101574 2027.2500000000002 412.43797302246099 2471.5000000000005 1136.7500000000002 457.00708007812506 1383.6878051757815 284.75000000000006 557.84716796875011 1428.0327758789065 1155.5000000000002 3394.133178710938 -1009.4999999999999 644.34121704101574 -247.24999999999997 -2316.9999999999995 2032.5000000000002 569.17248535156261 -262.74999999999994 1462.2500000000002 631.25000000000011 553.73107910156261 -1200.5675048828123 -1580.7499999999998 -1748.9999999999998 700.57888793945324
decision_type=2 2 2 2 2 2 2 2 2 2 2 2 2 2 2 2 2 2 2 2 2 2 2 2 2 2 2 2 2 2
left_child=2 4 -1 -3 24 13 -7 11 -9 -4 12 29 -11 14 15 16 18 -18 19 -6 -8 -22 -16 -24 26 -26 27 -2 -29 -5
right_child=1 3 9 7 5 6 20 8 -10 10 -12 -13 -14 -15 22 -17 17 -19 -20 -21 21 -23 23 -25 25 -27 -28 28 -30 -31
leaf_value=-2.3909275264514864 3.1780204456278014 43.562591094970706 -0.26026696928558563 22.769312136458314 -1.387477157033723 35.910622677979653 20.575025593957236 10.775081858634948 41.321417335227686 2.6644909036407363 22.320088639259339 0.2182108058485874 -2.2659722088203487 -5.5722550738316317 4.0872817389170333 18.074774859591226 -17.201843947314082 1.8514230466130617 22.309117859601976 14.332918259371883 16.514589231985589 -7.8396400873477647 27.178501285825458 7.2479366054534911 3.2837966063497022 10.496185569623593 1.025014563154504 6.0132765900854972 28.728426768098558 4.3453165219380301
leaf_weight=7499 692 20 11838 46 58 27 43 20 27 1467 20 43 343 52 30 41 21 370 32 46 27 26 49 25 392 174 1792 51 28 26
leaf_count=7499 692 20 11838 46 58 27 43 20 27 1467 20 43 343 52 30 41 21 370 32 46 27 26 49 25 392 174 1792 51 28 26
internal_value=-3.73802e-08 4.19255 -0.823576 18.5285 3.53633 6.84742 17.0437 15.4378 28.323 0.036358 1.95518 10.1717 1.73015 5.11518 5.94219 4.15068 3.0674 0.828102 9.50538 5.56577 11.7374 4.56723 15.7266 20.4452 2.64004 5.50103 2.00823 4.29347 14.0642 16.1162
internal_weight=25325 4158 21167 182 3976 847 123 162 47 13668 1830 115 1810 724 672 568 527 391 136 104 96 53 104 74 3129 566 2563 771 79 72
internal_count=25325 4158 21167 182 3976 847 123 162 47 13668 1830 115 1810 724 672 568 527 391 136 104 96 53 104 74 3129 566 2563 771 79 72
is_linear=0
shrinkage=0.05


Tree=5
num_leaves=31
num_cat=0
split_feature=236 228 236 236 166 92 4 247 159 12 205 226 5 4 6 197 71 134 194 141 43 54 2 16 245 225 230 226 246 72
split_gain=3.15815e+07 1.7615e+07 7.00706e+06 6.21484e+06 5.079e+06 4.69524e+06 4.65739e+06 4.15824e+06 3.80672e+06 6.60727e+06 3.46909e+06 3.76404e+06 3.25158e+06 2.88094e+06 2.6401e+06 3.61545e+06 2.86809e+06 2.79114e+06 2.46921e+06 2.32714e+06 2.4651e+06 2.18128e+06 2.65477e+06 2.22885e+06 3.54299e+06 2.13603e+06 2.3982e+06 2.28973e+06 2.50673e+06 2.11952e+06
threshold=407.98092651367193 4134.7749023437509 250.12476348876956 679.19335937500011 904.46777343750011 2736.0000000000005 3941.3374023437505 -1571.2499999999998 679.19335937500011 492.29144287109381 540.50000000000011 -221.74999999999997 441.64888000488287 6012.8100585937509 3314.729125976563 -897.74999999999989 -2123.2499999999995 252.75000000000003 661.46316528320324 392.75000000000006 -992.24999999999989 346.95077514648443 1535.2500000000002 1290.2500000000002 13.250000000000002 -147.24999999999997 -1957.2188720703123 -561.74999999999989 237.75000000000003 1836.7500000000002
decision_type=2 2 2 2 2 2 2 2 2 2 2 2 2 2 2 2 2 2 2 2 2 2 2 2 2 2 2 2 2 2
left_child=2 3 -1 10 8 14 -7 -4 9 12 11 18 -3 -11 15 -5 -17 -16 25 -13 -21 -9 29 24 -24 27 -27 28 -2 -23
right_child=1 4 7 5 -6 6 -8 21 -10 13 -12 19 -14 -15 17 16 -18 -19 -20 20 -22 22 23 -25 -26 26 -28 -29 -30 -31
leaf_value=-2.8193151757192356 1.0992810058128011 17.107190098427235 21.676258221126741 -4.1532279521516227 41.02696788424538 30.955221355588812 6.7967189005443034 -1.1514464520585583 3.7109605064758888 23.303901534814102 4.3517935016304516 -1.9945043895235395 -6.8886501789093018 48.203362201509023 27.663215842613809 19.384037123228374 5.0114518401480082 5.9006441789514881 -4.76023909459854 11.634323993162676 0.76893969695819053 -0.064659040341484827 0.45299508003961475 2.7963992013020462 29.497274015063329 20.814201559339253 3.7977777933160235 -3.8597232988247505 6.3905707249004742 -11.617380138039589
leaf_weight=4600 1203 48 21 103 21 38 42 7519 52 26 1164 1036 20 21 26 38 401 34 116 55 1026 5322 21 356 21 21 1477 182 275 40
leaf_count=4600 1203 48 21 103 21 38 42 7519 52 26 1164 1036 20 21 26 38 401 34 116 55 1026 5322 21 356 21 21 1477 182 275 40
internal_value=1.03568e-08 2.74151 -1.13719 2.34899 17.8515 6.89154 18.272 -0.555403 14.9372 20.0134 1.87637 1.34189 10.0496 34.4292 5.37918 4.2775 6.25555 15.3311 2.40428 -0.301127 1.32176 -0.590561 0.141608 4.08159 14.9751 2.66744 4.03633 1.43215 2.08379 -0.150841
internal_weight=25325 7425 17900 7237 188 682 80 13300 167 115 6555 5391 68 47 602 542 439 60 3274 2117 1081 13279 5760 398 42 3158 1498 1660 1478 5362
internal_count=25325 7425 17900 7237 188 682 80 13300 167 115 6555 5391 68 47 602 542 439 60 3274 2117 1081 13279 5760 398 42 3158 1498 1660 1478 5362
is_linear=0
shrinkage=0.05


Tree=6
num_leaves=31
num_cat=0
split_feature=257 95 257 233 191 204 235 229 5 192 200 103 5 126 160 196 131 145 190 12 142 101 149 190 163 93 257 114 254 199
split_gain=2.87487e+07 1.2463e+07 1.05379e+07 7.33487e+06 5.48323e+06 4.96356e+06 3.15427e+06 2.80107e+06 2.70654e+06 3.7072e+06 3.1166e+06 2.49639e+06 3.21182e+06 3.62664e+06 2.78097e+06 2.5513e+06 2.39371e+06 2.38192e+06 2.36625e+06 2.61299e+06 4.41824e+06 4.37348e+06 2.44262e+06 2.32433e+06 2.26156e+06 2.5476e+06 2.23501e+06 2.39908e+06 2.22175e+06 2.21039e+06
threshold=501.99871826171881 5509.9975585937509 305.52980041503912 -120.24999999999999 2471.5000000000005 1783.2500000000002 3789.8825683593755 392.71554565429693 575.74453735351574 2361.2500000000005 2136.4050292968755 457.00708007812506 609.70101928710949 -1547.7499999999998 -3282.5681152343745 1288.0000000000002 499.15771484375006 488.92694091796881 -281.24999999999994 488.92694091796881 -679.74999999999989 -370.74999999999994 137.75000000000003 2392.7500000000005 -1273.7499999999998 -1413.2499999999998 661.46316528320324 1282.7500000000002 -62.749999999999993 -793.24999999999989
decision_type=2 2 2 2 2 2 2 2 2 2 2 2 2 2 2 2 2 2 2 2 2 2 2 2 2 2 2 2 2 2
left_child=2 5 -1 -3 23 7 11 -2 16 10 -10 14 13 -13 -4 18 26 -17 19 29 21 24 -20 -5 -21 -26 27 -7 -9 -15
right_child=1 3 6 4 -6 8 -8 28 9 -11 -12 12 -14 15 -16 17 -18 -19 22 20 -22 -23 -24 -25 25 -27 -28 -29 -30 -31
leaf_value=-2.0247025746699037 21.765374364852907 39.823430620299447 18.498970451354982 12.474069871902467 31.498506233908916 22.41121624906858 16.983527028560641 2.5188850400972242 21.67727637571447 29.566360954677357 2.0560705089569091 -4.9722350300122535 -3.4974164250211892 -2.3494759390588666 -0.16255198565154227 4.7204835676565402 -1.8028151049063756 23.639011754308427 -0.15383651385318886 3.8163797880327976 0.73853946413312643 37.357802213941305 4.1973272078779509 -11.631558866500855 33.044438705444342 8.3877722913568675 23.327050193786622 3.9129429153113997 7.0420868336170814 6.5615108934449573
leaf_weight=8600 20 36 20 20 22 21 28 2610 34 34 50 156 265 122 11007 41 65 28 824 43 70 21 530 20 20 22 25 106 303 162
leaf_count=8600 20 36 20 20 22 21 28 2610 34 34 50 156 265 122 11007 41 65 28 824 43 70 21 530 20 20 22 25 106 303 162
internal_value=-1.72524e-08 4.30282 -0.659561 21.872 11.4487 3.77596 0.219264 3.11741 9.54176 15.6363 9.99799 0.184053 1.68092 2.35392 -0.128705 2.96087 6.22765 12.3976 2.60192 5.70014 10.4871 16.9249 1.54935 0.421256 11.8768 20.129 9.66174 6.97171 2.98937 2.73355
internal_weight=25325 3366 21959 98 62 3268 13359 2933 335 118 84 13331 2304 2039 11027 1883 217 69 1814 460 176 106 1354 40 85 42 152 127 2913 284
internal_count=25325 3366 21959 98 62 3268 13359 2933 335 118 84 13331 2304 2039 11027 1883 217 69 1814 460 176 106 1354 40 85 42 152 127 2913 284
is_linear=0
shrinkage=0.05


Tree=7
num_leaves=31
num_cat=0
split_feature=236 221 250 184 257 236 92 4 205 226 191 246 187 240 4 16 198 194 230 168 257 242 240 229 128 115 204 85 164 61
split_gain=2.60101e+07 1.41491e+07 6.43909e+06 5.28325e+06 5.08835e+06 4.97151e+06 4.04025e+06 4.19221e+06 3.00507e+06 3.21116e+06 2.70566e+06 3.7869e+06 2.68269e+06 2.5039e+06 2.40219e+06 2.49795e+06 3.15537e+06 2.36202e+06 2.35237e+06 2.92073e+06 2.86625e+06 3.89511e+06 2.21943e+06 2.33188e+06 2.58079e+06 3.74057e+06 2.78956e+06 2.6226e+06 2.24304e+06 2.08879e+06
threshold=419.66514587402349 4185.3376464843759 283.15307617187506 39.750000000000007 542.71502685546886 679.19335937500011 2736.0000000000005 3941.3374023437505 540.50000000000011 -221.74999999999997 2471.5000000000005 1136.7500000000002 644.34121704101574 -327.74999999999994 1360.8499755859377 -1517.2499999999998 -831.74999999999989 661.46316528320324 1469.6800537109377 1596.0000000000002 1012.183807373047 1436.9024658203127 -314.74999999999994 521.28231811523449 -561.74999999999989 -707.74999999999989 -439.74999999999994 1357.7500000000002 -1434.7499999999998 797.33575439453136
decision_type=2 2 2 2 2 2 2 2 2 2 2 2 2 2 2 2 2 2 2 2 2 2 2 2 2 2 2 2 2 2
left_child=2 5 -1 -3 -4 8 14 -8 9 17 12 -12 -5 -14 15 16 -7 22 19 20 -16 -22 -2 -24 25 26 28 -26 -25 -17
right_child=1 3 4 10 -6 6 7 -9 -10 -11 11 -13 13 -15 18 29 -18 -19 -20 -21 21 -23 23 24 27 -27 -28 -29 -30 -31
leaf_value=-2.1817733643452417 1.5709408126825712 40.504027700424196 -0.30120391106702277 17.035276874180497 21.842347005353528 -1.0699357216174785 28.922302477610739 6.0020179027602794 4.2325282024472584 -0.35329264027834784 7.4273529960995637 35.737431286882469 14.718663607506702 -5.9102585704703081 5.0812948270390432 0.72315706561391169 24.658770704269411 -4.6663808187534066 -7.8867788463830948 23.219098609288537 3.9724938557199816 33.071689638884173 2.838155041156559 8.1160262235005707 -2.3170268837795702 26.084737621209559 1.2139725827146322 10.430838539882711 29.422103084836689 -12.886552451716529
leaf_weight=6800 1785 20 11866 58 26 26 38 42 1053 1839 21 27 24 38 288 130 22 116 24 30 23 23 654 30 86 39 64 76 21 36
leaf_count=6800 1785 20 11866 58 26 26 38 42 1053 1839 21 27 24 38 288 130 22 116 24 30 23 23 654 30 86 39 64 76 21 36
internal_value=3.63511e-09 2.68992 -0.954539 16.211 -0.25279 2.29551 6.33229 16.8892 1.8178 1.27794 13.319 23.3518 9.30587 2.07513 4.92938 0.676491 10.7224 2.32282 7.27505 8.27473 6.93242 18.5221 2.6171 4.54224 8.06906 12.7035 8.16556 3.66345 16.8891 -2.22835
internal_weight=25325 6633 18692 188 11892 6445 682 80 5763 4710 168 48 120 62 602 214 48 2871 388 364 334 46 2755 970 316 154 115 162 51 166
internal_count=25325 6633 18692 188 11892 6445 682 80 5763 4710 168 48 120 62 602 214 48 2871 388 364 334 46 2755 970 316 154 115 162 51 166
is_linear=0
shrinkage=0.05


Tree=8
num_leaves=31
num_cat=0
split_feature=250 95 61 233 204 191 13 229 5 185 137 124 215 250 180 254 11 131 186 88 240 190 0 206 162 123 20 253 237 124
split_gain=2.35799e+07 1.10955e+07 8.19066e+06 6.41254e+06 4.70927e+06 4.58315e+06 2.59234e+06 2.55912e+06 2.35867e+06 3.03273e+06 4.34606e+06 3.61076e+06 2.29953e+06 2.15681e+06 2.94073e+06 2.29775e+06 2.06685e+06 2.40061e+06 2.18891e+06 3.5931e+06 4.65715e+06 2.05042e+06 2.04139e+06 2.02413e+06 2.18498e+06 2.10752e+06 2.16989e+06 2.27667e+06 1.9906e+06 2.5987e+06
threshold=477.39038085937506 5509.9975585937509 336.49124145507818 -120.24999999999999 1783.2500000000002 2471.5000000000005 1683.4295043945315 205.64466857910159 581.48425292968761 1793.7500000000002 2624.897583007813 719.73504638671886 443.53672790527349 644.34121704101574 472.73120117187506 -86.249999999999986 5110.5000000000009 537.77215576171886 -1200.5675048828123 -1490.2800292968748 -231.74999999999997 2392.7500000000005 -2696.2499999999995 -1873.7499999999998 -2228.7499999999995 1322.8299560546877 -486.88017272949213 81.750000000000014 1109.5554809570315 525.18084716796886
decision_type=2 2 2 2 2 2 2 2 2 2 2 2 2 2 2 2 2 2 2 2 2 2 2 2 2 2 2 2 2 2
left_child=2 4 7 -3 13 21 -4 -1 12 10 -10 -11 -6 16 -15 23 18 -18 19 -2 -21 -5 -20 -16 -25 26 -26 -28 -27 -30
right_child=1 3 6 5 8 -7 -8 -9 9 11 -12 -13 -14 14 15 -17 17 -19 22 20 -22 -23 -24 24 25 28 27 -29 29 -31
leaf_value=-3.1685235646770735 2.9684085890384306 36.851752502388422 0.11374958987822306 11.559520044326783 13.420507896647734 28.651437980478462 2.7978538817945213 -1.2303510286082615 20.565874753679552 31.19650985277616 -11.234418825669723 7.8999091836912889 2.3809644344952203 18.268210845727189 -6.3699922486847527 12.17237583488226 4.2058513977686349 24.608192124253229 -11.879768407729365 4.8358635067351559 33.342064554794973 -11.081276535987854 1.0479198001382541 19.471679956262761 6.2233200796625834 7.7106052220403729 -15.969201208353041 -0.6772299755451292 11.190754981040955 -11.784483509417624
leaf_weight=2082 755 36 8723 20 68 22 1003 9359 21 39 22 29 154 39 51 80 46 21 31 38 23 20 2044 22 88 278 30 129 20 32
leaf_count=2082 755 36 8723 20 68 22 1003 9359 21 39 22 29 154 39 51 80 46 21 31 38 23 20 2044 22 88 278 30 129 20 32
internal_value=2.33289e-09 3.44234 -0.676205 20.0669 3.04105 10.3209 0.39055 -1.58305 8.73799 14.6891 4.29596 21.2612 5.76245 2.53204 4.89107 4.1764 1.91876 10.6006 1.71756 3.91149 15.5841 0.239122 0.854783 3.19228 4.00643 3.41676 -0.0760589 -3.56251 6.03109 -2.94785
internal_weight=25325 4158 21167 98 4060 62 9726 11441 333 111 43 68 222 3727 769 730 2958 67 2891 816 61 40 2075 650 599 577 247 159 330 52
internal_count=25325 4158 21167 98 4060 62 9726 11441 333 111 43 68 222 3727 769 730 2958 67 2891 816 61 40 2075 650 599 577 247 159 330 52
is_linear=0
shrinkage=0.05


Tree=9
num_leaves=31
num_cat=0
split_feature=236 221 236 184 250 247 114 5 230 183 199 19 185 211 254 194 67 16 190 231 246 148 78 254 156 15 178 176 129 234
split_gain=2.15899e+07 1.20041e+07 5.04293e+06 4.62155e+06 4.42419e+06 3.44571e+06 3.32063e+06 3.5453e+06 3.22585e+06 2.93979e+06 2.81143e+06 4.40245e+06 3.11391e+06 2.56997e+06 2.86132e+06 2.41736e+06 2.95984e+06 2.53166e+06 2.25804e+06 2.24739e+06 2.20061e+06 2.14042e+06 2.20032e+06 2.10095e+06 2.04927e+06 3.98259e+06 2.04209e+06 3.2543e+06 2.01823e+06 2.00676e+06
threshold=407.98092651367193 4185.3376464843759 250.12476348876956 39.750000000000007 644.34121704101574 -1571.2499999999998 2027.2500000000002 412.43797302246099 1300.1578369140627 1074.2500000000002 1524.0000000000002 502.09635925292974 2034.0000000000002 1186.2500000000002 -86.249999999999986 644.34121704101574 5681.7475585937509 3812.7500000000005 -1806.2499999999998 -1241.9999999999998 606.75000000000011 -1945.7499999999998 -2944.4999999999995 -837.24999999999989 2032.5000000000002 3731.2500000000005 502.75000000000006 652.75000000000011 2976.2500000000005 448.25000000000006
decision_type=2 2 2 2 2 2 2 2 2 2 2 2 2 2 2 2 2 2 2 2 2 2 2 2 2 2 2 2 2 2
left_child=2 4 -1 -3 10 -4 8 -8 9 13 18 20 -13 14 26 16 -5 -17 19 -2 28 -20 -23 -24 -9 -26 27 -6 -12 -19
right_child=1 3 5 15 6 -7 7 24 -10 -11 11 12 -14 -15 -16 17 -18 29 21 -21 -22 22 23 -25 25 -27 -28 -29 -30 -31
leaf_value=-2.3672746131349682 -1.1146790413629442 37.46101502418518 19.79078764461336 12.279230915730999 1.0925572970282562 -0.47869529846578196 28.944677236345083 16.661977586859749 -8.9218287489149315 12.192197727327763 1.0972527678523745 9.3962691201883199 30.657888412475586 16.562832172938755 14.101241057259697 -5.0583684265613558 33.280900441045347 25.230892162323002 -4.6480511580140158 13.331297949790955 8.0749180484325329 10.732878550545115 -6.7596043044474072 1.3012171996828368 -12.091878039103289 15.325263200534716 -10.391876372169046 16.959977831159318 -15.914838773554022 4.9163571296199677
leaf_weight=4600 42 20 21 62 421 13279 27 42 45 115 84 51 26 35 49 32 23 20 156 75 94 61 82 5688 26 27 34 35 22 31
leaf_count=4600 42 20 21 62 421 13279 27 42 45 115 84 51 26 35 49 32 23 20 156 75 94 61 82 5688 26 27 34 35 22 31
internal_value=6.85762e-09 2.26673 -0.940249 14.7402 1.9427 -0.446691 5.31802 12.9566 4.0484 4.89551 1.4899 6.41661 16.5755 3.43363 2.58108 12.0353 17.962 5.96575 1.26633 8.14556 2.50543 1.13189 1.28653 1.18666 8.41259 1.87534 1.42907 2.31045 -2.43356 12.8828
internal_weight=25325 7425 17900 188 7237 13300 856 122 734 689 6381 277 77 574 539 168 85 83 6104 117 200 5987 5831 5770 95 53 490 456 106 51
internal_count=25325 7425 17900 188 7237 13300 856 122 734 689 6381 277 77 574 539 168 85 83 6104 117 200 5987 5831 5770 95 53 490 456 106 51
is_linear=0
shrinkage=0.05


Tree=10
num_leaves=31
num_cat=0
split_feature=236 43 190 257 61 199 61 191 226 211 194 90 235 114 240 210 191 200 239 14 229 147 79 100 85 25 138 9 172 60
split_gain=1.94873e+07 1.04223e+07 7.54635e+06 5.57913e+06 5.3616e+06 5.15501e+06 3.50881e+06 3.18121e+06 2.79615e+06 3.5509e+06 3.74353e+06 2.7835e+06 2.67648e+06 2.54417e+06 2.53493e+06 2.08329e+06 2.38982e+06 2.98462e+06 2.14562e+06 2.39857e+06 2.01707e+06 1.89238e+06 2.29889e+06 1.74263e+06 1.64267e+06 1.98172e+06 1.62715e+06 1.64715e+06 1.61744e+06 2.42001e+06
threshold=436.44946289062506 5080.0000000000009 1342.7500000000002 581.48425292968761 336.49124145507818 1524.0000000000002 547.78625488281261 2471.5000000000005 -221.74999999999997 760.25000000000011 418.14086914062506 3675.7458496093755 1566.549987792969 3337.5000000000005 -318.74999999999994 462.25000000000006 -488.74999999999994 1066.100036621094 1299.7500000000002 1646.7500000000002 205.64466857910159 17.750000000000004 -613.74999999999989 3033.7500000000005 3116.7500000000005 3732.112426757813 581.48425292968761 1827.7500000000002 3134.744995117188 3475.9675292968755
decision_type=2 2 2 2 2 2 2 2 2 2 2 2 2 2 2 2 2 2 2 2 2 2 2 2 2 2 2 2 2 2
left_child=3 5 -3 4 20 8 13 -4 9 14 -11 12 -8 -7 23 -10 17 -17 28 -20 -1 -6 -23 -2 25 -22 -14 -28 29 -18
right_child=1 2 7 -5 21 6 11 -9 15 10 -12 -13 26 -15 -16 16 18 -19 19 -21 24 22 -24 -25 -26 -27 27 -29 -30 -31
leaf_value=-2.8904029658274388 1.5587763988810179 45.635925074986055 3.2679023937745528 25.643628860712052 -0.51444779576610145 6.5223508159912642 24.760845097047945 25.327744909433221 -0.90160957010122056 -3.3882871532585561 13.892669228682841 30.899633341743836 19.050375691327183 -7.1442527608173654 4.5689935427308717 3.5243800485134127 1.5906848750440323 26.452550688656899 2.1572503046555953 -21.467061923799061 -1.1717919094946845 4.3444082068681453 0.55508477711811544 -12.597035663778133 -15.481757140159608 14.205400826817467 12.722153295319657 -2.6973399051400122 6.5828540784449672 -14.855788288945739
leaf_weight=2083 1845 21 44 20 4417 201 28 26 1175 41 133 21 22 41 946 40 813 22 22 21 9187 454 3381 22 20 21 29 43 163 23
leaf_count=2083 1845 21 44 20 4417 201 28 26 1175 41 133 21 22 41 946 40 813 22 22 21 9187 454 3381 22 20 21 29 43 163 23
internal_value=-3.31846e-09 2.56141 19.348 -0.75104 -0.778025 2.29109 7.87621 11.4616 1.88276 2.88915 9.82072 14.0857 11.1915 4.20693 2.46039 0.56373 2.12331 11.6602 1.55585 -9.3802 -1.48504 0.191079 1.00368 1.39197 -1.16781 -1.13672 7.14963 3.51329 2.02658 1.13821
internal_weight=25325 5742 91 19583 19563 5651 385 70 5266 2987 174 143 122 242 2813 2279 1104 62 1042 43 11311 8252 3835 1867 9228 9208 94 72 999 836
internal_count=25325 5742 91 19583 19563 5651 385 70 5266 2987 174 143 122 242 2813 2279 1104 62 1042 43 11311 8252 3835 1867 9228 9208 94 72 999 836
is_linear=0
shrinkage=0.05


Tree=11
num_leaves=31
num_cat=0
split_feature=257 172 229 233 199 232 199 235 236 92 4 222 250 191 215 2 156 226 0 254 103 103 37 122 208 12 138 6 131 73
split_gain=1.77906e+07 8.21878e+06 6.97655e+06 5.9754e+06 3.62955e+06 3.14026e+06 3.31445e+06 2.51912e+06 2.28214e+06 3.03514e+06 3.35696e+06 3.18648e+06 2.45885e+06 2.57061e+06 2.46554e+06 2.39032e+06 2.20495e+06 2.72942e+06 2.14487e+06 2.14022e+06 2.13921e+06 2.01925e+06 2.00653e+06 1.94297e+06 1.93092e+06 1.9295e+06 1.74575e+06 1.73578e+06 2.28493e+06 1.63886e+06
threshold=501.99871826171881 5046.6577148437509 335.19184875488287 -120.24999999999999 2658.2500000000005 2094.5000000000005 2658.2500000000005 3789.8825683593755 679.19335937500011 1721.2500000000002 3941.3374023437505 852.46588134765636 1012.183807373047 -2436.2499999999995 661.46316528320324 2107.2500000000005 -403.74999999999994 -155.74999999999997 688.25000000000011 -476.24999999999994 251.77610778808597 231.50575256347659 1678.2500000000002 218.25000000000003 679.19335937500011 349.94299316406256 553.73107910156261 -2255.159790039062 269.46138000488287 -839.74999999999989
decision_type=2 2 2 2 2 2 2 2 2 2 2 2 2 2 2 2 2 2 2 2 2 2 2 2 2 2 2 2 2 2
left_child=2 5 20 -3 -5 8 -7 16 24 12 11 22 13 -10 -15 -12 17 21 -14 29 -1 -4 -11 -21 -2 -18 -24 28 -22 -16
right_child=1 3 7 4 -6 6 -8 -9 9 10 15 -13 18 14 19 -17 25 -19 -20 23 27 -23 26 -25 -26 -27 -28 -29 -30 -31
leaf_value=-2.2181916825441674 2.3570969337681733 34.591368199797238 15.067857285167861 -1.518220174634779 22.592131254408095 4.6950113720364044 28.683029631773636 15.400737748827254 -10.509899345636368 2.8181124576302463 -9.6658735788785499 29.291564712216783 4.2519109029036306 17.998912399291992 7.1523718810081478 7.3516593892574313 -0.30644611597563015 -2.4914638063997718 26.031384315490723 6.7371207262518 11.911901161126924 0.19717036890170436 28.563765130724228 -3.1236068228016731 -4.0669151970041479 1.6094675553756783 10.122484560446306 -0.98654558061033293 0.78440989437551545 -9.3078795290762368
leaf_weight=4475 2388 34 23 37 27 36 24 28 40 43 26 31 26 25 20 100 1930 1214 20 181 57 3053 21 69 123 4118 33 6819 242 62
leaf_count=4475 2388 34 23 37 27 36 24 28 40 43 26 31 26 25 20 100 1930 1214 20 181 57 3053 21 69 123 4118 33 6819 242 62
internal_value=-1.15512e-09 3.38485 -0.518849 17.6522 8.65333 2.957 14.2902 0.42364 2.74503 5.27626 9.63367 15.3367 2.77789 1.50989 2.85664 3.8401 0.383075 -0.483943 13.7212 1.71641 -1.36159 0.308362 10.8769 4.01556 2.04242 0.998073 17.2941 -0.823047 2.9057 -5.29318
internal_weight=25325 3366 21959 98 64 3268 60 10366 3208 697 254 128 443 397 357 126 10338 4290 46 332 11593 3076 97 250 2511 6048 54 7118 299 82
internal_count=25325 3366 21959 98 64 3268 60 10366 3208 697 254 128 443 397 357 126 10338 4290 46 332 11593 3076 97 250 2511 6048 54 7118 299 82
is_linear=0
shrinkage=0.05


Tree=12
num_leaves=31
num_cat=0
split_feature=236 95 233 204 236 191 247 190 244 223 233 108 97 1 236 252 254 191 180 196 196 134 204 240 88 180 39 183 226 149
split_gain=1.61521e+07 9.25238e+06 4.69265e+06 4.43692e+06 3.84984e+06 3.13417e+06 2.96985e+06 2.35235e+06 2.34842e+06 2.64805e+06 2.38938e+06 2.29312e+06 2.25373e+06 3.44267e+06 2.24651e+06 2.03285e+06 3.29572e+06 1.95784e+06 1.91633e+06 1.85645e+06 1.75625e+06 1.73312e+06 2.41426e+06 1.72221e+06 1.69266e+06 2.28998e+06 1.88765e+06 1.57928e+06 1.43526e+06 2.42701e+06
threshold=407.98092651367193 5509.9975585937509 -120.24999999999999 1783.2500000000002 250.12476348876956 2471.5000000000005 -1571.2499999999998 2392.7500000000005 2518.4440917968755 2190.560424804688 1021.7500000000001 2674.7500000000005 2467.219116210938 3413.0000000000005 537.77215576171886 237.25000000000003 -476.24999999999994 -2858.9999999999995 505.92503356933599 -1346.2499999999998 2364.2500000000005 -1833.2499999999998 -1618.2499999999998 -73.749999999999986 4495.9475097656259 501.99871826171881 4114.5500488281259 -110.74999999999999 -289.74999999999994 1.0000000180025095e-35
decision_type=2 2 2 2 2 2 2 2 2 2 2 2 2 2 2 2 2 2 2 2 2 2 2 2 2 2 2 2 2 2
left_child=4 3 -3 14 -1 7 -6 -4 9 11 -10 20 -11 -14 17 -16 -17 -2 23 -20 -5 -19 -23 -18 26 -26 28 -21 -24 -30
right_child=1 2 5 8 6 -7 -8 -9 10 12 -12 -13 13 -15 15 16 18 21 19 27 -22 22 24 -25 25 -27 -28 -29 29 -31
leaf_value=-2.0601080812154757 15.409734257407813 31.544432963265315 12.433538455054874 5.1467071512672646 18.406134005955288 24.13938147804954 -0.41173777482815321 -11.526527967453005 5.1423123132614865 -15.996804041862488 28.019991706848145 22.016095624651228 18.789582312107086 -3.280049795890922 2.0411209981518135 -13.425580297197616 27.390160965919495 -4.5023636579513555 16.518988002368385 -2.0709745889044786 20.426438518932887 15.340195984675967 1.8591599788416175 8.5708936937393698 1.5882771149016264 18.13885591102369 -5.9262123321684506 6.299785342378172 -1.6984166826143128 1.5382677225013994
leaf_weight=4600 23 36 21 180 21 22 13279 20 21 20 25 28 24 67 1750 21 20 150 35 73 21 29 2037 31 57 33 104 247 1077 1253
leaf_count=4600 23 36 21 180 21 22 13279 20 21 20 25 28 24 67 1750 21 20 150 35 73 21 29 2037 31 57 33 104 247 1077 1253
internal_value=-5.89699e-10 1.9606 17.1438 1.75542 -0.813264 8.91492 -0.382025 0.745701 6.97293 5.53842 17.5758 8.61054 -0.799545 2.54051 1.46522 2.79585 5.88898 0.857041 6.88801 5.586 6.7431 0.786427 0.959263 15.951 0.867825 7.65682 0.731165 4.39021 0.88971 0.0421694
internal_weight=25325 7425 99 7326 17900 63 13300 41 386 340 46 229 111 91 6940 2177 427 4763 406 355 201 4740 4590 51 4561 90 4471 320 4367 2330
internal_count=25325 7425 99 7326 17900 63 13300 41 386 340 46 229 111 91 6940 2177 427 4763 406 355 201 4740 4590 51 4561 90 4471 320 4367 2330
is_linear=0
shrinkage=0.05


Tree=13
num_leaves=31
num_cat=0
split_feature=236 43 191 204 236 61 33 247 250 6 215 253 229 60 8 191 9 254 114 237 149 218 190 231 254 205 236 226 225 141
split_gain=1.45773e+07 8.44284e+06 6.87806e+06 4.5574e+06 3.47448e+06 2.74011e+06 2.77399e+06 2.68029e+06 2.59449e+06 2.50148e+06 2.26756e+06 3.1131e+06 2.06215e+06 1.94582e+06 2.78805e+06 1.9402e+06 1.91077e+06 1.91021e+06 1.88606e+06 1.87257e+06 2.10328e+06 1.87182e+06 1.74308e+06 2.17206e+06 2.63731e+06 1.87351e+06 2.81507e+06 2.18526e+06 2.34271e+06 1.89552e+06
threshold=407.98092651367193 5080.0000000000009 294.25000000000006 1783.2500000000002 250.12476348876956 547.78625488281261 569.17248535156261 -1571.2499999999998 719.73504638671886 5156.5039062500009 482.70347595214849 605.25000000000011 700.57888793945324 4655.6149902343759 2100.2500000000005 2471.5000000000005 1827.7500000000002 -86.249999999999986 2128.5000000000005 1556.178161621094 2121.7500000000005 1638.2500000000002 -1806.2499999999998 -1241.9999999999998 -488.74999999999994 571.25000000000011 557.84716796875011 -246.74999999999997 -147.24999999999997 392.75000000000006
decision_type=2 2 2 2 2 2 2 2 2 2 2 2 2 2 2 2 2 2 2 2 2 2 2 2 2 2 2 2 2 2
left_child=4 3 -3 12 -1 10 -7 -6 16 -4 11 -5 13 19 -15 -11 -8 -14 -10 22 -21 -12 23 24 -2 27 -27 28 -24 -29
right_child=1 2 9 5 7 6 8 -9 18 15 21 -13 17 14 -16 -17 -18 -19 -20 20 -22 -23 25 -25 -26 26 -28 29 -30 -31
leaf_value=-1.9571027022829968 -12.918449462890624 42.854639587402346 -2.6865437938616825 4.1027511152727856 17.485827214377267 29.453348191579181 11.39315679640997 -0.39115088706463969 7.2359164327383043 7.3050762252807617 4.2317125543471308 21.507741030779755 3.3495703826934093 21.281639607747397 3.5640366620063784 27.920504510970343 -9.2589741071065266 13.4085218502925 24.148313233431651 -14.155740077551023 0.60525321093472573 -8.9199805806080512 0.19635954507116313 11.78693319108428 10.048103029251099 1.9375726558208468 10.157163502502442 -2.0435485698827551 2.9648847393619753 0.90588892850733027
leaf_weight=4600 25 20 26 116 21 21 21 13279 32 25 62 33 511 27 125 21 24 52 34 43 55 48 1628 82 25 625 125 1094 1440 1085
leaf_count=4600 25 20 26 116 21 21 21 13279 32 25 62 33 511 27 125 21 24 52 34 43 55 48 1628 82 25 625 125 1094 1440 1085
internal_value=-6.20925e-09 1.86257 16.9152 1.67372 -0.772601 6.92592 12.789 -0.362924 9.63633 9.70982 3.93777 7.95755 1.37789 1.12188 6.71124 16.7165 0.378687 4.27864 15.9484 0.985442 -5.87151 -1.50721 1.09508 6.77856 -1.43517 0.969982 3.3075 0.635859 1.4958 -0.574921
internal_weight=25325 7425 92 7333 17900 391 132 13300 111 72 259 149 6942 6379 152 46 45 563 66 6227 98 110 6129 132 50 5997 750 5247 3068 2179
internal_count=25325 7425 92 7333 17900 391 132 13300 111 72 259 149 6942 6379 152 46 45 563 66 6227 98 110 6129 132 50 5997 750 5247 3068 2179
is_linear=0
shrinkage=0.05


Tree=14
num_leaves=31
num_cat=0
split_feature=257 221 184 250 180 226 159 219 103 18 25 194 67 236 212 220 248 222 152 199 253 108 113 233 254 61 40 197 191 200
split_gain=1.32295e+07 8.0543e+06 3.56681e+06 3.54214e+06 3.41359e+06 3.89965e+06 2.95663e+06 2.73758e+06 2.73395e+06 2.26614e+06 3.08171e+06 2.1596e+06 2.39763e+06 2.06325e+06 2.35865e+06 2.76031e+06 2.03962e+06 1.96616e+06 3.13586e+06 2.42231e+06 1.83771e+06 1.83152e+06 2.94967e+06 2.65817e+06 1.75902e+06 1.76961e+06 3.3764e+06 3.47396e+06 2.527e+06 1.94748e+06
threshold=390.09114074707037 4185.3376464843759 39.750000000000007 644.34121704101574 485.93710327148443 -1483.7499999999998 406.64260864257818 1843.5000000000002 251.77610778808597 1328.529968261719 287.27500915527349 644.34121704101574 5681.7475585937509 904.46777343750011 -1905.7499999999998 4.7500000000000009 242.75000000000003 719.73504638671886 700.57888793945324 1822.7500000000002 1319.2500000000002 365.25000000000006 188.25000000000003 -453.74999999999994 -70.249999999999986 486.04968261718756 525.18084716796886 1658.7500000000002 -2858.9999999999995 -1216.407531738281
decision_type=2 2 2 2 2 2 2 2 2 2 2 2 2 2 2 2 2 2 2 2 2 2 2 2 2 2 2 2 2 2
left_child=8 3 -3 7 5 -5 -7 20 -1 10 -6 12 -4 -11 -15 -16 -17 -13 -19 -20 24 22 -12 -23 25 28 29 -28 -2 -27
right_child=1 2 11 4 9 6 -8 -9 -10 13 21 17 -14 14 15 16 -18 18 19 -21 -22 23 -24 -25 -26 26 27 -29 -30 -31
leaf_value=-1.8667689931358487 12.52526556491852 31.606457003355025 9.9543044158390597 -1.3846789750185879 4.5975798302575166 11.606555884225029 38.468381643295288 14.392458266568813 -0.43194014145676657 3.7026241260563126 -4.8406099937400038 -9.761853781768254 28.56187495356021 0.17623533598014288 25.200767076313497 -1.6339977604371532 19.432693662643434 24.235078868865969 -11.268786482377486 12.773919181823731 -13.831869670322963 15.313163280487061 -27.626612839698794 -7.6591132500592396 2.7050647260225174 9.72566106081009 -0.044463915569356166 12.22588059321046 -0.104141079680729 3.2666536834041113
leaf_weight=4588 40 20 70 22 152 21 20 38 12012 397 49 21 23 35 40 27 20 20 22 20 21 20 20 34 1237 145 1494 60 4039 598
leaf_count=4588 40 20 70 22 152 21 20 38 12012 397 49 21 23 35 40 27 20 20 22 20 21 20 20 34 1237 145 1494 60 4039 598
internal_value=4.22197e-09 1.5763 11.5976 1.34601 4.39473 15.5975 24.7099 1.00545 -0.828506 3.50584 -0.163769 9.32382 14.5562 5.45024 11.1372 15.5467 7.33055 3.46106 7.93978 0.180121 0.938811 -6.04771 -11.4452 0.849137 0.979555 0.644791 1.75481 0.429295 0.019707 4.52716
internal_weight=25325 8725 196 8529 857 63 41 7672 16600 794 275 176 93 519 122 87 47 83 62 42 7634 123 69 54 7613 6376 2297 1554 4079 743
internal_count=25325 8725 196 8529 857 63 41 7672 16600 794 275 176 93 519 122 87 47 83 62 42 7634 123 69 54 7613 6376 2297 1554 4079 743
is_linear=0
shrinkage=0.05


Tree=15
num_leaves=31
num_cat=0
split_feature=236 43 190 204 212 250 12 115 200 185 257 60 193 243 250 179 185 156 253 61 122 38 44 142 229 79 126 60 115 239
split_gain=1.19515e+07 7.18941e+06 6.47063e+06 4.09851e+06 3.28157e+06 2.73203e+06 2.43013e+06 2.60112e+06 2.59443e+06 2.32614e+06 2.23781e+06 1.94977e+06 3.04866e+06 2.66376e+06 2.10439e+06 2.92103e+06 3.13992e+06 4.29251e+06 1.78151e+06 2.45846e+06 2.16962e+06 1.7341e+06 2.83431e+06 1.68608e+06 1.65436e+06 1.76998e+06 1.85725e+06 1.85597e+06 2.55599e+06 1.67189e+06
threshold=398.03488159179693 5080.0000000000009 1342.7500000000002 1783.2500000000002 2136.2500000000005 283.15307617187506 581.48425292968761 3132.5000000000005 2136.4050292968755 1793.7500000000002 534.11987304687511 1037.259948730469 -1202.429992675781 904.46777343750011 441.10812377929693 -1586.8075561523435 -762.74999999999989 -1374.4999999999998 422.25000000000006 336.49124145507818 3439.0000000000005 -361.74999999999994 1684.0000000000002 245.25000000000003 619.95794677734386 256.25000000000006 -1285.7499999999998 -5397.1774902343741 -485.74999999999994 281.75000000000006
decision_type=2 2 2 2 2 2 2 2 2 2 2 2 2 2 2 2 2 2 2 2 2 2 2 2 2 2 2 2 2 2
left_child=5 3 -3 11 -4 -1 18 8 -8 -10 -7 12 14 -13 23 24 17 -17 20 -20 -5 -15 -23 -2 25 26 -16 28 -28 -26
right_child=1 2 4 6 -6 10 7 -9 9 -11 -12 13 -14 21 15 16 -18 -19 19 -21 -22 22 -24 -25 29 -27 27 -29 -30 -31
leaf_value=-1.525852179458584 -1.2579838973940536 39.823229299272811 1.4301382393229243 2.709406344223023 24.914679091317314 -0.27152119532681285 19.652620410557951 26.336181838695822 -9.0388859455402084 10.958361388697769 15.341923398556919 1.8257223302861627 -0.54383827049167277 -1.5910909891128542 -0.34573886693121847 9.1077211473046287 3.4485674638014574 36.906131181262786 23.287414934689352 5.0182768526857942 -13.70385135014852 21.374746898894614 3.0109570301677056 10.10853354215622 3.9686734623167403 -9.5251964022131528 3.9441784168544567 3.0125404210916411 24.289329492128815 16.562077702974019
leaf_weight=6800 481 21 51 125 21 10377 33 26 26 33 23 3103 2749 26 405 41 78 21 22 113 24 47 38 35 86 34 38 384 26 38
leaf_count=6800 481 21 51 125 21 10377 33 26 26 33 23 3103 2749 26 405 41 78 21 22 113 24 47 38 35 86 34 38 384 26 38
internal_value=-4.70529e-09 1.58037 15.4025 1.42033 8.2798 -0.746541 6.34095 12.372 8.42556 2.14602 -0.236991 1.16108 0.479196 2.09797 2.16625 3.35572 10.1245 18.5233 3.83511 7.99547 0.0656601 9.70866 13.1651 -0.486999 2.4184 1.66216 2.10808 4.32638 12.2094 7.82794
internal_weight=25325 8125 93 8032 72 17200 402 118 92 59 10400 7630 4416 3214 1667 1151 140 62 284 135 149 111 85 516 1011 887 853 448 64 124
internal_count=25325 8125 93 8032 72 17200 402 118 92 59 10400 7630 4416 3214 1667 1151 140 62 284 135 149 111 85 516 1011 887 853 448 64 124
is_linear=0
shrinkage=0.05


Tree=16
num_leaves=31
num_cat=0
split_feature=257 74 40 54 204 187 187 12 254 226 225 150 243 18 247 33 5 192 165 159 243 17 164 252 232 61 5 76 238 254
split_gain=1.07873e+07 6.80037e+06 4.39996e+06 7.11069e+06 3.26168e+06 3.15646e+06 2.3603e+06 3.39966e+06 1.87584e+06 1.98312e+06 3.30606e+06 2.1278e+06 2.9774e+06 2.68486e+06 2.29177e+06 1.91483e+06 1.79245e+06 2.37454e+06 2.11812e+06 2.38359e+06 1.72392e+06 1.66639e+06 1.57037e+06 1.54933e+06 1.79419e+06 1.46962e+06 2.14889e+06 1.86101e+06 1.48208e+06 1.49492e+06
threshold=390.09114074707037 5647.6999511718759 719.73504638671886 609.70101928710949 1783.2500000000002 644.34121704101574 239.50599670410159 171.15287780761722 -70.249999999999986 -398.74999999999994 -147.24999999999997 -657.74999999999989 904.46777343750011 -5747.9748535156241 -320.24999999999994 358.31762695312506 575.74453735351574 2361.2500000000005 2439.5500488281255 661.46316528320324 719.73504638671886 -3105.2499999999995 -949.74999999999989 380.25000000000006 322.25000000000006 327.86697387695318 289.25563049316412 2506.089233398438 -523.74999999999989 -837.24999999999989
decision_type=2 2 2 2 2 2 2 2 2 2 2 2 2 2 2 2 2 2 2 2 2 2 2 2 2 2 2 2 2 2
left_child=6 4 3 5 8 -3 -1 -8 9 10 -2 14 13 -13 15 -11 -6 18 -18 -20 -10 -16 -17 24 -12 26 27 -15 -27 -30
right_child=1 2 -4 -5 16 -7 7 -9 20 11 23 12 -14 25 21 22 17 -19 19 -21 -22 -23 -24 -25 -26 28 -28 -29 29 -31
leaf_value=-1.8272851165637398 0.51370833709974273 25.7513990020752 -2.3319380240780965 44.687559283863415 3.5057636978951368 -0.068464853023660607 18.001303987503054 -0.45501973572321619 2.4976987686068495 4.343354476731399 4.5641617020168459 16.648395016670229 17.652312936782838 -0.86077195142770746 9.2411408167136351 -14.581808774682541 14.667263522148133 21.793586979718771 9.1327544267360974 -13.5156676701137 13.75042528969901 -1.7313549102122778 -4.4802790765762337 14.806121616065504 -1.2027976228167183 8.5880321817738672 -6.5997899669645861 16.257879180908201 -11.122470058287893 0.48935680128705122
leaf_weight=3882 2105 20 28 22 341 29 25 12693 1236 29 831 25 25 77 38 79 40 34 26 21 35 387 75 32 161 56 176 20 28 2749
leaf_count=3882 2105 20 28 22 341 29 25 12693 1236 29 831 25 25 77 38 79 40 34 26 21 35 387 75 32 161 56 176 20 28 2749
internal_value=-1.8273e-08 1.42339 14.4533 21.0728 1.27384 10.4703 -0.748136 -0.41874 1.04255 0.717104 1.64727 -0.056143 0.465645 0.328415 -2.76463 -7.44277 5.36095 10.5892 6.2105 -0.986753 2.80757 -0.750285 -9.66223 3.9775 3.62819 0.197057 -3.30654 2.66885 0.534678 0.372277
internal_weight=25325 8725 99 71 8626 49 16600 12718 8164 6893 3129 3764 3156 3131 608 183 462 121 87 47 1271 425 154 1024 992 3106 273 97 2833 2777
internal_count=25325 8725 99 71 8626 49 16600 12718 8164 6893 3129 3764 3156 3131 608 183 462 121 87 47 1271 425 154 1024 992 3106 273 97 2833 2777
is_linear=0
shrinkage=0.05


Tree=17
num_leaves=31
num_cat=0
split_feature=257 6 117 61 65 234 199 0 8 254 92 166 253 143 6 151 39 12 58 245 204 5 19 159 60 74 257 243 152 192
split_gain=9.80783e+06 4.98788e+06 5.72637e+06 4.46352e+06 3.39812e+06 3.10844e+06 3.48782e+06 2.37577e+06 2.20195e+06 2.20034e+06 1.7021e+06 1.57662e+06 1.52412e+06 1.51662e+06 2.28345e+06 2.25766e+06 3.09049e+06 2.1751e+06 4.05815e+06 3.43471e+06 2.13946e+06 2.43242e+06 1.90513e+06 3.04663e+06 1.78655e+06 2.06627e+06 2.08237e+06 1.71367e+06 1.55586e+06 3.77972e+06
threshold=501.99871826171881 5156.5039062500009 719.73504638671886 336.49124145507818 4483.7500000000009 1689.5000000000002 2658.2500000000005 -3890.2499999999995 1562.0000000000002 -8.7499999999999982 -2098.9999999999995 661.46316528320324 140.75000000000003 2817.0000000000005 2713.646118164063 2642.6474609375005 3372.482543945313 594.14135742187511 2160.2500000000005 -290.74999999999994 1988.2500000000002 537.77215576171886 537.77215576171886 569.17248535156261 2620.1250000000005 2271.900024414063 644.34121704101574 534.11987304687511 575.74453735351574 1939.0000000000002
decision_type=2 2 2 2 2 2 2 2 2 2 2 2 2 2 2 2 2 2 2 2 2 2 2 2 2 2 2 2 2 2
left_child=3 5 4 7 -3 13 -7 -1 10 -10 -5 -6 -9 14 15 16 20 22 19 -19 24 -22 -16 -24 25 -2 -27 -26 -15 -30
right_child=1 2 -4 8 11 6 -8 12 9 -11 -12 -13 -14 28 17 -17 -18 18 -20 -21 21 -23 23 -25 27 26 -28 -29 29 -31
leaf_value=16.152403877973558 1.687749396890041 -5.5197832976618129 36.745508539109004 -5.049293910991401 24.396728973388676 3.943611926567264 27.638615409851077 -1.5110586885516357 1.8449009851870422 15.520468490123751 0.15458892506563837 6.0439724114808175 -0.29642215688066237 0.44552003299654691 5.0820845973236484 -2.5443323069579469 19.603695703506471 2.2976632308959961 0.59111711692810054 27.200607559945851 2.2164266401721586 23.178419057846071 12.384424228668214 -10.77307319677606 -13.643093543894151 4.087991775944829 19.8764748204139 -0.59811488436054938 -26.252372756458467 2.5215320281982425
leaf_weight=20 1941 31 21 160 25 41 25 7548 1503 30 8772 22 3926 103 327 293 25 20 50 45 31 25 20 49 34 64 31 97 21 25
leaf_count=20 1941 31 21 160 25 41 25 7548 1503 30 8772 22 3926 103 327 293 25 20 50 45 31 25 20 49 34 64 31 97 21 25
internal_value=-1.21307e-08 2.51322 13.57 -0.385241 7.33041 2.17817 12.919 -1.06544 0.361841 2.11252 0.0613711 15.8061 -1.09545 1.95671 2.19718 1.58387 2.12193 5.24694 11.3003 19.5382 1.92533 11.5745 3.48901 -4.06076 1.67598 2.04014 9.24002 -3.98383 -2.96895 -10.6144
internal_weight=25325 3366 99 21959 78 3267 66 11494 10465 1533 8932 47 11474 3201 3052 2541 2248 511 115 65 2223 56 396 69 2167 2036 95 131 149 46
internal_count=25325 3366 99 21959 78 3267 66 11494 10465 1533 8932 47 11474 3201 3052 2541 2248 511 115 65 2223 56 396 69 2167 2036 95 131 149 46
is_linear=0
shrinkage=0.05


Tree=18
num_leaves=31
num_cat=0
split_feature=236 74 40 233 204 236 247 60 193 32 243 164 117 71 219 212 220 115 253 94 108 156 213 194 222 254 254 33 82 192
split_gain=8.96785e+06 5.55798e+06 3.84487e+06 6.29879e+06 2.71994e+06 2.17992e+06 2.02494e+06 1.67706e+06 2.69401e+06 2.00579e+06 1.97527e+06 1.91252e+06 2.27074e+06 3.27875e+06 1.92231e+06 1.73294e+06 2.3437e+06 2.20567e+06 1.66311e+06 2.39679e+06 1.82917e+06 1.7421e+06 1.65279e+06 1.64838e+06 1.56469e+06 1.716e+06 1.52711e+06 1.9004e+06 1.51596e+06 2.14165e+06
threshold=398.03488159179693 5647.6999511718759 719.73504638671886 -120.24999999999999 1783.2500000000002 250.12476348876956 -1571.2499999999998 1037.259948730469 -1202.429992675781 -697.28500366210926 904.46777343750011 586.25000000000011 413.86961364746099 -1074.4999999999998 -1111.9999999999998 -1905.7499999999998 132.75000000000003 723.25000000000011 592.75000000000011 3016.2500000000005 2674.7500000000005 2388.7500000000005 599.25000000000011 661.46316528320324 404.94261169433599 -958.99999999999989 -50.249999999999993 492.29144287109381 719.73504638671886 2361.2500000000005
decision_type=2 2 2 2 2 2 2 2 2 2 2 2 2 2 2 2 2 2 2 2 2 2 2 2 2 2 2 2 2 2
left_child=5 4 3 -3 7 -1 -7 8 9 11 -9 14 -13 -14 -2 -12 17 -17 19 20 -6 -21 -15 -5 -10 -26 -27 -28 29 -20
right_child=1 2 -4 23 18 6 -8 10 24 -11 15 12 13 22 -16 16 -18 -19 28 21 -22 -23 -24 -25 25 26 27 -29 -30 -31
leaf_value=-1.5782836713651196 4.3469276727865571 39.532797523498537 -2.5471014431544714 19.144334812164306 3.6769098896787775 15.590457953885199 -0.33183922987484327 1.647859078077837 2.2479920249890131 17.705627698898315 -0.58116147617499037 -3.7592663162632998 22.678419999818544 10.296364285327771 0.18020330901351911 31.980046300660998 2.5186368212103845 9.3255811214447029 7.4577073171105184 -16.622090883688497 16.940270911493609 0.31450225869003612 -3.9068005829146415 0.051250868577223566 -13.615945833700676 -1.3776580128347904 0.50254905690488061 11.290058761605851 -0.22335154851277672 22.428882548833887
leaf_weight=4600 368 25 28 20 161 20 12580 3099 415 20 36 38 37 54 1117 21 32 22 71 22 31 49 33 26 27 2065 190 52 30 36
leaf_count=4600 368 25 28 20 161 20 12580 3099 415 20 36 38 37 54 1117 21 32 22 71 22 31 49 33 26 27 2065 190 52 30 36
internal_value=2.59666e-09 1.36896 13.1436 19.3315 1.22372 -0.646676 -0.306566 1.01292 0.380749 1.96665 1.8826 1.77552 6.93413 10.2111 1.21277 8.4362 12.7645 20.3894 5.24273 2.9158 5.81839 -4.93346 4.90896 8.35259 -0.580942 -1.08394 -0.937276 2.82053 9.70976 12.4947
internal_weight=25325 8125 99 71 8026 17200 12600 7626 4416 1667 3210 1647 162 124 1485 111 75 43 400 263 192 71 87 46 2749 2334 2307 242 137 107
internal_count=25325 8125 99 71 8026 17200 12600 7626 4416 1667 3210 1647 162 124 1485 111 75 43 400 263 192 71 87 46 2749 2334 2307 242 137 107
is_linear=0
shrinkage=0.05


Tree=19
num_leaves=31
num_cat=0
split_feature=236 43 190 257 54 199 12 26 6 233 226 211 240 191 190 180 135 68 106 78 94 184 131 148 241 233 47 156 51 1
split_gain=8.10878e+06 4.9031e+06 5.41578e+06 3.56361e+06 2.85404e+06 2.44337e+06 2.26135e+06 2.42913e+06 2.02766e+06 1.98334e+06 1.96775e+06 2.78897e+06 2.12867e+06 1.95097e+06 1.94427e+06 1.94129e+06 1.7452e+06 1.76346e+06 1.74474e+06 1.6047e+06 2.03093e+06 1.58688e+06 3.0291e+06 1.564e+06 1.88979e+06 1.54935e+06 1.50372e+06 1.49156e+06 2.16025e+06 1.4609e+06
threshold=436.44946289062506 5080.0000000000009 1342.7500000000002 581.48425292968761 335.51869201660162 1524.0000000000002 575.74453735351574 587.72634887695324 5156.5039062500009 -20.249999999999996 -221.74999999999997 905.75000000000011 -318.74999999999994 2471.5000000000005 -730.99999999999989 396.71347045898443 168.75000000000003 330.73654174804693 3156.7500000000005 2936.7500000000005 2619.7500000000005 -992.24999999999989 480.24928283691412 1723.7500000000002 -567.24999999999989 1189.7500000000002 345.96691894531256 -1985.2499999999998 -3787.7499999999995 1880.5000000000002
decision_type=2 2 2 2 2 2 2 2 2 2 2 2 2 2 2 2 2 2 2 2 2 2 2 2 2 2 2 2 2 2
left_child=3 5 -3 4 19 10 16 -8 -4 -9 11 12 18 -10 -6 -13 -7 -18 23 20 -1 22 26 -2 -25 -11 -16 -12 -29 -23
right_child=1 2 8 -5 14 6 7 9 13 25 27 15 -14 -15 21 -17 17 -19 -20 -21 -22 29 -24 24 -26 -27 -28 28 -30 -31
leaf_value=-1.025083233268252 0.64670707350336643 35.435937658945726 -6.5138895415124445 20.610467982292178 -2.1401997636389702 16.88137059211731 26.850497899055483 20.396456682682039 3.7705686634984512 -0.22911389120693865 -6.380132837143055 -2.8182014123751569 3.6330717380335535 24.069811707735063 11.809376061268344 12.533831133986965 13.080681782755358 -0.061625720940075568 -10.316997685347285 -12.388205528259277 14.922383880615236 0.039981546183634142 22.50084307432175 20.687361181349985 3.1821586526673418 15.621073768252419 1.4291076111469385 16.292157427469888 0.17822005488184278 2.4616339158726364
leaf_weight=11146 1790 21 21 20 807 20 20 24 29 58 86 26 958 20 39 99 29 213 35 31 20 6480 20 21 58 21 331 21 2172 689
leaf_count=11146 1790 21 21 20 807 20 20 24 29 58 86 26 958 20 39 99 29 213 35 31 20 6480 20 21 58 21 331 21 2172 689
internal_value=-1.11844e-08 1.65227 13.166 -0.484468 -0.506034 1.46686 5.312 10.9047 6.48501 7.80844 1.18574 2.02999 1.71069 12.056 0.19264 9.34061 2.68642 1.51328 0.74344 -1.02806 -0.996519 0.441694 3.54774 0.950565 7.83544 3.98423 2.52324 0.079218 0.332526 0.272722
internal_weight=25325 5742 91 19583 19563 5651 385 123 70 103 5266 2987 2862 49 8366 125 262 242 1904 11197 11166 7559 390 1869 79 79 370 2279 2193 7169
internal_count=25325 5742 91 19583 19563 5651 385 123 70 103 5266 2987 2862 49 8366 125 262 242 1904 11197 11166 7559 390 1869 79 79 370 2279 2193 7169
is_linear=0
shrinkage=0.05


Tree=20
num_leaves=31
num_cat=0
split_feature=250 229 201 1 103 95 170 155 3 8 246 85 206 162 254 36 181 156 61 219 216 129 257 194 6 103 75 190 150 40
split_gain=7.414e+06 4.99399e+06 4.22143e+06 3.77791e+06 6.70091e+06 2.48246e+06 2.4396e+06 4.14213e+06 3.78401e+06 2.40973e+06 2.63834e+06 1.90098e+06 1.85833e+06 2.01847e+06 1.66217e+06 1.61101e+06 1.59163e+06 2.16934e+06 1.85815e+06 1.80881e+06 1.68728e+06 1.98188e+06 1.62104e+06 1.59196e+06 1.5712e+06 1.54891e+06 1.9832e+06 2.27103e+06 2.68816e+06 1.70119e+06
threshold=644.34121704101574 335.19184875488287 428.74328613281256 4738.7500000000009 719.73504638671886 5006.8923339843759 1853.5000000000002 1996.0000000000002 2481.0000000000005 5395.0000000000009 832.75000000000011 2661.0000000000005 -1873.7499999999998 -2228.7499999999995 -75.249999999999986 2166.7500000000005 517.82861328125011 820.75000000000011 553.73107910156261 -211.74999999999997 964.55505371093761 1273.2500000000002 1012.183807373047 904.46777343750011 -2255.159790039062 448.93209838867193 594.14135742187511 -1806.2499999999998 -2027.2499999999998 537.77215576171886
decision_type=2 2 2 2 2 2 2 2 2 2 2 2 2 2 2 2 2 2 2 2 2 2 2 2 2 2 2 2 2 2
left_child=1 24 -2 6 9 14 7 12 -8 -5 -11 15 -4 -14 25 -9 22 18 -18 -19 21 -20 23 -15 -1 29 27 -27 -29 -3
right_child=2 5 3 4 -6 -7 8 11 -10 10 -12 -13 13 16 -16 -17 17 19 20 -21 -22 -23 -24 -25 -26 26 -28 28 -30 -31
leaf_value=2.2562163153068817 23.036603264973081 -0.23477216385088143 -5.9643484225038623 17.527211258808773 32.616317038536074 11.208718206264356 11.801450721422832 19.956687602996826 -11.382636400786314 -15.207790501912436 8.2369249275752487 27.477007744529033 17.394718130429588 1.4886383482772443 1.5791900344952099 0.74238809347152712 2.6359776649834976 7.6562395572662361 12.606670217688491 -6.0585306374531882 2.7492625604976308 31.805158157348632 13.507342056606127 -6.7780481223578324 -1.0296277673393561 13.767238186535081 -1.3338882665273171 -8.1425622579444887 1.7153766624772293 -14.162015864523974
leaf_weight=376 29 6530 61 24 30 54 24 20 66 21 28 22 24 288 2650 24 53 44 41 53 22 20 23 73 11223 38 710 71 2661 22
leaf_count=376 29 6530 61 24 30 54 24 20 66 21 28 22 24 288 2650 24 53 44 41 53 22 20 23 73 11223 38 710 71 2661 22
internal_value=-1.12883e-08 -0.172553 4.2415 3.67432 12.7225 0.510999 2.58813 3.50082 -5.20021 4.5469 -1.81081 15.4764 2.37491 3.16851 0.465448 9.47616 2.61514 5.87528 9.94976 0.162602 14.62 18.9013 0.636977 -0.183018 -0.923112 0.171248 1.02373 1.62803 1.45919 -0.281536
internal_weight=25325 24335 990 961 103 12736 858 768 90 73 49 66 702 641 12682 44 617 233 136 97 83 61 384 361 11599 10032 3480 2770 2732 6552
internal_count=25325 24335 990 961 103 12736 858 768 90 73 49 66 702 641 12682 44 617 233 136 97 83 61 384 361 11599 10032 3480 2770 2732 6552
is_linear=0
shrinkage=0.05


Tree=21
num_leaves=31
num_cat=0
split_feature=250 43 190 54 212 205 232 192 192 243 131 145 0 120 238 229 245 83 49 49 103 198 16 47 191 170 127 8 13 54
split_gain=6.78196e+06 3.68577e+06 4.80061e+06 3.0247e+06 2.62884e+06 2.32504e+06 3.0351e+06 2.52655e+06 2.43756e+06 2.41496e+06 3.96417e+06 1.86186e+06 1.84168e+06 1.83749e+06 1.75334e+06 1.71982e+06 2.10387e+06 1.93652e+06 3.84178e+06 3.28882e+06 2.44905e+06 2.09967e+06 2.51106e+06 1.68904e+06 1.72413e+06 1.66184e+06 1.60927e+06 2.26148e+06 3.31604e+06 2.18338e+06
threshold=477.39038085937506 5080.0000000000009 1342.7500000000002 335.51869201660162 2136.2500000000005 707.25000000000011 615.25000000000011 2108.7500000000005 2361.2500000000005 575.74453735351574 679.19335937500011 365.09548950195318 1675.2500000000002 3324.2500000000005 920.75000000000011 700.57888793945324 779.00000000000011 1191.7656860351565 1519.5000000000002 1097.2500000000002 744.84381103515636 -831.74999999999989 -1430.7499999999998 475.17919921875006 1216.0000000000002 -1595.2499999999998 -163.74999999999997 272.75000000000006 -428.69155883789057 358.26618957519537
decision_type=2 2 2 2 2 2 2 2 2 2 2 2 2 2 2 2 2 2 2 2 2 2 2 2 2 2 2 2 2 2
left_child=3 5 -3 -1 -4 13 7 23 11 -10 -11 -8 -5 15 -13 26 17 19 20 21 -19 -17 -23 -7 -25 -20 27 29 -29 -2
right_child=1 2 4 12 -6 6 8 -9 9 10 -12 14 -14 -15 -16 16 -18 18 25 -21 -22 22 -24 24 -26 -27 -28 28 -30 -31
leaf_value=-0.91952181374824316 9.0389434068630905 33.43580899715424 -0.32199282225440529 0.055943311875591477 21.066534337997439 6.4696082467124576 15.398002043224517 -6.4055203986167912 21.343637748161953 -4.3616231114968009 20.064068478804369 2.404191055141025 2.3786865971793061 -7.0631893713684653 -4.3925049876243296 -1.6597476995349685 19.381854248046878 9.3444159218759264 -7.7595534817377727 -19.024057685732842 30.598479809968371 19.404224697236092 2.5191655264088983 12.272179728184106 27.991889908795173 5.3150372105650607 -0.29180745139512004 23.698830654144288 4.4684562074973284 0.30028374192223217
leaf_weight=11331 78 20 51 8892 20 63 21 20 30 46 26 286 944 68 142 158 21 33 30 20 23 31 76 53 26 128 1591 25 217 855
leaf_count=11331 78 20 51 8892 20 63 21 20 30 46 26 286 944 68 142 158 21 33 30 20 23 31 76 53 26 128 1591 25 217 855
internal_value=-1.21255e-09 1.84612 11.7981 -0.362648 5.70294 1.62344 4.21634 10.2327 2.44748 9.4249 4.45877 0.862408 0.278866 1.07224 0.149212 1.24059 3.87876 3.22632 6.82088 0.52725 18.0738 2.00282 7.4111 12.5761 17.4458 2.83252 0.744628 2.14801 6.45507 1.03085
internal_weight=25325 4158 91 21167 71 4067 713 162 551 102 72 449 9836 3354 428 3286 520 499 214 285 56 265 107 142 79 158 2766 1175 242 933
internal_count=25325 4158 91 21167 71 4067 713 162 551 102 72 449 9836 3354 428 3286 520 499 214 285 56 265 107 142 79 158 2766 1175 242 933
is_linear=0
shrinkage=0.05


Tree=22
num_leaves=31
num_cat=0
split_feature=257 6 166 61 75 234 183 126 203 0 215 5 61 91 219 47 30 61 12 205 241 124 143 6 151 39 80 61 82 204
split_gain=6.16646e+06 3.27476e+06 4.38754e+06 2.89064e+06 2.68333e+06 2.33774e+06 2.83819e+06 2.15062e+06 2.30209e+06 1.99396e+06 1.83254e+06 1.81036e+06 2.63557e+06 4.07722e+06 3.5509e+06 2.22787e+06 1.94479e+06 1.7934e+06 2.59217e+06 1.54017e+06 1.67715e+06 1.48032e+06 1.46285e+06 1.77413e+06 2.02704e+06 2.70393e+06 1.94605e+06 2.58765e+06 2.58289e+06 1.75279e+06
threshold=501.99871826171881 5156.5039062500009 852.46588134765636 340.42279052734381 569.17248535156261 1689.5000000000002 2782.0000000000005 -1547.7499999999998 -1781.7499999999998 -3890.2499999999995 477.39038085937506 609.70101928710949 495.52513122558599 -1689.7499999999998 -357.24999999999994 502.09635925292974 -2509.7499999999995 499.15771484375006 502.09635925292974 398.25000000000006 -51.249999999999993 297.56893920898443 2817.0000000000005 2713.646118164063 2642.6474609375005 3372.482543945313 3204.0000000000005 852.46588134765636 331.62265014648443 1988.2500000000002
decision_type=2 2 2 2 2 2 2 2 2 2 2 2 2 2 2 2 2 2 2 2 2 2 2 2 2 2 2 2 2 2
left_child=3 5 4 9 -3 22 -7 10 -9 -1 -5 12 15 14 -14 19 -15 18 -18 -10 -21 -22 23 24 25 29 27 28 -25 -2
right_child=1 2 -4 7 -6 6 -8 8 11 -11 -12 -13 13 16 -16 -17 17 -19 -20 20 21 -23 -24 26 -26 -27 -28 -29 -30 -31
leaf_value=14.940373961925509 1.325070775415444 13.225042484117592 31.238003530956451 -1.2772277383237052 -5.6288116127252579 1.8564574734584707 22.747629994359514 17.451887740716341 0.082072853614793786 -0.86041459253153207 -8.4039719102579529 -3.468197431110295 29.720611106432404 -9.1128456261836828 2.0772031239100865 -5.8945656131197524 3.1851479724833842 2.1582515172651875 24.751391333883461 5.4496644727389025 13.904424983804876 0.80594239928827127 -3.30830680307926 22.482856512069702 -2.6868569581581871 18.086602792739868 -2.3113251632248817 22.97122207823254 4.0501285290374804 10.284523648875101
leaf_weight=20 2167 46 21 523 32 37 29 20 6582 11861 109 283 26 36 21 143 38 879 22 270 22 1104 149 20 293 25 88 21 382 56
leaf_count=20 2167 46 21 523 32 37 29 20 6582 11861 109 283 26 36 21 143 38 879 22 270 22 1104 149 20 293 25 88 21 382 56
internal_value=6.32767e-09 1.99279 10.9518 -0.305467 5.49013 1.72131 11.0359 0.317407 0.506336 -0.833816 -2.50637 0.470381 0.59229 2.98529 17.3693 0.29114 2.2919 2.72915 11.0928 0.402014 1.91051 1.06186 1.52925 1.76543 1.22482 1.73466 4.45363 5.861 4.96718 1.55077
internal_weight=25325 3366 99 21959 78 3267 66 10078 9446 11881 632 9426 9143 1022 47 8121 975 939 60 7978 1396 1126 3201 3052 2541 2248 511 423 402 2223
internal_count=25325 3366 99 21959 78 3267 66 10078 9446 11881 632 9426 9143 1022 47 8121 975 939 60 7978 1396 1126 3201 3052 2541 2248 511 423 402 2223
is_linear=0
shrinkage=0.05


Tree=23
num_leaves=31
num_cat=0
split_feature=236 16 93 229 210 247 161 247 226 225 226 91 201 236 257 68 10 95 138 248 247 0 58 128 186 92 156 223 54 58
split_gain=5.68032e+06 4.26774e+06 4.32055e+06 4.00292e+06 2.01894e+06 1.81553e+06 1.77436e+06 1.69545e+06 1.65177e+06 2.66837e+06 2.19402e+06 1.87862e+06 1.82186e+06 1.6144e+06 2.64446e+06 3.05708e+06 1.97159e+06 1.93239e+06 1.92831e+06 1.59145e+06 1.79623e+06 1.64725e+06 3.58348e+06 1.88938e+06 2.00305e+06 1.7581e+06 1.5741e+06 2.23639e+06 1.87151e+06 3.94508e+06
threshold=679.19335937500011 3812.7500000000005 3608.2500000000005 335.19184875488287 462.25000000000006 -369.74999999999994 2008.2500000000002 -462.24999999999994 -188.24999999999997 -184.74999999999997 -561.74999999999989 -3667.4999999999995 661.46316528320324 661.46316528320324 661.46316528320324 459.31520080566412 2163.5000000000005 5006.8923339843759 553.73107910156261 -66.749999999999986 -428.24999999999994 -1889.4999999999998 -1310.2499999999998 576.25000000000011 3069.587524414063 1045.2500000000002 -362.24999999999994 -99.001342773437486 441.64888000488287 -900.74999999999989
decision_type=2 2 2 2 2 2 2 2 2 2 2 2 2 2 2 2 2 2 2 2 2 2 2 2 2 2 2 2 2 2
left_child=3 -2 5 -1 6 -3 8 -4 9 10 12 -11 -5 14 17 -16 -17 18 -6 20 -20 -21 -23 25 -25 -24 -10 28 -28 -30
right_child=1 2 7 4 13 -7 -8 -9 26 11 -12 -13 -14 -15 15 16 -18 -19 19 21 -22 22 23 24 -26 -27 27 -29 29 -31
leaf_value=-0.8089242725050968 2.740663205128878 36.508762041727707 -2.6866760833188894 0.25866244160782748 0.84678020860196812 15.45939941585064 -9.0208988349392722 13.72023304604715 -2.0363042819815962 16.852160110473633 -3.8825023948819175 1.4829213129181777 -9.6810293996587724 -9.1508996936253144 24.783850288391115 15.153560347216469 -5.1133733408791677 12.083032025609699 2.8319169306755065 15.664436881438546 17.247479417476249 -14.845760803387083 4.485792318512412 -5.5757508094996631 7.414631856441499 18.853044522193169 1.4453762787003672 -0.47334279754263592 4.6554493416100744 30.096349678039555
leaf_weight=11600 688 21 32 2410 2818 20 53 31 1387 20 410 3390 47 35 26 21 28 42 40 23 47 29 68 73 50 31 155 1646 64 20
leaf_count=11600 688 21 32 2410 2818 20 53 31 1387 20 410 3390 47 35 26 21 28 42 40 23 47 29 68 73 50 31 155 1646 64 20
internal_value=6.80771e-09 4.16768 13.6079 -0.134545 0.470326 26.2408 0.102376 5.38656 0.153013 0.627798 -0.496497 1.57306 0.0685259 1.53098 1.64441 10.9257 3.57246 1.4283 1.28753 4.7281 10.6196 2.85743 1.68388 3.84315 -0.295107 8.98463 -0.757814 0.182911 4.70255 10.7128
internal_weight=25325 792 104 24533 12933 41 9602 63 9549 6277 2867 3410 2457 3331 3296 75 49 3221 3179 361 87 274 251 222 123 99 3272 1885 239 84
internal_count=25325 792 104 24533 12933 41 9602 63 9549 6277 2867 3410 2457 3331 3296 75 49 3221 3179 361 87 274 251 222 123 99 3272 1885 239 84
is_linear=0
shrinkage=0.05


Tree=24
num_leaves=31
num_cat=0
split_feature=250 12 180 250 1 103 14 191 5 169 169 236 253 13 204 219 61 8 225 159 135 73 140 156 240 89 6 133 148 205
split_gain=5.13025e+06 3.7193e+06 3.56213e+06 3.96554e+06 2.75601e+06 5.43754e+06 2.38239e+06 2.13386e+06 3.81877e+06 2.06745e+06 3.40982e+06 1.99347e+06 1.60482e+06 1.54936e+06 1.74674e+06 2.89084e+06 2.06945e+06 1.64647e+06 2.02705e+06 1.55501e+06 1.51577e+06 1.46345e+06 1.44725e+06 2.70453e+06 1.44258e+06 1.42952e+06 1.40935e+06 1.43922e+06 1.40243e+06 1.77925e+06
threshold=644.34121704101574 359.76185607910162 472.73120117187506 797.33575439453136 4738.7500000000009 719.73504638671886 5138.7500000000009 1723.7500000000002 547.78625488281261 2340.2500000000005 2018.2500000000002 679.19335937500011 140.75000000000003 3289.8095703125005 -19.749999999999996 -216.24999999999997 644.34121704101574 2861.2500000000005 958.75000000000011 904.46777343750011 2229.2500000000005 1710.2500000000002 840.25000000000011 -738.74999999999989 -645.74999999999989 630.97421264648449 1090.5520019531252 1835.2500000000002 360.25000000000006 707.25000000000011
decision_type=2 2 2 2 2 2 2 2 2 2 2 2 2 2 2 2 2 2 2 2 2 2 2 2 2 2 2 2 2 2
left_child=1 12 3 -2 9 6 -6 -3 20 10 13 -11 -1 14 -4 16 24 18 19 -17 -9 -15 23 -18 -16 -8 27 -14 -20 -30
right_child=2 7 4 -5 5 -7 25 8 -10 11 -12 -13 26 21 15 17 22 -19 28 -21 -22 -23 -24 -25 -26 -27 -28 -29 29 -31
leaf_value=-1.089327377969751 25.568558374611108 0.48735654064477729 -1.6495253558451812 0.36694672593364008 15.811686221758524 28.383347409566245 4.6297154731750494 7.2410545045869403 21.024310009820123 -17.235969196319584 19.808621074472157 -0.84802010473277845 -0.36299280727095412 16.589171218149591 -8.4920831333507198 -0.059487286366914451 18.570750284194947 -13.264082303914158 -2.6103500820341567 -15.728835821151733 -5.1122470508922229 3.0760264751957913 25.644112663269045 -1.9097773588365978 8.3645126883188876 -12.845881927013398 1.4577214953152586 -10.548806879861015 21.930512247085574 1.9222251653671265
leaf_weight=8783 37 10306 293 27 24 30 25 57 35 25 28 72 3790 33 22 76 40 22 21 20 44 51 20 27 30 22 1285 35 25 20
leaf_count=8783 37 10306 293 27 24 30 25 57 35 25 28 72 3790 33 22 76 40 22 21 20 44 51 20 27 30 22 1285 35 25 20
internal_value=-7.48954e-10 -0.143538 3.52828 14.9366 2.73979 10.5358 2.99456 0.569465 6.79156 1.78537 2.69903 -5.07172 -0.679431 2.01464 1.14599 3.68186 9.12416 -0.429443 1.31353 -3.32393 1.85942 8.38476 13.8408 10.3174 1.23288 -3.55035 0.0250922 -0.456196 8.05894 13.0379
internal_weight=25325 24335 990 64 926 101 71 10442 136 825 728 97 13893 700 616 323 139 184 162 96 101 84 87 67 52 47 5110 3825 66 45
internal_count=25325 24335 990 64 926 101 71 10442 136 825 728 97 13893 700 616 323 139 184 162 96 101 84 87 67 52 47 5110 3825 66 45
is_linear=0
shrinkage=0.05


Tree=25
num_leaves=31
num_cat=0
split_feature=229 43 190 250 229 159 249 189 212 191 226 225 247 241 247 240 116 53 236 252 104 179 88 106 39 6 23 254 194 211
split_gain=4.72372e+06 3.26465e+06 3.98255e+06 2.23152e+06 1.79618e+06 1.69702e+06 2.87285e+06 1.63496e+06 1.60425e+06 2.20908e+06 2.18184e+06 2.86515e+06 2.07243e+06 1.81934e+06 3.63841e+06 1.68001e+06 1.81991e+06 2.82042e+06 2.96781e+06 2.32696e+06 1.66896e+06 1.58714e+06 2.10564e+06 2.10773e+06 1.91543e+06 1.76804e+06 2.36675e+06 1.57632e+06 1.56042e+06 2.18762e+06
threshold=424.97560119628912 5080.0000000000009 1342.7500000000002 534.11987304687511 203.03711700439456 679.19335937500011 4465.4074707031259 1915.2500000000002 596.25000000000011 -488.74999999999994 -221.74999999999997 918.75000000000011 322.75000000000006 -224.74999999999997 -501.74999999999994 -318.74999999999994 -942.75250244140614 -1607.440002441406 509.73971557617193 -98.749999999999986 -568.40139770507801 2827.7099609375005 3282.632446289063 1682.7500000000002 4761.2697753906259 2108.021362304688 1785.2500000000002 -297.74999999999994 384.90811157226568 773.25000000000011
decision_type=2 2 2 2 2 2 2 2 2 2 2 2 2 2 2 2 2 2 2 2 2 2 2 2 2 2 2 2 2 2
left_child=3 8 -3 4 -1 6 -4 -6 10 -10 11 12 15 14 -11 28 17 19 -19 -17 -18 25 -23 24 -24 26 -15 -9 -2 -30
right_child=1 2 5 -5 7 -7 -8 27 9 13 -12 -13 -14 21 -16 16 20 18 -20 -21 -22 22 23 -25 -26 -27 -28 -29 29 -31
leaf_value=-1.8349596644881245 -6.233880458538791 29.702462926365083 -2.6254320235479449 12.403535733503453 -0.28635332413955422 -5.568038623809815 22.953312119193701 16.304729434422082 18.289113538161569 1.923930618401779 -0.56499730174558349 19.496914269707421 16.68672581585971 0.44774424249743244 25.621610008239749 -4.6950015004475913 -3.0690086421409721 7.2778341558244497 30.587700973857537 6.6670726545607852 2.7754728177783958 15.932102465018247 4.0081410067422052 0.49477857576226292 24.267681367397309 -5.4255289756334752 11.329573010561759 2.0465486607854326 0.4298256226317867 8.7615780987390668
leaf_weight=1999 83 21 21 34 16865 25 23 28 23 46 2049 22 22 405 25 60 152 36 22 181 622 39 28 159 20 104 57 63 2009 82
leaf_count=1999 83 21 21 34 16865 25 23 28 23 46 2049 22 22 405 25 60 152 36 22 181 622 39 28 159 20 104 57 63 2009 82
internal_value=-4.32159e-09 1.18217 10.6371 -0.394452 -0.417408 4.83465 10.7453 -0.250288 1.04593 2.99135 0.71587 1.51335 1.39232 2.59288 10.2682 1.28869 2.90757 6.22064 16.1195 3.83834 1.62772 1.92176 5.27481 3.26691 12.4496 0.464429 1.79031 6.43368 0.489677 0.756561
internal_weight=25325 6336 90 18989 18955 69 44 16956 6246 906 5340 3291 3269 883 71 3247 1073 299 58 241 774 812 246 207 48 566 462 91 2174 2091
internal_count=25325 6336 90 18989 18955 69 44 16956 6246 906 5340 3291 3269 883 71 3247 1073 299 58 241 774 812 246 207 48 566 462 91 2174 2091
is_linear=0
shrinkage=0.05


Tree=26
num_leaves=31
num_cat=0
split_feature=229 212 239 236 103 18 150 253 210 219 226 240 238 48 257 86 247 47 51 24 9 37 75 124 122 123 109 191 232 71
split_gain=4.34936e+06 3.29833e+06 2.75686e+06 2.70287e+06 2.50062e+06 5.30294e+06 2.79416e+06 1.81883e+06 1.77738e+06 2.46992e+06 1.74975e+06 2.13441e+06 1.71997e+06 2.32362e+06 1.59387e+06 1.58845e+06 1.61126e+06 1.57802e+06 1.87721e+06 4.41101e+06 1.70461e+06 1.67204e+06 1.57358e+06 1.70692e+06 1.59266e+06 1.98796e+06 2.1792e+06 1.59888e+06 1.76572e+06 1.4369e+06
threshold=338.21548461914068 2136.2500000000005 1231.7500000000002 1012.183807373047 719.73504638671886 4201.8925781250009 -1295.7499999999998 1319.2500000000002 462.25000000000006 -855.24999999999989 -175.74999999999997 -91.749999999999986 -538.24999999999989 1028.8963012695315 797.33575439453136 -2738.2499999999995 -374.24999999999994 562.74551391601574 1228.2500000000002 1176.5000000000002 -461.74999999999994 1762.7500000000002 316.11180114746099 297.56893920898443 -912.74999999999989 -1682.6450195312498 -1549.6500244140623 -488.74999999999994 665.25000000000011 3013.7500000000005
decision_type=2 2 2 2 2 2 2 2 2 2 2 2 2 2 2 2 2 2 2 2 2 2 2 2 2 2 2 2 2 2
left_child=-1 3 -3 7 -5 6 -6 8 10 -10 11 -2 13 -11 -4 -13 -17 -12 19 20 -19 -20 29 -24 -25 -26 -27 28 -28 -14
right_child=1 2 14 4 5 -7 -8 -9 9 12 17 15 22 -15 -16 16 -18 18 21 -21 -22 -23 23 24 25 26 27 -29 -30 -31
leaf_value=-0.69597174672956952 0.285696634777936 -5.7099837970733649 9.8465762592497335 -3.2059035926029602 -9.2143469447181339 33.116776188214622 16.899015560150147 -11.054878271327301 18.210106398300692 21.424893684387207 -0.37641365944369681 13.171465188927122 -0.62118097580509424 1.797562787407323 26.459646424380214 -7.615273944327706 2.9079185725501646 -1.5267349971364244 -23.706351171221055 17.663258413314818 -9.562189959275603 -4.5685312423706055 15.509571370211516 -3.5598309374223014 6.7622160603391368 -11.740312880854454 -0.13529771804809571 1.4289236394698162 19.796736654281617 -9.8907956590255104
leaf_weight=11900 5700 20 42 29 21 24 20 34 22 25 2828 36 324 38 22 38 851 198 21 25 99 25 22 146 188 31 20 2503 25 48
leaf_count=11900 5700 20 42 29 21 24 20 34 22 25 2828 36 324 38 22 38 851 198 21 25 99 25 22 146 188 31 20 2503 25 48
internal_value=-8.00236e-09 0.616913 10.4937 0.554726 9.0033 14.4505 3.52388 0.494775 0.524495 1.51125 0.183687 0.64723 1.40224 9.58619 15.5573 2.87506 2.45811 -0.777194 -3.85711 -2.50736 -4.20522 -13.3054 1.24633 1.63463 1.52984 1.79839 1.43655 1.59686 10.9381 -1.81726
internal_weight=25325 13425 84 13341 94 65 41 13247 13213 3392 9821 6625 3370 63 64 925 889 3196 368 322 297 46 3307 2935 2913 2767 2579 2548 45 372
internal_count=25325 13425 84 13341 94 65 41 13247 13213 3392 9821 6625 3370 63 64 925 889 3196 368 322 297 46 3307 2935 2913 2767 2579 2548 45 372
is_linear=0
shrinkage=0.05


Tree=27
num_leaves=31
num_cat=0
split_feature=236 16 93 103 192 106 243 196 183 257 206 253 247 159 218 23 19 6 38 240 86 138 26 93 229 233 169 182 77 245
split_gain=4.03373e+06 3.22988e+06 3.67649e+06 2.80542e+06 1.64808e+06 1.73526e+06 2.59479e+06 2.21106e+06 2.06351e+06 1.78155e+06 1.54773e+06 1.50381e+06 1.48887e+06 1.44465e+06 1.39218e+06 1.39189e+06 1.3913e+06 2.09833e+06 2.38042e+06 1.86139e+06 1.62247e+06 1.78928e+06 1.51188e+06 1.48968e+06 1.45896e+06 1.35555e+06 1.789e+06 3.27471e+06 1.75985e+06 1.73743e+06
threshold=679.19335937500011 3812.7500000000005 3608.2500000000005 350.77154541015631 1032.7500000000002 2263.5000000000005 601.57815551757824 1940.7500000000002 2782.0000000000005 644.34121704101574 -1873.7499999999998 140.75000000000003 -369.74999999999994 679.19335937500011 1562.2500000000002 1829.7500000000002 423.44015502929693 2814.6555175781255 1614.5000000000002 -514.24999999999989 -701.99999999999989 488.92694091796881 569.17248535156261 1270.7500000000002 562.74551391601574 -649.74999999999989 1318.7500000000002 1711.5000000000002 -2573.4999999999995 -116.74999999999999
decision_type=2 2 2 2 2 2 2 2 2 2 2 2 2 2 2 2 2 2 2 2 2 2 2 2 2 2 2 2 2 2
left_child=3 10 12 11 -5 7 8 9 -7 16 -2 -1 -3 -4 -8 -9 20 18 19 -18 -6 -22 -21 -20 -24 26 29 -28 -27 -12
right_child=1 2 13 4 5 6 14 15 -10 -11 25 -13 -14 -15 -16 -17 17 -19 23 22 21 -23 24 -25 -26 28 27 -29 -30 -31
leaf_value=-1.0073003152403144 -6.0231251294796282 32.676355797903881 11.133349658461178 0.2633264501326617 -13.462741483960833 0.12400235617290373 0.75470217829165254 6.5526452798109789 15.831454887597458 16.587575829547387 0.14246324901580812 0.10852331498613564 13.614501051902772 -4.0575189031403642 -14.257833261692779 24.097493233680726 19.243796584917153 17.344129583753389 -9.5971005653848458 7.1477087693895616 -0.20864551512988441 14.312784447877304 -4.193823441988985 3.3195016709769649 10.808086272648403 14.880700791965831 23.532946603438432 -0.58970876733462019 0.32700378407113334 10.552485928293002
leaf_weight=8481 52 21 34 10245 21 230 23 26 23 23 125 4689 20 29 47 20 23 29 49 175 273 23 71 41 21 22 34 24 372 59
leaf_count=8481 52 21 34 10245 21 230 23 26 23 23 125 4689 20 29 47 20 23 29 49 175 273 23 71 41 21 22 34 24 372 59
internal_value=-1.64953e-09 3.51206 11.7246 -0.11338 0.462246 2.28508 -0.805313 3.54067 1.55195 2.88721 2.27063 -0.610026 23.3779 4.14073 -9.32514 14.1808 2.45317 4.38016 3.39081 5.5954 -0.0330718 0.919709 4.41969 -3.71287 -0.769474 2.94873 5.8941 13.5512 1.13965 3.48046
internal_weight=25325 792 104 24533 11363 1118 323 795 253 749 688 13170 41 63 70 46 726 409 380 290 317 296 267 90 92 636 242 58 394 184
internal_count=25325 792 104 24533 11363 1118 323 795 253 749 688 13170 41 63 70 46 726 409 380 290 317 296 267 90 92 636 242 58 394 184
is_linear=0
shrinkage=0.05


Tree=28
num_leaves=31
num_cat=0
split_feature=8 229 103 80 103 212 166 238 240 218 229 253 231 117 19 180 38 121 72 254 233 109 18 136 61 124 2 173 181 59
split_gain=3.71912e+06 3.8134e+06 4.76176e+06 5.25239e+06 2.62172e+06 2.38587e+06 1.88621e+06 1.82532e+06 3.97664e+06 2.01957e+06 2.5593e+06 2.50158e+06 1.80789e+06 1.64352e+06 1.59326e+06 1.61125e+06 1.56362e+06 1.56266e+06 2.06599e+06 1.55807e+06 1.98188e+06 1.51479e+06 2.57775e+06 3.79451e+06 1.41978e+06 2.13247e+06 1.80354e+06 2.11126e+06 1.79072e+06 2.21025e+06
threshold=1562.0000000000002 904.46777343750011 719.73504638671886 1421.7500000000002 644.34121704101574 2136.2500000000005 214.25057220458987 920.75000000000011 -73.749999999999986 980.25000000000011 529.70809936523449 489.25000000000006 829.00000000000011 569.17248535156261 403.77275085449224 360.57440185546881 1329.2500000000002 2804.5000000000005 3884.5000000000005 -313.24999999999994 1472.2500000000002 3111.4699707031255 3527.444946289063 -53.749999999999993 439.23020935058599 719.73504638671886 -3716.7499999999995 445.94619750976568 539.43908691406261 813.25000000000011
decision_type=2 2 2 2 2 2 2 2 2 2 2 2 2 2 2 2 2 2 2 2 2 2 2 2 2 2 2 2 2 2
left_child=6 5 4 -4 -3 7 -1 9 -9 17 11 12 -11 -10 15 -13 -12 18 -2 -7 -21 22 24 -24 26 -26 -8 -28 29 -27
right_child=1 2 3 -5 -6 19 21 8 13 10 16 14 -14 -15 -16 -17 -18 -19 -20 20 -22 -23 23 -25 25 28 27 -29 -30 -31
leaf_value=-1.5668410468685121 0.76048845630229467 11.274035874009133 7.3621413908004758 41.281500693729953 -8.395364993810654 17.614838605608259 6.525512724369765 -24.433693361282351 0.86168740218636963 2.3615805763599562 21.595615690095087 11.156890900755922 -5.4362399173102212 -8.8400081099144057 17.303510224156909 -6.6579248157414526 7.1196949972007095 -7.2684473856290186 15.493562297026315 -6.2078895012537636 15.103609428405761 -4.5572363793532906 26.830343384092505 -0.91835205980709622 1.0824285655450656 -3.3436590834617612 -0.21248838033709677 -2.9785958541531539 7.7153993960582854 -20.617463464140894
leaf_weight=2446 2783 36 25 21 32 35 96 20 198 221 21 30 112 56 36 22 167 60 24 24 20 188 22 28 3726 250 13847 726 33 20
leaf_count=2446 2783 36 25 21 32 35 96 20 198 221 21 30 112 56 36 22 167 60 24 24 20 188 22 28 3726 250 13847 726 33 20
internal_value=-3.80927e-09 1.411 10.4226 22.8471 2.01785 1.1427 -0.260199 0.961542 -2.96752 1.27126 3.88622 1.72021 -0.26111 -1.27727 9.21771 3.61985 8.73669 0.715793 0.886457 9.7418 3.47916 -0.091417 -0.0466349 11.2911 -0.0769529 0.754399 -0.305293 -0.350291 -3.27939 -4.6232
internal_weight=25325 3943 114 46 68 3829 21382 3750 274 3476 609 421 333 254 88 52 188 2867 2807 79 44 18936 18748 50 18698 4029 14669 14573 303 270
internal_count=25325 3943 114 46 68 3829 21382 3750 274 3476 609 421 333 254 88 52 188 2867 2807 79 44 18936 18748 50 18698 4029 14669 14573 303 270
is_linear=0
shrinkage=0.05


Tree=29
num_leaves=31
num_cat=0
split_feature=250 201 12 43 233 212 180 226 33 179 18 4 61 82 220 65 251 177 241 253 126 74 115 93 254 191 166 219 218 218
split_gain=3.43282e+06 3.1713e+06 2.59077e+06 2.19151e+06 2.9647e+06 1.69189e+06 2.13825e+06 1.60214e+06 2.34075e+06 1.60111e+06 1.30672e+06 2.40952e+06 1.88239e+06 2.92124e+06 1.38875e+06 1.44436e+06 1.6292e+06 1.92078e+06 1.62608e+06 1.61082e+06 1.26529e+06 2.08925e+06 2.6519e+06 1.90584e+06 2.24373e+06 1.73903e+06 1.70255e+06 1.69992e+06 2.08484e+06 1.82918e+06
threshold=644.34121704101574 428.74328613281256 359.76185607910162 5080.0000000000009 40.250000000000007 -2128.2499999999995 472.73120117187506 -1048.2499999999998 797.33575439453136 4489.0200195312509 1328.529968261719 -738.07998657226551 587.72634887695324 525.18084716796886 -549.74999999999989 842.75000000000011 951.76589965820324 -595.24999999999989 -55.249999999999993 695.50000000000011 -1547.7499999999998 -5296.8574218749991 -485.74999999999994 -2120.2499999999995 -837.24999999999989 -1923.4999999999998 467.47427368164068 -144.74999999999997 1.0000000180025095e-35 680.75000000000011
decision_type=2 2 2 2 2 2 2 2 2 2 2 2 2 2 2 2 2 2 2 2 2 2 2 2 2 2 2 2 2 2
left_child=2 -2 -1 5 -5 -3 -7 8 -8 20 11 -9 13 -12 -14 16 17 18 -16 -17 -4 22 -22 27 -25 26 -26 28 -23 -29
right_child=1 3 9 4 -6 6 7 10 -10 -11 12 -13 14 -15 15 19 -18 -19 -20 -21 21 23 -24 24 25 -27 -28 29 -30 -31
leaf_value=-0.56467757628506499 19.176634241178117 -4.8284136660739607 -1.3264829243443512 24.350977563858034 1.2831343809763591 17.535084931746773 3.6344048985099606 5.8741460783141006 19.140092369715372 10.86034644358867 4.4508689781893862 -6.6698408598249621 -6.8953479683917509 -8.4457758596965249 -9.0381136406213045 14.041048541329801 -10.720613112449648 11.940968062556706 6.3536965859902876 1.6476851365505121 1.8414474891291726 5.5122209948544603 20.382325658798219 -7.597505061432372 21.231508398056032 0.47026320867041566 0.84762469700404586 -7.6313349875807761 21.203793212219523 10.064639846138334
leaf_weight=13893 29 87 923 26 30 23 129 56 30 37 92 121 23 84 32 80 20 52 37 39 54 98 30 86 20 9083 21 40 27 23
leaf_count=13893 29 87 923 26 30 23 129 56 30 37 92 121 23 84 32 80 20 52 37 39 54 98 30 86 20 9083 21 40 27 23
internal_value=9.72077e-09 2.88615 -0.117415 2.39456 11.9932 1.80061 2.50565 2.07083 6.56001 0.477665 0.948541 -2.70112 2.35593 -1.70435 4.88105 5.9228 2.49919 4.68428 -0.784534 9.97936 0.440744 0.61277 8.46319 0.542603 0.440874 0.516641 10.791 5.52624 8.9016 -1.1709
internal_weight=25325 990 24335 961 56 905 818 795 159 10442 636 177 459 176 283 260 141 121 69 119 10405 9482 84 9398 9210 9124 41 188 125 63
internal_count=25325 990 24335 961 56 905 818 795 159 10442 636 177 459 176 283 260 141 121 69 119 10405 9482 84 9398 9210 9124 41 188 125 63
is_linear=0
shrinkage=0.05


Tree=30
num_leaves=31
num_cat=0
split_feature=8 229 103 80 103 218 233 45 229 56 132 157 150 71 206 6 225 109 18 136 47 125 88 245 71 147 122 246 226 225
split_gain=3.21268e+06 3.16618e+06 4.2347e+06 4.60036e+06 2.38184e+06 2.09828e+06 2.56081e+06 3.07616e+06 1.66238e+06 1.60505e+06 1.98424e+06 3.39066e+06 2.53486e+06 1.71636e+06 1.64408e+06 1.60057e+06 1.42726e+06 1.62118e+06 1.85792e+06 2.75607e+06 1.43271e+06 1.40744e+06 1.43765e+06 1.8372e+06 1.9067e+06 1.36379e+06 1.3263e+06 1.35768e+06 1.23921e+06 2.05662e+06
threshold=1562.0000000000002 904.46777343750011 719.73504638671886 1421.7500000000002 644.34121704101574 2548.2500000000005 1189.7500000000002 3880.7500000000005 205.64466857910159 1437.7500000000002 1367.958679199219 539.75000000000011 376.25000000000006 1220.7500000000002 1062.7500000000002 1482.7064208984377 1443.2500000000002 3111.4699707031255 3527.444946289063 -53.749999999999993 719.73504638671886 1189.6526489257815 2964.5175781250005 -141.74999999999997 678.25000000000011 491.25000000000006 2016.5000000000002 832.75000000000011 -787.24999999999989 -159.74999999999997
decision_type=2 2 2 2 2 2 2 2 2 2 2 2 2 2 2 2 2 2 2 2 2 2 2 2 2 2 2 2 2 2
left_child=8 5 4 -4 -3 9 -7 -8 -1 10 14 12 -12 -13 21 -16 17 18 28 -20 -19 22 -2 -24 -25 -23 27 -18 -10 -30
right_child=1 2 3 -5 -6 6 7 -9 16 -11 11 13 -14 -15 15 -17 26 20 19 -21 -22 25 23 24 -26 -27 -28 -29 29 -31
leaf_value=-1.5844903863381088 1.2321886946226805 10.419377251466116 6.7474950141906733 38.49175965445383 -8.3286230921745297 -2.4093291696693218 28.542390823364258 2.2339168930053712 0.96810254997952505 0.17114642238587141 7.2036307907104487 14.97116785707145 32.377335819005964 1.7570347774473036 2.6514221775120705 20.776651618594215 11.675135643057752 -6.9447889195906143 23.32008363178798 -0.83140335966039602 4.5764940261840819 -8.6341865628957759 -1.4525003030896189 24.596338603807535 5.7228064222261317 -0.070954005017000096 -7.133668725192547 1.2829435643553735 -1.5067052785455912 -0.016294296323775735
leaf_weight=2081 655 36 25 21 32 28 25 20 2319 2500 20 29 20 161 29 21 66 148 21 27 33 64 32 23 32 170 20 60 2780 13827
leaf_count=2081 655 36 25 21 32 28 25 20 2319 2500 20 29 20 161 29 21 66 148 21 27 33 64 32 23 32 170 20 60 2780 13827
internal_value=-1.13744e-08 1.31141 9.52277 21.2394 1.59679 1.06694 9.4627 16.8497 -0.241834 0.903762 2.362 6.55942 19.7905 3.77393 1.42105 10.264 -0.0970717 -0.134609 -0.0896826 9.73487 -4.84422 0.968032 2.0343 8.07317 13.6154 -2.41303 4.82782 6.72647 -0.1146 -0.265788
internal_weight=25325 3943 114 46 68 3829 73 45 21382 3756 1256 230 40 190 1026 50 19301 19155 18974 48 181 976 742 87 55 234 146 126 18926 16607
internal_count=25325 3943 114 46 68 3829 73 45 21382 3756 1256 230 40 190 1026 50 19301 19155 18974 48 181 976 742 87 55 234 146 126 18926 16607
is_linear=0
shrinkage=0.05


Tree=31
num_leaves=31
num_cat=0
split_feature=103 99 191 131 15 217 122 154 51 257 131 226 231 217 247 252 166 89 6 5 198 52 225 246 218 184 76 126 127 213
split_gain=2.98903e+06 2.23645e+06 2.52142e+06 3.30143e+06 2.39161e+06 2.39108e+06 2.19643e+06 2.09642e+06 2.31979e+06 2.06676e+06 3.6585e+06 3.46419e+06 1.6879e+06 1.95847e+06 1.68591e+06 2.20136e+06 1.96053e+06 1.90908e+06 1.6992e+06 1.54925e+06 1.80662e+06 1.88127e+06 2.15551e+06 1.80071e+06 1.54199e+06 1.53462e+06 2.01255e+06 1.44904e+06 2.37613e+06 2.45985e+06
threshold=457.00708007812506 1296.2500000000002 -1429.7499999999998 679.19335937500011 -262.24999999999994 893.25000000000011 1031.2500000000002 739.00000000000011 1228.2500000000002 630.97421264648449 389.11441040039068 -409.24999999999994 -233.24999999999997 -478.74999999999994 -746.24999999999989 -82.249999999999986 557.84716796875011 529.70809936523449 3314.729125976563 904.46777343750011 462.75000000000006 -1941.2499999999998 418.75000000000006 1136.7500000000002 575.25000000000011 529.75000000000011 2335.0114746093755 -1547.7499999999998 -134.74999999999997 30.250000000000004
decision_type=2 2 2 2 2 2 2 2 2 2 2 2 2 2 2 2 2 2 2 2 2 2 2 2 2 2 2 2 2 2
left_child=9 6 3 -3 -4 12 19 24 -9 -1 11 -11 13 -6 -7 17 18 -16 -17 23 21 -21 -23 27 -8 -18 -27 -2 29 -29
right_child=1 2 4 -5 5 14 7 8 -10 10 -12 -13 -14 -15 15 16 25 -19 -20 20 -22 22 -24 -25 -26 26 -28 28 -30 -31
leaf_value=-0.31379475195545181 -1.4344778430258873 4.5231471290713863 14.645784838003323 29.620536899566652 -2.0696684008752797 -5.8104476809501655 -5.8352811103065818 1.8837613231995527 -13.546451561152935 3.2216468422036422 -1.1765174663315217 25.02415879385812 -1.2264159022873011 8.5826088083874108 3.7413236331939701 6.2102672872617264 11.535597621477567 23.555272317701771 20.452833965301515 5.9108659791946412 7.5360399097204214 -5.7367497938650622 -23.745759308338165 13.380575600985825 -24.63346832275391 -10.88791731857672 2.6522137176559633 4.5295964718664541 0.084527233459150197 -0.24794842072168188
leaf_weight=20206 570 38 39 20 71 32 24 102 32 38 96 35 503 110 20 129 26 31 25 20 24 54 24 29 20 41 83 834 1651 398
leaf_count=20206 570 38 39 20 71 32 24 102 32 38 96 35 503 110 20 129 26 31 25 20 24 54 24 29 20 41 83 834 1651 398
internal_value=-1.33226e-09 1.10206 3.0145 13.1774 2.48346 2.04058 0.511444 -4.91044 -1.80107 -0.267741 5.23859 13.6749 0.263528 4.40409 5.18141 6.17223 4.55954 15.7851 8.52237 0.779228 -4.75902 -7.77006 -11.278 0.973274 -14.3799 0.491031 -1.82477 0.869071 1.32451 2.9862
internal_weight=25325 4950 1168 58 1110 1071 3782 178 134 20375 169 73 684 181 387 355 304 51 154 3604 122 98 78 3482 44 150 124 3453 2883 1232
internal_count=25325 4950 1168 58 1110 1071 3782 178 134 20375 169 73 684 181 387 355 304 51 154 3604 122 98 78 3482 44 150 124 3453 2883 1232
is_linear=0
shrinkage=0.05


Tree=32
num_leaves=31
num_cat=0
split_feature=229 74 211 180 246 156 177 182 73 162 117 71 239 159 54 173 254 4 65 231 6 253 247 201 114 127 180 101 148 230
split_gain=2.81306e+06 2.23162e+06 2.50611e+06 2.09435e+06 1.78031e+06 1.74208e+06 2.62133e+06 1.86627e+06 1.70832e+06 3.4029e+06 3.93696e+06 2.80665e+06 1.55354e+06 1.54391e+06 1.51645e+06 1.47834e+06 1.45178e+06 1.58209e+06 5.07261e+06 1.61602e+06 1.36957e+06 1.34117e+06 1.41314e+06 1.36548e+06 2.20911e+06 2.26037e+06 1.53585e+06 1.40262e+06 1.32726e+06 1.82658e+06
threshold=335.19184875488287 5647.6999511718759 565.25000000000011 644.34121704101574 93.250000000000014 -353.74999999999994 -89.249999999999986 -2014.7499999999998 -999.74999999999989 860.25000000000011 467.53538513183599 -1039.2499999999998 -8.7499999999999982 339.29096984863287 630.97421264648449 367.49374389648443 -594.24999999999989 3585.7375488281255 -227.74999999999997 -243.24999999999997 -2255.159790039062 20.250000000000004 -915.24999999999989 509.73971557617193 -994.74999999999989 -251.74999999999997 509.73971557617193 1419.7500000000002 1816.7500000000002 1300.1578369140627
decision_type=2 2 2 2 2 2 2 2 2 2 2 2 2 2 2 2 2 2 2 2 2 2 2 2 2 2 2 2 2 2
left_child=20 4 -3 -4 12 6 7 -6 9 -7 -11 -12 28 -14 -5 -15 -9 -18 -19 -20 -1 -17 -23 26 -25 -26 27 -24 -2 -30
right_child=1 2 3 14 5 8 -8 16 -10 10 11 -13 13 15 -16 21 17 18 19 -21 -22 22 23 24 25 -27 -28 -29 29 -31
leaf_value=2.3951303233491616 0.20638608610566289 23.774968123435976 17.94428656578064 -10.458591171105702 6.5405191533267502 2.3213668894993886 -4.2277911133354626 -11.154457909720286 1.1922735067670849 -0.73621088027954107 36.648226404190062 10.768353886604309 -4.7189882794229119 2.524243265706978 5.8595333944048207 -6.4234515702322357 0.053127475158850614 28.965032448768614 10.312850874265036 -4.113658575794914 -0.6726455199251421 -12.530896399571347 -0.60571890895531655 -3.9480065642034305 20.583237944756235 3.2919009938993784 -11.599000837300954 -7.2844215053049002 12.324441959343705 -4.1739105958938607
leaf_weight=376 2992 20 20 24 120 257 336 28 5044 25 22 20 303 273 35 126 2698 20 30 55 11224 26 737 102 21 189 38 88 51 25
leaf_count=376 2992 20 20 24 120 257 336 28 5044 25 22 20 303 273 35 126 2698 20 30 55 11224 26 737 102 21 189 38 88 51 25
internal_value=-7.56649e-09 0.484459 7.96427 3.96156 0.430115 0.863248 -0.0432697 0.433179 1.41834 4.9377 14.9735 24.3245 -0.324014 -1.44634 -0.778348 -0.826578 0.174302 0.287468 6.3089 0.978051 -0.573207 -1.51593 -1.00107 -0.745945 2.08885 5.02103 -1.77081 -1.31811 0.372134 6.89735
internal_weight=25325 13725 99 79 13626 8655 3287 2951 5368 324 67 42 4971 1903 59 1600 2831 2803 105 85 11600 1327 1201 1175 312 210 863 825 3068 76
internal_count=25325 13725 99 79 13626 8655 3287 2951 5368 324 67 42 4971 1903 59 1600 2831 2803 105 85 11600 1327 1201 1175 312 210 863 825 3068 76
is_linear=0
shrinkage=0.05


Tree=33
num_leaves=31
num_cat=0
split_feature=8 194 40 212 247 254 231 217 187 52 247 250 54 184 246 226 225 225 43 248 226 225 88 247 198 0 26 145 175 112
split_gain=2.6211e+06 2.65027e+06 2.4916e+06 1.95357e+06 2.17671e+06 1.64588e+06 1.5969e+06 2.52464e+06 1.92215e+06 2.25128e+06 1.6446e+06 1.64851e+06 1.63748e+06 1.60633e+06 1.48976e+06 1.48195e+06 2.30916e+06 2.22679e+06 1.63536e+06 1.54961e+06 1.54369e+06 3.08066e+06 1.4657e+06 1.41242e+06 1.37577e+06 1.93504e+06 1.90706e+06 1.84812e+06 1.70028e+06 1.45686e+06
threshold=1562.0000000000002 1012.183807373047 700.57888793945324 2136.2500000000005 835.00000000000011 -251.24999999999997 914.75000000000011 761.25000000000011 426.72621154785162 1387.7500000000002 -684.74999999999989 661.46316528320324 222.44678497314456 529.75000000000011 747.25000000000011 -119.74999999999999 52.750000000000007 349.25000000000006 1580.2500000000002 415.25000000000006 -577.24999999999989 -224.24999999999997 -2135.4575195312495 -159.74999999999997 1393.7500000000002 2278.5000000000005 553.73107910156261 409.55574035644537 1858.7500000000002 2674.2500000000005
decision_type=2 2 2 2 2 2 2 2 2 2 2 2 2 2 2 2 2 2 2 2 2 2 2 2 2 2 2 2 2 2
left_child=15 3 -3 6 5 -5 7 12 14 13 -11 -12 -2 -10 -9 16 18 -17 20 -18 21 -1 23 -19 28 -26 27 -27 -8 -30
right_child=1 2 -4 4 -6 -7 24 8 9 10 11 -13 -14 -15 -16 17 19 22 -20 -21 -22 -23 -24 -25 25 26 -28 -29 29 -31
leaf_value=-0.059720342949795086 -4.7646296331241951 2.3827868351569541 25.245718184384433 12.14701565619438 22.523977906363353 -4.0182519823312761 -2.5013825741297797 0.28524132642283367 7.0553792708299383 -8.0847747825440912 4.2491817025369718 15.546631985175901 0.89972999978216572 25.256232083285298 10.98836106351904 -1.5973137581132573 1.1508679871287617 -1.1983501883347829 -6.8607478398148736 9.2634604184329508 -0.77506209207762788 3.7857059575918228 -0.30872526134321887 4.2113330530267357 9.2883582124003663 -3.9391910510548094 -11.95330490248544 10.088611488770217 -22.825593063944865 -4.413977588306774
leaf_weight=3284 134 26 22 31 21 32 212 268 22 21 152 41 2667 27 37 3935 3107 180 93 60 5029 619 4709 366 54 59 35 39 21 22
leaf_count=3284 134 26 22 31 21 32 212 268 22 21 152 41 2667 27 37 3935 3107 180 93 60 5029 619 4709 366 54 59 35 39 21 22
internal_value=-6.2338e-09 1.18454 12.8616 1.04063 8.58306 3.93609 0.874387 1.24511 4.28461 7.4169 5.2033 6.64916 0.628747 17.0844 1.58365 -0.218437 0.142958 -0.697886 -0.264666 1.30456 -0.195987 0.550149 -0.0243849 2.42792 -1.95133 1.30615 -1.93475 1.6433 -4.34015 -13.4057
internal_weight=25325 3943 48 3895 84 63 3811 3369 568 263 214 193 2801 49 305 21382 12192 9190 9025 3167 8932 3903 5255 546 442 187 133 98 255 43
internal_count=25325 3943 48 3895 84 63 3811 3369 568 263 214 193 2801 49 305 21382 12192 9190 9025 3167 8932 3903 5255 546 442 187 133 98 255 43
is_linear=0
shrinkage=0.05


Tree=34
num_leaves=31
num_cat=0
split_feature=8 229 103 80 103 218 233 45 56 139 157 40 206 71 2 226 225 49 225 94 24 133 148 129 3 212 241 254 78 50
split_gain=2.36555e+06 2.43256e+06 3.56591e+06 4.02132e+06 2.15439e+06 1.5927e+06 2.24714e+06 2.75467e+06 1.42245e+06 1.74322e+06 2.61763e+06 1.51453e+06 1.74144e+06 1.49908e+06 1.38418e+06 1.36826e+06 4.16785e+06 1.54429e+06 1.41792e+06 1.36639e+06 2.07415e+06 1.36598e+06 1.7619e+06 1.92449e+06 1.30921e+06 1.32623e+06 2.28715e+06 1.29404e+06 1.26413e+06 1.24193e+06
threshold=1562.0000000000002 904.46777343750011 719.73504638671886 1421.7500000000002 644.34121704101574 2548.2500000000005 1189.7500000000002 3880.7500000000005 1437.7500000000002 1359.4151611328127 539.75000000000011 852.46588134765636 1062.7500000000002 1220.7500000000002 1475.5000000000002 -398.74999999999994 -184.74999999999997 1324.2500000000002 1272.2500000000002 1414.5000000000002 1436.2500000000002 1063.7500000000002 414.75000000000006 132.25000000000003 1252.7500000000002 464.75000000000006 -27.249999999999996 -96.249999999999986 1922.7500000000002 1382.7500000000002
decision_type=2 2 2 2 2 2 2 2 2 2 2 2 2 2 2 2 2 2 2 2 2 2 2 2 2 2 2 2 2 2
left_child=15 5 4 -4 -3 8 -7 -8 9 11 -11 12 19 -12 -15 16 17 27 28 -2 -21 22 -20 -24 25 -18 -27 29 -17 -1
right_child=1 2 3 -5 -6 6 7 -9 -10 10 13 -13 -14 14 -16 18 24 -19 21 20 -22 -23 23 -25 -26 26 -28 -29 -30 -31
leaf_value=-0.85457281219651748 1.5949088870303028 9.4403019401762229 5.5252437400817875 35.204532014755976 -8.3900830864906322 -2.8954561623079438 26.210351680755618 1.3145493435859681 0.079170033173114066 20.245066953527516 14.482001383551236 -11.67319985303012 11.093341914726341 11.316627311706544 -0.38707207893331846 -0.49492490575197384 2.2853185197177028 -9.0219961303931022 -1.8179954963571885 -18.409368749098345 1.4105926455873432 -1.049046271571443 23.442545232772829 6.3932493368784584 -4.5317799554354909 22.389251483570447 -0.97303884863853463 1.3175666464365268 -4.7705718722173147 10.800990862172583
leaf_weight=3610 923 36 25 21 32 28 25 20 2500 29 29 22 46 32 120 14229 1973 52 51 22 33 121 20 96 69 22 20 921 175 23
leaf_count=3610 923 36 25 21 32 28 25 20 2500 29 29 22 46 32 120 14229 1973 52 51 22 33 121 20 96 69 22 20 921 175 23
internal_value=-1.57624e-09 1.12531 8.32276 19.0745 1.04953 0.911021 8.22571 15.1456 0.768855 2.14164 6.2989 1.30701 1.58588 4.06443 2.07686 -0.207515 0.385216 -0.454244 -0.477415 1.1387 -6.51739 2.99636 5.92746 9.33278 2.24057 2.47247 11.2644 -0.356413 -0.546871 -0.780783
internal_weight=25325 3943 114 46 68 3829 73 45 3756 1256 210 1046 1024 181 152 21382 6690 4606 14692 978 55 288 167 116 2084 2015 42 4554 14404 3633
internal_count=25325 3943 114 46 68 3829 73 45 3756 1256 210 1046 1024 181 152 21382 6690 4606 14692 978 55 288 167 116 2084 2015 42 4554 14404 3633
is_linear=0
shrinkage=0.05


Tree=35
num_leaves=31
num_cat=0
split_feature=103 58 212 103 211 220 187 23 4 201 19 92 117 96 228 0 240 2 233 103 128 111 131 226 225 234 213 6 150 25
split_gain=2.25826e+06 2.1816e+06 1.93954e+06 1.62081e+06 1.368e+06 2.29481e+06 2.53731e+06 2.06409e+06 2.0489e+06 1.7285e+06 1.28136e+06 1.27684e+06 1.26201e+06 2.29548e+06 1.30557e+06 1.77991e+06 1.54142e+06 1.55006e+06 1.71013e+06 1.39791e+06 2.20671e+06 1.47828e+06 1.29675e+06 1.24792e+06 2.29044e+06 2.09233e+06 1.47701e+06 2.18741e+06 1.75792e+06 1.36244e+06
threshold=350.77154541015631 4543.5000000000009 452.75000000000006 619.95794677734386 1186.2500000000002 270.75000000000006 426.72621154785162 -1390.7499999999998 -1640.065002441406 904.46777343750011 581.48425292968761 4134.7500000000009 375.47276306152349 383.73651123046881 2744.067504882813 2172.7500000000005 206.25000000000003 1535.2500000000002 475.25000000000006 581.48425292968761 3133.7500000000005 3532.9606933593755 630.97421264648449 32.750000000000007 918.75000000000011 -371.24999999999994 490.25000000000006 581.47967529296886 1007.7500000000001 4842.1301269531259
decision_type=2 2 2 2 2 2 2 2 2 2 2 2 2 2 2 2 2 2 2 2 2 2 2 2 2 2 2 2 2 2
left_child=-1 4 -3 -4 11 6 -6 -7 10 12 -9 23 13 -10 15 16 -14 18 -18 20 -16 22 -21 24 26 -25 29 28 -28 -2
right_child=1 2 3 -5 5 7 -8 8 9 -11 -12 -13 14 -15 19 -17 17 -19 -20 21 -22 -23 -24 25 -26 -27 27 -29 -30 -31
leaf_value=-0.45251803173004324 0.33651134414256545 22.3276349067688 10.633523787430356 -7.2094893455505371 0.26299255408089739 -8.6558261701401253 20.135998715294733 19.024514828409469 1.6166433318186617 15.696012179056803 2.8994680317965424 -10.201715815478359 -2.4668223433792593 19.694653900146488 3.2409511706625773 -6.3240930713456258 9.6945183221031641 14.180074981053671 -1.0859530072433479 14.611209089105779 -13.270614695549012 19.12464992875854 -0.20096207565731472 15.51357415676117 11.507544116179149 -0.71614210353044871 5.1781877875328064 -0.056770017169989077 17.653183804617989 6.3928860056907579
leaf_weight=13200 7662 20 35 20 29 47 36 28 59 21 22 29 200 25 129 116 51 30 132 22 24 24 45 20 48 2808 131 182 36 94
leaf_count=13200 7662 20 35 20 29 47 36 28 59 21 22 29 200 25 129 116 51 30 132 22 24 24 45 20 48 2808 131 182 36 94
internal_value=-1.09227e-09 0.492638 8.99382 4.14516 0.439726 2.17311 11.2696 1.56668 2.08442 1.52376 11.9295 0.275991 1.17649 6.997 0.543985 -0.851573 0.685502 3.64543 1.91844 3.5696 0.650902 8.47687 4.66274 0.303662 0.617585 -0.601363 0.553091 3.73503 7.86741 0.409912
internal_weight=25325 12125 75 55 12050 1040 65 975 928 878 50 11010 857 84 773 529 413 213 183 244 153 91 67 10981 8153 2828 8105 349 167 7756
internal_count=25325 12125 75 55 12050 1040 65 975 928 878 50 11010 857 84 773 529 413 213 183 244 153 91 67 10981 8153 2828 8105 349 167 7756
is_linear=0
shrinkage=0.05


Tree=36
num_leaves=31
num_cat=0
split_feature=103 43 233 233 210 238 4 226 225 99 156 166 156 6 12 133 169 122 93 86 231 256 160 225 107 122 246 132 257 66
split_gain=2.03808e+06 1.96955e+06 2.75082e+06 1.35468e+06 1.31296e+06 1.98931e+06 2.51181e+06 1.56198e+06 2.10609e+06 1.79526e+06 2.59207e+06 1.63574e+06 1.60431e+06 1.41672e+06 2.55164e+06 1.79891e+06 1.99435e+06 1.77013e+06 1.57857e+06 1.49685e+06 1.25752e+06 1.68254e+06 2.05842e+06 1.26763e+06 1.25291e+06 1.24569e+06 1.22406e+06 1.21444e+06 1.19404e+06 1.97014e+06
threshold=350.77154541015631 5080.0000000000009 -287.74999999999994 837.00000000000011 462.25000000000006 -538.24999999999989 3149.157592773438 32.750000000000007 790.25000000000011 -745.74999999999989 -476.24999999999994 517.10519409179699 1054.2500000000002 3044.241577148438 581.48425292968761 2506.2500000000005 2018.2500000000002 3439.0000000000005 2290.5000000000005 283.25000000000006 355.25000000000006 -220.245002746582 416.76860046386724 442.25000000000006 2963.7500000000005 -3281.2499999999995 188.25000000000003 2570.9279785156255 661.46316528320324 3026.0000000000005
decision_type=2 2 2 2 2 2 2 2 2 2 2 2 2 2 2 2 2 2 2 2 2 2 2 2 2 2 2 2 2 2
left_child=25 4 -3 -4 7 6 -6 8 -2 10 -9 -11 -13 15 17 16 20 24 -17 -18 21 22 -7 -23 -15 -1 -27 -20 29 -28
right_child=1 2 3 -5 5 13 -8 9 -10 11 -12 12 -14 14 -16 18 19 -19 27 -21 -22 23 -24 -25 -26 26 28 -29 -30 -31
leaf_value=9.9214835775309602 0.34460289543047917 22.493821239471437 -5.4422287302357812 10.746215927600861 18.401994792835133 3.9820151404263502 -2.6393686750660774 -0.26895220970496153 11.572336057254248 -1.3064515743475056 11.852050698430915 -4.7161728472113609 -19.568552446365359 2.4179333434533823 12.629199777858359 2.3081409263610841 16.32875774860382 -7.3371831527976106 -20.741541526431131 4.051785266109639 -0.28030055678906951 -1.2758951364632916 18.090657571156822 3.0742839262250699 14.545772939672075 -0.80198112114265985 0.2802029784371734 -5.6872347425770116 10.896730045171886 -8.2953926431782108
leaf_weight=29 7527 24 28 24 37 187 23 195 42 1005 57 200 20 189 71 35 30 43 21 144 1462 340 30 330 24 8636 4441 37 26 68
leaf_count=29 7527 24 28 24 37 187 23 195 42 1005 57 200 20 189 71 35 30 43 21 144 1462 340 30 330 24 8636 4441 37 26 68
internal_value=-4.23822e-09 0.468006 8.49182 2.02936 0.417395 1.32328 10.3361 0.11667 0.406905 -1.37066 2.4727 -2.1613 -6.06639 1.13953 4.24239 0.751671 1.0034 1.91636 -6.07758 6.1685 0.620803 2.10605 5.93252 0.86673 3.78445 -0.429892 -0.452684 -11.1379 0.212483 0.150875
internal_weight=25325 12125 76 52 12049 3003 60 9046 7569 1477 252 1225 220 2943 327 2616 2523 256 93 174 2349 887 217 670 213 13200 13171 58 4535 4509
internal_count=25325 12125 76 52 12049 3003 60 9046 7569 1477 252 1225 220 2943 327 2616 2523 256 93 174 2349 887 217 670 213 13200 13171 58 4535 4509
is_linear=0
shrinkage=0.05


Tree=37
num_leaves=31
num_cat=0
split_feature=8 229 103 80 103 246 246 229 37 2 0 96 109 18 132 32 134 212 212 231 217 75 236 246 52 240 19 73 48 243
split_gain=1.9647e+06 1.94734e+06 3.13344e+06 3.54775e+06 1.98121e+06 1.49113e+06 1.91556e+06 2.50515e+06 1.64125e+06 1.48854e+06 1.4494e+06 1.31179e+06 1.27527e+06 1.89813e+06 3.07333e+06 1.30442e+06 1.5873e+06 1.39388e+06 1.26985e+06 1.92e+06 2.35619e+06 1.82284e+06 1.80803e+06 1.92918e+06 1.92735e+06 1.78216e+06 1.4695e+06 1.47944e+06 1.37035e+06 1.34302e+06
threshold=1562.0000000000002 904.46777343750011 719.73504638671886 1421.7500000000002 644.34121704101574 95.250000000000014 145.25000000000003 477.39038085937506 1323.7500000000002 752.75000000000011 1930.5000000000002 316.07131958007818 3111.4699707031255 3527.444946289063 123.75753784179689 3989.1225585937505 294.25000000000006 476.25000000000006 2136.2500000000005 914.75000000000011 761.25000000000011 594.14135742187511 492.24920654296881 767.75000000000011 1440.2500000000002 -73.749999999999986 499.15771484375006 2399.2500000000005 1850.7356567382815 581.48425292968761
decision_type=2 2 2 2 2 2 2 2 2 2 2 2 2 2 2 2 2 2 2 2 2 2 2 2 2 2 2 2 2 2
left_child=12 5 4 -4 -3 11 7 8 -7 -8 -9 -2 13 -1 -15 17 -17 -14 19 20 -11 25 23 -22 -24 -21 -27 -28 -25 -20
right_child=1 2 3 -5 -6 6 9 10 -10 18 -12 -13 15 14 -16 16 -18 -19 29 21 22 -23 24 28 -26 26 27 -29 -30 -31
leaf_value=-0.17575995393974458 -4.2202383687132849 8.6938022507561588 4.8175167579650884 32.694484406425843 -8.4049324065446864 7.7958685966332757 10.68350788935637 23.447512563069665 -1.030144391050489 0.35836664699931298 8.3453799822229016 0.13514039309085069 -15.629035663604737 24.759975328445435 -0.54373087724049884 10.958347020907837 -3.8894718876992815 -0.8297359980069674 14.39155170576913 -11.813201253554402 0.39268269487539259 -9.8547927263804862 22.535361879522153 3.0056347417831422 6.5757515461356553 -1.4280561528727413 16.296613960541212 0.0012158775329589844 21.514781560897831 1.1298818221404439
leaf_weight=21144 219 36 25 21 32 90 39 24 127 1550 47 821 41 20 30 22 99 26 35 34 238 70 22 20 135 240 26 30 20 42
leaf_count=21144 219 36 25 21 32 90 39 24 127 1550 47 821 41 20 30 22 99 26 35 34 238 70 22 20 135 240 26 30 20 42
internal_value=-2.40138e-09 1.02554 7.46527 17.544 0.647339 0.833815 1.43634 5.29782 2.63041 0.991678 13.4503 -0.782002 -0.189118 -0.15275 9.57775 -4.28903 -1.18987 -9.88602 0.838152 0.634117 1.27095 -2.52617 4.52269 2.10024 8.81213 -0.971618 0.273699 7.56694 12.2602 7.15791
internal_weight=25325 3943 114 46 68 3829 2789 288 217 2501 71 1040 21382 21194 50 188 121 67 2462 2385 1985 400 435 278 157 330 296 56 40 77
internal_count=25325 3943 114 46 68 3829 2789 288 217 2501 71 1040 21382 21194 50 188 121 67 2462 2385 1985 400 435 278 157 330 296 56 40 77
is_linear=0
shrinkage=0.05


Tree=38
num_leaves=31
num_cat=0
split_feature=229 65 232 254 82 92 86 146 6 247 177 29 184 176 11 163 26 120 148 219 183 176 241 186 113 246 178 82 134 72
split_gain=1.79756e+06 1.56486e+06 2.05193e+06 1.65139e+06 1.39371e+06 1.39719e+06 1.33203e+06 2.00021e+06 1.20608e+06 1.06743e+06 1.26849e+06 1.06476e+06 1.03456e+06 1.14331e+06 1.14187e+06 1.03954e+06 1.2003e+06 997205 1.01679e+06 2.11042e+06 1.8399e+06 2.23407e+06 1.8968e+06 1.83368e+06 2.57106e+06 1.72923e+06 1.63157e+06 1.62855e+06 1.31146e+06 1.67524e+06
threshold=335.19184875488287 4483.7500000000009 537.75000000000011 -75.249999999999986 644.34121704101574 4691.0000000000009 3709.7500000000005 3608.354858398438 -2255.159790039062 322.75000000000006 1699.5000000000002 -3406.2499999999995 1699.7500000000002 1661.5000000000002 2368.4899902343755 1218.2500000000002 390.43437194824224 3744.2500000000005 -727.24999999999989 -1139.2499999999998 -1127.4999999999998 -1145.2499999999998 51.750000000000007 -3849.6298828124995 -260.74999999999994 162.75000000000003 -1164.7499999999998 601.57815551757824 -137.24999999999997 435.25000000000006
decision_type=2 2 2 2 2 2 2 2 2 2 2 2 2 2 2 2 2 2 2 2 2 2 2 2 2 2 2 2 2 2
left_child=8 3 -3 6 5 -4 7 17 -1 11 -11 -5 13 15 -14 -13 -17 18 19 20 21 25 26 24 -20 27 -22 -2 29 -21
right_child=1 2 4 9 -6 -7 -8 -9 -10 10 -12 12 14 -15 -16 16 -18 -19 23 28 22 -23 -24 -25 -26 -27 -28 -29 -30 -31
leaf_value=2.327324621506194 0.27361956289116768 21.012223968505861 -3.4445637130737303 11.659949133793514 -8.3154033994674688 13.121886128357481 -6.1685704368703504 13.228900741708692 -0.55152401040010279 3.4752498357713999 15.617814418792726 1.1648280013302379 0.73364673761221078 6.4016104656107293 -14.942222393126716 1.2298139896243812 -12.81467800469234 -10.554355257207698 1.5048140811138466 -1.8543930936393875 10.249865307441127 -13.544956268866859 19.673218145824617 0.26364428482387386 19.382922586599989 7.2582017068739066 0.46991853944716921 -11.663274912400681 -10.811795343011617 11.465924100081127
leaf_weight=376 213 20 20 24 20 35 85 29 11224 154 25 2335 26 102 21 32 29 22 61 1431 65 30 21 8597 30 77 124 33 40 24
leaf_count=376 213 20 20 24 20 35 85 29 11224 154 25 2335 26 102 21 32 29 22 61 1431 65 30 21 8597 30 77 124 33 40 24
internal_value=-4.15896e-09 0.387266 6.78222 0.342694 2.98756 7.09772 0.0661269 0.11521 -0.45821 1.43789 5.17114 1.17777 1.07892 1.2172 -6.27047 0.996495 -5.44708 0.0798926 0.101664 -0.897644 1.7115 -0.493128 5.41737 0.338378 7.3987 0.719116 3.83339 -1.32767 -1.88022 -1.63468
internal_weight=25325 13725 95 13630 75 55 10882 10797 11600 2748 179 2569 2545 2498 47 2396 61 10768 10746 2058 563 353 210 8688 91 323 189 246 1495 1455
internal_count=25325 13725 95 13630 75 55 10882 10797 11600 2748 179 2569 2545 2498 47 2396 61 10768 10746 2058 563 353 210 8688 91 323 189 246 1495 1455
is_linear=0
shrinkage=0.05


Tree=39
num_leaves=31
num_cat=0
split_feature=8 191 19 223 171 75 78 190 218 10 212 241 238 207 54 253 250 254 109 247 117 92 254 240 184 73 198 229 189 121
split_gain=1.70714e+06 1.79485e+06 4.0632e+06 1.55934e+06 1.53714e+06 1.32587e+06 1.79729e+06 2.07121e+06 1.95671e+06 1.49567e+06 1.56974e+06 2.21042e+06 1.90857e+06 1.5501e+06 1.47062e+06 1.65519e+06 2.03783e+06 1.96259e+06 1.86819e+06 1.91087e+06 1.46607e+06 1.43253e+06 1.28022e+06 1.24625e+06 1.23088e+06 2.07882e+06 1.81283e+06 2.06648e+06 1.76801e+06 1.53437e+06
threshold=1562.0000000000002 -1596.4999999999998 679.19335937500011 -628.73852539062489 -1248.7499999999998 307.11286926269537 2936.7500000000005 2093.2500000000005 632.25000000000011 1531.7500000000002 2136.2500000000005 1377.0000000000002 980.75000000000011 3288.8750000000005 904.46777343750011 398.75000000000006 700.57888793945324 -151.24999999999997 2585.6225585937505 109.25000000000001 569.17248535156261 2616.7500000000005 -251.24999999999997 152.25000000000003 -629.74999999999989 -3207.9999999999995 -867.24999999999989 381.30377197265631 -494.74999999999994 -1827.7499999999998
decision_type=2 2 2 2 2 2 2 2 2 2 2 2 2 2 2 2 2 2 2 2 2 2 2 2 2 2 2 2 2 2
left_child=24 2 3 -2 -3 6 8 -8 -6 13 12 22 14 -7 15 -11 18 -18 -17 -20 23 -10 -12 -14 26 -26 28 -28 -1 -27
right_child=1 4 -4 -5 5 9 7 -9 21 10 11 -13 20 -15 -16 16 17 -19 19 -21 -22 -23 -24 -25 25 29 27 -29 -30 -31
leaf_value=-0.21930732614706636 -9.130908066318149 -10.476181906263035 27.850605564117433 7.4291287999261515 -2.304355811650129 3.3068775213049868 -16.105853504240514 1.6249241292476655 2.1918977591084015 0.56972706035729059 10.068456356866021 21.767369547344391 -12.879177494049072 16.907415788823908 -10.771193926150984 -1.5360147435723999 6.5067104782974514 24.387423142932711 -0.2735840752919515 10.135178862776712 -10.819353273615503 15.630831254612316 -5.3394294358216801 0.59415298335808364 13.710009769292979 -4.8934493462998834 0.33042599451596116 3.1075847642079855 -8.091155625696052 -0.38367934333168624
leaf_weight=3118 21 30 20 44 409 439 40 28 201 1946 28 21 20 22 26 162 57 21 75 107 57 22 26 121 26 191 1869 1044 73 15061
leaf_count=3118 21 30 20 44 409 439 40 28 201 1946 28 21 20 22 26 162 57 21 75 107 57 22 26 121 26 191 1869 1044 73 15061
internal_value=-6.62551e-09 0.955961 8.14288 2.07896 0.797617 0.88597 -1.0811 -8.80495 -0.25005 1.32617 0.871608 8.00275 0.665267 3.95593 1.05546 1.18531 4.024 11.3207 2.36951 5.84585 -4.0525 3.51771 2.64984 -1.31696 -0.176286 -0.416074 0.423891 1.32574 -0.39939 -0.440155
internal_weight=25325 3943 85 65 3858 3828 700 68 632 3128 2667 75 2592 461 2394 2368 422 78 344 182 198 223 54 141 21382 15278 6104 2913 3191 15252
internal_count=25325 3943 85 65 3858 3828 700 68 632 3128 2667 75 2592 461 2394 2368 422 78 344 182 198 223 54 141 21382 15278 6104 2913 3191 15252
is_linear=0
shrinkage=0.05


Tree=40
num_leaves=31
num_cat=0
split_feature=142 191 149 3 159 5 128 212 12 89 68 96 138 257 253 187 190 171 191 215 247 232 240 138 229 182 94 138 254 227
split_gain=1.61625e+06 1.56591e+06 1.56156e+06 1.79131e+06 1.46335e+06 1.38988e+06 1.41133e+06 1.61608e+06 1.39601e+06 2.90471e+06 1.50107e+06 2.20033e+06 1.71698e+06 1.43411e+06 1.38767e+06 1.36073e+06 1.19584e+06 1.56057e+06 1.16645e+06 1.68887e+06 1.12024e+06 1.06424e+06 1.02632e+06 943325 930586 890474 1.81825e+06 1.92419e+06 1.19608e+06 1.84732e+06
threshold=1667.0000000000002 2095.5000000000005 1455.2500000000002 4482.2500000000009 214.26167297363284 224.28061676025393 1715.2500000000002 -3.2499999999999996 492.29144287109381 521.28231811523449 679.19335937500011 594.14135742187511 700.57888793945324 661.46316528320324 16.750000000000004 619.95794677734386 1227.7500000000002 1935.7500000000002 553.25000000000011 382.43319702148443 322.75000000000006 623.75000000000011 -521.74999999999989 562.74551391601574 852.46588134765636 -2014.7499999999998 -2782.2499999999995 385.00929260253912 -837.24999999999989 -1144.2499999999998
decision_type=2 2 2 2 2 2 2 2 2 2 2 2 2 2 2 2 2 2 2 2 2 2 2 2 2 2 2 2 2 2
left_child=1 2 3 4 -1 -2 7 -7 9 13 11 20 15 -8 -6 -12 18 22 -4 -20 -10 -15 -18 -11 -14 26 27 -16 29 -27
right_child=5 -3 16 -5 14 6 8 -9 10 23 12 -13 24 21 25 -17 17 -19 19 -21 -22 -23 -24 -25 -26 28 -28 -29 -30 -31
leaf_value=-1.209045783280047 14.165764675969664 13.568812502565841 -3.2275811700658368 11.780032807588578 -1.6541980930938167 -3.7401705077200229 -0.25099500165661265 8.7316491879400662 1.9964631906663528 -19.845158941849419 0.79941699504852304 19.755228117534095 -1.7829700875282288 1.256167440414429 6.5154711935971239 -17.423753836041406 11.904247736930849 -9.3138138510964144 -5.6909744103749595 -23.275037488070403 14.970235872268677 17.372171377000353 -0.18326634383863874 -5.1878768194289435 13.287106617291769 4.5496755550305048 6.0001805532849239 -7.9369810229442157 0.16651993657835309 -6.8596559157266341
leaf_weight=2475 23 21 88 32 1101 33 457 122 99 23 20 28 20 20 37 21 20 44 36 22 20 21 144 21 21 48 178 61 19933 136
leaf_count=2475 23 21 88 32 1101 33 457 122 99 23 20 28 20 20 37 21 20 44 36 22 20 21 144 21 21 48 178 61 19933 136
internal_value=-3.01133e-09 -0.0788135 -0.0905811 -0.0419581 -0.0577412 2.0244 1.72284 6.07636 0.847614 -0.535332 4.12079 7.14422 -1.29928 0.552679 0.0748297 -8.5344 -3.38719 -0.952467 -6.85584 -12.3608 4.17693 9.51071 1.29082 -12.8496 5.93585 0.168178 2.98894 -2.48044 0.129478 -3.88331
internal_weight=25325 24376 24355 24001 23969 949 926 155 771 542 229 147 82 498 21494 41 354 208 146 58 119 41 164 44 41 20393 276 98 20117 184
internal_count=25325 24376 24355 24001 23969 949 926 155 771 542 229 147 82 498 21494 41 354 208 146 58 119 41 164 44 41 20393 276 98 20117 184
is_linear=0
shrinkage=0.05


Tree=41
num_leaves=31
num_cat=0
split_feature=103 99 122 15 191 138 11 211 64 132 51 50 37 187 184 5 198 52 225 177 247 149 246 257 131 124 226 240 247 250
split_gain=1.53601e+06 1.4482e+06 1.9914e+06 1.91376e+06 2.11431e+06 2.75533e+06 1.88956e+06 1.77944e+06 2.17272e+06 3.79703e+06 1.77492e+06 1.99824e+06 1.61843e+06 1.59689e+06 1.52411e+06 1.40353e+06 1.45018e+06 1.68504e+06 1.92177e+06 1.38752e+06 1.38721e+06 1.50742e+06 1.35714e+06 1.34948e+06 3.10042e+06 3.64725e+06 1.78593e+06 1.32804e+06 2.06686e+06 1.58552e+06
threshold=457.00708007812506 1296.2500000000002 1031.2500000000002 -262.24999999999994 -1429.7499999999998 679.19335937500011 -1116.5925292968748 905.75000000000011 1541.7500000000002 1424.8845214843752 181.75000000000003 -46.249999999999993 1678.2500000000002 744.84381103515636 53.750000000000007 904.46777343750011 462.75000000000006 -1941.2499999999998 418.75000000000006 370.75000000000006 -138.74999999999997 858.25000000000011 1136.7500000000002 630.97421264648449 385.01939392089849 365.13574218750006 -812.24999999999989 -478.24999999999994 -517.74999999999989 529.70809936523449
decision_type=2 2 2 2 2 2 2 2 2 2 2 2 2 2 2 2 2 2 2 2 2 2 2 2 2 2 2 2 2 2
left_child=23 2 15 -3 5 -5 -4 8 9 -6 11 -8 14 -14 -10 22 17 -17 -19 -9 -12 -22 -2 -1 25 26 -25 28 -21 -29
right_child=1 3 6 4 7 -7 10 19 12 -11 20 -13 13 -15 -16 16 -18 18 -20 27 21 -23 -24 24 -26 -27 -28 29 -30 -31
leaf_value=-0.22914573361410495 0.66396267957814947 12.9401142310442 -19.327399375438691 3.147278064489365 0.39979262109845881 26.293749570846558 -6.9349612645666916 9.5406622454524044 0.062921617386188913 19.656069105863573 -14.002761850800624 10.954656884476947 1.760141119969453 -8.6172097125698048 -11.157422020014595 5.5484213066101082 6.3139503230651224 -5.4871008258726865 -22.491671339670816 0.64767164230346685 -10.239666881125707 6.9558825321197508 11.525704140498721 -6.6547064158320426 -1.4372022956308692 29.745152028401691 12.766923259866649 5.3440344437858132 18.376592822997804 -1.1697342068808421
leaf_weight=20206 3453 41 20 36 128 20 27 80 47 32 43 37 191 46 85 20 24 54 24 35 26 25 29 20 99 21 29 151 31 245
leaf_count=20206 3453 41 20 36 128 20 27 80 47 32 43 37 191 46 85 20 24 54 24 35 26 25 29 20 99 21 29 151 31 245
internal_value=-1.40864e-09 0.790022 0.31475 2.32896 1.94293 11.4139 -4.84788 1.44771 -0.615237 4.25105 -3.01503 3.40747 -2.72528 -0.254028 -7.1623 0.56973 -4.70164 -7.39934 -10.7193 3.46118 -7.3878 -1.81048 0.754425 -0.191932 4.25747 12.3114 4.83973 2.40846 8.97489 1.31405
internal_weight=25325 4950 3782 1168 1127 56 178 1071 529 160 158 64 369 237 132 3604 122 98 78 542 94 51 3482 20375 169 70 49 462 66 396
internal_count=25325 4950 3782 1168 1127 56 178 1071 529 160 158 64 369 237 132 3604 122 98 78 542 94 51 3482 20375 169 70 49 462 66 396
is_linear=0
shrinkage=0.05


Tree=42
num_leaves=31
num_cat=0
split_feature=53 74 125 236 239 127 108 226 51 105 8 149 19 229 253 246 196 103 76 34 146 110 124 120 211 26 8 244 148 123
split_gain=1.47411e+06 1.89419e+06 3.08348e+06 1.55528e+06 1.82208e+06 1.70951e+06 1.766e+06 2.06946e+06 1.77045e+06 2.60464e+06 3.86809e+06 2.07685e+06 1.79801e+06 1.54824e+06 2.06012e+06 2.77854e+06 2.42889e+06 1.85269e+06 2.1291e+06 1.52308e+06 1.84926e+06 1.51972e+06 2.46755e+06 2.12533e+06 4.45689e+06 1.49608e+06 1.48225e+06 1.39555e+06 1.32814e+06 1.32655e+06
threshold=1009.1900024414064 -551.21002197265614 1520.5874633789065 619.95794677734386 266.75000000000006 1823.2500000000002 767.25000000000011 90.250000000000014 -524.74999999999989 -156.24999999999997 272.75000000000006 269.75000000000006 416.70077514648443 904.46777343750011 215.25000000000003 304.75000000000006 -159.74999999999997 719.73504638671886 1576.135437011719 74.387382507324233 380.74986267089849 601.57815551757824 562.74551391601574 -867.24999999999989 -103.24999999999999 534.11987304687511 -2117.2499999999995 -1425.1376342773435 -499.74999999999994 626.83749389648449
decision_type=2 2 2 2 2 2 2 2 2 2 2 2 2 2 2 2 2 2 2 2 2 2 2 2 2 2 2 2 2 2
left_child=1 2 3 5 -5 6 8 19 9 11 28 -1 -13 -2 16 -16 -15 -17 -19 20 -8 22 26 -24 -25 -14 -3 -28 -11 -23
right_child=13 21 -4 4 -6 -7 7 -9 -10 10 -12 12 25 14 15 17 -18 18 -20 -21 -22 29 23 24 -26 -27 27 -29 -30 -31
leaf_value=-0.055656954401738151 0.49573081850645501 -12.222797078745707 14.869521235757404 1.0411425412471953 11.498160677322975 -10.61017350055076 3.5672176332700825 -0.30695108006616217 -1.1872153277694522 13.657468172220085 22.219741183060869 1.21785686680528 23.749950859763405 25.39343363841375 -9.3667477453077179 -1.7905385578379911 1.8006236767768862 4.5648204181875505 25.92448221683502 2.6136143931589633 17.446379991940088 -2.7929952329822951 -4.3669343259599476 31.990312173366547 3.717812574428061 6.0337581176024218 10.86638049712548 -0.73504824707157623 2.1366587457223125 -12.061383044476413
leaf_weight=5483 6989 28 36 116 65 37 42 182 2263 26 26 61 22 24 37 34 20 28 20 95 56 182 27 20 46 26 26 8598 661 49
leaf_count=5483 6989 28 36 116 65 37 42 182 2263 26 26 61 22 24 37 34 20 28 20 95 56 182 27 20 46 26 26 8598 661 49
internal_value=-5.14152e-09 -0.23931 0.264988 0.207597 4.79643 0.115105 0.159479 3.518 0.0124848 0.443083 3.28911 0.0802037 6.91437 0.608078 5.42522 2.0072 14.6694 7.13935 13.4647 7.12494 11.4982 -0.756024 -0.650285 7.45074 12.2852 14.1537 -0.737362 -0.700072 2.57267 -4.75902
internal_weight=25325 18173 9197 9161 181 8980 8943 375 8568 6305 713 5592 109 7152 163 119 44 82 48 193 98 8976 8745 93 66 48 8652 8624 687 231
internal_count=25325 18173 9197 9161 181 8980 8943 375 8568 6305 713 5592 109 7152 163 119 44 82 48 193 98 8976 8745 93 66 48 8652 8624 687 231
is_linear=0
shrinkage=0.05


Tree=43
num_leaves=31
num_cat=0
split_feature=205 4 92 43 184 170 204 72 40 239 120 162 218 167 152 44 13 232 61 246 212 1 0 153 116 238 170 247 240 229
split_gain=1.42628e+06 1.92936e+06 2.18599e+06 1.71698e+06 1.32233e+06 2.01801e+06 1.90111e+06 1.87211e+06 1.83201e+06 1.76537e+06 1.30247e+06 1.26929e+06 1.40664e+06 1.24538e+06 1.23917e+06 1.21662e+06 1.58256e+06 1.19652e+06 2.37627e+06 1.83046e+06 1.5382e+06 1.29972e+06 1.20696e+06 2.38486e+06 2.04777e+06 1.85673e+06 1.32249e+06 1.84377e+06 1.22243e+06 1.1821e+06
threshold=799.00000000000011 -1640.065002441406 -524.74999999999989 5080.0000000000009 -629.74999999999989 -464.74999999999994 -451.24999999999994 -3233.7499999999995 335.53298950195318 909.00000000000011 3324.2500000000005 -110.74999999999999 -289.74999999999994 -1922.136779785156 547.78625488281261 -512.24999999999989 -209.8718338012695 615.25000000000011 679.19335937500011 91.250000000000014 2136.2500000000005 1.0000000180025095e-35 2172.7500000000005 2178.636840820313 3492.220092773438 741.25000000000011 1395.7500000000002 -199.74999999999997 172.25000000000003 472.62278747558599
decision_type=2 2 2 2 2 2 2 2 2 2 2 2 2 2 2 2 2 2 2 2 2 2 2 2 2 2 2 2 2 2
left_child=3 -2 -3 4 5 9 14 -6 -8 -1 13 -10 -13 -9 -7 -14 -17 18 21 -19 22 -4 23 -21 26 -26 -24 -28 -29 -27
right_child=1 2 17 -5 7 6 8 10 11 -11 -12 12 15 -15 -16 16 -18 19 -20 20 -22 -23 24 -25 25 29 27 28 -30 -31
leaf_value=0.12003628804540829 7.8034831373799936 -15.068729308105652 13.920042540629707 11.127368447359871 10.886340614267297 0.79442281276948989 -0.18104196639142486 -11.726624735196431 15.736620449392419 8.6015565660692044 -7.2284548033838689 14.713439718882242 -0.71292090290471133 -0.32879642479900906 -10.466663015299829 19.126110425202743 4.8368537269169245 -7.8391327445395298 20.378768291473392 0.87621966853118805 7.2800860377245176 1.8796090287356955 0.33301540360306253 15.284016876220704 8.9315919568461748 6.4785891284113353 -20.560890241622928 -14.621702818296576 -2.2779534102250372 -7.2618872160814254
leaf_weight=5871 110 21 24 34 37 155 117 24 38 62 69 39 76 16930 29 23 123 64 20 674 86 339 66 30 62 23 25 27 78 49
leaf_count=5871 110 21 24 34 37 155 117 24 38 62 69 39 76 16930 29 23 123 64 20 674 86 339 66 30 62 23 25 27 78 49
internal_value=-5.47965e-09 1.3997 0.956108 -0.100592 -0.116773 0.488124 3.25148 -0.348413 5.12328 0.208668 -0.372832 7.19889 5.95585 -0.344931 -0.980422 4.41735 7.0879 1.17086 3.60011 0.38505 0.855004 2.67567 0.320616 1.49019 -2.17447 2.58906 -5.43117 -8.3576 -5.45206 -2.87257
internal_weight=25325 1698 1588 23627 23593 6533 600 17060 416 5933 17023 299 261 16954 184 222 146 1567 383 1184 1120 363 1034 704 330 134 196 130 105 72
internal_count=25325 1698 1588 23627 23593 6533 600 17060 416 5933 17023 299 261 16954 184 222 146 1567 383 1184 1120 363 1034 704 330 134 196 130 105 72
is_linear=0
shrinkage=0.05


Tree=44
num_leaves=31
num_cat=0
split_feature=198 43 93 159 54 33 110 232 145 173 257 253 59 226 225 197 225 198 225 239 225 201 245 219 219 151 201 217 229 201
split_gain=1.32466e+06 1.72544e+06 1.19624e+06 1.19113e+06 1.17271e+06 2.36019e+06 1.62415e+06 1.26849e+06 1.18515e+06 2.35556e+06 1.169e+06 1.16428e+06 1.15173e+06 1.03716e+06 2.51691e+06 2.09472e+06 2.08709e+06 1.78135e+06 1.82698e+06 1.27759e+06 1.10828e+06 1.25988e+06 1.08184e+06 1.32049e+06 1.32015e+06 1.2063e+06 1.06067e+06 1.96969e+06 1.61903e+06 1.30198e+06
threshold=1095.7500000000002 5080.0000000000009 3128.0000000000005 214.26167297363284 562.74551391601574 569.17248535156261 534.11987304687511 545.75000000000011 488.92694091796881 509.73971557617193 661.46316528320324 16.750000000000004 3786.7500000000005 48.250000000000007 354.25000000000006 -382.24999999999994 406.25000000000006 -712.24999999999989 447.75000000000006 -145.74999999999997 849.50000000000011 744.84381103515636 487.75000000000006 -666.24999999999989 -139.74999999999997 173.09500122070315 553.73107910156261 660.25000000000011 501.99871826171881 521.28231811523449
decision_type=2 2 2 2 2 2 2 2 2 2 2 2 2 2 2 2 2 2 2 2 2 2 2 2 2 2 2 2 2 2
left_child=1 2 3 -1 6 -6 8 -7 10 -10 -2 -5 -4 14 22 16 -16 18 -17 -15 21 26 -13 -24 25 -25 28 -28 -19 -30
right_child=4 -3 12 11 5 7 -8 -9 9 -11 -12 13 -14 19 15 17 -18 20 -20 -21 -22 -23 23 24 -26 -27 27 -29 29 -31
leaf_value=-1.1070356772259833 0.58722739594332951 10.863790464566813 -15.788565576889297 -1.532380647557801 19.954263979196551 13.108559303371997 -5.9687403135485466 1.2719919386506082 19.774900788527269 0.53619852705699644 10.37203335352242 0.095214376627074951 -2.6271848559817848 11.324904094571654 18.715827260698592 -19.215297756195071 4.6172248574993793 2.0858033155972815 0.048804996535181999 -0.48297416909672786 7.667067547304085 -7.5200633265905914 12.96957694871085 6.0811792373657232 8.7536349972089127 -8.7798541258606644 3.5090866394707412 19.763020584800028 -9.3887301210629754 1.9029005771213108
leaf_weight=2481 662 36 22 1104 24 27 77 140 26 41 32 13243 68 23 35 20 105 901 32 5727 83 36 35 22 39 36 122 22 59 45
leaf_count=2481 662 36 22 1104 24 27 77 140 26 41 32 13243 68 23 35 20 105 901 32 5727 83 36 35 22 39 36 122 22 59 45
internal_value=-5.4894e-10 -0.0744197 -0.0906512 -0.0692263 1.75714 5.29273 0.951299 3.18569 1.65149 8.00196 1.0384 0.0494885 -5.84441 0.134326 0.355283 2.32648 8.14188 1.7097 -7.36047 -0.435743 2.08166 1.69044 0.140109 4.64423 1.64024 -3.14291 1.97902 5.99233 1.40398 -4.50293
internal_weight=25325 24296 24260 24170 1029 191 838 167 761 67 694 21689 90 20585 14835 1460 140 1320 52 5750 1268 1185 13375 132 97 58 1149 144 1005 104
internal_count=25325 24296 24260 24170 1029 191 838 167 761 67 694 21689 90 20585 14835 1460 140 1320 52 5750 1268 1185 13375 132 97 58 1149 144 1005 104
is_linear=0
shrinkage=0.05


Tree=45
num_leaves=31
num_cat=0
split_feature=53 74 125 103 65 155 107 236 239 127 108 226 51 101 8 155 68 26 163 10 219 191 87 37 94 96 148 244 80 190
split_gain=1.26817e+06 1.65462e+06 2.72344e+06 1.42851e+06 1.88907e+06 1.55261e+06 1.81856e+06 1.36902e+06 1.60586e+06 1.55277e+06 1.56752e+06 1.85449e+06 1.60081e+06 2.35477e+06 3.58114e+06 2.32228e+06 1.51298e+06 2.35772e+06 1.4646e+06 1.431e+06 1.42228e+06 1.29759e+06 3.29043e+06 1.34931e+06 1.8455e+06 1.79653e+06 1.28509e+06 1.29849e+06 1.279e+06 1.27445e+06
threshold=1009.1900024414064 -551.21002197265614 1520.5874633789065 719.73504638671886 -1696.2499999999998 -2024.4999999999998 -2214.7499999999995 619.95794677734386 266.75000000000006 1823.2500000000002 767.25000000000011 90.250000000000014 -524.74999999999989 -199.74999999999997 272.75000000000006 674.75000000000011 448.93209838867193 534.11987304687511 761.75000000000011 239.25000000000003 -276.74999999999994 -1506.7499999999998 1892.7500000000002 224.75000000000003 -2411.7499999999995 700.57888793945324 -499.74999999999994 -25.678218841552731 -2206.2499999999995 -1266.4999999999998
decision_type=2 2 2 2 2 2 2 2 2 2 2 2 2 2 2 2 2 2 2 2 2 2 2 2 2 2 2 2 2 2
left_child=1 2 7 5 -5 -3 -7 9 -9 10 12 18 13 15 20 -1 -17 -18 19 -12 26 22 23 24 -2 29 -15 -28 -8 -26
right_child=21 3 -4 4 -6 6 28 8 -10 -11 11 -13 -14 14 -16 16 17 -19 -20 -21 -22 -23 -24 -25 25 -27 27 -29 -30 -31
leaf_value=-0.096692644326914656 -8.4692580699920654 10.534558469441629 13.974784864319696 1.9815244151324762 -11.683862377341951 -8.7603088467881296 10.681976373672486 0.97528981707733253 10.79225435123994 -10.113119148563696 9.8100099431241272 -0.3057331391006381 -1.1283226615875643 17.167217922210693 20.214139637453805 1.9684930566585426 26.308007369722642 4.6096100238061721 14.988339958872116 0.026724755584475509 0.51975990095695035 0.44262605782639136 20.674905940338419 -3.051560363402734 -3.2177366770365659 18.167195201689196 3.0733112661534969 15.211156034469605 -0.64346271842224567 10.374250684465681
leaf_weight=5393 20 31 36 41 66 69 25 116 65 37 68 182 2263 20 29 66 21 31 42 83 452 6927 27 78 34 31 269 24 8744 35
leaf_count=5393 20 31 36 41 66 69 25 116 65 37 68 182 2263 20 29 66 21 31 42 83 452 6927 27 78 34 31 269 24 8744 35
internal_value=3.35346e-09 -0.221965 0.249365 -0.704899 -6.44759 -0.635616 -0.674796 0.195428 4.50072 0.108651 0.150941 3.31511 0.0124537 0.421903 2.9676 0.0551303 6.99395 13.3724 6.72958 4.43244 2.31381 0.564005 4.30086 2.06804 5.39578 8.16879 4.90458 4.06754 -0.611174 3.67675
internal_weight=25325 18173 9197 8976 107 8869 8838 9161 181 8980 8943 375 8568 6305 794 5511 118 52 193 151 765 7152 225 198 120 100 313 293 8769 69
internal_count=25325 18173 9197 8976 107 8869 8838 9161 181 8980 8943 375 8568 6305 794 5511 118 52 193 151 765 7152 225 198 120 100 313 293 8769 69
is_linear=0
shrinkage=0.05


Tree=46
num_leaves=31
num_cat=0
split_feature=218 226 226 239 192 176 225 226 226 95 168 152 192 195 112 212 43 79 125 253 141 157 20 177 212 53 150 135 30 254
split_gain=1.22959e+06 1.77026e+06 1.637e+06 1.86357e+06 1.64806e+06 1.46584e+06 1.34284e+06 2.49691e+06 2.08323e+06 1.57263e+06 1.3292e+06 1.28926e+06 1.26242e+06 1.63436e+06 3.54333e+06 1.25394e+06 1.2638e+06 1.86741e+06 1.61406e+06 1.22162e+06 1.57664e+06 1.93483e+06 1.20992e+06 2.37674e+06 2.67103e+06 1.74867e+06 1.54739e+06 1.9971e+06 1.20941e+06 1.20656e+06
threshold=632.25000000000011 -68.249999999999986 301.25000000000006 1113.7500000000002 2108.7500000000005 2384.5000000000005 -159.74999999999997 -398.74999999999994 -569.74999999999989 -5152.4025878906241 1494.2500000000002 377.55781555175787 1939.0000000000002 2181.226928710938 2674.2500000000005 -552.74999999999989 2264.2500000000005 1848.0000000000002 1838.248474121094 95.250000000000014 -2465.4999999999995 -2309.2499999999995 1517.5380859375002 -89.249999999999986 378.25000000000006 2087.3874511718755 82.750000000000014 -141.24999999999997 -2164.4999999999995 -837.24999999999989
decision_type=2 2 2 2 2 2 2 2 2 2 2 2 2 2 2 2 2 2 2 2 2 2 2 2 2 2 2 2 2 2
left_child=1 6 3 4 5 -2 8 -8 19 -9 -11 -12 13 22 -15 -3 17 -17 -18 -1 -21 28 25 24 -24 -4 -25 -28 -22 -14
right_child=2 15 12 -5 -6 -7 7 9 -10 10 11 -13 29 14 -16 16 18 -19 -20 20 21 -23 23 26 -26 -27 27 -29 -30 -31
leaf_value=-0.7814087820339477 1.8309837411976948 -5.0009328350008531 -0.26535937827019418 16.450307861241427 -7.9760942209334607 12.177508644461632 2.0100303871089711 11.873033268111094 -1.9022239337590414 0.078457868273438328 1.5158666061632562 -11.119595319949665 13.689136005401611 -22.050333008942783 -0.88921186505137273 -0.80499868386549545 9.5814325776967149 -11.030571808815004 -0.13899726458817474 -5.6579317980034407 3.7836990226398819 1.0312567029138238 1.2269458337263628 -12.056922379407016 26.47381100296974 -5.8283585961375923 15.895144101847775 0.88511183070390198 20.772192404270172 2.1868816391381518
leaf_weight=1828 1561 179 1708 22 42 35 2136 28 1745 6622 33 52 25 27 74 5713 66 45 121 86 22 2028 22 22 20 154 23 607 20 259
leaf_count=1828 1561 179 1708 22 42 35 2136 28 1745 6622 33 52 25 27 74 5713 66 45 121 86 22 2028 22 22 20 154 23 607 20 259
internal_value=1.80307e-09 -0.164159 0.73941 1.99475 1.8006 2.05788 0.135131 0.520485 -0.461565 0.0480768 -0.0012893 -6.21406 0.0308524 -0.307826 -6.54615 -0.877685 -0.753537 -0.884914 3.29174 0.169447 0.975645 1.25124 -0.0613197 1.72056 13.2493 -0.725457 0.977912 1.4331 11.8735 3.1994
internal_weight=25325 20724 4601 1660 1638 1596 14600 8871 5729 6735 6707 85 2941 2657 101 6124 5945 5758 187 3984 2156 2070 2556 694 42 1862 652 630 42 284
internal_count=25325 20724 4601 1660 1638 1596 14600 8871 5729 6735 6707 85 2941 2657 101 6124 5945 5758 187 3984 2156 2070 2556 694 42 1862 652 630 42 284
is_linear=0
shrinkage=0.05


Tree=47
num_leaves=31
num_cat=0
split_feature=246 229 184 106 128 213 218 9 238 177 196 211 198 199 176 182 65 193 79 99 171 218 12 200 44 198 212 26 137 72
split_gain=1.16857e+06 1.54284e+06 1.69103e+06 1.28362e+06 1.64473e+06 1.29345e+06 2.16914e+06 2.26562e+06 1.41231e+06 1.25924e+06 2.25945e+06 1.39842e+06 1.42036e+06 1.32385e+06 1.30794e+06 1.1475e+06 1.16955e+06 1.21212e+06 1.07636e+06 1.51834e+06 1.36478e+06 1.20421e+06 1.24509e+06 1.56049e+06 1.18815e+06 1.23687e+06 1.05711e+06 1.05254e+06 1.11603e+06 1.42427e+06
threshold=93.250000000000014 700.57888793945324 2654.7500000000005 -1932.9999999999998 -1882.2499999999998 -191.24999999999997 1.0000000180025095e-35 1034.0000000000002 70.750000000000014 -469.74999999999994 -779.74999999999989 -671.74999999999989 -1164.7499999999998 -1040.2499999999998 -967.74999999999989 -2014.7499999999998 -2241.2499999999995 -2813.807495117187 -352.74999999999994 -333.24999999999994 -1050.2499999999998 429.25000000000006 644.34121704101574 -225.79000091552732 -688.74999999999989 -48.749999999999993 5.2500000000000009 575.74453735351574 -2973.4699707031245 -1906.9999999999998
decision_type=2 2 2 2 2 2 2 2 2 2 2 2 2 2 2 2 2 2 2 2 2 2 2 2 2 2 2 2 2 2
left_child=9 15 3 -3 -5 6 8 -8 -6 10 11 12 -1 -14 -12 16 17 -2 21 -20 -21 22 27 -24 -22 26 -26 28 29 -16
right_child=1 2 -4 4 5 -7 7 -9 -10 -11 14 -13 13 -15 18 -17 -18 -19 19 20 24 -23 23 -25 25 -27 -28 -29 -30 -31
leaf_value=-0.93007134080503939 6.6752163701057441 11.607529945233289 14.010555336692116 -6.7192633799786838 6.380316370450533 0.25857889561580039 3.5024373122623995 25.990627070267994 -6.5894924963674244 -0.88936580302229096 5.4562131759579202 -2.6815390357114737 14.479894012451172 2.2622336635480123 -0.48102431983327154 0.15605306417829545 15.50993406150652 -7.8891773796081539 11.417939170517705 -9.3952664638941101 8.880519938420866 -7.3986410730025343 14.525313817753512 -1.7470218896865846 1.5176188226039093 10.511351531260722 -9.1886933644612636 -7.768424353366945 -0.0016519494982342395 10.897850454503839
leaf_weight=731 50 34 33 53 65 212 21 24 31 5878 163 824 25 196 55 14334 23 20 44 26 62 51 34 26 586 37 24 41 1567 55
leaf_count=731 50 34 33 53 65 212 21 24 31 5878 163 824 25 196 55 14334 23 20 44 26 62 51 34 26 586 37 24 41 1567 55
internal_value=-4.93241e-09 0.284097 3.09403 2.27529 1.49377 2.72689 6.4381 15.4961 2.19215 -0.406047 0.218748 -1.17347 0.131841 3.64432 1.11105 0.191971 5.72802 2.51396 0.839478 2.39592 1.85582 0.176566 0.393852 7.47397 2.26842 1.6348 1.09639 0.146584 0.340094 5.20841
internal_weight=25325 14900 473 440 406 353 141 45 96 10425 4547 1776 952 221 2771 14427 93 70 2608 779 735 1829 1778 60 709 647 610 1718 1677 110
internal_count=25325 14900 473 440 406 353 141 45 96 10425 4547 1776 952 221 2771 14427 93 70 2608 779 735 1829 1778 60 709 647 610 1718 1677 110
is_linear=0
shrinkage=0.05


Tree=48
num_leaves=31
num_cat=0
split_feature=205 226 225 226 157 226 240 218 218 129 198 225 240 227 142 248 26 234 175 246 220 254 218 167 0 200 65 222 61 40
split_gain=1.13874e+06 1.43836e+06 1.7011e+06 1.88064e+06 1.88086e+06 1.78403e+06 1.79172e+06 1.65979e+06 1.67996e+06 1.61732e+06 1.53922e+06 1.52582e+06 1.65418e+06 1.48538e+06 1.54295e+06 1.63234e+06 1.48502e+06 1.36427e+06 1.75987e+06 3.04056e+06 1.87732e+06 1.32946e+06 1.31905e+06 1.28328e+06 1.48202e+06 1.28685e+06 1.26832e+06 1.20697e+06 1.09927e+06 2.67358e+06
threshold=540.50000000000011 -119.74999999999999 -94.749999999999986 -398.74999999999994 1704.2500000000002 -758.24999999999989 -485.74999999999994 822.75000000000011 200.25000000000003 2035.5000000000002 129.75000000000003 -177.24999999999997 -327.74999999999994 81.750000000000014 1359.5000000000002 -153.24999999999997 509.76542663574224 -342.24999999999994 -186.24999999999997 -1.0000000180025095e-35 -263.24999999999994 -452.24999999999994 28.750000000000004 311.76275634765631 -1051.2499999999998 901.38748168945324 -2191.7499999999995 719.73504638671886 547.78625488281261 553.73107910156261
decision_type=2 2 2 2 2 2 2 2 2 2 2 2 2 2 2 2 2 2 2 2 2 2 2 2 2 2 2 2 2 2
left_child=1 2 5 7 9 6 22 8 17 21 -6 -8 -13 14 15 -10 26 18 19 20 -4 23 -1 24 -5 -25 -7 -23 29 -2
right_child=28 -3 3 4 10 16 11 -9 13 -11 -12 12 -14 -15 -16 -17 -18 -19 -20 -21 -22 27 -24 25 -26 -27 -28 -29 -30 -31
leaf_value=-0.30702567096667766 0.72843735458798997 -0.62040681591835378 10.007598864344452 -8.3360567021369931 -19.937071514129642 -4.8776196573691619 2.1364968097364563 15.904383412274449 -6.8994214728638372 14.589476747512817 -2.6370065437422863 22.218449182510376 4.6071169304847714 -13.326557698457137 9.7322716796398172 1.2655725771093114 -4.4871519588808999 2.1601889623630752 2.1029856565836318 2.7391910363402632 28.831465064154731 0.42017677515193896 8.1726219080864109 -19.996052837371828 3.969891332539301 -4.4217002773450487 -0.53684444639259932 9.1427856159210208 3.2127851263645248 -11.565838029649523
leaf_weight=1893 2554 8815 26 40 20 176 636 22 91 20 36 20 40 23 35 187 281 1031 111 54 27 4656 47 21 63 36 3837 40 442 45
leaf_count=1893 2554 8815 26 40 20 176 636 22 91 20 36 20 40 23 35 187 281 1031 111 54 27 4656 47 21 63 36 3837 40 442 45
internal_value=1.27646e-09 -0.123856 0.201119 0.779586 0.295566 -0.34471 0.679203 2.26508 2.07576 0.400206 -8.8156 2.85555 10.4776 -1.0627 -0.16152 -1.40714 -0.97327 2.92006 6.51374 11.0894 19.5971 0.341766 -0.101591 -4.14023 -0.809118 -10.1596 -0.72722 0.494475 0.907602 0.51557
internal_weight=25325 22284 13469 6539 4932 6930 2636 1607 1585 4876 56 696 60 336 313 278 4294 1249 218 107 53 4856 1940 160 103 57 4013 4696 3041 2599
internal_count=25325 22284 13469 6539 4932 6930 2636 1607 1585 4876 56 696 60 336 313 278 4294 1249 218 107 53 4856 1940 160 103 57 4013 4696 3041 2599
is_linear=0
shrinkage=0.05


Tree=49
num_leaves=31
num_cat=0
split_feature=253 243 88 107 254 205 232 31 44 226 217 18 46 170 19 100 239 86 247 218 78 225 12 211 113 209 78 163 254 84
split_gain=1.08762e+06 2.40084e+06 1.32515e+06 2.2154e+06 1.21121e+06 1.23454e+06 2.4971e+06 1.50852e+06 1.94883e+06 1.18802e+06 1.74836e+06 1.37837e+06 1.95563e+06 1.40343e+06 1.21428e+06 1.20644e+06 1.59308e+06 1.22205e+06 1.18203e+06 1.29998e+06 1.16405e+06 1.16396e+06 2.03063e+06 1.75123e+06 1.57581e+06 1.24518e+06 1.33782e+06 1.27443e+06 1.6764e+06 1.66878e+06
threshold=140.75000000000003 1012.183807373047 -5213.3625488281241 -1149.4999999999998 -75.249999999999986 799.00000000000011 615.25000000000011 251.75000000000003 2643.7500000000005 -393.24999999999994 552.75000000000011 958.94000244140636 908.71249389648449 -1798.7499999999998 254.83058166503909 95.750000000000014 207.75000000000003 90.250000000000014 -45.249999999999993 172.75000000000003 439.25000000000006 -147.24999999999997 679.19335937500011 392.25000000000006 -2089.4999999999995 -409.47377014160151 -3523.2499999999995 837.75000000000011 -837.24999999999989 1751.7500000000002
decision_type=2 2 2 2 2 2 2 2 2 2 2 2 2 2 2 2 2 2 2 2 2 2 2 2 2 2 2 2 2 2
left_child=1 2 3 -1 5 9 7 -7 -9 10 14 12 -11 -13 -2 16 18 20 19 -15 -17 25 24 -24 -23 26 -16 28 -27 -30
right_child=4 -3 -4 -5 -6 6 -8 8 -10 11 -12 13 -14 15 21 17 -18 -19 -20 -21 -22 22 23 -25 -26 27 -28 -29 29 -31
leaf_value=1.4018867148869281 -4.2245936609922898 17.01787898540497 -0.35702991676178969 19.949295952206569 1.0662539966771456 17.470192992276161 0.44838841273924529 1.6195194831408495 14.900152125229708 -1.2999522705433004 12.308204207569361 -11.104595301701472 -14.138398749033611 3.7964434272151886 -10.200046028137209 -2.0700719410882278 0.80528954920370743 0.16750701662193132 -4.0413084554672238 14.206150314065278 -15.240727397918702 16.75558665286411 -0.39567831134796144 -17.901827096939087 3.097982687627276 -15.963640851559848 1.5495500875853412 6.2936004906183207 -1.1219873735936063 -12.385484513309267
leaf_weight=69 126 20 13948 21 3989 29 784 109 37 2634 32 26 30 59 25 51 316 1030 20 61 25 22 50 20 528 23 783 42 380 36
leaf_count=69 126 20 13948 21 3989 29 784 109 37 2634 32 26 30 59 25 51 316 1030 20 61 25 22 50 20 528 23 783 42 380 36
internal_value=5.61847e-10 -0.293344 -0.318007 5.72962 0.36601 -0.0177874 1.65381 7.05411 4.98516 -0.271477 0.71182 -0.749481 -1.44453 0.416519 0.529469 0.608291 2.77239 -0.28396 7.21242 9.08804 -6.40252 0.843252 2.62345 -5.39744 3.64429 -0.013009 1.18601 -2.02716 -2.82323 -2.09671
internal_weight=25325 14058 14038 90 11267 7278 959 175 146 6319 2067 4252 2664 1588 2035 1562 456 1106 140 120 76 1909 620 70 550 1289 808 481 439 416
internal_count=25325 14058 14038 90 11267 7278 959 175 146 6319 2067 4252 2664 1588 2035 1562 456 1106 140 120 76 1909 620 70 550 1289 808 481 439 416
is_linear=0
shrinkage=0.05


Tree=50
num_leaves=31
num_cat=0
split_feature=8 109 18 132 212 129 135 246 246 229 37 2 112 19 191 32 134 212 120 166 178 124 225 101 36 225 241 162 148 117
split_gain=1.00523e+06 1.28838e+06 1.5571e+06 2.66973e+06 1.22272e+06 2.0088e+06 1.46896e+06 1.37619e+06 1.87902e+06 2.44684e+06 1.47822e+06 1.3137e+06 1.18712e+06 1.16393e+06 1.1566e+06 1.15419e+06 1.42161e+06 1.22625e+06 1.17079e+06 1.08187e+06 1.31465e+06 1.09227e+06 1.0585e+06 1.02053e+06 1.39364e+06 1.24258e+06 1.34128e+06 1.15619e+06 1.7301e+06 1.11499e+06
threshold=1562.0000000000002 3111.4699707031255 3527.444946289063 123.75753784179689 -1431.2499999999998 1083.2500000000002 1228.2500000000002 95.250000000000014 145.25000000000003 477.39038085937506 1323.7500000000002 752.75000000000011 181.75000000000003 594.14135742187511 476.75000000000006 3989.1225585937505 294.25000000000006 476.25000000000006 1367.7500000000002 679.19335937500011 290.25000000000006 601.57815551757824 354.25000000000006 2088.7500000000005 920.25000000000011 1443.2500000000002 747.75000000000011 955.25000000000011 1485.7500000000002 719.73504638671886
decision_type=2 2 2 2 2 2 2 2 2 2 2 2 2 2 2 2 2 2 2 2 2 2 2 2 2 2 2 2 2 2
left_child=1 2 23 -4 5 13 -7 12 9 10 -9 14 22 -2 -10 17 -17 -3 -18 21 -21 -14 -6 25 -25 29 27 -27 -29 -1
right_child=4 15 3 -5 7 6 -8 8 11 -11 -12 -13 19 -15 -16 16 18 -19 -20 20 -22 -23 -24 24 -26 26 -28 28 -30 -31
leaf_value=-0.081965091658243949 -7.5021161311926949 -14.907675522129711 22.864656543731691 -0.71910342852274578 1.1476724227961106 23.005909383864633 6.2786305849892763 7.3580974146723754 1.4059065727960496 13.450136534372966 -1.0180781605675466 0.57796791749337151 -1.7638422381558732 7.6392078052867554 18.206635380387308 10.15572955608368 -7.9168179586529739 -1.0267418971428506 3.4569353771209723 -1.1717328617518599 -18.883946344852447 7.3959767706253956 12.220108882904054 -16.080032831689589 -1.7300385233014823 -0.6724298477172852 -1.4648349099013271 24.309140387035555 5.7217932068532518 -3.1127080257449831
leaf_weight=20627 30 41 20 30 158 21 35 90 21 66 127 2491 761 22 20 22 64 26 35 22 20 34 25 23 64 21 49 21 31 308
leaf_count=20627 30 41 20 30 158 21 35 90 21 66 127 2491 761 22 20 22 64 26 35 22 20 34 25 23 64 21 49 21 31 308
internal_value=-1.54222e-09 -0.135275 -0.0987205 8.7144 0.733566 5.98033 12.5514 0.585808 1.15596 5.01994 2.45591 0.724082 -0.987689 -1.09617 9.60138 -4.25621 -1.34097 -9.52104 -3.89579 -1.78528 -9.60612 -1.3721 2.6603 -0.119561 -5.52372 -0.0972331 4.93418 9.2294 13.2282 -0.126554
internal_weight=25325 21382 21194 50 3943 108 56 3835 2815 283 217 2532 1020 52 41 188 121 67 99 837 42 795 183 21144 87 21057 122 73 52 20935
internal_count=25325 21382 21194 50 3943 108 56 3835 2815 283 217 2532 1020 52 41 188 121 67 99 837 42 795 183 21144 87 21057 122 73 52 20935
is_linear=0
shrinkage=0.05


Tree=51
num_leaves=31
num_cat=0
split_feature=253 243 88 107 212 254 226 185 247 253 66 79 92 44 247 93 150 148 26 250 257 234 254 246 231 194 103 233 64 8
split_gain=962526 2.15145e+06 1.19789e+06 1.9984e+06 1.12452e+06 1.27845e+06 1.30207e+06 1.31767e+06 1.16215e+06 1.1291e+06 1.64741e+06 2.22299e+06 1.88082e+06 1.48998e+06 1.48932e+06 1.97511e+06 1.36866e+06 1.41556e+06 1.3198e+06 1.22768e+06 1.51446e+06 1.254e+06 1.16401e+06 1.79648e+06 1.16054e+06 1.3589e+06 1.16901e+06 1.17293e+06 1.10803e+06 1.65808e+06
threshold=140.75000000000003 1012.183807373047 -5213.3625488281241 -1149.4999999999998 2136.2500000000005 -137.74999999999997 -577.24999999999989 537.25000000000011 835.00000000000011 369.25000000000006 2245.2500000000005 2950.0000000000005 2736.0000000000005 -3481.9999999999995 -109.74999999999999 1813.2500000000002 2316.2500000000005 2117.0000000000005 630.97421264648449 797.33575439453136 630.97421264648449 -224.74999999999997 -313.24999999999994 1073.0000000000002 -104.74999999999999 441.30780029296881 454.19638061523443 -190.24999999999997 3064.5000000000005 1393.7500000000002
decision_type=2 2 2 2 2 2 2 2 2 2 2 2 2 2 2 2 2 2 2 2 2 2 2 2 2 2 2 2 2 2
left_child=1 2 3 -1 5 9 7 -7 -6 19 13 12 14 -11 -12 -16 17 22 -13 20 -2 -21 -15 24 -24 -26 -27 -28 29 -8
right_child=4 -3 -4 -5 8 6 28 -9 -10 10 11 18 -14 16 15 -17 -18 -19 -20 21 -22 -23 23 -25 25 26 27 -29 -30 -31
leaf_value=1.3402831229610719 0.037831025844199284 16.111509475708008 -0.33640738474910242 18.955929381506785 2.5738636875152587 2.0919237635192292 0.14980956664043477 10.184576209551759 16.008342968333853 9.2630013392521793 -8.9249606995355517 0.86849515371852459 15.910872281438266 -5.9971206772275369 17.06645652770996 -2.1110955978262012 -15.492043531508674 8.6967572706717036 -12.355659886064203 0.35423260571663845 4.8099020132286983 -10.044588250831023 1.8798610035715431 7.0593113152166982 -1.6614022022179087 -15.768308901786805 -14.9227765083313 -3.2585703355452376 -4.2324517260320853 2.2302854584627059
leaf_weight=69 3004 20 13948 21 60 734 4607 54 22 26 21 54 39 229 25 29 21 27 29 57 176 59 116 52 311 32 26 126 122 1209
leaf_count=69 3004 20 13948 21 60 734 4607 54 22 26 21 54 39 229 25 29 21 27 29 57 176 59 116 52 311 32 26 126 122 1209
internal_value=6.28771e-10 -0.275959 -0.299306 5.4506 0.344318 0.301548 0.736793 2.6465 6.17824 -0.35498 -1.69442 2.47271 7.00473 -2.54423 2.37354 6.7674 -2.87082 -2.58241 -3.75199 0.117642 0.301946 -4.93482 -2.92382 -1.8623 -2.62159 -3.67647 -7.08238 -5.25376 0.483366 0.582288
internal_weight=25325 14058 14038 90 11267 11185 6726 788 82 4459 1163 197 114 966 75 54 940 919 83 3296 3180 116 892 663 611 495 184 152 5938 5816
internal_count=25325 14058 14038 90 11267 11185 6726 788 82 4459 1163 197 114 966 75 54 940 919 83 3296 3180 116 892 663 611 495 184 152 5938 5816
is_linear=0
shrinkage=0.05


Tree=52
num_leaves=31
num_cat=0
split_feature=65 232 159 86 244 249 159 253 191 182 94 8 54 157 191 194 204 163 190 245 245 196 219 204 61 254 110 117 87 149
split_gain=970585 1.65696e+06 1.26424e+06 1.01718e+06 1.52862e+06 964647 882020 966858 895725 855951 1.68235e+06 1.75447e+06 1.51773e+06 1.30416e+06 1.40206e+06 1.8369e+06 1.7646e+06 1.12203e+06 1.21259e+06 1.197e+06 1.28253e+06 1.42838e+06 1.15811e+06 1.57812e+06 1.55693e+06 1.07519e+06 1.58747e+06 1.45283e+06 1.15063e+06 1.08908e+06
threshold=4483.7500000000009 537.75000000000011 679.19335937500011 3709.7500000000005 2518.4440917968755 4465.4074707031259 214.26167297363284 16.750000000000004 1129.5000000000002 -2014.7499999999998 -2782.2499999999995 -2539.2499999999995 355.25555419921881 -2999.7499999999995 -2436.2499999999995 521.28231811523449 -1044.7499999999998 -1498.2499999999998 -1518.2499999999998 199.75000000000003 -1317.2499999999998 -1743.9999999999998 -197.74999999999997 30.250000000000004 644.34121704101574 -958.99999999999989 377.65191650390631 448.91717529296881 -3071.9999999999995 -1849.7499999999998
decision_type=2 2 2 2 2 2 2 2 2 2 2 2 2 2 2 2 2 2 2 2 2 2 2 2 2 2 2 2 2 2
left_child=3 -2 5 4 6 -3 8 -8 -1 10 11 12 -9 -12 15 -15 -16 19 -19 20 -11 -22 23 -23 -25 26 -20 -28 -27 -30
right_child=1 2 -4 -5 -6 -7 7 9 -10 17 13 -13 -14 14 16 -17 -18 18 25 -21 21 22 -24 24 -26 28 27 -29 29 -31
leaf_value=-0.9907188253856658 17.831723558902741 -0.27732007888055621 -9.1307250714302057 -5.0517457056045529 11.280771781653167 13.074764397740365 -1.3467476390628437 12.19344265262286 9.3792961676915478 9.8351856563402276 16.893080528922706 -12.436582838098209 -3.4376435832543808 5.3542058587074282 13.51597364408928 -12.605480388800304 0.0092888695853097104 10.262756195068361 7.0182634738358587 2.7615607055276636 -7.6455664904344651 -1.5542253624531037 -6.7208363668205813 1.0830912293328179 17.313323890079154 8.3059834827076298 -18.761089136289513 -3.9105737832085836 -4.076238456378583 0.24360109410000697
leaf_weight=2479 20 31 20 100 30 24 1119 24 21 23 23 30 44 35 57 24 42 30 22 160 105 861 97 45 22 44 23 58 147 19565
leaf_count=2479 20 31 20 100 30 24 1119 24 21 23 23 30 44 35 57 24 42 30 22 160 105 861 97 45 22 44 23 58 147 19565
internal_value=-2.18496e-09 5.04439 1.63444 -0.018994 0.00103291 5.54904 -0.0124488 0.086131 -0.903611 0.160773 2.91217 -2.3644 2.07921 5.7691 4.14979 -1.95143 7.78586 0.124567 0.218024 -1.29109 -1.85347 -2.09138 -1.52242 -0.979047 6.41242 0.20285 -4.89239 -8.12739 0.229414 0.211386
internal_weight=25325 95 75 25230 25130 55 25100 22600 2500 21481 279 98 68 181 158 59 99 21202 19889 1313 1153 1130 1025 928 67 19859 103 81 19756 19712
internal_count=25325 95 75 25230 25130 55 25100 22600 2500 21481 279 98 68 181 158 59 99 21202 19889 1313 1153 1130 1025 928 67 19859 103 81 19756 19712
is_linear=0
shrinkage=0.05


Tree=53
num_leaves=31
num_cat=0
split_feature=218 226 239 192 226 178 144 6 225 78 164 203 121 107 240 239 211 208 246 225 226 226 95 254 246 246 78 61 165 250
split_gain=892416 1.48661e+06 1.5424e+06 1.55509e+06 1.42798e+06 1.28313e+06 1.12386e+06 1.48918e+06 1.44699e+06 1.55236e+06 1.30103e+06 1.28304e+06 2.02895e+06 1.23209e+06 1.15512e+06 1.62545e+06 1.22057e+06 1.13733e+06 1.11319e+06 1.10987e+06 1.87371e+06 1.7144e+06 1.30013e+06 1.15386e+06 2.22612e+06 1.42022e+06 1.10715e+06 1.31434e+06 1.08423e+06 1.06314e+06
threshold=632.25000000000011 301.25000000000006 1113.7500000000002 2108.7500000000005 -68.249999999999986 2134.7500000000005 675.71749877929699 229.14407348632815 360.25000000000006 -473.74999999999994 -932.24999999999989 57.750000000000007 -224.74999999999997 -314.74999999999994 -190.24999999999997 30.250000000000004 37.750000000000007 464.68684387207037 -30.249999999999996 -159.74999999999997 -398.74999999999994 -561.74999999999989 -5152.4025878906241 -452.24999999999994 192.75000000000003 23.250000000000004 -2944.4999999999995 744.84381103515636 4012.487426757813 362.71936035156256
decision_type=2 2 2 2 2 2 2 2 2 2 2 2 2 2 2 2 2 2 2 2 2 2 2 2 2 2 2 2 2 2
left_child=4 2 3 5 19 -2 8 11 17 13 -9 -8 -13 18 -12 -16 -17 -6 -10 21 26 -1 -22 24 25 -24 -21 28 -28 -23
right_child=1 -3 -4 -5 6 -7 7 10 9 -11 14 12 -14 -15 15 16 -18 -19 -20 20 22 29 23 -25 -26 -27 27 -29 -30 -31
leaf_value=0.14221911329339673 1.6903379491736659 -0.045300084132345229 14.977274482358588 -7.8473353028297428 -1.8333607912682046 11.508753734476427 -0.84472582707038291 -12.536419278099423 -9.4336213371970441 -1.1263657329471302 -2.5759253958250676 21.421894003947578 4.1359755147120048 13.160597364107767 14.421906805038454 6.7041873592219945 0.064958097822435584 -7.5632334836324064 2.0642620195802608 11.472638899704506 10.821800790514265 -1.122394940176586 -3.5721786472814303 0.14014690376045871 -16.272771315574648 8.5774650968354322 1.7248916294080656 -5.1508013723553097 11.301030215422314 -4.2510031794610263
leaf_weight=4055 1562 2941 22 42 2295 34 52 21 22 1263 354 24 58 24 21 73 1339 90 488 29 28 1333 141 6507 30 29 2008 69 30 341
leaf_count=4055 1562 2941 22 42 2295 34 52 21 22 1263 354 24 58 24 21 73 1339 90 488 29 28 1333 141 6507 30 29 2008 69 30 341
internal_value=-5.34941e-10 0.629926 1.82622 1.64958 -0.139852 1.8995 -0.780697 0.213279 -1.24227 -0.170799 -0.16366 5.29915 9.19527 2.08928 -0.0182613 0.613569 0.408204 -2.04958 1.56827 0.128952 0.479286 -0.413518 0.0700568 0.025171 -3.71557 -1.49959 1.76962 1.63607 1.86586 -1.7597
internal_weight=25325 4601 1660 1638 20724 1596 6124 1942 4182 1797 1808 134 82 534 1787 1433 1412 2385 510 14600 8871 5729 6735 6707 200 170 2136 2107 2038 1674
internal_count=25325 4601 1660 1638 20724 1596 6124 1942 4182 1797 1808 134 82 534 1787 1433 1412 2385 510 14600 8871 5729 6735 6707 200 170 2136 2107 2038 1674
is_linear=0
shrinkage=0.05


Tree=54
num_leaves=31
num_cat=0
split_feature=65 231 90 223 57 84 58 138 246 247 253 254 79 253 240 63 70 126 44 254 233 198 106 127 174 243 24 88 107 236
split_gain=850912 1.51541e+06 957336 1.4121e+06 2.06282e+06 1.18212e+06 2.16746e+06 1.38026e+06 946880 1.07954e+06 823099 1.15157e+06 1.0886e+06 1.5054e+06 1.40471e+06 1.41011e+06 1.23528e+06 1.41301e+06 1.23401e+06 1.21611e+06 1.43814e+06 1.60832e+06 1.12498e+06 2.08093e+06 1.48763e+06 1.15645e+06 1.08151e+06 1.03444e+06 1.79501e+06 1.02935e+06
threshold=4483.7500000000009 232.25000000000003 4715.4309082031259 2970.2917480468755 4062.7500000000005 3539.0000000000005 3584.0000000000005 389.10430908203131 304.75000000000006 -279.74999999999994 140.75000000000003 -137.74999999999997 2257.7500000000005 369.25000000000006 -8.7499999999999982 3128.2500000000005 -3958.9999999999995 -3296.2499999999995 -3481.9999999999995 -502.24999999999994 -694.24999999999989 114.25000000000001 2263.5000000000005 2203.0000000000005 1625.0458984375002 492.24920654296881 2767.0000000000005 -5213.3625488281241 -1149.4999999999998 852.46588134765636
decision_type=2 2 2 2 2 2 2 2 2 2 2 2 2 2 2 2 2 2 2 2 2 2 2 2 2 2 2 2 2 2
left_child=2 -2 3 5 -5 6 10 -7 9 -9 27 12 13 16 -14 26 -12 -18 -15 20 -20 -22 23 -19 -24 -25 -16 28 -1 -13
right_child=1 -3 -4 4 -6 7 -8 8 -10 -11 11 29 14 18 15 -17 17 22 19 -21 21 -23 24 25 -26 -27 -28 -29 -30 -31
leaf_value=1.1763051997060361 16.577558996563866 1.3590983468133051 -9.7972886581420902 19.744537717645819 -2.1640211400531588 -13.93572804235643 11.488566255569459 -3.6089483862337861 -5.8455284027826222 12.274489145278931 -10.388234971250807 0.67524377432787119 -1.5566095023012874 8.6264527981097885 6.9441641470965223 -1.2624920050303141 12.787644490328702 0.07963670765619596 1.3694209067026775 -1.8411399314279766 -20.150904058641004 -4.6141040437751348 -16.451163055585777 3.0588839590735737 -1.5941261919717942 20.062164363861086 20.982634847060496 -0.30593917314100483 17.871461509522938 9.3974237470065844
leaf_weight=69 21 74 25 22 21 31 41 23 63 20 28 6622 67 26 34 27 22 2968 30 915 31 36 23 20 63 20 23 13905 21 34
leaf_count=69 21 74 25 22 21 31 41 23 63 20 28 6622 67 26 34 27 22 2968 30 915 31 36 23 20 63 20 23 13905 21 34
internal_value=3.84845e-10 4.72318 -0.0177845 -0.0080845 9.04501 -0.0235556 0.00180167 -4.65542 -1.94136 3.7787 -0.0170487 0.306823 -0.327557 -0.47815 3.84319 8.15018 0.0669318 0.160881 -2.12915 -2.40548 -7.7289 -11.8028 0.0710976 0.232308 -5.56752 11.5605 12.6088 -0.271355 5.07184 0.719798
internal_weight=25325 95 25230 25205 43 25162 25025 137 106 43 24984 10989 4333 4182 151 84 3144 3116 1038 1012 97 67 3094 3008 86 40 57 13995 90 6656
internal_count=25325 95 25230 25205 43 25162 25025 137 106 43 24984 10989 4333 4182 151 84 3144 3116 1038 1012 97 67 3094 3008 86 40 57 13995 90 6656
is_linear=0
shrinkage=0.05


Tree=55
num_leaves=31
num_cat=0
split_feature=12 257 227 131 166 5 8 127 103 36 253 89 180 131 0 61 126 80 239 117 187 29 219 107 119 142 65 183 246 141
split_gain=826876 1.61853e+06 2.39999e+06 1.65857e+06 2.20393e+06 1.01574e+06 1.1388e+06 1.74664e+06 1.31228e+06 1.29064e+06 1.33013e+06 1.16657e+06 959780 959611 2.15708e+06 1.199e+06 967090 1.47551e+06 1.34908e+06 1.2872e+06 1.94792e+06 1.41317e+06 1.16061e+06 1.67007e+06 1.66056e+06 1.21561e+06 1.93788e+06 1.07723e+06 1.08338e+06 1.07527e+06
threshold=359.76185607910162 630.97421264648449 -424.74999999999994 405.14811706542974 406.63891601562506 347.94409179687506 -809.24999999999989 298.75000000000006 323.79682922363287 -508.24999999999994 14.250000000000002 391.75526428222662 370.59999084472662 297.56054687500006 998.25000000000011 307.12979125976568 -1547.7499999999998 -2127.7499999999995 964.25000000000011 480.24928283691412 517.10519409179699 -1409.7499999999998 -1279.7499999999998 -3204.9999999999995 -1637.7499999999998 -1946.7499999999998 -2241.2499999999995 -1703.9999999999998 -599.24999999999989 -1100.7499999999998
decision_type=2 2 2 2 2 2 2 2 2 2 2 2 2 2 2 2 2 2 2 2 2 2 2 2 2 2 2 2 2 2
left_child=1 5 -3 4 -4 -1 7 -7 -8 12 -11 -12 -10 14 -2 -15 18 19 22 -18 -21 -22 23 -17 25 -25 -27 -19 -29 -24
right_child=13 2 3 -5 -6 6 8 -9 9 10 11 -13 -14 15 -16 16 17 27 -20 20 21 -23 29 24 -26 26 -28 28 -30 -31
leaf_value=-0.17036784622421727 1.9671288763746924 -3.0781453771591192 7.3688671442178579 1.699413774753439 29.446177005767822 -3.1452034398066164 -3.4996046960743428 -16.902677495479583 3.0548286899577741 -11.790777059396108 1.5923877253847303 -3.4181942084431647 16.3127956199646 12.182270825476875 18.664613234429133 -6.5790827307709554 -1.4908098194599153 8.8116453815150901 11.303318604968844 21.881278480802266 9.8412850426543841 -3.2466107538252169 -3.6604921668562493 2.85827848759831 -5.8124359254539018 23.642594782511395 3.3908698452843562 -5.7222576618989311 0.31022734544637198 0.65078265110248246
leaf_weight=12575 245 50 26 29 20 299 306 25 43 24 424 160 20 21 21 53 50 37 21 21 55 33 544 122 40 21 27 75 9741 197
leaf_count=12575 245 50 26 29 20 299 306 25 43 24 424 160 20 21 21 53 50 37 21 21 55 33 544 122 40 21 27 75 9741 197
internal_value=-9.32005e-10 -0.256942 5.40712 11.064 16.9677 -0.307966 -1.63794 -4.20674 -0.786062 0.45141 -0.254469 0.219626 7.26371 0.317684 3.28535 0.246297 0.223586 0.37334 -1.23919 5.15157 8.19853 4.93332 -1.50153 1.35197 3.35362 5.51034 12.251 0.296233 0.264136 -2.51431
internal_weight=25325 14001 125 75 46 13876 1301 324 977 671 608 584 63 11324 266 11058 11037 10012 1025 159 109 88 1004 263 210 170 48 9853 9816 741
internal_count=25325 14001 125 75 46 13876 1301 324 977 671 608 584 63 11324 266 11058 11037 10012 1025 159 109 88 1004 263 210 170 48 9853 9816 741
is_linear=0
shrinkage=0.05


Tree=56
num_leaves=31
num_cat=0
split_feature=184 153 198 170 218 163 161 189 73 252 198 253 238 65 92 159 243 246 162 254 33 222 197 100 184 176 175 180 61 217
split_gain=798360 2.37669e+06 1.79328e+06 1.67697e+06 1.70289e+06 1.43009e+06 3.48362e+06 1.40908e+06 1.38418e+06 1.34402e+06 1.31909e+06 1.66127e+06 1.29107e+06 1.88414e+06 2.83762e+06 1.37196e+06 1.26453e+06 1.22845e+06 1.52474e+06 1.42362e+06 1.17668e+06 1.83368e+06 1.15353e+06 1.15012e+06 1.13676e+06 1.1142e+06 1.60916e+06 1.19634e+06 2.17304e+06 1.80592e+06
threshold=-629.74999999999989 2404.522094726563 -867.24999999999989 -456.24999999999994 -422.24999999999994 -445.24999999999994 -397.24999999999994 -494.74999999999994 -3207.9999999999995 -117.74999999999999 -33.749999999999993 650.25000000000011 -497.24999999999994 2349.7500000000005 2065.7500000000005 439.08207702636724 421.37451171875006 157.75000000000003 -1996.4999999999998 -86.249999999999986 644.34121704101574 744.84381103515636 -539.74999999999989 -2332.9999999999995 487.75000000000006 1.0000000180025095e-35 -54.749999999999993 501.99871826171881 467.53538513183599 -1096.2499999999998
decision_type=2 2 2 2 2 2 2 2 2 2 2 2 2 2 2 2 2 2 2 2 2 2 2 2 2 2 2 2 2 2
left_child=1 2 7 4 -4 6 -5 17 -2 -6 11 20 13 14 15 16 -12 25 -19 -20 21 24 -7 -21 -10 27 -27 28 -1 -30
right_child=8 -3 3 5 9 22 -8 -9 10 -11 12 -13 -14 -15 -16 -17 -18 18 19 23 -22 -23 -24 -25 -26 26 -28 -29 29 -31
leaf_value=-1.1121912051285512 11.362928616083586 16.520111855216651 3.4920915228951923 0.55599566239577081 2.1969644345789678 -7.6577703252434732 22.629052113041737 -6.5513076959715946 -0.42522238493696851 -0.5228118699699752 3.5742155863688545 -7.5513740156972133 0.11812760333948108 -7.593873356234643 20.417864649636407 8.4288642511275178 -8.2138772841862266 6.9626954972743995 -0.83906808435537017 -6.1970752769503106 -4.1512950291180557 11.116973632223466 3.7217114471501902 4.2495379148154626 -4.2045493703408567 16.25426393073538 -0.77066232391766143 -3.4204682071863766 10.268265405712249 0.7238829685080993
leaf_weight=1572 26 23 494 39 634 24 33 90 8063 1602 65 86 9911 31 28 74 35 104 608 29 223 34 309 288 204 23 35 426 79 133
leaf_count=1572 26 23 494 39 634 24 33 90 8063 1602 65 86 9911 31 28 74 35 104 608 29 223 34 309 288 204 23 35 426 79 133
internal_value=-1.33688e-09 0.475541 0.418959 1.28073 0.83532 4.28312 10.6728 -0.378695 -0.16573 0.248359 -0.181713 -0.636873 0.204616 3.88354 5.64492 3.26767 -0.551617 -0.210197 1.22266 0.577296 -0.567111 -0.470825 2.90157 3.29385 -0.518483 -0.860291 5.9806 -1.03983 -0.471354 4.28052
internal_weight=25325 6545 6522 3135 2730 405 72 3387 18780 2236 18754 8610 10144 233 202 174 100 3297 1029 925 8524 8301 333 317 8267 2268 58 2210 1784 212
internal_count=25325 6545 6522 3135 2730 405 72 3387 18780 2236 18754 8610 10144 233 202 174 100 3297 1029 925 8524 8301 333 317 8267 2268 58 2210 1784 212
is_linear=0
shrinkage=0.05


Tree=57
num_leaves=31
num_cat=0
split_feature=67 40 54 246 229 239 247 152 238 246 156 175 238 155 14 202 141 105 199 238 117 101 72 220 236 231 234 173 225 92
split_gain=770300 1.59168e+06 2.83708e+06 724582 1.07828e+06 1.02441e+06 978896 1.28596e+06 1.4317e+06 1.69909e+06 977622 2.42285e+06 1.19854e+06 1.43772e+06 1.49473e+06 3.12661e+06 1.14017e+06 2.05957e+06 1.8163e+06 1.16385e+06 1.13407e+06 1.12859e+06 2.64931e+06 1.38376e+06 1.7401e+06 1.70225e+06 2.02895e+06 1.45328e+06 1.27553e+06 1.21564e+06
threshold=5681.7475585937509 719.73504638671886 562.74551391601574 93.250000000000014 316.86289978027349 120.25000000000001 -915.24999999999989 594.14135742187511 -2.7499999999999996 -13.749999999999998 -403.74999999999994 -12.249999999999998 298.25000000000006 57.750000000000007 -417.24999999999994 -295.48815917968744 -282.24999999999994 -689.24999999999989 -472.74999999999994 575.75000000000011 630.97421264648449 -230.24999999999997 -900.49999999999989 -539.74999999999989 418.03205871582037 -469.74999999999994 -98.749999999999986 470.16540527343756 -159.74999999999997 467.75000000000006
decision_type=2 2 2 2 2 2 2 2 2 2 2 2 2 2 2 2 2 2 2 2 2 2 2 2 2 2 2 2 2 2
left_child=3 2 -2 5 -5 -1 -7 -8 -9 -10 11 16 13 14 -12 -16 19 -18 -19 21 -20 23 -23 24 -6 -26 27 -27 -25 -30
right_child=1 -3 -4 4 10 6 7 8 9 -11 12 -13 -14 -15 15 -17 17 18 20 -21 -22 22 -24 28 25 26 -28 -29 29 -31
leaf_value=-0.10888559499416649 -1.7534769330705917 -5.693749880790711 18.238232565588422 -0.3881523641689264 -0.80674526208297803 -11.665233885723612 -1.571513249150833 -4.939557106018067 0.98640715735299256 18.736878259365376 0.49954368493386681 -3.6948337650965244 0.068623690363932871 1.1772247058228698 26.368224632740024 5.362129614737726 -6.0904703013469721 -3.7553074262421067 1.0385466807136357 6.2287238363966804 10.049849564621324 19.60700688759486 2.1600597075382528 -4.6191200038494422 2.4279088813431411 28.593789110183721 3.9423287361264232 9.7611088071550647 0.21584550010189352 -11.922208304632278
leaf_weight=8593 35 28 36 5024 227 23 1715 25 28 26 119 425 2616 3373 20 155 173 218 430 99 38 24 233 171 196 20 50 21 1163 21
leaf_count=8593 35 28 36 5024 227 23 1715 25 28 26 119 425 2616 3373 20 155 173 218 430 99 38 24 233 171 196 20 50 21 1163 21
internal_value=1.39636e-09 4.40181 8.38316 -0.017275 0.207345 -0.336965 -1.41561 -1.2842 4.95303 9.53293 0.512879 -0.155637 0.886239 1.46952 4.82293 7.76283 0.332093 -1.21518 0.0143037 0.929444 1.77023 0.682676 3.78935 0.255488 2.46443 5.05173 10.703 18.9478 -0.582441 0.000559073
internal_weight=25325 99 71 25226 14816 10410 1817 1794 79 54 9792 3509 6283 3667 294 175 3084 859 686 2225 468 2126 257 1869 514 287 91 41 1355 1184
internal_count=25325 99 71 25226 14816 10410 1817 1794 79 54 9792 3509 6283 3667 294 175 3084 859 686 2225 468 2126 257 1869 514 287 91 41 1355 1184
is_linear=0
shrinkage=0.05


Tree=58
num_leaves=31
num_cat=0
split_feature=198 4 103 43 111 188 138 232 82 2 147 246 149 218 227 252 75 159 247 191 227 3 27 256 249 115 6 75 61 231
split_gain=754377 1.83874e+06 1.74402e+06 1.62055e+06 1.41425e+06 1.19238e+06 1.58378e+06 1.61897e+06 1.53042e+06 1.02507e+06 916282 1.75336e+06 1.46421e+06 1.25456e+06 1.67269e+06 986977 1.21964e+06 1.4165e+06 1.1565e+06 867435 1.02135e+06 831525 822527 1.32198e+06 1.5791e+06 1.09068e+06 1.32862e+06 1.03013e+06 1.40158e+06 1.01962e+06
threshold=1020.2500000000001 -1640.065002441406 488.92694091796881 5080.0000000000009 -407.31661987304682 2253.4746093750005 542.71502685546886 580.25000000000011 323.80688476562506 -741.74999999999989 1854.7500000000002 -100.24999999999999 1455.2500000000002 1159.7500000000002 781.25000000000011 -41.249999999999993 330.73266601562506 389.05720520019537 -10.249999999999998 876.25000000000011 946.75000000000011 4482.2500000000009 864.86831665039074 974.70251464843761 1391.2199707031252 1171.7500000000002 108.63676834106447 239.8896408081055 272.81637573242193 945.25000000000011
decision_type=2 2 2 2 2 2 2 2 2 2 2 2 2 2 2 2 2 2 2 2 2 2 2 2 2 2 2 2 2 2
left_child=3 2 -2 5 -3 10 8 -8 -7 -6 12 -12 21 -13 -15 16 -14 -18 -17 20 -11 -1 25 29 -25 26 -21 -26 -29 -24
right_child=1 4 -4 -5 9 6 7 -9 -10 19 11 13 15 14 -16 18 17 -19 -20 22 -22 -23 23 24 27 -27 -28 28 -30 -31
leaf_value=-0.05425052362162476 2.6218457257306138 -12.033439113980249 22.102252416610721 10.689758137294225 10.509594885792051 -13.130292551858085 -3.4456265167756515 -23.101276016235353 2.1188035994376011 14.973857456704847 17.075257321596148 0.14395522892195295 0.77893365383148194 20.064411630630495 0.085277012549340725 3.1378836361329947 -23.202813636064533 -6.7634514998448525 -6.1179929708733276 10.214511641140643 -0.47559725761413579 10.145231020450593 2.9283450324718769 -5.7013633242249497 -9.0530571377795681 -6.3425944849200873 -2.1084926042998773 12.458720976730874 1.2149020356331439 13.513537099702019
leaf_weight=23421 27 21 20 35 28 21 22 20 76 23 20 213 25 20 22 67 20 38 68 29 20 20 65 90 23 92 89 29 626 35
leaf_count=23421 27 21 20 35 28 21 22 20 76 23 20 213 25 20 22 67 20 38 68 29 20 20 65 90 23 92 89 29 626 35
internal_value=-3.62194e-10 1.21458 10.9114 -0.0613132 0.825046 -0.0769443 -4.69451 -12.8055 -1.18255 1.06006 -0.0501272 2.81939 -0.083481 1.70128 9.59915 -4.16229 -8.45294 -12.4322 -1.52434 0.82403 7.78806 -0.0455483 0.546244 1.22558 0.521469 -2.26168 0.920042 1.34751 1.71272 6.63316
internal_weight=25325 1217 47 24108 1170 24073 139 42 97 1149 23934 275 23659 255 42 218 83 58 135 1121 43 23441 1078 868 768 210 118 678 655 100
internal_count=25325 1217 47 24108 1170 24073 139 42 97 1149 23934 275 23659 255 42 218 83 58 135 1121 43 23441 1078 868 768 210 118 678 655 100
is_linear=0
shrinkage=0.05


Tree=59
num_leaves=31
num_cat=0
split_feature=184 139 198 170 218 163 161 73 163 252 32 189 210 19 56 143 212 38 177 134 205 166 44 64 246 197 254 12 83 246
split_gain=718233 2.01682e+06 1.60246e+06 1.45553e+06 1.5257e+06 1.28237e+06 3.06946e+06 1.2518e+06 1.2679e+06 1.21927e+06 1.21207e+06 1.19539e+06 1.17118e+06 1.70073e+06 1.63646e+06 2.59057e+06 1.57041e+06 1.11932e+06 1.08152e+06 1.58166e+06 1.16844e+06 1.08112e+06 1.14479e+06 1.07741e+06 1.06831e+06 1.33762e+06 1.39011e+06 1.03334e+06 1.76679e+06 1.24937e+06
threshold=-629.74999999999989 2704.881713867188 -867.24999999999989 -456.24999999999994 -422.24999999999994 -445.24999999999994 -397.24999999999994 -3207.9999999999995 -933.74999999999989 -117.74999999999999 237.18250274658206 -494.74999999999994 462.25000000000006 644.34121704101574 1183.0000000000002 1103.2500000000002 -1570.2499999999998 1963.5000000000002 -280.24999999999994 902.75000000000011 398.25000000000006 587.72634887695324 -2415.9999999999995 1180.7500000000002 157.75000000000003 -2078.7499999999995 -77.249999999999986 562.74551391601574 327.71759033203131 207.75000000000003
decision_type=2 2 2 2 2 2 2 2 2 2 2 2 2 2 2 2 2 2 2 2 2 2 2 2 2 2 2 2 2 2
left_child=1 2 11 4 -4 6 -5 -2 10 -6 21 24 13 16 15 -15 -10 -16 19 20 -14 22 -9 -12 -1 -26 27 29 -29 -27
right_child=7 -3 3 5 9 -7 -8 8 12 -11 23 -13 18 14 17 -17 -18 -19 -20 -21 -22 -23 -24 -25 25 26 -28 28 -30 -31
leaf_value=-0.8050754274148002 10.806315233157232 15.231070624745412 3.3140483892096686 0.56753302476344969 2.0996746196532006 2.703011746946947 21.286954975850655 -8.8477548471077334 10.978121894405735 -0.49080113271779191 -7.9824376147666145 -6.0080269430037383 5.2904441577894197 -3.9050468098564246 -18.46341600418091 14.582368578229632 -0.28919488218937589 -5.2640541255474096 0.40021384513750058 14.319950819015503 -3.2787408874880883 9.6262612301370378 -0.5283362035964464 0.56800656700134278 11.199773871898651 2.8459829750365784 3.6068239035737983 0.21469911721348767 13.557014725425027 -2.7099568107872147
leaf_weight=2268 26 23 494 39 634 332 33 47 31 1602 140 91 111 194 29 21 12810 36 4824 32 62 23 344 50 32 133 308 100 33 423
leaf_count=2268 26 23 494 39 634 332 33 47 31 1602 140 91 111 194 29 21 12810 36 4824 32 62 23 344 50 32 133 308 100 33 423
internal_value=-2.64055e-09 0.451046 0.398924 1.21381 0.799293 4.01486 10.0639 -0.157194 -0.172393 0.243708 -2.42604 -0.354868 -0.0973957 -0.346053 -4.20105 -2.0993 -0.261994 -11.153 0.551368 4.10827 2.21941 -0.908667 -1.52837 -5.73232 -0.198836 1.13737 0.8144 -0.433882 3.5252 -1.38093
internal_weight=25325 6545 6522 3134 2730 404 72 18780 18754 2236 604 3388 18150 13121 280 215 12841 65 5029 205 173 414 391 190 3297 1029 997 689 133 556
internal_count=25325 6545 6522 3134 2730 404 72 18780 18754 2236 604 3388 18150 13121 280 215 12841 65 5029 205 173 414 391 190 3297 1029 997 689 133 556
is_linear=0
shrinkage=0.05


Tree=60
num_leaves=31
num_cat=0
split_feature=212 240 253 211 95 238 30 61 93 56 142 26 128 89 212 101 71 70 93 149 190 191 215 177 225 26 219 253 246 253
split_gain=701559 1.3725e+06 1.19991e+06 1.13401e+06 1.01258e+06 1.49679e+06 1.50668e+06 966390 815658 1.65958e+06 1.41315e+06 1.19767e+06 1.3103e+06 1.04516e+06 1.04215e+06 988782 1.15857e+06 1.54226e+06 972983 879108 1.15025e+06 1.14787e+06 1.48539e+06 1.12025e+06 949593 909954 1.23776e+06 1.12164e+06 1.5621e+06 878545
threshold=2136.2500000000005 240.25000000000003 1319.2500000000002 2733.7500000000005 5509.9975585937509 619.25000000000011 4162.0000000000009 562.74551391601574 3128.0000000000005 3470.0000000000005 1667.0000000000002 233.47859191894534 1715.2500000000002 323.80310058593756 -3.2499999999999996 1636.2500000000002 2092.0000000000005 1867.7500000000002 1883.0000000000002 1455.2500000000002 1227.7500000000002 553.25000000000011 382.43319702148443 1178.5000000000002 1272.2500000000002 537.77215576171886 875.50000000000011 592.75000000000011 891.75000000000011 191.25000000000003
decision_type=2 2 2 2 2 2 2 2 2 2 2 2 2 2 2 2 2 2 2 2 2 2 2 2 2 2 2 2 2 2
left_child=2 -2 3 4 8 6 -6 -3 10 -10 19 -12 14 -11 -13 -14 18 -18 -17 24 21 -21 -23 -22 -1 27 -27 -26 -29 -19
right_child=1 7 -4 -5 5 -7 -8 -9 9 13 11 12 15 -15 -16 16 17 29 -20 20 23 22 -24 -25 25 26 -28 28 -30 -31
leaf_value=-0.048618820904685944 -6.4043007590553991 3.6478467456319117 -8.6686852246522914 -11.90312359571457 2.7183937345232287 -3.450142242431641 21.893918704986575 16.295020037112028 -16.960564937591553 -10.049423637390138 14.383521814644338 -2.3445326772229427 -5.9712707739472393 0.33486653046002468 8.2619027502640439 3.6203895299251267 -13.325553773641587 -2.5176860000611399 15.99995669119415 -2.3073946288653784 7.0152282359988192 -5.3355226940578895 -22.068228349231539 -2.0516181543105989 2.1586493949396046 5.6436588037014008 -5.4408119649571534 20.241814503462422 4.2237849697470669 2.972252697313186
leaf_weight=23584 22 44 40 20 21 25 20 23 20 30 20 29 50 126 115 65 20 114 21 84 43 36 21 164 190 40 68 23 45 202
leaf_count=23584 22 44 40 20 21 25 20 23 20 30 20 29 50 126 115 65 20 114 21 84 43 36 21 164 190 40 68 23 45 202
internal_value=-3.65914e-09 4.43142 -0.0156283 -0.00189112 0.0075633 6.19259 12.0723 7.98941 -0.00869364 -3.40057 0.0152484 2.34187 1.9509 -1.66211 6.12588 0.677179 1.46491 0.139487 6.64331 -0.0456508 -2.54064 -6.02364 -11.5002 -0.168167 -0.0093979 2.51789 -1.33545 4.13091 9.64165 0.991705
internal_weight=25325 89 25236 25196 25176 66 41 67 25110 176 24934 636 616 156 144 472 422 336 86 24298 348 141 57 207 23950 366 108 258 68 316
internal_count=25325 89 25236 25196 25176 66 41 67 25110 176 24934 636 616 156 144 472 422 336 86 24298 348 141 57 207 23950 366 108 258 68 316
is_linear=0
shrinkage=0.05


Tree=61
num_leaves=31
num_cat=0
split_feature=159 253 191 9 72 82 147 19 205 184 198 182 191 204 110 106 82 238 154 91 57 96 239 226 61 233 198 8 47 54
split_gain=689364 796760 762418 736430 1.08177e+06 1.2452e+06 1.03314e+06 1.22877e+06 754692 741355 963395 629691 1.5756e+06 2.23978e+06 1.94353e+06 1.74912e+06 1.22596e+06 1.04067e+06 959305 1.15608e+06 958149 957319 1.4234e+06 1.1276e+06 880646 903578 831684 1.56818e+06 825498 1.06498e+06
threshold=214.26167297363284 16.750000000000004 1129.5000000000002 1827.7500000000002 276.75000000000006 331.62265014648443 122.75000000000001 451.52204895019537 233.75000000000003 -462.74999999999994 -435.24999999999994 -2014.7499999999998 -2436.2499999999995 -1044.7499999999998 542.71502685546886 -848.74999999999989 797.33575439453136 -392.74999999999994 -1929.2499999999998 -3667.4999999999995 -2458.7499999999995 373.08265686035162 298.25000000000006 -709.74999999999989 367.61912536621099 -720.24999999999989 -1612.2499999999998 -1994.2499999999998 348.96270751953131 459.31520080566412
decision_type=2 2 2 2 2 2 2 2 2 2 2 2 2 2 2 2 2 2 2 2 2 2 2 2 2 2 2 2 2 2
left_child=2 3 -1 4 6 -6 8 -8 9 10 -2 12 14 15 20 17 -16 -14 21 -20 28 24 23 26 25 -13 -23 -28 -3 -30
right_child=1 11 -4 -5 5 -7 7 -9 -10 -11 -12 18 13 -15 16 -17 -18 -19 19 -21 -22 22 -24 -25 -26 -27 27 -29 29 -31
leaf_value=-0.86859866896739657 -1.405609035100837 6.9125709349458875 8.6986885400045484 4.9111464059099248 -1.0438350967617118 -8.5441258256776003 0.97127821568180528 12.78608673060382 7.8707437072481428 -3.9410966309820594 5.6733848972754046 6.2005436617752601 12.737184475589958 -0.95128403266270967 -17.538622989257178 24.648934173583985 -0.77707826137542735 -1.0659328937530519 10.505256075329251 0.15240374227991538 9.5142811263308804 -7.8017389170977545 2.1764057578462541 -10.945524474137869 10.783452760605584 -4.9778283740083378 10.806218767166138 -5.9911879416668059 -12.957528956731162 3.1640646982192995
leaf_weight=2479 381 22 21 47 117 105 119 27 21 247 55 29 36 60 24 20 20 22 27 21052 34 49 66 78 21 48 24 33 21 20
leaf_count=2479 381 22 21 47 117 105 119 27 21 247 55 29 36 60 24 20 20 22 27 21052 34 49 66 78 21 48 24 33 21 20
internal_value=-3.30527e-09 0.0863344 -0.788233 -1.21474 -1.48332 -4.59127 -0.6716 3.15621 -1.46543 -1.75249 -0.512617 0.153408 2.51346 6.31152 -1.20378 11.8983 -9.91974 7.50152 0.122678 0.165665 2.74985 -2.48109 -4.12301 -6.38259 1.70747 -0.767792 -3.02495 1.0814 -0.900798 -5.09334
internal_weight=25325 22825 2500 1119 1072 222 850 146 704 683 436 21706 279 138 141 78 44 58 21427 21079 97 348 250 184 98 77 106 57 63 41
internal_count=25325 22825 2500 1119 1072 222 850 146 704 683 436 21706 279 138 141 78 44 58 21427 21079 97 348 250 184 98 77 106 57 63 41
is_linear=0
shrinkage=0.05


Tree=62
num_leaves=31
num_cat=0
split_feature=53 12 96 74 125 215 166 245 71 156 198 236 99 80 105 127 143 226 188 51 115 103 243 78 149 41 184 120 10 36
split_gain=661162 1.59684e+06 3.22148e+06 1.40366e+06 2.15579e+06 1.32184e+06 2.37584e+06 1.29683e+06 1.16082e+06 1.6635e+06 2.09855e+06 1.2964e+06 1.1751e+06 1.15326e+06 1.14641e+06 1.14464e+06 1.23631e+06 1.89958e+06 1.5662e+06 1.50163e+06 1.36049e+06 1.20001e+06 2.13066e+06 1.23433e+06 1.19463e+06 1.15453e+06 1.14172e+06 1.13029e+06 1.61788e+06 3.05875e+06
threshold=966.73248291015636 171.15287780761722 174.36653900146487 -551.21002197265614 1520.5874633789065 407.99995422363287 387.65052795410162 308.25000000000006 1416.2500000000002 26.250000000000004 -212.74999999999997 424.96195983886724 -112.24999999999999 2376.5000000000005 2242.0000000000005 1823.2500000000002 402.75000000000006 32.750000000000007 57.450668334960945 -232.24999999999997 1429.2500000000002 553.73107910156261 581.48425292968761 685.25000000000011 344.75000000000006 264.99551391601568 587.75000000000011 292.25000000000006 -983.74999999999989 -711.24999999999989
decision_type=2 2 2 2 2 2 2 2 2 2 2 2 2 2 2 2 2 2 2 2 2 2 2 2 2 2 2 2 2 2
left_child=3 2 -2 4 15 6 -5 13 9 11 -11 -8 -12 14 -7 16 19 21 24 -1 -20 22 23 -18 -19 -25 -14 28 29 -3
right_child=1 27 -4 5 -6 7 8 -9 -10 10 12 -13 26 -15 -16 -17 17 18 20 -21 -22 -23 -24 25 -26 -27 -28 -29 -30 -31
leaf_value=0.32275898133215519 -0.26026818002973284 0.75046602196809731 24.895047783851624 -0.6216896479945202 12.479767553011577 -2.4518432416732661 0.52058629270210921 1.0993223313674811 -4.0420933429151775 19.354288173573359 14.811691493988036 11.11961884421687 0.13269308739238314 -13.569355585264123 9.6032913744449626 -7.5626077164994916 2.2528447897992279 -0.94362854766845716 -1.8440198398369958 -1.6512712712894868 9.1506525109211605 11.538983330627282 -9.6541378561655691 12.140027893844405 13.366968541826521 3.3356585959049121 8.7817838103084238 -0.041906322011097417 1.8009953560708394 -14.484378763304816
leaf_weight=6927 35 123 20 6277 36 1415 416 310 64 28 25 31 108 23 20 47 298 25 453 1119 30 48 30 76 35 73 59 5335 1794 45
leaf_count=6927 35 123 20 6277 36 1415 416 310 64 28 25 31 108 23 20 47 298 25 453 1119 30 48 30 76 35 73 59 5335 1794 45
internal_value=2.9946e-09 0.399445 8.88712 -0.163396 0.268237 -0.615736 -0.30752 -1.83744 2.39021 3.00741 6.56667 1.25564 4.70181 -2.46186 -2.28383 0.22025 0.260385 1.85878 -0.214674 0.0482201 -1.16112 4.00331 3.24501 4.11072 7.40422 7.82648 3.18836 0.33547 1.36162 -3.3303
internal_weight=25325 7352 55 17973 9197 8776 7008 1768 731 667 220 447 192 1458 1435 9161 9114 1068 543 8046 483 525 477 447 60 149 167 7297 1962 168
internal_count=25325 7352 55 17973 9197 8776 7008 1768 731 667 220 447 192 1458 1435 9161 9114 1068 543 8046 483 525 477 447 60 149 167 7297 1962 168
is_linear=0
shrinkage=0.05


Tree=63
num_leaves=31
num_cat=0
split_feature=54 26 211 123 162 8 226 114 35 63 211 61 184 68 122 51 54 254 96 233 234 157 239 94 161 6 2 134 67 145
split_gain=651900 2.14931e+06 1.58152e+06 1.55368e+06 2.71284e+06 1.79724e+06 1.63402e+06 2.20183e+06 1.95827e+06 1.50106e+06 1.49583e+06 1.85591e+06 1.35511e+06 1.45822e+06 1.24847e+06 1.82437e+06 1.1775e+06 1.87651e+06 1.73519e+06 1.43938e+06 1.59526e+06 1.22731e+06 1.19471e+06 1.17008e+06 1.54311e+06 1.23163e+06 2.76815e+06 1.80732e+06 2.1671e+06 1.83925e+06
threshold=470.23809814453131 534.11987304687511 -1814.7499999999998 -1682.6450195312498 768.25000000000011 -2117.2499999999995 -1019.7499999999999 -2719.4999999999995 -2419.9999999999995 -457.24999999999994 -1051.9999999999998 744.84381103515636 2654.7500000000005 719.73504638671886 -3281.2499999999995 -3787.7499999999995 630.97421264648449 -837.24999999999989 719.73504638671886 -1101.2499999999998 -850.74999999999989 -1541.7499999999998 161.25000000000003 3416.2500000000005 2121.2500000000005 2713.646118164063 1294.5000000000002 755.25000000000011 2495.0000000000005 904.46777343750011
decision_type=2 2 2 2 2 2 2 2 2 2 2 2 2 2 2 2 2 2 2 2 2 2 2 2 2 2 2 2 2 2
left_child=14 3 -3 4 6 -5 7 -2 -9 -8 11 -4 16 -14 15 -1 17 -12 21 20 -18 22 -19 24 25 26 27 -21 29 -29
right_child=1 2 10 5 -6 -7 9 8 -10 -11 12 -13 13 -15 -16 -17 19 18 -20 23 -22 -23 -24 -25 -26 -27 -28 28 -30 -31
leaf_value=-0.2938217065273187 -4.546446613073349 -13.741529909047214 7.8163831557839289 -8.7945395821874808 21.125745963056886 1.4565949337993689 -0.49629845602916234 26.066946676503058 7.4881790998819717 9.6967757460806112 -13.798450660705567 -6.0485695592818729 17.650287696293422 -0.76991820118644028 -0.13915242358759186 16.434492220197406 1.7756465993821622 -11.821486054682264 -15.292672963575885 -1.2635060091853625 18.081380568693081 -0.74445784230143852 -0.1961397831256573 -10.766272123654684 12.190133276692144 5.9320233261585242 -10.987278403013441 11.971744978280514 -2.4992920924635498 -3.8537801120592201
leaf_weight=39 20 22 109 44 24 1513 183 23 37 45 31 31 21 22 20803 28 40 51 22 494 24 1288 39 24 27 80 59 91 68 23
leaf_count=39 20 22 109 44 24 1513 183 23 37 45 31 31 21 22 20803 28 40 51 22 494 24 1288 39 24 27 80 59 91 68 23
internal_value=8.75616e-10 0.549064 -0.393223 1.82906 4.93441 1.1669 3.67275 9.82092 14.61 1.51549 -0.27779 4.74629 -0.570373 8.226 -0.117206 6.69712 -0.730578 -1.63075 -1.36132 0.654519 7.8903 -1.1389 -6.78384 0.119773 0.430064 0.0404668 -0.600791 0.305722 4.56505 8.77888
internal_weight=25325 4455 2566 1889 332 1557 308 80 60 228 2544 140 2404 43 20870 67 2361 1431 1400 930 64 1378 90 866 842 815 735 676 182 114
internal_count=25325 4455 2566 1889 332 1557 308 80 60 228 2544 140 2404 43 20870 67 2361 1431 1400 930 64 1378 90 866 842 815 735 676 182 114
is_linear=0
shrinkage=0.05


Tree=64
num_leaves=31
num_cat=0
split_feature=184 0 198 229 83 233 257 73 121 231 210 231 5 222 103 169 222 187 220 225 141 2 189 205 19 232 128 254 140 201
split_gain=626190 1.77956e+06 1.48964e+06 1.36452e+06 1.38526e+06 1.20952e+06 1.13718e+06 1.10198e+06 1.16073e+06 1.11991e+06 1.00357e+06 1.5129e+06 1.36227e+06 1.54054e+06 1.21875e+06 1.26466e+06 1.21617e+06 1.92509e+06 997591 1.53802e+06 1.55865e+06 1.06964e+06 1.03695e+06 1.07344e+06 1.20269e+06 1.01777e+06 1.36226e+06 1.19266e+06 1.10173e+06 990141
threshold=-629.74999999999989 4121.7500000000009 -867.24999999999989 381.30377197265631 2376.4631347656255 -694.24999999999989 356.02340698242193 -3207.9999999999995 -1867.7499999999998 -1423.9999999999998 462.25000000000006 -728.24999999999989 630.97421264648449 797.33575439453136 904.46777343750011 1710.2500000000002 644.34121704101574 619.95794677734386 -997.24999999999989 -687.24999999999989 -2465.4999999999995 -3716.7499999999995 -494.74999999999994 -2243.2499999999995 488.92694091796881 317.75000000000006 -3027.4999999999995 -67.749999999999986 -890.74999999999989 388.97795104980474
decision_type=2 2 2 2 2 2 2 2 2 2 2 2 2 2 2 2 2 2 2 2 2 2 2 2 2 2 2 2 2 2
left_child=1 2 18 5 6 -4 -5 -2 -9 -10 12 -12 13 -11 15 16 17 -14 19 20 -1 -22 23 24 -20 26 -25 28 -27 -7
right_child=7 -3 3 4 -6 29 -8 8 9 10 11 -13 14 -15 -16 -17 -18 -19 22 -21 21 -23 -24 25 -26 27 -28 -29 -30 -31
leaf_value=-6.7796578716587383 10.13975495191721 12.372440184316329 3.8831657965977993 11.110003653550761 -7.8289056930691006 0.15374104339908401 2.4308091906481724 -4.1681021640503877 -9.7751353295644137 -0.27718910981429262 14.21872870028019 0.43960933249873357 -2.7994882674386661 11.259662670924747 7.8948253089731395 -13.69817429035902 3.9499230472408997 -15.524927481923786 16.171707687377928 5.3125283198316673 10.337325441426245 0.41172955537320305 -6.3406059868452029 -8.7906033788408546 -0.59321386088495676 3.8407990120966504 -0.89570747510364002 9.1060135413618664 -3.7534777474403387 -5.1274852202293726
leaf_weight=74 26 31 210 39 32 1589 1169 179 30 13127 20 5034 197 29 22 32 49 35 20 179 29 424 82 56 23 109 2249 51 85 94
leaf_count=74 26 31 210 39 32 1589 1169 179 30 13127 20 5034 197 29 22 32 49 35 20 179 29 424 82 56 23 109 2249 51 85 94
internal_value=4.52741e-09 0.421154 0.364278 1.14975 2.43902 0.305217 2.71101 -0.146776 -0.161037 -0.122423 -0.106807 0.494137 -0.331933 -0.251758 -3.48054 -4.28009 -3.20756 -4.71927 -0.363575 1.30822 -0.0518765 1.04714 -0.804804 -0.629742 7.20442 -0.761848 -1.08751 2.30207 0.51341 -0.141229
internal_weight=25325 6545 6514 3133 1240 1893 1208 18780 18754 18575 18545 5054 13491 13156 335 313 281 232 3381 706 527 453 2675 2593 43 2550 2305 245 194 1683
internal_count=25325 6545 6514 3133 1240 1893 1208 18780 18754 18575 18545 5054 13491 13156 335 313 281 232 3381 706 527 453 2675 2593 43 2550 2305 245 194 1683
is_linear=0
shrinkage=0.05


Tree=65
num_leaves=31
num_cat=0
split_feature=246 163 226 225 254 225 250 75 77 101 239 240 170 133 234 218 242 13 91 5 202 5 232 254 204 192 99 254 103 226
split_gain=613814 1.07581e+06 932943 1.50078e+06 1.31335e+06 1.30415e+06 1.85392e+06 1.60679e+06 1.58719e+06 1.61594e+06 1.44478e+06 1.37508e+06 1.28206e+06 1.54055e+06 1.24158e+06 1.23993e+06 1.23349e+06 3.01204e+06 1.23092e+06 1.21688e+06 1.15686e+06 1.54339e+06 1.14605e+06 1.13988e+06 1.24425e+06 1.13446e+06 2.30806e+06 1.80496e+06 1.6702e+06 1.34012e+06
threshold=93.250000000000014 2091.7500000000005 -221.74999999999997 52.750000000000007 -617.24999999999989 370.75000000000006 495.36746215820318 644.34121704101574 -862.24999999999989 92.750000000000014 1060.2500000000002 -491.74999999999994 -2034.7499999999998 -2325.9999999999995 360.25000000000006 810.25000000000011 535.38751220703136 63.685771942138679 1362.0000000000002 1012.183807373047 -171.83733367919919 340.55300903320318 685.25000000000011 -50.249999999999993 718.75000000000011 2361.2500000000005 4056.2500000000005 -317.24999999999994 475.17919921875006 171.75000000000003
decision_type=2 2 2 2 2 2 2 2 2 2 2 2 2 2 2 2 2 2 2 2 2 2 2 2 2 2 2 2 2 2
left_child=1 -1 3 4 -2 6 16 18 9 10 14 15 -6 -14 -7 -10 -4 -18 -8 25 21 -19 -17 24 -16 29 27 -27 -29 -13
right_child=2 -3 5 -5 12 8 7 -9 11 -11 -12 19 13 -15 23 22 17 20 -20 -21 -22 -23 -24 -25 -26 26 -28 28 -30 -31
leaf_value=-0.26654656166015439 -10.765798257898403 -9.5948917442752482 -1.1617238149443443 2.1900028970358236 4.6297458218650585 3.6508222697564556 -6.3554665647054982 2.6577859898408254 -1.6378981137275694 16.600171484947207 13.32048576160201 1.259634587631721 -12.811602725153385 0.17673932432890932 0.34874330007591131 16.8408318344752 16.965473917552405 18.432525854110718 -18.783878760867648 -9.7359875779598966 0.006189744127749911 1.6809198368679394 4.279416761190995 5.4734617501252991 -7.23324294311029 18.09591453075409 -3.7059387679369951 -5.0214725211814599 13.314033757085387 -0.55952219929253377
leaf_weight=10394 27 31 2668 1360 163 377 76 36 40 20 28 1379 23 3091 163 30 28 20 27 32 1133 44 46 61 81 36 53 27 23 3808
leaf_count=10394 27 31 2668 1360 163 377 76 36 40 20 28 1379 23 3091 163 30 28 20 27 32 1133 44 46 61 81 36 53 27 23 3808
internal_value=-1.16056e-09 -0.294286 0.205901 0.792026 0.216588 -0.0611649 -0.761241 -6.43525 0.393817 2.5838 2.18897 0.101766 0.307074 0.0808074 1.73196 5.48761 -0.558649 0.754822 -9.6134 -0.0148367 0.375626 6.9158 9.23787 -0.63989 -2.16823 0.0435705 4.5013 9.55926 3.41286 -0.0758867
internal_weight=25325 10425 14900 4664 3304 10236 4032 139 6204 730 710 5474 3277 3114 682 116 3893 1225 103 5358 1197 64 76 305 244 5326 139 86 50 5187
internal_count=25325 10425 14900 4664 3304 10236 4032 139 6204 730 710 5474 3277 3114 682 116 3893 1225 103 5358 1197 64 76 305 244 5326 139 86 50 5187
is_linear=0
shrinkage=0.05


Tree=66
num_leaves=31
num_cat=0
split_feature=253 226 225 190 27 176 71 225 183 233 226 239 240 175 12 253 234 227 25 253 156 40 148 187 246 51 70 149 184 253
split_gain=591058 687080 2.11344e+06 1.09673e+06 2.26713e+06 1.2666e+06 1.25779e+06 1.07688e+06 1.57131e+06 1.09292e+06 1.03458e+06 1.10719e+06 1.27929e+06 1.84833e+06 1.68082e+06 1.21515e+06 1.07346e+06 1.11772e+06 1.08783e+06 992579 971517 1.19853e+06 1.16039e+06 1.8927e+06 1.02495e+06 963317 2.46151e+06 1.05325e+06 1.29761e+06 1.19709e+06
threshold=16.750000000000004 -398.74999999999994 -184.74999999999997 147.75000000000003 3832.134887695313 638.25000000000011 2302.7500000000005 804.75000000000011 2290.2500000000005 -219.74999999999997 -709.74999999999989 466.75000000000006 -741.24999999999989 172.75000000000003 374.30697631835943 81.750000000000014 -192.24999999999997 -292.24999999999994 -638.72500610351551 225.25000000000003 -1985.2499999999998 506.08625793457037 -1563.7499999999998 403.55502319335943 349.75000000000006 717.75000000000011 930.25000000000011 -1849.7499999999998 -649.74999999999989 56.750000000000007
decision_type=2 2 2 2 2 2 2 2 2 2 2 2 2 2 2 2 2 2 2 2 2 2 2 2 2 2 2 2 2 2
left_child=-1 2 3 4 5 6 -2 8 9 10 11 12 13 -4 -14 -16 17 -17 -18 -9 21 24 23 -22 -3 26 27 -12 29 -29
right_child=1 20 7 -5 -6 -7 -8 19 -10 -11 25 -13 14 -15 15 16 18 -19 -20 -21 22 -23 -24 -25 -26 -27 -28 28 -30 -31
leaf_value=-1.0015884374899942 0.053776469533576399 -3.9211259984970095 -10.277218279345284 -2.0862037146478749 16.541680612450556 9.8250960667928062 -12.215503504162744 1.2042171478271486 -10.456803234418233 -0.34406535866813592 -3.795608484899843 -4.0241578841034107 1.4174020644157164 6.6843725045522051 17.625631119075575 6.7534320917996498 11.293324147571218 18.393059762318931 -2.6775068897950023 16.286192484696709 -0.86715812506499113 -9.9564946535500614 -0.098973624783942171 19.426597700119018 6.7880692420467259 -0.95337370060957394 14.321243594623196 9.8540453617831307 0.85535695402386092 3.0930715684136079
leaf_weight=1392 3939 80 29 631 21 33 21 20 27 520 77 34 93 36 38 55 22 33 38 24 27 55 16683 20 31 286 41 83 626 310
leaf_count=1392 3939 80 29 631 21 33 21 20 27 520 77 34 93 36 38 55 22 33 38 24 27 55 16683 20 31 286 41 83 626 310
internal_value=-1.61461e-09 0.0582548 0.473375 -0.148437 0.156179 0.0700045 -0.0112879 1.68086 1.53564 1.67514 2.25815 4.5833 5.43404 -0.883106 6.90577 9.64995 7.60215 11.1183 2.44513 9.43075 -0.114638 -3.92089 -0.0768714 7.76848 -0.93027 1.6405 2.29296 1.843 2.26908 4.52096
internal_weight=25325 23933 7037 4645 4014 3993 3960 2392 2348 2321 1801 378 344 65 279 186 148 88 60 44 16896 166 16730 47 111 1423 1137 1096 1019 393
internal_count=25325 23933 7037 4645 4014 3993 3960 2392 2348 2321 1801 378 344 65 279 186 148 88 60 44 16896 166 16730 47 111 1423 1137 1096 1019 393
is_linear=0
shrinkage=0.05


Tree=67
num_leaves=31
num_cat=0
split_feature=61 33 27 119 121 127 229 54 229 183 137 12 56 163 66 47 43 181 226 113 29 205 29 230 159 211 219 103 176 225
split_gain=568898 2.22881e+06 2.08592e+06 2.82228e+06 4.82324e+06 1.55748e+06 1.44667e+06 2.72128e+06 1.7738e+06 1.45838e+06 2.18141e+06 2.38533e+06 1.44714e+06 1.3846e+06 2.03651e+06 1.37071e+06 1.6463e+06 1.32656e+06 1.76752e+06 2.09784e+06 1.69025e+06 1.31249e+06 1.27974e+06 1.27856e+06 1.21761e+06 1.2036e+06 1.29562e+06 1.54443e+06 1.16076e+06 1.15456e+06
threshold=486.04968261718756 534.11987304687511 -454.45561218261713 -451.24999999999994 -430.74999999999994 173.75000000000003 719.73504638671886 537.77215576171886 601.57815551757824 1887.2500000000002 2258.539916992188 502.09635925292974 -39.249999999999993 -462.74999999999994 1471.5000000000002 502.09635925292974 1610.7500000000002 -512.11224365234364 -1019.7499999999999 -2205.2499999999995 -2157.2499999999995 -400.74999999999994 155.25000000000003 334.86456298828131 432.58641052246099 -1814.7499999999998 -1168.7499999999998 506.08625793457037 1200.7500000000002 849.50000000000011
decision_type=2 2 2 2 2 2 2 2 2 2 2 2 2 2 2 2 2 2 2 2 2 2 2 2 2 2 2 2 2 2
left_child=15 2 3 17 -5 -6 8 -8 9 10 12 13 23 -12 -15 -1 24 18 19 -2 -21 -10 -14 -4 -17 -3 27 -27 -24 -28
right_child=1 25 6 4 5 -7 7 -9 21 -11 11 -13 22 14 -16 16 -18 -19 -20 20 -22 -23 28 -25 -26 26 29 -29 -30 -31
leaf_value=-0.070175300914448832 -4.8182315914527232 -11.693148322727369 2.0481217497273496 29.635747563397445 -2.6020812467166357 9.7189598207672443 -1.4314682846069338 23.313003058433534 -12.792118583321573 -10.152495642061588 13.325942238894378 14.916772981758776 -9.105304787293921 -5.9052468860358527 11.720872240481171 -1.3781590217038207 5.8094271072974575 13.799049195376311 -1.6085640334162883 23.774052702296867 5.1038079385404238 -1.4085862436156342 -2.1016840324561166 15.281176438331606 -12.854220058958411 13.393138614777596 -1.2794276522328536 1.6395941459586922 6.7221189061800644 1.3916482309430616
leaf_weight=21341 23 23 209 27 35 96 25 20 40 27 22 58 53 57 23 38 26 22 183 22 27 69 217 20 59 31 1669 284 45 534
leaf_count=21341 23 23 209 27 35 96 25 20 40 27 22 58 53 57 23 38 26 22 183 22 27 69 217 20 59 31 1669 284 45 534
internal_value=2.70544e-09 0.55875 2.22551 5.06054 10.3931 6.42708 0.832015 9.56607 0.364119 1.25135 1.68871 6.82078 0.179283 2.21717 -0.837738 -0.100509 -5.36361 2.01886 1.00253 7.63906 13.4864 -5.58603 -2.01953 3.20385 -8.35844 -0.307098 -0.203095 2.79629 -0.586145 -0.631968
internal_weight=25325 3861 1320 435 158 131 885 45 840 731 704 160 544 102 80 21464 123 277 255 72 49 109 315 229 97 2541 2518 315 262 2203
internal_count=25325 3861 1320 435 158 131 885 45 840 731 704 160 544 102 80 21464 123 277 255 72 49 109 315 229 97 2541 2518 315 262 2203
is_linear=0
shrinkage=0.05


Tree=68
num_leaves=31
num_cat=0
split_feature=53 12 96 74 125 215 166 245 145 180 254 20 14 204 7 24 61 40 237 72 61 232 248 180 103 180 135 169 218 28
split_gain=563365 1.45832e+06 2.90576e+06 1.22227e+06 1.90866e+06 1.28412e+06 2.09191e+06 1.16745e+06 1.07757e+06 1.1032e+06 1.07016e+06 1.06728e+06 2.13128e+06 1.93202e+06 1.8876e+06 1.65676e+06 1.63358e+06 2.63083e+06 1.82932e+06 2.55003e+06 2.22307e+06 1.81922e+06 1.51808e+06 1.2107e+06 1.31684e+06 1.20823e+06 1.43304e+06 1.18964e+06 1.27103e+06 1.43982e+06
threshold=966.73248291015636 171.15287780761722 174.36653900146487 -551.21002197265614 1520.5874633789065 407.99995422363287 387.65052795410162 308.25000000000006 400.92395019531256 366.29190063476568 -52.249999999999993 592.14559936523449 -512.74999999999989 -470.24999999999994 892.75000000000011 -2553.9999999999995 375.51933288574224 364.18838500976568 580.33462524414074 302.75000000000006 439.23020935058599 927.25000000000011 -374.74999999999994 679.19335937500011 594.14135742187511 316.93814086914068 -417.24999999999994 -598.24999999999989 -649.24999999999989 307.25000000000006
decision_type=2 2 2 2 2 2 2 2 2 2 2 2 2 2 2 2 2 2 2 2 2 2 2 2 2 2 2 2 2 2
left_child=3 2 -2 4 -1 6 8 -7 -5 -10 -9 12 13 -3 27 -15 25 -18 19 22 -20 -22 -19 24 -24 26 -14 28 -13 -30
right_child=1 11 -4 5 -6 7 -8 10 9 -11 -12 14 16 15 -16 -17 17 18 20 -21 21 -23 23 -25 -26 -27 -28 -29 29 -31
leaf_value=0.20679891776214629 -0.20768942969185966 -7.3446967486038943 23.68320592403412 -0.48857357246352512 11.742256943384808 -2.3695268773925409 2.2622622494576894 -0.41497572848640119 0.63269953026491055 -11.139117284119131 7.0686719005390746 -5.060884203229632 15.119010849793753 14.430292675495147 0.52684640731156829 -0.4006892695560218 18.309693157311642 15.590806580411977 0.92225947345004367 -4.1503649536622778 27.755076930833901 8.0765580256779987 3.4214438408024233 -7.1598510806759199 15.037887709229082 -1.6203340737184804 1.9351613418798743 -1.9845555174222202 1.6114386874144195 14.707036695629359
leaf_weight=9161 35 103 20 6195 36 1458 731 251 34 48 59 35 24 20 4398 322 33 29 34 109 23 24 253 24 27 261 146 1339 61 32
leaf_count=9161 35 103 20 6195 36 1458 731 251 34 48 59 35 24 20 4398 322 33 29 34 109 23 24 253 24 27 261 146 1339 61 32
internal_value=-1.31037e-09 0.368721 8.47991 -0.150828 0.251952 -0.572931 -0.269145 -1.77708 -0.563944 -6.25812 1.00933 0.307584 1.53135 -1.34139 0.00878818 0.46662 2.82656 4.61751 3.75357 2.48768 10.6612 17.7065 4.6605 3.6178 4.5416 0.516201 3.79641 -1.54433 3.06087 6.11745
internal_weight=25325 7352 55 17973 9197 8776 7008 1768 6277 82 310 7297 1432 445 5865 342 987 556 523 442 81 47 333 304 280 431 170 1467 128 93
internal_count=25325 7352 55 17973 9197 8776 7008 1768 6277 82 310 7297 1432 445 5865 342 987 556 523 442 81 47 333 304 280 431 170 1467 128 93
is_linear=0
shrinkage=0.05


Tree=69
num_leaves=31
num_cat=0
split_feature=156 155 231 176 141 91 237 251 114 72 128 37 30 54 16 201 225 54 190 190 87 163 40 191 100 64 172 180 239 225
split_gain=545258 1.27125e+06 1.13727e+06 1.3628e+06 1.02024e+06 1.57998e+06 1.21563e+06 1.07589e+06 1.22923e+06 1.0199e+06 840780 907349 1.19497e+06 968374 871908 894216 854451 862641 1.87252e+06 1.85772e+06 1.60394e+06 2.94921e+06 1.49678e+06 1.2694e+06 2.39465e+06 1.49696e+06 1.45686e+06 2.01894e+06 1.38306e+06 1.94241e+06
threshold=-3400.4999999999995 -2836.7499999999995 -1241.9999999999998 -2438.2499999999995 -2465.4999999999995 -3667.4999999999995 -1512.4945678710935 -1572.2453613281248 -2321.7499999999995 -2485.7499999999995 -1972.2499999999998 -1033.7499999999998 -869.74999999999989 679.19335937500011 -3389.4999999999995 609.70101928710949 -1547.7499999999998 470.23809814453131 -588.74999999999989 -618.99999999999989 -1920.7499999999998 -1532.2499999999998 529.70809936523449 270.25000000000006 -967.74999999999989 1371.7500000000002 2049.9450683593755 436.65725708007818 41.750000000000007 242.25000000000003
decision_type=2 2 2 2 2 2 2 2 2 2 2 2 2 2 2 2 2 2 2 2 2 2 2 2 2 2 2 2 2 2
left_child=1 2 -1 -4 9 6 -6 8 -7 -2 11 14 -13 -14 -9 -16 -12 -18 19 20 21 -19 23 25 -25 26 -20 -28 29 -26
right_child=4 -3 3 -5 5 7 -8 10 -10 -11 16 12 13 -15 15 -17 17 18 22 -21 -22 -23 -24 24 28 -27 27 -29 -30 -31
leaf_value=-6.4922706574201587 -7.0630607140961521 14.619057733104341 15.201904269627162 -1.9234393307795892 0.99232632160186773 1.4361297115366511 18.216510180064613 -5.6925206478731134 15.344036984443665 4.3126572074890133 -9.2120073146820065 -16.540722975730898 -1.343569903466308 -12.899811675331812 -0.75409420759346013 6.2368860381841662 -0.096236895472729969 0.15532009807126276 0.72336034207742239 17.414031978275467 1.8703888616927431 23.589571411132813 -0.5737582985044094 17.601568619958286 1.4419921940770644 -3.9805417019587299 -4.5146396546136769 14.133149861274882 1.6937017181303382 20.460158222198487
leaf_weight=32 93 21 21 26 20 47 21 81 24 25 25 20 103 22 537 50 20179 29 732 23 437 25 2046 29 29 156 21 47 379 25
leaf_count=32 93 21 21 26 20 47 21 81 24 25 25 20 103 22 537 50 20179 29 732 23 437 25 2046 29 29 156 21 47 379 25
internal_value=-1.70599e-09 3.68478 0.778201 5.72831 -0.0146077 0.00719202 9.81447 -0.00884956 6.13739 -4.65295 -0.0263084 -1.60787 -5.19309 -3.37747 -0.829638 -0.15861 0.0268637 0.036425 0.709372 3.52554 2.87496 11.0045 0.2915 1.53996 3.69195 0.499985 1.37369 8.37427 2.76036 10.2467
internal_weight=25325 100 79 47 25225 25107 41 25066 71 118 24995 813 145 125 668 587 24182 24157 3978 514 491 54 3464 1418 462 956 800 68 433 54
internal_count=25325 100 79 47 25225 25107 41 25066 71 118 24995 813 145 125 668 587 24182 24157 3978 514 491 54 3464 1418 462 956 800 68 433 54
is_linear=0
shrinkage=0.05


Tree=70
num_leaves=31
num_cat=0
split_feature=246 163 177 196 176 206 143 176 72 43 256 213 190 122 99 167 220 224 250 89 148 103 124 111 248 252 29 86 45 0
split_gain=543615 963304 852637 1.81831e+06 1.14753e+06 1.17557e+06 1.1728e+06 1.11187e+06 1.05639e+06 1.31463e+06 1.25506e+06 1.132e+06 1.11423e+06 1.02271e+06 1.14571e+06 977639 947959 1.02459e+06 864669 1.24964e+06 1.08995e+06 926172 1.34701e+06 854737 849766 845736 1.6453e+06 841800 832958 1.02202e+06
threshold=93.250000000000014 2091.7500000000005 -469.74999999999994 -779.74999999999989 -52.249999999999993 -864.74999999999989 279.25000000000006 -967.74999999999989 -1845.2499999999998 -2226.9999999999995 -2408.6850585937495 -669.74999999999989 -122.74999999999999 -1839.2499999999998 -1083.2499999999998 -1708.0409545898435 -90.249999999999986 -260.74999999999994 644.34121704101574 502.09635925292974 -698.49999999999989 661.46316528320324 797.33575439453136 -1996.4902343749998 -778.99999999999989 -269.74999999999994 -794.74999999999989 -2498.9999999999995 -4184.9999999999991 -4842.9999999999991
decision_type=2 2 2 2 2 2 2 2 2 2 2 2 2 2 2 2 2 2 2 2 2 2 2 2 2 2 2 2 2 2
left_child=1 2 3 4 5 6 16 25 9 11 12 -9 -10 -7 27 -11 17 -1 20 -20 -4 -21 -23 -17 -22 26 -5 -15 29 -2
right_child=28 -3 18 7 -6 13 -8 8 10 15 -12 -13 -14 14 -16 23 -18 -19 19 21 24 22 -24 -25 -26 -27 -28 -29 -30 -31
leaf_value=-0.34760229398935572 0.23994595686594647 -9.0777881089718111 -6.3155148802714987 19.94260872999827 9.8733075102170318 -7.740518343719569 10.86636823018392 12.831834397532724 13.299484133109068 -12.367125326395035 0.97305679493569375 -0.31560429725795985 -0.98590033849080416 10.207559110807336 -3.4022528535592453 4.8143754395842553 -10.582340908050538 9.904889019012451 15.166938670873643 -6.5409243235221286 -9.6625467621363139 15.171212911605835 -1.4722921294550744 -4.5418971868416733 -0.60247023941083744 2.5701579624956308 2.2445268203472271 0.011842008973278945 0.17122315045816405 14.082980513572693
leaf_weight=965 30 31 86 24 24 88 24 22 39 32 2267 64 21 23 436 30 22 25 20 26 26 20 31 131 5640 110 29 169 14846 24
leaf_count=965 30 31 86 24 24 88 24 22 39 32 2267 64 21 23 436 30 22 25 20 26 26 20 31 131 5640 110 29 169 14846 24
internal_value=3.68778e-09 -0.276947 -0.250698 0.263031 -0.985724 -1.13448 -0.0577535 1.06397 0.813389 -2.09392 1.16197 3.04769 8.2996 -2.69242 -1.98504 -4.385 -0.316824 -0.088701 -0.649895 4.03153 -0.728841 1.13921 5.05457 -2.79849 -0.644045 5.07013 10.2588 1.2332 0.19377 6.39241
internal_weight=25325 10425 10394 4545 1776 1752 1036 2769 2606 279 2327 86 60 716 628 193 1012 990 5849 97 5752 77 51 161 5666 163 53 192 14900 54
internal_count=25325 10425 10394 4545 1776 1752 1036 2769 2606 279 2327 86 60 716 628 193 1012 990 5849 97 5752 77 51 161 5666 163 53 192 14900 54
is_linear=0
shrinkage=0.05


Tree=71
num_leaves=31
num_cat=0
split_feature=212 239 253 211 257 65 240 84 180 58 247 253 232 142 128 233 100 119 36 71 0 212 218 134 237 93 87 28 139 235
split_gain=532897 1.25217e+06 1.13971e+06 1.04785e+06 949487 882542 1.72229e+06 1.09355e+06 1.71341e+06 1.55492e+06 909674 1.14689e+06 1.10374e+06 825441 1.25343e+06 997499 1.49503e+06 1.05893e+06 1.24028e+06 1.09038e+06 1.05353e+06 940211 924034 1.33868e+06 951005 900587 1.562e+06 1.4569e+06 1.36731e+06 1.29452e+06
threshold=2136.2500000000005 1231.7500000000002 1319.2500000000002 2733.7500000000005 797.33575439453136 4483.7500000000009 -364.24999999999994 3539.0000000000005 405.03033447265631 3584.0000000000005 -248.24999999999997 220.25000000000003 580.25000000000011 1667.0000000000002 1715.2500000000002 837.00000000000011 1308.2500000000002 2130.7500000000005 2548.0000000000005 2092.0000000000005 2381.0000000000005 965.50000000000011 867.75000000000011 2065.2500000000005 1181.9653930664065 1329.7500000000002 1369.7500000000002 1228.2500000000002 917.67678833007824 52.742500305175788
decision_type=2 2 2 2 2 2 2 2 2 2 2 2 2 2 2 2 2 2 2 2 2 2 2 2 2 2 2 2 2 2
left_child=2 -2 3 5 -3 7 -7 9 -9 13 12 -12 -10 25 22 16 -16 18 21 -19 -17 -18 23 -15 -24 26 -1 -27 -28 -29
right_child=1 4 -4 -5 -6 6 -8 8 10 -11 11 -13 -14 14 15 20 17 19 -20 -21 -22 -23 24 -25 -26 27 28 29 -30 -31
leaf_value=-0.028017749414756279 -7.1536331200599683 3.0423216062657379 -8.4468094110488892 -11.440371532440187 15.628061953457919 17.609875483739945 0.1408453908077506 -17.072488294948233 -1.9210669514536858 9.9963821299565154 11.462648682367234 -2.1436378610336173 -16.306870770454406 6.4508775461803785 -7.9955827865845128 2.7589532200992108 -0.12918298987619159 8.1729015982151036 14.461893127903796 -0.77139395024465474 -12.056104816198349 11.902187876267867 18.540963554382326 -8.654881009188566 6.204410426733924 -4.3662193265426845 8.769813332074806 10.805959288597109 1.6516578991014463 -0.69318812539553187
leaf_weight=22259 20 47 40 20 22 21 43 22 40 39 21 59 20 44 39 20 62 40 33 230 30 22 21 22 61 297 79 25 462 1165
leaf_count=22259 20 47 40 20 22 21 43 22 40 39 21 59 20 44 39 20 62 40 33 230 30 22 21 22 61 297 79 25 462 1165
internal_value=1.72361e-10 3.86218 -0.0136208 -0.000232634 7.05517 0.0088555 5.87287 -0.00608943 -4.10083 0.0204976 -2.06242 1.42801 -6.71633 0.00487966 1.80049 0.550935 1.33509 2.27539 6.24856 0.553687 -6.13008 3.02189 5.81933 1.41562 9.36377 -0.0412545 0.0365015 -1.23348 2.69109 -0.451609
internal_weight=25325 89 25236 25196 69 25176 64 25112 162 24950 140 80 60 24911 624 476 426 387 117 270 50 84 148 66 82 24287 22800 1487 541 1190
internal_count=25325 89 25236 25196 69 25176 64 25112 162 24950 140 80 60 24911 624 476 426 387 117 270 50 84 148 66 82 24287 22800 1487 541 1190
is_linear=0
shrinkage=0.05


Tree=72
num_leaves=31
num_cat=0
split_feature=173 247 45 218 247 253 226 225 51 9 125 156 141 240 176 120 20 44 43 21 219 190 177 175 211 196 233 254 117 54
split_gain=517289 589475 1.2589e+06 935216 1.13689e+06 1.02705e+06 771257 1.76501e+06 1.61921e+06 1.77787e+06 1.48342e+06 1.27614e+06 1.24965e+06 1.26032e+06 1.0775e+06 1.81713e+06 1.58161e+06 1.04004e+06 1.10657e+06 1.01985e+06 2.04101e+06 959995 1.02633e+06 947064 1.13966e+06 919280 2.17451e+06 1.09044e+06 993186 1.17861e+06
threshold=194.41970062255862 -266.24999999999994 -4184.9999999999991 2548.2500000000005 639.00000000000011 1319.2500000000002 -398.74999999999994 -147.24999999999997 1005.2500000000001 2191.7500000000005 1229.771667480469 -1985.2499999999998 -1555.9999999999998 -682.74999999999989 21.250000000000004 311.25000000000006 -246.78730773925778 -1948.9999999999998 -1462.9999999999998 -1552.7499999999998 -390.74999999999994 111.75000000000001 -793.74999999999989 -62.249999999999993 721.25000000000011 -2448.2499999999995 -2024.9999999999998 -572.24999999999989 719.73504638671886 480.24928283691412
decision_type=2 2 2 2 2 2 2 2 2 2 2 2 2 2 2 2 2 2 2 2 2 2 2 2 2 2 2 2 2 2
left_child=-1 6 -3 5 -5 -4 7 23 10 -10 -9 -8 -13 14 -14 16 -16 18 -15 20 -19 -21 -23 25 -25 -2 27 -27 29 -28
right_child=1 2 3 4 -6 -7 11 8 9 -11 -12 12 13 17 15 -17 -18 19 -20 21 -22 22 -24 24 -26 26 28 -29 -30 -31
leaf_value=-0.84240948179802477 -5.4172501953024614 9.5752680672539618 0.2108606140629454 0.75038864169801989 14.879539415240288 -8.0191148921063071 -8.1586131843469918 2.6680113105023238 -5.8212599715737054 3.5028594382784584 16.137696023214431 9.7784841145787933 -3.7366227794576576 -3.0141143565680704 3.4879362951625477 1.6755742675939183 22.240062463801841 17.329191415960139 -13.409249444161691 -2.4753317368971679 0.60732613107032873 10.049580911968066 -0.57952010596205039 -2.4563747152984146 9.3782054957889383 19.851286172866821 -0.38000102028204485 3.8878654023875363 -5.7731717468941053 2.3216346424385903
leaf_weight=1700 76 36 15700 35 24 38 59 767 122 88 21 28 54 147 22 157 23 22 31 855 107 23 1807 650 21 20 2096 23 73 500
leaf_count=1700 76 36 15700 35 24 38 59 767 122 88 21 28 54 147 22 157 23 22 31 855 107 23 1807 650 21 20 2096 23 73 500
internal_value=-1.1949e-09 0.0606178 0.235828 0.214544 6.49784 0.190989 -0.295402 0.134898 1.98729 -1.91401 3.02697 -0.870469 -0.739211 -0.829881 2.53728 4.21446 13.0724 -1.11798 -4.8245 -0.883523 3.45912 -1.09216 -0.44593 -0.399558 -2.08599 0.00632326 0.158311 11.3127 -0.0213962 0.140345
internal_weight=25325 23625 15833 15797 59 15738 7792 4457 998 210 788 3335 3276 3248 256 202 45 2992 178 2814 129 2685 1830 3459 671 2788 2712 43 2669 2596
internal_count=25325 23625 15833 15797 59 15738 7792 4457 998 210 788 3335 3276 3248 256 202 45 2992 178 2814 129 2685 1830 3459 671 2788 2712 43 2669 2596
is_linear=0
shrinkage=0.05


Tree=73
num_leaves=31
num_cat=0
split_feature=198 129 43 87 82 241 239 93 3 169 65 54 215 33 102 253 227 193 82 110 84 8 162 254 0 90 94 206 238 163
split_gain=500416 1.21883e+06 1.23053e+06 779354 916196 1.09597e+06 872922 771355 1.29444e+06 1.35164e+06 759877 1.05478e+06 1.82087e+06 1.21713e+06 1.20077e+06 883711 935947 810339 1.37472e+06 875534 794768 1.01386e+06 1.09062e+06 930955 793320 771308 752258 1.30042e+06 1.19402e+06 1.04846e+06
threshold=1192.7500000000002 4030.0000000000005 5080.0000000000009 3077.7500000000005 324.90046691894537 395.25000000000006 1578.5000000000002 488.25000000000006 -711.74999999999989 2018.2500000000002 477.75000000000006 547.78625488281261 495.36746215820318 569.17248535156261 4967.5925292968759 225.25000000000003 199.75000000000003 2394.7575683593755 719.73504638671886 587.72634887695324 1590.2500000000002 1415.2500000000002 1876.2500000000002 -313.24999999999994 2514.0000000000005 1337.1341552734377 2619.7500000000005 1168.5000000000002 -234.24999999999997 2091.7500000000005
decision_type=2 2 2 2 2 2 2 2 2 2 2 2 2 2 2 2 2 2 2 2 2 2 2 2 2 2 2 2 2 2
left_child=1 2 3 6 -5 -6 26 8 -2 -10 -9 12 14 -13 15 -12 -17 -15 19 -19 25 -22 -23 -24 -25 -18 29 28 -28 -1
right_child=7 -3 -4 4 5 -7 -8 10 9 -11 11 13 -14 17 -16 16 20 18 -20 -21 21 22 23 24 -26 -27 27 -29 -30 -31
leaf_value=-0.039267611941337564 -3.8921173254648842 -12.37933069229126 9.9243062173166585 -13.748855180740357 0.23772659500439963 -12.702132349014283 8.9622579344996698 -6.5881533854348326 4.5453889320767118 19.192803737095424 -2.3630519026601817 15.404791066439257 -5.7607593397118828 11.630160894848053 13.394447412490846 12.894928907155993 2.8854868564199894 -1.4020167008690212 -6.5239794530366595 11.564397687911988 -8.919136236332081 9.5221833481508149 8.2414165000915531 2.7048727255397376 -5.8785314379343347 14.6089918422699 12.540612192153931 15.178510892958869 -1.037726935253424 -7.853714236339858
leaf_weight=24107 30 20 31 20 90 20 27 35 63 21 142 23 110 21 20 20 47 23 38 30 27 34 25 45 67 20 20 21 85 43
leaf_count=24107 30 20 31 20 90 20 27 35 63 21 142 23 110 21 20 20 47 23 38 30 27 34 25 45 67 20 20 21 85 43
internal_value=4.62853e-10 -0.0411925 -0.0311057 -0.0437369 -3.9048 -2.11498 -0.0230835 1.19923 5.0232 8.20724 0.599603 0.963146 0.00211666 4.92828 1.42027 0.859423 2.46501 2.77685 0.733784 5.93746 1.67784 0.0850032 1.50671 -0.482532 -2.42984 6.38504 -0.0330771 3.82027 1.54862 -0.0531815
internal_weight=25325 24484 24464 24433 130 110 24303 841 114 84 727 692 557 135 447 427 285 112 91 53 265 198 171 137 112 67 24276 126 105 24150
internal_count=25325 24484 24464 24433 130 110 24303 841 114 84 727 692 557 135 447 427 285 112 91 53 265 198 171 137 112 67 24276 126 105 24150
is_linear=0
shrinkage=0.05


Tree=74
num_leaves=31
num_cat=0
split_feature=156 155 225 141 115 66 223 114 96 126 145 100 175 232 226 136 11 103 239 204 247 245 134 79 133 147 18 43 253 25
split_gain=492788 1.09387e+06 1.04957e+06 924316 1.38234e+06 940008 744825 1.09099e+06 1.00353e+06 895079 1.31337e+06 1.1785e+06 1.49616e+06 1.15573e+06 1.71019e+06 1.76736e+06 1.08699e+06 1.35828e+06 994956 1.49523e+06 990832 986332 965156 1.30188e+06 1.07577e+06 956818 933189 884561 852614 816958
threshold=-3400.4999999999995 -2836.7499999999995 -687.24999999999989 -2465.4999999999995 -3365.7499999999995 -3306.9999999999995 -1846.5096435546873 -2321.7499999999995 423.30709838867193 -1547.7499999999998 408.16519165039068 -1924.2499999999998 -130.74999999999997 184.25000000000003 -132.74999999999997 -1166.4999999999998 433.74250793457037 418.34155273437506 290.25000000000006 776.75000000000011 -324.24999999999994 -439.24999999999994 -826.24999999999989 -2243.7499999999995 -1444.4999999999998 -1372.2499999999998 1533.2025146484377 -1372.7499999999998 327.75000000000006 -5694.5676269531241
decision_type=2 2 2 2 2 2 2 2 2 2 2 2 2 2 2 2 2 2 2 2 2 2 2 2 2 2 2 2 2 2
left_child=1 2 -1 5 -5 -2 7 -6 -9 10 16 12 13 22 15 -15 17 -8 21 -20 -14 26 24 -24 27 28 -12 -11 -23 -13
right_child=3 -3 -4 4 6 -7 9 8 -10 11 18 29 20 14 -16 -17 -18 -19 19 -21 -22 25 23 -25 -26 -27 -28 -29 -30 -31
leaf_value=-4.2026769945356586 -10.780286784049792 13.645776731911162 7.437047571995679 13.146684372499585 0.71758493714862404 -1.2932397284085237 0.18298415446812025 2.7222647398710254 18.561510093212128 -0.18736426162719727 -2.8666861136963497 5.0743763344197337 -12.403530828519301 27.123610191345218 3.3658428131587921 6.3553578862122135 -10.926087810595831 12.563963500313138 2.2984769841579542 -10.131420910358429 -0.078220647100418331 -6.770330607477641 12.719246700268039 0.26994017078762961 -3.01558795273304 -2.3381783733996313 7.2488170061508814 13.732438605172295 -17.67435386657715 -0.018871104447722144
leaf_weight=45 39 21 34 20 90 79 601 20 20 25 95 79 22 20 63 21 21 23 146 29 63 173 42 42 104 129 30 21 20 23188
leaf_count=45 39 21 34 20 90 79 601 20 20 25 95 79 22 20 63 21 21 23 146 29 63 173 42 42 104 129 30 21 20 23188
internal_value=1.84079e-09 3.503 0.806825 -0.013887 0.0068625 -4.42879 -0.00361291 3.77122 10.6419 -0.0232758 -1.31806 0.0459726 2.66146 4.15268 8.5383 16.4862 0.262786 0.639334 -2.95737 0.238665 -3.2683 -4.20861 2.20351 6.49459 -0.199494 -5.67199 -0.438965 6.16733 -7.90028 -0.00157766
internal_weight=25325 100 79 25225 25107 118 25087 130 40 24957 1267 23690 423 338 104 41 645 624 622 175 85 447 234 84 150 322 125 46 193 23267
internal_count=25325 100 79 25225 25107 118 25087 130 40 24957 1267 23690 423 338 104 41 645 624 622 175 85 447 234 84 150 322 125 46 193 23267
is_linear=0
shrinkage=0.05


Tree=75
num_leaves=31
num_cat=0
split_feature=253 9 51 82 198 79 226 225 190 27 176 59 225 183 233 190 196 51 84 217 240 238 7 123 128 212 205 185 225 229
split_gain=491809 611593 1.03586e+06 1.16381e+06 672862 1.3659e+06 580192 1.7391e+06 925514 1.89598e+06 1.15797e+06 1.16674e+06 920430 1.39675e+06 950495 918398 1.28969e+06 1.19544e+06 1.70778e+06 1.02765e+06 1.19767e+06 2.24223e+06 1.11792e+06 1.67379e+06 1.15577e+06 1.06708e+06 995319 1.29007e+06 970362 1.24873e+06
threshold=16.750000000000004 1827.7500000000002 587.75000000000011 331.62265014648443 -218.74999999999997 -1438.7499999999998 -398.74999999999994 -184.74999999999997 147.75000000000003 3832.134887695313 638.25000000000011 2091.7500000000005 804.75000000000011 2290.2500000000005 -219.74999999999997 1375.7500000000002 1424.5000000000002 756.25000000000011 1388.7500000000002 -646.74999999999989 -621.74999999999989 -362.24999999999994 764.25000000000011 2261.2600097656255 -821.49999999999989 -1335.2499999999998 -725.24999999999989 -967.24999999999989 44.250000000000007 426.64576721191412
decision_type=2 2 2 2 2 2 2 2 2 2 2 2 2 2 2 2 2 2 2 2 2 2 2 2 2 2 2 2 2 2
left_child=1 2 4 -4 -1 -6 7 8 9 10 11 -2 13 14 15 17 -17 18 19 20 -9 -22 23 26 -24 -23 -21 -28 29 -27
right_child=6 -3 3 -5 5 -7 -8 12 -10 -11 -12 -13 -14 -15 -16 16 -18 -19 -20 22 21 25 24 -25 -26 28 27 -29 -30 -31
leaf_value=-1.4916689658357887 0.064949087991419227 4.6321192661921184 -1.5242498428821565 -10.243362818610285 13.126127117330379 0.33203847558900867 -0.10573713797187366 -3.4261934465832184 -1.9095490093016776 15.13473321369716 9.3989557844219789 -10.364463498857287 8.6948052352124989 -9.9110362150050975 -0.3558376009647663 16.096915573543974 -0.65498243093490605 -0.77104595084169392 16.040515489163607 -1.6052186715815748 19.134408470789591 -3.1878543913364412 14.274664629201096 -12.358029394564422 3.4602050721219606 7.1568714318068132 13.868752006344174 1.8282213033667993 12.98948480129242 -3.827200205458535
leaf_weight=757 3933 48 100 62 22 403 16896 36 631 21 33 27 44 27 520 27 20 341 23 224 30 37 30 23 140 92 23 679 40 36
leaf_count=757 3933 48 100 62 22 403 16896 36 631 21 33 27 44 27 520 27 20 341 23 224 30 37 30 23 140 92 23 679 40 36
internal_value=-1.41199e-09 -0.913634 -1.1117 -4.86119 -0.597806 0.994321 0.0531391 0.434605 -0.129457 0.150373 0.0715677 -0.00616054 1.52995 1.39568 1.52722 2.07091 8.96845 1.88608 2.52733 2.30373 5.06631 6.36729 1.63468 0.965795 5.36864 4.49894 1.29673 2.22271 6.19186 4.0676
internal_weight=25325 1392 1344 162 1182 425 23933 7037 4645 4014 3993 3960 2392 2348 2321 1801 47 1754 1413 1390 271 235 1119 949 170 205 926 702 168 128
internal_count=25325 1392 1344 162 1182 425 23933 7037 4645 4014 3993 3960 2392 2348 2321 1801 47 1754 1413 1390 271 235 1119 949 170 205 926 702 168 128
is_linear=0
shrinkage=0.05


Tree=76
num_leaves=31
num_cat=0
split_feature=73 51 180 91 105 78 11 134 216 191 152 169 132 155 65 51 106 80 86 162 37 1 21 4 189 164 4 169 173 234
split_gain=487544 2.2809e+06 2.96007e+06 1.35299e+06 1.34426e+06 1.41199e+06 1.13706e+06 1.08028e+06 1.2423e+06 2.05117e+06 1.53069e+06 1.3469e+06 1.31363e+06 1.59133e+06 1.24825e+06 1.37138e+06 1.19072e+06 1.30798e+06 1.13484e+06 1.12538e+06 1.0754e+06 1.19211e+06 1.16522e+06 1.11246e+06 1.05152e+06 1.05029e+06 1.79472e+06 1.11988e+06 1.38977e+06 1.19e+06
threshold=738.75000000000011 288.25000000000006 284.97293090820318 1143.7500000000002 1722.2500000000002 1442.2500000000002 -2850.847534179687 -932.24999999999989 -146.9239807128906 -1506.7499999999998 644.34121704101574 -532.74999999999989 838.26034545898449 1465.7500000000002 685.25000000000011 602.25000000000011 1901.7500000000002 940.75000000000011 1235.2500000000002 -169.74999999999997 650.25000000000011 479.25000000000006 1068.2500000000002 397.81500244140631 -175.74999999999997 1853.7500000000002 2085.1374511718755 1710.2500000000002 453.93629455566412 1238.2500000000002
decision_type=2 2 2 2 2 2 2 2 2 2 2 2 2 2 2 2 2 2 2 2 2 2 2 2 2 2 2 2 2 2
left_child=3 2 -2 25 5 -4 -3 -8 19 10 -10 -11 13 18 24 16 17 -16 20 -9 22 23 -13 -22 -14 27 -27 29 -29 -1
right_child=1 6 4 -5 -6 -7 7 8 9 11 -12 12 14 -15 15 -17 -18 -19 -20 -21 21 -23 -24 -25 -26 26 -28 28 -30 -31
leaf_value=-0.10346991650205095 22.870094518661503 -10.720013707379501 2.5530850151540401 -5.8416150552555202 -7.8442224630942725 11.527290448775659 10.354598111372729 -2.0940891597270967 2.1579216090115634 -7.9203247420928058 21.270197668075564 0.17472914321856067 4.937501623971122 14.888706037272579 12.643384954664443 -0.051379968331495607 16.030486892518542 0.010914635623202605 13.079770104090372 -12.997778489512783 2.6836918258666991 2.2165674798904127 -11.369768302336984 19.160749835059757 -4.2775518611295906 -2.8208983812853696 18.107453723180864 2.8968305949653903 -10.967269443180047 10.032859640285887
leaf_weight=18748 20 24 279 103 26 52 26 100 22 51 20 440 35 23 27 4241 21 85 21 31 20 449 23 21 268 20 21 28 51 29
leaf_count=18748 20 24 279 103 26 52 26 100 22 51 20 440 35 23 27 4241 21 85 21 31 20 449 23 21 268 20 21 28 51 29
internal_value=-2.05194e-09 0.380232 4.15168 -0.126577 3.10303 3.96293 0.141188 0.18519 0.140361 0.249729 11.259 0.168962 0.241672 1.88945 -0.109586 0.105404 5.10481 3.05624 1.58248 -4.67435 1.32913 2.96181 -0.398756 11.1232 -3.21311 -0.0954269 7.8985 -0.112809 -6.05341 -0.0878149
internal_weight=25325 6325 377 19000 357 331 5948 5924 5898 5767 42 5725 5674 997 4677 4374 133 112 974 131 953 490 463 41 303 18897 41 18856 79 18777
internal_count=25325 6325 377 19000 357 331 5948 5924 5898 5767 42 5725 5674 997 4677 4374 133 112 974 131 953 490 463 41 303 18897 41 18856 79 18777
is_linear=0
shrinkage=0.05


Tree=77
num_leaves=31
num_cat=0
split_feature=226 238 240 199 225 226 51 31 225 218 220 248 72 3 0 110 257 241 192 212 245 113 4 99 254 218 254 152 174 163
split_gain=472382 1.3934e+06 1.91223e+06 1.16996e+06 1.06748e+06 1.395e+06 1.25338e+06 1.35719e+06 1.10444e+06 1.25601e+06 1.51597e+06 1.43046e+06 1.28972e+06 944319 1.22201e+06 919261 1.30601e+06 904784 886946 1.43107e+06 1.38407e+06 1.32786e+06 961661 1.54e+06 886350 1.00722e+06 1.28071e+06 1.26885e+06 920330 1.44644e+06
threshold=-787.24999999999989 265.25000000000006 -485.74999999999994 -808.74999999999989 -159.74999999999997 -398.74999999999994 -2715.2499999999995 -2415.2499999999995 804.75000000000011 200.25000000000003 -353.24999999999994 -239.74999999999997 1120.2500000000002 -2161.7499999999995 -1347.2499999999998 609.70101928710949 501.99871826171881 -284.74999999999994 -2437.2499999999995 -2515.9999999999995 -1317.2499999999998 -565.74999999999989 -3844.267456054687 -2503.7499999999995 -420.74999999999994 10.750000000000002 -294.24999999999994 601.57815551757824 -1458.5581054687498 -1315.7499999999998
decision_type=2 2 2 2 2 2 2 2 2 2 2 2 2 2 2 2 2 2 2 2 2 2 2 2 2 2 2 2 2 2
left_child=1 2 18 -3 6 8 -2 -8 9 11 -11 12 15 -12 -15 16 -6 -4 22 -20 21 -21 -1 -24 -13 28 -27 -28 29 -26
right_child=4 3 17 -5 5 -7 7 -9 -10 10 13 24 -14 14 -16 -17 -18 -19 19 20 -22 -23 23 -25 25 26 27 -29 -30 -31
leaf_value=3.0753109008073807 -6.7214255952835096 -1.358683351191079 7.2837787238451162 -15.082212044715883 6.546361521731562 -0.07495742618087628 6.9767701140471878 -0.87515270441858761 11.195040849276952 -12.995365103391501 -11.066067734751851 -7.4238266385834795 -5.0676200218200691 11.243805603359057 -0.68329474935193124 -0.87110402430257494 18.791527413404904 2.252698572541433 9.9250503760737345 13.489279677139388 -0.25562711830102475 -2.3312909716651555 -19.962854387760164 -2.4775445517371684 1.8577413763755406 -7.2983175277709966 3.7888798571996776 14.871518893077457 0.14687785871761264 15.894503138959408
leaf_weight=24 90 41 104 25 134 17302 56 3189 28 26 20 29 25 23 324 31 26 635 37 36 1763 21 20 34 78 23 236 29 892 24
leaf_count=24 90 41 104 25 134 17302 56 3189 28 26 20 29 25 23 324 31 26 635 37 36 1763 21 20 34 78 23 236 29 892 24
internal_value=-3.0228e-09 0.619979 0.797122 -6.55699 -0.0752155 0.0678623 -0.901077 -0.73965 1.33638 1.1926 -1.3282 1.84138 5.61156 -0.501638 0.107262 7.00936 8.5362 2.96073 -0.029185 0.190206 -0.00769981 7.66065 -5.25239 -8.95359 1.2202 1.41574 4.0194 5.0017 0.661355 5.16051
internal_weight=25325 2740 2674 66 22585 19250 3335 3245 1948 1920 393 1527 216 367 347 191 160 739 1935 1857 1820 57 78 54 1311 1282 288 265 994 102
internal_count=25325 2740 2674 66 22585 19250 3335 3245 1948 1920 393 1527 216 367 347 191 160 739 1935 1857 1820 57 78 54 1311 1282 288 265 994 102
is_linear=0
shrinkage=0.05


Tree=78
num_leaves=31
num_cat=0
split_feature=60 60 150 103 85 122 213 61 68 173 40 197 51 250 114 80 234 50 163 16 150 124 33 159 89 4 251 220 232 107
split_gain=476381 1.55918e+06 1.45282e+06 1.37233e+06 2.28776e+06 1.7584e+06 1.43662e+06 1.144e+06 2.99475e+06 1.6399e+06 1.80267e+06 1.50789e+06 1.69339e+06 1.68587e+06 1.64307e+06 1.97167e+06 1.51979e+06 1.34185e+06 1.34171e+06 2.25396e+06 1.38761e+06 1.31497e+06 1.50833e+06 1.43606e+06 1.3058e+06 1.59537e+06 1.55943e+06 1.27992e+06 1.24939e+06 1.19584e+06
threshold=1017.5574951171876 1125.2900390625002 1332.7500000000002 719.73504638671886 -119.74999999999999 35.750000000000007 -595.49999999999989 495.52513122558599 502.09635925292974 430.74449157714849 521.28231811523449 1602.7500000000002 441.75000000000006 619.95794677734386 -2175.7499999999995 -2127.7499999999995 -51.749999999999993 -1324.7499999999998 90.250000000000014 -538.74999999999989 -1074.7499999999998 542.71502685546886 517.10519409179699 459.05783081054693 488.92694091796881 -2698.857543945312 -144.14030456542966 98.250000000000014 430.25000000000006 2305.5000000000005
decision_type=2 2 2 2 2 2 2 2 2 2 2 2 2 2 2 2 2 2 2 2 2 2 2 2 2 2 2 2 2 2
left_child=3 2 -2 7 6 -6 -5 24 9 10 -9 12 14 28 -10 16 -16 -17 20 -20 -11 23 -23 -19 29 26 -26 -25 -14 -1
right_child=1 -3 -4 4 5 -7 -8 8 11 18 -12 -13 13 -15 15 17 -18 21 19 -21 -22 22 -24 27 25 -27 -28 -29 -30 -31
leaf_value=-0.17134944292273024 3.7683617175648649 0.14368792626862398 -6.937660614707891 -8.3004651125739599 -22.72067469406128 -5.0227790921926498 4.5639434554179514 7.6921060132980346 -3.726891566833574 10.144733268737793 26.076887607574463 10.323515038232546 -2.9756672813495002 7.0448386067929478 17.169842012489543 -2.915782489132237 -0.20032779216766358 3.7650277727528625 22.46405586762862 1.3936386299133301 -3.7773695972230699 13.366653572885614 2.8782611519742227 -5.5577933651584015 -1.2046597554570153 -5.3597743723753517 14.820656974315643 1.325143379950896 -13.677426342010499 11.493785239891572
leaf_weight=16168 466 6554 34 34 25 32 60 40 181 25 20 37 60 23 34 185 20 152 22 30 63 38 350 143 63 246 20 128 50 22
leaf_count=16168 466 6554 34 34 25 32 60 40 181 25 20 37 60 23 34 185 20 152 22 30 63 38 350 143 63 246 20 128 50 22
internal_value=1.71049e-09 0.349009 3.04035 -0.134744 -4.88162 -12.785 -0.0891405 -0.0951866 1.18096 6.90442 13.8204 0.363907 0.0937414 -5.26602 0.672822 1.43125 10.7364 0.92675 3.94045 10.308 0.177773 1.80328 3.90547 -0.124969 -0.218869 -3.33734 2.65686 -2.30681 -7.8401 -0.155498
internal_weight=25325 7054 500 18271 151 57 94 18120 1601 200 60 1401 1364 133 1231 1050 54 996 140 52 88 811 388 423 16519 329 83 271 110 16190
internal_count=25325 7054 500 18271 151 57 94 18120 1601 200 60 1401 1364 133 1231 1050 54 996 140 52 88 811 388 423 16519 329 83 271 110 16190
is_linear=0
shrinkage=0.05


Tree=79
num_leaves=31
num_cat=0
split_feature=184 8 13 239 26 187 19 193 228 222 44 51 250 196 200 252 148 227 37 10 239 23 163 204 12 47 54 43 254 19
split_gain=451284 1.50299e+06 4.1235e+06 1.5506e+06 1.28835e+06 2.05009e+06 1.93355e+06 1.82691e+06 1.48891e+06 1.19397e+06 1.14538e+06 1.0788e+06 1.14229e+06 1.00665e+06 1.62005e+06 1.53868e+06 1.43098e+06 1.39937e+06 1.31487e+06 1.10526e+06 1.27853e+06 1.08706e+06 982462 1.10794e+06 1.04503e+06 1.28426e+06 976698 975629 1.00281e+06 1.1441e+06
threshold=-629.74999999999989 401.75000000000006 -413.59347534179682 909.00000000000011 381.54507446289068 513.40527343750011 619.95794677734386 3244.275024414063 -621.84750366210926 499.01130676269537 -51.249999999999993 1100.2500000000002 679.19335937500011 -779.74999999999989 -974.35751342773426 -117.74999999999999 -1499.7499999999998 -891.24999999999989 -347.24999999999994 -543.24999999999989 -856.99999999999989 -4852.7499999999991 -933.74999999999989 856.25000000000011 661.46316528320324 513.46029663085949 537.77215576171886 -279.74999999999994 -141.74999999999997 366.52839660644537
decision_type=2 2 2 2 2 2 2 2 2 2 2 2 2 2 2 2 2 2 2 2 2 2 2 2 2 2 2 2 2 2
left_child=1 3 -3 10 -4 8 -7 11 -6 -10 13 12 -8 14 21 16 -15 -17 -19 20 -16 -1 23 24 25 -2 -27 28 29 -22
right_child=22 2 4 -5 5 6 7 -9 9 -11 -12 -13 -14 15 19 17 -18 18 -20 -21 27 -23 -24 -25 -26 26 -28 -29 -30 -31
leaf_value=-6.8532621103174556 -0.98324953750879684 19.87817734133813 -0.37813536623141525 9.9068018473111668 -7.1050681477501287 -1.7722822249321073 9.7137180338303253 19.516881794929503 5.5122340853979344 15.210300641589695 -3.1817172053613163 13.164899353753952 -3.1930378914872808 10.331515560831342 7.5055719008048376 11.683796810150147 2.0342289865996057 -0.68476611570266399 4.1659504793487585 -0.12091567814350129 -0.54535211659967897 0.56943306218517742 -0.058115942488187057 -11.631148085100898 7.8066970280238568 -15.594998076328864 -4.288967040512297 -10.293058087031048 -0.21394639153496114 -7.2416765793584865
leaf_weight=51 459 31 562 39 21 290 24 20 268 36 285 21 60 56 24 25 721 1505 154 337 92 1502 18166 29 28 26 72 60 153 208
leaf_count=51 459 31 562 39 21 290 24 20 268 36 285 21 60 56 24 25 721 1505 154 337 92 1502 18166 29 28 26 72 60 153 208
internal_value=1.50927e-09 0.357531 1.85577 -0.0256529 1.42666 2.79734 0.468399 5.66678 5.77121 6.66069 -0.100535 3.02867 0.494607 0.0791164 -0.643429 0.791679 2.63223 -0.0575545 -0.234489 -2.36542 -3.77398 0.325674 -0.124603 -2.0917 -1.6188 -2.09262 -7.28853 -4.30167 -3.50811 -5.18814
internal_weight=25325 6545 1333 5212 1302 740 415 125 325 304 5173 105 84 4888 2427 2461 777 1684 1659 874 537 1553 18780 614 585 557 98 513 453 300
internal_count=25325 6545 1333 5212 1302 740 415 125 325 304 5173 105 84 4888 2427 2461 777 1684 1659 874 537 1553 18780 614 585 557 98 513 453 300
is_linear=0
shrinkage=0.05


Tree=80
num_leaves=31
num_cat=0
split_feature=246 182 225 141 149 86 197 239 159 246 173 239 239 248 211 56 33 217 241 75 61 121 168 183 204 104 190 212 184 227
split_gain=452603 817964 1.12286e+06 933861 933707 1.60766e+06 882706 771590 1.09773e+06 1.96033e+06 1.19626e+06 826045 2.00334e+06 1.02816e+06 810047 948593 765626 749738 967221 733646 1.04061e+06 1.74579e+06 1.03996e+06 1.09031e+06 1.08661e+06 1.09585e+06 1.00024e+06 1.39095e+06 1.14069e+06 952391
threshold=42.750000000000007 -2014.7499999999998 -791.74999999999989 -2465.4999999999995 -2201.9999999999995 -3968.9999999999995 -1562.7499999999998 155.75000000000003 575.74453735351574 -6.7499999999999991 354.03085327148443 259.75000000000006 239.25000000000003 -278.24999999999994 1186.2500000000002 1577.2500000000002 700.57888793945324 -1050.4999999999998 -118.74999999999999 562.74551391601574 480.24928283691412 -1.0000000180025095e-35 -1718.7499999999998 -461.49999999999994 -24.749999999999996 -1227.845275878906 -730.99999999999989 -1494.7499999999998 -602.74999999999989 -260.24999999999994
decision_type=2 2 2 2 2 2 2 2 2 2 2 2 2 2 2 2 2 2 2 2 2 2 2 2 2 2 2 2 2 2
left_child=7 2 3 -2 17 -6 -4 14 10 16 -9 12 13 -12 19 -16 -10 -3 -19 20 26 29 -21 -24 -25 -26 -1 -28 -29 -22
right_child=1 4 6 -5 5 -7 -8 8 9 -11 11 -13 -14 -15 15 -17 -18 18 -20 22 21 -23 23 24 25 -27 27 28 -30 -31
leaf_value=-1.7659743916595922 -9.6115396416705607 3.9681707113981251 13.222098569075266 4.0988661695409707 13.977310075078691 0.13450405001440166 3.318645086269826 -0.52064448948404951 2.8855925221192211 15.600332546234132 -15.531822289228439 -2.4918923450436665 -22.33328263282776 -3.0811794434626076 12.822475033539995 -0.32994242659930528 -9.0104569355646777 -10.52721932473335 -2.2593667615543711 -7.7974724463054121 2.0576260887116313 -2.4300331454123221 2.8902685673613302 -7.381095153821839 10.486390388011934 -2.1332042873390322 11.330924280484517 1.148663701349447 -0.51472220381015821 7.3375294160842905
leaf_weight=935 23 32 36 27 21 17132 60 342 38 24 20 170 20 97 26 29 21 47 143 70 249 155 114 90 20 123 27 1433 3671 130
leaf_count=935 23 32 36 27 21 17132 60 342 38 24 20 170 20 97 26 29 21 47 143 70 249 155 114 90 20 123 27 1433 3671 130
internal_value=6.06761e-09 0.141069 3.86793 -2.20792 0.109753 0.151451 7.03244 -0.316719 -1.86205 3.5523 -2.55448 -4.82019 -7.70932 -5.20949 -0.156768 5.88756 -1.34859 -3.1121 -4.30457 -0.204144 -0.0756346 2.0404 -2.2381 -1.11661 -3.07706 -0.368226 -0.261913 0.0121662 -0.0477097 3.86867
internal_weight=25325 17521 146 50 17375 17153 96 7804 732 83 649 307 137 117 7072 55 59 222 190 7017 6600 534 417 347 233 143 6066 5131 5104 379
internal_count=25325 17521 146 50 17375 17153 96 7804 732 83 649 307 137 117 7072 55 59 222 190 7017 6600 534 417 347 233 143 6066 5131 5104 379
is_linear=0
shrinkage=0.05


Tree=81
num_leaves=31
num_cat=0
split_feature=156 155 40 141 115 72 49 223 114 96 126 138 96 100 219 232 136 44 141 239 40 5 4 205 92 239 145 232 18 240
split_gain=443619 910039 876518 786632 1.22095e+06 871976 713220 624914 909799 885215 793874 1.13472e+06 1.21612e+06 1.02305e+06 1.34082e+06 1.80751e+06 1.40071e+06 960646 932842 910036 860473 804288 1.38628e+06 733786 803407 728576 1.08416e+06 1.04551e+06 882641 844735
threshold=-3400.4999999999995 -2836.7499999999995 499.15771484375006 -2465.4999999999995 -3365.7499999999995 -2485.7499999999995 -3544.2499999999995 -1846.5096435546873 -2321.7499999999995 423.30709838867193 -1547.7499999999998 405.12782287597662 406.82843017578131 -1924.2499999999998 -166.74999999999997 161.25000000000003 -1253.2499999999998 -2659.4999999999995 -616.74999999999989 542.75000000000011 415.37307739257818 506.08625793457037 362.95748901367193 -1770.2499999999998 -2213.7499999999995 -292.74999999999994 852.46588134765636 268.25000000000006 1533.2025146484377 -921.74999999999989
decision_type=2 2 2 2 2 2 2 2 2 2 2 2 2 2 2 2 2 2 2 2 2 2 2 2 2 2 2 2 2 2
left_child=1 2 6 5 -5 -2 -1 8 23 -10 11 12 -9 14 15 17 -17 18 -12 25 -14 22 -19 24 -6 28 27 -27 29 -13
right_child=3 -3 -4 4 7 -7 -8 10 9 -11 13 19 20 -15 -16 16 -18 21 -20 -21 -22 -23 -24 -25 -26 26 -28 -29 -30 -31
leaf_value=-0.41790413941655846 -6.3144932527695943 12.574981669017248 -6.0510459801246377 12.354962860345841 -6.7197499519739399 4.2039547233581542 11.612391914020886 -0.37082080446453564 2.2898809456825258 17.166161234378816 2.5949252432300933 -7.6382126580585137 15.20891202471473 -0.00097692208838711151 -1.9161516848618423 20.319698796448886 5.5806243777275091 -0.82228839745682292 14.645759320259096 2.0811051030953727 1.5190020124117534 -5.4742156780284388 11.606052423119545 7.5615953904611093 4.9073162476221723 -5.5122895977946751 -15.622497093109857 0.3865496181974224 7.7784130537951448 1.4511532271494632
leaf_weight=28 93 21 29 20 39 25 22 597 20 20 42 44 22 23267 123 27 40 89 26 84 24 46 30 27 24 285 21 102 27 61
leaf_count=28 93 21 29 20 39 25 22 597 20 20 42 44 22 23267 123 27 40 89 26 84 24 46 30 27 24 285 21 102 27 61
internal_value=-8.80124e-10 3.32366 0.864443 -0.013176 0.0059658 -4.08601 4.87543 -0.00387914 3.45376 9.72802 -0.0218899 -1.24128 0.232772 0.0433263 2.48021 4.28272 11.5203 2.20155 7.2026 -2.76022 8.06635 0.140509 2.31091 0.665205 -2.29039 -3.51332 -4.55796 -3.95756 -0.284423 -2.35772
internal_weight=25325 100 79 25225 25107 118 50 25087 130 40 24957 1267 643 23690 423 300 67 233 68 624 46 165 119 90 63 540 408 387 132 105
internal_count=25325 100 79 25225 25107 118 50 25087 130 40 24957 1267 643 23690 423 300 67 233 68 624 46 165 119 90 63 540 408 387 132 105
is_linear=0
shrinkage=0.05


Tree=82
num_leaves=31
num_cat=0
split_feature=8 109 18 136 32 134 120 212 16 133 37 49 177 15 45 9 100 50 124 29 121 92 214 80 145 173 196 121 99 214
split_gain=443495 1.13407e+06 1.10341e+06 2.02416e+06 1.05177e+06 1.22777e+06 1.03278e+06 1.01316e+06 952940 1.47983e+06 1.50315e+06 1.40511e+06 1.76166e+06 1.26065e+06 1.23013e+06 933565 925061 822007 812277 1.14732e+06 1.59486e+06 2.38246e+06 1.78004e+06 1.39114e+06 1.1367e+06 1.71148e+06 1.48814e+06 1.56269e+06 1.64998e+06 1.42637e+06
threshold=1562.0000000000002 3111.4699707031255 3527.444946289063 -53.749999999999993 3989.1225585937505 294.25000000000006 1367.7500000000002 476.25000000000006 1158.0000000000002 1530.2500000000002 875.75000000000011 1492.7500000000002 -40.249999999999993 1953.7500000000002 1.0000000180025095e-35 1252.2500000000002 2047.2500000000002 1103.7500000000002 719.73504638671886 -1953.7499999999998 -168.24999999999997 -365.74999999999994 987.23501586914074 770.25000000000011 557.84716796875011 501.99871826171881 -1180.7499999999998 1175.5000000000002 1492.2500000000002 1517.7900390625002
decision_type=2 2 2 2 2 2 2 2 2 2 2 2 2 2 2 2 2 2 2 2 2 2 2 2 2 2 2 2 2 2
left_child=1 2 16 -4 7 -6 -7 -3 9 10 13 12 -12 14 -2 -16 18 -17 24 -20 21 -21 -23 -22 25 -1 -26 28 29 -28
right_child=8 4 3 -5 5 6 -8 -9 -10 -11 11 -13 -14 -15 15 17 -18 -19 19 20 23 22 -24 -25 26 -27 27 -29 -30 -31
leaf_value=-0.00039974446763485261 11.29597909233787 -13.878234814434519 18.712817508524115 -1.5540719423975264 9.5109546834772285 -7.3241079339757569 3.3582749918528969 -1.2608810571523814 0.22607186187227973 -6.0783668949490508 19.86131285074595 0.76695684055064595 5.8983369777942531 -10.127684163369917 -2.9010623696271112 0.75413639762749274 -6.7337835198411575 11.534039599980627 3.1144166296806888 -1.9500328286180217 -3.1565841384555986 -20.414854135967438 -4.1395011571901188 11.313003210838026 -2.6803590074417336 -2.3238243666532683 3.1699457082526097 -9.620800562858582 12.963241517543793 -5.5279271060345216
leaf_weight=19055 33 41 22 28 22 64 35 26 3543 42 37 47 58 22 85 48 52 28 69 103 46 42 28 26 158 827 622 25 40 51
leaf_count=19055 33 41 22 28 22 64 35 26 3543 42 37 47 58 22 85 48 52 28 69 103 46 42 28 26 158 827 622 25 40 51
internal_value=-9.02774e-10 -0.0898522 -0.0555566 7.36336 -3.95613 -1.17324 -3.54751 -8.98195 0.487248 2.80062 3.84229 7.83816 11.3365 1.21537 2.50169 0.699139 -0.0731004 4.72568 -0.0566792 -2.58074 -4.18469 -6.78719 -13.9047 2.06854 -0.0185352 -0.0970436 1.72354 2.66638 3.09721 2.51082
internal_weight=25325 21382 21194 50 188 121 99 67 3943 400 358 142 95 216 194 161 21144 76 21092 314 245 173 70 72 20778 19882 896 738 713 673
internal_count=25325 21382 21194 50 188 121 99 67 3943 400 358 142 95 216 194 161 21144 76 21092 314 245 173 70 72 20778 19882 896 738 713 673
is_linear=0
shrinkage=0.05


Tree=83
num_leaves=31
num_cat=0
split_feature=185 234 232 244 234 234 247 115 188 4 62 205 254 82 12 40 250 245 85 222 253 198 100 254 184 253 218 246 187 143
split_gain=445496 1.72519e+06 1.94448e+06 1.14559e+06 2.48653e+06 1.44578e+06 1.18092e+06 1.02154e+06 1.46627e+06 890932 1.23421e+06 1.72345e+06 838225 826239 1.38211e+06 883424 1.13668e+06 991639 709208 671397 618172 934426 1.51414e+06 1.06031e+06 857234 850167 1.43723e+06 1.37457e+06 1.06463e+06 1.11007e+06
threshold=1908.7500000000002 231.25000000000003 623.75000000000011 1545.7882080078127 849.75000000000011 1401.0000000000002 -179.74999999999997 1608.2500000000002 1525.8646240234377 5512.5800781250009 3568.354125976563 197.25000000000003 -837.24999999999989 719.73504638671886 575.74453735351574 506.08625793457037 661.46316528320324 277.25000000000006 2408.2500000000005 424.99223327636724 650.25000000000011 92.750000000000014 -2023.7499999999998 -352.74999999999994 -212.74999999999997 592.75000000000011 -47.249999999999993 539.25000000000011 525.18084716796886 384.25000000000006
decision_type=2 2 2 2 2 2 2 2 2 2 2 2 2 2 2 2 2 2 2 2 2 2 2 2 2 2 2 2 2 2
left_child=3 19 -3 5 -5 9 -6 8 -4 20 11 -11 -9 14 15 16 17 -14 -8 -2 25 22 -22 -24 -25 -1 -27 -28 -29 -30
right_child=1 2 7 4 6 -7 18 12 -10 10 -12 -13 13 -15 -16 -17 -18 -19 -20 -21 21 -23 23 24 -26 26 27 28 29 -31
leaf_value=-0.025354893703423354 3.8181418736775719 18.333935761451723 -0.16084873562767393 2.3780052529798974 -20.158567041971466 12.264588634173077 -14.364984946250917 9.7909002670874976 18.112966587232506 -6.3358908739956945 14.997376462687619 10.529592568533761 -8.7787822822044639 -7.9063363216541438 9.8035745882987992 -8.2881858650843299 12.21512966632843 1.5156109920710572 -2.8804138282450236 -6.2017201206306138 6.6122960109710691 -0.087292445646532879 -17.398771142959596 -1.7026232237939709 -10.110591985702515 13.88417571032489 -6.0948754321204293 1.1115075047885146 3.0885855379104616 18.68210877918062
leaf_weight=23921 21 20 21 74 22 24 20 26 23 33 23 28 29 27 40 30 20 121 41 82 25 282 20 77 50 27 45 107 25 21
leaf_count=23921 21 20 21 74 22 24 20 26 23 33 23 28 29 27 40 30 20 121 41 82 25 282 20 77 50 27 45 107 25 21
internal_value=-2.60137e-09 1.54182 3.18654 -0.0285235 -4.28607 -0.00147009 -10.2275 2.28759 9.39137 -0.0133963 5.12719 1.40564 1.22081 0.386267 1.31918 -0.377694 1.01828 -0.474638 -6.64585 -4.15884 -0.0309495 -1.85885 -4.76337 -6.69801 -5.01285 0.00341917 3.06255 1.58687 3.84621 10.2074
internal_weight=25325 460 357 24865 157 24708 83 337 44 24684 84 61 293 267 240 200 170 150 61 103 24600 454 172 147 127 24146 225 198 153 46
internal_count=25325 460 357 24865 157 24708 83 337 44 24684 84 61 293 267 240 200 170 150 61 103 24600 454 172 147 127 24146 225 198 153 46
is_linear=0
shrinkage=0.05


Tree=84
num_leaves=31
num_cat=0
split_feature=12 254 246 142 247 184 227 177 28 231 254 254 82 103 148 61 191 44 143 67 250 185 208 206 128 160 191 184 184 250
split_gain=438689 525202 966926 1.09374e+06 1.24742e+06 1.01307e+06 1.31028e+06 1.25648e+06 837737 800024 785864 695359 712120 996790 860745 1.7545e+06 650199 1.03695e+06 1.03854e+06 878880 1.05972e+06 864915 855559 987748 887026 1.59543e+06 807028 719863 794298 749429
threshold=157.32341003417972 -75.249999999999986 210.75000000000003 -1846.7499999999998 -132.24999999999997 -1089.4999999999998 -66.749999999999986 -1162.2499999999998 -1094.7499999999998 -654.74999999999989 -7.2499999999999991 -81.249999999999986 365.18182373046881 364.09112548828131 1577.7500000000002 495.52513122558599 138.75000000000003 -662.74999999999989 25.250000000000004 -215.83500671386716 404.88949584960943 966.25000000000011 517.10519409179699 438.75000000000006 1091.7500000000002 1208.0733032226565 -404.74999999999994 -416.24999999999994 -842.24999999999989 390.09411621093756
decision_type=2 2 2 2 2 2 2 2 2 2 2 2 2 2 2 2 2 2 2 2 2 2 2 2 2 2 2 2 2 2
left_child=-1 11 3 8 10 6 -4 -8 -3 -7 -5 -2 13 -13 15 -14 22 18 -18 20 -19 -22 24 26 25 27 -24 28 -11 -30
right_child=1 2 5 4 -6 9 7 -9 -10 16 -12 12 14 -15 -16 -17 17 19 -20 -21 21 -23 23 -25 -26 -27 -28 -29 29 -31
leaf_value=-1.3358761674310082 -0.047706673165790831 -2.9492514790229079 1.2282408568927712 1.1773409937126229 -0.72671558246527213 8.5295434633890803 5.6801818372598341 19.696765043621973 -14.958956356048583 -1.9585063702043364 10.524897001618925 -1.1011561166262884 -5.2856984787105779 9.6273160996644407 -13.168275331414264 6.414740161895752 0.48230493252905193 -0.3105403896399907 7.6693767803471262 1.530945361135684 -16.683494448661804 -1.9787725996971131 -2.3989760339260102 3.2292816347546052 -6.8066726474534907 13.627937254698381 -11.579535652870355 -0.49032282652628373 1.6923552964921336 6.8785447782658524
leaf_weight=600 17585 53 139 1004 2181 33 67 21 20 102 23 369 161 23 23 40 85 175 123 1013 20 20 54 36 42 23 43 884 269 94
leaf_count=600 17585 53 139 1004 2181 33 67 21 20 102 23 369 161 23 23 40 85 175 123 1013 20 20 54 36 42 23 43 884 269 94
internal_value=-3.54321e-09 0.0324176 0.417324 -0.187849 -0.0501383 1.02959 4.25079 9.02505 -6.23958 0.787144 1.38668 -0.105549 -1.75678 -0.471679 -4.00571 -2.95725 0.701493 1.46768 4.73235 0.914705 -1.98879 -9.33113 -0.00971851 -3.84369 0.350902 0.570012 -6.46871 0.347379 1.93991 3.03534
internal_weight=25325 24725 6524 3281 3208 3243 227 88 73 3016 1027 18201 616 392 224 201 2983 1436 208 1228 215 40 1547 133 1414 1372 97 1349 465 363
internal_count=25325 24725 6524 3281 3208 3243 227 88 73 3016 1027 18201 616 392 224 201 2983 1436 208 1228 215 40 1547 133 1414 1372 97 1349 465 363
is_linear=0
shrinkage=0.05


Tree=85
num_leaves=31
num_cat=0
split_feature=226 225 197 225 198 238 43 208 0 16 253 219 61 248 5 204 18 191 96 182 230 163 78 79 5 163 4 12 242 66
split_gain=440449 1.7434e+06 1.35236e+06 1.58815e+06 1.47192e+06 1.34603e+06 2.07857e+06 1.54901e+06 1.15435e+06 1.77758e+06 1.32656e+06 1.27702e+06 1.67346e+06 1.26235e+06 1.13842e+06 978232 1.09026e+06 862251 1.00844e+06 856520 2.13427e+06 1.04008e+06 1.06004e+06 1.72746e+06 1.13125e+06 1.08823e+06 1.01332e+06 1.23548e+06 1.29206e+06 1.82492e+06
threshold=48.250000000000007 354.25000000000006 -382.24999999999994 406.25000000000006 -702.74999999999989 80.750000000000014 3530.5000000000005 744.84381103515636 -196.74999999999997 -225.24999999999997 592.75000000000011 -404.24999999999994 356.43118286132818 -7.2499999999999991 521.28231811523449 275.25000000000006 4201.8925781250009 -1213.2499999999998 488.92694091796881 34.750000000000007 698.11703491210949 -869.74999999999989 -651.24999999999989 -663.74999999999989 581.48425292968761 -639.74999999999989 2936.6899414062505 904.46777343750011 2441.037475585938 1250.2500000000002
decision_type=2 2 2 2 2 2 2 2 2 2 2 2 2 2 2 2 2 2 2 2 2 2 2 2 2 2 2 2 2 2
left_child=1 -1 3 -3 17 7 8 -6 9 11 14 -7 -13 -14 -10 16 -2 -4 -19 20 -17 -21 -23 24 -24 -25 -27 28 -28 -30
right_child=15 2 4 -5 5 6 -8 -9 10 -11 -12 12 13 -15 -16 19 -18 18 -20 21 -22 22 23 25 -26 26 27 -29 29 -31
leaf_value=-0.025287455165412372 -1.3181011778265772 15.382405634555552 2.3189984154701233 3.2698803323124532 0.48291124701283672 -5.8319653828938804 16.130482104728962 -10.942532894688268 1.5190434331266385 17.827258624553682 13.622517256736757 -0.89605132096434292 17.001122937057957 5.7506612953017742 -5.4510580559139674 0.99169381913308641 -11.852802795410156 -2.4100911441303436 -17.72830668010495 -8.4171478124765251 15.547491682492771 2.8229611693273173 -3.0356840198956818 11.198693797701882 -12.887518452153063 -0.5290723175070926 6.0165533667554456 -9.4056099824905406 -5.5611235865887174 2.0987402642567954
leaf_weight=16171 1395 36 20 109 689 30 29 31 388 25 20 73 33 102 69 802 25 21 22 39 26 271 249 21 33 3877 150 25 94 450
leaf_count=16171 1395 36 20 109 689 30 29 31 388 25 20 73 33 102 69 802 25 21 22 39 26 271 249 21 33 3877 150 25 94 450
internal_value=-2.15058e-09 0.134706 1.65931 6.27713 1.22788 1.54461 2.99924 -0.0090176 2.48464 5.14416 1.01827 3.81191 5.20285 8.50077 0.466665 -0.322774 -1.50357 -6.25801 -10.2473 -0.0450318 1.44876 -0.282478 -0.221114 -0.389505 -4.18856 -0.157464 -0.209352 1.51465 1.90803 0.775161
internal_weight=25325 17868 1697 145 1552 1489 769 720 740 263 477 238 208 135 457 7457 1420 63 43 6037 828 5209 5170 4899 282 4617 4596 719 694 544
internal_count=25325 17868 1697 145 1552 1489 769 720 740 263 477 238 208 135 457 7457 1420 63 43 6037 828 5209 5170 4899 282 4617 4596 719 694 544
is_linear=0
shrinkage=0.05


end of trees

feature_importances:
Column_254=55
Column_226=53
Column_225=50
Column_253=44
Column_246=41
Column_229=40
Column_103=39
Column_191=38
Column_247=37
Column_236=36
Column_61=35
Column_257=33
Column_250=32
Column_212=31
Column_12=29
Column_239=29
Column_240=29
Column_184=28
Column_218=28
Column_190=27
Column_204=27
Column_233=26
Column_6=24
Column_8=24
Column_198=24
Column_5=23
Column_43=21
Column_54=21
Column_159=21
Column_232=20
Column_4=19
Column_156=19
Column_180=19
Column_0=18
Column_40=18
Column_163=18
Column_211=18
Column_219=18
Column_238=18
Column_51=17
Column_205=17
Column_243=17
Column_19=16
Column_231=16
Column_234=16
Column_26=14
Column_65=14
Column_92=14
Column_114=14
Column_148=14
Column_166=14
Column_187=14
Column_18=13
Column_82=13
Column_141=13
Column_176=13
Column_183=13
Column_245=13
Column_44=12
Column_71=12
Column_72=12
Column_93=12
Column_96=12
Column_117=12
Column_131=12
Column_138=12
Column_149=12
Column_177=12
Column_192=12
Column_194=12
Column_196=12
Column_222=12
Column_33=11
Column_78=11
Column_80=11
Column_122=11
Column_124=11
Column_128=11
Column_134=11
Column_199=11
Column_201=11
Column_241=11
Column_248=11
Column_2=10
Column_16=10
Column_37=10
Column_47=10
Column_75=10
Column_115=10
Column_126=10
Column_169=10
Column_220=10
Column_227=10
Column_252=10
Column_60=9
Column_73=9
Column_74=9
Column_79=9
Column_86=9
Column_94=9
Column_99=9
Column_100=9
Column_127=9
Column_145=9
Column_150=9
Column_162=9
Column_173=9
Column_185=9
Column_197=9
Column_200=9
Column_206=9
Column_215=9
Column_217=9
Column_9=8
Column_58=8
Column_88=8
Column_95=8
Column_106=8
Column_107=8
Column_120=8
Column_121=8
Column_142=8
Column_155=8
Column_170=8
Column_182=8
Column_223=8
Column_228=8
Column_237=8
Column_1=7
Column_11=7
Column_13=7
Column_53=7
Column_68=7
Column_89=7
Column_101=7
Column_109=7
Column_110=7
Column_125=7
Column_143=7
Column_152=7
Column_175=7
Column_208=7
Column_3=6
Column_25=6
Column_29=6
Column_49=6
Column_56=6
Column_66=6
Column_87=6
Column_91=6
Column_108=6
Column_129=6
Column_132=6
Column_133=6
Column_136=6
Column_157=6
Column_189=6
Column_193=6
Column_210=6
Column_213=6
Column_230=6
Column_10=5
Column_15=5
Column_20=5
Column_27=5
Column_32=5
Column_36=5
Column_45=5
Column_52=5
Column_67=5
Column_84=5
Column_85=5
Column_113=5
Column_123=5
Column_135=5
Column_147=5
Column_161=5
Column_164=5
Column_244=5
Column_14=4
Column_23=4
Column_24=4
Column_30=4
Column_38=4
Column_39=4
Column_50=4
Column_64=4
Column_83=4
Column_105=4
Column_171=4
Column_178=4
Column_186=4
Column_235=4
Column_251=4
Column_256=4
Column_21=3
Column_28=3
Column_59=3
Column_70=3
Column_76=3
Column_90=3
Column_111=3
Column_112=3
Column_119=3
Column_137=3
Column_139=3
Column_151=3
Column_160=3
Column_165=3
Column_167=3
Column_168=3
Column_172=3
Column_179=3
Column_181=3
Column_188=3
Column_221=3
Column_242=3
Column_249=3
Column_7=2
Column_31=2
Column_48=2
Column_57=2
Column_62=2
Column_63=2
Column_77=2
Column_104=2
Column_116=2
Column_140=2
Column_146=2
Column_153=2
Column_154=2
Column_174=2
Column_202=2
Column_203=2
Column_209=2
Column_214=2
Column_216=2
Column_17=1
Column_34=1
Column_35=1
Column_41=1
Column_46=1
Column_97=1
Column_102=1
Column_130=1
Column_144=1
Column_195=1
Column_207=1
Column_224=1

parameters:
[boosting: gbdt]
[objective: regression]
[metric: l2]
[tree_learner: serial]
[device_type: cpu]
[data_sample_strategy: bagging]
[data: ]
[valid: ]
[num_iterations: 1000]
[learning_rate: 0.05]
[num_leaves: 31]
[num_threads: 0]
[seed: 42]
[deterministic: 1]
[force_col_wise: 0]
[force_row_wise: 0]
[histogram_pool_size: -1]
[max_depth: -1]
[min_data_in_leaf: 20]
[min_sum_hessian_in_leaf: 0.001]
[bagging_fraction: 1]
[pos_bagging_fraction: 1]
[neg_bagging_fraction: 1]
[bagging_freq: 0]
[bagging_seed: 400]
[bagging_by_query: 0]
[feature_fraction: 1]
[feature_fraction_bynode: 1]
[feature_fraction_seed: 30056]
[extra_trees: 0]
[extra_seed: 12879]
[early_stopping_round: 0]
[early_stopping_min_delta: 0]
[first_metric_only: 0]
[max_delta_step: 0]
[lambda_l1: 0]
[lambda_l2: 0]
[linear_lambda: 0]
[min_gain_to_split: 0]
[drop_rate: 0.1]
[max_drop: 50]
[skip_drop: 0.5]
[xgboost_dart_mode: 0]
[uniform_drop: 0]
[drop_seed: 17869]
[top_rate: 0.2]
[other_rate: 0.1]
[min_data_per_group: 100]
[max_cat_threshold: 32]
[cat_l2: 10]
[cat_smooth: 10]
[max_cat_to_onehot: 4]
[top_k: 20]
[monotone_constraints: ]
[monotone_constraints_method: basic]
[monotone_penalty: 0]
[feature_contri: ]
[forcedsplits_filename: ]
[refit_decay_rate: 0.9]
[cegb_tradeoff: 1]
[cegb_penalty_split: 0]
[cegb_penalty_feature_lazy: ]
[cegb_penalty_feature_coupled: ]
[path_smooth: 0]
[interaction_constraints: ]
[verbosity: -1]
[saved_feature_importance_type: 0]
[use_quantized_grad: 0]
[num_grad_quant_bins: 4]
[quant_train_renew_leaf: 0]
[stochastic_rounding: 1]
[linear_tree: 0]
[max_bin: 255]
[max_bin_by_feature: ]
[min_data_in_bin: 3]
[bin_construct_sample_cnt: 200000]
[data_random_seed: 175]
[is_enable_sparse: 1]
[enable_bundle: 1]
[use_missing: 1]
[zero_as_missing: 0]
[feature_pre_filter: 1]
[pre_partition: 0]
[two_round: 0]
[header: 0]
[label_column: ]
[weight_column: ]
[group_column: ]
[ignore_column: ]
[categorical_feature: ]
[forcedbins_filename: ]
[precise_float_parser: 0]
[parser_config_file: ]
[objective_seed: 16083]
[num_class: 1]
[is_unbalance: 0]
[scale_pos_weight: 1]
[sigmoid: 1]
[boost_from_average: 1]
[reg_sqrt: 0]
[alpha: 0.9]
[fair_c: 1]
[poisson_max_delta_step: 0.7]
[tweedie_variance_power: 1.5]
[lambdarank_truncation_level: 30]
[lambdarank_norm: 1]
[label_gain: ]
[lambdarank_position_bias_regularization: 0]
[eval_at: ]
[multi_error_top_k: 1]
[auc_mu_weights: ]
[num_machines: 1]
[local_listen_port: 12400]
[time_out: 120]
[machine_list_filename: ]
[machines: ]
[gpu_platform_id: -1]
[gpu_device_id: -1]
[gpu_device_id_list: ]
[gpu_use_dp: 0]
[num_gpu: 1]

end of parameters

pandas_categorical:null
