tree
version=v4
num_class=1
num_tree_per_iteration=1
label_index=0
max_feature_idx=293
objective=regression
feature_names=Column_0 Column_1 Column_2 Column_3 Column_4 Column_5 Column_6 Column_7 Column_8 Column_9 Column_10 Column_11 Column_12 Column_13 Column_14 Column_15 Column_16 Column_17 Column_18 Column_19 Column_20 Column_21 Column_22 Column_23 Column_24 Column_25 Column_26 Column_27 Column_28 Column_29 Column_30 Column_31 Column_32 Column_33 Column_34 Column_35 Column_36 Column_37 Column_38 Column_39 Column_40 Column_41 Column_42 Column_43 Column_44 Column_45 Column_46 Column_47 Column_48 Column_49 Column_50 Column_51 Column_52 Column_53 Column_54 Column_55 Column_56 Column_57 Column_58 Column_59 Column_60 Column_61 Column_62 Column_63 Column_64 Column_65 Column_66 Column_67 Column_68 Column_69 Column_70 Column_71 Column_72 Column_73 Column_74 Column_75 Column_76 Column_77 Column_78 Column_79 Column_80 Column_81 Column_82 Column_83 Column_84 Column_85 Column_86 Column_87 Column_88 Column_89 Column_90 Column_91 Column_92 Column_93 Column_94 Column_95 Column_96 Column_97 Column_98 Column_99 Column_100 Column_101 Column_102 Column_103 Column_104 Column_105 Column_106 Column_107 Column_108 Column_109 Column_110 Column_111 Column_112 Column_113 Column_114 Column_115 Column_116 Column_117 Column_118 Column_119 Column_120 Column_121 Column_122 Column_123 Column_124 Column_125 Column_126 Column_127 Column_128 Column_129 Column_130 Column_131 Column_132 Column_133 Column_134 Column_135 Column_136 Column_137 Column_138 Column_139 Column_140 Column_141 Column_142 Column_143 Column_144 Column_145 Column_146 Column_147 Column_148 Column_149 Column_150 Column_151 Column_152 Column_153 Column_154 Column_155 Column_156 Column_157 Column_158 Column_159 Column_160 Column_161 Column_162 Column_163 Column_164 Column_165 Column_166 Column_167 Column_168 Column_169 Column_170 Column_171 Column_172 Column_173 Column_174 Column_175 Column_176 Column_177 Column_178 Column_179 Column_180 Column_181 Column_182 Column_183 Column_184 Column_185 Column_186 Column_187 Column_188 Column_189 Column_190 Column_191 Column_192 Column_193 Column_194 Column_195 Column_196 Column_197 Column_198 Column_199 Column_200 Column_201 Column_202 Column_203 Column_204 Column_205 Column_206 Column_207 Column_208 Column_209 Column_210 Column_211 Column_212 Column_213 Column_214 Column_215 Column_216 Column_217 Column_218 Column_219 Column_220 Column_221 Column_222 Column_223 Column_224 Column_225 Column_226 Column_227 Column_228 Column_229 Column_230 Column_231 Column_232 Column_233 Column_234 Column_235 Column_236 Column_237 Column_238 Column_239 Column_240 Column_241 Column_242 Column_243 Column_244 Column_245 Column_246 Column_247 Column_248 Column_249 Column_250 Column_251 Column_252 Column_253 Column_254 Column_255 Column_256 Column_257 Column_258 Column_259 Column_260 Column_261 Column_262 Column_263 Column_264 Column_265 Column_266 Column_267 Column_268 Column_269 Column_270 Column_271 Column_272 Column_273 Column_274 Column_275 Column_276 Column_277 Column_278 Column_279 Column_280 Column_281 Column_282 Column_283 Column_284 Column_285 Column_286 Column_287 Column_288 Column_289 Column_290 Column_291 Column_292 Column_293
feature_infos=[-3781:4008.5] [-3725.5:4018] [-3820.5:3935] [-3732:3946] [-4021.8798828125:4464.52978515625] [4.3059353828430176:443.019775390625] [-3844.92578125:4213.2880859375] [-3730:3948] [-3495.5:3948] [-3750.5:3890] [-3590.5:3935] [-4015.93505859375:4459.77001953125] [4.1769399642944336:441.44692993164062] [-3821.796142578125:4187.9892578125] [-3591.5:3935] [-3579:3956] [-3652.5:3761] [-3617.5:3860.5] [-4010.570068359375:4454.4248046875] [4.3059353828430176:445.35134887695312] [-3803.223876953125:4158.21728515625] [-3618:3859.5] [-3595.5:3902.5] [-3652:3668.5] [-3641.5:3726.5] [-4006.2451171875:4447.4150390625] [4.1769399642944336:452.79052734375] [-3788.521728515625:4118.97021484375] [-3641:3723.5] [-3577.5:3877] [-3657.5:3681] [-3591:3872.5] [-4001.375:4442.90478515625] [4.1769399642944336:452.79052734375] [-3770.565185546875:4096.56396484375] [-3590.5:3871] [-3548.5:4148.5] [-3604.5:3818] [-3561:3827] [-3996.409912109375:4438.009765625] [4.1769399642944336:452.79052734375] [-3751.513671875:4072.05810546875] [-3562:3826.5] [-3481.5:3974] [-3562.5:3801] [-3507.5:3941] [-3991.1201171875:4434.5400390625] [4.3679304122924805:452.79052734375] [-3729.330810546875:4060.143798828125] [-3508.5:3919.5] [-3499.5:3977.5] [-3570:3502.5] [-3521.5:3569.5] [-3985.465087890625:4427.0751953125] [4.3059353828430176:452.79052734375] [-3710.43701171875:4015.539794921875] [-3522:3562] [-3521:3715.5] [-3590:3213] [-3573:3337.5] [-3980.52490234375:4417.01513671875] [4.1769399642944336:443.019775390625] [-3697.942626953125:3953.89990234375] [-3572.5:3337] [-3500:3337] [-3602:2972.5] [-3521.5:3112.5] [-3974.679931640625:4400.48486328125] [4.1769399642944336:445.35134887695312] [-3681.902587890625:3840.818115234375] [-3520:3091] [-3458.5:3149] [-3542.5:2798.5] [-3502:2959] [-3968.659912109375:4386.53515625] [4.7467460632324219:452.79052734375] [-3665.547607421875:3760.65283203125] [-3496.5:2952.5] [-3487.5:3218] [-3533.5:2887.5] [-3509:2938.5] [-3962.06494140625:4371.634765625] [4.621978759765625:452.79052734375] [-3651.316162109375:3677.275146484375] [-3510:2944.5] [-3510:3462.5] [-3591.5:2932] [-3590.5:3447.5] [-3956.419921875:4362.14501953125] [4.4346942901611328:452.79052734375] [-3645.787353515625:3656.386474609375] [-3591:3450] [-3590:3660] [-3635:3239.5] [-3634.5:3464.5] [-3951.864990234375:4352.5] [4.3679304122924805:452.79052734375] [-3644.76123046875:3638.9423828125] [-3634:3470.5] [-3623:3769.5] [-3689:3458] [-3684.5:3474.5] [-3947:4342.8251953125] [4.3059353828430176:443.019775390625] [-3648.373779296875:3623.992919921875] [-3682:3474.5] [-3669.5:3690.5] [-3802.5:3460.5] [-3789:3593] [-3944.195068359375:4334.22998046875] [4.1769399642944336:441.44692993164062] [-3661.157958984375:3621.175537109375] [-3789.5:3593.5] [-3496.5:3655] [-3880.5:3404.5] [-3546.5:3631.5] [-3939.159912109375:4326.9501953125] [4.3679304122924805:441.63720703125] [-3650.734619140625:3622.114013671875] [-3555.5:3631.5] [-3130:3687.5] [-3989:3440] [-3310:3523] [-3931.610107421875:4318.43017578125] [4.3059353828430176:441.63720703125] [-3619.7587890625:3613.103759765625] [-3311.5:3517] [-3141:3538.5] [-3566.5:3300] [-3204.5:3478] [-3922.75:4309.60498046875] [4.1769399642944336:441.63720703125] [-3582.0078125:3600.821533203125] [-3202:3478] [-3160:3536] [-3230.5:3431] [-3229.5:3431.5] [-3909.804931640625:4299.90478515625] [4.621978759765625:441.63720703125] [-3514.50732421875:3585.4287109375] [-3230.5:3421.5] [-3210.5:3553.5] [-3262.5:3269.5] [-3257.5:3291] [-3895.324951171875:4289.2900390625] [4.4346942901611328:441.63720703125] [-3432.1884765625:3558.662353515625] [-3260:3291] [-3240.5:3408.5] [-3305:3155.5] [-3270:3159] [-3877.594970703125:4277.43994140625] [4.3679304122924805:430.23452758789062] [-3329.534912109375:3522.32958984375] [-3269:3157.5] [-3200.5:3225] [-3288:2800.5] [-3209.5:2872.5] [-3864.06494140625:4262.22509765625] [4.3059353828430176:431.07083129882812] [-3267.213623046875:3463.254150390625] [-3210:2877] [-3178:3032] [-3254:2673] [-3200:2709] [-3847.419921875:4245.4150390625] [4.1769399642944336:441.63720703125] [-3179.3759765625:3394.685546875] [-3200:2717.5] [-3160.5:2857.5] [-3210.5:2501.5] [-3196.5:2547.5] [-3833.81494140625:4227.52978515625] [4.3059353828430176:441.63720703125] [-3159.051025390625:3316.714111328125] [-3196:2547.5] [-3148:2605.5] [-3260.5:2500.5] [-3237.5:2501] [-3819.81494140625:4208.10009765625] [4.1769399642944336:441.63720703125] [-3166.1826171875:3230.103759765625] [-3237:2491] [-3197:2868.5] [-3266:2339] [-3226:2495] [-3807.969970703125:4190.10009765625] [4.3059353828430176:441.63720703125] [-3171.62060546875:3161.366943359375] [-3226:2495] [-2579.5:2556.5] [-3281:2303.5] [-2770.5:2386.5] [-3796.97998046875:4167.4150390625] [4.1769399642944336:430.23452758789062] [-3135.155029296875:3060.15185546875] [-2768.5:2380.5] [-2700:2402] [-2834:2163.5] [-2786.5:2341.5] [-3785.3798828125:4137.60986328125] [4.621978759765625:445.35134887695312] [-3103.459228515625:2906.72900390625] [-2775:2341.5] [-2392.5:2399.5] [-3469.5:2294.5] [-2477:2295] [-3770.949951171875:4113.5751953125] [4.4346942901611328:452.79052734375] [-3030.326416015625:2819.935302734375] [-2476.5:2285] [-2296.5:2417] [-2495:2133] [-2366.5:2154.5] [-3755.530029296875:4083.52490234375] [4.3679304122924805:445.35134887695312] [-2953.114990234375:2685.44140625] [-2365.5:2154.5] [-1970.5:2272] [-2737.5:2019] [-2043:2079] [-3736.14501953125:4051.530029296875] [4.3059353828430176:452.79052734375] [-2870.377197265625:2544.62841796875] [-2041:2073] [-1939.5:2110.5] [-2233.5:1951.5] [-2195:2032.5] [-3718.93994140625:4019.35498046875] [4.1769399642944336:443.019775390625] [-2771.479248046875:2413.162109375] [-2193.5:1835.5] [-2130.5:1895.5] [-2284:1793] [-2283.5:1793.5] [-3702.675048828125:3987.340087890625] [4.3679304122924805:445.35134887695312] [-2705.997314453125:2298.556640625] [-2284.5:1793] [-2169:1932.5] [-2336:1791] [-2207.5:1931] [-3685.4150390625:3956.31494140625] [4.3059353828430176:452.79052734375] [-2660.67919921875:2204.82421875] [-2207:1925] [-2143.5:1962.5] [-2250.5:1803.5] [-2158.5:1884.5] [-3667.239990234375:3922.2451171875] [4.1769399642944336:443.019775390625] [-2615.026611328125:2093.603759765625] [-2163.5:1742] [-2040.5:1800] [-2187:1256] [-2136.5:1337.5] [-3647.89990234375:3887.6201171875] [4.1769399642944336:445.35134887695312] [-2563.296875:2024.8670654296875] [-2137:1320] [-2007.5:1572.5] [-2154:1228.5] [-2026.5:1572.5] [-3627.635009765625:3852.364990234375] [4.3059353828430176:452.79052734375] [-2507.678955078125:1923.65185546875] [-2027:1668] [-1907:1726] [-2236:1183] [-1959.5:1611] [-3607.27001953125:3817.5048828125] [4.1769399642944336:443.019775390625] [-2457.844482421875:1778.0916748046875] [-1959.5:1706.5] [-1805:1764.5] [-1998:989.5] [-1910.5:1020.5] [-3586.39501953125:3779.264892578125] [4.8785872459411621:441.44692993164062] [-2408.0859375:1683.4354248046875] [-1905.5:1022] [-1778:1325.5] [-1973:946] [-1778:1325.5] [-3564.489990234375:3739.35009765625] [4.9886016845703125:445.35134887695312] [-2350.805419921875:1548.9412841796875] [-1776.5:1421] [0:1479] [-1821:0] none [-3524.179931640625:3696.574951171875] [4.8465585708618164:452.79052734375] [-2137.095947265625:1408.12841796875]
tree_sizes=2865 2935 2905 2973 2913 2940 2901 2918 2889 2917 2885 2901 2889 2904 2896 2909 2902 2912 2901 2917 2905 2888 2913 2903 2920 2876 2867 2934 2871 2864 2910 2891 2868 2857 2883 2910 2815 2839 2883 2883 2810 2878 2819 2841 2814 2828 2841 2851 2866 2860 2870 2862 2873 2892 2872 2833 2813 2833 2884 2853 2865 2819 2834 2817 2842 2823 2809 2824 2849 2867 2782 2867 2858 2887 2839 2834 2867 2806 2839 2829 2818 2770 2829 2861 2880 2823 2803 2814 2816 2855 2827 2850 2826 2871 2811 2834 2821 2805 2771 2871 2757 2808 2847 2905 2766 2779 2872 2829 2785 2863 2904 2821 2861 2809 2849 2800 2802 2812 2895 2904 2768 2815 2816 2724 2832 2884 2789 2767 2832 2902 2781 2821 2882 2756 2801 2749 2833 2786 2761 2866 2824 2805 2840 2860 2770 2830 2843 2807 2876 2803 2764 2792 2797 2769 2842 2813 2770 2863 2757 2824 2862 2815 2839 2793 2853 2844

Tree=0
num_leaves=31
num_cat=0
split_feature=292 292 292 292 292 292 278 292 282 282 288 262 208 288 124 152 194 274 288 267 261 285 288 166 197 289 288 292 292 201
split_gain=4.99424e+07 1.18806e+07 1.09489e+07 3.31141e+06 2.45223e+06 1.72285e+06 1.27151e+06 1.2193e+06 954334 724821 632860 601936 581123 510632 496356 843262 483221 465180 424461 390412 376998 357662 312652 303394 283237 416829 357790 273996 268982 234621
threshold=54.945671081542976 97.965423583984389 33.368692398071296 157.28123474121097 72.627582550048842 22.866594314575199 83.516807556152358 42.453636169433601 -268.24999999999994 -171.74999999999997 89.250000000000014 -278.74999999999994 43.635179519653327 78.750000000000014 50.913116455078132 47.902368545532234 35.407766342163093 335.25000000000006 29.250000000000004 303.75000000000006 -146.24999999999997 68.159053802490249 173.75000000000003 109.88906860351564 -445.74999999999994 -118.74999999999999 20.250000000000004 115.76091766357423 16.17264556884766 61.422250747680671
decision_type=2 2 2 2 2 2 2 2 2 2 2 2 2 2 2 2 2 2 2 2 2 2 2 2 2 2 2 2 2 2
left_child=2 4 5 6 10 28 21 16 14 -6 20 -8 -9 -11 15 -5 -4 24 -7 27 -2 -3 -15 -19 25 26 -10 -13 -1 -22
right_child=1 3 7 8 9 18 11 12 17 13 -12 19 -14 22 -16 -17 -18 23 -20 -21 29 -23 -24 -25 -26 -27 -28 -29 -30 -31
leaf_value=20.30277235862701 21.833713754323092 30.901353934726863 21.060056009644352 26.208987987506987 23.084696778527842 20.633647948385761 24.047751833354969 21.33494817592878 34.16536914873658 21.862798291916295 22.205891261133772 22.39765723486164 21.075818565108886 22.288270899732588 26.526052554815244 39.865141805784198 20.827695385430459 24.668428475588698 20.918924138349027 23.663256060129413 21.530498741914226 25.383699818199272 23.871406834900139 27.967090349509846 23.780832772417966 24.449087957755481 26.412750526991864 22.837489033942589 20.458722195968551 21.342971082675991
leaf_weight=41709 6341 33 34578 26 1427 119838 795 31666 22 32949 3002 8728 68306 5142 269 20 63400 143 14631 875 31234 267 332 136 1411 223 46 5958 82029 35793
leaf_count=41709 6341 33 34578 26 1427 119838 795 31666 22 32949 3002 8728 68306 5142 269 20 63400 143 14631 875 31234 267 332 136 1411 223 46 5958 82029 35793
internal_value=21.0054 21.8495 20.7553 23.0103 21.6602 20.5408 22.765 21.035 24.7905 21.9782 21.4943 22.7058 21.1579 21.9371 27.3468 32.1464 20.9097 24.384 20.6647 22.6372 21.4652 25.9906 22.3843 26.2764 24.0738 25.4941 28.921 22.5761 20.4062 21.4304
internal_weight=591329 135172 456157 18952 116220 258207 16656 197950 2296 39850 76370 16356 99972 38423 315 46 97978 1981 134469 15561 73368 300 5474 279 1702 291 68 14686 123738 67027
internal_count=591329 135172 456157 18952 116220 258207 16656 197950 2296 39850 76370 16356 99972 38423 315 46 97978 1981 134469 15561 73368 300 5474 279 1702 291 68 14686 123738 67027
is_linear=0
shrinkage=1


Tree=1
num_leaves=31
num_cat=0
split_feature=292 292 292 292 292 292 271 292 282 292 271 288 236 194 47 117 194 288 289 289 288 292 215 288 229 271 236 248 292 197
split_gain=4.50831e+07 1.09103e+07 9.7015e+06 3.40352e+06 1.75227e+06 1.3798e+06 1.32008e+06 1.27023e+06 861286 761499 547753 541659 532716 532650 457499 455766 445468 431239 424635 383814 361021 278620 297117 265909 264938 253247 242374 238250 236101 230236
threshold=54.568843841552741 92.48715972900392 31.81987285614014 157.28123474121097 71.788436889648452 41.041294097900398 79.785163879394545 21.839782714843754 -268.24999999999994 115.76091766357423 62.812004089355476 89.250000000000014 101.29040527343751 43.153621673583991 51.84074783325196 46.799459457397468 33.022871017456062 255.50000000000003 -248.74999999999997 -118.74999999999999 26.250000000000004 62.77612495422364 54.584642410278327 77.750000000000014 98.041042327880874 134.55081939697268 69.59757232666017 -254.24999999999997 47.591451644897468 -445.74999999999994
decision_type=2 2 2 2 2 2 2 2 2 2 2 2 2 2 2 2 2 2 2 2 2 2 2 2 2 2 2 2 2 2
left_child=2 4 7 6 11 16 18 -1 14 24 -6 19 -11 -7 15 -5 -4 29 -3 -2 -9 22 -21 27 -8 -16 -23 -12 -15 -10
right_child=1 3 5 8 10 13 9 20 17 12 23 -13 -14 28 25 -17 -18 -19 -20 21 -22 26 -24 -25 -26 -27 -28 -29 -30 -31
leaf_value=-0.58383441511582457 1.4877788410414627 6.4667254365182352 0.026814592980625898 5.6463033472498267 1.9012228801984035 0.27483164058934434 1.5271792944793667 -0.38463051295821277 4.2576394729579761 2.829273351360249 1.5836325301762963 1.1208166712269894 1.7114386621714754 -0.050610801433843222 8.7309970900069853 15.390591537785562 -0.19836088868456769 6.0282662493976087 3.1302561678537795 0.51224739430099375 -0.13408730163765267 0.64620632642463027 0.2334687282298559 1.1927016475077588 1.0858324442266005 4.541716153977073 0.35987752225303149 0.75954587318594247 0.1301732805470972 2.7663982611147135
leaf_weight=109891 841 112 31910 24 1246 39066 6087 113450 311 1312 903 2914 5680 33851 43 24 70469 127 642 14636 16465 17981 27545 4537 7704 224 12549 30527 38715 1543
leaf_count=109891 841 112 31910 24 1246 39066 6087 113450 311 1312 903 2914 5680 33851 43 24 70469 127 642 14636 16465 17981 27545 4537 7704 224 12549 30527 38715 1543
internal_value=-5.28317e-09 0.793108 -0.240321 1.76579 0.589184 0.004394 1.5707 -0.458713 3.59579 1.49613 0.87058 0.45224 1.92119 0.125976 6.02433 10.5184 -0.128177 3.20963 3.62586 0.425752 -0.352877 0.413468 0.3302 0.834875 1.28063 5.21639 0.528514 0.783222 0.0458401 3.01655
internal_weight=591329 137512 453817 23833 113679 214011 21537 239806 2296 20783 37213 76466 6992 111632 315 48 102379 1981 754 73552 129915 72711 42181 35967 13791 267 30530 31430 72566 1854
internal_count=591329 137512 453817 23833 113679 214011 21537 239806 2296 20783 37213 76466 6992 111632 315 48 102379 1981 754 73552 129915 72711 42181 35967 13791 267 30530 31430 72566 1854
is_linear=0
shrinkage=0.05


Tree=2
num_leaves=31
num_cat=0
split_feature=292 292 292 292 292 282 292 292 282 288 271 292 215 201 124 152 274 285 201 289 282 288 201 288 166 236 286 288 267 288
split_gain=4.07527e+07 1.11782e+07 7.2799e+06 3.37241e+06 1.78846e+06 1.18832e+06 1.10957e+06 883418 777311 771237 525366 517553 506703 486764 429003 729717 402777 388333 383017 331541 325097 340466 284873 273341 273149 271989 240446 261475 402030 238614
threshold=51.178369522094734 88.469745635986342 30.159078598022464 157.28123474121097 66.238334655761733 -214.24999999999997 38.585969924926765 20.822204589843754 -268.24999999999994 191.75000000000003 55.328556060791023 115.76091766357423 54.584642410278327 41.972667694091804 50.913116455078132 47.902368545532234 335.25000000000006 66.233966827392592 30.540017127990726 -118.74999999999999 -141.74999999999997 56.250000000000007 95.222625732421889 19.250000000000004 109.88906860351564 95.160331726074233 -323.06172180175776 19.750000000000004 -14.749999999999998 114.75000000000001
decision_type=2 2 2 2 2 2 2 2 2 2 2 2 2 2 2 2 2 2 2 2 2 2 2 2 2 2 2 2 2 2
left_child=2 4 7 5 12 17 18 -1 14 11 -6 22 19 -8 15 -5 26 -3 -4 -2 -12 -22 -7 -9 -18 -13 27 28 -10 -21
right_child=1 3 6 8 10 9 13 23 16 -11 20 25 -14 -15 -16 -17 24 -19 -20 29 21 -23 -24 -25 -26 -27 -28 -29 -30 -31
leaf_value=-0.5691880974857596 1.7000945583942102 9.4954279617829762 -0.0088312863493452583 4.6619626705463117 1.85381727571476 1.3572270820359009 0.19246507416028213 -0.4064697604835858 3.4763895555053441 3.2693353528391542 1.3148734723307205 2.5518519147137062 0.239871679986988 -0.020073506888120502 4.9600693899016406 17.365496423244476 3.2843560319654381 2.7940910379454662 -0.22973504379974613 0.45419107339895642 0.59570604511697156 0.91065272953578258 0.96033921688879242 -0.22647130264275309 6.414284774310449 1.5665939695878395 2.459201183446313 3.3071630511846806 11.77816600227356 1.4410062297344208
leaf_weight=96177 561 22 27213 26 998 9362 43777 95888 35 508 2031 804 49345 70039 269 20 143 1246 70348 30832 36848 11186 8744 27039 136 5440 1354 288 25 625
leaf_count=96177 561 22 27213 26 998 9362 43777 95888 35 508 2031 804 49345 70039 269 20 143 1246 70348 30832 36848 11186 8744 27039 136 5440 1354 288 25 625
internal_value=-1.06971e-09 0.679051 -0.253726 1.57877 0.485949 1.41731 -0.0443857 -0.455683 3.416 1.34115 0.717893 1.30093 0.340382 0.0616751 5.72311 10.1852 3.04914 2.91036 -0.168118 0.495284 0.695249 0.66905 1.16556 -0.366877 4.81006 1.69346 2.76049 3.93273 6.93546 0.473798
internal_weight=591329 160848 430481 28422 132426 26126 211377 219104 2296 24858 51063 24350 81363 113816 315 46 1981 1268 97561 32018 50065 48034 18106 122927 279 6244 1702 348 60 31457
internal_count=591329 160848 430481 28422 132426 26126 211377 219104 2296 24858 51063 24350 81363 113816 315 46 1981 1268 97561 32018 50065 48034 18106 122927 279 6244 1702 348 60 31457
is_linear=0
shrinkage=0.05


Tree=3
num_leaves=31
num_cat=0
split_feature=292 292 292 292 292 292 285 288 282 292 282 288 289 124 152 288 288 289 267 234 288 288 180 152 292 194 288 292 173 215
split_gain=3.68457e+07 8.82975e+06 8.09959e+06 2.41258e+06 1.82594e+06 1.31144e+06 1.03556e+06 913332 701523 606010 597361 555194 507672 387175 658570 372702 349219 347394 339410 320163 312436 296832 278638 269479 257666 246397 244515 225674 205419 201680
threshold=54.945671081542976 97.965423583984389 33.579521179199226 157.28123474121097 75.37909317016603 23.540399551391605 83.524166107177749 35.750000000000007 -268.24999999999994 44.66682434082032 -214.24999999999997 56.250000000000007 -147.24999999999997 50.913116455078132 47.902368545532234 255.50000000000003 90.250000000000014 -105.24999999999999 303.75000000000006 -294.24999999999994 26.750000000000004 128.75000000000003 51.908628463745124 31.052494049072269 17.131627082824711 95.243133544921889 77.750000000000014 62.77612495422364 24.884131431579593 59.964626312255866
decision_type=2 2 2 2 2 2 2 2 2 2 2 2 2 2 2 2 2 2 2 2 2 2 2 2 2 2 2 2 2 2
left_child=2 4 5 6 11 24 -3 9 13 23 -8 17 -6 14 -5 -10 25 -2 19 -12 28 -13 -11 -4 -1 -14 -9 29 -7 -19
right_child=1 3 7 8 12 20 10 26 15 22 18 21 16 -15 -16 -17 -18 27 -20 -21 -22 -23 -24 -25 -26 -27 -28 -29 -30 -31
leaf_value=-0.59516470770534924 1.1181015428746768 6.5891350623965268 0.058232972057852911 4.4288645377525917 2.2784541397205662 -0.19639718093670044 2.6639810076276635 0.21677732733641802 2.7171905979704758 0.20132526189053623 2.0738856055170145 0.67044141540242641 0.87751870246371999 4.7120659624666095 16.497221798896788 5.5170525697155268 1.3345514248026 0.39292888920214186 2.3499121693459033 1.2754756012354238 -0.088595844022904033 1.6512525604745141 -0.014965618325846891 -0.14157305600497369 -0.45213954648328558 0.53920242071962665 0.68669940732552581 0.45816148049472738 -0.35400447693172188 0.15436676683457312
leaf_weight=51263 1560 100 21523 26 634 27611 1010 32840 1854 32647 1387 12769 21781 269 20 127 3331 18087 903 13256 17799 821 27377 78144 81640 7148 3023 32724 82290 17365
leaf_count=51263 1560 100 21523 26 634 27611 1010 32840 1854 32647 1387 12769 21781 269 20 127 3331 18087 903 13256 17799 821 27377 78144 81640 7148 3023 32724 82290 17365
internal_value=2.09449e-10 0.725041 -0.21485 1.72576 0.561853 -0.39736 1.51631 0.0283711 3.2452 -0.0228365 1.48567 0.437332 0.877284 5.43695 9.67598 2.89669 0.849747 0.380357 1.40912 1.3511 -0.282934 0.729694 0.102675 -0.0984251 -0.507307 0.793925 0.256388 0.363476 -0.314408 0.276077
internal_weight=591329 135172 456157 18952 116220 260603 16656 195554 2296 159691 16556 83326 32894 315 46 1981 32260 69736 15546 14643 127700 13590 60024 99667 132903 28929 35863 68176 109901 35452
internal_count=591329 135172 456157 18952 116220 260603 16656 195554 2296 159691 16556 83326 32894 315 46 1981 32260 69736 15546 14643 127700 13590 60024 99667 132903 28929 35863 68176 109901 35452
is_linear=0
shrinkage=0.05


Tree=4
num_leaves=31
num_cat=0
split_feature=292 292 292 292 292 289 292 292 288 282 271 215 208 285 246 288 47 281 274 292 208 288 289 61 187 288 292 197 289 267
split_gain=3.32725e+07 9.15812e+06 5.95877e+06 2.73655e+06 1.4445e+06 1.00094e+06 916020 719692 662212 633125 460059 442715 431707 414608 381507 373084 362777 397722 349018 295882 288831 282691 254701 249733 241554 238887 227479 217462 366359 307286
threshold=51.178369522094734 88.469745635986342 30.159078598022464 157.28123474121097 66.238334655761733 -157.24999999999997 40.579990386962898 20.633726119995121 104.75000000000001 -268.24999999999994 55.328556060791023 50.923347473144538 43.635179519653327 68.159053802490249 -282.24999999999994 30.750000000000004 51.84074783325196 -41.249999999999993 335.25000000000006 115.76091766357423 68.312877655029311 255.50000000000003 -102.74999999999999 116.40425109863283 30.348026275634769 19.250000000000004 59.819221496582038 -445.74999999999994 -118.74999999999999 -14.749999999999998
decision_type=2 2 2 2 2 2 2 2 2 2 2 2 2 2 2 2 2 2 2 2 2 2 2 2 2 2 2 2 2 2
left_child=2 4 7 5 11 13 15 -1 14 16 -6 22 -8 -3 -7 24 17 -5 27 -16 -12 -10 -2 -20 -4 -9 -13 28 29 -11
right_child=1 3 6 9 10 8 12 25 21 18 20 26 -14 -15 19 -17 -18 -19 23 -21 -22 -23 -24 -25 -26 -27 -28 -29 -30 -31
leaf_value=-0.51678079293170587 1.3619293038047307 7.5726779940516451 -0.031535999698352662 5.3204523831605917 1.7102194657291703 2.2358592474367471 0.20925557433527198 -0.37010509729094215 1.7629431411568302 3.771481520930926 0.78153074862828054 0.15566783598866923 -0.010549960995626953 2.5639285253115567 0.97366121277011741 0.069128193391433279 4.4456583447238147 14.552258672714235 3.3075762866991143 1.4168897314731608 0.5332872677769539 3.7793015937766308 0.46416341702171632 6.4564030341804033 -0.21489775214119439 -0.20305248428136113 0.35614421295427134 2.2264844705336837 2.747993059382845 10.505427593737842
leaf_weight=93730 820 43 23566 28 998 736 37281 97994 3144 36 18708 35315 55733 1055 16044 19276 267 20 183 4920 31357 184 21618 96 75521 27380 23610 1411 223 32
leaf_count=93730 820 43 23566 28 998 736 37281 97994 3144 36 18708 35315 55733 1055 16044 19276 267 20 183 4920 31357 184 21618 96 75521 27380 23610 1411 223 32
internal_value=1.8306e-09 0.613574 -0.22926 1.42795 0.438789 1.28251 -0.0398656 -0.411976 1.21768 3.08294 0.647239 0.307966 0.0775504 2.76008 1.11696 -0.132136 5.16511 9.16704 2.75185 1.07768 0.626049 1.87442 0.496972 4.39104 -0.171289 -0.333623 0.235994 2.48315 3.72766 6.9404
internal_weight=591329 160848 430481 28422 132426 26126 211377 219104 25028 2296 51063 81363 93014 1098 21700 118363 315 48 1981 20964 50065 3328 22438 279 99087 125374 58925 1702 291 68
internal_count=591329 160848 430481 28422 132426 26126 211377 219104 25028 2296 51063 81363 93014 1098 21700 118363 315 48 1981 20964 50065 3328 22438 279 99087 125374 58925 1702 291 68
is_linear=0
shrinkage=0.05


Tree=5
num_leaves=31
num_cat=0
split_feature=292 292 292 292 292 292 278 288 282 288 250 246 292 282 288 281 103 288 180 289 288 289 288 208 236 292 208 292 288 292
split_gain=3.00723e+07 7.22533e+06 6.64694e+06 1.95714e+06 1.52397e+06 1.20819e+06 890852 714477 571395 491338 468382 439240 431248 358248 347824 328163 764068 319363 304570 288351 263665 259592 257048 252698 250701 185520 184743 220087 182519 180272
threshold=54.945671081542976 97.965423583984389 34.553340911865241 157.28123474121097 75.37909317016603 24.045635223388675 83.516807556152358 39.750000000000007 -268.24999999999994 107.75000000000001 72.745998382568374 -282.24999999999994 44.66682434082032 -141.74999999999997 142.25000000000003 24.750000000000004 59.534097671508796 255.50000000000003 24.360724449157718 -126.74999999999999 12.750000000000002 -147.24999999999997 47.250000000000007 36.212265014648445 48.503923416137702 115.76091766357423 95.191169738769545 84.996833801269545 77.750000000000014 123.25416183471681
decision_type=2 2 2 2 2 2 2 2 2 2 2 2 2 2 2 2 2 2 2 2 2 2 2 2 2 2 2 2 2 2
left_child=2 4 5 6 9 20 19 12 15 13 21 -8 23 -2 29 -5 -17 -10 -7 25 -1 -6 -15 -4 -14 -3 27 -12 -9 -13
right_child=1 3 7 8 10 18 11 28 17 -11 26 14 24 22 -16 16 -18 -19 -20 -21 -22 -23 -24 -25 -26 -27 -28 -29 -30 -31
leaf_value=-0.49171740003215175 1.051959975762889 4.4627674974685858 0.055325910604160568 4.0363014962707391 2.4545718304414117 -0.10521706822284219 2.3803932483345274 0.22760946125209591 2.4481037929625993 1.2282149772112838 0.64742182258692471 1.089184364075267 0.22230961845244984 0.31240948708487526 2.1757298771556282 16.181395153999329 4.6504452866666455 5.039880402585653 -0.28462542714924882 2.3578853964584847 -0.32992698832776091 1.1091921731854109 0.5301316239233993 -0.12544254860713117 0.018153096319718176 8.2540654521774162 0.49414557258759562 0.98923839399726354 0.64312412704003719 1.4856918891324535
leaf_weight=106854 1914 121 27423 244 383 30853 925 24737 1854 1727 11504 10522 24495 62363 969 20 51 127 101412 135 32946 5615 17322 65532 38946 44 7419 7973 2959 3940
leaf_count=106854 1914 121 27423 244 383 30853 925 24737 1854 1727 11504 10522 24495 62363 969 20 51 127 101412 135 32946 5615 17322 65532 38946 44 7419 7973 2959 3940
internal_value=6.42771e-10 0.655017 -0.1941 1.56027 0.507397 -0.351102 1.37162 0.0379297 2.92879 0.393638 0.795568 1.32209 -0.00352205 0.375975 1.25866 4.90685 7.8986 2.61426 -0.242775 4.07163 -0.453589 1.1951 0.359738 -0.0721134 0.0969793 5.47378 0.70647 0.787346 0.272002 1.19721
internal_weight=591329 135172 456157 18952 116220 272065 16656 184092 2296 83326 32894 16356 156396 81599 15431 315 71 1981 132265 300 139800 5998 79685 92955 63441 165 26896 19477 27696 14462
internal_count=591329 135172 456157 18952 116220 272065 16656 184092 2296 83326 32894 16356 156396 81599 15431 315 71 1981 132265 300 139800 5998 79685 92955 63441 165 26896 19477 27696 14462
is_linear=0
shrinkage=0.05


Tree=6
num_leaves=31
num_cat=0
split_feature=292 292 292 292 292 282 292 288 292 260 288 292 215 274 194 282 282 103 208 285 264 269 264 61 288 201 288 285 288 288
split_gain=2.717e+07 7.50837e+06 4.89089e+06 2.31336e+06 1.08225e+06 969757 826265 618110 551843 518854 462180 410053 399516 397077 386410 383457 360496 456055 306458 287714 271734 310747 252764 249932 242012 235990 206964 196917 192645 184942
threshold=51.178369522094734 86.578968048095717 29.603970527648929 157.28123474121097 62.77612495422364 -214.24999999999997 38.585969924926765 191.75000000000003 18.784015655517582 -230.74999999999997 113.75000000000001 109.69269180297853 55.325407028198249 335.25000000000006 43.404808044433601 -141.74999999999997 -214.24999999999997 47.004417419433601 31.840939521789554 68.159053802490249 115.27658081054689 -248.74999999999997 86.664539337158217 79.993499755859389 24.250000000000004 95.222625732421889 41.250000000000007 47.596281051635749 41.750000000000007 324.75000000000006
decision_type=2 2 2 2 2 2 2 2 2 2 2 2 2 2 2 2 2 2 2 2 2 2 2 2 2 2 2 2 2 2
left_child=2 4 8 5 12 19 18 11 -1 16 15 25 27 -11 -8 -6 17 -5 -4 -3 -19 -22 -13 -15 -10 -7 -17 -2 -21 -12
right_child=1 3 6 9 10 7 14 -9 24 13 29 22 -14 23 -16 26 -18 20 -20 28 21 -23 -24 -25 -26 -27 -28 -29 -30 -31
leaf_value=-0.49257696197630968 1.1947064427853904 6.8562891337606651 -0.023016314716671229 13.225464549064638 1.1232923561715042 1.0587468578501935 0.15544261381108176 2.75251260380006 -0.34569799001310209 2.2043115874214161 1.2534304613651985 3.1405497564311653 0.13628227271064464 2.7136236020343767 -0.03000866233800159 0.42093880333840339 2.5381926211175223 9.9169503053793537 -0.20391373290783876 1.8081291972644746 3.3678058881375748 10.107756207883359 1.2815743107953983 5.6858751797013811 -0.1464601789808507 0.69616156552527575 0.61997615365405034 0.36136192768222092 3.0406581912532573 5.088270386308432
leaf_weight=70356 726 36 35434 20 2475 10336 50458 534 124498 1713 1796 187 36382 139 63358 38819 116 26 69009 756 118 20 8250 144 17368 7931 19683 30063 546 32
leaf_count=70356 726 36 35434 20 2475 10336 50458 534 124498 1713 1796 187 36382 139 63358 38819 116 26 69009 756 118 20 8250 144 17368 7931 19683 30063 546 32
internal_value=-4.90187e-10 0.554459 -0.207172 1.2554 0.38797 1.13272 -0.0409853 1.06816 -0.378086 2.78235 0.537179 1.03448 0.248458 2.49095 0.0522074 0.513695 4.72112 6.09732 -0.142541 2.44691 5.22803 4.34461 1.32278 4.22601 -0.321306 0.901323 0.487905 0.381012 2.325 1.32056
internal_weight=591329 160848 430481 30872 129976 28576 218259 27238 212222 2296 62805 26704 67171 1996 113816 60977 300 184 104443 1338 164 138 8437 283 141866 18267 58502 30789 1302 1828
internal_count=591329 160848 430481 30872 129976 28576 218259 27238 212222 2296 62805 26704 67171 1996 113816 60977 300 184 104443 1338 164 138 8437 283 141866 18267 58502 30789 1302 1828
is_linear=0
shrinkage=0.05


Tree=7
num_leaves=31
num_cat=0
split_feature=292 292 292 292 292 292 278 288 282 289 288 289 262 288 260 281 103 201 261 289 288 288 288 267 289 285 187 244 166 269
split_gain=2.4578e+07 5.74944e+06 5.68894e+06 1.44552e+06 1.31437e+06 1.00029e+06 702952 661029 479826 467362 405018 374344 367972 307177 289778 287874 659089 287213 263741 261356 253443 247836 244235 237285 234247 186047 183448 183106 169338 193534
threshold=56.041021347045906 34.553340911865241 101.48758697509767 157.28123474121097 75.37909317016603 24.734554290771488 85.002006530761733 27.250000000000004 -268.24999999999994 -132.74999999999997 65.250000000000014 -32.749999999999993 -278.74999999999994 89.250000000000014 396.75000000000006 24.750000000000004 59.534097671508796 25.085883140563968 -152.24999999999997 -100.24999999999999 78.250000000000014 12.750000000000002 70.750000000000014 303.75000000000006 -19.749999999999996 83.524166107177749 95.127002716064467 -463.49441528320307 109.88906860351564 44.250000000000007
decision_type=2 2 2 2 2 2 2 2 2 2 2 2 2 2 2 2 2 2 2 2 2 2 2 2 2 2 2 2 2 2
left_child=1 5 4 6 10 21 25 11 15 22 18 -3 -8 26 27 -5 -17 -7 -2 -12 24 -1 -6 -14 -9 -4 -11 -10 29 -16
right_child=2 7 3 8 9 17 12 20 14 13 19 -13 23 -15 28 16 -18 -19 -20 -21 -22 -23 -24 -25 -26 -27 -28 -29 -30 -31
leaf_value=-0.44083760814480633 0.64819596972275839 0.10744980240048313 6.0295019116957453 3.6405198918258557 1.4611536960013305 -0.072263243373217059 2.3335692660908447 0.38184462955786791 2.9878837032564602 0.72574301206369296 2.6076808297909757 -0.075893226063111718 1.1293548004325373 1.1298939397369541 7.2483056412637241 14.95074108719826 4.2411942597113406 -0.25360830287190239 0.29567444167926449 0.64531409372677706 0.61762183154899875 -0.29076841604966369 3.6376551312506202 2.015743711466127 0.10902375939278347 3.0364293001420886 0.44875250112193882 1.7689967467530392 4.8206395561077509 2.0332355733613792
leaf_weight=112979 5804 39745 74 244 916 28412 734 9515 412 22372 173 92953 12395 3774 20 20 51 94306 61806 8823 3147 36368 150 804 45452 174 8157 1222 166 161
leaf_count=112979 5804 39745 74 244 916 28412 734 9515 412 22372 173 92953 12395 3774 20 20 51 94306 61806 8823 3147 36368 150 804 45452 174 8157 1222 166 161
internal_value=-1.46103e-10 -0.169811 0.611914 1.47935 0.484272 -0.317387 1.29091 0.0406072 2.64324 0.736382 0.367874 -0.0209793 1.24394 0.704341 2.35501 4.45588 7.25797 -0.211623 0.325937 0.683052 0.181234 -0.404294 1.76742 1.18335 0.15625 3.92952 0.651734 2.07633 3.66727 2.60949
internal_weight=591329 462877 128452 16477 111975 272065 14181 190812 2296 35369 76606 132698 13933 34303 1981 315 71 122718 67610 8996 58114 149347 1066 13199 54967 248 30529 1634 347 181
internal_count=591329 462877 128452 16477 111975 272065 14181 190812 2296 35369 76606 132698 13933 34303 1981 315 71 122718 67610 8996 58114 149347 1066 13199 54967 248 30529 1634 347 181
is_linear=0
shrinkage=0.05


Tree=8
num_leaves=31
num_cat=0
split_feature=292 292 292 292 292 271 292 282 267 271 194 292 239 166 281 229 292 285 229 236 292 281 288 215 269 236 234 96 180 26
split_gain=2.22439e+07 6.37507e+06 3.7989e+06 1.90184e+06 968624 752671 710600 660226 426009 399521 389315 388618 352227 337366 319687 358622 312742 309610 291821 251440 245135 243789 230041 213993 203838 187983 187886 183674 183245 179085
threshold=50.241176605224616 86.578968048095717 28.500688552856449 134.80252075195315 62.77612495422364 80.952445983886733 37.717216491699226 -214.24999999999997 364.75000000000006 59.368551254272468 56.896196365356452 18.784015655517582 -311.24999999999994 47.033830642700202 -48.749999999999993 155.63330841064456 105.15790939331056 68.159053802490249 30.896646499633793 109.44094467163087 75.37909317016603 126.25000000000001 214.25000000000003 72.005561828613295 101.25000000000001 105.03153610229494 -379.24999999999994 55.365747451782234 21.298929214477543 124.05643463134767
decision_type=2 2 2 2 2 2 2 2 2 2 2 2 2 2 2 2 2 2 2 2 2 2 2 2 2 2 2 2 2 2
left_child=2 4 11 5 10 17 18 12 -9 22 -2 -1 14 -8 -5 27 25 26 -4 -18 23 -14 -6 -11 -10 -7 -3 -16 -13 -26
right_child=1 3 6 7 9 16 13 8 24 20 -12 28 21 -15 15 -17 19 -19 -20 -21 -22 -23 -24 -25 29 -27 -28 -29 -30 -31
leaf_value=-0.44712481874398285 0.32271547001094159 8.974603183432059 -0.026418708750112679 3.6035584005875045 0.92174858816733729 0.85857355376364863 0.10322381405939068 1.6126207122906742 7.6834946908056736 0.4739655110167158 0.092692865327874047 -0.20329232573255226 2.2542836169482663 -0.070544423196853709 8.9011971863607577 12.386018225833773 1.4487857253852832 1.8508634696089314 -0.20109534264056422 0.91561144854891197 0.59302830090313063 6.0470244483744846 3.2851465405720583 0.23260550457167223 2.3760003942933814 0.44606092727892693 3.5478919370421047 3.463483759489927 -0.33755157772976813 4.6201535291473075
leaf_weight=70356 40591 22 35425 166 3591 11680 69522 3516 24 23414 33640 34989 430 46691 24 25 3698 1558 73561 5500 20584 47 106 15110 343 3617 58 44 92877 120
leaf_count=70356 40591 22 35425 166 3591 11680 69522 3516 24 23414 33640 34989 430 46691 24 25 3698 1558 73561 5500 20584 47 106 15110 343 3617 58 44 92877 120
internal_value=-1.21534e-09 0.48698 -0.193112 1.13608 0.340748 0.968962 -0.0526029 2.05765 1.80459 0.485267 0.218474 -0.352744 3.43399 0.0334088 4.91839 7.2653 0.899572 2.00663 -0.144318 1.12997 0.453729 2.62799 0.989512 0.379299 3.19053 0.761034 5.04024 5.38268 -0.300813 2.95764
internal_weight=591329 167908 423421 30872 137036 26133 225199 4739 4003 62805 74231 198222 736 116213 259 93 24495 1638 108986 9198 59108 477 3697 38524 487 15297 80 68 127866 463
internal_count=591329 167908 423421 30872 137036 26133 225199 4739 4003 62805 74231 198222 736 116213 259 93 24495 1638 108986 9198 59108 477 3697 38524 487 15297 80 68 127866 463
is_linear=0
shrinkage=0.05


Tree=9
num_leaves=31
num_cat=0
split_feature=292 292 292 292 292 292 288 278 250 260 278 289 274 246 282 103 288 208 264 269 288 288 285 61 288 187 292 292 289 285
split_gain=2.01058e+07 5.37283e+06 4.18465e+06 1.20046e+06 928249 848516 624654 618120 450222 414872 398923 331224 324474 307015 281581 382123 272529 251582 237990 284973 237496 234119 219243 210035 203626 194264 190423 183870 182256 177179
threshold=58.887714385986335 35.598617553710945 101.48758697509767 157.28123474121097 25.252216339111332 79.700042724609389 31.750000000000004 90.36352920532228 73.64386367797853 -230.74999999999997 54.234325408935554 -40.749999999999993 335.25000000000006 -282.24999999999994 -214.24999999999997 47.004417419433601 31.250000000000004 68.312877655029311 115.27658081054689 -248.74999999999997 95.250000000000014 16.250000000000004 83.524166107177749 79.993499755859389 125.75000000000001 26.312183380126957 44.425207138061531 71.039463043212905 -27.749999999999996 58.467376708984382
decision_type=2 2 2 2 2 2 2 2 2 2 2 2 2 2 2 2 2 2 2 2 2 2 2 2 2 2 2 2 2 2
left_child=1 4 5 7 21 10 11 22 29 14 -2 -3 -11 -9 15 -5 25 27 -17 -20 28 -1 -4 -14 -15 -6 -13 -12 -8 -7
right_child=2 6 3 9 16 8 20 13 -10 12 17 26 23 24 -16 18 -18 -19 19 -21 -22 -23 -24 -25 -26 -27 -28 -29 -30 -31
leaf_value=-0.38917510708420078 1.1616900482706343 0.16097350525734985 5.5713189089620441 11.873034439086915 -0.091454038961125528 4.246542990145584 0.49716412452389591 2.0545073619503298 0.63399671685460524 1.8785951604134792 0.39766629098213846 -0.087393887726373409 2.319713583481398 0.98752365194678993 2.2026657548444026 8.9406213001849562 0.027091601361596399 0.2590828410226575 2.7903189503540431 9.2447081160545359 0.80541839902033985 -0.22474085463316751 2.551436321102083 5.0444273451964063 1.6676752171171729 -0.243243177134293 0.040780236336556329 0.67481575908821245 0.16250185438374606 1.1889499161238797
leaf_weight=130258 1613 28626 74 20 27967 48 4489 810 22330 1713 30488 63400 139 11763 116 26 14116 30439 118 20 1642 25961 320 144 1214 85586 53371 7446 43405 3667
leaf_count=130258 1613 28626 74 20 27967 48 4489 810 22330 1713 30488 63400 139 11763 116 26 14116 30439 118 20 1642 25961 320 144 1214 85586 53371 7446 43405 3667
internal_value=4.45911e-10 -0.141326 0.601466 1.33763 -0.280115 0.475155 0.0607973 1.1659 0.718789 2.39828 0.384488 0.00855408 2.13771 1.1101 4.13193 5.3482 -0.180102 0.366153 4.55249 3.72574 0.21414 -0.361849 3.11862 3.70614 1.05115 -0.205859 -0.028811 0.452067 0.193869 1.22846
internal_weight=591329 478821 112508 16477 283888 96031 194933 14181 26045 2296 69986 145397 1996 13787 300 184 127669 68373 164 138 49536 156219 394 283 12977 113553 116771 37934 47894 3715
internal_count=591329 478821 112508 16477 283888 96031 194933 14181 26045 2296 69986 145397 1996 13787 300 184 127669 68373 164 138 49536 156219 394 283 12977 113553 116771 37934 47894 3715
is_linear=0
shrinkage=0.05


Tree=10
num_leaves=31
num_cat=0
split_feature=292 292 292 292 292 289 288 239 288 267 288 271 194 292 289 288 289 117 180 289 257 254 288 281 287 208 288 289 117 220
split_gain=1.81869e+07 5.5682e+06 2.77608e+06 1.79401e+06 709939 623210 561275 556675 450984 404268 404104 372060 364444 327518 325104 281967 274433 262623 753345 227379 210192 204740 197266 191027 189811 183468 180137 172103 161046 195334
threshold=48.466068267822273 82.155952453613295 28.314865112304691 134.80252075195315 62.258462905883796 -132.74999999999997 27.750000000000004 -311.24999999999994 84.750000000000014 364.75000000000006 72.750000000000014 59.368551254272468 56.896196365356452 17.131627082824711 -27.749999999999996 255.50000000000003 -118.74999999999999 82.433078765869155 123.13367462158205 -248.74999999999997 109.52219390869142 -212.74999999999997 214.25000000000003 27.250000000000004 -103.24999999999999 69.730205535888686 19.750000000000004 -108.24999999999999 134.53950500488284 488.75000000000006
decision_type=2 2 2 2 2 2 2 2 2 2 2 2 2 2 2 2 2 2 2 2 2 2 2 2 2 2 2 2 2 2
left_child=2 4 13 5 12 10 14 16 21 19 -3 22 27 -1 -4 -10 17 18 23 20 -9 -7 -6 -5 -11 -13 -15 -2 -26 -30
right_child=1 3 6 7 11 8 -8 9 15 24 -12 25 -14 26 -16 -17 -18 -19 -20 -21 -22 -23 -24 -25 28 -27 -28 -29 29 -31
leaf_value=-0.42928630124378719 1.0233069979980147 1.4185105767230728 0.0084076287090996665 3.3920000479462447 0.8161816550908223 1.0461091391592192 0.088634760270284219 7.7768700962066646 1.121852247178976 6.2970689094066623 3.5229519470473649 0.46862872519820364 0.061027718642930495 -0.3074016887620345 -0.1480006896324029 3.3409055939742496 2.3118080522961821 2.9024500357187715 15.007486085891726 1.4141936320359596 2.5244715951383117 0.63037062635740426 3.0540509038632457 8.2637429874676922 2.1757598226198129 0.28435104992771837 -0.15861556750218803 0.25863674846923868 2.5101877706125379 6.6811560220718382
leaf_weight=51263 747 1501 46130 89 3938 3414 48909 25 5471 40 269 26484 35778 120069 118744 147 308 130 20 3557 80 22340 101 26 350 27565 24493 49227 64 50
leaf_count=51263 747 1501 46130 89 3938 3414 48909 25 5471 40 269 26484 35778 120069 118744 147 308 130 20 3557 80 22340 101 26 350 27565 24493 49227 64 50
internal_value=-3.72134e-10 0.41631 -0.184694 0.955639 0.274275 0.825524 -0.0601138 1.86559 0.774023 1.66461 1.73834 0.409239 0.18285 -0.320699 -0.104239 1.17992 3.32679 4.50647 6.05107 1.48189 3.77504 0.685482 0.872142 4.49344 2.99228 0.374647 -0.282193 0.270067 2.70738 4.33956
internal_weight=591329 181721 409608 37881 143840 33142 213783 4739 31372 4166 1770 58088 85752 195825 164874 5618 573 265 135 3662 105 25754 4039 115 504 54049 144562 49974 464 114
internal_count=591329 181721 409608 37881 143840 33142 213783 4739 31372 4166 1770 58088 85752 195825 164874 5618 573 265 135 3662 105 25754 4039 115 504 54049 144562 49974 464 114
is_linear=0
shrinkage=0.05


Tree=11
num_leaves=31
num_cat=0
split_feature=292 292 292 292 271 292 288 292 292 262 271 292 236 236 267 285 22 53 187 194 194 278 289 229 201 292 288 288 61 103
split_gain=1.64688e+07 4.08608e+06 3.59577e+06 1.2279e+06 708989 673843 589315 480490 405845 364185 359037 326179 343321 307537 302431 228713 230316 479831 222745 207616 203705 199963 197141 192557 173240 180630 171047 169433 177039 160836
threshold=54.568843841552741 92.48715972900392 31.632693290710453 157.28123474121097 79.785163879394545 70.287536621093764 39.750000000000007 21.839782714843754 41.734575271606452 -218.24999999999997 65.030941009521499 115.76091766357423 95.160331726074233 56.477312088012702 364.75000000000006 83.524166107177749 123.25000000000001 -53.659999847412102 51.918508529663093 35.407766342163093 23.022477149963382 134.85095214843753 -118.74999999999999 109.60898208618165 95.222625732421889 80.916057586669936 324.75000000000006 20.750000000000004 78.834194183349624 47.004417419433601
decision_type=2 2 2 2 2 2 2 2 2 2 2 2 2 2 2 2 2 2 2 2 2 2 2 2 2 2 2 2 2 2
left_child=2 5 7 4 15 13 8 -1 19 21 26 23 -13 22 -11 16 17 -3 -10 -4 -9 -5 -2 -6 25 -12 -7 -16 -29 -23
right_child=1 3 6 9 11 10 -8 20 18 14 24 12 -14 -15 27 -17 -18 -19 -20 -21 -22 29 -24 -25 -26 -27 -28 28 -30 -31
leaf_value=-0.35622387863112703 1.2898324436442867 3.8897035132416273 -0.0064781354236622627 7.4111988643120075 0.88733229169085315 1.0682779259007222 0.20971867932538438 -0.10317222174303027 0.11362472588177669 1.5432932386407314 0.43741708147374569 2.0205737125913443 1.0347697777921643 0.1928286907110244 7.6857259917259215 1.977697715499479 1.8123209331656847 12.469359583854676 -0.051802846026997779 -0.15426214876469654 -0.2497369700239955 5.9696657631132339 0.39115391236154162 0.48379932318059843 0.23800467995869071 0.68080813076333657 4.5421535412470497 1.7106163528760274 4.1202043077544941 2.8225659614873222
leaf_weight=109891 628 88 38184 29 9499 2256 29540 31471 52445 1482 21260 1037 5955 49756 20 575 71 20 33249 62937 96100 45 21593 4292 6266 11884 36 150 155 415
leaf_count=109891 628 88 38184 29 9499 2256 29540 31471 52445 1482 21260 1037 5955 49756 20 575 71 20 33249 62937 96100 45 21593 4292 6266 11884 36 150 155 415
internal_value=1.75416e-09 0.479354 -0.14525 1.07461 0.957429 0.354557 0.00219818 -0.279592 -0.0306159 2.17379 0.514486 0.902787 1.18098 0.261897 1.84621 2.46357 4.02433 5.47853 0.0494394 -0.0984579 -0.21358 3.3843 0.416552 0.761746 0.479106 0.524687 1.12284 3.2275 2.93516 3.13043
internal_weight=591329 137512 453817 23833 21537 113679 216355 237462 186815 2296 41702 20783 6992 71977 1807 754 179 108 85694 101121 127571 489 22221 13791 39410 33144 2292 325 305 460
internal_count=591329 137512 453817 23833 21537 113679 216355 237462 186815 2296 41702 20783 6992 71977 1807 754 179 108 85694 101121 127571 489 22221 13791 39410 33144 2292 325 305 460
is_linear=0
shrinkage=0.05


Tree=12
num_leaves=31
num_cat=0
split_feature=292 292 292 282 292 289 281 288 288 292 288 227 292 288 208 215 288 289 288 288 208 267 256 278 222 75 11 281 173 288
split_gain=1.48958e+07 3.79361e+06 3.28594e+06 980987 688941 628251 618333 540601 449432 348605 323813 276942 273992 262776 233233 232203 222930 208996 213127 207716 197337 192168 175002 171421 204267 189284 216664 173356 164699 159648
threshold=57.607843399047859 35.598617553710945 97.965423583984389 -214.24999999999997 23.036837577819828 -126.74999999999999 215.75000000000003 77.750000000000014 46.250000000000007 74.429710388183608 61.750000000000007 -402.24999999999994 45.177194595336921 32.750000000000007 36.632349014282234 49.673913955688484 284.00000000000006 -248.74999999999997 1.0000000180025095e-35 173.75000000000003 72.052619934082045 303.75000000000006 546.70498657226574 59.857458114624031 155.95196533203128 78.768566131591811 840.98498535156261 147.75000000000003 24.884131431579593 70.750000000000014
decision_type=2 2 2 2 2 2 2 2 2 2 2 2 2 2 2 2 2 2 2 2 2 2 2 2 2 2 2 2 2 2
left_child=1 4 5 10 -1 29 11 9 12 20 17 21 14 28 -3 -14 -8 22 -19 -9 -7 -5 -4 -12 27 -26 -27 -25 -6 -2
right_child=2 8 3 6 13 7 16 19 -10 -11 23 -13 15 -15 -16 -17 -18 18 -20 -21 -22 -23 -24 24 25 26 -28 -29 -30 -31
leaf_value=-0.32874784017831482 1.1272548186197242 0.087570608529009733 2.6981537528336048 1.6227508534644561 -0.099080814366679815 0.31710447334371983 1.7580573986553647 0.66870568931522667 0.26442873292890229 0.47151200454380932 7.1198794926915854 0.85518284780285958 0.19369270405824135 0.035421157806333169 -0.089919728789047887 0.016953731583468686 3.6254812276881676 5.4855828183312569 1.2574721437328307 1.7481118751367413 0.11514629670490815 6.3502743775194341 7.4113044879653236 2.264321014680009 9.3576509695161487 1.3253279391457053 7.457017967939378 5.2749608074535033 -0.22280606729345298 2.5292407088109612
leaf_weight=126004 1580 26013 188 938 35801 42906 1216 9353 21267 28974 28 15048 31628 13926 64161 45062 184 31 773 468 16844 22 22 366 22 34 25 55 108157 233
leaf_count=126004 1580 26013 188 938 35801 42906 1216 9353 21267 28974 28 15048 31628 13926 64161 45062 184 31 773 468 16844 22 22 366 22 34 25 55 108157 233
internal_value=1.77896e-09 -0.126167 0.499147 1.10297 -0.241558 0.385118 0.995837 0.36815 0.0479577 0.329187 2.31085 0.907711 0.0203682 -0.171974 -0.0387181 0.0898433 2.00349 1.78736 1.4205 0.720143 0.260171 1.73109 3.19191 3.31241 3.10004 5.39944 3.9235 2.65764 -0.192037 1.30743
internal_weight=591329 472019 119310 18952 283888 100358 17408 98545 188131 88724 1544 16008 166864 157884 90174 76690 1400 1014 804 9821 59750 960 210 530 502 81 59 421 143958 1813
internal_count=591329 472019 119310 18952 283888 100358 17408 98545 188131 88724 1544 16008 166864 157884 90174 76690 1400 1014 804 9821 59750 960 210 530 502 81 59 421 143958 1813
is_linear=0
shrinkage=0.05


Tree=13
num_leaves=31
num_cat=0
split_feature=292 292 292 292 292 271 288 215 262 289 236 292 288 267 285 236 288 289 289 22 220 229 285 234 280 155 288 187 288 283
split_gain=1.34884e+07 3.89383e+06 2.32103e+06 1.03964e+06 816987 603881 485971 321388 310083 302799 287693 286152 285680 257701 217497 217441 215530 203666 203191 202655 505104 191377 177400 175564 217557 513878 174355 170090 163496 151239
threshold=50.241176605224616 92.48715972900392 28.680177688598636 157.28123474121097 68.133625030517592 80.952445983886733 21.250000000000004 51.236576080322273 -218.24999999999997 -26.749999999999996 67.57694244384767 123.25416183471681 12.750000000000002 364.75000000000006 86.604354858398452 95.160331726074233 160.75000000000003 -20.249999999999996 -12.749999999999998 123.25000000000001 28.250000000000004 109.60898208618165 44.158370971679695 -379.24999999999994 -167.24999999999997 -420.24999999999994 57.250000000000007 88.600662231445327 29.750000000000004 -103.74999999999999
decision_type=2 2 2 2 2 2 2 2 2 2 2 2 2 2 2 2 2 2 2 2 2 2 2 2 2 2 2 2 2 2
left_child=2 4 12 5 7 14 9 22 23 -4 16 21 18 -10 19 -13 -6 -8 -1 20 -3 -7 -2 24 25 -5 -19 -25 -9 -15
right_child=1 3 6 8 10 11 17 28 13 -11 -12 15 -14 29 -16 -17 -18 26 -20 -21 -22 -23 -24 27 -26 -27 -28 -29 -30 -31
leaf_value=-0.22960043329971636 1.5029368537340895 3.4667047622551523 0.0062359215051384538 3.7593067668065303 0.6258155538292135 0.83768728101942092 0.2541997001111419 0.078349222770514607 1.4007458588915316 -0.14574334629124081 0.3784070775874272 2.0219504699876376 -0.17909842183956806 6.2770731806755071 1.6834420483430912 1.0200381984609901 1.9574254452864317 0.00060517371842731815 -0.35465702463136139 1.6718981537482014 12.049301474094392 0.47566432036150164 0.32604246479654014 4.4722524570097972 2.3596958181307794 11.081803408960502 0.27230108058800412 1.2663826850203876 0.23966838814801009 2.60518444938978
leaf_weight=49665 324 120 50007 119 11667 10309 11661 42891 1482 95102 36819 623 57022 31 580 4141 312 59532 93877 92 20 5652 27281 55 118 30 6555 167 24781 294
leaf_count=49665 324 120 50007 119 11667 10309 11661 42891 1482 95102 36819 623 57022 31 580 4141 312 59532 93877 92 20 5652 27281 55 118 30 6555 167 24781 294
internal_value=5.92859e-10 0.379215 -0.150378 0.971223 0.281285 0.863399 -0.0393232 0.196075 1.98264 -0.0933687 0.447655 0.810993 -0.273777 1.68036 2.20099 1.15106 0.660498 0.0615474 -0.311388 3.49485 4.69279 0.70949 0.339856 3.09962 3.9635 5.23363 0.027554 2.06063 0.137423 2.95543
internal_weight=591329 167908 423421 23833 144075 21537 222857 95277 2296 145109 48798 20725 200564 1807 812 4764 11979 77748 143542 232 140 15961 27605 489 267 149 66087 222 67672 325
internal_count=591329 167908 423421 23833 144075 21537 222857 95277 2296 145109 48798 20725 200564 1807 812 4764 11979 77748 143542 232 140 15961 27605 489 267 149 66087 222 67672 325
is_linear=0
shrinkage=0.05


Tree=14
num_leaves=31
num_cat=0
split_feature=292 292 292 292 282 292 288 267 250 243 281 26 234 225 208 289 289 292 288 198 246 231 288 288 289 159 292 285 289 288
split_gain=1.22415e+07 3.41421e+06 2.5229e+06 760507 650543 625736 423764 402573 388644 305184 291763 290796 248245 303630 233714 229949 200476 195097 180688 179511 185885 168189 154609 154240 178582 154132 148884 139222 136879 126679
threshold=59.819221496582038 36.451536178588874 115.76091766357423 80.916057586669936 -214.24999999999997 25.952977180480961 35.750000000000007 364.75000000000006 73.64386367797853 59.94276428222657 83.250000000000014 51.821285247802741 -379.24999999999994 -232.74999999999997 27.40516567230225 -55.749999999999993 -108.24999999999999 16.17264556884766 95.250000000000014 -535.74999999999989 95.750000000000014 -402.24999999999994 181.25000000000003 72.750000000000014 -198.74999999999997 41.005125045776374 45.694881439208991 59.397909164428718 -36.249999999999993 114.75000000000001
decision_type=2 2 2 2 2 2 2 2 2 2 2 2 2 2 2 2 2 2 2 2 2 2 2 2 2 2 2 2 2 2
left_child=1 5 3 9 10 17 15 21 27 16 12 -12 13 -4 -7 -3 22 -1 -8 20 -9 -6 -2 28 -25 -17 -27 -5 -10 -18
right_child=2 6 4 8 7 14 18 19 23 -11 11 -13 -14 -15 -16 25 29 -19 -20 -21 -22 -23 -24 24 -26 26 -28 -29 -30 -31
leaf_value=-0.37207718955021496 1.096692192496844 0.22416132734522998 2.76847562188805 3.6739574174468332 1.7298436157152643 -0.019051357487362724 0.1784481663842542 8.7925142083849224 0.59926152882848271 0.25631352337837432 9.5986373901367195 3.5088490761329085 1.4677272285325247 8.9569099210557486 -0.17201384599022734 0.076115650891631872 0.42635079741991744 -0.24704320853609968 0.69938061683464969 2.0896850100033242 2.0571698915958403 0.93544385096477789 4.866641213212695 5.5073646354675292 0.77370204364173278 -0.10699988901664026 0.020547184955971444 1.0676018282847943 0.3468707738063434 1.0663469742869576
leaf_weight=41709 947 12480 353 52 737 34042 38899 21 12483 52468 24 107 587 21 93728 44788 13279 123807 1739 613 20 6944 28 20 5263 41629 50799 3491 9430 821
leaf_count=41709 947 12480 353 52 737 34042 38899 21 12483 52468 24 107 587 21 93728 44788 13279 123807 1739 613 20 6944 28 20 5263 41629 50799 3491 9430 821
internal_value=1.20355e-09 -0.107361 0.482058 0.407113 1.2634 -0.214384 0.0575502 1.11306 0.613285 0.313283 2.41093 4.62454 2.10918 3.11595 -0.13126 0.0186784 0.511563 -0.278551 0.20074 2.30392 5.50698 1.01167 1.20496 0.549114 0.791622 -1.05976e-05 -0.0368992 1.10585 0.490648 0.463616
internal_weight=591329 483620 107709 98282 9427 293286 190334 8335 30739 67543 1092 131 961 374 127770 149696 15075 165516 40638 654 41 7681 975 27196 5283 137216 92428 3543 21913 14100
internal_count=591329 483620 107709 98282 9427 293286 190334 8335 30739 67543 1092 131 961 374 127770 149696 15075 165516 40638 654 41 7681 975 27196 5283 137216 92428 3543 21913 14100
is_linear=0
shrinkage=0.05


Tree=15
num_leaves=31
num_cat=0
split_feature=292 292 292 292 288 271 286 121 288 254 289 281 288 18 288 289 289 288 289 288 276 286 289 289 208 289 288 138 145 288
split_gain=1.10591e+07 3.42928e+06 1.65803e+06 1.05339e+06 571019 476026 411102 388321 383812 381467 328192 306656 291565 248892 242710 226443 217137 214741 210175 207190 198971 182416 176889 173147 194664 169333 168504 156842 307177 153754
threshold=48.164575576782234 84.996833801269545 28.314865112304691 134.80252075195315 47.250000000000007 80.952445983886733 -323.06172180175776 -374.74999999999994 18.250000000000004 -168.74999999999997 -100.24999999999999 215.75000000000003 1.2500000000000002 743.30749511718761 10.750000000000002 -27.249999999999996 -47.249999999999993 84.250000000000014 -248.74999999999997 116.75000000000001 81.250000000000014 -143.24167633056638 -16.749999999999996 -78.749999999999986 56.900205612182624 -13.249999999999998 119.75000000000001 83.768711090087905 82.388545989990249 22.750000000000004
decision_type=2 2 2 2 2 2 2 2 2 2 2 2 2 2 2 2 2 2 2 2 2 2 2 2 2 2 2 2 2 2
left_child=2 4 14 5 9 18 7 12 15 -2 -6 -8 -5 -13 25 -4 -11 21 26 -12 -15 -7 -10 24 -19 -1 -3 28 -14 -18
right_child=1 3 8 6 10 17 11 -9 22 16 19 13 27 20 -16 -17 29 23 -20 -21 -22 -23 -24 -25 -26 -27 -28 -29 -30 -31
leaf_value=-0.21092761372242569 0.49555359773047086 2.3971228361129762 -0.0097821632112576502 8.102245033354988 1.6974255452902356 0.82569878764019133 1.047480905405588 8.7380667516961701 0.17465965091181021 0.27320132242418266 0.35239646497038224 1.4913877254558934 2.506819472981288 8.1209183147975388 -0.17388131670587947 -0.15138017851029675 0.042972332068429646 6.5619228363037116 1.25877324035788 0.86787045248672412 3.0375782673622105 0.47054153562235412 -0.0031048016702488281 0.85541698809830502 1.7786210036662256 -0.33225947149640694 6.733737335886274 1.4974891434939144 8.2493220305442811 0.17804330565704812
leaf_weight=43675 8320 112 42616 21 484 4568 3197 24 17660 25214 30177 441 340 21 67966 83669 45122 24 1949 2084 231 17338 67420 4269 187 84184 28 439 25 39524
leaf_count=43675 8320 112 42616 21 484 4568 3197 24 17660 25214 30177 441 340 21 67966 83669 45122 24 1949 2084 231 17338 67420 4269 187 84184 28 439 25 39524
internal_value=5.30866e-10 0.321544 -0.145408 0.781502 0.220321 0.66663 1.47173 2.46856 -0.0482934 0.169127 0.405084 1.25417 2.28618 2.20768 -0.25023 -0.103597 0.144406 0.609107 1.39319 0.385695 3.46119 0.544602 0.0337936 0.924523 2.32269 -0.290814 3.26445 2.13427 2.90014 0.106041
internal_weight=591329 184139 407190 33214 150925 28475 4739 849 211365 118180 32745 3890 825 693 195825 126285 109860 26386 2089 32261 252 21906 85080 4480 211 127859 140 804 365 84646
internal_count=591329 184139 407190 33214 150925 28475 4739 849 211365 118180 32745 3890 825 693 195825 126285 109860 26386 2089 32261 252 21906 85080 4480 211 127859 140 804 365 84646
is_linear=0
shrinkage=0.05


Tree=16
num_leaves=31
num_cat=0
split_feature=292 292 292 289 282 288 288 281 288 289 286 292 289 288 232 289 288 180 288 288 288 54 61 187 11 159 288 289 166 173
split_gain=1.00571e+07 2.80011e+06 2.08067e+06 585773 551129 474522 454982 437263 376790 313789 273307 260323 248286 242866 218250 213361 199730 208530 197308 177008 171568 170860 436833 157219 143937 141853 130049 126251 120621 239325
threshold=59.819221496582038 35.598617553710945 109.69269180297853 -126.74999999999999 -268.24999999999994 13.250000000000002 76.750000000000014 215.75000000000003 22.750000000000004 -17.749999999999996 -323.06172180175776 80.916057586669936 -27.749999999999996 72.250000000000014 135.75000000000003 -42.249999999999993 237.50000000000003 32.81007385253907 71.750000000000014 40.250000000000007 284.00000000000006 53.551742553710945 49.945014953613288 73.848266601562514 840.98498535156261 101.59299468994142 0.75000000000000011 -7.7499999999999991 115.64368820190431 109.60205841064455
decision_type=2 2 2 2 2 2 2 2 2 2 2 2 2 2 2 2 2 2 2 2 2 2 2 2 2 2 2 2 2 2
left_child=1 5 3 13 21 9 11 10 15 -1 14 23 -10 -2 26 -3 -8 -18 -14 27 -9 22 -4 -5 28 -13 -6 -7 29 -23
right_child=2 8 4 6 7 19 16 20 12 -11 -12 25 18 -15 -16 -17 17 -19 -20 -21 -22 24 -24 -25 -26 -27 -28 -29 -30 -31
leaf_value=-0.14088350133972574 0.95429876837423311 0.11818194171170193 2.5229227658281164 0.30422339213091032 5.3387873985550627 -0.043721689952703154 0.61354679393510836 1.6453245918923554 0.36944590954472667 -0.28354945444475654 0.78481356312158801 0.52469268380077394 0.074701750322516455 2.4868891535039319 6.0195260253601841 -0.04475587213464971 6.8506381227211524 1.6568609752182692 0.40193598045194556 0.11632967669499504 3.379592057164893 1.8668175155485889 8.8988111776464134 0.13383439574259448 4.3723276964405136 0.23694326166584229 1.4486913321228982 -0.17163908867611788 0.60427483053681286 6.8847625328944275
leaf_weight=53623 1950 25538 128 40218 22 29576 10951 1012 9546 137046 8971 16065 65488 298 28 94205 22 159 4955 8183 166 276 34 20408 57 5840 917 55460 161 26
leaf_count=53623 1950 25538 128 40218 22 29576 10951 1012 9546 137046 8971 16065 65488 298 28 94205 22 159 4955 8183 166 276 34 20408 57 5840 917 55460 161 26
internal_value=-1.25965e-10 -0.0973118 0.436936 0.35986 1.06351 -0.198227 0.340717 0.978868 0.0461233 -0.243427 0.870901 0.300245 0.130148 1.15746 1.66954 -0.0100056 0.640775 2.28815 0.0977196 -0.105776 1.88971 2.44318 3.86107 0.246867 2.00145 0.447977 1.53983 -0.127149 1.70958 2.29883
internal_weight=591329 483620 107709 95911 11798 283888 93663 11116 199732 190669 9938 82531 79989 2248 967 119743 11132 181 70443 93219 1178 682 162 60626 520 21905 939 85036 463 302
internal_count=591329 483620 107709 95911 11798 283888 93663 11116 199732 190669 9938 82531 79989 2248 967 119743 11132 181 70443 93219 1178 682 162 60626 520 21905 939 85036 463 302
is_linear=0
shrinkage=0.05


Tree=17
num_leaves=31
num_cat=0
split_feature=292 292 292 289 282 292 288 288 267 292 281 26 288 159 239 288 288 173 269 292 201 173 261 138 222 124 231 292 159 288
split_gain=9.07652e+06 2.53431e+06 1.88579e+06 589944 517170 498530 455303 324619 322983 266474 258656 250253 218596 203232 202189 201819 190617 184363 160522 158186 142032 140003 138729 176543 138004 317962 132331 132184 122820 117626
threshold=59.819221496582038 36.857629776000984 115.76091766357423 -126.74999999999999 -214.24999999999997 23.540399551391605 76.750000000000014 46.750000000000007 364.75000000000006 80.916057586669936 83.250000000000014 51.821285247802741 72.250000000000014 41.005125045776374 -311.24999999999994 237.50000000000003 32.750000000000007 31.457007408142093 98.750000000000014 45.694881439208991 72.888679504394545 24.884131431579593 -216.74999999999997 40.531642913818366 155.95196533203128 134.71997833251956 -402.24999999999994 14.613535881042482 101.59299468994142 95.250000000000014
decision_type=2 2 2 2 2 2 2 2 2 2 2 2 2 2 2 2 2 2 2 2 2 2 2 2 2 2 2 2 2 2
left_child=1 5 3 12 10 27 9 13 26 20 14 -12 -2 22 24 -8 21 -17 -10 -15 -5 -7 23 -3 -4 -26 -6 -1 -11 -9
right_child=2 7 4 6 8 16 15 29 18 28 11 -13 -14 19 -16 17 -18 -19 -20 -21 -22 -23 -24 -25 25 -27 -28 -29 -30 -31
leaf_value=-0.35180752134477133 0.92643882908487096 0.76650563444510889 2.3175624468420568 0.29195947628522811 1.5027792467469077 -0.053110025557423571 0.59542545865823526 0.19826037758911672 5.8730638960806232 0.50500123583198586 8.8123404840628314 3.1630047916808977 2.296867996099397 -0.084224387336978845 1.2881219003138222 6.7763696455955511 0.040841869979008127 1.7028305407940296 1.8638399507375849 0.038616657545702558 0.13255122117023196 -0.16854216382214485 0.099062938225281866 5.5719079558551314 9.6014310422150988 2.2879191236836571 0.79813222058211875 -0.22924601865364008 0.25086710905472048 0.6279021203367251
leaf_weight=27825 2131 431 279 38782 737 34027 11568 20540 26 16798 24 107 337 44363 617 20 15718 171 628 64036 21844 115196 54659 20 23 42 6944 105078 6631 1727
leaf_count=27825 2131 431 279 38782 737 34027 11568 20540 26 16798 24 107 337 44363 617 20 15718 171 628 64036 21844 115196 54659 20 23 42 6944 105078 6631 1727
internal_value=-2.89855e-10 -0.0924462 0.415089 0.350294 1.09061 -0.182842 0.330634 0.0524801 0.956565 0.289867 2.11377 4.198 1.11357 0.0280895 1.82965 0.622042 -0.124776 2.23409 2.02323 -0.0116568 0.234523 -0.14222 0.106269 0.979606 2.80095 4.87578 0.865744 -0.254906 0.433075 0.231583
internal_weight=591329 483620 107709 98282 9427 297844 95814 185776 8335 84055 1092 131 2468 163509 961 11759 164941 191 654 108399 60626 149223 55110 451 344 65 7681 132903 23429 22267
internal_count=591329 483620 107709 98282 9427 297844 95814 185776 8335 84055 1092 131 2468 163509 961 11759 164941 191 654 108399 60626 149223 55110 451 344 65 7681 132903 23429 22267
is_linear=0
shrinkage=0.05


Tree=18
num_leaves=31
num_cat=0
split_feature=292 292 292 289 292 288 288 288 180 236 289 288 289 289 289 274 288 288 206 229 103 289 94 222 281 282 246 289 281 24
split_gain=8.22406e+06 2.68637e+06 1.12674e+06 754210 554105 536940 384496 287552 286872 244619 216759 200346 195209 182527 178132 172478 167722 166375 162504 284171 407043 142480 129375 129324 296269 124174 117027 116858 116722 113182
threshold=46.767923355102546 88.469745635986342 27.049151420593265 -122.74999999999999 66.238334655761733 177.75000000000003 114.75000000000001 18.250000000000004 55.787151336669929 67.57694244384767 -248.74999999999997 76.250000000000014 -34.249999999999993 -24.249999999999996 -102.74999999999999 335.25000000000006 324.75000000000006 10.750000000000002 -460.74999999999994 155.63330841064456 88.693962097167983 -16.749999999999996 721.75000000000011 155.95196533203128 96.250000000000014 -214.24999999999997 -282.24999999999994 -12.249999999999998 74.250000000000014 -798.74999999999989
decision_type=2 2 2 2 2 2 2 2 2 2 2 2 2 2 2 2 2 2 2 2 2 2 2 2 2 2 2 2 2 2
left_child=2 4 17 6 8 11 10 13 14 16 22 12 26 -4 -2 -7 25 27 19 -12 -21 -9 29 -8 -25 -6 -5 -1 -23 -3
right_child=1 3 7 5 9 15 23 21 -10 -11 18 -13 -14 -15 -16 -17 -18 -19 -20 20 -22 28 -24 24 -26 -27 -28 -29 -30 -31
leaf_value=-0.19134390069122323 0.79193731721508553 3.8910913048802236 -0.024491649354713058 1.4016815474216293 1.2919980812143406 1.3191722011150182 2.8204023335430595 0.15091980290003693 0.042540188094431088 0.2549859079011802 1.458234092892905 0.82258535349012163 0.27737683874251395 -0.14566836638873593 0.1883679524147098 2.7487978563922795 4.0024264828247187 -0.15572102392923923 0.93155687078881189 10.990820903778078 2.41795940068033 -0.033360251972116041 6.0790560017461361 10.280816376805305 1.9599533187306446 0.46118884978942748 0.58704694083076292 -0.29452464214605806 0.20757462024430107 1.6897394119155784
leaf_weight=42629 1247 76 49837 459 464 643 210 16322 52940 35923 353 6354 6520 82553 62069 314 34 59965 1956 20 45 61789 23 20 23 14642 11154 77021 5472 252
leaf_count=42629 1247 76 49837 459 464 643 210 16322 52940 35923 353 6354 6520 82553 62069 314 34 59965 1956 20 45 61789 23 20 23 14642 11154 77021 5472 252
internal_value=9.04003e-11 0.265081 -0.131165 0.714506 0.188739 0.626389 1.46737 -0.0542109 0.128436 0.326032 1.29426 0.580982 0.496321 -0.100053 0.200255 1.78824 0.494603 -0.223696 1.12279 2.01766 5.05576 0.0183993 2.454 3.33194 5.83012 0.486708 0.619245 -0.257763 -0.0137591 2.19981
internal_weight=591329 195741 395588 28422 167319 25444 2978 215973 116256 51063 2725 24487 18133 132390 63316 957 15140 179615 2374 418 65 83583 351 253 43 15106 11613 119650 67261 328
internal_count=591329 195741 395588 28422 167319 25444 2978 215973 116256 51063 2725 24487 18133 132390 63316 957 15140 179615 2374 418 65 83583 351 253 43 15106 11613 119650 67261 328
is_linear=0
shrinkage=0.05


Tree=19
num_leaves=31
num_cat=0
split_feature=292 292 292 292 282 285 288 288 229 288 288 197 289 289 289 289 292 288 18 289 292 289 231 288 289 278 288 281 194 187
split_gain=7.46612e+06 1.95163e+06 1.55924e+06 558611 469153 396673 391467 315536 245093 233832 230200 216737 325508 461291 210100 190384 188901 170175 165464 212010 163292 161776 160446 149052 137895 148186 135353 134157 133113 128019
threshold=53.524135589599616 97.965423583984389 30.71053504943848 157.28123474121097 -141.74999999999997 83.524166107177749 56.250000000000007 17.750000000000004 95.12317276000978 14.250000000000002 382.25000000000006 -445.74999999999994 -118.74999999999999 -132.74999999999997 -42.249999999999993 -16.749999999999996 71.788436889648452 160.75000000000003 743.30749511718761 -248.74999999999997 115.76091766357423 -12.749999999999998 -311.74999999999994 58.250000000000007 -132.74999999999997 83.516807556152358 68.750000000000014 190.25000000000003 95.243133544921889 62.465223312377937
decision_type=2 2 2 2 2 2 2 2 2 2 2 2 2 2 2 2 2 2 2 2 2 2 2 2 2 2 2 2 2 2
left_child=2 4 9 5 26 -3 16 14 20 21 11 12 13 22 -4 -9 29 -8 -13 -20 -7 -1 -5 -17 25 -22 -2 -21 -18 -6
right_child=1 3 7 10 6 8 17 15 -10 -11 -12 18 -14 -15 -16 23 28 -19 19 27 24 -23 -24 -25 -26 -27 -28 -29 -30 -31
leaf_value=-0.15839863669792092 0.65405167537271458 3.8243163369297983 0.085340726859224475 2.5413158306960142 0.19703356725926591 0.78639322280159751 0.3828762069540193 0.17988225790583426 0.54797118606919792 -0.10848172654943217 4.9798443970369535 0.87792734045398024 1.2634937427017128 11.136855731010437 -0.090332089536455162 -0.0030800844044808519 0.34665355362393907 1.1647974685317004 5.6346478952301879 1.0775339061996458 6.0260222379977897 -0.26099266108633029 6.9346062342325858 0.23756820182088056 1.1819666921089544 2.0635206616246236 1.5647948198337724 2.8123698465171318 0.089523387719682088 0.060774617205618178
leaf_weight=60272 3946 100 20477 155 37478 3190 22548 24676 12044 59751 47 1248 267 20 100812 67813 21859 718 36 331 26 106005 24 7109 1041 255 455 168 6539 31919
leaf_count=60272 3946 100 20477 155 37478 3190 22548 24676 12044 59751 47 1248 267 20 100812 67813 21859 718 36 331 26 106005 24 7109 1041 255 455 168 6539 31919
internal_value=1.62568e-09 0.312544 -0.100994 0.785469 0.241105 0.684684 0.22267 -0.00652034 0.66572 -0.193319 1.5166 1.44423 2.40434 3.93503 -0.0606736 0.0594267 0.178815 0.407007 1.19329 1.92895 0.98003 -0.223804 3.13036 0.0197539 1.44728 2.43016 0.748209 1.66161 0.287446 0.134362
internal_weight=591329 144414 446915 18952 125462 16656 121061 220887 16556 226028 2296 2249 466 199 121289 99598 97795 23266 1783 535 4512 166277 179 74922 1322 281 4401 499 28398 69397
internal_count=591329 144414 446915 18952 125462 16656 121061 220887 16556 226028 2296 2249 466 199 121289 99598 97795 23266 1783 535 4512 166277 179 74922 1322 281 4401 499 28398 69397
is_linear=0
shrinkage=0.05


Tree=20
num_leaves=31
num_cat=0
split_feature=292 292 292 289 282 292 288 281 267 288 281 152 275 289 288 288 234 225 288 152 198 246 282 289 285 275 288 231 292 288
split_gain=6.75396e+06 1.89222e+06 1.41952e+06 470258 398857 391806 360685 252371 252137 237605 229490 221358 198950 178597 187825 177822 169617 273347 168052 153470 151345 161563 135066 131684 118212 112560 109605 105514 96175.8 95633.7
threshold=59.819221496582038 37.281881332397468 115.76091766357423 -102.74999999999999 -214.24999999999997 22.36353969573975 59.750000000000007 65.250000000000014 364.75000000000006 30.250000000000004 83.250000000000014 56.169322967529304 -111.74999999999999 -40.749999999999993 21.750000000000004 30.750000000000004 -379.24999999999994 -232.74999999999997 160.75000000000003 42.41383361816407 -535.74999999999989 95.750000000000014 -26.749999999999996 -36.749999999999993 47.868627548217781 44.250000000000007 25.750000000000004 -402.24999999999994 14.613535881042482 181.25000000000003
decision_type=2 2 2 2 2 2 2 2 2 2 2 2 2 2 2 2 2 2 2 2 2 2 2 2 2 2 2 2 2 2
left_child=1 5 3 9 10 28 13 12 27 -2 16 -12 -3 14 -5 23 17 29 22 -14 21 -10 -8 -7 -11 -13 -15 -6 -1 -4
right_child=2 7 4 6 8 15 18 -9 20 24 11 25 19 26 -16 -17 -18 -19 -20 -21 -22 -23 -24 -25 -26 -27 -28 -29 -30 -31
leaf_value=-0.30911435334719151 0.55483649723908457 0.29626943656301891 1.8758812838622756 0.2408090861294726 1.3150277656021565 0.032815006135523669 0.68783988528610762 0.21011547617934132 7.7729847998846147 3.234833790871658 7.0212754977376832 1.5815981753068429 0.080807503122293844 0.064009031714008374 0.52312459404251566 0.028581493550955701 1.0448455064229072 7.9492940188163805 1.1445938090688397 -0.023006898010790752 1.5721696165893198 1.4937308019399644 0.36449236908184074 -0.14061712479725363 1.2087772777943913 5.8153725248575219 0.22518961027151041 0.68581801442489976 -0.20262233576746663 5.4356825053691864
leaf_weight=27825 3562 6558 333 20658 737 11785 4093 21216 21 76 38 73 56200 17454 8242 20291 587 21 866 97121 613 20 15310 153553 1366 20 26655 6944 89071 20
leaf_count=27825 3562 6558 333 20658 737 11785 4093 21216 21 76 38 73 56200 17454 8242 20291 587 21 866 97121 613 20 15310 153553 1366 20 26655 6944 89071 20
internal_value=-4.02147e-11 -0.0797459 0.358064 0.301847 0.944156 -0.156266 0.276515 0.0480835 0.826436 0.774054 1.84269 3.8059 0.0265818 0.22471 0.321323 -0.111111 1.57507 2.40727 0.463117 0.0150464 1.76888 4.70993 0.432701 -0.128255 1.31556 2.49209 0.16141 0.746191 -0.227971 2.07757
internal_weight=591329 483620 107709 98282 9427 302525 93278 181095 8335 5004 1092 131 159879 73009 28900 185629 961 374 20269 153321 654 41 19403 165338 1442 93 44109 7681 116896 353
internal_count=591329 483620 107709 98282 9427 302525 93278 181095 8335 5004 1092 131 159879 73009 28900 185629 961 374 20269 153321 654 41 19403 165338 1442 93 44109 7681 116896 353
is_linear=0
shrinkage=0.05


Tree=21
num_leaves=31
num_cat=0
split_feature=292 292 292 282 281 289 288 254 288 81 288 4 286 288 288 289 288 289 17 288 289 289 87 262 227 260 5 236 289 292
split_gain=6.137e+06 1.92299e+06 919650 699663 471435 308275 287434 239541 228166 212663 208457 223532 316534 158891 155800 152645 165258 147876 140368 135590 132177 131929 119791 113288 215521 112954 113328 109637 107455 103991
threshold=48.164575576782234 82.155952453613295 28.314865112304691 -214.24999999999997 190.25000000000003 -105.24999999999999 39.250000000000007 -212.74999999999997 25.250000000000004 782.20251464843761 112.75000000000001 -221.14749908447263 -323.06172180175776 9.2500000000000018 110.75000000000001 -16.249999999999996 15.750000000000002 -40.749999999999993 -810.74999999999989 226.25000000000003 -171.74999999999997 -22.749999999999996 224.75000000000003 -218.24999999999997 -311.74999999999994 396.75000000000006 135.21182250976565 62.362474441528327 -21.749999999999996 123.25416183471681
decision_type=2 2 2 2 2 2 2 2 2 2 2 2 2 2 2 2 2 2 2 2 2 2 2 2 2 2 2 2 2 2
left_child=2 5 13 10 7 19 15 -5 17 -6 18 -12 -13 28 21 16 -7 -4 23 -2 -9 -8 -11 24 27 -24 -27 -3 -1 -22
right_child=1 3 8 4 9 6 14 20 -10 22 11 12 -14 -15 -16 -17 -18 -19 -20 -21 29 -23 25 -25 -26 26 -28 -29 -30 -31
leaf_value=-0.10821244310138589 0.6484746727012678 5.7933440050482758 0.063627574851211358 0.78136177551708363 0.95563746676125383 0.077674697890653052 0.41147326493219111 1.7309119139948199 0.050246922112836059 5.4567619562149048 1.5278687942220319 9.4132078151702885 3.0610952583643107 -0.13230339177682762 0.6488565826839896 -0.004761158577367126 0.22845158156761458 -0.08549437610908163 1.0757090294146072 4.7802061298489571 0.3567066962915762 0.1867176715692237 1.1345401985033488 0.45263752478067992 7.3589381158351905 2.1865416312398334 5.0685481168502982 1.8612106022544397 -0.24397590906333488 0.64151519901873866
leaf_weight=17105 2767 20 18937 4882 2062 46196 8245 186 56276 26 155 25 91 80192 2394 25302 29959 136152 1398 20 24696 31375 208 61 24 165 43 156 98528 3683
leaf_count=17105 2767 20 18937 4882 2062 46196 8245 186 56276 26 155 25 91 80192 2394 25302 29959 136152 1398 20 24696 31375 208 61 24 165 43 156 98528 3683
internal_value=7.23326e-11 0.23953 -0.10832 0.557023 0.507235 0.157298 0.147181 0.457694 -0.0359928 1.16897 1.48445 2.77015 4.43009 -0.186386 0.257158 0.101639 0.13699 -0.067286 1.27443 0.678125 0.402376 0.23349 2.16422 2.33885 2.91415 1.95844 2.78234 2.30804 -0.223893 0.393669
internal_weight=591329 184139 407190 37881 35951 146258 143471 33447 211365 2504 1930 271 116 195825 42014 101457 76155 155089 1659 2787 28565 39620 442 261 200 416 208 176 115633 28379
internal_count=591329 184139 407190 37881 35951 146258 143471 33447 211365 2504 1930 271 116 195825 42014 101457 76155 155089 1659 2787 28565 39620 442 261 200 416 208 176 115633 28379
is_linear=0
shrinkage=0.05


Tree=22
num_leaves=31
num_cat=0
split_feature=292 292 292 282 288 261 288 231 159 288 274 292 288 289 288 281 280 175 288 241 289 292 289 288 289 289 288 238 9 285
split_gain=5.54795e+06 1.8225e+06 754694 631446 440297 301199 304567 216686 214599 198133 170601 148826 145194 138359 132582 121673 156884 164868 119359 244484 117922 116823 115160 115058 162661 123845 113826 113326 232950 137520
threshold=46.767923355102546 82.155952453613295 27.049151420593265 -214.24999999999997 138.25000000000003 -152.24999999999997 47.250000000000007 -402.24999999999994 30.881833076477054 34.750000000000007 335.25000000000006 39.230527877807624 117.75000000000001 -52.249999999999993 22.250000000000004 147.75000000000003 -214.24999999999997 99.750000000000014 1.0000000180025095e-35 -354.24999999999994 -171.74999999999997 37.497882843017585 -126.74999999999999 49.750000000000007 -46.249999999999993 -34.249999999999993 19.750000000000004 -378.24999999999994 -6.7499999999999991 66.84317779541017
decision_type=2 2 2 2 2 2 2 2 2 2 2 2 2 2 2 2 2 2 2 2 2 2 2 2 2 2 2 2 2 2
left_child=2 5 14 9 7 22 13 -5 21 18 -6 -10 -8 -7 -1 27 -17 -18 19 -3 -9 -4 -2 25 -25 -22 -15 28 29 -11
right_child=1 3 8 4 10 6 12 20 11 15 -12 -13 -14 26 -16 16 17 -19 -20 -21 23 -23 -24 24 -26 -27 -28 -29 -30 -31
leaf_value=-0.19725868975671731 0.95122975933938825 7.3858869109834941 -0.0077637018942134668 1.0954590402472382 0.93285282598241892 0.20944223693114281 0.23695872149738931 1.4249733085498999 -0.11744945584201559 5.9301006924022328 1.9963465347350575 -0.016023865638582505 0.69215612297373319 0.0075925267610179939 -0.049724352654475258 1.6093294944034682 8.7197616613429538 2.512597758769989 0.73940537900155479 0.56177992412022182 0.40640486003517762 0.14654731781991023 0.35180842011522961 0.89884110972855924 0.43589127997192156 0.12704428420723299 0.11585587069822856 1.2721407449934869 7.6546559792757041 1.8449610211507039
leaf_weight=162816 874 21 48239 1204 1759 19433 28865 285 91461 22 480 59826 1865 47185 16799 45 23 20 871 35 14032 16447 9628 2324 10336 5531 50010 549 20 324
leaf_count=162816 874 21 48239 1204 1759 19433 28865 285 91461 22 480 59826 1865 47185 16799 45 23 20 871 35 14032 16447 9628 2324 10336 5531 50010 549 20 324
internal_value=-2.70206e-11 0.217722 -0.107731 0.529172 0.481873 0.142985 0.124547 0.436779 -0.0447507 1.41023 1.16085 -0.077341 0.264585 0.0876487 -0.18346 1.89726 3.67303 5.83271 0.883266 3.12082 0.412383 0.0314713 0.401694 0.403427 0.520875 0.327422 0.0632976 1.72648 2.40799 2.10471
internal_weight=591329 195741 395588 37881 35951 157860 147358 33712 215973 1930 2239 151287 30730 116628 179615 1003 88 43 927 56 32508 64686 10502 32223 12660 19563 97195 915 366 346
internal_count=591329 195741 395588 37881 35951 157860 147358 33712 215973 1930 2239 151287 30730 116628 179615 1003 88 43 927 56 32508 64686 10502 32223 12660 19563 97195 915 366 346
is_linear=0
shrinkage=0.05


Tree=23
num_leaves=31
num_cat=0
split_feature=292 292 292 254 288 288 286 29 281 288 289 166 288 111 158 11 276 289 288 271 288 288 288 232 292 289 166 289 289 269
split_gain=5.0439e+06 1.44996e+06 1.04842e+06 424427 317285 309448 272556 307192 234707 234543 219985 211169 183777 250845 525753 154792 213242 136586 153034 135192 134422 129541 124127 122691 119606 117882 237375 113920 112808 109384
threshold=60.752277374267585 37.281881332397468 123.25416183471681 -212.74999999999997 13.250000000000002 76.750000000000014 -323.06172180175776 30.250000000000004 215.75000000000003 0.75000000000000011 -19.249999999999996 41.22783279418946 237.50000000000003 106.88602447509767 -30.817500114440914 840.98498535156261 122.25000000000001 -49.249999999999993 14.250000000000002 82.227939605712905 15.750000000000002 25.750000000000004 42.750000000000007 64.250000000000014 44.66682434082032 -248.74999999999997 63.567878723144538 -78.749999999999986 -7.2499999999999991 -248.74999999999997
decision_type=2 2 2 2 2 2 2 2 2 2 2 2 2 2 2 2 2 2 2 2 2 2 2 2 2 2 2 2 2 2
left_child=1 4 3 29 10 17 7 9 25 -4 -1 24 27 14 -14 -10 -17 18 -5 -11 -13 -19 28 -21 -3 26 -8 -7 -6 -2
right_child=2 11 6 5 22 12 8 -9 15 19 -12 20 13 -15 -16 16 -18 21 -20 23 -22 -23 -24 -25 -26 -27 -28 -29 -30 -31
leaf_value=-0.08372736096137974 1.0812858909020082 0.057843204200618739 6.6248359322547916 0.19765007271033885 -0.010001676946616075 1.2955151106657274 6.1464557075294959 7.7702238845825198 1.1087157040437223 4.0890655001004541 -0.20282393130393228 -0.051765963998207376 0.95987637042999274 0.99921776116545746 11.293978667408229 7.0651087143147997 2.1070820667958925 0.065061272522729474 0.46148858029735945 1.168703075806965 0.053153589228574771 0.22431792389804481 0.12712130168586075 3.8690618512305353 0.19722003960237625 0.60921966070977784 0.86617973774671564 0.42671363505091642 -0.1220492883998967 0.55146889329284698
leaf_weight=52680 1144 36041 22 12803 36403 391 29 20 619 45 146880 56704 32 183 20 24 225 20497 9630 956 66131 33866 7900 44 26867 5092 80 10776 58662 6563
leaf_count=52680 1144 36041 22 12803 36403 391 29 20 619 45 146880 56704 32 183 20 24 225 20497 9630 956 66131 33866 7900 44 26867 5092 80 10776 58662 6563
internal_value=-1.61516e-10 -0.0670898 0.317849 0.274287 -0.134604 0.243194 0.901665 1.6308 0.771073 1.51572 -0.171385 0.0428721 0.486254 1.87001 4.93453 1.5322 2.58496 0.207107 0.31091 1.40816 0.00471985 0.164272 -0.0633175 1.28752 0.117369 0.644047 2.27102 0.457134 -0.0791432 0.630113
internal_weight=591329 488268 103061 95905 302525 88198 7156 1087 6069 1067 199560 185743 11402 235 52 868 249 76796 22433 1045 122835 54363 102965 1000 62908 5201 109 11167 95065 7707
internal_count=591329 488268 103061 95905 302525 88198 7156 1087 6069 1067 199560 185743 11402 235 52 868 249 76796 22433 1045 122835 54363 102965 1000 62908 5201 109 11167 95065 7707
is_linear=0
shrinkage=0.05


Tree=24
num_leaves=31
num_cat=0
split_feature=292 292 292 289 254 288 288 210 162 292 281 275 180 288 281 288 289 15 270 288 255 267 289 282 289 289 261 269 289 3
split_gain=4.56782e+06 1.10176e+06 1.09418e+06 348270 310913 300927 252947 248753 262806 215216 211513 160271 152956 142663 138827 130886 190431 127326 123953 114906 114719 124474 113904 113858 109350 102914 102787 203000 99609.3 99548.6
threshold=56.411787033081062 101.48758697509767 33.368692398071296 -248.74999999999997 -212.74999999999997 255.50000000000003 89.250000000000014 -460.74999999999994 -26.249999999999996 19.893399238586429 65.250000000000014 -71.749999999999986 21.298929214477543 1.0000000180025095e-35 215.75000000000003 27.750000000000004 -18.749999999999996 888.75000000000011 531.90499877929699 15.750000000000002 222.75000000000003 -197.74999999999997 -36.249999999999993 -53.249999999999993 -126.74999999999999 -111.24999999999999 -216.74999999999997 -68.749999999999986 -17.749999999999996 254.75000000000003
decision_type=2 2 2 2 2 2 2 2 2 2 2 2 2 2 2 2 2 2 2 2 2 2 2 2 2 2 2 2 2 2
left_child=2 4 9 18 24 7 15 8 13 -1 11 26 -11 -5 -9 22 -17 -7 29 -13 21 -15 -6 25 -2 -16 27 -4 -21 -3
right_child=1 3 10 5 6 17 -8 14 -10 12 -12 19 -14 20 23 16 -18 -19 -20 28 -22 -23 -24 -25 -26 -27 -28 -29 -30 -31
leaf_value=-0.20666434796918562 1.047443287884599 2.0911374370087632 0.61292888390844513 4.9529089731474727 0.17654913988031287 1.6315034111764299 0.4838432164878812 0.47862413535577919 6.9025958156585689 -0.015706970197843183 0.16939524162399094 -0.062839108393709958 -0.13277013390676876 1.8501631440344928 4.6876133165861438 0.35151420194925259 0.14428447887794119 4.1110194868024657 4.4958937699697463 0.11874796629397294 4.2922966709843386 0.73278703469278827 0.024919068860071045 0.89321420502905946 0.46312168319422953 1.5337273700001799 0.10179008193629641 5.7486820510029801 -0.01017076018698997 -0.8045818083214038
leaf_weight=84197 941 295 507 24 29445 217 6785 13377 20 34906 19637 81570 139104 328 38 18798 27022 68 49 19778 27 1038 21377 882 5369 81 23590 20 61806 33
leaf_count=84197 941 295 507 24 29445 217 6785 13377 20 34906 19637 81570 139104 328 38 18798 27022 68 49 19778 27 1038 21377 882 5369 81 23590 20 61806 33
internal_value=2.78479e-10 0.26677 -0.0723909 0.648009 0.209527 0.612833 0.188739 0.583815 1.21106 -0.14104 0.0132792 -0.00309095 -0.109288 1.13073 0.521125 0.16802 0.229302 2.22311 2.15022 -0.0208748 1.06488 1.00109 0.11277 1.08909 0.550261 2.54085 0.117218 0.807834 0.0210824 1.7998
internal_weight=591329 126214 465115 16477 109737 16100 103427 15815 1437 258207 206908 187271 174010 1417 14378 96642 45820 285 377 163154 1393 1366 50822 1001 6310 119 24117 527 81584 328
internal_count=591329 126214 465115 16477 109737 16100 103427 15815 1437 258207 206908 187271 174010 1417 14378 96642 45820 285 377 163154 1393 1366 50822 1001 6310 119 24117 527 81584 328
is_linear=0
shrinkage=0.05


Tree=25
num_leaves=31
num_cat=0
split_feature=292 292 292 289 288 282 288 288 288 159 288 289 52 288 281 289 288 289 75 138 292 292 205 288 61 236 233 257 87 292
split_gain=4.13524e+06 1.37119e+06 571145 438353 336483 302701 278975 251503 205848 191476 168684 158740 158164 167692 158982 144605 137648 137375 115524 122801 114453 113832 111724 102962 126393 101119 97843.7 96562.6 251651 92069.3
threshold=46.767923355102546 88.469745635986342 26.672771453857425 -122.74999999999999 255.50000000000003 -141.74999999999997 41.250000000000007 118.75000000000001 125.75000000000001 30.688216209411625 76.250000000000014 -22.749999999999996 -752.99999999999989 0.75000000000000011 78.250000000000014 -30.749999999999996 14.250000000000002 -34.249999999999993 37.498531341552741 123.69101715087892 39.888109207153327 14.8938364982605 469.00000000000006 69.750000000000014 77.721313476562514 55.69123840332032 140.25000000000003 36.224218368530281 -283.24999999999994 38.585969924926765
decision_type=2 2 2 2 2 2 2 2 2 2 2 2 2 2 2 2 2 2 2 2 2 2 2 2 2 2 2 2 2 2
left_child=2 5 21 7 10 -2 15 12 -9 29 17 27 13 -3 23 16 -7 -5 -6 25 -11 -1 -21 -15 -25 -20 -13 28 -8 -4
right_child=1 3 9 4 18 6 11 8 -10 20 -12 26 -14 14 -16 -17 -18 -19 19 22 -22 -23 -24 24 -26 -27 -28 -29 -30 -31
leaf_value=-0.24891162486054422 0.57019680065851541 6.2271898587544765 0.0019192852089086705 0.44469847226189341 5.784867701530457 0.083387854030676264 6.7287100458145153 7.1456382507863259 2.16545036236738 -0.10185115650346505 0.63033591715928616 0.14793464456173752 0.79395580085376782 1.000167918079407 5.3274795108371311 0.030706732204161331 0.24663841545689841 0.15790886482522964 3.6178968879911637 2.0779276911979134 -0.011825053580515004 -0.14211441125220681 6.0838463851383757 5.8415611372544216 0.55457793712615977 0.69626856860286468 0.39843334765118321 0.38185401974294342 0.90839088094635656 0.14879708816331674
leaf_weight=30153 3875 21 52917 11613 20 36528 20 23 212 99951 7014 30334 2353 296 27 62469 19972 6520 36 46 54585 144618 28 26 20 167 4473 9388 260 13364
leaf_count=30153 3875 21 52917 11613 20 36528 20 23 212 99951 7014 30334 2353 296 27 62469 19972 6520 36 46 54585 144618 28 26 20 167 4473 9388 260 13364
internal_value=3.49057e-10 0.187969 -0.093009 0.509057 0.441879 0.133427 0.123072 1.08302 2.65287 -0.0395599 0.422119 0.22991 0.948528 1.88111 1.63378 0.0831315 0.141095 0.341579 2.11499 1.85001 -0.0700523 -0.16054 3.59368 1.34217 3.54287 1.21439 0.180126 0.409144 1.32413 0.0315337
internal_weight=591329 195741 395588 28422 25444 167319 163444 2978 235 220817 25147 44475 2743 390 369 118969 56500 18133 297 277 154536 174771 74 342 46 203 34807 9668 280 66281
internal_count=591329 195741 395588 28422 25444 167319 163444 2978 235 220817 25147 44475 2743 390 369 118969 56500 18133 297 277 154536 174771 74 342 46 203 34807 9668 280 66281
is_linear=0
shrinkage=0.05


Tree=26
num_leaves=31
num_cat=0
split_feature=292 292 292 254 289 288 288 289 271 288 288 213 225 289 9 282 289 288 229 250 215 54 289 288 239 289 288 38 288 283
split_gain=3.75589e+06 1.07001e+06 802050 324628 238124 227573 222288 222093 210248 203158 193787 181611 352317 178573 177969 174837 167811 141922 173030 134623 134422 133488 126333 118127 102516 101276 101080 95391.6 95243.1 97448.2
threshold=60.752277374267585 35.170461654663093 123.25416183471681 -212.74999999999997 -248.74999999999997 18.250000000000004 76.750000000000014 -122.74999999999999 105.27103805541994 22.750000000000004 324.75000000000006 -441.74999999999994 -232.74999999999997 -27.749999999999996 40.750000000000007 -135.24999999999997 -21.749999999999996 226.25000000000003 37.509494781494148 60.365966796875007 68.990764617919936 59.533102035522468 -26.749999999999996 77.750000000000014 -311.24999999999994 -64.749999999999986 23.250000000000004 118.25000000000001 144.75000000000003 -165.24999999999997
decision_type=2 2 2 2 2 2 2 2 2 2 2 2 2 2 2 2 2 2 2 2 2 2 2 2 2 2 2 2 2 2
left_child=1 5 3 28 21 16 25 8 19 22 -9 12 14 -11 24 -12 -1 -8 -19 -4 -21 -5 -3 -15 -10 -6 -27 -22 -2 -30
right_child=2 9 7 4 6 -7 17 10 11 13 15 -13 -14 23 -16 -17 -18 18 -20 20 27 -23 -24 -25 -26 26 -28 -29 29 -31
leaf_value=-0.051695554010076319 0.52269181904795992 0.040652437914180301 0.34059191328106508 1.4669985540211201 0.30320974201008871 -0.034500781114360245 0.38531453848954239 0.60699913941905692 1.9003079568976677 0.28433767581227815 7.0088807225227363 0.77901107558980587 6.8761970220293325 0.045911727588364204 6.0269375188010086 1.7821965640597046 -0.16563888843722746 4.7655659880903034 1.0482615182579804 6.2982593591511247 3.8903963549137117 6.5264258677309215 -0.059910147770717737 0.33110255727315852 -0.12881839281910068 0.07184289641624407 0.20088779522297984 -0.060493417219682183 4.7920781488003943 1.2529127956855866
leaf_weight=39336 7558 58857 33 32 13061 58692 11107 5627 197 10160 20 940 35 69860 21 80 180996 36 240 40 50 22 66537 3830 91 24937 38763 22 23 126
leaf_count=39336 7558 58857 33 32 13061 58692 11107 5627 197 10160 20 940 35 69860 21 80 180996 36 240 40 50 22 66537 3830 91 24937 38763 22 23 126
internal_value=4.52379e-11 -0.0578935 0.27428 0.236179 0.208986 -0.121991 0.206952 0.784913 1.34255 0.0275794 0.645772 1.13874 2.12172 0.0878281 1.58318 2.82753 -0.145297 0.413145 1.53313 3.1473 3.97428 3.52825 -0.0127084 0.0607344 1.25916 0.176376 0.15037 2.68318 0.547371 1.79923
internal_weight=591329 488268 103061 95905 88198 279024 88144 7156 1429 209244 5727 1284 344 83850 309 100 220332 11383 276 145 112 54 125394 73690 288 76761 63700 72 7707 149
internal_count=591329 488268 103061 95905 88198 279024 88144 7156 1429 209244 5727 1284 344 83850 309 100 220332 11383 276 145 112 54 125394 73690 288 76761 63700 72 7707 149
is_linear=0
shrinkage=0.05


Tree=27
num_leaves=31
num_cat=0
split_feature=292 292 292 289 288 254 288 210 162 159 288 288 292 260 285 268 278 74 289 282 264 288 289 289 267 180 292 260 231 275
split_gain=3.39779e+06 989017 629517 362351 288801 241376 220159 215778 281218 193949 138008 130309 129374 116923 113946 129914 170448 157292 110076 107412 107096 101502 99273.8 93991.6 91460.4 89001.1 82472.7 81077.7 162656 81034.2
threshold=51.178369522094734 92.48715972900392 30.159078598022464 -248.74999999999997 191.75000000000003 -177.24999999999997 43.750000000000007 -460.74999999999994 -23.249999999999996 35.38850402832032 8.2500000000000018 117.75000000000001 41.041294097900398 396.75000000000006 68.159053802490249 -185.74999999999997 95.13675689697267 416.48249816894537 -15.749999999999998 -214.24999999999997 86.664539337158217 13.250000000000002 -22.749999999999996 -12.249999999999998 245.75000000000003 53.947858810424812 41.49452209472657 -230.74999999999997 -311.74999999999994 -43.249999999999993
decision_type=2 2 2 2 2 2 2 2 2 2 2 2 2 2 2 2 2 2 2 2 2 2 2 2 2 2 2 2 2 2
left_child=2 5 10 14 7 19 18 8 13 26 23 22 -11 27 -3 -16 -17 -18 21 -2 -9 -7 -8 -1 29 -14 -4 28 -5 -22
right_child=1 3 9 4 -6 6 11 20 -10 12 -12 -13 25 -15 15 16 17 -19 -20 -21 24 -23 -24 -25 -26 -27 -28 -29 -30 -31
leaf_value=-0.11768186885750398 0.97936927349957381 4.9700133668965307 0.02347573997123592 1.219030737266821 1.4112401125928813 0.054260041895737091 0.36866595154093285 0.8107782258143621 6.886343793720008 -0.095318162904097392 -0.09009318547950812 0.59355116498689398 0.041015899976661524 4.4588580235191015 1.2303932923701053 6.4709815742572152 -0.78366771073176944 4.3803667132059738 -0.013093831689462371 0.33588224837820813 0.42404253395095631 0.17480534967116873 0.15995038653052032 -0.20822946222887073 0.72732274492671745 -0.080549151262673535 0.14616708738617143 0.63829278752059826 5.6281553114002403 0.21064360643746549
leaf_weight=49934 697 29 55694 425 783 34366 7325 1423 20 68734 101900 2326 46525 23 304 30 29 30 21838 9321 10059 35504 25638 67270 1572 22260 18164 1108 22 7976
leaf_count=49934 697 29 55694 425 783 34366 7325 1423 20 68734 101900 2326 46525 23 304 30 29 30 21838 9321 10059 35504 25638 67270 1572 22260 18164 1108 22 7976
internal_value=7.13044e-11 0.196075 -0.073263 0.493351 0.467175 0.144366 0.125727 0.434508 0.994629 -0.0117038 -0.132651 0.231854 -0.0468034 0.919955 1.94546 1.72227 3.40241 1.84211 0.0848895 0.380653 0.391946 0.115514 0.206331 -0.169652 0.361549 0.00167537 0.0536494 0.867612 1.43603 0.329667
internal_weight=591329 160848 430481 23833 23411 137015 126997 22628 1598 211377 219104 35289 137519 1578 422 393 89 59 91708 10018 21030 69870 32963 117204 19607 68785 73858 1555 447 18035
internal_count=591329 160848 430481 23833 23411 137015 126997 22628 1598 211377 219104 35289 137519 1578 422 393 89 59 91708 10018 21030 69870 32963 117204 19607 68785 73858 1555 447 18035
is_linear=0
shrinkage=0.05


Tree=28
num_leaves=31
num_cat=0
split_feature=292 292 292 289 288 288 288 286 29 288 152 281 289 282 240 289 289 271 232 183 281 264 281 278 95 199 5 282 288 208
split_gain=3.07968e+06 875345 669267 283398 249710 240099 205505 194491 251132 192046 185995 164633 156365 131248 114517 107207 107134 105919 108353 104313 102030 99688.1 96371.7 96093.7 93325.9 109062 90110 88975 109879 85388
threshold=60.752277374267585 37.717216491699226 123.25416183471681 -87.749999999999986 41.250000000000007 11.750000000000002 59.750000000000007 -323.06172180175776 30.250000000000004 0.75000000000000011 51.246908187866218 215.75000000000003 -13.249999999999998 -51.749999999999993 -93.749999999999986 -7.2499999999999991 -102.74999999999999 82.227939605712905 64.250000000000014 -111.74999999999999 82.250000000000014 30.332406997680668 29.750000000000004 101.37987899780275 771.58499145507824 113.75000000000001 135.21182250976565 -29.749999999999996 160.75000000000003 156.81378936767581
decision_type=2 2 2 2 2 2 2 2 2 2 2 2 2 2 2 2 2 2 2 2 2 2 2 2 2 2 2 2 2 2
left_child=1 5 3 4 -2 12 14 8 9 -4 16 23 -1 26 -5 -7 -3 -11 19 29 -18 -6 -20 -9 -15 -26 -13 -8 -29 -19
right_child=2 10 7 6 21 15 27 11 -10 17 -12 13 -14 24 -16 -17 20 18 22 -21 -22 -23 -24 -25 25 -27 -28 28 -30 -31
leaf_value=-0.087347706012058768 0.36658521160367097 0.57602741918641132 5.8498397502032198 0.23747960789211298 4.5937593084573747 0.010763490554170039 0.53599994953481089 3.8735466684613913 6.8817764723300945 3.502336028615634 -0.028991549554204937 2.1646245694437694 -0.17908633663351389 0.65153792484062856 0.098541164676098802 -0.086491240335889785 0.056518827336298497 1.0977240995122612 1.3124630053838096 4.4839262461662299 0.23943041940367729 1.0390401405808152 6.0119492971897124 0.48443080963187318 4.6708439842859901 1.4336221924393762 5.8179603592270901 0.24335325147796361 0.82431208008512147 -0.032113190432754131
leaf_weight=82720 7053 1057 22 22155 20 46849 4036 21 20 45 70081 86 105931 535 44862 71708 101680 718 24 20 8242 1424 20 5180 30 196 21 15496 859 218
leaf_count=82720 7053 1057 22 22155 20 46849 4036 21 20 45 70081 86 105931 535 44862 71708 101680 718 24 20 8242 1424 20 5180 30 196 21 15496 859 218
internal_value=2.56699e-10 -0.0524235 0.248365 0.21356 0.489231 -0.103819 0.186762 0.714818 1.33074 1.22669 0.0347803 0.604501 -0.138861 1.24196 0.144473 -0.04806 0.075051 1.12937 1.02258 0.910924 0.0702336 1.08827 3.44859 0.498115 1.01142 1.86334 2.88163 0.325751 0.273866 0.834578
internal_weight=591329 488268 103061 95905 8497 307208 87408 7156 1087 1067 181060 6069 188651 868 67017 118557 110979 1045 1000 956 109922 1444 44 5201 761 226 107 20391 16355 936
internal_count=591329 488268 103061 95905 8497 307208 87408 7156 1087 1067 181060 6069 188651 868 67017 118557 110979 1045 1000 956 109922 1444 44 5201 761 226 107 20391 16355 936
is_linear=0
shrinkage=0.05


Tree=29
num_leaves=31
num_cat=0
split_feature=292 292 292 292 250 289 187 288 288 262 289 286 288 288 283 288 289 274 285 233 274 4 267 288 271 117 289 110 138 288
split_gain=2.80566e+06 950118 392992 368200 213159 188990 169404 167934 137225 127745 126295 122786 107640 106475 122581 105117 100804 92880.9 91442.2 116328 91098 209579 96261.9 279926 102889 153320 200041 109980 101357 89860.7
threshold=46.767923355102546 82.155952453613295 26.672771453857425 157.28123474121097 73.64386367797853 -87.749999999999986 30.348026275634769 28.250000000000004 382.25000000000006 -218.24999999999997 -22.749999999999996 -39.164525985717766 214.25000000000003 60.750000000000007 2.2500000000000004 115.75000000000001 -36.249999999999993 35.750000000000007 68.159053802490249 -440.74999999999994 125.25000000000001 -600.25250244140614 -31.749999999999996 48.250000000000007 156.22117614746097 59.54899978637696 -248.74999999999997 47.58123970031739 76.63071441650392 15.750000000000002
decision_type=2 2 2 2 2 2 2 2 2 2 2 2 2 2 2 2 2 2 2 2 2 2 2 2 2 2 2 2 2 2
left_child=2 5 17 4 18 12 -4 11 9 20 -9 -7 -2 16 -15 -11 -6 -1 19 -3 22 -22 24 -24 25 -5 -27 -26 -29 -8
right_child=1 3 6 8 13 7 29 10 -10 15 -12 -13 -14 14 -16 -17 -18 -19 -20 -21 21 -23 23 -25 27 26 -28 28 -30 -31
leaf_value=-0.14402596884408098 0.36929726713534511 5.3691088199615482 0.039270512776987856 -0.5345019800322397 0.3173410617591198 0.12578419883368017 -0.091162287377187026 0.27278438596182447 3.6672993938973613 0.46979344375131876 0.11129375698771171 0.00060760830900428889 3.3723034405708314 0.88426421129943611 0.36743973464677104 1.2856839068469545 0.093752433844470906 -0.016058064403754586 0.66779110943923004 1.3301806244127294 0.58656835440666455 6.4488548000653587 7.784564377580371 -0.19987773065981659 4.2213508081436162 7.9105470174834842 2.0005716636445787 -1.5086955452603954 0.89793142137676485 -0.015486431640251243
leaf_weight=159205 5602 22 60186 28 14432 30117 92537 15965 47 1181 50098 56048 30 1322 8682 593 7747 15566 3286 94 31 30 21 23 20 21 45 56 200 68094
leaf_count=159205 5602 22 60186 28 14432 30117 92537 15965 47 1181 50098 56048 30 1322 8682 593 7747 15566 3286 94 31 30 21 23 20 21 45 56 200 68094
internal_value=6.22008e-10 0.15483 -0.0766113 0.379706 0.340109 0.100867 -0.0322751 0.0903441 0.993395 0.937515 0.15032 0.0443602 0.385293 0.300322 0.435737 0.742523 0.239243 -0.132628 0.716496 2.09618 1.66576 3.46966 1.39997 3.61088 1.13705 2.56576 3.88102 0.650458 0.371482 -0.0590821
internal_weight=591329 195741 395588 37881 35585 157860 220817 152228 2296 2249 66063 86165 5632 32183 10004 1774 22179 174771 3402 116 475 61 414 44 370 94 66 276 256 160631
internal_count=591329 195741 395588 37881 35585 157860 220817 152228 2296 2249 66063 86165 5632 32183 10004 1774 22179 174771 3402 116 475 61 414 44 370 94 66 276 256 160631
is_linear=0
shrinkage=0.05


Tree=30
num_leaves=31
num_cat=0
split_feature=292 292 289 288 288 289 288 261 288 274 254 68 288 289 220 225 250 289 289 33 26 288 283 199 276 170 173 288 289 288
split_gain=2.5393e+06 922980 370809 320980 242817 233432 179694 171669 162891 150970 128839 107488 99300.3 97120.3 96372.1 229932 347523 94359.3 90378.7 140837 245136 88099.2 86567.4 86085.2 83929.5 156411 80678 80349.6 112179 75354.9
threshold=44.66682434082032 79.700042724609389 -126.74999999999999 20.250000000000004 115.75000000000001 -11.249999999999998 61.750000000000007 -166.74999999999997 56.250000000000007 335.25000000000006 -212.74999999999997 116.32341766357423 7.2500000000000009 -16.249999999999996 -329.74999999999994 -232.74999999999997 134.4690856933594 -67.749999999999986 -248.74999999999997 76.744182586669936 59.526098251342781 119.75000000000001 88.250000000000014 538.25000000000011 -119.24999999999999 86.250000000000014 123.19132614135744 15.750000000000002 -16.249999999999996 6.7500000000000009
decision_type=2 2 2 2 2 2 2 2 2 2 2 2 2 2 2 2 2 2 2 2 2 2 2 2 2 2 2 2 2 2
left_child=3 7 6 5 10 12 14 -2 17 24 -4 -11 -1 -5 15 -3 -17 -9 19 20 -16 -10 -23 -13 25 -6 -12 -19 -29 -7
right_child=1 2 4 13 9 29 -8 8 21 11 26 23 -14 -15 18 16 -18 27 -20 -21 -22 22 -24 -25 -26 -27 -28 28 -30 -31
leaf_value=-0.09017966789996322 0.31920598395855504 0.90645081922960569 0.50691891964382707 0.12899933961810289 1.0687763079777362 -0.19269216325418534 1.6000434318893733 0.20758922863881735 0.17457248503420283 1.1101349890593513 0.26108774668285645 1.7492304662844309 -0.0045695105583356994 -0.016668903014091296 1.3487488148259184 0.97053145046811551 9.1339574504982348 -0.0021669365102388234 0.37719486767178079 -0.10589064171439724 7.7674130871182401 1.3759521932739309 0.3950577885847375 4.6535532536960789 0.49071960276763715 5.6048023394175939 0.03858596798105008 0.14164382404355294 0.022312597646257523 -0.11887385245810334
leaf_weight=92829 7534 679 4713 13540 200 58019 659 9559 19728 411 26002 65 53332 73864 51 32 22 53873 1667 57 21 269 1373 42 3049 21 4831 36331 43009 85547
leaf_count=92829 7534 679 4713 13540 200 58019 659 9559 19728 411 26002 65 53332 73864 51 32 22 53873 1667 57 21 269 1373 42 3049 21 4831 36331 43009 85547
internal_value=3.19411e-10 0.137483 0.346032 -0.0780861 0.303996 -0.103422 0.864668 0.0858287 0.0751168 0.68455 0.263442 1.47763 -0.0589418 0.00589698 0.673046 1.15619 4.29637 0.0558465 0.475863 1.7509 3.22086 0.203861 0.555752 2.88925 0.558917 1.4998 0.226226 0.0449578 0.0769562 -0.148706
internal_weight=591329 214198 42522 377131 39334 289727 3188 171676 164142 3788 35546 518 146161 87404 2529 733 54 142772 1796 129 72 21370 1642 107 3270 221 30833 133213 79340 143566
internal_count=591329 214198 42522 377131 39334 289727 3188 171676 164142 3788 35546 518 146161 87404 2529 733 54 142772 1796 129 72 21370 1642 107 3270 221 30833 133213 79340 143566
is_linear=0
shrinkage=0.05


Tree=31
num_leaves=31
num_cat=0
split_feature=292 292 289 288 288 288 288 282 254 281 289 282 289 288 289 91 288 281 288 288 285 289 289 94 288 292 93 117 281 238
split_gain=2.30366e+06 711353 499924 342709 182550 176959 167291 164947 163641 155713 130266 122850 115181 114846 177474 96743.1 204997 207523 87353.7 86187.2 85722.6 86304.9 83169.1 139817 97610.8 82971.1 82155.9 67284.6 65283.4 162739
threshold=62.77612495422364 33.579521179199226 -126.74999999999999 115.75000000000001 63.750000000000007 31.750000000000004 324.75000000000006 -149.74999999999997 -212.74999999999997 31.750000000000004 -24.249999999999996 -50.249999999999993 -29.749999999999996 23.250000000000004 -40.749999999999993 -704.24999999999989 0.75000000000000011 76.250000000000014 8.7500000000000018 89.250000000000014 157.12120056152347 -108.24999999999999 -248.74999999999997 721.75000000000011 36.750000000000007 14.613535881042482 -400.74999999999994 156.95742034912112 -4.2499999999999991 141.25000000000003
decision_type=2 2 2 2 2 2 2 2 2 2 2 2 2 2 2 2 2 2 2 2 2 2 2 2 2 2 2 2 2 2
left_child=1 9 4 8 15 10 20 -8 -4 11 18 -1 -7 27 -15 16 -2 -18 -3 -14 -5 -22 23 24 -17 -13 -26 -10 -6 -30
right_child=2 5 3 6 28 12 7 -9 13 -11 -12 25 19 14 -16 22 17 -19 -20 -21 21 -23 -24 -25 26 -27 -28 -29 29 -31
leaf_value=0.071871845339552973 6.1925361965383807 -0.0039694105890932963 0.41191891304687039 0.47279096860755426 1.116248652587065 0.3152702941511849 6.2736170700618201 1.5552397342054709 0.093071695946883928 0.0041462206444225951 -0.04431480205191711 -0.2027302512593725 0.05866170691863435 0.4014258516479754 0.15921648304994154 0.45128637153320217 0.77030479354281478 6.028348991274834 0.10145034945675942 0.36037802813900016 4.1947495037859133 1.001390168698636 0.43029057015453126 5.3707886838912966 4.6172366102536522 -0.10983482017426123 1.0744139472643535 -0.4784327103116528 3.2600982724355876 0.8660709352152689
leaf_weight=8540 21 45157 6958 4218 461 5354 21 157 30021 31636 96913 27457 52356 9454 37811 189 304 20 34790 2479 22 553 2573 20 30 192970 36 524 144 140
leaf_count=8540 21 45157 6958 4218 461 5354 21 157 30021 31636 96913 27457 52356 9454 37811 189 304 20 34790 2479 22 553 2573 20 30 192970 36 524 144 140
internal_value=8.76934e-12 -0.0428172 0.227463 0.203267 0.778852 0.0198615 0.60676 2.1119 0.179605 -0.0998309 -0.00534021 -0.114197 0.0939146 0.158831 0.207663 0.614414 1.40517 1.09488 0.0419054 0.0723018 0.550863 1.12357 0.518624 1.34511 1.02937 -0.121406 2.68479 0.0832675 1.48362 2.07994
internal_weight=591329 497652 93677 89739 3938 237049 4971 178 84768 260603 176860 228967 60189 77810 47265 3193 345 324 79947 54835 4793 575 2848 275 255 220427 66 30545 745 284
internal_count=591329 497652 93677 89739 3938 237049 4971 178 84768 260603 176860 228967 60189 77810 47265 3193 345 324 79947 54835 4793 575 2848 275 255 220427 66 30545 745 284
is_linear=0
shrinkage=0.05


Tree=32
num_leaves=31
num_cat=0
split_feature=292 292 275 288 281 289 288 289 276 180 259 292 56 288 81 87 288 289 274 215 288 282 281 80 100 229 68 138 227 246
split_gain=2.08492e+06 762718 313812 270006 213094 203526 163072 161013 158103 151077 132681 126053 115254 167406 105234 124634 102358 89720.7 88478.6 87356.9 86628.5 80640.6 97079.8 77840.6 143042 191173 87524 138114 72781.5 157644
threshold=44.66682434082032 79.700042724609389 -239.74999999999997 19.750000000000004 190.25000000000003 -17.749999999999996 324.75000000000006 -248.74999999999997 6.2500000000000009 56.140171051025398 -182.24999999999997 63.313619613647468 -753.74999999999989 1.2500000000000002 782.20251464843761 224.75000000000003 119.75000000000001 -9.2499999999999982 -68.249999999999986 81.247909545898452 7.7500000000000009 -80.749999999999986 -15.749999999999998 157.25000000000003 55.250000000000007 52.184856414794929 74.706237792968764 86.925788879394545 -402.24999999999994 28.250000000000004
decision_type=2 2 2 2 2 2 2 2 2 2 2 2 2 2 2 2 2 2 2 2 2 2 2 2 2 2 2 2 2 2
left_child=3 9 6 5 7 -1 12 8 18 10 -2 -11 13 -3 23 -16 -12 -5 -4 -13 -7 22 -9 24 -6 -26 -27 -28 29 -24
right_child=1 2 4 17 14 20 -8 21 -10 11 16 19 -14 -15 15 -17 -18 -19 -20 -21 -22 -23 28 -25 25 26 27 -29 -30 -31
leaf_value=-0.033980175786484289 0.4862657740898354 6.0165246415138247 3.6204080200195317 0.075463506913864747 0.62870071648111903 -0.15726909110157763 5.0435646969339132 0.20926648955909927 6.0211315808088886 -0.024564406682283251 0.10645910096460064 0.14484431737582948 0.65825093914044663 1.3351665590900761 4.8494692904949197 1.2155674048406739 0.58156855154808473 -0.030354795046095531 -0.64517375730699111 -0.033923691472362641 -0.090245570316228346 0.19653694945805231 0.91317542933032547 0.25840595047994203 6.6878045154469348 0.33734501207798301 6.3405090355873108 1.4242126292884352 0.4591723140067232 5.054686305046082
leaf_weight=93277 2446 20 20 29770 942 96959 23 5636 23 47141 84810 26978 2079 423 25 420 1149 61234 31 9152 95891 26008 284 1017 21 71 20 50 5384 25
leaf_count=93277 2446 20 20 29770 942 96959 23 5636 23 47141 84810 26978 2079 423 25 420 1149 61234 31 9152 95891 26008 284 1017 21 71 20 50 5384 25
internal_value=9.78173e-11 0.124577 0.314157 -0.0707557 0.279885 -0.0946152 0.8525 0.249652 2.57965 0.0776205 0.123143 0.0292917 0.814278 1.54651 0.720665 1.41972 0.11281 0.00426139 1.0276 0.099561 -0.123943 0.245034 0.35637 0.573999 0.864721 2.23714 1.57427 2.82887 0.502001 1.24825
internal_weight=591329 214198 42522 377131 39977 286127 2545 37411 74 171676 88405 83271 2522 443 2566 445 85959 91004 51 36130 192850 37337 11329 2121 1104 162 141 70 5693 309
internal_count=591329 214198 42522 377131 39977 286127 2545 37411 74 171676 88405 83271 2522 443 2566 445 85959 91004 51 36130 192850 37337 11329 2121 1104 162 141 70 5693 309
is_linear=0
shrinkage=0.05


Tree=33
num_leaves=31
num_cat=0
split_feature=292 292 292 254 267 288 159 288 96 281 289 271 82 289 292 274 289 289 268 278 95 194 204 197 15 103 289 267 287 246
split_gain=1.8987e+06 534964 414813 183299 176402 172817 163182 140320 132821 222476 258460 153146 142416 108665 100741 100092 99581.2 96659.1 119997 160776 123646 91472.2 91290.4 175672 97911.8 106985 89833.9 85768.9 89864.3 299877
threshold=53.872972488403327 101.48758697509767 30.159078598022464 -161.24999999999997 -197.74999999999997 255.50000000000003 35.38850402832032 28.750000000000004 75.590023040771499 27.250000000000004 -114.74999999999999 90.443531036376967 72.852993011474624 -39.749999999999993 41.977266311645515 28.250000000000004 -147.24999999999997 -248.74999999999997 -185.74999999999997 98.027816772460952 974.58001708984386 52.58916091918946 -7.7499999999999991 100.25000000000001 888.75000000000011 123.58159637451173 -31.749999999999996 245.75000000000003 -103.24999999999999 273.25000000000006
decision_type=2 2 2 2 2 2 2 2 2 2 2 2 2 2 2 2 2 2 2 2 2 2 2 2 2 2 2 2 2 2
left_child=2 3 15 16 8 17 -4 -5 9 12 11 -11 -3 -9 -8 26 -2 18 -6 -20 -21 -16 -7 -24 -25 -26 -1 -19 29 -29
right_child=1 4 6 7 5 22 14 13 -10 10 -12 -13 -14 -15 21 -17 -18 27 19 20 -22 -23 23 24 25 -27 -28 28 -30 -31
leaf_value=0.042350801158299207 0.82161647730489384 0.62982518499416285 0.056288357201167309 0.048539702145113696 0.24937085914244125 -0.069838635383113731 -0.074421959812720442 0.34967759362518647 0.53252559775522068 3.6801587140560152 1.9827898177975105 9.8677729105949403 4.0496539249139678 0.13417945380613758 0.051572493225329065 -0.026767419601516199 0.26219552258047862 0.30572704141377738 6.7711810838608519 -0.41912846103791268 4.5499063673473543 -0.058158544895293242 6.5706049013137822 0.84590449339977303 1.4565206099497645 5.4890608787536621 -0.12320067398661738 6.5487795600184686 0.59920135292668664 -0.20519979503892719
leaf_weight=8605 848 291 76284 57449 77 62 75401 6666 525 20 95 20 34 47779 46245 38794 12849 13183 21 31 21 32227 20 129 38 29 171705 27 1812 42
leaf_count=8605 848 291 76284 57449 77 62 75401 6666 525 20 95 20 34 47779 46245 38794 12849 13183 21 31 21 32227 20 129 38 29 171705 27 1812 42
internal_value=2.85837e-10 0.159325 -0.0503829 0.124182 0.427196 0.385944 -0.00350584 0.103048 1.07601 1.69628 3.4024 6.77397 0.987592 0.160564 -0.0331494 -0.0996246 0.29683 0.363369 1.62634 3.07877 1.5876 0.00650798 1.62135 2.10678 1.65129 3.20195 -0.1153 0.350793 0.666641 2.43766
internal_weight=591329 142068 449261 125591 16477 15492 230157 111894 985 460 135 40 325 54445 153873 219104 13697 15214 150 73 52 78472 278 216 196 67 180310 15064 1881 69
internal_count=591329 142068 449261 125591 16477 15492 230157 111894 985 460 135 40 325 54445 153873 219104 13697 15214 150 73 52 78472 278 216 196 67 180310 15064 1881 69
is_linear=0
shrinkage=0.05


Tree=34
num_leaves=31
num_cat=0
split_feature=292 292 289 288 288 152 288 288 282 268 289 288 152 211 235 281 234 262 282 68 274 257 222 289 274 159 243 292 281 292
split_gain=1.71856e+06 535856 389330 274172 158065 152804 152586 139516 137641 136681 119544 107215 95999 269849 87483.2 86859.5 170595 175716 113439 112236 107850 93267.2 100998 86522 84305.6 91630.4 80216.7 77490.6 92339.5 73820.7
threshold=62.77612495422364 37.717216491699226 -126.74999999999999 109.75000000000001 32.750000000000007 51.246908187866218 41.750000000000007 324.75000000000006 -149.74999999999997 -110.74999999999999 -24.249999999999996 7.7500000000000009 156.43253326416018 -402.24999999999994 -93.867500305175767 16.750000000000004 155.75000000000003 69.750000000000014 -268.24999999999994 48.440782546997077 155.75000000000003 63.932415008544929 71.178245544433608 -102.74999999999999 166.25000000000003 95.20825576782228 92.740413665771499 115.76091766357423 -32.249999999999993 76.313140869140639
decision_type=2 2 2 2 2 2 2 2 2 2 2 2 2 2 2 2 2 2 2 2 2 2 2 2 2 2 2 2 2 2
left_child=1 4 6 9 10 23 12 -5 -9 14 -1 -12 -2 -14 27 18 17 19 -8 -17 -19 -18 -23 -3 25 29 -20 -4 -29 -11
right_child=2 5 3 7 -6 -7 15 8 -10 24 11 -13 13 -15 -16 16 21 20 26 -21 -22 22 -24 -25 -26 -27 -28 28 -30 -31
leaf_value=-0.0082994092181297094 0.39908738916166925 0.49224520171739061 0.32389160154399854 0.46406695395757258 0.059173570087625672 -0.025779948008393311 1.5131462744646829 5.6875587752887178 1.3773909435198186 0.089110045364117887 -0.13610464371181055 -0.06993031177314564 6.9206591878618511 0.89009040736552303 0.15786717855398902 5.0525629136873329 -1.0878138377116275 8.0838101174150196 0.83813846931114044 1.2026329234381703 3.4724013872444632 4.2054506265200109 0.6884671968535373 0.061141919494028391 0.32348431708333014 -0.015952773400699855 -0.54393253746939585 -0.13187276599537426 0.96630504393801564 0.21826210416183495
leaf_weight=41119 2562 1176 8272 5617 19702 76442 382 21 157 31426 113420 132967 21 159 8508 23 52 21 295 107 32 26 95 112826 4675 12771 163 238 978 17076
leaf_count=41119 2562 1176 8272 5617 19702 76442 382 21 157 31426 113420 132967 21 159 8508 23 52 21 295 107 32 26 95 112826 4675 12771 163 238 978 17076
internal_value=1.90998e-10 -0.0369821 0.196465 0.175112 -0.0778327 0.0289146 0.683057 0.50774 1.88589 0.152149 -0.0872214 -0.100393 0.477506 1.59366 0.274285 1.15431 1.80884 2.87305 0.876919 1.88377 5.29956 0.68312 1.44418 0.065589 0.11882 0.103205 0.346266 0.378677 0.751366 0.13458
internal_weight=591329 497652 93677 89739 307208 190444 3938 5795 178 83944 287506 246387 2742 180 17996 1196 356 183 840 130 53 173 121 114002 65948 61273 458 9488 1216 48502
internal_count=591329 497652 93677 89739 307208 190444 3938 5795 178 83944 287506 246387 2742 180 17996 1196 356 183 840 130 53 173 121 114002 65948 61273 458 9488 1216 48502
is_linear=0
shrinkage=0.05


Tree=35
num_leaves=31
num_cat=0
split_feature=292 292 288 289 289 288 282 288 210 162 288 289 289 288 255 285 268 278 74 275 43 264 23 292 250 289 233 187 267 255
split_gain=1.57341e+06 523422 257099 195236 194898 154639 152960 140788 129627 245052 100551 101600 100348 107256 97689.3 95654 103778 132422 124304 78391.9 77640 73342.1 74226.8 86952.5 105784 72552.3 76998.4 71663.7 69064.9 66338.9
threshold=48.164575576782234 92.48715972900392 18.250000000000004 -248.74999999999997 -17.749999999999996 191.75000000000003 -141.74999999999997 47.250000000000007 -460.74999999999994 -23.249999999999996 51.250000000000007 -9.2499999999999982 -15.749999999999998 13.250000000000002 222.75000000000003 68.159053802490249 -185.74999999999997 95.13675689697267 416.48249816894537 -70.749999999999986 38.750000000000007 86.664539337158217 320.25000000000006 123.25416183471681 69.556648254394545 -22.749999999999996 131.25000000000003 37.063438415527351 -197.74999999999997 -236.24999999999997
decision_type=2 2 2 2 2 2 2 2 2 2 2 2 2 2 2 2 2 2 2 2 2 2 2 2 2 2 2 2 2 2
left_child=2 6 4 15 19 8 -2 12 9 14 11 -4 13 20 -5 -3 29 -18 -19 28 -8 22 23 -10 -25 -9 -27 -7 -1 -17
right_child=1 3 10 5 -6 27 7 25 21 -11 -12 -13 -14 -15 -16 16 17 18 -20 -21 -22 -23 -24 24 -26 26 -28 -29 -30 -31
leaf_value=2.5695435700239617 0.38635933245865545 4.1769739516850173 0.058621341256181805 0.61233552491533283 -0.11022009627394497 3.9660281634330752 0.091727081402854363 0.30260271822072798 0.72717570789287067 6.2307590246200562 0.15258611362413033 -0.043722661508973415 -0.020468888451581985 0.1370470481210988 3.8268529834846654 1.1203362182388461 5.4076756636301679 -1.0065652107370311 3.5841433874766033 -0.041400173340674806 -0.04176725365919863 0.238651531943506 0.020611515099701196 0.9393395102024078 5.5662905074301223 0.093032762289159951 0.3165816586058538 0.93407030566442928 0.083669003579238829 -0.75945339955646418
leaf_weight=28 4205 29 37851 1554 188096 20 22388 7826 984 20 10899 67485 32283 44628 24 246 30 29 30 89615 21211 19607 388 30 21 23144 4621 763 13216 58
leaf_count=28 4205 29 37851 1554 188096 20 22388 7826 984 20 10899 67485 32283 44628 24 246 30 29 30 89615 21211 19607 388 30 21 23144 4621 763 13216 58
internal_value=-7.55058e-11 0.121284 -0.0548467 0.339913 -0.0799585 0.3207 0.0887795 0.0807634 0.296795 0.730932 0.00801212 -0.00694679 0.0549581 0.0825575 0.661226 1.40581 1.20132 2.70297 1.32769 -0.0246197 0.0267818 0.263807 0.610408 0.83151 2.84455 0.168139 0.130239 1.01151 0.0889246 0.761692
internal_weight=591329 184139 407190 23833 290955 23411 160306 156101 22628 1598 116235 105336 120510 88227 1578 422 393 89 59 102859 43599 21030 1423 1035 51 35591 27765 783 13244 304
internal_count=591329 184139 407190 23833 290955 23411 160306 156101 22628 1598 116235 105336 120510 88227 1578 422 393 89 59 102859 43599 21030 1423 1035 51 35591 27765 783 13244 304
is_linear=0
shrinkage=0.05


Tree=36
num_leaves=31
num_cat=0
split_feature=292 292 292 254 292 285 124 194 288 289 289 262 250 103 222 124 103 110 166 143 288 3 19 87 68 269 287 288 288 201
split_gain=1.421e+06 439052 273605 163947 146279 151883 137962 137206 129000 97021.2 93451.8 91157.7 100276 103182 357402 131439 158017 222727 110684 100759 98932.2 90167 84911.5 132872 80478.7 113592 99343.5 74061.2 72064.2 208843
threshold=51.178369522094734 101.48758697509767 27.049151420593265 -139.24999999999997 157.28123474121097 83.524166107177749 38.116155624389656 134.04383850097659 28.750000000000004 -147.24999999999997 -47.249999999999993 -218.24999999999997 64.514476776123061 47.004417419433601 122.96020889282228 67.687099456787124 81.159839630126967 77.59281158447267 115.64368820190431 -602.24999999999989 115.75000000000001 -264.74999999999994 47.072370529174812 290.25000000000006 80.041622161865249 287.25000000000006 127.75000000000001 42.750000000000007 237.50000000000003 38.752929687500007
decision_type=2 2 2 2 2 2 2 2 2 2 2 2 2 2 2 2 2 2 2 2 2 2 2 2 2 2 2 2 2 2
left_child=2 3 -1 9 5 22 27 -7 -5 -2 28 12 -6 14 -14 19 17 18 -17 -15 -13 -21 -3 -24 -22 -26 -27 -4 -10 -30
right_child=1 4 6 8 11 7 -8 -9 10 -11 -12 20 13 15 -16 16 -18 -19 -20 21 24 -23 23 -25 25 26 -28 -29 29 -31
leaf_value=-0.094487856995081318 0.72892023862506727 -0.21236300468444824 0.011259412009321609 0.029120045655942263 4.6460342450575398 0.38204146590490812 -0.049782364019137548 0.0048474675629785391 0.32674118867538843 0.20748672328176215 0.11311552502023292 0.30832540851329265 -0.84173010479320176 -2.7333742831882679 8.3934830379486094 3.0513042589513266 0.72193904604315762 6.6810740413268412 -1.2240519235531488 3.2497739699482922 0.42414578196575059 -1.3888815424659038 5.5036684733979842 0.36762486815452577 1.0566560431073109 5.7114028087029096 2.0544684035044454 0.13970788711640783 6.2550844806432728 0.11441947937011719
leaf_weight=179615 936 20 109690 65308 22 11021 128675 3086 4393 19016 54653 1181 22 38 20 41 250 30 24 20 265 22 34 20 270 26 65 12501 20 45
leaf_count=179615 936 20 109690 65308 22 11021 128675 3086 4393 19016 54653 1181 22 38 20 41 250 30 24 20 265 22 34 20 270 26 65 12501 20 45
internal_value=-8.44278e-11 0.126801 -0.0473787 0.0988934 0.371324 0.311379 -0.0136496 0.299528 0.0775565 0.231949 0.131071 0.74157 1.3472 1.19179 3.55599 0.958153 1.38157 3.11746 1.47271 -0.867852 0.577678 0.820002 2.57068 3.60143 1.08583 1.57156 3.09931 0.0244006 0.351194 2.00385
internal_weight=591329 160848 430481 144371 16477 14181 250866 14107 124419 19952 59111 2296 489 467 42 425 345 95 65 80 1807 42 74 54 626 361 91 122191 4458 65
internal_count=591329 160848 430481 144371 16477 14181 250866 14107 124419 19952 59111 2296 489 467 42 425 345 95 65 80 1807 42 74 54 626 361 91 122191 4458 65
is_linear=0
shrinkage=0.05


Tree=37
num_leaves=31
num_cat=0
split_feature=292 292 292 288 173 250 289 289 286 121 288 18 288 275 232 138 138 232 187 288 271 82 152 262 201 292 128 268 289 257
split_gain=1.29841e+06 481840 233419 198119 148488 147306 133599 113625 103789 218574 172966 110583 106514 111307 104884 103537 166941 118281 119736 180299 95038 79195.1 92625.5 76789.4 76329.3 101023 76016.6 76455.3 75426.4 92571.4
threshold=44.66682434082032 74.429710388183608 134.80252075195315 10.250000000000002 61.419784545898445 72.745998382568374 -7.2499999999999991 -21.249999999999996 -323.06172180175776 -402.74999999999994 1.2500000000000002 743.30749511718761 173.75000000000003 -111.74999999999999 146.25000000000003 88.766963958740249 60.466333389282234 -339.74999999999994 115.81224060058595 26.750000000000004 41.475126266479499 48.152629852294929 54.271192550659187 102.75000000000001 134.35107421875003 105.15790939331056 345.75000000000006 240.25000000000003 -147.24999999999997 75.469509124755874
decision_type=2 2 2 2 2 2 2 2 2 2 2 2 2 2 2 2 2 2 2 2 2 2 2 2 2 2 2 2 2 2
left_child=3 4 5 7 20 28 -5 -1 9 10 -4 -10 -13 -14 15 16 21 18 19 -18 -2 -12 -23 -17 25 -7 -15 -28 29 -3
right_child=1 2 8 6 -6 24 -8 -9 11 -11 14 12 13 26 -16 23 17 -19 -20 -21 -22 22 -24 -25 -26 -27 27 -29 -30 -31
leaf_value=-0.032012965517856422 0.32101885496614851 0.82717627027497476 5.3888914925711502 0.028202738876067529 -0.013487584929472453 0.13651970882206343 -0.057945055382192703 -0.11536187393748876 0.29084819100919213 5.2549957625071215 -1.0272209845483304 0.67164146395385405 5.3606255463578485 4.1839626208595613 3.7978128620556428 -0.064528651322637284 6.533793867202033 0.74413441606972475 6.200889921188355 1.4285373936502301 0.079121207135027113 4.0010107390937355 -0.24680359291307852 3.1176213181018833 -0.12755192166297005 0.34336479175339024 -0.35688840724803783 2.1550259441137314 0.35228521649774192 4.2894958636164668
leaf_weight=58112 4228 556 21 83691 53303 32421 97358 137970 2839 30 88 883 22 23 28 364 21 101 24 98 102461 21 33 20 2213 7217 54 69 7040 20
leaf_count=58112 4228 556 21 83691 53303 32421 97358 137970 2839 30 88 883 22 23 28 364 21 101 24 98 102461 21 33 20 2213 7217 54 69 7040 20
internal_value=2.63366e-10 0.0983105 0.227147 -0.0558371 0.0546601 0.195033 -0.0181227 -0.0906601 0.562366 1.06323 0.90969 0.453051 0.891198 2.04518 0.791816 0.682507 1.26079 2.05404 2.97921 2.32947 0.0887074 -0.102245 1.40512 0.101208 0.158226 0.174181 1.54559 1.05223 0.397294 0.947396
internal_weight=591329 214198 54206 377131 159992 49467 181049 196082 4739 849 819 3890 1051 168 798 770 386 244 143 119 106689 142 54 384 41851 39638 146 123 7616 576
internal_count=591329 214198 54206 377131 159992 49467 181049 196082 4739 849 819 3890 1051 168 798 770 386 244 143 119 106689 142 54 384 41851 39638 146 123 7616 576
is_linear=0
shrinkage=0.05


Tree=38
num_leaves=31
num_cat=0
split_feature=292 289 288 288 289 288 261 288 22 289 289 288 288 8 288 289 292 289 267 268 274 282 32 261 176 72 192 191 198 276
split_gain=1.18542e+06 324854 310627 242611 241400 129285 125235 117595 140416 111690 98006 97041.7 95844 93793 80107.4 115898 78238.5 71911.4 68830.9 146624 66010.4 72799.5 65621.1 142737 197720 63853.6 62052 133634 77000.6 60253
threshold=57.607843399047859 -126.74999999999999 21.750000000000004 109.75000000000001 -26.749999999999996 72.250000000000014 -114.74999999999999 382.25000000000006 120.75000000000001 -20.249999999999996 -6.7499999999999991 7.2500000000000009 77.750000000000014 657.75000000000011 23.250000000000004 -49.249999999999993 115.76091766357423 -64.749999999999986 364.75000000000006 135.75000000000003 335.25000000000006 -90.749999999999986 -1027.5499877929685 -345.24999999999994 -490.99999999999994 207.25000000000003 14.250000000000002 -106.24999999999999 -428.24999999999994 -214.74999999999997
decision_type=2 2 2 2 2 2 2 2 2 2 2 2 2 2 2 2 2 2 2 2 2 2 2 2 2 2 2 2 2 2
left_child=2 5 4 6 17 18 16 20 -9 -4 11 -6 -11 -10 -8 -16 25 -1 22 -20 -5 -22 23 24 29 -3 27 28 -23 -2
right_child=1 3 9 7 10 -7 14 8 13 12 -12 -13 -14 -15 15 -17 -18 -19 19 -21 21 26 -24 -25 -26 -27 -28 -29 -30 -31
leaf_value=0.17223961987995073 2.2962628656504105 0.21037117474327216 0.14548297720001577 0.35298419219457294 -0.094186626107254548 1.2111474196093956 0.021099798612830813 5.9244401645660405 -0.49868745145044829 0.0041949475133157858 -0.12038917195820197 -0.018469779496577216 0.28354708981837068 3.2073277396540494 0.33824508438310547 0.093953499917383346 0.48645852943994461 0.003021856438223535 5.2708609207816748 0.56446035918542892 3.8187866642361601 2.4333603476350376 0.36135653143701824 0.044119778328708247 6.2988042972705989 -0.078408186724531662 0.56653741255645718 5.3983821706338366 -0.97537195742130278 -0.76159324757754809
leaf_weight=6884 49 18587 18751 5499 89650 672 34366 20 38 99706 102349 80149 3168 31 5425 46216 2326 71362 23 59 21 37 3163 112 27 2134 429 22 30 24
leaf_count=6884 49 18587 18751 5499 89650 672 34366 20 38 99706 102349 80149 3168 31 5425 46216 2326 71362 23 59 21 37 3163 112 27 2134 429 22 30 24
internal_value=3.73439e-10 0.14081 -0.0355919 0.125189 -0.0594888 0.576566 0.107989 0.431337 2.23557 0.0332538 -0.0817418 -0.0584465 0.0127976 1.16633 0.0802522 0.119617 0.211496 0.0179095 0.453211 1.88455 0.404743 0.932795 0.418435 1.27004 2.64306 0.180631 0.815796 2.01728 0.907062 1.29094
internal_weight=591329 119310 472019 115181 350394 4129 109054 6127 89 121625 272148 169799 102874 69 86007 51641 23047 78246 3457 82 6038 539 3375 212 100 20721 518 89 67 73
internal_count=591329 119310 472019 115181 350394 4129 109054 6127 89 121625 272148 169799 102874 69 86007 51641 23047 78246 3457 82 6038 539 3375 212 100 20721 518 89 67 73
is_linear=0
shrinkage=0.05


Tree=39
num_leaves=31
num_cat=0
split_feature=292 292 288 246 229 288 289 232 274 4 276 283 289 289 256 92 277 173 292 279 255 50 289 288 282 208 33 281 16 289
split_gain=1.07939e+06 411717 217835 173670 142536 131328 131025 128225 109268 107790 120255 257569 102338 95725.4 95504.1 114509 162043 85440 106521 80845.7 260001 130339 79473.2 127123 77786.9 77006.9 75012.6 74781.6 96175.6 94901.3
threshold=68.805202484130874 40.579990386962898 115.75000000000001 -282.24999999999994 45.412584304809577 8.2500000000000018 -84.749999999999986 -149.24999999999997 335.25000000000006 -600.25250244140614 -214.74999999999997 -94.749999999999986 -5.7499999999999991 -248.74999999999997 546.70498657226574 -293.74999999999994 -442.95249938964838 77.711261749267592 54.945671081542976 181.26713562011722 106.75000000000001 22.750000000000004 -38.749999999999993 23.750000000000004 -50.749999999999993 92.775569915771499 61.429855346679695 -30.749999999999996 -861.24999999999989 -77.749999999999986
decision_type=2 2 2 2 2 2 2 2 2 2 2 2 2 2 2 2 2 2 2 2 2 2 2 2 2 2 2 2 2 2
left_child=1 5 3 7 -3 24 9 27 -8 -4 11 -11 -7 14 15 16 -5 18 -6 20 -12 -22 23 -15 -1 -24 -10 28 -2 -29
right_child=2 4 6 13 17 12 8 -9 26 10 19 -13 -14 22 -16 -17 -18 -19 -20 -21 21 -23 25 -25 -26 -27 -28 29 -30 -31
leaf_value=0.039782663100173032 1.3297017829758782 0.10468048866509888 -0.39002374352478403 0.73657968044281008 -0.021436635042058456 0.0072791015955248964 0.32687502985568512 3.8222853529837821 0.4515981917095892 1.7366824392229319 0.83743402471667849 8.2372539806365968 -0.068189966456374221 0.12068125426218819 3.9079226766313826 -0.029768687321080102 6.1376380151226408 -0.13326789679592596 0.073543895915347449 0.37777299530578384 2.6942882415584544 8.2713462591171272 0.14230022460614053 0.33541280400016382 -0.10043054211893375 -0.018416508517546195 1.666734728054567 1.5222418473893389 -0.029532106608338927 0.51048852001239953
leaf_weight=10607 161 52919 82 41 69279 94889 3808 31 236 64 133 20 85301 17975 28 135 21 9969 51436 165 22 20 23187 11179 146670 10984 275 359 679 654
leaf_count=10607 161 52919 82 41 69279 94889 3808 31 236 64 133 20 85301 17975 28 135 21 9969 51436 165 22 20 23187 11179 146670 10984 275 359 679 654
internal_value=2.74166e-10 -0.0248055 0.183968 0.160061 0.03545 -0.0575883 0.508185 0.633155 0.419002 1.26941 1.59034 3.28444 -0.0284476 0.146035 1.17553 0.787164 2.56597 0.00741596 0.019034 1.1718 1.92046 5.35003 0.142377 0.203019 -0.0909744 0.0906391 1.10554 0.579802 0.230988 0.869047
internal_weight=591329 521070 70259 65434 183603 337467 4825 1884 4319 506 424 84 180190 63550 225 197 62 130684 120715 340 175 42 63325 29154 157277 34171 511 1853 840 1013
internal_count=591329 521070 70259 65434 183603 337467 4825 1884 4319 506 424 84 180190 63550 225 197 62 130684 120715 340 175 42 63325 29154 157277 34171 511 1853 840 1013
is_linear=0
shrinkage=0.05


Tree=40
num_leaves=31
num_cat=0
split_feature=292 292 292 180 274 288 229 222 261 208 286 128 288 138 145 40 19 18 187 240 258 251 271 29 103 82 44 259 292 255
split_gain=974152 371574 202118 134018 121052 116345 172469 242713 103122 93050.5 85566.1 191354 154190 103301 225484 128002 282976 96060.9 100461 108955 122555 114135 95733.9 92672.8 90346.4 115924 88442 83723.8 82509.8 82006.1
threshold=68.805202484130874 40.579990386962898 134.80252075195315 56.140171051025398 45.750000000000007 173.75000000000003 37.726984024047859 31.843616485595707 -59.249999999999993 86.929332733154311 -323.06172180175776 -345.24999999999994 1.2500000000000002 83.768711090087905 82.388545989990249 51.195276260375984 53.850433349609382 743.30749511718761 47.621809005737312 287.75000000000006 154.38198852539065 140.09529876708987 156.22117614746097 -597.74999999999989 44.898538589477546 81.316780090332045 -376.24999999999994 -182.24999999999997 92.48715972900392 -118.74999999999999
decision_type=2 2 2 2 2 2 2 2 2 2 2 2 2 2 2 2 2 2 2 2 2 2 2 2 2 2 2 2 2 2
left_child=1 4 5 27 8 9 7 -7 -1 28 11 12 -4 14 15 23 -17 -12 -19 20 21 26 -18 -14 -21 -26 -20 -3 -2 -24
right_child=2 3 10 -5 -6 6 -8 -9 -10 -11 17 -13 13 -15 -16 16 22 18 19 24 -22 -23 29 -25 25 -27 -28 -29 -30 -31
leaf_value=0.021858440165231856 0.16319620501059412 0.39428637208049999 5.0520874256179447 -0.023168273192426713 0.032668271296244812 0.15413989554280821 0.56473210253145389 7.5000843741677032 -0.074803594957706943 0.068678940225118779 0.23966623726988973 5.5471922747790821 -1.0141482666445276 0.19209564684525782 5.9130781497955329 7.2230802602711179 2.2430425206669655 -1.1874696023265521 4.3608084166049954 4.873005291548643 0.1620905610807841 4.9707823864438323 -0.72581701784194275 2.5194727625535887 0.31074642669931751 2.5487329838767887 0.87197687095430954 0.060348936942175441 0.37300397164346866 2.5115171414155228
leaf_weight=30716 34280 1908 21 66263 35472 23 805 22 271279 24962 2839 22 96 437 25 21 99 60 20 22 496 22 79 23 107 126 198 115432 5428 26
leaf_count=30716 34280 1908 21 66263 35472 23 805 22 271279 24962 2839 22 96 437 25 21 99 60 20 22 496 22 79 23 107 126 198 115432 5428 26
internal_value=1.764e-10 -0.0235652 0.17477 0.0336775 -0.0547089 0.151962 0.733125 3.74549 -0.0649721 0.144323 0.4901 0.944877 0.822445 0.712243 1.32824 0.995045 1.69647 0.390844 0.79921 0.919494 0.610899 1.53844 1.12755 -0.331179 1.81018 1.52099 1.19205 0.0657789 0.191876 0.0758086
internal_weight=591329 521070 70259 183603 337467 65520 850 45 301995 64670 4739 849 827 806 369 344 225 3890 1051 991 736 240 204 119 255 233 218 117340 39708 105
internal_count=591329 521070 70259 183603 337467 65520 850 45 301995 64670 4739 849 827 806 369 344 225 3890 1051 991 736 240 204 119 255 233 218 117340 39708 105
is_linear=0
shrinkage=0.05


Tree=41
num_leaves=31
num_cat=0
split_feature=292 289 288 288 289 282 288 288 289 288 274 288 281 220 229 273 287 166 288 85 152 152 123 137 288 287 197 239 282 234
split_gain=891872 319462 231581 172005 143501 129793 126979 123711 105732 111490 89711.4 78385.8 75333.6 275698 453098 104499 74744.8 71742 63903.4 86586.2 181127 88925.7 67005.5 63704.1 62812.2 64478.8 61342 73419.7 99607.4 150014
threshold=48.164575576782234 -102.74999999999999 56.250000000000007 25.250000000000004 -11.249999999999998 -125.24999999999999 29.750000000000004 324.75000000000006 -34.249999999999993 14.250000000000002 275.25000000000006 7.2500000000000009 -27.749999999999996 -424.24999999999994 122.94322586059572 -41.249999999999993 18.250000000000004 88.737609863281264 160.75000000000003 108.25000000000001 48.778572082519538 134.35565948486331 -759.11502075195301 -388.56249999999994 77.750000000000014 4.2500000000000009 311.25000000000006 32.250000000000007 -214.24999999999997 122.25000000000001
decision_type=2 2 2 2 2 2 2 2 2 2 2 2 2 2 2 2 2 2 2 2 2 2 2 2 2 2 2 2 2 2
left_child=3 6 8 4 11 7 12 -4 9 -3 16 -1 -2 14 15 -14 -7 -10 26 20 -20 -21 -22 -24 25 -5 27 -8 29 -29
right_child=1 2 5 24 -6 10 18 -9 17 -11 -12 -13 13 -15 -16 -17 -18 -19 19 21 22 -23 23 -25 -26 -27 -28 28 -30 -31
leaf_value=-0.052414363401568104 0.13540382548858923 0.04192055909635925 0.63112558272462682 0.14385451952730735 -0.089233296697492359 0.36032611373957263 0.54739352294648469 4.4146865254098726 0.02944940952423283 0.18231181032152941 0.56495026339143839 0.016550414099714889 2.1353058575778396 0.35793391667738012 8.8422726176977164 -1.9381230926513675 0.12849175387204406 -0.11618582717086548 5.803359509309133 -0.057734821574522727 -1.1825970774605161 3.5182293653488159 4.394830677509308 0.89235362748841984 0.31530974095588715 0.0026039894656019261 -0.042352149525174389 4.4306720267031707 0.9395614597364329 -0.59053432927245186
leaf_weight=99656 3816 33822 1202 9343 166339 3974 1754 22 73899 24303 1411 70245 74 1476 25 20 27782 9549 30 101 21 21 20 37 1871 59736 324 51 384 21
leaf_count=99656 3816 33822 1202 9343 166339 3974 1754 22 73899 24303 1411 70245 74 1476 25 20 27782 9549 30 101 21 21 20 37 1871 59736 324 51 384 21
internal_value=-2.29384e-11 0.0913129 0.0771178 -0.0412934 -0.0562211 0.193498 0.396858 0.699131 0.0488468 0.10062 0.174838 -0.0239011 0.256019 0.544588 2.85972 1.26862 0.157504 0.0127843 0.672573 1.47057 2.50167 0.5578 1.23178 2.12129 0.0294507 0.0217083 0.600142 0.694336 1.25955 2.96615
internal_weight=591329 184139 175964 407190 336240 34391 8175 1224 141573 58125 33167 169901 5411 1595 119 94 31756 83448 2764 230 108 122 78 57 70950 69079 2534 2210 456 72
internal_count=591329 184139 175964 407190 336240 34391 8175 1224 141573 58125 33167 169901 5411 1595 119 94 31756 83448 2764 230 108 122 78 57 70950 69079 2534 2210 456 72
is_linear=0
shrinkage=0.05


Tree=42
num_leaves=31
num_cat=0
split_feature=292 288 289 289 289 281 288 261 288 152 211 288 289 268 170 281 279 211 73 240 281 82 211 289 288 285 132 289 18 276
split_gain=812030 273804 210773 172586 158690 151700 108220 98257.9 94414.7 79211.3 220676 74726.5 85974.3 74352.7 81740.1 67667.3 144181 118259 159289 82608.6 85764.8 86763.6 82481.5 78427.1 109227 77144.3 77774 65878.5 65010.1 80656.3
threshold=62.258462905883796 15.250000000000002 -126.74999999999999 -20.749999999999996 -27.749999999999996 162.25000000000003 42.750000000000007 -117.74999999999999 41.750000000000007 156.43253326416018 -402.24999999999994 382.25000000000006 -42.749999999999993 -155.74999999999997 -206.74999999999997 16.750000000000004 181.26713562011722 69.250000000000014 29.750000000000004 -47.749999999999993 156.75000000000003 66.340267181396499 299.25000000000006 -248.74999999999997 50.250000000000007 68.159053802490249 -266.84651184082026 -6.7499999999999991 743.30749511718761 69.250000000000014
decision_type=2 2 2 2 2 2 2 2 2 2 2 2 2 2 2 2 2 2 2 2 2 2 2 2 2 2 2 2 2 2
left_child=1 3 8 -1 -3 7 27 -4 9 -2 -11 28 -13 -12 -15 23 17 19 -19 20 21 -17 -18 24 -10 26 -26 -6 -7 -30
right_child=2 4 5 -5 6 11 -8 -9 15 10 13 12 -14 14 -16 16 22 18 -20 -21 -22 -23 -24 -25 25 -27 -28 -29 29 -31
leaf_value=-0.0053125556467374345 0.25855777045184847 0.14556495601770258 0.20011381358482511 -0.084623941675930611 0.01934406095659175 0.28486627699740324 0.082679173207570816 0.073388522994003322 4.0609412408532632 6.1606742853210088 -0.26402645165270028 4.1917306941968429 0.746661219813607 4.2850237170855205 0.69859537444216135 5.3297635514002586 -2.183017172557967 6.6927313119173055 2.0483315087854863 -1.1522416830062867 0.050318722923596709 1.6008994579315186 0.82378806576011643 0.31818020056643082 3.6458982342765447 0.3029853722174391 -0.14239328145980834 -0.049157177397395564 2.6032522375646394 0.64334561639137189
leaf_weight=107166 2580 22269 19809 190562 68595 4256 34893 67141 33 21 88 27 55 24 47 26 28 30 48 26 36 39 123 610 42 139 20 71875 57 664
leaf_count=107166 2580 22269 19809 190562 68595 4256 34893 67141 33 21 88 27 55 24 47 26 28 30 48 26 36 39 123 610 42 139 20 71875 57 664
internal_value=1.35028e-10 -0.0257897 0.133118 -0.0560761 0.0198361 0.117745 0.00387002 0.102259 0.490292 0.329309 1.34341 0.38391 1.88101 0.707171 1.91091 0.860551 1.43867 2.30226 3.83464 1.36112 2.00812 3.09245 0.266235 0.616701 1.3949 0.957188 2.42387 -0.0157063 0.359244 0.79829
internal_weight=591329 495360 95969 297728 197632 92009 175363 86950 3960 2760 180 5059 82 159 71 1200 356 205 78 127 101 65 151 844 234 201 62 140470 4977 721
internal_count=591329 495360 95969 297728 197632 92009 175363 86950 3960 2760 180 5059 82 159 71 1200 356 205 78 127 101 65 151 844 234 201 62 140470 4977 721
is_linear=0
shrinkage=0.05


Tree=43
num_leaves=31
num_cat=0
split_feature=288 289 289 288 288 279 289 289 282 288 246 232 281 267 288 80 288 229 4 106 38 231 70 289 285 75 265 96 75 96
split_gain=740470 465414 336490 158060 135576 130128 123307 90063.2 86560.5 79161.6 78320.7 175468 111282 91410.7 75621.5 108826 74701.1 221432 101145 67239.9 91596.7 62228.4 59834.9 55677.6 55600.7 93633.4 111338 93162.4 84285.7 69204.7
threshold=39.750000000000007 -32.249999999999993 -46.749999999999993 8.2500000000000018 128.75000000000003 -102.91039276123045 -6.7499999999999991 -248.74999999999997 -26.749999999999996 13.250000000000002 -282.24999999999994 -175.24999999999997 1.0000000180025095e-35 269.25000000000006 50.250000000000007 -406.24999999999994 237.50000000000003 37.295320510864265 1079.497497558594 285.25000000000006 37.750000000000007 202.75000000000003 558.25000000000011 -18.749999999999996 68.159053802490249 62.463359832763679 -393.96055603027338 75.590023040771499 52.875810623168952 88.702793121337905
decision_type=2 2 2 2 2 2 2 2 2 2 2 2 2 2 2 2 2 2 2 2 2 2 2 2 2 2 2 2 2 2
left_child=1 5 7 -3 8 10 -5 14 23 -7 11 12 -1 -12 15 -2 -9 -18 19 20 -19 -10 -6 -4 28 26 -26 -27 -16 -29
right_child=2 3 4 6 22 9 -8 16 21 -11 13 -13 -14 -15 24 -17 17 18 -20 -21 -22 -23 -24 -25 25 27 -28 29 -30 -31
leaf_value=0.18408363096293082 5.4852594996492066 -0.08707736136216436 0.32464830681244861 0.0084476188770035796 0.32640998164941859 0.011260207983222434 -0.063430262024853176 0.38403667494000521 0.049801979027967402 0.11653664878836278 0.15614087208678046 4.9118750289730411 1.3049394164960106 3.5381639479100708 1.0181420027085071 0.61671639355746188 6.0916555003686383 0.060882444041115903 3.8800224096878715 -0.79768175141264996 3.4485031789348977 0.23170280852382319 0.92593387566276442 0.11592585548188801 -3.3486559925408201 3.5719522661783483 0.84071991409574243 -1.767814036369324 4.6996726111932237 1.3791585243981461
leaf_weight=788 24 156200 5658 138054 2933 59429 105086 7585 56809 25526 19454 23 308 20 53 22 22 56 23 72 31 5126 485 7340 29 33 35 25 22 58
leaf_count=788 24 156200 5658 138054 2933 59429 105086 7585 56809 25526 19454 23 308 20 53 22 22 56 23 72 31 5126 485 7340 29 33 35 25 22 58
internal_value=1.90198e-10 -0.0231511 0.135222 -0.0478311 0.103523 0.0702257 -0.0226183 0.442226 0.0894755 0.0428921 0.182988 0.58977 0.499069 0.159614 1.29087 3.15683 0.409431 1.35361 0.780882 0.332578 1.26797 0.0648569 0.41148 0.206782 0.95427 0.477691 -1.05759 1.32474 2.09806 0.431275
internal_weight=591329 504888 86441 399340 78351 105548 243140 8090 74933 84955 20593 1119 1096 19474 301 46 7789 204 182 159 87 61935 3418 12998 255 180 64 116 75 83
internal_count=591329 504888 86441 399340 78351 105548 243140 8090 74933 84955 20593 1119 1096 19474 301 46 7789 204 182 159 87 61935 3418 12998 255 180 64 116 75 83
is_linear=0
shrinkage=0.05


Tree=44
num_leaves=31
num_cat=0
split_feature=292 288 289 289 282 281 281 288 229 222 112 120 261 210 39 288 211 227 260 208 57 288 289 241 43 25 20 163 265 41
split_gain=669971 276662 165320 160227 149923 123022 189902 121262 110910 281996 95801 221464 91731.9 84655.9 79642.1 77822 76538.4 181555 73218.5 69446.2 66420.5 66187.8 83887.2 96029.5 112979 123304 84973 85016 118759 64089.7
threshold=68.805202484130874 16.750000000000004 -26.249999999999996 -12.749999999999998 -214.24999999999997 -27.749999999999996 -24.249999999999996 173.75000000000003 37.295320510864265 31.843616485595707 188.25000000000003 145.25000000000003 -111.74999999999999 -363.74999999999994 816.07247924804699 56.250000000000007 100.25000000000001 19.250000000000004 396.75000000000006 156.81378936767581 846.00000000000011 35.250000000000007 -248.74999999999997 -142.74999999999997 -728.74999999999989 -1032.5550537109373 -542.61712646484364 -328.74999999999994 -393.96055603027338 90.140033721923842
decision_type=2 2 2 2 2 2 2 2 2 2 2 2 2 2 2 2 2 2 2 2 2 2 2 2 2 2 2 2 2 2
left_child=1 2 29 12 5 14 -7 13 9 -9 11 16 -3 18 21 -5 17 -8 -6 -16 -12 -2 23 24 25 -23 -26 28 -28 -1
right_child=4 3 -4 15 7 6 10 8 -10 -11 20 -13 -14 -15 19 -17 -18 -19 -20 -21 -22 22 -24 -25 26 -27 27 -29 -30 -31
leaf_value=0.034887514647713391 -0.045608822992176154 0.25715481132220691 -0.069933830694335244 -0.020002443139263679 0.34834616709048893 5.6018219699030345 0.94998879450691109 -0.77321726151488046 0.52211373370752012 7.4301000100374228 -1.3465649580777583 6.2892776375725159 0.068856621889479427 0.10927625205738066 0.58369618946192225 0.10191697154083523 -1.7091737598180772 5.4198859592278801 3.1200813879569371 3.4760706014103366 1.2488347860483024 6.0535485903422037 0.22291204847758059 4.4716473952583646 -1.6087826863313333 0.80728254119555154 0.42239400288090112 -0.64388067694597462 4.6248028804515968 -0.062726787230302644
leaf_weight=66309 890 7224 235036 113373 3293 23 425 22 1286 20 67 21 61803 63345 49 14797 24 24 24 36 39 21 452 23 39 24 40 43 29 22528
leaf_count=66309 890 7224 235036 113373 3293 23 425 22 1286 20 67 21 61803 63345 49 14797 24 24 24 36 39 21 452 23 39 24 40 43 29 22528
internal_value=2.14469e-10 -0.0195428 -0.0479716 0.0271483 0.144937 0.544751 1.14318 0.131595 0.604691 3.13312 0.97227 1.26493 0.0885629 0.12217 0.318248 -0.00592706 1.04187 1.18891 0.368401 1.8087 -0.391654 0.23709 0.612055 1.41522 1.05656 3.25554 0.401229 1.10114 2.18862 0.0101337
internal_weight=591329 521070 323873 197197 70259 2269 623 67990 1328 42 600 494 69027 66662 1646 128170 473 449 3317 85 106 1561 671 219 196 45 151 112 69 88837
internal_count=591329 521070 323873 197197 70259 2269 623 67990 1328 42 600 494 69027 66662 1646 128170 473 449 3317 85 106 1561 671 219 196 45 151 112 69 88837
is_linear=0
shrinkage=0.05


Tree=45
num_leaves=31
num_cat=0
split_feature=288 289 289 288 251 288 289 282 246 232 281 282 288 260 289 283 3 169 34 93 145 166 102 278 109 288 33 138 161 213
split_gain=621408 387556 288665 132945 111919 110392 106183 87127.8 78824.9 197087 98201.2 76455 70620.1 70405.1 65491.8 121083 238884 67600.8 72157.5 67504.3 63933.5 129950 180125 67440.8 70641.2 60819.1 141636 68454.5 100200 110455
threshold=39.750000000000007 -32.249999999999993 -49.249999999999993 8.2500000000000018 -86.205352783203111 123.25000000000001 -5.7499999999999991 -26.749999999999996 -282.24999999999994 -175.24999999999997 1.0000000180025095e-35 -268.24999999999994 15.750000000000002 324.25000000000006 -122.74999999999999 -130.24999999999997 -165.74999999999997 -171.24999999999997 -214.46806335449216 -324.24999999999994 81.12705230712892 115.64368820190431 -627.33499145507801 66.839317321777358 -623.00497436523426 207.25000000000003 35.540159225463874 134.78519439697268 281.25000000000006 26.750000000000004
decision_type=2 2 2 2 2 2 2 2 2 2 2 2 2 2 2 2 2 2 2 2 2 2 2 2 2 2 2 2 2 2
left_child=1 4 11 -3 8 7 -5 -4 9 10 -1 14 -6 -10 15 17 -17 18 20 -16 23 22 -22 24 -2 -13 -27 28 29 -28
right_child=2 3 5 6 12 -7 -8 -9 13 -11 -12 25 -14 -15 19 16 -18 -19 -20 -21 21 -23 -24 -25 -26 26 27 -29 -30 -31
leaf_value=0.16948485439158079 4.0137847089581191 -0.079722914286916857 0.19844798532919422 0.0055155662943956168 0.0039690040692913929 0.35046083979933718 -0.062402088143130141 0.057044145714605837 0.12737562082186499 5.3557666500409447 1.2225923596482193 0.34338379455951995 0.11678159035680198 2.956976573846557 -1.019622538701908 1.245364594520493 7.3136399258737983 -0.2914558646447481 3.167273657094865 1.3180508394286319 7.4245283675193789 -0.25383762419223788 0.93650741369827939 -0.53719908182437603 0.64435630840914593 4.9517285233194182 -0.069375049557004659 3.19680603994773 -0.84184815314994477 2.7600559565731708
leaf_weight=787 20 156200 13230 149625 57026 4036 93515 61688 29052 21 308 6617 18332 22 74 55 23 94 42 53 20 32 23 91 70 22 70 26 87 68
leaf_count=787 20 156200 13230 149625 57026 4036 93515 61688 29052 21 308 6617 18332 22 74 55 23 94 42 53 20 32 23 91 70 22 70 26 87 68
internal_value=2.96387e-10 -0.0212083 0.123874 -0.0437296 0.0640008 0.0957376 -0.0206065 0.0820151 0.145346 0.557719 0.465701 0.42059 0.0314124 0.129517 0.963392 1.23562 3.03473 0.877632 1.2464 -0.0440581 0.931262 2.15877 3.95419 0.422627 1.39312 0.373558 1.10491 0.767744 0.487052 1.32484
internal_weight=591329 504888 86441 399340 105548 78954 243140 74918 30190 1116 1095 7487 75358 29074 597 470 78 392 298 127 256 75 43 181 90 6890 273 251 225 138
internal_count=591329 504888 86441 399340 105548 78954 243140 74918 30190 1116 1095 7487 75358 29074 597 470 78 392 298 127 256 75 43 181 90 6890 273 251 225 138
is_linear=0
shrinkage=0.05


Tree=46
num_leaves=31
num_cat=0
split_feature=288 289 289 288 289 288 206 232 282 282 289 283 3 289 256 173 40 78 288 229 152 86 230 180 169 19 231 289 176 70
split_gain=560821 349964 260697 136748 121646 104572 96810.2 153580 67677.8 67494.8 65937.1 109277 215592 64288.4 115851 81225 96548.5 62505.8 62448.8 126788 89466.3 63167.4 169263 77968.3 62033.5 59897.9 54817.6 54055.6 53880.3 53188.6
threshold=39.750000000000007 -40.749999999999993 -46.749999999999993 8.2500000000000018 -6.7499999999999991 128.75000000000003 -275.24999999999994 220.25000000000003 -26.749999999999996 -268.24999999999994 -122.74999999999999 -130.24999999999997 -165.74999999999997 -248.74999999999997 546.70498657226574 76.671905517578139 54.195533752441413 47.250000000000007 207.25000000000003 37.295320510864265 55.013725280761726 155.75000000000003 34.56244087219239 123.13367462158205 -106.24999999999999 52.488761901855476 202.75000000000003 -7.7499999999999991 -225.74999999999997 558.25000000000011
decision_type=2 2 2 2 2 2 2 2 2 2 2 2 2 2 2 2 2 2 2 2 2 2 2 2 2 2 2 2 2 2
left_child=1 6 9 27 -5 8 7 -1 -4 10 11 24 25 14 15 16 -8 -15 -11 -20 -21 22 -22 -23 -2 -13 -10 -3 -12 -7
right_child=2 3 5 4 -6 29 13 -9 26 18 28 12 -14 17 -16 -17 -18 -19 19 20 21 23 -24 -25 -26 -27 -28 -29 -30 -31
leaf_value=0.29837811728867475 1.1295626540027119 -0.054323894560572086 0.18116773440371139 0.014156992907606428 -0.055587013168651514 0.28003521792141628 0.17320506019251689 4.6907821966707708 0.041543634676662659 0.31836868049919698 -0.89017911759423629 3.2039735055782579 6.9479577564674875 0.10626900760906494 4.5883038611639115 -1.2870819898752066 4.2032597868338879 0.0085845620735113693 4.2069866995873122 -0.59487296689388358 0.76414523619525843 -0.32714029554871549 5.6279488607689192 3.2184166991710663 -0.50365625687048465 -0.16415508642341153 0.21226983858549775 -0.11692995609093396 1.2102895816978145 0.84528228737029831
leaf_weight=4013 321 126335 12998 154354 105086 2933 42 20 56809 7206 81 22 23 39623 21 39 23 27912 29 86 53 69 27 20 71 33 5126 47420 49 485
leaf_count=4013 321 126335 12998 154354 105086 2933 42 20 56809 7206 81 22 23 39623 21 39 23 27912 29 86 53 69 27 20 71 33 5126 47420 49 485
internal_value=1.06278e-10 -0.0201479 0.117681 -0.0370827 -0.0140928 0.089779 0.0821785 0.32016 0.0774421 0.387906 0.898172 1.17384 2.88299 0.0679932 1.20086 0.51686 1.59922 0.0658963 0.34703 1.07427 0.718004 1.38609 2.40568 0.469614 0.83375 1.1831 0.0556737 -0.0714099 -0.098464 0.360241
internal_weight=591329 504888 86441 433195 259440 78351 71693 4033 74933 8090 600 470 78 67660 125 104 65 67535 7490 284 255 169 80 89 392 55 61935 173755 130 3418
internal_count=591329 504888 86441 433195 259440 78351 71693 4033 74933 8090 600 470 78 67660 125 104 65 67535 7490 284 255 169 80 89 392 55 61935 173755 130 3418
is_linear=0
shrinkage=0.05


Tree=47
num_leaves=31
num_cat=0
split_feature=288 289 289 289 246 232 233 285 281 75 281 175 289 235 253 68 288 222 285 204 267 7 32 288 276 287 171 223 250 286
split_gain=508089 311640 277613 139988 102453 144639 100106 83870.7 81662.3 79668.5 77523 69805.6 79316.2 147708 69771.6 104527 98803.8 79215.7 65834.7 72493.6 63626.3 54011.8 53045.8 68760.7 102548 254188 84480.1 122317 55604 53045
threshold=27.750000000000004 -21.749999999999996 -30.749999999999996 -83.249999999999986 -282.24999999999994 -175.24999999999997 145.75000000000003 134.95200347900393 -30.749999999999996 56.509532928466804 25.250000000000004 -20.749999999999996 -248.74999999999997 357.52749633789068 425.50000000000006 123.89466476440431 115.75000000000001 67.588863372802749 134.95200347900393 -421.74999999999994 303.75000000000006 -154.24999999999997 -552.41748046874989 90.750000000000014 -214.74999999999997 -78.749999999999986 -331.24999999999994 -405.39974975585932 41.50310134887696 -36.631448745727532
decision_type=2 2 2 2 2 2 2 2 2 2 2 2 2 2 2 2 2 2 2 2 2 2 2 2 2 2 2 2 2 2
left_child=2 3 4 22 5 8 -3 -5 -1 -9 29 20 13 -13 17 -16 -17 -11 21 -20 -6 -10 28 -24 25 26 27 -25 -2 -4
right_child=1 6 10 7 11 -7 -8 9 18 14 -12 12 -14 -15 15 16 -18 -19 19 -21 -22 -23 23 24 -26 -27 -28 -29 -30 -31
leaf_value=0.058430214913494483 2.3018001383436579 0.024952532220775162 -0.010923845555235493 0.15036353857268572 0.079818386770970598 4.4096466839313511 0.21273431412573798 -0.21849217611710761 0.56823978320080071 3.3378931202888489 -0.0024319998174903252 -0.64755326353985332 -0.0031768533541683846 5.1524115698678159 0.78235493640487019 1.056774429841475 5.5344381013086874 0.49285748231776039 4.4818369547526045 0.51017857670783995 2.9005182373523715 2.7666312809913389 0.43789929469688249 0.28381454465644701 0.71722315805161829 7.4595330846309666 -0.32192318797111513 5.0004740272959083 0.036689974336463205 -0.070936443842660749
leaf_weight=497 28 102919 44078 31329 51928 24 7623 299 283 25 71438 23 51181 21 104 22 28 1147 27 20 20 31 2998 28 621 20 45 27 837 223658
leaf_count=497 28 102919 44078 31329 51928 24 7623 299 283 25 71438 23 51181 21 104 22 28 1147 27 20 20 31 2998 28 621 20 45 27 837 223658
internal_value=1.87087e-10 0.0801793 -0.026791 0.204611 0.0446513 0.581249 0.037902 0.16853 0.474161 0.518772 -0.0487088 0.0400641 -0.00135261 2.12061 0.685017 1.68557 3.56427 0.553545 1.04651 2.79177 0.0809044 0.785278 0.462867 0.544499 0.975789 2.31386 1.28473 2.59927 0.110011 -0.0610564
internal_weight=591329 148100 443229 37558 104055 882 110542 32954 858 1625 339174 103173 51225 44 1326 154 50 1172 361 47 51948 314 4604 3739 741 120 100 55 865 267736
internal_count=591329 148100 443229 37558 104055 882 110542 32954 858 1625 339174 103173 51225 44 1326 154 50 1172 361 47 51948 314 4604 3739 741 120 100 55 865 267736
is_linear=0
shrinkage=0.05


Tree=48
num_leaves=31
num_cat=0
split_feature=288 289 289 281 282 252 155 68 292 250 288 267 268 115 282 90 135 288 289 281 289 212 288 30 1 81 278 16 281 289
split_gain=466199 296943 208203 133185 93093.9 85363.9 77078.6 73684.5 72584.4 137841 104464 86986.6 67202.6 61171.2 87031.3 151913 85277.7 59271.6 57789.8 53464.2 51661.4 100388 73176.6 161008 84471.7 84245.5 60879.3 71090.2 57341.9 111053
threshold=41.250000000000007 -47.749999999999993 -49.249999999999993 33.250000000000007 -21.749999999999996 307.75000000000006 30.250000000000004 63.535299301147468 134.80252075195315 79.821258544921889 1.0000000180025095e-35 269.25000000000006 -113.74999999999999 211.25000000000003 163.75000000000003 -24.815190315246578 240.25000000000003 7.2500000000000009 -15.749999999999998 -22.249999999999996 -248.74999999999997 -99.749999999999986 86.750000000000014 -843.74999999999989 -312.24999999999994 -70.677501678466783 75.411655426025405 -438.24999999999994 76.250000000000014 -118.74999999999999
decision_type=2 2 2 2 2 2 2 2 2 2 2 2 2 2 2 2 2 2 2 2 2 2 2 2 2 2 2 2 2 2
left_child=1 6 13 4 17 12 8 -7 19 -10 -11 -12 -4 14 16 -16 20 -3 -5 -1 21 22 23 -2 -25 26 27 -24 -22 -30
right_child=2 3 5 18 -6 7 -8 -9 9 10 11 -13 -14 -15 15 -17 -18 -19 -20 -21 28 -23 25 24 -26 -27 -28 -29 29 -31
leaf_value=0.075726716085683307 5.1595525283079882 -0.046568630686491495 0.2532293973466368 0.080854502388030741 -0.064482553747384971 0.16115855029432058 0.020873347790404489 0.88857109170807291 3.9683812999725343 3.2429075602329136 0.24434544651689541 3.5184575955073036 0.065814937025132386 0.11836821698683689 -0.36099127674102788 5.0013779895646238 2.8953950684411187 0.015790298419846121 -0.0048511609685821452 0.20849101726861138 0.27547252556107482 4.5172127246856695 2.547293124415658 -0.47183624735615892 2.5857063465827221 2.8266126823425295 -2.1511903342746552 -1.3145748656529648 1.9380654669404032 0.49990677350283125
leaf_weight=17634 26 72154 5151 30431 218879 820 21222 605 30 33 597 21 66991 1797 25 28 35 80752 55613 13304 3529 20 22 58 37 20 42 26 150 1277
leaf_count=17634 26 72154 5151 30431 218879 820 21222 605 30 33 597 21 66991 1797 25 28 35 80752 55613 13304 3529 20 22 58 37 20 42 26 150 1277
internal_value=2.07052e-10 -0.017644 0.111708 -0.030597 -0.0435706 0.0867662 0.0945844 0.46999 0.144058 0.654668 0.501963 0.355602 0.0791965 0.370436 0.455982 2.47196 0.4356 -0.0136359 0.0254602 0.132818 0.419066 1.11889 0.824661 1.67317 0.718996 -0.108693 -0.760983 0.455448 0.383623 0.65108
internal_weight=591329 510670 80659 457829 371785 73567 52841 1425 31619 681 651 618 72142 7092 5295 53 5242 152906 86044 30938 5207 251 231 121 95 110 90 48 4956 1427
internal_count=591329 510670 80659 457829 371785 73567 52841 1425 31619 681 651 618 72142 7092 5295 53 5242 152906 86044 30938 5207 251 231 121 95 110 90 48 4956 1427
is_linear=0
shrinkage=0.05


Tree=49
num_leaves=31
num_cat=0
split_feature=292 288 289 289 275 281 281 289 245 211 261 281 265 287 288 246 117 222 288 62 173 289 288 275 208 281 289 281 283 19
split_gain=425557 195004 129140 109630 103391 119238 166900 79064.2 103501 142395 72400.8 71932.8 68862.9 67694.3 63630.8 61390.5 112005 111738 72213 66609.3 62645.4 60399.1 57976.5 57297.9 56493.3 55118.3 52701 50211.4 117919 49511.1
threshold=71.788436889648452 15.750000000000002 -12.749999999999998 -11.249999999999998 -239.74999999999997 -27.749999999999996 -25.249999999999996 -248.74999999999997 -143.24999999999997 -0.74999999999999989 -111.74999999999999 182.25000000000003 -60.171646118164055 -103.24999999999999 87.750000000000014 -282.24999999999994 95.408500671386733 122.96020889282228 20.750000000000004 756.16635131835949 69.03678131103517 -105.24999999999999 136.25000000000003 -187.24999999999997 83.840072631835952 13.250000000000002 -66.249999999999986 152.25000000000003 66.250000000000014 70.37558746337892
decision_type=2 2 2 2 2 2 2 2 2 2 2 2 2 2 2 2 2 2 2 2 2 2 2 2 2 2 2 2 2 2
left_child=1 3 10 12 5 -2 -7 8 -6 -10 -3 24 -1 -11 -4 16 17 18 20 22 -8 -12 -17 -23 29 -14 -21 -20 -29 -9
right_child=4 2 14 -5 7 6 15 11 9 13 21 -13 25 -15 -16 19 -18 -19 27 26 -22 23 -24 -25 -26 -27 -28 28 -30 -31
leaf_value=0.04275723787631891 0.15084308908116364 0.21103675785973089 -0.012028186834536828 -0.07599682366101923 -1.2865450794880209 4.8537175645679236 1.6834141617019971 0.10727257957366597 5.8850091275714691 -0.32423422268458779 0.80312815130032877 0.33671997534290998 -0.049120809429803479 3.0439068134014424 0.22069163343853956 0.44361557651318367 -0.47344206941538847 4.293739970525106 0.59385712175543581 0.83021093050638839 4.9054606350985441 -2.3394250478744509 -1.0439667391975722 0.054705172920726498 0.04620301376936925 0.019587496364537854 4.1437249577045447 5.2122597978228615 0.41943582476991592 0.26451526340251275
leaf_weight=39911 1666 8537 134151 124277 26 25 48 19435 21 35 270 3251 111284 26 3003 517 87 33 237 30 22 25 75 69258 28695 39567 20 21 33 6743
leaf_count=39911 1666 8537 134151 124277 26 25 48 19435 21 35 270 3251 111284 26 3003 517 87 33 237 30 22 25 75 69258 28695 39567 20 21 33 6743
internal_value=1.31008e-10 -0.0143916 0.0222905 -0.0394539 0.125014 0.42102 0.813107 0.11071 1.4623 2.33389 0.073617 0.108199 -0.015647 1.11137 -0.00693276 0.723155 1.15025 1.50878 1.2542 0.403166 2.69606 0.05675 0.255155 0.0538413 0.0946598 -0.0310992 2.15562 0.907364 2.28331 0.147776
internal_weight=591329 530283 215244 315039 61046 2814 1148 58232 108 82 78090 58124 190762 61 137154 1123 481 394 361 642 70 69553 592 69283 54873 150851 50 291 54 26178
internal_count=591329 530283 215244 315039 61046 2814 1148 58232 108 82 78090 58124 190762 61 137154 1123 481 394 361 642 70 69553 592 69283 54873 150851 50 291 54 26178
is_linear=0
shrinkage=0.05


Tree=50
num_leaves=31
num_cat=0
split_feature=288 289 289 288 289 288 289 281 268 78 281 220 229 273 39 57 3 107 282 278 289 220 241 254 282 211 129 70 287 236
split_gain=394676 249164 185609 88635.1 85914.8 82352.4 77198.2 73221.9 70638.3 63385.3 56319 208462 345825 86797.4 59161 55480.3 86070.4 193175 69981 175868 56652.7 89335.1 121569 55940.3 55315.6 55109.6 52330.3 51857.5 53180.3 64977.1
threshold=39.750000000000007 -32.249999999999993 -46.749999999999993 7.2500000000000009 -105.24999999999999 123.25000000000001 -5.7499999999999991 13.250000000000002 -90.249999999999986 68.250000000000014 -27.749999999999996 -424.24999999999994 122.94322586059572 -41.249999999999993 -827.86999511718739 196.25000000000003 283.25000000000006 58.250000000000007 163.75000000000003 85.002006530761733 -147.24999999999997 11.750000000000002 78.750000000000014 298.75000000000006 -29.749999999999996 -308.24999999999994 -206.24999999999997 558.25000000000011 110.75000000000001 50.289089202880866
decision_type=2 2 2 2 2 2 2 2 2 2 2 2 2 2 2 2 2 2 2 2 2 2 2 2 2 2 2 2 2 2
left_child=1 4 15 -3 10 24 -5 9 -9 -6 -1 12 13 14 -12 16 18 -18 20 -20 21 -2 -23 -22 -4 -17 -27 28 29 -7
right_child=2 3 5 6 7 27 -8 8 -10 -11 11 -13 -14 -15 -16 25 17 -19 19 -21 23 22 -24 -25 -26 26 -28 -29 -30 -31
leaf_value=0.14040953031850573 0.59084708805952446 -0.066603732814057667 0.16236544018368523 0.0040438727430803269 0.045330086857380485 1.3080088668574166 -0.052410721431352107 0.31503176161873814 0.078470053448801438 -0.056043650021183812 0.041870029126444171 0.31565977941442697 6.9041301332414156 -1.6770487149556477 2.8328321699585235 2.5654114635094354 0.51627217695901273 6.0320881954648282 5.8841435813903811 -0.16887815713882448 0.32383021324654226 4.9407539918504915 0.84054016346732774 -1.5539942604303361 0.044557362863230816 2.6535915082693102 0.085489635564867661 0.75489559151301877 0.092627302138747036 0.32630684489232459
leaf_weight=4319 703 142389 11853 159238 49635 209 97713 3635 23931 22369 31 1523 32 24 49 23 57 22 20 30 4669 29 48 40 62525 20 2429 535 2358 871
leaf_count=4319 703 142389 11853 159238 49635 209 97713 3635 23931 22369 31 1523 32 24 49 23 57 22 20 30 4669 29 48 40 62525 20 2429 535 2358 871
internal_value=1.34236e-10 -0.016902 0.0987219 -0.03496 0.0514202 0.0751789 -0.0174246 0.0403668 0.109664 0.013837 0.235525 0.483146 2.35875 0.960169 1.75133 0.326734 0.41359 2.05232 0.390217 2.25233 0.373255 0.76794 2.38478 0.307879 0.0633315 0.129341 0.106462 0.296972 0.225713 0.516284
internal_weight=591329 504888 86441 399340 105548 78351 256951 99570 27566 72004 5978 1659 136 104 80 8090 5618 79 5539 50 5489 780 77 4709 74378 2472 2449 3973 3438 1080
internal_count=591329 504888 86441 399340 105548 78351 256951 99570 27566 72004 5978 1659 136 104 80 8090 5618 79 5539 50 5489 780 77 4709 74378 2472 2449 3973 3438 1080
is_linear=0
shrinkage=0.05


Tree=51
num_leaves=31
num_cat=0
split_feature=288 289 289 289 289 233 281 285 75 246 281 285 204 253 68 288 222 292 204 2 281 282 267 204 128 11 243 288 276 283
split_gain=361383 232176 197556 101774 87391.1 81220.8 78203.9 68853.1 71438.1 65185.1 129128 197722 236849 60889 92573.1 87955.3 70648.1 54710.2 55635.9 53588.3 50775.1 67759.6 63318.3 155858 50594.3 50058.1 71001.3 63573.2 97964 194300
threshold=27.750000000000004 -21.749999999999996 -47.749999999999993 -83.249999999999986 -6.7499999999999991 145.75000000000003 13.250000000000002 134.95200347900393 56.509532928466804 -282.24999999999994 -30.749999999999996 134.95200347900393 -421.74999999999994 425.50000000000006 123.89466476440431 115.75000000000001 67.588863372802749 134.80252075195315 101.75000000000001 -146.24999999999997 -12.749999999999998 -94.249999999999986 364.75000000000006 479.00000000000006 150.25000000000003 -596.48498535156239 40.592256546020515 114.75000000000001 -214.74999999999997 -103.74999999999999
decision_type=2 2 2 2 2 2 2 2 2 2 2 2 2 2 2 2 2 2 2 2 2 2 2 2 2 2 2 2 2 2
left_child=2 3 9 25 6 -3 -4 17 -9 10 -1 19 -13 16 -15 -16 -10 -5 -19 -12 24 22 -22 -24 -11 26 -2 -27 29 -29
right_child=1 5 4 7 -6 -7 -8 8 13 20 11 12 -14 14 15 -17 -18 18 -20 -21 21 -23 23 -25 -26 27 -28 28 -30 -31
leaf_value=0.013252295609416926 2.9705236405134201 0.01946463426415275 -0.03874382828496762 0.13107757825577934 -0.069486653609935584 0.18860863460185529 0.016778512645825781 -0.23654547036192489 3.1256739017367363 0.043854418857060151 0.51943627494958144 7.1284110726981327 0.55634847237513618 0.70371677901309271 0.95589477365667175 5.1805927808795662 0.43889147249109711 -2.530010570623936 0.15823312354715247 3.0423344238944678 0.34352120749887755 0.092827421075227609 5.5182133793830879 -0.45818664512286589 -0.18624182677407519 0.3905831502772924 -0.047592055768127972 1.2225767273794521 0.67630325259285384 6.848171988725662
leaf_weight=508 20 102919 174290 31252 121502 7623 99700 299 25 24600 248 29 26 104 22 28 1147 39 38 23 2295 17318 20 24 2646 3325 759 66 414 20
leaf_count=508 20 102919 174290 31252 121502 7623 99700 299 25 24600 248 29 26 104 22 28 1147 39 38 23 2295 17318 20 24 2646 3325 759 66 414 20
internal_value=9.9903e-11 0.0676201 -0.0225945 0.175023 -0.0341919 0.0311288 -0.0185403 0.144258 0.461598 0.0734875 0.511649 1.28829 4.02162 0.619022 1.55372 3.32173 0.496203 0.127798 -1.20334 0.733557 0.0656964 0.126944 0.379542 2.25836 0.0215086 0.395226 0.0298949 0.469629 0.995286 2.53085
internal_weight=591329 148100 443229 37558 395492 110542 273990 32954 1625 47737 834 326 55 1326 154 50 1172 31329 77 271 46903 19657 2339 44 27246 4604 779 3825 500 86
internal_count=591329 148100 443229 37558 395492 110542 273990 32954 1625 47737 834 326 55 1326 154 50 1172 31329 77 271 46903 19657 2339 44 27246 4604 779 3825 500 86
is_linear=0
shrinkage=0.05


Tree=52
num_leaves=31
num_cat=0
split_feature=288 289 282 288 289 16 208 288 288 287 6 289 168 204 155 288 202 247 260 288 227 274 262 281 253 194 289 267 180 230
split_gain=332777 232556 134664 105139 90607.1 149068 136713 81421.2 67147 62801.5 57143.1 55054.9 52308.2 61741.4 77924.2 80137 50826.3 49779.5 71174.1 48974.4 80803.3 63106.6 109227 86014.3 45758 57004.2 44913.6 45535.8 43862.6 42218.8
threshold=48.250000000000007 -28.249999999999996 -116.24999999999999 14.250000000000002 -171.74999999999997 -861.24999999999989 156.81378936767581 10.750000000000002 128.75000000000003 19.750000000000004 120.50081634521486 -3.7499999999999996 599.75000000000011 -12.749999999999998 -200.24999999999997 3.2500000000000004 -187.94609832763669 -100.74999999999999 287.25000000000006 324.75000000000006 453.25000000000006 125.25000000000001 -185.74999999999997 152.25000000000003 306.25000000000006 156.85694122314456 -64.749999999999986 -197.74999999999997 156.40185546875003 112.5716896057129
decision_type=2 2 2 2 2 2 2 2 2 2 2 2 2 2 2 2 2 2 2 2 2 2 2 2 2 2 2 2 2 2
left_child=1 3 19 4 5 6 -1 -3 9 24 26 28 13 14 -7 16 -16 18 -5 20 21 -2 -23 -24 -4 -26 -6 -28 -9 -15
right_child=2 7 8 17 10 12 -8 11 -10 -11 -12 -13 -14 29 15 -17 -18 -19 -20 -21 -22 22 23 -25 25 -27 27 -29 -30 -31
leaf_value=1.0550711299691882 0.40450422350447951 -0.056692731132040791 0.18401804324760657 0.1826177961736179 0.1210109917165144 0.094768697995706877 6.4676068553328525 0.0062410342005117282 0.29289262672443378 0.055900761055354679 -0.060187702795084334 -0.048964911525970517 2.7285910098449047 -1.7511173352323199 5.0873351256052652 0.6488057828567263 1.7506616926193239 0.071951061575941389 2.9663506735278213 2.2205740307506763 -1.0612128499481412 4.8899994415044787 0.1984320871900804 3.1059476585949173 0.61688770333328991 3.1292675485610961 1.9613810721039773 0.012865131428173438 -0.79499897001779574 0.19985151395463108
leaf_weight=28 2736 179150 8163 13845 11899 259 20 152321 3960 44750 21853 67248 23 54 21 79 25 28831 23 38 90 20 101 34 233 25 30 55242 171 57
leaf_count=28 2736 179150 8163 13845 11899 259 20 152321 3960 44750 21853 67248 23 54 21 79 25 28831 23 38 90 20 101 34 233 25 30 55242 171 57
internal_value=5.27525e-11 -0.012622 0.111464 0.0448264 0.0140535 0.644672 3.31029 -0.0316744 0.0942662 0.0794731 0.0100441 -0.0112774 0.397664 0.289359 0.589587 1.61485 3.27393 0.109393 0.187235 0.436913 0.414176 0.460106 1.44157 0.930695 0.204739 0.860335 0.0328929 0.0139227 0.00534255 -0.749268
internal_weight=591329 531179 60150 132289 89590 566 48 398890 57131 53171 89024 219740 518 495 384 125 46 42699 13868 3019 2981 2891 155 135 8421 258 67171 55272 152492 111
internal_count=591329 531179 60150 132289 89590 566 48 398890 57131 53171 89024 219740 518 495 384 125 46 42699 13868 3019 2981 2891 155 135 8421 258 67171 55272 152492 111
is_linear=0
shrinkage=0.05


Tree=53
num_leaves=31
num_cat=0
split_feature=288 289 289 289 281 281 205 279 246 232 281 289 131 240 282 114 1 287 278 274 227 205 281 274 282 175 5 257 117 220
split_gain=302691 204509 156827 82216.5 73817.8 68140.6 60059.8 55688.1 54965.8 131439 64674.5 51653.9 52159.4 48597.6 51840.4 48438 120919 47924.7 47864.1 46608.9 107691 52526.8 49393.4 46882.3 52146.5 43431.9 42815.9 99560.9 182053 45764.1
threshold=25.250000000000004 -22.749999999999996 -42.249999999999993 -83.249999999999986 75.250000000000014 26.750000000000004 -230.74999999999997 -50.619314193725579 -282.24999999999994 -175.24999999999997 -7.7499999999999991 -108.24999999999999 77.698814392089858 208.75000000000003 -83.749999999999986 -168.24999999999997 6.2500000000000009 7.2500000000000009 157.00666046142581 179.25000000000003 -202.24999999999997 18.250000000000004 12.750000000000002 -30.749999999999996 -188.24999999999997 476.25000000000006 35.110979080200202 36.224218368530281 36.636022567749031 87.750000000000014
decision_type=2 2 2 2 2 2 2 2 2 2 2 2 2 2 2 2 2 2 2 2 2 2 2 2 2 2 2 2 2 2
left_child=2 3 8 -2 17 7 26 -4 9 10 15 12 -12 -6 -15 -1 -17 -3 -16 21 -21 22 25 -24 -25 -10 -5 28 -28 -29
right_child=1 4 5 6 13 -7 -8 -9 19 -11 11 -13 -14 14 18 16 -18 -19 -20 20 -22 -23 23 24 -26 -27 27 29 -30 -31
leaf_value=-0.060510213332396916 0.34499862406886594 0.0822481198001659 0.010003613626100942 -0.044262907460938139 0.076967680977595612 0.013360293076342421 0.10318548474080232 -0.052763771068353643 0.046610533496695444 4.191304623562357 3.4620750301762637 0.61881892381124937 0.30747998237609864 2.6340492804845175 0.3485569481020141 4.5390535998344417 -0.72502577602863316 -0.011198581227592075 -0.79384804822814958 4.1291532745957378 0.38160067787353613 -0.036347961189510634 0.6431756912311104 2.5862231753089215 0.14777758197563218 2.1743304575483005 -0.20447644805908205 0.31993802260389836 6.1104568106787553 2.0202582166343928
leaf_weight=516 5015 16553 40817 762 27587 61527 30442 263224 35746 23 38 151 20 24 2041 20 24 80184 96 20 462 15231 535 22 6428 24 25 3711 21 40
leaf_count=516 5015 16553 40817 762 27587 61527 30442 263224 35746 23 38 151 20 24 2041 20 24 80184 96 20 462 15231 535 22 6428 24 25 3711 21 40
internal_value=4.35291e-11 0.0571417 -0.0223953 0.155661 0.0259732 -0.0346265 0.128532 -0.0443374 0.0530579 0.466802 0.355406 1.10598 2.37428 0.0948541 0.323189 0.0752807 1.66774 0.0047914 0.297237 0.0474533 0.537101 0.0433832 0.0717866 0.193402 0.156095 0.0480381 0.29778 0.366423 2.67843 0.33807
internal_weight=591329 166501 424828 40016 126485 365568 35001 304041 59260 792 769 209 58 29748 2161 560 44 96737 2137 58468 482 57986 42755 6985 6450 35770 4559 3797 46 3751
internal_count=591329 166501 424828 40016 126485 365568 35001 304041 59260 792 769 209 58 29748 2161 560 44 96737 2137 58468 482 57986 42755 6985 6450 35770 4559 3797 46 3751
is_linear=0
shrinkage=0.05


Tree=54
num_leaves=31
num_cat=0
split_feature=288 282 281 287 57 281 220 260 289 288 288 211 219 289 280 229 107 289 288 263 241 173 282 281 281 282 33 3 289 247
split_gain=279133 205293 121743 104550 86980.5 79920.9 74134.5 117864 72541.5 69691.4 67457.7 57629.3 189412 106295 95012.7 83955.5 62491.5 52761.3 92001.5 183273 277974 52524.2 54874 48009.3 46486.1 165581 64909.5 116450 79610.1 43794.4
threshold=56.250000000000007 -61.749999999999993 25.250000000000004 18.250000000000004 52.250000000000007 14.250000000000002 -424.24999999999994 147.75000000000003 -15.749999999999998 191.75000000000003 5.2500000000000009 211.25000000000003 131.75000000000003 -126.74999999999999 2.2500000000000004 39.007453918457038 654.25000000000011 -132.74999999999997 0.75000000000000011 -455.45500183105463 -275.24999999999994 109.60205841064455 -13.249999999999998 4.2500000000000009 75.250000000000014 -268.24999999999994 156.28929138183597 142.75000000000003 -70.749999999999986 70.250000000000014
decision_type=2 2 2 2 2 2 2 2 2 2 2 2 2 2 2 2 2 2 2 2 2 2 2 2 2 2 2 2 2 2
left_child=1 4 21 24 5 17 7 10 -4 -5 -7 12 13 -11 -15 -16 -13 18 19 20 -1 22 23 -3 26 -26 -2 -28 -29 -17
right_child=3 2 8 9 -6 6 -8 -9 -10 11 -12 16 -14 14 15 29 -18 -19 -20 -21 -22 -23 -24 -25 25 -27 27 28 -30 -31
leaf_value=8.0204332038112316 0.22156806994643358 -0.040473690575764422 0.061557404994646764 0.077991328129224713 -0.0038445377747840489 3.5068258648826962 0.2675968292640506 4.6666483291170815 -0.0089877448391202566 3.7708328018188477 0.5188962206640777 -0.074679057112715358 4.4121493874324695 -1.0840564476438315 3.9656083077564839 1.0005493057711472 1.0822197156982791 0.078902010354488128 0.23124253566789998 0.51435177969932555 0.32821679363648099 -0.35293377625722833 -0.062415828406150758 0.01034594423024586 4.2084648284219925 0.50104573762419669 0.15630307618108855 5.7586965751647954 1.5264078593254089 -0.47436977901320526
leaf_weight=23 5172 116696 54787 35972 21619 21 4597 22 108826 25 188 503 36 83 20 186 152 32564 1844 150 24 1321 127996 77229 31 1057 71 20 25 69
leaf_count=23 5172 116696 54787 35972 21619 21 4597 22 108826 25 188 503 36 83 20 186 152 32564 1844 150 24 1321 127996 77229 31 1057 71 20 25 69
internal_value=6.87458e-11 -0.0096708 -0.0205089 0.122028 0.076757 0.120946 0.311517 1.18555 0.0146348 0.0898411 0.819119 0.48673 0.944664 0.618739 0.39862 0.846119 0.193792 0.0943585 0.340966 1.36802 4.09249 -0.0382974 -0.0370062 -0.0202352 0.309042 0.60668 0.247803 1.41751 3.40743 0.601454
internal_weight=591329 547907 486855 43422 61052 39433 4828 231 163613 37046 209 1074 419 383 358 275 655 34605 2041 197 47 323242 321921 193925 6376 1088 5288 116 45 255
internal_count=591329 547907 486855 43422 61052 39433 4828 231 163613 37046 209 1074 419 383 358 275 655 34605 2041 197 47 323242 321921 193925 6376 1088 5288 116 45 255
is_linear=0
shrinkage=0.05


Tree=55
num_leaves=31
num_cat=0
split_feature=288 289 289 169 274 252 68 281 282 292 208 266 187 218 273 262 275 57 3 107 282 90 177 276 244 107 225 51 211 232
split_gain=252970 163606 119676 70734.6 63829.1 59993.1 63065 54265.2 88065.4 95558 208916 63512.2 57357.9 64246.7 51905.9 67948.5 51430 49738.7 97965.9 196111 63231 150484 57605.8 49599.3 56750.2 101162 72640.7 47447.1 45448.9 45205.2
threshold=41.250000000000007 -27.749999999999996 -49.249999999999993 -37.749999999999993 28.250000000000004 307.75000000000006 63.535299301147468 12.250000000000002 -88.749999999999986 134.80252075195315 72.922695159912124 -185.24999999999997 85.355197906494155 36.750000000000007 -191.74999999999997 -113.24999999999999 -20.749999999999996 196.25000000000003 283.25000000000006 49.250000000000007 163.75000000000003 -24.815190315246578 -184.24999999999997 -19.249999999999996 -277.79444885253901 -250.24999999999997 -359.74999999999994 -803.24999999999989 -308.24999999999994 254.75000000000003
decision_type=2 2 2 2 2 2 2 2 2 2 2 2 2 2 2 2 2 2 2 2 2 2 2 2 2 2 2 2 2 2
left_child=1 3 17 7 16 14 -7 -1 9 -9 -11 23 -12 27 15 -4 -3 18 20 22 29 -22 -20 -10 26 -26 -25 -14 -19 -2
right_child=2 4 5 -5 -6 6 -8 8 11 10 12 -13 13 -15 -16 -17 -18 28 19 -21 21 -23 -24 24 25 -27 -28 -29 -30 -31
leaf_value=0.054382045173389695 0.35809602972674986 -0.018253767095377082 0.41075235297144297 0.0065420819516689823 0.0019809707597393806 0.09893279431796656 0.77188945305618384 0.44098401502984719 0.23791679292057571 5.8151106454707957 -1.3900381619280036 0.11642812810694164 4.0186852667331694 -0.74726690468580825 0.053372607909028993 2.8602616253495219 -0.062464238502613179 2.3954369973568688 2.4339581652121112 6.410065549612046 -0.48872668838500977 5.1812650420448998 -1.0127755507274911 3.1644540287199479 5.184691768884659 0.80877953767776489 -0.35035287263442061 1.1309202842753041 0.05815318235006222 -0.33917132360594615
leaf_weight=38658 4538 117622 503 82122 112100 820 605 819 130 27 22 9711 25 23 71609 30 149255 21 22 20 25 22 27 21 25 28 49 33 2172 245
leaf_count=38658 4538 117622 503 82122 112100 820 605 819 130 27 22 9711 25 23 71609 30 149255 21 22 20 25 22 27 21 25 28 49 33 2172 245
internal_value=-4.94161e-11 -0.0129971 0.0822874 0.0350122 -0.0296801 0.0633775 0.384644 0.0821772 0.180638 0.640878 1.90021 0.136804 0.873976 1.48889 0.0570316 0.548623 -0.0429791 0.278445 0.367037 2.23773 0.340313 2.16531 0.534738 0.918888 1.63861 2.87289 0.704089 2.37565 0.0805348 0.32238
internal_weight=591329 510670 80659 131693 378977 73567 1425 49571 10913 949 130 9964 103 81 72142 533 266877 7092 4899 69 4830 47 49 253 123 53 70 58 2193 4783
internal_count=591329 510670 80659 131693 378977 73567 1425 49571 10913 949 130 9964 103 81 72142 533 266877 7092 4899 69 4830 47 49 253 123 53 70 58 2193 4783
is_linear=0
shrinkage=0.05


Tree=56
num_leaves=31
num_cat=0
split_feature=288 282 281 282 281 289 203 260 274 267 281 145 288 135 287 288 26 281 289 5 246 246 248 275 159 282 248 289 151 268
split_gain=235352 184583 106325 98879.2 82885.2 79060.3 76836.4 135233 68824.7 110905 71785.8 118186 66222.5 65345.7 48356.9 45892.3 47101.2 44818.8 41695.9 90682.2 88760.2 51756 138252 112759 89920.5 55627.6 40259.3 55030.8 39901.1 81505.3
threshold=65.250000000000014 -80.749999999999986 47.750000000000007 -120.24999999999999 29.750000000000004 -11.249999999999998 -378.74999999999994 168.75000000000003 120.25000000000001 120.75000000000001 134.25000000000003 57.76307678222657 13.250000000000002 122.25000000000001 10.750000000000002 42.750000000000007 61.361904144287116 56.750000000000007 -111.24999999999999 36.387594223022468 172.75000000000003 63.750000000000007 165.25000000000003 10.750000000000002 63.002887725830085 -39.249999999999993 -322.74999999999994 -79.749999999999986 725.41000366210949 -326.99999999999994
decision_type=2 2 2 2 2 2 2 2 2 2 2 2 2 2 2 2 2 2 2 2 2 2 2 2 2 2 2 2 2 2
left_child=1 4 5 8 13 12 7 15 28 -10 -11 -12 -3 -1 -4 16 17 -6 19 20 -5 -21 23 -23 -25 -24 27 -8 -2 -30
right_child=3 2 14 18 6 -7 26 -9 9 10 11 -13 -14 -15 -16 -17 -18 -19 -20 21 -22 22 25 24 -26 -27 -28 -29 29 -31
leaf_value=0.10971120260592909 0.34568535423810731 -0.02223882212250149 0.1102433847271178 4.7511333801746369 0.23120672501796902 -0.046274242328320558 3.1251978952309183 4.7657148808240892 4.8988993667420893 -0.13697138046150778 -0.26924297523498536 4.3513395032575053 0.034180890583153788 -0.092540062665169065 0.01722186578491661 1.7554788092106404 -0.58803768126169842 2.8608908585630934 0.10577166215664838 -0.93102580385823408 0.34174471809750512 0.12042624511356866 2.1387103534880141 6.6281483197212232 1.8868276250362397 -0.66756842297476693 0.25102654265054664 0.070703565875689198 3.6663827496979922 0.3624623786924141
leaf_weight=27682 1594 163794 18678 25 43 211098 29 24 21 67 25 31 76208 4667 55441 83 75 26 28756 62 21 28 21 20 20 111 2565 30 28 56
leaf_count=27682 1594 163794 18678 25 43 211098 29 24 21 67 25 31 76208 4667 55441 83 75 26 28756 62 21 28 21 20 20 111 2565 30 28 56
internal_value=8.21544e-11 -0.00740508 -0.0148361 0.134369 0.103398 -0.0239551 0.360674 1.19643 0.491679 1.5407 0.967344 2.28858 -0.00432383 0.0805324 0.0406633 0.819062 0.279321 1.2221 0.11197 0.690635 2.73815 0.331148 0.722421 2.55399 4.25749 -0.221115 0.28073 1.57207 0.401656 1.46377
internal_weight=591329 560443 525219 30886 35224 451100 2875 251 1822 144 123 56 240002 32349 74119 227 144 69 29064 308 46 262 200 68 40 132 2624 59 1678 84
internal_count=591329 560443 525219 30886 35224 451100 2875 251 1822 144 123 56 240002 32349 74119 227 144 69 29064 308 46 262 200 68 40 132 2624 59 1678 84
is_linear=0
shrinkage=0.05


Tree=57
num_leaves=31
num_cat=0
split_feature=288 289 286 267 288 271 254 239 282 260 166 274 36 7 266 268 279 282 281 260 288 282 194 173 272 247 229 52 289 234
split_gain=217920 153661 115282 71672.7 64998 82526.5 58849.3 73107.9 83035 64270.3 66158.1 56166.8 55216.2 133962 47961.1 46073.5 51902.9 67816.4 41509.4 54621.6 54485.1 52008.4 49614.7 129406 42295.1 39629.1 203874 39607.5 39579.4 59623.3
threshold=25.250000000000004 -22.749999999999996 -45.643089294433587 26.250000000000004 382.25000000000006 68.16910552978517 -212.74999999999997 35.250000000000007 -214.24999999999997 -83.249999999999986 115.64368820190431 166.25000000000003 208.75000000000003 260.75000000000006 -81.249999999999986 -81.749999999999986 -347.51234436035151 -88.749999999999986 1.7500000000000002 -230.74999999999997 5.7500000000000009 -71.749999999999986 61.948961257934577 81.17301177978517 -32.275531768798821 -197.24999999999997 45.412584304809577 316.75000000000006 -248.74999999999997 122.25000000000001
decision_type=2 2 2 2 2 2 2 2 2 2 2 2 2 2 2 2 2 2 2 2 2 2 2 2 2 2 2 2 2 2
left_child=2 4 15 -4 6 -6 7 12 -9 -10 14 -3 13 25 -11 18 17 -17 24 20 -20 22 -22 -24 27 -2 -27 -1 29 -8
right_child=1 11 3 -5 5 -7 28 8 9 10 -12 -13 -14 -15 -16 16 -18 -19 19 -21 21 -23 23 -25 -26 26 -28 -29 -30 -31
leaf_value=0.054006983728029007 0.25514479434257742 0.014866260757281306 -0.04669160465921187 0.0020197211782854454 -0.35594083070755006 2.9655324427286782 2.3220298874134921 3.5132643710164468 -0.52252653529546389 2.9349824601411818 4.1492313873767861 0.18964644646420625 -0.3380188245683069 4.2955637875057411 0.020687762026985489 3.8683427810668949 0.0048612875147679598 -0.19988067377181282 2.7897538976089375 0.16732702699475135 -0.10718330413829991 -1.2912332773208619 5.3441663908958432 0.1162118254036739 2.2933394102823166 5.2002869086265564 0.37837983389918728 -0.77237727310355409 0.10672955999949199 -0.35799177951282929
leaf_weight=21065 3790 121708 237611 110695 32 45 49 34 58 20 20 4777 355 21 48 20 47639 21 37 7455 41 28 20 29 21 25 178 146 35305 36
leaf_count=21065 3790 121708 237611 110695 32 45 49 34 58 20 20 4777 355 21 48 20 47639 21 37 7455 41 28 20 29 21 25 178 146 35305 36
internal_value=-3.6091e-11 0.0484845 -0.0190023 -0.0312107 0.133882 1.58518 0.131084 0.300371 1.2879 0.769663 1.62133 0.0214672 0.259686 0.312547 0.877833 0.0365667 0.0063917 1.78462 0.0864503 0.186642 1.11565 0.590715 1.17621 2.25007 0.0505393 0.2916 0.972211 0.0483188 0.109324 1.18696
internal_weight=591329 166501 424828 348306 40016 77 39939 4549 180 146 88 126485 4369 4014 68 76522 47680 41 28842 7610 155 118 90 49 21232 3993 203 21211 35390 85
internal_count=591329 166501 424828 348306 40016 77 39939 4549 180 146 88 126485 4369 4014 68 76522 47680 41 28842 7610 155 118 90 49 21232 3993 203 21211 35390 85
is_linear=0
shrinkage=0.05


Tree=58
num_leaves=31
num_cat=0
split_feature=289 281 288 289 288 268 75 283 264 289 152 150 282 240 79 248 275 12 47 281 190 278 282 288 166 282 204 155 288 128
split_gain=200087 162079 74804.4 72795.1 77873.6 56301.4 73767.3 75473 98303.8 55582 127947 239358 49582.5 49166.7 48390.8 48223.3 55344.1 44726.6 52464.4 105061 43856.6 58127.3 42029.4 74512.4 60084.9 41565.8 38793.9 63403.9 88063.5 72385.1
threshold=-52.749999999999993 50.250000000000007 15.750000000000002 -5.7499999999999991 5.7500000000000009 -326.99999999999994 74.634166717529311 16.250000000000004 105.05627822875978 -171.74999999999997 156.43253326416018 -467.24999999999994 -65.749999999999986 287.75000000000006 277.75000000000006 -254.24999999999997 -121.74999999999999 32.127155303955085 36.406284332275398 215.75000000000003 617.75000000000011 157.00666046142581 -55.749999999999993 131.75000000000003 88.737609863281264 6.2500000000000009 -7.7499999999999991 -200.24999999999997 3.2500000000000004 -177.74999999999997
decision_type=2 2 2 2 2 2 2 2 2 2 2 2 2 2 2 2 2 2 2 2 2 2 2 2 2 2 2 2 2 2
left_child=2 3 9 4 15 6 7 -3 -9 10 20 -12 -8 25 -11 16 -2 -4 19 -19 21 26 -6 24 -24 -7 27 -1 29 -29
right_child=1 5 17 -5 22 13 12 8 -10 14 11 -13 -14 -15 -16 -17 -18 18 -20 -21 -22 -23 23 -25 -26 -27 -28 28 -30 -31
leaf_value=0.17569463632596927 3.1706662522554399 3.4600891166263157 -0.0059726844005002109 -0.052560544553275745 0.069067359975702264 0.092463420236430005 -1.3065688700608487 0.13421450383269912 3.6504593391418463 0.058671150630656088 7.1543873500823985 -0.32470481914022697 1.2945466090525901 0.33074893256527454 -0.17040161049328476 -0.04075669461087067 -0.2678661888295954 0.46168106906880085 0.18434157997173165 3.5632713815995625 2.6213885283470155 -1.3864690318107606 0.0063886648527023172 2.7313090224266054 -0.16875144649597276 0.020313319650606256 -0.52602989572089709 5.288664434267127 0.60440651809060297 1.1757463467121123
leaf_weight=264 25 36 2834 129164 26716 31008 53 97 25 27312 20 23 28 1543 2518 120076 22 1097 14402 28 20 50 172647 25 5040 56036 91 23 86 20
leaf_count=264 25 36 2834 129164 26716 31008 53 97 25 27312 20 23 28 1543 2518 120076 22 1097 14402 28 20 50 172647 25 5040 56036 91 23 86 20
internal_value=9.32089e-11 -0.00872178 0.0969895 -0.0208137 -0.00817919 0.0530427 0.819425 1.44838 0.854756 0.048895 0.526586 3.15394 -0.407418 0.0509751 0.0393347 -0.0401299 1.56114 0.17669 0.210029 0.538876 0.322657 0.236563 0.0105952 0.00180494 0.00142091 0.0460156 0.404231 0.619635 1.52816 3.37568
internal_weight=591329 542541 48788 453715 324551 88826 239 158 122 30427 597 43 81 88587 29830 120123 47 18361 15527 1125 554 534 204428 177712 177687 87044 484 393 129 43
internal_count=591329 542541 48788 453715 324551 88826 239 158 122 30427 597 43 81 88587 29830 120123 47 18361 15527 1125 554 534 204428 177712 177687 87044 484 393 129 43
is_linear=0
shrinkage=0.05


Tree=59
num_leaves=31
num_cat=0
split_feature=288 289 282 288 289 274 274 272 162 78 266 281 281 268 234 264 6 234 289 288 277 96 13 11 32 208 280 241 57 275
split_gain=188870 145797 82302.9 81800.1 62637 61511.5 110166 74999.1 111905 59044.8 60477.9 46150.3 45624.2 93198.6 82078.3 67069.2 75928.3 90308 45318.5 84790.7 164185 46999.8 48707 44319.8 43135.8 71561.5 120648 62896.5 42465 42409.3
threshold=65.250000000000014 -40.749999999999993 -120.24999999999999 5.7500000000000009 -5.7499999999999991 120.25000000000001 155.75000000000003 156.18753051757815 328.75000000000006 68.250000000000014 316.25000000000006 -6.7499999999999991 -10.749999999999998 -326.99999999999994 -168.74999999999997 156.05854797363284 -553.67172241210926 -379.24999999999994 -132.74999999999997 0.75000000000000011 -605.19500732421864 90.660015106201186 -359.06945800781244 1071.1824951171877 -1027.5499877929685 109.78847503662111 -214.24999999999997 -193.24999999999997 256.25000000000006 -206.74999999999997
decision_type=2 2 2 2 2 2 2 2 2 2 2 2 2 2 2 2 2 2 2 2 2 2 2 2 2 2 2 2 2 2
left_child=1 9 5 -3 -5 -2 -7 -8 -9 10 12 -11 18 14 15 16 17 -14 19 20 -1 22 -22 -10 25 26 -21 -26 -15 -20
right_child=2 3 -4 4 -6 6 7 8 23 11 -12 -13 13 28 -16 -17 -18 -19 29 24 21 -23 -24 -25 27 -27 -28 -29 -30 -31
leaf_value=4.7378176115710167 0.36125209360356814 -0.050458048602918727 0.099935029988370699 0.011571148213243426 -0.032402664432924243 4.4553568844795235 -0.86457860525264307 4.9588225984573366 -0.44665031366878094 -0.07298659656813436 2.8388180863857269 0.056750224081089679 1.3300784508032459 0.13236293411971536 3.9599735963603728 -1.7341725479001586 0.34990356193507105 5.2441686630249027 -0.28191216064223573 4.5615048619111382 2.8340388377507528 -1.1310641949872176 0.55200827270043351 2.4889483785629274 -0.14231590690438828 0.082243619023299797 -0.091970029702553385 0.46552366505488546 1.9009419537642422 0.044776739637579846
leaf_weight=29 1678 131586 29064 225161 126465 25 43 20 36 12398 20 15331 56 19503 23 23 123 20 1032 30 30 30 106 20 1045 82 26 718 34 26572
leaf_count=29 1678 131586 29064 225161 126465 25 43 20 36 12398 20 15331 56 19503 23 23 123 20 1032 30 30 30 106 20 1045 82 26 718 34 26572
internal_value=-1.27696e-11 -0.00663364 0.120371 -0.0168291 -0.00424437 0.446358 1.43808 0.804194 1.74837 0.0571562 0.0898767 -0.00125681 0.0887657 0.147594 1.11673 0.822162 1.11762 2.3601 0.0495824 0.273723 1.26666 0.660254 1.0554 0.601778 0.171869 1.02317 2.40096 0.105233 0.135441 0.0325632
internal_weight=591329 560443 30886 483212 351626 1822 144 119 76 77231 49502 27729 49482 19782 245 222 199 76 29700 2096 195 166 136 56 1901 138 56 1763 19537 27604
internal_count=591329 560443 30886 483212 351626 1822 144 119 76 77231 49502 27729 49482 19782 245 222 199 76 29700 2096 195 166 136 56 1901 138 56 1763 19537 27604
is_linear=0
shrinkage=0.05


Tree=60
num_leaves=31
num_cat=0
split_feature=288 282 289 288 289 281 171 288 259 281 287 239 287 57 211 232 289 279 218 127 235 281 166 175 286 148 281 4 218 69
split_gain=175250 126339 94982.5 71943.2 57100.5 53181.2 63959.2 52761.3 68987.4 67258.2 84422.4 94185.4 63616.1 111202 48895.1 114321 48008.2 71031.9 127440 50662.7 66515.8 44856.3 43607.6 43422.9 70789.8 115897 65648.3 124801 43331.2 42656.2
threshold=25.250000000000004 -33.749999999999993 -64.749999999999986 128.75000000000003 -6.7499999999999991 4.2500000000000009 594.25000000000011 65.750000000000014 173.75000000000003 182.25000000000003 6.2500000000000009 473.75000000000006 81.250000000000014 613.75000000000011 227.75000000000003 412.75000000000006 -65.249999999999986 181.26713562011722 178.25000000000003 -262.74999999999994 -45.947500228881829 70.250000000000014 157.16674804687503 -196.74999999999997 41.07086372375489 150.25000000000003 99.250000000000014 -125.83749771118163 162.25000000000003 270.80778503417974
decision_type=2 2 2 2 2 2 2 2 2 2 2 2 2 2 2 2 2 2 2 2 2 2 2 2 2 2 2 2 2 2
left_child=2 7 -1 21 5 6 29 -2 12 -10 -11 -12 -9 28 15 16 17 18 19 -5 -21 22 -3 -18 25 26 27 -25 -14 -4
right_child=1 3 4 14 -6 -7 -8 8 9 10 11 -13 13 -15 -16 -17 23 -19 -20 20 -22 -23 -24 24 -26 -27 -28 -29 -30 -31
leaf_value=0.083462023124741325 0.10243521989744973 -0.003137267437478536 -0.028141194409548355 3.145774555206299 -0.052535772692958393 0.010163421033574009 2.1355585300747086 0.27565072903872062 0.51703977908537935 0.22836106138867002 1.2430610355208902 5.0224300853908064 -0.31946054597304563 -3.821675305203958 0.052741241434099528 3.7130474334439407 -0.16925295591778802 -1.3210773986318838 5.3613413198292257 -1.4872295056951457 1.4720878885686399 0.059213868860380575 -0.87394460394150686 5.3949026598816836 0.21646910424758703 4.4079087128241863 0.49441732918316461 0.25555604216125277 1.6244480166704425 -0.18003816206938547
leaf_weight=22276 28642 88729 135632 22 114143 147958 34 4513 325 43 34 32 381 22 1758 26 384 23 20 29 55 39996 144 21 955 24 265 27 31 4785
leaf_count=22276 28642 88729 135632 22 114143 147958 34 4513 325 43 34 32 381 22 1758 26 384 23 20 29 55 39996 144 21 955 24 265 27 31 4785
internal_value=-9.13178e-11 0.0434793 -0.0170407 0.0214072 -0.0226022 -0.0107554 -0.0327924 0.129423 0.273075 0.87751 1.95231 3.07548 0.220048 -0.358142 0.241585 0.420941 0.37404 1.23412 1.70055 1.00983 0.450419 0.0152411 -0.00454823 0.297577 0.436325 1.05936 0.802599 2.50402 -0.173196 -0.0333174
internal_weight=591329 166501 424828 132478 402552 288409 140451 34023 5381 434 109 66 4947 434 3609 1851 1825 149 126 106 84 128869 88873 1676 1292 337 313 48 412 140417
internal_count=591329 166501 424828 132478 402552 288409 140451 34023 5381 434 109 66 4947 434 3609 1851 1825 149 126 106 84 128869 88873 1676 1292 337 313 48 412 140417
is_linear=0
shrinkage=0.05


Tree=61
num_leaves=31
num_cat=0
split_feature=254 281 289 281 288 288 282 247 82 26 219 278 61 241 288 288 289 211 100 262 94 247 199 220 288 219 204 232 282 283
split_gain=162753 140346 63889.4 116648 195176 62524 61440.5 97433.5 74244.8 103485 60291.6 58857.6 76460 67517.9 60282.5 54371.4 58337.2 54226.7 65978.7 53412.3 74025.8 70328.9 53283.8 65861 52786.1 49740.1 101712 49039.4 47616.5 51093.7
threshold=-92.249999999999986 65.250000000000014 -147.24999999999997 -59.249999999999993 0.75000000000000011 114.75000000000001 -106.24999999999999 -105.74999999999999 124.22209930419923 101.97930145263673 127.75000000000001 75.411655426025405 98.357963562011733 -73.749999999999986 155.25000000000003 5.2500000000000009 -2.7499999999999996 -143.74999999999997 108.75000000000001 -278.74999999999994 -686.74999999999989 -163.24999999999997 30.250000000000004 -18.249999999999996 69.250000000000014 32.250000000000007 134.25000000000003 -35.749999999999993 57.250000000000007 180.75000000000003
decision_type=2 2 2 2 2 2 2 2 2 2 2 2 2 2 2 2 2 2 2 2 2 2 2 2 2 2 2 2 2 2
left_child=2 5 3 11 -5 15 7 -3 9 24 -10 12 14 17 -1 -2 -17 18 -13 20 -6 -21 23 27 -9 -7 -27 -15 29 -4
right_child=1 6 28 4 19 25 -8 8 10 -11 -12 13 -14 22 -16 16 -18 -19 -20 21 -22 -23 -24 -25 -26 26 -28 -29 -30 -31
leaf_value=0.32772524513304235 -0.045582952426324437 3.8885993194173687 0.061147537619911242 5.7087333881042222 3.5535094123137627 0.23504229180636954 0.062217529688340246 0.047681255880743269 -3.4164375329017638 3.2059687771295247 -0.009060845503935943 -0.11801310401684728 3.3201003219770353 2.7307550990581513 3.0415545826866515 0.0027341658495408784 -0.048955649482166311 -0.95150201345483465 2.500538139343262 -0.12283147118500704 0.83225002460283781 1.725503618733303 -0.29335968552566155 4.3930146467685702 1.3918041529204874 4.8263289939789544 0.75574849049250292 -0.65454893423163374 0.61549402987872515 -1.5879911313665676
leaf_weight=800 134271 22 66965 22 38 122 52925 240 20 38 37 637 23 20 21 265145 68736 204 25 169 73 74 41 20 105 21 57 23 388 47
leaf_count=800 134271 22 66965 22 38 122 52925 240 20 38 37 637 23 20 21 265145 68736 204 25 169 73 74 41 20 105 21 57 23 388 47
internal_value=3.25581e-11 -0.00958002 0.0718245 0.337602 1.13912 -0.0183354 0.0672291 0.641331 0.478968 0.729529 -1.20463 0.171467 0.476795 -0.0942003 0.397141 -0.018713 -0.0079072 -0.238761 -0.0191252 0.855131 1.76385 0.440036 1.10955 2.02255 0.456762 0.865529 1.85167 0.920011 0.0631887 0.0599909
internal_weight=591329 521739 69590 2190 376 468352 53387 462 440 383 57 1814 844 970 821 468152 333881 866 662 354 111 243 104 63 345 200 78 43 67400 67012
internal_count=591329 521739 69590 2190 376 468352 53387 462 440 383 57 1814 844 970 821 468152 333881 866 662 354 111 243 104 63 345 200 78 43 67400 67012
is_linear=0
shrinkage=0.05


Tree=62
num_leaves=31
num_cat=0
split_feature=282 281 281 266 274 289 194 289 281 222 81 288 211 229 219 131 159 206 10 69 288 274 26 194 46 222 5 275 288 289
split_gain=151918 132213 84922.1 71997.7 91244.6 77150.4 88192 62454.1 73690.6 62361.8 54360.3 50893.6 91062 157771 80943.8 50154.2 48009.4 51596.7 53301 46175.5 45784.3 44236.6 53243.2 53451 50319.9 46777.6 46644 43446.5 56071 43445.8
threshold=-80.749999999999986 70.250000000000014 -15.749999999999998 -278.74999999999994 125.25000000000001 -147.24999999999997 79.944118499755874 -14.249999999999998 11.750000000000002 83.843662261962905 129.95249938964847 191.75000000000003 211.25000000000003 38.37462234497071 131.75000000000003 85.271392822265639 83.875862121582045 -133.24999999999997 -210.24999999999997 -276.65213012695307 173.75000000000003 335.25000000000006 66.363178253173842 65.776916503906264 1031.7125244140627 50.000099182128913 47.904687881469734 -43.249999999999993 130.25000000000003 -132.74999999999997
decision_type=2 2 2 2 2 2 2 2 2 2 2 2 2 2 2 2 2 2 2 2 2 2 2 2 2 2 2 2 2 2
left_child=2 7 10 4 5 6 -4 8 -2 -9 29 -3 13 -13 -15 16 17 18 19 20 -7 -14 24 -24 25 26 -23 -10 -29 -1
right_child=1 11 3 -5 -6 15 -8 9 27 -11 -12 12 21 14 -16 -17 -18 -19 -20 -21 -22 22 23 -25 -26 -27 -28 28 -30 -31
leaf_value=0.27972406486815998 -0.017959060488005191 0.063148529518193969 4.6280222306648886 0.170809785677002 3.0553798670952137 0.61562967865880758 0.42484979079319879 -0.027329556586749348 0.11324571336713202 -0.22571859514266188 -0.089671054573381939 4.9114738459587102 -0.31600810044217076 0.52960144075519455 3.301867693547031 -0.37913963487919644 2.8522798337042334 2.613009298699243 -1.3355957925319673 2.7590822274270268 -1.7089442895806355 -0.51484903164885265 3.4238846156908118 0.79263995260000231 2.2280840277671814 -1.3760457659113234 2.1897083797454835 0.022962718615564565 2.3019367076732493 0.053366469893491045
leaf_weight=2444 134780 49895 24 13010 39 268 26 275285 16769 4019 6020 25 339 286 29 153 24 28 40 23 23 44 23 120 20 69 25 71471 27 15981
leaf_count=2444 134780 49895 24 13010 39 268 26 275285 16769 4019 6020 25 339 286 29 153 24 28 40 23 23 44 23 120 20 69 25 71471 27 15981
internal_value=-2.85983e-11 -0.00665102 0.0965677 0.19643 0.710814 0.560669 2.44237 -0.0144297 0.00529851 -0.0301842 0.0407722 0.0701572 0.42699 1.08826 0.784826 0.392359 0.683096 0.546812 0.383384 0.602363 0.4319 0.0756926 0.516844 1.21585 -0.115798 -0.455491 0.465063 0.0408118 0.0238233 0.0833919
internal_weight=591329 553226 38103 13658 648 609 50 502351 223047 279304 24445 50875 980 340 315 559 406 382 354 314 291 640 301 143 158 138 69 88267 71498 18425
internal_count=591329 553226 38103 13658 648 609 50 502351 223047 279304 24445 50875 980 340 315 559 406 382 354 314 291 640 301 143 158 138 69 88267 71498 18425
is_linear=0
shrinkage=0.05


Tree=63
num_leaves=31
num_cat=0
split_feature=288 282 286 288 267 288 280 283 22 289 261 181 202 281 281 288 171 287 267 208 289 289 222 173 194 148 198 268 215 289
split_gain=141233 108525 80077.4 54839.6 54755.6 53925.8 65420.5 68473 48365 54901.5 61382 88342.2 136086 43864.7 83422 42898.5 189850 44294.7 60332.1 111077 37269.1 36897.1 52403.3 190174 39976.1 45102.7 65509.6 50910.6 42543.9 40019.9
threshold=25.250000000000004 -26.749999999999996 -45.643089294433587 128.75000000000003 26.250000000000004 65.750000000000014 114.75000000000001 86.250000000000014 -229.24999999999997 -114.74999999999999 145.25000000000003 70.349422454833999 202.5429382324219 102.25000000000001 94.750000000000014 324.75000000000006 -331.24999999999994 127.75000000000001 16.750000000000004 101.5949172973633 -40.749999999999993 -18.749999999999996 155.95196533203128 98.249843597412124 134.04383850097659 -257.74999999999994 -162.74999999999997 -43.249999999999993 134.27185821533206 -19.249999999999996
decision_type=2 2 2 2 2 2 2 2 2 2 2 2 2 2 2 2 2 2 2 2 2 2 2 2 2 2 2 2 2 2
left_child=2 5 -1 8 -4 -2 15 -8 -3 10 11 -10 -13 14 -5 17 -17 21 19 -19 -20 22 24 -24 28 -26 -27 -28 29 -7
right_child=1 3 4 13 -6 6 7 -9 9 -11 -12 12 -14 -15 -16 16 -18 18 20 -21 -22 -23 23 -25 25 26 27 -29 -30 -31
leaf_value=0.031015637979392718 0.086186653953416556 -0.096102349819158106 -0.039003742946702634 0.46061173934562538 0.0035725269770790751 0.23420356169025747 0.78128611238379231 3.5648565378189092 -0.026971355846949985 0.018628703288061852 -0.40715275458667588 6.2847127494357879 0.87307705672887659 0.17560979166441482 3.5861380700711849 -1.5961463451385498 5.2931494355201725 -0.43777869402297909 -1.1118774330615997 -4.7018440382821218 1.6234559499856198 0.072129736692146909 4.7566265829404193 0.5281945721779624 2.6556113989012586 -0.94410905298732573 2.8718293489728657 -0.017879242367214627 -1.4494846787001636 1.7889554262161256
leaf_weight=76522 34422 9781 237611 102 110695 2849 190 25 35 112602 46 21 26 3430 27 20 20 56 20 21 33 2293 30 234 35 42 35 27 37 42
leaf_count=76522 34422 9781 237611 102 110695 2849 190 25 35 112602 46 21 26 3430 27 20 20 56 20 21 33 2293 30 234 35 42 35 27 37 42
internal_value=7.91e-11 0.0390321 -0.0152977 0.016172 -0.0254726 0.110313 0.24852 1.10496 0.0105514 0.0198052 1.05473 1.87482 3.29104 0.209652 1.11479 0.216739 1.8485 0.205396 -0.70706 -1.60071 0.591255 0.226488 0.332745 1.0087 0.27456 1.10306 0.580564 1.61341 0.235229 0.256791
internal_weight=591329 166501 424828 126070 348306 40431 6009 215 122511 112730 128 82 47 3559 129 5794 40 5754 130 77 53 5624 3331 264 3067 139 104 62 2928 2891
internal_count=591329 166501 424828 126070 348306 40431 6009 215 122511 112730 128 82 47 3559 129 5794 40 5754 130 77 53 5624 3331 264 3067 139 104 62 2928 2891
is_linear=0
shrinkage=0.05


Tree=64
num_leaves=31
num_cat=0
split_feature=289 288 70 281 22 288 287 246 5 189 152 12 222 209 288 83 269 232 247 131 5 281 274 222 51 292 240 281 252 206
split_gain=132461 104035 58745.5 64540.4 85129.6 176274 55438 58697.7 52522.9 63296.9 43089 42868.5 56740.4 48978.3 42548.5 225772 50811.3 122811 257247 55763.5 50841 99227.8 45392.3 47243.9 52585.2 41656.7 39297.7 38992.1 38125.8 37768.2
threshold=-52.749999999999993 21.750000000000004 148.75000000000003 76.250000000000014 209.75000000000003 95.250000000000014 8.2500000000000018 223.25000000000003 90.745262145996108 -285.24999999999994 134.35565948486331 66.256862640380874 45.151826858520515 -551.60241699218739 237.50000000000003 -55.558588027954094 47.250000000000007 179.25000000000003 63.250000000000007 92.914413452148452 87.008285522460952 92.250000000000014 222.75000000000003 101.49039840698244 -803.24999999999989 13.709704875946047 361.25000000000006 87.250000000000014 382.75000000000006 -137.74999999999997
decision_type=2 2 2 2 2 2 2 2 2 2 2 2 2 2 2 2 2 2 2 2 2 2 2 2 2 2 2 2 2 2
left_child=2 10 3 -1 14 -6 -3 -8 -4 -10 25 -9 -13 -14 16 -16 17 19 -19 20 22 -22 23 24 -5 -2 -15 -21 -18 -11
right_child=1 6 8 4 5 -7 7 11 9 29 -12 12 13 26 15 -17 28 18 -20 27 21 -23 -24 -25 -26 -27 -28 -29 -30 -31
leaf_value=0.093056320112627558 -0.090686573167097759 0.073905933829906109 -0.067714050485981656 2.7990103284517929 0.59163596298579779 4.7626125353755375 0.0010941599722106151 0.058985643077397835 2.2756640418155771 -0.65511540806225144 -0.44081250867526223 2.9061038402574404 2.7001151209785825 0.20460552148860162 -0.63638039886167175 5.9267715898156172 0.088847700923047765 7.3588499289751059 0.13020537118427455 1.0742289803244851 4.8776041871309284 0.43917747560669396 2.3912928807324376 -1.0846066250520594 0.39072408518324808 -0.017727670370096739 0.85546740879233063 -0.86473085167856256 -1.5878631625856672 0.25064074822138188
leaf_weight=35433 20762 42257 9503 24 109 33 132691 4567 37 124 615 21 21 2147 38 20 1082 20 32 33 20 34 29 51 408 339200 260 121 35 1602
leaf_count=35433 20762 42257 9503 24 109 33 132691 4567 37 124 615 21 21 2147 38 20 1082 20 32 33 20 34 29 51 408 339200 260 121 35 1602
internal_value=-2.76856e-11 -0.00709643 0.078915 0.108979 0.37905 1.56095 0.0237248 0.00854655 -0.0212138 0.229434 -0.0226503 0.149491 0.318269 0.295886 0.292851 1.62678 0.251894 0.56382 2.91045 0.394341 0.623866 2.08304 0.469969 0.35461 0.524518 -0.0219358 0.274911 -0.449239 0.0363098 0.185569
internal_weight=591329 542541 48788 37522 2089 142 181964 139707 11266 1763 360577 7016 2449 2428 1947 58 1889 772 52 720 566 54 512 483 432 359962 2407 154 1117 1726
internal_count=591329 542541 48788 37522 2089 142 181964 139707 11266 1763 360577 7016 2449 2428 1947 58 1889 772 52 720 566 54 512 483 432 359962 2407 154 1117 1726
is_linear=0
shrinkage=0.05


Tree=65
num_leaves=31
num_cat=0
split_feature=268 274 6 274 177 289 52 286 288 260 6 129 36 291 288 289 260 12 288 159 289 281 288 275 205 220 43 24 246 213
split_gain=124408 108478 59069.5 69061.1 117974 53319.8 102118 61322 184329 205563 249637 48208.5 47900.2 46949.7 46451.4 61244.1 46254.7 46208.7 68515.8 45944.9 43565.4 116007 187853 77243.3 72738.3 76032.8 64890 91249.2 59400.7 67986.6
threshold=-81.749999999999986 61.250000000000007 -24.401523590087887 151.25000000000003 -406.74999999999994 -118.74999999999999 -752.99999999999989 157.36569976806643 63.750000000000007 130.25000000000003 -30.983719825744625 162.25000000000003 103.25000000000001 98.762500762939467 6.7500000000000009 -17.749999999999996 -78.749999999999986 74.79618072509767 94.250000000000014 70.563362121582045 -147.24999999999997 -53.249999999999993 1.7500000000000002 -108.74999999999999 -53.249999999999993 -39.749999999999993 -300.24999999999994 -340.24999999999994 -282.24999999999994 -75.749999999999986
decision_type=2 2 2 2 2 2 2 2 2 2 2 2 2 2 2 2 2 2 2 2 2 2 2 2 2 2 2 2 2 2
left_child=2 14 20 -4 -5 6 -3 8 12 -10 -11 -9 -8 -14 -2 16 -16 -6 -19 -17 21 24 -23 28 25 26 -1 -28 -24 -30
right_child=1 5 3 4 17 -7 7 11 9 10 -12 -13 13 -15 15 19 -18 18 -20 -21 -22 22 23 -25 -26 -27 27 -29 29 -31
leaf_value=-0.08264430927329286 -0.039452238192596939 3.5405045115030731 -0.0021764751657988171 4.602739806175232 -0.22771832487556376 0.039751905888691819 -0.402799740980681 -1.7973382996188272 0.033563910161747652 1.8538691329956056 9.3484226417541514 0.11751110547434085 2.9065486698150638 0.3869983367307086 2.2268319249153139 -0.014728532318616205 0.031451612871964942 0.13463326059281827 3.2956276226043699 -0.12402504940108959 0.091534466308488882 5.3490863474515775 2.2948014748096468 -0.99255162106619954 -1.528875640630722 2.7818621849191603 2.9651622914954237 0.43423943255339775 -0.090122552389322333 3.1463396459817887
leaf_weight=860 161008 26 24777 20 89 84743 142 36 34 25 20 378 25 71 24 192456 77232 40 30 10121 38216 26 85 45 60 29 38 567 86 20
leaf_count=860 161008 26 24777 20 89 84743 142 36 34 25 20 378 25 71 24 192456 77232 40 30 10121 38216 26 85 45 60 29 38 567 86 20
internal_value=9.99032e-11 -0.00805865 0.0652674 0.00489323 0.983475 0.0434838 0.461252 0.35173 0.875077 2.9678 5.18478 -0.0489975 0.180433 1.04313 -0.0180552 -0.00574392 0.0321336 0.528222 1.48935 -0.0201891 0.102905 0.342182 1.31544 0.871057 0.178093 0.246646 0.196461 0.593206 1.31013 0.520531
internal_weight=591329 526341 64988 24956 179 85500 757 731 317 79 45 414 238 96 440841 279833 77256 159 70 202577 40032 1816 262 236 1554 1494 1465 605 191 106
internal_count=591329 526341 64988 24956 179 85500 757 731 317 79 45 414 238 96 440841 279833 77256 159 70 202577 40032 1816 262 236 1554 1494 1465 605 191 106
is_linear=0
shrinkage=0.05


Tree=66
num_leaves=31
num_cat=0
split_feature=254 260 288 180 276 232 245 219 165 144 184 288 60 159 154 188 31 260 138 268 103 268 178 191 289 286 5 270 289 122
split_gain=114146 100881 51088.2 82952.4 55834.2 50029.2 80309 49038.6 54343.6 63538.7 49311.9 45798.6 52126.1 44955.4 39920.8 127006 160452 58610.8 81132.1 72469.3 66582.8 41493.3 50210.3 64570.6 39174.7 37386.5 129284 41227.3 59506.8 49591.5
threshold=-92.249999999999986 58.750000000000007 226.25000000000003 30.706830024719242 32.250000000000007 135.75000000000003 65.250000000000014 62.250000000000007 249.41249847412112 163.41249847412112 361.25000000000006 65.750000000000014 171.68750000000003 134.29836273193362 64.250000000000014 1.5179320573806765 -202.24999999999997 86.250000000000014 110.02251434326173 2.7500000000000004 110.2053680419922 -86.249999999999986 324.75000000000006 44.750000000000007 -5.7499999999999991 -323.06172180175776 54.574415206909187 -540.62750244140614 -248.74999999999997 665.75000000000011
decision_type=2 2 2 2 2 2 2 2 2 2 2 2 2 2 2 2 2 2 2 2 2 2 2 2 2 2 2 2 2 2
left_child=11 13 25 -4 -5 6 -6 -7 9 -9 -10 12 -1 24 -13 16 -16 20 19 -19 -17 22 23 -22 -2 26 -3 -27 29 -29
right_child=1 2 3 4 5 7 -8 8 10 -11 -12 14 -14 -15 15 17 -18 18 -20 -21 21 -23 -24 -25 -26 27 -28 28 -30 -31
leaf_value=0.068427139405323953 -0.0087943546704294748 -0.76748397158724924 3.0334090962284996 2.9551121896505359 -0.19631935563580744 -1.8447405466629612 3.5578299628836767 0.57835181790537071 -1.0488233750215685 3.6295313920293539 0.34606087317436263 0.13635895015294816 -0.050880650793342676 -0.38839136987572798 0.78039373142378676 -0.015191746942817542 6.3944328653812406 4.426909831320418 -0.37662457525730136 0.97596510294824845 2.9640097363241789 0.06720818369476883 3.8967896475710653 -0.11879018312547265 -0.04262052689644024 -0.23768761542202635 4.4959414473176009 0.58261420100163197 0.032373706455879163 3.644946999549866
leaf_weight=52402 279702 28 31 20 29 31 28 91 99 21 176 5153 11093 826 35 644 20 29 36 32 29 54 22 41 123336 1422 20 39 115820 20
leaf_count=52402 279702 28 31 20 29 31 28 91 99 21 176 5153 11093 826 35 644 20 29 36 32 29 54 22 41 123336 1422 20 39 115820 20
internal_value=3.98989e-11 -0.00802293 0.0326734 0.524335 0.367201 0.258237 1.64782 0.0687474 0.222024 1.15045 -0.156097 0.0601505 0.0475833 -0.0199009 0.19107 0.490357 2.82186 0.345788 1.5057 2.61658 0.203368 1.16743 1.81321 1.15837 -0.0191457 0.0304696 1.42561 0.0298987 0.0331824 1.62069
internal_weight=591329 521739 117875 526 495 475 57 418 387 112 275 69590 63495 403864 6095 942 55 887 97 61 790 146 92 70 403038 117349 48 117301 115879 59
internal_count=591329 521739 117875 526 495 475 57 418 387 112 275 69590 63495 403864 6095 942 55 887 97 61 790 146 92 70 403038 117349 48 117301 115879 59
is_linear=0
shrinkage=0.05


Tree=67
num_leaves=31
num_cat=0
split_feature=289 288 287 280 227 246 281 267 236 110 173 54 145 283 126 283 156 275 282 205 169 281 204 166 6 90 288 93 173 68
split_gain=108597 94557.1 64835 47740.6 70487.9 47453 45095.5 65874.5 54483.1 129876 105847 61512.2 46905.7 45182.3 44821.1 69463.5 61647.2 50337.2 50484.9 73005.6 133433 48669 89389.4 41538.3 41322.6 41366.1 65756.9 81218.3 41872.7 50173.7
threshold=-64.749999999999986 21.750000000000004 7.7500000000000009 -214.24999999999997 -268.74999999999994 223.25000000000003 16.750000000000004 -99.749999999999986 50.590349197387702 62.395841598510749 76.671905517578139 57.758317947387702 47.318593978881843 -10.749999999999998 243.25000000000003 82.250000000000014 229.75000000000003 -239.74999999999997 -188.24999999999997 -138.24999999999997 95.250000000000014 137.75000000000003 101.75000000000001 73.00803375244142 -25.701692581176754 -147.82092285156247 27.750000000000004 -250.74999999999997 123.19132614135744 49.02973937988282
decision_type=2 2 2 2 2 2 2 2 2 2 2 2 2 2 2 2 2 2 2 2 2 2 2 2 2 2 2 2 2 2
left_child=6 23 3 4 -3 -4 24 8 -8 10 11 12 -10 -11 15 17 21 -9 19 -19 -21 22 -17 -2 25 -1 -27 -28 29 -29
right_child=1 2 5 -5 -6 -7 7 14 9 13 -12 -13 -14 -15 -16 16 -18 18 -20 20 -22 -23 -24 -25 -26 26 27 28 -30 -31
leaf_value=0.055421753644509589 -0.015750447203170138 0.22885793842948399 0.00090121154086945324 0.074823054228489588 3.3777461749536024 0.13095655369069079 -0.18083494230456976 -1.6623820920785268 2.2290788328194102 0.85772018598301436 5.5313579152027765 3.8359800549653862 -0.0052514216086516777 -0.61449261736579064 -0.031315312677111254 4.792805896401406 3.6088374875840685 -0.37433415759693495 0.1903270440715733 5.1219880745961115 -0.1061761016431062 0.47467661526513427 0.47739367703596747 -0.094065403407291581 -0.022091526403454992 0.16514399768791965 3.4683897550289444 0.26513059475155604 -1.4337792068719866 1.2458786352398867
leaf_weight=9673 356860 52 134684 44105 27 7399 115 36 46 143 21 26 48 82 2048 20 21 33 3999 26 23 219 30 17775 9425 3815 26 293 24 235
leaf_count=9673 356860 52 134684 44105 27 7399 115 36 46 143 21 26 48 82 2048 20 21 33 3999 26 23 219 30 17775 9425 3815 26 293 24 235
internal_value=5.28702e-11 -0.00499057 0.024124 0.0770227 1.30506 0.00767387 0.0919979 0.20402 0.768501 1.06679 2.25659 1.68351 1.08814 0.32118 0.161957 0.251774 0.999716 0.199089 0.21551 1.44362 2.66795 0.79603 2.20356 -0.0194662 0.0589221 0.113206 0.240441 0.737426 0.608794 0.701638
internal_weight=591329 560902 186267 44184 79 142083 30427 6936 481 366 141 120 94 225 6455 4407 290 4117 4081 82 49 269 50 374635 23491 14066 4393 578 552 528
internal_count=591329 560902 186267 44184 79 142083 30427 6936 481 366 141 120 94 225 6455 4407 290 4117 4081 82 49 269 50 374635 23491 14066 4393 578 552 528
is_linear=0
shrinkage=0.05


Tree=68
num_leaves=31
num_cat=0
split_feature=281 282 180 276 107 110 57 283 281 282 64 85 4 281 159 246 184 289 281 173 260 222 275 240 283 209 259 178 86 93
split_gain=102260 93607.9 69891.1 68522.2 92861.3 188707 57060.7 56226.9 54738.6 70505.2 47837.7 95751 104216 47425.4 46826.9 43428 83946.5 37423.8 69876.6 147134 63263.4 49889.3 43776 62106.7 47178.2 45664.6 38360.8 72563.3 44961.7 49200
threshold=75.250000000000014 -56.749999999999993 95.259662628173842 -119.24999999999999 17.750000000000004 59.963247299194343 52.250000000000007 146.75000000000003 13.250000000000002 -1.0000000180025095e-35 -479.24999999999994 -318.74999999999994 -371.19749450683588 -15.249999999999998 31.254398345947269 -282.24999999999994 -224.74999999999997 -132.74999999999997 -36.249999999999993 115.66502380371095 243.75000000000003 66.275695800781264 -239.74999999999997 -50.749999999999993 -31.249999999999996 -66.38726425170897 6.2500000000000009 -171.24999999999997 27.250000000000004 -93.249999999999986
decision_type=2 2 2 2 2 2 2 2 2 2 2 2 2 2 2 2 2 2 2 2 2 2 2 2 2 2 2 2 2 2
left_child=1 6 8 4 7 -6 13 10 -3 -10 -2 12 -12 17 -13 16 -15 18 20 21 26 -20 23 24 25 -19 28 -28 29 -1
right_child=3 2 -4 -5 5 -7 -8 -9 9 -11 11 14 -14 15 -16 -17 -18 22 19 -21 -22 -23 -24 -25 -26 -27 27 -29 -30 -31
leaf_value=0.1977269636479945 -0.36360239452400878 -0.029817355883802982 -0.16583397419340978 0.066263703412745095 6.5162138541042811 0.36118499076727667 -0.013422219498106007 -1.7155335592372076 0.028164730148839384 -0.026214321772359741 1.1273985753767193 2.6815263146162032 5.728372297883034 0.44713896723460905 0.091570490555171552 0.12451886333081624 3.7421393942832952 -0.46818658328099272 2.2471738569198174 5.3278733021020894 -2.4437411427497864 -0.20294104555533049 0.029450605230904005 -2.7915224352708301 2.0925886583328248 1.9084617467863219 3.8049717959903533 0.26968673873454968 2.3548635761698953 -0.73206436630167993
leaf_weight=2030 86 220903 7484 45331 20 33 26172 28 137449 105251 32 20 20 577 137 19269 20 538 31 20 23 63 25481 26 20 21 21 47 23 153
leaf_count=2030 86 220903 7484 45331 20 33 26172 28 137449 105251 32 20 20 577 137 19269 20 538 31 20 23 63 25481 26 20 21 21 47 23 153
internal_value=-1.89662e-12 -0.00601801 -0.0142558 0.0718393 0.744039 2.68384 0.0460476 0.425743 -0.0118088 0.00458233 0.628983 1.03742 2.897 0.0782301 0.421501 0.137531 0.557524 0.0368897 0.225363 1.43364 0.165396 0.605076 0.0194701 -0.400883 -0.293532 -0.378903 0.191786 1.36147 0.155731 0.132561
internal_weight=591329 545622 471087 45707 376 53 74535 323 463603 242700 295 209 52 48363 157 19866 597 28497 2411 114 2297 94 26086 605 579 559 2274 68 2206 2183
internal_count=591329 545622 471087 45707 376 53 74535 323 463603 242700 295 209 52 48363 157 19866 597 28497 2411 114 2297 94 26086 605 579 559 2274 68 2206 2183
is_linear=0
shrinkage=0.05


Tree=69
num_leaves=31
num_cat=0
split_feature=282 281 281 292 288 149 6 231 287 208 274 281 281 0 121 283 126 166 289 281 282 227 65 241 5 289 282 288 171 248
split_gain=94831.1 86608.4 69253.3 55259.1 52580.9 74161.4 101359 61860.4 46334.8 111943 69254.6 56586.8 48723.4 78757.6 157839 74943.2 46046.1 45085.3 45761.1 46627.1 43750.3 40467.8 163535 86697 48087.2 76492.9 38798.5 44107.4 90050.9 127413
threshold=-80.749999999999986 47.750000000000007 -15.749999999999998 94.875846862792983 86.750000000000014 -16.749999999999996 -54.098228454589837 162.25000000000003 115.25000000000001 65.149848937988295 38.250000000000007 201.25000000000003 190.25000000000003 192.75000000000003 -332.74999999999994 1.0000000180025095e-35 243.25000000000003 88.737609863281264 -5.7499999999999991 6.2500000000000009 -32.749999999999993 -402.24999999999994 33.250000000000007 -193.24999999999997 124.21610641479494 -147.24999999999997 0.75000000000000011 191.75000000000003 197.25000000000003 305.75000000000006
decision_type=2 2 2 2 2 2 2 2 2 2 2 2 2 2 2 2 2 2 2 2 2 2 2 2 2 2 2 2 2 2
left_child=2 4 16 -4 17 -6 -7 -8 12 -10 11 -11 21 14 -14 -15 -1 18 19 -2 -21 22 23 24 25 -5 -3 -28 29 -29
right_child=1 26 3 8 5 6 7 -9 9 10 -12 -13 13 15 -16 -17 -18 -19 -20 20 -22 -23 -24 -25 -26 -27 27 28 -30 -31
leaf_value=0.045465604533782483 -0.021954662549500181 0.083214841975605913 0.09804750144379136 2.6881074323847489 0.069364667181047349 4.734964091777802 0.44295859507152013 3.3430290666493505 1.9002499410084317 -0.81417273998260498 0.63124133110046388 -4.2712691093313282 0.34753149661752913 -0.90701966003367773 4.8244839511598867 2.332279848135435 -0.21490050142890649 -0.11864785851795825 -0.038327051535570554 0.072573074572627114 0.0042295507982266457 0.24772214211989196 5.0527473268054779 2.9675577500287229 -1.1830103910487633 0.29278290313446809 0.011296276296557578 0.67332820068098143 -0.017687147079336479 3.8196552054749597
leaf_weight=22609 157175 31087 9336 37 306 20 112 22 28 20 20 29 45 57 35 26 1836 10273 124928 28476 131800 3588 21 34 46 336 68106 303 582 36
leaf_count=22609 157175 31087 9336 37 306 20 112 22 28 20 20 29 45 57 35 26 1836 10273 124928 28476 131800 3588 21 34 46 336 68106 303 582 36
internal_value=7.60469e-11 -0.00525483 0.0762961 0.166477 -0.014554 0.519745 1.41466 0.91909 0.314291 -0.766169 -1.84819 -2.86021 0.339097 1.18672 2.3062 0.107701 0.0259102 -0.015097 -0.0126923 -0.00260411 0.016372 0.305083 0.739285 0.539323 0.342283 0.530389 0.0368328 0.0159441 0.359644 1.00745
internal_weight=591329 553226 38103 13658 453112 460 154 134 4322 97 69 49 4225 163 80 83 24445 452652 442379 317451 160276 4062 474 453 419 373 100114 69027 921 339
internal_count=591329 553226 38103 13658 453112 460 154 134 4322 97 69 49 4225 163 80 83 24445 452652 442379 317451 160276 4062 474 453 419 373 100114 69027 921 339
is_linear=0
shrinkage=0.05


Tree=70
num_leaves=31
num_cat=0
split_feature=268 281 288 149 251 282 248 232 274 273 207 135 289 281 288 237 210 219 0 108 288 86 246 180 81 145 250 278 61 288
split_gain=88960.9 76824.1 58147.9 52663.2 157358 52108.9 55701.6 143749 47933.8 56810.4 104274 50550.2 47410.7 123161 159661 54405.8 74010.8 87698.6 46816.4 45175.6 82235.2 68531.1 44003.4 67724 53481 52416.6 43716 41266.3 67324.8 52731.1
threshold=-81.749999999999986 65.250000000000014 86.750000000000014 -19.749999999999996 -11.512363910675047 -106.24999999999999 -2.7499999999999996 52.250000000000007 31.250000000000004 -247.74999999999997 -153.682502746582 113.25000000000001 -147.24999999999997 -53.249999999999993 1.2500000000000002 85.25968170166017 -24.249999999999996 -61.749999999999993 -377.74999999999994 -4.7499999999999991 110.75000000000001 72.250000000000014 -282.24999999999994 53.947858810424812 -640.60998535156239 76.592369079589858 79.821258544921889 75.411655426025405 98.357963562011733 155.25000000000003
decision_type=2 2 2 2 2 2 2 2 2 2 2 2 2 2 2 2 2 2 2 2 2 2 2 2 2 2 2 2 2 2
left_child=8 2 -2 -4 -5 6 7 -3 11 10 18 12 13 15 -15 16 17 27 26 -8 21 -21 23 -16 -24 -25 -10 28 29 -1
right_child=1 5 3 4 -6 -7 19 -9 9 -11 -12 -13 -14 14 22 -17 -18 -19 -20 20 -22 -23 24 25 -26 -27 -28 -29 -30 -31
leaf_value=0.26709064419555201 -0.014060126603670823 0.52390739542700471 0.025039713666711913 4.9739833395589486 0.6032438252988902 0.044550699256553639 -0.8634654429325691 5.3409602361066 2.3893142001496424 0.16467818922917718 4.3032571274301281 -0.09312723346363018 0.047453838393805091 5.5430897667294463 -0.57289853811264047 2.7485460531711579 -1.2241571086769305 3.2040584842363993 -1.3085627441406251 2.212791473614542 2.7623335210900559 -0.098119608009035159 -1.5704672639016752 4.7183134924281722 0.92703986858519238 1.5861270774813261 -0.27219219583052173 -0.089458745170667764 3.0771212132080743 2.8060053802671892
leaf_weight=782 470109 59 373 22 322 55088 65 21 36 6369 23 6280 50205 21 20 20 96 24 25 38 38 206 27 22 104 34 27 829 23 21
leaf_count=782 470109 59 373 22 322 55088 65 21 36 6369 23 6280 50205 21 20 20 96 24 25 38 38 206 27 22 104 34 27 829 23 21
internal_value=9.06544e-11 -0.00681456 -0.0133739 0.436558 0.882768 0.0488156 0.599034 1.78838 0.0551915 0.184223 1.30565 0.0409008 0.0570165 0.294335 1.38898 0.155294 0.126074 0.203276 0.522182 0.324832 0.598731 0.261776 0.96755 1.92465 0.412286 2.81663 1.24867 0.15976 0.409885 0.333488
internal_weight=591329 526341 470826 717 344 55515 427 80 64988 6480 111 58508 52228 2023 228 1795 1775 1679 88 347 282 244 207 76 131 56 63 1655 826 803
internal_count=591329 526341 470826 717 344 55515 427 80 64988 6480 111 58508 52228 2023 228 1795 1775 1679 88 347 282 244 207 76 131 56 63 1655 826 803
is_linear=0
shrinkage=0.05


Tree=71
num_leaves=31
num_cat=0
split_feature=289 288 247 246 267 269 267 285 243 145 166 227 271 40 281 113 267 40 247 261 240 282 288 257 292 166 198 289 131 187
split_gain=84395.9 70044.2 63533.4 46839.2 117880 235582 42015.9 45965.4 133821 40457.1 39682.1 65526.9 37613.1 82452.1 37204.4 37132.9 37079.9 127455 37018 67113 35731.8 38759.1 34683.7 85575.5 34548.4 35790.7 33873.8 33255.6 61198.2 76858.9
threshold=-27.749999999999996 15.750000000000002 58.750000000000007 -282.24999999999994 -14.749999999999998 -58.249999999999993 -110.24999999999999 134.95200347900393 155.86653900146487 29.383291244506839 157.16674804687503 242.25000000000003 82.227939605712905 82.511131286621108 -12.749999999999998 -419.24999999999994 -197.74999999999997 27.685111045837406 -100.74999999999999 121.75000000000001 287.75000000000006 -79.249999999999986 382.25000000000006 63.932415008544929 13.709704875946047 19.110772132873539 482.25000000000006 -248.74999999999997 57.390598297119148 109.908992767334
decision_type=2 2 2 2 2 2 2 2 2 2 2 2 2 2 2 2 2 2 2 2 2 2 2 2 2 2 2 2 2 2
left_child=1 3 10 4 6 -6 7 12 -9 16 24 -12 13 -1 -11 -7 17 -5 19 26 -4 -22 27 -24 -2 -26 -3 28 -20 -30
right_child=2 18 20 9 5 15 -8 8 -10 14 11 -13 -14 -15 -16 -17 -18 -19 22 -21 21 -23 23 -25 25 -27 -28 -29 29 -31
leaf_value=0.35666661854815546 -0.078918320936642847 0.13997475614393876 0.040368018351765685 -1.0767532307993282 6.9737858295440676 -0.94689393250838583 -0.66245629341417078 4.6921345244754447 -0.95893569469451911 -0.052852049324133746 -0.53816453885659576 2.3076510928926015 -0.39017169948135105 3.7171390664577491 0.018552115392672486 1.8942966222763062 0.062346456308027959 4.4382621352374558 -1.0532078295946121 2.8391154740167703 1.8583787297457457 0.27250590649573087 -0.83314053897674278 3.0565451729682187 0.028393072394609808 -0.018632122263525685 -1.2491357006809929 0.045825903896968619 4.5387176609039308 0.20775703872953144
leaf_weight=209 20936 17003 40460 22 20 23 111 22 20 32425 550 21 140 20 41708 23 21435 20 20 23 40 1047 26 31 46028 334613 44 34248 20 21
leaf_count=209 20936 17003 40460 22 20 23 111 22 20 32425 550 21 140 20 41708 23 21435 20 20 23 40 1047 26 31 46028 334613 44 34248 20 21
internal_value=-5.07866e-11 0.0327465 -0.010896 0.00756316 0.452455 2.44342 0.200723 0.433845 2.00115 0.00482708 -0.0169774 -0.433502 0.255453 0.650158 -0.0126793 0.473701 0.0652546 1.54944 0.0798456 0.140031 0.0479683 0.330864 0.0499508 1.2823 -0.0163852 -0.0129457 0.136389 0.0479034 1.21431 2.32042
internal_weight=591329 147634 443695 96198 588 66 522 411 42 95610 402148 571 369 229 74133 46 21477 42 51436 17070 41547 1087 34366 57 401577 380641 17047 34309 61 41
internal_count=591329 147634 443695 96198 588 66 522 411 42 95610 402148 571 369 229 74133 46 21477 42 51436 17070 41547 1087 34366 57 401577 380641 17047 34309 61 41
is_linear=0
shrinkage=0.05


Tree=72
num_leaves=31
num_cat=0
split_feature=289 281 126 281 136 288 142 227 232 233 170 247 139 289 288 227 189 75 148 130 70 282 273 96 250 193 288 131 18 282
split_gain=78622.2 65061.9 48836 61348 121647 126561 70746.1 56612.3 196516 339897 148494 100205 75355.4 77666.7 48040.3 47779.1 77277.7 76748.5 75283.1 50332 48280.8 46115.9 45747.3 48611.1 88893.8 46112.1 42942.8 43904.8 41665.9 40397.8
threshold=-52.749999999999993 33.250000000000007 243.25000000000003 76.250000000000014 290.25000000000006 75.750000000000014 243.25000000000003 101.25000000000001 151.75000000000003 63.750000000000007 -598.99999999999989 -52.749999999999993 -59.433275222778313 -157.24999999999997 284.00000000000006 -402.24999999999994 -311.74999999999994 123.91565322875978 -207.74999999999997 -377.34500122070307 -730.74999999999989 1.0000000180025095e-35 -191.74999999999997 79.945381164550795 90.558090209960952 -697.46249389648426 41.250000000000007 59.114662170410163 -336.98249816894526 -21.249999999999996
decision_type=2 2 2 2 2 2 2 2 2 2 2 2 2 2 2 2 2 2 2 2 2 2 2 2 2 2 2 2 2 2
left_child=2 26 3 -1 6 -6 7 8 12 10 -10 -9 -5 -14 -13 16 17 22 -18 -17 -21 -22 23 24 -3 -24 27 29 -27 -2
right_child=1 15 -4 4 5 -7 -8 11 9 -11 -12 14 13 -15 -16 19 18 -19 -20 20 21 -23 25 -25 -26 28 -28 -29 -30 -31
leaf_value=0.06455032380437925 0.0083884644065907576 0.93946451628881134 -0.07045635309551361 0.046788061372896969 0.70348276476065319 5.8383572190999988 -2.3276853258793171 3.3961516681171604 4.7419587475061418 8.4917146232724203 -0.35573509624600413 -0.15402794410131038 3.5529074688752496 0.6514822655996132 2.2657661778586253 -0.089048379887853496 4.6755240792036057 -1.6585391155741318 0.88564045413544312 2.0678331033936863 0.065046929629792125 0.0059311174582132404 -0.57041654912325057 -0.62391165892283129 4.5790801237458769 0.96599205509195196 0.092006292120207486 -0.06651196454708079 -0.28512586842883719 -0.026911603518449834
leaf_weight=39995 134984 62 6188 900 30 20 26 21 20 20 50 881 24 592 21 9834 20 47 38 29 51932 90447 130 24 23 203 8940 42887 99 202842
leaf_count=39995 134984 62 6188 900 30 20 26 21 20 20 50 881 24 592 21 9834 20 47 38 29 51932 90447 130 24 23 203 8940 42887 99 202842
internal_value=-5.39142e-11 -0.00546724 0.0607978 0.0798635 0.31497 2.75743 0.267172 0.293849 0.47319 2.74319 1.10075 -0.0181997 0.338428 0.764525 -0.0976913 0.0221748 0.451269 0.279516 2.1925 0.020354 0.0279088 0.0274933 0.447886 1.36323 1.9243 0.216932 -0.0163131 -0.0188567 0.555857 -0.0128069
internal_weight=591329 542541 48788 42600 2605 50 2555 2529 1606 90 70 923 1516 616 902 152888 646 588 58 152242 142408 142379 541 109 85 432 389653 380713 302 337826
internal_count=591329 542541 48788 42600 2605 50 2555 2529 1606 90 70 923 1516 616 902 152888 646 588 58 152242 142408 142379 541 109 85 432 389653 380713 302 337826
is_linear=0
shrinkage=0.05


Tree=73
num_leaves=31
num_cat=0
split_feature=288 289 281 275 4 194 164 275 282 126 120 211 288 151 83 100 94 122 73 269 276 128 289 289 248 272 191 281 253 107
split_gain=74327.4 65033.4 58246.2 70208.1 53066.1 52249.5 50579.4 42187.7 42006.4 45584.2 94179.1 61653.7 43077.8 42526.7 41179.8 44360.7 56513 46875.8 84297.4 123200 42150 40507.4 133505 40303.4 39675.1 86327.3 38927.6 38644.7 39993.1 53990.7
threshold=65.250000000000014 -16.249999999999996 4.7500000000000009 -239.74999999999997 117.95499801635744 105.25308990478517 -444.74999999999994 -41.249999999999993 -4.2499999999999991 -67.249999999999986 -55.749999999999993 -308.24999999999994 284.00000000000006 725.41000366210949 -28.572125434875485 56.750000000000007 119.25000000000001 -31.749999999999996 -141.24999999999997 -6.2499999999999991 -119.24999999999999 -125.74999999999999 -78.749999999999986 -68.749999999999986 -197.74999999999997 34.89482498168946 37.750000000000007 237.25000000000003 306.25000000000006 -345.24999999999994
decision_type=2 2 2 2 2 2 2 2 2 2 2 2 2 2 2 2 2 2 2 2 2 2 2 2 2 2 2 2 2 2
left_child=1 2 4 -4 23 26 -6 -5 9 13 -11 -12 14 21 15 17 -17 18 19 -13 -16 27 -23 -1 25 -22 -3 28 -2 -30
right_child=8 5 3 7 6 -7 -8 -9 -10 10 11 12 -14 -15 20 16 -18 -19 -20 -21 24 22 -24 -25 -26 -27 -28 -29 29 -31
leaf_value=0.092442340295029748 0.094970563688904899 -0.026661747109537545 0.70016694971297877 0.093427284630277885 -1.3587666536172232 -0.28085398520099736 -0.058859821060507578 0.021934150555776175 0.039003018737064347 3.7111307036876684 2.569079132121185 0.81042399439546797 2.3247234239578249 2.1156675686836244 -0.54846246724301673 4.0417216148972512 0.84739306825730543 0.1712722729999398 0.45108207941974526 5.4352339754501982 0.43950922058158837 -3.768467851621764 -0.18197335363444636 -0.0016399342841873527 0.17935189223639936 3.9494150638580323 0.016273405698327064 -1.0237896038121299 2.7521859190680766 -0.26266737867284706
leaf_weight=13191 3999 247914 403 27127 75 1895 33482 86218 22188 20 29 36 25 25 193 20 45 449 154 24 86 28 354 83062 3053 22 67076 76 33 27
leaf_count=13191 3999 247914 403 27127 75 1895 33482 86218 22188 20 29 36 25 25 193 20 45 449 154 24 86 28 354 83062 3053 22 67076 76 33 27
internal_value=7.3113e-11 -0.00416145 0.0152663 0.041387 -0.00762238 -0.0190936 -0.0617651 0.0390447 0.0755118 0.168643 0.288304 0.271753 0.255531 0.0591513 0.242859 0.583731 1.83026 0.461522 1.0705 2.66035 0.168871 0.0477693 -0.444858 0.0112536 0.212669 1.15449 -0.0175189 0.0932792 0.114195 1.3955
internal_weight=591329 560443 243558 113748 129810 316885 33557 113345 30886 8698 4156 4136 4107 4542 4082 728 65 663 214 60 3354 4517 382 96253 3161 108 314990 4135 4059 60
internal_count=591329 560443 243558 113748 129810 316885 33557 113345 30886 8698 4156 4136 4107 4542 4082 728 65 663 214 60 3354 4517 382 96253 3161 108 314990 4135 4059 60
is_linear=0
shrinkage=0.05


Tree=74
num_leaves=31
num_cat=0
split_feature=288 287 286 272 288 255 288 287 220 267 16 289 6 289 281 0 237 30 90 281 24 237 114 218 20 31 19 143 268 259
split_gain=69561.9 63131 52433.9 58246.9 45280.8 41292.8 40677.8 50454.1 57136.5 40228.8 39474.2 45917.4 180377 45401.5 43221.1 33638.7 93323.5 41391.7 172672 64658 66291.4 48678.5 40480.3 44515.8 128105 36735.4 33817.9 53146.8 52401.4 33622.1
threshold=27.750000000000004 18.250000000000004 -31.344944953918453 -17.906188964843746 69.250000000000014 222.75000000000003 113.75000000000001 26.250000000000004 38.250000000000007 26.250000000000004 -193.24999999999997 -80.749999999999986 -219.87422180175778 -75.749999999999986 66.250000000000014 -398.24999999999994 -483.17143249511713 -105.74999999999999 10.757767677307131 102.25000000000001 -194.24999999999997 -376.84785461425776 34.250000000000007 -291.74999999999994 -198.40193939208982 -248.74999999999997 135.41022491455081 65.250000000000014 -164.24999999999997 -166.74999999999997
decision_type=2 2 2 2 2 2 2 2 2 2 2 2 2 2 2 2 2 2 2 2 2 2 2 2 2 2 2 2 2 2
left_child=2 4 3 5 -2 -1 10 8 -8 -4 11 12 14 -13 -3 -6 -17 18 19 21 -21 -18 23 24 25 -23 -19 -28 -29 -15
right_child=1 6 9 -5 15 -7 7 -9 -10 -11 -12 13 -14 29 -16 16 17 26 -20 20 -22 22 -24 -25 -26 -27 27 28 -30 -31
leaf_value=0.018467419742942987 0.063664507583608768 1.7229605695475703 -0.032787195757691664 2.2996364618518652 -0.025798630110859019 2.2905839608795939 0.43911966596330915 0.11770956156375906 3.3765968164205553 0.0038316554552413327 0.013231830462304819 2.152516995564751 -5.3851592943072326 0.22863914973734292 -0.75859404104585593 3.217093634605408 -1.0976434734132556 0.080604468833257545 5.1629242634773256 3.5642684332349086 0.41840595852802781 1.505267480822901 2.5196328805840533 0.2853853966839543 4.9783175945281988 -1.358273660568964 -0.97109529459476462 3.8112648504120963 0.87525666692040183 -0.089412402676898539
leaf_weight=113260 44669 23 214635 28 801 20 49 5855 25 115286 79099 23 20 883 74 28 54 1368 20 33 34 24 23 759 20 21 25 21 55 14094
leaf_count=113260 44669 23 214635 28 801 20 49 5855 25 115286 79099 23 20 883 74 28 54 1368 20 33 34 24 23 759 20 21 25 21 55 14094
internal_value=1.22815e-10 0.0296673 -0.00991298 0.0194322 0.0768422 0.0188686 0.00707726 0.134107 1.43151 -0.0199913 -0.000916709 -0.0749483 -1.06163 -0.0672521 -0.170184 0.255977 0.346803 0.314093 0.564332 0.46932 1.96786 0.357886 0.450683 0.392933 1.64875 0.168948 0.14579 1.0287 1.68652 -0.070661
internal_weight=591329 148100 443229 113308 47955 113280 100145 5929 74 329921 94216 15117 117 15000 97 3286 2485 2457 988 968 67 901 847 824 65 45 1469 101 76 14977
internal_count=591329 148100 443229 113308 47955 113280 100145 5929 74 329921 94216 15117 117 15000 97 3286 2485 2457 988 968 67 901 847 824 65 45 1469 101 76 14977
is_linear=0
shrinkage=0.05


Tree=75
num_leaves=31
num_cat=0
split_feature=281 282 52 166 289 281 184 67 253 267 121 22 155 288 280 262 253 281 289 281 282 283 159 282 289 292 26 253 264 283
split_gain=65573.4 63974.5 64981.7 57722.1 46680.4 130225 277296 100259 89320 136461 73121.7 61214.9 60402.3 51141.1 70866.7 77949 44022.6 42571.6 110608 42102.3 49667.6 41288.2 49709 51270.2 41020.6 78674.9 37498.3 36226.9 39105.4 37859.5
threshold=72.250000000000014 -42.749999999999993 16.250000000000004 67.083999633789077 -111.24999999999999 89.250000000000014 -325.24999999999994 -649.15499877929676 211.75000000000003 206.25000000000003 52.250000000000007 194.25000000000003 371.75000000000006 15.250000000000002 118.75000000000001 69.750000000000014 -167.74999999999997 11.250000000000002 -198.74999999999997 13.750000000000002 -1.0000000180025095e-35 -78.749999999999986 134.29836273193362 -103.24999999999999 -87.749999999999986 52.148435592651374 68.929309844970717 -257.74999999999994 34.166099548339851 1.0000000180025095e-35
decision_type=2 2 2 2 2 2 2 2 2 2 2 2 2 2 2 2 2 2 2 2 2 2 2 2 2 2 2 2 2 2
left_child=1 2 17 19 5 6 -2 -7 9 12 -11 -8 13 -9 15 16 -15 -1 -19 -3 24 -10 23 -23 25 -21 -18 28 -20 -30
right_child=4 3 -4 -5 -6 7 11 8 21 10 -12 -13 -14 14 -16 -17 26 18 27 20 -22 22 -24 -25 -26 -27 -28 -29 29 -31
leaf_value=0.039556907001850515 7.4160357701778414 -0.025916399201814346 -0.019407375031770327 -0.079869453553962425 0.049148808556590762 -1.73065823736738 -0.54426296889781955 -0.72392965039691415 -1.2300655779631242 1.3978118760245186 5.3999524030685428 2.364934446594932 -1.4747958171752193 3.1994976139068605 -0.52543190552128693 4.3561905533075338 1.7818751947237896 3.7660714412019369 2.7657159245014196 3.7415935678141632 -0.019675324647405595 2.1589090119237486 2.2659234795570375 -0.3288774207664224 0.028460462610651049 0.35323418997308265 -0.90349386105170615 0.11955601977620681 0.91354723878221999 -0.12782065979626081
leaf_weight=58022 20 188659 44378 30820 48784 61 40 37 69 21 25 33 31 20 36 27 26 21 20 21 95745 23 25 208 111287 93 26 12388 217 146
leaf_count=58022 20 188659 44378 30820 48784 61 40 37 69 21 25 33 31 20 36 27 26 21 20 21 95745 23 25 208 111287 93 26 12388 217 146
internal_value=-8.94188e-11 -0.00503325 0.028031 -0.0139609 0.0550795 0.452504 2.19993 0.196583 0.401394 1.11397 3.57289 0.770854 0.556775 0.922931 1.37429 2.0651 1.20594 0.0577599 0.140325 -0.00882877 0.00673385 -0.144548 0.148033 -0.0811757 0.0294315 0.977406 0.439191 0.134363 0.613296 0.494705
internal_weight=591329 541817 115192 426625 49512 728 93 635 574 249 46 73 203 172 135 99 72 70814 12792 395805 207146 325 256 231 111401 114 52 12771 383 363
internal_count=591329 541817 115192 426625 49512 728 93 635 574 249 46 73 203 172 135 99 72 70814 12792 395805 207146 325 256 231 111401 114 52 12771 383 363
is_linear=0
shrinkage=0.05


Tree=76
num_leaves=31
num_cat=0
split_feature=289 281 227 189 148 273 47 250 46 282 18 243 117 3 292 288 149 123 166 288 38 71 257 127 66 281 282 24 281 115
split_gain=61370.5 56275.9 51069.1 67126.9 80031.8 48128 80965.8 73319.3 44529.2 42170 39649.5 37072.4 36683.1 51866.1 42576.9 38774.1 56670.9 58673.1 37772.9 34766.2 77320.6 195728 52887 34739 33711.6 50684.3 47179 189803 139494 48851.2
threshold=-64.749999999999986 39.750000000000007 -402.24999999999994 -311.74999999999994 -207.74999999999997 -191.74999999999997 90.915084838867202 92.669013977050795 -728.72000122070301 8.2500000000000018 -336.98249816894526 101.21748352050783 41.944074630737312 851.75000000000011 16.17264556884766 85.750000000000014 48.250000000000007 31.857500076293949 18.926818847656254 191.75000000000003 -10.749999999999998 -31.749999999999996 95.04150772094728 73.750000000000014 244.75000000000003 18.750000000000004 -214.24999999999997 16.750000000000004 30.750000000000004 -653.74999999999989
decision_type=2 2 2 2 2 2 2 2 2 2 2 2 2 2 2 2 2 2 2 2 2 2 2 2 2 2 2 2 2 2
left_child=24 12 3 5 -5 6 7 -3 -7 -4 -10 19 13 14 -2 -14 23 -18 -16 -11 21 -21 -22 -17 25 -1 27 28 -27 -30
right_child=1 2 9 4 -6 8 -8 -9 10 11 -12 -13 15 -15 18 16 17 -19 -20 20 22 -23 -24 -25 -26 26 -28 -29 29 -31
leaf_value=0.059421472144717838 -0.049145295010782047 0.98728563029032479 0.054395747274081023 4.6350354844331738 0.77706095361854977 -0.67175564111118591 -1.4014829845428469 4.010330055350507 0.76716243196858303 0.001828335311639421 -0.38077143975327504 -0.16590913153830242 -0.034411432883411634 2.482715708301181 0.054364549758134241 0.30894978283707736 3.9344561932981019 0.86368869415351335 -0.0022084736877943946 -0.01018227344672931 0.006961445596679456 6.0046193305225604 2.0714826718849295 -1.2816791134445291 -0.05013944492656576 4.1770609877326272 0.21019940911291246 5.6248147773742678 -1.9721369266510012 0.35478053945919563
leaf_weight=20906 41436 78 58323 20 41 142 25 27 225 64619 113 3341 143978 21 34241 355 20 70 213342 38 354 21 34 38 4957 22 4378 20 28 116
leaf_count=20906 41436 78 58323 20 41 142 25 27 225 64619 113 3341 143978 21 34241 355 20 70 213342 38 354 21 34 38 4957 22 4378 20 28 116
internal_value=-2.90372e-11 -0.00375164 0.0254627 0.460515 2.04197 0.302369 1.15577 1.76464 0.0712397 0.0231592 0.383386 -0.00347263 -0.0123374 -0.00205477 -0.00223531 -0.0329111 0.414329 1.54608 0.00561564 0.00486813 0.444306 2.13068 0.187873 0.155149 0.0691591 0.0923771 0.243335 1.02326 0.468856 -0.0976756
internal_weight=591329 560902 127401 671 61 610 130 105 480 126730 338 68407 433501 289040 289019 144461 483 90 247583 65066 447 59 388 393 30427 25470 4564 186 166 144
internal_count=591329 560902 127401 671 61 610 130 105 480 126730 338 68407 433501 289040 289019 144461 483 90 247583 65066 447 59 388 393 30427 25470 4564 186 166 144
is_linear=0
shrinkage=0.05


Tree=77
num_leaves=31
num_cat=0
split_feature=254 260 289 218 285 292 204 273 282 234 281 253 231 234 239 89 282 271 283 36 260 262 283 218 30 273 72 81 3 288
split_gain=58789.3 54926.3 38974.6 90088.9 47974.9 64564.6 72903.6 43645.8 51212.3 37591.1 64638.7 75123.1 117746 50162.3 41363.6 42403.9 36891.9 38816.9 38634.1 34671.8 45109.1 87464.9 69453.3 37428.7 36142.3 80502.1 35059.7 33286.5 49455.6 98441.8
threshold=-92.249999999999986 53.750000000000007 -87.749999999999986 -384.74999999999994 47.596281051635749 56.411787033081062 40.250000000000007 -165.24999999999997 -125.24999999999999 117.25000000000001 119.75000000000001 211.75000000000003 30.250000000000004 88.250000000000014 180.25000000000003 77.65369033813478 57.250000000000007 56.838512420654304 180.75000000000003 204.75000000000003 120.25000000000001 78.750000000000014 14.250000000000002 156.25000000000003 185.25000000000003 -65.249999999999986 241.25000000000003 -352.17500305175776 -581.74999999999989 88.250000000000014
decision_type=2 2 2 2 2 2 2 2 2 2 2 2 2 2 2 2 2 2 2 2 2 2 2 2 2 2 2 2 2 2
left_child=16 -2 3 -3 5 6 -5 8 -4 10 14 12 -12 -14 -6 -16 18 -18 19 23 -21 22 -22 24 -1 -26 -25 -9 29 -29
right_child=1 2 7 4 9 -7 -8 27 -10 -11 11 -13 13 -15 15 -17 17 -19 -20 20 21 -23 -24 26 25 -27 -28 28 -30 -31
leaf_value=0.04852196896437197 -0.015108688166854779 3.5486163693666457 3.301079234209928 3.2624259829521183 0.14042169679538596 3.3529899560488192 -0.1084889590372274 -0.077825399544661278 -0.006609697937965394 -0.018740603575328231 4.3850722606117669 -0.2965058146891269 -0.53271384015679357 2.659342751502991 2.8203292363882064 0.061532407540541435 2.5206889266553136 0.40322609685909527 -1.3352222092595756 -0.070734260191264123 4.8875307183712726 -0.11431975069766243 0.77050471703211476 0.33722769184310741 3.8578817784786228 -0.16224380406466399 2.4564741408824924 0.21773553663683889 0.0237033631518275 4.1108054778945604
leaf_weight=60280 391627 20 22 20 934 26 81 8507 25 1601 37 44 32 20 30 26 23 367 51 7877 20 72 21 806 20 33 20 62 118603 22
leaf_count=60280 391627 20 22 20 934 26 81 8507 25 1601 37 44 32 20 30 26 23 367 51 7877 20 72 21 806 20 33 20 62 118603 22
internal_value=-1.0554e-11 -0.00575773 0.0223879 0.204567 0.181108 1.13101 0.559019 0.0182773 1.54167 0.136821 0.358598 1.39354 2.22908 0.695 0.219559 1.53946 0.0431676 0.528102 0.0404346 0.0414492 -0.0565048 0.9354 2.77881 0.0542462 0.0496695 1.35478 0.388541 0.0177144 0.0245623 1.23735
internal_weight=591329 521739 130112 2871 2851 127 101 127241 47 2724 1123 133 89 52 990 56 69590 390 69200 69149 7990 113 41 61159 60333 53 826 127194 118687 84
internal_count=591329 521739 130112 2871 2851 127 101 127241 47 2724 1123 133 89 52 990 56 69590 390 69200 69149 7990 113 41 61159 60333 53 826 127194 118687 84
is_linear=0
shrinkage=0.05


Tree=78
num_leaves=31
num_cat=0
split_feature=289 288 288 281 68 254 173 75 289 159 182 164 31 62 260 15 282 288 274 179 194 281 267 179 106 248 265 0 288 83
split_gain=56239.6 60087.4 56091.3 131903 67501.6 49630.4 45404.3 40593.7 42936 244819 43485.4 62104.9 43491 50146.7 36588.9 59346.7 35896.4 51962.2 38390.5 46797.5 103134 35377.8 48630.4 79931 43964.5 33862.9 60003.4 122333 37979.4 45695.1
threshold=-14.249999999999998 14.250000000000002 382.25000000000006 237.25000000000003 87.049453735351577 47.250000000000007 123.19132614135744 156.39149475097659 -171.74999999999997 156.79394531250003 -530.99999999999989 -444.74999999999994 -371.74999999999994 -328.48539733886713 -174.74999999999997 -770.24999999999989 8.2500000000000018 59.250000000000007 242.75000000000003 868.08999633789074 98.124969482421889 -7.2499999999999991 -197.74999999999997 -366.34750366210932 189.25000000000003 264.25000000000006 307.29170227050787 331.25000000000006 81.750000000000014 -125.23654556274413
decision_type=2 2 2 2 2 2 2 2 2 2 2 2 2 2 2 2 2 2 2 2 2 2 2 2 2 2 2 2 2 2
left_child=1 7 16 -4 -5 6 -2 8 9 10 14 -12 -13 -14 15 -1 17 -3 -19 25 -21 24 23 -23 -10 28 -27 -28 29 -20
right_child=5 2 3 4 -6 -7 -8 -9 21 -11 11 12 13 -15 -16 -17 -18 18 19 20 -22 22 -24 -25 -26 26 27 -29 -30 -31
leaf_value=2.0713145142509823 -0.02043130001729378 0.045978163327446246 4.8793504595756536 -0.95640062306608487 2.4133304367894715 0.043051662978708417 -0.3377463726940575 -0.4569715263329599 -0.018608659770777303 5.7373885222843723 2.5630341788288207 -0.72098178489263676 2.5300923139884555 0.34402955696257681 -2.3409518361091615 -1.1365589268829512 -0.014951612397883033 0.15918236778711148 3.944697726964951 -0.14082328505240954 4.3126565318841203 2.9083036654873897 0.015264251430915849 -0.27484850847138703 -0.16750849798640541 -1.7807383700420982 3.7668502802434176 -0.33344591965620546 0.32696964054168026 0.94872936418413056
leaf_weight=21 274008 83115 20 42 23 33117 1132 490 63807 21 32 86 29 275 26 46 21201 7125 20 26 26 38 100925 41 5375 38 23 87 79 35
leaf_count=21 274008 83115 20 42 23 33117 1132 490 63807 21 32 86 29 275 26 46 21201 7125 20 26 26 38 100925 41 5375 38 23 87 79 35
internal_value=1.35274e-11 0.0160911 0.0445909 1.32853 0.235966 -0.0147764 -0.0217368 -0.00252912 -0.0012248 0.445578 0.229795 0.445482 0.271734 0.552568 -0.748912 -0.131106 0.0436146 0.0573234 0.183742 0.707657 2.08592 -0.002632 0.0162349 1.25629 -0.0301772 0.45351 -0.0678398 0.523889 1.02933 2.03817
internal_weight=591329 283072 111860 85 65 308257 275140 171212 170722 536 515 422 390 304 93 67 111775 90574 7459 334 52 170186 101004 79 69182 282 148 110 134 55
internal_count=591329 283072 111860 85 65 308257 275140 171212 170722 536 515 422 390 304 93 67 111775 90574 7459 334 52 170186 101004 79 69182 282 148 110 134 55
is_linear=0
shrinkage=0.05


Tree=79
num_leaves=31
num_cat=0
split_feature=281 275 173 288 281 246 289 229 282 184 15 246 114 11 282 199 288 247 10 166 288 282 94 288 150 265 261 31 185 89
split_gain=53445.4 55991.1 48051.7 47288.9 45478.1 50123.6 108975 158286 105830 57218.4 49943.6 45033.1 50984.3 43225.2 55158.6 58562.4 44659.7 62347.8 89324.5 48037.6 42208.3 42208.5 40110.4 52270.2 39086.6 127605 31743.1 51831.7 93701.4 35956.9
threshold=106.75000000000001 -83.749999999999986 134.39924621582034 96.750000000000014 -15.749999999999998 -282.24999999999994 -90.749999999999986 122.94322586059572 -116.24999999999999 -224.74999999999997 -770.24999999999989 364.75000000000006 454.25000000000006 840.98498535156261 -26.749999999999996 1.2500000000000002 56.250000000000007 72.250000000000014 851.75000000000011 82.428192138671889 4.7500000000000009 -1.7499999999999998 -305.74999999999994 12.750000000000002 85.750000000000014 29.966997146606449 84.750000000000014 376.25000000000006 120.25000000000001 134.87597656250003
decision_type=2 2 2 2 2 2 2 2 2 2 2 2 2 2 2 2 2 2 2 2 2 2 2 2 2 2 2 2 2 2
left_child=1 4 3 20 -1 6 7 8 10 -8 -6 -4 -13 -2 15 -15 -17 -18 -19 -20 -3 -22 23 -12 -5 -26 -16 -28 -29 -30
right_child=13 2 11 24 5 -7 9 -9 -10 -11 22 12 -14 14 26 16 17 18 19 -21 21 -23 -24 -25 25 -27 27 28 29 -31
leaf_value=0.0024667020108072265 0.061547971709175413 -0.032714272881662308 -0.29258494965194781 0.065310216719531272 -1.8083678613106411 0.085574031891882577 0.043581921988837077 4.646342055937823 3.7503567713957566 2.3239327443057092 3.3627879121086814 2.3142007770708632 -0.80209291662488669 3.148277362585068 -0.16997179996147538 -0.14130015159264589 -0.36150992494640932 5.0075311731724517 -0.37179946349217347 2.6978523101806644 0.012898759829302673 -0.021217027956240114 -1.0284605655198298 0.43818413710594178 4.1534594856823484 0.43407428241658996 -0.70384509367656645 3.6583220223585764 0.29685967554221093 1.4856391516891687
leaf_weight=25743 18991 125773 1943 929 24 22537 535 34 26 29 22 35 21 30 349 78 33 21 26 25 250810 141989 24 50 24 589 88 24 453 74
leaf_count=25743 18991 125773 1943 929 24 22537 535 34 26 29 22 35 21 30 349 78 33 21 26 25 250810 141989 24 50 24 589 88 24 453 74
internal_value=8.00202e-11 -0.00282638 -0.00762351 -0.00668314 0.0482638 0.098904 0.502691 1.57384 0.858328 0.160834 0.231722 -0.252296 1.14559 0.0799449 0.37085 1.10063 0.764953 1.43817 2.26302 1.13293 -0.00750526 0.000566583 0.741745 1.33181 0.269796 0.579695 0.213518 0.422967 0.60293 0.463785
internal_weight=591329 571137 522113 520114 49024 23281 744 180 146 564 120 1999 56 20192 1201 213 183 105 72 51 518572 392799 96 72 1542 613 988 639 551 527
internal_count=591329 571137 522113 520114 49024 23281 744 180 146 564 120 1999 56 20192 1201 213 183 105 72 51 518572 392799 96 72 1542 613 988 639 551 527
is_linear=0
shrinkage=0.05


Tree=80
num_leaves=31
num_cat=0
split_feature=289 281 267 75 208 183 287 194 282 271 233 173 211 81 247 260 288 12 282 281 199 164 29 239 247 282 114 239 189 222
split_gain=50418.8 51971.5 59460 71356.9 103106 86178.1 94034.9 77411.6 75278 57067.7 46603.7 46164.1 40589 39683.1 35983.2 46100.2 45857.7 37387.1 33717.3 45423.2 33539.6 32792.9 31940 55209.8 31937.9 43152.3 92402.9 43188.1 37775.9 31697.8
threshold=-27.749999999999996 -6.7499999999999991 -197.74999999999997 78.768566131591811 61.414649963378913 -313.74999999999994 -52.749999999999993 88.71167373657228 -56.749999999999993 88.459583282470717 131.25000000000003 156.2944030761719 -130.74999999999997 129.95249938964847 -79.749999999999986 396.75000000000006 199.25000000000003 68.219295501708999 -268.24999999999994 83.250000000000014 538.25000000000011 486.25000000000006 -752.74999999999989 126.25000000000001 -244.74999999999997 -268.24999999999994 454.25000000000006 207.25000000000003 451.75000000000006 82.420860290527358
decision_type=2 2 2 2 2 2 2 2 2 2 2 2 2 2 2 2 2 2 2 2 2 2 2 2 2 2 2 2 2 2
left_child=1 13 3 4 8 6 -6 9 18 -8 11 -2 -5 21 15 16 20 -18 19 -3 22 -1 23 -4 28 26 27 -26 -15 -7
right_child=10 2 14 12 5 29 7 -9 -10 -11 -12 -13 -14 24 -16 -17 17 -19 -20 -21 -22 -23 -24 -25 25 -27 -28 -29 -30 -31
leaf_value=0.013431586070374072 -0.01062146452772003 -0.060828727899595751 -0.36976698924046159 -0.76822425368531 5.8133462939943588 1.3946354300887496 1.5372930450872941 0.11080324342173915 2.8778201451301575 5.0993116536866063 0.083724449791106381 -0.42383031031850077 1.3842178503672282 -0.52788304558107213 0.02961394829499836 2.171857786178589 3.2831659322977069 0.52739877030253413 -0.47716600955837835 2.6920222984707873 -1.1928055761456491 1.8620787421862286 0.11447383175349748 2.3064509901404384 1.4150965097157853 -0.067892740237915916 4.0511689469218259 -1.7618301659822464 1.6853000062704089 -1.1954469167050863
leaf_weight=52378 429708 43 529 116 21 27 22 31 25 23 13310 677 27 536 58846 27 20 32 137 23 50 24 19349 20 23 15224 20 20 20 21
leaf_count=52378 429708 43 529 116 21 27 22 31 25 23 13310 677 27 536 58846 27 20 32 137 23 50 24 19349 20 23 15224 20 20 20 21
internal_value=3.16532e-11 0.0253105 0.0528157 0.587801 0.951864 1.99428 2.85175 2.03341 0.288924 3.35788 -0.00842175 -0.0112714 -0.361819 -0.00668613 0.0493157 0.107206 0.104419 1.58731 -0.0299057 0.898498 0.100553 0.0142783 0.103803 -0.272273 -0.0760275 -0.0624887 1.2434 -0.0625438 -0.448272 0.261474
internal_weight=591329 147634 79389 516 373 145 97 76 228 45 443695 430385 143 68245 78873 20027 20000 52 203 66 19948 52402 19898 549 15843 15287 63 43 556 48
internal_count=591329 147634 79389 516 373 145 97 76 228 45 443695 430385 143 68245 78873 20027 20000 52 203 66 19948 52402 19898 549 15843 15287 63 43 556 48
is_linear=0
shrinkage=0.05


Tree=81
num_leaves=31
num_cat=0
split_feature=288 282 289 17 152 201 168 285 213 204 197 51 15 52 190 44 281 11 15 18 248 292 25 282 257 103 33 282 283 141
split_gain=48773.6 52018.4 37821.4 103964 118744 53682.6 44140.3 43926.7 35464.8 44469.2 56022.4 51829.2 34596.4 61956.8 60086.7 33517.2 31983.3 50404.9 114010 72337.1 45268.9 60262.5 44185.8 68603.4 102056 88189.9 51728.8 42468.2 39114.5 65341.7
threshold=13.250000000000002 -29.249999999999996 -171.74999999999997 -810.74999999999989 123.43268203735353 156.20999145507815 599.75000000000011 157.12120056152347 -441.74999999999994 -7.7499999999999991 -74.249999999999986 177.75000000000003 -291.74999999999994 -263.24999999999994 -302.24999999999994 363.25000000000006 115.75000000000001 840.98498535156261 721.50000000000011 1061.9824829101565 97.250000000000014 134.80252075195315 -556.06750488281239 -214.24999999999997 54.198762893676765 65.226036071777358 68.292285919189467 -77.749999999999986 92.750000000000014 -380.74999999999994
decision_type=2 2 2 2 2 2 2 2 2 2 2 2 2 2 2 2 2 2 2 2 2 2 2 2 2 2 2 2 2 2
left_child=2 16 3 4 -1 -4 7 8 -5 10 12 -11 14 -14 -10 -13 -2 18 22 20 -19 -22 -18 24 -24 -26 -25 -20 29 -28
right_child=1 -3 5 6 -6 -7 -8 -9 9 11 -12 15 13 -15 -16 -17 17 19 27 -21 21 -23 23 26 25 -27 28 -29 -30 -31
leaf_value=0.39122207932747327 0.045326221589413969 0.0020634904878414091 -0.014378381026545248 -0.75836061150641054 5.4463101387023931 -0.62447550694620713 2.3287245438798614 -1.4380667589431586 1.3410341773714338 -1.7174857817755804 2.8804343751498633 2.2069956392049792 3.3598623293141525 0.55130109406869721 -1.0711496000414464 -0.59172192500985188 -0.30290173075536392 0.48762536957150415 -3.9915400767326354 0.23752454159160458 1.6200128257274629 5.3362132930755619 -0.74948158586025249 0.030985390998489428 5.7349293470382694 1.4485676765441895 3.5945964323437738 -0.95167871095516066 -0.17645435660730963 0.81837961893563205
leaf_weight=26 74019 219969 294819 74 21 361 23 43 42 45 28 20 24 108 67 23 281 21 20 96 24 20 25 674 20 30 23 27 86 270
leaf_count=26 74019 219969 294819 74 21 361 23 43 42 45 28 20 24 108 67 23 281 21 20 96 24 20 25 674 20 30 23 27 86 270
internal_value=2.48382e-11 0.0143627 -0.0143569 0.402167 2.64988 -0.0151245 0.189606 0.0858095 0.237844 0.44434 0.763516 -0.531324 0.517567 1.06195 -0.141684 0.710007 0.0501319 0.270112 0.177283 1.10961 2.39761 3.30919 0.258091 0.397842 1.85891 3.16311 0.293777 -2.24524 0.761116 1.03631
internal_weight=591329 295605 295724 544 47 295180 497 474 431 357 269 88 241 132 109 43 75636 1617 1456 161 65 44 1409 1128 75 50 1053 47 379 293
internal_count=591329 295605 295724 544 47 295180 497 474 431 357 269 88 241 132 109 43 75636 1617 1456 161 65 44 1409 1128 75 50 1053 47 379 293
is_linear=0
shrinkage=0.05


Tree=82
num_leaves=31
num_cat=0
split_feature=281 286 279 272 216 288 240 288 268 75 283 176 136 289 201 250 173 74 282 188 117 292 282 288 265 248 219 198 248 4
split_gain=46768.4 44856.4 172433 72910.4 52192.3 50754.8 85992.8 97483.4 44554.4 96228.6 114048 51438.1 54139.3 48483.5 58045.5 54382.2 43749.4 62172.2 42807.2 39456.1 36859.8 31980.2 31522.9 34318.7 75774.9 103105 79782.4 47696.3 43326.5 36351.4
threshold=50.250000000000007 -30.654438018798825 -37.059207916259759 -13.45454692840576 171.73782348632815 117.75000000000001 4.7500000000000009 144.75000000000003 -326.99999999999994 77.710350036621108 -78.749999999999986 -287.24999999999994 -225.74999999999997 -92.249999999999986 79.990512847900405 85.160259246826186 60.437063217163093 -73.432502746582017 -96.249999999999986 -469.47758483886713 41.944074630737312 12.985738277435305 6.2500000000000009 207.25000000000003 174.57230377197268 264.25000000000006 144.25000000000003 128.75000000000003 131.75000000000003 1079.497497558594
decision_type=2 2 2 2 2 2 2 2 2 2 2 2 2 2 2 2 2 2 2 2 2 2 2 2 2 2 2 2 2 2
left_child=1 3 -3 4 -1 20 -7 -8 9 10 -2 -11 -13 15 16 -12 17 19 -16 -15 21 -4 -10 -24 25 26 28 -26 -25 -29
right_child=8 2 5 -5 -6 6 7 -9 22 11 13 12 -14 14 18 -17 -18 -19 -20 -21 -22 -23 23 24 27 -27 -28 29 -30 -31
leaf_value=0.01831275298256892 4.0769626753670831 -4.4418234063820412 -0.073064479145696512 3.0370474416017714 -2.4172377987341451 -0.17527253751571362 4.8860944479703905 0.5065090135291771 0.066644667042992989 -1.2180458788495316 0.79375175650303187 2.6973256075666066 -0.41197163207190379 1.578160654877623 4.230573045123708 -2.6272325072969713 -0.81468279438093316 3.5693687382198522 1.0344248366355895 -0.16916554468018669 -0.038714877460731247 0.00030169637246443734 0.0029797122547075739 0.89757523456901578 -1.7119115855242755 4.0307366101830091 3.6248425495056882 -0.045538206196619274 -0.85810070566686925 1.1453191947627379
leaf_weight=135481 28 22 15884 20 22 65 24 27 35873 95 26 21 42 60 22 21 40 21 20 70 115598 228950 58189 113 37 27 21 382 51 77
leaf_count=135481 28 22 15884 20 22 65 24 27 35873 95 26 21 42 60 22 21 40 21 20 70 115598 228950 58189 113 37 27 21 382 51 77
internal_value=-4.74634e-11 -0.00616099 -0.0153785 0.0183629 0.0179173 -0.0151084 1.0306 2.56749 0.0320932 0.519798 1.03441 -0.483376 0.624461 0.730158 1.02566 -0.734773 0.655589 1.04506 2.7086 0.637293 -0.0154449 -0.00445805 0.029695 0.00718974 0.353203 1.14441 0.72316 0.0150267 0.351603 0.154235
internal_weight=591329 496093 360570 135523 135503 360548 116 51 95236 466 308 158 63 280 233 47 191 151 42 130 360432 244834 94770 58897 708 212 185 496 164 459
internal_count=591329 496093 360570 135523 135503 360548 116 51 95236 466 308 158 63 280 233 47 191 151 42 130 360432 244834 94770 58897 708 212 185 496 164 459
is_linear=0
shrinkage=0.05


Tree=83
num_leaves=31
num_cat=0
split_feature=282 281 281 286 275 30 182 292 287 208 267 289 100 126 164 260 288 285 271 281 283 152 82 246 145 229 75 33 288 287
split_gain=45309.2 45151.9 43444.8 43033.8 42120.9 48721.3 42627.7 35238.9 40489.4 111823 62660.5 33016.3 33538.9 32776 38136.7 36116.5 32743.5 118806 33877.6 32271.3 57911.1 67007.7 72830.1 49075.6 31307.6 51843.5 302921 56326.3 70120.1 68640.2
threshold=-80.749999999999986 -15.749999999999998 13.250000000000002 307.40005493164068 -30.249999999999996 -75.249999999999986 -417.24999999999994 83.525283813476577 127.75000000000001 72.052619934082045 -99.749999999999986 -29.749999999999996 -721.24999999999989 243.25000000000003 390.75000000000006 243.75000000000003 72.250000000000014 48.751272201538093 44.140867233276374 190.25000000000003 -36.749999999999993 86.926422119140639 68.947475433349624 214.25000000000003 70.478984832763686 155.63330841064456 49.319311141967781 65.106437683105483 3.7500000000000004 34.250000000000007
decision_type=2 2 2 2 2 2 2 2 2 2 2 2 2 2 2 2 2 2 2 2 2 2 2 2 2 2 2 2 2 2
left_child=1 13 3 -2 11 -6 -7 16 19 -10 -11 -4 -13 14 15 -1 -3 -18 -19 24 23 22 -22 -21 25 27 -27 -9 -29 -30
right_child=2 7 4 -5 5 6 -8 8 9 10 -12 12 -14 -15 -16 -17 17 18 -20 20 21 -23 -24 -25 -26 26 -28 28 29 -31
leaf_value=0.029779786168024555 -0.019054947607154739 0.07713584900491266 0.12477991341342004 2.3003512191772462 -0.035221402535376166 1.9312046687150823 0.014075829394867862 0.19040818439605831 1.4366056922823192 -3.9863999352410988 -0.47512821008761724 -0.57458541862276191 0.032349101324415423 -0.19111571093622498 2.1583085185005553 -1.2195209698430425 -3.6698399231984062 0.74341811379299894 -0.4472821171368872 1.4915167223323476 2.0937696145640481 3.5333597772261678 -1.6113481778474084 -0.95590442650847973 0.1242742366644155 6.8405462157726298 -0.69588017657399182 3.6668874033859802 0.4611475260591118 2.6047253648528743
leaf_weight=22530 253408 7314 11695 20 67974 29 182179 1582 32 27 24 229 37692 1836 21 58 26 79 245 33 36 34 21 54 3691 20 40 21 337 42
leaf_count=22530 253408 7314 11695 20 67974 29 182179 1582 32 27 24 229 37692 1836 21 58 26 79 245 33 36 34 21 54 3691 20 40 21 337 42
internal_value=-5.5397e-11 0.0527376 -0.00363226 -0.0188719 0.00925026 0.000904085 0.014381 0.125554 0.216369 -0.880295 -2.33404 0.0513347 0.0286839 0.0120533 0.0285519 0.0265719 0.0545279 -0.417914 -0.156957 0.231768 0.894791 1.77661 0.728726 -0.0275723 0.211182 0.368272 1.81626 0.324438 0.854525 0.698694
internal_weight=591329 38103 553226 253428 299798 250182 182208 13658 5994 83 51 49616 37921 24445 22609 22588 7664 350 324 5911 178 91 57 87 5733 2042 60 1982 400 379
internal_count=591329 38103 553226 253428 299798 250182 182208 13658 5994 83 51 49616 37921 24445 22609 22588 7664 350 324 5911 178 91 57 87 5733 2042 60 1982 400 379
is_linear=0
shrinkage=0.05


Tree=84
num_leaves=31
num_cat=0
split_feature=289 281 276 236 204 4 263 234 281 173 288 264 173 283 281 275 43 243 229 274 282 282 264 285 270 191 180 78 169 281
split_gain=42839.2 42086.8 62103.8 121113 312371 48848.8 59624.6 46466.2 41999.1 42673 44881.9 45525.4 54512.5 40985.8 36430.4 34173.7 51197.9 40765.7 36536.4 34288.3 36051.9 33740.2 33659.7 55146.2 37455.2 32998.1 32713.1 41388.5 35355.9 30551.2
threshold=-87.749999999999986 -27.749999999999996 -167.24999999999997 155.49079895019534 -325.24999999999994 -853.21749877929676 -760.51248168945301 -64.249999999999986 106.75000000000001 109.60205841064455 106.75000000000001 109.58003997802736 95.239334106445327 61.250000000000007 49.750000000000007 -43.249999999999993 50.750000000000007 97.862754821777358 155.63330841064456 19.750000000000004 0.75000000000000011 -5.2499999999999991 134.38973236083987 134.95200347900393 -540.62750244140614 -209.74999999999997 123.13367462158205 -411.74999999999994 -397.24999999999994 -12.749999999999998
decision_type=2 2 2 2 2 2 2 2 2 2 2 2 2 2 2 2 2 2 2 2 2 2 2 2 2 2 2 2 2 2
left_child=1 -1 3 7 -5 14 -7 22 9 10 15 12 -12 -14 26 16 17 29 21 -17 -21 -19 23 24 -3 -26 -4 28 -28 -2
right_child=8 2 5 4 -6 6 -8 -9 -10 -11 11 -13 13 -15 -16 19 -18 18 -20 20 -22 -23 -24 -25 25 -27 27 -29 -30 -31
leaf_value=0.020706086146892448 -0.00079056348677175939 -1.4758256435394288 -0.59798774793744092 7.9800784918712457 -0.33148883902109588 2.5881508521162551 0.18678435441004215 2.3951084276040393 0.070591871825173708 -0.12119558152518434 0.35954151598121664 -0.57229496604058805 0.47310179905457939 3.3804135031170319 -1.2558689348324381 -0.024695359476787911 -0.025259315736849398 0.2850530304776217 -1.5268352782284773 0.022571109547771518 -0.018005657011457454 1.5930609890058929 -1.4223632771255714 2.5641377659944391 0.95941444286486 -1.2619336150941396 0.38237989924170757 -0.87306326679561463 3.2870682001113893 0.063250491546621032
leaf_weight=8654 30549 31 104 20 26 26 4459 27 19225 7735 842 123 22 27 99 208637 41345 1481 27 117091 102802 51 28 26 82 21 22 23 20 47704
leaf_count=8654 30549 31 104 20 26 26 4459 27 19225 7735 842 123 22 27 99 208637 41345 1481 27 117091 102802 51 28 26 82 21 22 23 20 47704
internal_value=8.54442e-11 0.0874904 0.202758 0.95369 3.28224 0.161522 0.200705 0.455489 -0.0020701 -0.0045716 -0.00293353 0.329409 0.453887 2.07509 -0.494211 -0.0035466 0.0198997 0.0432934 0.296463 -0.0101755 0.0036011 0.328596 0.176927 0.456802 0.0479163 0.506518 -0.0480323 0.831896 1.76556 0.0382497
internal_weight=591329 13668 5014 261 46 4753 4485 215 577661 558436 550701 1014 891 49 268 549687 121157 79812 1559 428530 219893 1532 188 160 134 103 169 65 42 78253
internal_count=591329 13668 5014 261 46 4753 4485 215 577661 558436 550701 1014 891 49 268 549687 121157 79812 1559 428530 219893 1532 188 160 134 103 169 65 42 78253
is_linear=0
shrinkage=0.05


Tree=85
num_leaves=31
num_cat=0
split_feature=289 288 281 57 69 288 288 75 121 267 287 288 158 268 289 159 182 164 155 202 261 117 44 271 79 226 191 78 174 6
split_gain=40572.7 42888.2 118808 56748.3 40703.4 39946.6 37905.8 36478.4 35615.6 41835.1 39576.4 35089.5 46091 35229.3 33757.6 211866 37512.9 55011.5 41046.8 75344.1 104634 40906.7 80377.3 36775.4 36038.2 35399.1 32528.1 31815.4 30967.8 30601.4
threshold=-11.249999999999998 382.25000000000006 237.25000000000003 846.00000000000011 -267.02746582031244 14.250000000000002 125.75000000000001 156.39149475097659 -402.74999999999994 -42.249999999999993 99.750000000000014 152.75000000000003 -212.50499725341794 23.250000000000004 -171.74999999999997 156.79394531250003 -530.99999999999989 -444.74999999999994 -200.24999999999997 -187.94609832763669 -239.24999999999997 48.786279678344734 40.750000000000007 134.55081939697268 -755.24999999999989 -128.74999999999997 34.250000000000007 345.25000000000006 -321.46337890624994 454.89593505859381
decision_type=2 2 2 2 2 2 2 2 2 2 2 2 2 2 2 2 2 2 2 2 2 2 2 2 2 2 2 2 2 2
left_child=1 5 -3 29 -2 7 26 14 -8 -10 11 12 -11 -13 15 16 23 -18 -19 20 -20 22 -21 24 -1 -23 -6 -16 -9 -4
right_child=4 2 3 -5 6 -7 8 28 9 10 -12 13 -14 -15 27 -17 17 18 19 21 -22 25 -24 -25 -26 -27 -28 -29 -30 -31
leaf_value=1.62032311303275 -0.11994853337765524 4.5003640700876719 0.39659760338919509 2.407612878084183 -0.022588099894596314 0.032709091142706738 2.238916409557516 -1.2816057166931305 -1.2395223582318673 2.8143488848209381 0.14350931772239622 3.5382805932651871 0.2719118904504107 0.79487686777114874 0.00048954354763512621 5.3172369321187345 2.3869833872653543 -0.39439035564850849 0.23402635374416911 -0.15880216990200488 5.0668195190883827 0.77130504122003918 3.6980121433734894 -2.3114095541147086 -0.87944741799779558 -0.92059310829197916 0.018978088326383147 -0.12342942902647219 -0.24765320664003021 -2.036489083369573
leaf_weight=21 8856 20 28 20 191626 132009 22 88 48 20 1169 22 164 25 188525 21 32 157 24 35 21 50 22 26 46 81 62392 5326 409 24
leaf_count=21 8856 20 28 20 191626 132009 22 88 48 20 1169 22 164 25 188525 21 32 157 24 35 21 50 22 26 46 81 62392 5326 409 24
internal_value=7.70877e-11 0.0117759 1.09118 0.144184 -0.0145664 0.0114721 -0.0109135 -0.00291326 0.242256 0.21192 0.261684 0.859717 0.548264 2.07902 -0.00181945 0.394435 0.193699 0.394027 0.230502 0.651568 2.48933 0.211678 1.32979 -0.715317 -0.0959373 -0.27483 -0.0123786 -0.00291509 -0.430727 -0.726365
internal_weight=591329 326985 92 72 264344 326893 255488 194884 1470 1448 1400 231 184 47 194387 536 515 422 390 233 45 188 57 93 67 131 254018 193851 497 52
internal_count=591329 326985 92 72 264344 326893 255488 194884 1470 1448 1400 231 184 47 194387 536 515 422 390 233 45 188 57 93 67 131 254018 193851 497 52
is_linear=0
shrinkage=0.05


Tree=86
num_leaves=31
num_cat=0
split_feature=289 220 267 225 255 232 19 178 213 281 288 254 60 235 240 289 75 54 224 72 289 8 201 201 287 257 232 238 177 114
split_gain=38764.4 36176.2 55935.9 97670.9 147473 153868 46802.6 43459.4 38050.8 37536.3 36171.1 60154.7 31927.6 84311.2 78904.8 31624.7 69763.4 271276 53139.4 124104 52660.1 35459.5 39909.1 43904.9 50402 45583.2 58665.1 56580.4 45911.4 67803.7
threshold=-49.249999999999993 208.75000000000003 303.75000000000006 -127.24999999999999 245.75000000000003 175.25000000000003 56.094141006469734 44.250000000000007 26.750000000000004 -12.749999999999998 4.7500000000000009 -292.24999999999994 -567.67248535156239 -575.53500366210926 -258.24999999999994 -118.74999999999999 49.635951995849616 49.056356430053718 112.75000000000001 83.750000000000014 -122.74999999999999 -778.74999999999989 51.884098052978523 59.061527252197273 66.750000000000014 69.53562164306642 -339.74999999999994 -225.74999999999997 -156.74999999999997 -340.24999999999994
decision_type=2 2 2 2 2 2 2 2 2 2 2 2 2 2 2 2 2 2 2 2 2 2 2 2 2 2 2 2 2 2
left_child=1 2 9 -4 5 7 -6 -5 -8 -1 11 -2 -12 14 -14 16 17 20 21 -20 -11 -18 -23 -24 25 -25 -27 -28 29 -29
right_child=10 -3 3 4 6 -7 8 -9 -10 15 12 -13 13 -15 -16 -17 18 -19 19 -21 -22 22 23 24 -26 26 27 28 -30 -31
leaf_value=0.011415349012695709 2.7134909999370578 -0.10351179987016951 -0.89435485718505725 0.37195513602988473 -1.5009110704545052 6.6459806463935154 -0.44457554950245792 3.3189997851848605 2.5653583640143989 0.25070959464923759 -0.093148727788513908 -0.028880369530716044 4.2166012092129046 0.0045715452960930518 -0.022506315651394073 0.084927132748564546 -1.0813753568331401 6.2822323032533349 3.5758926974875589 -0.17052172381430863 2.4774568484675501 -1.3091348287851916 1.8630385499251518 -1.3340380953890938 -2.3623805642127991 2.3499391935606089 -1.0784790819620385 0.10166866643862292 -0.0069407460849676555 2.9103008166310333
leaf_weight=30515 20 4113 56 29 31 22 21 22 21 185 8492 119396 23 406646 21 21023 75 23 35 60 31 46 38 42 20 35 68 44 134 42
leaf_count=30515 20 4113 56 29 31 22 21 22 21 185 8492 119396 23 406646 21 21023 75 23 35 60 31 46 38 42 20 35 68 44 134 42
internal_value=-2.70355e-11 0.0392984 0.0504615 0.880894 1.56181 3.15091 -0.027285 1.64323 1.06039 0.0472612 -0.00417031 -0.0284211 0.00280477 0.00480835 2.19339 0.0972058 0.391208 1.11997 0.118634 1.20974 0.570289 -0.0719077 0.089521 0.241621 0.0815846 0.215501 0.416989 0.182081 0.571709 1.47333
internal_weight=591329 56731 52618 202 146 73 73 51 42 52416 534598 119416 415182 406690 44 21901 878 239 639 95 216 544 469 423 385 365 323 288 220 86
internal_count=591329 56731 52618 202 146 73 73 51 42 52416 534598 119416 415182 406690 44 21901 878 239 639 95 216 544 469 423 385 365 323 288 220 86
is_linear=0
shrinkage=0.05


Tree=87
num_leaves=31
num_cat=0
split_feature=288 287 282 281 267 261 53 288 211 194 80 30 15 199 187 5 16 261 240 289 286 110 130 150 255 289 282 96 68 110
split_gain=36846.9 38902.8 34171.4 80287.4 38037.5 78800.2 43689 166071 67859 118327 46671.7 49476 63784.8 47556.3 36133.4 33356.5 30884.2 36416.3 50254.3 36890.1 30611.9 35389.3 31885.8 31768.9 30541.8 54816.7 198003 57746.9 52954 66490
threshold=30.750000000000004 18.250000000000004 -268.24999999999994 83.250000000000014 46.250000000000007 -152.24999999999997 -816.12499999999989 87.750000000000014 -402.24999999999994 101.4989471435547 -574.24999999999989 -353.24999999999994 -319.24999999999994 -287.24999999999994 50.939338684082038 58.564910888671882 -188.74999999999997 216.25000000000003 103.25000000000001 -16.249999999999996 -45.643089294433587 38.978326797485359 930.98501586914074 249.25000000000003 -129.74999999999997 -80.749999999999986 -25.749999999999996 60.427391052246101 56.496147155761726 57.772451400756843
decision_type=2 2 2 2 2 2 2 2 2 2 2 2 2 2 2 2 2 2 2 2 2 2 2 2 2 2 2 2 2 2
left_child=20 2 3 4 5 6 7 8 9 -2 -8 12 13 14 -12 -16 17 24 -19 -20 23 22 -22 -1 28 26 -26 -28 -3 -30
right_child=1 16 -4 -5 -6 -7 10 -9 -10 -11 11 -13 -14 -15 15 -17 -18 18 19 -21 21 -23 -24 -25 25 -27 27 -29 29 -31
leaf_value=0.020224446393275371 1.3515666425228119 -0.13888134595069196 0.060135276623749123 2.6840250247233626 -1.1849538401859563 3.1962190476556618 -0.90336888959311479 -1.3416903885399423 0.40323403423482723 6.4281774824315852 -0.62581009183611191 -0.21620443557598154 3.6050161959230902 2.7365349131551659 2.5843290764352549 0.17181604347730939 0.01938137164743986 2.5979014070828761 -0.76224635947834374 1.4492550540151019 -0.0011407825089761949 -0.032667055709147345 1.9953702616691591 1.8028723813295366 -5.7064902120828629 -0.080811465503801361 2.1980520409345625 -0.95508428845765447 1.9392125544181238 0.27989686004211251
leaf_weight=83788 24 924 36742 37 41 24 99 41 22 22 63 196 20 22 23 38 75552 30 44 33 239306 139377 20 25 20 13810 20 53 65 848
leaf_count=83788 24 924 36742 37 41 24 99 41 22 22 63 196 20 22 23 38 75552 30 44 33 239306 139377 20 25 20 13810 20 53 65 848
internal_value=6.44785e-11 0.0236505 0.0665976 0.419928 0.288004 0.389673 0.271502 1.17174 2.68719 3.77951 0.0586487 0.321742 0.956907 0.594153 0.214053 1.08145 0.00607015 -0.0573923 0.861903 0.18554 -0.00658677 -0.0126382 -0.000973938 0.0207562 -0.0636417 -0.0889588 -1.2988 -0.0912113 0.127967 0.39803
internal_weight=591329 128813 37414 672 635 594 570 109 68 46 461 362 166 146 124 61 91399 15847 107 77 462516 378703 239326 83813 15740 13903 93 73 1837 913
internal_count=591329 128813 37414 672 635 594 570 109 68 46 461 362 166 146 124 61 91399 15847 107 77 462516 378703 239326 83813 15740 13903 93 73 1837 913
is_linear=0
shrinkage=0.05


Tree=88
num_leaves=31
num_cat=0
split_feature=289 288 281 68 281 205 260 276 233 159 6 289 288 239 96 22 199 96 260 236 82 180 245 289 47 117 281 246 113 138
split_gain=36272.3 43019.7 101701 58040.4 40952.7 50715.7 48801 152392 38629.4 41895.5 35973.6 34178.4 73859.3 145069 56523.6 55318.5 44230 38261.2 36667.6 33898.2 48549.1 47745.7 35610 130861 49869.1 42131.6 36367.5 35437.5 81959.1 76535
threshold=-14.249999999999998 382.25000000000006 237.25000000000003 87.049453735351577 -6.7499999999999991 -230.74999999999997 396.75000000000006 79.750000000000014 179.25000000000003 101.59299468994142 -21.693250656127926 -132.74999999999997 0.75000000000000011 -311.24999999999994 90.660015106201186 123.25000000000001 -126.74999999999999 67.02405166625978 -129.74999999999997 86.88782119750978 110.25962066650392 77.653808593750014 -150.24999999999997 -248.74999999999997 73.848251342773452 92.909664154052749 -41.249999999999993 -220.24999999999997 -314.24999999999994 83.768711090087905
decision_type=2 2 2 2 2 2 2 2 2 2 2 2 2 2 2 2 2 2 2 2 2 2 2 2 2 2 2 2 2 2
left_child=1 4 -3 -4 10 6 -6 -8 9 -2 11 12 13 -1 16 19 17 18 -15 20 22 -21 25 -24 26 -14 -25 28 29 -23
right_child=8 2 3 -5 5 -7 7 -9 -10 -11 -12 -13 15 14 -16 -17 -18 -19 -20 21 -22 27 23 24 -26 -27 -28 -29 -30 -31
leaf_value=4.2244075417518614 -0.011727668980935312 4.2555270040035245 -0.92740892796289354 2.197256071671196 0.12848378561559495 0.019933887180859325 5.1121967762708671 -0.30496879751617845 0.14763123852794369 -0.177358781547414 -0.048011248725808926 0.005199039196869531 0.10315812338309234 1.9736798801802491 -1.5092579373291561 2.7363137710094456 -0.80800468590524466 3.2115865786870326 -0.28651757100049186 -1.1242725365474049 2.330232988463508 3.1667940298716228 4.0517057305345174 -0.060578992832993075 2.0708751169410915 -1.8618853509426119 2.1582490229606628 -0.35651984620210414 -1.1999958281538317 0.4918900867725941
leaf_weight=32 300640 20 42 23 9685 179610 20 37 3750 3867 43115 48227 1057 38 28 20 27 24 34 116 27 33 26 241 37 28 20 308 56 141
leaf_count=32 300640 20 42 23 9685 179610 20 37 3750 3867 43115 48227 1057 38 28 20 27 24 34 116 27 33 26 241 37 28 20 308 56 141
internal_value=-3.33695e-12 0.0129226 1.1376 0.178242 0.0125848 0.0259604 0.137069 1.59579 -0.0118668 -0.0138311 -0.0144637 0.0141665 0.202773 1.16635 0.518285 0.119203 0.979839 1.48267 0.906364 0.0941584 0.230051 -0.204224 0.189807 0.649791 0.352979 0.0524473 0.109446 -0.00584977 0.463743 0.999199
internal_weight=591329 283072 85 65 282987 189352 9742 57 308257 304507 93635 50520 2293 183 151 2110 123 96 72 2090 1436 654 1409 324 298 1085 261 538 230 174
internal_count=591329 283072 85 65 282987 189352 9742 57 308257 304507 93635 50520 2293 183 151 2110 123 96 72 2090 1436 654 1409 324 298 1085 261 538 230 174
is_linear=0
shrinkage=0.05


Tree=89
num_leaves=31
num_cat=0
split_feature=274 273 276 275 41 282 288 40 281 252 23 191 287 266 281 180 151 211 175 281 15 286 222 117 287 274 288 191 5 267
split_gain=35023.9 55974.3 41832 41353.4 48808.1 30327.5 44256 61160.9 64717.9 46995.7 33879.3 31848 35045.8 30344.1 30061.6 29663.1 28455.8 28137.9 47541.4 27817.7 40490.1 53341.1 28203.2 37718 27653 29114.8 26288.4 26275.7 26149.3 50613
threshold=29.250000000000004 -75.749999999999986 -119.24999999999999 -20.749999999999996 231.31591796875003 0.75000000000000011 95.250000000000014 135.47835540771487 182.25000000000003 -22.249999999999996 -74.749999999999986 -552.24999999999989 -75.249999999999986 -140.74999999999997 182.25000000000003 61.923801422119148 36.802499771118171 351.75000000000006 476.25000000000006 43.250000000000007 -94.249999999999986 -94.955272674560533 88.725330352783217 43.857345581054695 158.75000000000003 -100.74999999999999 106.75000000000001 -440.24999999999994 58.139120101928718 45.750000000000007
decision_type=2 2 2 2 2 2 2 2 2 2 2 2 2 2 2 2 2 2 2 2 2 2 2 2 2 2 2 2 2 2
left_child=3 2 -2 4 17 6 -3 11 9 -9 13 -8 -13 28 -6 -5 -11 18 24 20 21 -14 -21 -24 -1 -26 -22 -12 -7 -30
right_child=1 5 -4 15 14 10 7 8 -10 16 27 12 19 -15 -16 -17 -18 -19 -20 22 26 -23 23 -25 25 -27 -28 -29 29 -31
leaf_value=0.01269893542398009 1.9281087092864209 0.030958295883421763 0.2703670955570901 -0.024151043373383453 -0.070265247369657433 0.055222196795352521 -0.75378111661234992 2.4035093534377316 3.4375193240313693 1.4572046699523926 1.6338135943412782 2.3620651507377626 0.67420369258948742 -0.05490300691416744 -1.739860944394712 -0.14901773748879443 -0.61581468071256373 -0.52126336165888598 2.1106704879690099 -0.097817830288277535 1.5368676716631109 4.0550667143613097 2.552698584965297 0.36263118329179755 -2.6510345506668092 0.046873438060283663 -0.61495601207017903 0.012568032466742927 0.068403205368667841 2.927054621775945
leaf_weight=206572 39 95535 1571 158894 18465 73 79 31 29 25 25 20 28 27833 27 4903 49 247 27 483 22 20 21 308 20 20 40 75861 32 30
leaf_count=206572 39 95535 1571 158894 18465 73 79 31 29 25 25 20 28 27833 27 4903 49 247 27 483 22 20 21 308 20 20 40 75861 32 30
internal_value=-2.64779e-11 0.0168837 0.310524 -0.00877013 0.00512461 0.0145264 0.0346777 0.342327 1.34666 0.769181 -0.00423493 0.210515 0.291385 -0.0512759 -0.072703 -0.0278887 0.0845297 0.012081 0.0127186 0.246467 0.992654 2.0829 0.145383 0.502423 0.0124444 -1.30208 0.148594 0.0131021 0.696532 1.45162
internal_weight=591329 202154 1610 389175 225378 200544 96690 1155 134 105 103854 1021 942 27968 18492 163797 74 206886 206639 922 110 48 812 329 206612 40 62 75886 135 62
internal_count=591329 202154 1610 389175 225378 200544 96690 1155 134 105 103854 1021 942 27968 18492 163797 74 206886 206639 922 110 48 812 329 206612 40 62 75886 135 62
is_linear=0
shrinkage=0.05


Tree=90
num_leaves=31
num_cat=0
split_feature=288 289 66 260 243 276 268 276 81 281 282 28 253 208 201 26 30 288 283 288 205 275 271 39 8 185 247 127 219 241
split_gain=33885.1 41329 37552.7 33641.3 135344 78942.7 40659.8 35794.4 33801.6 32679 47426.3 182895 58252.2 52244.1 83684.1 65175.7 68513.7 54736.9 54518.8 40452.4 245679 32746.2 32112.3 58961.4 42357.3 31469.1 91797 57878.9 39449 33597.4
threshold=5.7500000000000009 -28.249999999999996 132.25000000000003 -230.74999999999997 134.53252410888675 -52.749999999999993 -258.24999999999994 -167.24999999999997 -977.54000854492176 9.7500000000000018 -214.24999999999997 16.750000000000004 123.75000000000001 48.504095077514656 66.987560272216811 52.142671585083015 -339.24999999999994 86.750000000000014 -1.2499999999999998 255.50000000000003 -43.249999999999993 -51.249999999999993 122.81138992309572 332.83000183105474 -481.74999999999994 -263.24999999999994 -129.74999999999997 179.25000000000003 -479.24999999999994 -354.24999999999994
decision_type=2 2 2 2 2 2 2 2 2 2 2 2 2 2 2 2 2 2 2 2 2 2 2 2 2 2 2 2 2 2
left_child=3 2 9 4 5 -1 8 22 -5 -2 11 12 13 -11 15 -15 -17 18 -16 21 -21 -12 23 24 -8 26 -4 -28 -27 -30
right_child=1 -3 25 6 -6 -7 7 -9 -10 10 19 -13 -14 14 17 16 -18 -19 -20 20 -22 -23 -24 -25 -26 28 27 -29 29 -31
leaf_value=-0.085973823537057806 0.027678452559840656 -0.00072203610178763833 -0.053898740331019004 -2.6234514270509997 4.501470055580139 2.9381666660308841 2.3444065111102881 -0.020526492222662059 -0.50666597626096499 -0.45887660659276525 0.18062730639557253 5.346388190984726 -2.0150430845177691 0.32491749342854903 2.7626679941018426 5.4104624599218374 1.4480076664686203 -0.88922427980988117 -0.55901302113419493 -1.3161685720468181 4.7022937997182215 0.055284247550162903 -0.82135137319564822 3.0592651449441912 0.22585742753771021 2.0467778402826062 1.0454455663050923 4.5671805933117868 -1.5104869404219485 -0.022529219103859008
leaf_weight=214 41048 338517 127 21 20 24 27 160664 185 78 7078 20 23 23 30 24 20 54 21 39 30 19752 37 25 187 23 28 20 38 22932
leaf_count=214 41048 338517 127 21 20 24 27 160664 185 78 7078 20 23 23 30 24 20 54 21 39 30 19752 37 25 187 23 28 20 38 22932
internal_value=5.12394e-13 0.00733365 0.0371668 -0.0195343 0.550957 0.218982 -0.0204477 -0.0195492 -0.722455 0.0558402 0.0983521 0.731046 0.392925 0.614459 1.1012 2.48186 3.60935 0.220216 1.39492 0.0914604 1.30055 0.0883509 0.549369 0.761573 0.493151 -0.0178346 0.65012 2.51284 -0.0229184 -0.0249908
internal_weight=591329 429925 91408 161404 258 238 161146 160940 206 68240 27192 293 273 250 172 67 44 105 51 26899 69 26830 276 239 214 23168 175 48 22993 22970
internal_count=591329 429925 91408 161404 258 238 161146 160940 206 68240 27192 293 273 250 172 67 44 105 51 26899 69 26830 276 239 214 23168 175 48 22993 22970
is_linear=0
shrinkage=0.05


Tree=91
num_leaves=31
num_cat=0
split_feature=289 288 288 201 166 264 260 87 281 268 276 81 271 39 8 280 159 33 5 239 197 166 5 110 4 233 68 243 134 292
split_gain=33042.3 35516.3 35425.2 65546.8 94724.3 34058.1 29986.5 123834 67393.9 37066.3 31903.6 30506 28981.3 53212.7 38227.5 27927.4 27237.8 27065.7 28249.7 27130.4 26837.8 25340 45265.8 40695.8 59363.8 38109.5 37913.8 35828.1 33712.5 43750.9
threshold=-2.7499999999999996 5.7500000000000009 128.75000000000003 47.332620620727546 43.382759094238288 38.76646804809571 -230.74999999999997 -704.74999999999989 13.250000000000002 -258.24999999999994 -167.24999999999997 -977.54000854492176 122.81138992309572 332.83000183105474 -481.74999999999994 -214.24999999999997 83.875862121582045 72.010410308837905 76.648941040039077 -80.249999999999986 -445.74999999999994 21.286314964294437 28.203718185424808 38.978326797485359 1079.497497558594 -440.74999999999994 36.840106964111335 29.596020698547367 706.75000000000011 94.875846862792983
decision_type=2 2 2 2 2 2 2 2 2 2 2 2 2 2 2 2 2 2 2 2 2 2 2 2 2 2 2 2 2 2
left_child=1 6 16 4 5 -4 7 -1 -9 11 12 -8 13 14 -11 -16 -2 19 -19 -5 -13 -3 28 24 25 27 -26 -24 -23 -30
right_child=2 21 3 17 -6 -7 9 8 -10 10 -12 20 -14 -15 15 -17 -18 18 -20 -21 -22 22 23 -25 26 -27 -28 -29 29 -31
leaf_value=3.2884261022295274 -0.025916832089420638 0.050487318669210815 1.8030181790997344 -1.4653323440979689 3.7599067552884424 0.038062526540058421 -2.4922788986137938 -0.23317461519369057 2.4313690026601158 2.2271861738628811 -0.016160202000758593 1.2484209120273591 -0.78028380290882016 2.9063018841743471 1.4245089322328568 -0.094011868696484799 -0.19010107498170364 1.9103541765610377 0.26810674357580616 -0.05710479174506107 -0.69099977971026394 -0.03097941706632722 2.6722557651996617 0.0058309442883189835 0.43751207858324054 0.047701409015166021 3.5162215042114258 0.47581832192579293 0.018844851705112631 3.0807395637035371
leaf_weight=35 86589 41439 41 39 30 82 21 196 27 27 151221 20 37 25 38 149 2602 30 206 278 165 60455 20 179458 20 67752 20 259 28 20
leaf_count=35 86589 41439 41 39 30 82 21 196 27 27 151221 20 37 25 38 149 2602 30 206 278 165 60455 20 179458 20 67752 20 259 28 20
internal_value=-8.3138e-12 0.00500446 -0.0279141 0.324872 1.2408 0.626381 -0.0151754 0.52341 0.0894383 -0.0160913 -0.01518 -0.686332 0.521901 0.723494 0.468493 0.214565 -0.0307066 0.0714603 0.476867 -0.230357 -0.481333 0.0137793 0.00884101 0.0183172 0.0512351 0.0501029 1.97687 0.633269 -0.0299277 1.29463
internal_weight=591329 501432 89897 706 153 123 151961 258 223 151703 151497 206 276 239 214 187 89191 553 236 317 185 349471 308032 247529 68071 68031 40 279 60503 48
internal_count=591329 501432 89897 706 153 123 151961 258 223 151703 151497 206 276 239 214 187 89191 553 236 317 185 349471 308032 247529 68071 68031 40 279 60503 48
is_linear=0
shrinkage=0.05


Tree=92
num_leaves=31
num_cat=0
split_feature=281 282 201 25 154 211 5 194 288 5 289 47 67 172 250 222 276 268 281 173 204 78 266 261 130 173 12 282 275 157
split_gain=31988.1 33237.5 58051.2 38780.8 38378.6 30294.1 28996.8 37931.3 45214 35386.5 33596.7 286334 71002.7 65019.8 53647.5 165506 33098.8 43185.1 54008 59611 34917.4 32199.8 30162.4 46644.2 77196.4 105847 52764.3 29568.9 50862.2 28169.5
threshold=70.250000000000014 -35.249999999999993 72.888679504394545 116.55749893188478 622.75000000000011 351.75000000000006 21.437604904174808 32.230194091796882 237.50000000000003 52.839096069335945 -114.74999999999999 53.152227401733406 -649.15499877929676 -440.83999633789057 64.514476776123061 62.899812698364265 19.750000000000004 240.25000000000003 215.75000000000003 77.711261749267592 585.75000000000011 87.750000000000014 -278.74999999999994 -345.24999999999994 -468.60249328613276 52.539098739624031 42.186502456665046 -106.24999999999999 -173.74999999999997 -396.24999999999994
decision_type=2 2 2 2 2 2 2 2 2 2 2 2 2 2 2 2 2 2 2 2 2 2 2 2 2 2 2 2 2 2
left_child=1 3 -3 4 5 -1 -2 8 27 22 11 -11 -13 -14 -15 -16 21 18 19 -18 -21 -17 23 24 26 -26 -9 28 -8 -5
right_child=6 2 -4 29 -6 -7 7 9 -10 10 -12 12 13 14 15 16 17 -19 -20 20 -22 -23 -24 -25 25 -27 -28 -29 -30 -31
leaf_value=0.034011357139696795 -0.10464248220431682 -0.0072185125284092797 -0.10342523312628955 -0.62005649460148693 1.6217852551294003 -0.4480003496375653 -0.32387171517247743 1.7314402525002759 1.9455512344837189 6.2022904486883261 0.066293873331048345 -1.5091076164864576 3.037401407957077 -0.80228366992052857 5.0148282337188723 0.5254908281564713 2.4529332272934194 -0.69785714653822095 3.3244578025170735 -0.48791723221540456 1.6865718007087709 -2.1909613440434139 -0.019373611454046261 -0.83125922820147347 5.5528830814361569 0.52705523209138361 -1.4906497178254305 0.15426907859298933 2.9039915640766805 -0.02077179717248992
leaf_weight=103892 3371 375530 16363 197 38 327 23 24 36 21 22969 52 23 85 20 20 33 52 21 80 24 24 20845 34 20 22 27 4731 26 42399
leaf_count=103892 3371 375530 16363 197 38 327 23 24 36 21 22969 52 23 85 20 20 33 52 21 80 24 24 20845 34 20 22 27 4731 26 42399
internal_value=1.97768e-11 -0.00363312 -0.0112355 0.0166546 0.0330783 0.032499 0.0372236 0.0469414 0.18022 0.0324835 0.0747218 0.500176 0.224267 0.460224 0.295112 0.635546 0.29072 0.551982 0.963321 0.601395 0.0138879 -0.95621 -0.0146932 0.75352 1.3329 2.92031 0.0256279 0.166925 1.38887 -0.0235434
internal_weight=591329 538746 391893 146853 104257 104219 52583 49212 4816 44396 23424 455 434 382 359 274 254 210 158 137 104 44 20972 127 93 42 51 4780 49 42596
internal_count=591329 538746 391893 146853 104257 104219 52583 49212 4816 44396 23424 455 434 382 359 274 254 210 158 137 104 44 20972 127 93 42 51 4780 49 42596
is_linear=0
shrinkage=0.05


Tree=93
num_leaves=31
num_cat=0
split_feature=274 273 149 73 287 229 281 278 275 172 253 4 274 211 168 194 5 288 236 182 273 267 282 271 269 267 145 266 100 273
split_gain=30573.1 47997.1 38398.9 151196 35591.2 75739.8 80308.4 43251 35182.4 42016.6 37173.5 36628.2 77899.3 35357.5 31899.3 29232.7 36319.6 35166.8 119397 28454 28201.2 30966.8 46518.4 71736.7 80862.6 45744.9 37014.4 27602.7 27526.7 26391.6
threshold=29.250000000000004 -75.749999999999986 235.75000000000003 332.75000000000006 127.75000000000001 88.674983978271499 201.25000000000003 86.703907012939467 -20.749999999999996 186.01999664306643 -167.74999999999997 753.82000732421886 -157.24999999999997 351.75000000000006 491.75000000000006 32.837211608886726 32.719823837280281 237.50000000000003 29.424344062805179 -360.74999999999994 1.7500000000000002 52.750000000000007 -53.249999999999993 156.22117614746097 -19.749999999999996 57.750000000000007 32.556272506713874 -166.24999999999997 214.25000000000003 -9.7499999999999982
decision_type=2 2 2 2 2 2 2 2 2 2 2 2 2 2 2 2 2 2 2 2 2 2 2 2 2 2 2 2 2 2
left_child=4 2 -2 -4 8 7 -7 -6 9 13 11 19 -13 14 -1 17 27 -3 -19 -11 21 -18 23 25 -25 -23 -24 -17 -14 -27
right_child=1 15 3 -5 5 6 -8 -9 -10 10 -12 12 28 -15 -16 16 20 18 -20 -21 -22 22 26 24 -26 29 -28 -29 -30 -31
leaf_value=0.013968382436286057 0.22091815377522175 0.042841196552386905 5.1208304345607765 0.32416277444597497 -0.70171802237976433 -0.47063036088062371 -4.7472765161877595 2.1127029970288276 -0.02557594840466872 -2.387456737114833 -0.043009903680361714 2.3739375883533107 0.081152003062398823 -0.65770713253592961 1.876151142982037 1.5181100855980603 0.051662906960982496 -1.1757020808401561 4.1560744035811652 -0.65500486798362056 0.0046791379286244932 2.561932722091675 2.1812996723435143 4.464195587084844 0.29265396027337937 -0.049077654271020316 0.11464240092387082 -0.052592695734742449 -2.1744990644000826 0.9176642964793067
leaf_weight=194006 1498 56895 20 92 43 23 21 20 163797 26 30662 31 38 196 23 28 11823 21 21 268 103191 25 22 26 21 178 1426 26750 21 117
leaf_count=194006 1498 56895 20 92 43 23 21 20 163797 26 30662 31 38 196 23 28 11823 21 21 268 103191 25 22 26 21 178 1426 26750 21 117
internal_value=-5.84442e-11 0.0157745 0.287686 1.18071 -0.00819396 -0.919973 -2.51176 0.191749 -0.0079432 0.00487776 -0.0491327 -0.538031 0.344571 0.0135111 0.0141891 0.0135916 0.00157145 0.0439088 1.49019 -0.808215 0.0136098 0.081183 0.273478 0.776278 2.60032 0.508373 0.146042 -0.0509503 -0.721707 0.334342
internal_weight=591329 202154 1610 112 389175 107 44 63 389068 225271 31046 384 90 194225 194029 200544 143607 56937 42 294 116829 13638 1815 367 47 320 1448 26778 59 295
internal_count=591329 202154 1610 112 389175 107 44 63 389068 225271 31046 384 90 194225 194029 200544 143607 56937 42 294 116829 13638 1815 367 47 320 1448 26778 59 295
is_linear=0
shrinkage=0.05


Tree=94
num_leaves=31
num_cat=0
split_feature=281 289 41 253 243 204 268 75 283 176 134 289 201 250 173 11 188 282 22 261 9 282 50 247 275 22 260 266 274 282
split_gain=29077.1 30377.3 33533.5 33401.6 86768.8 44881.3 29658.6 76646.8 89788.2 45338.9 47150.2 42153.8 54471.9 46727.8 37427.2 53942 39688.4 36507.4 29659.7 46792.9 99455 29392.8 28886.1 129689 35879.2 28482.4 31240.5 27838.5 31997 26470.8
threshold=50.250000000000007 -2.2499999999999996 238.21281433105472 425.50000000000006 134.53252410888675 479.00000000000006 -326.99999999999994 77.710350036621108 -78.749999999999986 -261.74999999999994 -129.24999999999997 -92.249999999999986 79.990512847900405 85.160259246826186 60.437063217163093 -74.25500106811522 -469.47758483886713 -96.249999999999986 -275.74999999999994 216.25000000000003 -866.24999999999989 -188.24999999999997 -373.74999999999994 -224.24999999999997 -24.749999999999996 -763.24999999999989 141.25000000000003 260.25000000000006 275.25000000000006 6.2500000000000009
decision_type=2 2 2 2 2 2 2 2 2 2 2 2 2 2 2 2 2 2 2 2 2 2 2 2 2 2 2 2 2 2
left_child=1 2 -1 -4 5 -5 7 8 -2 -9 -11 13 14 -10 15 16 -13 -14 19 25 -21 -7 23 -20 -25 26 -8 28 -28 -24
right_child=6 -3 3 4 -6 21 18 9 11 10 -12 12 17 -15 -16 -17 -18 -19 22 20 -22 -23 29 24 -26 -27 27 -29 -30 -31
leaf_value=0.0036474326348865864 3.5821279525756839 -0.037617849976526729 -0.053917100288868008 1.5968932631047998 3.7825201708078384 -2.1767830502986909 -0.54919872375020773 -1.1171334585249424 0.66344855473591735 2.6051152515411378 -0.3941776338376497 1.4130255156258744 3.923908641663465 -2.5076540797948841 -0.83032223835587515 3.0637199675043423 -0.35745267379862161 0.97230153083801274 4.479412041306496 4.0021180564706977 -0.044601325356230445 0.097800376281446347 0.067370314401344097 1.441341826575143 -0.48551487936041299 -0.047763337955989249 0.11171159298796403 -1.5575076447291809 2.2142433053255082 0.0098751712403911847
leaf_weight=403473 28 61929 30565 37 20 20 596 100 26 20 38 60 22 21 40 24 67 20 20 22 49 49 31411 35 78 7128 190 22 20 55199
leaf_count=403473 28 61929 30565 37 20 20 596 100 26 20 38 60 22 21 40 24 67 20 20 22 49 49 31411 35 78 7128 190 22 20 55199
internal_value=2.70357e-11 -0.00485792 -0.000185054 -0.0505681 0.761841 0.191902 0.0253053 0.423217 0.882497 -0.472087 0.640061 0.612534 0.888071 -0.753427 0.529574 0.889811 0.478994 2.51838 0.0233487 -0.0686027 1.20931 -0.561499 0.0318577 0.768158 0.111299 -0.0800069 -0.357582 0.134676 0.311953 0.030727
internal_weight=591329 496093 434164 30691 126 106 95236 466 308 158 58 280 233 47 191 151 127 42 94770 8027 71 69 86743 133 113 7956 828 232 210 86610
internal_count=591329 496093 434164 30691 126 106 95236 466 308 158 58 280 233 47 191 151 127 42 94770 8027 71 69 86743 133 113 7956 828 232 210 86610
is_linear=0
shrinkage=0.05


Tree=95
num_leaves=31
num_cat=0
split_feature=282 281 281 282 288 171 171 241 292 171 276 194 259 247 288 239 170 152 257 287 208 6 131 281 283 152 75 288 64 59
split_gain=28526.8 32737.6 30321.6 32751.9 31478.1 45803.5 64033.7 80524.3 42932.2 30331.4 44557.5 29830.3 32843.6 139237 61426.4 30354.3 45494.3 39866.3 30109.4 29564 83490.4 51840.8 34782.5 34559.9 58271.2 59479.7 58966.7 48637.9 38400.4 28421.1
threshold=-80.749999999999986 -15.749999999999998 11.750000000000002 -1.7499999999999998 77.750000000000014 -20.749999999999996 19.250000000000004 -115.74999999999999 58.422607421875007 594.25000000000011 -28.749999999999996 57.71226882934571 -203.74999999999997 -208.74999999999997 6.7500000000000009 473.75000000000006 122.75000000000001 64.646995544433608 123.09542846679689 127.75000000000001 69.730205535888686 -93.553028106689439 46.78480529785157 190.25000000000003 -36.749999999999993 86.926422119140639 69.675243377685561 123.25000000000001 95.250000000000014 320.75000000000006
decision_type=2 2 2 2 2 2 2 2 2 2 2 2 2 2 2 2 2 2 2 2 2 2 2 2 2 2 2 2 2 2
left_child=1 -1 9 4 11 -6 7 -7 -9 -2 -11 12 13 14 -4 -13 -17 -18 -14 23 22 -22 -21 -3 28 26 27 -26 -25 -30
right_child=2 19 3 -5 5 6 -8 8 -10 10 -12 15 18 -15 -16 16 17 -19 -20 20 21 -23 -24 24 25 -27 -28 -29 29 -31
leaf_value=0.0072032194822696342 -0.016506010422073628 0.099884399931242041 2.5498671072500727 -0.0090653052617435358 -0.0055189042667129398 3.906695397377014 0.2601152673421851 2.2843709010826916 0.33266171085725138 -0.30832731842994693 3.0292435330152512 -0.01971011799050322 0.031860154640781506 4.2647447991306366 0.072107979983967896 2.9023253304617747 2.0209091453552248 -0.32359771981383817 -1.1076423212885858 -0.51865543751489551 -0.81547888897119025 -4.0329665456499368 2.3948628973960875 1.4216980901257745 0.4108983322101481 3.2798676855423872 -1.5665792331099511 3.4280738678845495 -2.3350122427940372 -0.12294356508075066
leaf_weight=24445 239527 13353 27 154361 1638 25 1377 38 109 20 20 39538 116013 23 340 21 25 66 58 21 31 21 20 29 34 34 20 22 20 53
leaf_count=24445 239527 13353 27 154361 1638 25 1377 38 109 20 20 39538 116013 23 340 21 25 66 58 21 31 21 20 29 34 34 20 22 20 53
internal_value=8.49993e-11 0.041846 -0.00288211 0.00734798 0.0232526 0.178812 0.373733 1.28333 0.837185 -0.0162761 1.36046 0.0200768 0.0328299 0.490903 0.254395 -0.0173817 0.80459 0.320498 0.0312908 0.103849 -0.784588 -2.11485 0.902573 0.10994 0.743326 1.54156 0.763902 1.59622 -0.11752 -0.72899
internal_weight=591329 38103 553226 313659 159298 3187 1549 172 147 239567 40 156111 116461 390 367 39650 112 91 116071 13658 93 52 41 13565 212 110 76 56 102 73
internal_count=591329 38103 553226 313659 159298 3187 1549 172 147 239567 40 156111 116461 390 367 39650 112 91 116071 13658 93 52 41 13565 212 110 76 56 102 73
is_linear=0
shrinkage=0.05


Tree=96
num_leaves=31
num_cat=0
split_feature=288 103 287 283 105 286 19 15 19 271 15 248 287 246 282 173 267 243 40 262 289 124 271 201 288 34 254 274 68 5
split_gain=26950.9 35373.8 34298.8 33171.2 31072.7 89866.8 180707 70643.4 32447.9 47794.2 34569.9 63342 48082.9 62538.4 33371 41731.1 28360 28340.1 38750.5 38595.4 28070.8 27396 34364.9 127151 72280.4 65191.9 64458.2 39996 38201.5 29663.7
threshold=48.250000000000007 156.87112426757815 18.250000000000004 22.250000000000004 -359.24999999999994 -323.06172180175776 54.586530685424812 -770.24999999999989 135.41022491455081 156.22117614746097 451.25000000000006 -79.749999999999986 -69.249999999999986 293.75000000000006 -71.749999999999986 134.39924621582034 269.25000000000006 31.828079223632816 28.775141716003422 -218.24999999999997 -2.7499999999999996 43.38592720031739 156.22117614746097 61.933803558349616 0.75000000000000011 792.08889770507824 -198.24999999999997 76.250000000000014 55.738130569458015 73.796497344970717
decision_type=2 2 2 2 2 2 2 2 2 2 2 2 2 2 2 2 2 2 2 2 2 2 2 2 2 2 2 2 2 2
left_child=1 20 3 4 -2 6 -6 -7 9 -9 -10 -12 -13 -14 -11 -16 -3 -4 19 -19 21 -1 -23 -24 -25 28 -27 -28 -26 -30
right_child=2 16 17 -5 5 7 -8 8 10 14 11 12 13 -15 15 -17 -18 18 -20 -21 -22 22 23 24 25 26 27 -29 29 -31
leaf_value=0.011271547017699659 -0.088753461371098019 -0.29616581936611514 0.12706145680700451 1.8643380176137996 4.9437234180754634 2.7871174046993259 -0.29715476036071781 0.1246590528214831 0.17860300084690992 -1.191048638841026 3.5960701445738472 -1.3904143197195871 0.28216685421612797 3.3553689632415771 -0.84857442831170971 2.120247791707516 1.4042420082390308 1.7605301263155759 0.018850245759574773 -0.13470486965360171 -0.031003419187170866 -0.015448747213676922 4.1881935687292193 2.65745757941542 -1.1873764431959875 3.6829771583730526 -0.87604694584650655 1.6144109211469955 0.56840913619684141 -0.33000909697229619
leaf_weight=283839 1661 1280 5019 27 29 25 38 8223 162 117 24 21 49 25 29 20 25 27 39373 5281 76334 169114 21 29 74 22 28 38 161 214
leaf_count=283839 1661 1280 5019 27 29 25 38 8223 162 117 24 21 49 25 29 20 25 27 39373 5281 76334 169114 21 29 74 22 28 38 161 214
internal_value=1.84136e-12 -0.00359202 0.0317208 0.114061 0.109527 0.147115 1.97129 0.133059 0.125406 0.107702 0.653918 1.30099 0.721176 1.32041 -0.732267 0.36319 -0.263591 0.0144078 0.00175351 -0.125064 -0.00295169 0.00176962 -0.0141231 0.367782 0.226036 0.0947297 1.33913 0.557853 -0.149162 0.0557118
internal_weight=591329 531179 60150 10450 10423 8762 67 8695 8670 8389 281 119 95 74 166 49 1305 49700 44681 5308 529874 453540 169701 587 566 537 88 66 449 375
internal_count=591329 531179 60150 10450 10423 8762 67 8695 8670 8389 281 119 95 74 166 49 1305 49700 44681 5308 529874 453540 169701 587 566 537 88 66 449 375
is_linear=0
shrinkage=0.05


Tree=97
num_leaves=31
num_cat=0
split_feature=288 282 15 261 159 274 287 54 215 254 124 159 288 229 166 194 281 54 275 111 30 236 289 64 281 206 246 234 110 82
split_gain=26788.4 33842.6 33891.9 39048.9 58882 32336 37894.9 96897.6 35305.6 34982.7 69257.5 139520 40164.8 37236.2 59777.4 47423.6 31204.2 68250 66839 38047.2 103326 29923.4 29370 26636.3 28750.1 50452.9 27503.1 36710.7 29774.9 26279.5
threshold=8.2500000000000018 -42.749999999999993 -233.24999999999997 216.25000000000003 123.34856033325197 7.2500000000000009 127.75000000000001 87.145713806152358 66.974601745605483 -363.74999999999994 75.606765747070327 64.649475097656264 104.75000000000001 78.700637817382827 53.230072021484382 40.336154937744148 134.25000000000003 76.616245269775405 -130.24999999999997 228.8861999511719 -89.749999999999986 134.3437423706055 -248.74999999999997 128.75000000000003 190.25000000000003 -363.99999999999994 -186.74999999999997 -294.24999999999994 41.247243881225593 66.961620330810561
decision_type=2 2 2 2 2 2 2 2 2 2 2 2 2 2 2 2 2 2 2 2 2 2 2 2 2 2 2 2 2 2
left_child=-1 5 3 -3 -5 6 23 8 -8 10 11 12 13 14 15 -7 -11 29 -19 20 21 -20 -4 24 -2 -26 28 -28 -25 -18
right_child=1 2 22 4 -6 9 7 -9 -10 16 -12 -13 -14 -15 -16 -17 17 18 19 -21 -22 -23 -24 26 25 -27 27 -29 -30 -31
leaf_value=-0.014293443151702357 0.036075636004463271 -0.067275364769894153 1.9211265039444063 -0.051341406719104671 3.1286034385363264 1.873492908206853 1.2126831493207388 -4.0859812903404231 -1.4311498787092125 0.073722173610850081 -0.25533493301574739 3.9721700233382151 -1.3224831918875377 -1.0913377189636231 3.5890656948089603 -0.39906056729766232 0.24332791911665261 3.9403021548688417 1.4282074681034795 0.16075185982698806 3.7388910579681394 -0.92580520002930256 0.0050103294840237542 1.2690658700466155 -0.45549769973754883 2.6095763964128906 1.5092746206020056 -0.047993392942082026 -0.74443220985122027 -0.85715002335034896
leaf_weight=210894 39641 19239 20 37 24 44 28 20 23 18809 138 37 24 20 22 48 328 20 27 89 35 27 292070 20 25 29 38 9264 224 65
leaf_count=210894 39641 19239 20 37 24 44 28 20 23 18809 138 37 24 20 22 48 328 20 27 89 35 27 292070 20 25 29 38 9264 224 65
internal_value=8.84771e-11 0.00792357 0.000901331 -0.0632707 1.19978 0.0395935 0.017948 -1.13635 0.0203663 0.0936848 0.60182 1.20842 0.561214 0.898593 1.2477 0.687813 0.0849627 0.4427 1.19969 0.891758 1.62276 0.251201 0.00514153 0.0196124 0.0376462 1.19056 -0.0553771 -0.0416317 -0.579391 0.061315
internal_weight=591329 380435 311390 19300 61 69045 49312 71 51 19733 333 195 158 134 114 92 19400 591 198 178 89 54 292090 49241 39695 54 9546 9302 244 393
internal_count=591329 380435 311390 19300 61 69045 49312 71 51 19733 333 195 158 134 114 92 19400 591 198 178 89 54 292090 49241 39695 54 9546 9302 244 393
is_linear=0
shrinkage=0.05


Tree=98
num_leaves=31
num_cat=0
split_feature=289 281 276 288 274 4 263 82 58 243 281 121 50 191 208 240 275 262 269 282 117 177 205 251 246 211 150 157 176 288
split_gain=25135.7 30167 47661.3 113461 98582.6 42476.4 50191.9 38723.6 53419.1 67013.7 32025.2 31887.2 41359 37714.7 55693.7 53377.9 37048.5 30878.6 63954.9 39018.1 35568.5 41016.9 33766.5 45799.9 31170.6 45622.9 62117.4 53641.9 63945.5 34840.2
threshold=-87.749999999999986 -27.749999999999996 -167.24999999999997 2.7500000000000004 -18.249999999999996 -853.21749877929676 -760.51248168945301 101.92916107177736 -16.749999999999996 97.862754821777358 49.750000000000007 -691.24999999999989 -716.74999999999989 -552.24999999999989 71.252353668212905 -416.74999999999994 -108.74999999999999 196.25000000000003 234.75000000000003 -214.24999999999997 115.95445632934572 237.75000000000003 -43.249999999999993 102.07839965820314 -148.74999999999997 -209.24999999999997 -306.24999999999994 -158.74999999999997 -225.74999999999997 17.750000000000004
decision_type=2 2 2 2 2 2 2 2 2 2 2 2 2 2 2 2 2 2 2 2 2 2 2 2 2 2 2 2 2 2
left_child=1 -1 3 -3 7 10 -7 8 9 -5 -4 12 16 14 -13 -16 -8 18 24 -19 22 -22 -21 -24 25 26 -15 28 -28 -26
right_child=-2 2 5 4 -6 6 11 -9 -10 -11 -12 13 -14 17 15 -17 -18 19 -20 20 21 -23 23 -25 29 -27 27 -29 -30 -31
leaf_value=0.010475490466598573 -0.0015856853764082898 3.8914717727237278 -0.064653034675756157 0.18026403659688575 3.7367889557565963 2.3554924446802872 1.6146584324214768 -1.2142275864169711 -1.948044842556119 2.5868371965029304 -1.1971110254375623 -0.70384253710508349 -2.0333921917959263 -0.50516277725046332 3.8666468467712409 0.63086600853846631 -1.2233026452686477 -1.9147784979112688 2.6752300886007454 -1.8507065985471973 2.8497592383623123 0.2239099493764084 2.0801766102964225 -0.2609997182580584 0.095371489797862072 -0.88429876688867814 0.86299629451500059 -0.76453967717560856 4.3347710087895397 0.42176282537161214
leaf_weight=8654 577661 27 169 112 21 26 23 42 20 39 99 24 38 110 25 26 23 31 26 31 20 58 22 414 1931 160 36 22 21 1418
leaf_count=8654 577661 27 169 112 21 26 23 42 20 39 99 24 38 110 25 26 23 31 26 31 20 58 22 414 1931 160 36 22 21 1418
internal_value=-3.20104e-11 0.067017 0.164606 0.822452 0.468335 0.128482 0.16502 0.146093 0.480207 0.801829 -0.482986 0.152247 -0.812711 0.170775 1.28235 2.21703 0.195678 0.151387 0.204082 -0.189302 -0.0911559 0.897205 -0.256235 -0.142867 0.186708 -0.262973 0.263017 1.33264 2.14207 0.233569
internal_weight=591329 13668 5014 261 234 4753 4485 213 171 151 268 4459 84 4375 75 51 46 4300 3724 576 545 78 467 436 3698 349 189 79 57 3349
internal_count=591329 13668 5014 261 234 4753 4485 213 171 151 268 4459 84 4375 75 51 46 4300 3724 576 545 78 467 436 3698 349 189 79 57 3349
is_linear=0
shrinkage=0.05


Tree=99
num_leaves=31
num_cat=0
split_feature=274 273 100 202 72 136 41 275 211 175 136 166 241 240 262 253 127 281 275 194 5 288 236 273 267 282 271 0 267 145
split_gain=25028.1 39948.7 34761 150912 31071.9 51496 29959.9 38634.5 33174.3 44771.9 29746.1 28934.2 27830.1 34260.8 70298.2 37658.8 33576.5 27981.1 27221.9 26284 31894.7 31437.3 108222 25497.9 27170.5 40261.7 61262.8 76380.5 41362.4 33292.6
threshold=29.250000000000004 -75.749999999999986 91.250000000000014 49.421915054321296 220.25000000000003 198.75000000000003 238.21281433105472 -43.249999999999993 351.75000000000006 476.25000000000006 530.75000000000011 79.935745239257827 -354.24999999999994 -331.74999999999994 -278.74999999999994 -70.749999999999986 51.250000000000007 167.75000000000003 -118.24999999999999 32.837211608886726 32.719823837280281 237.50000000000003 29.424344062805179 1.7500000000000002 52.750000000000007 -53.249999999999993 156.22117614746097 249.25000000000003 57.750000000000007 32.556272506713874
decision_type=2 2 2 2 2 2 2 2 2 2 2 2 2 2 2 2 2 2 2 2 2 2 2 2 2 2 2 2 2 2
left_child=6 2 -2 -4 5 -5 7 8 9 -1 -6 -9 16 14 -14 -16 -8 -15 -12 21 -21 -3 -23 24 -22 26 28 -28 -26 -27
right_child=1 19 3 4 10 -7 12 11 -10 -11 18 -13 13 17 15 -17 -18 -19 -20 20 23 22 -24 -25 25 29 27 -29 -30 -31
leaf_value=0.02079483008110506 0.16942640117850016 0.040019116543854365 4.9862780225276957 0.24506260175257921 -0.54257466422224587 3.1746810923020048 -2.3635678250214149 -0.013038383520790623 -0.57982907022551999 2.0958779779871786 2.0187665075063705 -0.1641597179668747 3.324836733124473 -0.06450599127272183 -0.32347422897815709 1.8361019964571352 -0.10447464585304261 -1.6461533484714375 -0.33153448159044441 -0.048335248181804624 0.048765847950496821 -1.1296013026010423 3.9465345893587385 0.0036725811964636195 2.4294446501731874 2.0682073441418733 4.4689227923103001 0.43673484126726791 0.31124595722594001 0.10820425994051582
leaf_weight=114114 1388 56895 20 40 88 24 29 250142 230 26 28 3208 22 21231 80 27 38 28 22 26778 11823 21 21 103191 25 22 23 24 295 1426
leaf_count=114114 1388 56895 20 40 88 24 29 250142 230 26 28 3208 22 21231 80 27 38 28 22 26778 11823 21 21 103191 25 22 23 24 295 1426
internal_value=1.10937e-10 0.0142725 0.262341 0.843268 0.433069 1.34367 -0.00741375 -0.00406276 0.0200587 0.0212675 0.0107618 -0.0149519 -0.0648469 -0.0616596 0.750723 0.221466 -1.08229 -0.0665892 0.984634 0.012281 0.000883209 0.0410286 1.40847 0.0121644 0.0764173 0.25654 0.724307 2.40993 0.47673 0.137983
internal_weight=591329 202154 1610 222 202 64 389175 367720 114370 114140 138 253350 21455 21388 129 107 67 21259 50 200544 143607 56937 42 116829 13638 1815 367 47 320 1448
internal_count=591329 202154 1610 222 202 64 389175 367720 114370 114140 138 253350 21455 21388 129 107 67 21259 50 200544 143607 56937 42 116829 13638 1815 367 47 320 1448
is_linear=0
shrinkage=0.05


Tree=100
num_leaves=31
num_cat=0
split_feature=281 288 221 286 144 206 144 11 273 201 23 263 191 6 4 229 288 204 141 252 276 267 251 106 9 274 85 37 66 261
split_gain=24345.2 34515.9 53806.9 115621 54240.2 56347.4 33384.8 33156.4 45860.6 110674 48410.1 43528.8 34396.7 31726.8 30810.4 89011.8 32710.9 32355.7 30651.4 28713.7 64339.7 79065 39821.7 63840.7 27974.8 34019.4 48397.6 95040 28961.6 37108.4
threshold=106.75000000000001 107.75000000000001 -306.56748962402338 -323.06172180175776 -239.21500396728513 44.250000000000007 -258.02249145507807 748.79251098632824 -33.749999999999993 156.20999145507815 785.75000000000011 751.78250122070324 -383.24999999999994 -363.59475708007807 -1052.2349853515623 115.64664840698244 138.25000000000003 -325.24999999999994 -380.74999999999994 1.2500000000000002 -69.249999999999986 125.25000000000001 20.598250389099125 -26.749999999999996 -90.749999999999986 196.25000000000003 262.25000000000006 225.25000000000003 476.75000000000006 106.25000000000001
decision_type=2 2 2 2 2 2 2 2 2 2 2 2 2 2 2 2 2 2 2 2 2 2 2 2 2 2 2 2 2 2
left_child=1 -1 13 -4 5 6 -5 11 9 10 -9 -2 -10 14 15 -3 -17 18 -16 -6 21 -21 23 -22 -14 -26 27 -27 -28 -30
right_child=7 2 3 4 19 -7 -8 8 12 -11 -12 -13 24 -15 17 16 -18 -19 -20 20 22 -23 -24 -25 25 26 28 -29 29 -31
leaf_value=-0.0025298351664584159 0.037856037171369011 -3.5341736337412963 3.6093940179262844 0.12769940191385698 -0.053791461820077852 3.8587647911906249 2.4722749474373735 3.7409424383092573 2.1244477839573572 -1.0199443113058806 0.81982716788416321 -2.0094173651475176 -1.2209134994234359 -1.213229026601595 0.39388673993630141 -0.90228392327273343 1.7288660883903504 -0.32100965594634034 2.3473082124876483 4.184649373054504 0.061609087458678657 0.02303962934584845 0.080436732815135095 3.0003931848388734 -0.033756031201793386 0.36505588097007657 -0.42237802608007641 4.6232997012138375 -0.45225584986417194 0.64214281945204255
leaf_weight=569677 18539 23 28 49 442 20 22 37 23 32 23 26 35 68 123 27 21 156 24 25 42 21 336 33 729 38 108 20 92 490
leaf_count=569677 18539 23 28 49 442 20 22 37 23 32 23 26 35 68 123 27 21 156 24 25 42 21 336 33 729 38 108 20 92 490
internal_value=1.02506e-11 -0.00190758 0.240892 0.440901 0.351287 1.51453 0.854188 0.0539564 0.270386 1.3547 2.62118 0.0349889 0.205398 -0.219763 -0.0391324 -0.97664 0.248844 0.180548 0.712813 0.233539 0.511438 2.28478 0.312962 1.35467 0.176206 0.209313 0.446208 1.83342 0.329602 0.469145
internal_weight=591329 571137 1460 1018 990 91 71 20192 1627 92 60 18565 1535 442 374 71 48 303 147 899 457 46 411 75 1512 1477 748 58 690 582
internal_count=591329 571137 1460 1018 990 91 71 20192 1627 92 60 18565 1535 442 374 71 48 303 147 899 457 46 411 75 1512 1477 748 58 690 582
is_linear=0
shrinkage=0.05


Tree=101
num_leaves=31
num_cat=0
split_feature=289 159 281 159 173 281 227 121 117 262 11 242 187 267 239 154 24 170 271 254 257 191 281 117 152 0 110 26 187 269
split_gain=23633.4 34006.8 36173.8 47365.3 35752.4 32269.6 35210.2 87404.9 76515.8 50176.1 45166.2 69594.1 90110.4 39776.7 43936.8 35840.4 51430 39332.5 35053 33709 58164.4 28274 26887.2 34264.3 78301.3 26763.1 26538.5 47372.2 50491.2 32763.8
threshold=-11.249999999999998 83.875862121582045 174.75000000000003 81.169364929199233 98.249843597412124 -6.7499999999999991 -402.24999999999994 131.75000000000003 156.95742034912112 196.25000000000003 -561.67001342773426 -514.32751464843739 88.600662231445327 73.750000000000014 -104.24999999999999 -363.24999999999994 -357.24999999999994 -416.24999999999994 98.072349548339858 -363.74999999999994 69.53562164306642 37.750000000000007 10.750000000000002 73.808315277099624 70.489837646484389 108.75000000000001 61.867040634155281 52.828338623046882 53.951786041259773 -102.24999999999999
decision_type=2 2 2 2 2 2 2 2 2 2 2 2 2 2 2 2 2 2 2 2 2 2 2 2 2 2 2 2 2 2
left_child=5 2 4 -4 21 -1 7 8 9 10 13 12 19 14 22 18 -17 -18 -13 20 -12 -2 -7 24 26 -6 27 29 -29 -24
right_child=1 -3 3 -5 25 6 -8 -9 -10 -11 11 15 -14 -15 -16 16 17 -19 -20 -21 -22 -23 23 -25 -26 -27 -28 28 -30 -31
leaf_value=-0.015238222218522579 -0.018204123669513562 -0.11141171879288872 0.23658577234693925 2.3601842999044393 0.26934694310893187 -1.0023978519439698 0.017810639349527368 3.3502917050019558 -1.3757546432208325 2.7066811865026299 0.21295169230018343 0.52884447116562183 4.8333937931060795 -0.84536926690329861 2.3758686923167924 2.8329744068781535 2.4659966802597051 -0.007000817976346831 -0.63996964733824768 -0.53769729085590534 3.5673565745353701 0.021863330124723877 -0.57256567609774611 -0.45675665735539089 2.9879043837388357 2.770229044556618 -1.0531589536955863 0.20565654426813126 3.7585153985023498 1.4247065280164992
leaf_weight=96777 198554 8190 955 27 23 50 229098 23 69 22 28 142 20 117 22 30 20 82 117 23 24 56575 77 113 30 20 33 20 20 28
leaf_count=96777 198554 8190 955 27 23 50 229098 23 69 22 28 142 20 117 22 30 20 82 117 23 24 56575 77 113 30 20 33 20 20 28
internal_value=3.56397e-11 -0.0111173 -0.00791055 0.294974 -0.00907617 0.00898751 0.0191718 0.300098 0.235559 0.344774 0.292603 0.63752 1.85137 -0.0360822 0.204851 0.342595 1.01314 0.477901 0.00084736 1.05616 1.76114 -0.00931914 0.0761109 0.244103 0.624858 1.43255 0.226592 0.517846 1.98209 -0.0399598
internal_weight=591329 264344 256154 982 255172 326985 230208 1110 1087 1018 996 486 95 510 393 391 132 102 259 75 52 255129 371 321 208 43 178 145 40 105
internal_count=591329 264344 256154 982 255172 326985 230208 1110 1087 1018 996 486 95 510 393 391 132 102 259 75 52 255129 371 321 208 43 178 145 40 105
is_linear=0
shrinkage=0.05


Tree=102
num_leaves=31
num_cat=0
split_feature=288 289 134 219 275 86 240 209 287 12 75 288 250 287 19 287 260 250 236 5 289 24 105 260 189 256 288 63 236 289
split_gain=23145.7 28194.6 33623.9 101904 42109.3 132468 49930.4 35594.5 29023.2 59557.4 48084 28621.8 85207.4 42036.4 86191.6 28511.3 30774.5 28501.8 97403.4 137044 41807.6 72742.7 36530.4 28223.5 38718 26193.2 29465.8 40768.2 119566 57896.6
threshold=5.7500000000000009 -28.249999999999996 153.25000000000003 -479.24999999999994 197.50000000000003 -15.749999999999998 109.25000000000001 309.20964050292974 127.75000000000001 156.0025329589844 123.91565322875978 139.75000000000003 101.41916656494142 -22.249999999999996 135.41022491455081 -22.249999999999996 396.75000000000006 36.640289306640632 38.143266677856452 42.428661346435554 -89.249999999999986 46.750000000000007 189.25000000000003 -93.749999999999986 -263.74999999999994 -287.27500915527338 125.75000000000001 -170.24999999999997 50.289089202880866 -20.249999999999996
decision_type=2 2 2 2 2 2 2 2 2 2 2 2 2 2 2 2 2 2 2 2 2 2 2 2 2 2 2 2 2 2
left_child=-1 2 4 -4 7 6 -6 15 11 10 -10 23 -13 -14 -15 16 -2 18 20 -20 21 -17 -22 -5 -25 -3 -27 28 -28 -30
right_child=1 25 3 8 5 -7 -8 -9 9 -11 -12 12 13 14 -16 17 -18 -19 19 -21 22 -23 -24 24 -26 26 27 -29 29 -31
leaf_value=-0.016144681458917665 0.018313869737983421 -0.063147320089392861 2.9902924537658695 -0.34334865438467466 1.3757265508174896 4.3065361201763155 -1.4856549486037225 2.1551647615432739 -0.38129963073398687 1.6575952992719765 -2.3491848154501485 -0.39395316688637982 0.070018760363260907 1.1090185196863283 5.2028527963161473 0.01235012024641037 1.7731041402816772 0.059865295455481277 5.5910232423245914 0.17193957982318742 0.14577752649499751 3.8492406129837038 2.2866967797279361 1.5609193499271687 -0.016033448170603409 0.0011634400389388736 4.5386922538280485 0.11637875995666232 2.661523701786995 0.049336289593151644
leaf_weight=161404 41797 15946 28 668 30 24 31 20 523 34 33 95 24 36 20 30 25 22643 20 28 5298 21 20 39 19921 320068 20 2318 25 140
leaf_count=161404 41797 15946 28 668 30 24 31 20 523 34 33 95 24 36 20 30 25 22643 20 28 5298 21 20 39 19921 320068 20 2318 25 140
internal_value=2.22008e-11 0.00606109 0.0307019 -0.024112 0.0474788 1.15969 -0.0784181 0.0461264 -0.0280574 -0.373872 -0.498099 -0.0182496 0.618495 1.82078 2.5711 0.0455228 0.0193628 0.0845129 0.18754 2.42989 0.167493 1.59225 0.153829 -0.0236515 -0.0129522 -0.000592532 0.00249981 0.173386 0.88767 0.445122
internal_weight=591329 429925 91408 21421 69987 85 61 69902 21393 590 556 20803 175 80 56 69882 41822 28060 5417 48 5369 51 5318 20628 19960 338517 322571 2503 185 165
internal_count=591329 429925 91408 21421 69987 85 61 69902 21393 590 556 20803 175 80 56 69882 41822 28060 5417 48 5369 51 5318 20628 19960 338517 322571 2503 185 165
is_linear=0
shrinkage=0.05


Tree=103
num_leaves=31
num_cat=0
split_feature=292 159 5 110 292 4 166 285 7 13 292 5 194 236 5 91 19 254 292 124 176 33 275 261 110 38 70 72 155 67
split_gain=22581.6 30407.5 30937.5 33803.5 37724.3 32911.6 62459.9 28963.4 31423.7 55721.9 28145 30044 38610.5 75470.2 54661 53001.3 43427.5 388571 42547.3 48597.1 48130.6 53875.4 73527.8 37654.9 36603.1 70097.1 33809.3 61477 31207.8 30192.6
threshold=12.128161907196047 18.739083290100101 22.802407264709476 38.978326797485359 30.159078598022464 1079.497497558594 55.77215766906739 27.757479667663578 -66.749999999999986 -45.804416656494134 44.425207138061531 39.862129211425788 60.006353378295906 155.49079895019534 66.218868255615249 741.25000000000011 38.742132186889656 -168.74999999999997 63.313619613647468 85.28638076782228 636.25000000000011 87.051265716552749 -206.74999999999997 45.750000000000007 90.658859252929702 -75.249999999999986 633.75000000000011 708.50000000000011 672.25000000000011 419.96000671386724
decision_type=2 2 2 2 2 2 2 2 2 2 2 2 2 2 2 2 2 2 2 2 2 2 2 2 2 2 2 2 2 2
left_child=-1 -2 -3 4 -4 7 -7 8 -6 -10 -5 -12 13 15 -14 16 17 -13 -16 24 28 23 -23 -22 -20 -26 -24 -28 -21 -29
right_child=1 2 3 10 5 6 -8 -9 9 -11 11 12 14 -15 18 -17 -18 -19 19 20 21 22 26 -25 25 -27 27 29 -30 -31
leaf_value=-0.068802565901270471 0.035552644949060505 -0.034031497116996524 -0.0018205997672258003 -0.031098589072475449 -0.16178142937921711 2.9160908741610392 -0.48722059016044322 0.04073556670089503 2.7606184517964723 0.52153732851500756 -0.046297234393650057 6.8951570979926906 -0.052387333584522404 2.7909352941513066 -0.045901347419072043 -0.93199816080641085 0.0425534404967918 0.086914633980447076 0.12033653509285758 0.001620839188178792 -1.7610834157619721 3.0674589850008491 -0.053663054152771283 0.34051050011147849 3.7348359280824663 -0.40122740609305246 2.4314317591910095 -1.1351390624046327 -0.71041918687282068 0.76704821108825627
leaf_weight=11690 58548 67505 101676 94305 124 28 26 83442 32 211 26394 23 39831 25 14836 139 55476 236 14750 21379 39 32 135 47 20 21 53 25 155 126
leaf_count=11690 58548 67505 101676 94305 124 28 26 83442 32 211 26394 23 39831 25 14836 139 55476 236 14750 21379 39 32 135 47 20 21 53 25 155 126
internal_value=1.61616e-11 0.00138759 -0.00245108 0.00224888 0.0186551 0.04348 1.27746 0.0426849 0.485894 0.816396 -0.00910732 0.00282927 0.0116291 0.0443661 -0.0083816 0.0431372 0.0455691 0.691508 0.0255754 0.0544055 0.00727154 0.515036 0.776414 -0.612538 0.124483 1.61636 0.56015 0.96635 -0.00350437 0.452117
internal_weight=591329 579639 521091 453586 185539 83863 54 83809 367 243 268047 173742 147348 55899 91449 55874 55735 259 51618 36782 21991 457 371 86 14791 41 339 204 21534 151
internal_count=591329 579639 521091 453586 185539 83863 54 83809 367 243 268047 173742 147348 55899 91449 55874 55735 259 51618 36782 21991 457 371 86 14791 41 339 204 21534 151
is_linear=0
shrinkage=0.05


Tree=104
num_leaves=31
num_cat=0
split_feature=289 288 201 166 264 281 280 274 2 235 288 288 215 45 89 103 275 289 252 262 152 139 3 232 288 212 233 162 0 283
split_gain=21937.8 26479 56524.7 85598.7 30997.3 25462.1 35781.2 59236.3 35911.4 83134.6 39645.8 36711.8 38864.5 50109.5 63559.4 30734.3 27201.5 26772.9 55882.7 162368 147223 68124.1 61361.6 44516.6 62102.1 56945.3 49342 34443.8 41231 31881.5
threshold=-2.7499999999999996 128.75000000000003 47.332620620727546 43.382759094238288 38.76646804809571 4.2500000000000009 -167.24999999999997 38.250000000000007 -283.24999999999994 -210.92250061035153 57.250000000000007 226.25000000000003 123.0486183166504 -479.24999999999994 56.53143501281739 95.465282440185561 -20.749999999999996 -111.24999999999999 166.25000000000003 144.75000000000003 48.778572082519538 -28.488225936889645 235.75000000000003 7.7500000000000009 72.750000000000014 26.250000000000004 30.750000000000004 265.75000000000006 -126.74999999999999 -88.249999999999986
decision_type=2 2 2 2 2 2 2 2 2 2 2 2 2 2 2 2 2 2 2 2 2 2 2 2 2 2 2 2 2 2
left_child=5 -2 3 4 -3 -1 7 8 9 11 -10 12 13 15 -15 -7 -8 18 19 23 -21 -22 -23 -18 25 -25 -26 28 -20 -29
right_child=1 2 -4 -5 -6 6 16 -9 10 -11 -12 -13 -14 14 -16 -17 17 -19 27 20 21 22 -24 24 26 -27 -28 29 -30 -31
leaf_value=-0.010568826781561043 -0.025159279608331222 1.6712665919850513 0.046933590894258477 3.5275094850858055 -0.012514370361842761 0.0089430270735750498 0.03438428517438636 2.9635855834592473 0.52347469877289698 3.2948263384677747 -0.91474444693326962 -1.673245496749878 2.3102469627346314 0.3109307335246177 2.8220058902270266 -2.0239888087562892 -0.87980494858077274 0.0013834847476771081 1.0405867445468904 6.4181373131275183 -0.83080955232892717 4.6689862883090978 0.8821763629498689 1.3104549657481794 0.129723250298273 -0.78098359424834962 3.248841280117631 -0.84708355205754438 -1.5256383104456797 0.4709190387603564
leaf_weight=186416 89191 41 553 30 82 97 95126 22 92 27 100 20 28 84 36 23 75 218663 20 20 21 20 23 52 21 87 32 60 72 195
leaf_count=186416 89191 41 553 30 82 97 95126 22 92 27 100 20 28 84 36 23 75 218663 20 20 21 20 23 52 21 87 32 60 72 195
internal_value=-1.57498e-10 -0.022745 0.28226 1.13282 0.548746 0.00407773 0.0127451 0.423615 0.3134 0.641932 -0.225598 0.393223 0.547437 0.341776 1.06425 -0.380702 0.012054 0.0023704 0.311541 0.756369 2.67364 1.50348 2.64348 0.153183 0.556694 0.00142508 2.01296 -0.138415 -0.967763 0.160801
internal_weight=591329 89897 706 153 123 501432 315016 529 507 315 192 288 268 240 120 120 314487 219361 698 351 84 64 43 267 192 139 53 347 92 255
internal_count=591329 89897 706 153 123 501432 315016 529 507 315 192 288 268 240 120 120 314487 219361 698 351 84 64 43 267 192 139 53 347 92 255
is_linear=0
shrinkage=0.05


Tree=105
num_leaves=31
num_cat=0
split_feature=282 159 261 289 10 57 226 268 30 281 103 217 75 190 43 287 239 201 281 283 152 75 288 64 59 159 33 281 275 23
split_gain=20571.3 25795.8 56616.4 81856.4 49681.7 41143.2 29315 34450.7 29818.9 29528.9 28921.3 25910.6 44128.8 39323.3 25208.3 25203 69121.5 50560.8 31281.2 50913.2 50594.5 51477.9 41676.3 29512.7 25756 31523.7 24934.9 23743.9 31539.7 32709.5
threshold=-80.749999999999986 134.29836273193362 216.25000000000003 -22.749999999999996 557.25000000000011 240.25000000000003 -461.24999999999994 -201.74999999999997 243.25000000000003 140.75000000000003 156.87112426757815 -208.74999999999997 134.9600524902344 -151.24999999999997 -377.24999999999994 127.75000000000001 114.25000000000001 95.222625732421889 190.25000000000003 -36.749999999999993 86.926422119140639 69.675243377685561 123.25000000000001 95.250000000000014 320.75000000000006 73.006748199462905 156.28929138183597 13.250000000000002 -27.749999999999996 -82.249999999999986
decision_type=2 2 2 2 2 2 2 2 2 2 2 2 2 2 2 2 2 2 2 2 2 2 2 2 2 2 2 2 2 2
left_child=15 27 6 4 5 -4 9 8 10 -3 -8 12 -9 -14 -15 18 17 -17 -1 23 21 22 -21 -20 -25 -26 -5 -2 -29 -30
right_child=1 2 3 26 -6 -7 7 11 -10 -11 -12 -13 13 14 -16 16 -18 -19 19 20 -22 -23 -24 24 25 -27 -28 28 29 -31
leaf_value=0.034160336348647478 -0.012870619153607755 -1.872125869405036 2.087204428072329 0.55045102167129512 3.0156268971722304 -0.67306963900725059 -0.77308256626129157 -0.47096703225114478 2.3417880875989794 -0.09327996303868849 1.5670006119686626 -0.23504613323616685 0.20586280739969678 3.3144398902356631 1.1111903943725536 -0.67315407154651785 1.7457573711872101 -3.5800339233307614 1.1879425755862532 0.35258199817994063 2.9925779328626749 -1.5053422737121585 3.1454965615814388 -2.2263740754127506 1.3269342888485303 -1.1478312546207059 -1.5170475803102768 0.042893660055579236 -0.030854652910364374 0.011109776572663025
leaf_weight=37797 252994 51 27 25 41 27 31 109 24 43 23 2688 90 20 37 52 21 21 29 34 34 20 22 20 22 31 35 53102 62406 181453
leaf_count=37797 252994 51 27 25 41 27 31 109 24 43 23 2688 90 20 37 52 21 21 29 34 34 20 22 20 22 31 35 53102 62406 181453
internal_value=8.02862e-11 -0.00244746 -0.142444 0.790238 1.70339 0.707067 -0.188838 -0.16179 0.875364 -1.0584 0.22362 -0.189269 0.291387 0.85667 1.88426 0.0355352 -0.782168 -1.50938 0.0375574 0.643218 1.38936 0.67213 1.4498 -0.161445 -0.697503 -0.12057 -0.65559 -0.00161479 0.00797454 0.000370652
internal_weight=591329 553226 3271 155 95 54 3116 3022 78 94 54 2944 256 147 57 38103 94 73 38009 212 110 76 56 102 73 53 60 549955 296961 243859
internal_count=591329 553226 3271 155 95 54 3116 3022 78 94 54 2944 256 147 57 38103 94 73 38009 212 110 76 56 102 73 53 60 549955 296961 243859
is_linear=0
shrinkage=0.05


Tree=106
num_leaves=31
num_cat=0
split_feature=124 292 201 5 292 5 292 130 117 276 96 281 5 280 145 173 289 238 274 287 184 197 253 274 134 170 4 27 23 289
split_gain=19885 28454.8 35150.2 30550.3 36603.7 27478.7 36967.3 57043.6 30544.7 27710.8 36219.1 24816 26255.8 25997.4 95582.7 163847 37784 27838.4 26706.9 61694.4 49071.8 23986.3 104313 66066.4 29645.3 46744.9 25984.4 53385.9 45317 24247.7
threshold=38.116155624389656 16.416559219360355 17.95133209228516 22.802407264709476 35.598617553710945 31.908575057983402 134.80252075195315 -925.64752197265614 25.545355796813968 -129.74999999999997 33.964403152465827 70.250000000000014 52.839096069335945 -129.74999999999997 63.559795379638679 57.319383621215827 -68.749999999999986 -293.74999999999994 9.2500000000000018 127.75000000000001 279.25000000000006 -445.74999999999994 245.25000000000003 39.750000000000007 -456.24999999999994 -598.99999999999989 -471.61000061035151 -490.90505981445307 -357.74999999999994 -92.249999999999986
decision_type=2 2 2 2 2 2 2 2 2 2 2 2 2 2 2 2 2 2 2 2 2 2 2 2 2 2 2 2 2 2
left_child=1 -1 -3 -4 -5 8 7 -7 -6 -8 -11 -2 -13 14 15 -14 17 -16 19 20 -15 22 23 -20 -23 -26 29 -28 -29 -25
right_child=11 2 3 4 5 6 9 -9 -10 10 -12 12 13 18 16 -17 -18 -19 21 -21 -22 24 -24 26 25 -27 27 28 -30 -31
leaf_value=-0.028556937073393726 -0.015680767845946707 0.069738045027614784 -0.018969264014947779 0.0051853109599896939 0.10209664653252537 2.4358387488585254 -2.3050586414337157 0.092676732735415102 -0.019054320226923261 -1.353401354197846 0.83038610675755686 -0.022758456544389571 -0.09029934485753377 -0.21476619534364028 -2.562642406281971 5.3904438247680666 0.5431852801462238 -0.13535501123578461 2.433474250038465 -2.3780245309695602 1.917283614684961 -0.35056062596061394 3.4132124590022226 -1.8706698624984079 2.0742954439130323 0.065531478457021397 2.8158190640536223 -1.6087732172012332 1.5843945622444153 -0.13710359538473735
leaf_weight=44035 240628 26273 70086 120312 7475 26 25 26167 17114 43 34 15702 30 747 21 25 89 27 30 32 28 431 28 23 29 21638 22 25 20 164
leaf_count=44035 240628 26273 70086 120312 7475 26 25 26167 17114 43 34 15702 30 747 21 25 89 27 30 32 28 431 28 23 29 21638 22 25 20 164
internal_value=-3.88142e-11 0.00868766 0.0148175 0.00883724 0.020221 0.0557718 0.0913031 0.0950026 0.0177753 -0.858722 -0.389132 -0.00967684 0.027262 0.060814 0.640237 2.40095 -0.0666174 -1.19729 0.0560223 -0.226571 -0.137737 0.0661987 0.50154 0.214473 0.0600522 0.0682201 -0.0476134 0.797262 -0.189588 -0.350323
internal_weight=591329 311590 267555 241282 171196 50884 26295 26193 24589 102 77 279739 39111 23409 192 55 137 48 23217 807 775 22410 312 284 22098 21667 254 67 45 187
internal_count=591329 311590 267555 241282 171196 50884 26295 26193 24589 102 77 279739 39111 23409 192 55 137 48 23217 807 775 22410 312 284 22098 21667 254 67 45 187
is_linear=0
shrinkage=0.05


Tree=107
num_leaves=31
num_cat=0
split_feature=289 281 236 138 204 281 280 274 2 235 262 12 288 215 45 89 103 220 205 266 194 226 275 16 261 240 245 182 36 292
split_gain=19634 24807.4 29645.5 42742.5 23656.8 21556.9 31652.1 53362.9 32303.4 74566.6 36605.1 40680.6 31269.3 35655.7 44962.4 57036.3 27328.2 26760.6 51758.6 34455.7 24752.5 69410.8 23166.6 24840.4 63844.3 89422.2 49359.1 32701.7 32558.7 25272.4
threshold=-2.7499999999999996 174.75000000000003 44.896760940551765 41.940042495727546 585.75000000000011 4.2500000000000009 -167.24999999999997 38.250000000000007 -283.24999999999994 -210.92250061035153 -185.74999999999997 40.324676513671882 226.25000000000003 123.0486183166504 -479.24999999999994 56.53143501281739 95.465282440185561 271.75000000000006 469.00000000000006 -185.24999999999997 101.4989471435547 413.75000000000006 -20.749999999999996 -184.74999999999997 216.25000000000003 79.250000000000014 241.25000000000003 -417.24999999999994 48.250000000000007 157.28123474121097
decision_type=2 2 2 2 2 2 2 2 2 2 2 2 2 2 2 2 2 2 2 2 2 2 2 2 2 2 2 2 2 2
left_child=5 4 3 -3 -2 17 7 8 9 12 11 -10 13 14 16 -16 -7 18 -1 -19 -21 -22 -8 24 -24 -26 -27 28 -25 -28
right_child=1 2 -4 -5 -6 6 22 -9 10 -11 -12 -13 -14 -15 15 -17 -18 19 -20 20 21 -23 23 27 25 26 29 -29 -30 -31
leaf_value=-0.0086824983836199573 -0.023019072363321846 0.55760286029694339 0.15115079708863052 3.1785436058044434 -1.1333286392347268 -0.0019034173685250823 0.031790393946320487 2.8090334391052072 0.87032170706781864 3.117724347556079 0.66391556544663155 -1.2830397352907394 -1.5374442303180695 2.2005043527909689 0.28579197224406971 2.6645228481127159 -1.9188777052837871 -2.0540767250237644 2.2665226517021657 -0.38456900467362742 -0.1066534673663932 2.8542024684988938 -0.051475392863361759 0.04505030711491903 3.5225270690589117 2.2798438097039861 0.36272788546806156 0.0078535184083785674 2.863890863656998 -1.6625786880652111
leaf_weight=185592 89279 70 480 20 48 97 95126 22 29 27 73 90 20 28 84 36 23 27 25 607 142 23 23927 21 29 24 43 195273 20 24
leaf_count=185592 89279 70 480 20 48 97 95126 22 29 27 73 90 20 28 84 36 23 27 25 607 142 23 23927 21 29 24 43 195273 20 24
internal_value=1.99545e-11 -0.0215176 0.30729 1.14003 -0.0236157 0.00385768 0.0118327 0.39827 0.293661 0.605252 -0.217544 -0.758271 0.369708 0.512032 0.315044 0.999411 -0.369323 -0.00961897 -0.00837606 -0.298362 -0.236958 0.306072 0.0111827 0.00224615 -0.0457058 1.10471 0.334194 0.00814997 1.42009 -0.362755
internal_weight=591329 89897 570 90 89327 501432 315016 529 507 315 192 119 288 268 240 120 120 186416 185617 799 772 165 314487 219361 24047 120 91 195314 41 67
internal_count=591329 89897 570 90 89327 501432 315016 529 507 315 192 119 288 268 240 120 120 186416 185617 799 772 165 314487 219361 24047 120 91 195314 41 67
is_linear=0
shrinkage=0.05


Tree=108
num_leaves=31
num_cat=0
split_feature=159 261 275 120 284 289 289 279 281 122 282 252 274 106 176 289 183 157 283 271 225 164 211 282 16 198 278 250 57 4
split_gain=19577.5 57374 70074.1 55605.1 48902 52654.5 23021.2 35441.4 47834.6 67941 134234 71272.6 113731 54003.2 46440.2 57450.3 40190.1 43311.3 34611.5 112768 33402.6 40926.4 39268.1 32032 30078.5 57047.9 29893.6 38023.9 49232.1 53700.8
threshold=134.29836273193362 216.25000000000003 -1.7499999999999998 -33.249999999999993 470.02000427246099 -42.749999999999993 -64.749999999999986 212.15827941894534 76.250000000000014 66.250000000000014 -188.24999999999997 24.750000000000004 179.25000000000003 81.750000000000014 124.25000000000001 -72.749999999999986 229.75000000000003 197.75000000000003 46.250000000000007 44.390098571777351 87.750000000000014 70.750000000000014 314.25000000000006 34.250000000000007 784.25000000000011 36.250000000000007 157.00666046142581 134.4690856933594 -434.24999999999994 196.64499664306643
decision_type=2 2 2 2 2 2 2 2 2 2 2 2 2 2 2 2 2 2 2 2 2 2 2 2 2 2 2 2 2 2
left_child=6 -2 -3 -4 -5 -6 7 8 18 -10 -11 12 14 -13 -12 -16 -9 -18 24 -20 21 -15 -22 -19 26 -26 27 -1 -29 -30
right_child=1 2 3 4 5 -7 -8 16 9 10 11 13 -14 20 15 -17 17 23 19 -21 22 -23 -24 -25 25 -27 -28 28 29 -31
leaf_value=0.040980890940785893 -0.13459123239390139 2.8540143388690371 2.7634686756134035 -1.0532757777720689 2.5837922787224805 -0.28861277027007864 -0.0014335889326586725 -1.3492882866518841 0.043714504779009379 4.541974933580919 -0.43164331451058385 2.1187942725343585 4.5974871399884041 3.1064999771118167 0.60531864033805005 3.9476065000891687 1.4399656980536706 -0.071029343889659743 -4.2429254117608073 0.18696099034711428 -0.12535187759375208 0.44503213384976753 1.5782960944884534 -0.68198770861999669 3.2594524406251453 -0.094394279643893242 -0.4754195421097287 1.4666561103521665 -0.55091604582774334 1.1178183674812316
leaf_weight=24938 4639 33 20 64 27 39 557526 70 931 22 40 39 26 20 36 20 43 1352 20 51 394 52 37 255 21 32 276 107 117 82
leaf_count=24938 4639 33 20 64 27 39 557526 70 931 22 40 39 26 20 36 20 43 1352 20 51 394 52 37 255 21 32 276 107 117 82
internal_value=-6.02875e-13 -0.100336 0.768026 0.309108 -0.0684858 0.886462 0.000824918 0.0442733 0.058162 0.321922 0.699488 0.572177 1.66404 0.326408 0.869561 1.79899 -0.175855 -0.126073 0.0415304 -1.06089 0.187435 1.18433 0.020901 -0.167977 0.0445912 1.23449 0.04212 0.0477784 0.601752 0.136703
internal_weight=591329 4822 183 150 130 66 586507 28981 27261 1617 686 664 122 542 96 56 1720 1650 25644 71 503 72 431 1607 25573 53 25520 25244 306 199
internal_count=591329 4822 183 150 130 66 586507 28981 27261 1617 686 664 122 542 96 56 1720 1650 25644 71 503 72 431 1607 25573 53 25520 25244 306 199
is_linear=0
shrinkage=0.05


Tree=109
num_leaves=31
num_cat=0
split_feature=274 273 201 131 47 75 145 261 233 220 41 275 211 175 166 241 240 262 208 229 281 266 282 92 127 282 215 68 252 239
split_gain=18587.8 32376.6 29924.8 96985.5 54437 55785.9 56774.7 32513.9 55405.8 32956.8 28120.5 29699 29828.8 39351.6 25962 24595.5 30923.2 60872.5 33577.1 37732.9 26096.1 26693.3 29752.1 42405.6 24742.8 24568.8 27038.7 37161.8 36831.2 33344.7
threshold=29.250000000000004 -75.749999999999986 105.40634155273439 61.408723831176765 70.439514160156264 95.50299453735353 110.07509994506837 -132.24999999999997 -270.24999999999994 -120.24999999999999 231.31591796875003 -43.249999999999993 351.75000000000006 476.25000000000006 77.655380249023452 -354.24999999999994 -331.74999999999994 -278.74999999999994 134.60716247558597 104.96258926391603 167.75000000000003 -278.74999999999994 -268.24999999999994 572.25000000000011 51.250000000000007 3.2500000000000004 98.243381500244155 58.605176925659187 307.75000000000006 310.75000000000006
decision_type=2 2 2 2 2 2 2 2 2 2 2 2 2 2 2 2 2 2 2 2 2 2 2 2 2 2 2 2 2 2
left_child=10 2 -2 -4 -5 6 -6 8 -7 -10 11 12 13 -1 -13 24 17 -17 19 -19 21 -18 23 -23 -12 -3 -27 -28 -29 -30
right_child=1 25 3 4 5 7 -8 -9 9 -11 15 14 -14 -15 -16 16 20 18 -20 -21 -22 22 -24 -25 -26 26 27 28 29 -31
leaf_value=0.01884762100430605 0.13352550993004228 0.027266156432571284 4.0524791121482853 -0.9768954863150916 0.4764439121484757 -0.2133617381254832 3.7546498315674919 -0.96103266123178843 3.2804713239272441 0.87484182749475758 -2.0826183287302653 -0.010650320816922269 -0.55697794225480823 1.9642702753727255 -0.14411185680168287 3.1085288513790479 -1.2027678424236823 0.0010722775791966639 -0.92651241660118111 2.4438279743194582 -1.5875703964914596 -0.20782151325889259 -0.06010345465931774 2.9401962304115297 -0.17265064208171307 -0.0019656211130979293 -0.46509760969169278 -0.11559976917289494 2.0886533992631096 0.28498009383579753
leaf_weight=113589 1315 104611 20 54 25 72 28 37 24 35 30 249031 225 26 3698 22 51 43 40 25 28 23 22285 20 39 91558 693 3352 28 302
leaf_count=113589 1315 104611 20 54 25 72 28 37 24 35 30 249031 225 26 3698 22 51 43 40 25 28 23 22285 20 39 91558 693 3352 28 302
internal_value=1.33481e-11 0.0122999 0.235624 0.690743 0.446253 0.79399 2.20833 0.347801 0.717471 1.8534 -0.00638908 -0.00305141 0.0181538 0.0192928 -0.0126032 -0.0605113 -0.0576255 0.7113 0.222975 0.899144 -0.0620866 -0.060178 -0.0575681 1.25637 -1.00307 0.010507 -0.00776818 -0.129202 -0.0659816 0.438019
internal_weight=591329 202154 1610 295 275 221 53 168 131 59 389175 366569 113840 113615 252729 22606 22537 130 108 68 22407 22379 22328 43 69 200544 95933 4375 3682 330
internal_count=591329 202154 1610 295 275 221 53 168 131 59 389175 366569 113840 113615 252729 22606 22537 130 108 68 22407 22379 22328 43 69 200544 95933 4375 3682 330
is_linear=0
shrinkage=0.05


Tree=110
num_leaves=31
num_cat=0
split_feature=124 145 292 159 5 292 292 276 238 48 131 288 231 281 5 65 276 267 4 267 255 287 283 212 190 288 228 288 31 33
split_gain=18582.4 26280.6 24918.1 22918.3 37969.2 32350.7 22759.8 29981.3 23823.5 32721.6 42327.6 29174.3 23133.1 22333.9 23375.1 23676.9 111548 43650.2 39914.4 30025 82792.2 27324.2 71334.9 22280.2 44568.2 21616 141392 21424.8 66481.6 43177.3
threshold=38.116155624389656 88.802360534667983 14.026533603668215 18.552072525024418 22.802407264709476 31.632693290710453 134.80252075195315 98.750000000000014 -378.24999999999994 -808.31701660156239 36.834600448608406 47.750000000000007 -311.74999999999994 70.250000000000014 52.839096069335945 15.250000000000002 -144.24999999999997 -110.24999999999999 259.24249267578131 -70.249999999999986 -104.74999999999999 -103.24999999999999 -130.24999999999997 -66.749999999999986 617.75000000000011 237.50000000000003 324.09001159667974 144.75000000000003 -17.249999999999996 52.154272079467781
decision_type=2 2 2 2 2 2 2 2 2 2 2 2 2 2 2 2 2 2 2 2 2 2 2 2 2 2 2 2 2 2
left_child=1 2 -1 -4 -5 -6 8 -8 9 -7 -11 -12 -10 23 -15 21 -17 18 -18 20 -19 22 -16 24 -2 -14 -27 -21 -29 -30
right_child=13 -3 3 4 5 6 7 -9 12 10 11 -13 25 14 15 16 17 19 -20 27 -22 -23 -24 -25 -26 26 -28 28 29 -31
leaf_value=-0.041484780867262788 0.0056808570316931144 1.6628931502501172 0.044107569928666511 -0.027078318048073865 0.0010918827144829526 2.2872980179994005 -1.0789740482061778 0.78961090615817486 -0.36969269837607588 0.089856839357119689 0.47375201142352563 2.9921338962472004 0.04537748300902697 -0.021508333959986744 -0.71335658716118866 3.8358931726217271 -3.1285557523369789 -0.056827879629351874 -0.0074975377037411646 0.078969473641381016 3.7589702399004077 -0.00097225364057229645 3.2691079703244301 -0.025875274328035876 2.1171266140937806 4.4208573305606844 -0.74998784829408693 2.9215310094257196 2.3079474279880525 0.20243657389725436
leaf_weight=23283 80847 24 47307 63667 109314 23 92 28 336 265 23 23 67146 15702 23 20 20 44 21 11271 21 10983 22 159756 25 20 39 24 25 935
leaf_count=23283 80847 24 47307 63667 109314 23 92 28 336 265 23 23 67146 15702 23 20 20 44 21 11271 21 10983 22 159756 25 20 39 24 25 935
internal_value=-4.78237e-11 0.0083983 0.00827085 0.0122893 0.00604296 0.0179359 0.0450158 -0.642971 0.0462321 0.467471 0.332886 1.73294 0.044149 -0.00935452 0.0256883 0.0573464 0.104805 0.0987677 -1.52996 0.104188 1.17597 0.00406555 1.23363 -0.0150503 0.00633357 0.0462181 1.00284 0.0985034 0.32225 0.257268
internal_weight=591329 311590 311566 288283 240976 177309 67995 120 67875 334 311 46 67541 279739 39111 23409 12381 12361 41 12320 65 11028 45 240628 80872 67205 59 12255 984 960
internal_count=591329 311590 311566 288283 240976 177309 67995 120 67875 334 311 46 67541 279739 39111 23409 12381 12361 41 12320 65 11028 45 240628 80872 67205 59 12255 984 960
is_linear=0
shrinkage=0.05


Tree=111
num_leaves=31
num_cat=0
split_feature=117 170 280 128 288 226 209 183 218 253 281 59 20 288 139 227 178 265 115 247 198 61 282 56 272 262 279 281 131 281
split_gain=18257.5 49477.8 84142.2 49669.7 44108 37736 54742.8 57456.3 82047.7 42680.7 37064.2 42559.3 32891.1 36796.6 22168.6 29175.3 57911.7 42451.4 30481.6 21650.6 32127.3 21451.7 19338.5 31896.7 84832.1 43259 35163.9 33550.8 149851 33049.2
threshold=156.95742034912112 532.75000000000011 -89.749999999999986 503.75000000000006 114.75000000000001 -461.24999999999994 -551.60241699218739 -313.74999999999994 -62.749999999999993 -81.249999999999986 6.7500000000000009 -465.74999999999994 812.35781860351574 214.25000000000003 -547.99111938476551 -268.74999999999994 -190.74999999999997 -238.51181793212888 -252.24999999999997 95.750000000000014 -117.24999999999999 156.2944030761719 -42.749999999999993 35.750000000000007 -294.76576232910151 324.25000000000006 -234.96636962890622 -22.249999999999996 156.6166915893555 261.75000000000006
decision_type=2 2 2 2 2 2 2 2 2 2 2 2 2 2 2 2 2 2 2 2 2 2 2 2 2 2 2 2 2 2
left_child=22 3 -3 5 -4 10 7 9 -9 -7 11 21 -6 -14 -8 16 18 -17 -16 -19 -21 -2 23 25 -25 27 -26 28 -1 -28
right_child=1 2 4 -5 12 6 14 8 -10 -11 -12 -13 13 -15 15 17 -18 19 -20 20 -22 -23 -24 24 26 -27 29 -29 -30 -31
leaf_value=-0.01000730491439847 0.084410799633372918 3.760740587152541 -0.73029009063365102 -1.176029919851117 -0.51870001440956481 -1.6408342172702153 -0.69856125322255225 0.44950425854096054 4.6515031065259667 1.0812683039241369 -1.6211330951713934 1.5020662025169091 3.2381579031546917 0.46941257516543078 1.2482474192329076 2.0976214160521827 3.0325346930460499 -0.258037974838568 -1.2739288572072984 1.5542886553666531 0.015341364076504341 -2.1236166460947561 -0.0039797631433860685 3.0872547420588408 -1.7588818165762672 2.3628375697135926 -0.019279607178436693 0.062371074851281842 3.5860329907515958 0.93990762227111402
leaf_weight=28080 22 20 59 123 21 24 165 26 21 36 82 27 24 24 23 21 22 1237 25 39 260 22 471139 22 29 20 41151 48446 29 90
leaf_count=28080 22 20 59 123 21 24 165 26 21 36 82 27 24 24 23 21 22 1237 25 39 260 22 471139 22 29 20 41151 48446 29 90
internal_value=5.46726e-11 -0.139898 0.744707 -0.200092 0.273452 -0.141592 -0.0807309 1.01789 2.32699 -0.0075727 -0.896991 -0.0606583 1.13172 1.85379 -0.146329 -0.0903256 0.908246 -0.13522 -0.0653861 -0.165747 0.216074 -1.0196 0.000551748 0.0186651 -0.0167556 0.0377653 -0.0184102 0.0371578 -0.00629728 -0.0171864
internal_weight=591329 2323 148 2175 128 2052 1899 107 47 60 153 71 69 48 1792 1627 70 1557 48 1536 299 44 589006 117867 41292 76575 41270 76555 28109 41241
internal_count=591329 2323 148 2175 128 2052 1899 107 47 60 153 71 69 48 1792 1627 70 1557 48 1536 299 44 589006 117867 41292 76575 41270 76555 28109 41241
is_linear=0
shrinkage=0.05


Tree=112
num_leaves=31
num_cat=0
split_feature=152 292 19 289 19 30 5 292 203 211 215 208 29 166 215 19 5 285 271 117 145 257 289 8 82 292 267 254 162 96
split_gain=17644.4 31243 37027.4 32276.2 43014.3 35641 27596.5 30008.9 29743.2 33688.3 31421.6 28707.8 123495 30169.1 55465.5 161334 45251.5 40027.7 69285.5 38183 103017 36041.8 40170.2 101991 124068 78750.8 39783.7 111680 39497.5 38425.3
threshold=44.135240554809577 157.28123474121097 44.655187606811531 -94.249999999999986 31.165534973144535 628.25000000000011 41.720893859863288 45.694881439208991 -378.74999999999994 -125.24999999999999 134.27185821533206 38.099676132202156 -178.74999999999997 67.083999633789077 156.38582611083987 54.586530685424812 68.196296691894545 70.999847412109389 61.258573532104499 82.433078765869155 156.71107482910159 109.52219390869142 -248.74999999999997 -439.24999999999994 51.536117553710945 115.76091766357423 269.25000000000006 9.7500000000000018 -280.74999999999994 55.365747451782234
decision_type=2 2 2 2 2 2 2 2 2 2 2 2 2 2 2 2 2 2 2 2 2 2 2 2 2 2 2 2 2 2
left_child=1 3 -3 4 -1 -6 8 -8 9 -2 -10 12 -9 14 21 -16 -15 -18 -19 20 -20 22 23 29 -25 28 -23 -28 -26 -13
right_child=6 2 -4 -5 5 -7 7 11 10 -11 -12 13 -14 16 15 -17 17 18 19 -21 -22 26 -24 24 25 -27 27 -29 -30 -31
leaf_value=-0.0565526553136248 0.23754719966348331 -1.8039371167912206 0.3262441271368195 0.0055702915465462395 0.37686034288993953 -1.3085890198475683 -0.03744084265243177 -3.9711190079649294 -0.048183608173892542 2.0845686568663671 -0.61037155985236169 0.379119043648243 -0.018824299611151219 -0.066544274769950437 5.0515698841639924 -0.62446145319169577 -0.044522309901490892 2.3453768983257541 0.1461263246179082 0.018846112226342939 3.5733399293639447 -0.45041825153780257 0.036389023501915065 -1.2699783334365258 3.3209385484457017 5.4241907322406773 3.8591274999436878 -0.22241922581052209 0.65512426477490049 -2.6490262530066753
leaf_weight=1151 489 51 34 369414 1583 32 45384 24 42704 26 250 20 112 24710 21 31 15838 33 6550 20192 22 660 61769 26 24 20 21 83 33 22
leaf_count=1151 489 51 34 369414 1583 32 45384 24 42704 26 250 20 112 24710 21 31 15838 33 6550 20192 22 660 61769 26 24 20 21 83 33 22
internal_value=2.1989e-11 0.00662549 -0.951865 0.00684439 0.177008 0.343464 -0.011259 -0.00242929 -0.0469269 0.330795 -0.0514556 0.0097737 -0.716288 0.0105328 0.0354827 1.66778 -0.0127073 0.018495 0.0557405 0.0529174 0.157599 0.0341285 0.0383403 0.869585 1.71637 2.72475 -0.307193 0.601739 1.77757 -1.20705
internal_weight=591329 372265 85 372180 2766 1615 219064 175595 43469 515 42954 130211 136 130075 62730 52 67345 42635 26797 26764 6572 62678 61914 145 103 77 764 104 57 42
internal_count=591329 372265 85 372180 2766 1615 219064 175595 43469 515 42954 130211 136 130075 62730 52 67345 42635 26797 26764 6572 62678 61914 145 103 77 764 104 57 42
is_linear=0
shrinkage=0.05


Tree=113
num_leaves=31
num_cat=0
split_feature=288 239 19 289 4 131 282 275 241 243 288 0 248 15 271 279 233 129 57 18 289 191 94 47 75 222 17 211 275 292
split_gain=17398.5 28671.8 65733.1 267228 84622.7 27898.7 23081.8 24492 65190.3 24006.7 32092.4 111239 134990 78544.6 73877.1 34671.4 34359.8 34053.7 33228.5 28435.7 32326.5 23567.1 25457.8 22175.3 27573.1 30404.2 48614.9 22824.6 22089.6 21647.3
threshold=5.2500000000000009 -311.24999999999994 81.34714508056642 -147.24999999999997 -853.21749877929676 115.99747848510744 -1.7499999999999998 121.75000000000001 12.750000000000002 109.60898208618165 191.75000000000003 97.250000000000014 264.25000000000006 80.250000000000014 115.42111968994142 89.559104919433608 -18.249999999999996 -309.24999999999994 50.750000000000007 1061.9824829101565 -171.74999999999997 32.250000000000007 -480.24999999999994 98.521369934082045 43.62823677062989 51.560686111450202 305.25000000000006 185.25000000000003 -299.74999999999994 72.627582550048842
decision_type=2 2 2 2 2 2 2 2 2 2 2 2 2 2 2 2 2 2 2 2 2 2 2 2 2 2 2 2 2 2
left_child=1 2 4 -4 -1 -3 7 -2 -9 10 21 12 13 15 19 16 17 -12 -17 20 -13 -8 -23 24 29 26 -26 -27 -6 -22
right_child=6 5 3 -5 28 -7 9 8 -10 -11 11 14 -14 -15 -16 18 -18 -19 -20 -21 23 22 -24 -25 25 27 -28 -29 -30 -31
leaf_value=-2.6658258577187857 0.012895610621759188 -0.013827501770132741 6.6244514560699459 -0.83695141633351655 1.3898270704746247 -0.27920852497410603 -0.023958463546129665 3.0156921700997787 0.23673257192014266 -0.14685204269800167 1.8843728800117969 -2.1431165305050937 5.3300672626495365 3.7578941613435748 2.5071873223340071 -2.1993357056379317 2.4557712599635124 -0.76194118684337986 0.68287115037441259 1.5283400411191195 -0.061666693389415744 1.5513893802960714 0.015709975114957232 -1.4614733476792612 -0.36673336789011957 1.3958709397099236 2.3105000592195073 -0.33408281333269096 0.10895496576445773 -1.2901066992833066
leaf_weight=24 282748 148242 20 30 50 997 97373 22 518 3154 20 22 20 21 27 20 28 31 20 23 80 27 57379 31 30 22 39 143 103 65
leaf_count=24 282748 148242 20 30 50 997 97373 22 518 3154 20 22 20 21 27 20 28 31 20 23 80 27 57379 31 30 22 39 143 103 65
internal_value=6.03635e-11 -0.0147463 0.546759 2.14761 0.0945418 -0.0156004 0.00498814 0.0135381 0.349949 -0.010286 -0.00751466 0.345266 1.4876 0.938681 -0.0339332 0.441173 1.04847 0.275829 -0.758232 -0.184725 -0.27593 -0.00897794 0.0164323 -0.175739 -0.0705738 0.26514 1.14649 -0.103422 0.527541 -0.612347
internal_weight=591329 149466 227 50 177 149239 441863 283288 540 158575 155421 642 160 140 482 119 79 51 40 455 432 154779 57406 410 379 234 69 165 153 145
internal_count=591329 149466 227 50 177 149239 441863 283288 540 158575 155421 642 160 140 482 119 79 51 40 455 432 154779 57406 410 379 234 69 165 153 145
is_linear=0
shrinkage=0.05


Tree=114
num_leaves=31
num_cat=0
split_feature=274 275 212 212 254 117 173 271 288 183 206 260 241 57 189 283 262 145 159 110 25 2 185 289 8 173 211 275 81 260
split_gain=17040.8 32528.2 32084.3 53334.4 30617.2 62868.2 190746 100183 45628.7 34239.3 41447.9 47730.2 30023.2 29967.8 35773.1 28496.4 86116.5 27741.9 50931.8 30025.4 24799 55567.2 37046.8 32903.8 69307 54351.4 27893.9 28555.5 24591.1 24402.1
threshold=16.250000000000004 -55.749999999999993 23.250000000000004 22.250000000000004 -363.74999999999994 73.808315277099624 66.418926239013686 115.42111968994142 104.75000000000001 -253.24999999999997 -363.99999999999994 -29.249999999999996 172.75000000000003 -242.24999999999997 -518.24999999999989 -103.74999999999999 26.250000000000004 55.009355545043952 50.892475128173835 37.900159835815437 124.63499832153322 650.75000000000011 -519.24999999999989 -248.74999999999997 603.25000000000011 76.671905517578139 351.75000000000006 -43.249999999999993 526.82748413085949 75.750000000000014
decision_type=2 2 2 2 2 2 2 2 2 2 2 2 2 2 2 2 2 2 2 2 2 2 2 2 2 2 2 2 2 2
left_child=20 2 3 4 5 6 8 -8 17 12 11 -11 -6 15 -15 16 -3 18 19 -2 21 26 28 24 25 -24 27 -1 -22 -12
right_child=1 13 -4 -5 9 -7 7 -9 -10 10 29 -13 -14 14 -16 -17 -18 -19 -20 -21 22 -23 23 -25 -26 -27 -28 -29 -30 -31
leaf_value=0.022256522482715251 1.5803523328569202 -0.92756077173081319 -0.02738567551128648 2.7281361901760102 -0.16843470517992337 -0.15332283521140067 1.2677771692690643 5.6539060378074648 -1.2826653626230029 3.0884610267785884 0.11265880568653033 0.18352509314014065 1.6968321640383115 1.6551886695804019 0.0088496745562115006 -0.073379064778741052 3.6057095462083817 -0.73503844046592715 3.37883193731308 -0.42209535363392958 -2.6543583587743345 -2.5135258382016961 1.6782068144191395 -0.035562255160331881 3.5393852853775023 -1.9232139468193055 -0.66893282324756287 -0.013266772427441313 -0.38302035469275258 0.39296956998914578
leaf_weight=89794 36 22 3834 20 1112 162 23 30 36 26 5255 31 22 33 258663 12825 20 25 20 39 22 22 22 65195 20 20 156 152907 26 911
leaf_count=89794 36 22 3834 20 1112 162 23 30 36 26 5255 31 22 33 258663 12825 20 25 20 39 22 22 22 65195 20 20 156 152907 26 911
internal_value=-4.3242e-11 0.00885526 0.0909167 0.149457 0.142784 0.585966 1.159 3.75049 0.278562 0.120435 0.16648 1.50858 -0.132248 0.00535539 0.00905969 -0.0691209 1.23114 0.74693 1.13692 0.53908 -0.0081358 -0.000781176 -0.0354887 -0.0344674 1.11684 -0.0367555 -0.000553551 -0.000123939 -1.42405 0.154074
internal_weight=591329 283145 11582 7748 7728 371 209 53 156 7357 6223 57 1134 271563 258696 12867 42 120 95 75 308184 242879 65305 65257 62 42 242857 242701 48 6166
internal_count=591329 283145 11582 7748 7728 371 209 53 156 7357 6223 57 1134 271563 258696 12867 42 120 95 75 308184 242879 65305 65257 62 42 242857 242701 48 6166
is_linear=0
shrinkage=0.05


Tree=115
num_leaves=31
num_cat=0
split_feature=159 5 292 252 285 8 27 288 160 239 247 260 75 148 183 247 288 204 289 33 54 261 256 162 233 213 19 110 285 271
split_gain=17076 38116.5 47561.2 85362 51812.8 44559.2 46919.8 48542.9 26806.8 33332.1 60325.6 105769 31199.6 29051.1 45770.1 129168 48062.9 46024.9 28496.6 151334 94378.6 162110 74254.4 47304.6 25063.3 53397.3 36317.1 28806.9 44455.7 77630.8
threshold=51.210628509521491 52.163213729858406 55.676559448242195 211.25000000000003 53.873552322387702 122.25000000000001 52.007200241088874 119.75000000000001 -515.14834594726551 228.75000000000003 113.25000000000001 179.25000000000003 49.938402175903327 -372.74999999999994 -73.249999999999986 -178.24999999999997 1.0000000180025095e-35 -16.749999999999996 -248.74999999999997 76.744182586669936 59.533102035522468 -345.24999999999994 546.70498657226574 -349.24999999999994 -115.74999999999999 -241.24999999999997 98.414989471435561 123.72264480590822 134.95200347900393 122.81138992309572
decision_type=2 2 2 2 2 2 2 2 2 2 2 2 2 2 2 2 2 2 2 2 2 2 2 2 2 2 2 2 2 2
left_child=-1 -2 3 -3 5 6 7 -4 9 12 11 -11 -6 14 16 -16 -14 -17 19 20 -10 -22 23 -21 27 26 -26 28 -18 -30
right_child=1 2 4 -5 8 -7 -8 -9 18 10 -12 -13 13 -15 15 17 24 -19 -20 22 21 -23 -24 -25 25 -27 -28 -29 29 -31
leaf_value=0.0051886718617711941 -0.049720001300295052 -0.043781456463791224 0.56700791915797666 2.8788387176990509 -1.648877180644444 -0.14338040717509615 3.3033693560532167 3.1607347757928075 -0.57564500212669378 0.35669959381569266 -0.48084693571616866 4.7578940856456757 1.7809567747694075 -0.46915725055396673 4.0973012125492101 1.7752182147719644 -0.29041045144611716 -1.0053324210214549 0.02846323283784051 1.0073087126016618 0.20333095166994181 5.6715709289818106 1.979035605986913 -1.7414364426500268 0.60828493535518646 -0.035860529253479732 3.4931865620613096 -0.66124274316725551 2.868780784947532 0.14002410255629441
leaf_weight=430709 50812 38735 184 25 35 119 21 20 20 43 58 20 33 549 25 22 1021 46 67752 20 23 33 24 72 24 169 20 290 28 377
leaf_count=430709 50812 38735 184 25 35 119 21 20 20 43 58 20 33 549 25 22 1021 46 67752 20 23 33 24 72 24 169 20 290 28 377
internal_value=1.65058e-11 -0.0139136 0.00265523 -0.0418964 0.0269602 0.639107 1.05296 0.821295 0.0239819 -0.128772 0.682701 1.7539 -0.165978 -0.146047 -0.0597269 1.02411 -0.111101 -0.105743 0.030187 0.638464 2.3727 3.42569 -0.497762 -1.14388 -0.143469 0.368085 1.9196 -0.206967 -0.114582 0.328679
internal_weight=591329 160620 109808 38760 71048 344 225 204 70704 2760 121 63 2639 2604 2055 93 1962 68 67944 192 76 56 116 92 1929 213 44 1716 1426 405
internal_count=591329 160620 109808 38760 71048 344 225 204 70704 2760 121 63 2639 2604 2055 93 1962 68 67944 192 76 56 116 92 1929 213 44 1716 1426 405
is_linear=0
shrinkage=0.05


Tree=116
num_leaves=31
num_cat=0
split_feature=159 269 151 289 289 281 227 99 255 271 187 68 0 162 106 101 288 218 190 215 219 9 215 239 4 180 23 47 40 62
split_gain=16471.2 49305.5 77589.7 52420.9 35724.4 18415.8 35953.3 77648.5 59533.9 38511.6 37880 73486.1 36625.4 63731.4 26519.6 28463.9 26423.2 26571.1 28344.3 67744.8 25798.1 48256.6 31342.1 37953.2 34430 52272.2 37994.6 57486.9 33727.3 32740.4
threshold=134.29836273193362 287.25000000000006 511.20249938964849 -42.749999999999993 -61.249999999999993 50.250000000000007 -402.24999999999994 62.250000000000007 181.75000000000003 80.952445983886733 115.81224060058595 76.639389038085952 -113.24999999999999 -216.74999999999997 -211.24999999999997 -421.24999999999994 84.250000000000014 260.25000000000006 617.75000000000011 134.27185821533206 25.250000000000004 -135.74999999999997 134.27185821533206 -161.74999999999997 -1052.2349853515623 85.338596343994155 -684.24999999999989 55.359054565429695 64.582298278808608 -427.65454101562494
decision_type=2 2 2 2 2 2 2 2 2 2 2 2 2 2 2 2 2 2 2 2 2 2 2 2 2 2 2 2 2 2
left_child=5 -2 4 -4 -3 16 7 8 9 -7 12 -12 13 -11 -8 -16 17 18 -1 -20 22 -22 24 -24 25 -18 27 -26 -29 -28
right_child=1 2 3 -5 -6 6 14 -9 -10 10 11 -13 -14 -15 15 -17 20 -19 19 -21 21 -23 23 -25 26 -27 29 28 -30 -31
leaf_value=-0.002761716664412257 -0.11757424432049086 -2.0528608764920917 3.7937929104875638 0.86153443745204383 0.52913832310083753 0.92684964319206264 -0.071403852043435176 3.4437238335609437 2.9736018687486649 -0.15754089930596904 -0.37626682988234927 3.4853329588066453 -2.1156280019066549 2.5990231253884057 1.8246738652614032 0.025957960791652357 -2.7554105034241312 -0.12848771660623912 -0.28261136906487605 3.2105944820072341 2.5722158038119476 0.41513125014866836 3.0372313094139098 -0.043076700568199157 3.4036961276971156 0.55611462918194865 -0.59298653131758672 -1.3143819521367552 1.1150798356533052 0.1676870912279127
leaf_weight=487886 4702 21 27 35 37 146 7545 20 20 447 28 22 22 22 22 84602 26 4230 35 23 30 191 20 20 21 22 169 20 50 868
leaf_count=487886 4702 21 27 35 37 146 7545 20 20 447 28 22 22 22 22 84602 26 4230 35 23 30 191 20 20 21 22 169 20 50 868
internal_value=1.26417e-11 -0.0920323 0.908785 2.13849 -0.405723 0.000756649 0.0211798 0.37142 0.284509 0.206224 0.0117482 1.32284 -0.121764 -0.0282351 0.0184172 0.0264256 -0.00308692 -0.00371201 -0.00263032 1.10263 0.211006 0.707948 0.12069 1.49708 0.0738737 -1.23763 0.129682 1.10927 0.420948 0.04372
internal_weight=591329 4822 120 62 58 586507 92896 727 707 687 541 50 491 469 92169 84624 493611 492174 487944 58 1437 221 1216 40 1176 48 1128 91 70 1037
internal_count=591329 4822 120 62 58 586507 92896 727 707 687 541 50 491 469 92169 84624 493611 492174 487944 58 1437 221 1216 40 1176 48 1128 91 70 1037
is_linear=0
shrinkage=0.05


Tree=117
num_leaves=31
num_cat=0
split_feature=289 288 288 275 271 136 238 190 281 280 274 55 288 12 75 292 19 267 229 274 220 206 266 194 226 239 187 280 275 30
split_gain=16511.1 25675.2 60317.8 26073.7 20514.2 19574.5 36019.8 19079.2 18210.6 24783.3 45057.9 31816.3 30312.5 28975.2 39238.1 35923 118399 36927.8 31894.6 24019.7 22268.8 45095.8 30340.8 21398.4 58461.7 22251.8 22750.1 21255.7 20478.8 23030.6
threshold=-1.7499999999999998 128.75000000000003 130.25000000000003 -173.74999999999997 37.078657150268562 530.75000000000011 432.75000000000006 443.75000000000006 4.2500000000000009 -167.24999999999997 38.250000000000007 96.762145996093764 86.750000000000014 135.51246643066409 98.441406250000014 123.25416183471681 52.488761901855476 -125.24999999999999 101.38744354248048 -119.24999999999999 271.75000000000006 527.50000000000011 -185.24999999999997 101.4989471435547 413.75000000000006 274.25000000000006 123.17309951782228 -129.74999999999997 -20.749999999999996 -75.249999999999986
decision_type=2 2 2 2 2 2 2 2 2 2 2 2 2 2 2 2 2 2 2 2 2 2 2 2 2 2 2 2 2 2
left_child=8 -2 -3 -4 -5 7 -7 -6 20 10 11 13 -13 14 15 17 -17 -10 -18 -19 21 -1 -22 27 25 26 -25 -24 -11 -30
right_child=1 2 3 4 5 6 -8 -9 9 28 -12 12 -14 -15 -16 16 18 19 -20 -21 22 -23 23 24 -26 -27 -28 -29 29 -31
leaf_value=-0.0086709343447903039 -0.02654992817592132 2.4259244194254279 -1.5374428998856318 1.6284097682971224 0.15770705100777863 2.7603853285312656 -0.017838383998189652 -1.2953260308752457 -0.056390024513837358 0.028523765628203503 2.5668775022029879 -0.0015135265058941313 -2.4292890143394472 2.2084960369836715 -1.2277038131889544 3.9637370779596526 1.1285587085996356 2.7225121134803412 -1.1137000151749317 0.48552721281136785 -1.9204343313282288 1.9631733709368213 -1.1996274659127901 1.6532680173005379 2.6281642354053001 -0.69766342039794138 -0.19563893632190985 -0.2491716509743451 -0.02478062536317148 0.010661147746449726
leaf_weight=188002 64827 32 21 26 385 20 28 24 251 98654 22 36 20 21 38 29 35 21 29 28 27 29 66 28 23 73 41 541 61982 175970
leaf_count=188002 64827 32 21 26 385 20 28 24 251 98654 22 36 20 21 38 29 35 21 29 28 27 29 66 28 23 73 41 541 61982 175970
internal_value=4.36831e-11 -0.0237005 0.320932 0.187282 0.26227 0.184546 1.13975 0.0724435 0.00294531 0.00990815 0.351549 0.25561 -0.868576 0.394889 0.306523 0.454871 1.31345 0.188712 0.112535 1.44424 -0.00948611 -0.00836682 -0.272892 -0.21527 0.289628 -0.0891487 0.554642 -0.352516 0.00937022 0.00142924
internal_weight=591329 65363 536 504 483 457 48 409 525966 337136 530 508 56 452 431 393 93 300 64 49 188830 188031 799 772 165 142 69 607 336606 237952
internal_count=591329 65363 536 504 483 457 48 409 525966 337136 530 508 56 452 431 393 93 300 64 49 188830 188031 799 772 165 142 69 607 336606 237952
is_linear=0
shrinkage=0.05


Tree=118
num_leaves=31
num_cat=0
split_feature=292 166 5 292 288 287 86 269 273 159 289 289 129 220 258 185 260 212 201 283 30 274 259 282 4 118 46 288 263 253
split_gain=16116 28209 29679.7 26177.9 21760.8 36098.5 27947.6 45400.8 28998.6 22460.7 57789.2 97267.6 189147 46471.8 54586.9 57215.6 36021.5 35722.3 28427 23360.6 22432.5 29546.7 25492.4 49535.6 269929 27675.8 41559.1 81078.6 56600.6 28124.2
threshold=12.128161907196047 22.135579109191898 22.802407264709476 19.345111846923832 22.250000000000004 10.250000000000002 694.25000000000011 287.25000000000006 149.75000000000003 101.59299468994142 -171.74999999999997 -198.74999999999997 -291.74999999999994 -282.74999999999994 -97.833133697509751 136.25000000000003 -129.74999999999997 -177.24999999999997 156.20999145507815 -2.7499999999999996 -222.74999999999997 -119.24999999999999 -129.24999999999997 -88.749999999999986 64.447498321533217 -210.07672119140622 -32.587499618530266 52.750000000000007 -157.12499999999997 -51.749999999999993
decision_type=2 2 2 2 2 2 2 2 2 2 2 2 2 2 2 2 2 2 2 2 2 2 2 2 2 2 2 2 2 2
left_child=-1 3 -3 -2 9 6 -6 8 -8 -4 11 13 -13 -11 -15 -16 19 -14 -18 -12 22 -22 25 24 -24 26 29 -28 -29 -7
right_child=1 2 4 -5 5 20 7 -9 -10 10 16 12 17 14 15 -17 18 -19 -20 -21 21 -23 23 -25 -26 -27 27 28 -30 -31
leaf_value=-0.058123939384721407 -0.0012906287643739457 -0.040514279668319567 -0.0061801879417697197 0.049355383708817632 0.055056446221061345 0.080122984511821316 -0.37852068159426022 -2.2264961559573808 0.86778389149241986 -1.2606346829264772 -0.70582679622618227 5.9470690001612132 -0.98961624218069988 2.849989874590011 -2.1987461888790132 1.5380072888873872 -0.064406733163157953 1.7407838487625122 -0.47595098724987306 0.97375712828202676 -0.88211142318223112 0.009539088073157306 -0.2834571557854294 -0.06605979319215749 -6.352778952121735 -0.43720853988717245 3.6336222517192365 2.5369550086203079 -0.53029246167191924 1.2297149266979912
leaf_weight=11690 49129 49674 262427 53081 47189 1628 344 30 54 51 351 23 23 21 20 21 5005 25 458 22 93 95323 218 14050 20 205 25 21 53 55
leaf_count=11690 49129 49674 262427 53081 47189 1628 344 30 54 51 351 23 23 21 20 21 5005 25 458 22 93 95323 218 14050 20 205 25 21 53 55
internal_value=-2.17992e-11 0.00117223 -0.00393138 0.0250115 0.000316885 0.0149562 0.0514084 -0.350808 -0.209424 -0.0083707 -0.103861 0.768596 2.21889 -0.142649 0.776984 -0.284799 -0.131368 0.432467 -0.0989093 -0.606763 -0.00058441 0.00867001 -0.0548406 -0.0781767 -0.793484 0.112963 0.176255 1.17183 0.340143 0.117691
internal_weight=591329 579639 477429 102210 427755 159308 47617 428 398 268447 6020 184 71 113 62 41 5836 48 5463 373 111691 95416 16275 14288 238 1987 1782 99 74 1683
internal_count=591329 579639 477429 102210 427755 159308 47617 428 398 268447 6020 184 71 113 62 41 5836 48 5463 373 111691 95416 16275 14288 238 1987 1782 99 74 1683
is_linear=0
shrinkage=0.05


Tree=119
num_leaves=31
num_cat=0
split_feature=124 145 18 292 292 201 5 292 208 214 75 288 5 250 289 289 257 282 257 20 273 267 229 208 268 236 159 5 211 289
split_gain=15688 23702.5 21901 36043.3 20658.2 29580.9 23594.5 26758.5 25056.4 31615.4 28838.2 165616 22155.8 29463.1 96069.3 161419 60560.4 29523.1 31318.8 33639.6 27464.1 46122.8 25047.5 23521.7 23447.6 33606.8 19491.8 18103.2 29833.5 40083.6
threshold=37.470197677612312 88.802360534667983 1061.9824829101565 134.80252075195315 17.131627082824711 17.95133209228516 22.802407264709476 40.579990386962898 52.225191116333015 -827.01251220703114 44.118034362792976 51.750000000000007 31.908575057983402 68.226818084716811 -51.249999999999993 -60.249999999999993 72.66733551025392 163.75000000000003 29.40387058258057 -327.76922607421869 -247.74999999999997 -197.74999999999997 63.408548355102546 50.294298171997077 -103.24999999999999 29.606833457946781 22.986247062683109 32.719823837280281 575.25000000000011 -147.24999999999997
decision_type=2 2 2 2 2 2 2 2 2 2 2 2 2 2 2 2 2 2 2 2 2 2 2 2 2 2 2 2 2 2
left_child=1 2 3 4 -1 -6 26 -8 9 -9 12 -12 20 17 15 16 -15 18 19 -14 -11 -22 -18 -16 -21 -26 -7 28 29 -2
right_child=27 -3 -4 -5 5 6 7 8 -10 10 11 -13 13 14 23 -17 22 -19 -20 24 21 -23 -24 -25 25 -27 -28 -29 -30 -31
leaf_value=-0.021047719311792962 -1.2267887654817766 1.6490194193341516 1.2767159066656057 -1.02793549235378 0.067440430022883538 0.014522457148957918 0.0085979798259801978 2.0631410175561906 -0.059054109521536106 -0.89679610000923271 0.065211408858327838 4.3965474312122055 2.633141776919365 2.8777407506416584 -0.19471768523074784 5.6234353582064314 -0.3503488910198212 -1.2885408766567708 0.096661683345365484 -0.14299417100846767 1.7952604944641526 0.027631826233946978 1.3482885544790941 1.4492277433474861 0.57809069692317783 2.7973558783531192 -0.039440812894438002 -0.0042745837521223134 1.3917215162681211 -0.045516181245518476
leaf_weight=51174 72 22 34 84 23320 29302 129388 20 3915 80 146 26 20 29 233 21 60 38 13108 88 37 14225 34 24 116 20 39014 258921 36 27722
leaf_count=51174 72 22 34 84 23320 29302 129388 20 3915 80 146 26 20 29 233 21 60 38 13108 88 37 14225 34 24 116 20 39014 258921 36 27722
internal_value=-4.06251e-12 0.0079021 0.00778355 0.00764188 0.00792761 0.0137823 0.00834051 0.0187533 0.0595094 0.0758969 0.0744927 0.719948 0.0705465 0.115796 0.538104 1.572 0.880287 0.103149 0.10711 0.668381 0.0270355 0.0322176 0.264052 -0.0411975 0.492956 0.904453 -0.016295 -0.00839337 -0.0467131 -0.0485763
internal_weight=591329 304578 304556 304522 304438 253264 229944 161628 32240 28325 28305 172 28133 13791 401 144 123 13390 13352 244 14342 14262 94 257 224 136 68316 286751 27830 27794
internal_count=591329 304578 304556 304522 304438 253264 229944 161628 32240 28325 28305 172 28133 13791 401 144 123 13390 13352 244 14342 14262 94 257 224 136 68316 286751 27830 27794
is_linear=0
shrinkage=0.05


Tree=120
num_leaves=31
num_cat=0
split_feature=288 281 10 285 271 166 261 275 18 177 227 3 266 267 225 103 289 268 19 110 227 8 282 289 269 205 227 191 197 289
split_gain=14951.9 42549.4 50810 21426 30394.4 17095.8 34304.2 61572.8 44187.8 33470.5 45329.8 30790.5 20784.8 28015.6 41098.5 39379.7 35718.8 46129.6 28776.6 76960.8 43419.4 64215.3 24282 37172.6 36532 34702 75315.8 32658.3 30074.6 23889.3
threshold=382.25000000000006 237.25000000000003 851.75000000000011 67.505489349365249 77.489280700683608 134.39642333984378 216.25000000000003 -1.7499999999999998 -447.30999755859369 249.75000000000003 295.25000000000006 338.25000000000006 260.25000000000006 206.25000000000003 191.75000000000003 90.620941162109389 -40.749999999999993 71.750000000000014 84.057746887207045 79.941329956054702 -402.24999999999994 525.25000000000011 -268.24999999999994 -122.74999999999999 -165.24999999999997 -519.24999999999989 -218.74999999999997 -293.24999999999994 -127.24999999999999 -157.24999999999997
decision_type=2 2 2 2 2 2 2 2 2 2 2 2 2 2 2 2 2 2 2 2 2 2 2 2 2 2 2 2 2 2
left_child=5 -2 3 -3 -5 -1 12 -8 -9 10 -10 -11 13 18 15 -15 -16 -18 -7 -20 21 -21 27 24 29 26 -25 -22 -26 -24
right_child=1 2 -4 4 -6 6 7 8 9 11 -12 -13 -14 14 16 -17 17 -19 19 20 22 -23 23 25 28 -27 -28 -29 -30 -31
leaf_value=0.00065356185827105404 2.4911636248878812 0.56596733757427764 2.1574055787013928 -2.6585901308059694 -0.08690067397223579 -0.3275973396033216 2.4976704443202298 -1.8759856778642405 0.14238085460662842 -1.566360884666443 3.2934742541540238 0.55602840670487941 -0.99521043420727584 2.9336814761161807 -0.86244137933370491 0.584400286297455 2.3645902951558431 -0.050951611463512694 2.4677496389547984 -1.3933111674255796 -1.9889181872208912 1.6724735641479491 0.74445243775844583 -0.34346891562143966 2.7720233097672464 -0.091133756123538689 3.6176913774013522 0.28789210532392778 0.79314420553855602 -1.2553770885802806
leaf_weight=586432 23 28 23 20 27 1445 34 23 25 25 21 54 67 20 102 165 24 112 30 117 36 20 28 30 24 2198 20 28 96 32
leaf_count=586432 23 28 23 20 27 1445 34 23 25 25 21 54 67 20 102 165 24 112 30 117 36 20 28 30 24 2198 20 28 96 32
internal_value=-7.29586e-12 0.555753 0.101523 -0.528947 -1.18124 -0.000113743 -0.0943291 0.578913 0.138117 0.508712 1.58092 -0.115614 -0.121001 -0.108062 0.279372 0.838377 -0.155149 0.37532 -0.147995 -0.0503929 -0.0791279 -0.945751 -0.0314845 -0.00614466 0.685239 -0.0615046 1.241 -0.992814 1.18892 -0.322123
internal_weight=591329 121 98 75 47 591208 4776 182 148 125 46 79 4594 4527 423 185 238 136 4104 2659 2629 137 2492 2428 180 2248 50 64 120 60
internal_count=591329 121 98 75 47 591208 4776 182 148 125 46 79 4594 4527 423 185 238 136 4104 2659 2629 137 2492 2428 180 2248 50 64 120 60
is_linear=0
shrinkage=0.05


Tree=121
num_leaves=31
num_cat=0
split_feature=289 280 268 92 259 173 247 159 281 280 274 22 212 247 82 194 68 33 283 276 56 229 108 71 202 288 289 15 281 288
split_gain=14796.9 20764.6 40088.9 25277.8 17985.6 27100.5 20207 17621.3 16777.9 23107 40337.2 28586.6 30550.4 78507.2 52293.6 75920.8 47258.4 44554.7 34363 29040.5 28370.2 26475.5 22865.3 20385.5 29122.9 62404.9 23913.3 58206.3 36289.6 28592.2
threshold=-2.7499999999999996 163.75000000000003 10.250000000000002 -656.24999999999989 283.25000000000006 39.864545822143562 330.50000000000006 83.875862121582045 4.2500000000000009 -167.24999999999997 38.250000000000007 92.250000000000014 -399.74999999999994 -391.74999999999994 61.943082809448249 56.896196365356452 58.163877487182624 66.362751007080092 -24.249999999999996 -214.74999999999997 -216.74999999999997 39.007453918457038 -103.24999999999999 153.25000000000003 219.224967956543 3.7500000000000004 -248.74999999999997 644.75000000000011 -106.74999999999999 125.75000000000001
decision_type=2 2 2 2 2 2 2 2 2 2 2 2 2 2 2 2 2 2 2 2 2 2 2 2 2 2 2 2 2 2
left_child=8 3 -3 -2 -4 -6 -7 -5 23 10 11 12 14 -14 15 21 22 -18 -19 -13 -20 -10 -15 24 -1 -26 27 -25 -28 -30
right_child=1 2 4 7 5 6 -8 -9 9 -11 -12 19 13 16 -16 -17 17 18 20 -21 -22 -23 -24 26 25 -27 28 -29 29 -31
leaf_value=-0.0031097642805542553 -0.81477358785271647 2.0701948519675963 -0.024364719172385901 -0.015498487707487485 2.4105307292938232 1.2382358617252773 -0.35106246630350751 -0.14633868284736651 1.2404025787656958 0.0098292648776873281 2.4365448954430495 -2.3340020656585696 3.4082325048446656 -0.47574400063430033 -0.91593914640446517 2.8217426077524821 3.3272414613337746 -0.88943622766629515 2.3686293190345169 0.0094232099178509846 0.036183593489907011 -0.86122979225313423 1.2619546371957531 -0.50710135775583765 3.3650022345781325 0.17113267848124872 -0.78931828197978793 2.957552307302302 -0.053489566748025352 1.6732932495574158
leaf_weight=165234 100 31 259 86754 20 36 45 2652 22 314487 22 20 25 107 96 30 21 23 32 39 22 47 23 27 20 65 168 22 20856 24
leaf_count=165234 100 31 259 86754 20 36 45 2652 22 314487 22 20 25 107 96 30 21 23 32 39 22 47 23 27 20 65 168 22 20856 24
internal_value=1.10639e-11 -0.0186799 0.344897 -0.0202682 0.19633 0.76227 0.355292 -0.0193795 0.00334895 0.0103847 0.340563 0.249613 0.385863 0.748353 -0.0844452 0.721852 0.4567 1.28579 0.729028 -0.784958 1.41837 -0.191144 -0.168305 -0.00854039 -0.00263379 0.922631 -0.0548254 1.04846 -0.0573938 -0.0515048
internal_weight=591329 89897 391 89506 360 101 81 89406 501432 315016 529 507 448 253 195 99 228 98 77 59 54 69 130 186416 165319 85 21097 49 21048 20880
internal_count=591329 89897 391 89506 360 101 81 89406 501432 315016 529 507 448 253 195 99 228 98 77 59 54 69 130 186416 165319 85 21097 49 21048 20880
is_linear=0
shrinkage=0.05


Tree=122
num_leaves=31
num_cat=0
split_feature=282 281 288 224 192 240 288 255 252 288 276 219 82 148 222 282 250 208 215 288 211 245 289 283 234 208 289 157 267 280
split_gain=14578.7 30302.5 26723.3 23171.2 48689.7 25656.5 23130.6 41481.3 39677.3 34925 78676.7 55138.9 62474 39724.6 38892.4 33490.2 32687.3 29287.8 28566.8 36017.6 26531.4 24416 40832.7 22730.7 23005.9 21930.8 48525.4 89932.9 138542 58408.2
threshold=-32.749999999999993 -7.7499999999999991 324.75000000000006 153.75000000000003 556.75000000000011 -104.24999999999999 127.25000000000001 37.250000000000007 25.250000000000004 109.75000000000001 -214.74999999999997 65.250000000000014 62.436260223388679 260.25000000000006 122.96020889282228 -171.74999999999997 155.55997467041018 156.81378936767581 123.0486183166504 166.75000000000003 -308.24999999999994 -167.74999999999997 -4.7499999999999991 57.250000000000007 160.25000000000003 58.161710739135749 -87.749999999999986 105.25000000000001 152.75000000000003 -7.7499999999999991
decision_type=2 2 2 2 2 2 2 2 2 2 2 2 2 2 2 2 2 2 2 2 2 2 2 2 2 2 2 2 2 2
left_child=1 3 6 4 -1 -5 9 8 17 -3 -11 14 -13 -14 21 -9 23 18 -8 -20 -19 22 -12 24 -17 26 27 28 29 -2
right_child=25 2 -4 5 -6 -7 7 15 -10 10 11 12 13 -15 -16 16 -18 20 19 -21 -22 -23 -24 -25 -26 -27 -28 -29 -30 -31
leaf_value=-0.0058354112718547032 3.3403955572843551 0.032726327885304676 1.5010123075977448 -0.91685360568925889 2.2011009585857391 -0.13024666492407549 -0.41467137374964197 -1.1279925083291942 -2.1466801350244453 3.2219958956241608 0.35348536935117514 -0.32398569501679519 0.98433450063069672 3.8838731121133878 -1.2077620911377449 2.3597758561372757 2.032851075132688 -2.8874125026521229 -0.31003498942763719 2.4509027288073586 -0.47667878103256228 -0.21422607032190852 2.8020095723015923 -0.42486506475592556 0.016690721295096658 -0.032406932536296881 -0.00074698936703343271 -0.16466445118881937 5.0819860665694527 0.39445376927560233
leaf_weight=76369 20 84560 31 109 25 2117 304 29 35 25 90 29 21 27 54 20 36 21 27 21 25 119 21 53 22 61827 364991 172 23 106
leaf_count=76369 20 84560 31 109 25 2117 304 29 35 25 90 29 21 27 54 20 36 21 27 21 25 119 21 53 22 61827 364991 172 23 106
internal_value=-6.01035e-11 0.0126627 0.033252 -0.00974671 -0.00511319 -0.168764 0.03272 -0.27847 -0.532676 0.0348924 0.509414 0.321562 1.50831 2.61532 -0.000197785 0.409473 0.749828 -0.39074 -0.235688 0.897875 -1.57723 0.283317 0.81672 0.26363 1.13245 -0.00486747 -0.000206566 0.614279 1.51346 0.862064
internal_weight=591329 164190 85570 78620 76394 2226 85539 593 433 84946 386 361 77 48 284 160 131 398 352 48 46 230 111 95 42 427139 365312 321 149 126
internal_count=591329 164190 85570 78620 76394 2226 85539 593 433 84946 386 361 77 48 284 160 131 398 352 48 46 230 111 95 42 427139 365312 321 149 126
is_linear=0
shrinkage=0.05


Tree=123
num_leaves=31
num_cat=0
split_feature=46 237 122 283 102 46 118 262 260 121 90 145 291 39 276 281 243 253 271 289 78 292 189 236 33 33 204 15 58 148
split_gain=14339.9 36925 145932 49520.7 57570.8 35409 41213.7 42812.9 35928.5 29086.8 31756.5 45294.8 38474.3 32189.7 39533.2 25739.8 23642.2 28043.4 22672.3 20270.3 44193 150618 52459.8 69379.3 53387.5 104877 34211.5 33597.6 31801.3 29513.3
threshold=-576.16250610351551 -483.17143249511713 -399.74999999999994 -49.249999999999993 -177.29750061035153 -326.14750671386713 -499.45689392089838 -218.24999999999997 -5.2499999999999991 -486.74999999999994 -614.68847656249989 61.447557449340827 -377.76750183105463 -521.79751586914051 -104.24999999999999 -81.749999999999986 43.164901733398445 -46.749999999999993 88.459583282470717 -248.74999999999997 -347.24999999999994 101.48758697509767 451.75000000000006 86.88782119750978 59.102506637573249 76.744182586669936 19.250000000000004 -6.2499999999999991 739.25000000000011 -154.24999999999997
decision_type=2 2 2 2 2 2 2 2 2 2 2 2 2 2 2 2 2 2 2 2 2 2 2 2 2 2 2 2 2 2
left_child=-1 2 3 4 9 16 7 -7 -9 10 13 -12 15 -2 -15 -13 -5 18 -18 20 21 -3 23 24 29 -26 27 -25 -24 -22
right_child=1 19 -4 5 -6 6 -8 8 -10 -11 11 12 -14 14 -16 -17 17 -19 -20 -21 22 -23 28 26 25 -27 -28 -29 -30 -31
leaf_value=-0.0502419083576525 0.87209397090805896 -0.11946713683453013 4.2861356372418618 1.4536527190452968 -1.9809217897857108 4.1283091020584113 0.097343142661783441 -0.14478249918846858 2.780010517438253 -1.7457260790325346 -0.16432847060263156 3.46914377117157 -0.25162938356399539 -2.2547149621778066 0.36509557142853738 1.1514313511226488 0.53619796949274401 0.90765884463509472 -0.7887493567033248 0.00054085499281618713 -1.1221514582633974 4.8184523471023724 0.25965947389602662 -2.120278365015984 3.1350657768738577 -0.76118333570418828 -3.0290238075256348 0.77789487659931189 2.9857982469641646 0.48038480154105595
leaf_weight=13869 27 47 23 39 41 20 36 21 21 21 80 25 20 36 24 23 51 73 88 576428 59 23 20 20 39 31 25 20 23 56
leaf_count=13869 27 47 23 39 41 20 36 21 21 21 80 25 20 36 24 23 51 73 88 576428 59 23 20 20 39 31 25 20 23 56
internal_value=1.95117e-11 0.00120667 0.372456 0.233114 -0.241435 0.636957 1.44296 2.22429 1.31761 0.0371543 0.196475 0.642113 1.59087 -0.56162 -1.20679 2.35857 0.322262 0.114129 -0.302618 0.000776073 0.374293 1.50299 0.104637 -0.172831 0.320895 1.40958 -1.57805 -0.671192 1.71783 -0.341786
internal_weight=591329 577460 669 646 297 349 98 62 42 256 235 148 68 87 60 48 251 212 139 576791 363 70 293 250 185 70 65 40 43 115
internal_count=591329 577460 669 646 297 349 98 62 42 256 235 148 68 87 60 48 251 212 139 576791 363 70 293 250 185 70 65 40 43 115
is_linear=0
shrinkage=0.05


Tree=124
num_leaves=31
num_cat=0
split_feature=282 280 287 254 253 283 289 33 283 75 192 278 51 275 259 147 0 236 275 281 19 130 166 12 285 222 233 176 264 187
split_gain=14298.1 22930 31174.2 32527.2 68239.8 34222.2 46713.9 31220.7 35800.3 35662.5 27962.2 27739.1 63902.4 84441.4 22114.9 37935.3 53393.9 36865.7 24718.4 32146.3 37697.5 32629.8 20531.9 40838.6 40955.5 28913.8 38848 30608.8 28898.9 44953.2
threshold=-80.749999999999986 -57.249999999999993 106.75000000000001 -363.74999999999994 -167.74999999999997 45.250000000000007 -57.249999999999993 59.55415344238282 -30.749999999999996 37.498531341552741 -391.24999999999994 157.00666046142581 -803.24999999999989 -48.749999999999993 -182.24999999999997 -295.74999999999994 -190.74999999999997 83.820888519287124 -173.74999999999997 -3.2499999999999996 54.586530685424812 124.16749954223634 67.712863922119155 60.860925674438484 70.999847412109389 83.843662261962905 386.25000000000006 522.75000000000011 115.27658081054689 101.50863647460939
decision_type=2 2 2 2 2 2 2 2 2 2 2 2 2 2 2 2 2 2 2 2 2 2 2 2 2 2 2 2 2 2
left_child=1 -1 3 4 7 11 -7 9 10 -3 -9 14 13 -13 15 -5 17 -17 19 20 -16 -21 28 -24 -25 -26 -27 -28 29 -2
right_child=22 2 -4 5 -6 6 -8 8 -10 -11 -12 12 -14 -15 18 16 -18 -19 -20 21 -22 -23 23 24 25 26 27 -29 -30 -31
leaf_value=0.0088176726232098938 0.0016710831631751998 -0.25355209648609162 -1.36630910957853 -0.89673674744931431 2.9479952335357669 2.7885595794077274 0.35884088503347861 -1.6442122919218882 1.3185024723983729 2.1910090852428126 0.52461053191319762 -0.33409244477748873 -0.77101788792408943 3.5224862488833342 0.57288239585856604 0.29206309170885519 -0.54252202730562737 2.4059625712308019 0.10721427522370937 -0.70933216635773821 3.512102867364884 1.554978944705083 -0.090868690389836776 -0.057062139918176658 0.13304044305823168 -0.0019342692511843064 -0.24433910391832653 0.94116469829653715 -0.31131943354003266 1.7936445367336273
leaf_weight=29588 492117 25 36 148 30 27 74 42 26 37 23 40 234 22 24 55 118 33 7434 41 20 26 18735 18627 6393 16313 76 192 738 35
leaf_count=29588 492117 25 36 148 30 27 74 42 26 37 23 40 234 22 24 55 118 33 7434 41 20 26 18735 18627 6393 16313 76 192 738 35
internal_value=1.66089e-11 0.0296255 0.101929 0.108163 0.767533 0.0936177 1.00837 0.339992 -0.249558 1.2053 -0.876783 0.0823438 -0.392862 1.03437 0.100151 -0.286086 0.152634 1.08478 0.118273 0.858902 1.90889 0.169356 -0.00204043 -0.0295713 -0.00196603 0.0427051 0.00787529 0.604977 0.00132969 0.00179852
internal_weight=591329 38103 8515 8479 183 8296 101 153 91 62 65 8195 296 62 7899 354 206 88 7545 111 44 67 553226 60336 41601 22974 16581 268 492890 492152
internal_count=591329 38103 8515 8479 183 8296 101 153 91 62 65 8195 296 62 7899 354 206 88 7545 111 44 67 553226 60336 41601 22974 16581 268 492890 492152
is_linear=0
shrinkage=0.05


Tree=125
num_leaves=31
num_cat=0
split_feature=274 273 232 282 287 287 229 281 278 144 253 4 274 271 107 275 201 5 280 288 204 289 54 177 240 114 184 283 289 268
split_gain=14388.8 27449.3 31604.1 34521.3 33619.4 22920.5 50646.7 63310.9 37740.9 22642.7 35927.9 30422.1 60303.6 28294.5 24612.9 23794.8 21472.3 26550.2 24697.9 27026.8 21142.3 21012.9 34898.8 23130.9 30062.5 50671.3 87468.3 23590 20842.5 23206.4
threshold=29.250000000000004 -35.249999999999993 503.25000000000006 -268.24999999999994 39.750000000000007 127.75000000000001 88.674983978271499 201.25000000000003 86.703907012939467 189.84500122070315 -167.74999999999997 753.82000732421886 -157.24999999999997 122.81138992309572 184.25000000000003 -20.749999999999996 28.871640205383304 31.727808952331547 -144.24999999999997 43.250000000000007 479.00000000000006 -198.74999999999997 83.936244964599624 -584.74999999999989 -331.74999999999994 -37.249999999999993 -128.74999999999997 -130.24999999999997 -60.249999999999993 -164.24999999999997
decision_type=2 2 2 2 2 2 2 2 2 2 2 2 2 2 2 2 2 2 2 2 2 2 2 2 2 2 2 2 2 2
left_child=5 2 3 -2 -4 9 8 -8 -7 15 11 13 -13 -11 -14 20 -3 28 19 -19 -1 22 -12 -23 25 -25 -27 -26 -18 -30
right_child=1 16 4 -5 -6 6 7 -9 -10 10 21 12 14 -15 -16 -17 17 18 -20 -21 -22 23 -24 24 27 26 -28 -29 29 -31
leaf_value=0.010836071690480635 2.0457468763641691 0.039755912354712986 0.14130832607095892 0.10433641983102609 2.973766782283783 -0.66283602901669436 -0.22668357093049135 -4.0238704181852798 1.9662028163671494 -0.48920258347128265 -0.2712267623628889 2.0866140719382993 0.12211198932246159 -1.6359662753948268 -2.0108165082477387 -0.015921992373668061 -0.28392193672578764 0.0057405876971426467 0.01039664431015949 -1.8345891163537378 -0.90527099484489071 -1.4478026840193519 1.977965521637131 -0.91178314387798309 -0.68767667928402376 3.899969532966614 0.35269460866325786 -0.035267215290869271 1.3112393538467586 -0.035928086842275837
leaf_weight=193102 23 41542 22 5148 20 43 23 21 20 244 35 31 38 69 21 151701 861 42 123251 38 63 29 34 32 139 25 57 43448 32 31175
leaf_count=193102 23 41542 22 5148 20 43 23 21 20 244 35 31 38 69 21 151701 861 42 123251 38 63 29 34 32 139 25 57 43448 32 31175
internal_value=-5.24999e-11 0.0108218 0.124067 0.112972 1.4901 -0.0056213 -0.737317 -2.03898 0.171779 -0.00542007 -0.039112 -0.509054 0.301091 -0.742004 -0.637066 -0.00110172 0.00782421 -0.00071192 0.00982659 -0.868416 0.0105373 -0.034788 0.837071 -0.0361637 -0.0352269 0.775665 1.43418 -0.0373478 -0.0412422 -0.0345467
internal_weight=591329 202154 5213 5171 42 389175 107 44 63 389068 44202 403 90 313 59 344866 196941 155399 123331 80 193165 43799 69 43730 43701 114 82 43587 32068 31207
internal_count=591329 202154 5213 5171 42 389175 107 44 63 389068 44202 403 90 313 59 344866 196941 155399 123331 80 193165 43799 69 43730 43701 114 82 43587 32068 31207
is_linear=0
shrinkage=0.05


Tree=126
num_leaves=31
num_cat=0
split_feature=274 282 288 281 289 282 40 283 78 274 38 120 274 89 180 251 171 121 289 254 282 282 26 66 274 240 23 229 275 248
split_gain=13647.5 30484.3 29094.2 33751.9 49650.3 36717.4 32283.6 74408.3 55997.6 99120.5 26875 29286.5 34690.1 26378.8 89072.1 51561.4 50591.8 29311.4 22637.7 22443.8 38072.8 122440 47258.6 32086.6 26015.8 24697.6 21838.4 32214.6 21442.6 34563.3
threshold=16.250000000000004 0.75000000000000011 90.250000000000014 6.2500000000000009 -86.249999999999986 -268.24999999999994 135.47835540771487 -1.2499999999999998 199.25000000000003 136.25000000000003 809.25000000000011 -476.74999999999994 65.250000000000014 63.988742828369148 57.338438034057624 340.55500793457037 -431.74999999999994 406.75000000000006 -28.249999999999996 -363.74999999999994 -98.249999999999986 -109.24999999999999 31.180074691772464 -459.24999999999994 63.250000000000007 -416.74999999999994 -684.24999999999989 85.29038238525392 -111.74999999999999 -197.74999999999997
decision_type=2 2 2 2 2 2 2 2 2 2 2 2 2 2 2 2 2 2 2 2 2 2 2 2 2 2 2 2 2 2
left_child=-1 2 19 4 -4 -5 10 -8 9 -9 11 12 -7 28 -15 16 -16 -17 -10 20 21 23 -22 26 -25 -21 27 -2 -13 -30
right_child=1 -3 3 5 -6 6 7 8 18 -11 -12 13 -14 14 15 17 -18 -19 -20 25 22 -23 -24 24 -26 -27 -28 -29 29 -31
leaf_value=-0.0072808371552514394 1.6380192321279776 -0.010190144989629378 -0.17854084682464599 2.2630293785106566 2.8620572484772779 0.49998295106925073 -1.4088102128605049 1.0609314633267266 1.420791383036252 5.337623841762543 -0.87478616237640383 -0.82519227064831169 -0.93140932450890546 3.6492246241796589 2.4924556799556901 3.2079109820452603 0.098379040282110086 0.86566924785866461 -0.42383902072906499 -0.56576679761625004 2.1046014100637129 4.4887116025794631 -0.31201991641095711 0.049291771650314335 2.4285446691292307 0.02025764576194471 -1.6718274483084679 -0.98062040035923337 1.8770790127607491 0.011697075887840868
leaf_weight=308184 23 127591 25 21 29 64 30 42 29 20 69 71 125 21 23 22 544 34 39 180 23 22 168 20 27 153260 20 24 26 553
leaf_count=308184 23 127591 25 21 29 64 30 42 29 20 69 71 125 21 23 22 544 34 39 180 23 22 168 20 27 153260 20 24 26 553
internal_value=-3.81947e-12 0.00792469 0.0227831 0.22337 1.45437 0.185012 0.159522 0.835753 1.35373 2.44051 0.0898077 0.134688 -0.446705 0.219605 0.446406 0.338445 0.195493 1.78584 0.362842 0.020452 0.434244 1.07361 -0.0210132 0.414557 1.4161 0.0195702 -0.288015 0.300842 -0.00510171 0.0954621
internal_weight=591329 283145 155554 1787 54 1733 1712 160 130 62 1552 1483 189 1294 644 623 567 56 68 153767 327 136 191 114 47 153440 67 47 650 579
internal_count=591329 283145 155554 1787 54 1733 1712 160 130 62 1552 1483 189 1294 644 623 567 56 68 153767 327 136 191 114 47 153440 67 47 650 579
is_linear=0
shrinkage=0.05


Tree=127
num_leaves=31
num_cat=0
split_feature=103 170 280 164 81 191 288 171 246 178 149 143 247 259 247 234 57 71 289 269 91 268 178 246 240 255 262 288 269 267
split_gain=14047.5 31811.4 75284.7 47530.1 40059.4 42666 36515.8 24014.8 28078.1 29016.2 27802.7 54641 26027.5 29500.6 33512.2 25676.9 31822.5 101995 23368.8 23169.1 31430.5 27764.6 22679.5 22619.3 37541.1 47362.4 36313.7 21691.2 20265.9 20050.1
threshold=156.87112426757815 532.75000000000011 -89.749999999999986 595.25000000000011 -103.37749862670897 395.75000000000006 106.75000000000001 386.75000000000006 214.25000000000003 373.25000000000006 -256.24999999999994 -479.74999999999994 -48.749999999999993 -235.74999999999997 -391.74999999999994 -108.24999999999999 -304.74999999999994 -170.74999999999997 -147.24999999999997 -20.249999999999996 451.75000000000006 67.750000000000014 -37.249999999999993 64.750000000000014 -47.749999999999993 -60.249999999999993 77.250000000000014 186.25000000000003 87.750000000000014 -34.749999999999993
decision_type=2 2 2 2 2 2 2 2 2 2 2 2 2 2 2 2 2 2 2 2 2 2 2 2 2 2 2 2 2 2
left_child=-1 3 -3 7 -4 -6 -7 8 9 12 11 -10 13 15 -15 16 29 -18 -16 -12 21 -21 -14 24 26 -26 28 -8 -20 -2
right_child=1 2 4 -5 5 6 27 -9 10 -11 19 -13 22 14 18 -17 17 -19 23 20 -22 -23 -24 -25 25 -27 -28 -29 -30 -31
leaf_value=0.00048470369659283616 -1.8400384099142895 3.4472009927034382 -1.7422299911146579 -1.9711984097957611 -1.2554909656445186 -0.33856163024902347 3.0961684848951259 -0.78491629427229925 -0.29690731206247883 1.5212995581626894 -1.5318361639976503 2.5488763244570913 -0.87482856016737132 1.6893580213189126 1.3397374384330982 1.0365953002657209 2.9919325208663943 -1.2579531639814379 -0.076565109232159437 0.85178947606710376 1.6087810621091299 -0.56540242966245091 -0.25039565045524531 -0.80314304908601253 3.2590653145313264 0.26634916097689898 1.4335859799996402 0.96852803993225101 -1.4808667650929204 -0.044951560497283938
leaf_weight=588999 70 20 23 36 24 26 23 135 31 25 20 37 199 32 33 21 20 48 530 54 35 96 540 82 20 39 39 25 27 20
leaf_count=588999 70 20 23 36 24 26 23 135 31 25 20 37 199 32 33 21 20 48 530 54 35 96 540 82 20 39 39 25 27 20
internal_value=7.26985e-11 -0.122528 0.605414 -0.169417 0.135698 0.576436 1.17057 -0.139289 -0.0960984 -0.169868 0.375432 1.25153 -0.194449 -0.0256344 0.103901 -0.606013 -0.824334 -0.00798679 0.0380123 0.0848225 0.259596 -0.0552133 -0.418545 -0.0202739 0.0777341 1.28083 -0.0413642 1.98802 -0.144637 -1.44113
internal_weight=591329 2330 141 2189 121 98 74 2153 2018 1745 273 68 1720 981 802 179 158 68 770 205 185 150 739 737 655 59 596 48 557 90
internal_count=591329 2330 141 2189 121 98 74 2153 2018 1745 273 68 1720 981 802 179 158 68 770 205 185 150 739 737 655 59 596 48 557 90
is_linear=0
shrinkage=0.05


Tree=128
num_leaves=31
num_cat=0
split_feature=173 5 292 171 240 288 75 267 124 187 171 145 173 287 32 287 174 159 187 289 262 250 257 276 285 208 222 228 101 288
split_gain=13863.4 29987.2 29973.9 28392.9 31993.1 24327.3 26024.3 26026.9 102056 38823.8 60212.4 67208.9 49216.3 45588.8 39037.6 25319.1 24831.3 20910 37737.2 33297.1 76904.6 32651.6 46765.1 57437.2 55157.2 47257.7 78806.3 40937.8 35653.5 35144.5
threshold=27.389127731323246 28.74396896362305 20.633726119995121 594.25000000000011 227.25000000000003 14.250000000000002 156.39149475097659 -197.74999999999997 30.684088706970218 62.465223312377937 -548.24999999999989 95.34143447875978 82.414131164550795 -164.74999999999997 -622.27749633789051 10.250000000000002 -321.46337890624994 49.970932006835945 101.50863647460939 -102.74999999999999 324.25000000000006 77.501045227050795 61.294424057006843 -93.749999999999986 95.100872039794936 56.096609115600593 52.531843185424812 -582.62750244140614 -45.249999999999993 31.250000000000004
decision_type=2 2 2 2 2 2 2 2 2 2 2 2 2 2 2 2 2 2 2 2 2 2 2 2 2 2 2 2 2 2
left_child=2 3 -1 -2 -5 6 7 8 -3 14 11 -11 13 -12 -10 17 -8 18 19 20 21 22 24 25 27 26 -24 -7 -25 -28
right_child=1 5 -4 4 -6 15 16 -9 9 10 12 -13 -14 -15 -16 -17 -18 -19 -20 -21 -22 -23 23 28 -26 -27 29 -29 -30 -31
leaf_value=-0.0096047632637442544 -0.037213327049071314 3.7658810541743324 0.030782730787541231 0.15112978387624026 2.7003629255294803 2.5125306105613712 -1.1194740182479446 -0.014083121505207461 -1.8306353236096247 3.8634363739578812 2.8570389330387118 0.18534323002981104 -0.50001761606841721 0.36268717821447122 0.0049349093122319099 -0.0026244861970503579 -0.20956949281913206 0.011979804857030827 1.6184568933951551 0.053846863039299447 3.211288212952407 -0.50388156949178031 -0.1775638413305084 1.2666170875231426 -2.0640018742818103 -0.71954738294084875 1.2452690926465122 0.2113284313401454 4.1801932971037576 3.9853700151443485
leaf_weight=88380 64953 21 95668 32 20 20 89 150458 35 27 26 23 106 62 168 112049 476 44856 39 32901 23 115 48 21 26 45 22 574 21 25
leaf_count=88380 64953 21 95668 32 20 20 89 150458 35 27 26 23 106 62 168 112049 476 44856 39 32901 23 115 48 21 26 45 22 574 21 25
internal_value=7.21533e-11 -0.00514645 0.0113886 -0.0362783 1.1316 0.000766108 -0.0141931 -0.0129251 0.359367 0.199329 0.624358 2.17151 0.225607 1.09965 -0.311543 0.0126443 -0.3529 0.0343733 0.0640215 0.0622301 0.355652 0.284027 0.397007 1.10171 0.190144 0.615196 1.24744 0.28881 2.72341 2.70277
internal_weight=591329 407281 184048 65005 52 342276 151491 150926 468 447 244 50 194 88 203 190785 565 78736 33880 33841 940 917 802 182 620 140 95 594 42 47
internal_count=591329 407281 184048 65005 52 342276 151491 150926 468 447 244 50 194 88 203 190785 565 78736 33880 33841 940 917 802 182 620 140 95 594 42 47
is_linear=0
shrinkage=0.05


Tree=129
num_leaves=31
num_cat=0
split_feature=110 4 166 5 289 283 261 180 283 159 292 127 274 33 47 134 225 203 255 219 227 190 187 42 262 292 5 201 19 254
split_gain=13444.8 25316.9 54439.3 17781 20825.6 54479.1 23299.8 36814.6 24592.1 20471.3 22249.8 20463.1 18136.6 17788.2 22819.2 20724.3 25593.7 21972.9 20415.1 40493.4 20856.6 19073.8 19107.6 18401.5 18136.1 17591.5 26710.9 30642.4 44156.3 356306
threshold=38.978326797485359 1079.497497558594 55.77215766906739 22.802407264709476 -47.749999999999993 180.75000000000003 -345.24999999999994 33.590181350708015 4.7500000000000009 22.986247062683109 17.558572769165043 718.75000000000011 14.750000000000002 30.995438575744632 32.32545471191407 706.75000000000011 169.75000000000003 235.75000000000003 -299.24999999999994 -383.24999999999994 229.75000000000003 -267.24999999999994 59.061710357666023 -262.24999999999994 107.75000000000001 45.439062118530281 39.862129211425788 56.910717010498054 38.742132186889656 -161.24999999999997
decision_type=2 2 2 2 2 2 2 2 2 2 2 2 2 2 2 2 2 2 2 2 2 2 2 2 2 2 2 2 2 2
left_child=1 3 -3 9 5 13 7 -6 -9 10 -1 -8 -10 15 18 16 17 21 -15 -20 24 22 23 -5 -21 -2 -27 28 29 -28
right_child=25 2 -4 4 6 -7 11 8 12 -11 -12 -13 -14 14 -16 -17 -18 -19 19 20 -22 -23 -24 -25 -26 26 27 -29 -30 -31
leaf_value=-0.02297720658799501 -0.024724201333389286 2.6192638052095258 -0.55802982220282915 -0.29560864969260164 -0.45070131091695087 2.1717838537548819 0.011625855489848409 2.9688285875320437 1.9283420908451081 -0.036663154222870573 0.030539016537747821 -0.81999570196746174 -0.15205453309145842 -0.8977299634254341 0.085983806595061385 1.3663034322006364 -0.34534508519332613 1.5765348635289982 2.4880992086096243 0.3222931803146466 1.506184528912935 0.050241289109765622 1.1163450634479524 -1.4070434951782227 -0.77577311411882066 -0.044569379228360483 7.1179608407616612 -0.0046162272861502429 0.042752075173562262 0.096442066059313367
leaf_weight=35129 101044 28 26 216 38 31 187711 20 20 41907 43438 74 22 33 5480 28 484 23 22 1050 36 5007 20 45 39 26401 20 101530 41220 187
leaf_count=35129 101044 28 26 216 38 31 187711 20 20 41907 43438 74 22 33 5480 28 484 23 22 1050 36 5007 20 45 39 26401 20 101530 41220 187
internal_value=2.60787e-11 0.00692045 1.08946 0.00673827 0.0158643 0.0783196 0.0117045 0.774716 1.52578 -0.00844211 0.00661076 0.0112981 0.838611 0.0731207 0.128931 0.00928841 0.00273165 0.0344524 0.32838 0.363656 0.322111 0.0277452 -0.373102 -0.487235 0.282968 -0.00821355 0.0016372 0.0101705 0.0464102 0.77485
internal_weight=591329 320927 54 320873 200399 12514 187885 100 62 120474 78567 187785 42 12483 6660 5823 5795 5311 1180 1147 1125 5288 281 261 1089 270402 169358 142957 41427 207
internal_count=591329 320927 54 320873 200399 12514 187885 100 62 120474 78567 187785 42 12483 6660 5823 5795 5311 1180 1147 1125 5288 281 261 1089 270402 169358 142957 41427 207
is_linear=0
shrinkage=0.05


Tree=130
num_leaves=31
num_cat=0
split_feature=100 261 240 155 258 107 128 178 59 257 75 291 288 239 47 12 236 241 255 50 120 285 3 289 282 263 142 114 180 57
split_gain=13423.7 69114.5 99362.8 29735 29828.5 91384.9 70248 70600.9 101686 51959.1 189486 54338.7 35254.8 33774.7 26809.9 36973.8 25858.7 25794.1 45170.6 26363 24236.3 23938 26841.7 48799.1 74512.7 45441.8 29070.8 24774.1 24274.3 23302
threshold=-371.74999999999994 216.25000000000003 89.750000000000014 -537.24999999999989 -251.85286712646482 16.250000000000004 -157.24999999999997 -241.74999999999997 -149.74999999999997 35.394445419311531 36.857433319091804 -719.61999511718739 177.75000000000003 -0.74999999999999989 52.837621688842781 66.256862640380874 24.750882148742679 -354.24999999999994 -236.24999999999997 -49.749999999999993 -192.74999999999997 44.654947280883796 -199.24999999999997 -108.24999999999999 -141.74999999999997 -153.86750030517575 -297.74999999999994 -273.74999999999994 73.81604385375978 -304.74999999999994
decision_type=2 2 2 2 2 2 2 2 2 2 2 2 2 2 2 2 2 2 2 2 2 2 2 2 2 2 2 2 2 2
left_child=1 16 -3 -2 5 6 7 9 14 10 -5 -11 13 21 29 -16 -1 18 -6 -20 -17 -13 -23 24 25 -24 -25 -27 -28 -9
right_child=3 2 -4 4 17 -7 -8 8 -10 11 -12 12 -14 -15 15 20 -18 -19 19 -21 -22 22 23 26 -26 27 28 -29 -30 -31
leaf_value=1.746420124769211 -1.4161116403502387 4.3278795155611904 -0.010174559553464253 0.20566098356246948 -1.4359632856962159 3.2528987219246726 -1.2851198596198385 -0.79364046714244751 4.0539024829864507 2.2992603116310559 4.9741289350986477 1.3592299564131376 1.6146848924232253 1.6865184290068491 2.9854848478138449 -0.55982238002445395 -0.05254463836684712 0.0008260266530090637 1.7976637159075057 -0.39969630844126913 1.6683593762608675 -0.20262757981558394 1.9951421287842095 -0.35648458711270781 3.9582749196887015 0.62921053680777561 0.24172189438118125 -1.6713649923151193 2.2860566745698452 0.6852891812367099
leaf_weight=20 37 22 33 125 82 24 82 39 25 26 25 29 33 28 25 23 16439 572416 21 39 26 1244 32 210 20 25 53 22 20 84
leaf_count=20 37 22 33 125 82 24 82 39 25 26 25 29 33 28 25 23 16439 572416 21 39 26 1244 32 210 20 25 53 22 20 84
internal_value=-2.71503e-11 -0.0444456 1.72505 0.00127689 0.00136813 0.184291 0.150755 0.206451 1.04999 0.107473 1.00041 0.0305842 -0.00378963 -0.0355244 0.668786 1.42079 -0.0503586 0.000658876 -0.673142 0.36938 0.622478 -0.0646587 -0.090054 0.276547 1.23202 0.541833 -0.057701 -0.447655 0.801814 0.21636
internal_weight=591329 16514 55 574815 574778 2220 2196 2114 222 1892 150 1742 1716 1683 197 74 16459 572558 142 60 49 1655 1626 382 99 79 283 47 73 123
internal_count=591329 16514 55 574815 574778 2220 2196 2114 222 1892 150 1742 1716 1683 197 74 16459 572558 142 60 49 1655 1626 382 99 79 283 47 73 123
is_linear=0
shrinkage=0.05


Tree=131
num_leaves=31
num_cat=0
split_feature=281 22 261 227 115 29 185 184 193 284 4 289 289 237 239 260 5 247 249 5 187 288 282 194 71 241 247 22 289 283
split_gain=12790.6 22551.5 68172.5 27280.4 82489.2 45683.5 53785.2 41288.9 31488.4 29449.3 53030.7 26710.3 37557.8 22121 28519.8 25808.7 22026.7 30543.6 30100.6 20883.2 27011.7 48717.8 23221.1 21052.6 29122.5 20817.7 23924.6 20261.6 23703.9 47302.1
threshold=50.250000000000007 -763.24999999999989 216.25000000000003 -402.24999999999994 133.25000000000003 -127.24999999999999 -348.24999999999994 -325.24999999999994 -697.46249389648426 -525.81249999999989 -513.66000366210926 -80.749999999999986 -54.749999999999993 -483.17143249511713 -1.2499999999999998 -54.749999999999993 48.465116500854499 -391.74999999999994 -780.08248901367176 21.606439590454105 32.620849609375007 237.50000000000003 12.750000000000002 37.475755691528327 43.750000000000007 151.25000000000003 113.25000000000001 223.25000000000003 -17.749999999999996 46.250000000000007
decision_type=2 2 2 2 2 2 2 2 2 2 2 2 2 2 2 2 2 2 2 2 2 2 2 2 2 2 2 2 2 2
left_child=27 2 11 4 5 6 8 -8 -3 10 -10 16 13 14 15 -13 -2 -18 -19 -5 21 23 -22 -21 -25 -14 -27 28 29 -1
right_child=1 3 -4 19 -6 -7 7 -9 9 -11 -12 12 25 -15 -16 -17 17 18 -20 20 22 -23 -24 24 -26 26 -28 -29 -30 -31
leaf_value=0.014416684042903187 0.51607807397842409 -0.61110899491656223 2.6618600796163085 -0.05919205406102114 3.4301561677739736 -1.0430518679080472 3.0717350117621884 0.42291376324636598 0.5949004044899574 0.1119108235778717 3.4062381619215012 1.8509742680050079 -0.4220046151393011 -0.40759640224277977 2.62745387657829 -0.43445460329453156 -2.2214195682330335 -1.4477515323956807 1.0564359465427697 0.084500440539871269 0.042041147152071925 1.9842134406461438 -0.01416550432260473 0.12738178491592408 2.5905486643314362 1.639473393228319 -0.14819508204694654 -0.036645300124238459 -0.0093666013814449386 -1.5891508367722451
leaf_weight=178878 20 93 20 8199 21 62 31 28 104 260 20 21 614 32 23 30 47 30 20 11811 35618 34 37960 30 20 27 61 41546 275623 46
leaf_count=178878 20 93 20 8199 21 62 31 28 104 260 20 21 614 32 23 30 47 30 20 11811 35618 34 37960 30 20 27 61 41546 275623 46
internal_value=-2.26705e-11 0.0167835 -0.226256 0.0192192 0.350061 0.241897 0.390529 1.81467 0.214378 0.4143 1.04834 -0.288701 -0.18646 0.690804 1.16579 0.506604 -0.994778 -1.30629 -0.446077 0.017033 0.0243449 0.0942522 0.0130433 0.0888346 1.11265 -0.318924 0.400294 -0.00322196 -0.000167032 0.0140044
internal_weight=591329 95236 945 94291 619 598 536 59 477 384 124 925 808 106 74 51 117 97 50 93672 85473 11895 73578 11861 50 702 88 496093 454547 178924
internal_count=591329 95236 945 94291 619 598 536 59 477 384 124 925 808 106 74 51 117 97 50 93672 85473 11895 73578 11861 50 702 88 496093 454547 178924
is_linear=0
shrinkage=0.05


Tree=132
num_leaves=31
num_cat=0
split_feature=117 5 225 288 131 18 292 233 32 124 272 288 44 292 282 260 282 266 282 282 173 292 30 83 170 286 287 269 36 85
split_gain=12928.6 27444.5 30344.2 27065.3 26463.3 29062.4 34244.1 34815.6 47500 34934.4 30808.7 28798 137140 23952.7 21493.2 21333.6 20624.7 30181.9 42283.5 37256.8 29851.1 118646 24583.1 93229.2 149137 62424.6 35987.1 68711 27901 46232.8
threshold=25.716030120849613 28.74396896362305 539.25000000000011 28.250000000000004 38.323999404907234 1061.9824829101565 134.80252075195315 -440.74999999999994 -738.75500488281239 36.204267501831062 -294.76576232910151 237.50000000000003 269.25000000000006 17.558572769165043 163.75000000000003 -147.24999999999997 12.250000000000002 -166.24999999999997 74.250000000000014 20.250000000000004 33.185705184936531 44.425207138061531 -222.74999999999997 -300.66207885742182 -229.24999999999997 -323.06172180175776 127.75000000000001 -148.74999999999997 -152.24999999999997 92.250000000000014
decision_type=2 2 2 2 2 2 2 2 2 2 2 2 2 2 2 2 2 2 2 2 2 2 2 2 2 2 2 2 2 2
left_child=13 2 -2 -3 5 6 7 8 -5 -10 -9 14 -13 -1 -12 -11 20 18 19 -18 21 -6 -22 24 -24 -25 28 -28 29 -27
right_child=1 3 -4 4 16 -7 -8 10 9 15 11 12 -14 -15 -16 -17 17 -19 -20 -21 22 -23 23 25 -26 26 27 -29 -30 -31
leaf_value=-0.016401411821569487 -0.036261259316109504 -0.0082676095081872687 1.6101099838369661 3.0269136606582574 -0.035583184366213515 1.7781191093325615 -1.1105533924747686 -0.69430709816799829 -0.045964725361656904 0.60580810308456423 0.073872936692731567 4.4605070638656619 -0.96047460372958859 0.024996640961607169 -1.4555272750232531 2.8621273522078994 2.1826227618824867 -0.023122619612636494 2.7565150130878795 -0.20359047317776727 -0.02628731877354596 -4.2766040387749671 5.5477034056186678 2.0999091005003132 -0.14888949464592668 0.23632874793284442 -3.4988856267929083 -0.28022370470553332 0.040511803325220738 2.4081629875302317
leaf_weight=50898 61311 257281 28 21 94 25 61 131 97 22 18890 20 28 111450 23 20 21 34413 22 74 14323 20 20 37 27 1235 20 97 40595 25
leaf_count=50898 61311 257281 28 21 94 25 61 131 97 22 18890 20 28 111450 23 20 21 34413 22 74 14323 20 20 37 27 1235 20 97 40595 25
internal_value=2.79854e-11 -0.00454817 -0.0355097 0.000617597 0.0213314 0.0744509 0.0722456 0.0759933 0.810481 0.475624 0.0698379 0.0751173 1.29827 0.0120179 0.072013 1.68025 0.0100461 -0.0203969 0.781305 0.323888 0.0286536 -0.779622 0.030288 0.0495558 2.27519 0.0470657 0.0452561 -0.830422 0.0477039 0.279421
internal_weight=591329 428981 61339 367642 110361 19338 19313 19252 160 139 19092 18961 48 162348 18913 42 91023 34530 117 95 56493 114 56379 42056 47 42009 41972 117 41855 1260
internal_count=591329 428981 61339 367642 110361 19338 19313 19252 160 139 19092 18961 48 162348 18913 42 91023 34530 117 95 56493 114 56379 42056 47 42009 41972 117 41855 1260
is_linear=0
shrinkage=0.05


Tree=133
num_leaves=31
num_cat=0
split_feature=289 288 288 280 183 247 248 168 261 285 30 22 281 280 274 176 12 75 257 264 288 281 264 201 166 262 98 283 289 191
split_gain=12535.1 22644.4 55165 22448 17815.5 16105.2 28346.6 26907.2 17039.3 16227.3 18700.1 22272.6 14129.2 19384.8 34391.3 26036 35437.4 45725.9 33992.2 36455.9 37743.8 37037.5 34051.7 33216.6 60082.9 27726.5 21197.4 31401.7 21130 23163.6
threshold=-1.7499999999999998 128.75000000000003 130.25000000000003 -51.749999999999993 451.75000000000006 76.250000000000014 124.75000000000001 218.25000000000003 189.25000000000003 77.378799438476577 -69.249999999999986 -245.74999999999997 4.2500000000000009 -167.24999999999997 38.250000000000007 66.250000000000014 135.51246643066409 98.441406250000014 51.225317001342781 55.33305740356446 86.250000000000014 83.250000000000014 46.77287673950196 64.047214508056655 49.980022430419929 -185.74999999999997 -364.24999999999994 -21.249999999999996 -45.749999999999993 -276.24999999999994
decision_type=2 2 2 2 2 2 2 2 2 2 2 2 2 2 2 2 2 2 2 2 2 2 2 2 2 2 2 2 2 2
left_child=12 4 -3 -4 -2 6 7 9 -7 -5 11 -11 -1 14 15 16 17 18 22 -20 21 26 28 24 -22 -17 27 -21 -14 -30
right_child=1 2 3 5 -6 8 -8 -9 -10 10 -12 -13 13 -15 -16 25 -18 -19 19 20 23 -23 -24 -25 -26 -27 -28 -29 29 -31
leaf_value=-0.0083837711513347953 -0.021998474625111591 2.3160773329436779 -1.285446327805519 0.91456208117306237 -0.5406458893454219 -0.33219115780608627 2.3131295459611074 1.7615653147300083 0.50402779634661821 -0.33651320856981104 -1.2544993070761363 1.358318056379046 -0.6010834063995969 0.008223676234763241 2.2462773583152078 -2.078877999385198 2.4071022266149522 -1.3563416392356158 2.7920690590143202 2.7601764242649081 -0.75923550647238036 2.9326212391257287 -1.6947667479635247 -0.73296128342004674 2.9398817005611604 0.21859629092545343 0.10182603942720514 0.22814661065737407 1.9464301145993748 -0.14451275710706357
leaf_weight=188830 64661 32 25 48 166 161 21 30 98 63 30 28 44 336606 22 24 20 40 20 25 23 24 31 73 21 29 57 24 26 27
leaf_count=188830 64661 32 25 48 166 161 21 30 98 63 30 28 44 336606 22 24 20 40 20 25 23 24 31 73 21 29 57 24 26 27
internal_value=3.29757e-11 -0.0206505 0.303003 0.175189 -0.0233266 0.251422 0.565997 0.381626 -0.015784 0.136666 -0.171921 0.184973 0.00256629 0.00869942 0.310849 0.227031 0.349199 0.254583 0.417714 0.738866 0.572615 1.15898 -0.252188 -0.0788981 1.00625 -0.821769 0.757396 1.52 0.208842 0.881233
internal_weight=591329 65363 536 504 64827 479 220 199 259 169 121 91 525966 337136 530 508 455 435 395 267 247 130 128 117 44 53 106 49 97 53
internal_count=591329 65363 536 504 64827 479 220 199 259 169 121 91 525966 337136 530 508 455 435 395 267 247 130 128 117 44 53 106 49 97 53
is_linear=0
shrinkage=0.05


Tree=134
num_leaves=31
num_cat=0
split_feature=100 261 240 155 258 107 129 178 59 257 75 291 288 239 206 241 255 260 236 211 250 152 285 3 289 282 153 80 142 183
split_gain=12411.8 59109.3 88700.8 27402.2 26356.2 81123.2 65312 67886.6 96999.8 48958.6 170595 50078.2 32642.7 29560.4 29418.5 23679 40565.8 24423.4 22726.8 22536.3 35532.4 23697 22245.2 18994.8 38616.7 73710.2 41955.8 46052.2 25214.6 21010.7
threshold=-371.74999999999994 216.25000000000003 89.750000000000014 -537.24999999999989 -251.85286712646482 16.250000000000004 -76.249999999999986 -241.74999999999997 -149.74999999999997 35.394445419311531 36.857433319091804 -719.61999511718739 177.75000000000003 -0.74999999999999989 -218.24999999999997 -354.24999999999994 -236.24999999999997 -99.749999999999986 24.750882148742679 -308.24999999999994 54.558881759643562 33.772132873535163 44.654947280883796 -199.24999999999997 -108.24999999999999 -141.74999999999997 -196.37154388427732 -208.74999999999997 -297.74999999999994 -313.74999999999994
decision_type=2 2 2 2 2 2 2 2 2 2 2 2 2 2 2 2 2 2 2 2 2 2 2 2 2 2 2 2 2 2
left_child=1 18 -3 -2 5 6 7 9 14 10 -5 -11 13 22 19 16 -6 -18 -1 -9 21 -21 -13 -24 25 26 27 -25 -26 -30
right_child=3 2 -4 4 15 -7 -8 8 -10 11 -12 12 -14 -15 -16 -17 17 -19 -20 20 -22 -23 23 24 28 -27 -28 -29 29 -31
leaf_value=1.6362532925605775 -1.3594261668823862 4.0528967375105074 -0.045810548464457201 0.19410796610862016 -1.3678312996121285 3.0644526913762093 -1.9132052541367319 1.579391590856454 3.8041473812527133 2.1857774193470294 4.7186451843380928 1.2909565851606173 1.5328522003058231 1.5280782855790238 2.4362798285484315 0.00080886477384151253 1.7177553222292947 -0.39722522298494978 -0.050255316269755851 -0.12081798088426393 -0.47466668686932989 1.9074970285097761 -0.20087775341168684 -0.0058086280165047487 -0.38013268978744053 3.7536167418956761 -1.0115385083086563 3.0686694610686533 1.7339506503836863 0.05425012415418258
leaf_weight=20 37 22 33 125 82 24 38 34 27 26 25 29 33 29 20 572416 21 39 16439 24 90 36 1262 29 214 20 33 21 29 52
leaf_count=20 37 22 33 125 82 24 38 34 27 26 25 29 33 29 20 572416 21 39 16439 24 90 36 1262 29 214 20 33 21 29 52
internal_value=-3.96831e-12 -0.0427377 1.59367 0.00122782 0.00131541 0.173263 0.141665 0.177849 0.987823 0.0807528 0.948198 0.00753009 -0.024814 -0.0547342 0.615074 0.000648713 -0.644937 0.343018 -0.048206 0.417117 0.153668 1.09617 -0.081911 -0.105895 0.195282 1.02879 0.372203 1.28547 -0.0957384 0.655624
internal_weight=591329 16514 55 574815 574778 2220 2196 2158 231 1927 150 1777 1751 1718 204 572558 142 60 16459 184 150 60 1689 1660 398 103 83 50 295 81
internal_count=591329 16514 55 574815 574778 2220 2196 2158 231 1927 150 1777 1751 1718 204 572558 142 60 16459 184 150 60 1689 1660 398 103 83 50 295 81
is_linear=0
shrinkage=0.05


Tree=135
num_leaves=31
num_cat=0
split_feature=117 170 280 128 226 288 226 209 183 218 253 281 64 288 274 260 143 219 259 120 122 107 76 269 276 248 227 275 87 153
split_gain=12209.5 32635.5 65900.3 44373.7 35427.2 31824.5 31020.5 44585.8 47504.1 66012.4 35116.7 32033.6 32279.7 26128.5 18023.4 96793.1 22617.3 21521.6 21339.7 19219.4 30063.4 29073.5 15918.3 44305.5 22257.9 26307.4 22033.4 21001 16767.8 15443
threshold=156.95742034912112 532.75000000000011 -89.749999999999986 503.75000000000006 264.75000000000006 118.75000000000001 -461.24999999999994 -551.60241699218739 -313.74999999999994 -62.749999999999993 -81.249999999999986 6.7500000000000009 -390.24999999999994 214.25000000000003 75.250000000000014 -83.249999999999986 -479.74999999999994 -253.74999999999997 -235.74999999999997 -178.74999999999997 13.250000000000002 -453.74999999999994 734.86126708984386 87.750000000000014 24.750000000000004 197.25000000000003 -239.74999999999997 -42.249999999999993 488.75000000000006 -69.919078826904283
decision_type=2 2 2 2 2 2 2 2 2 2 2 2 2 2 2 2 2 2 2 2 2 2 2 2 2 2 2 2 2 2
left_child=-1 3 -3 6 -4 -6 11 8 10 -10 -8 12 -2 -7 16 -16 -9 19 -19 21 -21 -18 24 28 25 27 -26 -17 -24 -28
right_child=1 2 4 -5 5 13 7 14 9 -11 -12 -13 -14 -15 15 22 17 18 -20 20 -22 -23 23 -25 26 -27 29 -29 -30 -31
leaf_value=0.00045119930821062835 -0.98109460060413078 3.2731844446063043 -0.982541736475257 -1.0857325180274684 -0.56580279078976869 2.480287889142831 -1.475253582497438 -1.3356911596986984 0.44494181986038506 4.2140223321460537 0.99388405929009116 -1.4660987366990348 1.1615810588002204 0.31470913153428298 3.5154913631081586 -0.88400695085525516 -0.14874793319475085 -1.4560522656988455 -0.23017708627915343 -0.62661807917631596 1.2869034906228385 2.3748370318412784 0.5797532024837676 1.9466969279986288 1.3414997078123547 2.1932235264778135 0.0064221567977843681 0.77149663533804558 -1.3954951655119658 -0.57033259587316021
leaf_weight=589006 39 20 43 123 29 30 24 45 26 21 36 82 32 26 20 30 21 37 876 65 30 25 21 36 21 20 209 53 22 261
leaf_count=589006 39 20 43 123 29 30 24 45 26 21 36 82 32 26 20 30 21 37 876 65 30 25 21 36 21 20 209 53 22 261
internal_value=3.0672e-11 -0.114403 0.604035 -0.16329 0.18698 0.778621 -0.107998 -0.0528167 0.938661 2.129 0.006229 -0.79289 -0.0153816 1.47484 -0.112018 0.08767 -0.237935 -0.191067 -0.279857 0.383859 -0.0223481 1.22277 -0.0141969 0.652595 -0.102878 0.565375 -0.243061 0.173122 -0.430839 -0.313861
internal_weight=591329 2323 148 2175 128 85 2052 1899 107 47 60 153 71 56 1792 693 1099 1054 913 141 95 46 673 79 594 103 491 83 43 470
internal_count=591329 2323 148 2175 128 85 2052 1899 107 47 60 153 71 56 1792 693 1099 1054 913 141 95 46 673 79 594 103 491 83 43 470
is_linear=0
shrinkage=0.05


Tree=136
num_leaves=31
num_cat=0
split_feature=292 166 5 281 289 287 246 257 233 215 187 268 29 150 243 173 227 192 253 184 196 215 194 288 225 22 201 228 79 271
split_gain=11940.3 20842.4 18045.6 16946.7 23677.1 37762.9 54587.1 123519 48881.4 29554.2 101946 27732.1 40593.6 55818.2 49641.5 99046.6 47708.4 56538.8 41025.5 40797.8 47982.1 34355.9 64498.3 54553.3 32517 42192.2 32394.3 31090.2 86836.4 40674.4
threshold=12.128161907196047 21.1159782409668 22.802407264709476 39.750000000000007 -68.749999999999986 -28.749999999999996 -282.24999999999994 82.322891235351577 386.25000000000006 45.97993469238282 44.131364822387702 -326.99999999999994 -752.74999999999989 -590.74999999999989 134.53252410888675 109.60205841064455 -95.249999999999986 -6.7499999999999991 -257.74999999999994 -128.74999999999997 -147.74999999999997 50.923347473144538 62.984712600708015 21.750000000000004 -275.24999999999994 -40.249999999999993 81.27506256103517 -402.47000122070307 -368.74999999999994 83.569084167480483
decision_type=2 2 2 2 2 2 2 2 2 2 2 2 2 2 2 2 2 2 2 2 2 2 2 2 2 2 2 2 2 2
left_child=-1 -2 -3 4 5 11 7 -7 9 10 -8 12 14 -14 15 21 17 19 -16 20 24 -4 -23 -24 25 27 -25 28 -15 -29
right_child=1 2 3 -5 -6 6 8 -9 -10 -11 -12 -13 13 16 18 -17 -18 -19 -20 -21 -22 22 23 26 -26 -27 -28 29 -30 -31
leaf_value=-0.050030510505020345 0.023345252011699097 -0.030015782233179494 2.2210026848883859 0.017001845661785319 -0.0089955016777884568 -0.27753861005748476 0.35771919703898741 4.4461298828125004 2.6890067839622498 0.085332429010324229 3.8718440745187843 0.043462119460891964 -1.1513648300031043 0.012483544050867022 -1.5409938827474068 4.0416750712828202 -1.33289757225758 2.3575935125350953 0.82564827660719564 -1.799596113448634 2.3888233090192084 -2.2581787427266438 2.8107993830334057 1.2223536429197894 -0.7518751055002213 1.7075699674455747 -1.3101289532014304 -0.0089135053883428166 3.2644578057786697 -1.6621120055426251
leaf_weight=11690 88495 54959 21 113522 302073 31 201 25 20 1039 23 18133 179 191 47 22 78 24 30 34 20 24 22 23 144 38 28 115 23 55
leaf_count=11690 88495 54959 21 113522 302073 31 201 25 20 1039 23 18133 179 191 47 22 78 24 30 34 20 24 22 23 144 38 28 115 23 55
internal_value=-8.51089e-11 0.001009 -0.00301557 0.000386432 -0.00545934 0.0464192 0.30317 1.83124 0.236473 0.197636 0.718545 0.0285609 -0.213124 -0.360982 0.400795 0.961641 -0.165028 -0.023578 -0.618926 -0.115752 -0.018055 0.387397 -0.00956887 0.7297 -0.103104 0.118278 -0.168029 -0.0389956 0.361995 -0.543772
internal_weight=591329 579639 491144 436185 322663 20590 1339 56 1283 1263 224 19251 1118 901 217 140 722 644 77 620 586 118 97 73 566 422 51 384 214 170
internal_count=591329 579639 491144 436185 322663 20590 1339 56 1283 1263 224 19251 1118 901 217 140 722 644 77 620 586 118 97 73 566 422 51 384 214 170
is_linear=0
shrinkage=0.05


Tree=137
num_leaves=31
num_cat=0
split_feature=159 5 292 252 285 8 27 288 156 244 68 285 117 124 287 236 124 275 267 253 289 268 206 176 169 257 232 219 267 183
split_gain=12408.3 31684.2 40737.7 76737.6 45189.7 39350.8 42887.4 42935.1 22034.8 54519.1 26907 26241.3 94242.8 223675 45881.9 41952.2 35294.7 33341.4 46664.6 33345 37682.1 32910.1 28961 51040.6 58920 32548.6 38133.5 38251.2 28794 28053.6
threshold=51.210628509521491 52.163213729858406 55.676559448242195 211.25000000000003 53.873552322387702 122.25000000000001 52.007200241088874 119.75000000000001 -438.24999999999994 -463.49441528320307 49.02973937988282 134.95200347900393 82.433078765869155 79.930374145507827 -94.749999999999986 85.283882141113295 67.687099456787124 -299.74999999999994 -110.24999999999999 -105.74999999999999 -50.249999999999993 125.25000000000001 -22.249999999999996 -287.24999999999994 -337.24999999999994 115.30126571655275 57.250000000000007 -253.74999999999997 125.25000000000001 -368.74999999999994
decision_type=2 2 2 2 2 2 2 2 2 2 2 2 2 2 2 2 2 2 2 2 2 2 2 2 2 2 2 2 2 2
left_child=-1 -2 3 -3 5 6 7 -4 10 -10 -6 -12 13 14 16 -16 -13 -17 -19 -20 29 22 23 25 -25 -14 -27 28 -28 -21
right_child=1 2 4 -5 8 -7 -8 -9 9 -11 11 12 21 -15 15 17 -18 18 19 20 -22 -23 -24 24 -26 26 27 -29 -30 -31
leaf_value=0.0044230220001185878 -0.04450618043313713 -0.039773601840769952 0.52570502344194958 2.7312762160301212 -1.210967431878144 -0.1379101436679103 3.1378725764297304 2.9650177311897279 2.235578032263688 0.02881094784747848 -0.15784373106504918 -1.7230096012353897 1.2436387460807277 4.4781286252511512 2.18670087993145 -1.4227449070323599 0.43498535239034236 2.6922682591713967 -1.0356882585797991 0.74284748391193511 -0.099837598114302664 1.2393959506561882 -1.2518014395773849 2.9825806240240738 0.2068793238477504 -0.67210752237726146 2.9518292319774631 -0.6707422612344518 0.26882724314928058 3.003836575668791
leaf_weight=430709 50812 38735 184 25 53 119 21 20 28 66739 2795 40 29 37 40 22 36 24 35 34 66 38 68 24 94 405 20 34 20 23
leaf_count=430709 50812 38735 184 25 53 119 21 20 28 66739 2795 40 29 37 40 22 36 24 35 34 66 38 68 24 94 405 20 34 20 23
internal_value=5.97836e-11 -0.0118605 0.00324578 -0.0379863 0.0257398 0.597425 0.986335 0.764853 0.0229583 0.0297364 -0.0919896 -0.0767203 0.131489 0.797531 0.371962 0.706102 -0.700801 0.415788 0.638028 0.325992 0.713462 -0.193343 -0.271793 -0.165338 0.771429 -0.382933 -0.481411 0.562269 1.61033 1.65518
internal_weight=591329 160620 109808 38760 71048 344 225 204 70704 66767 3937 3884 1089 357 320 244 76 204 182 158 123 732 694 626 118 508 479 74 40 57
internal_count=591329 160620 109808 38760 71048 344 225 204 70704 66767 3937 3884 1089 357 320 244 76 204 182 158 123 732 694 626 118 508 479 74 40 57
is_linear=0
shrinkage=0.05


Tree=138
num_leaves=31
num_cat=0
split_feature=46 237 122 283 102 46 232 11 201 222 90 65 289 274 246 262 289 265 272 75 288 5 281 289 282 253 271 268 31 16
split_gain=12058.5 32106.1 125155 40857.8 46588.9 31863.6 36990.2 50621.3 28413.8 55438.1 28282.6 46948.4 34729.3 27369.8 22624.7 61549.6 34056.3 21368.9 46475.9 93019 37745.1 29679.5 38233 22561.9 21240.5 20958.8 31986.9 30733.1 20696.5 27722.4
threshold=-576.16250610351551 -483.17143249511713 -399.74999999999994 -49.249999999999993 -177.29750061035153 -326.14750671386713 -219.74999999999997 -161.01750183105466 55.009468078613288 60.421348571777351 -614.68847656249989 -636.24999999999989 -171.74999999999997 -100.74999999999999 448.00000000000006 324.25000000000006 -73.749999999999986 -393.96055603027338 -371.98680114746088 53.890012741088874 166.75000000000003 37.232128143310554 47.750000000000007 -43.249999999999993 -171.74999999999997 -21.749999999999996 92.610137939453139 -53.249999999999993 -492.24999999999994 -604.24999999999989
decision_type=2 2 2 2 2 2 2 2 2 2 2 2 2 2 2 2 2 2 2 2 2 2 2 2 2 2 2 2 2 2
left_child=14 2 3 4 8 25 7 -7 -2 -10 13 -12 -13 -11 15 -1 -16 20 19 -19 21 24 -23 -24 -3 26 28 -27 29 -5
right_child=1 17 -4 5 -6 6 -8 -9 9 10 11 12 -14 -15 16 -17 -18 18 -20 -21 -22 22 23 -25 -26 27 -28 -29 -30 -31
leaf_value=-0.045848267288041353 -0.70280151632289556 1.3130993016418957 3.9716627336066703 1.18056169860065 -1.7776128707862484 2.358691845514945 2.8480504111997016 -0.39928164285857504 2.8175702251139145 -2.0331956052780149 2.5803410177645478 1.2263722785313924 -1.0628823188511101 0.14613254631266875 -2.4737808699409172 2.7299149465560912 -0.055386953740506562 -0.23250955993479364 0.00075966830797688512 3.3433394632031845 -2.5233355426788329 -1.011823027154495 1.746378533218218 -0.42354479789733884 -0.32991253943056675 2.3482202131991037 -0.71519660430859378 0.15374490282474421 2.0055024524529776 -0.66958534194201969
leaf_weight=13788 86 42 23 40 41 28 29 41 21 25 23 30 37 34 24 20 37 44 576424 31 20 145 23 25 37 27 83 39 21 41
leaf_count=13788 86 42 23 40 41 28 29 41 21 25 23 30 37 34 24 20 37 44 576424 31 20 145 23 25 37 27 83 39 21 41
internal_value=8.36972e-11 0.00110653 0.347284 0.218243 -0.212805 0.585066 1.34966 0.719896 0.0378087 0.41247 0.0734965 0.631249 -0.0378429 -0.777312 -0.0460724 -0.0418278 -1.00689 0.000705012 0.000921605 1.24551 -0.426916 -0.272768 -0.606924 0.61621 0.543587 0.286541 0.0136416 1.05148 0.606716 0.244068
internal_weight=591329 577460 669 646 297 349 98 69 256 170 149 90 67 59 13869 13808 61 576791 576499 75 292 272 193 48 79 251 185 66 102 81
internal_count=591329 577460 669 646 297 349 98 69 256 170 149 90 67 59 13869 13808 61 576791 576499 75 292 272 193 48 79 251 185 66 102 81
is_linear=0
shrinkage=0.05


Tree=139
num_leaves=31
num_cat=0
split_feature=240 220 267 239 273 59 283 226 253 196 283 283 16 275 155 289 272 54 239 261 163 129 292 283 204 254 282 119 253 288
split_gain=11928.2 21699.9 36922.7 26043.2 51379.3 33665.7 43011.6 33570.2 31307.7 25467.6 25239.5 22495.9 21551.6 53861.2 99306.4 35847.1 30952.3 77763.1 25735.9 35112.6 34176.2 24105.6 21535.8 23256.2 19829.1 18620.2 76469.3 18607.3 18465.6 26899.3
threshold=-59.749999999999993 195.75000000000003 245.75000000000003 138.25000000000003 -135.74999999999997 10.750000000000002 116.25000000000001 -365.24999999999994 245.25000000000003 -37.249999999999993 180.75000000000003 76.250000000000014 -188.74999999999997 -239.74999999999997 -110.74999999999999 -198.74999999999997 -294.76576232910151 64.627952575683608 473.75000000000006 270.75000000000006 -278.74999999999994 -170.24999999999997 97.965423583984389 41.750000000000007 143.75000000000003 -116.24999999999999 48.750000000000007 200.25000000000003 33.750000000000007 124.75000000000001
decision_type=2 2 2 2 2 2 2 2 2 2 2 2 2 2 2 2 2 2 2 2 2 2 2 2 2 2 2 2 2 2
left_child=1 3 22 10 -5 6 7 -6 9 -9 -1 -7 13 14 -2 -15 17 -17 19 27 -20 -22 23 -3 -24 26 -14 -18 29 -27
right_child=12 2 -4 4 5 11 -8 8 -10 -11 -12 -13 25 15 -16 16 18 -19 20 -21 21 -23 24 -25 -26 28 -28 -29 -30 -31
leaf_value=0.013344979069174416 -4.1101470276065495 -0.18669889858097174 1.7913387319445613 2.6198766489028933 -0.81872314381044975 -0.05731651154485079 2.8523912109434608 0.15524368755552068 2.5062811707908459 1.8894015105871056 -0.81509245510982431 -1.7602998604377111 0.10660293167919828 2.0269533725011919 0.19711374118924141 -0.54629262880637097 -0.0363263652597101 3.6007068073749546 -2.6946369284675238 1.5436317055565971 1.0389941996335983 -1.3113674928744636 0.84061679035425196 1.5726271649201713 -0.79165130258164607 -0.01096552492733182 2.6469794285297397 -0.32425023181249568 0.010775111857898026 0.84884680077679209
leaf_weight=139297 23 178 20 25 43 101 20 114 22 26 92 24 2358 21 32 26 36085 20 21 35 20 24 20 21 267 236132 30 570 175571 91
leaf_count=139297 23 178 20 25 43 101 20 114 22 26 92 24 2358 21 32 26 36085 20 21 35 20 24 20 21 267 236132 30 570 175571 91
internal_value=-3.70699e-11 0.0127344 -0.314109 0.0139177 0.430037 0.27362 0.639125 0.423197 0.752842 0.477302 0.0127982 -0.384289 -0.00396013 -0.040588 -1.6041 -0.0382526 -0.0394311 1.25675 -0.0410533 -0.0392922 -1.03508 -0.243021 -0.400753 -0.00104137 -0.677904 -0.000698944 0.138517 -0.0408037 -0.00150626 -0.0106343
internal_weight=591329 140270 506 139764 375 350 225 205 162 140 139389 125 451059 36877 55 36822 36801 46 36755 36690 65 44 486 199 287 414182 2388 36655 411794 236223
internal_count=591329 140270 506 139764 375 350 225 205 162 140 139389 125 451059 36877 55 36822 36801 46 36755 36690 65 44 486 199 287 414182 2388 36655 411794 236223
is_linear=0
shrinkage=0.05


Tree=140
num_leaves=31
num_cat=0
split_feature=282 267 274 232 239 267 240 16 288 287 219 206 47 276 266 283 283 61 288 281 268 110 253 289 271 269 37 269 287 147
split_gain=11741.3 21872.3 25259.2 59380.4 68261.8 58316 107840 27204 23465.9 31717.9 52034.3 27785.3 21133.8 19744.6 51754.7 34195.8 31838.6 39093.8 21731.8 33250.3 28464.3 62042 68358.2 96946 28390.8 22237.5 42264.7 19995.6 28968.5 21354.1
threshold=-6.7499999999999991 11.750000000000002 -73.249999999999986 171.25000000000003 -1.7499999999999998 25.750000000000004 6.2500000000000009 -394.74999999999994 324.75000000000006 127.75000000000001 -76.749999999999986 527.50000000000011 62.97923660278321 -129.74999999999997 190.75000000000003 -114.74999999999999 2.7500000000000004 134.98390197753909 59.250000000000007 -41.249999999999993 -201.74999999999997 79.941329956054702 -167.74999999999997 -79.749999999999986 75.491870880126967 287.25000000000006 761.75000000000011 -80.249999999999986 72.250000000000014 522.75000000000011
decision_type=2 2 2 2 2 2 2 2 2 2 2 2 2 2 2 2 2 2 2 2 2 2 2 2 2 2 2 2 2 2
left_child=1 8 3 4 7 -6 -7 -3 9 11 12 -1 -11 14 15 -4 17 -17 20 -20 21 22 24 -24 -15 -22 -27 28 -21 -29
right_child=-2 2 13 -5 5 6 -8 -9 -10 10 -12 -13 -14 18 -16 16 -18 -19 19 27 25 -23 23 -25 -26 26 -28 29 -30 -31
leaf_value=-0.0037170073211404068 -0.0092158258628628874 1.1268917326269479 -1.4723954276144504 -0.77658590935170657 0.22447337460859368 5.3150627983940977 0.47096779584884652 -0.93085743101934593 1.32897430044232 -1.3332730922205696 -3.1920930022001266 -0.8775802310187738 0.4303964569801238 1.3849367683132492 1.6344742874304456 -0.2177552436412992 -1.4594325182172989 2.1092632582783701 1.6145529737343658 -0.90170222336053851 0.016801689589981888 -0.7864269020465704 4.2322256130330702 0.25928273605448859 -0.84783983741487789 -0.23821146505574387 -2.6954075163318998 0.15450328897473353 0.94396233669033769 -0.24407922028054521
leaf_weight=228358 218125 29 75 56 24 27 20 36 33 29 20 91 41 24 30 185 45 20 37 100 138575 52 34 28 35 105 21 4685 27 362
leaf_count=228358 218125 29 75 56 24 27 20 36 33 29 20 91 41 24 30 185 45 20 37 100 138575 52 34 28 35 105 21 4685 27 362
internal_value=1.94086e-12 0.00538634 0.0206031 0.593717 1.15796 2.22977 3.25375 -0.0127847 -0.00424231 -0.00443482 -0.942895 -0.0040651 -0.300267 0.0198413 -0.35259 -0.536011 -0.255096 0.00927095 0.0207589 0.121003 0.0169974 0.657951 1.27868 2.43799 0.0604083 0.016198 -0.647744 0.110322 -0.509317 0.125915
internal_weight=591329 373204 144632 192 136 71 47 65 228572 228539 90 228449 70 144440 355 325 250 205 144085 5211 138874 173 121 62 59 138701 126 5174 127 5047
internal_count=591329 373204 144632 192 136 71 47 65 228572 228539 90 228449 70 144440 355 325 250 205 144085 5211 138874 173 121 62 59 138701 126 5174 127 5047
is_linear=0
shrinkage=0.05


Tree=141
num_leaves=31
num_cat=0
split_feature=117 278 236 274 267 288 254 261 37 37 149 243 253 283 253 129 37 289 207 106 262 139 274 28 25 205 215 224 33 173
split_gain=11790.9 32557.4 20423 18278.2 39624.5 28727.3 23781.2 74761.3 54465.3 44182.9 69046.3 51932 33060.8 26515.9 25883.1 24737.1 24652.7 23753.3 44045.1 26952.4 26732.6 26609.2 25742.5 22951.1 33079.6 94255.2 29408.4 29792.3 58083.8 51996.3
threshold=42.644237518310554 157.00666046142581 73.728504180908217 146.75000000000003 -197.74999999999997 382.25000000000006 -7.2499999999999991 135.75000000000003 1.7500000000000002 74.750000000000014 83.250000000000014 50.596111297607429 53.250000000000007 -36.249999999999993 221.25000000000003 -170.24999999999997 405.75000000000006 -77.749999999999986 -99.062499999999986 26.250000000000004 -218.24999999999997 -16.758866310119625 160.75000000000003 673.25000000000011 827.51751708984386 110.75000000000001 71.222419738769545 347.25000000000006 67.634021759033217 83.870124816894545
decision_type=2 2 2 2 2 2 2 2 2 2 2 2 2 2 2 2 2 2 2 2 2 2 2 2 2 2 2 2 2 2
left_child=1 -1 -3 5 -5 -2 7 8 17 10 12 -11 -10 -13 15 -15 -8 18 22 20 -19 -22 -6 24 -18 -26 -25 -28 -29 -30
right_child=3 2 -4 4 6 -7 16 -9 9 11 -12 13 -14 14 -16 -17 23 19 -20 -21 21 -23 -24 26 25 -27 27 28 29 -31
leaf_value=0.0059284873105263014 -0.011913353502814972 -2.2904657775705513 -0.51344352882416533 1.9025490720210403 0.56895698763075331 1.7180428465207418 -0.034270149828966687 2.8267943659314403 -0.060955895741398515 2.8540513938665395 3.4681721220093387 -1.0136657460739738 2.0460649902450627 1.9041447260163047 2.0349061651663347 0.17992623806857938 0.20602954979824606 1.4755976357975522 1.3735523498576621 -0.60251488482817672 0.062130779733375323 1.9068693190440535 -1.3618607136392102 -0.617415108021937 4.1924426889419557 0.51448493988425648 -0.21982654042865921 1.4765289408836475 -1.461662737359392 0.37044785488735549
leaf_weight=357969 223135 22 61 29 21 24 6196 27 52 20 31 38 29 22 22 382 1039 37 23 133 865 20 97 171 20 135 345 97 47 220
leaf_count=357969 223135 22 61 29 21 24 6196 27 52 20 31 38 29 22 22 382 1039 37 23 133 865 20 97 171 20 135 345 97 47 220
internal_value=-4.86231e-13 0.00569891 -0.984461 -0.00874713 0.0569825 -0.0117273 0.0516776 0.215359 0.176013 0.566497 1.46142 0.359406 0.69341 0.251879 0.364767 0.273819 0.0156755 -0.0185765 -0.62809 0.0628845 0.158869 0.10382 -1.01824 0.164886 0.307679 0.98906 -0.0288573 0.113094 0.428637 0.0479415
internal_weight=591329 358052 83 233277 10118 223159 10089 1819 1792 596 112 484 81 464 426 404 8270 1196 141 1055 922 885 118 2074 1194 155 880 709 364 267
internal_count=591329 358052 83 233277 10118 223159 10089 1819 1792 596 112 484 81 464 426 404 8270 1196 141 1055 922 885 118 2074 1194 155 880 709 364 267
is_linear=0
shrinkage=0.05


Tree=142
num_leaves=31
num_cat=0
split_feature=275 274 142 281 115 90 281 254 8 40 288 166 286 131 232 55 210 260 264 287 283 266 29 253 159 266 89 167 282 264
split_gain=11666.8 29728.7 24812.7 41105.2 24261.4 30297.2 94853.9 25020.2 52189 42508 33001.4 45400.6 32959.7 27851.4 27429.8 23745.8 63861.6 46356.2 64763.8 28148.1 23062.1 23120.3 20734.9 20708.8 20253.3 39207.4 112044 21360.3 25735.1 66135.7
threshold=-27.249999999999996 2.2500000000000004 150.75000000000003 167.75000000000003 211.25000000000003 337.02360534667974 113.75000000000001 -363.74999999999994 45.250000000000007 90.90192031860353 12.750000000000002 62.445491790771491 -253.14516448974607 92.914413452148452 106.75000000000001 766.99206542968761 -177.74999999999997 122.75000000000001 134.38973236083987 -129.74999999999997 -114.74999999999999 107.75000000000001 -597.74999999999989 -257.74999999999994 64.06467437744142 -151.24999999999997 105.5512161254883 -329.55662536621088 -129.74999999999997 81.090045928955092
decision_type=2 2 2 2 2 2 2 2 2 2 2 2 2 2 2 2 2 2 2 2 2 2 2 2 2 2 2 2 2 2
left_child=1 2 -1 15 5 7 -7 8 9 10 11 -3 14 -11 20 23 -17 19 -19 -18 -9 -22 -15 -4 -2 26 -26 -27 29 -29
right_child=24 4 3 -5 -6 6 -8 12 -10 13 -12 -13 -14 22 -16 16 17 18 -20 -21 21 -23 -24 -25 25 27 -28 28 -30 -31
leaf_value=0.0020732593277785474 -0.0011206073258479994 0.38506411915024125 -1.5662083630760513 -2.2465972534634853 -0.043873927967761905 0.24728052007010543 3.1123297194639843 -1.8021838801878471 2.6735644678274793 -2.1272502870559693 0.3228402921503567 3.3377283591291182 0.046372262407712063 -0.99482386906941744 1.5082517728209497 3.0777316457033161 -1.9047251462936403 -0.17856731751690741 3.6619436547869726 0.050900158619548642 -0.36627583058635327 1.3630992698669435 0.85508258513041913 -0.095181373397758604 -0.26748378364051262 -0.19154289004689173 4.2973200309276578 3.0923918438832398 -0.033563575063808297 0.17128229545868512
leaf_weight=141338 335767 30 24 22 7891 780 30 27 24 25 332 23 53312 33 20 20 20 23 21 230 574 20 28 7666 41 2188 20 23 40654 123
leaf_count=141338 335767 30 24 22 7891 780 30 27 24 25 332 23 53312 33 20 20 20 23 21 230 574 20 28 7666 41 2188 20 23 40654 123
internal_value=1.90542e-11 0.00937674 -0.00278302 -0.0883022 0.0381378 0.0498493 0.353393 0.0453336 0.399192 0.2833 0.507799 1.66641 0.0420871 -0.721722 -0.314312 -0.0823699 0.343825 0.157845 1.6544 -0.10555 -0.37301 -0.308048 -0.145686 -0.0997724 -0.00526028 -0.0375483 1.22917 -0.0393458 -0.0311838 0.631457
internal_weight=591329 212513 149364 8026 63149 55258 810 54448 495 471 385 53 53953 86 641 8004 314 294 44 250 621 594 61 7690 378816 43049 61 42988 40800 146
internal_count=591329 212513 149364 8026 63149 55258 810 54448 495 471 385 53 53953 86 641 8004 314 294 44 250 621 594 61 7690 378816 43049 61 42988 40800 146
is_linear=0
shrinkage=0.05


Tree=143
num_leaves=31
num_cat=0
split_feature=288 289 159 18 206 155 189 156 194 201 135 271 10 219 39 259 132 50 145 274 262 289 201 5 292 281 289 219 206 152
split_gain=11567.8 32949.9 102916 72026.6 38982.2 51987.2 50264.9 48688 37838.2 32476.3 30281 20199.3 17707 23115.3 69570.2 23004.8 19867 26995.1 23838.8 19425.2 26830.8 20785.7 17539 18756.5 23145.9 20613 16808.3 29303.5 37653.4 24915.5
threshold=4.2500000000000009 -171.74999999999997 156.79394531250003 -843.90499877929676 -64.749999999999986 -200.24999999999997 -311.74999999999994 -203.24999999999997 62.984712600708015 156.20999145507815 231.25000000000003 156.22117614746097 -659.24999999999989 -383.24999999999994 -733.94250488281239 -298.74999999999994 -365.22586059570307 -39.249999999999993 56.165521621704109 37.750000000000007 13.250000000000002 -126.74999999999999 21.799494743347172 26.205845832824711 53.524135589599616 -81.749999999999986 -29.249999999999996 188.25000000000003 527.50000000000011 44.135240554809577
decision_type=2 2 2 2 2 2 2 2 2 2 2 2 2 2 2 2 2 2 2 2 2 2 2 2 2 2 2 2 2 2
left_child=1 2 3 -1 5 6 8 -7 -5 11 -6 12 19 14 -14 -15 -16 18 -18 21 -21 -3 -2 24 -24 -26 27 28 29 -25
right_child=22 9 -4 4 10 7 -8 -9 -10 -11 -12 -13 13 15 16 -17 17 -19 -20 20 -22 -23 23 26 25 -27 -28 -29 -30 -31
leaf_value=-1.9460598452016713 0.026164687996002658 -1.7157126455596001 3.9953416013717651 0.12261508240745488 -1.5267019525170327 4.1720897556770415 -1.0656950370261544 1.0330580196281274 2.6465141956452971 -0.76509237219062121 0.77054357849634614 1.3290196230368956 3.3171526312828066 -1.119950782872261 -0.25664924628274771 -0.01354982686303457 0.24434093236923218 -0.78343095325288326 2.1651073786190582 1.9513903355598452 -0.34433073094147926 -0.3830136177743706 -0.01375638782183173 0.076209208399149408 -0.72402448534513963 -0.093958064170593894 -0.0020792518820507522 -0.089967985352434623 1.3902689426553017 0.012934955498397779
leaf_weight=32 72839 33 20 33 32 21 38 30 27 144 26 28 20 47 102 124417 30 21 35 20 35 258 61170 21884 132 7825 242903 5254 51 53822
leaf_count=32 72839 33 20 33 32 21 38 30 27 144 26 28 20 47 102 124417 30 21 35 20 35 258 61170 21884 132 7825 242903 5254 51 53822
internal_value=-4.18928e-11 -0.0134767 0.5499 0.261578 0.602855 1.03095 0.357202 2.3256 1.25837 -0.0146423 -0.496902 -0.0137781 -0.0140788 -0.0130875 0.513566 -0.0139676 0.215312 0.775081 1.2786 -0.371271 0.490477 -0.534144 0.00362892 -0.000547445 -0.0241913 -0.10441 0.00449843 0.0242209 0.0321403 0.0312254
internal_weight=591329 125449 259 239 207 149 98 51 60 125190 58 125046 125018 124672 208 124464 188 86 65 346 55 291 465880 393041 69127 7957 323914 81011 75757 75706
internal_count=591329 125449 259 239 207 149 98 51 60 125190 58 125046 125018 124672 208 124464 188 86 65 346 55 291 465880 393041 69127 7957 323914 81011 75757 75706
is_linear=0
shrinkage=0.05


Tree=144
num_leaves=31
num_cat=0
split_feature=173 261 268 113 220 281 287 218 187 241 217 255 231 269 150 64 275 282 267 75 117 175 278 276 103 152 52 110 287 152
split_gain=11346.3 32519.9 111988 31914.6 32565.7 31611.3 67245.9 22195.7 28506.3 23599.5 20364.7 20705.3 22497.8 45419.3 26884 35711.3 19367.5 20319.5 21953.4 18132.5 17949.5 17848.7 16433.7 64870.4 126867 287974 75697.4 186498 71855.4 52793.2
threshold=123.19132614135744 216.25000000000003 67.750000000000014 -86.249999999999986 488.75000000000006 190.25000000000003 179.75000000000003 366.75000000000006 156.45701599121097 325.25000000000006 507.25000000000006 351.75000000000006 368.75000000000006 -21.249999999999996 450.75000000000006 79.250000000000014 -154.74999999999997 -36.249999999999993 156.75000000000003 40.819599151611335 44.115020751953132 476.25000000000006 123.17427825927736 -214.74999999999997 47.004417419433601 48.196935653686531 -752.99999999999989 77.59281158447267 -164.74999999999997 105.34689712524415
decision_type=2 2 2 2 2 2 2 2 2 2 2 2 2 2 2 2 2 2 2 2 2 2 2 2 2 2 2 2 2 2
left_child=22 10 -3 -4 7 -6 -7 9 -9 -5 11 12 19 -14 15 -15 -12 18 -18 -2 -21 -16 -1 24 25 -24 27 -26 -25 -30
right_child=1 2 3 4 5 6 -8 8 -10 -11 16 -13 13 14 21 -17 17 -19 -20 20 -22 -23 23 28 26 -27 -28 -29 29 -31
leaf_value=0.00011943757153486975 -0.66746403135994614 4.0740411037206652 1.6912753351273075 -0.38814103674764433 -0.87437913537025447 3.1637096216103862 -0.33351484051457159 -0.32296893929059689 -2.3017816024167197 1.6561385676264764 -1.8344897290755964 -1.6778803361952308 2.7569751143455505 -0.30951760460933053 -1.7075511705307733 2.0740383711163743 -0.7183740848302842 -0.92627658110224853 1.5704878546974876 1.4267914992570878 -0.073424898506427222 0.051677450472893932 -0.61816557475498746 -1.5510337975752706 -0.6261815784820195 7.7651169747114182 -0.46734899053669943 5.6499296712875369 -0.0084377760355917302 0.50300727459279737
leaf_weight=580687 129 20 31 48 20 28 27 52 28 20 29 20 20 30 21 33 20 66 22 20 6444 46 21 68 29 20 99 20 2584 627
leaf_count=580687 129 20 31 48 20 28 27 52 28 20 29 20 20 30 21 33 20 66 22 20 6444 46 21 68 29 20 99 20 2584 627
internal_value=-8.37034e-11 -0.062498 0.471713 0.188066 -0.0209008 0.827885 1.44689 -0.451029 -1.01555 0.213118 -0.0837116 -0.0714859 -0.0667212 0.538772 0.19751 0.939012 -0.687235 -0.379176 0.480554 -0.0804971 -0.0687831 -0.499723 0.000767537 0.109286 1.01001 3.47124 0.328188 1.9355 0.0573687 0.0914302
internal_weight=591329 7174 274 254 223 75 55 148 80 68 6900 6763 6743 150 130 63 137 108 42 6593 6464 67 584155 3468 189 41 148 49 3279 3211
internal_count=591329 7174 274 254 223 75 55 148 80 68 6900 6763 6743 150 130 63 137 108 42 6593 6464 67 584155 3468 189 41 148 49 3279 3211
is_linear=0
shrinkage=0.05


Tree=145
num_leaves=31
num_cat=0
split_feature=289 288 288 275 271 134 241 248 285 103 288 183 233 236 281 282 288 287 289 19 289 6 247 190 257 266 249 15 283 3
split_gain=11130.1 19854.9 50114.6 20798.1 18288.3 16266.8 16062.4 50290.8 18890.3 21846.3 18339.9 15966.5 13057.9 14947.6 12920.8 24813 20369.1 22371.9 37942.8 41421.1 27859 19460.1 23120.8 24810.5 30817 29844.3 30074.4 33146.2 22292.7 23413.9
threshold=-1.7499999999999998 128.75000000000003 130.25000000000003 -173.74999999999997 37.078657150268562 706.75000000000011 110.75000000000001 135.75000000000003 77.378799438476577 123.58159637451173 152.75000000000003 451.75000000000006 170.75000000000003 134.3437423706055 -6.7499999999999991 -32.749999999999993 324.75000000000006 127.75000000000001 -45.749999999999993 78.882350921630874 -19.249999999999996 -21.693250656127926 -244.74999999999997 443.75000000000006 123.09542846679689 -278.74999999999994 101.56750106811525 60.250000000000007 -58.249999999999993 86.250000000000014
decision_type=2 2 2 2 2 2 2 2 2 2 2 2 2 2 2 2 2 2 2 2 2 2 2 2 2 2 2 2 2 2
left_child=14 11 -3 -4 -5 6 7 8 10 -10 -6 12 13 -2 21 16 17 -16 19 -19 -20 -1 23 24 25 26 27 -23 29 -26
right_child=1 2 3 4 5 -7 -8 -9 9 -11 -12 -13 -14 -15 15 -17 -18 18 20 -21 -22 22 -24 -25 28 -27 -28 -29 -30 -31
leaf_value=0.0068000675069356253 -0.022042279075713739 2.2023177929222584 -1.3786056779679798 1.5186520154659566 0.0995230850763619 1.2075586671338363 -0.23658576878314874 2.7651085394620898 -0.49266678466038272 1.1723160038391749 1.9069529558420184 -0.51170327424643991 0.19921172414766905 -0.63079188826060539 0.03163443190971918 0.00036214808321989741 1.3337270355224611 -0.3005570106953383 1.030542256832123 -3.5185169389843942 -0.87948554811023527 0.23504012763500215 -0.033089868417728478 1.3828846710068841 -2.3810984215953135 -0.31440299978668601 -0.53631669712066654 3.1136788845062258 0.30599577303590447 -0.85597739663888817
leaf_weight=52907 63892 32 21 26 32 34 212 20 110 24 25 166 668 101 80765 346210 30 20 35 20 42 20 45180 21 33 503 25 20 29 106
leaf_count=52907 63892 32 21 26 32 34 212 20 110 24 25 166 668 101 80765 346210 30 20 35 20 42 20 45180 21 33 503 25 20 29 106
internal_value=-4.85619e-11 -0.0194589 0.283605 0.161782 0.228755 0.155369 0.0707962 0.379635 0.129847 -0.194461 0.892255 -0.0219647 -0.0207074 -0.0230031 0.0024182 0.00618815 0.0311167 0.0306336 -0.660264 -1.90954 -0.0112911 -0.0138724 -0.0376815 -0.311722 -0.360074 -0.184117 0.824099 1.67436 -0.954976 -1.21806
internal_weight=591329 65363 536 504 483 457 423 211 191 134 57 64827 64661 63993 525966 427122 80912 80882 117 40 77 98844 45937 757 736 568 65 40 168 139
internal_count=591329 65363 536 504 483 457 423 211 191 134 57 64827 64661 63993 525966 427122 80912 80882 117 40 77 98844 45937 757 736 568 65 40 168 139
is_linear=0
shrinkage=0.05


Tree=146
num_leaves=31
num_cat=0
split_feature=267 253 211 268 6 275 17 266 143 176 182 274 289 239 232 50 208 288 286 292 268 274 232 1 183 226 268 166 288 101
split_gain=10967.4 32149.9 35310.2 26203.7 31795.2 35117.9 65188.8 31211.8 75933.4 99825.6 45436.1 32385 61625.6 37937 96476.3 27628.3 23086.4 27897.2 148576 25130.7 22714.7 20474.4 22048.3 25381.1 28518.2 20678.9 18428 24157.1 18585.7 33795.3
threshold=23.250000000000004 425.50000000000006 314.25000000000006 -5.7499999999999991 -874.48773193359364 103.25000000000001 66.750000000000014 -218.24999999999997 -162.24999999999997 -241.24999999999997 -417.24999999999994 -73.249999999999986 -98.249999999999986 22.750000000000004 131.25000000000003 178.75000000000003 40.571954727172859 226.25000000000003 216.99575042724612 92.48715972900392 -258.24999999999994 50.250000000000007 76.250000000000014 230.75000000000003 507.25000000000006 64.750000000000014 -16.749999999999996 60.007917404174812 214.25000000000003 -224.74999999999997
decision_type=2 2 2 2 2 2 2 2 2 2 2 2 2 2 2 2 2 2 2 2 2 2 2 2 2 2 2 2 2 2
left_child=1 2 26 4 20 7 -7 8 9 10 -6 12 15 -14 -15 -9 17 19 -19 -5 -2 22 23 -4 -25 -24 28 -28 -1 -30
right_child=3 -3 21 16 5 6 -8 11 -10 -11 -12 -13 13 14 -16 -17 -18 18 -20 -21 -22 -23 25 24 -26 -27 27 -29 29 -31
leaf_value=0.0026748875225458832 -1.8572515050570173 1.5790612054988742 1.7750391258133782 0.01633167790678269 1.8960124291871723 -0.21290531959384681 3.194698297262192 0.63886140104263056 -1.458675454769816 4.64360184788704 -0.54907144496315408 0.036422886267417964 0.1476201171460359 4.7674062175750738 0.28029311221578851 -1.5488937280796193 -0.019117927677117941 4.6795610097050675 -0.30718016651758956 -0.62708779759705069 -0.28143281652448104 -0.90355057497659041 -1.0157282576612805 -0.5869042208702383 1.4280938854217531 -0.21672855999937954 -0.019210754622516816 -0.17938491243422713 0.07535188250445031 -1.5974794512870265
leaf_weight=246107 24 32 27 95941 38 32 25 31 28 20 38 56534 23 25 23 27 90296 20 59 152 485 124 92 59 25 676 97829 2412 74 51
leaf_count=246107 24 32 27 95941 38 32 25 31 28 20 38 56534 23 25 23 27 90296 20 59 152 485 124 92 59 25 676 97829 2412 74 51
internal_value=4.46442e-12 -0.00570374 -0.00584969 0.00812931 0.0376849 0.0412077 1.28166 0.0399626 0.832362 1.50058 0.67347 0.0382285 0.829548 1.81728 2.61733 -0.379576 -0.000961262 0.0160861 0.955286 0.0153139 -0.355735 -0.302088 -0.217241 0.441451 0.0127976 -0.312442 -0.00499211 -0.0230649 0.0023653 -0.607163
internal_weight=591329 347508 347476 243821 57353 56844 57 56787 124 96 76 56663 129 71 48 58 186468 96172 79 96093 509 1003 879 111 84 768 346473 100241 246232 125
internal_count=591329 347508 347476 243821 57353 56844 57 56787 124 96 76 56663 129 71 48 58 186468 96172 79 96093 509 1003 879 111 84 768 346473 100241 246232 125
is_linear=0
shrinkage=0.05


Tree=147
num_leaves=31
num_cat=0
split_feature=282 267 274 260 243 268 261 33 274 289 82 275 273 279 276 120 198 19 282 262 275 260 264 288 266 268 224 219 204 247
split_gain=10798.6 21006.1 71924.4 188817 39842.4 32104.6 30427.7 28124.2 45684.5 39994.2 37104.3 28411.4 27102.8 25646.5 63502.7 33986.2 34174.8 82155.5 29189.2 28891.1 25275.4 25977 39975.9 28972.2 24798 24019.1 66208.8 39012.3 70594.1 62588.1
threshold=-80.749999999999986 -29.249999999999996 -119.24999999999999 -1.0000000180025095e-35 115.15418624877931 -96.749999999999986 -199.74999999999997 65.106437683105483 160.75000000000003 -9.2499999999999982 61.441743850708015 -239.74999999999997 -165.24999999999997 -347.51234436035151 -20.749999999999996 -365.74999999999994 -304.24999999999994 116.50088500976564 -83.749999999999986 105.25000000000001 -206.74999999999997 179.25000000000003 109.58003997802736 98.750000000000014 -42.249999999999993 -100.74999999999999 48.250000000000007 -22.749999999999996 24.250000000000004 -60.749999999999993
decision_type=2 2 2 2 2 2 2 2 2 2 2 2 2 2 2 2 2 2 2 2 2 2 2 2 2 2 2 2 2 2
left_child=1 -1 3 -3 -5 7 -7 9 10 -4 -9 24 -13 14 -8 19 17 18 -17 -15 -14 23 -23 25 -12 27 -27 28 -22 -30
right_child=-2 2 5 4 -6 6 13 8 -10 -11 11 12 20 15 -16 16 -18 -19 -20 -21 21 22 -24 -25 -26 26 -28 -29 29 -31
leaf_value=-0.0029211428243885187 -0.001773238144997415 5.5083576763218103 0.11346474969265702 1.1320177682808468 -1.7899094831943512 -0.83184574351591223 -0.20899507432348199 1.9545696002932695 -1.5708084886700944 -1.595293372145721 -2.0954650481541952 1.973186915261405 -0.80511796928587431 -0.25569846487997733 3.2007154174826362 0.12032888300129488 0.032644720298565744 3.2041170173221163 1.685275098856758 -1.5326914689540865 0.35269306650557358 -0.27952844232320784 2.5226879780633111 -0.82431239878877693 0.21463527249602171 0.4371194898623687 3.6104791446165607 -0.11235936918308947 2.7311355895262501 0.17675156028647174
leaf_weight=23870 553226 22 1584 28 20 102 36 39 29 35 21 28 42 388 22 241 10375 27 34 50 506 20 35 47 26 65 22 286 65 38
leaf_count=23870 553226 22 1584 28 20 102 36 39 29 35 21 28 42 388 22 241 10375 27 34 50 506 20 35 47 26 65 22 286 65 38
internal_value=-2.5124e-11 0.025746 0.0738234 1.6726 -0.0854519 0.0659216 0.0278223 0.214664 0.390904 0.0765243 0.436783 0.387496 0.436574 0.0356704 1.08434 0.0301982 0.0479066 0.572218 0.313813 -0.401474 0.398364 0.444993 1.5037 0.388405 -0.817537 0.446448 1.23958 0.36935 0.595572 1.78874
internal_weight=591329 38103 14233 70 48 14163 11275 2888 1269 1619 1240 1201 1154 11173 58 11115 10677 302 275 438 1126 1084 55 1029 47 982 87 895 609 103
internal_count=591329 38103 14233 70 48 14163 11275 2888 1269 1619 1240 1201 1154 11173 58 11115 10677 302 275 438 1126 1084 55 1029 47 982 87 895 609 103
is_linear=0
shrinkage=0.05


Tree=148
num_leaves=31
num_cat=0
split_feature=117 5 225 288 131 18 292 233 32 124 272 288 44 110 282 292 173 289 282 260 282 275 197 159 243 292 173 236 263 252
split_gain=10690.6 23431.2 26751.1 22455.1 22567.5 26808 29549.8 29945.3 42514.7 30584 27772.5 24770 119161 20643.8 19913.8 19778.2 17750.8 114409 18578.1 22763.5 36749.9 28687.8 45251.5 22219.4 22089.5 22711.9 24031.8 39832.6 31226.2 29200.8
threshold=25.716030120849613 28.74396896362305 539.25000000000011 28.250000000000004 38.323999404907234 1061.9824829101565 134.80252075195315 -440.74999999999994 -738.75500488281239 36.204267501831062 -294.76576232910151 237.50000000000003 269.25000000000006 37.900159835815437 163.75000000000003 17.558572769165043 33.185705184936531 -35.249999999999993 12.250000000000002 -65.249999999999986 70.750000000000014 -45.749999999999993 -341.24999999999994 63.002887725830085 101.21748352050783 82.155952453613295 43.137434005737312 47.910858154296882 339.55000305175787 266.25000000000006
decision_type=2 2 2 2 2 2 2 2 2 2 2 2 2 2 2 2 2 2 2 2 2 2 2 2 2 2 2 2 2 2
left_child=15 2 -2 -3 5 6 7 8 -5 -10 -9 14 -13 -11 -12 -1 17 -6 -18 20 21 -20 -23 -24 25 -21 29 28 -28 -27
right_child=1 3 -4 4 16 -7 -8 10 9 13 11 12 -14 -15 -16 -17 18 -19 19 24 -22 22 23 -25 -26 26 27 -29 -30 -31
leaf_value=-0.014896059283729668 -0.033449814097811753 -0.007455847945978024 1.5123762339353561 2.8479989823840914 -3.950022091752007 1.7048138933181762 -1.0323006247887847 -0.66130293450737732 -0.053727805956276423 2.724042911529541 0.068136992867389681 4.1512899541854855 -0.90186801739037037 0.50450443842194292 -1.403997070050758 0.022722007352493565 0.027835223985060876 -0.066801274126889756 -0.22463625979144128 -0.026285798043041254 1.8540106966688825 2.6739977717399599 -0.2575341458551777 0.92481214415144031 -0.14909397119200482 0.014279108799871851 0.32707616755595575 0.10653733671589674 2.8281237274408344 -1.751466870621631
leaf_weight=50898 61311 257281 28 21 21 25 61 131 97 20 18890 20 28 22 23 111450 56379 196 192 27112 37 24 78 81 3163 61 26 3591 24 38
leaf_count=50898 61311 257281 28 21 21 25 61 131 97 20 18890 20 28 22 23 111450 56379 196 192 27112 37 24 78 81 3163 61 26 3591 24 38
internal_value=-2.77184e-11 -0.00413582 -0.0327442 0.000637324 0.0195047 0.0685585 0.0664405 0.0699218 0.751102 0.434305 0.0642132 0.0692257 1.20361 1.56143 0.0663467 0.0109283 0.00908309 -0.442597 0.0101625 -0.0187791 0.350646 0.202314 0.650263 0.344793 -0.0232537 -0.0103524 0.105152 0.126052 1.52758 -0.663482
internal_weight=591329 428981 61339 367642 110361 19338 19313 19252 160 139 19092 18961 48 42 18913 162348 91023 217 90806 34427 412 375 183 159 34015 30852 3740 3641 50 99
internal_count=591329 428981 61339 367642 110361 19338 19313 19252 160 139 19092 18961 48 42 18913 162348 91023 217 90806 34427 412 375 183 159 34015 30852 3740 3641 50 99
is_linear=0
shrinkage=0.05


Tree=149
num_leaves=31
num_cat=0
split_feature=100 261 240 155 258 8 219 285 288 134 284 150 197 184 78 114 250 23 178 241 57 148 260 227 271 129 236 133 128 26
split_gain=10770.4 49049.3 73749.3 23683.7 21799.7 68972 56054.7 200456 72418.8 47609.3 49626.8 60491.5 42356.6 34393 55100.7 35097.2 30746.3 25678.3 40287.3 21392.4 37966.1 20563.3 26920 24496.8 59334.9 19793.6 19753.4 19476.4 19475.5 22017.4
threshold=-371.74999999999994 216.25000000000003 89.750000000000014 -537.24999999999989 -251.85286712646482 299.25000000000006 -253.74999999999997 52.164060592651374 177.75000000000003 -38.749999999999993 -596.95999145507801 -306.24999999999994 -166.24999999999997 -255.24999999999997 -144.24999999999997 -340.24999999999994 24.735173225402836 -24.249999999999996 -417.74999999999994 -354.24999999999994 -62.749999999999993 -257.74999999999994 -230.74999999999997 -402.24999999999994 98.072349548339858 -309.24999999999994 24.750882148742679 -199.24999999999997 -220.24999999999997 26.965147972106937
decision_type=2 2 2 2 2 2 2 2 2 2 2 2 2 2 2 2 2 2 2 2 2 2 2 2 2 2 2 2 2 2
left_child=1 26 -3 -2 5 6 8 -8 9 10 11 -5 -9 16 15 -15 -12 21 -19 20 -6 -18 -23 24 -24 -25 -1 -17 29 -27
right_child=3 2 -4 4 19 -7 7 12 -10 -11 13 -13 -14 14 -16 27 17 18 -20 -21 -22 22 23 25 -26 28 -28 -29 -30 -31
leaf_value=1.5256125187873841 -1.2638259623501753 3.6932573589411648 -0.044077813625335693 0.16733610204287941 0.81648791959243161 2.8234841624895735 5.5968985455376767 -0.097613178396109238 2.2535644776112327 -1.5023143565654755 1.7744090220202571 3.1676202356815342 2.4168752903491262 2.1831127622723581 3.168632593609038 -0.96241103557771768 -0.22573587082959012 2.7893395546078685 -0.071318547427654269 0.00077107217567012019 -1.0805956397658196 -0.42055882551247559 3.4799678397178653 -0.69564410253213005 -0.1424819338780183 -0.65905888514085254 -0.04670335378703306 0.68483622190268612 -0.37728777709934447 0.72087581603839812
leaf_weight=20 37 22 33 42 35 24 21 103 37 50 23 28 20 20 21 38 1113 20 32 572416 107 158 20 52 26 33 16439 34 72 233
leaf_count=20 37 22 33 42 35 24 21 103 37 50 23 28 20 20 21 38 1113 20 32 572416 107 158 20 52 26 33 16439 34 72 233
internal_value=1.20831e-11 -0.0398115 1.45086 0.00114375 0.00122518 0.157604 0.128469 1.08207 0.0615494 0.021299 0.0600678 1.36745 0.311247 0.011774 0.857667 0.330164 -0.0418656 -0.0656145 1.02893 0.00061885 -0.613005 -0.0989576 0.138592 0.34122 1.4325 0.212505 -0.0447928 -0.184544 0.35222 0.549681
internal_weight=591329 16514 55 574815 574778 2220 2196 144 2052 2015 1965 70 123 1895 113 92 1782 1759 52 572558 142 1707 594 436 46 390 16459 72 338 266
internal_count=591329 16514 55 574815 574778 2220 2196 144 2052 2015 1965 70 123 1895 113 92 1782 1759 52 572558 142 1707 594 436 46 390 16459 72 338 266
is_linear=0
shrinkage=0.05


Tree=150
num_leaves=31
num_cat=0
split_feature=103 170 280 164 81 191 268 233 171 176 283 246 149 142 247 37 115 289 225 220 178 212 91 275 158 267 183 184 234 240
split_gain=10416.3 23898.4 59020.8 39416.5 34641.8 36061.6 30723.5 21883.5 19794.1 24452.9 30789.9 30096.1 27606.9 38945.3 26611.4 20220.3 32511.9 30037.9 21965.1 69576.9 18859.8 18296.4 22654.4 21605 17311.7 18290.2 15846.7 38897.5 15749.2 47839.6
threshold=156.87112426757815 532.75000000000011 -89.749999999999986 595.25000000000011 -103.37749862670897 395.75000000000006 240.25000000000003 386.25000000000006 386.75000000000006 461.25000000000006 -165.24999999999997 214.25000000000003 -256.24999999999994 -525.24999999999989 -48.749999999999993 -831.24999999999989 -653.74999999999989 -147.24999999999997 -13.749999999999998 -58.749999999999993 -37.249999999999993 -63.749999999999993 488.25000000000006 86.250000000000014 -223.37499999999997 245.75000000000003 -368.74999999999994 -450.74999999999994 29.750000000000004 -47.749999999999993
decision_type=2 2 2 2 2 2 2 2 2 2 2 2 2 2 2 2 2 2 2 2 2 2 2 2 2 2 2 2 2 2
left_child=-1 3 -3 8 -4 -6 7 -7 9 10 -2 14 13 -13 15 18 -17 -18 26 -20 -16 -14 23 -23 -10 -26 -12 -28 29 -19
right_child=1 2 4 -5 5 6 -8 -9 24 -11 11 12 21 -15 20 16 17 28 19 -21 -22 22 -24 -25 25 -27 27 -29 -30 -31
leaf_value=0.00041738141195765205 -1.2879994464932749 3.0416066633164882 -1.6367946264536486 -1.7869555645518833 -1.1647954682509105 1.2471601691457534 2.6319306807084519 -0.84329108283633281 0.35440410349207618 1.4745244379043578 -1.3382648233572643 0.17932835278265619 -1.0677896884304505 2.6509806807835901 -0.78585801623421281 1.8632217257111163 1.6991409403937205 -0.0058121774352253228 2.7417409349055522 -0.84439692952130985 -0.21557715497978835 0.52053355896442211 1.7919929934584578 -0.80502510521146997 -0.67755955339719853 -2.3273355489685423 1.6002835813022795 -0.83080298555524734 -0.69961409564616517 1.8502141350024457
leaf_weight=588999 53 20 23 36 24 31 22 21 30 25 60 34 27 30 197 27 28 563 21 38 549 97 23 45 84 21 21 76 67 37
leaf_count=588999 53 20 23 36 24 31 22 21 30 25 60 34 27 30 197 27 28 563 21 38 549 97 23 45 84 21 21 76 67 37
internal_value=-8.09606e-11 -0.10551 0.525433 -0.14615 0.109537 0.51939 1.06561 0.402939 -0.118715 -0.0795025 -0.0989961 -0.066513 0.438585 1.33792 -0.143297 0.0339584 0.160934 0.0948021 -0.39047 0.432025 -0.366174 0.138808 0.336251 0.100462 -0.704866 -1.00751 -0.69956 -0.304485 0.0274536 0.108643
internal_weight=591329 2330 141 2189 121 98 74 52 2153 2018 1993 1940 256 64 1684 938 722 695 216 59 746 192 165 142 135 105 157 97 667 600
internal_count=591329 2330 141 2189 121 98 74 52 2153 2018 1993 1940 256 64 1684 938 722 695 216 59 746 192 165 142 135 105 157 97 667 600
is_linear=0
shrinkage=0.05


Tree=151
num_leaves=31
num_cat=0
split_feature=253 254 222 220 248 254 13 253 92 24 131 110 282 187 161 234 182 54 289 281 268 213 257 282 124 215 243 124 187 64
split_gain=10461.1 20257.6 25578 20323.1 18970.7 23363.3 73410.1 77186.9 25335.7 29437.7 26295.8 21387.2 19415.7 48010.4 60774.4 44755.7 62724.2 30081.2 25036.9 68176.9 23035.6 33268.9 30823.1 103764 24331 31229.4 42267.8 21489 25135.2 23376
threshold=33.750000000000007 -36.249999999999993 64.514434814453139 488.75000000000006 -322.74999999999994 -198.24999999999997 473.65017700195318 111.75000000000001 252.25000000000003 28.750000000000004 134.68996429443362 48.170928955078132 -268.24999999999994 61.944469451904304 -210.24999999999997 119.75000000000001 571.75000000000011 45.714107513427741 -248.74999999999997 167.75000000000003 -201.74999999999997 -297.24999999999994 67.472385406494155 -125.24999999999999 57.771385192871101 156.38582611083987 134.53252410888675 69.01233291625978 78.707519531250014 77.750000000000014
decision_type=2 2 2 2 2 2 2 2 2 2 2 2 2 2 2 2 2 2 2 2 2 2 2 2 2 2 2 2 2 2
left_child=1 3 -3 -1 11 6 8 -8 9 10 -6 -2 13 17 -15 -16 -17 -7 19 -14 21 -20 23 -23 -24 26 27 -26 -29 -30
right_child=4 2 -4 -5 5 12 7 -9 -10 -11 -12 -13 18 14 15 16 -18 -19 20 -21 -22 22 24 -25 25 -27 -28 28 29 -31
leaf_value=0.0071023724564499473 0.20125705838203431 -0.013230513790160395 -0.12948598998736122 -1.149321002081821 -0.13950652968323693 -0.47317163603646417 0.2430118598721244 4.4313856093720956 -1.5383077519280572 1.7096009663997158 1.7296248465066864 -1.99239754486084 2.9740634403228761 -2.240183973817953 2.5704673305153847 -1.9785336857492273 1.8903520256280899 -3.0174832380734959 2.130397843397581 -0.71854939413070684 0.0080637420396263756 3.8476563970247906 -0.69731669265490315 -0.39670087132189008 1.5319319354636329 -0.82947121641852639 2.5188931007797901 -1.4856096371360448 1.6544868717193606 -0.2060102709497397
leaf_weight=187614 20 191729 4851 38 181 21 22 22 21 31 21 25 25 21 24 22 20 26 26 25 206208 24 78 36 28 44 26 23 25 52
leaf_count=187614 20 191729 4851 38 181 21 22 22 21 31 21 25 25 21 24 22 20 26 26 25 206208 24 78 36 28 44 26 23 25 52
internal_value=-6.69161e-11 -0.00488241 -0.0160993 0.00686819 0.00905846 0.00928155 0.451682 2.3372 0.125058 0.274975 0.0548091 -1.01744 0.00864391 -0.593019 0.102605 0.848038 -0.136207 -1.88066 0.00903411 1.12776 0.00876332 0.407269 0.273932 1.30104 0.0506467 0.345299 0.680948 0.307615 -0.0351938 0.398047
internal_weight=591329 384232 196580 187652 207097 207052 298 44 254 233 202 45 206754 134 87 66 42 47 206620 50 206570 362 336 60 276 198 154 128 100 77
internal_count=591329 384232 196580 187652 207097 207052 298 44 254 233 202 45 206754 134 87 66 42 47 206620 50 206570 362 336 60 276 198 154 128 100 77
is_linear=0
shrinkage=0.05


Tree=152
num_leaves=31
num_cat=0
split_feature=166 5 285 278 41 117 145 259 201 5 208 243 68 30 162 45 234 100 152 96 124 190 166 96 274 285 114 113 122 26
split_gain=10260.9 43985.9 33286.8 30254.6 42782.6 23721.7 68612.7 25286.8 28389.6 45276.7 58203.9 27691.7 25754.4 23772.2 38510 22191.4 20883.8 98013.8 31270.8 55770.2 33922.2 56285.2 46121.1 41150.9 30493.5 28145.7 22430.1 21392.7 31058.1 21303.1
threshold=60.007917404174812 60.860115051269538 70.999847412109389 66.839317321777358 -393.76651000976557 86.906459808349624 156.71107482910159 -298.74999999999994 109.75650024414064 92.87945938110353 105.22154617309572 123.20756912231447 90.813228607177749 -591.24999999999989 -408.24999999999994 -762.24999999999989 -379.24999999999994 68.750000000000014 79.934707641601577 44.633230209350593 77.672424316406264 -460.74999999999994 123.17005157470705 123.7755470275879 -119.24999999999999 58.921148300170906 -704.99999999999989 218.25000000000003 85.750000000000014 52.493825912475593
decision_type=2 2 2 2 2 2 2 2 2 2 2 2 2 2 2 2 2 2 2 2 2 2 2 2 2 2 2 2 2 2
left_child=-1 16 -3 4 -4 6 -5 8 9 12 13 -10 -7 15 -15 -11 17 18 19 -2 21 -20 26 -24 25 -18 -22 28 -27 -21
right_child=1 2 3 5 -6 7 -8 -9 11 10 -12 -13 -14 14 -16 -17 24 -19 20 29 22 -23 23 -25 -26 27 -28 -29 -30 -31
leaf_value=0.0030918563813832393 1.2673881850591522 -0.025016940468456331 2.8915100231057123 0.087001735462675867 0.40237029958324338 -0.033288526100416979 2.5215182287939664 0.016170296979711361 -1.7163461627783598 0.52753277335848126 3.0388672757716408 -0.44235539527362211 -1.7286870366051084 2.5005551535150281 -0.10480261964572442 -1.3862430500261711 1.1006835392227881 3.4838921283250275 3.7560459780693054 -1.4524651202062766 -1.8645098099341759 0.0048720426857471466 2.634525067717941 -0.12600554360283747 -0.053388874013964471 -0.5417292326807156 0.074275414943695078 -1.5040785964929835 1.4373425033830463 -0.1959658908008626
leaf_weight=484551 41 32189 21 14315 97 48 29 18623 54 28 21 203 42 23 37 33 27 23 20 69 26 20 27 27 40206 354 35 53 21 66
leaf_count=484551 41 32189 21 14315 97 48 29 18623 54 28 21 203 42 23 37 33 27 23 20 69 26 20 27 27 40206 354 35 53 21 66
internal_value=2.5873e-11 -0.0140306 0.0113129 0.046144 0.845353 0.0433251 0.0919237 0.00685078 -0.348072 0.0529029 0.608987 -0.710042 -0.824474 0.187272 0.893918 -0.507789 -0.0546661 0.32771 0.108398 -0.347676 0.626263 1.88046 0.190021 1.25426 -0.0579951 -0.465023 -0.752092 -0.563795 -0.430901 -0.838177
internal_weight=591329 106778 65763 33574 118 33456 14344 19112 489 232 142 257 90 121 60 61 41015 354 331 176 155 40 115 54 40661 455 61 428 375 135
internal_count=591329 106778 65763 33574 118 33456 14344 19112 489 232 142 257 90 121 60 61 41015 354 331 176 155 40 115 54 40661 455 61 428 375 135
is_linear=0
shrinkage=0.05


Tree=153
num_leaves=31
num_cat=0
split_feature=166 19 278 268 117 190 180 281 275 204 206 267 282 147 233 267 75 113 243 38 131 282 288 45 289 289 250 261 96 289
split_gain=10019.6 34886.3 34896.9 23740.4 22266.5 93433.1 322742 43816 31591.8 43998 57780.6 43647.8 31035.8 31070.5 27472.9 31891.3 39773.3 59416.9 52500.8 39211.5 30009.9 29074.7 26866.4 26475.3 25629.3 24947.1 24584.6 27437 28854.5 23072.9
threshold=77.655380249023452 65.067478179931655 68.842815399169936 240.25000000000003 82.433078765869155 -460.74999999999994 115.59497070312501 137.75000000000003 47.250000000000007 55.250000000000007 340.25000000000006 70.750000000000014 -100.74999999999999 -601.74999999999989 -440.74999999999994 -197.74999999999997 123.91565322875978 -615.74999999999989 101.21748352050783 -366.24999999999994 156.6166915893555 -171.74999999999997 85.750000000000014 106.25000000000001 -132.74999999999997 -98.249999999999986 123.24246978759767 -199.74999999999997 92.96753311157228 -29.749999999999996
decision_type=2 2 2 2 2 2 2 2 2 2 2 2 2 2 2 2 2 2 2 2 2 2 2 2 2 2 2 2 2 2
left_child=-1 3 -3 -2 5 6 12 22 9 29 11 -11 13 -4 15 16 18 -18 24 -19 21 -17 -7 -22 -6 -20 -23 -28 -29 -9
right_child=1 2 4 -5 14 7 -8 8 -10 10 -12 -13 -14 -15 -16 20 17 19 25 -21 23 26 -24 -25 -26 -27 27 28 -30 -31
leaf_value=0.0019042983462066656 -0.086877436407656702 -0.096833920167721285 -1.882006518232326 -0.96745517410628212 1.7794531954186306 0.087515984306442834 7.3276186084747312 1.5714898358220639 0.28662568533456784 1.5764910697937013 0.1493581755005795 4.803865066035228 1.4445144369684417 0.75150362423488071 0.019067224941865191 -1.0628390482852335 2.7851039982611137 -1.4446762065092722 -2.2405200905270046 1.4777168382297863 -1.7736191966031727 -0.49108542831540114 -0.39664339967958417 0.16252332459325378 -0.47312869973804644 -0.038060142993927008 -0.1311184370952348 0.22457775047847203 2.8456671567190264 -0.41596420668065548
leaf_weight=544699 12836 6784 24 77 28 3642 20 23 252 20 23 22 29 21 21901 95 31 24 36 22 76 125 311 23 23 20 60 21 21 40
leaf_count=544699 12836 6784 24 77 28 3642 20 23 252 20 23 22 29 21 21901 95 31 24 36 22 76 125 311 23 23 20 60 21 21 40
internal_value=7.82895e-11 -0.0222447 0.00451948 -0.0921283 0.0300488 0.132555 1.69209 0.098722 0.611541 1.25122 2.16385 3.26702 0.168978 -0.653035 0.00988561 -0.322489 0.226623 1.09319 -0.396983 -0.04701 -0.562481 -0.328408 0.049425 -1.32381 0.763583 -1.45393 -0.0210469 0.554981 1.53512 0.309614
internal_weight=591329 46630 33717 12913 26933 4427 94 4333 380 128 65 42 74 45 22506 605 184 77 107 46 421 322 3953 99 51 56 227 102 42 63
internal_count=591329 46630 33717 12913 26933 4427 94 4333 380 128 65 42 74 45 22506 605 184 77 107 46 421 322 3953 99 51 56 227 102 42 63
is_linear=0
shrinkage=0.05


Tree=154
num_leaves=31
num_cat=0
split_feature=289 218 281 234 5 288 205 281 220 205 266 194 226 234 177 280 282 288 288 287 2 116 16 274 288 275 268 288 112 94
split_gain=10002.6 19821.1 22951.6 22335.5 48774 23731 13958.2 11527.8 17719.5 37017.3 23504.7 18978.2 44639 20007.2 19784.8 16482.6 16429.3 16606.6 21247.4 32165.5 36787.9 35589.2 27591.7 26330.5 53192.7 22704.5 22048.2 17596.9 44381 123731
threshold=-1.2499999999999998 565.25000000000011 174.75000000000003 220.75000000000003 71.176330566406264 191.75000000000003 -519.24999999999989 4.2500000000000009 271.75000000000006 469.00000000000006 -185.24999999999997 101.4989471435547 413.75000000000006 307.25000000000006 417.75000000000006 -129.74999999999997 3.2500000000000004 324.75000000000006 166.75000000000003 -26.249999999999996 527.75000000000011 220.88249969482425 218.75000000000003 -88.749999999999986 226.25000000000003 -114.74999999999999 -70.249999999999986 108.75000000000001 -33.249999999999993 -42.749999999999993
decision_type=2 2 2 2 2 2 2 2 2 2 2 2 2 2 2 2 2 2 2 2 2 2 2 2 2 2 2 2 2 2
left_child=7 2 6 5 -5 -4 -2 8 9 -1 -10 15 13 14 -13 -12 17 18 27 -20 21 23 -23 24 -21 -25 -27 -9 -29 -30
right_child=1 -3 3 4 -6 -7 -8 16 10 -11 11 12 -14 -15 -16 -17 -18 -19 19 20 -22 22 -24 25 -26 26 -28 28 29 -31
leaf_value=-0.0071666826963739209 -0.96826489892525558 -0.97846562920345193 -0.12017440255794272 0.31558885843288609 2.6172153964638714 1.3545022528618575 -0.021988406857345391 0.013570074410442754 -1.6929829531245764 1.9169484910964965 -1.0673671953605883 -0.1074889440285532 2.3267916834872699 -1.0294939593264931 1.4472823040825982 -0.23040357441839363 -0.010123342077901366 1.1190448648789351 -2.2536162282932888 2.0473809283355187 -1.8529381807893515 2.6254704897105694 -0.00091951578855514532 -1.3341450137250563 -1.2568645045870828 1.0376846753060818 -0.74188425106846767 -0.06918426207780741 4.3270596441768463 0.40247997934403634
leaf_weight=189128 39 54 185 82 32 32 51184 251571 27 25 66 76 23 38 28 541 96790 34 22 29 32 20 20 68 21 28 46 607 21 460
leaf_count=189128 39 54 185 82 32 32 51184 251571 27 25 66 76 23 38 28 541 96790 34 22 29 32 20 20 68 21 28 46 607 21 460
internal_value=-1.42796e-10 -0.0210299 -0.0200271 0.394988 0.961659 0.0972894 -0.0227089 0.00201088 -0.0079049 -0.00691238 -0.242872 -0.192156 0.283334 -0.0476481 0.311103 -0.321408 0.00739592 0.0140988 0.0139503 -0.416769 -0.263699 -0.0444933 1.31228 -0.327154 0.659598 -0.674601 -0.0685338 0.0144378 0.215087 0.573823
internal_weight=591329 51608 51554 331 114 217 51223 539721 189952 189153 799 772 165 142 104 607 349769 252979 252945 286 264 232 40 192 50 142 74 252659 1088 481
internal_count=591329 51608 51554 331 114 217 51223 539721 189952 189153 799 772 165 142 104 607 349769 252979 252945 286 264 232 40 192 50 142 74 252659 1088 481
is_linear=0
shrinkage=0.05


Tree=155
num_leaves=31
num_cat=0
split_feature=275 268 278 280 276 287 215 264 234 289 287 206 275 194 254 273 5 128 262 267 254 271 274 247 190 202 184 287 285 43
split_gain=10022.3 25086.1 22791.6 19463.4 27427.5 29829.5 54807.9 38226.1 28143.8 24209.6 58633.6 63312.7 44528.1 28805.1 27811.5 23163.4 20902.3 43149.1 20748.1 20288.9 38352.2 191757 156647 90424.3 39795.3 66442.3 75807.2 37002.4 66479.4 29100.3
threshold=-83.749999999999986 -326.99999999999994 123.17427825927736 118.75000000000001 4.2500000000000009 127.75000000000001 76.705513000488295 64.485523223876967 -111.74999999999999 -56.749999999999993 -32.749999999999993 -363.99999999999994 -90.749999999999986 156.85694122314456 -363.74999999999994 281.75000000000006 76.648941040039077 -21.249999999999996 113.75000000000001 -44.249999999999993 -212.74999999999997 47.88396072387696 -119.24999999999999 -51.749999999999993 -158.24999999999997 -210.762580871582 -224.74999999999997 -15.749999999999998 123.00687789916994 453.25000000000006
decision_type=2 2 2 2 2 2 2 2 2 2 2 2 2 2 2 2 2 2 2 2 2 2 2 2 2 2 2 2 2 2
left_child=3 2 -2 4 5 15 7 -7 -8 10 14 -12 16 -11 -6 18 -13 -18 19 29 21 -21 -23 24 -24 26 -26 -27 -29 -1
right_child=1 -3 -4 -5 9 6 8 -9 -10 13 11 12 -14 -15 -16 -17 17 -19 -20 20 -22 22 23 -25 25 27 -28 28 -30 -31
leaf_value=0.0048216869798049867 -0.17564143155302323 -0.0018800555478733869 -2.3262054866010491 -0.58964438222921822 1.6142081419626875 -1.0024214181900024 -1.0458303980032604 1.8220464157021565 -3.4672554285824297 0.15738543163745822 3.2857598989240588 -0.081046712665985787 2.7665175839016838 -1.0873844877816736 -0.19007336520349857 1.7186072635650635 2.9971043729782103 -0.14746820280949277 -0.27651866815059178 5.2084664703160533 0.045590642811827488 4.6458058428764346 -0.123825866704612 3.4226872486017998 0.498641892079566 -0.19828224440965336 3.9469186174018045 0.0047079848608484976 2.9097011958399128 -0.29146287261460307
leaf_weight=30360 28 541036 22 130 24 25 30 23 20 1464 31 78 24 48 194 20 20 24 596 20 15245 20 641 21 37 183 28 54 31 852
leaf_count=30360 28 541036 22 130 24 25 30 23 20 1464 31 78 24 48 194 20 20 24 596 20 15245 20 641 21 37 183 28 54 31 852
internal_value=-4.44859e-12 -0.00198355 -1.12189 0.0213616 0.0229467 0.0155895 -0.855852 0.350969 -2.0144 0.208925 0.557476 1.23354 0.797792 0.117869 0.00856313 0.0173647 0.410502 1.28188 0.0166571 0.0203363 0.0655867 0.360118 0.264584 0.176519 0.10653 0.549948 1.98405 0.202124 1.06418 -0.00326605
internal_weight=591329 541086 50 50243 50113 48206 98 48 50 1907 395 177 146 1512 218 48108 122 44 48088 47492 16280 1035 1015 995 974 333 65 268 85 31212
internal_count=591329 541086 50 50243 50113 48206 98 48 50 1907 395 177 146 1512 218 48108 122 44 48088 47492 16280 1035 1015 995 974 333 65 268 85 31212
is_linear=0
shrinkage=0.05


Tree=156
num_leaves=31
num_cat=0
split_feature=274 282 288 281 289 282 40 283 78 274 38 130 281 280 276 51 289 38 219 246 54 205 114 248 110 138 268 234 269 26
split_gain=9830.1 23085.9 20844.8 28575 45723.8 27239.9 25431.9 63040.8 47637.6 83572.8 21666.2 26570 21640.2 21086.4 31225.9 34344.7 32975.9 28106.4 32415.5 38880.7 21201.8 19300.6 20441.7 18659.1 24645.9 65985 27112.2 36112.5 18383.9 18254.3
threshold=16.250000000000004 0.75000000000000011 90.250000000000014 6.2500000000000009 -86.249999999999986 -268.24999999999994 135.47835540771487 -1.2499999999999998 199.25000000000003 136.25000000000003 809.25000000000011 661.11749267578136 93.250000000000014 2.7500000000000004 5.2500000000000009 -412.74999999999994 -114.74999999999999 -366.24999999999994 -296.24999999999994 -125.74999999999999 37.069711685180671 160.25000000000003 288.75000000000006 -47.749999999999993 67.701301574707045 69.686878204345717 -23.249999999999996 260.75000000000006 30.750000000000004 56.887084960937507
decision_type=2 2 2 2 2 2 2 2 2 2 2 2 2 2 2 2 2 2 2 2 2 2 2 2 2 2 2 2 2 2
left_child=-1 2 -2 4 -4 -5 10 -8 9 -9 11 13 -13 20 28 -16 -17 -18 -19 -20 -7 22 -22 -21 -25 -26 -27 -28 -15 -12
right_child=1 -3 3 5 -6 6 7 8 -10 -11 29 12 -14 14 15 16 17 18 19 23 21 -23 -24 24 25 26 27 -29 -30 -31
leaf_value=-0.0061792206791569763 0.01768280345054464 -0.0090384444733999092 -0.24490587663650515 1.9439909238900459 2.6729860749737973 -1.1455468094597261 -1.3336186563968659 0.94477042868023831 0.29522534854271831 4.8717492675781253 0.053649144461660671 0.027086623830180012 1.7600996169239977 2.5803009368124465 -0.49059140084798197 2.0023434484446492 2.0691693201847374 -1.2717360341871107 2.0392218906303934 -0.47860447151096247 -0.070005833023733491 -1.0446660164822923 1.4118231487274171 0.017372500493071198 3.4486807450652126 1.4293660630549616 -0.40365900176763536 1.6570606963502037 0.4621540904045105 -1.5744063528047669
leaf_weight=308184 153767 127591 25 21 29 54 30 42 68 20 33 31 43 21 176 27 20 37 29 95 337 47 25 326 20 48 100 27 20 36
leaf_count=308184 153767 127591 25 21 29 54 30 42 68 20 33 31 43 21 176 27 20 37 29 95 337 47 25 326 20 48 100 27 20 36
internal_value=7.60615e-11 0.00672566 0.0196559 0.18944 1.32211 0.154146 0.132191 0.732388 1.20916 2.21154 0.0703155 0.110612 1.03411 0.0621106 0.19743 0.136287 0.287632 0.221682 0.167503 0.250064 -0.214374 -0.091432 0.0323304 0.165834 0.283342 0.727989 0.417053 0.0344468 1.54706 -0.795771
internal_weight=591329 283145 155554 1787 54 1733 1712 160 130 62 1552 1483 74 1409 946 905 729 702 682 645 463 409 362 616 521 195 175 127 41 69
internal_count=591329 283145 155554 1787 54 1733 1712 160 130 62 1552 1483 74 1409 946 905 729 702 682 645 463 409 362 616 521 195 175 127 41 69
is_linear=0
shrinkage=0.05


Tree=157
num_leaves=31
num_cat=0
split_feature=110 4 166 5 292 215 131 274 288 4 292 5 201 19 254 91 236 5 264 292 159 170 68 245 275 229 113 103 288 173
split_gain=9833.99 19321.4 46130.2 15055.7 14825 20130.3 19953 18930.5 15914.8 71639.4 13645.7 21667.1 24558.5 36364.4 296895 33252.1 40941.7 32977.8 24835 22344.8 34424.9 30940.4 30347.8 35901.4 29875.5 26876.4 29913.8 43404.5 35141.6 26861.7
threshold=38.978326797485359 1079.497497558594 55.77215766906739 15.368528842926027 134.80252075195315 49.38208198547364 40.299613952636726 71.250000000000014 255.50000000000003 385.08248901367193 44.425207138061531 39.862129211425788 58.132537841796882 38.742132186889656 -168.74999999999997 741.25000000000011 134.3437423706055 66.218868255615249 66.255641937255874 63.313619613647468 90.700126647949233 532.75000000000011 110.06776809692384 401.75000000000006 -206.74999999999997 155.63330841064456 743.25000000000011 134.81531524658206 95.250000000000014 115.66502380371095
decision_type=2 2 2 2 2 2 2 2 2 2 2 2 2 2 2 2 2 2 2 2 2 2 2 2 2 2 2 2 2 2
left_child=1 3 -3 -1 8 -6 7 -7 -5 -10 -2 -12 13 14 -13 16 -15 -14 -17 -19 29 -22 23 -23 -24 26 -26 28 -28 -21
right_child=10 2 -4 4 5 6 -8 -9 9 -11 11 12 17 15 -16 18 -18 19 -20 20 21 22 24 -25 25 -27 27 -29 -30 -31
leaf_value=-0.025611834899369502 -0.022254015782975194 2.3598541321499007 -0.56492901215186486 0.0095826498913129405 -1.4435164682748842 -1.5533820469464574 0.99717808067798619 0.30216264636428269 3.1103656859624955 -0.78344789257755987 -0.039237000660381813 6.1871909385377712 -0.037263333546761944 0.035680140839507164 0.09523907533804464 -2.2392556180556613 2.1931210935115817 -0.028500663853814362 -0.43717819832740945 0.085933197853498719 -0.017033571654930503 -0.56439205337378939 2.4282687867681187 1.2026849207125212 0.10921635457447597 0.08895337094170179 2.3041396444494073 3.5714068143264108 -0.52193956808610398 1.2026810938009511
leaf_weight=34172 95265 28 26 286529 41 28 28 27 21 27 27789 22 44702 49016 220 24 22 15971 94 19032 17773 118 24 38 42 129 22 23 22 54
leaf_count=34172 95265 28 26 286529 41 28 28 27 21 27 27789 22 44702 49016 220 24 22 15971 94 19032 17773 118 24 38 42 129 22 23 22 54
internal_value=-9.49106e-12 0.00591864 0.951625 0.00575949 0.00949865 -0.537093 -0.0893412 -0.642478 0.00973516 0.920096 -0.00702455 0.00125945 0.00889685 0.0376408 0.649053 0.0346308 0.036648 -0.00559925 -0.803702 0.0209829 0.0421837 -0.00703329 0.41817 -0.13395 0.746913 0.577365 1.15539 1.81121 0.8911 0.0890928
internal_weight=591329 320927 54 320873 286701 124 83 55 286577 48 270402 175137 147348 49398 242 49156 49038 97950 118 53248 37277 18191 418 156 262 238 109 67 44 19086
internal_count=591329 320927 54 320873 286701 124 83 55 286577 48 270402 175137 147348 49398 242 49156 49038 97950 118 53248 37277 18191 418 156 262 238 109 67 44 19086
is_linear=0
shrinkage=0.05


Tree=158
num_leaves=31
num_cat=0
split_feature=173 261 268 281 106 220 287 239 217 275 282 267 255 239 276 185 287 232 273 289 241 239 218 150 288 288 26 190 258 232
split_gain=9777.14 27156.5 98663.3 29217.7 42643.4 57125 66759.8 25260.8 18825 17987.9 18322.2 18642.3 17407.9 20511.4 36148.8 17226.2 17117 28249.3 43585.4 71419.4 36557.9 25388.4 21110.7 20171.2 76832.7 44081.4 48187.2 41014.7 46920.1 44705
threshold=123.19132614135744 216.25000000000003 67.750000000000014 182.25000000000003 -93.749999999999986 488.75000000000006 179.75000000000003 473.75000000000006 507.25000000000006 -154.74999999999997 -36.249999999999993 156.75000000000003 351.75000000000006 473.75000000000006 98.750000000000014 228.75000000000003 89.250000000000014 -175.24999999999997 51.750000000000007 -34.749999999999993 91.250000000000014 -43.749999999999993 -104.74999999999999 -590.74999999999989 1.2500000000000002 99.750000000000014 63.971700668334968 -460.74999999999994 -282.71122741699213 -54.749999999999993
decision_type=2 2 2 2 2 2 2 2 2 2 2 2 2 2 2 2 2 2 2 2 2 2 2 2 2 2 2 2 2 2
left_child=-1 8 -3 7 -5 -6 -7 15 12 -10 11 -11 13 16 -15 -4 23 -18 19 -19 21 -21 -20 24 -2 26 -26 -28 29 -29
right_child=1 2 3 4 5 6 -8 -9 9 10 -12 -13 -14 14 -16 -17 17 18 22 20 -22 -23 -24 -25 25 -27 27 28 -30 -31
leaf_value=0.00071248884750457168 3.1892001833234516 3.8113860341906545 0.98260073150907246 2.7572648811340335 -0.63785677212919745 3.0915238038698831 -0.33554115825229225 -1.7361909784119705 -1.7632977555538045 -0.64921240925788881 -0.88029328142151686 1.4599908546967941 -1.5385877907276155 1.8089379568357726 -0.82944739282131197 -0.59037819459588958 -0.8306084057380414 3.8744611263275148 1.3274586944744504 1.42887891966563 2.4265655658461833 -0.45651905045174718 -0.08527217546229561 -0.11687850762255231 1.4145411291454413 -0.99754039394228089 -0.67235872947743969 0.61488478055367102 -0.77737287604590755 3.2224782708016306
leaf_weight=584155 21 20 28 20 74 30 27 29 29 20 66 22 20 37 20 46 58 20 29 26 22 57 300 5751 79 76 119 65 41 22
leaf_count=584155 21 20 28 20 74 30 27 29 29 20 66 22 20 37 20 46 58 20 29 26 22 57 300 5751 79 76 119 65 41 22
internal_value=3.80003e-11 -0.0580156 0.430159 0.163921 0.606821 0.278509 1.46818 -0.48538 -0.0774011 -0.65766 -0.360776 0.455608 -0.0656466 -0.0612778 0.883189 0.00480302 -0.0693297 0.208481 0.341228 1.13602 0.614416 0.134088 0.0392543 -0.0923681 0.24087 0.0868526 0.339656 -0.00413338 0.617107 1.27428
internal_weight=591329 7174 274 254 151 131 57 103 6900 137 108 42 6763 6743 57 74 6686 512 454 125 105 83 329 6174 423 402 326 247 128 87
internal_count=591329 7174 274 254 151 131 57 103 6900 137 108 42 6763 6743 57 74 6686 512 454 125 105 83 329 6174 423 402 326 247 128 87
is_linear=0
shrinkage=0.05


Tree=159
num_leaves=31
num_cat=0
split_feature=156 237 261 178 175 157 252 232 120 100 86 99 184 4 111 267 141 282 215 101 112 248 164 257 222 292 278 130 43 43
split_gain=9925.91 74654 34976.1 24891 55317.8 21960.4 21474.2 20936.9 19880 41788 32388.2 20823.2 16913.3 20050.2 30447 18231.8 16301.1 31885.8 25655.5 18239.9 15302.6 23534.2 18785 30175.8 236479 28566.6 137130 25059.7 49108.2 38513.3
threshold=-438.24999999999994 -483.17143249511713 216.25000000000003 -54.749999999999993 -96.749999999999986 -396.24999999999994 266.25000000000006 364.25000000000006 199.75000000000003 32.750000000000007 10.750000000000002 41.250000000000007 -567.24999999999989 408.03250122070318 -171.03157043457028 -8.2499999999999982 -264.74999999999994 -72.749999999999986 85.297969818115249 -108.74999999999999 -535.74999999999989 224.25000000000003 -312.74999999999994 35.592954635620124 33.964029312133796 97.965423583984389 88.427024841308608 298.34750366210943 -217.74999999999997 -99.749999999999986
decision_type=2 2 2 2 2 2 2 2 2 2 2 2 2 2 2 2 2 2 2 2 2 2 2 2 2 2 2 2 2 2
left_child=2 -2 3 6 5 -5 7 8 9 10 11 16 13 14 15 -3 19 -18 -19 -1 21 -14 23 24 -22 -25 -27 28 -28 -30
right_child=1 12 -4 4 -6 -7 -8 -9 -10 -11 -12 -13 20 -15 -16 -17 17 18 -20 -21 22 -23 -24 25 -26 26 27 -29 29 -31
leaf_value=-0.069098193833187146 2.5375185169022658 -1.1944121550111209 1.6450465937455494 2.492944173773544 -0.37192828233134662 0.60657140921663366 -1.3321265452048359 1.2455537439882756 -1.384566406545968 1.8904878793491258 -1.6929189960322075 1.4989458560943605 -0.23446537813518994 0.77625169992446907 -2.6314767292567662 0.54590336680412299 -1.1160995071634241 1.6831428374722599 -0.25229638288376716 1.0594636242629754 -0.029192616542180378 1.1869961817686756 0.00020998910868197043 0.020894125697437163 5.8540780788660056 3.7813447424343658 0.023099654547220311 -0.62951313578165502 1.6008290866825068 0.34657519741596043
leaf_weight=6521 29 34 30 36 68 27 34 30 29 27 31 21 991 20 21 27 109 20 119 36 117 30 578080 3973 20 28 493 78 107 143
leaf_count=6521 29 34 30 36 68 27 34 30 29 27 31 21 991 20 21 27 109 20 119 36 117 30 578080 3973 20 28 493 78 107 143
internal_value=-3.32212e-11 0.000716063 -0.0586043 -0.0657948 0.61704 1.6845 -0.0786157 -0.0724772 -0.078197 -0.0726937 -0.0804239 -0.0731008 0.000590127 -0.643202 -0.98941 -0.424109 -0.0779521 -0.475868 0.0261841 -0.062902 0.000702558 -0.192699 0.00104124 0.0979413 0.829679 0.0771516 0.340415 0.223063 0.312567 0.883396
internal_weight=591329 584191 7138 7108 131 63 6977 6943 6913 6884 6857 6826 584162 102 82 61 6805 248 139 6557 584060 1021 583039 4959 137 4822 849 821 743 250
internal_count=591329 584191 7138 7108 131 63 6977 6943 6913 6884 6857 6826 584162 102 82 61 6805 248 139 6557 584060 1021 583039 4959 137 4822 849 821 743 250
is_linear=0
shrinkage=0.05


Tree=160
num_leaves=31
num_cat=0
split_feature=166 292 5 292 281 289 283 177 4 292 274 241 50 246 272 12 276 254 279 201 234 96 250 282 232 178 127 280 291 75
split_gain=9465.04 23180.8 18932.5 13820.4 13765.5 20500.8 33116.4 50949.9 63529.3 30731.8 24981.4 31211.2 106084 24899.7 23646.4 27764.7 24584.8 23349 23203.4 38320 103110 227319 53587.9 44811 43480 38057.6 49232.1 34717.3 30104.1 28951.1
threshold=22.135579109191898 18.176802635192875 22.802407264709476 54.222269058227546 39.750000000000007 -68.749999999999986 -29.249999999999996 -584.74999999999989 -755.92251586914051 37.067441940307624 -119.24999999999999 -236.74999999999997 -169.74999999999997 448.00000000000006 -371.98680114746088 124.17250442504884 -214.74999999999997 -186.24999999999997 -234.96636962890622 134.35107421875003 -379.24999999999994 83.811798095703139 123.24246978759767 -129.74999999999997 42.250000000000007 -531.49999999999989 -588.24999999999989 -73.749999999999986 -18.007499694824215 95.50299453735353
decision_type=2 2 2 2 2 2 2 2 2 2 2 2 2 2 2 2 2 2 2 2 2 2 2 2 2 2 2 2 2 2
left_child=1 -1 3 -2 5 6 18 8 -8 -9 -11 12 -12 17 15 16 -7 -13 19 22 21 -21 29 -24 27 26 -23 -22 -20 -4
right_child=2 -3 4 -5 -6 14 7 9 -10 10 11 13 -14 -15 -16 -17 -18 -19 28 20 24 25 23 -25 -26 -27 -28 -29 -30 -31
leaf_value=-0.01117816206151976 -0.024417712548718128 0.034049624823978074 -0.15506759690562857 -0.12049103005608347 0.015314238119732419 -1.9975409189860027 3.3714127951654898 1.7503582089208067 -0.14739829975625743 -0.80589926843455106 -0.1764189488861872 -0.60140323465385914 3.8700349617004393 1.8347884535789492 -0.0079464201741547679 1.2820929857817562 -0.41720810316556656 0.20571699560429352 0.1119684626850944 5.3382812559604647 -1.0689777682053634 -0.011372517011104486 -1.2111791984646252 0.65033580916814326 1.5464044322188084 -1.1414901073773702 2.9914374351501465 0.81463480226455198 -0.025480929807064803 0.36613302567217615
leaf_weight=53093 45609 60744 2208 4078 112559 27 29 32 23 61 46 98 25 22 294410 22 278 1046 8851 30 116 39 189 39 26 30 21 31 7244 303
leaf_count=53093 45609 60744 2208 4078 112559 27 29 32 23 61 46 98 25 22 294410 22 278 1046 8851 30 116 39 189 39 26 30 21 31 7244 303
internal_value=2.2421e-11 0.0129556 -0.0030887 -0.0323028 0.000304348 -0.00505495 0.0432816 0.27965 1.81502 0.21962 0.181883 0.230593 1.24839 0.168617 -0.00841841 -0.433368 -0.557106 0.136576 0.0262031 -0.10068 0.442796 1.569 -0.158817 -0.892762 -0.338389 0.312577 1.03961 -0.671753 0.0501056 -0.0921748
internal_weight=591329 113837 477492 49687 427805 315246 20509 1382 52 1330 1298 1237 71 1166 294737 327 305 1144 19127 3032 293 120 2739 228 173 90 60 147 16095 2511
internal_count=591329 113837 477492 49687 427805 315246 20509 1382 52 1330 1298 1237 71 1166 294737 327 305 1144 19127 3032 293 120 2739 228 173 90 60 147 16095 2511
is_linear=0
shrinkage=0.05


Tree=161
num_leaves=31
num_cat=0
split_feature=166 19 278 215 169 218 131 183 97 205 283 5 267 267 239 89 117 15 246 240 281 275 131 169 289 289 233 267 75 113
split_gain=9479.81 29440.5 30411.3 22314.6 27218.3 88167.2 31328.6 31858.8 23298.9 40697.9 23035.9 22229.4 32502.2 22845.8 33338.3 20091 22558.7 101132 259731 40754.3 42911.9 31698.6 36998.8 33866.2 29486.1 24569.5 23971.3 27948.3 35626.8 53957.6
threshold=77.655380249023452 65.067478179931655 68.842815399169936 134.27185821533206 20.250000000000004 322.25000000000006 60.44282531738282 175.25000000000003 707.45455932617199 373.25000000000006 146.75000000000003 51.196146011352546 152.75000000000003 -70.249999999999986 -202.24999999999997 58.170715332031257 82.433078765869155 -770.24999999999989 -282.24999999999994 -416.74999999999994 137.75000000000003 47.250000000000007 82.423049926757827 50.250000000000007 -23.249999999999996 -16.249999999999996 -440.74999999999994 -197.74999999999997 123.91565322875978 -615.74999999999989
decision_type=2 2 2 2 2 2 2 2 2 2 2 2 2 2 2 2 2 2 2 2 2 2 2 2 2 2 2 2 2 2
left_child=-1 3 -3 10 5 6 -5 11 -6 -10 -2 12 -8 14 -13 -4 17 18 -17 -19 -21 22 23 24 -22 -25 27 28 -18 -30
right_child=1 2 15 4 8 -7 7 -9 9 -11 -12 13 -14 -15 -16 16 26 19 -20 20 21 -23 -24 25 -26 -27 -28 -29 29 -31
leaf_value=0.0018522926161880704 -0.060531499553449809 -0.091666104184401298 -0.95507857954272868 -1.3376088629961016 -0.72497229032584887 3.1568682891981945 -0.017254778022027534 1.9374096238613128 -0.32536135559401863 1.9648688505996359 -0.90148357719909855 -0.72531166715281348 1.8511109111830593 -0.86962293586730954 1.9101157211122057 5.6839107600779375 -0.37816642823620383 -1.1408282816410065 0.25726347222276358 0.062026299942952695 1.2611725842952728 0.30935512065226511 3.265917397141457 0.63095103612599468 -1.3638561455775864 2.7654687038489754 0.017041198441534195 -0.5266741545459438 2.6445047766931595 -0.05436456929082456
leaf_weight=544699 11787 6784 52 50 427 21 138 20 164 22 82 28 28 125 21 29 107 66 92 3832 20 248 20 26 23 28 21892 421 31 46
leaf_count=544699 11787 6784 52 50 427 21 138 20 164 22 82 28 28 125 21 29 107 66 92 3832 20 248 20 26 23 28 21892 421 31 46
internal_value=-4.545e-11 -0.0216372 0.00294946 -0.0858351 -0.307455 -0.00298662 -0.164833 -0.00194729 -0.521526 -0.0544739 -0.0663414 -0.116027 0.297891 -0.510915 0.404157 0.0267816 0.028681 0.132441 1.55786 0.0919824 0.111369 0.6294 1.30779 0.904048 -0.142913 1.73774 0.00846118 -0.302008 0.212038 1.03219
internal_weight=591329 46630 33717 12913 1044 431 410 360 613 186 11869 340 166 174 49 26933 26881 4384 121 4263 4197 365 117 97 43 54 22497 605 184 77
internal_count=591329 46630 33717 12913 1044 431 410 360 613 186 11869 340 166 174 49 26933 26881 4384 121 4263 4197 365 117 97 43 54 22497 605 184 77
is_linear=0
shrinkage=0.05


Tree=162
num_leaves=31
num_cat=0
split_feature=234 261 288 113 285 138 247 255 240 5 143 126 275 198 120 176 218 4 289 247 185 131 17 273 187 289 281 260 169 275
split_gain=9509.18 36979.9 32716.5 46292.1 48323 59813.2 30344.4 32533.4 25248.7 23538.4 20733.6 17973.6 41371.1 29786.5 20522.2 40314.1 19648.6 43471.7 22733.3 23230.3 19222.5 30080.7 17646.5 30983.7 53422.6 34786 31388.2 24951.2 22378.2 48716.7
threshold=-34.749999999999993 216.25000000000003 226.25000000000003 -198.24999999999997 105.20078277587892 63.04931831359864 -312.24999999999994 -204.24999999999997 -207.74999999999997 78.878890991210952 -83.249999999999986 228.75000000000003 103.25000000000001 -369.24999999999994 351.25000000000006 26.250000000000004 -246.74999999999997 602.22000122070324 -126.74999999999999 -312.24999999999994 -200.74999999999997 105.509090423584 -132.74999999999997 -106.74999999999999 33.405595779418952 -198.74999999999997 -68.249999999999986 -116.74999999999999 163.25000000000003 -173.74999999999997
decision_type=2 2 2 2 2 2 2 2 2 2 2 2 2 2 2 2 2 2 2 2 2 2 2 2 2 2 2 2 2 2
left_child=1 2 11 4 -4 -6 7 -2 -8 -7 -5 14 13 -13 -1 -16 17 -15 19 -18 21 -20 23 24 -10 -25 -26 -27 -28 -30
right_child=6 -3 3 10 5 9 8 -9 22 -11 -12 12 -14 16 15 -17 18 -19 20 -21 -22 -23 -24 25 26 27 28 -29 29 -31
leaf_value=0.013007499608351956 2.4023470981253521 2.1602993804216388 2.098367545604706 -2.9827468240261079 -2.8473046031865206 1.6111550498008729 -0.76842064501510732 0.14450913667678833 -2.8481506285213292 -0.63471561010394784 -0.96607118347803 -1.2572655596903393 1.8514303997710901 -0.55377765352075758 2.343631305864879 -0.0095911309696160834 -2.0244642422117036 2.6670799119700681 0.068667841454346984 -0.38560771372388392 -0.10163537018503735 2.3766501158475877 -0.00026411700812077176 1.9601062319495464 -1.034958946884706 1.2196826410107315 -0.24224432139935137 -0.029628376671710917 2.5273916453123095 -0.3650684521004961
leaf_weight=155517 27 20 20 25 22 20 108 39 21 28 26 56 27 22 28 52 29 20 48 85 3361 20 384074 22 116 40 493 46902 24 37
leaf_count=155517 27 20 20 25 22 20 108 39 21 28 26 56 27 22 28 52 29 20 48 85 3361 20 384074 22 116 40 493 46902 24 37
internal_value=-1.32315e-11 0.0104362 0.0101664 -0.751126 -0.0691365 -0.688423 -0.00385224 1.06817 -0.00401608 0.301064 -1.95464 0.0108404 -0.0985587 -0.113019 0.0134193 0.814037 -0.0951451 0.979964 -0.10789 -0.80251 -0.0847966 0.747486 -0.00382486 -0.0325226 -0.364896 -0.0276322 -0.287062 -0.0285638 -0.130463 0.772949
internal_weight=591329 159426 159406 141 90 70 431903 66 431837 48 51 159265 3668 3641 155597 80 3585 42 3543 114 3429 68 431729 47655 691 46964 670 46942 554 61
internal_count=591329 159426 159406 141 90 70 431903 66 431837 48 51 159265 3668 3641 155597 80 3585 42 3543 114 3429 68 431729 47655 691 46964 670 46942 554 61
is_linear=0
shrinkage=0.05


Tree=163
num_leaves=31
num_cat=0
split_feature=288 289 159 18 206 155 135 189 194 201 223 271 16 272 164 241 178 238 52 184 11 25 110 261 240 213 219 97 4 52
split_gain=9262.98 28351.3 87422.9 63280.7 34028.7 45902.1 46755.8 44700.9 33630.9 28064.8 27624.2 17109 16318.2 30583.6 54209.4 29078 32165 27996.4 33194.5 32777.1 34263.4 48183 25826.2 23861.5 51837.3 46220.2 34321.3 21640.6 43108.4 52254.6
threshold=4.2500000000000009 -171.74999999999997 156.79394531250003 -843.90499877929676 -64.749999999999986 -200.24999999999997 -166.24999999999997 -311.74999999999994 62.984712600708015 156.20999145507815 113.94734573364259 156.22117614746097 -184.74999999999997 -371.98680114746088 -563.74999999999989 -354.24999999999994 -417.74999999999994 -293.74999999999994 -245.74999999999997 176.75000000000003 -46.072500228881829 -72.10250091552733 37.900159835815437 216.25000000000003 -5.7499999999999991 7.7500000000000009 69.750000000000014 39.429956436157234 355.28750610351568 108.25000000000001
decision_type=2 2 2 2 2 2 2 2 2 2 2 2 2 2 2 2 2 2 2 2 2 2 2 2 2 2 2 2 2 2
left_child=1 2 3 -1 5 7 -7 8 -5 11 -6 -3 23 14 -14 16 -15 18 -17 20 21 -20 -18 -2 -25 -26 -27 -22 29 -29
right_child=12 9 -4 4 10 6 -8 -9 -10 -11 -12 -13 13 15 -16 17 22 -19 19 -21 27 -23 -24 24 25 26 -28 28 -30 -31
leaf_value=-1.8244778260588648 -0.020080365835788164 -0.012614211370616283 3.6860596537590027 0.11063721507336155 -1.9112448930740271 3.4997806281879029 0.4430120235139674 -1.0102746016100832 2.4900831640732513 -0.71076262745902774 0.35923746516172955 1.2234802932079349 -0.2434899252194625 1.0115083818082455 3.1720537988912323 2.2412384271621706 0.8009111543496451 0.0069120543529230475 0.44213650217642653 2.2746752169728279 -0.66516475992213353 2.9952254894233885 -1.068995578791581 2.9183651924133303 -1.9693587279319766 2.360105098589607 0.174481238424778 3.4474362844228743 -0.30183947806088435 -0.013058427472909293
leaf_weight=32 71135 125018 20 33 21 29 22 38 27 144 37 28 26 27 21 23 21 393867 154 20 116 21 153 21 20 23 82 20 106 24
leaf_count=32 71135 125018 20 33 21 29 22 38 27 144 37 28 26 27 21 23 21 393867 154 20 116 21 153 21 20 23 82 20 106 24
internal_value=2.89872e-12 -0.0120596 0.510526 0.244791 0.564678 0.964649 2.18117 0.33156 1.18139 -0.0131408 -0.462834 -0.0123374 0.00324734 0.00722454 1.2826 0.00707262 -0.594162 0.00737907 0.387421 0.294932 0.205147 0.748507 -0.843317 -0.0187698 0.619783 0.233622 0.653237 -0.152326 0.244269 1.55989
internal_weight=591329 125449 259 239 207 149 51 98 60 125190 58 125046 465880 394599 47 394552 201 394351 484 461 441 175 174 71281 146 125 105 266 150 44
internal_count=591329 125449 259 239 207 149 51 98 60 125190 58 125046 465880 394599 47 394552 201 394351 484 461 441 175 174 71281 146 125 105 266 150 44
is_linear=0
shrinkage=0.05


Tree=164
num_leaves=31
num_cat=0
split_feature=289 222 279 292 169 213 227 110 268 267 286 58 281 240 259 260 29 30 227 288 183 275 227 114 283 29 200 11 291 52
split_gain=9383.64 22321.7 18658.8 21454.4 16776.3 23257.9 29287.5 39260.8 35911.4 22806.4 17767.4 16456.6 15976 18702.2 23314.5 60609.9 23042.5 42993.5 42906.2 24146.3 26843.8 23261.1 22808.6 48249.9 39202.6 29983.7 58388.2 24762.2 57986.3 45245.5
threshold=-8.7499999999999982 83.843662261962905 170.44067382812503 90.385635375976577 -164.24999999999997 -123.24999999999999 -141.24999999999997 50.930507659912116 -128.74999999999997 188.75000000000003 -113.16854095458983 -645.24999999999989 -6.7499999999999991 -93.749999999999986 283.25000000000006 396.75000000000006 -752.74999999999989 -843.74999999999989 -202.24999999999997 199.25000000000003 -13.249999999999998 -77.749999999999986 -402.24999999999994 167.25000000000003 146.75000000000003 -163.74999999999997 -140.19250488281247 -561.67001342773426 -518.76501464843739 -610.74999999999989
decision_type=2 2 2 2 2 2 2 2 2 2 2 2 2 2 2 2 2 2 2 2 2 2 2 2 2 2 2 2 2 2
left_child=12 2 -2 -4 -3 6 -6 -8 -9 -10 11 -7 -1 14 15 16 19 18 -18 20 -14 -22 23 25 -24 26 27 -19 29 -29
right_child=1 4 3 -5 5 10 7 8 9 -11 -12 -13 13 -15 -16 -17 17 22 -20 -21 21 -23 24 -25 -26 -27 -28 28 -30 -31
leaf_value=-0.012464483942008761 -0.0073041943471608452 -0.30412879365057049 0.1588709839149049 -0.40993380831123077 -0.182376164630765 0.0057280011475086216 2.6804471146492732 2.1525303246798337 0.051599946597692986 1.7137131706528042 -0.11599453196453423 1.6992573481339677 -0.34701112423344932 0.0056539579734415603 -1.163723042011261 2.7958156859874728 0.15330602273796545 -0.071054925976244562 2.8143919220992499 1.1858356050650281 1.9547813809436301 0.075680360300787564 0.043101478332364267 2.6722486354055861 -1.0134555850527249 -0.57989675774402227 2.9545420567194625 0.93547230963077821 0.28739578365155405 3.8558178067207338
leaf_weight=98485 209442 894 2615 177 210 32 21 27 201 23 4383 26 781 235191 40 20 33 292 28 30 23 58 37675 21 88 97 21 36 338 21
leaf_count=98485 209442 894 2615 177 210 32 21 27 201 23 4383 26 781 235191 40 20 33 292 28 30 23 58 37675 21 88 97 21 36 338 21
internal_value=4.6605e-11 -0.00824097 -0.00559249 0.122811 -0.104871 -0.0686866 0.261194 0.603657 0.429902 0.222263 -0.10449 0.764896 0.00481398 0.0110065 0.0427947 0.0440146 0.0426227 0.0484212 1.37479 -0.208622 -0.257153 0.609252 0.0463245 0.306239 0.0406394 0.244517 0.357467 0.27808 0.536175 2.01139
internal_weight=591329 218051 212234 2792 5817 4923 482 272 251 224 4441 58 373278 274793 39602 39562 39542 38650 61 892 862 81 38589 826 37763 805 708 687 395 57
internal_count=591329 218051 212234 2792 5817 4923 482 272 251 224 4441 58 373278 274793 39602 39562 39542 38650 61 892 862 81 38589 826 37763 805 708 687 395 57
is_linear=0
shrinkage=0.05


Tree=165
num_leaves=31
num_cat=0
split_feature=275 267 43 216 237 233 274 258 4 241 281 260 219 282 273 257 243 231 93 227 213 268 280 215 186 130 198 227 2 260
split_gain=9146.99 21490.7 24107.9 36025.3 27604.8 23859.5 33167.3 91309.7 50765.1 87067.5 29114.1 28039.5 23603.1 23121 22984 28637.8 21796.1 35904.8 46247 34699.1 30895.6 29993.8 31246.8 29887.2 38366.1 95662.9 32361.2 26751.7 24521 23030.8
threshold=-31.249999999999996 -8.7499999999999982 94.250000000000014 -293.41450500488276 -228.43650817871091 41.750000000000007 -68.249999999999986 94.608425140380874 -394.41749572753901 -61.249999999999993 -106.74999999999999 -62.249999999999993 -479.24999999999994 67.250000000000014 -135.74999999999997 98.067161560058608 155.86653900146487 -125.74999999999999 -736.99999999999989 33.250000000000007 -59.249999999999993 -110.74999999999999 31.250000000000004 101.50586318969728 -135.00749969482419 -284.91500854492182 82.250000000000014 5.7500000000000009 -880.24999999999989 -78.749999999999986
decision_type=2 2 2 2 2 2 2 2 2 2 2 2 2 2 2 2 2 2 2 2 2 2 2 2 2 2 2 2 2 2
left_child=1 2 13 -4 -5 6 7 8 9 -3 -8 -7 -6 -1 -10 -16 21 29 20 27 -19 22 23 28 25 -25 -26 -20 -12 -18
right_child=-2 5 3 4 12 11 10 -9 14 -11 16 -13 -14 -15 15 -17 17 18 19 -21 -22 -23 -24 24 26 -27 -28 -29 -30 -31
leaf_value=0.0068928946399340182 -0.0042987137034469379 0.18190403068065644 1.9295554430588433 -1.0488841602767722 1.378216912828643 1.3683642437060675 -1.3986420327425004 3.1467156848599838 -1.1102457643163448 3.845632534225782 -1.3621109922726951 -0.02873653601875379 -0.049082539669971198 1.224561322805209 -0.23258492925018071 1.5765272174562728 -2.2480548715591433 2.1702007200266862 -0.19442788871129354 -1.1045010797771408 0.030313405971373282 0.03988081262635286 -0.31806000898833631 0.70011848597787329 -0.26427252111481686 3.7957881715509205 1.6824088239007526 1.6667559660398046 0.25090743047008224 -0.6162046899832786
leaf_weight=95696 400129 50 23 69 29 36 35 31 49 24 24 14910 24212 39 100 28 25 37 75 81 31 53617 216 128 102 31 27 26 1289 160
leaf_count=95696 400129 50 23 69 29 36 35 31 49 24 24 14910 24212 39 100 28 25 37 75 81 31 53617 216 128 102 31 27 26 1289 160
internal_value=5.74462e-11 0.00899603 -0.00390638 -0.0483463 -0.0502177 0.0307748 0.0457102 0.586599 0.270409 1.37014 0.0429817 -0.0253714 -0.047375 0.00738894 -0.189366 0.163158 0.0438849 -0.308662 0.0821045 -0.333577 1.19466 0.0466514 0.24644 0.3226 0.783868 1.30368 0.143172 0.284689 0.221423 -0.836725
internal_weight=591329 191200 120068 24333 24310 71132 56186 282 251 74 55904 14946 24241 95735 177 128 55869 435 250 182 68 55434 1817 1601 288 159 129 101 1313 185
internal_count=591329 191200 120068 24333 24310 71132 56186 282 251 74 55904 14946 24241 95735 177 128 55869 435 250 182 68 55434 1817 1601 288 159 129 101 1313 185
is_linear=0
shrinkage=0.05


end of trees

feature_importances:
Column_288=483
Column_289=372
Column_292=287
Column_281=209
Column_282=173
Column_274=83
Column_267=78
Column_275=71
Column_283=61
Column_287=60
Column_5=56
Column_285=51
Column_268=50
Column_271=50
Column_260=48
Column_261=44
Column_159=42
Column_166=42
Column_173=41
Column_246=38
Column_276=38
Column_201=37
Column_194=36
Column_208=36
Column_254=36
Column_236=35
Column_75=34
Column_262=33
Column_229=32
Column_232=32
Column_239=31
Column_240=31
Column_247=31
Column_253=31
Column_4=30
Column_278=30
Column_152=29
Column_211=29
Column_215=29
Column_280=29
Column_117=28
Column_187=28
Column_227=28
Column_222=27
Column_250=27
Column_286=27
Column_234=25
Column_269=25
Column_273=25
Column_19=24
Column_257=24
Column_110=23
Column_180=23
Column_241=23
Column_103=22
Column_204=22
Column_219=22
Column_220=22
Column_233=22
Column_243=21
Column_264=21
Column_68=20
Column_124=20
Column_145=20
Column_248=20
Column_266=20
Column_131=19
Column_33=18
Column_255=18
Column_15=16
Column_206=16
Column_18=15
Column_26=15
Column_30=15
Column_57=15
Column_96=15
Column_183=15
Column_191=15
Column_205=15
Column_3=14
Column_22=14
Column_138=14
Column_218=14
Column_259=14
Column_6=13
Column_11=13
Column_82=13
Column_155=13
Column_176=13
Column_178=13
Column_184=13
Column_225=13
Column_231=13
Column_252=13
Column_279=13
Column_12=12
Column_16=12
Column_47=12
Column_81=12
Column_170=12
Column_171=12
Column_190=12
Column_197=12
Column_272=12
Column_8=11
Column_54=11
Column_100=11
Column_114=11
Column_198=11
Column_0=10
Column_29=10
Column_40=10
Column_61=10
Column_78=10
Column_107=10
Column_128=10
Column_164=10
Column_169=10
Column_213=10
Column_226=10
Column_43=9
Column_52=9
Column_120=9
Column_121=9
Column_162=9
Column_175=9
Column_189=9
Column_23=8
Column_38=8
Column_113=8
Column_129=8
Column_130=8
Column_148=8
Column_150=8
Column_177=8
Column_212=8
Column_237=8
Column_265=8
Column_24=7
Column_46=7
Column_50=7
Column_64=7
Column_89=7
Column_90=7
Column_94=7
Column_106=7
Column_122=7
Column_127=7
Column_134=7
Column_149=7
Column_182=7
Column_185=7
Column_199=7
Column_238=7
Column_258=7
Column_263=7
Column_2=6
Column_25=6
Column_31=6
Column_32=6
Column_37=6
Column_39=6
Column_41=6
Column_59=6
Column_70=6
Column_86=6
Column_87=6
Column_115=6
Column_126=6
Column_143=6
Column_202=6
Column_210=6
Column_235=6
Column_245=6
Column_251=6
Column_291=6
Column_9=5
Column_10=5
Column_17=5
Column_36=5
Column_44=5
Column_51=5
Column_72=5
Column_91=5
Column_93=5
Column_135=5
Column_136=5
Column_142=5
Column_157=5
Column_209=5
Column_256=5
Column_20=4
Column_45=4
Column_66=4
Column_71=4
Column_80=4
Column_83=4
Column_85=4
Column_92=4
Column_101=4
Column_139=4
Column_144=4
Column_151=4
Column_156=4
Column_168=4
Column_192=4
Column_224=4
Column_1=3
Column_7=3
Column_13=3
Column_27=3
Column_56=3
Column_58=3
Column_62=3
Column_65=3
Column_67=3
Column_69=3
Column_73=3
Column_74=3
Column_79=3
Column_102=3
Column_111=3
Column_112=3
Column_141=3
Column_147=3
Column_154=3
Column_158=3
Column_188=3
Column_203=3
Column_217=3
Column_228=3
Column_244=3
Column_270=3
Column_284=3
Column_28=2
Column_34=2
Column_53=2
Column_55=2
Column_60=2
Column_95=2
Column_97=2
Column_99=2
Column_105=2
Column_108=2
Column_118=2
Column_123=2
Column_132=2
Column_153=2
Column_161=2
Column_163=2
Column_172=2
Column_174=2
Column_179=2
Column_193=2
Column_196=2
Column_207=2
Column_216=2
Column_223=2
Column_230=2
Column_249=2
Column_277=2
Column_42=1
Column_48=1
Column_63=1
Column_76=1
Column_98=1
Column_109=1
Column_116=1
Column_119=1
Column_133=1
Column_137=1
Column_160=1
Column_165=1
Column_167=1
Column_181=1
Column_186=1
Column_200=1
Column_214=1
Column_221=1
Column_242=1

parameters:
[boosting: gbdt]
[objective: regression]
[metric: l2]
[tree_learner: serial]
[device_type: cpu]
[data_sample_strategy: bagging]
[data: ]
[valid: ]
[num_iterations: 1000]
[learning_rate: 0.05]
[num_leaves: 31]
[num_threads: 0]
[seed: 42]
[deterministic: 1]
[force_col_wise: 0]
[force_row_wise: 0]
[histogram_pool_size: -1]
[max_depth: -1]
[min_data_in_leaf: 20]
[min_sum_hessian_in_leaf: 0.001]
[bagging_fraction: 1]
[pos_bagging_fraction: 1]
[neg_bagging_fraction: 1]
[bagging_freq: 0]
[bagging_seed: 400]
[bagging_by_query: 0]
[feature_fraction: 1]
[feature_fraction_bynode: 1]
[feature_fraction_seed: 30056]
[extra_trees: 0]
[extra_seed: 12879]
[early_stopping_round: 0]
[early_stopping_min_delta: 0]
[first_metric_only: 0]
[max_delta_step: 0]
[lambda_l1: 0]
[lambda_l2: 0]
[linear_lambda: 0]
[min_gain_to_split: 0]
[drop_rate: 0.1]
[max_drop: 50]
[skip_drop: 0.5]
[xgboost_dart_mode: 0]
[uniform_drop: 0]
[drop_seed: 17869]
[top_rate: 0.2]
[other_rate: 0.1]
[min_data_per_group: 100]
[max_cat_threshold: 32]
[cat_l2: 10]
[cat_smooth: 10]
[max_cat_to_onehot: 4]
[top_k: 20]
[monotone_constraints: ]
[monotone_constraints_method: basic]
[monotone_penalty: 0]
[feature_contri: ]
[forcedsplits_filename: ]
[refit_decay_rate: 0.9]
[cegb_tradeoff: 1]
[cegb_penalty_split: 0]
[cegb_penalty_feature_lazy: ]
[cegb_penalty_feature_coupled: ]
[path_smooth: 0]
[interaction_constraints: ]
[verbosity: -1]
[saved_feature_importance_type: 0]
[use_quantized_grad: 0]
[num_grad_quant_bins: 4]
[quant_train_renew_leaf: 0]
[stochastic_rounding: 1]
[linear_tree: 0]
[max_bin: 255]
[max_bin_by_feature: ]
[min_data_in_bin: 3]
[bin_construct_sample_cnt: 200000]
[data_random_seed: 175]
[is_enable_sparse: 1]
[enable_bundle: 1]
[use_missing: 1]
[zero_as_missing: 0]
[feature_pre_filter: 1]
[pre_partition: 0]
[two_round: 0]
[header: 0]
[label_column: ]
[weight_column: ]
[group_column: ]
[ignore_column: ]
[categorical_feature: ]
[forcedbins_filename: ]
[precise_float_parser: 0]
[parser_config_file: ]
[objective_seed: 16083]
[num_class: 1]
[is_unbalance: 0]
[scale_pos_weight: 1]
[sigmoid: 1]
[boost_from_average: 1]
[reg_sqrt: 0]
[alpha: 0.9]
[fair_c: 1]
[poisson_max_delta_step: 0.7]
[tweedie_variance_power: 1.5]
[lambdarank_truncation_level: 30]
[lambdarank_norm: 1]
[label_gain: ]
[lambdarank_position_bias_regularization: 0]
[eval_at: ]
[multi_error_top_k: 1]
[auc_mu_weights: ]
[num_machines: 1]
[local_listen_port: 12400]
[time_out: 120]
[machine_list_filename: ]
[machines: ]
[gpu_platform_id: -1]
[gpu_device_id: -1]
[gpu_device_id_list: ]
[gpu_use_dp: 0]
[num_gpu: 1]

end of parameters

pandas_categorical:null
